key,tic,trial,t0,depth_ppm,duration_h,expected_snr,recovered,plausible,detected,det_snr,dbic_alt,dbic_box,best_alt,shape_strict_box,edge_lc,edge_pixels,centroid,neighbours,pixel_confirm,pixel_snr_ratio,pixel_depth_ratio,fpp_value,nfpp_value,shape,duration,edge,pixels,asteroid,catalogue,fpp
8884909_0,8884909,0,2626.76,1405.98,24,7.17288,0,True,,,,,,,,,,,,,,,,,,,,,,
8884909_1,8884909,1,2626.97,4249.77,4,9.36877,1,True,True,8.66715,31.7025,-3.94848,flare_decay,True,True,True,True,True,True,1.63217,1.09371,0.116754,0,True,True,True,True,True,True,True
8884909_2,8884909,2,2627.82,20144.2,4,44.4087,1,True,True,47.2015,468.124,29.6108,flare_decay,True,True,True,True,True,True,1.41722,0.934034,,,True,True,True,True,True,True,
8884909_3,8884909,3,2628.77,21809,8,56.083,1,True,True,55.4525,1455.92,51.3939,flare_decay,True,True,True,True,True,True,1.39132,0.959548,,,True,True,True,True,True,True,
8884909_4,8884909,4,2626.87,3495.03,2,6.09904,0,False,,,,,,,,,,,,,,,,,,,,,,
8884909_5,8884909,5,2633.99,20582,2,35.9169,1,False,True,36.7645,330.437,18.4659,flare_decay,True,True,True,True,True,True,1.02741,0.957579,,,True,False,True,True,,True,
8884909_6,8884909,6,2621.09,8680.18,8,22.3215,1,True,True,22.329,109.92,10.3759,flare_decay,True,True,True,True,True,True,1.23428,1.08446,,,True,True,True,True,True,True,
8884909_7,8884909,7,2634.14,2689.94,16,9.01943,0,True,,,,,,,,,,,,,,,,,,,,,,
8884909_8,8884909,8,2631.97,8796.85,1,11.5648,1,False,True,11.4164,3.62131,-7.82875,flare_decay,False,True,True,True,True,True,1.01891,0.918341,,,False,False,True,True,,True,
8884909_9,8884909,9,2626.82,3377.35,8,8.68504,0,True,,,,,,,,,,,,,,,,,,,,,,
8884909_10,8884909,10,2634.78,1174.14,16,3.9369,0,True,,,,,,,,,,,,,,,,,,,,,,
8884909_11,8884909,11,2618.54,8342.96,2,14.559,1,False,True,15.9068,40.2263,3.04652,flare_decay,True,True,True,True,True,True,0.963694,0.938038,,,True,False,True,True,,True,
8884909_12,8884909,12,2611.88,23618.5,2,41.2158,1,False,True,40.2015,260.805,19.9256,flare_decay,True,True,True,True,True,True,1.35329,0.972394,,,True,False,True,True,,True,
8884909_13,8884909,13,2612.7,8055.3,4,17.7582,1,True,True,19.9717,91.3647,4.75853,flare_decay,True,True,True,True,True,True,0.848605,0.943095,,,True,True,True,True,True,True,
8884909_14,8884909,14,2616.15,8883.54,4,19.5841,1,True,True,18.7202,92.5559,6.43119,flare_decay,True,True,True,True,True,True,1.02321,0.899346,,,True,True,True,True,True,True,
8884909_15,8884909,15,2626.43,9855.82,24,50.2814,1,True,True,24.4668,16.5126,42.5054,flare_decay,True,False,True,True,True,True,2.07251,0.931079,,,True,True,True,True,True,True,
8884909_16,8884909,16,2614.01,15998.4,1,21.0323,1,False,True,20.781,64.9309,9.11361,flare_decay,True,True,True,True,True,True,1.04186,0.945061,,,True,False,True,True,,True,
8884909_17,8884909,17,2621.08,16961,4,37.3913,1,True,True,37.3915,286.478,-0.883135,flare_decay,True,True,True,True,True,True,1.5198,0.9732,,,True,True,True,True,True,True,
8884909_18,8884909,18,2626.89,5175.96,8,13.3102,1,True,True,10.1939,44.9361,-6.78938,step,False,True,True,True,True,True,1.70517,1.05487,,,True,True,True,True,True,True,
8884909_19,8884909,19,2621.15,1243.73,24,6.34511,0,True,,,,,,,,,,,,,,,,,,,,,,
10074126_0,10074126,0,2631.47,2982.13,1,4.04683,0,False,,,,,,,,,,,,,,,,,,,,,,
10074126_1,10074126,1,2621.6,1507.54,24,15.62,0,True,,,,,,,,,,,,,,,,,,,,,,
10074126_2,10074126,2,2620.4,1863.95,8,8.44655,1,True,True,8.99237,-6.64308,-7.03104,step,False,True,True,True,True,True,0.706891,0.948445,,,False,True,True,True,,True,
10074126_3,10074126,3,2629.27,12036.1,2,24.1193,1,False,True,22.6098,123.018,15.2928,flare_decay,True,True,True,True,True,True,0.866963,0.967244,,,True,False,True,True,,True,
10074126_4,10074126,4,2627.81,4703.73,8,21.3151,1,True,True,19.8386,45.0395,-10.2102,flare_decay,False,True,True,True,True,True,0.785721,1.03912,,,True,True,True,True,True,True,
10074126_5,10074126,5,2617.55,24154.8,2,48.4042,1,False,True,47.3974,381.331,-31.3769,flare_decay,False,True,True,True,True,True,1.17513,0.923883,,,True,False,True,True,,True,
10074126_6,10074126,6,2635.08,1062.46,4,3.23381,0,True,,,,,,,,,,,,,,,,,,,,,,
10074126_7,10074126,7,2634.73,3595.55,24,37.2545,1,True,True,41.8169,53.734,-9.41725,flare_decay,False,True,True,True,True,True,0.497985,0.86931,,,True,True,True,True,True,True,
10074126_8,10074126,8,2610.77,32164.1,1,43.6476,1,False,True,43.7856,373.812,5.261,flare_decay,True,True,True,True,True,True,0.996342,0.912866,,,True,False,True,True,,True,
10074126_9,10074126,9,2630.9,5801.65,2,11.626,1,False,True,11.9211,14.158,-2.39073,flare_decay,True,True,True,True,True,True,0.836812,1.02911,,,True,False,True,True,,True,
10074126_10,10074126,10,2617.73,5004.8,8,22.6795,1,True,True,22.5198,76.4763,-4.03777,flare_decay,True,True,True,True,True,True,0.911045,0.987931,,,True,True,True,True,True,True,
10074126_11,10074126,11,2617.82,1060.7,24,10.9902,0,True,,,,,,,,,,,,,,,,,,,,,,
10074126_12,10074126,12,2617.67,3681.85,8,16.6844,1,True,True,15.7692,11.9061,-8.23813,flare_decay,False,True,True,True,True,True,1.07735,1.03048,0.436632,0,True,True,True,True,True,True,True
10074126_13,10074126,13,2628.15,3186.21,4,9.69788,1,True,True,8.89545,0.386786,-5.76834,flare_decay,False,True,True,True,True,True,0.787592,1.00205,,,False,True,True,True,,True,
10074126_14,10074126,14,2615.26,5173.1,8,23.4421,1,True,True,21.9578,64.731,1.30854,flare_decay,True,True,True,True,True,True,0.715732,0.76042,,,True,True,True,True,True,True,
10074126_15,10074126,15,2629.48,4422.48,2,8.86227,1,False,True,8.02542,-2.32312,-3.59066,flare_decay,False,True,True,True,True,True,0.603121,0.723377,,,False,True,True,True,,True,
10074126_16,10074126,16,2627.2,6145.72,16,40.4083,1,True,True,39.7494,147.094,5.02362,flare_decay,True,True,True,True,True,True,0.653833,0.944248,,,True,True,True,True,True,True,
10074126_17,10074126,17,2618.62,3855.64,4,11.7354,1,True,True,12.3646,6.34536,-12.1241,flare_decay,False,True,True,True,True,True,0.642003,0.896214,,,False,True,True,True,,True,
10074126_18,10074126,18,2630.8,24187.9,1,32.8237,1,False,True,31.1242,120.167,-17.9409,flare_decay,False,True,True,True,True,True,1.0963,0.883524,,,True,False,True,True,,True,
10074126_19,10074126,19,2614.48,1197.26,8,5.42545,0,True,,,,,,,,,,,,,,,,,,,,,,
16183813_0,16183813,0,2633.7,1717.11,4,10.057,1,False,True,10.6856,8.25885,-5.05963,flare_decay,False,True,True,True,True,True,0.540072,0.873257,,,False,False,True,True,,True,
16183813_1,16183813,1,2615.51,1467.01,8,11.6681,1,True,True,10.9842,3.9246,-9.15573,flare_decay,False,True,True,True,True,True,1.07056,0.954516,,,False,True,True,True,,True,
16183813_2,16183813,2,2635.29,1510.67,1,4.26749,0,False,,,,,,,,,,,,,,,,,,,,,,
16183813_3,16183813,3,2631.79,1153.21,24,18.8426,1,True,True,17.7176,41.1164,1.97522,flare_decay,True,True,True,True,True,True,1.04818,1.104,,,True,True,True,True,True,True,
16183813_4,16183813,4,2626.87,1247.13,4,7.30441,0,False,,,,,,,,,,,,,,,,,,,,,,
16183813_5,16183813,5,2634.7,3395.38,16,40.5931,1,True,True,40.5969,268.626,12.9899,flare_decay,True,True,True,True,True,True,0.880626,0.907006,,,True,True,True,True,True,True,
16183813_6,16183813,6,2631.85,4988.49,2,21.0971,1,False,True,23.0166,59.0024,-2.71742,flare_decay,True,True,True,True,True,True,0.740456,1.00693,,,True,False,True,True,,True,
16183813_7,16183813,7,2629.13,2214.89,16,26.4798,1,True,True,23.4002,52.7161,-9.90647,flare_decay,False,True,True,True,True,True,1.02323,1.09023,,,True,True,True,True,True,True,
16183813_8,16183813,8,2632.65,852.323,16,10.1898,0,True,,,,,,,,,,,,,,,,,,,,,,
16183813_9,16183813,9,2618.84,2304.94,16,27.5564,1,True,True,30.0429,135.656,3.15201,flare_decay,True,True,True,True,True,True,0.746281,0.89312,,,True,True,True,True,True,True,
16183813_10,16183813,10,2617.44,728.541,4,4.26703,0,False,,,,,,,,,,,,,,,,,,,,,,
16183813_11,16183813,11,2628.33,2667.69,2,11.2821,1,False,True,11.4506,23.7014,2.04091,flare_decay,True,True,True,True,True,True,0.802934,0.922898,,,True,False,True,True,,True,
16183813_12,16183813,12,2630.29,3159.99,24,51.6318,1,True,True,50.1274,405.082,36.3548,flare_decay,True,True,True,True,True,True,0.65798,0.813405,,,True,True,True,True,True,True,
16183813_13,16183813,13,2620.13,369.733,24,6.04116,0,True,,,,,,,,,,,,,,,,,,,,,,
16183813_14,16183813,14,2616.15,1519.75,4,8.90113,1,False,True,9.59934,12.3379,-0.948758,flare_decay,True,True,True,True,True,True,0.681534,0.860156,,,True,False,True,True,,True,
16183813_15,16183813,15,2633.97,4038.68,16,48.2839,1,True,True,42.6343,356.641,4.6651,flare_decay,True,True,True,True,True,True,0.984976,0.995736,,,True,True,True,True,True,True,
16183813_16,16183813,16,2633.25,866.422,4,5.0746,0,False,,,,,,,,,,,,,,,,,,,,,,
16183813_17,16183813,17,2616.54,655.897,4,3.84156,0,False,,,,,,,,,,,,,,,,,,,,,,
16183813_18,16183813,18,2613.89,1734.29,2,7.33458,0,False,,,,,,,,,,,,,,,,,,,,,,
16183813_19,16183813,19,2635.97,1103.43,8,8.77629,0,True,,,,,,,,,,,,,,,,,,,,,,
16779771_0,16779771,0,2621.18,1283.26,8,3.40168,0,True,,,,,,,,,,,,,,,,,,,,,,
16779771_1,16779771,1,2632.86,1886.71,4,3.68288,0,False,,,,,,,,,,,,,,,,,,,,,,
16779771_2,16779771,2,2610.71,22435.8,2,32.1518,1,False,True,33.6725,188.405,-32.4792,flare_decay,False,True,True,True,True,True,1.13126,0.90624,,,True,False,True,True,,True,
16779771_3,16779771,3,2612.53,1286.93,8,3.4114,0,True,,,,,,,,,,,,,,,,,,,,,,
16779771_4,16779771,4,2628.02,14981,8,39.7117,1,True,True,38.6331,654.324,23.5256,flare_decay,True,True,True,True,True,True,1.62609,0.953421,,,True,True,True,True,True,True,
16779771_5,16779771,5,2633.22,4909.36,24,30.3369,1,True,True,26.8346,115.295,11.0615,flare_decay,True,True,True,True,True,True,0.84866,0.865847,,,True,True,True,True,True,True,
16779771_6,16779771,6,2617.13,8200.97,1,8.8466,1,False,True,9.26485,16.7363,-1.62832,flare_decay,True,True,True,True,True,True,0.93902,1.0217,,,True,False,True,True,,True,
16779771_7,16779771,7,2616.02,1635.52,8,4.33544,0,True,,,,,,,,,,,,,,,,,,,,,,
16779771_8,16779771,8,2635.86,511.692,24,3.16195,0,True,,,,,,,,,,,,,,,,,,,,,,
16779771_9,16779771,9,2611.41,1596.93,4,3.11723,0,False,,,,,,,,,,,,,,,,,,,,,,
16779771_10,16779771,10,2620.97,7964.54,8,21.1124,1,True,True,22.3903,66.0273,7.96928,flare_decay,True,True,True,True,True,True,0.829606,0.802952,,,True,True,True,True,True,True,
16779771_11,16779771,11,2632.22,21570.7,8,57.1796,1,True,True,53.6726,633.795,27.5183,flare_decay,True,True,True,True,True,True,1.32309,0.945222,,,True,True,True,True,True,True,
16779771_12,16779771,12,2620.18,4652.82,8,12.3337,1,True,True,11.0601,24.4194,-12.996,flare_decay,False,True,True,True,True,True,0.978212,0.902756,,,True,True,True,True,True,True,
16779771_13,16779771,13,2616.87,3322.11,24,20.5286,1,True,True,17.6096,58.9906,-1.29489,flare_decay,True,True,True,True,True,True,0.960272,0.944584,,,True,True,True,True,True,True,
16779771_14,16779771,14,2615.7,1932.39,24,11.941,0,True,,,,,,,,,,,,,,,,,,,,,,
16779771_15,16779771,15,2616.61,9949.92,2,14.2588,1,False,True,13.5203,64.9742,6.35051,flare_decay,True,True,True,True,True,True,1.0586,0.884579,,,True,False,True,True,,True,
16779771_16,16779771,16,2610.9,1693.03,8,4.48788,1,True,True,10.6154,5.90514,-0.969964,step,False,True,True,True,True,True,0.92181,0.88468,,,False,True,True,True,,True,
16779771_17,16779771,17,2632.04,6134.18,8,16.2605,1,True,True,15.6914,50.9962,-3.38309,flare_decay,True,True,True,True,True,True,1.31688,0.944,,,True,True,True,True,True,True,
16779771_18,16779771,18,2629.57,2100.54,8,5.56811,0,True,,,,,,,,,,,,,,,,,,,,,,
16779771_19,16779771,19,2629.87,3117.51,2,4.46757,0,False,,,,,,,,,,,,,,,,,,,,,,
24004202_0,24004202,0,2619.22,3234.34,24,16.9521,1,True,True,13.4881,42.0198,-5.66933,flare_decay,True,True,True,True,True,True,0.864428,0.862007,,,True,True,True,True,True,True,
24004202_1,24004202,1,2616.54,4068.05,16,15.4427,1,True,True,14.1151,50.2863,-2.03123,flare_decay,True,True,True,True,True,True,1.02546,0.913456,,,True,True,True,True,True,True,
24004202_2,24004202,2,2633.65,3315.38,8,7.65348,0,True,,,,,,,,,,,,,,,,,,,,,,
24004202_3,24004202,3,2613.14,7729.5,24,40.5124,1,True,True,35.0594,270.402,19.6641,flare_decay,True,True,True,True,True,True,0.598883,0.76853,,,True,True,True,True,True,True,
24004202_4,24004202,4,2627.06,2216.58,4,3.8692,0,True,,,,,,,,,,,,,,,,,,,,,,
24004202_5,24004202,5,2631.77,3028.8,1,3.10295,0,False,,,,,,,,,,,,,,,,,,,,,,
24004202_6,24004202,6,2631.49,7800.24,2,11.1603,1,False,True,11.2985,8.47369,-7.12829,flare_decay,False,True,True,True,True,True,0.939705,0.917253,,,False,False,True,True,,True,
24004202_7,24004202,7,2611.06,17682.8,2,25.2999,1,False,True,24.223,83.4236,5.61062,flare_decay,True,True,True,True,True,True,1.03943,0.939327,,,True,False,True,True,,True,
24004202_8,24004202,8,2627.2,8557.22,24,44.8507,1,True,True,41.4602,417.487,30.4721,flare_decay,True,True,True,True,True,True,0.837909,1.02185,,,True,True,True,True,True,True,
24004202_9,24004202,9,2617.49,17130.9,4,29.9032,1,True,True,31.4104,296.926,20.1901,flare_decay,True,True,True,True,True,True,1.15525,0.865409,,,True,True,True,True,True,True,
24004202_10,24004202,10,2635.25,26388.9,2,37.7561,1,False,True,38.9308,211.501,-7.06829,flare_decay,False,True,True,True,True,True,1.14658,0.892041,,,True,False,True,True,,True,
24004202_11,24004202,11,2616.69,9429.01,8,21.7667,1,True,True,21.2711,141.712,8.0729,flare_decay,True,True,True,True,True,True,1.05979,0.901778,,,True,True,True,True,True,True,
24004202_12,24004202,12,2634.92,18695.8,8,43.1588,1,True,True,41.3995,515.484,13.6381,flare_decay,True,True,True,True,True,True,1.18948,0.924844,,,True,True,True,True,True,True,
24004202_13,24004202,13,2615.53,10789.3,1,11.0534,1,False,True,10.4947,11.636,-4.90507,flare_decay,True,True,True,True,True,True,1.03536,0.794577,,,True,False,True,True,,True,
24004202_14,24004202,14,2621.61,20094.9,2,28.751,0,False,,,,,,,,,,,,,,,,,,,,,,
24004202_15,24004202,15,2628.18,17512.7,2,25.0564,1,False,True,24.1999,67.7721,-6.9906,flare_decay,False,True,True,True,True,True,0.780255,0.858365,,,True,False,True,True,,True,
24004202_16,24004202,16,2629.15,2246.14,4,3.9208,0,True,,,,,,,,,,,,,,,,,,,,,,
24004202_17,24004202,17,2617.57,1506.38,8,3.47745,0,True,,,,,,,,,,,,,,,,,,,,,,
24004202_18,24004202,18,2612.99,1601.3,8,3.69657,0,True,,,,,,,,,,,,,,,,,,,,,,
24004202_19,24004202,19,2635.08,3571.61,24,18.7198,1,True,True,20.6502,59.4368,5.97797,flare_decay,True,True,True,True,True,True,0.632174,0.804452,,,True,True,True,True,True,True,
27036892_0,27036892,0,2626.11,1355.94,24,8.83649,0,True,,,,,,,,,,,,,,,,,,,,,,
27036892_1,27036892,1,2633.4,2071.48,8,7.14973,0,True,,,,,,,,,,,,,,,,,,,,,,
27036892_2,27036892,2,2629.06,1042.83,16,6.01072,0,True,,,,,,,,,,,,,,,,,,,,,,
27036892_3,27036892,3,2632.41,8912.7,1,11.6287,1,False,True,11.586,31.6276,3.62283,flare_decay,True,True,True,True,True,True,1.04161,0.973346,,,True,False,True,True,,True,
27036892_4,27036892,4,2620.48,18533.7,1,24.1815,1,False,True,24.8006,126.357,5.8471,flare_decay,True,True,True,True,True,True,0.808119,0.912167,,,True,False,True,True,,True,
27036892_5,27036892,5,2634.39,1583.93,16,9.12958,1,True,True,8.75013,8.26201,-5.7098,step,False,True,True,True,False,True,0.614606,0.584915,,,False,True,True,False,,True,
27036892_6,27036892,6,2615.46,829.525,16,4.78128,0,True,,,,,,,,,,,,,,,,,,,,,,
27036892_7,27036892,7,2615.31,3487.11,4,8.11455,1,True,True,8.86657,14.191,-4.88195,flare_decay,True,True,True,True,True,True,1.0143,0.808966,0.251913,0,True,True,True,True,True,True,True
27036892_8,27036892,8,2629.79,9313.65,4,21.673,1,True,True,21.4167,105.803,-2.68246,flare_decay,True,True,True,True,True,True,1.05448,0.962838,,,True,True,True,True,True,True,
27036892_9,27036892,9,2613.2,6886.75,24,44.8799,1,True,True,37.1797,325.898,11.4223,flare_decay,True,True,True,True,True,True,0.913835,0.830516,,,True,True,True,True,True,True,
27036892_10,27036892,10,2618.64,2012.58,8,6.94643,0,True,,,,,,,,,,,,,,,,,,,,,,
27036892_11,27036892,11,2614.88,4412.05,4,10.2669,1,True,True,10.0082,36.2747,-1.58485,flare_decay,True,True,True,True,True,True,0.582477,0.597881,,,True,True,True,True,True,True,
27036892_12,27036892,12,2614.95,8975.26,24,58.4904,1,True,True,42.9324,506.195,4.01228,flare_decay,True,True,True,True,True,True,0.910122,0.894261,,,True,True,True,True,True,True,
27036892_13,27036892,13,2630.38,3412.15,4,7.94012,1,True,True,8.30363,5.57141,-4.13637,flare_decay,False,True,True,True,True,True,0.543333,0.601907,,,False,True,True,True,,True,
27036892_14,27036892,14,2612.75,5426.17,8,18.7284,1,True,True,19.5504,69.8615,0.167709,flare_decay,True,True,True,True,True,True,0.958303,0.880414,,,True,True,True,True,True,True,
27036892_15,27036892,15,2612.31,4011.53,1,5.23397,0,False,,,,,,,,,,,,,,,,,,,,,,
27036892_16,27036892,16,2632.04,5023.26,16,28.9535,1,True,True,24.1112,102.754,-16.2779,flare_decay,False,True,True,True,True,True,0.886434,0.888889,,,True,True,True,True,True,True,
27036892_17,27036892,17,2617.04,670.409,24,4.36896,0,True,,,,,,,,,,,,,,,,,,,,,,
27036892_18,27036892,18,2612.86,4531.16,2,8.22181,1,False,True,8.34077,4.12732,-2.06084,flare_decay,False,True,True,True,True,True,0.763661,0.64949,,,False,False,True,True,,True,
27036892_19,27036892,19,2621.52,3588.04,8,12.3841,1,True,True,8.952,-2.56374,-2.67758,step,False,False,False,True,True,False,,,,,False,True,False,False,,True,
27072954_0,27072954,0,2619.79,29071.9,1,48.48,1,False,True,49.7446,686.386,-9.58437,flare_decay,False,True,True,True,True,True,1.02062,0.902588,,,True,False,True,True,,True,
27072954_1,27072954,1,2626.58,3484.08,24,12.1955,0,True,,,,,,,,,,,,,,,,,,,,,,
27072954_2,27072954,2,2634.15,6893.01,24,24.128,1,True,True,19.5835,768.317,46.1658,flare_decay,True,True,True,True,True,True,3.92667,1.05811,,,True,True,True,True,False,True,
27072954_3,27072954,3,2627.36,1329.56,24,4.65395,0,True,,,,,,,,,,,,,,,,,,,,,,
27072954_4,27072954,4,2615.47,14611.5,1,24.366,1,False,True,24.5772,212.653,29.5821,flare_decay,True,True,True,True,True,True,1.42447,0.969931,,,True,False,True,True,,True,
27072954_5,27072954,5,2632.58,1259,8,3.46122,0,True,,,,,,,,,,,,,,,,,,,,,,
27072954_6,27072954,6,2631.39,6836.46,4,16.0488,1,True,True,18.4368,157.867,15.5282,flare_decay,True,True,True,True,True,True,1.93073,0.930556,,,True,True,True,True,True,True,
27072954_7,27072954,7,2635.63,2629.35,16,8.60324,1,True,True,10.3253,70.1632,31.1056,flare_decay,True,False,False,True,True,False,,,,,True,True,False,False,,True,
27072954_8,27072954,8,2611.22,6272.98,1,10.4608,1,False,True,9.92142,35.2956,-2.73004,flare_decay,True,True,True,True,True,True,2.83185,0.980144,,,True,False,True,True,,True,
27072954_9,27072954,9,2629.12,9511.28,2,19.2984,1,True,True,18.4603,98.575,-5.27577,flare_decay,True,True,True,True,True,True,1.42753,0.934694,,,True,True,True,True,True,True,
27072954_10,27072954,10,2629.02,5115.84,4,12.0096,1,True,True,12.202,72.5263,-5.5032,flare_decay,True,True,True,True,True,True,1.49807,0.9344,,,True,True,True,True,True,True,
27072954_11,27072954,11,2630.96,2547.72,24,8.91793,0,True,,,,,,,,,,,,,,,,,,,,,,
27072954_12,27072954,12,2628.07,3508.47,8,9.6454,1,True,True,8.97927,24.583,-6.23243,flare_decay,False,True,True,True,True,True,1.64325,0.953837,1.96604e-07,0,True,True,True,True,True,True,True
27072954_13,27072954,13,2611.82,4026.11,16,13.1735,1,True,True,9.91207,166.128,3.20752,flare_decay,True,True,True,True,True,True,2.94826,0.950695,,,True,True,True,True,True,True,
27072954_14,27072954,14,2630.22,11899.7,1,19.8439,1,False,True,19.9996,88.8291,7.81854,flare_decay,True,True,True,True,True,True,1.49287,0.970762,,,True,False,True,True,,True,
27072954_15,27072954,15,2631.97,7486.81,1,12.4849,1,False,True,12.2379,23.1632,-3.81757,flare_decay,True,True,True,True,True,True,1.20827,1.05423,,,True,False,True,True,,True,
27072954_16,27072954,16,2615.06,2130.14,16,6.96984,0,True,,,,,,,,,,,,,,,,,,,,,,
27072954_17,27072954,17,2613.59,1457.14,24,5.1005,0,True,,,,,,,,,,,,,,,,,,,,,,
27072954_18,27072954,18,2611.59,3907.4,1,6.51594,0,False,,,,,,,,,,,,,,,,,,,,,,
27072954_19,27072954,19,2617.45,1332.29,24,4.66348,0,True,,,,,,,,,,,,,,,,,,,,,,
27107017_0,27107017,0,2612.2,50000,16,2.9404,0,True,,,,,,,,,,,,,,,,,,,,,,
27107017_1,27107017,1,2615.95,50000,16,2.9404,0,True,,,,,,,,,,,,,,,,,,,,,,
27107017_2,27107017,2,2615.36,50000,24,5.3176,0,True,,,,,,,,,,,,,,,,,,,,,,
27107017_3,27107017,3,2629.95,50000,16,2.9404,0,True,,,,,,,,,,,,,,,,,,,,,,
27107017_4,27107017,4,2610.33,50000,4,1.85761,0,True,,,,,,,,,,,,,,,,,,,,,,
27107017_5,27107017,5,2610.79,50000,2,0.381368,0,False,,,,,,,,,,,,,,,,,,,,,,
27107017_6,27107017,6,2621.34,50000,4,1.85761,0,True,,,,,,,,,,,,,,,,,,,,,,
27107017_7,27107017,7,2633.22,50000,1,0.264556,0,False,,,,,,,,,,,,,,,,,,,,,,
27107017_8,27107017,8,2635.83,50000,24,5.3176,0,True,,,,,,,,,,,,,,,,,,,,,,
27107017_9,27107017,9,2628.92,50000,24,5.3176,0,True,,,,,,,,,,,,,,,,,,,,,,
27107017_10,27107017,10,2631.93,50000,1,0.264556,0,False,,,,,,,,,,,,,,,,,,,,,,
27107017_11,27107017,11,2635.95,50000,8,2.65747,0,True,,,,,,,,,,,,,,,,,,,,,,
27107017_12,27107017,12,2615.74,50000,24,5.3176,0,True,,,,,,,,,,,,,,,,,,,,,,
27107017_13,27107017,13,2634.27,50000,4,1.85761,0,True,,,,,,,,,,,,,,,,,,,,,,
27107017_14,27107017,14,2610.25,50000,1,0.264556,0,False,,,,,,,,,,,,,,,,,,,,,,
27107017_15,27107017,15,2614.36,50000,24,5.3176,0,True,,,,,,,,,,,,,,,,,,,,,,
27107017_16,27107017,16,2630.95,50000,8,2.65747,0,True,,,,,,,,,,,,,,,,,,,,,,
27107017_17,27107017,17,2626.22,50000,4,1.85761,0,True,,,,,,,,,,,,,,,,,,,,,,
27107017_18,27107017,18,2616.54,50000,24,5.3176,0,True,,,,,,,,,,,,,,,,,,,,,,
27107017_19,27107017,19,2615.88,50000,8,2.65747,0,True,,,,,,,,,,,,,,,,,,,,,,
21031024_0,21031024,0,2628.07,897.452,8,4.64709,0,True,,,,,,,,,,,,,,,,,,,,,,
21031024_1,21031024,1,2610.68,3699.17,2,10.0886,1,False,True,10.7056,11.7746,-3.3326,flare_decay,True,True,True,True,True,True,0.525384,0.79626,,,True,False,True,True,,True,
21031024_2,21031024,2,2614.88,5925.47,2,16.1604,1,False,True,16.6378,60.8077,0.193054,flare_decay,True,True,True,True,False,True,0.528373,0.660698,,,True,False,True,False,,True,
21031024_3,21031024,3,2634.06,522.871,16,5.03452,0,True,,,,,,,,,,,,,,,,,,,,,,
21031024_4,21031024,4,2627.14,779.909,24,8.79873,0,True,,,,,,,,,,,,,,,,,,,,,,
21031024_5,21031024,5,2616.44,2009.61,24,22.6718,1,True,True,20.7368,50.163,-5.02825,flare_decay,True,True,True,True,True,True,0.910281,1.00401,,,True,True,True,True,True,True,
21031024_6,21031024,6,2619.53,2702.82,16,26.0244,1,True,True,24.2785,90.6925,-3.66223,flare_decay,True,True,True,True,True,True,0.801971,0.866652,,,True,True,True,True,True,True,
21031024_7,21031024,7,2621.13,21588.7,1,43.9894,1,False,True,47.4586,288.083,-23.6869,flare_decay,False,True,True,True,True,True,0.812821,0.940553,,,True,False,True,True,,True,
21031024_8,21031024,8,2628.01,4842.88,4,18.3757,1,False,True,17.2732,69.0819,3.46238,flare_decay,True,True,True,True,True,True,1.11452,0.938345,,,True,False,True,True,,True,
21031024_9,21031024,9,2633.84,3966.45,1,8.08209,1,False,True,8.34616,-3.85912,-7.04857,flare_decay,False,True,True,True,True,True,0.752335,0.819816,,,False,False,True,True,,True,
21031024_10,21031024,10,2619.31,375.718,24,4.23874,0,True,,,,,,,,,,,,,,,,,,,,,,
21031024_11,21031024,11,2626.88,4618.14,1,9.40997,1,False,True,8.08947,3.42211,-5.03349,flare_decay,False,True,True,True,True,True,0.765812,0.726992,,,False,False,True,True,,True,
21031024_12,21031024,12,2618.91,12336.2,2,33.6442,1,False,True,32.8191,223.043,-2.80829,flare_decay,True,True,True,True,True,True,1.17248,0.983979,,,True,False,True,True,,True,
21031024_13,21031024,13,2631.54,1289.62,2,3.51716,0,False,,,,,,,,,,,,,,,,,,,,,,
21031024_14,21031024,14,2614.81,2137.25,1,4.35488,0,False,,,,,,,,,,,,,,,,,,,,,,
21031024_15,21031024,15,2628.36,5850.21,8,30.2929,1,True,True,30.096,190.325,10.9189,flare_decay,True,True,True,True,True,True,1.25474,0.962456,,,True,True,True,True,True,True,
21031024_16,21031024,16,2618.03,2507.02,24,28.2835,1,True,True,28.0521,133.562,5.36713,flare_decay,True,True,True,True,True,True,0.692057,0.859681,,,True,True,True,True,True,True,
21031024_17,21031024,17,2615.15,370.327,24,4.17793,0,True,,,,,,,,,,,,,,,,,,,,,,
21031024_18,21031024,18,2612.93,809.015,16,7.78969,0,True,,,,,,,,,,,,,,,,,,,,,,
21031024_19,21031024,19,2626.26,1038.62,4,3.94091,0,False,,,,,,,,,,,,,,,,,,,,,,
21123653_0,21123653,0,2611.95,1002.82,16,5.94891,0,True,,,,,,,,,,,,,,,,,,,,,,
21123653_1,21123653,1,2617.2,10823.7,8,41.6804,1,True,True,39.4212,192.216,25.7162,flare_decay,True,True,True,True,True,True,0.4155,1.00958,,,True,True,True,True,True,True,
21123653_2,21123653,2,2632.5,3254.28,4,9.20394,1,False,True,10.3028,4.16958,-10.9963,flare_decay,False,True,False,True,True,False,0.199831,0.487442,,,False,True,True,False,,True,
21123653_3,21123653,3,2634.65,8066.17,1,3.56309,1,False,True,9.26672,14.7997,13.1208,flare_decay,True,True,True,True,True,True,0.455926,0.646329,1,0,True,True,True,True,True,True,False
21123653_4,21123653,4,2615.62,366.938,24,3.02101,0,True,,,,,,,,,,,,,,,,,,,,,,
21123653_5,21123653,5,2612.29,11337,2,23.2101,1,False,True,22.2245,54.4771,-5.40649,flare_decay,True,True,True,True,True,True,0.523242,0.83102,,,True,False,True,True,,True,
21123653_6,21123653,6,2615.04,50000,1,22.0867,1,False,True,56.0831,355.722,4.73309,flare_decay,True,True,True,True,True,True,0.897082,0.901128,,,True,False,True,True,,True,
21123653_7,21123653,7,2611.2,598.582,16,3.55089,0,True,,,,,,,,,,,,,,,,,,,,,,
21123653_8,21123653,8,2618.44,2525.31,24,20.7909,1,True,True,17.9324,15.268,-6.90236,flare_decay,False,True,True,True,True,True,0.325421,0.842352,,,True,True,True,True,True,True,
21123653_9,21123653,9,2629.75,4132.64,24,34.0242,1,True,True,29.9159,94.4294,-28.4097,flare_decay,False,True,True,True,True,True,0.358141,1.01018,,,True,True,True,True,True,True,
21123653_10,21123653,10,2620.54,8504.2,2,17.4105,1,False,True,15.4721,46.0377,-1.0019,flare_decay,True,True,True,True,True,True,0.554167,0.943845,,,True,False,True,True,,True,
21123653_11,21123653,11,2629.5,2863.11,24,23.5721,1,True,True,22.245,25.412,-16.7472,flare_decay,False,True,True,True,True,True,0.374646,1.05753,,,True,True,True,True,True,True,
21123653_12,21123653,12,2615.24,50000,1,22.0867,1,False,True,50.0624,759.213,67.3775,flare_decay,True,True,True,True,True,True,1.1143,0.893698,,,True,False,True,True,,True,
21123653_13,21123653,13,2625.47,2372.35,4,6.7096,0,False,,,,,,,,,,,,,,,,,,,,,,
21123653_14,21123653,14,2613.2,3645.73,16,21.627,1,True,True,20.1049,33.2735,-4.71181,flare_decay,True,True,True,True,True,True,0.376958,0.952679,,,True,True,True,True,True,True,
21123653_15,21123653,15,2634.18,1529.16,2,3.13063,0,False,,,,,,,,,,,,,,,,,,,,,,
21123653_16,21123653,16,2621.31,3198.9,16,18.9764,1,True,True,14.9558,-1.96148,-8.9802,step,False,False,False,True,True,False,,,,,False,True,False,False,,True,
21123653_17,21123653,17,2619.25,4869.32,4,13.7717,1,False,True,13.3232,24.7659,-13.8389,flare_decay,False,True,True,True,True,True,0.529093,1.01015,,,True,False,True,True,,True,
21123653_18,21123653,18,2615.71,2498.59,2,5.11533,0,False,,,,,,,,,,,,,,,,,,,,,,
21123653_19,21123653,19,2617.68,42217.2,1,18.6487,1,False,True,46.1512,610.985,-0.300646,flare_decay,True,True,True,True,True,True,0.530004,0.906325,,,True,False,True,True,,True,
23992579_0,23992579,0,2610.42,28294.8,2,40.127,1,False,True,37.9839,213.713,-7.01672,flare_decay,False,True,True,True,True,True,1.10912,1.0361,,,True,False,True,True,,True,
23992579_1,23992579,1,2629.4,3502.64,4,6.98008,0,True,,,,,,,,,,,,,,,,,,,,,,
23992579_2,23992579,2,2635.36,23903.2,1,24.5165,1,False,True,24.9291,107.395,-8.5904,flare_decay,False,True,True,True,True,True,0.816323,0.899403,,,True,False,True,True,,True,
23992579_3,23992579,3,2619.06,18121.9,2,25.7,1,False,True,26.8345,133.164,-0.384615,flare_decay,True,True,True,True,True,True,1.04563,0.909537,,,True,False,True,True,,True,
23992579_4,23992579,4,2626.09,7772.05,8,21.0726,0,True,,,,,,,,,,,,,,,,,,,,,,
23992579_5,23992579,5,2627.43,10137.8,16,45.0691,1,True,True,41.4191,270.933,-28.3754,flare_decay,False,True,True,True,True,True,0.850901,0.914065,,,True,True,True,True,True,True,
23992579_6,23992579,6,2611.33,649.628,24,3.97878,0,True,,,,,,,,,,,,,,,,,,,,,,
23992579_7,23992579,7,2635.38,4939.13,16,21.9576,1,True,True,23.848,128.034,5.6566,step,True,True,True,True,True,True,0.689869,0.656608,,,True,True,True,True,True,True,
23992579_8,23992579,8,2619.44,3031.29,8,8.21882,0,True,,,,,,,,,,,,,,,,,,,,,,
23992579_9,23992579,9,2628.61,7200.69,24,44.1021,1,True,True,36.4151,202.038,-4.07686,flare_decay,True,True,True,True,True,True,0.890498,0.979911,,,True,True,True,True,True,True,
23992579_10,23992579,10,2618.99,37324.4,1,38.282,1,False,True,39.8053,236.89,47.6223,flare_decay,True,True,True,True,True,True,1.08964,0.896246,,,True,False,True,True,,True,
23992579_11,23992579,11,2618.24,1114.71,24,6.8273,0,True,,,,,,,,,,,,,,,,,,,,,,
23992579_12,23992579,12,2610.81,2256.16,2,3.19963,0,False,,,,,,,,,,,,,,,,,,,,,,
23992579_13,23992579,13,2610.68,18960.4,4,37.7844,1,True,True,35.8487,139.077,3.29648,flare_decay,True,True,True,True,True,True,0.769503,0.902757,,,True,True,True,True,True,True,
23992579_14,23992579,14,2617.77,17441.8,1,17.8893,1,False,True,20.0116,45.7774,7.00241,flare_decay,True,True,True,True,True,True,0.810601,0.946504,,,True,False,True,True,,True,
23992579_15,23992579,15,2619.53,3682.61,24,22.5549,1,True,True,20.4627,19.8845,-0.587987,flare_decay,True,True,True,True,True,True,0.870711,0.956281,,,True,True,True,True,True,True,
23992579_16,23992579,16,2617.91,16003.1,4,31.8912,1,True,True,32.2603,130.75,-0.894418,flare_decay,True,True,True,True,True,True,1.03704,0.913601,,,True,True,True,True,True,True,
23992579_17,23992579,17,2611.52,2611.34,24,15.9937,1,True,True,13.5699,-97.6851,-126.498,flare_decay,False,True,True,True,True,True,1.04819,1.12857,,,False,True,True,True,,True,
23992579_18,23992579,18,2618.83,2355.42,2,3.34039,0,False,,,,,,,,,,,,,,,,,,,,,,
23992579_19,23992579,19,2631.34,5555.3,8,15.0622,1,True,True,14.8634,49.5569,-4.91261,flare_decay,True,True,True,True,True,True,0.87773,0.874128,0.0107928,0,True,True,True,True,True,True,True
23993200_0,23993200,0,2634.81,22419,2,29.4475,1,False,True,29.6073,122.449,14.0394,flare_decay,True,True,True,True,True,True,0.854233,0.867972,,,True,False,True,True,,True,
23993200_1,23993200,1,2632.07,6859.74,1,6.04414,0,False,,,,,,,,,,,,,,,,,,,,,,
23993200_2,23993200,2,2612.44,1945.48,4,3.77137,0,False,,,,,,,,,,,,,,,,,,,,,,
23993200_3,23993200,3,2618.26,635.743,24,4.73266,0,True,,,,,,,,,,,,,,,,,,,,,,
23993200_4,23993200,4,2615.84,13436.3,2,17.6487,1,False,True,16.0645,45.9961,-4.55623,flare_decay,True,True,True,True,True,True,0.897627,0.876617,,,True,False,True,True,,True,
23993200_5,23993200,5,2618.28,7249.89,4,14.0542,1,False,True,13.8826,46.1797,-2.44679,flare_decay,True,True,True,True,True,True,0.729006,0.80067,,,True,False,True,True,,True,
23993200_6,23993200,6,2611.22,50000,1,44.0552,1,False,True,47.7141,368.977,-14.9659,flare_decay,False,True,True,True,True,True,0.849975,0.813777,,,True,False,True,True,,True,
23993200_7,23993200,7,2631.61,6793.9,8,21.0986,1,True,True,20.4671,17.6013,-8.14844,flare_decay,False,True,True,True,True,True,0.888181,0.90551,,,True,True,True,True,True,True,
23993200_8,23993200,8,2618.89,9431.26,1,8.30992,1,False,True,8.52795,15.3639,-1.03991,flare_decay,True,True,True,True,True,True,1.46995,0.866813,,,True,False,True,True,,True,
23993200_9,23993200,9,2617.1,6081.56,16,30.9787,1,True,True,28.522,99.1501,-9.54516,flare_decay,False,True,True,True,True,True,0.658357,0.856891,,,True,True,True,True,True,True,
23993200_10,23993200,10,2614.22,37004.8,1,32.6051,1,False,True,27.9761,191.5,18.3838,flare_decay,True,True,True,True,True,True,0.990086,0.83257,,,True,False,True,True,,True,
23993200_11,23993200,11,2628.5,2272.15,16,11.5741,1,True,True,14.4741,2.84195,-6.50619,flare_decay,False,True,True,True,True,True,0.474213,0.741669,,,False,True,True,True,,True,
23993200_12,23993200,12,2632.67,532.012,24,3.96045,0,True,,,,,,,,,,,,,,,,,,,,,,
23993200_13,23993200,13,2616.37,7598.64,16,38.7066,1,True,True,35.8843,164.711,6.53883,flare_decay,True,True,True,True,True,True,0.608956,0.818293,,,True,True,True,True,True,True,
23993200_14,23993200,14,2618.18,6338.32,8,19.6838,1,True,True,18.7243,35.726,-6.99083,flare_decay,False,True,True,True,True,True,0.693475,0.806771,,,True,True,True,True,True,True,
23993200_15,23993200,15,2617.45,752.825,24,5.60425,0,True,,,,,,,,,,,,,,,,,,,,,,
23993200_16,23993200,16,2631.13,23710.2,4,45.963,1,False,True,44.4229,209.886,9.45116,flare_decay,True,True,True,True,True,True,0.709884,0.866171,,,True,False,True,True,,True,
23993200_17,23993200,17,2611.45,6573.88,1,5.79228,0,False,,,,,,,,,,,,,,,,,,,,,,
23993200_18,23993200,18,2614.36,1254.19,8,3.89489,0,True,,,,,,,,,,,,,,,,,,,,,,
23993200_19,23993200,19,2619.57,35781.5,1,31.5272,1,False,True,31.633,212.314,-1.6718,flare_decay,True,True,True,True,True,True,0.847822,0.807701,,,True,False,True,True,,True,
99826093_0,99826093,0,2626.35,9956.03,24,24.1504,1,True,True,20.6096,5.28833,10.4588,step,False,False,True,True,True,True,1.11034,0.684555,,,False,True,True,True,,True,
99826093_1,99826093,1,2619.51,2066.57,24,5.0129,0,True,,,,,,,,,,,,,,,,,,,,,,
99826093_2,99826093,2,2620.13,39749.3,2,57.5137,1,False,True,61.1232,1214.96,30.7879,flare_decay,True,True,True,True,True,True,1.27473,0.827495,,,True,False,True,True,,True,
99826093_3,99826093,3,2616.56,1839.11,4,3.2027,0,True,,,,,,,,,,,,,,,,,,,,,,
99826093_4,99826093,4,2616.69,8014.57,8,17.6055,1,True,True,18.3099,191.856,-3.06099,flare_decay,True,True,True,True,True,True,1.44961,0.860216,,,True,True,True,True,True,True,
99826093_5,99826093,5,2615.65,5760.94,4,10.0324,1,True,True,9.47758,96.2487,-2.52599,flare_decay,True,True,True,True,True,True,1.5903,0.927378,,,True,True,True,True,True,True,
99826093_6,99826093,6,2615.15,7829.62,4,13.6349,1,True,True,12.9975,47.939,5.11182,flare_decay,True,True,True,True,True,True,1.58618,0.789412,,,True,True,True,True,True,True,
99826093_7,99826093,7,2614.42,15001.1,16,34.9407,1,True,True,33.5216,855.72,10.7547,flare_decay,True,True,True,True,True,True,2.0898,0.883922,,,True,True,True,True,True,True,
99826093_8,99826093,8,2626.44,5866.93,8,12.8878,1,True,True,9.85489,70.0619,-5.80378,step,True,False,True,True,True,True,1.58933,0.7271,,,True,True,True,True,True,True,
99826093_9,99826093,9,2628.06,4791.27,8,10.5249,1,True,True,12.7215,60.2738,-0.864068,flare_decay,True,True,True,True,True,True,1.01416,0.712098,0.000871327,0,True,True,True,True,True,True,True
99826093_10,99826093,10,2633.03,4004.5,16,9.32732,1,True,True,9.29936,73.9254,8.43926,flare_decay,True,True,True,True,True,True,1.94456,0.797591,3.84617e-06,4.77845e-29,True,True,True,True,True,True,True
99826093_11,99826093,11,2615.08,29111.4,2,42.1217,1,False,True,42.9952,653.714,97.0099,flare_decay,True,True,True,True,True,True,1.0866,0.799808,,,True,False,True,True,,True,
99826093_12,99826093,12,2612.99,4174.77,4,7.27013,1,True,True,8.30845,6.84703,-5.10814,flare_decay,False,True,True,True,True,True,0.973538,0.788629,,,False,True,True,True,,True,
99826093_13,99826093,13,2619.31,14636.9,24,35.5048,1,True,True,34.3,1525.54,110.729,flare_decay,True,True,True,True,True,True,2.27442,0.844978,,,True,True,True,True,True,True,
99826093_14,99826093,14,2611.12,1841.49,4,3.20686,0,True,,,,,,,,,,,,,,,,,,,,,,
99826093_15,99826093,15,2628.99,7127.57,2,10.313,1,False,True,10.1225,31.9633,-8.12679,flare_decay,False,True,True,True,True,True,0.945394,0.790834,,,True,False,True,True,,True,
99826093_16,99826093,16,2615.96,2756.24,1,3.37526,0,False,,,,,,,,,,,,,,,,,,,,,,
99826093_17,99826093,17,2620.14,7813.6,16,18.1995,1,True,True,20.1758,221.664,16.9226,flare_decay,True,True,True,True,True,True,1.33467,0.768881,,,True,True,True,True,True,True,
99826093_18,99826093,18,2633.78,4155.06,16,9.678,1,True,True,10.6091,78.1897,10.1288,flare_decay,True,True,True,True,True,True,1.80935,0.888975,,,True,True,True,True,True,True,
99826093_19,99826093,19,2629.35,3953.19,2,5.71992,0,False,,,,,,,,,,,,,,,,,,,,,,
99866938_0,99866938,0,2633.6,1091.52,8,3.94949,0,True,,,,,,,,,,,,,,,,,,,,,,
99866938_1,99866938,1,2613.52,2151.29,8,7.78407,0,True,,,,,,,,,,,,,,,,,,,,,,
99866938_2,99866938,2,2618.12,4525.44,4,11.8055,1,True,True,12.0859,24.5387,-8.41705,flare_decay,False,True,True,True,True,True,1.07797,0.92192,,,True,True,True,True,True,True,
99866938_3,99866938,3,2619,981.367,16,4.71282,0,True,,,,,,,,,,,,,,,,,,,,,,
99866938_4,99866938,4,2630.81,1434.99,24,8.77021,0,True,,,,,,,,,,,,,,,,,,,,,,
99866938_5,99866938,5,2620.58,9310.56,16,44.7121,1,True,True,46.6625,377.823,22.0188,flare_decay,True,True,True,True,True,True,0.822411,0.87118,,,True,True,True,True,True,True,
99866938_6,99866938,6,2612.45,6236.72,24,38.1168,1,True,True,32.6175,431.842,8.71264,flare_decay,True,True,True,True,True,True,0.999717,0.861614,,,True,True,True,True,True,True,
99866938_7,99866938,7,2634.66,1852.92,4,4.83373,0,True,,,,,,,,,,,,,,,,,,,,,,
99866938_8,99866938,8,2617.49,2628.22,1,3.63674,0,False,,,,,,,,,,,,,,,,,,,,,,
99866938_9,99866938,9,2620.19,800.921,16,3.84626,0,True,,,,,,,,,,,,,,,,,,,,,,
99866938_10,99866938,10,2629.28,654.207,16,3.1417,0,True,,,,,,,,,,,,,,,,,,,,,,
99866938_11,99866938,11,2628.47,12508.4,2,25.2758,1,False,True,25.7469,90.75,3.40657,flare_decay,True,True,True,True,True,True,1.71644,0.892654,,,True,False,True,True,,True,
99866938_12,99866938,12,2613.77,3248.79,8,11.7552,1,True,True,10.596,21.6277,-5.14843,flare_decay,True,True,True,True,True,True,0.73551,0.788267,,,True,True,True,True,True,True,
99866938_13,99866938,13,2611.79,5398.5,16,25.9252,1,True,True,23.9463,125.287,-3.67534,flare_decay,True,True,True,True,True,True,1.10347,0.926421,,,True,True,True,True,True,True,
99866938_14,99866938,14,2626.31,16100.7,2,32.5347,0,False,,,,,,,,,,,,,,,,,,,,,,
99866938_15,99866938,15,2619.85,2807.95,24,17.1613,1,True,True,18.5453,89.3509,1.42716,flare_decay,True,True,True,True,True,True,0.881737,0.764298,,,True,True,True,True,True,True,
99866938_16,99866938,16,2621.01,25737.1,2,52.0069,1,False,True,50.7624,517.285,79.3667,flare_decay,True,True,True,True,True,True,0.810932,0.896589,,,True,False,True,True,,True,
99866938_17,99866938,17,2626.44,11534.8,2,23.3084,1,False,True,22.9862,116.342,11.8694,flare_decay,True,True,True,True,True,True,0.914062,0.902395,,,True,False,True,True,,True,
99866938_18,99866938,18,2618.76,1274.62,16,6.1211,0,True,,,,,,,,,,,,,,,,,,,,,,
99866938_19,99866938,19,2612.33,10320.9,4,26.9241,1,True,True,25.5368,155.854,-6.42126,flare_decay,False,True,True,True,True,True,0.917823,0.935631,,,True,True,True,True,True,True,
99919161_0,99919161,0,2635.31,3072.41,16,35.4178,1,True,True,40.1481,234.719,16.663,flare_decay,True,True,True,True,True,True,0.661001,0.856258,,,True,True,True,True,True,True,
99919161_1,99919161,1,2612.47,2023.02,4,11.6352,1,False,True,10.2372,24.9994,-5.72132,flare_decay,True,True,True,True,True,True,0.507033,0.814142,,,True,False,True,True,,True,
99919161_2,99919161,2,2633.08,1089.48,16,12.5592,1,True,True,12.3894,22.7275,-5.77678,step,True,True,True,True,False,True,0.736146,0.872318,,,True,True,True,False,,True,
99919161_3,99919161,3,2613.77,1682.86,2,6.97504,1,False,True,9.42567,18.038,-2.48459,flare_decay,True,True,True,True,True,True,0.802217,0.967005,,,True,False,True,True,,True,
99919161_4,99919161,4,2613.41,1576.98,16,18.1789,1,True,True,18.1905,23.0731,11.5206,flare_decay,True,True,True,True,True,True,0.545649,0.775533,,,True,True,True,True,True,True,
99919161_5,99919161,5,2612.51,1472.41,16,16.9735,1,True,True,14.9913,35.6867,0.0379961,flare_decay,True,True,True,True,True,True,0.967243,0.884594,,,True,True,True,True,,True,
99919161_6,99919161,6,2612.01,13270.2,1,38.905,1,False,True,41.317,390.807,-6.64163,flare_decay,False,True,True,True,True,True,1.10483,0.873562,,,True,False,True,True,,True,
99919161_7,99919161,7,2632.6,487.423,16,5.61886,0,True,,,,,,,,,,,,,,,,,,,,,,
99919161_8,99919161,8,2635.85,4732.86,4,27.2205,1,False,True,19.3368,80.1168,1.87209,flare_decay,True,False,False,True,True,False,,,,,True,False,False,False,,True,
99919161_9,99919161,9,2633.78,256.168,24,3.87445,0,True,,,,,,,,,,,,,,,,,,,,,,
99919161_10,99919161,10,2629.48,499.001,16,5.75233,0,True,,,,,,,,,,,,,,,,,,,,,,
99919161_11,99919161,11,2629.24,3796.45,24,57.4199,1,True,True,47.1229,594.24,40.5521,flare_decay,True,True,True,True,True,True,0.98475,0.952931,,,True,True,True,True,True,True,
99919161_12,99919161,12,2616.24,1091.08,1,3.19878,0,False,,,,,,,,,,,,,,,,,,,,,,
99919161_13,99919161,13,2630.06,714.453,24,10.8059,0,True,,,,,,,,,,,,,,,,,,,,,,
99919161_14,99919161,14,2628.69,3737.94,24,56.535,1,True,True,46.3175,461.298,42.2969,flare_decay,True,True,True,True,True,True,0.925066,0.950858,,,True,True,True,True,True,True,
99919161_15,99919161,15,2627.79,6678.99,4,38.4135,1,False,True,37.9839,243.132,15.275,flare_decay,True,True,True,True,True,True,1.00012,0.91283,,,True,False,True,True,,True,
99919161_16,99919161,16,2619.79,3199.92,1,9.38142,1,False,True,10.5678,19.8188,-3.00544,flare_decay,True,True,True,True,True,True,0.930007,1.03287,,,True,False,True,True,,True,
99919161_17,99919161,17,2628.05,2902.91,4,16.6957,1,False,True,15.7922,50.2814,-5.73743,flare_decay,True,True,True,True,True,True,0.814395,0.880596,,,True,False,True,True,,True,
99919161_18,99919161,18,2611.28,495.242,24,7.49036,0,True,,,,,,,,,,,,,,,,,,,,,,
99919161_19,99919161,19,2634.92,2830.34,24,42.8079,1,True,True,40.2979,249.414,-20.0583,flare_decay,False,True,True,True,True,True,0.658774,0.894042,1.95399e-14,0,True,True,True,True,,True,True
103804702_0,103804702,0,2635.05,3183.86,2,12.7668,1,False,True,13.3533,24.0076,1.55243,flare_decay,True,True,True,True,True,True,0.584898,0.71253,,,True,True,True,True,,True,
103804702_1,103804702,1,2631.43,1010.97,24,16.0288,1,True,True,13.2594,37.526,-7.0161,flare_decay,False,True,True,True,True,True,0.885911,0.881669,,,True,True,True,True,,True,
103804702_2,103804702,2,2619.56,281.786,24,4.46767,0,True,,,,,,,,,,,,,,,,,,,,,,
103804702_3,103804702,3,2628.31,1366.19,24,21.6607,1,True,True,19.3398,42.57,16.4215,flare_decay,True,True,True,True,True,True,0.734596,1.03207,,,True,True,True,True,True,True,
103804702_4,103804702,4,2616.77,1880.05,24,29.8078,1,True,True,25.2007,63.0582,-2.50189,flare_decay,True,True,True,True,True,True,0.716886,0.95274,,,True,True,True,True,,True,
103804702_5,103804702,5,2614.33,954.886,16,11.5452,1,True,True,9.66183,5.4605,-2.58919,flare_decay,False,True,True,True,True,True,1.52155,2.26062,,,False,True,True,True,,True,
103804702_6,103804702,6,2630.85,699.779,24,11.0949,0,True,,,,,,,,,,,,,,,,,,,,,,
103804702_7,103804702,7,2628.18,12712.8,2,50.9761,1,False,True,52.3489,586.696,8.66676,flare_decay,True,True,True,True,True,True,1.03431,0.896737,,,True,False,True,True,,True,
103804702_8,103804702,8,2633.91,1778.29,1,4.92735,0,False,,,,,,,,,,,,,,,,,,,,,,
103804702_9,103804702,9,2631.5,672.495,24,10.6623,0,True,,,,,,,,,,,,,,,,,,,,,,
103804702_10,103804702,10,2625.52,279.289,24,4.42808,0,True,,,,,,,,,,,,,,,,,,,,,,
103804702_11,103804702,11,2631.3,260.488,16,3.14948,0,True,,,,,,,,,,,,,,,,,,,,,,
103804702_12,103804702,12,2617.41,1761.29,16,21.2952,1,True,True,21.0538,41.6943,-7.69757,flare_decay,False,True,True,True,True,True,0.826282,0.966948,,,True,True,True,True,True,True,
103804702_13,103804702,13,2632.99,344.207,16,4.1617,0,True,,,,,,,,,,,,,,,,,,,,,,
103804702_14,103804702,14,2626.1,287.591,24,4.55971,0,True,,,,,,,,,,,,,,,,,,,,,,
103804702_15,103804702,15,2616.65,1379.25,16,16.6761,1,True,True,13.8516,23.3274,-4.20963,flare_decay,True,True,True,True,True,True,0.854361,0.956147,,,True,True,True,True,,True,
103804702_16,103804702,16,2614.97,10029.1,4,54.8441,1,True,True,55.5739,321.857,34.4283,flare_decay,True,True,True,True,True,True,0.679886,0.849031,,,True,True,True,True,,True,
103804702_17,103804702,17,2620.77,7661.4,2,30.7209,1,False,True,31.0167,110.535,6.37369,flare_decay,True,True,True,True,True,True,0.823448,0.974345,,,True,False,True,True,,True,
103804702_18,103804702,18,2630,2762.74,1,7.65508,1,False,True,9.00003,2.88539,-5.83905,flare_decay,False,True,True,True,True,True,1.02625,0.85127,,,False,False,True,True,,True,
103804702_19,103804702,19,2626,3542.59,16,42.8324,1,True,True,40.8472,302.369,30.9591,flare_decay,True,True,True,True,True,True,0.549931,0.999716,,,True,True,True,True,,True,
103807948_0,103807948,0,2626.67,1498.94,8,4.21475,0,True,,,,,,,,,,,,,,,,,,,,,,
103807948_1,103807948,1,2634.3,15742.9,4,31.5441,1,True,True,32.4929,148.825,10.8414,flare_decay,True,True,True,True,True,True,0.78151,0.869487,,,True,True,True,True,,True,
103807948_2,103807948,2,2610.5,10934.4,24,55.8646,1,True,True,32.0781,2.87989,8.00979,step,False,False,True,True,True,True,1.25896,0.896509,,,False,True,True,True,,True,
103807948_3,103807948,3,2619.65,1903.37,8,5.35195,0,True,,,,,,,,,,,,,,,,,,,,,,
103807948_4,103807948,4,2619.53,21831.7,4,43.7442,1,True,True,45.3375,338.524,-2.59806,flare_decay,True,True,True,True,True,True,0.835067,0.907494,,,True,True,True,True,,True,
103807948_5,103807948,5,2618.29,7571.42,4,15.1709,1,True,True,14.9356,37.6306,-1.57417,flare_decay,True,True,True,True,True,True,0.917401,0.908226,,,True,True,True,True,,True,
103807948_6,103807948,6,2628.6,12000.6,2,17.9383,1,False,True,20.3321,68.6829,-11.2571,flare_decay,False,True,True,True,True,True,0.817987,0.948041,,,True,False,True,True,,True,
103807948_7,103807948,7,2619.78,18044.6,8,50.7381,1,True,True,50.2062,494.637,-5.68226,flare_decay,True,True,True,True,True,True,1.01206,0.930578,,,True,True,True,True,True,True,
103807948_8,103807948,8,2619.56,12103.3,16,48.224,1,True,True,46.2833,475.305,51.226,flare_decay,True,True,True,True,True,True,1.06103,0.933931,,,True,True,True,True,,True,
103807948_9,103807948,9,2615.45,3121.76,16,12.4383,1,True,True,10.2028,10.8304,-10.2837,step,False,True,True,True,True,True,0.891393,0.634829,,,True,True,True,True,,True,
103807948_10,103807948,10,2628.15,881.369,16,3.51171,0,True,,,,,,,,,,,,,,,,,,,,,,
103807948_11,103807948,11,2614.81,1654.14,8,4.65114,0,True,,,,,,,,,,,,,,,,,,,,,,
103807948_12,103807948,12,2612.2,4195.09,16,16.7148,1,True,True,14.8393,51.9168,3.38227,flare_decay,True,True,True,True,True,True,1.09806,1.05591,,,True,True,True,True,,True,
103807948_13,103807948,13,2611.18,29789.1,2,44.5283,1,False,True,44.5166,355.036,-5.4678,flare_decay,True,True,True,True,True,True,1.05229,0.931942,,,True,False,True,True,,True,
103807948_14,103807948,14,2615.51,1824.09,16,7.26787,0,True,,,,,,,,,,,,,,,,,,,,,,
103807948_15,103807948,15,2613.12,24996.3,2,37.364,1,False,True,36.9308,230.348,16.7783,flare_decay,True,True,True,True,True,True,0.877028,0.918345,,,True,False,True,True,,True,
103807948_16,103807948,16,2625.64,780.883,16,3.11134,0,True,,,,,,,,,,,,,,,,,,,,,,
103807948_17,103807948,17,2615.99,623.983,24,3.18798,0,True,,,,,,,,,,,,,,,,,,,,,,
103807948_18,103807948,18,2611.51,3437.38,8,9.6653,1,True,True,8.66059,8.02241,-7.65406,flare_decay,False,True,True,True,True,True,1.14595,1.04608,,,False,True,True,True,,True,
103807948_19,103807948,19,2630.94,5941.59,2,8.88138,1,False,True,8.94014,7.61782,-6.14489,flare_decay,False,True,True,True,True,True,1.12644,0.997811,,,False,False,True,True,,True,
105489293_0,105489293,0,2630.12,1523.46,24,11.9618,0,True,,,,,,,,,,,,,,,,,,,,,,
105489293_1,105489293,1,2619.24,16320,4,46.7382,1,False,True,45.8905,641.397,40.0313,flare_decay,True,True,True,True,True,True,1.13907,0.86186,,,True,False,True,True,,True,
105489293_2,105489293,2,2630.4,2287.94,1,3.26585,0,False,,,,,,,,,,,,,,,,,,,,,,
105489293_3,105489293,3,2626.55,2626.23,2,5.16315,0,False,,,,,,,,,,,,,,,,,,,,,,
105489293_4,105489293,4,2635.31,3183.05,16,16.0153,1,True,True,16.7545,50.1821,-13.1042,step,False,True,True,True,True,True,0.971765,0.84919,-8.88178e-15,0,True,True,True,True,,True,True
105489293_5,105489293,5,2633.9,1729.04,8,6.42251,0,True,,,,,,,,,,,,,,,,,,,,,,
105489293_6,105489293,6,2615.65,2029.91,8,7.54008,1,True,True,8.27495,4.20401,-8.53043,step,False,True,True,True,True,True,0.844791,0.770255,,,False,True,True,True,,True,
105489293_7,105489293,7,2633.99,6870.84,2,13.508,1,False,True,14.6499,45.277,3.31767,flare_decay,True,True,True,True,True,True,0.808664,0.733853,,,True,False,True,True,,True,
105489293_8,105489293,8,2634.91,11745.4,2,23.0913,1,False,True,23.8977,135.275,12.7528,flare_decay,True,True,True,True,True,True,1.1895,0.85265,,,True,False,True,True,,True,
105489293_9,105489293,9,2613.81,10621.9,4,30.4197,1,False,True,29.1466,210.055,5.72542,flare_decay,True,True,True,True,True,True,1.06821,0.817645,,,True,False,True,True,,True,
105489293_10,105489293,10,2613.64,3496.64,1,4.99117,0,False,,,,,,,,,,,,,,,,,,,,,,
105489293_11,105489293,11,2615.15,5940.08,16,29.8871,1,True,True,28.6673,184.387,13.8785,flare_decay,True,True,True,True,True,True,0.631843,0.596313,,,True,True,True,True,,True,
105489293_12,105489293,12,2632.87,2497.71,2,4.91047,0,False,,,,,,,,,,,,,,,,,,,,,,
105489293_13,105489293,13,2628.77,8624.14,2,16.955,1,False,True,17.6637,73.6465,-11.4285,flare_decay,False,True,True,True,True,True,1.25769,0.894662,,,True,False,True,True,,True,
105489293_14,105489293,14,2611.42,10475.6,8,38.9114,1,True,True,38.9071,614.303,13.3174,flare_decay,True,True,True,True,True,True,0.732213,0.698173,,,True,True,True,True,,True,
105489293_15,105489293,15,2631.58,1201.25,24,9.43194,0,True,,,,,,,,,,,,,,,,,,,,,,
105489293_16,105489293,16,2619.6,5898.55,8,21.9101,1,True,True,21.8811,171.499,5.85826,flare_decay,True,True,True,True,True,True,1.04203,0.859706,,,True,True,True,True,,True,
105489293_17,105489293,17,2619.85,1279.96,4,3.66565,0,False,,,,,,,,,,,,,,,,,,,,,,
105489293_18,105489293,18,2626.7,4223.98,4,12.0969,1,False,True,9.38493,26.2367,-6.63194,flare_decay,False,True,True,True,True,True,0.692308,0.949788,,,True,False,True,True,,True,
105489293_19,105489293,19,2628.13,12693.8,1,18.1194,1,False,True,19.6736,70.687,-8.50851,flare_decay,False,True,True,True,True,True,1.16704,0.856855,,,True,False,True,True,,True,
115826518_0,115826518,0,2627.42,2409.64,16,24.6012,1,True,True,16.8573,35.0543,-6.94302,step,False,True,True,True,True,True,1.18803,1.1646,,,True,True,True,True,,True,
115826518_1,115826518,1,2629.87,3712.81,1,8.12551,0,False,,,,,,,,,,,,,,,,,,,,,,
115826518_2,115826518,2,2626.78,9432.53,4,39.8449,1,False,True,40.9746,267.029,7.46749,flare_decay,True,True,True,True,True,True,1.28225,0.925108,,,True,True,True,True,,True,
115826518_3,115826518,3,2629.51,576.452,16,5.88529,0,True,,,,,,,,,,,,,,,,,,,,,,
115826518_4,115826518,4,2619.52,1437.57,1,3.14613,0,False,,,,,,,,,,,,,,,,,,,,,,
115826518_5,115826518,5,2614.49,8684.82,1,19.0068,1,False,True,16.8606,26.2805,1.66764,flare_decay,True,True,True,True,True,True,0.88781,0.986046,,,True,False,True,True,,True,
115826518_6,115826518,6,2617.15,7212.18,1,15.7839,1,False,True,16.9176,46.2508,-2.30104,flare_decay,True,True,True,True,True,True,1.2127,0.882455,,,True,False,True,True,,True,
115826518_7,115826518,7,2615.5,1484.91,8,8.96477,1,True,True,7.9659,3.50037,-6.75245,flare_decay,False,True,True,True,True,True,0.823264,0.767099,,,False,True,True,True,,True,
115826518_8,115826518,8,2635.63,7907.36,2,23.2181,1,False,True,22.4986,133.833,6.4398,flare_decay,True,True,True,True,True,True,1.47575,1.03659,,,True,False,True,True,,True,
115826518_9,115826518,9,2617.05,1568.81,8,9.47128,1,True,True,9.43754,20.2343,-6.28446,step,False,True,True,True,True,True,0.881631,0.962927,,,True,True,True,True,,True,
115826518_10,115826518,10,2631,1812.57,1,3.96681,0,False,,,,,,,,,,,,,,,,,,,,,,
115826518_11,115826518,11,2612.48,862.363,16,8.80431,0,True,,,,,,,,,,,,,,,,,,,,,,
115826518_12,115826518,12,2613.95,8564.12,4,36.1765,1,True,True,35.5912,145.45,2.6591,flare_decay,True,True,True,True,True,True,0.537995,0.89761,,,True,True,True,True,,True,
115826518_13,115826518,13,2619.99,4201.27,8,25.3641,1,True,True,23.6828,69.3772,1.67799,flare_decay,True,True,True,True,True,True,0.782638,0.842717,,,True,True,True,True,True,True,
115826518_14,115826518,14,2620.25,1189.65,24,14.5927,1,True,True,16.3561,33.9566,-3.90329,step,True,True,True,True,True,True,0.589616,0.738465,,,True,True,True,True,,True,
115826518_15,115826518,15,2612.97,1137.24,24,13.9499,1,True,True,10.5613,13.0017,-6.50073,step,False,True,True,True,True,True,0.462379,0.544539,,,True,True,True,True,True,True,
115826518_16,115826518,16,2620.44,795.134,8,4.80041,0,True,,,,,,,,,,,,,,,,,,,,,,
115826518_17,115826518,17,2626.99,4400.79,8,26.5686,1,True,True,25.0761,114.836,4.76642,flare_decay,True,True,True,True,True,True,1.1434,0.926882,3.91858e-09,5.1583e-67,True,True,True,True,,True,True
115826518_18,115826518,18,2633.81,7414.99,8,44.766,1,True,True,44.9804,773.184,43.588,flare_decay,True,True,True,True,True,True,0.952157,0.902256,,,True,True,True,True,,True,
115826518_19,115826518,19,2631.11,1765.94,24,21.6617,1,True,True,17.8757,82.3033,6.14798,flare_decay,True,True,True,True,True,True,0.974629,0.828455,,,True,True,True,True,,True,
115858551_0,115858551,0,2612.22,9961.94,8,24.5265,1,True,True,23.662,142.435,5.69916,flare_decay,True,True,True,True,True,True,1.21006,0.995379,,,True,True,True,True,,True,
115858551_1,115858551,1,2630.49,13540.3,4,22.5683,1,True,True,22.3957,162.047,-20.6638,flare_decay,False,True,True,True,True,True,1.10559,0.93779,,,True,True,True,True,,True,
115858551_2,115858551,2,2610.99,5652.46,4,9.42126,1,True,True,8.31726,-30.0169,-11.9512,flare_decay,False,False,True,True,True,True,0.920256,0.779587,,,False,True,True,True,,True,
115858551_3,115858551,3,2621.24,1174.63,24,6.43179,0,True,,,,,,,,,,,,,,,,,,,,,,
115858551_4,115858551,4,2626.38,4101.46,1,3.47907,0,False,,,,,,,,,,,,,,,,,,,,,,
115858551_5,115858551,5,2611.55,4681.69,8,11.5264,1,True,True,10.4436,-18.9535,-6.69031,step,False,True,True,True,True,True,0.955611,0.814851,,,False,True,True,True,,True,
115858551_6,115858551,6,2618.59,38031.8,1,32.2605,1,False,True,33.2019,261.701,23.7886,flare_decay,True,True,True,True,True,True,1.24345,0.974369,,,True,False,True,True,,True,
115858551_7,115858551,7,2614.17,4463.18,8,10.9885,1,True,True,10.2247,17.6973,-11.4848,flare_decay,False,True,True,True,True,True,0.783207,0.970668,,,True,True,True,True,,True,
115858551_8,115858551,8,2619.23,9180.73,8,22.6031,1,True,True,21.257,108.227,3.96893,flare_decay,True,True,True,True,True,True,0.973528,0.878801,,,True,True,True,True,,True,
115858551_9,115858551,9,2630.73,4731.6,24,25.9084,1,True,True,24.0856,99.1864,3.94782,flare_decay,True,True,True,True,True,True,0.886196,0.849948,,,True,True,True,True,,True,
115858551_10,115858551,10,2615.59,11614.2,4,19.358,1,True,True,19.5118,75.7907,6.07615,flare_decay,True,True,True,True,True,True,1.25416,0.949082,,,True,True,True,True,,True,
115858551_11,115858551,11,2629.63,832.198,24,4.55678,0,True,,,,,,,,,,,,,,,,,,,,,,
115858551_12,115858551,12,2617.17,7268.08,24,39.7971,1,True,True,35.3679,219.007,-10.9587,flare_decay,False,True,True,True,True,True,1.01429,1.01297,,,True,True,True,True,,True,
115858551_13,115858551,13,2634.91,50000,1,42.4126,1,False,True,41.4708,419.185,-13.4879,flare_decay,False,True,True,True,True,True,1.20786,0.956648,,,True,False,True,True,,True,
115858551_14,115858551,14,2615.98,9070.35,2,10.8899,1,False,True,11.5861,26.6068,-0.255495,flare_decay,True,True,True,True,True,True,1.39707,1.04553,,,True,False,True,True,,True,
115858551_15,115858551,15,2618.92,9203.16,24,50.3929,1,True,True,41.0939,272.656,26.735,flare_decay,True,True,True,True,True,True,0.819446,0.91829,,,True,True,True,True,,True,
115858551_16,115858551,16,2628.94,8418.84,8,20.7274,1,True,True,19.4545,56.3715,6.72173,flare_decay,True,True,True,True,True,True,1.19853,0.9171,,,True,True,True,True,,True,
115858551_17,115858551,17,2619.65,9099.8,8,22.4039,1,True,True,22.7856,94.0214,-8.37911,flare_decay,False,True,True,True,True,True,1.09938,0.970033,,,True,True,True,True,,True,
115858551_18,115858551,18,2617.81,832.685,16,3.23579,0,True,,,,,,,,,,,,,,,,,,,,,,
115858551_19,115858551,19,2616.43,15310.8,2,18.3822,1,False,True,19.8929,125.596,-3.51665,flare_decay,True,True,True,True,True,True,1.43891,0.953096,,,True,False,True,True,,True,
82202806_0,82202806,0,2627.75,1900.23,16,12.4033,1,True,True,26.4159,63.4012,32.1059,flare_decay,True,False,True,True,True,True,0.440968,0.410028,,,True,True,True,True,True,True,
82202806_1,82202806,1,2627.59,4365.49,1,7.31524,1,False,True,8.10492,10.0723,-1.05064,flare_decay,True,True,True,True,True,True,0.834236,1.11407,,,True,False,True,True,,True,
82202806_2,82202806,2,2635.59,23726.3,2,56.3754,1,False,True,55.9519,1267.92,66.3789,flare_decay,True,True,True,True,True,True,0.965052,0.923817,,,True,False,True,True,,True,
82202806_3,82202806,3,2610.86,6091.04,8,25.3739,1,True,True,25.6944,132.24,6.5053,flare_decay,True,True,True,True,True,True,0.915802,0.827527,,,True,True,True,True,,True,
82202806_4,82202806,4,2611.7,935.94,24,9.08713,0,True,,,,,,,,,,,,,,,,,,,,,,
82202806_5,82202806,5,2616.2,2168.65,1,3.63401,0,False,,,,,,,,,,,,,,,,,,,,,,
82202806_6,82202806,6,2634.86,4005.43,16,26.1446,1,True,True,25.0085,107.97,-11.6233,flare_decay,False,True,True,True,True,True,0.847956,0.811042,,,True,True,True,True,,True,
82202806_7,82202806,7,2631.5,6922.03,2,16.4472,1,False,True,17.7827,77.8351,5.44822,flare_decay,True,True,True,True,True,True,0.918385,0.889367,,,True,False,True,True,,True,
82202806_8,82202806,8,2618.31,1548.18,16,10.1054,0,True,,,,,,,,,,,,,,,,,,,,,,
82202806_9,82202806,9,2627.54,3645.81,24,35.3975,1,True,True,48.991,156.063,46.7036,flare_decay,True,True,True,True,True,True,0.476626,0.668112,,,True,True,True,True,True,True,
82202806_10,82202806,10,2615.01,1532.31,24,14.8773,1,True,True,12.7716,25.1998,-5.71006,flare_decay,True,True,False,True,True,False,-0.0799984,-0.136029,,,True,True,True,False,,True,
82202806_11,82202806,11,2616.73,5492.36,2,13.0502,1,False,True,15.0968,59.2179,4.30567,flare_decay,True,True,True,True,True,True,0.628944,0.864207,,,True,False,True,True,,True,
82202806_12,82202806,12,2611.24,1343.43,8,5.59644,0,True,,,,,,,,,,,,,,,,,,,,,,
82202806_13,82202806,13,2630.16,2393.93,1,4.0115,0,False,,,,,,,,,,,,,,,,,,,,,,
82202806_14,82202806,14,2635.63,1261.67,24,12.2497,0,True,,,,,,,,,,,,,,,,,,,,,,
82202806_15,82202806,15,2617.47,6366.82,16,41.5582,1,True,True,38.0538,338.026,33.213,flare_decay,True,True,True,True,True,True,0.814275,0.92405,,,True,True,True,True,,True,
82202806_16,82202806,16,2632.52,8149.71,1,13.6565,1,False,True,14.9743,65.5039,-1.25821,flare_decay,True,True,True,True,True,True,1.29706,0.979614,,,True,False,True,True,,True,
82202806_17,82202806,17,2634.27,1537.33,2,3.65282,0,False,,,,,,,,,,,,,,,,,,,,,,
82202806_18,82202806,18,2630.9,4843.84,8,20.1784,1,True,True,19.7283,147.019,-4.67262,flare_decay,True,True,True,True,True,True,1.25082,0.887267,,,True,True,True,True,,True,
82202806_19,82202806,19,2628.84,2587.96,16,16.8924,1,True,True,14.7463,46.2193,-6.10289,flare_decay,False,True,True,True,True,True,1.17436,1.16509,,,True,True,True,True,,True,
82247918_0,82247918,0,2632.65,679.865,4,4.25864,0,False,,,,,,,,,,,,,,,,,,,,,,
82247918_1,82247918,1,2632.51,653.558,24,9.09315,0,True,,,,,,,,,,,,,,,,,,,,,,
82247918_2,82247918,2,2620.55,10831.5,1,37.8177,1,False,True,35.8816,284.135,-15.1463,flare_decay,False,True,True,True,True,True,1.04453,1.03789,,,True,False,True,True,,True,
82247918_3,82247918,3,2613.03,269.373,24,3.74786,0,True,,,,,,,,,,,,,,,,,,,,,,
82247918_4,82247918,4,2626.41,4377,8,37.7752,1,True,True,36.3626,556.653,0.845185,flare_decay,True,True,True,True,True,True,0.670225,0.99322,,,True,True,True,True,,True,
82247918_5,82247918,5,2621.03,1868.21,8,16.1234,1,True,True,15.635,29.7385,-13.4143,flare_decay,False,True,True,True,True,True,0.508003,0.979945,,,True,True,True,True,,True,
82247918_6,82247918,6,2615.64,818.757,4,5.12866,0,False,,,,,,,,,,,,,,,,,,,,,,
82247918_7,82247918,7,2614.24,3030.64,8,26.1556,1,True,True,25.2402,196.938,11.5837,flare_decay,True,True,False,True,True,False,0.263269,1.09613,,,True,True,True,False,,True,
82247918_8,82247918,8,2617.81,1773.42,4,11.1086,1,False,True,10.2616,41.3596,-5.9364,flare_decay,True,True,True,True,True,True,0.479725,0.753061,,,True,False,True,True,,True,
82247918_9,82247918,9,2614.89,3631.67,8,31.3428,1,True,True,28.3973,275.495,-8.94966,flare_decay,False,True,False,True,True,False,-0.0676149,-0.264384,,,True,True,True,False,,True,
82247918_10,82247918,10,2611.42,2196.26,16,23.9764,1,True,True,22.3597,185.533,14.5589,flare_decay,True,True,True,True,True,True,0.694674,0.789119,,,True,True,True,True,,True,
82247918_11,82247918,11,2628.4,3323.98,1,11.6056,1,False,True,10.9416,36.6589,-0.476334,flare_decay,True,True,True,True,True,True,1.94359,0.857368,,,True,False,True,True,,True,
82247918_12,82247918,12,2616.69,1616.55,2,7.30295,1,False,True,9.0576,13.0011,-4.31492,flare_decay,True,True,True,True,True,True,0.618491,0.890551,,,True,False,True,True,,True,
82247918_13,82247918,13,2611.54,9262.73,2,41.8454,1,False,True,43.231,339.538,41.6394,flare_decay,True,True,True,True,True,True,0.646091,0.878389,,,True,False,True,True,,True,
82247918_14,82247918,14,2616.39,1673.31,1,5.8423,0,False,,,,,,,,,,,,,,,,,,,,,,
82247918_15,82247918,15,2633.08,2803.18,8,24.1925,1,True,True,25.2236,145.871,7.02817,flare_decay,True,True,True,True,True,True,0.977686,0.997167,,,True,True,True,True,,True,
82247918_16,82247918,16,2635.35,763.516,16,8.33522,0,True,,,,,,,,,,,,,,,,,,,,,,
82247918_17,82247918,17,2628.1,264.657,24,3.68224,0,True,,,,,,,,,,,,,,,,,,,,,,
82247918_18,82247918,18,2618.34,8486.58,1,29.6306,1,False,True,31.0908,215.725,22.4807,flare_decay,True,True,True,True,True,True,0.756657,0.983257,,,True,False,True,True,,True,
82247918_19,82247918,19,2615.8,497.203,4,3.11446,0,False,,,,,,,,,,,,,,,,,,,,,,
85287016_0,85287016,0,2616.85,1693.58,8,14.3709,1,True,True,14.4537,55.8354,-10.7953,step,False,True,True,True,True,True,0.807559,0.847596,0.00592749,0,True,True,True,True,,True,True
85287016_1,85287016,1,2618.97,1051.64,8,8.9237,0,True,,,,,,,,,,,,,,,,,,,,,,
85287016_2,85287016,2,2635.52,4336.84,8,36.8002,1,True,True,37.3104,167.7,12.2872,flare_decay,True,True,True,True,True,True,0.861909,0.948055,,,True,True,True,True,,True,
85287016_3,85287016,3,2626.57,2290.14,4,14.3537,1,True,True,14.4585,21.5032,-6.67141,flare_decay,False,True,True,True,True,True,1.27062,1.33476,,,True,True,True,True,,True,
85287016_4,85287016,4,2621.54,875.771,24,13.2594,0,True,,,,,,,,,,,,,,,,,,,,,,
85287016_5,85287016,5,2615.56,2307.98,16,29.4473,1,True,True,26.5632,162.246,0.810469,flare_decay,True,True,False,True,True,False,0.14454,0.395931,,,True,True,True,False,,True,
85287016_6,85287016,6,2631.24,2755.28,24,41.7155,1,True,True,35.4623,302.287,20.148,flare_decay,True,True,True,True,True,True,1.03001,0.995469,,,True,True,True,True,True,True,
85287016_7,85287016,7,2616.07,830.76,4,5.2069,0,True,,,,,,,,,,,,,,,,,,,,,,
85287016_8,85287016,8,2612.88,2914.49,8,24.7309,1,True,True,22.7706,116.795,2.96805,flare_decay,True,True,True,True,True,True,0.533024,0.795966,,,True,True,True,True,True,True,
85287016_9,85287016,9,2630.56,253.727,24,3.84149,0,True,,,,,,,,,,,,,,,,,,,,,,
85287016_10,85287016,10,2617.62,5159.59,4,32.3384,1,True,True,31.5207,143.835,-3.0735,flare_decay,True,True,True,True,True,True,0.703069,0.964821,,,True,True,True,True,,True,
85287016_11,85287016,11,2611.25,1679.4,24,25.4265,1,True,True,23.2186,80.0202,-6.9817,flare_decay,False,True,True,True,True,True,0.508686,0.783263,,,True,True,True,True,,True,
85287016_12,85287016,12,2613.79,548.97,4,3.44074,0,True,,,,,,,,,,,,,,,,,,,,,,
85287016_13,85287016,13,2614.48,2002.28,24,30.315,1,True,True,26.7841,164.559,17.6425,flare_decay,True,True,False,True,True,False,2.10317,3.34926,,,True,True,True,False,,True,
85287016_14,85287016,14,2628.44,1981.46,2,8.86232,1,False,True,9.1193,-1.92974,-6.21066,flare_decay,False,True,True,True,True,True,0.671649,0.937195,,,False,False,True,True,,True,
85287016_15,85287016,15,2626.93,248.755,24,3.7662,0,True,,,,,,,,,,,,,,,,,,,,,,
85287016_16,85287016,16,2634.39,1723.91,4,10.8048,1,True,True,11.7738,9.33988,1.135,flare_decay,False,True,True,True,True,True,0.629771,0.852397,,,False,False,True,True,,True,
85287016_17,85287016,17,2616.14,650.244,4,4.07549,0,True,,,,,,,,,,,,,,,,,,,,,,
85287016_18,85287016,18,2620.71,2250.16,2,10.0641,1,False,True,10.7584,5.64456,-7.28871,flare_decay,False,True,True,True,True,True,0.535369,0.99106,,,False,False,True,True,,True,
85287016_19,85287016,19,2619.31,3092.44,2,13.8313,1,False,True,15.4216,41.0516,-0.962006,flare_decay,True,True,True,True,True,True,0.869645,0.971681,,,True,False,True,True,,True,
85335513_0,85335513,0,2611.83,21490,8,54.212,1,True,True,53.4947,436.196,37.0943,flare_decay,True,True,True,True,True,True,0.909846,0.907597,,,True,True,True,True,,True,
85335513_1,85335513,1,2615.99,3620.09,4,6.17926,1,False,True,7.39718,-4.09487,0.796574,flare_decay,False,True,True,True,True,True,0.762947,0.805949,,,False,False,True,True,,True,
85335513_2,85335513,2,2621.45,2104.7,4,3.59258,0,False,,,,,,,,,,,,,,,,,,,,,,
85335513_3,85335513,3,2634.47,21851.4,8,55.1238,1,True,True,53.7347,634.769,5.82176,flare_decay,True,True,True,True,True,True,0.760949,0.894388,1,0,True,True,True,True,,True,False
85335513_4,85335513,4,2633.44,9948.03,4,16.9806,1,False,True,15.4614,63.3078,-4.92453,flare_decay,True,True,True,True,True,True,1.01508,0.924174,,,True,False,True,True,,True,
85335513_5,85335513,5,2614.19,5116.14,1,4.4046,0,False,,,,,,,,,,,,,,,,,,,,,,
85335513_6,85335513,6,2616.09,8876.3,1,7.64181,1,False,True,8.15177,10.2018,-2.94917,flare_decay,True,True,True,True,True,True,0.678954,0.781091,,,True,False,True,True,,True,
85335513_7,85335513,7,2618.4,50000,1,43.0461,1,False,True,45.7784,312.073,0.244879,flare_decay,True,True,True,True,True,True,1.32535,0.863552,,,True,False,True,True,,True,
85335513_8,85335513,8,2620.7,4048.01,4,6.90969,0,False,,,,,,,,,,,,,,,,,,,,,,
85335513_9,85335513,9,2613.58,4478.27,4,7.6441,1,False,True,7.82565,6.26219,-6.74316,flare_decay,False,True,True,True,True,True,1.00758,0.830357,,,False,False,True,True,,True,
85335513_10,85335513,10,2619.4,3459.77,4,5.9056,0,False,,,,,,,,,,,,,,,,,,,,,,
85335513_11,85335513,11,2611.69,5471.81,1,4.71081,0,False,,,,,,,,,,,,,,,,,,,,,,
85335513_12,85335513,12,2616.83,7658,24,31.6093,1,True,True,23.212,193.602,55.7888,flare_decay,True,True,True,True,True,True,1.27159,0.907044,,,True,True,True,True,,True,
85335513_13,85335513,13,2619.77,25529.3,4,43.5768,1,False,True,40.8773,250.735,1.34937,flare_decay,True,True,True,True,True,True,0.91914,0.910835,,,True,False,True,True,,True,
85335513_14,85335513,14,2613.04,25552,4,43.6156,1,False,True,42.9059,284.763,-0.118806,flare_decay,True,True,True,True,True,True,1.14084,0.921077,,,True,False,True,True,,True,
85335513_15,85335513,15,2628.04,906.735,16,3.27003,0,True,,,,,,,,,,,,,,,,,,,,,,
85335513_16,85335513,16,2613.5,1694.62,8,4.27496,0,True,,,,,,,,,,,,,,,,,,,,,,
85335513_17,85335513,17,2628.54,5995.23,8,15.124,1,True,True,13.7605,11.5025,8.01803,flare_decay,True,True,True,True,True,True,1.03648,0.919579,,,True,True,True,True,,True,
85335513_18,85335513,18,2621.15,6266.54,2,7.39133,1,False,True,7.89842,4.14131,-4.20702,flare_decay,False,True,True,True,True,True,1.61538,1.17809,,,False,False,True,True,,True,
85335513_19,85335513,19,2617.13,7304.12,16,26.3415,1,True,True,21.6436,111.831,-4.16528,flare_decay,True,True,True,True,True,True,0.980851,0.915199,,,True,True,True,True,,True,
87955358_0,87955358,0,2610.97,45480,1,48.6743,1,False,True,50.1603,391.242,1.18542,flare_decay,True,True,True,True,True,True,0.841462,0.954359,,,True,False,True,True,,True,
87955358_1,87955358,1,2626.94,17292,1,18.5066,1,False,True,18.5207,55.0776,-6.47792,flare_decay,False,True,True,True,True,True,1.03971,0.853502,,,True,False,True,True,,True,
87955358_2,87955358,2,2626.34,4253.91,2,6.33049,0,False,,,,,,,,,,,,,,,,,,,,,,
87955358_3,87955358,3,2635.52,7626.82,16,35.578,1,True,True,30.723,130.209,-19.1692,flare_decay,False,True,False,True,True,True,1.07725,1.00507,,,True,True,True,True,,True,
87955358_4,87955358,4,2610.7,868.775,24,6.24893,0,True,,,,,,,,,,,,,,,,,,,,,,
87955358_5,87955358,5,2611.75,19739,8,57.0844,1,True,True,55.3407,696.916,74.3649,flare_decay,True,True,True,True,True,True,1.16619,0.979392,,,True,True,True,True,True,True,
87955358_6,87955358,6,2630.7,22981.1,1,24.5952,1,False,True,26.0219,85.5226,-14.5829,flare_decay,False,True,True,True,True,True,1.11131,0.93931,,,True,False,True,True,,True,
87955358_7,87955358,7,2633.45,9363.64,2,13.9346,1,False,True,14.1532,38.3914,3.08648,flare_decay,True,True,True,True,True,True,1.07754,0.922094,,,True,False,True,True,,True,
87955358_8,87955358,8,2635.25,38209.2,2,56.8613,1,False,True,61.2635,950.733,90.2911,flare_decay,True,True,True,True,True,True,0.828123,0.895327,,,True,False,True,True,,True,
87955358_9,87955358,9,2629.72,34227.5,1,36.6315,1,False,True,37.2123,273.702,10.9337,flare_decay,True,True,True,True,True,True,1.02257,0.956712,,,True,False,True,True,,True,
87955358_10,87955358,10,2615.15,11035.6,2,16.4228,1,False,True,16.9538,56.7884,-2.45068,flare_decay,True,True,True,True,True,True,1.05711,0.910778,,,True,False,True,True,,True,
87955358_11,87955358,11,2632.15,4121.07,4,8.90555,1,True,True,8.65673,1.51771,-5.52825,flare_decay,False,True,True,True,True,True,1.54407,1.21588,,,False,True,True,True,,True,
87955358_12,87955358,12,2613.43,976.283,16,4.55422,0,True,,,,,,,,,,,,,,,,,,,,,,
87955358_13,87955358,13,2620.67,9878.19,8,28.5673,1,True,True,25.3422,120.719,16.6176,flare_decay,True,True,True,True,True,True,1.22473,1.0302,,,True,True,True,True,True,True,
87955358_14,87955358,14,2635.72,5246.48,24,37.7369,1,True,True,19.5559,-14.0632,-8.52983,step,False,False,False,True,True,False,,,,,False,True,False,False,,True,
87955358_15,87955358,15,2632.68,11966.8,8,34.6075,1,True,True,32.2657,213.364,12.5242,flare_decay,True,True,True,True,True,True,0.905982,0.912684,,,True,True,True,True,True,True,
87955358_16,87955358,16,2615.88,6700.92,16,31.2588,1,True,True,29.9013,114.344,-1.62798,flare_decay,True,True,True,True,True,True,0.909689,0.990723,,,True,True,True,True,True,True,
87955358_17,87955358,17,2627.63,1621.61,24,11.6639,1,True,True,15.0011,1.04514,-5.31345,flare_decay,False,True,True,True,True,True,0.364606,0.457542,,,False,True,True,True,,True,
87955358_18,87955358,18,2630,19644,1,21.0237,1,False,True,21.5144,132.705,1.15597,flare_decay,True,True,True,True,True,True,1.30627,1.01912,,,True,False,True,True,,True,
87955358_19,87955358,19,2613.7,9849.13,8,28.4832,1,True,True,27.8941,160.423,9.06856,flare_decay,True,True,True,True,True,True,0.988555,0.915817,,,True,True,True,True,,True,
88729245_0,88729245,0,2628.45,6338.37,16,25.381,1,True,True,21.6772,74.9142,-6.28629,flare_decay,False,True,True,True,True,True,0.831658,0.91215,,,True,True,True,True,,True,
88729245_1,88729245,1,2611.86,3539.15,2,4.53583,0,False,,,,,,,,,,,,,,,,,,,,,,
88729245_2,88729245,2,2631.69,1629.3,4,3.10968,0,True,,,,,,,,,,,,,,,,,,,,,,
88729245_3,88729245,3,2612.74,19115.5,2,24.4987,1,False,True,24.5507,88.7773,0.527678,flare_decay,True,True,True,True,True,True,0.849311,0.896236,,,True,False,True,True,,True,
88729245_4,88729245,4,2621.47,8158.08,1,7.50294,0,False,,,,,,,,,,,,,,,,,,,,,,
88729245_5,88729245,5,2621.17,45617.1,1,41.9538,1,False,True,43.5211,101.585,11.323,flare_decay,True,True,True,True,True,True,0.897564,0.885219,,,True,False,True,True,,True,
88729245_6,88729245,6,2611.99,8945.15,2,11.4643,1,False,True,10.9254,14.5944,-0.803644,flare_decay,True,True,True,True,True,True,0.771675,0.924732,,,True,False,True,True,,True,
88729245_7,88729245,7,2616.79,1533.71,8,4.17665,0,True,,,,,,,,,,,,,,,,,,,,,,
88729245_8,88729245,8,2617.38,3026.9,2,3.87933,0,False,,,,,,,,,,,,,,,,,,,,,,
88729245_9,88729245,9,2619.77,9981.47,1,9.1799,1,False,True,7.89567,3.41523,-6.62924,flare_decay,False,True,True,True,True,True,1.16465,1.11451,,,False,False,True,True,,True,
88729245_10,88729245,10,2611.65,4759.65,24,24.1838,1,True,True,19.0989,33.6398,-6.0074,step,False,True,True,True,True,True,0.716089,0.801068,,,True,True,True,True,,True,
88729245_11,88729245,11,2614.49,9781.78,2,12.5365,1,False,True,12.1508,26.1923,-7.36036,flare_decay,False,True,True,True,True,True,0.704635,0.897738,,,True,False,True,True,,True,
88729245_12,88729245,12,2626.25,841.554,24,4.27594,0,True,,,,,,,,,,,,,,,,,,,,,,
88729245_13,88729245,13,2612.4,6511.03,8,17.731,1,True,True,16.1638,28.7255,0.138168,flare_decay,True,True,True,True,True,True,0.803905,0.95293,,,True,True,True,True,,True,
88729245_14,88729245,14,2632.6,50000,1,45.9847,1,False,True,45.4691,301.472,23.7702,flare_decay,True,True,True,True,True,True,1.50386,0.863126,,,True,False,True,True,,True,
88729245_15,88729245,15,2613.65,27938.4,2,35.8062,1,False,True,36.8775,240.215,12.8605,flare_decay,True,True,True,True,True,True,0.908679,0.907007,,,True,False,True,True,,True,
88729245_16,88729245,16,2632.4,4954.56,4,9.45625,1,True,True,8.48471,-3.24786,-5.52893,flare_decay,False,True,True,True,True,True,0.804103,0.805911,,,False,True,True,True,,True,
88729245_17,88729245,17,2629.27,4309.67,4,8.22542,1,True,True,9.59536,11.6096,-0.642836,flare_decay,True,True,True,True,True,True,0.918213,0.887612,0.0739693,0,True,True,True,True,,True,True
88729245_18,88729245,18,2619.77,3518.25,4,6.71492,0,True,,,,,,,,,,,,,,,,,,,,,,
88729245_19,88729245,19,2618.55,3595.43,4,6.86223,1,True,True,7.80766,-3.41164,-6.10734,flare_decay,False,True,True,True,True,True,0.577828,0.727473,,,False,True,True,True,,True,
91990412_0,91990412,0,2629.34,3135.47,1,5.38241,0,False,,,,,,,,,,,,,,,,,,,,,,
91990412_1,91990412,1,2619.97,15254.4,4,53.2653,1,True,True,51.4275,700.187,23.1564,flare_decay,True,True,True,True,True,True,1.0675,0.940599,,,True,True,True,True,True,True,
91990412_2,91990412,2,2635.43,3519.16,8,17.8235,1,True,True,17.2258,85.7021,-3.92872,flare_decay,True,True,True,True,True,True,1.1677,0.866469,,,True,True,True,True,,True,
91990412_3,91990412,3,2629.72,25749.6,1,44.2023,1,False,True,44.7614,373.396,33.8286,flare_decay,True,True,True,True,True,True,1.90549,0.933162,,,True,False,True,True,,True,
91990412_4,91990412,4,2621.27,843.554,8,4.27236,1,True,True,7.61948,-2.15226,-4.86892,flare_decay,False,True,True,True,True,True,1.17731,1.07011,,,False,True,True,True,,True,
91990412_5,91990412,5,2612.15,971.453,4,3.39212,0,True,,,,,,,,,,,,,,,,,,,,,,
91990412_6,91990412,6,2618.72,5691.94,8,28.8281,1,True,True,27.3639,156.288,-6.38055,flare_decay,False,True,True,True,True,True,0.784826,1.02195,,,True,True,True,True,True,True,
91990412_7,91990412,7,2635.72,3124.8,2,7.64747,0,False,,,,,,,,,,,,,,,,,,,,,,
91990412_8,91990412,8,2631.7,9131.95,4,31.8869,1,True,True,32.0874,217.738,-8.64364,flare_decay,False,True,True,True,True,True,0.973139,0.921946,,,True,True,True,True,,True,
91990412_9,91990412,9,2633.96,1053.55,4,3.67879,0,True,,,,,,,,,,,,,,,,,,,,,,
91990412_10,91990412,10,2621.56,9498.04,8,48.1049,1,True,True,25.2576,-9.4101,-4.83539,step,False,False,False,True,True,False,,,,,False,True,False,False,,True,
91990412_11,91990412,11,2632.93,12547.9,4,43.8148,1,True,True,41.7774,483.864,8.47091,flare_decay,True,True,True,True,True,True,1.06089,1.00632,,,True,True,True,True,,True,
91990412_12,91990412,12,2619.25,5739.12,8,29.067,1,True,True,27.9307,193.362,11.7673,flare_decay,True,True,True,True,True,True,1.16408,0.940262,,,True,True,True,True,,True,
91990412_13,91990412,13,2615.48,5218.98,8,26.4327,1,True,True,25.4832,132.116,19.517,flare_decay,True,True,True,True,True,True,1.09897,0.966096,,,True,True,True,True,,True,
91990412_14,91990412,14,2615.78,15299.5,2,37.4431,1,False,True,35.858,330.361,-5.3788,flare_decay,True,True,True,True,True,True,0.989159,0.950787,,,True,False,True,True,,True,
91990412_15,91990412,15,2611.53,4249.66,16,29.7925,1,True,True,27.4731,86.7614,-11.2919,flare_decay,False,True,True,True,True,True,0.88767,0.929562,,,True,True,True,True,,True,
91990412_16,91990412,16,2613.84,10245.3,4,35.7747,1,True,True,33.6417,305.856,25.6456,flare_decay,True,True,True,True,True,True,0.702668,0.902434,,,True,True,True,True,,True,
91990412_17,91990412,17,2620.83,1845.62,8,9.34752,1,True,True,9.93121,-1.63766,-8.67681,flare_decay,False,True,True,True,True,True,0.542935,0.751322,,,False,True,True,True,,True,
91990412_18,91990412,18,2619.02,3384.98,16,23.7306,1,True,True,22.0751,93.6806,-3.37,flare_decay,True,True,True,True,True,True,1.01108,0.952913,,,True,True,True,True,,True,
91990412_19,91990412,19,2632.47,21292.4,1,36.5509,1,False,True,37.3282,512.444,42.6394,flare_decay,True,True,True,True,True,True,1.49921,0.954348,,,True,False,True,True,,True,
95359933_0,95359933,0,2628.38,3810.91,4,4.94604,0,True,,,,,,,,,,,,,,,,,,,,,,
95359933_1,95359933,1,2611.29,3368.16,8,4.67354,0,True,,,,,,,,,,,,,,,,,,,,,,
95359933_2,95359933,2,2634.13,19044.1,2,21.8644,1,False,True,22.7793,255.456,28.7712,flare_decay,True,True,True,True,True,True,1.65319,0.945659,,,True,False,True,True,,True,
95359933_3,95359933,3,2617,7085.62,2,8.13494,1,False,True,8.17449,12.409,-0.170075,flare_decay,True,True,True,True,True,True,2.06354,0.97143,,,True,False,True,True,,True,
95359933_4,95359933,4,2614.27,3443.22,16,4.90245,0,True,,,,,,,,,,,,,,,,,,,,,,
95359933_5,95359933,5,2633.64,37648.1,16,53.6032,1,True,True,55.6756,6114.55,494.588,flare_decay,True,True,True,True,True,True,3.53067,0.971423,,,True,True,True,True,,True,
95359933_6,95359933,6,2617.87,2681.06,4,3.47965,0,True,,,,,,,,,,,,,,,,,,,,,,
95359933_7,95359933,7,2617.47,5073.11,4,6.5842,0,True,,,,,,,,,,,,,,,,,,,,,,
95359933_8,95359933,8,2615.52,3529.21,24,5.82281,0,True,,,,,,,,,,,,,,,,,,,,,,
95359933_9,95359933,9,2613.06,2837.99,2,3.25827,0,False,,,,,,,,,,,,,,,,,,,,,,
95359933_10,95359933,10,2630.11,2549.7,24,4.20674,0,True,,,,,,,,,,,,,,,,,,,,,,
95359933_11,95359933,11,2633.49,9367.52,2,10.7548,1,False,True,11.1304,51.6014,-3.11071,flare_decay,True,True,True,True,True,True,1.59024,0.970377,,,True,False,True,True,,True,
95359933_12,95359933,12,2610.74,4093.29,2,4.69947,0,False,,,,,,,,,,,,,,,,,,,,,,
95359933_13,95359933,13,2630.35,33808.9,1,33.3609,1,False,True,32.4175,354.123,-22.5706,flare_decay,False,True,True,True,True,True,1.65394,0.958021,,,True,False,True,True,,True,
95359933_14,95359933,14,2629.04,9350.4,4,12.1355,1,True,True,13.018,96.4665,-2.51464,flare_decay,True,True,True,True,True,True,1.60562,0.941614,,,True,True,True,True,True,True,
95359933_15,95359933,15,2611.5,2403.83,8,3.33547,0,True,,,,,,,,,,,,,,,,,,,,,,
95359933_16,95359933,16,2616.27,22645.8,8,31.4225,1,True,True,31.957,939.886,37.8164,flare_decay,True,True,True,True,True,True,2.60823,0.955204,,,True,True,True,True,True,True,
95359933_17,95359933,17,2616.21,2790.38,16,3.97293,0,True,,,,,,,,,,,,,,,,,,,,,,
95359933_18,95359933,18,2617.4,25641.7,4,33.2794,1,True,True,33.8304,1082.56,33.4961,flare_decay,True,True,True,True,True,True,2.85638,0.989902,,,True,True,True,True,,True,
95359933_19,95359933,19,2620.29,2293.36,8,3.18219,0,True,,,,,,,,,,,,,,,,,,,,,,
39076709_0,39076709,0,2628.69,4012.2,16,29.2597,1,True,True,26.8262,303.007,9.82613,flare_decay,True,True,True,True,True,True,1.49015,0.985142,,,True,True,True,True,,True,
39076709_1,39076709,1,2635.43,955.217,2,3.3386,0,False,,,,,,,,,,,,,,,,,,,,,,
39076709_2,39076709,2,2631.72,519.505,16,3.78859,0,True,,,,,,,,,,,,,,,,,,,,,,
39076709_3,39076709,3,2617,703.392,24,6.77199,0,True,,,,,,,,,,,,,,,,,,,,,,
39076709_4,39076709,4,2611.93,3538.14,8,20.565,1,True,True,21.1901,108.56,10.5402,flare_decay,True,True,True,True,True,True,1.13487,0.955238,,,True,True,True,True,,True,
39076709_5,39076709,5,2620.77,1673.55,1,4.00562,0,False,,,,,,,,,,,,,,,,,,,,,,
39076709_6,39076709,6,2611.01,690.416,24,6.64706,0,True,,,,,,,,,,,,,,,,,,,,,,
39076709_7,39076709,7,2612.15,1430.31,24,13.7704,1,True,True,11.2473,50.4081,4.32135,flare_decay,True,True,True,True,True,True,0.845626,0.652941,,,True,True,True,True,,True,
39076709_8,39076709,8,2632.63,5821.74,2,20.3477,1,False,True,20.4793,57.9165,2.22295,flare_decay,True,True,True,True,True,True,0.909681,1.01258,,,True,False,True,True,,True,
39076709_9,39076709,9,2633.46,630.293,4,3.10247,0,True,,,,,,,,,,,,,,,,,,,,,,
39076709_10,39076709,10,2616.93,2062.85,1,4.93741,0,False,,,,,,,,,,,,,,,,,,,,,,
39076709_11,39076709,11,2631.06,12465.2,2,43.5674,1,False,True,42.797,508.27,51.3639,flare_decay,True,True,True,True,True,True,0.934748,0.965778,,,True,False,True,True,,True,
39076709_12,39076709,12,2626.34,3197.56,24,30.7848,1,True,True,20.6954,25.7382,31.2716,step,True,False,True,True,True,True,0.585407,0.474735,,,True,True,True,True,,True,
39076709_13,39076709,13,2630.35,4238.44,8,24.6354,1,True,True,23.228,139.313,0.169727,flare_decay,True,True,True,True,True,True,1.45071,0.96726,,,True,True,True,True,,True,
39076709_14,39076709,14,2614.24,1158.57,24,11.1543,0,True,,,,,,,,,,,,,,,,,,,,,,
39076709_15,39076709,15,2631.42,1315.28,16,9.59196,1,True,True,9.01126,9.85199,-3.41825,step,False,True,True,True,True,True,1.47527,0.978834,,,False,True,True,True,,True,
39076709_16,39076709,16,2627.37,652.527,4,3.21191,0,True,,,,,,,,,,,,,,,,,,,,,,
39076709_17,39076709,17,2626.22,5975.78,24,57.5325,1,True,True,37.874,22.1523,27.3171,step,True,False,True,True,True,True,1.11686,0.84465,,,True,True,True,True,,True,
39076709_18,39076709,18,2615.9,1814.54,1,4.34308,0,False,,,,,,,,,,,,,,,,,,,,,,
39076709_19,39076709,19,2626.21,12130.4,4,59.709,1,True,True,38.0816,755.272,-2.15231,flare_decay,True,False,True,True,True,True,1.70911,0.947961,,,True,True,True,True,True,True,
53479008_0,53479008,0,2616.24,1416.25,8,10.0801,1,True,True,8.57199,12.3696,0.989724,step,True,True,True,True,True,True,0.621509,0.513345,,,True,True,True,True,True,True,
53479008_1,53479008,1,2620.9,8035.52,8,57.1923,1,True,True,53.7102,517.929,14.0878,flare_decay,True,True,True,True,True,True,0.737054,0.939035,,,True,True,True,True,,True,
53479008_2,53479008,2,2629.56,14045,1,31.1819,1,False,True,33.1652,195.033,-17.2891,flare_decay,False,True,True,True,True,True,0.857127,0.97263,,,True,False,True,True,,True,
53479008_3,53479008,3,2631.11,1594.35,16,16.5754,1,True,True,13.9576,20.5524,-0.624075,flare_decay,True,True,True,True,True,True,0.751787,1.01472,,,True,True,True,True,,True,
53479008_4,53479008,4,2613.7,3792.27,4,17.1656,1,True,True,17.1922,36.8429,-2.02795,flare_decay,True,True,True,True,True,True,1.11963,1.09272,,,True,True,True,True,True,True,
53479008_5,53479008,5,2630.58,666.45,4,3.01666,0,True,,,,,,,,,,,,,,,,,,,,,,
53479008_6,53479008,6,2633.86,485.838,16,5.05094,0,True,,,,,,,,,,,,,,,,,,,,,,
53479008_7,53479008,7,2617.79,8465.13,4,38.3171,1,True,True,35.5753,204.88,6.13062,flare_decay,True,True,True,True,True,True,1.11079,0.983145,,,True,True,True,True,,True,
53479008_8,53479008,8,2620.11,5778.9,4,26.158,1,True,True,24.4621,115.568,14.583,flare_decay,True,True,True,True,True,True,1.16005,1.02787,,,True,True,True,True,,True,
53479008_9,53479008,9,2635.72,3998.49,8,28.459,1,True,True,27.1885,157.222,6.4296,step,True,True,True,True,True,True,0.682833,0.892566,,,True,True,True,True,,True,
53479008_10,53479008,10,2629.9,1523.65,16,15.8404,1,True,True,15.791,33.9536,-5.10241,flare_decay,True,True,True,True,True,True,0.593255,0.740988,,,True,True,True,True,,True,
53479008_11,53479008,11,2615.67,8248.88,4,37.3382,1,True,True,36.4015,212.229,12.5981,flare_decay,True,True,True,True,True,True,1.13339,1.00838,,,True,True,True,True,,True,
53479008_12,53479008,12,2631.83,25505.6,1,56.6262,1,False,True,59.9501,532.69,10.3618,flare_decay,True,True,True,True,True,True,0.978129,0.983702,,,True,False,True,True,,True,
53479008_13,53479008,13,2634.51,1270.03,8,9.03936,1,True,True,9.6718,-12.9831,-10.7383,flare_decay,False,True,True,True,True,True,0.652209,0.73825,,,False,True,True,True,,True,
53479008_14,53479008,14,2619.13,893.593,4,4.04481,0,True,,,,,,,,,,,,,,,,,,,,,,
53479008_15,53479008,15,2620.68,2068.1,8,14.7196,1,True,True,12.948,29.044,-6.03365,flare_decay,False,True,True,True,True,True,0.713566,0.87472,,,True,True,True,True,,True,
53479008_16,53479008,16,2626.48,5808.1,4,26.2901,1,True,True,26.0629,120.989,-11.3961,flare_decay,False,True,True,True,True,True,0.827063,0.992518,,,True,True,True,True,True,True,
53479008_17,53479008,17,2611.22,2028.29,16,21.0867,1,True,True,22.218,45.4135,-0.410613,flare_decay,True,True,True,True,True,True,0.74138,0.75914,,,True,True,True,True,,True,
53479008_18,53479008,18,2611.85,2802.87,4,12.6871,1,True,True,11.1593,7.71695,-4.16671,flare_decay,False,True,True,True,True,True,1.03003,1.13139,,,False,True,True,True,,True,
53479008_19,53479008,19,2610.5,1397.82,24,20.9606,1,True,True,11.9285,7.63568,-5.39952,step,False,True,True,True,True,True,0.367153,0.441365,,,False,True,True,True,,True,
53578711_0,53578711,0,2632.44,5329.27,16,15.1022,1,True,True,14.8156,52.7922,-1.34996,flare_decay,True,True,True,True,True,True,0.982061,0.785352,,,True,True,True,True,True,True,
53578711_1,53578711,1,2613.33,1009.89,24,3.68529,0,True,,,,,,,,,,,,,,,,,,,,,,
53578711_2,53578711,2,2612.28,10189.8,1,8.25976,1,False,True,9.80563,9.67067,-2.26216,flare_decay,False,True,True,True,True,True,0.829203,0.685764,,,False,False,True,True,,True,
53578711_3,53578711,3,2629.93,2811.57,16,7.9675,0,True,,,,,,,,,,,,,,,,,,,,,,
53578711_4,53578711,4,2614.08,5920.25,4,9.13208,1,True,True,9.82061,14.051,-3.65663,flare_decay,True,True,True,True,True,True,1.0439,0.856654,0.248043,0.228974,True,True,True,True,True,True,False
53578711_5,53578711,5,2634.42,11480.5,8,23.5622,1,True,True,23.9697,114.561,5.59665,flare_decay,True,True,True,True,True,True,1.23633,0.864348,,,True,True,True,True,True,True,
53578711_6,53578711,6,2627.67,7465.94,16,21.1572,1,True,True,23.2907,70.8398,-8.77183,flare_decay,False,True,True,True,True,True,0.976076,0.883683,,,True,True,True,True,True,True,
53578711_7,53578711,7,2615.57,5315,1,4.30828,0,False,,,,,,,,,,,,,,,,,,,,,,
53578711_8,53578711,8,2631.67,3147.7,8,6.46021,0,True,,,,,,,,,,,,,,,,,,,,,,
53578711_9,53578711,9,2610.67,15064.8,1,12.2114,1,False,True,12.4962,8.85886,-0.814602,flare_decay,False,True,True,True,True,True,0.90726,0.824109,,,False,False,True,True,,True,
53578711_10,53578711,10,2613.82,4287.33,4,6.61328,1,True,True,7.47098,3.44509,-5.65003,flare_decay,False,True,True,True,True,True,0.48719,0.655621,,,False,True,True,True,,True,
53578711_11,53578711,11,2617.95,2603.99,24,9.50245,0,True,,,,,,,,,,,,,,,,,,,,,,
53578711_12,53578711,12,2618.87,4245.1,4,6.54814,0,True,,,,,,,,,,,,,,,,,,,,,,
53578711_13,53578711,13,2616.28,8866.52,24,32.3556,1,True,True,25.407,165.463,17.7968,flare_decay,True,True,True,True,True,True,1.21516,0.833949,,,True,True,True,True,,True,
53578711_14,53578711,14,2616.69,2727.79,24,9.95425,0,True,,,,,,,,,,,,,,,,,,,,,,
53578711_15,53578711,15,2618,8007.09,24,29.2194,1,True,True,22.627,110.673,5.6812,flare_decay,True,True,True,True,True,True,1.2633,0.847443,,,True,True,True,True,True,True,
53578711_16,53578711,16,2633.58,3492.62,24,12.7452,1,True,True,9.28823,-13.2759,-9.6975,flare_decay,False,True,True,True,True,True,1.46106,0.992758,,,False,True,True,True,,True,
53578711_17,53578711,17,2615.91,5269.92,2,6.03071,0,True,,,,,,,,,,,,,,,,,,,,,,
53578711_18,53578711,18,2614.38,831.727,24,3.03513,0,True,,,,,,,,,,,,,,,,,,,,,,
53578711_19,53578711,19,2631.6,1167.92,24,4.26196,0,True,,,,,,,,,,,,,,,,,,,,,,
55725843_0,55725843,0,2615.72,479.167,4,3.58896,0,True,,,,,,,,,,,,,,,,,,,,,,
55725843_1,55725843,1,2630.94,798.492,1,3.53143,0,False,,,,,,,,,,,,,,,,,,,,,,
55725843_2,55725843,2,2614.72,2053.72,16,22.5385,1,True,True,17.1357,222.523,6.3662,flare_decay,True,True,True,True,True,True,1.99271,1.75131,2.9976e-14,0,True,True,True,True,True,True,True
55725843_3,55725843,3,2620.19,4150.7,4,31.0888,1,True,True,30.0277,278.721,15.798,flare_decay,True,True,True,True,True,True,0.790906,0.958785,,,True,True,True,True,,True,
55725843_4,55725843,4,2634.65,4350.97,24,51.8783,1,True,True,58.6594,1547.08,177.062,flare_decay,True,True,True,True,True,True,1.21914,0.950884,,,True,True,True,True,,True,
55725843_5,55725843,5,2614.78,2454.37,8,23.4696,1,True,True,17.9902,170.277,2.46005,flare_decay,True,True,True,True,True,True,1.43535,1.49166,0.000261826,0,True,True,True,True,,True,True
55725843_6,55725843,6,2630.76,6349.85,1,28.083,1,False,True,28.0665,157.643,-4.76748,flare_decay,True,True,True,True,True,True,0.989497,1.03999,,,True,False,True,True,,True,
55725843_7,55725843,7,2612.81,4417.36,2,25.2605,1,False,True,25.7375,152.616,34.9796,flare_decay,True,True,True,True,True,True,1.10604,0.892663,,,True,False,True,True,,True,
55725843_8,55725843,8,2634.99,1272.92,2,7.27913,1,False,True,8.12834,15.9784,-6.80668,flare_decay,False,True,True,True,True,True,0.662036,1.00521,,,True,False,True,True,,True,
55725843_9,55725843,9,2611.62,642.259,4,4.81052,0,True,,,,,,,,,,,,,,,,,,,,,,
55725843_10,55725843,10,2612.17,2277.58,16,24.9952,1,True,True,24.2731,359.203,65.3117,flare_decay,True,True,True,True,True,True,1.22476,0.994502,,,True,True,True,True,,True,
55725843_11,55725843,11,2630,1562.13,1,6.90871,0,False,,,,,,,,,,,,,,,,,,,,,,
55725843_12,55725843,12,2634.42,481.954,4,3.60983,0,True,,,,,,,,,,,,,,,,,,,,,,
55725843_13,55725843,13,2630.03,1828.11,4,13.6926,1,True,True,12.632,94.4219,-1.97607,flare_decay,True,True,True,True,True,True,1.434,0.944658,,,True,True,True,True,,True,
55725843_14,55725843,14,2614.1,4356.95,1,19.2691,1,False,True,20.2309,122.456,11.9785,flare_decay,True,True,True,True,True,True,0.654239,0.99606,,,True,False,True,True,,True,
55725843_15,55725843,15,2618.2,3450.16,1,15.2587,1,False,True,15.3647,52.3062,2.05233,flare_decay,True,True,True,True,True,True,1.12469,0.907004,,,True,False,True,True,,True,
55725843_16,55725843,16,2635.2,1512.75,8,14.4655,1,True,True,11.1787,65.7146,2.78338,flare_decay,True,True,True,True,True,True,1.28562,0.949132,,,True,True,True,True,,True,
55725843_17,55725843,17,2612.22,9135.52,1,40.4029,1,False,True,40.7994,656.89,75.1688,flare_decay,True,True,True,True,True,True,1.198,1.01022,,,True,False,True,True,,True,
55725843_18,55725843,18,2628.99,2283.06,2,13.0556,1,False,True,12.4688,18.0543,-3.72978,flare_decay,True,True,True,True,True,True,1.01303,0.882873,,,True,False,True,True,,True,
55725843_19,55725843,19,2613.01,5697.62,4,42.6752,1,True,True,42.3792,514.438,21.7346,flare_decay,True,True,True,True,True,True,0.80944,0.998127,1.23913e-08,0,True,True,True,True,,True,True
1042807_0,1042807,0,2616.12,18362.4,8,32.7846,1,True,True,37.5197,488.913,56.996,flare_decay,True,True,True,True,True,True,1.25327,0.946439,,,True,True,True,True,,True,
1042807_1,1042807,1,2616.68,5828.96,8,10.4072,1,True,True,11.1292,46.2292,2.45486,flare_decay,True,True,True,True,True,True,1.42334,0.893159,,,True,True,True,True,,True,
1042807_2,1042807,2,2618.45,11053,4,16.8007,1,False,True,15.5977,65.3633,-0.894202,flare_decay,True,True,True,True,True,True,1.24842,1.00274,,,True,False,True,True,,True,
1042807_3,1042807,3,2611.52,3807.38,4,5.78728,0,False,,,,,,,,,,,,,,,,,,,,,,
1042807_4,1042807,4,2610.97,20311.2,8,36.2641,1,True,True,34.4821,612.618,75.3423,flare_decay,True,True,True,True,True,True,1.80761,0.858405,,,True,True,True,True,,True,
1042807_5,1042807,5,2634.43,23587,1,23.0048,1,False,True,23.101,184.895,-10.0063,flare_decay,False,True,True,True,True,True,1.19918,0.921624,,,True,False,True,True,,True,
1042807_6,1042807,6,2611.74,8330.77,2,10.2157,1,False,True,10.6016,26.7224,-4.11357,flare_decay,True,True,True,True,True,True,1.57468,1.03841,,,True,False,True,True,,True,
1042807_7,1042807,7,2630.01,15679,4,23.8324,1,False,True,23.882,218.721,11.1249,flare_decay,True,True,True,True,True,True,2.19255,1.01488,,,True,False,True,True,,True,
1042807_8,1042807,8,2611.88,5635.43,2,6.91054,1,False,True,7.87925,18.6363,-2.31866,flare_decay,True,True,True,True,True,True,0.981848,0.924452,,,True,False,True,True,,True,
1042807_9,1042807,9,2620.89,21253.1,2,26.062,1,False,True,25.9673,207.289,-0.246925,flare_decay,True,True,True,True,True,True,1.19426,0.972234,,,True,False,True,True,,True,
1042807_10,1042807,10,2613.31,5128.46,16,10.7167,1,True,True,13.7146,85.7622,10.4294,flare_decay,True,True,True,True,True,True,1.41092,1.08148,,,True,True,True,True,,True,
1042807_11,1042807,11,2615.93,2594.01,4,3.94294,0,False,,,,,,,,,,,,,,,,,,,,,,
1042807_12,1042807,12,2628.5,7591.18,16,15.8629,1,True,True,13.168,207.472,30.6741,flare_decay,True,True,True,True,True,True,2.23156,0.956328,,,True,True,True,True,,True,
1042807_13,1042807,13,2628.19,7499.96,8,13.3906,1,True,True,13.5059,124.527,7.37044,flare_decay,True,True,True,True,True,True,1.50328,0.916346,,,True,True,True,True,,True,
1042807_14,1042807,14,2634.47,30737.9,2,37.6929,1,False,True,37.5311,671.891,55.306,flare_decay,True,True,True,True,True,True,1.19883,0.938739,,,True,False,True,True,,True,
1042807_15,1042807,15,2632.32,2608.5,2,3.19872,0,False,,,,,,,,,,,,,,,,,,,,,,
1042807_16,1042807,16,2614.6,1682.12,16,3.51503,0,True,,,,,,,,,,,,,,,,,,,,,,
1042807_17,1042807,17,2627.06,3405.1,16,7.11545,1,True,True,15.5967,30.0735,5.14803,flare_decay,True,False,True,True,True,True,1.51069,0.997765,1,0.996727,True,True,True,True,,True,False
1042807_18,1042807,18,2632.01,6930.36,8,12.3736,1,True,True,13.2073,81.5286,-0.642697,flare_decay,True,True,True,True,True,True,1.52442,0.913865,,,True,True,True,True,,True,
1042807_19,1042807,19,2630.02,50000,1,48.7659,1,False,True,51.5586,805.727,13.2529,flare_decay,True,True,True,True,True,True,1.87413,0.939263,,,True,False,True,True,,True,
3906497_0,3906497,0,2621,254.601,24,3.67569,0,True,,,,,,,,,,,,,,,,,,,,,,
3906497_1,3906497,1,2631.4,1244.9,16,13.9264,1,True,True,12.2087,22.8771,-1.67182,flare_decay,True,True,True,True,True,True,0.852099,0.800541,,,True,True,True,True,,True,
3906497_2,3906497,2,2634.42,6872.71,4,36.2577,1,True,True,36.1073,421.743,17.0382,flare_decay,True,True,True,True,True,True,1.29738,0.912127,,,True,True,True,True,,True,
3906497_3,3906497,3,2614.11,3499.42,24,50.5213,1,True,True,40.3897,407.497,23.6312,flare_decay,True,True,True,True,False,True,2.32186,2.38464,,,True,True,True,False,,True,
3906497_4,3906497,4,2618.55,944.353,2,3.83862,0,False,,,,,,,,,,,,,,,,,,,,,,
3906497_5,3906497,5,2612.95,626.382,4,3.30454,0,True,,,,,,,,,,,,,,,,,,,,,,
3906497_6,3906497,6,2626.18,5501.71,4,29.0248,1,True,True,28.6363,213.091,17.9279,flare_decay,True,True,True,True,True,True,0.808318,0.946329,,,True,True,True,True,,True,
3906497_7,3906497,7,2628.02,271.85,16,3.04113,0,True,,,,,,,,,,,,,,,,,,,,,,
3906497_8,3906497,8,2634.61,2963.85,8,22.093,1,True,True,20.4925,112.86,-1.13269,flare_decay,True,True,True,True,True,True,0.781379,0.860895,,,True,True,True,True,,True,
3906497_9,3906497,9,2619.27,7203.53,8,53.6963,1,True,True,52.6287,708.334,40.5006,flare_decay,True,True,True,True,True,True,0.864825,0.868665,,,True,True,True,True,,True,
3906497_10,3906497,10,2630.49,1670.17,24,24.1124,1,True,True,22.5626,113.042,8.27705,flare_decay,True,True,True,True,True,True,0.595695,0.622448,1.9762e-14,1.31209e-69,True,True,True,True,,True,True
3906497_11,3906497,11,2614.36,442.054,8,3.29514,0,True,,,,,,,,,,,,,,,,,,,,,,
3906497_12,3906497,12,2613.72,733.819,8,5.47,0,True,,,,,,,,,,,,,,,,,,,,,,
3906497_13,3906497,13,2620.99,495.662,8,3.69474,0,True,,,,,,,,,,,,,,,,,,,,,,
3906497_14,3906497,14,2635.34,2723.25,2,11.0695,1,False,True,11.977,31.3403,-2.16122,flare_decay,True,True,True,True,True,True,0.724775,0.989744,,,True,False,True,True,,True,
3906497_15,3906497,15,2629.25,3497.75,1,10.2155,1,False,True,10.3807,12.9585,-7.65073,flare_decay,False,True,True,True,True,True,0.902695,1.17749,,,True,False,True,True,,True,
3906497_16,3906497,16,2616.86,2866.25,1,8.37113,1,False,True,8.09069,-5.94377,-5.59654,flare_decay,False,True,True,True,True,True,1.1969,1.07547,,,False,False,True,True,,True,
3906497_17,3906497,17,2631.87,2808.1,16,31.4136,1,True,True,26.015,172.001,-1.09845,flare_decay,True,True,True,True,True,True,0.828293,0.869867,0.72166,0,True,True,True,True,,True,False
3906497_18,3906497,18,2613.22,2378.3,24,34.3356,1,True,True,29.2023,175.737,14.3203,flare_decay,True,True,False,True,True,False,0.200054,0.410807,,,True,True,True,False,,True,
3906497_19,3906497,19,2612.9,1537.15,8,11.4582,1,True,True,10.9494,9.05098,-3.61526,flare_decay,False,True,True,True,True,True,0.363643,0.677379,,,False,True,True,True,,True,
4823121_0,4823121,0,2616.1,10630.7,16,32.8474,1,True,True,30.8055,338.9,3.32997,flare_decay,True,True,True,True,True,True,1.21484,0.950829,,,True,True,True,True,,True,
4823121_1,4823121,1,2613.49,6637.06,8,14.1994,1,True,True,16.3903,52.8244,1.11533,flare_decay,True,True,True,True,True,True,1.05554,1.00945,,,True,True,True,True,True,True,
4823121_2,4823121,2,2613.37,2582.52,24,9.63984,1,True,True,12.07,0.428948,-7.15142,step,False,True,True,True,True,True,0.699206,0.953474,,,False,True,True,True,,True,
4823121_3,4823121,3,2613.15,10163.6,2,12.0465,1,False,True,11.6027,36.41,-4.04884,flare_decay,True,True,True,True,True,True,0.864312,0.782522,,,True,False,True,True,,True,
4823121_4,4823121,4,2628.2,7455.93,4,11.7106,1,True,True,10.3711,18.1935,-1.48439,flare_decay,True,True,True,True,True,True,1.10343,1.02341,,,True,True,True,True,,True,
4823121_5,4823121,5,2632.15,9701.33,16,29.9759,1,True,True,27.7318,284.486,-2.02777,flare_decay,True,True,True,True,True,True,1.2885,0.9159,,,True,True,True,True,,True,
4823121_6,4823121,6,2635.96,5216.45,2,6.18287,0,False,,,,,,,,,,,,,,,,,,,,,,
4823121_7,4823121,7,2630.24,18239.7,4,28.6481,1,True,True,27.6913,260.111,12.6762,flare_decay,True,True,True,True,True,True,1.07724,0.957878,,,True,True,True,True,,True,
4823121_8,4823121,8,2611.1,4166.81,24,15.5536,1,True,True,21.8415,105.775,8.66268,flare_decay,True,True,True,True,True,True,0.554664,0.445356,,,True,True,True,True,True,True,
4823121_9,4823121,9,2633.77,2363.68,4,3.7125,0,True,,,,,,,,,,,,,,,,,,,,,,
4823121_10,4823121,10,2621.03,1679.74,24,6.27,0,True,,,,,,,,,,,,,,,,,,,,,,
4823121_11,4823121,11,2633.43,3492.37,8,7.47162,0,True,,,,,,,,,,,,,,,,,,,,,,
4823121_12,4823121,12,2612.18,9695.25,1,8.21592,1,False,True,8.54194,17.1717,-2.10567,flare_decay,True,True,True,True,True,True,1.15334,0.893082,,,True,False,True,True,,True,
4823121_13,4823121,13,2628.4,50000,1,42.3708,1,False,True,42.3805,381.938,47.4348,flare_decay,True,True,True,True,True,True,1.20814,0.934693,,,True,False,True,True,,True,
4823121_14,4823121,14,2620.56,10962.4,4,17.218,1,True,True,16.9784,82.0116,-4.44007,flare_decay,True,True,True,True,True,True,1.67365,0.971976,,,True,True,True,True,,True,
4823121_15,4823121,15,2627.3,7172.85,1,6.07839,0,False,,,,,,,,,,,,,,,,,,,,,,
4823121_16,4823121,16,2619.59,2395.91,4,3.76312,0,True,,,,,,,,,,,,,,,,,,,,,,
4823121_17,4823121,17,2634.46,1644.66,24,6.13907,0,True,,,,,,,,,,,,,,,,,,,,,,
4823121_18,4823121,18,2617.97,3480.42,4,5.46651,0,True,,,,,,,,,,,,,,,,,,,,,,
4823121_19,4823121,19,2618.7,4704.62,16,14.5367,1,True,True,12.6974,43.7773,-10.4883,flare_decay,False,True,True,True,True,True,1.30307,0.851361,,,True,True,True,True,,True,
4897275_0,4897275,0,2617.79,705.379,8,8.64039,1,True,True,8.01418,110.153,-8.28669,flare_decay,False,True,True,True,True,True,1.40604,1.00483,1.97689e-09,0,True,True,True,True,,True,True
4897275_1,4897275,1,2612.85,3224.39,8,39.4965,1,True,True,39.717,789.833,69.8044,flare_decay,True,True,True,True,True,True,0.419418,0.787848,,,True,True,True,True,,True,
4897275_2,4897275,2,2614.93,196.868,24,3.03187,0,True,,,,,,,,,,,,,,,,,,,,,,
4897275_3,4897275,3,2617.93,451.907,16,6.13553,0,True,,,,,,,,,,,,,,,,,,,,,,
4897275_4,4897275,4,2617.59,2666.67,24,41.0682,1,True,True,34.8256,3001.3,224.254,flare_decay,True,True,True,True,True,True,1.71327,0.904942,,,True,True,True,True,,True,
4897275_5,4897275,5,2632.13,962.67,24,14.8256,1,True,True,13.8241,388.291,102.173,flare_decay,True,True,True,True,True,True,1.60664,0.864528,,,True,True,True,True,,True,
4897275_6,4897275,6,2634.2,7278.36,1,57.1591,1,False,True,58.8698,1385.93,-42.3088,flare_decay,False,True,True,True,True,True,0.479462,0.876609,,,True,False,True,True,,True,
4897275_7,4897275,7,2620.79,2767.54,8,33.9003,1,True,True,33.7795,739.139,49.624,flare_decay,True,True,True,True,True,True,0.464485,0.861854,,,True,True,True,True,,True,
4897275_8,4897275,8,2612.25,259.693,8,3.18105,0,True,,,,,,,,,,,,,,,,,,,,,,
4897275_9,4897275,9,2617.52,393.856,16,5.34738,0,True,,,,,,,,,,,,,,,,,,,,,,
4897275_10,4897275,10,2632.63,526.147,2,4.77117,0,False,,,,,,,,,,,,,,,,,,,,,,
4897275_11,4897275,11,2627.36,1352.44,8,16.5664,1,True,True,14.9316,150.639,13.4415,flare_decay,True,True,True,True,True,True,1.20343,0.840708,,,True,True,True,True,,True,
4897275_12,4897275,12,2621.36,2104.61,1,16.5281,1,False,True,16.7785,28.3055,3.18378,flare_decay,True,True,True,True,True,True,0.368459,1.2319,,,True,False,True,True,,True,
4897275_13,4897275,13,2631.06,1878.26,24,28.9261,1,True,True,28.5652,1544.64,483.013,flare_decay,True,False,True,True,True,True,2.25758,0.96814,,,True,True,True,True,,True,
4897275_14,4897275,14,2633.31,400.383,16,5.436,0,True,,,,,,,,,,,,,,,,,,,,,,
4897275_15,4897275,15,2615.7,3669.06,8,44.9433,1,True,True,41.6229,2232.55,127.794,flare_decay,True,True,True,True,True,True,1.18411,0.896307,,,True,True,True,True,True,True,
4897275_16,4897275,16,2621.44,2930.75,2,26.5764,1,False,True,26.9349,121.788,-3.44372,flare_decay,True,True,True,True,True,True,0.429984,1.15861,,,True,False,True,True,,True,
4897275_17,4897275,17,2634.34,3184.27,24,49.0394,1,True,True,43.784,4766.48,423.431,flare_decay,True,True,True,True,True,True,1.84279,1.0487,,,True,True,True,True,,True,
4897275_18,4897275,18,2621.24,6314.6,1,49.5904,1,False,True,49.5425,345.663,57.0126,flare_decay,True,True,False,True,True,False,0.148093,0.871723,,,True,False,True,False,,True,
4897275_19,4897275,19,2618.27,591.243,4,6.06903,0,True,,,,,,,,,,,,,,,,,,,,,,
16848921_0,16848921,0,2619.9,6430.04,16,48.731,1,True,True,44.1591,473.204,25.0317,flare_decay,True,True,True,True,True,True,0.912433,0.943228,,,True,True,True,True,,True,
16848921_1,16848921,1,2611.86,2761.2,24,27.7869,1,True,True,24.2098,198.512,23.6779,flare_decay,True,True,True,True,True,True,1.20445,0.939499,0.982637,0,True,True,True,True,,True,False
16848921_2,16848921,2,2632.42,1509.28,24,15.1884,1,True,True,12.7535,43.8371,-2.91124,flare_decay,True,True,True,True,True,True,0.980589,0.900529,,,True,True,True,True,,True,
16848921_3,16848921,3,2621.43,2061.93,2,6.8056,0,False,,,,,,,,,,,,,,,,,,,,,,
16848921_4,16848921,4,2613.73,13743.8,1,30.5082,1,False,True,29.2953,94.4585,-2.23651,flare_decay,True,True,True,True,True,True,0.957194,0.973583,,,True,False,True,True,,True,
16848921_5,16848921,5,2635.31,834.294,16,6.32283,0,True,,,,,,,,,,,,,,,,,,,,,,
16848921_6,16848921,6,2633.87,15047.8,2,49.6667,1,False,True,47.6459,423.023,-37.3637,flare_decay,False,True,True,True,True,True,0.608965,0.918012,,,True,False,True,True,,True,
16848921_7,16848921,7,2629.86,3228.54,4,14.4576,1,True,True,14.6614,41.5994,0.9522,flare_decay,True,True,True,True,True,True,0.746719,0.75555,,,True,True,True,True,,True,
16848921_8,16848921,8,2634.92,6984.76,16,52.9351,1,True,True,51.6184,732.535,72.3803,flare_decay,True,True,True,True,True,True,0.991752,0.89449,,,True,True,True,True,,True,
16848921_9,16848921,9,2613.94,1617.22,2,5.33778,0,False,,,,,,,,,,,,,,,,,,,,,,
16848921_10,16848921,10,2630.84,4847.81,1,10.7611,1,False,True,11.8682,10.8505,-1.68181,flare_decay,True,True,True,True,True,True,1.49038,0.863647,,,True,False,True,True,,True,
16848921_11,16848921,11,2620.72,4531.06,16,34.3393,1,True,True,36.4228,237.77,14.8194,flare_decay,True,True,True,True,True,True,0.678422,0.825313,,,True,True,True,True,,True,
16848921_12,16848921,12,2619.25,2109.17,4,9.44498,1,True,True,8.46773,8.03634,-6.03128,flare_decay,False,True,True,True,True,True,0.754391,0.851338,,,False,True,True,True,,True,
16848921_13,16848921,13,2611.89,1211.24,8,6.91744,0,True,,,,,,,,,,,,,,,,,,,,,,
16848921_14,16848921,14,2635.03,2978.69,2,9.83146,1,False,True,9.20257,4.00025,-7.59907,flare_decay,False,True,True,True,True,True,1.47162,0.947961,,,False,False,True,True,,True,
16848921_15,16848921,15,2613.22,5245.16,8,29.9554,1,True,True,31.1355,237.013,47.5574,flare_decay,True,True,True,True,True,True,0.964819,0.889171,,,True,True,True,True,,True,
16848921_16,16848921,16,2614.14,2938.69,24,29.5731,1,True,True,23.011,129.117,10.6254,flare_decay,True,True,True,True,True,True,2.10955,1.79748,,,True,True,True,True,,True,
16848921_17,16848921,17,2627.31,8741.34,4,39.1443,1,True,True,39.7355,255.231,3.01384,flare_decay,True,True,True,True,True,True,0.76608,0.965562,,,True,True,True,True,True,True,
16848921_18,16848921,18,2618.95,2191.04,4,9.81163,1,True,True,10.776,9.76119,-5.03547,flare_decay,False,True,True,True,True,True,0.816177,0.959298,,,False,True,True,True,,True,
16848921_19,16848921,19,2634.36,4066.37,24,40.9213,1,True,True,38.6485,348.089,7.27011,flare_decay,True,True,True,True,True,True,0.870313,0.860086,,,True,True,True,True,,True,
17124327_0,17124327,0,2610.7,32313,2,53.4457,1,False,True,50.8501,1222.22,131.324,flare_decay,True,True,True,True,True,True,1.53262,0.921681,,,True,False,True,True,,True,
17124327_1,17124327,1,2632.66,39462.1,1,52.4639,1,False,True,50.4577,834.15,4.55947,flare_decay,True,True,True,True,True,True,1.22035,0.834361,,,True,False,True,True,,True,
17124327_2,17124327,2,2632.04,7220.89,24,39.2501,1,True,True,28.9874,553.949,36.6636,flare_decay,True,True,True,True,True,True,1.86752,0.886771,,,True,True,True,True,,True,
17124327_3,17124327,3,2630.63,2905.67,8,8.55871,1,True,True,8.19664,7.09365,-4.0504,step,False,True,True,True,True,True,1.88734,0.963417,,,False,True,True,True,,True,
17124327_4,17124327,4,2616.54,9020.73,8,26.5708,1,True,True,24.2509,279.259,5.56173,flare_decay,True,True,True,True,True,True,1.42941,0.894779,,,True,True,True,True,,True,
17124327_5,17124327,5,2617.09,13474.5,4,30.7441,1,True,True,29.2306,322.414,44.8211,flare_decay,True,True,True,True,True,True,1.37394,0.85324,,,True,True,True,True,,True,
17124327_6,17124327,6,2629.53,753.604,16,3.08372,0,True,,,,,,,,,,,,,,,,,,,,,,
17124327_7,17124327,7,2611.15,8190.07,8,24.1241,1,True,True,19.3175,197.514,-9.36436,flare_decay,False,True,True,True,True,True,1.57943,0.922408,,,True,True,True,True,,True,
17124327_8,17124327,8,2611.59,3170.74,4,7.23452,1,True,True,7.72123,10.8998,-7.39984,flare_decay,False,True,True,True,True,True,1.09467,0.760853,0.326451,0.172076,True,True,True,True,,True,False
17124327_9,17124327,9,2630.2,10866.6,16,44.4658,1,True,True,39.3585,882.567,35.6876,flare_decay,True,True,True,True,True,True,1.6116,0.815269,,,True,True,True,True,,True,
17124327_10,17124327,10,2616.53,24424.7,4,55.7286,1,True,True,53.9686,1108.76,45.4665,flare_decay,True,True,True,True,True,True,1.14918,0.856519,,,True,True,True,True,,True,
17124327_11,17124327,11,2633.64,1241.98,24,6.75091,0,True,,,,,,,,,,,,,,,,,,,,,,
17124327_12,17124327,12,2629.68,6568.48,24,35.7038,1,True,True,32.9023,472.805,32.5969,flare_decay,True,True,True,True,True,True,1.57474,0.790914,,,True,True,True,True,,True,
17124327_13,17124327,13,2627.42,17210.3,8,50.6935,1,True,True,52.8486,936.76,48.3886,flare_decay,True,True,True,True,True,True,1.40246,0.833246,,,True,True,True,True,,True,
17124327_14,17124327,14,2617.47,20122.5,4,45.9126,1,True,True,44.0247,785.786,38.3249,flare_decay,True,True,True,True,True,True,1.44397,0.845041,,,True,True,True,True,,True,
17124327_15,17124327,15,2617.63,7633.13,8,22.4836,1,True,True,20.4044,254.813,6.51043,flare_decay,True,True,True,True,True,True,1.37547,0.830476,,,True,True,True,True,,True,
17124327_16,17124327,16,2632.65,3704.16,24,20.1344,1,True,True,15.5927,154.681,-7.50641,flare_decay,False,True,True,True,False,True,1.8399,0.879459,,,True,True,True,False,,True,
17124327_17,17124327,17,2618.31,6139.62,2,10.1549,1,False,True,10.6319,33.6443,1.07455,flare_decay,True,True,True,True,True,True,1.51647,0.835504,,,True,False,True,True,,True,
17124327_18,17124327,18,2634.88,1688.14,24,9.17611,0,True,,,,,,,,,,,,,,,,,,,,,,
17124327_19,17124327,19,2620.18,2755.47,24,14.9777,1,True,True,11.8598,82.4814,10.1273,step,True,True,True,True,False,True,1.68382,0.870522,,,True,True,True,False,,True,
17934320_0,17934320,0,2616.54,2184.66,2,3.82307,0,False,,,,,,,,,,,,,,,,,,,,,,
17934320_1,17934320,1,2628.69,3555.03,4,9.2514,1,True,True,9.55695,13.7814,-2.01364,flare_decay,True,True,True,True,True,True,0.958405,0.837068,,,True,True,True,True,,True,
17934320_2,17934320,2,2627.11,10926.4,2,19.1207,1,False,True,18.6381,86.7183,-1.14047,flare_decay,True,True,True,True,True,True,1.07219,0.804625,,,True,False,True,True,,True,
17934320_3,17934320,3,2618.02,2782.24,24,23.0244,1,True,True,17.9995,44.8811,-1.89571,flare_decay,True,True,True,True,True,True,0.737576,0.803744,,,True,True,True,True,,True,
17934320_4,17934320,4,2629.61,9082.53,1,11.1331,1,False,True,11.5012,35.4158,-13.4388,flare_decay,False,True,True,True,True,True,0.656044,0.723616,,,True,False,True,True,,True,
17934320_5,17934320,5,2632.82,1928.96,2,3.37561,0,False,,,,,,,,,,,,,,,,,,,,,,
17934320_6,17934320,6,2612.13,2444.81,2,4.27832,0,False,,,,,,,,,,,,,,,,,,,,,,
17934320_7,17934320,7,2615.76,12497,8,47.4685,1,True,True,44.5878,432.615,27.8612,flare_decay,True,True,True,True,True,True,0.794887,0.920333,,,True,True,True,True,True,True,
17934320_8,17934320,8,2618.49,5875.74,24,48.6246,1,True,True,39.39,283.652,4.29,flare_decay,True,True,True,True,True,True,0.902099,0.910942,,,True,True,True,True,,True,
17934320_9,17934320,9,2631.83,6599.81,24,54.6167,1,True,True,38.7095,292.874,6.15561,flare_decay,True,True,True,True,True,True,1.11066,0.931347,,,True,True,True,True,,True,
17934320_10,17934320,10,2613.71,4839.57,24,40.0498,1,True,True,37.8393,173.246,-10.5044,flare_decay,False,True,True,True,True,True,0.499449,1.36339,,,True,True,True,True,,True,
17934320_11,17934320,11,2631.35,12415.4,4,32.3091,1,True,True,31.7389,110.105,2.46403,flare_decay,True,True,True,True,True,True,0.924968,0.88179,,,True,True,True,True,,True,
17934320_12,17934320,12,2633.48,2768.59,1,3.39366,0,False,,,,,,,,,,,,,,,,,,,,,,
17934320_13,17934320,13,2628.15,7414.58,16,44.7618,1,True,True,37.3518,263.755,12.7313,flare_decay,True,True,True,True,True,True,0.884195,0.931379,1.00364e-13,0,True,True,True,True,,True,True
17934320_14,17934320,14,2618.79,12125.9,4,31.5558,1,True,True,32.4333,155.58,-0.49407,flare_decay,True,True,True,True,True,True,0.999469,0.97495,,,True,True,True,True,,True,
17934320_15,17934320,15,2614.39,759.316,24,6.28371,0,True,,,,,,,,,,,,,,,,,,,,,,
17934320_16,17934320,16,2619.15,5946.5,2,10.4061,1,False,True,12.3115,34.55,-2.52475,flare_decay,True,True,True,True,True,True,0.955666,0.872099,,,True,False,True,True,,True,
17934320_17,17934320,17,2619.53,11808.3,2,20.664,1,False,True,19.3445,91.2741,3.2267,flare_decay,True,True,True,True,True,True,1.21128,0.978505,,,True,False,True,True,,True,
17934320_18,17934320,18,2631.61,3652.69,8,13.8743,1,True,True,14.8635,19.8525,-2.12251,flare_decay,True,True,True,True,True,True,0.911807,0.863991,,,True,True,True,True,,True,
17934320_19,17934320,19,2619.03,2214.45,2,3.8752,0,False,,,,,,,,,,,,,,,,,,,,,,
18016162_0,18016162,0,2626.36,2888.29,2,4.81419,0,False,,,,,,,,,,,,,,,,,,,,,,
18016162_1,18016162,1,2618.54,11886.1,8,38.4962,1,True,True,37.4602,343.68,18.5205,flare_decay,True,True,True,True,True,True,0.810459,0.91623,,,True,True,True,True,,True,
18016162_2,18016162,2,2611.24,1673.06,24,11.7306,1,True,True,11.4695,1.51748,0.00763716,flare_decay,False,False,False,True,True,False,-0.0366718,-0.0280392,,,False,True,False,False,,True,
18016162_3,18016162,3,2628.47,17719.4,1,20.8176,1,False,True,22.351,158.488,-6.70012,flare_decay,False,True,True,True,True,True,0.857401,0.882191,,,True,False,True,True,,True,
18016162_4,18016162,4,2619.63,864.102,24,6.05862,0,True,,,,,,,,,,,,,,,,,,,,,,
18016162_5,18016162,5,2634.52,11756.4,8,38.0763,1,True,True,35.8953,379.057,25.383,flare_decay,True,True,True,True,True,True,0.932677,0.901638,,,True,True,True,True,True,True,
18016162_6,18016162,6,2613.84,19351.7,4,43.8707,1,False,True,45.6429,384.306,15.5884,flare_decay,True,True,True,True,True,True,0.638765,0.884541,,,True,True,True,True,True,True,
18016162_7,18016162,7,2620.56,2340.99,16,10.0264,1,True,True,10.9849,8.08951,-7.25401,flare_decay,False,True,True,True,True,True,0.570695,0.681853,,,False,True,True,True,,True,
18016162_8,18016162,8,2613.87,7646.14,16,32.7483,1,True,True,29.8616,139.517,13.7366,flare_decay,True,True,True,True,True,True,0.842163,0.921119,,,True,True,True,True,,True,
18016162_9,18016162,9,2629.24,5983.88,24,41.9558,1,True,True,37.2839,250.743,28.8475,flare_decay,True,True,True,True,True,True,0.897134,1.04678,,,True,True,True,True,,True,
18016162_10,18016162,10,2616.52,604.409,24,4.23779,0,True,,,,,,,,,,,,,,,,,,,,,,
18016162_11,18016162,11,2610.75,6195.55,24,43.4399,1,True,True,29.9894,145.5,16.3826,step,True,False,True,True,True,True,0.952552,0.70592,,,True,True,True,True,,True,
18016162_12,18016162,12,2612.31,2578.02,4,5.84441,0,True,,,,,,,,,,,,,,,,,,,,,,
18016162_13,18016162,13,2618.18,1445.9,24,10.1379,0,True,,,,,,,,,,,,,,,,,,,,,,
18016162_14,18016162,14,2619.92,1854.78,2,3.09155,0,False,,,,,,,,,,,,,,,,,,,,,,
18016162_15,18016162,15,2617.28,934.169,24,6.5499,0,True,,,,,,,,,,,,,,,,,,,,,,
18016162_16,18016162,16,2618.65,2852.83,16,12.2186,1,True,True,14.0173,53.755,-5.5757,flare_decay,True,True,True,True,True,True,0.826544,0.856455,,,True,True,True,True,True,True,
18016162_17,18016162,17,2615.47,5254.58,24,36.8423,1,True,True,30.406,194.686,20.4679,flare_decay,True,True,False,True,True,False,0.239384,0.352674,,,True,True,True,False,,True,
18016162_18,18016162,18,2614.29,1800.1,8,5.8301,0,True,,,,,,,,,,,,,,,,,,,,,,
18016162_19,18016162,19,2635.2,8383.15,1,9.84891,1,False,True,8.41996,3.39832,-6.33281,flare_decay,False,True,True,True,True,True,1.06314,0.848068,,,False,False,True,True,,True,
125528072_0,125528072,0,2614.22,1665.63,16,4.39689,0,True,,,,,,,,,,,,,,,,,,,,,,
125528072_1,125528072,1,2626.57,31978.5,8,53.1883,1,True,True,52.0258,1493.89,74.0497,flare_decay,True,True,True,True,True,True,1.65718,1.0226,,,True,True,True,True,True,True,
125528072_2,125528072,2,2615.59,4573.52,8,7.60691,0,True,,,,,,,,,,,,,,,,,,,,,,
125528072_3,125528072,3,2634.87,17915.2,4,23.1755,1,True,True,25.9961,350.795,29.6561,flare_decay,True,True,True,True,True,True,1.60892,0.819906,,,True,True,True,True,,True,
125528072_4,125528072,4,2617.19,2488.47,24,11.2166,0,True,,,,,,,,,,,,,,,,,,,,,,
125528072_5,125528072,5,2617.56,6622.21,16,17.4812,0,True,,,,,,,,,,,,,,,,,,,,,,
125528072_6,125528072,6,2613.46,1632.47,16,4.30936,0,True,,,,,,,,,,,,,,,,,,,,,,
125528072_7,125528072,7,2614.63,3262.84,4,4.22089,0,True,,,,,,,,,,,,,,,,,,,,,,
125528072_8,125528072,8,2616.72,4763.72,24,21.4722,0,True,,,,,,,,,,,,,,,,,,,,,,
125528072_9,125528072,9,2612.64,9925.37,4,12.8397,1,True,True,15.7329,131.208,6.43626,flare_decay,True,True,True,True,True,True,0.870195,0.775794,,,True,True,True,True,,True,
125528072_10,125528072,10,2617.09,10070.4,1,9.19641,1,False,True,8.57918,12.555,-3.31011,flare_decay,True,True,True,True,True,True,1.3805,0.910973,,,True,False,True,True,,True,
125528072_11,125528072,11,2619.11,1620,16,4.27646,0,True,,,,,,,,,,,,,,,,,,,,,,
125528072_12,125528072,12,2631.99,6731.88,1,6.14765,0,False,,,,,,,,,,,,,,,,,,,,,,
125528072_13,125528072,13,2633.41,6694.88,1,6.11386,0,False,,,,,,,,,,,,,,,,,,,,,,
125528072_14,125528072,14,2614.34,13642.9,16,36.0144,1,True,True,22.2453,321.035,27.976,flare_decay,True,True,True,True,True,True,2.96911,1.24363,,,True,True,True,True,,True,
125528072_15,125528072,15,2631.72,2326.13,24,10.4849,0,True,,,,,,,,,,,,,,,,,,,,,,
125528072_16,125528072,16,2635.47,757.88,24,3.4161,0,True,,,,,,,,,,,,,,,,,,,,,,
125528072_17,125528072,17,2612.45,18722.1,16,49.4222,1,True,True,44.3823,1362.5,117.919,flare_decay,True,True,True,True,True,True,1.25599,0.720461,1,0.999971,True,True,True,True,,True,False
125528072_18,125528072,18,2618.93,21937.7,4,28.3792,1,True,True,29.187,706.33,70.3671,flare_decay,True,True,True,True,True,True,2.07546,0.84039,,,True,True,True,True,,True,
125528072_19,125528072,19,2631.44,21583.6,8,35.8989,1,True,True,34.4739,801.722,31.0757,flare_decay,True,True,True,True,True,True,2.14624,0.86894,,,True,True,True,True,,True,
125551828_0,125551828,0,2617.18,1147.05,4,3.95544,0,False,,,,,,,,,,,,,,,,,,,,,,
125551828_1,125551828,1,2634.05,3038.97,8,13.7129,1,True,True,13.3846,74.028,9.74909,flare_decay,True,True,True,True,True,True,1.36467,0.941579,0.00708538,1.36641e-14,True,True,True,True,True,True,True
125551828_2,125551828,2,2620.81,3370.32,2,9.16827,1,False,True,10.3036,31.6064,-4.80741,flare_decay,True,True,True,True,True,True,0.985529,0.948821,,,True,False,True,True,,True,
125551828_3,125551828,3,2611.2,5498.11,24,45.9089,1,True,True,38.808,103.267,33.2751,step,True,True,True,True,True,True,1.03729,1.17258,,,True,True,True,True,True,True,
125551828_4,125551828,4,2634.48,7021.57,2,19.1008,1,False,True,16.8853,59.4026,-3.93678,flare_decay,True,True,True,True,True,True,1.11013,0.955778,,,True,False,True,True,,True,
125551828_5,125551828,5,2626.65,523.388,16,3.36898,1,True,True,10.2019,39.2962,6.87106,step,True,False,False,True,True,False,0.725631,0.363801,,,True,True,False,False,,True,
125551828_6,125551828,6,2619.8,2885.09,24,24.0903,1,True,True,17.0799,99.8415,13.9053,flare_decay,True,True,True,True,True,True,0.65158,0.477187,,,True,True,True,True,,True,
125551828_7,125551828,7,2630.03,4594.95,24,38.3675,1,True,True,32.3355,499.052,35.8778,flare_decay,True,True,True,True,True,True,1.49022,0.925828,,,True,True,True,True,True,True,
125551828_8,125551828,8,2619.01,979.66,24,8.1801,0,True,,,,,,,,,,,,,,,,,,,,,,
125551828_9,125551828,9,2633.17,861.823,24,7.19617,0,True,,,,,,,,,,,,,,,,,,,,,,
125551828_10,125551828,10,2626.25,8361.97,4,28.835,1,False,True,13.0758,55.6482,251.271,step,True,False,True,True,True,True,2.37945,1.08439,,,True,False,True,True,,True,
125551828_11,125551828,11,2626.18,6553.75,16,42.1856,1,True,True,24.1688,-9.17081,-4.52642,step,False,False,True,True,True,True,1.61414,1.15161,,,False,True,True,True,,True,
125551828_12,125551828,12,2628.65,2104.51,16,13.5465,1,True,True,14.1903,65.5449,-6.94448,flare_decay,False,True,True,True,True,True,1.12542,0.805007,,,True,True,True,True,,True,
125551828_13,125551828,13,2635.01,1154.99,16,7.4345,0,True,,,,,,,,,,,,,,,,,,,,,,
125551828_14,125551828,14,2615.79,1381.34,2,3.75767,0,False,,,,,,,,,,,,,,,,,,,,,,
125551828_15,125551828,15,2620.9,11648.8,4,40.169,1,False,True,39.0153,424.431,17.7588,flare_decay,True,True,True,True,True,True,0.913548,0.929814,,,True,False,True,True,,True,
125551828_16,125551828,16,2616.76,15634.4,4,53.9127,1,False,True,52.0503,656.707,26.2233,flare_decay,True,True,True,True,True,True,1.11615,0.962707,,,True,False,True,True,,True,
125551828_17,125551828,17,2616.68,8667.78,1,17.1661,1,False,True,17.0908,60.363,-1.3025,flare_decay,True,True,True,True,True,True,1.02356,1.08228,,,True,False,True,True,,True,
125551828_18,125551828,18,2612.38,4222.76,16,27.1813,1,True,True,22.7095,113.575,-4.06754,step,True,True,True,True,True,True,1.11975,1.01911,,,True,True,True,True,,True,
125551828_19,125551828,19,2629.29,823.14,24,6.87317,0,True,,,,,,,,,,,,,,,,,,,,,,
137771163_0,137771163,0,2611.04,1845.98,1,3.92723,0,False,,,,,,,,,,,,,,,,,,,,,,
137771163_1,137771163,1,2633.63,2046.35,1,4.35351,0,False,,,,,,,,,,,,,,,,,,,,,,
137771163_2,137771163,2,2614.52,1143.81,4,5.07443,0,True,,,,,,,,,,,,,,,,,,,,,,
137771163_3,137771163,3,2616.84,20813.5,1,44.2796,1,False,True,43.448,416.407,-12.0873,flare_decay,False,True,True,True,True,True,1.39592,0.95885,,,True,False,True,True,,True,
137771163_4,137771163,4,2612.94,4057.2,8,27.1107,1,True,True,26.5454,92.6469,0.633451,flare_decay,True,True,True,True,True,True,0.627723,0.874632,,,True,True,True,True,,True,
137771163_5,137771163,5,2635.81,394.191,24,4.87327,0,True,,,,,,,,,,,,,,,,,,,,,,
137771163_6,137771163,6,2610.87,1757.79,4,7.79831,1,True,True,8.46186,3.40271,-8.03645,flare_decay,False,True,True,True,True,True,0.833637,0.882001,,,False,True,True,True,,True,
137771163_7,137771163,7,2635.94,1278.2,16,14.3129,0,True,,,,,,,,,,,,,,,,,,,,,,
137771163_8,137771163,8,2621.19,1633.24,4,7.24576,0,True,,,,,,,,,,,,,,,,,,,,,,
137771163_9,137771163,9,2629.13,11366.1,4,50.425,1,True,True,48.1373,387.1,44.813,flare_decay,True,True,True,True,True,True,0.897056,0.94069,,,True,True,True,True,,True,
137771163_10,137771163,10,2634.15,845.34,16,9.46588,0,True,,,,,,,,,,,,,,,,,,,,,,
137771163_11,137771163,11,2635.08,1132.43,16,12.6806,1,True,True,14.2678,12.9049,-7.6997,flare_decay,False,True,True,True,True,True,0.599765,0.909885,,,True,True,True,True,,True,
137771163_12,137771163,12,2620.87,2957.05,2,8.72757,1,False,True,10.2533,15.119,-4.84319,flare_decay,True,True,True,True,True,True,0.972229,0.975017,,,True,False,True,True,,True,
137771163_13,137771163,13,2616.34,1141.33,4,5.06343,0,True,,,,,,,,,,,,,,,,,,,,,,
137771163_14,137771163,14,2615.45,305.782,24,3.7803,0,True,,,,,,,,,,,,,,,,,,,,,,
137771163_15,137771163,15,2633.97,1114.17,2,3.2884,0,False,,,,,,,,,,,,,,,,,,,,,,
137771163_16,137771163,16,2626.94,3729.46,1,7.93423,1,False,True,8.65606,-5.92796,-8.6462,flare_decay,False,True,True,True,True,True,1.19352,0.902625,,,False,False,True,True,,True,
137771163_17,137771163,17,2616.99,1474.26,1,3.1364,0,False,,,,,,,,,,,,,,,,,,,,,,
137771163_18,137771163,18,2614.26,843.503,4,3.74215,0,True,,,,,,,,,,,,,,,,,,,,,,
137771163_19,137771163,19,2633.93,4971.27,16,55.6669,1,True,True,48.7956,338.286,7.21065,flare_decay,True,True,True,True,True,True,0.860908,1.06918,,,True,True,True,True,True,True,
137776677_0,137776677,0,2616.77,16416.5,1,20.6539,1,False,True,21.6357,136.884,-9.93323,flare_decay,False,True,True,True,True,True,1.92605,1.03566,,,True,False,True,True,,True,
137776677_1,137776677,1,2634.58,12135.9,1,15.2683,1,False,True,17.4894,40.4124,-4.22759,flare_decay,True,True,True,True,True,True,1.05044,0.883158,,,True,False,True,True,,True,
137776677_2,137776677,2,2635.31,3710.39,4,7.68615,0,True,,,,,,,,,,,,,,,,,,,,,,
137776677_3,137776677,3,2629.03,6766.71,1,8.5133,1,False,True,8.25176,-4.6404,-2.62538,flare_decay,False,True,True,True,True,True,1.11179,1.02423,,,False,False,True,True,,True,
137776677_4,137776677,4,2634.82,12017.5,16,36.5815,1,True,True,38.5636,652.907,29.8796,flare_decay,True,True,True,True,True,True,1.57878,0.980525,,,True,True,True,True,True,True,
137776677_5,137776677,5,2615.62,8088.39,8,19.9702,1,True,True,20.1479,148.892,-7.77589,flare_decay,False,True,True,True,True,True,1.60365,0.956656,,,True,True,True,True,,True,
137776677_6,137776677,6,2611.29,13535.3,4,28.0386,1,True,True,26.2009,306.289,-5.56465,flare_decay,True,True,True,True,True,True,1.91684,0.97145,1.43807e-08,0,True,True,True,True,,True,True
137776677_7,137776677,7,2612.24,16543.5,2,26.7155,1,False,True,25.9827,269.887,9.15765,flare_decay,True,True,True,True,True,True,1.24355,0.940733,,,True,False,True,True,,True,
137776677_8,137776677,8,2634.52,30270.9,1,38.0843,1,False,True,36.8824,244.129,-10.4548,flare_decay,False,True,True,True,True,True,1.24337,0.936302,,,True,False,True,True,,True,
137776677_9,137776677,9,2616.84,27218.4,4,56.3836,1,True,True,55.1208,1135.6,76.4005,flare_decay,True,True,True,True,True,True,1.69154,0.950667,,,True,True,True,True,True,True,
137776677_10,137776677,10,2611.9,1480.94,4,3.0678,0,True,,,,,,,,,,,,,,,,,,,,,,
137776677_11,137776677,11,2614.97,12731.2,16,38.7537,1,True,True,32.476,690.437,58.5089,flare_decay,True,True,True,True,True,True,1.50333,0.897088,,,True,True,True,True,True,True,
137776677_12,137776677,12,2632.54,2069.73,24,8.01794,0,True,,,,,,,,,,,,,,,,,,,,,,
137776677_13,137776677,13,2629.9,10988.8,4,22.7636,1,True,True,22.2302,141.913,0.5929,flare_decay,True,True,True,True,True,True,1.92262,0.927531,,,True,True,True,True,,True,
137776677_14,137776677,14,2626.93,2064.87,4,4.27742,0,True,,,,,,,,,,,,,,,,,,,,,,
137776677_15,137776677,15,2632.78,4862.91,24,18.8385,1,True,True,13.7886,89.7821,9.30128,step,True,True,True,True,True,True,2.04385,0.974669,,,True,True,True,True,,True,
137776677_16,137776677,16,2611.81,2740.8,8,6.76704,0,True,,,,,,,,,,,,,,,,,,,,,,
137776677_17,137776677,17,2613.08,8770.7,4,18.1687,1,True,True,17.5548,124.745,22.8671,flare_decay,True,True,True,True,True,True,1.66715,0.964518,,,True,True,True,True,,True,
137776677_18,137776677,18,2619.33,4810.65,16,14.6436,1,True,True,12.8063,124.153,13.5906,flare_decay,True,True,True,True,True,True,1.82296,0.987892,,,True,True,True,True,,True,
137776677_19,137776677,19,2618.61,10828.3,4,22.4311,1,True,True,21.3642,118.877,-0.2665,flare_decay,True,True,True,True,True,True,1.15123,0.932979,,,True,True,True,True,,True,
4957322_0,4957322,0,2627.01,308.891,8,3.09766,0,True,,,,,,,,,,,,,,,,,,,,,,
4957322_1,4957322,1,2619.1,8549.33,2,42.0004,1,False,True,43.2755,472.181,10.6098,flare_decay,True,True,True,True,True,True,0.665283,0.969094,,,True,False,True,True,,True,
4957322_2,4957322,2,2620.03,621.062,24,11.3898,0,True,,,,,,,,,,,,,,,,,,,,,,
4957322_3,4957322,3,2617.74,946.184,16,14.2828,1,True,True,16.9627,33.3914,4.69645,flare_decay,True,True,True,True,True,True,0.739824,1.05631,1.3024e-09,1.19158e-11,True,True,True,True,,True,True
4957322_4,4957322,4,2619.04,1011.01,24,18.5411,1,True,True,14.5535,43.9552,1.61247,flare_decay,True,True,False,True,True,False,0.133649,0.194775,,,True,True,True,False,,True,
4957322_5,4957322,5,2631.19,5895.41,4,42.9682,1,True,True,44.6333,288.88,21.9217,flare_decay,True,True,True,True,True,True,0.910256,0.973405,,,True,True,True,True,,True,
4957322_6,4957322,6,2634.16,300.384,16,4.53436,0,True,,,,,,,,,,,,,,,,,,,,,,
4957322_7,4957322,7,2620.38,1149.07,4,8.37491,0,True,,,,,,,,,,,,,,,,,,,,,,
4957322_8,4957322,8,2614.27,1501.37,4,10.9426,1,True,True,11.0008,32.6709,-0.473387,flare_decay,True,True,False,True,True,False,0.296185,0.713452,,,True,True,True,False,,True,
4957322_9,4957322,9,2616.43,5002.13,2,24.5741,1,False,True,23.4462,183.249,10.7308,flare_decay,True,True,True,True,True,True,1.25547,0.947318,,,True,False,True,True,,True,
4957322_10,4957322,10,2612.97,872.406,24,15.9992,1,True,True,13.9013,35.1475,-3.7691,flare_decay,True,True,False,True,True,False,-0.287794,-0.505924,,,True,True,True,False,,True,
4957322_11,4957322,11,2627.53,650.344,2,3.19496,0,False,,,,,,,,,,,,,,,,,,,,,,
4957322_12,4957322,12,2618.61,1354.86,8,13.587,1,True,True,12.3405,17.2006,-1.67267,flare_decay,True,True,True,True,True,True,0.690904,0.990554,,,True,True,True,True,True,True,
4957322_13,4957322,13,2610.11,410.123,24,7.52132,0,True,,,,,,,,,,,,,,,,,,,,,,
4957322_14,4957322,14,2626.93,350.699,24,6.43154,0,True,,,,,,,,,,,,,,,,,,,,,,
4957322_15,4957322,15,2629.26,1703.58,4,12.4164,1,True,True,11.3369,45.0753,-0.919939,step,True,True,True,True,True,True,1.05058,1.05785,,,True,True,True,True,,True,
4957322_16,4957322,16,2631.42,1004.53,8,10.0738,1,True,True,11.1111,21.5924,-7.61518,step,False,True,True,True,True,True,0.766788,0.928064,,,True,True,True,True,True,True,
4957322_17,4957322,17,2635.58,531.747,4,3.8756,0,True,,,,,,,,,,,,,,,,,,,,,,
4957322_18,4957322,18,2634.11,787.931,8,7.90163,1,True,True,7.34431,-10.9492,-2.82379,flare_decay,False,True,True,True,True,True,1.18987,1.07185,,,False,True,True,True,,True,
4957322_19,4957322,19,2617.24,3996.5,4,29.1281,1,True,True,29.4067,225.378,4.77586,flare_decay,True,True,True,True,True,True,0.968707,1.00486,,,True,True,True,True,,True,
4972120_0,4972120,0,2617.66,5922,2,12.3341,1,False,True,12.4918,-5.40132,-8.70618,flare_decay,False,True,True,True,True,True,1.01468,0.929479,,,False,False,True,True,,True,
4972120_1,4972120,1,2614.22,5261.89,4,15.7894,1,True,True,15.4936,75.0046,0.262505,flare_decay,True,True,True,True,True,True,0.682674,1.0323,,,True,True,True,True,,True,
4972120_2,4972120,2,2634.04,6157.71,8,26.8767,1,True,True,25.9515,154.642,11.568,flare_decay,True,True,True,True,True,True,0.814664,0.908229,,,True,True,True,True,,True,
4972120_3,4972120,3,2629.68,12268.7,1,18.0622,1,False,True,17.6536,47.9061,-5.58117,flare_decay,True,True,True,True,True,True,1.047,0.890699,,,True,False,True,True,,True,
4972120_4,4972120,4,2613.59,4316.02,24,30.2936,1,True,True,23.9305,165.676,-18.5159,flare_decay,False,True,True,True,True,True,0.695386,1.09408,,,True,True,True,True,,True,
4972120_5,4972120,5,2616.6,16439.1,2,34.2389,1,False,True,32.564,226.885,-10.4945,flare_decay,False,True,True,True,True,True,0.9414,0.902653,,,True,False,True,True,,True,
4972120_6,4972120,6,2612.13,4026.2,16,24.0046,1,True,True,25.1082,98.0671,-5.22281,flare_decay,True,True,True,True,True,True,0.860217,0.90282,,,True,True,True,True,True,True,
4972120_7,4972120,7,2633.85,5201.17,4,15.6072,1,True,True,15.4739,45.3746,8.89839,flare_decay,True,True,True,True,True,True,1.03358,0.965025,,,True,True,True,True,,True,
4972120_8,4972120,8,2634.88,2655.23,2,5.53023,0,False,,,,,,,,,,,,,,,,,,,,,,
4972120_9,4972120,9,2634.58,5467.71,2,11.388,1,False,True,11.3656,22.8463,-3.49576,flare_decay,True,True,True,True,True,True,0.826912,0.902533,,,True,False,True,True,,True,
4972120_10,4972120,10,2632.42,2345.65,4,7.03862,0,True,,,,,,,,,,,,,,,,,,,,,,
4972120_11,4972120,11,2628.64,4801,16,28.6241,1,True,True,28.2899,133.106,-14.9381,flare_decay,False,True,True,True,True,True,0.794229,0.8964,,,True,True,True,True,,True,
4972120_12,4972120,12,2634.37,2210.9,16,13.1817,1,True,True,14.1957,24.464,0.97657,flare_decay,True,True,True,True,True,True,0.925138,0.893445,,,True,True,True,True,,True,
4972120_13,4972120,13,2628.7,5578.3,4,16.7388,1,True,True,16.3193,38.3021,-2.53679,flare_decay,True,True,True,True,True,True,0.722355,0.833137,,,True,True,True,True,True,True,
4972120_14,4972120,14,2617.2,14525.7,4,43.5873,1,True,True,42.5502,224.01,2.98514,flare_decay,True,True,True,True,True,True,0.791348,0.948454,,,True,True,True,True,,True,
4972120_15,4972120,15,2617.57,1018.75,24,7.15046,0,True,,,,,,,,,,,,,,,,,,,,,,
4972120_16,4972120,16,2611.75,2142.46,2,4.46224,0,False,,,,,,,,,,,,,,,,,,,,,,
4972120_17,4972120,17,2614.15,6356.24,24,44.6136,1,True,True,36.0615,420.207,28.3718,flare_decay,True,True,True,True,True,True,2.0473,1.67462,0,0,True,True,True,True,,True,True
4972120_18,4972120,18,2619.04,3421.09,8,14.9321,1,True,True,13.6689,17.5253,-4.1721,flare_decay,True,True,True,True,True,True,0.634353,0.838195,,,True,True,True,True,True,True,
4972120_19,4972120,19,2630.03,4559.11,16,27.1819,1,True,True,25.7964,137.671,9.46522,flare_decay,True,True,True,True,True,True,0.871859,0.84557,,,True,True,True,True,,True,
4994553_0,4994553,0,2620.42,523.788,16,5.35621,0,True,,,,,,,,,,,,,,,,,,,,,,
4994553_1,4994553,1,2629.28,1558.83,24,25.5217,1,True,True,25.1794,85.9116,9.50967,flare_decay,True,True,True,True,True,True,0.881581,0.78694,,,True,True,True,True,,True,
4994553_2,4994553,2,2610.37,6381.26,8,43.463,1,True,True,42.4024,471.068,7.04345,flare_decay,True,True,True,True,True,True,1.16139,0.917776,,,True,True,True,True,True,True,
4994553_3,4994553,3,2633.99,3093.76,16,31.6366,1,True,True,27.0147,249.711,13.7905,flare_decay,True,True,True,True,True,True,1.36633,1.01897,,,True,True,True,True,,True,
4994553_4,4994553,4,2618.5,584.763,8,3.98285,0,True,,,,,,,,,,,,,,,,,,,,,,
4994553_5,4994553,5,2627.84,2805.01,16,28.6838,1,True,True,23.5618,77.1544,1.82423,step,True,True,True,True,True,True,1.21084,1.26241,,,True,True,True,True,True,True,
4994553_6,4994553,6,2633.43,502.52,24,8.22745,0,True,,,,,,,,,,,,,,,,,,,,,,
4994553_7,4994553,7,2628.85,4008.38,4,20.0874,1,True,True,22.2125,62.2326,2.14161,flare_decay,True,True,True,True,True,True,0.836139,0.918578,,,True,True,True,True,,True,
4994553_8,4994553,8,2631.35,10458.5,4,52.4114,1,True,True,50.1646,838.596,29.6249,flare_decay,True,True,True,True,True,True,1.9366,0.958047,2.63145e-12,8.11213e-87,True,True,True,True,,True,True
4994553_9,4994553,9,2614,747.661,4,3.74679,1,True,True,8.04254,1.98715,-1.23331,flare_decay,False,True,False,True,True,False,0.231574,0.351629,,,False,True,True,False,,True,
4994553_10,4994553,10,2630.47,15765.5,1,42.6047,1,False,True,43.444,424.53,-5.02072,flare_decay,True,True,True,True,True,True,0.943486,0.927649,,,True,False,True,True,,True,
4994553_11,4994553,11,2626.27,746.838,4,3.74267,0,True,,,,,,,,,,,,,,,,,,,,,,
4994553_12,4994553,12,2620.86,1944.5,24,31.8362,1,True,True,23.4837,83.8949,8.45792,flare_decay,True,True,True,True,True,True,0.810906,1.14064,,,True,True,True,True,,True,
4994553_13,4994553,13,2631.85,18175.8,1,49.1184,1,False,True,47.0355,435.054,-39.7342,flare_decay,False,True,True,True,True,True,1.16668,0.906735,,,True,False,True,True,,True,
4994553_14,4994553,14,2630.6,861.429,16,8.80891,0,True,,,,,,,,,,,,,,,,,,,,,,
4994553_15,4994553,15,2616.03,2916.46,24,47.7494,1,True,True,38.4604,301.744,-2.60018,flare_decay,True,True,True,True,True,True,0.847345,0.833715,,,True,True,True,True,True,True,
4994553_16,4994553,16,2618.75,1089.34,24,17.8351,1,True,True,14.5975,52.6767,-10.2386,flare_decay,False,True,True,True,True,True,0.736807,0.793161,,,True,True,True,True,True,True,
4994553_17,4994553,17,2617.61,2625.53,8,17.8826,1,True,True,17.4742,82.1416,-4.06245,flare_decay,True,True,True,True,True,True,1.05778,0.887229,,,True,True,True,True,True,True,
4994553_18,4994553,18,2635.39,9557.31,1,25.8277,1,False,True,23.9083,151.988,-4.62941,flare_decay,True,True,True,True,True,True,0.719932,0.890356,,,True,False,True,True,,True,
4994553_19,4994553,19,2616.11,975.153,8,6.64181,1,True,True,8.66636,-4.78163,-7.47798,flare_decay,False,True,True,True,True,True,0.851009,0.786816,,,False,True,True,True,,True,
8291686_0,8291686,0,2611.42,28165.9,2,56.0629,1,False,True,55.1308,789.078,16.5726,flare_decay,True,True,True,True,True,True,0.932822,0.928535,,,True,False,True,True,,True,
8291686_1,8291686,1,2613.92,9315.84,16,54.4603,1,True,True,50.8453,530.525,28.8519,flare_decay,True,True,True,True,True,True,0.677793,0.965481,,,True,True,True,True,,True,
8291686_2,8291686,2,2627.13,14051.8,2,27.9695,1,False,True,26.7074,177.981,9.66805,flare_decay,True,True,True,True,True,True,1.35853,0.888247,,,True,False,True,True,,True,
8291686_3,8291686,3,2613.2,18433.9,4,52.057,1,True,True,53.1747,451.261,48.313,flare_decay,True,True,True,True,True,True,0.893803,0.848196,,,True,True,True,True,,True,
8291686_4,8291686,4,2630.21,2769.1,16,16.1881,1,True,True,13.7424,37.9783,-5.49037,flare_decay,True,True,True,True,True,True,0.762269,0.723717,,,True,True,True,True,,True,
8291686_5,8291686,5,2626.15,7560.8,4,21.3516,0,True,,,,,,,,,,,,,,,,,,,,,,
8291686_6,8291686,6,2627.73,8393.01,4,23.7017,1,True,True,23.2454,108.655,2.86452,flare_decay,True,True,True,True,True,True,1.1757,0.911727,,,True,True,True,True,,True,
8291686_7,8291686,7,2629.2,13670.3,8,51.7951,1,True,True,52.136,682.958,57.426,flare_decay,True,True,True,True,True,True,0.900481,0.934435,,,True,True,True,True,,True,
8291686_8,8291686,8,2613.74,1282.94,24,9.3379,1,True,True,12.0473,25.9683,-12.5852,flare_decay,False,True,True,True,True,True,1.07577,1.67014,,,True,True,True,True,,True,
8291686_9,8291686,9,2621.18,12890.1,2,25.6572,1,False,True,25.1415,119.104,9.40715,flare_decay,True,True,True,True,True,True,1.08473,0.912892,,,True,False,True,True,,True,
8291686_10,8291686,10,2614.71,1109.25,16,6.48465,0,True,,,,,,,,,,,,,,,,,,,,,,
8291686_11,8291686,11,2613.73,423.652,24,3.08355,0,True,,,,,,,,,,,,,,,,,,,,,,
8291686_12,8291686,12,2620.5,5117.81,2,10.1868,1,False,True,9.58575,-0.391719,-9.33575,flare_decay,False,True,True,True,True,True,0.675064,0.895279,,,False,False,True,True,,True,
8291686_13,8291686,13,2626.43,2398.49,1,3.29128,0,False,,,,,,,,,,,,,,,,,,,,,,
8291686_14,8291686,14,2621.02,5497.96,8,20.8311,1,True,True,21.2604,50.3138,-10.6847,flare_decay,False,True,True,True,True,True,0.830066,0.982276,,,True,True,True,True,True,True,
8291686_15,8291686,15,2615.18,4303.47,2,8.56585,1,False,True,8.6304,11.6549,-10.972,flare_decay,False,True,True,True,True,True,0.924888,1.1097,,,True,False,True,True,,True,
8291686_16,8291686,16,2628.86,3608.02,2,7.18159,1,False,True,7.98035,17.4479,-7.21204,flare_decay,False,True,True,True,True,True,0.672602,0.788665,,,True,False,True,True,,True,
8291686_17,8291686,17,2621.05,24769.4,2,49.3024,1,False,True,48.3973,405.842,-57.7733,flare_decay,False,True,True,True,True,True,0.64653,0.905753,,,True,False,True,True,,True,
8291686_18,8291686,18,2614.94,11858.8,4,33.489,1,True,True,33.2873,246.409,-0.095418,flare_decay,True,True,True,True,True,True,0.499735,0.701555,,,True,True,True,True,,True,
8291686_19,8291686,19,2633.99,20262.2,2,40.3309,1,False,True,37.8397,366.186,38.0038,flare_decay,True,True,True,True,True,True,1.14652,0.910495,,,True,False,True,True,,True,
137809027_0,137809027,0,2620.06,357.443,24,5.48915,0,True,,,,,,,,,,,,,,,,,,,,,,
137809027_1,137809027,1,2610.55,798.056,16,10.1176,0,True,,,,,,,,,,,,,,,,,,,,,,
137809027_2,137809027,2,2628.08,3348.28,2,12.0848,1,False,True,12.3792,36.6696,0.969501,flare_decay,True,True,True,True,True,True,1.12701,0.840255,,,True,False,True,True,,True,
137809027_3,137809027,3,2616.15,8004.34,1,20.9511,1,False,True,21.7322,103.573,-0.677148,flare_decay,True,True,True,True,True,True,0.85234,0.851009,,,True,False,True,True,,True,
137809027_4,137809027,4,2619.72,843.256,2,3.04352,0,False,,,,,,,,,,,,,,,,,,,,,,
137809027_5,137809027,5,2630.15,3652.19,8,27.9501,1,True,True,25.5197,103.018,-7.72513,flare_decay,False,True,True,True,True,True,0.95897,0.995338,,,True,True,True,True,,True,
137809027_6,137809027,6,2619.44,7631,4,38.42,1,True,True,38.9708,237.811,9.24171,flare_decay,True,True,True,True,True,True,0.784647,0.899337,,,True,True,True,True,,True,
137809027_7,137809027,7,2629.04,1598.64,4,8.04872,1,True,True,8.37739,7.39254,-0.715446,flare_decay,False,True,True,True,True,True,0.756123,0.654969,,,False,True,True,True,,True,
137809027_8,137809027,8,2613.25,4162.54,4,20.9572,1,True,True,21.8021,93.7735,-0.649391,flare_decay,True,True,True,True,True,True,0.438683,0.765636,,,True,True,True,True,,True,
137809027_9,137809027,9,2611.88,4118.41,2,14.8644,1,False,True,15.4146,23.087,-1.03224,flare_decay,True,True,True,True,True,True,0.758123,0.833212,,,True,False,True,True,,True,
137809027_10,137809027,10,2611.56,1304.32,16,16.5359,1,True,True,15.803,43.1535,3.30828,flare_decay,True,True,True,True,True,True,0.647306,0.968868,,,True,True,True,True,,True,
137809027_11,137809027,11,2627.33,2748.88,16,34.8497,1,True,True,29.8301,100.314,42.8806,flare_decay,True,True,True,True,True,True,0.746339,0.932117,,,True,True,True,True,True,True,
137809027_12,137809027,12,2632.78,2016.24,2,7.27709,0,False,,,,,,,,,,,,,,,,,,,,,,
137809027_13,137809027,13,2630.61,1106.08,24,16.9858,1,True,True,15.4734,40.2367,-3.22869,flare_decay,True,True,True,True,True,True,0.488164,0.673893,,,True,True,True,True,,True,
137809027_14,137809027,14,2630.14,985.021,8,7.53833,0,True,,,,,,,,,,,,,,,,,,,,,,
137809027_15,137809027,15,2632.87,422.499,8,3.23337,0,True,,,,,,,,,,,,,,,,,,,,,,
137809027_16,137809027,16,2631.97,643.728,16,8.16106,0,True,,,,,,,,,,,,,,,,,,,,,,
137809027_17,137809027,17,2633.92,613.936,4,3.091,0,True,,,,,,,,,,,,,,,,,,,,,,
137809027_18,137809027,18,2629.14,4532.28,4,22.8188,1,True,True,21.7033,104.016,-2.13111,flare_decay,True,True,True,True,True,True,0.657736,0.90467,,,True,True,True,True,,True,
137809027_19,137809027,19,2618.22,1981.26,4,9.97512,1,True,True,9.89972,13.7347,-1.0416,flare_decay,True,True,True,True,True,True,0.854302,0.953746,,,True,True,True,True,,True,
137883558_0,137883558,0,2626.79,5244.22,1,5.3522,0,False,,,,,,,,,,,,,,,,,,,,,,
137883558_1,137883558,1,2614.17,9268.97,2,12.8918,1,False,True,13.4802,27.9884,-5.27181,flare_decay,True,True,True,True,True,True,0.780105,0.754172,,,True,False,True,True,,True,
137883558_2,137883558,2,2629.76,11930.8,16,48.8145,1,True,True,45.3853,517.478,5.83552,flare_decay,True,True,True,True,True,True,0.912637,0.925563,,,True,True,True,True,,True,
137883558_3,137883558,3,2635.21,10205.2,4,20.3465,1,True,True,19.1605,51.7368,-1.98361,flare_decay,True,True,True,True,True,True,0.831136,0.964455,,,True,True,True,True,True,True,
137883558_4,137883558,4,2630.84,33822.7,2,47.0425,1,False,True,46.0041,613.16,-64.5884,flare_decay,False,True,True,True,True,True,0.909494,0.884939,,,True,False,True,True,,True,
137883558_5,137883558,5,2616.5,43082.5,2,59.9214,1,False,True,58.7425,1124.53,-43.451,flare_decay,False,True,True,True,True,True,1.10883,0.894886,,,True,False,True,True,,True,
137883558_6,137883558,6,2632.92,12420.7,8,36.7963,1,True,True,35.7928,271.353,5.46184,flare_decay,True,True,True,True,True,True,0.858482,0.886873,,,True,True,True,True,,True,
137883558_7,137883558,7,2631.24,10712.7,4,21.3584,1,True,True,21.044,92.6228,1.62095,flare_decay,True,True,True,True,True,True,0.913675,0.860116,,,True,True,True,True,,True,
137883558_8,137883558,8,2629.9,3821.11,4,7.61834,0,True,,,,,,,,,,,,,,,,,,,,,,
137883558_9,137883558,9,2611.77,1341.67,16,5.4894,0,True,,,,,,,,,,,,,,,,,,,,,,
137883558_10,137883558,10,2634.91,16874.4,1,17.2218,1,False,True,15.6818,54.9959,-9.86488,flare_decay,False,True,True,True,True,True,0.967265,0.901239,,,True,False,True,True,,True,
137883558_11,137883558,11,2617.88,6096.5,24,32.7782,1,True,True,28.798,173.753,-8.3379,flare_decay,False,True,True,True,True,True,0.934846,0.925977,,,True,True,True,True,,True,
137883558_12,137883558,12,2615.88,5812.73,24,31.2525,1,True,True,27.7005,115.833,-6.65456,flare_decay,False,True,True,True,True,True,0.621889,0.682484,,,True,True,True,True,,True,
137883558_13,137883558,13,2620.81,12888.3,16,52.7321,1,True,True,51.4234,449.192,12.4483,flare_decay,True,True,True,True,True,True,0.941707,0.914111,1.54221e-12,0,True,True,True,True,,True,True
137883558_14,137883558,14,2630.7,7324.13,8,21.6978,1,True,True,20.8706,139.598,2.47248,flare_decay,True,True,True,True,True,True,0.93085,0.892841,,,True,True,True,True,,True,
137883558_15,137883558,15,2619.76,6060.3,16,24.7955,1,True,True,22.0548,120.617,-0.356754,flare_decay,True,True,True,True,True,True,0.922591,0.901503,,,True,True,True,True,True,True,
137883558_16,137883558,16,2620.45,10627.6,16,43.4825,1,True,True,39.4299,227.711,27.4292,flare_decay,True,True,True,True,True,True,1.19942,0.904936,,,True,True,True,True,True,True,
137883558_17,137883558,17,2619.83,10445.1,16,42.7356,1,True,True,37.2618,335.412,4.54999,flare_decay,True,True,True,True,True,True,0.954136,0.907115,,,True,True,True,True,,True,
137883558_18,137883558,18,2617.72,8058.03,8,23.872,1,True,True,23.284,97.2604,21.4123,flare_decay,True,True,True,True,True,True,0.794036,0.891498,,,True,True,True,True,,True,
137883558_19,137883558,19,2629.67,3102.07,2,4.31453,0,False,,,,,,,,,,,,,,,,,,,,,,
138558517_0,138558517,0,2615.77,6505.15,1,5.31103,0,False,,,,,,,,,,,,,,,,,,,,,,
138558517_1,138558517,1,2633.96,6218.95,1,5.07737,0,False,,,,,,,,,,,,,,,,,,,,,,
138558517_2,138558517,2,2617.86,4723.24,24,27.5913,1,True,True,24.5932,81.3482,-16.2603,flare_decay,False,True,True,True,True,True,0.715798,0.96549,,,True,True,True,True,,True,
138558517_3,138558517,3,2618.55,761.452,24,4.44811,0,True,,,,,,,,,,,,,,,,,,,,,,
138558517_4,138558517,4,2612.31,7040.44,4,12.0289,1,True,True,10.7345,14.8808,-4.08581,flare_decay,True,True,True,True,True,True,1.23208,0.868283,0.306954,0.167482,True,True,True,True,True,True,False
138558517_5,138558517,5,2632.21,1921.05,24,11.222,0,True,,,,,,,,,,,,,,,,,,,,,,
138558517_6,138558517,6,2635.21,4660.73,4,7.96305,0,True,,,,,,,,,,,,,,,,,,,,,,
138558517_7,138558517,7,2631.51,12391.3,16,52.3129,1,True,True,52.6918,286.781,-6.14021,flare_decay,False,True,True,True,True,True,0.785054,0.825812,,,True,True,True,True,,True,
138558517_8,138558517,8,2632.48,22551.5,2,25.2405,1,False,True,23.4542,132.322,-17.2152,flare_decay,False,True,True,True,True,True,1.37945,0.825273,,,True,False,True,True,,True,
138558517_9,138558517,9,2629.95,3094.16,2,3.4631,0,False,,,,,,,,,,,,,,,,,,,,,,
138558517_10,138558517,10,2633.4,15273.6,2,17.0948,1,False,True,16.8429,27.3566,-3.16357,flare_decay,True,True,True,True,True,True,0.863588,0.819043,,,True,False,True,True,,True,
138558517_11,138558517,11,2612.1,1459.75,24,8.52727,0,True,,,,,,,,,,,,,,,,,,,,,,
138558517_12,138558517,12,2627.72,3907.42,8,10.1355,1,True,True,10.2504,4.75871,-9.0718,step,False,True,True,True,True,True,0.638807,0.865164,,,False,True,True,True,,True,
138558517_13,138558517,13,2621.61,14819.4,2,16.5864,0,False,,,,,,,,,,,,,,,,,,,,,,
138558517_14,138558517,14,2610.97,16693.1,4,28.5208,1,True,True,26.8313,138.165,-2.03981,flare_decay,True,True,True,True,True,True,0.785733,0.816585,,,True,True,True,True,True,True,
138558517_15,138558517,15,2630.03,4645.95,8,12.0512,1,True,True,11.42,2.71783,-4.92505,flare_decay,False,True,True,True,True,True,0.864809,0.810514,,,False,True,True,True,,True,
138558517_16,138558517,16,2634.91,1750.4,16,7.38973,0,True,,,,,,,,,,,,,,,,,,,,,,
138558517_17,138558517,17,2611.1,31422.3,4,53.6863,1,True,True,52.9949,426.341,24.5145,flare_decay,True,True,True,True,True,True,1.38993,0.842725,,,True,True,True,True,True,True,
138558517_18,138558517,18,2628.85,2577.45,4,4.40367,0,True,,,,,,,,,,,,,,,,,,,,,,
138558517_19,138558517,19,2610.62,1455.43,8,3.77525,0,True,,,,,,,,,,,,,,,,,,,,,,
138577957_0,138577957,0,2617.48,3849.02,4,6.71773,1,True,True,7.36084,5.85482,-4.20848,flare_decay,False,True,True,True,True,True,0.891607,0.757659,,,False,True,True,True,,True,
138577957_1,138577957,1,2614.04,4337.28,8,10.6879,1,True,True,10.0906,6.2944,-4.70655,flare_decay,False,True,True,True,True,True,0.568612,0.835419,,,False,True,True,True,,True,
138577957_2,138577957,2,2618.24,3606.45,1,3.31735,0,False,,,,,,,,,,,,,,,,,,,,,,
138577957_3,138577957,3,2611.51,24293.3,2,30.3315,1,False,True,31.2905,312.429,39.207,flare_decay,True,True,True,True,True,True,0.987553,0.935933,,,True,False,True,True,,True,
138577957_4,138577957,4,2632.26,16488.1,16,55.8825,1,True,True,56.4244,768.83,9.74967,flare_decay,True,True,True,True,True,True,1.27572,0.950622,,,True,True,True,True,,True,
138577957_5,138577957,5,2617.74,9415.52,24,38.9362,1,True,True,31.5418,313.753,1.58188,flare_decay,True,True,True,True,True,True,1.15077,0.912049,,,True,True,True,True,,True,
138577957_6,138577957,6,2627.53,3598.56,8,8.8676,1,True,True,9.19655,15.7758,-4.811,flare_decay,True,True,True,True,True,True,0.957778,1.08605,,,True,True,True,True,True,True,
138577957_7,138577957,7,2615.18,6462.04,4,11.2783,1,True,True,10.6389,16.0533,-2.91309,flare_decay,True,True,True,True,True,True,1.81274,1.07397,,,True,True,True,True,,True,
138577957_8,138577957,8,2625.53,10256.1,1,9.43393,0,False,,,,,,,,,,,,,,,,,,,,,,
138577957_9,138577957,9,2625.93,6301.79,24,26.0599,1,True,True,19.8932,-0.518816,5.01457,step,False,False,True,True,False,True,1.01871,1.02044,,,False,True,True,False,,True,
138577957_10,138577957,10,2612.28,15537.8,1,14.2923,1,False,True,15.988,20.4181,-0.974021,flare_decay,True,True,True,True,True,True,1.09284,0.895627,,,True,False,True,True,,True,
138577957_11,138577957,11,2632.01,932.399,24,3.85577,0,True,,,,,,,,,,,,,,,,,,,,,,
138577957_12,138577957,12,2635.64,6571.15,2,8.20445,0,False,,,,,,,,,,,,,,,,,,,,,,
138577957_13,138577957,13,2626.53,7965.38,2,9.94522,1,False,True,8.85136,10.273,-3.84491,flare_decay,True,True,True,True,True,True,0.850853,1.05051,,,True,False,True,True,,True,
138577957_14,138577957,14,2619.92,2581.86,24,10.6768,1,True,True,11.8948,12.4495,-8.18755,flare_decay,False,True,True,True,True,True,0.937939,0.9775,,,True,True,True,True,,True,
138577957_15,138577957,15,2635,12283.8,4,21.439,1,True,True,20.6167,79.0322,3.27502,flare_decay,True,True,True,True,True,True,1.04717,0.927143,,,True,True,True,True,,True,
138577957_16,138577957,16,2614.11,8283.59,2,10.3425,1,False,True,9.81874,8.54357,-5.00271,flare_decay,False,True,True,True,True,True,0.871773,1.06497,,,False,False,True,True,,True,
138577957_17,138577957,17,2634.63,13375.8,4,23.345,1,True,True,24.5947,79.5642,-7.39715,flare_decay,False,True,True,True,True,True,0.988806,0.947153,,,True,True,True,True,,True,
138577957_18,138577957,18,2635.19,7498.69,8,18.4783,1,True,True,17.3839,58.3537,-0.441863,flare_decay,True,True,True,True,True,True,1.38746,0.91636,,,True,True,True,True,True,True,
138577957_19,138577957,19,2618.01,7995.18,24,33.0626,1,True,True,26.8212,197.441,15.7025,flare_decay,True,True,True,True,True,True,1.15293,0.858082,,,True,True,True,True,,True,
138661851_0,138661851,0,2611.68,8758.92,24,48.002,1,True,True,43.0799,217.341,-4.85555,flare_decay,True,True,True,True,True,True,0.667797,0.703414,,,True,True,True,True,True,True,
138661851_1,138661851,1,2627.81,5164.9,2,6.22389,1,False,True,7.40297,-0.367617,-1.81074,flare_decay,False,True,True,True,True,True,0.885806,0.433012,,,False,True,True,True,,True,
138661851_2,138661851,2,2615.11,1052.56,16,4.18037,0,True,,,,,,,,,,,,,,,,,,,,,,
138661851_3,138661851,3,2619.58,20563.8,4,37.674,1,True,True,37.4671,203.613,4.61293,flare_decay,True,True,True,True,True,True,0.874798,0.546807,,,True,True,True,True,,True,
138661851_4,138661851,4,2631.88,637.681,24,3.49472,0,True,,,,,,,,,,,,,,,,,,,,,,
138661851_5,138661851,5,2621.47,4809.48,8,13.032,1,True,True,10.1842,1.63871,-3.76935,flare_decay,False,False,False,True,True,False,,,,,False,True,False,False,,True,
138661851_6,138661851,6,2616.7,1224.61,24,6.71128,0,True,,,,,,,,,,,,,,,,,,,,,,
138661851_7,138661851,7,2629.56,5460.83,24,29.9273,1,True,True,27.1915,88.8113,4.03885,flare_decay,True,True,True,True,True,True,0.752322,0.644922,,,True,True,True,True,,True,
138661851_8,138661851,8,2628.76,1017.61,24,5.57686,0,True,,,,,,,,,,,,,,,,,,,,,,
138661851_9,138661851,9,2612.91,9051.52,1,7.67062,0,False,,,,,,,,,,,,,,,,,,,,,,
138661851_10,138661851,10,2612.97,6253.41,4,11.4566,1,True,True,10.7965,7.47103,-8.42958,flare_decay,False,True,True,True,True,True,0.750562,0.57151,,,False,True,True,True,,True,
138661851_11,138661851,11,2617.12,17476.5,8,47.3553,1,True,True,45.8827,363.264,18.6726,flare_decay,True,True,True,True,True,True,0.752363,0.580051,,,True,True,True,True,True,True,
138661851_12,138661851,12,2630.66,10468.6,2,12.615,1,False,True,12.8616,24.4933,-10.308,flare_decay,False,True,True,True,True,True,0.924725,0.557154,,,True,False,True,True,,True,
138661851_13,138661851,13,2621.31,4944.81,1,4.19043,0,False,,,,,,,,,,,,,,,,,,,,,,
138661851_14,138661851,14,2616.33,2866.65,2,3.45442,0,False,,,,,,,,,,,,,,,,,,,,,,
138661851_15,138661851,15,2614.33,2378.64,24,13.0358,1,True,True,12.7482,22.1538,-7.64092,flare_decay,False,True,True,True,True,True,0.929583,0.880662,,,True,True,True,True,,True,
138661851_16,138661851,16,2613.58,4326.03,24,23.7082,1,True,True,18.7169,49.4372,-2.92543,flare_decay,True,True,True,True,True,True,0.618977,0.623395,,,True,True,True,True,True,True,
138661851_17,138661851,17,2631.19,1247.39,8,3.37998,0,True,,,,,,,,,,,,,,,,,,,,,,
138661851_18,138661851,18,2618.6,5689.81,2,6.85641,1,False,True,7.13415,-4.62292,-9.55101,flare_decay,False,True,True,True,True,True,1.0843,0.750712,,,False,False,True,True,,True,
138661851_19,138661851,19,2618.6,793.291,16,3.15066,0,True,,,,,,,,,,,,,,,,,,,,,,
141130342_0,141130342,0,2611.81,9186.91,4,19.4705,1,True,True,18.5595,46.3867,-9.77022,flare_decay,False,True,True,True,True,True,1.3951,0.946306,,,True,True,True,True,,True,
141130342_1,141130342,1,2613.74,2332.36,4,4.94315,0,True,,,,,,,,,,,,,,,,,,,,,,
141130342_2,141130342,2,2618.17,2478.28,16,11.733,1,True,True,12.3188,15.5608,-9.28481,flare_decay,False,True,True,True,True,True,0.860037,0.810888,0.0126162,0.0125949,True,True,True,True,,True,True
141130342_3,141130342,3,2635.82,561.105,24,3.52964,0,True,,,,,,,,,,,,,,,,,,,,,,
141130342_4,141130342,4,2635.28,4135.57,1,4.62233,0,False,,,,,,,,,,,,,,,,,,,,,,
141130342_5,141130342,5,2626.48,21321.6,2,31.8775,1,False,True,31.0264,149.469,-11.7078,flare_decay,False,True,True,True,True,True,1.08772,0.941577,,,True,False,True,True,,True,
141130342_6,141130342,6,2634.56,723.609,16,3.42581,0,True,,,,,,,,,,,,,,,,,,,,,,
141130342_7,141130342,7,2628.83,2017.26,8,6.47112,0,True,,,,,,,,,,,,,,,,,,,,,,
141130342_8,141130342,8,2616.59,636.558,16,3.01368,0,True,,,,,,,,,,,,,,,,,,,,,,
141130342_9,141130342,9,2634.95,15587,8,50.0013,1,True,True,46.0951,459.351,13.6235,flare_decay,True,True,True,True,True,True,1.20858,0.932689,0.566275,2.02447e-33,True,True,True,True,True,True,False
141130342_10,141130342,10,2613.88,5465.93,24,34.3835,1,True,True,31.0213,136.891,9.17341,flare_decay,True,True,True,True,True,True,0.929995,1.26927,,,True,True,True,True,True,True,
141130342_11,141130342,11,2619.08,5791.19,2,8.6583,1,False,True,9.93491,26.1593,2.10243,flare_decay,True,True,True,True,True,True,2.14276,0.800552,,,True,False,True,True,,True,
141130342_12,141130342,12,2627.2,5555.95,24,34.9497,1,True,True,33.7744,167.106,25.6804,flare_decay,True,True,True,True,True,True,0.936286,0.97398,,,True,True,True,True,,True,
141130342_13,141130342,13,2614.3,2078.73,24,13.0762,1,True,True,11.1334,6.52592,-2.04508,step,False,True,False,True,True,False,2.66049,2.91756,,,False,True,True,False,,True,
141130342_14,141130342,14,2633.96,1817.74,16,8.60579,0,True,,,,,,,,,,,,,,,,,,,,,,
141130342_15,141130342,15,2631.29,1427.47,4,3.02534,0,True,,,,,,,,,,,,,,,,,,,,,,
141130342_16,141130342,16,2613.18,1306.09,24,8.21597,1,True,True,10.917,3.71428,-12.5407,flare_decay,False,True,True,True,True,True,0.390353,0.432695,,,False,True,True,True,,True,
141130342_17,141130342,17,2617.06,10719.3,16,50.749,1,True,True,44.6844,358.816,24.3916,flare_decay,True,True,True,True,True,True,0.99001,0.963044,,,True,True,True,True,True,True,
141130342_18,141130342,18,2632.13,9471.02,8,30.3819,1,True,True,31.0321,176.458,8.4217,flare_decay,True,True,True,True,True,True,1.05557,0.969168,,,True,True,True,True,True,True,
141130342_19,141130342,19,2631.73,22613,4,47.9254,1,False,True,47.715,354.037,30.3137,flare_decay,True,True,True,True,True,True,1.13199,0.890666,,,True,True,True,True,True,True,
142381668_0,142381668,0,2612.63,50000,8,31.8005,1,True,False,,,,,,,,,,,,,,,,,,,,,
142381668_1,142381668,1,2612,25899.4,2,13.1709,1,False,True,11.2526,37.7214,8.56923,flare_decay,True,True,True,True,True,True,0.434817,0.935053,,,True,False,True,True,,True,
142381668_2,142381668,2,2626.79,50000,1,4.50645,1,False,True,12.8087,33.4311,-2.54304,flare_decay,True,True,True,True,True,True,0.523323,0.819052,1,0,True,True,True,True,,True,False
142381668_3,142381668,3,2629.01,3718.85,24,6.87631,0,True,,,,,,,,,,,,,,,,,,,,,,
142381668_4,142381668,4,2620.85,14180.5,4,7.57781,0,False,,,,,,,,,,,,,,,,,,,,,,
142381668_5,142381668,5,2615.83,46689.3,2,23.7434,1,False,True,23.1052,4.75455,11.4195,flare_decay,False,True,True,True,True,True,0.395188,1.02476,,,False,False,True,True,,True,
142381668_6,142381668,6,2617.6,16267.2,24,30.0788,1,True,True,26.8573,118.39,-17.4661,flare_decay,False,True,True,True,True,True,0.412701,1.07729,,,True,True,True,True,,True,
142381668_7,142381668,7,2619.01,50000,1,4.50645,0,False,,,,,,,,,,,,,,,,,,,,,,
142381668_8,142381668,8,2611.49,38680.5,4,20.6702,1,False,True,21.9339,83.6708,-15.0438,flare_decay,False,True,True,True,True,True,0.45938,0.987762,,,True,False,True,True,,True,
142381668_9,142381668,9,2632.75,8566.05,4,4.57755,0,False,,,,,,,,,,,,,,,,,,,,,,
142381668_10,142381668,10,2634.25,33898,1,3.0552,0,False,,,,,,,,,,,,,,,,,,,,,,
142381668_11,142381668,11,2627.19,50000,2,25.427,1,False,True,24.7877,166.666,9.40107,flare_decay,True,True,True,True,True,True,0.345329,0.938047,,,True,False,True,True,,True,
142381668_12,142381668,12,2616.34,3928.1,16,4.22432,0,True,,,,,,,,,,,,,,,,,,,,,,
142381668_13,142381668,13,2613.01,50000,4,26.7191,1,False,True,28.7426,213.264,16.5985,flare_decay,True,True,True,True,True,True,0.392123,0.924307,,,True,False,True,True,,True,
142381668_14,142381668,14,2611.72,50000,1,4.50645,1,False,True,14.0008,27.4942,23.4508,flare_decay,True,True,False,True,True,False,0.210753,0.484657,,,True,True,True,False,,True,
142381668_15,142381668,15,2629.55,46917.1,1,4.22859,0,False,,,,,,,,,,,,,,,,,,,,,,
142381668_16,142381668,16,2626.85,28854.6,24,53.3534,1,True,True,49.2175,311.305,28.2251,flare_decay,True,True,True,True,True,True,0.369158,1.05941,,,True,True,True,True,,True,
142381668_17,142381668,17,2625.28,50000,1,4.50645,0,False,,,,,,,,,,,,,,,,,,,,,,
142381668_18,142381668,18,2629.6,6375.24,16,6.856,0,True,,,,,,,,,,,,,,,,,,,,,,
142381668_19,142381668,19,2610.74,50000,2,25.427,1,False,True,25.5833,164.577,19.0241,flare_decay,True,True,True,True,True,True,0.399888,0.965989,,,True,False,True,True,,True,
142381847_0,142381847,0,2626.37,580.637,16,16.1543,1,True,True,18.1882,137.431,4.98344,flare_decay,True,True,True,True,True,True,0.774814,0.848094,,,True,True,True,True,,True,
142381847_1,142381847,1,2625.92,580.822,16,16.1594,1,True,True,16.9666,71.5035,-0.782568,step,True,True,True,True,True,True,0.898342,1.0123,,,True,True,True,True,True,True,
142381847_2,142381847,2,2634.65,3122.77,2,39.3897,1,False,True,39.0524,632.851,20.2008,flare_decay,True,True,True,True,True,True,0.473201,0.876626,,,True,False,True,True,,True,
142381847_3,142381847,3,2629.09,1631.21,24,53.7317,1,True,True,55.9454,1341.25,96.2837,flare_decay,True,True,True,True,True,True,0.990579,1.21484,,,True,True,True,True,,True,
142381847_4,142381847,4,2614.63,1077.19,8,22.3631,1,True,True,18.0944,136.373,2.43034,flare_decay,True,True,False,True,True,False,1.05698,3.37537,,,True,True,True,False,,True,
142381847_5,142381847,5,2614.45,1572.37,2,19.8334,1,False,True,18.5785,79.7808,-9.38943,flare_decay,False,True,False,True,True,False,0.224985,0.838158,,,True,False,True,False,,True,
142381847_6,142381847,6,2632.68,355.998,8,7.39074,1,True,True,7.23471,9.40269,-0.298268,step,False,True,True,True,True,True,1.11319,0.83842,,,False,True,True,True,,True,
142381847_7,142381847,7,2635.3,421.038,24,13.8689,1,True,True,12.3379,81.4398,13.659,step,True,True,True,True,True,True,0.74677,0.905896,,,True,True,True,True,True,True,
142381847_8,142381847,8,2631.01,1860.12,8,38.6173,1,True,True,35.8383,753.977,42.4277,flare_decay,True,True,True,True,True,True,0.889766,0.920895,,,True,True,True,True,,True,
142381847_9,142381847,9,2610.91,282.747,4,4.76066,0,True,,,,,,,,,,,,,,,,,,,,,,
142381847_10,142381847,10,2620.49,518.785,1,5.04023,0,False,,,,,,,,,,,,,,,,,,,,,,
142381847_11,142381847,11,2629.33,1262,1,12.2609,1,False,True,12.4309,13.5052,-5.91998,flare_decay,True,True,True,True,True,True,0.447096,1.35833,,,True,False,True,True,,True,
142381847_12,142381847,12,2635.32,260.297,2,3.2833,0,False,,,,,,,,,,,,,,,,,,,,,,
142381847_13,142381847,13,2619.85,321.483,1,3.12335,0,False,,,,,,,,,,,,,,,,,,,,,,
142381847_14,142381847,14,2633.55,267.417,16,7.43998,0,True,,,,,,,,,,,,,,,,,,,,,,
142381847_15,142381847,15,2635.86,1733.18,24,57.0905,1,True,True,42.5901,49.2223,54.3463,step,True,False,False,True,True,False,,,,,True,True,False,False,,True,
142381847_16,142381847,16,2632.53,561.596,16,15.6245,1,True,True,14.8269,113.91,-4.47892,flare_decay,True,True,True,True,True,True,0.828961,0.840702,,,True,True,True,True,,True,
142381847_17,142381847,17,2631.87,391.309,1,3.80174,0,False,,,,,,,,,,,,,,,,,,,,,,
142381847_18,142381847,18,2613.51,1992.18,1,19.3549,1,False,True,21.3639,62.5661,-9.62851,flare_decay,False,True,False,True,True,False,0.188341,0.477398,,,True,False,True,False,,True,
142381847_19,142381847,19,2627.61,991.722,2,12.5093,1,False,True,11.1525,9.09809,-2.23905,flare_decay,False,True,True,True,True,True,0.475279,0.791197,,,False,False,True,True,,True,
154549726_0,154549726,0,2612.16,12073.5,8,59.1476,1,True,True,61.97,1852.52,127.828,flare_decay,True,True,True,True,True,True,1.27977,0.919968,,,True,True,True,True,,True,
154549726_1,154549726,1,2613.41,3604.45,2,13.6227,1,False,True,15.6659,83.6205,8.45336,flare_decay,True,True,True,True,True,True,0.796161,1.04163,,,True,False,True,True,,True,
154549726_2,154549726,2,2632.33,826.707,8,4.05,0,True,,,,,,,,,,,,,,,,,,,,,,
154549726_3,154549726,3,2615.1,2842.62,1,8.75349,0,False,,,,,,,,,,,,,,,,,,,,,,
154549726_4,154549726,4,2627.58,493.376,24,3.12198,0,True,,,,,,,,,,,,,,,,,,,,,,
154549726_5,154549726,5,2629.64,1442.18,1,4.441,0,False,,,,,,,,,,,,,,,,,,,,,,
154549726_6,154549726,6,2630.06,1069.54,24,6.76781,0,True,,,,,,,,,,,,,,,,,,,,,,
154549726_7,154549726,7,2617.1,9849.63,1,30.3307,1,False,True,34.1153,332.42,-18.2635,flare_decay,False,True,True,True,True,True,0.662066,0.874234,,,True,False,True,True,,True,
154549726_8,154549726,8,2621.3,3799.45,2,14.3597,1,False,True,14.5691,86.028,10.9873,flare_decay,True,True,True,True,True,True,0.931339,0.914339,,,True,False,True,True,,True,
154549726_9,154549726,9,2627.28,10036.3,1,30.9055,1,False,True,31.9768,167.313,-3.31328,flare_decay,True,True,True,True,True,True,1.30253,0.882259,,,True,False,True,True,,True,
154549726_10,154549726,10,2627.96,876.222,2,3.31161,0,False,,,,,,,,,,,,,,,,,,,,,,
154549726_11,154549726,11,2631.11,868.542,4,3.97012,0,True,,,,,,,,,,,,,,,,,,,,,,
154549726_12,154549726,12,2618.96,1731.25,8,8.4813,1,True,True,10.639,37.1022,0.957539,flare_decay,True,True,True,True,True,True,1.60867,0.872507,,,True,True,True,True,,True,
154549726_13,154549726,13,2635.57,653.358,24,4.13432,0,True,,,,,,,,,,,,,,,,,,,,,,
154549726_14,154549726,14,2627.69,2179.97,8,10.6796,1,True,True,11.5548,83.4474,4.55501,step,True,True,True,True,True,True,1.613,0.930746,,,True,True,True,True,,True,
154549726_15,154549726,15,2618.97,3260.02,4,14.9016,1,True,True,16.4404,122.834,6.19598,flare_decay,True,True,True,True,True,True,1.15599,0.930973,,,True,True,True,True,,True,
154549726_16,154549726,16,2614.16,10087,8,49.4156,1,True,True,51.9432,1323.46,47.9687,flare_decay,True,True,True,True,True,True,0.970418,0.925059,,,True,True,True,True,,True,
154549726_17,154549726,17,2634.71,875.396,16,4.9237,0,True,,,,,,,,,,,,,,,,,,,,,,
154549726_18,154549726,18,2619.82,3423.23,16,19.2541,1,True,True,18.729,343.239,-10.2137,flare_decay,False,True,True,True,True,True,1.71335,0.841409,,,True,True,True,True,,True,
154549726_19,154549726,19,2634.89,1071.96,2,4.05138,0,False,,,,,,,,,,,,,,,,,,,,,,
154565497_0,154565497,0,2629.28,4813.4,1,7.25663,1,False,True,8.49239,19.1727,-1.11313,flare_decay,True,True,True,True,True,True,1.18044,0.968057,,,True,False,True,True,,True,
154565497_1,154565497,1,2632.82,3954.53,24,32.4328,1,True,True,25.1241,121.971,9.05086,flare_decay,True,True,True,True,True,True,1.03677,0.903354,,,True,True,True,True,True,True,
154565497_2,154565497,2,2633.49,12248.6,1,18.4658,1,False,True,19.1712,59.5118,-5.1969,flare_decay,True,True,True,True,True,True,1.84021,0.941943,,,True,False,True,True,,True,
154565497_3,154565497,3,2630.7,4365.52,4,12.6609,1,True,True,12.7851,9.98794,-4.49985,flare_decay,False,True,True,True,True,True,0.849312,0.827375,,,False,True,True,True,,True,
154565497_4,154565497,4,2632.55,5522.84,1,8.32617,1,False,True,10.1647,8.64913,-4.30004,flare_decay,False,True,True,True,True,True,1.12654,1.09588,,,False,False,True,True,,True,
154565497_5,154565497,5,2621.28,2578.06,1,3.88665,0,False,,,,,,,,,,,,,,,,,,,,,,
154565497_6,154565497,6,2621.11,14288.9,4,41.4408,1,False,True,41.1862,472.07,8.03488,flare_decay,True,True,True,True,True,True,0.843029,1.0135,,,True,True,True,True,True,True,
154565497_7,154565497,7,2629.92,6141.53,8,26.2198,1,True,True,26.1785,83.2223,-4.63994,flare_decay,True,True,True,True,True,True,0.99608,0.924695,,,True,True,True,True,,True,
154565497_8,154565497,8,2614.21,4269.61,8,18.2281,1,True,True,17.1237,104.783,-3.21799,flare_decay,True,True,True,True,True,True,1.18041,1.0885,,,True,True,True,True,,True,
154565497_9,154565497,9,2630.1,3991.25,2,8.49146,1,False,True,10.955,14.9062,-6.90622,flare_decay,False,True,True,True,True,True,1.09428,0.936914,,,True,False,True,True,,True,
154565497_10,154565497,10,2627.73,3873.99,8,16.5391,1,True,True,13.9311,22.1296,-7.35568,step,False,True,True,True,True,True,0.955432,0.946596,,,True,True,True,True,,True,
154565497_11,154565497,11,2631.01,8732.59,4,25.3264,1,True,True,24.3957,119.075,3.07357,flare_decay,True,True,True,True,True,True,1.46736,1.04242,,,True,True,True,True,True,True,
154565497_12,154565497,12,2627.3,3244.27,8,13.8506,1,True,True,13.8919,17.282,0.247987,step,True,False,True,True,True,True,1.1849,1.0839,,,True,True,True,True,,True,
154565497_13,154565497,13,2619.92,4850.61,24,39.782,1,True,True,35.6425,223.893,-19.2008,flare_decay,False,True,True,True,True,True,0.844414,1.0257,,,True,True,True,True,True,True,
154565497_14,154565497,14,2633.25,5592.41,24,45.8658,1,True,True,36.9227,352.918,3.10897,flare_decay,True,True,True,True,True,True,1.05792,0.973136,,,True,True,True,True,,True,
154565497_15,154565497,15,2618.26,3541.37,4,10.2707,1,True,True,11.5394,53.1055,-6.35861,flare_decay,False,True,True,True,True,True,0.92998,0.955241,,,True,False,True,True,,True,
154565497_16,154565497,16,2629.29,5513.83,2,11.7308,1,False,True,12.2047,23.0049,-2.30032,flare_decay,True,True,True,True,True,True,0.945217,0.930309,,,True,False,True,True,,True,
154565497_17,154565497,17,2612.24,1574.51,2,3.34979,0,False,,,,,,,,,,,,,,,,,,,,,,
154565497_18,154565497,18,2620.5,4398.63,24,36.0751,1,True,True,33.8856,232.94,29.1515,flare_decay,True,True,True,True,True,True,0.815429,0.975137,,,True,True,True,True,,True,
154565497_19,154565497,19,2627.37,1834.35,8,7.83132,1,True,True,10.2232,0.00170831,-5.55441,step,False,False,True,True,True,True,1.08439,1.24925,,,False,True,True,True,,True,
155856781_0,155856781,0,2611.26,910.276,24,6.03711,0,True,,,,,,,,,,,,,,,,,,,,,,
155856781_1,155856781,1,2612.43,4372.64,1,7.44555,0,False,,,,,,,,,,,,,,,,,,,,,,
155856781_2,155856781,2,2614.41,1212.05,16,7.13647,1,True,True,8.61197,2.53216,-5.98454,flare_decay,False,True,False,True,True,False,2.37811,2.96914,,,False,True,True,False,,True,
155856781_3,155856781,3,2630.34,4205.96,16,24.7643,1,True,True,20.9043,128.433,0.750603,flare_decay,True,True,True,True,True,True,1.20891,0.814773,,,True,True,True,True,,True,
155856781_4,155856781,4,2620.3,4999.61,2,12.0652,1,False,True,10.8834,2.48088,-7.85136,flare_decay,False,True,True,True,True,True,0.896502,0.91737,,,False,False,True,True,,True,
155856781_5,155856781,5,2618.7,2479.68,4,7.81725,1,True,True,8.83731,18.982,-3.82731,flare_decay,True,True,True,True,True,True,1.86644,1.2007,0.0281886,0.000677402,True,True,True,True,,True,True
155856781_6,155856781,6,2627.37,21495.3,2,51.8731,1,False,True,51.2307,548.222,31.3724,flare_decay,True,True,True,True,True,True,1.0798,0.925253,,,True,False,True,True,,True,
155856781_7,155856781,7,2617.22,1270.89,24,8.42877,0,True,,,,,,,,,,,,,,,,,,,,,,
155856781_8,155856781,8,2614.25,18508.8,1,31.5161,1,False,True,30.5302,149.519,-8.19752,flare_decay,False,True,True,True,True,True,2.29138,0.883464,,,True,False,True,True,,True,
155856781_9,155856781,9,2613.58,1149.26,16,6.76677,0,True,,,,,,,,,,,,,,,,,,,,,,
155856781_10,155856781,10,2635.26,6213,24,41.2057,1,True,True,37.8713,314.47,45.877,flare_decay,True,True,True,True,True,True,1.09542,0.94058,,,True,True,True,True,True,True,
155856781_11,155856781,11,2611.04,5551.03,2,13.3959,1,False,True,14.356,16.7078,-4.68798,flare_decay,True,True,True,True,True,True,0.798509,0.832355,,,True,False,True,True,,True,
155856781_12,155856781,12,2632.56,660.051,24,4.37758,0,True,,,,,,,,,,,,,,,,,,,,,,
155856781_13,155856781,13,2630.44,3492.22,1,5.9464,0,False,,,,,,,,,,,,,,,,,,,,,,
155856781_14,155856781,14,2635.75,21091.2,1,35.9132,1,False,True,33.6025,271.946,-7.90321,flare_decay,False,True,True,True,True,True,0.9353,0.877899,,,True,False,True,True,,True,
155856781_15,155856781,15,2627.49,5024.69,8,22.3877,1,True,True,20.7793,121.203,1.9483,flare_decay,True,True,True,True,True,True,0.955562,0.917002,,,True,True,True,True,,True,
155856781_16,155856781,16,2630.24,1667.92,2,4.02508,0,False,,,,,,,,,,,,,,,,,,,,,,
155856781_17,155856781,17,2632.42,10997,2,26.5384,1,False,True,24.3206,98.739,-2.39,flare_decay,True,True,True,True,True,True,1.03011,0.941003,,,True,False,True,True,,True,
155856781_18,155856781,18,2629.92,20802.5,2,50.2013,1,False,True,50.4175,513.232,87.4224,flare_decay,True,True,True,True,True,True,0.852282,0.893537,,,True,False,True,True,,True,
155856781_19,155856781,19,2633.62,1391.72,4,4.38743,0,True,,,,,,,,,,,,,,,,,,,,,,
156214615_0,156214615,0,2627.18,759.856,8,4.37047,0,True,,,,,,,,,,,,,,,,,,,,,,
156214615_1,156214615,1,2630.78,3009.49,8,17.3097,1,True,True,17.1776,56.9719,-6.63865,flare_decay,False,True,True,True,True,True,1.18366,0.926525,,,True,True,True,True,,True,
156214615_2,156214615,2,2630.35,1900.48,4,8.72009,1,True,True,8.16947,-2.52603,-7.51113,flare_decay,False,True,True,True,True,True,1.09997,0.838179,,,False,True,True,True,,True,
156214615_3,156214615,3,2615.76,320.673,24,3.65588,0,True,,,,,,,,,,,,,,,,,,,,,,
156214615_4,156214615,4,2617.16,1075.01,4,4.9325,0,True,,,,,,,,,,,,,,,,,,,,,,
156214615_5,156214615,5,2615.58,17425.6,1,40.694,1,False,True,41.3957,239.684,29.6216,flare_decay,True,True,True,True,True,True,1.28308,0.98102,,,True,False,True,True,,True,
156214615_6,156214615,6,2626.47,3774.39,2,12.109,1,False,True,14.0107,33.5127,-2.23082,flare_decay,True,True,True,True,True,True,0.956655,1.01241,,,True,False,True,True,,True,
156214615_7,156214615,7,2616.05,17326.2,1,40.462,1,False,True,41.7221,203.304,25.1415,flare_decay,True,True,True,True,True,True,1.15863,0.929445,,,True,False,True,True,,True,
156214615_8,156214615,8,2626.85,1419.62,1,3.31523,0,False,,,,,,,,,,,,,,,,,,,,,,
156214615_9,156214615,9,2615.71,3287.24,24,37.4767,1,True,True,28.6931,275.504,16.7482,flare_decay,True,True,True,True,True,True,0.686413,0.730693,,,True,True,True,True,,True,
156214615_10,156214615,10,2629.8,10697.2,2,34.3188,1,False,True,33.5083,289.733,41.5865,flare_decay,True,True,True,True,True,True,1.00651,0.97291,,,True,False,True,True,,True,
156214615_11,156214615,11,2626.62,1521.52,1,3.5532,0,False,,,,,,,,,,,,,,,,,,,,,,
156214615_12,156214615,12,2616.52,5678.78,2,18.2187,1,False,True,17.1489,54.9391,-1.94344,flare_decay,True,True,True,True,True,True,0.811293,0.956777,,,True,False,True,True,,True,
156214615_13,156214615,13,2626.89,7525.31,8,43.2834,1,True,True,41.4756,347.252,16.1567,flare_decay,True,True,True,True,True,True,0.917492,0.885939,,,True,True,True,True,,True,
156214615_14,156214615,14,2615.5,11329.1,4,51.9817,1,True,True,49.4262,326.414,20.7809,flare_decay,True,True,True,True,True,True,1.4374,0.963333,0.0219763,0,True,True,True,True,True,True,True
156214615_15,156214615,15,2627.82,3737.13,8,21.4949,1,True,True,20.782,127.107,-0.415214,flare_decay,True,True,True,True,True,True,0.985457,0.970875,,,True,True,True,True,,True,
156214615_16,156214615,16,2614.31,9476.46,8,54.5058,1,True,True,52.9526,684.227,73.3479,flare_decay,True,True,True,True,True,True,0.954269,0.985428,,,True,True,True,True,,True,
156214615_17,156214615,17,2632.85,388.72,16,3.14355,0,True,,,,,,,,,,,,,,,,,,,,,,
156214615_18,156214615,18,2628.43,10639.4,1,24.8462,1,False,True,24.0538,131.387,-5.89092,flare_decay,True,True,True,True,True,True,1.53597,0.881521,,,True,False,True,True,,True,
156214615_19,156214615,19,2628.44,5151.01,8,29.6271,1,True,True,27.8715,285.308,11.8939,flare_decay,True,True,True,True,True,True,0.983522,0.892388,3.77555e-06,0,True,True,True,True,True,True,True
147625703_0,147625703,0,2611.71,3249,24,21.9737,1,True,True,21.1978,99.6344,16.7346,flare_decay,True,True,True,True,True,True,0.819219,0.697322,,,True,True,True,True,,True,
147625703_1,147625703,1,2615.87,1153.22,16,5.73601,0,True,,,,,,,,,,,,,,,,,,,,,,
147625703_2,147625703,2,2634.82,1469.27,16,7.30803,0,True,,,,,,,,,,,,,,,,,,,,,,
147625703_3,147625703,3,2613.55,2094.65,8,7.36858,1,True,True,8.07606,3.20911,-5.75701,flare_decay,False,True,True,True,True,True,1.09232,0.934636,,,False,True,True,True,,True,
147625703_4,147625703,4,2633.43,2078.77,24,14.0592,1,True,True,11.566,10.064,-0.106842,flare_decay,True,True,True,True,True,True,1.42517,0.953554,,,True,True,True,True,,True,
147625703_5,147625703,5,2616.06,1043.52,24,7.05758,0,True,,,,,,,,,,,,,,,,,,,,,,
147625703_6,147625703,6,2631.71,16415.9,4,41.2373,1,True,True,41.2152,359.78,47.9937,flare_decay,True,True,True,True,True,True,1.3406,0.985789,,,True,True,True,True,,True,
147625703_7,147625703,7,2634.15,1141.94,24,7.72316,0,True,,,,,,,,,,,,,,,,,,,,,,
147625703_8,147625703,8,2635.37,7319.13,16,36.4048,1,True,True,36.3886,368.983,39.5285,step,True,True,True,True,True,True,1.20684,0.9271,,,True,True,True,True,,True,
147625703_9,147625703,9,2615.03,4292.3,2,8.24509,1,False,True,8.14648,8.47848,-5.72537,flare_decay,False,True,True,True,True,True,1.84058,1.01537,,,False,False,True,True,,True,
147625703_10,147625703,10,2627.06,4835.29,4,12.1464,1,True,True,12.4416,20.3332,-3.69255,flare_decay,True,True,True,True,True,True,0.859741,0.942281,,,True,True,True,True,True,True,
147625703_11,147625703,11,2621.21,17312.5,2,33.2557,1,False,True,32.7544,309.022,15.1013,flare_decay,True,True,True,True,True,True,1.30106,0.963687,,,True,False,True,True,,True,
147625703_12,147625703,12,2631.6,11983.1,2,23.0183,1,False,True,22.1908,66.2327,8.0796,flare_decay,True,True,True,True,True,True,0.975733,0.997118,,,True,False,True,True,,True,
147625703_13,147625703,13,2616.13,2799.94,2,5.37843,0,False,,,,,,,,,,,,,,,,,,,,,,
147625703_14,147625703,14,2634.16,5630.2,8,19.806,1,True,True,19.4771,99.0534,7.92292,flare_decay,True,True,True,True,True,True,1.10715,1.0224,,,True,True,True,True,,True,
147625703_15,147625703,15,2615.86,12753,8,44.8624,1,True,True,42.7363,621.394,47.3544,flare_decay,True,True,True,True,True,True,1.64426,0.953486,,,True,True,True,True,True,True,
147625703_16,147625703,16,2628.06,10648.2,4,26.7485,1,True,True,27.7132,127.739,-9.30381,flare_decay,False,True,True,True,True,True,1.10019,0.942983,,,True,True,True,True,,True,
147625703_17,147625703,17,2616.99,3812.06,1,5.32357,0,False,,,,,,,,,,,,,,,,,,,,,,
147625703_18,147625703,18,2619.67,1896.69,8,6.67218,0,True,,,,,,,,,,,,,,,,,,,,,,
147625703_19,147625703,19,2615.35,15209.3,4,38.2063,1,True,True,37.9075,398.305,34.6725,flare_decay,True,True,True,True,True,True,1.28134,0.967905,,,True,True,True,True,,True,
147627082_0,147627082,0,2635.39,6217.53,24,29.6972,1,True,True,21.0231,16.3362,22.1593,step,True,False,False,True,True,False,,,,,True,True,False,False,,True,
147627082_1,147627082,1,2615.39,15386.1,8,33.7669,1,True,True,34.7037,437.798,60.1793,flare_decay,True,True,True,True,True,True,1.16123,0.90439,,,True,True,True,True,,True,
147627082_2,147627082,2,2627.86,3984.63,1,3.90295,0,False,,,,,,,,,,,,,,,,,,,,,,
147627082_3,147627082,3,2626.04,5850.09,24,27.9422,1,True,True,20.0649,47.9302,-4.07059,step,True,True,True,True,True,True,0.420617,0.47125,,,True,True,True,True,,True,
147627082_4,147627082,4,2628.94,1150.54,16,3.81395,0,True,,,,,,,,,,,,,,,,,,,,,,
147627082_5,147627082,5,2635.1,1248.28,16,4.13794,0,True,,,,,,,,,,,,,,,,,,,,,,
147627082_6,147627082,6,2628.78,1808.9,24,8.63998,0,True,,,,,,,,,,,,,,,,,,,,,,
147627082_7,147627082,7,2630.28,2976.97,16,9.86842,1,True,True,9.3253,21.8432,-1.14524,flare_decay,True,True,True,True,True,True,0.969949,0.825952,0.000353317,0,True,True,True,True,,True,True
147627082_8,147627082,8,2618.33,11088.7,1,10.8613,1,False,True,11.8692,30.2276,-1.05386,flare_decay,True,True,True,True,True,True,0.891481,0.909266,,,True,False,True,True,,True,
147627082_9,147627082,9,2633.28,31375.2,4,57.7648,1,False,True,56.6335,542.75,0.59322,flare_decay,True,True,True,True,True,True,0.916047,0.946785,,,True,False,True,True,,True,
147627082_10,147627082,10,2620.31,4801.57,4,8.84016,1,False,True,9.23581,9.7199,1.04401,flare_decay,False,True,True,True,True,True,1.00961,0.717142,,,False,False,True,True,,True,
147627082_11,147627082,11,2620.1,1854.72,16,6.14824,0,True,,,,,,,,,,,,,,,,,,,,,,
147627082_12,147627082,12,2613.62,11562.9,8,25.3763,1,True,True,24.6189,232.652,26.4463,flare_decay,True,True,True,True,True,True,1.23484,0.911482,,,True,True,True,True,True,True,
147627082_13,147627082,13,2612.61,24903.1,1,24.3926,1,False,True,21.6508,113.828,-7.39549,flare_decay,False,True,True,True,True,True,1.10767,0.917176,,,True,False,True,True,,True,
147627082_14,147627082,14,2619.41,7212.58,16,23.9091,1,True,True,22.5025,170.293,1.70301,flare_decay,True,True,True,True,True,True,1.25905,0.894342,,,True,True,True,True,,True,
147627082_15,147627082,15,2611.39,1450.85,8,3.18408,0,True,,,,,,,,,,,,,,,,,,,,,,
147627082_16,147627082,16,2634.66,16881.2,8,37.0481,1,True,True,34.0909,441.221,16.8035,flare_decay,True,True,True,True,True,True,1.47868,0.947439,,,True,True,True,True,,True,
147627082_17,147627082,17,2630.02,1063.2,24,5.07825,0,True,,,,,,,,,,,,,,,,,,,,,,
147627082_18,147627082,18,2631.58,2677.21,4,4.929,0,False,,,,,,,,,,,,,,,,,,,,,,
147627082_19,147627082,19,2629.62,50000,1,48.9749,1,False,True,50.9405,457.972,27.3133,flare_decay,True,True,True,True,True,True,1.04828,0.918241,,,True,False,True,True,,True,
147713955_0,147713955,0,2616.63,2712.12,2,10.5559,1,False,True,10.613,25.951,-5.48589,flare_decay,True,True,True,True,True,True,0.851215,0.95725,,,True,False,True,True,,True,
147713955_1,147713955,1,2611.07,9453.2,2,36.7932,1,False,True,35.3519,293.714,9.97741,flare_decay,True,True,True,True,True,True,0.956419,0.970116,,,True,False,True,True,,True,
147713955_2,147713955,2,2621.18,12268.3,1,33.9915,1,False,True,30.5625,205.99,-16.3443,flare_decay,False,True,True,True,True,True,0.677081,0.973193,,,True,False,True,True,,True,
147713955_3,147713955,3,2626.31,2500.62,1,6.9284,0,False,,,,,,,,,,,,,,,,,,,,,,
147713955_4,147713955,4,2617.21,1125.52,1,3.11845,0,False,,,,,,,,,,,,,,,,,,,,,,
147713955_5,147713955,5,2619.53,725.674,24,11.5179,1,True,True,12.6953,16.0637,-3.74244,flare_decay,True,True,True,True,True,True,0.561191,0.787516,0.0526434,0.0526434,True,True,True,True,,True,True
147713955_6,147713955,6,2615.35,6053.43,8,44.3032,1,True,True,43.7773,503.314,41.1322,flare_decay,True,True,True,True,True,True,0.877878,0.920809,,,True,True,True,True,True,True,
147713955_7,147713955,7,2627.24,1064.86,16,12.0451,1,True,True,11.4354,17.2088,-3.25738,flare_decay,True,True,True,True,True,True,1.10584,1.05049,,,True,True,True,True,,True,
147713955_8,147713955,8,2613.08,1241.23,16,14.0401,1,True,True,11.4009,19.8494,-7.1417,flare_decay,False,True,False,True,True,False,0.275749,0.397033,,,True,True,True,False,,True,
147713955_9,147713955,9,2626.11,4916.88,4,27.1191,1,False,True,25.5379,192.595,17.5582,flare_decay,True,True,True,True,True,True,1.18972,0.949315,,,True,False,True,True,,True,
147713955_10,147713955,10,2631.42,8846.68,2,34.4325,1,False,True,33.9308,173.606,15.5515,flare_decay,True,True,True,True,True,True,0.963823,0.940425,,,True,False,True,True,,True,
147713955_11,147713955,11,2628.36,2977.2,4,16.4207,1,False,True,16.6929,64.244,2.96349,flare_decay,True,True,True,True,True,True,1.11265,0.880951,,,True,False,True,True,,True,
147713955_12,147713955,12,2629.8,5652.23,4,31.1749,1,False,True,30.156,218.292,14.4976,flare_decay,True,True,True,True,True,True,0.720745,0.885114,,,True,False,True,True,,True,
147713955_13,147713955,13,2618.26,1891.07,2,7.36029,0,False,,,,,,,,,,,,,,,,,,,,,,
147713955_14,147713955,14,2612.42,458.659,16,5.18812,0,True,,,,,,,,,,,,,,,,,,,,,,
147713955_15,147713955,15,2629.42,3687.82,4,20.3402,1,False,True,16.1991,31.639,-6.16979,flare_decay,False,True,True,True,True,True,0.729967,1.08156,,,True,False,True,True,,True,
147713955_16,147713955,16,2613.85,1773.08,2,6.90109,1,False,True,8.13922,-1.25768,-3.25112,flare_decay,False,True,True,True,True,True,0.384226,0.489681,,,False,True,True,True,,True,
147713955_17,147713955,17,2634.71,862.122,8,6.30961,0,True,,,,,,,,,,,,,,,,,,,,,,
147713955_18,147713955,18,2611.26,5898.48,1,16.3428,1,False,True,16.7232,59.5343,-2.50356,flare_decay,True,True,True,True,True,True,0.740915,0.89231,,,True,False,True,True,,True,
147713955_19,147713955,19,2631.48,517.605,24,8.21541,0,True,,,,,,,,,,,,,,,,,,,,,,
147895461_0,147895461,0,2631.62,4991.53,1,5.61841,0,False,,,,,,,,,,,,,,,,,,,,,,
147895461_1,147895461,1,2629.35,12085.6,8,32.948,1,True,True,29.539,203.818,7.31018,flare_decay,True,True,,,,,,,,,True,True,True,,,False,
147895461_2,147895461,2,2635.79,6163.55,8,16.8032,1,True,True,11.7709,35.651,-6.86188,flare_decay,False,False,,,,,,,,,True,True,False,,,False,
147895461_3,147895461,3,2613.99,9606.59,4,19.3432,1,False,True,19.9023,159.862,4.12908,flare_decay,True,True,,,,,,,,,True,False,True,,,False,
147895461_4,147895461,4,2620.47,1115.03,8,3.03981,0,True,,,,,,,,,,,,,,,,,,,,,,
147895461_5,147895461,5,2625.88,3941.62,2,5.83847,0,False,,,,,,,,,,,,,,,,,,,,,,
147895461_6,147895461,6,2615.24,6260.88,16,25.6667,1,True,True,25.4191,148.056,7.36211,flare_decay,True,True,,,,,,,,,True,True,True,,,False,
147895461_7,147895461,7,2630.89,7439.06,1,8.37333,1,False,True,9.19519,9.01695,-1.12648,flare_decay,False,True,,,,,,,,,False,False,True,,,False,
147895461_8,147895461,8,2633.15,8463.29,4,17.0411,1,False,True,17.9556,71.7305,2.24719,flare_decay,True,True,,,,,,,,,True,False,True,,,False,
147895461_9,147895461,9,2621.07,15704.8,1,17.6772,1,False,True,16.6636,63.2243,-8.20769,flare_decay,False,True,,,,,,,,,True,False,True,,,False,
147895461_10,147895461,10,2627.69,7030.01,16,28.8198,1,True,True,25.5363,163.714,22.2003,flare_decay,True,True,,,,,,,,,True,True,True,,,False,
147895461_11,147895461,11,2628.76,28780.6,2,42.6309,1,False,True,42.1127,294.415,37.429,flare_decay,True,True,,,,,,,,,True,False,True,,,False,
147895461_12,147895461,12,2634.87,5672.92,16,23.2563,1,True,True,23.3956,116.927,51.5181,flare_decay,True,True,,,,,,,,,True,True,True,,,False,
147895461_13,147895461,13,2631.75,13685,8,37.3084,1,True,True,36.4218,488.723,34.1656,flare_decay,True,True,,,,,,,,,True,True,True,,,False,
147895461_14,147895461,14,2635.71,43322.6,1,48.7634,1,False,True,48.2709,359.889,63.6367,flare_decay,True,True,,,,,,,,,True,False,True,,,False,
147895461_15,147895461,15,2612.41,3669.87,8,10.0049,1,True,True,11.0994,48.2863,-14.8729,flare_decay,False,True,,,,,,,,,True,True,True,,,False,
147895461_16,147895461,16,2632.94,8042.73,8,21.9263,1,True,True,20.5273,145.204,-8.4949,flare_decay,False,True,,,,,,,,,True,True,True,,,False,
147895461_17,147895461,17,2620.12,6720.49,8,18.3216,1,True,True,16.6335,97.8418,-8.74957,flare_decay,False,True,,,,,,,,,True,True,True,,,False,
147895461_18,147895461,18,2633.2,3396.8,16,13.9253,1,True,True,14.3584,38.5541,0.19472,flare_decay,True,True,,,,,,,,,True,True,True,,,False,
147895461_19,147895461,19,2619.64,3085.34,24,15.161,1,True,True,13.3975,53.2185,-5.34487,flare_decay,True,True,,,,,,,,,True,True,True,,,False,
156214727_0,156214727,0,2627.78,10431,2,12.9497,1,False,True,12.5526,17.5058,2.92867,flare_decay,True,True,True,True,True,True,0.826388,0.921113,,,True,False,True,True,,True,
156214727_1,156214727,1,2619.36,5722.95,4,10.2845,1,True,True,10.2865,6.89326,-6.14199,flare_decay,False,True,True,True,True,True,0.577774,0.863891,,,False,True,True,True,,True,
156214727_2,156214727,2,2611.58,2947.97,2,3.6598,0,False,,,,,,,,,,,,,,,,,,,,,,
156214727_3,156214727,3,2619.79,3250.49,8,8.48793,1,True,True,9.34958,2.39802,-8.02559,flare_decay,False,True,True,True,True,True,0.915318,1.03472,,,False,True,True,True,,True,
156214727_4,156214727,4,2626.67,9737.71,4,17.4993,1,True,True,15.9988,66.7433,-13.8054,flare_decay,False,True,True,True,True,True,0.881794,1.03021,,,True,True,True,True,,True,
156214727_5,156214727,5,2634.12,5807.44,24,29.9873,1,True,True,23.5519,138.339,-0.678511,flare_decay,True,True,True,True,True,True,0.969027,0.918503,,,True,True,True,True,True,True,
156214727_6,156214727,6,2616.98,2175.33,24,11.2325,1,True,True,13.5395,18.0864,-7.77161,flare_decay,False,True,True,True,True,True,0.735415,0.843083,,,True,True,True,True,,True,
156214727_7,156214727,7,2621.37,2717.48,4,4.8835,0,True,,,,,,,,,,,,,,,,,,,,,,
156214727_8,156214727,8,2627.86,14464.6,2,17.9573,1,False,True,18.1843,48.9323,-4.7084,flare_decay,True,True,True,True,True,True,0.742624,0.948548,,,True,False,True,True,,True,
156214727_9,156214727,9,2632.56,8662.9,2,10.7547,1,False,True,10.2667,32.6684,-8.33814,flare_decay,False,True,True,True,True,True,0.923302,1.08543,,,True,False,True,True,,True,
156214727_10,156214727,10,2614.1,639.308,24,3.30113,0,True,,,,,,,,,,,,,,,,,,,,,,
156214727_11,156214727,11,2626.62,9226.11,1,8.12903,0,False,,,,,,,,,,,,,,,,,,,,,,
156214727_12,156214727,12,2618.05,25158.6,4,45.2117,1,True,True,44.1609,304.653,2.79357,flare_decay,True,True,True,True,True,True,0.887151,0.89517,,,True,True,True,True,,True,
156214727_13,156214727,13,2616.46,17567.3,1,15.4783,1,False,True,17.1392,93.4489,2.13972,flare_decay,True,True,True,True,True,True,1.52458,0.816126,,,True,False,True,True,,True,
156214727_14,156214727,14,2615.87,1646.44,24,8.50153,0,True,,,,,,,,,,,,,,,,,,,,,,
156214727_15,156214727,15,2618.82,9348.64,4,16.8002,1,True,True,18.1626,29.4575,-2.66558,flare_decay,True,True,True,True,True,True,0.732841,0.971694,,,True,True,True,True,,True,
156214727_16,156214727,16,2631.15,8969.82,2,11.1357,1,False,True,9.4847,4.44528,-8.82584,flare_decay,False,True,True,True,True,True,1.01069,1.00641,,,False,False,True,True,,True,
156214727_17,156214727,17,2614.53,50000,1,44.0545,1,False,True,47.4704,410.19,-0.952848,flare_decay,True,True,True,True,True,True,0.845984,0.955831,,,True,False,True,True,,True,
156214727_18,156214727,18,2621.57,18517.3,2,22.9886,0,False,,,,,,,,,,,,,,,,,,,,,,
156214727_19,156214727,19,2627.31,1657.46,16,5.80843,0,True,,,,,,,,,,,,,,,,,,,,,,
156508369_0,156508369,0,2619.69,1328.55,16,4.44454,0,True,,,,,,,,,,,,,,,,,,,,,,
156508369_1,156508369,1,2621.38,2339.6,16,7.82694,0,True,,,,,,,,,,,,,,,,,,,,,,
156508369_2,156508369,2,2635.62,1148.68,24,4.42128,0,True,,,,,,,,,,,,,,,,,,,,,,
156508369_3,156508369,3,2621.31,4712.36,1,4.04999,0,False,,,,,,,,,,,,,,,,,,,,,,
156508369_4,156508369,4,2632.27,4137.08,2,4.73955,0,False,,,,,,,,,,,,,,,,,,,,,,
156508369_5,156508369,5,2618.35,7325.66,16,24.5074,1,True,True,25.7558,144.829,5.21604,flare_decay,True,True,True,True,True,True,1.07871,0.696156,0.00648284,5.69071e-09,True,True,True,True,,True,True
156508369_6,156508369,6,2633.96,7473.93,2,8.56232,1,False,True,7.40793,17.9078,-3.60536,flare_decay,True,True,True,True,True,True,1.00107,0.699399,,,True,False,True,True,,True,
156508369_7,156508369,7,2627.66,5667.84,2,6.49323,1,False,True,7.12234,7.91203,-6.91235,flare_decay,False,True,True,True,True,True,0.832784,0.649417,,,False,False,True,True,,True,
156508369_8,156508369,8,2619.93,7495.88,8,17.6742,1,True,True,15.9134,53.9979,3.40137,flare_decay,True,True,True,True,True,True,1.11272,0.780686,,,True,True,True,True,,True,
156508369_9,156508369,9,2614.19,5214.75,1,4.48177,0,False,,,,,,,,,,,,,,,,,,,,,,
156508369_10,156508369,10,2628.33,16591.9,8,39.1214,1,True,True,39.5748,394.736,31.3949,flare_decay,True,True,True,True,True,True,1.19251,0.731487,,,True,True,True,True,,True,
156508369_11,156508369,11,2632.37,50000,1,42.972,1,False,True,42.3822,544.846,-4.47905,flare_decay,True,True,True,True,True,True,1.42176,0.755184,,,True,False,True,True,,True,
156508369_12,156508369,12,2619.66,1388.74,8,3.27444,0,True,,,,,,,,,,,,,,,,,,,,,,
156508369_13,156508369,13,2611.06,19684.2,8,46.4125,1,True,True,45.5901,465.808,16.9991,flare_decay,True,True,True,True,True,True,1.09576,0.82124,,,True,True,True,True,,True,
156508369_14,156508369,14,2627.78,11928.8,4,19.4881,1,True,True,18.8463,106.862,-4.37798,flare_decay,True,True,True,True,True,True,1.17046,0.777449,,,True,True,True,True,,True,
156508369_15,156508369,15,2626.98,1874.68,4,3.06268,0,True,,,,,,,,,,,,,,,,,,,,,,
156508369_16,156508369,16,2629.53,3748.32,4,6.12365,0,True,,,,,,,,,,,,,,,,,,,,,,
156508369_17,156508369,17,2630.72,12100.3,8,28.5307,1,True,True,27.8812,152.723,3.04101,flare_decay,True,True,True,True,True,True,1.5857,0.776504,,,True,True,True,True,True,True,
156508369_18,156508369,18,2625.89,16091.5,8,37.9416,1,True,True,39.5769,249.4,8.2819,flare_decay,True,True,True,True,True,True,0.719304,0.647561,,,True,True,True,True,,True,
156508369_19,156508369,19,2616.52,3427.51,24,13.1925,1,True,True,13.9794,58.2615,-1.05058,flare_decay,True,True,True,True,True,True,1.21514,0.703517,0.185931,0.185931,True,True,True,True,True,True,False
156511681_0,156511681,0,2611.11,9013.05,2,16.1249,1,False,True,16.5768,31.4442,-3.97036,flare_decay,True,True,True,True,True,True,1.26825,0.862782,,,True,False,True,True,,True,
156511681_1,156511681,1,2611.62,9652.11,16,43.7458,1,True,True,39.0353,278.734,34.954,flare_decay,True,True,True,True,True,True,1.11687,1.01589,,,True,True,True,True,,True,
156511681_2,156511681,2,2613.92,5445.62,24,30.1873,1,True,True,25.2798,184.739,97.2334,flare_decay,True,True,True,True,True,True,1.23042,1.25788,,,True,True,True,True,True,True,
156511681_3,156511681,3,2635.96,1064.71,8,3.74395,0,True,,,,,,,,,,,,,,,,,,,,,,
156511681_4,156511681,4,2619.88,2075.7,24,11.5065,1,True,True,11.9975,31.5669,-16.33,step,False,True,True,True,True,True,0.82608,0.817858,,,True,True,True,True,,True,
156511681_5,156511681,5,2612.14,1053.67,16,4.7755,0,True,,,,,,,,,,,,,,,,,,,,,,
156511681_6,156511681,6,2616.56,3362.12,16,15.238,1,True,True,13.9074,65.466,-0.724823,flare_decay,True,True,True,True,True,True,1.19309,0.907203,1.99249e-05,0,True,True,True,True,True,True,True
156511681_7,156511681,7,2617.03,8230.93,1,10.4816,1,False,True,9.58766,33.7231,-4.06043,flare_decay,True,True,True,True,True,True,0.972651,0.789779,,,True,False,True,True,,True,
156511681_8,156511681,8,2632.1,15467.9,8,54.3912,1,True,True,50.9805,666.573,50.52,flare_decay,True,True,True,True,True,True,0.923119,0.950983,,,True,True,True,True,,True,
156511681_9,156511681,9,2611.72,41893.3,1,53.3486,1,False,True,50.1129,512.096,-51.9976,flare_decay,False,True,True,True,True,True,0.960803,0.908871,,,True,False,True,True,,True,
156511681_10,156511681,10,2620.33,9011.49,24,49.9543,1,True,True,51.6823,467.431,50.1426,flare_decay,True,True,True,True,True,True,1.0558,0.9589,,,True,True,True,True,,True,
156511681_11,156511681,11,2628,6470.85,1,8.24024,1,False,True,8.5497,-1.96459,-3.58865,flare_decay,False,True,True,True,True,True,1.24785,0.87192,,,False,False,True,True,,True,
156511681_12,156511681,12,2615.06,732.339,16,3.31915,0,True,,,,,,,,,,,,,,,,,,,,,,
156511681_13,156511681,13,2629.75,7061.92,4,16.8794,1,True,True,19.2707,65.2069,-7.03355,flare_decay,False,True,True,True,True,True,0.786607,0.868037,,,True,True,True,True,True,True,
156511681_14,156511681,14,2633.49,2057.16,24,11.4036,0,True,,,,,,,,,,,,,,,,,,,,,,
156511681_15,156511681,15,2632.55,705.085,24,3.90857,0,True,,,,,,,,,,,,,,,,,,,,,,
156511681_16,156511681,16,2626.04,1788.5,4,4.27487,0,True,,,,,,,,,,,,,,,,,,,,,,
156511681_17,156511681,17,2635.14,10403.4,24,57.67,1,True,True,47.5308,707.945,79.4986,flare_decay,True,True,True,True,True,True,1.22633,1.00747,,,True,True,True,True,True,True,
156511681_18,156511681,18,2627.71,9592.22,24,53.1736,1,True,True,43.6233,652.038,16.4901,flare_decay,True,True,True,True,True,True,1.11947,1.00062,0,0,True,True,True,True,,True,True
156511681_19,156511681,19,2618.04,2571,8,9.04065,1,True,True,10.2445,13.8742,-3.32792,flare_decay,True,True,True,True,True,True,0.732945,0.758654,,,True,True,True,True,,True,
157263680_0,157263680,0,2618.65,1863.09,24,12.8158,1,True,True,11.0229,6.7239,-7.70585,flare_decay,False,True,True,True,True,True,0.65418,0.792316,,,False,True,True,True,,True,
157263680_1,157263680,1,2621.35,22788,4,50.3227,1,True,True,50.0779,249.517,34.1051,flare_decay,True,True,True,True,True,True,0.65732,0.941834,,,True,True,True,True,True,True,
157263680_2,157263680,2,2631.31,5527.22,8,19.1145,1,True,True,18.7396,16.74,-0.745673,flare_decay,True,True,True,True,True,True,0.636741,0.902549,0.0160257,0,True,True,True,True,,True,True
157263680_3,157263680,3,2610.8,18467,1,17.905,1,False,True,18.446,63.2616,-5.37622,flare_decay,True,True,True,True,True,True,0.825039,0.6943,,,True,False,True,True,,True,
157263680_4,157263680,4,2628.24,4151.69,8,14.3576,1,True,True,12.5514,0.393138,-6.07907,step,False,True,True,True,True,True,0.831552,0.963848,,,False,True,True,True,,True,
157263680_5,157263680,5,2627.12,16882.4,2,24.7471,1,False,True,25.9273,68.9597,-4.78954,flare_decay,True,True,True,True,True,True,0.773178,0.90328,,,True,False,True,True,,True,
157263680_6,157263680,6,2610.92,7840.97,24,53.9364,1,True,True,42.103,165.102,1.28983,step,True,True,True,True,True,True,0.500432,0.713828,,,True,True,True,True,,True,
157263680_7,157263680,7,2616.12,12821.5,8,44.3401,1,True,True,41.4266,176.825,3.89047,flare_decay,True,True,True,True,True,True,0.653482,0.840246,,,True,True,True,True,,True,
157263680_8,157263680,8,2611.24,5980.13,16,30.2592,1,True,True,29.4361,61.3513,-3.86798,flare_decay,True,True,True,True,True,True,0.500888,0.872941,,,True,True,True,True,,True,
157263680_9,157263680,9,2629.78,17750.2,4,39.1978,1,True,True,38.582,246.734,0.897969,flare_decay,True,True,True,True,True,True,0.80357,0.898968,,,True,True,True,True,,True,
157263680_10,157263680,10,2610.42,7393.6,16,37.4113,1,True,True,24.3708,0.791451,5.62773,step,False,False,True,True,True,True,0.502755,0.672687,,,False,True,True,True,,True,
157263680_11,157263680,11,2626.81,490.461,24,3.37378,0,True,,,,,,,,,,,,,,,,,,,,,,
157263680_12,157263680,12,2614.16,8411.37,16,42.5612,1,True,True,40.472,154.357,27.2742,flare_decay,True,True,True,True,True,True,0.60622,1.06845,,,True,True,True,True,True,True,
157263680_13,157263680,13,2619.14,5156.12,2,7.55813,1,False,True,8.76243,13.9245,-5.23554,flare_decay,True,True,True,True,True,True,1.07112,1.01928,,,True,False,True,True,,True,
157263680_14,157263680,14,2630.17,35203.9,1,34.1325,1,False,True,34.8888,266.507,-12.7985,flare_decay,False,True,True,True,True,True,0.996753,0.889246,,,True,False,True,True,,True,
157263680_15,157263680,15,2629.03,18831,1,18.2579,1,False,True,17.2969,35.9392,-2.25105,flare_decay,True,True,True,True,True,True,0.92081,0.866963,,,True,False,True,True,,True,
157263680_16,157263680,16,2635.74,890.555,16,4.50617,0,True,,,,,,,,,,,,,,,,,,,,,,
157263680_17,157263680,17,2633.36,5034.59,4,11.1179,1,True,True,12.3171,8.66873,-3.55767,flare_decay,False,True,True,True,True,True,0.655514,0.665368,,,False,True,True,True,,True,
157263680_18,157263680,18,2614.21,24211.6,2,35.4907,1,False,True,31.2076,213.259,4.48874,flare_decay,True,True,True,True,True,True,0.748095,0.81291,,,True,False,True,True,,True,
157263680_19,157263680,19,2619.99,2290.63,2,3.35774,0,False,,,,,,,,,,,,,,,,,,,,,,
142381853_0,142381853,0,2633.46,394.004,24,4.16865,0,True,,,,,,,,,,,,,,,,,,,,,,
142381853_1,142381853,1,2611.76,2570.76,24,27.1991,1,True,True,25.8046,64.5249,-4.70115,flare_decay,True,True,True,True,False,True,0.754061,1.08817,,,True,True,True,False,,True,
142381853_2,142381853,2,2629.37,3435.43,2,8.4375,1,False,True,7.56111,4.8246,-4.43237,step,False,True,True,True,True,True,1.5337,1.36041,,,False,False,True,True,,True,
142381853_3,142381853,3,2610.43,12230.2,1,20.9768,1,False,True,18.3609,75.3065,-4.01564,flare_decay,True,True,True,True,True,True,0.99975,0.892108,,,True,False,True,True,,True,
142381853_4,142381853,4,2612.11,4980.4,24,52.6937,1,True,True,42.8873,301.537,28.5577,flare_decay,True,True,True,True,False,True,0.722863,0.950478,,,True,True,True,False,,True,
142381853_5,142381853,5,2635.4,2392.65,4,8.30399,1,True,True,11.1552,-11.8359,-5.78474,flare_decay,False,True,True,True,True,True,1.07657,0.804458,,,False,True,True,True,,True,
142381853_6,142381853,6,2620.18,6343.67,4,22.0165,1,True,True,20.9615,108.866,4.52421,flare_decay,True,True,True,True,True,True,0.85451,1.0194,,,True,True,True,True,,True,
142381853_7,142381853,7,2612.56,6113.27,1,10.4852,1,False,True,9.96281,8.10643,-4.53248,flare_decay,False,True,True,True,True,True,0.840854,0.772447,,,False,False,True,True,,True,
142381853_8,142381853,8,2619.21,2218.66,2,5.44908,0,False,,,,,,,,,,,,,,,,,,,,,,
142381853_9,142381853,9,2634.59,13152.3,2,32.3024,1,False,True,32.7117,170.713,1.70063,flare_decay,True,True,True,True,True,True,0.643651,0.867082,,,True,False,True,True,,True,
142381853_10,142381853,10,2629.94,9573.54,2,23.5128,1,False,True,27.2388,124.372,20.3571,flare_decay,True,True,True,True,True,True,0.717143,0.931999,,,True,False,True,True,,True,
142381853_11,142381853,11,2626.76,18087.4,2,44.423,1,False,True,42.9881,382.997,56.0053,flare_decay,True,True,True,True,True,True,0.830847,0.980072,,,True,False,True,True,,True,
142381853_12,142381853,12,2625.98,531.296,16,4.68998,0,True,,,,,,,,,,,,,,,,,,,,,,
142381853_13,142381853,13,2619.01,23245.7,1,39.8701,1,False,True,40.5567,393.232,-1.0564,flare_decay,True,True,True,True,True,True,0.924093,0.956669,,,True,False,True,True,,True,
142381853_14,142381853,14,2633.3,2137.52,16,18.8689,1,True,True,17.9916,25.5158,-2.75667,flare_decay,True,True,True,True,True,True,0.527131,0.933878,0.0211572,8.16888e-08,True,True,True,True,True,True,True
142381853_15,142381853,15,2618.76,2690.69,1,4.61497,0,False,,,,,,,,,,,,,,,,,,,,,,
142381853_16,142381853,16,2613.37,320.164,24,3.3874,0,True,,,,,,,,,,,,,,,,,,,,,,
142381853_17,142381853,17,2632.48,14777.9,2,36.2948,1,False,True,37.1996,210.12,1.50178,flare_decay,True,True,True,True,True,True,0.984931,0.960665,,,True,False,True,True,,True,
142381853_18,142381853,18,2633.76,2907.82,2,7.14169,1,False,True,8.56493,2.03104,-5.29786,flare_decay,False,True,True,True,True,True,0.697907,0.865773,,,False,False,True,True,,True,
142381853_19,142381853,19,2631.57,1930.61,4,6.70044,0,True,,,,,,,,,,,,,,,,,,,,,,
142414712_0,142414712,0,2616.65,1011.02,1,4.62127,0,False,,,,,,,,,,,,,,,,,,,,,,
142414712_1,142414712,1,2613.81,8810.34,4,50.2634,1,False,True,52.9335,1703.98,71.8125,flare_decay,True,True,True,True,True,True,0.679231,0.931807,,,True,False,True,True,,True,
142414712_2,142414712,2,2615.64,2040.07,24,16.2564,1,True,True,17.4243,1009.16,117.106,flare_decay,True,True,False,True,False,False,0.312196,0.298278,,,True,True,True,False,,True,
142414712_3,142414712,3,2621.1,2903.88,4,16.5668,1,False,True,19.1567,209.882,23.083,flare_decay,True,True,True,True,True,True,0.934505,0.99733,,,True,False,True,True,,True,
142414712_4,142414712,4,2617.25,6788.69,2,35.7559,1,False,True,37.4977,623.898,-6.13435,flare_decay,False,True,True,True,True,True,1.01283,0.926871,,,True,False,True,True,,True,
142414712_5,142414712,5,2616.21,1993,8,11.46,1,True,True,11.4365,220.947,-10.0889,flare_decay,False,True,True,True,True,True,1.69716,0.875683,,,True,True,True,True,,True,
142414712_6,142414712,6,2635.29,3838.78,2,20.2188,1,False,True,19.9382,208.689,-0.36866,flare_decay,True,True,True,True,True,True,1.25563,1.00065,,,True,False,True,True,,True,
142414712_7,142414712,7,2628.85,1248.87,2,6.57777,0,False,,,,,,,,,,,,,,,,,,,,,,
142414712_8,142414712,8,2632.91,1233.36,16,8.01964,0,True,,,,,,,,,,,,,,,,,,,,,,
142414712_9,142414712,9,2621.6,2498.12,24,19.9064,1,True,True,15.6563,-21.5437,1.70993,flare_decay,False,True,True,True,True,True,0.780379,1.22207,,,False,True,True,True,,True,
142414712_10,142414712,10,2615.54,1421.19,24,11.3248,1,True,True,12.8723,538.006,44.0677,flare_decay,True,True,False,True,False,False,-0.0138467,-0.0122971,,,True,True,True,False,,True,
142414712_11,142414712,11,2626.12,5496.66,4,31.3587,1,False,True,34.638,640.018,26.3458,flare_decay,True,True,True,True,True,True,1.2953,0.955029,,,True,False,True,True,,True,
142414712_12,142414712,12,2634.6,4778.12,2,25.1662,1,False,True,27.6307,300.908,43.2395,flare_decay,True,True,True,True,True,True,1.11563,0.868743,,,True,False,True,True,,True,
142414712_13,142414712,13,2620.1,750.357,4,4.28082,0,False,,,,,,,,,,,,,,,,,,,,,,
142414712_14,142414712,14,2628.43,2762.46,4,15.76,1,False,True,15.7213,208.546,22.1323,flare_decay,True,True,True,True,True,True,1.46484,0.861153,,,True,False,True,True,,True,
142414712_15,142414712,15,2628.45,732.109,4,4.17671,0,False,,,,,,,,,,,,,,,,,,,,,,
142414712_16,142414712,16,2633.33,9384.5,8,53.9621,1,True,True,59.8643,5709.98,582.301,flare_decay,True,True,True,True,True,True,1.56187,0.939801,,,True,True,True,True,,True,
142414712_17,142414712,17,2616.81,3852.61,4,21.9793,1,False,True,22.5667,541.539,0.908229,flare_decay,True,True,True,True,True,True,1.25669,0.948903,,,True,False,True,True,,True,
142414712_18,142414712,18,2630.35,1243.86,16,8.08793,1,True,True,8.99019,65.8263,186.17,ramp,True,True,True,True,True,True,1.72536,0.798524,1.88738e-14,3.60092e-47,True,True,True,True,,True,True
142414712_19,142414712,19,2614.14,4718.9,2,24.8543,1,False,True,25.5746,248.882,-13.2453,flare_decay,False,True,True,True,True,True,0.543091,0.943711,,,True,False,True,True,,True,
142634197_0,142634197,0,2633.28,14363.9,2,28.1441,1,False,True,27.5527,107.652,17.382,flare_decay,True,True,True,True,True,True,0.853785,0.83847,,,True,False,True,True,,True,
142634197_1,142634197,1,2631.69,9627.35,1,13.8785,1,False,True,15.9872,44.4965,-5.95521,flare_decay,True,True,True,True,True,True,0.971479,0.91896,,,True,False,True,True,,True,
142634197_2,142634197,2,2612.06,16841.6,2,32.9989,1,False,True,32.1391,188.426,10.4031,flare_decay,True,True,True,True,True,True,0.982126,0.873934,,,True,False,True,True,,True,
142634197_3,142634197,3,2614.09,8267.22,1,11.9178,1,False,True,9.55344,6.26597,-9.28934,flare_decay,False,True,True,True,True,True,0.884677,0.802871,,,False,False,True,True,,True,
142634197_4,142634197,4,2612.33,4856.7,24,34.0305,1,True,True,28.2335,146.836,-4.80112,flare_decay,True,True,True,True,True,True,0.825751,0.838936,,,True,True,True,True,,True,
142634197_5,142634197,5,2631.6,3249.65,4,8.89971,1,True,True,9.09056,12.8707,-4.10179,flare_decay,True,True,True,True,True,True,0.921978,0.939127,0.316155,0,True,True,True,True,,True,True
142634197_6,142634197,6,2627.54,2580.83,24,18.0837,1,True,True,15.8783,51.8155,-5.24867,flare_decay,True,True,True,True,True,True,0.653721,0.799827,,,True,True,True,True,True,True,
142634197_7,142634197,7,2620.29,12383.3,1,17.8513,1,False,True,17.9689,40.7709,-3.21882,flare_decay,True,True,True,True,True,True,0.92637,0.923534,,,True,False,True,True,,True,
142634197_8,142634197,8,2632.82,1864.28,24,13.0629,1,True,True,10.837,2.33846,-6.25317,flare_decay,False,True,True,True,True,True,0.970569,0.866806,,,False,True,True,True,,True,
142634197_9,142634197,9,2627.21,2092.81,4,5.7315,0,True,,,,,,,,,,,,,,,,,,,,,,
142634197_10,142634197,10,2618.33,1114.65,16,5.9837,0,True,,,,,,,,,,,,,,,,,,,,,,
142634197_11,142634197,11,2614.65,18548.1,2,36.3425,1,False,True,35.1333,93.0118,15.5729,flare_decay,True,True,True,True,True,True,0.816962,0.932208,,,True,False,True,True,,True,
142634197_12,142634197,12,2618.49,5504.09,24,38.5667,1,True,True,34.856,315.351,13.8806,flare_decay,True,True,True,True,True,True,0.922228,0.892702,,,True,True,True,True,,True,
142634197_13,142634197,13,2628.53,3252,24,22.7865,1,True,True,22.7198,78.4788,2.40103,flare_decay,True,True,True,True,True,True,0.699217,0.699694,,,True,True,True,True,,True,
142634197_14,142634197,14,2633.78,12105.3,1,17.4507,1,False,True,19.0285,66.0158,-1.32417,flare_decay,True,True,True,True,True,True,0.795399,0.740785,,,True,False,True,True,,True,
142634197_15,142634197,15,2635.35,16434.9,1,23.692,1,False,True,25.6327,159.481,-4.33438,flare_decay,True,True,True,True,True,True,1.11382,0.771377,,,True,False,True,True,,True,
142634197_16,142634197,16,2611.3,7970.68,4,21.829,0,True,,,,,,,,,,,,,,,,,,,,,,
142634197_17,142634197,17,2627.01,1424.62,16,7.64769,0,True,,,,,,,,,,,,,,,,,,,,,,
142634197_18,142634197,18,2611.41,5294.7,8,20.2217,1,True,True,17.7111,40.0892,7.33568,flare_decay,True,False,True,True,True,True,1.0154,1.02869,,,True,True,True,True,,True,
142634197_19,142634197,19,2630.35,6709.98,4,18.3764,1,True,True,16.9482,40.9969,5.99742,flare_decay,True,True,True,True,True,True,0.76613,0.922261,,,True,True,True,True,True,True,
142962438_0,142962438,0,2612.11,16239.8,2,20.931,1,False,True,21.3649,131.125,9.75344,flare_decay,True,True,True,True,True,True,2.13912,0.894402,,,True,False,True,True,,True,
142962438_1,142962438,1,2620.77,32634.1,2,42.0613,1,False,True,41.6167,378.245,-10.0485,flare_decay,False,True,True,True,True,True,0.924463,0.909639,,,True,False,True,True,,True,
142962438_2,142962438,2,2614.85,16976.1,8,42.2556,1,True,True,35.7353,432.846,36.1909,flare_decay,True,True,True,True,True,True,1.02531,0.914592,,,True,True,True,True,True,True,
142962438_3,142962438,3,2620.76,3194.36,16,11.2396,1,True,True,11.4698,-4.75393,-2.56875,flare_decay,False,True,True,True,True,True,1.01372,1.07675,,,False,True,True,True,,True,
142962438_4,142962438,4,2613.15,40424.5,2,52.1021,1,False,True,53.0151,497.723,60.2845,flare_decay,True,True,True,True,True,True,1.1246,0.916125,,,True,False,True,True,,True,
142962438_5,142962438,5,2634.72,4302.26,4,7.37348,0,True,,,,,,,,,,,,,,,,,,,,,,
142962438_6,142962438,6,2621.31,1095.71,16,3.85535,0,True,,,,,,,,,,,,,,,,,,,,,,
142962438_7,142962438,7,2632.06,9755.51,8,24.2827,1,True,True,22.8766,83.6623,-12.5292,flare_decay,False,True,True,True,True,True,1.10395,0.987045,,,True,True,True,True,,True,
142962438_8,142962438,8,2631.53,2413.89,8,6.0085,1,True,True,7.64464,5.67134,-4.65997,flare_decay,False,True,True,True,True,True,0.989322,0.880833,,,False,True,True,True,,True,
142962438_9,142962438,9,2633.12,2474.31,8,6.15888,0,True,,,,,,,,,,,,,,,,,,,,,,
142962438_10,142962438,10,2629.36,2800.35,4,4.79941,0,True,,,,,,,,,,,,,,,,,,,,,,
142962438_11,142962438,11,2617.1,3230.49,8,8.04111,1,True,True,7.44647,9.04559,-11.1839,flare_decay,False,True,True,True,True,True,1.19179,1.08733,,,False,True,True,True,,True,
142962438_12,142962438,12,2613.91,1829.12,16,6.43589,0,True,,,,,,,,,,,,,,,,,,,,,,
142962438_13,142962438,13,2614.94,2856.14,8,7.10931,0,True,,,,,,,,,,,,,,,,,,,,,,
142962438_14,142962438,14,2626.37,18840.9,2,24.2836,1,False,True,23.5792,88.7421,-1.21161,flare_decay,True,True,True,True,True,True,1.24815,0.942655,,,True,False,True,True,,True,
142962438_15,142962438,15,2633.55,4340.64,24,20.5655,1,True,True,21.404,101.278,-2.11833,flare_decay,True,True,True,True,True,True,1.02493,0.916815,,,True,True,True,True,True,True,
142962438_16,142962438,16,2634.53,1771.7,4,3.03644,0,True,,,,,,,,,,,,,,,,,,,,,,
142962438_17,142962438,17,2619.1,5878.89,2,7.57715,1,False,True,7.50295,0.843224,-4.43905,flare_decay,False,True,True,True,True,True,0.599095,0.908655,,,False,False,True,True,,True,
142962438_18,142962438,18,2628.31,8812.31,8,21.935,1,True,True,21.7215,121.299,11.9361,flare_decay,True,True,True,True,True,True,0.965879,0.855732,,,True,True,True,True,,True,
142962438_19,142962438,19,2635.96,6829.41,16,24.0298,1,True,True,14.4833,-8.03719,-3.3928,step,False,False,False,True,True,False,,,,,False,True,False,False,,True,
147992200_0,147992200,0,2625.45,1493.76,24,10.6138,0,True,,,,,,,,,,,,,,,,,,,,,,
147992200_1,147992200,1,2630.99,37887.3,1,39.4611,1,False,True,43.8516,468.938,-8.66863,flare_decay,False,True,True,True,True,True,0.971302,0.837736,,,True,False,True,True,,True,
147992200_2,147992200,2,2634.68,15680.9,8,54.1679,1,True,True,54.6897,396.562,-8.04674,flare_decay,False,True,True,True,True,True,0.78634,0.861342,1,7.95099e-37,True,True,True,True,,True,False
147992200_3,147992200,3,2630.08,8318.3,16,42.6832,1,True,True,40.7128,267.959,1.22796,flare_decay,True,True,True,True,True,True,0.678903,0.842915,,,True,True,True,True,True,True,
147992200_4,147992200,4,2618.81,10847.9,8,37.4731,1,True,True,35.0315,159.795,-0.337117,flare_decay,True,True,True,True,True,True,0.701888,0.856998,,,True,True,True,True,,True,
147992200_5,147992200,5,2632.5,30793.1,1,32.0722,1,False,True,30.6464,220.448,0.587099,flare_decay,True,True,True,True,True,True,0.757319,0.83121,,,True,False,True,True,,True,
147992200_6,147992200,6,2620.81,1856.9,8,6.41446,1,True,True,8.23225,4.60505,-8.4308,step,False,True,True,True,True,True,0.667655,0.730844,,,False,True,True,True,,True,
147992200_7,147992200,7,2626.17,5367.89,4,12.2459,1,False,True,12.6626,11.9016,-6.10258,flare_decay,False,True,True,True,True,True,0.847843,0.970733,,,True,False,True,True,,True,
147992200_8,147992200,8,2619.51,3020.35,16,15.4981,1,True,True,15.4362,11.151,-4.32065,step,True,True,True,True,True,True,0.722666,0.813792,,,True,True,True,True,True,True,
147992200_9,147992200,9,2631.77,1304.83,24,9.27133,0,True,,,,,,,,,,,,,,,,,,,,,,
147992200_10,147992200,10,2612.72,959.847,24,6.82012,0,True,,,,,,,,,,,,,,,,,,,,,,
147992200_11,147992200,11,2629.52,7215.69,4,16.4613,1,False,True,15.446,45.5914,-1.53652,flare_decay,True,True,True,True,True,True,0.647613,0.771564,,,True,False,True,True,,True,
147992200_12,147992200,12,2632.31,4950.6,1,5.15624,0,False,,,,,,,,,,,,,,,,,,,,,,
147992200_13,147992200,13,2633.31,6031.38,8,20.8348,1,True,True,20.0199,39.4992,-7.24921,flare_decay,False,True,True,True,True,True,0.662171,0.838498,,,True,True,True,True,,True,
147992200_14,147992200,14,2620.31,26524.4,1,27.6262,1,False,True,26.7074,170.915,13.576,flare_decay,True,True,True,True,True,True,1.66444,0.924684,,,True,False,True,True,,True,
147992200_15,147992200,15,2634.35,2245.58,4,5.12291,0,False,,,,,,,,,,,,,,,,,,,,,,
147992200_16,147992200,16,2611.06,5722.04,24,40.6575,1,True,True,31.7049,51.6054,-6.00452,step,False,True,True,True,False,True,0.799893,1.19459,,,True,True,True,False,,True,
147992200_17,147992200,17,2621.38,17477.6,2,26.3811,1,False,True,25.8814,145.505,-0.479391,flare_decay,True,True,True,True,True,True,0.772469,0.872026,,,True,False,True,True,,True,
147992200_18,147992200,18,2628.06,30311,2,45.7522,1,False,True,44.6577,389.701,13.4329,flare_decay,True,True,True,True,True,True,0.840667,0.902506,,,True,False,True,True,,True,
147992200_19,147992200,19,2628.58,1043.12,8,3.60335,0,True,,,,,,,,,,,,,,,,,,,,,,
148624429_0,148624429,0,2618.6,2181.08,1,4.59361,0,False,,,,,,,,,,,,,,,,,,,,,,
148624429_1,148624429,1,2615.28,15127.1,1,31.8596,1,False,True,30.0651,229.479,17.7819,flare_decay,True,True,True,True,True,True,1.1144,0.933188,,,True,False,True,True,,True,
148624429_2,148624429,2,2630.54,771.494,24,7.97323,0,True,,,,,,,,,,,,,,,,,,,,,,
148624429_3,148624429,3,2613.32,4050.18,4,16.7295,1,True,True,14.7417,15.5387,2.69313,flare_decay,True,True,True,True,True,True,0.695231,1.04903,,,True,True,True,True,,True,
148624429_4,148624429,4,2616.74,25547.5,1,53.8061,1,False,True,54.4383,454.427,5.30377,flare_decay,True,True,True,True,True,True,1.01593,0.909554,,,True,False,True,True,,True,
148624429_5,148624429,5,2635.19,1365.01,8,7.99892,1,True,True,7.79823,4.18283,-7.74823,step,False,True,True,True,True,True,0.962407,1.14735,,,False,True,True,True,,True,
148624429_6,148624429,6,2627.83,5345.69,1,11.2586,1,False,True,10.0655,18.2263,-1.59523,flare_decay,True,True,True,True,True,True,0.809599,0.880408,,,True,False,True,True,,True,
148624429_7,148624429,7,2618.4,3149,24,32.5442,1,True,True,26.4449,176.156,5.5944,flare_decay,True,True,True,True,True,True,0.947753,0.833032,,,True,True,True,True,,True,
148624429_8,148624429,8,2630.78,437.804,24,4.52462,0,True,,,,,,,,,,,,,,,,,,,,,,
148624429_9,148624429,9,2619.54,2991.72,4,12.3575,1,True,True,10.116,-3.1076,-6.06094,flare_decay,False,True,True,True,True,True,0.86988,0.880006,,,False,True,True,True,,True,
148624429_10,148624429,10,2632.6,2631.89,24,27.2,1,True,True,22.1135,110.411,-10.3666,flare_decay,False,True,True,True,True,True,1.05302,0.945708,,,True,True,True,True,,True,
148624429_11,148624429,11,2627.3,15156.6,1,31.9216,1,False,True,30.2732,50.2388,-13.1661,flare_decay,False,True,True,True,True,True,0.860843,0.95182,,,True,False,True,True,,True,
148624429_12,148624429,12,2614.38,2355.18,8,13.8012,1,True,True,13.7555,24.1318,-2.14928,flare_decay,True,True,True,True,True,True,0.756304,1.31859,,,True,True,True,True,,True,
148624429_13,148624429,13,2615.1,9736.93,8,57.058,1,True,True,58.8142,665.511,61.84,flare_decay,True,True,True,True,True,True,0.605339,0.834009,,,True,True,True,True,,True,
148624429_14,148624429,14,2635.01,8366.11,2,25.4166,1,False,True,24.6612,131.509,-5.27019,flare_decay,True,True,True,True,True,True,0.834539,0.941938,,,True,False,True,True,,True,
148624429_15,148624429,15,2619.46,2242.7,2,6.81344,0,False,,,,,,,,,,,,,,,,,,,,,,
148624429_16,148624429,16,2616.96,4289.19,8,25.1344,1,True,True,22.8812,111.834,-8.2588,flare_decay,False,True,True,True,True,True,0.736628,0.946571,,,True,True,True,True,,True,
148624429_17,148624429,17,2633.97,4959.63,8,29.0632,1,True,True,27.0511,134.692,-3.32482,flare_decay,True,True,True,True,True,True,0.929782,1.02403,,,True,True,True,True,True,True,
148624429_18,148624429,18,2620.1,9814.11,1,20.6697,1,False,True,22.0879,64.5953,2.3105,flare_decay,True,True,True,True,True,True,1.27975,1.13391,,,True,False,True,True,,True,
148624429_19,148624429,19,2627.58,8066.41,8,47.2688,1,True,True,44.8625,314.524,10.5024,flare_decay,True,True,True,True,True,True,0.752299,0.927256,,,True,True,True,True,,True,
148673289_0,148673289,0,2631.65,7416.39,1,7.53173,1,False,True,8.42234,-5.1878,1.91338,flare_decay,False,True,True,True,True,True,1.1826,0.7079,,,False,True,True,True,,True,
148673289_1,148673289,1,2618.46,26058.1,4,47.4923,1,True,True,50.7926,457.128,-17.2884,flare_decay,False,True,True,True,True,True,0.948426,0.968248,,,True,True,True,True,,True,
148673289_2,148673289,2,2613.64,7676.86,8,19.778,1,True,True,20.356,71.6874,3.67788,flare_decay,True,True,True,True,True,True,0.952794,0.899226,,,True,True,True,True,True,True,
148673289_3,148673289,3,2626.91,8156.13,8,21.0127,1,True,True,19.9236,59.8804,-4.62357,flare_decay,True,True,True,True,True,True,1.24427,1.04402,,,True,True,True,True,,True,
148673289_4,148673289,4,2615.56,710.971,24,3.44118,0,True,,,,,,,,,,,,,,,,,,,,,,
148673289_5,148673289,5,2629.55,6377.29,4,11.6229,1,True,True,11.1481,29.8415,-3.64068,flare_decay,True,True,True,True,True,True,1.4349,0.931635,,,True,True,True,True,,True,
148673289_6,148673289,6,2629.32,6075.52,4,11.073,1,True,True,10.6833,26.1917,-8.81149,flare_decay,False,True,True,True,True,True,0.953417,1.03878,0.0971217,1.25226e-08,True,True,True,True,,True,True
148673289_7,148673289,7,2628.49,1242.34,24,6.01306,0,True,,,,,,,,,,,,,,,,,,,,,,
148673289_8,148673289,8,2626.28,11652.5,4,21.2372,1,True,True,18.1923,121.339,1.05496,flare_decay,True,False,True,True,True,True,1.42255,1.07951,,,True,True,True,True,,True,
148673289_9,148673289,9,2635.3,29532,1,29.9913,1,False,True,27.2066,131.438,-7.3469,flare_decay,False,True,True,True,True,True,0.842669,0.9172,,,True,False,True,True,,True,
148673289_10,148673289,10,2610.64,28784.4,4,52.4611,1,True,True,54.2058,544.47,31.667,flare_decay,True,True,True,True,True,True,1.07129,0.921466,,,True,True,True,True,,True,
148673289_11,148673289,11,2627.08,3028.56,24,14.6586,1,True,True,12.6537,9.40477,-9.69717,step,False,True,True,True,True,True,1.0702,1.36575,,,False,True,True,True,,True,
148673289_12,148673289,12,2617.72,5153.07,1,5.23321,0,False,,,,,,,,,,,,,,,,,,,,,,
148673289_13,148673289,13,2612.4,3303.85,16,12.9491,1,True,True,11.5069,10.4422,-8.65996,flare_decay,False,True,True,True,True,True,0.90465,1.00003,,,True,True,True,True,,True,
148673289_14,148673289,14,2614.19,14378,16,56.353,1,True,True,51.2476,380.489,15.7796,flare_decay,True,True,True,True,True,True,0.958395,1.19524,,,True,True,True,True,True,True,
148673289_15,148673289,15,2630.89,7646.83,24,37.0115,1,True,True,30.8237,257.589,-1.59584,flare_decay,True,True,True,True,True,True,1.03479,0.912383,,,True,True,True,True,True,True,
148673289_16,148673289,16,2616.33,956.293,24,4.62856,0,True,,,,,,,,,,,,,,,,,,,,,,
148673289_17,148673289,17,2627.35,1338.56,8,3.44855,0,True,,,,,,,,,,,,,,,,,,,,,,
148673289_18,148673289,18,2612.36,951.801,16,3.73047,0,True,,,,,,,,,,,,,,,,,,,,,,
148673289_19,148673289,19,2628.81,8611.73,24,41.6817,1,True,True,35.1691,261.762,18.7338,flare_decay,True,True,True,True,True,True,1.05229,0.99056,,,True,True,True,True,True,True,
148680430_0,148680430,0,2634.75,5369.3,4,33.8754,1,True,True,31.9575,181.482,6.32245,flare_decay,True,True,True,True,True,True,0.760153,1.01932,,,True,True,True,True,,True,
148680430_1,148680430,1,2633.6,1353.38,4,8.5386,1,True,True,9.82935,7.63896,-7.43724,flare_decay,False,True,True,True,True,True,0.635983,0.699691,,,False,True,True,True,,True,
148680430_2,148680430,2,2613.55,9831.3,1,31.498,1,False,True,28.6858,168.045,-7.73074,flare_decay,False,True,True,True,True,True,0.737404,0.85324,,,True,False,True,True,,True,
148680430_3,148680430,3,2630.31,8401.46,1,26.917,1,False,True,27.8599,137.663,-7.88865,flare_decay,False,True,True,True,True,True,1.12295,0.974805,,,True,False,True,True,,True,
148680430_4,148680430,4,2615.85,1240.51,4,7.82651,1,True,True,7.47781,5.61109,-6.0476,flare_decay,False,True,True,True,True,True,1.42446,1.22197,,,False,True,True,True,,True,
148680430_5,148680430,5,2628.65,784.884,16,11.8305,1,True,True,10.4553,19.6109,-5.70605,flare_decay,True,True,True,True,True,True,0.85367,0.995781,0.00814745,0,True,True,True,True,,True,True
148680430_6,148680430,6,2610.65,496.269,8,4.59196,0,True,,,,,,,,,,,,,,,,,,,,,,
148680430_7,148680430,7,2612.15,193.77,24,3.69661,0,True,,,,,,,,,,,,,,,,,,,,,,
148680430_8,148680430,8,2614.75,2822.46,4,17.8072,1,True,True,13.9518,25.7907,-0.739714,flare_decay,True,True,True,True,True,True,1.05165,1.57184,,,True,True,True,True,,True,
148680430_9,148680430,9,2628.7,1353.74,4,8.54086,1,True,True,9.51795,20.2004,-6.4416,flare_decay,False,True,True,True,True,True,0.792371,0.657581,,,True,True,True,True,,True,
148680430_10,148680430,10,2616.49,5767.09,2,26.4827,1,False,True,25.518,142.438,-0.731996,flare_decay,True,True,True,True,True,True,0.739582,0.840088,,,True,False,True,True,,True,
148680430_11,148680430,11,2614.46,2233.16,24,42.6026,1,True,True,29.5534,157.935,10.5902,flare_decay,True,True,True,True,True,True,1.51611,2.28856,,,True,True,True,True,,True,
148680430_12,148680430,12,2618.54,3332.94,2,15.305,1,False,True,13.3311,22.8119,-0.598424,flare_decay,True,True,True,True,True,True,1.23727,0.942738,,,True,False,True,True,,True,
148680430_13,148680430,13,2614.34,303.001,16,4.56713,0,True,,,,,,,,,,,,,,,,,,,,,,
148680430_14,148680430,14,2610.27,586.303,4,3.69904,0,True,,,,,,,,,,,,,,,,,,,,,,
148680430_15,148680430,15,2611.85,2543.18,8,23.532,1,True,True,24.3856,49.8363,4.74503,flare_decay,True,True,True,True,True,True,0.907258,0.902371,,,True,True,True,True,,True,
148680430_16,148680430,16,2626.64,311.959,24,5.95133,0,True,,,,,,,,,,,,,,,,,,,,,,
148680430_17,148680430,17,2621.17,661.041,8,6.11659,0,True,,,,,,,,,,,,,,,,,,,,,,
148680430_18,148680430,18,2618.78,5237.95,1,16.7816,1,False,True,16.04,56.6076,0.631982,flare_decay,True,True,True,True,True,True,1.14706,0.97899,,,True,False,True,True,,True,
148680430_19,148680430,19,2612.95,607.04,16,9.1499,0,True,,,,,,,,,,,,,,,,,,,,,,
157333440_0,157333440,0,2610.92,2768.23,1,3.69312,0,False,,,,,,,,,,,,,,,,,,,,,,
157333440_1,157333440,1,2620.82,1626.41,24,12.1842,0,True,,,,,,,,,,,,,,,,,,,,,,
157333440_2,157333440,2,2612.26,13336.7,8,52.3111,1,True,True,46.4833,281.389,19.0005,flare_decay,True,True,True,True,True,True,1.00983,0.954111,,,True,True,True,True,True,True,
157333440_3,157333440,3,2635.22,1419.81,4,3.57228,0,True,,,,,,,,,,,,,,,,,,,,,,
157333440_4,157333440,4,2629.95,9771.95,1,13.0369,1,False,True,12.6633,22.0869,1.43435,flare_decay,True,True,True,True,True,True,1.05476,0.962524,,,True,False,True,True,,True,
157333440_5,157333440,5,2616.23,4138.29,8,16.2318,1,True,True,14.7064,21.0789,-9.27226,flare_decay,False,True,True,True,True,True,1.07731,1.02715,,,True,True,True,True,,True,
157333440_6,157333440,6,2610.8,18449.1,1,24.6131,1,False,True,26.7396,117.717,-11.9201,flare_decay,False,True,True,True,True,True,0.73957,0.912052,,,True,False,True,True,,True,
157333440_7,157333440,7,2631.62,4416.46,4,11.1119,1,True,True,10.6758,29.7705,-5.62614,flare_decay,True,True,True,True,True,True,0.972283,1.085,0.186212,0,True,True,True,True,,True,True
157333440_8,157333440,8,2611.24,20978.7,2,41.4567,1,False,True,40.0235,183.508,-0.800135,flare_decay,True,True,True,True,True,True,1.07019,0.910031,,,True,False,True,True,,True,
157333440_9,157333440,9,2627.78,8095.89,8,31.7548,1,True,True,29.8846,183.709,4.93602,flare_decay,True,True,True,True,True,True,1.27801,1.00894,,,True,True,True,True,True,True,
157333440_10,157333440,10,2618.26,467.174,24,3.49983,0,True,,,,,,,,,,,,,,,,,,,,,,
157333440_11,157333440,11,2612.7,3602.58,4,9.06419,0,True,,,,,,,,,,,,,,,,,,,,,,
157333440_12,157333440,12,2616.09,744.04,16,3.92965,0,True,,,,,,,,,,,,,,,,,,,,,,
157333440_13,157333440,13,2611.39,16551.9,4,41.645,1,True,True,44.2551,400.042,14.3354,flare_decay,True,True,True,True,True,True,1.10972,0.933168,,,True,True,True,True,,True,
157333440_14,157333440,14,2632.13,1853.24,2,3.66226,0,False,,,,,,,,,,,,,,,,,,,,,,
157333440_15,157333440,15,2633.67,23094.8,4,58.1071,1,True,True,55.7251,577.842,30.649,flare_decay,True,True,True,True,True,True,1.23099,0.97189,,,True,True,True,True,True,True,
157333440_16,157333440,16,2632.78,27929.7,2,55.1929,1,False,True,54.6585,259.891,19.1172,flare_decay,True,True,True,True,True,True,0.895698,0.970654,,,True,False,True,True,,True,
157333440_17,157333440,17,2619.94,3726.75,24,27.9189,1,True,True,23.7896,65.7085,0.771325,flare_decay,True,True,True,True,True,True,0.98077,1.03829,,,True,True,True,True,True,True,
157333440_18,157333440,18,2613.87,7240.29,1,9.65934,1,False,True,9.93198,4.39717,-4.73579,flare_decay,False,True,True,True,True,True,0.872708,0.879917,,,False,False,True,True,,True,
157333440_19,157333440,19,2628.31,1222.33,4,3.07542,0,True,,,,,,,,,,,,,,,,,,,,,,
159166060_0,159166060,0,2635.55,1144.37,16,18.3304,1,True,True,15.4187,26.1871,-11.9054,flare_decay,False,False,False,True,True,True,0.621834,0.94358,,,True,True,False,True,,True,
159166060_1,159166060,1,2620.76,492.428,8,5.09175,0,True,,,,,,,,,,,,,,,,,,,,,,
159166060_2,159166060,2,2621.28,1014.71,2,5.80193,0,False,,,,,,,,,,,,,,,,,,,,,,
159166060_3,159166060,3,2620.63,2210.33,4,18.1242,1,True,True,19.3917,35.9326,-6.81388,flare_decay,False,True,True,True,True,True,0.449751,0.781376,,,True,True,True,True,True,True,
159166060_4,159166060,4,2619.44,2001.65,24,43.9368,1,True,True,34.988,233.566,-0.388179,flare_decay,True,True,True,True,True,True,0.661627,0.860813,,,True,True,True,True,,True,
159166060_5,159166060,5,2632.7,908.835,4,7.45226,0,True,,,,,,,,,,,,,,,,,,,,,,
159166060_6,159166060,6,2613.85,198.055,24,4.34737,0,True,,,,,,,,,,,,,,,,,,,,,,
159166060_7,159166060,7,2615.75,1372.47,8,14.1915,1,True,True,14.1965,30.0433,-4.48659,flare_decay,True,True,True,True,True,True,0.955156,0.906193,,,True,True,True,True,,True,
159166060_8,159166060,8,2633.01,674.92,8,6.97873,0,True,,,,,,,,,,,,,,,,,,,,,,
159166060_9,159166060,9,2630.62,1307.91,2,7.47838,1,False,True,7.77385,2.55571,-1.33849,flare_decay,False,True,True,True,True,True,1.03674,0.86096,,,False,True,True,True,,True,
159166060_10,159166060,10,2625.33,1031.99,2,5.90074,0,False,,,,,,,,,,,,,,,,,,,,,,
159166060_11,159166060,11,2619.11,6026.43,1,24.8126,1,False,True,23.1991,103.994,-8.03219,flare_decay,False,True,True,True,True,True,1.01064,0.809113,,,True,False,True,True,,True,
159166060_12,159166060,12,2630.8,466.909,8,4.82788,0,True,,,,,,,,,,,,,,,,,,,,,,
159166060_13,159166060,13,2615.09,4265.24,4,34.974,1,True,True,33.3412,203.559,-2.33081,flare_decay,True,True,True,True,True,True,0.758639,0.861544,,,True,True,True,True,True,True,
159166060_14,159166060,14,2626.99,2255.72,1,9.28748,1,False,True,9.93265,20.0044,-8.13277,flare_decay,False,True,True,True,True,True,1.09131,0.887712,,,True,False,True,True,,True,
159166060_15,159166060,15,2615.36,2786.83,2,15.9346,1,False,True,15.8582,38.7935,5.75953,flare_decay,True,True,True,True,True,True,1.06419,0.940683,,,True,False,True,True,,True,
159166060_16,159166060,16,2611.03,762.208,2,4.35816,0,False,,,,,,,,,,,,,,,,,,,,,,
159166060_17,159166060,17,2628.31,4048.22,8,41.8589,1,True,True,43.3405,244.792,-0.043724,flare_decay,True,True,True,True,True,True,0.659255,0.880108,,,True,True,True,True,,True,
159166060_18,159166060,18,2632.98,8000.32,2,45.7444,1,False,True,46.1731,269.303,-19.5049,flare_decay,False,True,True,True,True,True,0.844415,0.924851,,,True,False,True,True,,True,
159166060_19,159166060,19,2627.78,407.232,16,6.523,0,True,,,,,,,,,,,,,,,,,,,,,,
159287816_0,159287816,0,2625.56,9016.87,4,18.2415,1,True,True,10.8385,20.906,43.0271,step,True,False,True,True,True,True,2.88642,0.755283,,,True,True,True,True,,True,
159287816_1,159287816,1,2615.78,7662.4,16,26.7832,1,True,True,25.5547,241.153,-1.72129,flare_decay,True,True,True,True,True,True,1.38533,0.689558,,,True,True,True,True,,True,
159287816_2,159287816,2,2615.18,7581.51,8,18.2317,1,True,True,19.8753,93.594,5.14281,flare_decay,True,True,True,True,True,True,0.813257,0.575048,,,True,True,True,True,,True,
159287816_3,159287816,3,2627.05,15242.1,8,36.6536,1,True,True,33.7171,339.674,3.81613,flare_decay,True,True,True,True,True,True,1.43047,0.773048,,,True,True,True,True,,True,
159287816_4,159287816,4,2617.3,24545.2,2,38.008,1,False,True,36.9043,353.386,49.3427,flare_decay,True,True,True,True,True,True,1.01998,0.758198,,,True,False,True,True,,True,
159287816_5,159287816,5,2615.81,758.61,24,3.29355,0,True,,,,,,,,,,,,,,,,,,,,,,
159287816_6,159287816,6,2615.67,9930.29,16,34.7104,1,True,True,33.661,484.801,26.1573,flare_decay,True,True,True,True,True,True,1.04269,0.647066,,,True,True,True,True,,True,
159287816_7,159287816,7,2633.64,3667.35,4,7.41921,0,True,,,,,,,,,,,,,,,,,,,,,,
159287816_8,159287816,8,2627.22,4601.12,8,11.0646,1,True,True,9.48785,4.13566,-0.590577,step,False,True,True,True,True,True,1.84428,0.776142,,,False,True,True,True,,True,
159287816_9,159287816,9,2634.21,4788.61,8,11.5155,1,True,True,11.5591,54.8243,-0.285842,flare_decay,True,True,True,True,True,True,1.56257,0.681152,,,True,True,True,True,,True,
159287816_10,159287816,10,2613.36,893.36,16,3.12265,0,True,,,,,,,,,,,,,,,,,,,,,,
159287816_11,159287816,11,2614.08,2063.28,2,3.19497,0,False,,,,,,,,,,,,,,,,,,,,,,
159287816_12,159287816,12,2630.6,2428.77,4,4.91351,0,True,,,,,,,,,,,,,,,,,,,,,,
159287816_13,159287816,13,2616.96,17273.5,1,18.9941,1,False,True,19.1188,84.1892,-9.76435,flare_decay,False,True,True,True,True,True,1.15732,0.702678,,,True,False,True,True,,True,
159287816_14,159287816,14,2629.12,3465.79,8,8.3344,1,True,True,9.82772,12.1449,-4.94045,step,True,True,True,True,True,True,1.21007,0.635845,,,True,True,True,True,True,True,
159287816_15,159287816,15,2616.58,2283.42,4,4.61946,0,True,,,,,,,,,,,,,,,,,,,,,,
159287816_16,159287816,16,2630.3,3458.74,1,3.80325,0,False,,,,,,,,,,,,,,,,,,,,,,
159287816_17,159287816,17,2629.39,18708.7,8,44.9899,1,True,True,43.7776,454.419,28.5658,flare_decay,True,True,True,True,True,True,1.37993,0.738682,,,True,True,True,True,,True,
159287816_18,159287816,18,2616.79,12937.5,2,20.0336,1,False,True,20.0313,139.354,-23.1295,flare_decay,False,True,True,True,True,True,1.15155,0.685767,,,True,False,True,True,,True,
159287816_19,159287816,19,2612.18,1323.98,24,5.74813,1,True,True,23.1324,282.38,200.964,flare_decay,True,False,False,True,True,False,0.834183,2.80941,,,True,True,False,False,,True,
159290559_0,159290559,0,2630.68,7139.05,2,13.6498,1,False,True,13.4799,32.0866,0.306772,flare_decay,True,True,True,True,True,True,1.03555,0.897987,,,True,False,True,True,,True,
159290559_1,159290559,1,2633.5,460.663,24,3.8462,0,True,,,,,,,,,,,,,,,,,,,,,,
159290559_2,159290559,2,2617.8,4608.16,4,13.0021,1,True,True,13.967,25.2896,-1.79818,step,True,True,True,True,True,True,0.833613,0.882869,,,True,True,True,True,,True,
159290559_3,159290559,3,2628.05,29873.6,2,57.1181,1,False,True,56.6606,718.909,126.652,flare_decay,True,True,True,True,True,True,1.09869,0.928325,,,True,False,True,True,,True,
159290559_4,159290559,4,2616.28,3894.36,24,32.5151,1,True,True,25.791,74.4749,-3.91113,flare_decay,True,True,True,True,True,True,0.718243,0.838084,,,True,True,True,True,,True,
159290559_5,159290559,5,2630.44,12271,1,15.8054,1,False,True,16.3448,53.0254,10.6374,flare_decay,True,True,True,True,True,True,0.963181,0.803901,,,True,False,True,True,,True,
159290559_6,159290559,6,2618.35,2675.52,8,10.5804,1,True,True,11.7754,7.67606,-4.5665,flare_decay,False,True,True,True,True,True,0.739768,0.926436,,,False,True,True,True,,True,
159290559_7,159290559,7,2612.1,16883.1,1,21.746,1,False,True,21.6737,116.207,1.1062,flare_decay,True,True,True,True,True,True,1.21425,0.876004,,,True,False,True,True,,True,
159290559_8,159290559,8,2612.94,3882.07,4,10.9534,1,True,True,9.93728,13.2822,-6.99232,flare_decay,False,True,True,True,True,True,0.826882,0.744144,,,True,True,True,True,True,True,
159290559_9,159290559,9,2612.23,6014.71,4,16.9707,1,True,True,16.5317,33.8084,-0.842877,flare_decay,True,True,True,True,True,True,0.815435,0.928914,,,True,True,True,True,,True,
159290559_10,159290559,10,2616.81,14323.4,8,56.6425,1,True,True,56.5302,593.743,20.9942,flare_decay,True,True,True,True,True,True,1.25582,0.898625,,,True,True,True,True,True,True,
159290559_11,159290559,11,2625.99,1430.25,4,4.0355,0,True,,,,,,,,,,,,,,,,,,,,,,
159290559_12,159290559,12,2618.93,2670.33,4,7.53443,1,True,True,8.33933,-0.773947,-8.16824,flare_decay,False,True,True,True,True,True,0.851191,0.81844,,,False,True,True,True,,True,
159290559_13,159290559,13,2617.14,14490.4,8,57.3029,1,True,True,54.916,567.287,5.77342,flare_decay,True,True,True,True,True,True,0.864728,0.964529,,,True,True,True,True,,True,
159290559_14,159290559,14,2632.91,846.206,24,7.0652,0,True,,,,,,,,,,,,,,,,,,,,,,
159290559_15,159290559,15,2631.96,1262.43,8,4.99234,0,True,,,,,,,,,,,,,,,,,,,,,,
159290559_16,159290559,16,2619.01,13803.5,2,26.3921,1,False,True,25.6308,83.6509,-6.0753,flare_decay,False,True,True,True,True,True,0.940976,0.974379,,,True,False,True,True,,True,
159290559_17,159290559,17,2620.81,684.382,16,4.49657,0,True,,,,,,,,,,,,,,,,,,,,,,
159290559_18,159290559,18,2632.4,20498.2,1,26.4024,1,False,True,27.2149,307.31,-11.927,flare_decay,False,True,True,True,True,True,1.64286,0.903705,,,True,False,True,True,,True,
159290559_19,159290559,19,2615.29,1266.38,24,10.5734,0,True,,,,,,,,,,,,,,,,,,,,,,
153936152_0,153936152,0,2613.91,2283.12,1,6.57864,0,False,,,,,,,,,,,,,,,,,,,,,,
153936152_1,153936152,1,2616.74,4128.87,4,23.5705,1,True,True,22.5305,79.2115,2.2006,flare_decay,True,True,True,True,True,True,1.41082,0.850704,,,True,True,True,True,,True,
153936152_2,153936152,2,2620.06,2859.93,1,8.24064,1,False,True,8.99659,18.2209,-2.35882,flare_decay,True,True,True,True,True,True,0.881025,0.902638,,,True,False,True,True,,True,
153936152_3,153936152,3,2610.63,4913.18,1,14.1569,1,False,True,13.8901,57.4816,2.08772,flare_decay,True,True,True,True,True,True,1.29904,0.85862,,,True,False,True,True,,True,
153936152_4,153936152,4,2627.98,942.28,16,11.4583,1,True,True,12.5531,19.9646,-2.87547,flare_decay,True,True,True,True,True,True,0.711023,0.836496,,,True,True,True,True,,True,
153936152_5,153936152,5,2612.17,1310.47,1,3.77602,0,False,,,,,,,,,,,,,,,,,,,,,,
153936152_6,153936152,6,2628.91,1132.75,24,17.4927,1,True,True,14.9355,35.7184,-16.4854,step,False,True,True,True,True,True,1.02311,1.06234,3.19336e-06,1.55368e-25,True,True,True,True,,True,True
153936152_7,153936152,7,2620.08,6603.47,2,26.5535,1,False,True,25.6915,97.4533,7.29566,flare_decay,True,True,True,True,True,True,1.11963,0.962518,,,True,False,True,True,,True,
153936152_8,153936152,8,2614.34,300.978,16,3.65995,0,True,,,,,,,,,,,,,,,,,,,,,,
153936152_9,153936152,9,2611.35,14600.6,1,42.0703,1,False,True,45.4349,340.818,-20.3138,flare_decay,False,True,True,True,True,True,0.773534,0.852575,,,True,False,True,True,,True,
153936152_10,153936152,10,2630.9,238.523,24,3.68344,0,True,,,,,,,,,,,,,,,,,,,,,,
153936152_11,153936152,11,2627.18,1173.28,16,14.2674,1,True,True,13.552,27.3028,-6.62677,flare_decay,False,True,True,True,True,True,0.623087,0.640192,,,True,True,True,True,,True,
153936152_12,153936152,12,2620.7,2431.13,16,29.563,1,True,True,27.3448,164.468,3.5469,flare_decay,True,True,True,True,True,True,0.836255,0.984949,,,True,True,True,True,True,True,
153936152_13,153936152,13,2615.76,854.32,4,4.87705,0,True,,,,,,,,,,,,,,,,,,,,,,
153936152_14,153936152,14,2628.02,9365.81,1,26.9868,1,False,True,26.0272,164.065,-24.9101,flare_decay,False,True,True,True,True,True,1.28567,0.796448,,,True,False,True,True,,True,
153936152_15,153936152,15,2618.83,644.072,4,3.67681,0,True,,,,,,,,,,,,,,,,,,,,,,
153936152_16,153936152,16,2633.35,8297.96,4,47.3705,1,True,True,45.879,492.012,30.7546,flare_decay,True,True,True,True,True,True,0.717076,0.879488,,,True,True,True,True,,True,
153936152_17,153936152,17,2616.36,2890.68,2,11.6238,1,False,True,10.4549,6.8731,-6.51625,flare_decay,False,True,True,True,True,True,1.63705,0.764075,,,False,False,True,True,,True,
153936152_18,153936152,18,2629.98,585.247,4,3.341,0,True,,,,,,,,,,,,,,,,,,,,,,
153936152_19,153936152,19,2629.12,1051.7,24,16.2411,1,True,True,12.642,39.9756,4.70848,step,True,True,True,True,True,True,1.16854,1.15539,,,True,True,True,True,,True,
154091787_0,154091787,0,2620.14,727.912,16,4.86936,0,True,,,,,,,,,,,,,,,,,,,,,,
154091787_1,154091787,1,2615.53,570.773,16,3.81818,0,True,,,,,,,,,,,,,,,,,,,,,,
154091787_2,154091787,2,2618.58,1449.81,24,14.1386,1,True,True,12.591,11.977,-6.38482,flare_decay,False,True,True,True,True,True,0.747909,0.844006,,,True,True,True,True,True,True,
154091787_3,154091787,3,2633.07,5871.36,16,39.2764,1,True,True,35.8995,221.44,2.69055,flare_decay,True,True,True,True,True,True,1.00165,0.881039,,,True,True,True,True,,True,
154091787_4,154091787,4,2630.62,2905.78,2,5.95945,0,False,,,,,,,,,,,,,,,,,,,,,,
154091787_5,154091787,5,2620.89,8253.64,4,21.3038,1,False,True,22.3968,110.612,0.981074,flare_decay,True,True,True,True,True,True,1.26264,0.848428,,,True,False,True,True,,True,
154091787_6,154091787,6,2634.33,1703.63,8,6.96636,1,True,True,7.97514,-10.5902,-10.6695,flare_decay,False,True,True,True,True,True,0.914763,0.888744,,,False,True,True,True,,True,
154091787_7,154091787,7,2631.77,23493.3,1,34.9902,1,False,True,32.5926,284.937,-14.1175,flare_decay,False,True,True,True,True,True,1.77756,0.884367,,,True,False,True,True,,True,
154091787_8,154091787,8,2620.39,3547.13,8,14.5046,1,True,True,15.4366,15.6171,2.5226,flare_decay,True,True,True,True,True,True,1.12226,0.822483,,,True,True,True,True,True,True,
154091787_9,154091787,9,2618.55,809.485,8,3.31008,0,True,,,,,,,,,,,,,,,,,,,,,,
154091787_10,154091787,10,2619.35,5468.36,16,36.5805,1,True,True,32.7636,187.279,4.66582,flare_decay,True,True,True,True,True,True,0.914558,0.878257,,,True,True,True,True,True,True,
154091787_11,154091787,11,2621.19,972.013,16,6.50227,0,True,,,,,,,,,,,,,,,,,,,,,,
154091787_12,154091787,12,2614.58,1414.95,8,5.7859,0,True,,,,,,,,,,,,,,,,,,,,,,
154091787_13,154091787,13,2628.06,8701.43,8,35.5812,1,True,True,32.4687,324.994,19.0775,flare_decay,True,True,True,True,True,True,1.06424,0.870595,,,True,True,True,True,,True,
154091787_14,154091787,14,2625.86,6654.23,1,9.91063,1,False,True,10.1247,5.21932,-7.9774,flare_decay,False,True,True,True,True,True,1.28008,0.731746,,,False,False,True,True,,True,
154091787_15,154091787,15,2635.6,9833.17,4,25.3807,1,False,True,26.9698,229.083,22.2901,flare_decay,True,True,True,True,True,True,1.08783,0.846369,,,True,False,True,True,,True,
154091787_16,154091787,16,2634.91,1127.99,24,11.0001,0,True,,,,,,,,,,,,,,,,,,,,,,
154091787_17,154091787,17,2619.21,5830.01,4,15.048,1,False,True,14.1254,38.3049,-0.0588855,flare_decay,True,True,True,True,True,True,1.12059,0.853915,,,True,False,True,True,,True,
154091787_18,154091787,18,2614.29,5389.58,24,52.5591,1,True,True,43.2641,287.757,6.29402,flare_decay,True,True,True,True,True,True,1.22214,1.27624,,,True,True,True,True,True,True,
154091787_19,154091787,19,2632.92,4384.55,8,17.9289,1,True,True,17.1382,80.9159,-5.00971,flare_decay,True,True,True,True,True,True,1.57698,0.911842,,,True,True,True,True,True,True,
154094097_0,154094097,0,2617.21,512.878,4,5.64013,0,True,,,,,,,,,,,,,,,,,,,,,,
154094097_1,154094097,1,2617.52,739.649,16,16.3301,1,True,True,14.6515,15.0609,-7.85527,flare_decay,False,True,True,True,True,True,0.459316,0.759962,,,True,True,True,True,,True,
154094097_2,154094097,2,2610.69,702.633,4,7.72687,1,True,True,7.74489,1.88336,-8.74765,flare_decay,False,True,True,True,True,True,0.500733,0.666675,,,False,True,True,True,,True,
154094097_3,154094097,3,2626.16,680.938,16,15.0338,1,True,True,16.3321,24.0964,3.68591,flare_decay,True,True,True,True,True,True,0.431716,0.579679,,,True,True,True,True,True,True,
154094097_4,154094097,4,2629.15,1073.47,1,5.65449,0,False,,,,,,,,,,,,,,,,,,,,,,
154094097_5,154094097,5,2617.44,200.457,16,4.42572,0,True,,,,,,,,,,,,,,,,,,,,,,
154094097_6,154094097,6,2635.6,1195.92,1,6.29952,0,False,,,,,,,,,,,,,,,,,,,,,,
154094097_7,154094097,7,2634.85,531.559,16,11.7358,1,True,True,11.5946,11.4621,-0.195939,flare_decay,True,True,False,True,True,False,0.118941,0.320597,,,True,True,True,False,,True,
154094097_8,154094097,8,2613.14,1896.84,8,28.9007,1,True,True,29.8013,130.93,0.674138,flare_decay,True,True,True,True,True,True,0.379295,0.728736,,,True,True,True,True,,True,
154094097_9,154094097,9,2620.45,1506.76,8,22.9573,1,True,True,21.8745,72.8838,13.8898,flare_decay,True,True,True,True,True,True,0.617323,1.05553,,,True,True,True,True,,True,
154094097_10,154094097,10,2618.08,6716.31,2,50.6902,1,False,True,50.1744,326.183,23.8087,flare_decay,True,True,True,True,True,True,1.01336,0.94778,,,True,False,True,True,,True,
154094097_11,154094097,11,2610.34,5179.03,1,27.2806,0,False,,,,,,,,,,,,,,,,,,,,,,
154094097_12,154094097,12,2614.47,2467.38,8,37.5936,1,True,True,35.5284,171.038,16.8275,flare_decay,True,True,True,True,True,True,0.502776,1.67719,,,True,True,True,True,True,True,
154094097_13,154094097,13,2632.51,959.461,8,14.6186,1,True,True,13.3876,24.1174,-5.93804,step,True,True,True,True,True,True,0.506448,0.846299,,,True,True,True,True,,True,
154094097_14,154094097,14,2617.03,1696.54,1,8.93655,1,False,True,9.19414,13.7757,-3.82441,flare_decay,True,True,True,True,True,True,0.704623,0.916626,,,True,False,True,True,,True,
154094097_15,154094097,15,2626.7,2250.28,4,24.7464,1,True,True,24.4305,102.301,-11.0072,flare_decay,False,True,True,True,True,True,0.450526,0.991898,,,True,True,True,True,,True,
154094097_16,154094097,16,2632.03,861.769,8,13.1301,1,True,True,13.8247,33.438,-6.85793,flare_decay,False,True,True,True,True,True,0.531817,1.04284,,,True,True,True,True,,True,
154094097_17,154094097,17,2625.93,173.907,16,3.83954,0,True,,,,,,,,,,,,,,,,,,,,,,
154094097_18,154094097,18,2628.86,2264.44,4,24.9021,1,True,True,22.2028,75.2333,18.3373,flare_decay,True,True,True,True,True,True,0.660138,0.910667,0.0264784,0,True,True,True,True,True,True,True
154094097_19,154094097,19,2619.01,4025.23,1,21.2029,1,False,True,22.8126,78.7451,2.96892,flare_decay,True,True,True,True,True,True,0.456327,0.958524,,,True,False,True,True,,True,
154383001_0,154383001,0,2618.52,1711.96,8,9.32766,1,True,True,9.36198,-5.21517,-9.20263,flare_decay,False,True,True,True,True,True,0.716733,0.904202,,,False,True,True,True,,True,
154383001_1,154383001,1,2615.22,3109.96,8,16.9447,1,True,True,16.3443,31.9652,-3.51069,flare_decay,True,True,False,True,True,False,0.220266,0.424856,,,True,True,True,False,,True,
154383001_2,154383001,2,2627.6,11244.6,4,41.3193,1,False,True,40.1973,184.064,6.04412,flare_decay,True,True,True,True,True,True,0.705372,0.959957,,,True,False,True,True,,True,
154383001_3,154383001,3,2617.64,8308.31,2,19.322,1,False,True,18.3081,53.8062,-1.72501,flare_decay,True,True,True,True,True,True,1.26202,0.96161,,,True,False,True,True,,True,
154383001_4,154383001,4,2627.39,657.313,24,7.06292,0,True,,,,,,,,,,,,,,,,,,,,,,
154383001_5,154383001,5,2617.02,6299.7,4,23.1488,1,False,True,22.4258,77.7399,-8.17127,flare_decay,False,True,True,True,True,True,0.662508,0.903495,,,True,False,True,True,,True,
154383001_6,154383001,6,2619.12,1825.22,8,9.94472,1,True,True,8.5035,-1.1372,-6.3268,step,False,True,True,True,True,True,0.677844,0.929384,,,False,True,True,True,,True,
154383001_7,154383001,7,2635.49,2008.12,8,10.9413,1,True,True,10.4262,11.831,-4.72668,flare_decay,True,True,True,True,True,True,0.892,0.995914,0.0588645,0,True,True,True,True,,True,True
154383001_8,154383001,8,2614.12,24665.6,1,41.2224,1,False,True,43.2923,312.429,-38.1858,flare_decay,False,True,True,True,True,True,0.676096,0.957994,,,True,False,True,True,,True,
154383001_9,154383001,9,2611.12,13606.1,4,49.9969,1,False,True,51.1044,450.896,36.0295,flare_decay,True,True,True,True,True,True,0.855301,0.907166,,,True,False,True,True,,True,
154383001_10,154383001,10,2626.28,2441.01,2,5.67688,0,False,,,,,,,,,,,,,,,,,,,,,,
154383001_11,154383001,11,2627.74,772.354,8,4.20819,0,True,,,,,,,,,,,,,,,,,,,,,,
154383001_12,154383001,12,2630.04,5330.31,16,48.8155,1,True,True,46.0799,295.636,2.2891,flare_decay,True,True,True,True,True,True,0.591197,0.871646,,,True,True,True,True,True,True,
154383001_13,154383001,13,2615.96,1958.15,8,10.669,1,True,True,11.2487,5.75308,-6.66358,flare_decay,False,True,True,True,True,True,0.686733,0.986344,,,False,True,True,True,,True,
154383001_14,154383001,14,2617.15,5900.77,1,9.86167,1,False,True,8.04398,15.2953,-3.41101,flare_decay,True,True,True,True,True,True,0.89709,0.942516,,,True,False,True,True,,True,
154383001_15,154383001,15,2626.65,641.359,16,5.87363,0,True,,,,,,,,,,,,,,,,,,,,,,
154383001_16,154383001,16,2617.03,1602.84,8,8.7331,0,True,,,,,,,,,,,,,,,,,,,,,,
154383001_17,154383001,17,2635.48,801.302,24,8.6101,0,True,,,,,,,,,,,,,,,,,,,,,,
154383001_18,154383001,18,2618.15,20929.5,2,48.6743,1,False,True,47.6427,250.77,-5.72995,flare_decay,True,True,True,True,True,True,1.15488,0.920273,,,True,False,True,True,,True,
154383001_19,154383001,19,2635.78,1397.23,16,12.796,0,True,,,,,,,,,,,,,,,,,,,,,,
148684171_0,148684171,0,2629.61,15266.3,8,52.2824,1,True,True,51.2437,717.093,17.1492,flare_decay,True,True,True,True,True,True,1.25216,0.767948,,,True,True,True,True,,True,
148684171_1,148684171,1,2618.2,14825.9,4,40.9181,1,True,True,43.6977,363.989,30.5727,flare_decay,True,True,True,True,True,True,1.20421,0.774306,,,True,True,True,True,,True,
148684171_2,148684171,2,2614.89,2296.13,24,11.0315,1,True,True,8.71712,42.1478,-8.78904,step,False,True,True,True,True,True,1.09215,0.610573,,,True,True,True,True,,True,
148684171_3,148684171,3,2634.31,12187.7,16,52.3271,1,True,True,56.9785,918.229,48.7281,flare_decay,True,True,True,True,True,True,1.31119,0.778606,,,True,True,True,True,,True,
148684171_4,148684171,4,2628.79,1952.24,4,5.388,0,True,,,,,,,,,,,,,,,,,,,,,,
148684171_5,148684171,5,2614.39,1489.27,8,5.10031,0,True,,,,,,,,,,,,,,,,,,,,,,
148684171_6,148684171,6,2630.01,633.296,24,3.04261,0,True,,,,,,,,,,,,,,,,,,,,,,
148684171_7,148684171,7,2617.57,9269.79,4,25.5838,1,True,True,24.6908,152.608,1.94011,flare_decay,True,True,True,True,True,True,1.57049,0.808399,,,True,True,True,True,,True,
148684171_8,148684171,8,2633.45,1133.19,24,5.44428,0,True,,,,,,,,,,,,,,,,,,,,,,
148684171_9,148684171,9,2618.28,9531.09,2,20.0545,1,False,True,21.1499,65.8553,9.72141,flare_decay,True,True,True,True,True,True,0.798764,0.802971,,,True,False,True,True,,True,
148684171_10,148684171,10,2619.1,17472,2,36.763,1,False,True,38.8827,334.978,54.9862,flare_decay,True,True,True,True,True,True,1.04152,0.779967,,,True,False,True,True,,True,
148684171_11,148684171,11,2630.4,1927.33,4,5.31926,0,True,,,,,,,,,,,,,,,,,,,,,,
148684171_12,148684171,12,2630.88,12014.6,8,41.1463,1,True,True,42.5761,448.815,32.6026,flare_decay,True,True,True,True,True,True,1.42925,0.780493,,,True,True,True,True,,True,
148684171_13,148684171,13,2628.96,3354.69,24,16.1173,1,True,True,13.0561,74.6233,12.2694,flare_decay,True,True,True,True,True,True,2.44125,1.03533,,,True,True,True,True,,True,
148684171_14,148684171,14,2628.54,732.903,24,3.52117,0,True,,,,,,,,,,,,,,,,,,,,,,
148684171_15,148684171,15,2631.24,3777.39,16,16.218,1,True,True,14.0042,99.0573,-7.64647,flare_decay,False,True,True,True,True,True,1.87042,0.787315,,,True,True,True,True,True,True,
148684171_16,148684171,16,2626.7,4926.48,4,13.5967,1,True,True,12.657,35.3412,1.03683,flare_decay,True,True,True,True,True,True,1.42289,0.716492,,,True,True,True,True,,True,
148684171_17,148684171,17,2612.19,3254.52,1,5.15444,0,False,,,,,,,,,,,,,,,,,,,,,,
148684171_18,148684171,18,2632.97,10727.2,4,29.606,1,True,True,29.3288,177.061,-1.14707,flare_decay,True,True,True,True,True,True,1.53112,0.831436,,,True,True,True,True,,True,
148684171_19,148684171,19,2620.6,2395.77,16,10.2861,1,True,True,7.15196,28.758,-7.82151,flare_decay,False,True,True,True,True,True,1.4332,0.568876,,,True,True,True,True,True,True,
148917449_0,148917449,0,2628.71,4534.23,16,26.1592,1,True,True,24.2617,70.6228,-13.9936,flare_decay,False,True,True,True,True,True,0.855543,1.04176,,,True,True,True,True,True,True,
148917449_1,148917449,1,2613.19,2509.32,24,20.3475,1,True,True,16.4226,22.0504,9.72366,flare_decay,True,True,True,True,True,True,0.578337,0.925728,,,True,True,True,True,,True,
148917449_2,148917449,2,2632.95,20021.1,1,23.5448,1,False,True,23.175,97.2476,-0.124105,flare_decay,True,True,True,True,True,True,0.771107,0.982598,,,True,False,True,True,,True,
148917449_3,148917449,3,2611.99,3086.65,2,5.21537,0,False,,,,,,,,,,,,,,,,,,,,,,
148917449_4,148917449,4,2632.55,22688.3,2,38.3354,1,False,True,36.7478,231.171,8.62326,flare_decay,True,True,True,True,True,True,1.15218,1.00362,,,True,False,True,True,,True,
148917449_5,148917449,5,2619.12,21893.3,1,25.7465,1,False,True,26.939,79.0386,2.85234,flare_decay,True,True,True,True,True,True,0.987691,0.929464,,,True,False,True,True,,True,
148917449_6,148917449,6,2634.96,31161.2,1,36.6455,1,False,True,37.7247,194.432,8.60463,flare_decay,True,True,True,True,True,True,0.89286,0.937393,,,True,False,True,True,,True,
148917449_7,148917449,7,2619.48,4345.67,1,5.1105,0,False,,,,,,,,,,,,,,,,,,,,,,
148917449_8,148917449,8,2620.59,6844.05,24,55.4969,1,True,True,49.578,267.179,82.5816,flare_decay,True,True,True,True,True,True,0.576918,0.82222,,,True,True,True,True,,True,
148917449_9,148917449,9,2612.94,3038.77,8,11.1682,1,True,True,11.0295,4.85006,-3.8658,flare_decay,False,True,True,True,True,True,0.835807,0.774797,,,False,True,True,True,,True,
148917449_10,148917449,10,2631.67,2783.6,16,16.0593,1,True,True,14.9933,15.4965,-6.77169,flare_decay,False,True,True,True,True,True,0.772436,0.968228,,,True,True,True,True,,True,
148917449_11,148917449,11,2613.41,12867.4,8,47.291,1,True,True,45.5127,305.842,21.8683,flare_decay,True,True,True,True,True,True,0.748677,0.973975,,,True,True,True,True,,True,
148917449_12,148917449,12,2628.37,10699.7,8,39.3239,1,True,True,35.9405,246.897,-4.62779,flare_decay,True,True,True,True,True,True,1.07336,0.957357,,,True,True,True,True,True,True,
148917449_13,148917449,13,2617,4069.77,8,14.9574,1,True,True,14.6761,39.5928,-2.68281,flare_decay,True,True,True,True,True,True,0.868353,0.979144,,,True,True,True,True,,True,
148917449_14,148917449,14,2634.1,9933.66,4,24.1518,1,True,True,24.7243,101.389,0.682144,flare_decay,True,True,True,True,True,True,0.832979,1.06566,,,True,True,True,True,,True,
148917449_15,148917449,15,2630.22,16771.6,4,40.777,1,True,True,42.6933,279.361,13.2687,flare_decay,True,True,True,True,True,True,1.12009,0.943089,,,True,True,True,True,True,True,
148917449_16,148917449,16,2625.55,38933.5,1,45.7857,0,False,,,,,,,,,,,,,,,,,,,,,,
148917449_17,148917449,17,2628.69,4882.23,4,11.8702,1,True,True,11.8651,26.8358,-1.46396,flare_decay,True,True,True,True,True,True,0.97003,0.817777,,,True,True,True,True,True,True,
148917449_18,148917449,18,2616.01,1778.39,16,10.26,0,True,,,,,,,,,,,,,,,,,,,,,,
148917449_19,148917449,19,2619.67,544.561,24,4.41573,0,True,,,,,,,,,,,,,,,,,,,,,,
149345443_0,149345443,0,2629.34,7487.45,24,41.3096,1,True,True,34.0731,495.26,39.9343,flare_decay,True,True,True,True,True,True,1.73088,0.936481,,,True,True,True,True,True,True,
149345443_1,149345443,1,2611.97,1971.93,2,3.87306,0,False,,,,,,,,,,,,,,,,,,,,,,
149345443_2,149345443,2,2629.06,2190.25,24,12.084,1,True,True,10.3746,35.7076,-3.69571,flare_decay,True,True,True,True,True,True,2.36737,1.19035,,,True,True,True,True,,True,
149345443_3,149345443,3,2629.66,22872.6,4,58.6944,1,False,True,57.4217,691.75,54.6733,flare_decay,True,True,True,True,True,True,1.58799,0.822029,,,True,True,True,True,,True,
149345443_4,149345443,4,2619.84,9514.16,8,29.5962,1,True,True,29.2759,246.626,-6.89657,flare_decay,False,True,True,True,True,True,1.38677,0.780847,0.179832,1.1667e-28,True,True,True,True,,True,True
149345443_5,149345443,5,2633.07,10008.6,8,31.1345,1,True,True,30.7937,233.199,11.6189,flare_decay,True,True,True,True,True,True,1.21495,0.860118,,,True,True,True,True,,True,
149345443_6,149345443,6,2632.31,9362.71,16,44.9298,1,True,True,38.7033,677.987,7.15326,flare_decay,True,True,True,True,True,True,1.45255,0.840001,,,True,True,True,True,,True,
149345443_7,149345443,7,2634.13,27051.9,1,40.2582,1,False,True,43.6781,272.145,-2.36828,flare_decay,True,True,True,True,True,True,1.45503,0.793427,,,True,False,True,True,,True,
149345443_8,149345443,8,2631.75,1028.13,16,4.9338,0,True,,,,,,,,,,,,,,,,,,,,,,
149345443_9,149345443,9,2614.48,2661.71,2,5.22787,0,False,,,,,,,,,,,,,,,,,,,,,,
149345443_10,149345443,10,2611.69,21504.3,4,55.1833,1,False,True,54.5886,632.816,16.3979,flare_decay,True,True,True,True,True,True,1.097,0.812704,,,True,True,True,True,,True,
149345443_11,149345443,11,2614.91,12023,8,37.4005,1,True,True,33.4894,323.539,-4.48065,flare_decay,True,True,True,True,True,True,1.05591,0.832337,,,True,True,True,True,True,True,
149345443_12,149345443,12,2615.29,5313.19,1,7.907,1,False,True,10.3026,13.2826,-2.64306,flare_decay,True,True,True,True,True,True,1.12783,0.769575,,,True,False,True,True,,True,
149345443_13,149345443,13,2633.79,683.055,24,3.76853,0,True,,,,,,,,,,,,,,,,,,,,,,
149345443_14,149345443,14,2618.85,3539.21,2,6.95137,1,False,True,8.10328,-7.08266,-5.46264,flare_decay,False,True,True,True,True,True,1.36882,0.935375,,,False,False,True,True,,True,
149345443_15,149345443,15,2612.49,2538.43,24,14.005,1,True,True,16.0723,77.8448,9.80776,flare_decay,True,True,True,True,True,True,1.36847,0.970659,,,True,True,True,True,,True,
149345443_16,149345443,16,2633.27,835.287,24,4.60842,0,True,,,,,,,,,,,,,,,,,,,,,,
149345443_17,149345443,17,2611.21,1165.01,8,3.62408,0,True,,,,,,,,,,,,,,,,,,,,,,
149345443_18,149345443,18,2613.52,19521.5,1,29.0515,1,False,True,31.0631,112.821,2.85359,flare_decay,True,True,True,True,True,True,1.02458,0.770324,,,True,False,True,True,,True,
149345443_19,149345443,19,2626.37,842.109,24,4.64606,0,True,,,,,,,,,,,,,,,,,,,,,,
149370160_0,149370160,0,2627.34,22972.3,4,34.251,1,True,True,32.9974,368.976,28.1493,flare_decay,True,True,True,True,True,True,1.83974,0.930943,,,True,True,True,True,,True,
149370160_1,149370160,1,2632,1500.72,16,4.00486,0,True,,,,,,,,,,,,,,,,,,,,,,
149370160_2,149370160,2,2635.74,3200.11,4,4.77127,1,True,True,11.7989,1.84141,-0.468077,flare_decay,False,True,True,True,True,True,0.404195,0.540252,,,False,True,True,True,,True,
149370160_3,149370160,3,2614.25,4885.4,8,9.41565,1,True,True,10.7079,34.8431,5.2385,flare_decay,True,True,True,True,True,True,1.19574,1.03977,0.000991775,1.42189e-06,True,True,True,True,True,True,True
149370160_4,149370160,4,2620.53,1722.06,16,4.59554,0,True,,,,,,,,,,,,,,,,,,,,,,
149370160_5,149370160,5,2619.73,10272.4,2,11.6613,1,False,True,11.8353,35.52,-3.48243,flare_decay,True,True,True,True,True,True,1.06456,0.962573,,,True,False,True,True,,True,
149370160_6,149370160,6,2611.87,10572.5,16,28.214,1,True,True,27.4324,295.935,22.019,flare_decay,True,True,True,True,True,True,1.44433,0.963002,,,True,True,True,True,,True,
149370160_7,149370160,7,2613,50000,1,43.5438,1,False,True,45.5879,581.429,23.6404,flare_decay,True,True,True,True,True,True,0.875908,0.866912,,,True,False,True,True,,True,
149370160_8,149370160,8,2620.86,29176.2,2,33.121,1,False,True,33.6778,334.738,35.5333,flare_decay,True,True,True,True,True,True,1.47854,0.893438,,,True,False,True,True,,True,
149370160_9,149370160,9,2630.79,1964.74,8,3.78666,0,True,,,,,,,,,,,,,,,,,,,,,,
149370160_10,149370160,10,2612.63,1306.31,16,3.48606,0,True,,,,,,,,,,,,,,,,,,,,,,
149370160_11,149370160,11,2617.97,5279.14,8,10.1745,1,True,True,11.387,25.6105,-10.8485,flare_decay,False,True,True,True,True,True,0.994757,0.883377,,,True,True,True,True,,True,
149370160_12,149370160,12,2635.65,1872,8,3.60791,1,True,True,11.9465,0.274532,-3.57103,flare_decay,False,True,False,True,True,False,0.148426,0.252692,,,False,True,True,False,,True,
149370160_13,149370160,13,2616.02,6355.62,8,12.2492,1,True,True,11.0086,35.1788,1.56365,flare_decay,True,True,True,True,True,True,1.45077,0.83822,,,True,True,True,True,,True,
149370160_14,149370160,14,2631.97,49934.1,1,43.4864,1,False,True,47.4168,530.176,-4.26115,flare_decay,True,True,True,True,True,True,0.945034,0.906858,,,True,False,True,True,,True,
149370160_15,149370160,15,2620.5,17895.7,4,26.6819,1,True,True,26.0862,149.657,8.95464,flare_decay,True,True,True,True,True,True,1.0779,0.959471,,,True,True,True,True,,True,
149370160_16,149370160,16,2616.7,4003.36,16,10.6835,0,True,,,,,,,,,,,,,,,,,,,,,,
149370160_17,149370160,17,2618.84,5019.76,4,7.4843,1,True,True,8.46029,19.3678,-6.26905,flare_decay,False,True,True,True,True,True,1.19803,1.14573,0.0442115,0.000227443,True,True,True,True,,True,True
149370160_18,149370160,18,2619.01,1246.64,24,3.92407,0,True,,,,,,,,,,,,,,,,,,,,,,
149370160_19,149370160,19,2629.15,2397.77,4,3.575,0,True,,,,,,,,,,,,,,,,,,,,,,
229746965_0,229746965,0,2614.45,3257.22,16,18.3572,1,True,True,15.5789,26.5664,-7.49021,flare_decay,False,True,True,True,True,True,1.60842,2.04854,,,True,True,True,True,,True,
229746965_1,229746965,1,2629.59,4743.87,16,26.7358,1,True,True,27.8241,121.755,-1.79351,flare_decay,True,True,True,True,True,True,0.830811,1.01288,,,True,True,True,True,,True,
229746965_2,229746965,2,2628.69,9563.65,4,27.8905,1,False,True,25.9218,73.8227,2.62427,flare_decay,True,True,True,True,True,True,0.684164,1.00277,,,True,False,True,True,,True,
229746965_3,229746965,3,2613.59,2276.07,8,10.0033,0,True,,,,,,,,,,,,,,,,,,,,,,
229746965_4,229746965,4,2614.79,1628.21,4,4.74835,0,False,,,,,,,,,,,,,,,,,,,,,,
229746965_5,229746965,5,2628.5,5604.92,1,6.68657,0,False,,,,,,,,,,,,,,,,,,,,,,
229746965_6,229746965,6,2620.31,16170.5,4,47.1582,1,False,True,47.7155,230.849,14.2575,flare_decay,True,True,True,True,True,True,0.836373,1.00439,,,True,False,True,True,,True,
229746965_7,229746965,7,2619.23,12407.2,8,54.5293,1,True,True,50.8015,188.585,6.48798,flare_decay,True,True,True,True,True,True,0.78935,0.957037,,,True,True,True,True,,True,
229746965_8,229746965,8,2632.34,10381.9,4,30.2767,1,False,True,29.1736,77.7842,-10.1257,flare_decay,False,True,True,True,True,True,0.745646,0.958395,,,True,False,True,True,,True,
229746965_9,229746965,9,2633.59,21858.6,1,26.0769,1,False,True,27.6132,158.136,2.86307,flare_decay,True,True,True,True,True,True,0.80201,0.921788,,,True,False,True,True,,True,
229746965_10,229746965,10,2617.28,4830.21,4,14.0864,1,False,True,13.8374,37.7436,-5.43366,flare_decay,True,True,True,True,True,True,0.85379,0.913323,,,True,False,True,True,,True,
229746965_11,229746965,11,2628.76,45689.6,1,54.5069,1,False,True,50.5776,680.908,-38.973,flare_decay,False,True,True,True,True,True,1.24418,0.921778,,,True,False,True,True,,True,
229746965_12,229746965,12,2617.15,800.737,16,4.51284,0,True,,,,,,,,,,,,,,,,,,,,,,
229746965_13,229746965,13,2616.13,695.881,16,3.92189,0,True,,,,,,,,,,,,,,,,,,,,,,
229746965_14,229746965,14,2621.07,543.388,16,3.06246,0,True,,,,,,,,,,,,,,,,,,,,,,
229746965_15,229746965,15,2612.93,1560.89,24,12.7458,1,True,True,9.71591,-6.58354,-5.50458,step,False,True,False,True,True,False,0.113449,0.356424,,,False,False,True,False,,True,
229746965_16,229746965,16,2629.72,8520.27,8,37.4463,1,True,True,39.614,151.536,3.38046,flare_decay,True,True,True,True,True,True,0.680604,0.880655,0.440688,1.22374e-14,True,True,True,True,True,True,True
229746965_17,229746965,17,2631.72,2537.69,24,20.722,1,True,True,18.9455,37.9725,5.3722,flare_decay,True,True,True,True,True,True,0.703505,0.930615,,,True,True,True,True,,True,
229746965_18,229746965,18,2633.42,3297.74,24,26.9283,1,True,True,20.1471,73.9712,-8.42779,flare_decay,False,True,True,True,True,True,0.708316,0.956924,,,True,True,True,True,True,True,
229746965_19,229746965,19,2629.7,3152.68,2,5.36041,0,False,,,,,,,,,,,,,,,,,,,,,,
229778011_0,229778011,0,2632.2,2492.36,16,29.224,1,True,True,29.2399,85.3083,-5.70985,flare_decay,True,True,True,True,True,True,0.637277,0.766244,,,True,True,True,True,,True,
229778011_1,229778011,1,2615.78,24971.2,1,58.532,1,False,True,56.5001,629.56,-25.0146,flare_decay,False,True,True,True,True,True,0.666849,0.702071,,,True,False,True,True,,True,
229778011_2,229778011,2,2628.63,1002.65,4,5.22317,0,False,,,,,,,,,,,,,,,,,,,,,,
229778011_3,229778011,3,2617.49,223.46,24,3.4808,0,True,,,,,,,,,,,,,,,,,,,,,,
229778011_4,229778011,4,2626.23,4097.75,8,32.7938,1,True,True,11.7249,-9.2567,67.5868,step,False,False,True,True,True,True,1.17171,0.743678,,,False,False,True,True,,True,
229778011_5,229778011,5,2613.91,14069.1,2,48.0366,1,False,True,46.8903,323.403,38.7865,flare_decay,True,True,True,True,True,True,0.655289,0.71601,,,True,False,True,True,,True,
229778011_6,229778011,6,2616.48,8069.82,2,27.553,1,False,True,26.6911,126.844,9.13606,flare_decay,True,True,True,True,True,True,0.721073,0.688895,,,True,False,True,True,,True,
229778011_7,229778011,7,2616.02,1383.48,24,21.5502,1,True,True,16.6395,23.4393,-8.58395,flare_decay,False,True,False,True,True,False,0.0795487,0.132609,,,True,True,True,False,,True,
229778011_8,229778011,8,2618.98,3939.4,2,13.4504,1,False,True,13.2261,21.429,-0.00334132,flare_decay,True,True,True,True,True,True,0.867145,0.816612,,,True,False,True,True,,True,
229778011_9,229778011,9,2630.26,581.609,8,4.65454,0,True,,,,,,,,,,,,,,,,,,,,,,
229778011_10,229778011,10,2628.23,724.496,16,8.49504,0,True,,,,,,,,,,,,,,,,,,,,,,
229778011_11,229778011,11,2621.03,3214.77,8,25.7274,1,True,True,25.5858,40.7773,-9.98462,flare_decay,False,True,True,True,True,True,0.409968,0.567735,,,True,True,True,True,,True,
229778011_12,229778011,12,2617.94,3369.29,2,11.5038,1,False,True,11.3016,23.1525,-6.46898,flare_decay,False,True,True,True,True,True,0.742355,0.6058,,,True,False,True,True,,True,
229778011_13,229778011,13,2628.45,1025.75,2,3.50224,0,False,,,,,,,,,,,,,,,,,,,,,,
229778011_14,229778011,14,2632.7,910.327,8,7.28523,0,True,,,,,,,,,,,,,,,,,,,,,,
229778011_15,229778011,15,2633.96,1498.53,8,11.9926,1,True,True,11.0776,9.86918,-9.18522,step,False,True,True,True,True,True,0.772379,0.962924,,,False,True,True,True,,True,
229778011_16,229778011,16,2611.77,2914.76,1,6.83212,0,False,,,,,,,,,,,,,,,,,,,,,,
229778011_17,229778011,17,2633.77,2901.62,4,15.1156,1,False,True,17.4152,71.1902,-1.81162,flare_decay,True,True,True,True,True,True,0.71016,0.645835,,,True,False,True,True,,True,
229778011_18,229778011,18,2627.36,1800.83,4,9.38118,1,False,True,9.75584,-7.2447,-4.51349,flare_decay,False,True,True,True,True,True,0.85299,0.731486,,,False,False,True,True,,True,
229778011_19,229778011,19,2618.74,13753.6,2,46.9592,1,False,True,45.029,223.86,-18.1549,flare_decay,False,True,True,True,True,True,0.695459,0.733271,,,True,False,True,True,,True,
229910664_0,229910664,0,2621.29,2707.75,8,10.4664,1,True,True,10.037,2.11362,-4.79131,step,False,True,True,True,True,True,0.918133,1.30847,,,False,True,True,True,,True,
229910664_1,229910664,1,2618.05,12061.4,8,46.6215,1,True,True,44.9878,422.63,27.3282,flare_decay,True,True,True,True,True,True,0.932624,0.913866,0.378491,7.4599e-53,True,True,True,True,,True,True
229910664_2,229910664,2,2628.91,9979.1,1,14.2967,1,False,True,15.3308,19.0326,-4.47327,flare_decay,True,True,True,True,True,True,0.981865,0.976561,,,True,False,True,True,,True,
229910664_3,229910664,3,2615.09,308.406,24,3.21401,0,True,,,,,,,,,,,,,,,,,,,,,,
229910664_4,229910664,4,2616.09,2477.95,4,7.16538,0,False,,,,,,,,,,,,,,,,,,,,,,
229910664_5,229910664,5,2627.67,926.803,8,3.58243,0,True,,,,,,,,,,,,,,,,,,,,,,
229910664_6,229910664,6,2630.28,14307.3,2,29.4122,1,False,True,28.5291,208.56,1.94584,flare_decay,True,True,True,True,True,True,0.828896,0.947669,,,True,False,True,True,,True,
229910664_7,229910664,7,2613.75,2186.12,2,4.4941,0,False,,,,,,,,,,,,,,,,,,,,,,
229910664_8,229910664,8,2620.13,8836.32,1,12.6594,1,False,True,13.4675,20.5317,-1.404,flare_decay,True,True,True,True,True,True,0.755505,0.986618,,,True,False,True,True,,True,
229910664_9,229910664,9,2626.57,644.527,24,6.71685,0,True,,,,,,,,,,,,,,,,,,,,,,
229910664_10,229910664,10,2631.95,4155.4,4,12.016,1,False,True,11.9945,21.1539,-13.2611,flare_decay,False,True,True,True,True,True,0.73648,0.906869,,,True,False,True,True,,True,
229910664_11,229910664,11,2627.6,10777.7,8,41.6597,1,True,True,40.0323,233.162,12.9824,flare_decay,True,True,True,True,True,True,1.32421,0.933347,,,True,True,True,True,,True,
229910664_12,229910664,12,2618.53,17060.9,4,49.3342,1,False,True,48.939,451.024,13.6416,flare_decay,True,True,True,True,True,True,0.747095,0.87201,,,True,False,True,True,,True,
229910664_13,229910664,13,2613.76,3168.79,24,33.0231,1,True,True,23.3561,83.2352,-9.06685,flare_decay,False,True,True,True,False,True,0.885039,1.14697,,,True,True,True,False,,True,
229910664_14,229910664,14,2612.24,529.479,24,5.51789,0,True,,,,,,,,,,,,,,,,,,,,,,
229910664_15,229910664,15,2616.43,11384.8,8,44.0065,1,True,True,44.19,502.706,27.031,flare_decay,True,True,True,True,True,True,1.04036,0.90495,,,True,True,True,True,,True,
229910664_16,229910664,16,2612.84,3306.95,8,12.7826,1,True,True,13.8013,29.1719,1.6274,flare_decay,True,True,True,True,True,True,0.650327,0.731232,,,True,True,True,True,,True,
229910664_17,229910664,17,2616.91,3855.58,8,14.9032,1,True,True,14.7332,84.0258,-1.26563,flare_decay,True,True,True,True,True,True,0.75534,0.968488,,,True,True,True,True,,True,
229910664_18,229910664,18,2630.87,4857.56,8,18.7762,1,True,True,19.5938,45.7546,-1.93644,flare_decay,True,True,True,True,True,True,1.07646,0.978864,,,True,True,True,True,,True,
229910664_19,229910664,19,2632.04,3405.59,24,35.4909,1,True,True,27.3062,136.744,7.80739,flare_decay,True,True,True,True,True,True,0.762825,0.928458,,,True,True,True,True,,True,
229942102_0,229942102,0,2627.88,5106.65,1,14.2452,1,False,True,16.7439,55.0048,5.58059,flare_decay,True,True,True,True,True,True,1.10273,1.06916,,,True,False,True,True,,True,
229942102_1,229942102,1,2628.1,1265.9,2,4.89088,0,False,,,,,,,,,,,,,,,,,,,,,,
229942102_2,229942102,2,2612.93,3489.62,1,9.73443,1,False,True,9.59625,24.4481,-5.05516,flare_decay,True,True,True,True,True,True,0.769682,0.973629,,,True,False,True,True,,True,
229942102_3,229942102,3,2629.77,1544.71,1,4.30902,0,False,,,,,,,,,,,,,,,,,,,,,,
229942102_4,229942102,4,2629.06,696.313,4,3.76226,0,True,,,,,,,,,,,,,,,,,,,,,,
229942102_5,229942102,5,2620.43,2765.48,4,14.9422,1,True,True,14.4901,20.111,-0.938844,flare_decay,True,True,True,True,True,True,1.16936,1.05286,,,True,True,True,True,,True,
229942102_6,229942102,6,2618.06,4182.77,1,11.668,1,False,True,9.29871,-0.924914,-4.85516,flare_decay,False,True,True,True,True,True,0.968714,0.95917,,,False,False,True,True,,True,
229942102_7,229942102,7,2631.98,1747.86,2,6.75298,1,False,True,7.25284,11.0424,-3.98835,flare_decay,True,True,True,True,True,True,0.895769,1.12869,,,True,False,True,True,,True,
229942102_8,229942102,8,2616.55,2625.53,16,35.4079,1,True,True,31.626,219.51,14.7903,flare_decay,True,True,True,True,True,True,1.03627,1.08377,,,True,True,True,True,,True,
229942102_9,229942102,9,2612.86,4961.84,2,19.1704,1,False,True,19.7564,87.5728,0.814456,flare_decay,True,True,True,True,True,True,0.773088,0.944221,,,True,False,True,True,,True,
229942102_10,229942102,10,2627.09,10457.8,2,40.4043,1,False,True,41.2976,265.749,37.7997,flare_decay,True,True,True,True,True,True,0.880265,0.974019,,,True,False,True,True,,True,
229942102_11,229942102,11,2618.69,7025.09,1,19.5968,1,False,True,20.2458,64.0132,0.90328,flare_decay,True,True,True,True,True,True,1.4366,0.960299,,,True,False,True,True,,True,
229942102_12,229942102,12,2620.73,4121.25,8,30.5679,1,True,True,29.5365,126.345,26.3963,flare_decay,True,True,True,True,True,True,0.653065,0.8907,,,True,True,True,True,,True,
229942102_13,229942102,13,2626.79,1459.74,2,5.63982,0,False,,,,,,,,,,,,,,,,,,,,,,
229942102_14,229942102,14,2632.23,9630.25,4,52.0334,1,True,True,50.3516,589.557,12.4288,flare_decay,True,True,True,True,True,True,1.4339,1.01493,,,True,True,True,True,True,True,
229942102_15,229942102,15,2614.41,1835.6,2,7.09197,1,False,False,,,,,,,,,,,,,,,,,,,,,
229942102_16,229942102,16,2631.65,1615.06,2,6.23988,1,False,True,8.05654,4.31374,-7.23694,flare_decay,False,True,True,True,True,True,0.618879,0.76914,,,False,False,True,True,,True,
229942102_17,229942102,17,2635.68,1345.31,24,26.4398,0,True,,,,,,,,,,,,,,,,,,,,,,
229942102_18,229942102,18,2635.1,10376.9,4,56.0679,1,False,True,54.8549,335.916,22.3047,flare_decay,True,True,True,True,True,True,0.92906,1.01401,,,True,True,True,True,,True,
229942102_19,229942102,19,2635.59,1968.47,2,7.60532,0,False,,,,,,,,,,,,,,,,,,,,,,
224288796_0,224288796,0,2629.88,1178.49,8,10.5504,1,True,True,9.73864,12.7163,-5.21883,flare_decay,True,True,True,True,True,True,0.516789,0.557941,,,True,True,True,True,,True,
224288796_1,224288796,1,2634.85,4441.14,1,14.9427,1,False,True,15.0188,20.7163,-0.812961,flare_decay,True,True,True,True,True,True,0.6583,0.841124,,,True,False,True,True,,True,
224288796_2,224288796,2,2632.54,3054.15,24,52.4576,1,True,True,48.3813,492.872,52.2107,flare_decay,True,True,True,True,True,True,0.859638,0.88146,-1.13243e-14,0,True,True,True,True,,True,True
224288796_3,224288796,3,2618.53,1090.17,2,5.16194,0,False,,,,,,,,,,,,,,,,,,,,,,
224288796_4,224288796,4,2632.13,5465.8,2,25.8804,1,False,True,25.3129,171.39,20.6343,flare_decay,True,True,True,True,True,True,1.00711,0.916361,,,True,False,True,True,,True,
224288796_5,224288796,5,2613.11,6270.81,4,40.765,1,False,True,39.7314,282.35,11.5717,flare_decay,True,True,True,True,True,True,0.512554,0.83946,,,True,True,True,True,True,True,
224288796_6,224288796,6,2612.22,1789.17,8,16.0175,1,True,True,15.2035,39.226,-2.30085,flare_decay,True,True,True,True,True,True,0.796193,0.85124,,,True,True,True,True,,True,
224288796_7,224288796,7,2627.22,822.151,24,14.1211,1,True,True,11.2616,26.1124,-12.0263,flare_decay,False,True,True,True,True,True,0.675007,0.767258,,,True,True,True,True,,True,
224288796_8,224288796,8,2619.9,3124.77,2,14.7957,1,False,True,16.4178,55.6738,7.41296,flare_decay,True,True,True,True,True,True,0.716653,0.943109,,,True,False,True,True,,True,
224288796_9,224288796,9,2614.6,838.9,16,11.2905,1,True,True,9.76158,10.7818,-7.29739,flare_decay,False,True,False,True,True,False,2.37485,2.73357,,,True,True,True,False,,True,
224288796_10,224288796,10,2633.85,1230.02,8,11.0118,1,True,True,9.28632,22.1954,-6.4163,step,False,True,True,True,True,True,0.931498,0.991762,,,True,True,True,True,,True,
224288796_11,224288796,11,2631.57,1004.17,2,4.75471,0,False,,,,,,,,,,,,,,,,,,,,,,
224288796_12,224288796,12,2635.14,824.564,16,11.0975,1,True,True,10.6349,2.58952,-1.80541,step,False,True,True,True,True,True,0.814749,0.817491,,,False,True,True,True,,True,
224288796_13,224288796,13,2615.77,1119.59,2,5.30122,0,False,,,,,,,,,,,,,,,,,,,,,,
224288796_14,224288796,14,2620.49,244.892,24,4.20622,0,True,,,,,,,,,,,,,,,,,,,,,,
224288796_15,224288796,15,2619.03,2284.16,1,7.68532,1,False,True,9.20677,18.3567,-2.54114,flare_decay,True,True,True,True,True,True,0.743274,0.84096,,,True,False,True,True,,True,
224288796_16,224288796,16,2628.6,2232.38,8,19.9854,1,True,True,20.9454,82.7603,-7.29613,flare_decay,False,True,True,True,True,True,0.724502,0.883399,,,True,True,True,True,,True,
224288796_17,224288796,17,2626.35,359.495,24,6.17463,0,True,,,,,,,,,,,,,,,,,,,,,,
224288796_18,224288796,18,2620.47,439.625,24,7.55093,0,True,,,,,,,,,,,,,,,,,,,,,,
224288796_19,224288796,19,2633.51,755.212,8,6.76105,0,True,,,,,,,,,,,,,,,,,,,,,,
224300930_0,224300930,0,2629.35,3508.98,2,18.6577,1,False,True,18.8742,78.3171,14.8773,flare_decay,True,True,True,True,True,True,0.99541,0.942088,,,True,False,True,True,,True,
224300930_1,224300930,1,2616.9,1155.6,24,13.1064,0,True,,,,,,,,,,,,,,,,,,,,,,
224300930_2,224300930,2,2619.05,437.519,24,4.9622,0,True,,,,,,,,,,,,,,,,,,,,,,
224300930_3,224300930,3,2612.17,1110.75,4,7.42118,1,False,True,8.3755,30.3257,1.38711,flare_decay,True,True,True,True,True,True,0.662102,0.761748,,,True,False,True,True,,True,
224300930_4,224300930,4,2610.74,1487.04,2,7.90682,1,False,True,7.582,32.6629,-3.31146,flare_decay,True,True,True,True,True,True,1.10929,0.998319,,,True,False,True,True,,True,
224300930_5,224300930,5,2620.8,11047.6,1,45.7474,1,False,True,43.8565,379.158,-26.6509,flare_decay,False,True,True,True,True,True,0.763002,0.866666,,,True,False,True,True,,True,
224300930_6,224300930,6,2612.9,2814.15,8,22.7521,1,True,True,22.7362,276.441,3.18082,flare_decay,True,True,True,True,True,True,0.809245,0.786163,,,True,True,True,True,,True,
224300930_7,224300930,7,2613.95,1279.29,2,6.80218,0,False,,,,,,,,,,,,,,,,,,,,,,
224300930_8,224300930,8,2633.97,1000.25,24,11.3445,0,True,,,,,,,,,,,,,,,,,,,,,,
224300930_9,224300930,9,2633.99,593.35,4,3.96433,0,False,,,,,,,,,,,,,,,,,,,,,,
224300930_10,224300930,10,2616.15,671.893,4,4.48909,0,False,,,,,,,,,,,,,,,,,,,,,,
224300930_11,224300930,11,2611.11,708.594,2,3.76769,0,False,,,,,,,,,,,,,,,,,,,,,,
224300930_12,224300930,12,2612.91,2350.68,16,22.4691,1,True,True,21.2409,242.815,19.4351,flare_decay,True,True,True,True,False,True,0.748032,0.623054,,,True,True,True,False,,True,
224300930_13,224300930,13,2618.72,1437.45,1,5.95239,0,False,,,,,,,,,,,,,,,,,,,,,,
224300930_14,224300930,14,2611.34,4634.85,8,37.4723,1,True,True,38.0638,434.561,22.1636,flare_decay,True,True,True,True,True,True,1.30709,0.867642,,,True,True,True,True,,True,
224300930_15,224300930,15,2635.51,5125.74,4,34.2464,1,False,True,34.6605,471.555,43.2865,flare_decay,True,True,True,True,True,True,1.00313,0.872819,,,True,False,True,True,,True,
224300930_16,224300930,16,2615.86,2807.04,24,31.8365,1,True,True,24.8457,742.448,87.9843,step,True,True,True,True,False,True,0.325666,0.458484,,,True,True,True,False,,True,
224300930_17,224300930,17,2618.74,4155.6,16,39.7215,1,True,True,35.2323,1291.19,101.791,flare_decay,True,True,True,True,True,True,1.72012,0.875001,,,True,True,True,True,,True,
224300930_18,224300930,18,2628.22,755.819,8,6.11071,0,True,,,,,,,,,,,,,,,,,,,,,,
224300930_19,224300930,19,2612.54,699.76,24,7.93645,0,True,,,,,,,,,,,,,,,,,,,,,,
229673188_0,229673188,0,2616.62,4222.15,24,45.625,1,True,True,37.4195,408.909,20.1982,flare_decay,True,True,True,True,False,True,1.11011,0.972506,,,True,True,True,False,,True,
229673188_1,229673188,1,2627.87,1487.99,1,3.31073,0,False,,,,,,,,,,,,,,,,,,,,,,
229673188_2,229673188,2,2629.25,5246.81,4,22.3388,1,True,True,21.3107,142.467,5.60576,flare_decay,True,True,True,True,True,True,1.09382,1.09539,,,True,True,True,True,True,True,
229673188_3,229673188,3,2628.35,6987.23,2,21.95,1,False,True,22.7073,48.9081,-9.30864,flare_decay,False,True,True,True,True,True,0.911533,1.08052,,,True,False,True,True,,True,
229673188_4,229673188,4,2627.5,1686.79,4,7.18165,1,True,True,9.30069,11.7696,-4.0745,flare_decay,True,True,True,True,True,True,0.889363,0.947339,0.0339119,0.00884635,True,True,True,True,,True,True
229673188_5,229673188,5,2615.48,6076.94,16,49.4433,1,True,True,44.5181,466.526,12.6262,flare_decay,True,True,True,True,False,True,0.793683,0.872292,,,True,True,True,False,,True,
229673188_6,229673188,6,2616.12,13976.9,1,31.0981,1,False,True,31.9673,223.511,3.75679,flare_decay,True,True,True,True,True,True,1.34953,0.970582,,,True,False,True,True,,True,
229673188_7,229673188,7,2633.39,2396.84,2,7.52954,1,False,True,8.26774,17.7388,0.648394,flare_decay,True,True,True,True,True,True,0.9949,0.775485,0.552036,0.020475,True,True,True,True,,True,False
229673188_8,229673188,8,2631,4258.33,24,46.0159,1,True,True,47.5729,456.723,25.408,flare_decay,True,True,True,True,False,True,0.798862,0.94541,,,True,True,True,False,,True,
229673188_9,229673188,9,2613.59,1442.37,2,4.53113,0,False,,,,,,,,,,,,,,,,,,,,,,
229673188_10,229673188,10,2615.24,1170.05,16,9.51977,0,True,,,,,,,,,,,,,,,,,,,,,,
229673188_11,229673188,11,2630.22,2742.1,2,8.61413,1,False,True,9.32717,14.6466,-2.39872,flare_decay,True,True,True,True,True,True,0.61688,0.81273,,,True,True,True,True,,True,
229673188_12,229673188,12,2617.05,2520.62,8,14.0875,1,True,True,14.1299,47.8048,-7.97107,flare_decay,False,True,True,True,True,True,1.04359,1.05042,,,True,True,True,True,,True,
229673188_13,229673188,13,2629.82,3112.17,8,17.3936,1,True,True,16.1123,64.1661,17.0784,flare_decay,True,True,True,True,True,True,0.823433,0.758903,,,True,True,True,True,True,True,
229673188_14,229673188,14,2618.05,725.899,8,4.05697,0,True,,,,,,,,,,,,,,,,,,,,,,
229673188_15,229673188,15,2619.55,868.367,8,4.85321,0,True,,,,,,,,,,,,,,,,,,,,,,
229673188_16,229673188,16,2627.17,12124.1,1,26.9757,1,False,True,25.3888,99.657,-11.3346,flare_decay,False,True,True,True,True,True,1.31503,1.01105,,,True,False,True,True,,True,
229673188_17,229673188,17,2611.28,710.598,8,3.97145,0,True,,,,,,,,,,,,,,,,,,,,,,
229673188_18,229673188,18,2618.5,1917.26,8,10.7154,1,True,True,11.2571,26.6567,0.709173,step,True,True,True,True,True,True,0.972262,0.871236,0.0169786,0.000347709,True,True,True,True,,True,True
229673188_19,229673188,19,2613.85,454.4,24,4.91029,0,True,,,,,,,,,,,,,,,,,,,,,,
229673326_0,229673326,0,2621.53,3573.1,2,6.04134,0,False,,,,,,,,,,,,,,,,,,,,,,
229673326_1,229673326,1,2632.85,1856.75,24,16.5887,1,True,True,11.5811,18.0231,-1.84047,flare_decay,True,True,True,True,False,True,0.845547,0.839732,,,True,True,True,False,,True,
229673326_2,229673326,2,2627.79,4095.1,1,5.17508,0,False,,,,,,,,,,,,,,,,,,,,,,
229673326_3,229673326,3,2618.14,11204.6,2,18.9446,1,False,True,18.0477,81.7442,9.27329,flare_decay,True,True,True,True,True,True,0.829692,0.942647,,,True,False,True,True,,True,
229673326_4,229673326,4,2626.46,1498.52,24,13.3881,0,True,,,,,,,,,,,,,,,,,,,,,,
229673326_5,229673326,5,2629.48,1865.7,24,16.6687,1,True,True,11.9789,15.2136,-9.10348,step,False,True,True,True,True,True,1.23782,1.31647,,,True,True,True,True,,True,
229673326_6,229673326,6,2616,1607.94,8,5.85025,0,True,,,,,,,,,,,,,,,,,,,,,,
229673326_7,229673326,7,2621.31,2098.07,2,3.54738,0,False,,,,,,,,,,,,,,,,,,,,,,
229673326_8,229673326,8,2632.31,8327.02,2,14.0792,1,False,True,13.4498,44.8048,-3.16778,flare_decay,True,True,True,True,True,True,0.922001,0.898075,,,True,False,True,True,,True,
229673326_9,229673326,9,2618.11,8354.7,4,21.2761,1,True,True,20.3465,60.8099,-2.81257,flare_decay,True,True,True,True,True,True,0.894801,0.940586,,,True,True,True,True,,True,
229673326_10,229673326,10,2627.66,4136.5,8,15.05,1,True,True,15.3215,21.4401,5.79784,flare_decay,True,True,True,True,True,True,0.869184,0.951266,,,True,True,True,True,,True,
229673326_11,229673326,11,2616.47,726.965,16,4.15652,0,True,,,,,,,,,,,,,,,,,,,,,,
229673326_12,229673326,12,2618.75,693.963,24,6.20004,0,True,,,,,,,,,,,,,,,,,,,,,,
229673326_13,229673326,13,2616.51,1967.3,8,7.15771,0,True,,,,,,,,,,,,,,,,,,,,,,
229673326_14,229673326,14,2616.96,14493,8,52.7304,1,True,True,51.1539,395.436,25.7992,flare_decay,True,True,True,True,True,True,0.810808,0.969559,,,True,True,True,True,,True,
229673326_15,229673326,15,2620.15,2547.04,8,9.267,1,True,True,9.12207,3.11007,-4.81723,flare_decay,False,True,True,True,True,True,0.703116,0.853623,,,False,True,True,True,,True,
229673326_16,229673326,16,2617.27,15807,2,26.7262,1,False,True,25.9712,83.3964,-0.692281,flare_decay,True,True,True,True,True,True,1.16808,0.950504,,,True,False,True,True,,True,
229673326_17,229673326,17,2626.34,14607.4,8,53.1467,1,True,True,44.0988,37.5558,42.1905,step,True,False,True,True,True,True,1.07135,0.949768,,,True,True,True,True,,True,
229673326_18,229673326,18,2633.01,734.349,24,6.56087,0,True,,,,,,,,,,,,,,,,,,,,,,
229673326_19,229673326,19,2631.09,444.687,24,3.97295,0,True,,,,,,,,,,,,,,,,,,,,,,
188532357_0,188532357,0,2617.02,4328.97,24,31.2591,1,True,True,28.0447,80.6703,-8.20308,flare_decay,False,True,True,True,True,True,0.789385,0.975146,,,True,True,True,True,True,True,
188532357_1,188532357,1,2617.13,3145.69,8,10.76,1,True,True,9.23682,11.492,-6.48842,flare_decay,False,True,True,True,True,True,0.801143,1.0118,,,True,True,True,True,,True,
188532357_2,188532357,2,2615.22,1354.09,8,4.63175,0,True,,,,,,,,,,,,,,,,,,,,,,
188532357_3,188532357,3,2634.13,5144.66,16,24.8572,1,True,True,24.5643,148.406,7.99963,flare_decay,True,True,True,True,True,True,0.998228,0.973688,,,True,True,True,True,,True,
188532357_4,188532357,4,2626.84,3547.5,1,4.12863,0,False,,,,,,,,,,,,,,,,,,,,,,
188532357_5,188532357,5,2618.4,4295.72,4,10.0647,1,True,True,10.0702,10.9945,-3.48888,flare_decay,True,True,True,True,True,True,1.03908,0.835577,,,True,True,True,True,True,True,
188532357_6,188532357,6,2633.48,4045.8,8,13.839,1,True,True,13.3167,24.898,-8.23357,step,False,True,True,True,True,True,0.873849,0.918139,0.00181045,4.66508e-08,True,True,True,True,True,True,True
188532357_7,188532357,7,2632.42,11275.2,1,13.1223,1,False,True,12.7182,36.1535,4.30742,flare_decay,True,True,True,True,True,True,1.22422,0.919608,,,True,False,True,True,,True,
188532357_8,188532357,8,2621.11,3647.38,8,12.4761,1,True,True,10.7248,13.7358,-8.30132,flare_decay,False,True,True,True,True,True,0.953725,1.24021,0.110426,3.29339e-07,True,True,True,True,,True,True
188532357_9,188532357,9,2610.53,972.541,8,3.32665,0,True,,,,,,,,,,,,,,,,,,,,,,
188532357_10,188532357,10,2632.85,1733.69,24,12.5188,1,True,True,10.6552,13.8075,-9.28069,flare_decay,False,True,True,True,True,True,0.982238,1.07726,,,True,True,True,True,True,True,
188532357_11,188532357,11,2629.66,2452.83,4,5.7469,0,True,,,,,,,,,,,,,,,,,,,,,,
188532357_12,188532357,12,2635.56,2028.99,4,4.75385,0,True,,,,,,,,,,,,,,,,,,,,,,
188532357_13,188532357,13,2620.72,5388.34,2,8.94394,1,False,True,8.37749,4.9173,-5.00152,flare_decay,False,True,True,True,True,True,1.02453,1.11631,,,False,False,True,True,,True,
188532357_14,188532357,14,2617.92,5518.67,16,26.6642,1,True,True,29.154,144.799,-1.86362,flare_decay,True,True,True,True,True,True,0.765366,0.88647,,,True,True,True,True,,True,
188532357_15,188532357,15,2633.2,8418.29,1,9.79733,1,False,True,10.8325,8.76372,-4.14085,flare_decay,False,True,True,True,True,True,0.859504,0.850352,,,False,False,True,True,,True,
188532357_16,188532357,16,2612.83,11986.1,16,57.9124,1,True,True,51.6538,466.368,40.8564,flare_decay,True,True,True,True,True,True,0.784483,0.864564,,,True,True,True,True,,True,
188532357_17,188532357,17,2630.36,6670.9,8,22.8183,1,True,True,21.5875,159.083,0.310936,step,True,True,True,True,True,True,0.685419,0.900236,,,True,True,True,True,,True,
188532357_18,188532357,18,2627.89,16734.1,4,39.2075,1,True,True,40.8902,400.369,21.2888,flare_decay,True,True,True,True,True,True,0.758788,0.936574,,,True,True,True,True,,True,
188532357_19,188532357,19,2610.21,4676.17,4,10.9561,1,True,True,9.23946,-8.79913,-9.3316,flare_decay,False,False,False,True,True,False,0.696612,0.384036,,,False,True,False,False,,True,
198207077_0,198207077,0,2631.84,7108.99,24,42.9006,1,True,True,36.798,215.031,-10.1497,flare_decay,False,True,True,True,True,True,0.958018,0.93327,,,True,True,True,True,,True,
198207077_1,198207077,1,2630.78,4644.49,2,6.54113,0,False,,,,,,,,,,,,,,,,,,,,,,
198207077_2,198207077,2,2614.34,50000,1,51.5587,1,False,True,52.7674,388.577,25.3392,flare_decay,True,True,True,True,True,True,1.1129,0.923128,,,True,False,True,True,,True,
198207077_3,198207077,3,2634.25,8867.58,1,9.14402,1,False,True,7.64811,20.4306,1.47896,flare_decay,True,True,True,True,True,True,1.18289,1.00071,,,True,False,True,True,,True,
198207077_4,198207077,4,2629.78,3679.21,4,7.42209,1,True,True,8.26354,22.4756,-5.27171,flare_decay,True,True,True,True,True,True,0.97858,0.917512,0.238559,0.000184766,True,True,True,True,,True,True
198207077_5,198207077,5,2629.38,10273.7,8,29.5016,1,True,True,27.6116,162.351,15.2637,flare_decay,True,True,True,True,True,True,1.0061,0.957204,,,True,True,True,True,True,True,
198207077_6,198207077,6,2621.11,13624.1,4,27.4839,1,True,True,26.0573,132.358,3.23384,flare_decay,True,True,True,True,True,True,1.04306,0.964845,,,True,True,True,True,True,True,
198207077_7,198207077,7,2620.02,21928.4,4,44.2362,1,False,True,41.8783,476.996,40.1301,flare_decay,True,True,True,True,True,True,0.853351,0.946715,,,True,True,True,True,,True,
198207077_8,198207077,8,2631.43,26019.1,2,36.6443,1,False,True,38.4683,266.93,0.999758,flare_decay,True,True,True,True,True,True,0.872906,0.93862,,,True,False,True,True,,True,
198207077_9,198207077,9,2615.46,41310,1,42.5979,1,False,True,44.3697,600.848,27.6905,flare_decay,True,True,True,True,True,True,1.54475,0.909037,,,True,False,True,True,,True,
198207077_10,198207077,10,2618.65,3648.05,2,5.13778,0,False,,,,,,,,,,,,,,,,,,,,,,
198207077_11,198207077,11,2626.89,3687.72,4,7.43926,0,True,,,,,,,,,,,,,,,,,,,,,,
198207077_12,198207077,12,2630.93,7209.49,24,43.5071,1,True,True,38.666,189.109,27.3767,flare_decay,True,True,True,True,True,True,0.956865,0.91579,,,True,True,True,True,,True,
198207077_13,198207077,13,2616.91,3065.47,8,8.80274,1,True,True,8.0799,3.67891,-3.1964,flare_decay,False,True,True,True,True,True,1.12809,1.13682,,,False,True,True,True,,True,
198207077_14,198207077,14,2630.18,16861.5,1,17.3872,1,False,True,16.7863,48.2977,8.83797,flare_decay,True,True,True,True,True,True,0.942145,0.993037,,,True,False,True,True,,True,
198207077_15,198207077,15,2613.28,12268.1,16,56.7377,1,True,True,52.6101,272.031,17.3895,flare_decay,True,True,True,True,True,True,0.746038,0.929876,,,True,True,True,True,,True,
198207077_16,198207077,16,2620.25,1319.93,8,3.79029,0,True,,,,,,,,,,,,,,,,,,,,,,
198207077_17,198207077,17,2628.06,3989.93,8,11.4574,1,True,True,10.5973,10.4636,-7.60366,flare_decay,False,True,True,True,True,True,1.08083,0.99425,,,True,True,True,True,,True,
198207077_18,198207077,18,2621.16,17547.5,2,24.7133,1,False,True,24.2256,113.808,5.31727,flare_decay,True,True,True,True,True,True,0.938412,0.975447,,,True,False,True,True,,True,
198207077_19,198207077,19,2628.91,6046.96,16,27.9661,1,True,True,27.6611,169.124,6.56864,flare_decay,True,True,True,True,True,True,0.954426,0.974211,,,True,True,True,True,True,True,
198208239_0,198208239,0,2611.29,1861.32,16,11.4652,1,True,True,13.0129,0.463636,-6.36249,flare_decay,False,True,True,True,True,True,0.723165,0.851853,,,False,True,True,True,,True,
198208239_1,198208239,1,2610.92,27318.2,1,33.3375,1,False,True,30.8979,152.406,-6.10531,flare_decay,False,True,True,True,True,True,1.02586,0.902929,,,True,False,True,True,,True,
198208239_2,198208239,2,2615.5,1030.45,8,4.26256,0,True,,,,,,,,,,,,,,,,,,,,,,
198208239_3,198208239,3,2633.55,7534.68,24,54.7944,1,True,True,49.1765,282.374,28.748,flare_decay,True,True,True,True,True,True,0.871211,0.970457,,,True,True,True,True,,True,
198208239_4,198208239,4,2635.59,4379.61,2,7.42781,0,False,,,,,,,,,,,,,,,,,,,,,,
198208239_5,198208239,5,2611.56,8464.92,16,52.1415,1,True,True,46.9942,269.921,16.8347,flare_decay,True,True,True,True,True,True,0.837444,0.953626,,,True,True,True,True,,True,
198208239_6,198208239,6,2630.18,21093,4,52.9126,1,True,True,51.9465,822.72,28.1037,flare_decay,True,True,True,True,True,True,1.29435,0.979634,,,True,True,True,True,,True,
198208239_7,198208239,7,2617.81,3678.07,8,15.2147,1,True,True,14.1274,28.642,-10.4624,flare_decay,False,True,True,True,True,True,0.81292,0.982113,,,True,True,True,True,,True,
198208239_8,198208239,8,2635.66,2453.31,2,4.1608,0,False,,,,,,,,,,,,,,,,,,,,,,
198208239_9,198208239,9,2619.08,1403.3,24,10.2052,0,True,,,,,,,,,,,,,,,,,,,,,,
198208239_10,198208239,10,2611.13,2560.55,1,3.12474,0,False,,,,,,,,,,,,,,,,,,,,,,
198208239_11,198208239,11,2613.02,5596.25,1,6.82931,0,False,,,,,,,,,,,,,,,,,,,,,,
198208239_12,198208239,12,2612.28,15618.4,4,39.1794,1,True,True,38.4867,249.039,16.2425,flare_decay,True,True,True,True,True,True,1.1189,0.983031,,,True,True,True,True,,True,
198208239_13,198208239,13,2631.04,26653.9,1,32.5267,1,False,True,30.0716,132.105,-16.1701,flare_decay,False,True,True,True,True,True,1.20774,0.954488,,,True,False,True,True,,True,
198208239_14,198208239,14,2621.23,565.896,24,4.11536,0,True,,,,,,,,,,,,,,,,,,,,,,
198208239_15,198208239,15,2616.31,1468.77,24,10.6813,0,True,,,,,,,,,,,,,,,,,,,,,,
198208239_16,198208239,16,2615.47,43485,1,53.0664,1,False,True,51.4925,465.844,-52.288,flare_decay,False,True,True,True,True,True,1.54385,0.945141,,,True,False,True,True,,True,
198208239_17,198208239,17,2633.55,14290.5,4,35.8482,1,True,True,34.6543,298.057,18.7958,flare_decay,True,True,True,True,True,True,2.01795,0.971205,,,True,True,True,True,,True,
198208239_18,198208239,18,2626.14,3131.38,16,19.2884,1,True,True,15.1096,22.0812,-6.89555,flare_decay,False,True,True,True,True,True,1.05915,0.85153,,,True,True,True,True,,True,
198208239_19,198208239,19,2612.36,14062.4,8,58.1706,1,True,True,55.9039,367.345,14.1784,flare_decay,True,True,True,True,True,True,0.947545,0.982062,4.69524e-10,6.0308e-16,True,True,True,True,,True,True
198457782_0,198457782,0,2631.09,5921.14,1,7.62368,0,False,,,,,,,,,,,,,,,,,,,,,,
198457782_1,198457782,1,2633.6,5448.73,2,9.70751,1,False,True,9.90719,3.82238,-0.564005,flare_decay,False,True,True,True,True,True,1.08555,0.759712,,,False,False,True,True,,True,
198457782_2,198457782,2,2626.57,29567,2,52.6768,1,False,True,53.8776,535.183,75.3946,flare_decay,True,True,True,True,True,True,0.88164,0.887942,,,True,False,True,True,,True,
198457782_3,198457782,3,2617.48,3190.7,8,11.4526,1,True,True,10.3694,11.8132,-6.39157,flare_decay,False,True,True,True,True,True,0.899614,0.88436,,,True,True,True,True,True,True,
198457782_4,198457782,4,2630.09,3762.19,8,13.5039,1,True,True,14.9581,32.1662,-5.23635,flare_decay,True,True,True,True,True,True,0.925826,1.04266,,,True,True,True,True,,True,
198457782_5,198457782,5,2632.52,1619.78,24,10.739,0,True,,,,,,,,,,,,,,,,,,,,,,
198457782_6,198457782,6,2630.32,3681.29,8,13.2135,1,True,True,13.4212,12.4662,-5.02599,flare_decay,True,True,True,True,True,True,0.703191,0.779538,,,True,True,True,True,,True,
198457782_7,198457782,7,2630.77,981.088,24,6.50453,0,True,,,,,,,,,,,,,,,,,,,,,,
198457782_8,198457782,8,2620.54,10272.2,4,25.2511,1,True,True,24.5463,75.3574,7.84734,flare_decay,True,True,True,True,True,True,0.798592,0.910966,,,True,True,True,True,,True,
198457782_9,198457782,9,2618.63,19610.6,1,25.2493,1,False,True,24.2111,97.2827,10.3416,flare_decay,True,True,True,True,True,True,1.20994,1.00041,,,True,False,True,True,,True,
198457782_10,198457782,10,2613.63,985.312,16,5.02712,0,True,,,,,,,,,,,,,,,,,,,,,,
198457782_11,198457782,11,2611.63,4377.97,8,15.7142,1,True,True,15.0089,45.0786,0.00971523,flare_decay,True,True,True,True,True,True,0.686808,0.734425,,,True,True,True,True,True,True,
198457782_12,198457782,12,2618.19,3475.41,1,4.47471,0,False,,,,,,,,,,,,,,,,,,,,,,
198457782_13,198457782,13,2633.67,6268.74,4,15.4097,1,True,True,17.4727,127.921,8.84046,flare_decay,True,True,True,True,True,True,0.937469,0.896287,,,True,True,True,True,,True,
198457782_14,198457782,14,2629.99,15374.5,2,27.3913,1,False,True,28.6594,115.087,-6.54328,flare_decay,False,True,True,True,True,True,1.07043,0.899064,,,True,False,True,True,,True,
198457782_15,198457782,15,2631.79,1359.84,8,4.88098,0,True,,,,,,,,,,,,,,,,,,,,,,
198457782_16,198457782,16,2617.96,2493.29,8,8.94933,1,True,True,8.81532,2.72209,-1.90559,flare_decay,False,True,True,True,True,True,1.17604,0.674064,,,False,True,True,True,,True,
198457782_17,198457782,17,2618.97,3053.83,24,20.2466,1,True,True,15.0591,36.0001,1.43523,flare_decay,True,True,True,True,True,True,1.21137,0.961629,4.30046e-05,2.34725e-05,True,True,True,True,,True,True
198457782_18,198457782,18,2615.6,2627.27,8,9.43026,1,True,True,10.2101,24.6303,-8.16214,flare_decay,False,True,True,True,True,True,0.908769,0.856049,0.00638123,0.000109204,True,True,True,True,,True,True
198457782_19,198457782,19,2629.32,2098.01,4,5.15729,0,True,,,,,,,,,,,,,,,,,,,,,,
219103533_0,219103533,0,2628.1,16465.3,2,27.3692,1,False,True,28.9606,200.853,1.25363,flare_decay,True,True,True,True,True,True,1.01388,0.83045,,,True,False,True,True,,True,
219103533_1,219103533,1,2626.91,25376.8,4,48.7347,1,True,True,50.6305,1313.8,55.1902,flare_decay,True,True,True,True,True,True,1.82489,0.862439,,,True,True,True,True,,True,
219103533_2,219103533,2,2615.79,2606.46,2,4.33256,0,False,,,,,,,,,,,,,,,,,,,,,,
219103533_3,219103533,3,2617.11,7240.77,16,18.302,1,True,True,19.482,392.898,28.7859,flare_decay,True,True,True,True,True,True,2.42706,0.894705,3.30436e-09,1.24142e-18,True,True,True,True,,True,True
219103533_4,219103533,4,2629.82,9008.38,1,12.5836,1,False,True,13.3415,82.4821,0.854912,flare_decay,True,True,True,True,True,True,1.13326,0.815102,,,True,False,True,True,,True,
219103533_5,219103533,5,2620.83,3073.88,24,8.37846,0,True,,,,,,,,,,,,,,,,,,,,,,
219103533_6,219103533,6,2620.19,5960.73,4,11.4473,1,True,True,12.5026,104.428,16.7428,flare_decay,True,True,True,True,True,True,1.314,0.797393,,,True,True,True,True,,True,
219103533_7,219103533,7,2614.66,6089.95,4,11.6954,1,True,True,10.6996,51.1119,-1.40488,flare_decay,True,True,True,True,True,True,1.17856,1.10045,,,True,True,True,True,,True,
219103533_8,219103533,8,2629.55,3867.03,2,6.42791,0,False,,,,,,,,,,,,,,,,,,,,,,
219103533_9,219103533,9,2611.88,1222.5,16,3.09003,0,True,,,,,,,,,,,,,,,,,,,,,,
219103533_10,219103533,10,2613.77,7598.66,16,19.2066,1,True,True,21.0415,485.317,10.3692,flare_decay,True,True,True,True,True,True,1.51851,0.759508,,,True,True,True,True,True,True,
219103533_11,219103533,11,2611.98,19587.6,16,49.5104,1,True,True,48.4969,3362.84,185.605,flare_decay,True,True,True,True,True,True,2.49732,0.803658,,,True,True,True,True,,True,
219103533_12,219103533,12,2635.45,3927.98,16,9.9285,1,True,True,13.0839,162.72,-6.08306,step,False,True,True,True,False,True,1.72697,0.880754,,,True,True,True,False,,True,
219103533_13,219103533,13,2621.32,8566.96,16,21.6541,1,True,True,21.72,57.3651,62.5356,step,True,False,False,True,True,False,,,,,True,True,False,False,,True,
219103533_14,219103533,14,2619.86,10003.4,4,19.2109,1,True,True,21.6989,213.692,16.6538,flare_decay,True,True,True,True,True,True,1.45127,0.86788,0.00819024,0.00102784,True,True,True,True,,True,True
219103533_15,219103533,15,2627.93,1794.34,4,3.44595,0,True,,,,,,,,,,,,,,,,,,,,,,
219103533_16,219103533,16,2634.09,26601.5,1,37.1591,1,False,True,39.8773,393.572,-37.4505,flare_decay,False,True,True,True,True,True,0.904496,0.866652,,,True,False,True,True,,True,
219103533_17,219103533,17,2619.61,8426.83,24,22.969,1,True,True,21.0009,999.957,82.8927,flare_decay,True,True,True,True,False,True,2.22881,0.783541,,,True,True,True,False,,True,
219103533_18,219103533,18,2630.96,1645.21,24,4.48434,0,True,,,,,,,,,,,,,,,,,,,,,,
219103533_19,219103533,19,2611.64,4412.01,4,8.47304,1,True,True,10.8566,32.423,-2.65842,flare_decay,True,True,True,True,True,True,1.16676,0.68923,0.310582,0.194661,True,True,True,True,,True,False
219118012_0,219118012,0,2630.36,14011.1,2,32.6864,1,False,True,31.6234,578.395,16.9056,flare_decay,True,True,True,True,True,True,1.0466,0.929684,,,True,False,True,True,,True,
219118012_1,219118012,1,2626.48,2550.12,16,13.9946,0,True,,,,,,,,,,,,,,,,,,,,,,
219118012_2,219118012,2,2633.07,1121.8,24,6.56302,0,True,,,,,,,,,,,,,,,,,,,,,,
219118012_3,219118012,3,2631.71,9691.61,1,18.6172,1,False,True,18.7886,127.307,-4.68938,flare_decay,True,True,True,True,True,True,1.11045,0.901242,,,True,False,True,True,,True,
219118012_4,219118012,4,2635.54,30414.4,1,58.4249,1,False,True,58.7452,1353.38,192.12,flare_decay,True,True,True,True,True,True,0.943823,0.911951,,,True,False,True,True,,True,
219118012_5,219118012,5,2618.68,2077.68,1,3.99116,0,False,,,,,,,,,,,,,,,,,,,,,,
219118012_6,219118012,6,2612.89,1724.79,2,4.02375,0,False,,,,,,,,,,,,,,,,,,,,,,
219118012_7,219118012,7,2634.86,1069.1,16,5.86703,0,True,,,,,,,,,,,,,,,,,,,,,,
219118012_8,219118012,8,2615.27,7561.32,1,14.525,1,False,True,17.2192,85.4689,-3.20624,flare_decay,True,True,True,True,True,True,1.0815,0.941861,,,True,False,True,True,,True,
219118012_9,219118012,9,2626.61,4465.01,24,26.1222,1,True,True,20.1889,-13.7096,-8.17624,step,False,False,True,True,False,True,1.7493,1.01225,,,False,True,True,False,,True,
219118012_10,219118012,10,2619.24,8139.46,2,18.9885,1,False,True,21.0647,116.064,-7.49466,flare_decay,False,True,True,True,True,True,1.47223,0.989691,,,True,False,True,True,,True,
219118012_11,219118012,11,2611.34,14689.1,4,40.0724,1,False,True,32.7908,536.766,517.117,step,True,False,True,True,True,True,2.05899,1.00626,,,True,True,True,True,,True,
219118012_12,219118012,12,2634.28,1577.41,1,3.03014,0,False,,,,,,,,,,,,,,,,,,,,,,
219118012_13,219118012,13,2630.57,4886.38,4,13.3302,1,True,True,12.0129,111.148,-0.97111,flare_decay,True,True,True,True,True,True,2.45393,1.03475,0.217448,4.15854e-07,True,True,True,True,,True,True
219118012_14,219118012,14,2617.68,30344.9,1,58.2914,1,False,True,61.4296,908.415,51.1541,flare_decay,True,True,True,True,True,True,1.32014,0.96828,,,True,False,True,True,,True,
219118012_15,219118012,15,2630.58,1032.31,16,5.66514,0,True,,,,,,,,,,,,,,,,,,,,,,
219118012_16,219118012,16,2633.87,4856.02,2,11.3285,1,False,True,10.6087,13.8654,-4.61079,flare_decay,True,True,True,True,True,True,1.90802,1.27252,,,True,False,True,True,,True,
219118012_17,219118012,17,2618.02,2478.14,24,14.4982,1,True,True,12.8795,62.3743,-4.43693,flare_decay,True,True,True,True,False,True,1.35713,0.829898,,,True,True,True,False,,True,
219118012_18,219118012,18,2611.59,2472.25,16,13.5672,1,True,True,11.6107,45.1766,7.16185,step,True,False,True,True,False,True,2.26607,1.32398,,,True,True,True,False,,True,
219118012_19,219118012,19,2633.06,10280,8,37.3984,1,True,True,34.8869,635.998,34.9375,flare_decay,True,True,True,True,True,True,1.32715,0.912288,,,True,True,True,True,,True,
219732404_0,219732404,0,2632.02,5081.42,8,39.6015,1,True,True,37.986,300.224,21.7129,flare_decay,True,True,True,True,True,True,1.17563,0.94566,,,True,True,True,True,True,True,
219732404_1,219732404,1,2628.46,618.135,24,8.71546,0,True,,,,,,,,,,,,,,,,,,,,,,
219732404_2,219732404,2,2619.64,10778.7,1,25.6794,1,False,True,26.331,119.28,5.22114,flare_decay,True,True,True,True,True,True,0.948674,0.942312,,,True,False,True,True,,True,
219732404_3,219732404,3,2618.94,4028.42,16,47.1753,1,True,True,41.1564,284.249,30.7185,flare_decay,True,True,True,True,True,True,0.922709,0.983389,,,True,True,True,True,True,True,
219732404_4,219732404,4,2612.01,961.923,16,11.2647,1,True,True,10.0706,-0.464303,-6.8287,step,False,True,True,True,True,True,0.927684,1.0762,,,False,True,True,True,,True,
219732404_5,219732404,5,2627.2,2353.33,24,33.181,1,True,True,29.7269,168.984,-7.69252,flare_decay,False,True,True,True,True,True,1.11114,1.05824,,,True,True,True,True,,True,
219732404_6,219732404,6,2616.97,594.102,16,6.95731,0,True,,,,,,,,,,,,,,,,,,,,,,
219732404_7,219732404,7,2616.64,3894.3,16,45.6047,1,True,True,38.8962,238.21,4.01492,flare_decay,True,True,True,True,True,True,1.06472,0.994316,,,True,True,True,True,,True,
219732404_8,219732404,8,2614.94,933.134,24,13.1568,1,True,True,10.867,11.0378,-10.7865,flare_decay,False,True,True,True,True,True,0.531475,0.687572,,,True,True,True,True,,True,
219732404_9,219732404,9,2615.53,458.898,24,6.47028,0,True,,,,,,,,,,,,,,,,,,,,,,
219732404_10,219732404,10,2627.38,2049.72,16,24.0035,1,True,True,22.0642,86.3494,4.30962,flare_decay,True,True,True,True,True,True,1.15713,0.975165,,,True,True,True,True,True,True,
219732404_11,219732404,11,2613.85,921.907,16,10.7961,0,True,,,,,,,,,,,,,,,,,,,,,,
219732404_12,219732404,12,2630.75,4800.99,16,56.2227,1,True,True,49.8681,391.527,-0.84837,flare_decay,True,True,True,True,True,True,0.955229,0.975472,,,True,True,True,True,True,True,
219732404_13,219732404,13,2628.71,8728.3,1,20.7944,1,False,True,21.9999,114.3,-12.9257,flare_decay,False,True,True,True,True,True,1.31648,0.934342,,,True,False,True,True,,True,
219732404_14,219732404,14,2620.64,2811.8,2,9.69423,1,False,True,9.92117,18.2526,-7.66441,flare_decay,False,True,True,True,True,True,0.963314,0.930281,,,True,False,True,True,,True,
219732404_15,219732404,15,2628.84,9570.93,4,49.127,1,True,True,47.7807,510.327,-7.01471,flare_decay,False,True,True,True,True,True,0.88528,0.993412,,,True,True,True,True,True,True,
219732404_16,219732404,16,2617.03,15066,1,35.8935,1,False,True,38.7842,368.151,5.91717,flare_decay,True,True,True,True,True,True,1.24861,0.939004,,,True,False,True,True,,True,
219732404_17,219732404,17,2625.83,1049.54,24,14.7981,1,True,True,11.5896,-13.8216,-8.26862,step,False,True,True,True,True,True,0.631126,1.10522,,,False,True,True,True,,True,
219732404_18,219732404,18,2610.64,388.392,24,5.47617,0,True,,,,,,,,,,,,,,,,,,,,,,
219732404_19,219732404,19,2630.44,465.392,16,5.45003,0,True,,,,,,,,,,,,,,,,,,,,,,
219819967_0,219819967,0,2611.42,8789.31,8,32.7431,1,True,True,33.8752,132.945,-1.82853,flare_decay,True,True,True,True,True,True,0.707183,1.01539,,,True,True,True,True,,True,
219819967_1,219819967,1,2613.36,1122.69,16,5.75983,0,True,,,,,,,,,,,,,,,,,,,,,,
219819967_2,219819967,2,2629.38,35601.8,2,57.7448,1,False,True,56.4217,877.2,18.8981,flare_decay,True,True,True,True,True,True,0.931239,0.975657,,,True,False,True,True,,True,
219819967_3,219819967,3,2615.48,2094.2,16,10.7441,0,True,,,,,,,,,,,,,,,,,,,,,,
219819967_4,219819967,4,2612.18,12173.1,2,19.7443,1,False,True,19.8916,68.6682,8.04631,flare_decay,True,True,True,True,True,True,1.28511,0.980904,,,True,False,True,True,,True,
219819967_5,219819967,5,2634.07,540.266,24,4.47187,0,True,,,,,,,,,,,,,,,,,,,,,,
219819967_6,219819967,6,2612.54,629.08,16,3.22743,0,True,,,,,,,,,,,,,,,,,,,,,,
219819967_7,219819967,7,2619.89,6835.79,8,25.4656,1,True,True,23.7063,78.01,-13.1336,flare_decay,False,True,True,True,True,True,0.719808,0.927531,,,True,True,True,True,,True,
219819967_8,219819967,8,2630.34,12542,2,20.3426,1,False,True,20.4096,67.767,-4.01303,flare_decay,True,True,True,True,True,True,1.04412,0.869908,,,True,False,True,True,,True,
219819967_9,219819967,9,2626.65,5210.1,8,19.4094,1,True,True,20.661,57.7119,0.350876,flare_decay,True,True,True,True,True,True,0.938247,1.0069,,,True,True,True,True,,True,
219819967_10,219819967,10,2620.97,4699.07,4,11.6786,1,False,True,11.9406,25.7271,-6.48581,step,False,True,True,True,True,True,0.836791,0.78638,,,True,False,True,True,,True,
219819967_11,219819967,11,2613.01,2930.15,16,15.0328,1,True,True,14.4028,22.6669,-2.73944,flare_decay,True,True,True,True,True,True,0.576715,0.659797,,,True,True,True,True,,True,
219819967_12,219819967,12,2630.32,6590.65,4,16.3797,1,False,True,16.4835,36.3037,-1.78392,flare_decay,True,True,True,True,True,True,1.84834,0.8841,,,True,False,True,True,,True,
219819967_13,219819967,13,2627.89,6811.68,16,34.9466,1,True,True,35.6967,153.194,3.14366,flare_decay,True,True,True,True,True,True,0.689815,0.940123,,,True,True,True,True,,True,
219819967_14,219819967,14,2617.39,1730.28,4,4.30028,0,False,,,,,,,,,,,,,,,,,,,,,,
219819967_15,219819967,15,2630.41,15732.7,2,25.5178,1,False,True,25.0424,120.657,10.0332,flare_decay,True,True,True,True,True,True,1.2391,0.941066,,,True,False,True,True,,True,
219819967_16,219819967,16,2628.71,4169.05,16,21.3889,1,True,True,24.4618,82.9584,-11.3504,flare_decay,False,True,True,True,True,True,0.771891,1.03718,,,True,True,True,True,,True,
219819967_17,219819967,17,2615.93,2587.28,4,6.43017,0,False,,,,,,,,,,,,,,,,,,,,,,
219819967_18,219819967,18,2625.63,13693.3,8,51.0121,1,True,True,44.3981,131.809,8.9759,step,True,False,True,True,True,True,0.659832,0.836391,,,True,True,True,True,,True,
219819967_19,219819967,19,2625.73,3305.98,24,27.3641,1,True,True,14.7342,-10.5351,-17.9996,step,False,False,True,True,True,True,0.840952,0.691315,,,False,True,True,True,,True,
202293411_0,202293411,0,2629.23,8421.55,4,19.621,1,True,True,19.429,105.007,3.6563,flare_decay,True,True,True,True,True,True,1.09876,0.982902,,,True,True,True,True,True,True,
202293411_1,202293411,1,2614.54,24505.3,2,38.428,1,False,True,37.6865,188.878,21.4296,flare_decay,True,True,True,True,True,True,0.833174,0.989514,,,True,False,True,True,,True,
202293411_2,202293411,2,2627.32,2320.86,8,7.33435,1,True,True,9.15975,2.51858,-8.51165,flare_decay,False,True,True,True,True,True,0.8907,0.846322,,,False,True,True,True,,True,
202293411_3,202293411,3,2630.37,13694.1,4,31.9054,1,True,True,30.9032,222.316,13.7366,flare_decay,True,True,True,True,True,True,0.946546,0.926158,,,True,True,True,True,,True,
202293411_4,202293411,4,2632.2,2305.11,8,7.28457,0,True,,,,,,,,,,,,,,,,,,,,,,
202293411_5,202293411,5,2620.92,2118.25,16,11.2312,0,True,,,,,,,,,,,,,,,,,,,,,,
202293411_6,202293411,6,2615.59,25703.9,4,59.8865,1,True,True,60.2633,600.812,47.6922,flare_decay,True,True,True,True,True,True,1.0101,0.927718,0.0358967,0,True,True,True,True,True,True,True
202293411_7,202293411,7,2627.33,2580.18,2,4.04611,0,False,,,,,,,,,,,,,,,,,,,,,,
202293411_8,202293411,8,2632.48,22381.1,1,25.7262,1,False,True,24.0798,139.928,-30.2851,flare_decay,False,True,True,True,True,True,1.13386,0.993436,,,True,False,True,True,,True,
202293411_9,202293411,9,2618.63,562.984,24,4.19812,0,True,,,,,,,,,,,,,,,,,,,,,,
202293411_10,202293411,10,2635.81,6037.03,8,19.0781,1,True,True,15.3679,2.21383,-5.0606,flare_decay,False,False,False,True,True,False,,,,,False,True,False,False,,True,
202293411_11,202293411,11,2616.57,5905.73,4,13.7595,1,True,True,13.3254,35.785,-6.13727,flare_decay,False,True,True,True,True,True,0.904469,1.02341,,,True,True,True,True,True,True,
202293411_12,202293411,12,2613.98,10835,2,16.991,1,False,True,17.0135,33.0288,-13.7189,flare_decay,False,True,True,True,True,True,1.0793,0.979357,,,True,False,True,True,,True,
202293411_13,202293411,13,2610.56,8857.13,4,20.6359,1,True,True,14.7584,40.9443,-6.61509,flare_decay,False,True,True,True,True,True,1.28074,0.992223,,,True,True,True,True,,True,
202293411_14,202293411,14,2628.4,8560.25,4,19.9442,1,True,True,18.3275,89.0315,-8.0095,flare_decay,False,True,True,True,True,True,0.921443,0.921743,,,True,True,True,True,True,True,
202293411_15,202293411,15,2627.98,7947.23,2,12.4625,1,False,True,11.5981,7.42865,-5.92774,flare_decay,False,True,True,True,True,True,0.801957,1.01274,,,False,False,True,True,,True,
202293411_16,202293411,16,2635.77,28876.6,1,33.1925,1,False,True,32.1618,140.096,-1.05791,flare_decay,True,True,True,True,True,True,0.893159,0.972087,,,True,False,True,True,,True,
202293411_17,202293411,17,2614.44,23905.8,1,27.4788,1,False,True,28.4697,144.894,6.63318,flare_decay,True,True,True,True,True,True,0.862055,0.961914,,,True,False,True,True,,True,
202293411_18,202293411,18,2614.88,8180.14,4,19.0586,1,True,True,15.6124,24.6007,-1.5774,flare_decay,True,True,True,True,True,True,0.691107,0.766017,,,True,True,True,True,,True,
202293411_19,202293411,19,2620.54,26428.2,2,41.4434,1,False,True,41.8723,299.189,8.34302,flare_decay,True,True,True,True,True,True,0.829087,0.957863,,,True,False,True,True,,True,
202351450_0,202351450,0,2616.47,3066.84,16,25.7627,1,True,True,25.7207,96.4119,-0.913127,step,True,True,True,True,True,True,0.637879,0.879993,,,True,True,True,True,,True,
202351450_1,202351450,1,2620.33,2836.49,16,23.8277,1,True,True,23.7673,99.2172,7.5618,flare_decay,True,True,True,True,True,True,0.499441,0.776898,,,True,True,True,True,True,True,
202351450_2,202351450,2,2612.34,1894.25,2,4.75651,0,False,,,,,,,,,,,,,,,,,,,,,,
202351450_3,202351450,3,2611.84,11344.9,4,44.6127,1,True,True,44.5876,255.885,10.7789,flare_decay,True,True,True,True,True,True,0.833882,0.92964,,,True,True,True,True,,True,
202351450_4,202351450,4,2628.21,1230.51,4,4.83886,0,True,,,,,,,,,,,,,,,,,,,,,,
202351450_5,202351450,5,2632.41,8380.59,4,32.9557,1,True,True,30.4621,137.303,4.89902,flare_decay,True,True,True,True,True,True,1.3572,0.900162,0.00221451,0,True,True,True,True,,True,True
202351450_6,202351450,6,2618.39,13314.3,1,23.3838,1,False,True,23.5512,75.4974,0.765929,flare_decay,True,True,True,True,True,True,1.09505,0.84227,,,True,False,True,True,,True,
202351450_7,202351450,7,2610.44,276.814,24,3.13221,0,True,,,,,,,,,,,,,,,,,,,,,,
202351450_8,202351450,8,2625.97,1928.9,4,7.58519,1,True,True,7.9357,-0.95542,-5.47725,step,False,True,True,True,True,True,0.706229,1.14573,,,False,True,True,True,,True,
202351450_9,202351450,9,2610.39,489.763,24,5.54178,0,True,,,,,,,,,,,,,,,,,,,,,,
202351450_10,202351450,10,2635.84,4126.94,1,7.24809,0,False,,,,,,,,,,,,,,,,,,,,,,
202351450_11,202351450,11,2610.59,3970.58,8,23.6115,1,True,True,20.3602,58.1439,-3.16626,step,True,False,True,True,True,True,0.91958,0.919027,,,True,True,True,True,True,True,
202351450_12,202351450,12,2613.47,13990.9,2,35.1315,1,False,True,33.315,150.88,-14.2314,flare_decay,False,True,True,True,True,True,0.814506,0.879014,,,True,False,True,True,,True,
202351450_13,202351450,13,2626.24,2690.84,1,4.72589,0,False,,,,,,,,,,,,,,,,,,,,,,
202351450_14,202351450,14,2613.26,7273.49,8,43.2525,1,True,True,40.2853,189.064,11.1982,flare_decay,True,True,True,True,True,True,0.708248,0.815962,,,True,True,True,True,,True,
202351450_15,202351450,15,2611.69,1284.91,16,10.7938,1,True,True,11.6596,10.8577,-5.46918,flare_decay,True,True,True,True,True,True,0.842161,1.2521,,,True,True,True,True,True,True,
202351450_16,202351450,16,2632.22,4874.55,16,40.9483,1,True,True,39.0683,112.871,2.51272,flare_decay,True,True,True,True,True,True,0.689719,0.882294,,,True,True,True,True,,True,
202351450_17,202351450,17,2633.28,4058.57,24,45.9236,1,True,True,37.1938,242.211,14.8466,flare_decay,True,True,True,True,True,True,0.705615,0.876755,,,True,True,True,True,,True,
202351450_18,202351450,18,2615.63,4283.55,8,25.4725,1,True,True,24.2324,110.81,-6.57684,flare_decay,False,True,True,True,True,True,0.655194,0.835838,,,True,True,True,True,True,True,
202351450_19,202351450,19,2614.53,572.075,8,3.4019,0,True,,,,,,,,,,,,,,,,,,,,,,
219100883_0,219100883,0,2635.33,8967.14,4,54.8447,1,True,True,55.4775,451.466,33.4426,flare_decay,True,True,True,True,True,True,0.765349,0.928095,,,True,True,True,True,,True,
219100883_1,219100883,1,2628.92,1156.93,16,16.208,1,True,True,14.726,14.0094,4.58141,flare_decay,True,True,True,True,True,True,0.717743,1.10625,,,True,True,True,True,,True,
219100883_2,219100883,2,2621.43,3294.41,2,14.6674,1,False,True,15.5091,46.1012,-0.799551,flare_decay,True,True,True,True,True,True,0.950549,1.011,,,True,False,True,True,,True,
219100883_3,219100883,3,2621.45,449.865,8,4.08697,0,True,,,,,,,,,,,,,,,,,,,,,,
219100883_4,219100883,4,2611.47,1107.58,4,6.77413,0,True,,,,,,,,,,,,,,,,,,,,,,
219100883_5,219100883,5,2629.48,518.951,16,7.27023,0,True,,,,,,,,,,,,,,,,,,,,,,
219100883_6,219100883,6,2628.52,2393.78,2,10.6577,1,False,True,10.1731,18.0732,-6.74967,flare_decay,False,True,True,True,True,True,0.554582,0.953196,,,True,False,True,True,,True,
219100883_7,219100883,7,2631.33,11379.4,2,50.6635,1,False,True,49.0856,309.588,-1.50343,flare_decay,True,True,True,True,True,True,0.754225,0.897865,,,True,False,True,True,,True,
219100883_8,219100883,8,2627.34,529.072,8,4.80656,0,True,,,,,,,,,,,,,,,,,,,,,,
219100883_9,219100883,9,2611.16,3667.64,8,33.3201,1,True,True,14.6113,-7.43257,28.7332,step,False,False,True,True,True,True,1.57578,0.947331,,,False,True,True,True,,True,
219100883_10,219100883,10,2627.49,968.927,16,13.5742,1,True,True,13.102,-0.067539,-6.93165,step,False,True,True,True,True,True,0.914948,1.13546,,,False,True,True,True,,True,
219100883_11,219100883,11,2612.78,1423.01,8,12.9279,1,True,True,12.5694,25.3769,-8.19967,step,False,True,True,True,True,True,1.02111,1.08329,,,True,True,True,True,,True,
219100883_12,219100883,12,2621.03,8681.07,4,53.095,1,True,True,52.3159,535.174,14.2042,flare_decay,True,True,True,True,True,True,0.874415,0.908862,,,True,True,True,True,True,True,
219100883_13,219100883,13,2612.43,4642.33,2,20.6687,1,False,True,19.6953,122.853,1.04229,flare_decay,True,True,True,True,True,True,1.0024,0.958146,,,True,False,True,True,,True,
219100883_14,219100883,14,2616.86,2047.31,8,18.5995,1,True,True,16.1826,37.6106,13.0511,flare_decay,True,True,True,True,True,True,0.856581,1.05711,,,True,True,True,True,,True,
219100883_15,219100883,15,2620.44,1036.83,2,4.6162,0,False,,,,,,,,,,,,,,,,,,,,,,
219100883_16,219100883,16,2627.22,1863.49,24,29.41,1,True,True,27.0326,93.7955,0.985516,flare_decay,True,True,True,True,True,True,0.747996,0.986098,,,True,True,True,True,,True,
219100883_17,219100883,17,2634.7,6234.2,1,19.4131,1,False,True,17.3142,32.5896,2.18853,flare_decay,True,True,True,True,True,True,0.88901,1.04396,,,True,False,True,True,,True,
219100883_18,219100883,18,2614.4,1787.81,24,28.2155,1,True,True,26.0817,125.289,-5.99986,flare_decay,True,True,True,True,True,True,1.67776,2.23119,,,True,True,True,True,,True,
219100883_19,219100883,19,2619.79,2131.5,24,33.6397,1,True,True,27.1088,179.171,11.675,flare_decay,True,True,True,True,True,True,0.698869,0.759649,,,True,True,True,True,,True,
219101316_0,219101316,0,2617.43,3622.88,24,20.4253,1,True,True,18.6032,78.5064,-1.35404,flare_decay,True,True,True,True,True,True,1.07755,0.882412,,,True,True,True,True,,True,
219101316_1,219101316,1,2619.3,2574.09,8,8.61187,1,True,True,8.58537,5.13872,-7.88714,flare_decay,False,True,True,True,True,True,1.31741,1.19691,,,False,True,True,True,,True,
219101316_2,219101316,2,2611.21,30700.4,2,56.5543,0,False,,,,,,,,,,,,,,,,,,,,,,
219101316_3,219101316,3,2614.01,2190.4,16,10.3036,1,True,True,11.4227,12.7093,-0.816536,flare_decay,True,True,True,True,True,True,0.551407,0.615471,,,True,True,True,True,True,True,
219101316_4,219101316,4,2621.14,13565.8,4,34.3913,1,True,True,33.6189,202.584,12.7352,flare_decay,True,True,True,True,True,True,0.894906,0.917582,,,True,True,True,True,,True,
219101316_5,219101316,5,2616.35,1528.95,16,7.19212,0,True,,,,,,,,,,,,,,,,,,,,,,
219101316_6,219101316,6,2632.98,13199.1,4,33.4618,1,True,True,31.1676,181.18,3.07636,flare_decay,True,True,True,True,True,True,0.902447,0.935106,,,True,True,True,True,,True,
219101316_7,219101316,7,2630.61,5722.56,16,26.9187,1,True,True,26.8675,161.132,17.6639,flare_decay,True,True,True,True,False,True,0.902198,0.872167,,,True,True,True,False,,True,
219101316_8,219101316,8,2619.52,3972.17,16,18.6849,1,True,True,17.3094,84.9475,-4.82251,flare_decay,True,True,True,True,False,True,0.970116,0.850009,,,True,True,True,False,,True,
219101316_9,219101316,9,2629.66,15002,1,19.3814,1,False,True,20.2272,67.0926,-9.01585,flare_decay,False,True,True,True,True,True,0.987468,0.809349,,,True,False,True,True,,True,
219101316_10,219101316,10,2634.92,5572.97,8,18.6449,1,True,True,18.0228,62.5298,-2.56528,flare_decay,True,True,True,True,False,True,0.719554,0.779772,,,True,True,True,False,,True,
219101316_11,219101316,11,2628.05,2021.13,24,11.3949,0,True,,,,,,,,,,,,,,,,,,,,,,
219101316_12,219101316,12,2626.74,4582.95,1,5.92082,0,False,,,,,,,,,,,,,,,,,,,,,,
219101316_13,219101316,13,2633.66,7924.7,4,20.0904,1,True,True,20.853,72.9429,3.92129,flare_decay,True,True,True,True,True,True,0.792302,0.772932,,,True,True,True,True,,True,
219101316_14,219101316,14,2627.73,2176.6,24,12.2714,1,True,True,11.9417,0.216306,-7.70604,flare_decay,False,True,True,True,True,True,1.36305,1.18534,,,False,True,True,True,,True,
219101316_15,219101316,15,2626.68,2167.43,2,3.99269,0,False,,,,,,,,,,,,,,,,,,,,,,
219101316_16,219101316,16,2630.89,946.113,8,3.16532,0,True,,,,,,,,,,,,,,,,,,,,,,
219101316_17,219101316,17,2629,9255.76,16,43.5387,1,True,True,40.2761,407.851,18.8293,flare_decay,True,True,True,True,True,True,0.903152,0.886372,,,True,True,True,True,,True,
219101316_18,219101316,18,2617.25,29375.1,2,54.1129,1,False,True,52.485,531.306,73.1997,flare_decay,True,True,True,True,True,True,1.40536,0.873364,,,True,False,True,True,,True,
219101316_19,219101316,19,2626.37,6731.37,1,8.69641,1,False,True,9.99877,15.1871,-0.603332,flare_decay,True,True,True,True,True,True,1.03389,0.834502,,,True,False,True,True,,True,
198514067_0,198514067,0,2635.67,8457.41,2,14.3626,1,False,True,14.397,31.2275,-0.641467,flare_decay,True,True,True,True,True,True,1.03511,0.987201,,,True,False,True,True,,True,
198514067_1,198514067,1,2632.14,2897.69,1,3.59669,0,False,,,,,,,,,,,,,,,,,,,,,,
198514067_2,198514067,2,2619.38,5632.1,8,18.2477,1,True,True,18.6314,67.488,0.384477,flare_decay,True,True,True,True,True,True,1.11635,0.930564,,,True,True,True,True,,True,
198514067_3,198514067,3,2618.09,1138.98,8,3.69024,0,True,,,,,,,,,,,,,,,,,,,,,,
198514067_4,198514067,4,2631.25,1946.42,2,3.30546,0,False,,,,,,,,,,,,,,,,,,,,,,
198514067_5,198514067,5,2627.34,13661,4,31.041,1,True,True,31.5024,203.832,-3.25307,flare_decay,True,True,True,True,True,True,0.920325,0.942103,,,True,True,True,True,,True,
198514067_6,198514067,6,2621.05,39149.6,1,48.5935,1,False,True,50.2204,468.031,-37.546,flare_decay,False,True,True,True,True,True,0.877073,0.956879,,,True,False,True,True,,True,
198514067_7,198514067,7,2620.98,2330.91,16,15.3301,1,True,True,13.7354,10.6577,-2.21385,flare_decay,True,True,True,True,True,True,0.672893,0.96054,0.00120696,9.80177e-11,True,True,True,True,,True,True
198514067_8,198514067,8,2612.47,4614.3,8,14.9501,1,True,True,14.7339,40.5648,-5.08995,flare_decay,True,True,True,True,True,True,0.910349,0.973459,0.48978,0,True,True,True,True,True,True,True
198514067_9,198514067,9,2613.6,1836.48,8,5.95009,0,True,,,,,,,,,,,,,,,,,,,,,,
198514067_10,198514067,10,2616.66,2910.64,1,3.61277,0,False,,,,,,,,,,,,,,,,,,,,,,
198514067_11,198514067,11,2611.01,2257.7,16,14.8486,0,True,,,,,,,,,,,,,,,,,,,,,,
198514067_12,198514067,12,2634.49,7217.18,1,8.95816,1,False,True,9.98425,34.882,0.083189,flare_decay,True,True,True,True,True,True,0.989723,1.03861,,,True,False,True,True,,True,
198514067_13,198514067,13,2613.23,29236.1,1,36.2886,1,False,True,35.8499,121.305,-0.885019,flare_decay,True,True,True,True,True,True,1.12289,0.97563,,,True,False,True,True,,True,
198514067_14,198514067,14,2620.23,9323.64,2,15.8336,1,False,True,14.5752,36.9719,-3.79896,flare_decay,True,True,True,True,True,True,0.915691,0.881796,,,True,False,True,True,,True,
198514067_15,198514067,15,2614.62,6527.62,1,8.10226,0,False,,,,,,,,,,,,,,,,,,,,,,
198514067_16,198514067,16,2615.14,1748.89,24,13.5385,1,True,True,10.5134,-8.94136,-5.69237,flare_decay,False,True,False,True,True,False,0.168438,0.257592,,,False,True,True,False,,True,
198514067_17,198514067,17,2619.25,13127.1,2,22.2928,1,False,True,21.9764,73.9163,-4.01868,flare_decay,True,True,True,True,True,True,1.07403,0.977535,,,True,False,True,True,,True,
198514067_18,198514067,18,2628.61,2237.08,2,3.79906,0,False,,,,,,,,,,,,,,,,,,,,,,
198514067_19,198514067,19,2627.17,4180.46,16,27.4943,1,True,True,23.6189,84.6347,-0.0095711,flare_decay,True,True,True,True,True,True,0.831102,0.933045,,,True,True,True,True,,True,
198538099_0,198538099,0,2621.14,509.088,2,5.97897,1,True,True,7.73837,20.2897,-5.11144,flare_decay,True,True,True,True,True,True,1.05347,2.16195,0.512366,0,True,True,True,True,,True,False
198538099_1,198538099,1,2614.37,1156.82,4,15.9805,1,True,True,19.5899,75.4483,-1.94544,flare_decay,True,True,False,True,True,False,0.19484,1.2736,,,True,True,True,False,,True,
198538099_2,198538099,2,2635.78,1480.27,2,17.385,1,True,True,18.2316,221.209,25.1266,flare_decay,True,True,True,True,True,True,0.404307,1.09232,,,True,True,True,True,,True,
198538099_3,198538099,3,2614.88,257.551,4,3.55787,0,True,,,,,,,,,,,,,,,,,,,,,,
198538099_4,198538099,4,2617.05,864.37,1,8.67202,1,True,True,9.57779,34.8499,-6.08274,flare_decay,False,True,True,True,True,True,0.9068,1.27926,0.99992,0,True,True,True,True,,True,False
198538099_5,198538099,5,2610.52,1194.16,2,14.0248,0,True,,,,,,,,,,,,,,,,,,,,,,
198538099_6,198538099,6,2619.31,1603.05,8,25.5579,1,True,True,23.9593,292.208,16.096,flare_decay,True,True,True,True,True,True,0.887629,1.02614,,,True,True,True,True,,True,
198538099_7,198538099,7,2627.47,4260.01,2,50.0316,1,True,True,51.2367,1382.96,-37.1316,flare_decay,False,True,True,True,True,True,0.731293,0.963315,,,True,True,True,True,,True,
198538099_8,198538099,8,2627.71,262.223,16,4.74836,0,True,,,,,,,,,,,,,,,,,,,,,,
198538099_9,198538099,9,2615.16,785.489,4,10.8509,1,True,True,13.3292,86.5133,14.1965,flare_decay,True,True,True,True,True,True,0.520723,0.785276,,,True,True,True,True,,True,
198538099_10,198538099,10,2615.9,1419.42,4,19.6082,1,True,True,19.2811,277.084,25.7401,flare_decay,True,True,True,True,True,True,1.50646,0.948046,,,True,True,True,True,,True,
198538099_11,198538099,11,2626.42,2003.8,4,27.6809,1,True,True,28.52,443.952,6.24554,flare_decay,True,True,True,True,True,True,0.947597,1.00053,,,True,True,True,True,,True,
198538099_12,198538099,12,2618.09,3043.29,2,35.7418,1,True,True,38.0156,345.284,8.46319,flare_decay,True,True,True,True,True,True,0.852145,0.93931,,,True,True,True,True,True,True,
198538099_13,198538099,13,2625.5,189.858,24,3.97639,0,True,,,,,,,,,,,,,,,,,,,,,,
198538099_14,198538099,14,2626.8,1606.87,8,25.6188,1,True,True,25.0699,468.41,20.0417,flare_decay,True,True,True,True,True,True,1.43654,0.953554,,,True,True,True,True,True,True,
198538099_15,198538099,15,2628.73,1151.98,2,13.5294,1,True,True,14.876,97.5121,2.96911,flare_decay,True,True,True,True,True,True,1.53157,1.25676,,,True,True,True,True,True,True,
198538099_16,198538099,16,2617.65,3552.91,2,41.727,1,True,True,44.5514,503.411,0.765991,flare_decay,True,True,True,True,True,True,0.818894,0.963697,0.143261,0,True,True,True,True,,True,True
198538099_17,198538099,17,2618.14,361.551,16,6.54699,1,True,True,10.16,74.8171,0.691973,flare_decay,True,True,True,True,True,True,0.834431,0.634236,9.27267e-08,0,True,True,True,True,,True,True
198538099_18,198538099,18,2634.95,751.447,4,10.3807,1,True,True,10.2698,38.6965,-5.87271,flare_decay,True,True,True,True,True,True,0.970865,0.976988,,,True,True,True,True,,True,
198538099_19,198538099,19,2615.73,4226.75,1,42.406,1,True,True,42.277,666.179,-14.4418,flare_decay,False,True,True,True,True,True,1.16209,0.943629,,,True,True,True,True,,True,
198553063_0,198553063,0,2618.44,15429.1,4,34.0582,1,True,True,33.8511,237.968,20.0175,flare_decay,True,True,True,True,True,True,1.02517,0.957714,,,True,True,True,True,,True,
198553063_1,198553063,1,2612.94,11425.2,2,18.7703,1,False,True,18.6637,104.779,-8.06298,flare_decay,False,True,True,True,True,True,1.00517,0.949975,,,True,False,True,True,,True,
198553063_2,198553063,2,2612.13,1153.51,16,4.72098,0,True,,,,,,,,,,,,,,,,,,,,,,
198553063_3,198553063,3,2631.75,22155.1,1,27.4363,1,False,True,27.3791,60.8316,0.436115,flare_decay,True,True,True,True,True,True,0.883437,0.911227,,,True,False,True,True,,True,
198553063_4,198553063,4,2627.99,956.557,16,3.91491,0,True,,,,,,,,,,,,,,,,,,,,,,
198553063_5,198553063,5,2632.67,4042.08,1,5.00561,0,False,,,,,,,,,,,,,,,,,,,,,,
198553063_6,198553063,6,2614.37,7270.21,1,9.00324,1,False,True,8.66329,26.0787,-3.68118,flare_decay,True,True,True,True,True,True,1.13749,1.12562,,,True,False,True,True,,True,
198553063_7,198553063,7,2626.49,3221.07,4,7.11018,1,True,True,8.42238,2.50434,-4.33723,flare_decay,False,True,True,True,True,True,1.10293,0.885916,,,False,True,True,True,,True,
198553063_8,198553063,8,2620.8,3187.51,2,5.23672,0,False,,,,,,,,,,,,,,,,,,,,,,
198553063_9,198553063,9,2618.65,3267.49,8,9.7935,1,True,True,9.52095,3.8802,-1.27787,step,False,True,True,True,True,True,1.06186,0.877548,,,False,True,True,True,,True,
198553063_10,198553063,10,2630.27,9050.15,24,48.2538,1,True,True,37.1786,547.208,29.607,flare_decay,True,True,True,True,True,True,1.12781,0.848905,,,True,True,True,True,,True,
198553063_11,198553063,11,2631.15,8149.67,8,24.4267,1,True,True,23.3055,91.9589,-1.06989,flare_decay,True,True,True,True,True,True,0.992056,0.9158,,,True,True,True,True,,True,
198553063_12,198553063,12,2611.31,12690.7,1,15.7158,1,False,True,14.9591,25.3686,-6.08105,flare_decay,False,True,True,True,True,True,1.18331,1.02799,,,True,False,True,True,,True,
198553063_13,198553063,13,2615.8,18191.9,4,40.1567,1,True,True,38.4991,318.795,26.2218,flare_decay,True,True,True,True,True,True,1.13876,0.961064,,,True,True,True,True,True,True,
198553063_14,198553063,14,2620.34,7346.09,2,12.0688,1,False,True,10.6966,30.9334,-2.65185,flare_decay,True,True,True,True,True,True,0.938693,0.968399,,,True,False,True,True,,True,
198553063_15,198553063,15,2617.1,4861.15,8,14.5701,1,True,True,14.357,44.5723,-2.80616,flare_decay,True,True,True,True,True,True,0.860824,0.915304,,,True,True,True,True,,True,
198553063_16,198553063,16,2629.32,3648.36,8,10.9351,1,True,True,11.5228,18.941,-4.50994,flare_decay,True,True,True,True,True,True,1.03324,0.98237,,,True,True,True,True,,True,
198553063_17,198553063,17,2618.16,3146.97,8,9.43229,1,True,True,11.3713,16.0554,1.32562,flare_decay,True,True,True,True,True,True,1.08917,0.871867,0.0509775,2.35636e-07,True,True,True,True,,True,True
198553063_18,198553063,18,2629.04,2937.79,1,3.63808,0,False,,,,,,,,,,,,,,,,,,,,,,
198553063_19,198553063,19,2617.25,1031.3,24,5.49871,0,True,,,,,,,,,,,,,,,,,,,,,,
199681845_0,199681845,0,2629.14,22608,2,38.9958,1,False,True,36.9975,146.003,17.1973,flare_decay,True,True,True,True,True,True,1.18099,0.910112,,,True,False,True,True,,True,
199681845_1,199681845,1,2618.89,1102.45,24,6.95524,0,True,,,,,,,,,,,,,,,,,,,,,,
199681845_2,199681845,2,2613.09,2189.19,16,10.6185,1,True,True,9.71824,4.62061,-7.47354,step,False,True,True,True,True,True,0.757841,0.750123,,,False,True,True,True,,True,
199681845_3,199681845,3,2613.12,2532.52,16,12.2838,1,True,True,11.5451,11.0893,-5.06698,flare_decay,True,True,True,True,True,True,0.7221,0.753907,0.00251717,1.64146e-09,True,True,True,True,,True,True
199681845_4,199681845,4,2613.2,5211.71,1,6.06433,0,False,,,,,,,,,,,,,,,,,,,,,,
199681845_5,199681845,5,2612.65,12227.9,8,40.2598,1,True,True,37.6886,319.411,10.985,flare_decay,True,True,True,True,True,True,1.04423,0.975511,,,True,True,True,True,,True,
199681845_6,199681845,6,2610.64,954.031,16,4.62746,0,True,,,,,,,,,,,,,,,,,,,,,,
199681845_7,199681845,7,2632.43,1849.19,8,6.08837,1,True,True,7.45148,4.61213,-6.99052,flare_decay,False,True,True,True,True,True,0.638129,0.67055,,,False,True,True,True,,True,
199681845_8,199681845,8,2620.19,6270.88,1,7.29679,1,False,True,7.61127,12.8838,-3.58614,flare_decay,True,True,True,True,True,True,1.24415,1.09468,,,True,False,True,True,,True,
199681845_9,199681845,9,2632.53,8506.65,2,14.6728,1,False,True,15.7751,35.5828,-1.51793,flare_decay,True,True,True,True,True,True,0.920358,0.893488,,,True,False,True,True,,True,
199681845_10,199681845,10,2633.02,44965.9,1,52.3223,1,False,True,53.5245,431.845,58.8481,flare_decay,True,True,True,True,True,True,0.958716,0.91158,,,True,False,True,True,,True,
199681845_11,199681845,11,2618.25,12147.3,16,58.9197,1,True,True,57.335,606.772,28.7014,flare_decay,True,True,True,True,True,True,1.05343,0.957552,,,True,True,True,True,,True,
199681845_12,199681845,12,2613.56,4054.67,1,4.71801,0,False,,,,,,,,,,,,,,,,,,,,,,
199681845_13,199681845,13,2631.26,797.705,16,3.86921,0,True,,,,,,,,,,,,,,,,,,,,,,
199681845_14,199681845,14,2633.41,1408.47,16,6.83168,1,True,True,8.19311,-1.25717,-6.95258,step,False,True,True,True,True,True,0.775726,0.971633,,,False,True,True,True,,True,
199681845_15,199681845,15,2626.72,14865.8,1,17.2978,1,False,True,16.5973,11.6851,-0.522747,flare_decay,True,True,True,True,True,True,1.18636,0.847971,,,True,False,True,True,,True,
199681845_16,199681845,16,2627.17,18971.5,1,22.0752,1,False,True,19.824,147.513,-14.2257,flare_decay,False,True,True,True,True,True,1.13387,0.936468,,,True,False,True,True,,True,
199681845_17,199681845,17,2628.05,8698.48,1,10.1215,1,False,True,11.9845,11.1704,-3.3195,flare_decay,True,True,True,True,True,True,1.01551,0.870764,,,True,False,True,True,,True,
199681845_18,199681845,18,2620.13,50000,1,58.1799,1,False,True,55.3336,408.277,-23.3802,flare_decay,False,True,True,True,True,True,0.892927,0.918124,,,True,False,True,True,,True,
199681845_19,199681845,19,2633.31,8960.98,1,10.427,1,False,True,11.0952,3.61579,-7.43351,flare_decay,False,True,True,True,True,True,1.12324,0.974201,,,False,False,True,True,,True,
160269874_0,160269874,0,2626.98,10024.7,2,22.9165,1,False,True,24.8521,149.786,-4.73672,flare_decay,True,True,True,True,True,True,0.73373,0.970282,,,True,False,True,True,,True,
160269874_1,160269874,1,2620.21,7799.22,16,43.4108,1,True,True,43.2487,432.85,44.355,flare_decay,True,True,True,True,True,True,0.955547,0.999008,,,True,True,True,True,True,True,
160269874_2,160269874,2,2612.88,1668.26,8,7.80542,1,True,True,8.75218,-4.83342,-8.12569,flare_decay,False,True,True,True,True,True,0.846666,0.813398,,,False,True,True,True,,True,
160269874_3,160269874,3,2627.14,3538.78,2,8.08964,1,False,True,7.95809,-5.76479,-6.2792,flare_decay,False,True,True,True,True,True,0.73781,0.908336,,,False,False,True,True,,True,
160269874_4,160269874,4,2611.62,1381.7,24,9.69917,0,True,,,,,,,,,,,,,,,,,,,,,,
160269874_5,160269874,5,2626.76,4300.89,16,23.9389,1,True,True,18.3997,8.09027,13.2888,step,False,False,True,True,True,True,1.39847,1.11799,,,False,True,True,True,,True,
160269874_6,160269874,6,2629.93,1107.72,16,6.16563,0,True,,,,,,,,,,,,,,,,,,,,,,
160269874_7,160269874,7,2616.7,693.701,8,3.24568,0,True,,,,,,,,,,,,,,,,,,,,,,
160269874_8,160269874,8,2618.48,27961.1,1,44.5684,1,False,True,44.2788,318.314,25.5811,flare_decay,True,True,True,True,True,True,0.986027,1.00792,,,True,False,True,True,,True,
160269874_9,160269874,9,2633.89,9660.18,4,32.6309,1,True,True,32.5471,239.069,-4.40852,flare_decay,True,True,True,True,True,True,0.933623,1.01186,,,True,True,True,True,,True,
160269874_10,160269874,10,2611.75,3637.07,8,17.0171,1,True,True,13.7265,22.5291,-9.15709,flare_decay,False,True,True,True,True,True,1.2602,1.12301,,,True,True,True,True,,True,
160269874_11,160269874,11,2630.08,21253.6,2,48.5858,1,False,True,46.5779,425.924,25.8269,flare_decay,True,True,True,True,True,True,0.956695,1.01923,,,True,False,True,True,,True,
160269874_12,160269874,12,2612.58,563.466,24,3.95539,0,True,,,,,,,,,,,,,,,,,,,,,,
160269874_13,160269874,13,2630.07,1317.05,24,9.24539,0,True,,,,,,,,,,,,,,,,,,,,,,
160269874_14,160269874,14,2633.03,1527.26,4,5.15889,0,True,,,,,,,,,,,,,,,,,,,,,,
160269874_15,160269874,15,2615.31,1474.35,4,4.98019,0,True,,,,,,,,,,,,,,,,,,,,,,
160269874_16,160269874,16,2614.79,5032.67,4,16.9997,1,True,True,11.6232,24.8119,-2.95674,flare_decay,True,True,True,True,True,True,0.824552,1.07874,,,True,True,True,True,,True,
160269874_17,160269874,17,2631.46,5996.57,8,28.0566,1,True,True,29.1503,166.28,-3.13783,flare_decay,True,True,True,True,True,True,0.946848,0.991927,,,True,True,True,True,,True,
160269874_18,160269874,18,2616.97,2147.95,4,7.2555,0,True,,,,,,,,,,,,,,,,,,,,,,
160269874_19,160269874,19,2627.11,843.25,16,4.69357,0,True,,,,,,,,,,,,,,,,,,,,,,
160394710_0,160394710,0,2629.66,5459.51,16,41.2857,1,True,True,39.5233,931.947,45.8644,flare_decay,True,True,True,True,True,True,1.5707,0.913986,,,True,True,True,True,,True,
160394710_1,160394710,1,2626.7,1900.33,2,7.74933,1,False,True,7.60642,4.69318,-1.47754,flare_decay,False,True,True,True,True,True,1.29711,0.807413,,,False,False,True,True,,True,
160394710_2,160394710,2,2615.21,779.736,24,6.62709,0,True,,,,,,,,,,,,,,,,,,,,,,
160394710_3,160394710,3,2633.25,5608.84,2,22.8722,1,False,True,23.0884,174.826,20.1228,flare_decay,True,True,True,True,True,True,1.10533,0.863457,,,True,False,True,True,,True,
160394710_4,160394710,4,2615.62,3250.26,8,20.3655,1,True,True,20.4595,274.806,38.3492,flare_decay,True,True,True,True,True,True,1.09426,0.880573,,,True,True,True,True,,True,
160394710_5,160394710,5,2614.41,7118.77,1,21.4607,1,False,True,21.6273,134.085,13.2451,flare_decay,True,True,True,True,True,True,0.785731,0.851067,,,True,False,True,True,,True,
160394710_6,160394710,6,2615.87,8062.21,2,32.8767,1,False,True,35.1849,389.688,17.2231,flare_decay,True,True,True,True,True,True,0.865552,0.875787,,,True,False,True,True,,True,
160394710_7,160394710,7,2620.44,3569.89,8,22.3683,1,True,True,22.172,239.64,-18.03,flare_decay,False,True,True,True,True,True,1.17859,0.891174,,,True,True,True,True,True,True,
160394710_8,160394710,8,2610.67,429.976,24,3.65443,1,True,True,12.6849,-9.0448,-5.88627,step,False,False,False,True,True,False,0.183106,0.770393,,,False,True,False,False,,True,
160394710_9,160394710,9,2630.73,5694.34,24,48.397,1,True,True,43.4319,1771.84,159.038,flare_decay,True,True,True,True,True,True,2.1551,0.812504,,,True,True,True,True,,True,
160394710_10,160394710,10,2618.88,935.155,24,7.94801,0,True,,,,,,,,,,,,,,,,,,,,,,
160394710_11,160394710,11,2635.75,1436.8,8,9.00274,1,True,True,10.7235,-0.312927,4.53126,step,False,False,False,True,True,False,,,,,False,True,False,False,,True,
160394710_12,160394710,12,2635.74,584.373,24,4.96667,0,True,,,,,,,,,,,,,,,,,,,,,,
160394710_13,160394710,13,2629.05,5928.87,8,37.1492,1,True,True,36.5695,627.452,63.8815,flare_decay,True,True,True,True,True,True,1.54742,0.90273,,,True,True,True,True,,True,
160394710_14,160394710,14,2620.8,651.522,8,4.08231,0,True,,,,,,,,,,,,,,,,,,,,,,
160394710_15,160394710,15,2617.65,9164.36,4,46.754,1,False,True,47.0213,772.118,64.6929,flare_decay,True,True,True,True,True,True,1.67251,0.885735,,,True,False,True,True,,True,
160394710_16,160394710,16,2626.07,2799.29,8,17.5398,1,True,True,18.8786,113.708,-4.27572,flare_decay,True,True,True,True,True,True,1.15541,0.846895,,,True,True,True,True,True,True,
160394710_17,160394710,17,2634.46,13771,2,56.1564,1,False,True,55.5584,679.664,121.459,flare_decay,True,True,True,True,True,True,1.51664,0.914059,,,True,False,True,True,,True,
160394710_18,160394710,18,2629.1,977.706,2,3.98697,0,False,,,,,,,,,,,,,,,,,,,,,,
160394710_19,160394710,19,2633.46,2855.3,24,24.2676,1,True,True,19.6483,367.342,26.3286,flare_decay,True,True,True,True,True,True,2.18754,0.878506,,,True,True,True,True,,True,
165415054_0,165415054,0,2612.82,10015.1,24,40.6572,1,True,True,45.5035,951.849,44.5437,flare_decay,True,True,True,True,True,True,0.81871,0.739915,,,True,True,True,True,,True,
165415054_1,165415054,1,2629.12,2120.01,2,3.93621,0,False,,,,,,,,,,,,,,,,,,,,,,
165415054_2,165415054,2,2627.43,2950.49,24,11.9778,0,True,,,,,,,,,,,,,,,,,,,,,,
165415054_3,165415054,3,2611.45,23909.1,1,33.2073,1,False,True,36.2722,251.521,-10.3892,flare_decay,False,True,True,True,True,True,1.09639,0.889359,,,True,False,True,True,,True,
165415054_4,165415054,4,2627.09,5219.88,8,13.812,1,True,True,13.3456,60.134,-4.75527,flare_decay,True,True,True,True,True,True,1.42052,0.928688,,,True,True,True,True,,True,
165415054_5,165415054,5,2619.95,15241.2,1,21.1685,1,False,True,22.9619,91.464,-6.13214,flare_decay,False,True,True,True,True,True,1.48913,0.915234,,,True,False,True,True,,True,
165415054_6,165415054,6,2615.34,6840.15,16,21.9761,1,True,True,18.5774,346.117,5.18704,flare_decay,True,True,True,True,True,True,0.511525,0.433313,,,True,True,True,True,,True,
165415054_7,165415054,7,2620.96,6130.93,16,19.6975,1,True,True,19.0826,166.607,2.71276,flare_decay,True,True,True,True,True,True,1.85985,0.976085,,,True,True,True,True,,True,
165415054_8,165415054,8,2634,6112.49,16,19.6382,1,True,True,13.6237,220.708,-17.7414,step,False,True,True,True,True,True,2.59936,1.14563,,,True,True,True,True,,True,
165415054_9,165415054,9,2618.18,7423.19,24,30.1351,1,True,True,24.4343,576.396,22.0432,flare_decay,True,True,True,True,True,True,2.04959,0.957638,,,True,True,True,True,,True,
165415054_10,165415054,10,2630.03,20557.4,2,38.1688,1,False,True,37.4137,482.67,-39.4077,flare_decay,False,True,True,True,True,True,0.964452,0.931491,,,True,False,True,True,,True,
165415054_11,165415054,11,2620.54,14837.1,2,27.5479,1,False,True,28.3353,140.181,17.4421,flare_decay,True,True,True,True,True,True,1.04248,0.973767,,,True,False,True,True,,True,
165415054_12,165415054,12,2620.22,1663.27,4,3.83541,0,True,,,,,,,,,,,,,,,,,,,,,,
165415054_13,165415054,13,2627.41,4679.8,16,15.0353,1,True,True,14.8055,107.26,-12.8331,flare_decay,False,True,True,True,True,True,1.41763,1.02403,,,True,True,True,True,,True,
165415054_14,165415054,14,2612.77,5462.56,2,10.1423,1,False,True,9.78174,4.29034,-8.89702,flare_decay,False,True,True,True,True,True,0.7087,1.0304,,,False,False,True,True,,True,
165415054_15,165415054,15,2615.55,1850.4,8,4.89623,0,True,,,,,,,,,,,,,,,,,,,,,,
165415054_16,165415054,16,2617.53,2272.28,8,6.01255,0,True,,,,,,,,,,,,,,,,,,,,,,
165415054_17,165415054,17,2633.66,29159.1,1,40.4991,1,False,True,38.9538,485.822,68.8905,flare_decay,True,True,True,True,True,True,1.01288,0.937932,,,True,False,True,True,,True,
165415054_18,165415054,18,2629.16,6230.48,4,14.3671,1,True,True,14.8217,61.5219,1.72458,flare_decay,True,True,True,True,True,True,1.02483,0.916049,,,True,True,True,True,,True,
165415054_19,165415054,19,2627.77,5414.88,1,7.52071,1,False,True,8.26841,18.737,-6.87343,flare_decay,False,True,True,True,True,True,1.13421,0.949039,,,True,False,True,True,,True,
165451493_0,165451493,0,2621.45,25355.2,2,53.2015,1,False,True,53.8093,389.179,53.2286,flare_decay,True,True,True,True,True,True,0.70424,0.92785,,,True,False,True,True,,True,
165451493_1,165451493,1,2612.86,4826.26,16,41.9991,1,True,True,38.5689,99.0611,4.28502,flare_decay,True,True,True,True,True,True,0.487603,0.843477,,,True,True,True,True,,True,
165451493_2,165451493,2,2629.98,623.01,8,3.35958,0,True,,,,,,,,,,,,,,,,,,,,,,
165451493_3,165451493,3,2634.36,21876.3,1,30.4593,1,False,True,31.0508,145.381,0.550249,flare_decay,True,True,True,True,True,True,1.1849,0.950212,,,True,False,True,True,,True,
165451493_4,165451493,4,2612.47,10907.8,2,22.8873,1,False,True,21.952,78.7581,6.4707,flare_decay,True,True,True,True,True,True,0.724081,0.987328,,,True,False,True,True,,True,
165451493_5,165451493,5,2634.25,3703.08,1,5.15595,0,False,,,,,,,,,,,,,,,,,,,,,,
165451493_6,165451493,6,2618.45,4340.86,16,37.7751,1,True,True,32.8627,68.2162,-8.02568,flare_decay,False,True,True,True,True,True,0.659498,0.855414,0.00100272,0,True,True,True,True,True,True,True
165451493_7,165451493,7,2632.19,780.707,8,4.20997,0,True,,,,,,,,,,,,,,,,,,,,,,
165451493_8,165451493,8,2633.59,1252.95,16,10.9034,0,True,,,,,,,,,,,,,,,,,,,,,,
165451493_9,165451493,9,2613.53,1271.64,24,14.2206,1,True,True,12.0415,3.13743,-4.04872,flare_decay,False,True,True,True,True,True,0.497246,1.31042,,,False,True,True,True,,True,
165451493_10,165451493,10,2610.24,2025.46,4,6.36028,1,True,True,8.84389,3.49569,-4.59185,flare_decay,False,True,True,True,True,True,0.635594,0.728086,,,False,True,True,True,,True,
165451493_11,165451493,11,2618.56,8269.42,4,25.9673,1,True,True,24.0623,126.712,2.66897,flare_decay,True,True,True,True,True,True,0.664579,0.98074,,,True,True,True,True,,True,
165451493_12,165451493,12,2611.22,12906.7,2,27.0815,1,False,True,27.5909,158.891,21.0117,flare_decay,True,True,True,True,True,True,1.04898,0.959611,,,True,False,True,True,,True,
165451493_13,165451493,13,2613.11,3498.27,16,30.4427,1,True,True,27.327,52.5506,14.1848,flare_decay,True,True,True,True,True,True,0.51082,0.870843,,,True,True,True,True,,True,
165451493_14,165451493,14,2635.56,8944.9,2,18.7686,1,False,True,18.034,82.2499,-3.66927,flare_decay,True,True,True,True,True,True,0.921987,1.01992,,,True,False,True,True,,True,
165451493_15,165451493,15,2614.43,301.276,24,3.36913,0,True,,,,,,,,,,,,,,,,,,,,,,
165451493_16,165451493,16,2615.13,778.212,24,8.70263,0,True,,,,,,,,,,,,,,,,,,,,,,
165451493_17,165451493,17,2621.03,1464.25,8,7.89596,0,True,,,,,,,,,,,,,,,,,,,,,,
165451493_18,165451493,18,2611.41,33599.3,1,46.7817,1,False,True,46.112,335.042,34.8257,flare_decay,True,True,True,True,True,True,0.949734,0.935843,,,True,False,True,True,,True,
165451493_19,165451493,19,2633.7,1174.46,24,13.1338,0,True,,,,,,,,,,,,,,,,,,,,,,
165549248_0,165549248,0,2626.75,1789.41,1,6.15786,0,False,,,,,,,,,,,,,,,,,,,,,,
165549248_1,165549248,1,2615.92,1129.84,16,14.1704,1,True,True,16.6453,34.6082,-4.70693,flare_decay,True,True,True,True,False,True,0.741371,0.792704,,,True,True,True,False,,True,
165549248_2,165549248,2,2630.5,2449.61,4,16.0841,1,True,True,14.9738,44.6882,-2.27443,flare_decay,True,True,True,True,True,True,0.877116,1.05738,,,True,True,True,True,,True,
165549248_3,165549248,3,2616.93,275.718,24,4.34112,0,True,,,,,,,,,,,,,,,,,,,,,,
165549248_4,165549248,4,2618.59,4875.25,8,44.4482,1,True,True,43.8491,369.953,24.4448,flare_decay,True,True,True,True,True,True,0.836742,0.887083,,,True,True,True,True,,True,
165549248_5,165549248,5,2617.86,3546.18,1,12.2034,1,False,True,12.6687,17.461,1.21312,flare_decay,True,True,True,True,True,True,1.06151,0.93062,,,True,False,True,True,,True,
165549248_6,165549248,6,2632.2,5951.46,2,28.6183,1,False,True,26.2185,119.643,16.9273,flare_decay,True,True,True,True,True,True,0.691478,0.954801,,,True,False,True,True,,True,
165549248_7,165549248,7,2620.19,3982.19,1,13.7038,1,False,True,14.1461,8.25743,-4.70556,flare_decay,False,True,True,True,True,True,0.930523,1.06588,,,False,False,True,True,,True,
165549248_8,165549248,8,2628.96,1705.18,1,5.86799,1,False,True,7.42636,12.338,-3.79226,flare_decay,True,True,True,True,True,True,0.831165,0.875799,,,True,False,True,True,,True,
165549248_9,165549248,9,2614.52,8340,2,40.1039,1,False,True,34.7262,178.589,38.0858,flare_decay,True,True,True,True,True,True,0.54908,1.00028,,,True,False,True,True,,True,
165549248_10,165549248,10,2631.65,9315.66,2,44.7955,1,False,True,43.7923,425.92,-8.47249,flare_decay,False,True,True,True,True,True,1.40173,0.909818,,,True,False,True,True,,True,
165549248_11,165549248,11,2633.06,1475.04,16,18.4999,1,True,True,18.4714,50.0887,22.5758,flare_decay,True,True,True,True,True,True,0.846902,0.815405,,,True,True,True,True,True,True,
165549248_12,165549248,12,2630.04,326.996,16,4.10115,0,True,,,,,,,,,,,,,,,,,,,,,,
165549248_13,165549248,13,2612.39,3925.81,4,25.7769,1,True,True,22.428,56.8818,-6.18646,flare_decay,False,True,True,True,True,True,1.23621,0.910781,,,True,True,True,True,,True,
165549248_14,165549248,14,2620.72,250.324,16,3.13955,0,True,,,,,,,,,,,,,,,,,,,,,,
165549248_15,165549248,15,2619.36,2003.77,1,6.89551,0,False,,,,,,,,,,,,,,,,,,,,,,
165549248_16,165549248,16,2628.52,658.958,2,3.16868,0,False,,,,,,,,,,,,,,,,,,,,,,
165549248_17,165549248,17,2635.45,3197.22,2,15.3742,1,False,True,16.4838,61.9685,1.51251,flare_decay,True,True,True,True,True,True,0.768095,0.769841,,,True,False,True,True,,True,
165549248_18,165549248,18,2620.97,9524.01,1,32.7747,1,False,True,31.9912,219.439,24.1182,flare_decay,True,True,True,True,True,True,0.639107,0.976913,,,True,False,True,True,,True,
165549248_19,165549248,19,2618.2,12684.9,1,43.6522,1,False,True,45.3749,303.124,41.2861,flare_decay,True,True,True,True,True,True,1.02173,0.912543,,,True,False,True,True,,True,
165692265_0,165692265,0,2632.61,12299.8,4,27.5855,1,True,True,27.1025,116.435,0.709776,flare_decay,True,True,True,True,True,True,1.04529,0.919402,,,True,True,True,True,,True,
165692265_1,165692265,1,2627.74,3416.42,8,12.1883,1,True,True,14.3585,14.514,-1.85045,flare_decay,True,True,True,True,True,True,0.674718,0.869672,,,True,True,True,True,True,True,
165692265_2,165692265,2,2634.62,6419.49,4,14.3974,1,True,True,14.3266,32.9731,-1.5776,flare_decay,True,True,True,True,True,True,0.859724,0.949245,,,True,True,True,True,True,True,
165692265_3,165692265,3,2629.83,9858.82,8,35.1719,1,True,True,32.6567,171.838,11.4887,flare_decay,True,True,True,True,True,True,0.843942,0.881563,,,True,True,True,True,,True,
165692265_4,165692265,4,2614.55,694.796,16,4.24407,0,True,,,,,,,,,,,,,,,,,,,,,,
165692265_5,165692265,5,2632.93,21062.9,2,32.962,1,False,True,32.9986,100.407,8.34367,flare_decay,True,True,True,True,True,True,0.903845,0.920991,,,True,False,True,True,,True,
165692265_6,165692265,6,2630.65,8942.2,8,31.9018,1,True,True,31.3075,77.7097,3.18075,flare_decay,True,True,True,True,True,True,0.846568,0.863856,,,True,True,True,True,,True,
165692265_7,165692265,7,2629.99,4474.22,4,10.0346,1,True,True,10.1763,23.1395,-2.19922,flare_decay,True,True,True,True,True,True,0.954756,0.853832,0.488698,2.41764e-07,True,True,True,True,,True,True
165692265_8,165692265,8,2621.52,4597.72,16,28.0845,1,True,True,14.687,-6.06699,-5.88959,step,False,True,False,True,True,False,0.292242,0.768122,,,False,True,True,False,,True,
165692265_9,165692265,9,2618.68,10511.2,4,23.5742,1,True,True,23.852,91.8404,-6.45837,flare_decay,False,True,True,True,True,True,0.791588,0.893826,,,True,True,True,True,,True,
165692265_10,165692265,10,2612.75,1500.76,24,11.4356,0,True,,,,,,,,,,,,,,,,,,,,,,
165692265_11,165692265,11,2620.84,4479.67,24,34.1346,1,True,True,31.4794,86.8279,2.62756,step,True,True,True,True,True,True,0.608002,0.816222,,,True,True,True,True,,True,
165692265_12,165692265,12,2627.79,13754.5,1,15.8204,1,False,True,17.5431,47.8203,-17.9161,flare_decay,False,True,True,True,True,True,1.03242,0.894484,,,True,False,True,True,,True,
165692265_13,165692265,13,2618.15,23782.6,4,53.3389,1,False,True,54.488,578.108,14.9273,flare_decay,True,True,True,True,True,True,1.03107,0.947373,,,True,True,True,True,,True,
165692265_14,165692265,14,2629.43,2422.81,2,3.79153,0,False,,,,,,,,,,,,,,,,,,,,,,
165692265_15,165692265,15,2635.47,2371.46,16,14.4858,0,True,,,,,,,,,,,,,,,,,,,,,,
165692265_16,165692265,16,2621.48,1392.7,8,4.96854,0,True,,,,,,,,,,,,,,,,,,,,,,
165692265_17,165692265,17,2620.15,2138.16,4,4.79539,0,True,,,,,,,,,,,,,,,,,,,,,,
165692265_18,165692265,18,2631.4,9426.12,8,33.6282,1,True,True,30.7549,141.748,3.8069,flare_decay,True,True,True,True,True,True,0.935092,0.901704,,,True,True,True,True,,True,
165692265_19,165692265,19,2610.86,3970.17,8,14.1638,1,True,True,15.6149,29.2317,-10.3858,flare_decay,False,True,True,True,True,True,0.651475,0.698137,,,True,True,True,True,,True,
166648798_0,166648798,0,2613.13,828.312,16,5.59769,0,True,,,,,,,,,,,,,,,,,,,,,,
166648798_1,166648798,1,2619.54,4236.04,24,36.6237,1,True,True,28.7588,104.804,-1.39467,flare_decay,True,True,True,True,False,True,0.652741,0.805712,,,True,True,True,False,,True,
166648798_2,166648798,2,2620.76,1492.86,4,3.80554,0,True,,,,,,,,,,,,,,,,,,,,,,
166648798_3,166648798,3,2615.82,11644.1,2,21.5207,1,False,True,21.5685,54.0953,-9.644,flare_decay,False,True,True,True,True,True,0.850368,0.822934,,,True,False,True,True,,True,
166648798_4,166648798,4,2618.27,10248.7,2,18.9418,1,False,True,17.3024,30.4486,-3.25977,flare_decay,True,True,True,True,True,True,1.13649,0.889013,,,True,False,True,True,,True,
166648798_5,166648798,5,2635.04,3601.43,1,4.80258,0,False,,,,,,,,,,,,,,,,,,,,,,
166648798_6,166648798,6,2627.84,24176.8,1,32.2402,1,False,True,32.3686,271.41,18.1534,flare_decay,True,True,True,True,True,True,1.13045,0.929435,,,True,False,True,True,,True,
166648798_7,166648798,7,2630.3,5449.52,16,36.8276,1,True,True,32.8118,190.841,-5.04067,flare_decay,True,True,True,True,True,True,0.689742,0.809556,,,True,True,True,True,,True,
166648798_8,166648798,8,2619.91,11741.2,8,44.8809,1,True,True,43.8406,317.597,-1.19306,flare_decay,True,True,True,True,True,True,0.859464,0.876868,,,True,True,True,True,,True,
166648798_9,166648798,9,2629.9,19597.2,2,36.2199,1,False,True,37.1948,238.954,22.7301,flare_decay,True,True,True,True,True,True,1.08141,0.891503,,,True,False,True,True,,True,
166648798_10,166648798,10,2614.61,17796.3,1,23.7317,1,False,True,21.4686,88.792,2.23124,flare_decay,True,True,True,True,True,True,0.801566,0.823712,,,True,False,True,True,,True,
166648798_11,166648798,11,2610.35,5260.18,8,20.107,1,True,True,19.4168,43.2456,-8.58453,flare_decay,False,True,True,True,True,True,0.991848,1.04028,,,True,True,True,True,True,True,
166648798_12,166648798,12,2610.93,5857.08,24,50.6388,1,True,True,44.5588,238.123,-6.26835,flare_decay,False,True,True,True,False,True,0.694388,0.969415,,,True,True,True,False,,True,
166648798_13,166648798,13,2617.02,23078.3,2,42.6537,1,False,True,41.9665,469.943,40.2262,flare_decay,True,True,True,True,True,True,0.867284,0.915694,,,True,False,True,True,,True,
166648798_14,166648798,14,2616.07,2797.49,1,3.73051,0,False,,,,,,,,,,,,,,,,,,,,,,
166648798_15,166648798,15,2633.21,9466.44,2,17.496,1,False,True,16.0629,26.6117,-5.85368,flare_decay,True,True,True,True,True,True,0.805618,0.761077,,,True,False,True,True,,True,
166648798_16,166648798,16,2613,2301.8,16,15.5555,1,True,True,14.2181,-10.2121,-9.71274,flare_decay,False,True,True,True,True,True,0.472085,0.595977,,,False,True,True,True,,True,
166648798_17,166648798,17,2634.63,22647,1,30.2002,1,False,True,31.357,190.78,9.25041,flare_decay,True,True,True,True,True,True,1.3205,0.886893,,,True,False,True,True,,True,
166648798_18,166648798,18,2613.79,4578.56,8,17.5015,1,True,True,16.9302,15.7547,-4.36191,flare_decay,True,True,True,True,True,True,0.639667,0.717587,,,True,True,True,True,,True,
166648798_19,166648798,19,2613.38,3979.66,4,10.1448,1,True,True,9.05406,5.33978,-5.5641,flare_decay,False,True,True,True,True,True,1.15248,1.05337,,,False,True,True,True,,True,
171645030_0,171645030,0,2629.51,6832.59,24,32.2454,1,True,True,24.009,64.1662,-5.96866,flare_decay,True,True,True,True,True,True,0.871316,0.995323,,,True,True,True,True,,True,
171645030_1,171645030,1,2613.81,1337.94,16,4.89464,0,True,,,,,,,,,,,,,,,,,,,,,,
171645030_2,171645030,2,2615.09,2723.39,8,6.01924,0,True,,,,,,,,,,,,,,,,,,,,,,
171645030_3,171645030,3,2632.29,6374.95,2,6.23946,0,False,,,,,,,,,,,,,,,,,,,,,,
171645030_4,171645030,4,2611.32,12319.9,1,8.89502,1,False,True,9.15819,12.5762,-1.30419,flare_decay,True,True,True,True,True,True,0.887575,0.705149,,,True,False,True,True,,True,
171645030_5,171645030,5,2620.17,10277.5,4,15.1163,1,True,True,13.9843,36.8871,1.29007,flare_decay,True,True,True,True,True,True,1.08689,0.915736,,,True,True,True,True,,True,
171645030_6,171645030,6,2621.54,3537,4,5.20224,0,True,,,,,,,,,,,,,,,,,,,,,,
171645030_7,171645030,7,2629.13,10433,4,15.3449,1,True,True,16.7398,64.6629,6.47696,flare_decay,True,True,True,True,True,True,1.42672,0.928516,,,True,True,True,True,,True,
171645030_8,171645030,8,2619.4,1854.29,24,8.75103,0,True,,,,,,,,,,,,,,,,,,,,,,
171645030_9,171645030,9,2621.11,13515.5,2,13.2283,1,False,True,14.3125,50.3374,-3.98364,flare_decay,True,False,True,True,True,True,0.896668,0.719844,,,True,True,True,True,,True,
171645030_10,171645030,10,2620.18,6346.9,2,6.21201,0,False,,,,,,,,,,,,,,,,,,,,,,
171645030_11,171645030,11,2627.79,6072.25,1,4.38419,0,False,,,,,,,,,,,,,,,,,,,,,,
171645030_12,171645030,12,2627.23,5579.97,2,5.46138,0,False,,,,,,,,,,,,,,,,,,,,,,
171645030_13,171645030,13,2616.31,1926.31,24,9.09093,0,True,,,,,,,,,,,,,,,,,,,,,,
171645030_14,171645030,14,2629.43,4039.83,16,14.7791,1,True,True,11.0083,3.4165,-16.1169,flare_decay,False,True,True,True,True,True,1.06027,1.16786,,,False,True,True,True,,True,
171645030_15,171645030,15,2632.72,5789.46,16,21.1798,1,True,True,18.245,39.3112,-3.90401,flare_decay,True,True,True,True,True,True,0.789642,0.939322,,,True,True,True,True,True,True,
171645030_16,171645030,16,2634.79,2565.21,16,9.38441,1,True,True,11.0392,5.62949,-9.30388,flare_decay,False,True,True,True,True,True,0.345322,0.474002,,,False,True,True,True,,True,
171645030_17,171645030,17,2629.04,1721,8,3.80375,0,True,,,,,,,,,,,,,,,,,,,,,,
171645030_18,171645030,18,2615.98,8324.84,24,39.2879,1,True,True,37.9406,217.723,21.9487,flare_decay,True,True,True,True,True,True,0.409705,0.663613,,,True,True,True,True,,True,
171645030_19,171645030,19,2626.67,31330.5,1,22.6207,1,False,True,20.6821,35.295,-6.74148,flare_decay,False,True,True,True,True,True,1.26467,0.917189,,,True,False,True,True,,True,
229944241_0,229944241,0,2615.41,1808.82,4,7.36096,1,True,True,7.17771,5.95718,-5.39431,flare_decay,False,True,True,True,True,True,0.928838,0.881862,,,False,True,True,True,,True,
229944241_1,229944241,1,2632.73,2572.72,8,18.2904,1,True,True,16.5678,34.3768,-12.0029,flare_decay,False,True,True,True,True,True,0.808241,1.01864,,,True,True,True,True,,True,
229944241_2,229944241,2,2618.91,18998,2,55.0488,1,False,True,54.8354,486.849,19.8221,flare_decay,True,True,True,True,True,True,2.06333,0.961794,,,True,False,True,True,,True,
229944241_3,229944241,3,2635.47,8255.64,4,33.5962,1,True,True,33.9771,216.52,-0.438363,flare_decay,True,True,True,True,True,True,0.737677,0.957346,,,True,True,True,True,True,True,
229944241_4,229944241,4,2618.76,2536.78,4,10.3234,1,True,True,9.37077,4.38675,-5.79294,flare_decay,False,True,True,True,True,True,1.05073,0.764487,,,False,True,True,True,,True,
229944241_5,229944241,5,2631.8,1695.28,8,12.0524,1,True,True,10.814,8.60868,-5.43858,flare_decay,False,True,True,True,True,True,0.843625,1.07296,,,False,True,True,True,,True,
229944241_6,229944241,6,2620.88,909.495,8,6.46592,0,True,,,,,,,,,,,,,,,,,,,,,,
229944241_7,229944241,7,2611.65,641.633,16,7.27347,0,True,,,,,,,,,,,,,,,,,,,,,,
229944241_8,229944241,8,2617.36,2954.97,4,12.0252,1,True,True,10.8109,8.81405,-6.34045,flare_decay,False,True,True,True,True,True,0.989506,0.796782,,,False,True,True,True,,True,
229944241_9,229944241,9,2634.66,3243.84,2,9.39936,1,False,True,8.73955,12.7378,-8.09936,flare_decay,False,True,True,True,True,True,0.736325,1.02447,,,True,False,True,True,,True,
229944241_10,229944241,10,2616.15,5325.31,4,21.6713,1,True,True,20.8392,87.0273,3.48045,flare_decay,True,True,True,True,True,True,0.921288,0.95828,,,True,True,True,True,,True,
229944241_11,229944241,11,2627.81,17522.2,2,50.7725,1,False,True,51.1491,389.951,-3.76679,flare_decay,True,True,True,True,True,True,0.772898,0.96921,,,True,False,True,True,,True,
229944241_12,229944241,12,2633.07,4858.21,1,10.0211,1,False,True,10.1385,16.1457,0.252099,flare_decay,True,True,True,True,True,True,0.621635,0.875569,,,True,False,True,True,,True,
229944241_13,229944241,13,2618.93,969.075,24,16.3471,1,True,True,12.8539,1.43509,-11.6904,flare_decay,False,True,True,True,True,True,0.484591,0.796975,,,False,True,True,True,,True,
229944241_14,229944241,14,2612.66,1912.39,16,21.6786,1,True,True,18.5359,29.9418,-5.18425,flare_decay,True,True,True,True,False,True,0.552314,0.933679,,,True,True,True,False,,True,
229944241_15,229944241,15,2627.17,3072.05,1,6.33676,0,False,,,,,,,,,,,,,,,,,,,,,,
229944241_16,229944241,16,2620.08,1832.37,1,3.77964,0,False,,,,,,,,,,,,,,,,,,,,,,
229944241_17,229944241,17,2619.72,7554.08,1,15.5819,1,False,True,17.3748,28.1274,-4.09751,flare_decay,True,True,True,True,True,True,0.803359,0.849145,,,True,False,True,True,,True,
229944241_18,229944241,18,2626.48,1245.23,2,3.60819,0,False,,,,,,,,,,,,,,,,,,,,,,
229944241_19,229944241,19,2629.59,220.086,24,3.71259,0,True,,,,,,,,,,,,,,,,,,,,,,
230050344_0,230050344,0,2629.1,3973.89,1,7.39475,1,False,True,8.38599,-0.582319,-5.41371,flare_decay,False,True,True,True,True,True,0.918533,0.96835,,,False,False,True,True,,True,
230050344_1,230050344,1,2627.73,1525.78,2,3.92768,0,False,,,,,,,,,,,,,,,,,,,,,,
230050344_2,230050344,2,2615.83,5361.6,16,52.1314,1,True,True,47.1582,332.738,43.4579,flare_decay,True,True,True,True,True,True,0.677697,0.938484,,,True,True,True,True,,True,
230050344_3,230050344,3,2628.11,2255.23,2,5.80543,1,False,True,7.18336,14.4335,-2.45268,flare_decay,True,True,True,True,True,True,0.903046,0.846679,,,True,False,True,True,,True,
230050344_4,230050344,4,2616.91,2944.15,4,10.8328,1,True,True,10.456,24.3387,-2.71028,flare_decay,True,True,True,True,True,True,1.48597,0.941382,,,True,True,True,True,True,True,
230050344_5,230050344,5,2614.25,370.327,16,3.60073,0,True,,,,,,,,,,,,,,,,,,,,,,
230050344_6,230050344,6,2632.28,10509.1,4,38.6673,1,True,True,37.42,297.581,75.1387,flare_decay,True,True,True,True,True,True,1.00034,0.949385,,,True,True,True,True,,True,
230050344_7,230050344,7,2630.96,698.618,24,8.28407,0,True,,,,,,,,,,,,,,,,,,,,,,
230050344_8,230050344,8,2616.22,3225.59,4,11.8683,1,True,True,12.3253,39.9388,-5.3741,flare_decay,True,True,True,True,True,True,1.03543,0.876748,,,True,True,True,True,,True,
230050344_9,230050344,9,2614.25,1982.32,2,5.10289,0,False,,,,,,,,,,,,,,,,,,,,,,
230050344_10,230050344,10,2633.45,5632.41,1,10.481,1,False,True,10.2698,16.2835,-2.47282,flare_decay,True,True,True,True,True,True,0.836283,0.960666,,,True,False,True,True,,True,
230050344_11,230050344,11,2629.63,1255.8,16,12.2103,1,True,True,11.1374,11.4958,-8.17513,step,False,True,True,True,True,True,0.668869,0.893724,,,True,True,True,True,True,True,
230050344_12,230050344,12,2633.81,14316.2,1,26.6401,1,False,True,26.766,147.625,20.0835,flare_decay,True,True,True,True,True,True,1.80025,0.995022,,,True,False,True,True,,True,
230050344_13,230050344,13,2629.61,2925.37,4,10.7636,1,True,True,11.514,13.119,0.482462,flare_decay,True,True,True,True,True,True,0.815742,0.818164,,,True,True,True,True,,True,
230050344_14,230050344,14,2629.38,20064.6,1,37.337,1,False,True,38.5499,262.071,47.1163,flare_decay,True,True,True,True,True,True,0.994325,0.943,,,True,False,True,True,,True,
230050344_15,230050344,15,2626.54,310.747,16,3.02143,0,True,,,,,,,,,,,,,,,,,,,,,,
230050344_16,230050344,16,2621.44,14116.5,1,26.2684,1,False,True,22.7383,65.4787,-16.9466,flare_decay,False,True,True,True,True,True,1.13782,0.933352,,,True,False,True,True,,True,
230050344_17,230050344,17,2612.96,6639.08,1,12.3542,1,False,True,10.5287,32.1116,-6.99738,flare_decay,False,True,True,True,True,True,1.29255,0.900092,,,True,False,True,True,,True,
230050344_18,230050344,18,2616.86,12983.1,2,33.4212,1,False,True,33.7332,314.79,45.528,flare_decay,True,True,True,True,True,True,1.32517,0.924281,,,True,False,True,True,,True,
230050344_19,230050344,19,2630.51,27822.2,1,51.7725,1,False,True,47.9182,363.892,-41.9316,flare_decay,False,True,True,True,True,True,0.949825,0.886075,,,True,False,True,True,,True,
230059204_0,230059204,0,2613.79,50000,4,11.0192,1,True,True,12.1339,3437.43,129.45,flare_decay,True,True,True,True,True,True,5.58662,0.87241,,,True,True,True,True,True,True,
230059204_1,230059204,1,2631.9,50000,1,9.39319,1,False,True,9.38639,1075.25,-20.9702,flare_decay,False,True,True,True,True,True,6.10514,0.877919,,,True,False,True,True,,True,
230059204_2,230059204,2,2617.94,11164.7,24,12.7305,1,True,True,9.68158,507.239,-464.244,step,False,True,True,True,True,True,2.22697,1.13485,,,True,True,True,True,True,True,
230059204_3,230059204,3,2618.11,50000,1,9.39319,1,False,True,9.89118,-263.825,66.4252,flare_decay,False,True,True,True,True,True,3.7449,0.789523,,,False,False,True,True,,True,
230059204_4,230059204,4,2614.05,3072.04,24,3.5029,0,True,,,,,,,,,,,,,,,,,,,,,,
230059204_5,230059204,5,2618.94,50000,1,9.39319,1,False,True,9.79844,1424.4,45.5989,flare_decay,True,True,True,True,True,True,6.15599,0.828178,,,True,False,True,True,,True,
230059204_6,230059204,6,2611,23504.1,2,4.61593,0,False,,,,,,,,,,,,,,,,,,,,,,
230059204_7,230059204,7,2618.69,37052.1,2,7.27662,1,False,True,8.19536,333.42,85.0364,flare_decay,True,True,True,True,True,True,13.1394,0.835514,,,True,False,True,True,,True,
230059204_8,230059204,8,2614.39,32400.5,16,32.1545,1,True,True,29.2263,5950.93,1399.56,flare_decay,True,True,True,True,True,True,1.66385,0.914165,1,8.35311e-208,True,True,True,True,True,True,False
230059204_9,230059204,9,2632.06,5552.2,16,5.51003,0,True,,,,,,,,,,,,,,,,,,,,,,
230059204_10,230059204,10,2629.48,15104.6,8,4.90153,0,True,,,,,,,,,,,,,,,,,,,,,,
230059204_11,230059204,11,2631.91,50000,8,16.2253,0,True,,,,,,,,,,,,,,,,,,,,,,
230059204_12,230059204,12,2617.49,36530.2,2,7.17413,1,False,True,8.73884,-682.453,36.8307,flare_decay,False,True,True,True,True,True,7.79942,0.810745,,,False,False,True,True,,True,
230059204_13,230059204,13,2617.5,23124.1,24,26.3673,1,True,True,24.7938,4412.36,838.465,flare_decay,True,True,True,True,True,True,1.19008,0.776358,,,True,True,True,True,,True,
230059204_14,230059204,14,2620.53,43249.5,1,8.12502,1,False,True,9.21835,619.567,13.9262,flare_decay,True,True,True,True,True,True,5.42714,0.811393,,,True,False,True,True,,True,
230059204_15,230059204,15,2628.98,6281.45,16,6.23375,0,True,,,,,,,,,,,,,,,,,,,,,,
230059204_16,230059204,16,2625.75,41660.1,24,47.503,1,True,True,32.5135,-327.37,-321.841,step,False,False,True,True,True,True,2.30842,0.909446,,,False,True,True,True,,True,
230059204_17,230059204,17,2633.57,12807.6,24,14.6038,1,True,True,12.8765,1860.37,138.735,flare_decay,True,True,True,True,True,True,1.61909,0.847631,,,True,True,True,True,,True,
230059204_18,230059204,18,2610.88,50000,8,16.2253,0,True,,,,,,,,,,,,,,,,,,,,,,
230059204_19,230059204,19,2611.63,22397.1,2,4.39855,0,False,,,,,,,,,,,,,,,,,,,,,,
230080992_0,230080992,0,2620.53,6556.18,16,51.3952,1,True,True,45.1033,920.814,115.292,flare_decay,True,True,True,True,True,True,1.48226,0.869917,,,True,True,True,True,,True,
230080992_1,230080992,1,2635.43,3143.98,16,24.6463,1,True,True,23.2198,217.749,47.8823,flare_decay,True,True,True,True,True,True,1.21994,0.839176,,,True,True,True,True,True,True,
230080992_2,230080992,2,2620.5,9828.81,2,38.8304,1,False,True,40.5809,406.77,13.7274,flare_decay,True,True,True,True,True,True,0.850927,0.900022,,,True,False,True,True,,True,
230080992_3,230080992,3,2617.28,18278.9,1,52.8988,1,False,True,52.5783,1015.13,116.126,flare_decay,True,True,True,True,True,True,1.10161,0.849899,,,True,False,True,True,,True,
230080992_4,230080992,4,2616.49,11348.4,4,58.5681,1,False,True,62.7154,1016.68,87.9017,flare_decay,True,True,True,True,True,True,1.07267,0.849486,,,True,False,True,True,,True,
230080992_5,230080992,5,2611.99,973.419,8,5.86318,0,True,,,,,,,,,,,,,,,,,,,,,,
230080992_6,230080992,6,2627.66,943.012,24,9.80598,0,True,,,,,,,,,,,,,,,,,,,,,,
230080992_7,230080992,7,2626.59,12694.6,2,50.1524,1,False,True,52.7058,508.373,83.5597,flare_decay,True,True,True,True,True,True,1.14473,0.813271,,,True,False,True,True,,True,
230080992_8,230080992,8,2620.47,5482.13,4,28.2927,1,False,True,29.018,264.472,33.5473,flare_decay,True,True,True,True,True,True,1.07974,0.930454,,,True,False,True,True,,True,
230080992_9,230080992,9,2634.71,1544.19,8,9.3011,1,True,True,8.97918,23.8602,-9.15195,step,False,True,True,True,True,True,1.11212,0.803453,,,True,True,True,True,,True,
230080992_10,230080992,10,2620.27,7536.19,16,59.0777,1,True,True,51.3641,1384.21,90.2474,flare_decay,True,True,True,True,True,True,1.50746,0.88772,,,True,True,True,True,,True,
230080992_11,230080992,11,2615.63,606.885,8,3.65545,0,True,,,,,,,,,,,,,,,,,,,,,,
230080992_12,230080992,12,2626.21,933.069,24,9.70259,1,True,True,11.0645,57.5519,2.79839,step,True,True,True,True,True,True,1.24295,0.730649,,,True,True,True,True,,True,
230080992_13,230080992,13,2618.84,1776.59,24,18.474,1,True,True,14.8894,160.791,6.26909,flare_decay,True,True,True,True,True,True,1.1648,0.692508,,,True,True,True,True,,True,
230080992_14,230080992,14,2611.97,11944.7,1,34.5676,1,False,True,32.8249,234.365,-14.9632,flare_decay,False,True,True,True,True,True,1.18616,0.830989,,,True,False,True,True,,True,
230080992_15,230080992,15,2635.03,3773.93,4,19.4769,1,False,True,20.5241,90.7551,3.96545,flare_decay,True,True,True,True,True,True,0.798047,0.842092,,,True,False,True,True,,True,
230080992_16,230080992,16,2628.47,9171.4,8,55.242,1,True,True,57.1542,979.894,57.0493,flare_decay,True,True,True,True,True,True,0.926999,0.851475,,,True,True,True,True,True,True,
230080992_17,230080992,17,2616.48,2588.92,1,7.49227,1,False,True,8.09887,-7.53487,-6.63291,flare_decay,False,True,True,True,True,True,1.27054,0.891437,,,False,False,True,True,,True,
230080992_18,230080992,18,2614.71,1123.44,2,4.43835,0,False,,,,,,,,,,,,,,,,,,,,,,
230080992_19,230080992,19,2635.21,884.929,4,4.56704,0,False,,,,,,,,,,,,,,,,,,,,,,
159347092_0,159347092,0,2631.8,16758.1,4,35.0551,1,True,True,36.2035,712.876,-27.7376,flare_decay,False,True,True,True,True,True,1.1953,0.903012,,,True,True,True,True,,True,
159347092_1,159347092,1,2612.15,6458.57,16,18.7044,1,True,True,17.7113,315.335,20.0445,flare_decay,True,True,True,True,True,True,1.70818,0.871448,,,True,True,True,True,,True,
159347092_2,159347092,2,2626.32,2806.65,8,6.74093,1,True,True,9.09545,41.8989,1.35832,step,True,True,True,True,True,True,1.64812,0.781259,0.0710492,0,True,True,True,True,,True,True
159347092_3,159347092,3,2617.55,18587.9,2,33.9483,1,False,True,35.2209,436.927,58.7024,flare_decay,True,True,True,True,True,True,3.38422,0.932265,,,True,False,True,True,,True,
159347092_4,159347092,4,2632.02,9909.35,8,23.8,1,True,True,29.8651,531.78,19.9,flare_decay,True,True,True,True,True,True,1.70707,0.897695,,,True,True,True,True,True,True,
159347092_5,159347092,5,2619.46,21130.5,8,50.7507,1,True,True,51.5786,2573.64,107.14,flare_decay,True,True,True,True,True,True,1.67564,0.900892,,,True,True,True,True,,True,
159347092_6,159347092,6,2626.67,6486.18,24,21.9654,1,True,True,31.3161,582.981,26.7259,flare_decay,True,True,True,True,True,True,1.84256,0.909785,,,True,True,True,True,,True,
159347092_7,159347092,7,2633.39,8607.2,1,12.252,1,False,True,13.7633,44.3315,1.67272,flare_decay,True,True,True,True,True,True,1.2455,0.916936,,,True,False,True,True,,True,
159347092_8,159347092,8,2617.4,16246.1,1,23.1257,1,False,True,22.2862,121.687,-3.3572,flare_decay,True,True,True,True,True,True,0.978383,0.895461,,,True,False,True,True,,True,
159347092_9,159347092,9,2619.99,1730.91,24,5.86171,0,True,,,,,,,,,,,,,,,,,,,,,,
159347092_10,159347092,10,2630.77,15808.7,8,37.9689,1,True,True,37.8872,929.436,33.9537,flare_decay,True,True,True,True,True,True,1.66264,0.939175,,,True,True,True,True,,True,
159347092_11,159347092,11,2616.22,2408.75,1,3.42876,0,False,,,,,,,,,,,,,,,,,,,,,,
159347092_12,159347092,12,2615.05,6509.32,24,22.0437,1,True,True,21.868,510.266,19.9002,flare_decay,True,True,True,True,True,True,1.80868,0.915618,,,True,True,True,True,,True,
159347092_13,159347092,13,2615.19,7797.53,2,14.2411,1,False,True,12.9946,69.2614,-2.4587,flare_decay,True,True,True,True,True,True,1.74319,0.893307,,,True,False,True,True,,True,
159347092_14,159347092,14,2619.96,30702.5,1,43.7039,1,False,True,45.1345,785.573,-5.26898,flare_decay,True,True,True,True,True,True,1.68227,0.88887,,,True,False,True,True,,True,
159347092_15,159347092,15,2617.07,4127.7,24,13.9784,1,True,True,12.0895,218.984,12.8206,flare_decay,True,True,True,True,True,True,2.84905,0.934921,,,True,True,True,True,,True,
159347092_16,159347092,16,2614.59,10244.9,24,34.6942,1,True,True,35.5288,1148.64,73.3778,flare_decay,True,True,True,True,True,True,2.32949,1.16618,,,True,True,True,True,,True,
159347092_17,159347092,17,2633.46,2396.93,16,6.94163,1,True,True,11.7627,-4.97006,-5.32116,flare_decay,False,True,True,True,True,True,1.21341,0.951963,,,False,True,True,True,,True,
159347092_18,159347092,18,2635.94,21995.6,8,52.8283,0,True,,,,,,,,,,,,,,,,,,,,,,
159347092_19,159347092,19,2630.33,1258.74,24,4.26269,0,True,,,,,,,,,,,,,,,,,,,,,,
159454652_0,159454652,0,2635.48,1949.66,8,6.74799,0,True,,,,,,,,,,,,,,,,,,,,,,
159454652_1,159454652,1,2628.44,771.867,16,3.69948,0,True,,,,,,,,,,,,,,,,,,,,,,
159454652_2,159454652,2,2611.65,1492.7,16,7.15436,0,True,,,,,,,,,,,,,,,,,,,,,,
159454652_3,159454652,3,2626.47,9434.41,16,45.2182,1,True,True,40.6698,502.046,16.0378,flare_decay,True,True,True,True,True,True,1.08648,0.917128,,,True,True,True,True,,True,
159454652_4,159454652,4,2626.87,9847.55,2,18.9685,1,False,True,19.9847,87.7651,8.5286,flare_decay,True,True,True,True,True,True,1.35033,0.971508,,,True,False,True,True,,True,
159454652_5,159454652,5,2615.67,7027.81,4,19.214,1,True,True,18.6997,47.7584,-3.82666,flare_decay,True,True,True,True,True,True,0.681283,0.965828,0.020362,0,True,True,True,True,,True,True
159454652_6,159454652,6,2616.39,1624.35,4,4.44098,0,True,,,,,,,,,,,,,,,,,,,,,,
159454652_7,159454652,7,2617.02,2347.39,24,13.5493,1,True,True,12.1726,8.06747,-1.29734,step,False,True,True,True,True,True,1.19276,0.951677,,,False,True,True,True,,True,
159454652_8,159454652,8,2626.28,5984.17,16,28.6815,1,True,True,25.8372,177.984,1.84174,flare_decay,True,True,True,True,True,True,1.1304,0.940901,,,True,True,True,True,,True,
159454652_9,159454652,9,2628.14,1686.03,16,8.08097,0,True,,,,,,,,,,,,,,,,,,,,,,
159454652_10,159454652,10,2611.59,1387.05,24,8.00611,0,True,,,,,,,,,,,,,,,,,,,,,,
159454652_11,159454652,11,2631.09,5960.63,24,34.4051,1,True,True,28.3737,327.979,-1.25796,flare_decay,True,True,True,True,True,True,1.36024,0.950262,,,True,True,True,True,True,True,
159454652_12,159454652,12,2634.95,3970.9,16,19.0321,1,True,True,17.0056,95.1843,-1.06138,flare_decay,True,True,True,True,True,True,1.06396,0.930712,6.42401e-07,0,True,True,True,True,True,True,True
159454652_13,159454652,13,2614.42,2537.06,24,14.6441,1,True,True,10.2956,2.55433,-4.01517,step,False,True,True,True,True,True,2.39255,2.08448,,,False,True,True,True,,True,
159454652_14,159454652,14,2619.23,4866.82,24,28.0916,1,True,True,23.832,188.095,1.87954,flare_decay,True,True,True,True,True,True,1.21871,0.975398,,,True,True,True,True,True,True,
159454652_15,159454652,15,2628.63,1919.88,2,3.6981,0,False,,,,,,,,,,,,,,,,,,,,,,
159454652_16,159454652,16,2616.49,2673.22,4,7.30858,1,True,True,9.36791,14.4999,-8.55692,flare_decay,False,True,True,True,True,True,0.943355,0.950414,0.14598,0,True,True,True,True,,True,True
159454652_17,159454652,17,2612.34,7650.77,2,14.737,1,False,True,14.0103,20.9936,2.99743,flare_decay,True,True,True,True,True,True,0.826041,0.979119,,,True,False,True,True,,True,
159454652_18,159454652,18,2611.5,11212.2,8,38.8067,1,True,True,39.1574,371.175,8.84383,flare_decay,True,True,True,True,True,True,1.23481,0.996019,,,True,True,True,True,,True,
159454652_19,159454652,19,2631.25,4394.89,1,6.11356,0,False,,,,,,,,,,,,,,,,,,,,,,
159455814_0,159455814,0,2626.57,11221.9,2,36.9414,1,False,True,36.2079,333.291,44.0166,flare_decay,True,True,True,True,True,True,1.02414,0.927376,,,True,False,True,True,,True,
159455814_1,159455814,1,2632.55,7910.27,4,31.6881,1,False,True,33.2254,248.287,7.69124,flare_decay,True,True,True,True,True,True,1.1933,0.926544,,,True,False,True,True,,True,
159455814_2,159455814,2,2633.07,3180.32,4,12.7402,1,False,True,12.0429,58.9498,-4.39468,flare_decay,True,True,True,True,True,True,1.38317,0.972777,,,True,False,True,True,,True,
159455814_3,159455814,3,2614.99,8266.16,2,27.2114,1,False,True,28.5389,160.764,-5.14304,flare_decay,True,True,True,True,True,True,0.671348,0.800128,,,True,False,True,True,,True,
159455814_4,159455814,4,2613.91,11694.5,1,31.0171,1,False,True,31.971,248.119,53.3633,flare_decay,True,True,True,True,True,True,0.870908,0.853067,,,True,False,True,True,,True,
159455814_5,159455814,5,2615.28,3798.61,1,10.0749,1,False,True,9.95001,12.1653,-1.99737,flare_decay,True,True,True,True,True,True,1.13588,1.00858,,,True,False,True,True,,True,
159455814_6,159455814,6,2625.91,5422.33,1,14.3815,1,False,True,14.7198,22.69,5.27601,flare_decay,True,True,True,True,True,True,0.885204,0.945134,,,True,False,True,True,,True,
159455814_7,159455814,7,2615.77,19491.4,1,51.6965,1,False,True,51.4211,467.917,0.800695,flare_decay,True,True,True,True,True,True,0.879943,0.897879,,,True,False,True,True,,True,
159455814_8,159455814,8,2616.91,4095.84,1,10.8633,1,False,True,11.8439,26.3538,-3.0036,flare_decay,True,True,True,True,True,True,0.76854,0.884841,,,True,False,True,True,,True,
159455814_9,159455814,9,2616.23,6210.5,2,20.4443,1,False,True,21.2418,138.569,27.2845,flare_decay,True,True,True,True,True,True,1.16152,0.880465,,,True,False,True,True,,True,
159455814_10,159455814,10,2611.05,3461.58,24,26.5392,1,True,True,25.3327,394.3,48.732,step,True,True,True,True,True,True,1.27571,0.792016,,,True,True,True,True,,True,
159455814_11,159455814,11,2633.36,2562.83,4,10.2666,1,False,True,9.51163,44.6798,-9.41976,flare_decay,False,True,True,True,True,True,0.987964,0.832153,,,True,False,True,True,,True,
159455814_12,159455814,12,2628.29,1256.5,8,6.80653,0,True,,,,,,,,,,,,,,,,,,,,,,
159455814_13,159455814,13,2616.5,2761.1,16,19.7533,1,True,True,26.0142,233.837,24.6663,flare_decay,True,True,True,True,True,True,0.969978,0.874637,,,True,True,True,True,,True,
159455814_14,159455814,14,2610.57,1868.04,16,13.3642,0,True,,,,,,,,,,,,,,,,,,,,,,
159455814_15,159455814,15,2614.64,769.694,16,5.5065,0,True,,,,,,,,,,,,,,,,,,,,,,
159455814_16,159455814,16,2610.7,551.41,24,4.22755,0,True,,,,,,,,,,,,,,,,,,,,,,
159455814_17,159455814,17,2626.78,3690.04,4,14.7821,1,False,True,15.9727,77.3422,5.20914,flare_decay,True,True,True,True,True,True,0.937316,0.860456,,,True,False,True,True,,True,
159455814_18,159455814,18,2611.94,10401.4,1,27.5873,1,False,True,28.6212,236.211,13.5143,flare_decay,True,True,True,True,True,True,0.786272,0.902835,,,True,False,True,True,,True,
159455814_19,159455814,19,2629.34,5765.58,1,15.2919,1,False,True,17.2499,58.311,3.00286,flare_decay,True,True,True,True,True,True,0.510947,0.804655,,,True,False,True,True,,True,
160039661_0,160039661,0,2635.81,9438.37,2,18.852,1,False,True,17.618,50.2647,-3.86567,flare_decay,True,True,True,True,True,True,1.00147,0.772471,,,True,False,True,True,,True,
160039661_1,160039661,1,2613.32,1037.42,24,7.78444,0,True,,,,,,,,,,,,,,,,,,,,,,
160039661_2,160039661,2,2610.83,4122.8,8,15.7243,1,True,True,14.9124,45.8957,-9.96216,flare_decay,False,True,True,True,True,True,0.749233,0.746618,,,True,True,True,True,True,True,
160039661_3,160039661,3,2632.19,1616.19,4,4.57256,0,False,,,,,,,,,,,,,,,,,,,,,,
160039661_4,160039661,4,2627.78,7319.78,8,27.9175,1,True,True,28.4304,135.213,12.7141,flare_decay,True,True,True,True,True,True,0.746854,0.825135,,,True,True,True,True,,True,
160039661_5,160039661,5,2627.56,6772.87,2,13.528,1,False,True,13.6897,6.49732,-10.2937,flare_decay,False,True,True,True,True,True,0.861225,0.96864,,,False,False,True,True,,True,
160039661_6,160039661,6,2634.6,2751.8,16,16.3121,1,True,True,16.6481,38.3918,-0.10053,flare_decay,True,True,True,True,True,True,0.598083,0.657426,,,True,True,True,True,,True,
160039661_7,160039661,7,2628.81,1212.38,4,3.4301,0,False,,,,,,,,,,,,,,,,,,,,,,
160039661_8,160039661,8,2633.41,7684.41,1,10.7794,1,False,True,10.1638,15.5965,-7.77104,flare_decay,False,True,True,True,True,True,1.01003,0.750016,,,True,False,True,True,,True,
160039661_9,160039661,9,2613.9,819.712,24,6.15085,0,True,,,,,,,,,,,,,,,,,,,,,,
160039661_10,160039661,10,2613.42,11718.1,4,33.153,1,False,True,32.6477,289.315,11.5653,flare_decay,True,True,True,True,True,True,0.980694,0.862885,,,True,False,True,True,,True,
160039661_11,160039661,11,2626.44,582.896,24,4.37386,0,True,,,,,,,,,,,,,,,,,,,,,,
160039661_12,160039661,12,2627.22,20972.6,4,59.336,1,False,True,58.8041,602.708,22.0742,flare_decay,True,True,True,True,True,True,0.750329,0.814747,,,True,False,True,True,,True,
160039661_13,160039661,13,2618.95,1625.07,8,6.19798,0,True,,,,,,,,,,,,,,,,,,,,,,
160039661_14,160039661,14,2626.3,5886.84,8,22.4523,1,True,True,17.7285,11.7899,1.93733,step,True,False,True,True,True,True,1.17931,0.889053,0.544171,2.17494e-35,True,True,True,True,,True,False
160039661_15,160039661,15,2612.26,20341,1,28.5335,1,False,True,29.9297,141.106,-6.64786,flare_decay,False,True,True,True,True,True,1.15504,0.778522,,,True,False,True,True,,True,
160039661_16,160039661,16,2630.03,35635.4,1,49.9877,1,False,True,51.8263,483.191,58.9026,flare_decay,True,True,True,True,True,True,1.00723,0.766247,,,True,False,True,True,,True,
160039661_17,160039661,17,2620.05,1069.32,24,8.02382,0,True,,,,,,,,,,,,,,,,,,,,,,
160039661_18,160039661,18,2629.19,5235.13,4,14.8113,1,False,True,15.5853,32.8487,1.02698,flare_decay,True,True,True,True,True,True,0.839469,0.866232,,,True,False,True,True,,True,
160039661_19,160039661,19,2628.13,8703.23,4,24.6234,1,False,True,24.5966,90.9695,3.10677,flare_decay,True,True,True,True,True,True,0.812087,0.85967,,,True,False,True,True,,True,
233071322_0,233071322,0,2611.18,1105.42,1,3.28147,0,False,,,,,,,,,,,,,,,,,,,,,,
233071322_1,233071322,1,2628.34,5905.79,4,34.472,1,True,True,34.7394,363.619,0.694297,flare_decay,True,True,True,True,True,True,0.75937,0.948037,,,True,True,True,True,,True,
233071322_2,233071322,2,2626.25,5617.66,4,32.7902,1,True,True,33.1654,276.55,14.8198,flare_decay,True,True,True,True,True,True,1.04607,0.953519,,,True,True,True,True,,True,
233071322_3,233071322,3,2627.24,1616.41,24,26.5195,1,True,True,19.8628,116.245,6.60764,flare_decay,True,True,True,True,True,True,0.855993,0.811567,,,True,True,True,True,,True,
233071322_4,233071322,4,2628.07,7241.19,4,42.2668,1,True,True,42.5178,658.9,20.5133,flare_decay,True,True,True,True,True,True,0.631213,0.944794,,,True,True,True,True,,True,
233071322_5,233071322,5,2614.09,4797.93,4,28.0055,1,True,True,26.0705,105.772,5.06899,flare_decay,True,True,True,True,True,True,0.365931,1.0236,,,True,True,True,True,,True,
233071322_6,233071322,6,2619.63,1858.98,24,30.4993,1,True,True,24.2133,198.762,-3.92126,flare_decay,True,True,True,True,False,True,0.561899,0.7343,,,True,True,True,False,,True,
233071322_7,233071322,7,2618.93,2779.2,24,45.5968,1,True,True,34.9741,380.323,18.9158,flare_decay,True,True,True,True,True,True,0.78449,0.863734,,,True,True,True,True,,True,
233071322_8,233071322,8,2633.53,945.664,16,10.7256,0,True,,,,,,,,,,,,,,,,,,,,,,
233071322_9,233071322,9,2632.68,5239.65,2,21.8892,1,False,True,22.1869,75.9612,8.29428,flare_decay,True,True,True,True,True,True,0.91417,0.916314,,,True,False,True,True,,True,
233071322_10,233071322,10,2631.23,7850.28,4,45.822,1,True,True,45.2133,370.238,35.9931,flare_decay,True,True,True,True,True,True,0.982671,0.924879,,,True,True,True,True,True,True,
233071322_11,233071322,11,2620.46,560.565,24,9.19688,0,True,,,,,,,,,,,,,,,,,,,,,,
233071322_12,233071322,12,2620.68,1495.39,4,8.72856,1,True,True,8.17078,9.90216,-3.04583,flare_decay,False,True,True,True,True,True,0.509811,0.638056,,,False,True,True,True,,True,
233071322_13,233071322,13,2633.77,2023.42,1,6.00655,1,False,True,7.81636,1.61772,-8.16254,flare_decay,False,True,True,True,True,True,1.07765,1.08857,,,False,False,True,True,,True,
233071322_14,233071322,14,2634.33,2234.85,8,17.993,1,True,True,18.1184,45.7156,-0.348118,flare_decay,True,True,True,True,True,True,0.616508,0.934758,,,True,True,True,True,,True,
233071322_15,233071322,15,2612.29,4549.76,1,13.5061,1,False,True,15.7077,39.3008,4.52424,flare_decay,True,True,True,True,True,True,1.1781,1.10925,,,True,False,True,True,,True,
233071322_16,233071322,16,2617.71,734.976,24,12.0584,0,True,,,,,,,,,,,,,,,,,,,,,,
233071322_17,233071322,17,2611.39,866.216,24,14.2115,1,True,True,10.3267,20.5262,-4.32244,step,True,True,True,True,True,True,1.18766,1.31884,,,True,True,True,True,,True,
233071322_18,233071322,18,2626.58,517.173,24,8.48498,0,True,,,,,,,,,,,,,,,,,,,,,,
233071322_19,233071322,19,2610.98,1972.68,16,22.3739,1,True,True,12.805,43.4585,-10.3017,flare_decay,False,True,True,True,False,True,1.2022,1.03339,,,True,True,True,False,,True,
233097221_0,233097221,0,2630.76,33164.2,1,44.04,1,False,True,41.3004,317.815,-30.2022,flare_decay,False,True,True,True,True,True,0.699978,0.951591,,,True,False,True,True,,True,
233097221_1,233097221,1,2612.75,4013.26,16,19.1319,1,True,True,16.1022,70.1766,-9.17494,flare_decay,False,True,True,True,True,True,0.964829,0.895397,,,True,True,True,True,,True,
233097221_2,233097221,2,2630.39,2367.18,8,8.06907,1,True,True,9.97871,5.69866,-5.50762,flare_decay,False,True,True,True,True,True,0.541729,0.672257,,,False,True,True,True,,True,
233097221_3,233097221,3,2617.57,6971.86,8,23.7651,1,True,True,22.4055,123.184,-10.8751,flare_decay,False,True,True,True,False,True,0.833901,0.864881,,,True,True,True,False,,True,
233097221_4,233097221,4,2633.29,2516.18,24,15.0389,1,True,True,14.0141,22.8141,2.71227,flare_decay,True,True,True,True,True,True,0.986305,0.916714,,,True,True,True,True,,True,
233097221_5,233097221,5,2631.7,1249.85,8,4.26041,0,True,,,,,,,,,,,,,,,,,,,,,,
233097221_6,233097221,6,2626.6,4072.03,2,7.29426,1,False,True,7.86154,8.5048,-4.50895,flare_decay,False,True,True,True,True,True,1.07348,1.0089,,,False,False,True,True,,True,
233097221_7,233097221,7,2633.54,12509,1,16.6112,1,False,True,16.4816,59.8716,0.323695,flare_decay,True,True,True,True,True,True,1.18464,0.999814,,,True,False,True,True,,True,
233097221_8,233097221,8,2634.19,1498.75,16,7.14479,1,True,True,9.00202,0.137199,-9.4909,step,False,True,True,True,True,True,1.0067,0.954246,,,False,True,True,True,,True,
233097221_9,233097221,9,2633.09,1871.16,16,8.92015,1,True,True,9.04863,14.7411,-1.21744,flare_decay,True,True,True,True,True,True,1.18137,0.992106,0.000959816,0.000233322,True,True,True,True,,True,True
233097221_10,233097221,10,2629.39,18050.9,2,32.3348,1,False,True,33.4328,152.08,5.35713,flare_decay,True,True,True,True,True,True,1.15642,0.998218,,,True,False,True,True,,True,
233097221_11,233097221,11,2634.64,1949.59,16,9.29404,1,True,True,10.8516,10.38,-8.57195,flare_decay,False,True,True,True,True,True,0.941319,0.87124,0.0245508,0.000163812,True,True,True,True,,True,True
233097221_12,233097221,12,2620.26,6510.37,4,16.5148,1,True,True,17.2892,52.3389,-1.7712,flare_decay,True,True,True,True,True,True,0.89252,0.961618,,,True,True,True,True,,True,
233097221_13,233097221,13,2616.79,11192.4,16,53.3558,1,True,True,50.1661,520.438,45.3691,flare_decay,True,True,True,True,True,True,1.05954,0.97297,,,True,True,True,True,,True,
233097221_14,233097221,14,2618.75,3639.33,16,17.3493,1,True,True,16.3826,46.105,-9.92049,flare_decay,False,True,True,True,True,True,1.07379,1.01668,,,True,True,True,True,,True,
233097221_15,233097221,15,2629.27,3766.03,4,9.55326,1,True,True,8.70811,-8.60693,-7.37806,flare_decay,False,True,True,True,True,True,0.925033,0.791825,,,False,False,True,True,,True,
233097221_16,233097221,16,2632.24,15823.9,4,40.1402,1,True,True,36.6337,257.513,9.55099,flare_decay,True,True,True,True,True,True,0.966546,0.937077,,,True,True,True,True,,True,
233097221_17,233097221,17,2630.63,2430.53,1,3.22759,0,False,,,,,,,,,,,,,,,,,,,,,,
233097221_18,233097221,18,2627,7061.91,1,9.37777,1,False,True,9.69285,17.4254,-6.55371,flare_decay,False,True,True,True,True,True,0.907642,0.98469,,,True,False,True,True,,True,
233097221_19,233097221,19,2611.2,5501.05,4,13.9545,1,True,True,14.115,39.4232,-7.2526,flare_decay,False,True,True,True,True,True,0.924262,1.05497,,,True,True,True,True,True,True,
233172673_0,233172673,0,2632.26,3130.33,1,5.29872,0,False,,,,,,,,,,,,,,,,,,,,,,
233172673_1,233172673,1,2627.59,8763.53,2,20.0247,1,False,True,20.1118,95.2745,-13.3995,flare_decay,False,True,True,True,True,True,0.770285,0.919723,,,True,False,True,True,,True,
233172673_2,233172673,2,2628.25,15425.3,1,26.1105,1,False,True,26.8418,75.4936,-7.72373,flare_decay,False,True,True,True,True,True,0.921204,0.996221,,,True,False,True,True,,True,
233172673_3,233172673,3,2618.1,1816.54,2,4.15079,0,False,,,,,,,,,,,,,,,,,,,,,,
233172673_4,233172673,4,2625.33,2142.78,1,3.62709,0,False,,,,,,,,,,,,,,,,,,,,,,
233172673_5,233172673,5,2628.52,7752.17,16,52.4537,1,True,True,45.2506,537.361,20.5295,flare_decay,True,True,True,True,True,True,1.05363,1.02279,,,True,True,True,True,True,True,
233172673_6,233172673,6,2634.46,2731.92,8,13.3919,1,True,True,12.6755,31.2427,-4.58706,flare_decay,True,True,True,True,True,True,0.813557,0.813572,,,True,True,True,True,,True,
233172673_7,233172673,7,2619.65,971.765,24,8.3059,0,True,,,,,,,,,,,,,,,,,,,,,,
233172673_8,233172673,8,2629.37,8852.93,1,14.9854,1,False,True,15.0933,27.2451,-7.00193,flare_decay,False,True,True,True,True,True,1.31949,1.04041,,,True,False,True,True,,True,
233172673_9,233172673,9,2613.51,1622.9,16,10.981,0,True,,,,,,,,,,,,,,,,,,,,,,
233172673_10,233172673,10,2621.62,6982.61,2,15.9553,0,False,,,,,,,,,,,,,,,,,,,,,,
233172673_11,233172673,11,2635.19,13897,1,23.5234,1,False,True,25.1242,120.575,-16.7681,flare_decay,False,True,True,True,True,True,0.78997,0.994866,,,True,False,True,True,,True,
233172673_12,233172673,12,2635.21,20933.4,2,47.8329,1,False,True,48.7537,501.51,81.8117,flare_decay,True,True,True,True,True,True,0.712128,1.04003,,,True,False,True,True,,True,
233172673_13,233172673,13,2614.04,11580.6,2,26.4616,1,False,True,25.8116,156.188,-17.4444,flare_decay,False,True,True,True,True,True,0.899809,1.0251,,,True,False,True,True,,True,
233172673_14,233172673,14,2619.56,6669.58,8,32.6944,1,True,True,31.6843,222.372,17.312,flare_decay,True,True,True,True,True,True,0.730844,0.9353,,,True,True,True,True,,True,
233172673_15,233172673,15,2617.85,469.964,24,4.01689,0,True,,,,,,,,,,,,,,,,,,,,,,
233172673_16,233172673,16,2621.23,15565.9,1,26.3485,1,False,True,28.2495,90.8083,24.4305,flare_decay,True,True,True,True,True,True,0.755312,0.919679,,,True,False,True,True,,True,
233172673_17,233172673,17,2627.05,1698.44,4,5.40671,1,False,True,7.60311,3.69882,-3.21636,flare_decay,False,True,True,True,True,True,0.869343,0.765301,,,False,True,True,True,,True,
233172673_18,233172673,18,2634.12,665.476,16,4.50283,0,True,,,,,,,,,,,,,,,,,,,,,,
233172673_19,233172673,19,2612.52,1593.41,4,5.07235,0,False,,,,,,,,,,,,,,,,,,,,,,
233212803_0,233212803,0,2635.77,8404.24,8,33.4165,1,True,True,35.7826,122.69,82.3261,flare_decay,True,False,False,True,True,False,,,,,True,True,False,False,,True,
233212803_1,233212803,1,2615.31,1997.55,2,4.17879,0,False,,,,,,,,,,,,,,,,,,,,,,
233212803_2,233212803,2,2629.81,3876.95,1,5.97115,0,False,,,,,,,,,,,,,,,,,,,,,,
233212803_3,233212803,3,2633.7,3629.18,16,17.6445,1,True,True,17.1888,91.9236,12.3078,flare_decay,True,True,True,True,True,True,1.28338,0.973277,,,True,True,True,True,,True,
233212803_4,233212803,4,2611.61,1907.85,24,11.169,1,True,True,12.1901,36.3638,23.3571,step,True,False,True,True,True,True,0.868094,0.529453,,,True,True,True,True,,True,
233212803_5,233212803,5,2621.01,1385.49,8,5.50891,0,True,,,,,,,,,,,,,,,,,,,,,,
233212803_6,233212803,6,2611.49,1045.38,4,3.15086,0,True,,,,,,,,,,,,,,,,,,,,,,
233212803_7,233212803,7,2635.3,11486.2,4,34.6204,1,True,True,35.6105,295.727,20.5796,flare_decay,True,True,True,True,True,True,1.08174,0.968323,,,True,True,True,True,,True,
233212803_8,233212803,8,2631.19,2567.6,1,3.95454,0,False,,,,,,,,,,,,,,,,,,,,,,
233212803_9,233212803,9,2620.58,14433.3,2,30.1938,1,False,True,29.7472,73.8969,-34.2491,flare_decay,False,True,True,True,True,True,0.903948,0.942224,,,True,False,True,True,,True,
233212803_10,233212803,10,2611.77,1160.37,4,3.49745,0,True,,,,,,,,,,,,,,,,,,,,,,
233212803_11,233212803,11,2614.11,3108.41,8,12.3595,1,True,True,14.8919,39.6399,-8.9579,flare_decay,False,True,True,True,True,True,0.60806,0.834126,,,True,True,True,True,True,True,
233212803_12,233212803,12,2620.1,1436.63,24,8.41043,0,True,,,,,,,,,,,,,,,,,,,,,,
233212803_13,233212803,13,2626.6,7000.85,2,14.6455,1,False,True,13.2519,19.1413,-4.04598,flare_decay,True,True,True,True,True,True,1.00139,0.89448,,,True,False,True,True,,True,
233212803_14,233212803,14,2620.44,6207.71,1,9.56092,1,False,True,9.21459,1.43782,-2.90628,flare_decay,False,True,True,True,True,True,0.968336,0.833702,,,False,False,True,True,,True,
233212803_15,233212803,15,2634.26,11173.5,4,33.6779,1,True,True,33.4634,286.25,7.29991,flare_decay,True,True,True,True,True,True,1.06322,0.917251,,,True,True,True,True,,True,
233212803_16,233212803,16,2612.45,1110.62,4,3.34751,0,True,,,,,,,,,,,,,,,,,,,,,,
233212803_17,233212803,17,2619.98,6943.01,1,10.6934,1,False,True,11.3816,6.78776,-6.60205,flare_decay,False,True,True,True,True,True,1.02128,0.988299,,,False,False,True,True,,True,
233212803_18,233212803,18,2635.95,1489.46,4,4.48935,0,True,,,,,,,,,,,,,,,,,,,,,,
233212803_19,233212803,19,2617.15,5074.11,16,24.6695,1,True,True,21.638,169.567,7.92614,flare_decay,True,True,True,True,True,True,1.33215,0.977312,,,True,True,True,True,True,True,
236934447_0,236934447,0,2613.06,9972.93,4,32.7554,1,False,True,31.6707,273.972,16.2666,flare_decay,True,True,True,True,True,True,0.934935,0.95042,,,True,False,True,True,,True,
236934447_1,236934447,1,2611.73,2322.76,8,9.67883,1,True,True,15.0793,25.5243,-1.7771,flare_decay,True,True,True,True,True,True,0.804694,0.754945,0.216866,0.0771521,True,True,True,True,,True,True
236934447_2,236934447,2,2615.82,3596.27,8,14.9855,1,True,True,13.8712,38.8995,3.36325,flare_decay,True,True,True,True,True,True,1.31848,0.855637,,,True,True,True,True,,True,
236934447_3,236934447,3,2627.82,4147.86,16,26.8424,1,True,True,22.468,138.4,2.13349,flare_decay,True,True,True,True,True,True,1.00181,0.859453,,,True,True,True,True,,True,
236934447_4,236934447,4,2616.78,3770.22,2,8.62957,1,False,True,9.52602,1.73094,-4.0594,flare_decay,False,True,True,True,True,True,0.68315,0.798535,,,False,False,True,True,,True,
236934447_5,236934447,5,2631.13,920.946,8,3.83754,0,True,,,,,,,,,,,,,,,,,,,,,,
236934447_6,236934447,6,2631.45,2110.38,4,6.93139,0,False,,,,,,,,,,,,,,,,,,,,,,
236934447_7,236934447,7,2632.32,2332.76,4,7.6618,1,False,True,7.63944,4.76158,-9.80466,flare_decay,False,True,True,True,True,True,0.91906,0.815222,,,False,False,True,True,,True,
236934447_8,236934447,8,2627.51,11049.5,2,25.291,1,False,True,25.2252,143.917,-7.95513,flare_decay,False,True,True,True,True,True,0.854192,0.861446,,,True,False,True,True,,True,
236934447_9,236934447,9,2635.01,9210.34,1,14.7555,1,False,True,13.9657,60.9696,-6.7867,flare_decay,False,True,True,True,True,True,1.38845,0.927997,,,True,False,True,True,,True,
236934447_10,236934447,10,2626.06,663.527,16,4.29394,0,True,,,,,,,,,,,,,,,,,,,,,,
236934447_11,236934447,11,2633.09,8041.4,16,52.0391,1,True,True,45.9541,728.206,61.8708,flare_decay,True,True,True,True,True,True,1.13502,0.919605,,,True,True,True,True,,True,
236934447_12,236934447,12,2618.18,5185.04,1,8.30675,1,False,True,8.9091,18.1103,-1.69433,flare_decay,True,True,True,True,True,True,0.975704,0.845042,,,True,False,True,True,,True,
236934447_13,236934447,13,2633.38,1493.12,4,4.90406,0,False,,,,,,,,,,,,,,,,,,,,,,
236934447_14,236934447,14,2616.93,1839.64,16,11.905,1,True,True,11.5664,33.3321,-7.09397,flare_decay,False,True,True,True,True,True,1.31012,0.950968,0.029807,0.0296505,True,True,True,True,,True,True
236934447_15,236934447,15,2618.63,707.876,16,4.58094,0,True,,,,,,,,,,,,,,,,,,,,,,
236934447_16,236934447,16,2620.08,9417.91,8,39.244,1,True,True,38.5165,372.196,27.9419,flare_decay,True,True,True,True,True,True,1.41345,0.873002,,,True,True,True,True,,True,
236934447_17,236934447,17,2633.34,3078.14,16,19.9199,1,True,True,17.4125,61.4491,2.92407,flare_decay,True,True,True,True,True,True,1.06333,0.922861,,,True,True,True,True,,True,
236934447_18,236934447,18,2612.61,3253.05,24,27.2258,1,True,True,18.2176,98.5158,-16.5006,flare_decay,False,True,True,True,False,True,0.932847,0.897678,,,True,True,True,False,,True,
236934447_19,236934447,19,2626.63,15342.6,2,35.1174,1,False,True,34.5213,285.115,22.5307,flare_decay,True,True,True,True,True,True,1.02585,0.926258,,,True,False,True,True,,True,
241264175_0,241264175,0,2615.26,1325.61,8,3.99355,0,True,,,,,,,,,,,,,,,,,,,,,,
241264175_1,241264175,1,2614.31,10164.6,4,21.877,1,True,True,22.5122,78.3599,-1.08955,flare_decay,True,True,True,True,True,True,0.883406,0.926904,,,True,True,True,True,True,True,
241264175_2,241264175,2,2610.69,9475.18,2,15.0914,1,True,True,15.2097,34.436,-7.56385,flare_decay,False,True,True,True,True,True,1.2101,0.849325,,,True,True,True,True,,True,
241264175_3,241264175,3,2635.04,4668.99,24,25.997,1,True,True,20.9314,90.2441,-10.3823,flare_decay,False,True,True,True,True,True,0.878575,0.907922,,,True,True,True,True,,True,
241264175_4,241264175,4,2618.04,30633.8,1,34.8162,1,False,True,38.7863,347.581,-14.3267,flare_decay,False,True,True,True,True,True,0.941025,0.831621,,,True,False,True,True,,True,
241264175_5,241264175,5,2615.21,1397.27,24,7.78,0,True,,,,,,,,,,,,,,,,,,,,,,
241264175_6,241264175,6,2617.83,6738.76,8,20.3013,1,True,True,19.0811,50.775,-7.20682,flare_decay,False,True,True,True,True,True,0.957031,0.935887,,,True,True,True,True,,True,
241264175_7,241264175,7,2618.34,7542.03,4,16.2326,1,True,True,17.8891,44.1419,-8.01385,flare_decay,False,True,True,True,True,True,0.620097,0.786641,,,True,True,True,True,,True,
241264175_8,241264175,8,2634.52,3337.37,8,10.0543,1,True,True,8.72611,-2.01286,-3.65275,flare_decay,False,True,True,True,True,True,0.983918,0.932855,,,False,True,True,True,,True,
241264175_9,241264175,9,2627.56,26321.8,1,29.9155,1,False,True,30.5692,155.963,1.96262,flare_decay,True,True,True,True,True,True,0.908143,0.91687,,,True,False,True,True,,True,
241264175_10,241264175,10,2631.28,5057.05,24,28.1577,1,True,True,21.249,120.516,-5.10137,flare_decay,True,True,True,True,True,True,1.16635,0.867317,,,True,True,True,True,True,True,
241264175_11,241264175,11,2631.31,6911.99,2,11.0089,1,True,True,10.1686,7.4991,-2.59492,flare_decay,False,True,True,True,True,True,0.947285,0.856163,,,False,True,True,True,,True,
241264175_12,241264175,12,2618.68,1446.55,4,3.11339,0,True,,,,,,,,,,,,,,,,,,,,,,
241264175_13,241264175,13,2617.25,8236.27,2,13.1182,1,True,True,14.4639,38.5038,-0.0500208,flare_decay,True,True,True,True,True,True,0.773896,0.81953,,,True,True,True,True,True,True,
241264175_14,241264175,14,2615.55,9997.65,4,21.5178,1,True,True,21.8394,134.984,1.29492,flare_decay,True,True,True,True,True,True,0.912881,0.971232,,,True,True,True,True,,True,
241264175_15,241264175,15,2628.29,1528.67,24,8.51163,0,True,,,,,,,,,,,,,,,,,,,,,,
241264175_16,241264175,16,2615.88,19322.8,4,41.5882,1,True,True,40.8884,457.482,-15.945,flare_decay,False,True,True,True,True,True,0.812144,0.908156,,,True,True,True,True,,True,
241264175_17,241264175,17,2619.41,10854.8,1,12.3368,1,False,True,13.73,14.1649,-5.64501,flare_decay,True,True,True,True,True,True,0.754504,0.82476,,,True,False,True,True,,True,
241264175_18,241264175,18,2633.79,4103.97,1,4.66429,0,False,,,,,,,,,,,,,,,,,,,,,,
241264175_19,241264175,19,2632.49,7544.41,16,34.788,1,True,True,29.4017,178.706,18.7799,flare_decay,True,False,True,True,True,True,1.14148,0.943501,,,True,True,True,True,,True,
252798186_0,252798186,0,2613.33,3909.94,16,41.7328,1,True,True,42.0652,315.364,33.558,flare_decay,True,True,True,True,True,True,0.411701,0.785683,,,True,True,True,True,,True,
252798186_1,252798186,1,2613.98,2285.9,16,24.3986,1,True,True,22.7249,69.6176,-3.92533,flare_decay,True,True,True,True,True,True,0.363684,1.40026,,,True,True,True,True,,True,
252798186_2,252798186,2,2633.15,1830.77,16,19.5407,1,True,True,16.6373,33.2289,-10.1947,flare_decay,False,True,True,True,True,True,0.944174,1.00938,,,True,True,True,True,,True,
252798186_3,252798186,3,2612.3,1373.99,24,20.8957,1,True,True,16.9074,42.0679,-5.86974,flare_decay,True,True,False,True,True,False,0.156727,0.298318,,,True,True,True,False,,True,
252798186_4,252798186,4,2630.15,7035.93,4,38.3088,1,True,True,39.3886,275.546,-3.82116,flare_decay,True,True,True,True,True,True,0.713167,0.939603,,,True,True,True,True,,True,
252798186_5,252798186,5,2617.62,4739.75,2,18.0467,1,False,True,16.753,40.4097,0.706287,flare_decay,True,True,True,True,True,True,1.00932,0.893425,,,True,False,True,True,,True,
252798186_6,252798186,6,2634.49,15124.4,2,57.5867,1,False,True,56.7135,616.36,93.8925,flare_decay,True,True,True,True,True,True,0.895814,0.999356,,,True,False,True,True,,True,
252798186_7,252798186,7,2633.2,1021.81,16,10.9063,1,True,True,8.86107,7.27868,-9.14642,flare_decay,False,True,True,True,True,True,0.883567,1.0018,,,False,True,True,True,,True,
252798186_8,252798186,8,2616.08,2180.51,1,5.58236,0,False,,,,,,,,,,,,,,,,,,,,,,
252798186_9,252798186,9,2627.28,1352.54,24,20.5696,1,True,True,16.191,30.9739,5.85048,flare_decay,True,True,True,True,True,True,0.687063,0.99134,,,True,True,True,True,,True,
252798186_10,252798186,10,2633.24,415.25,16,4.43218,0,True,,,,,,,,,,,,,,,,,,,,,,
252798186_11,252798186,11,2630.62,456.271,16,4.87001,0,True,,,,,,,,,,,,,,,,,,,,,,
252798186_12,252798186,12,2628.15,935.728,2,3.56281,0,False,,,,,,,,,,,,,,,,,,,,,,
252798186_13,252798186,13,2615.36,2378.27,2,9.05532,1,False,True,10.9407,6.4551,-3.75704,flare_decay,False,True,True,True,True,True,1.07256,0.923789,,,False,False,True,True,,True,
252798186_14,252798186,14,2626.49,611.084,4,3.32719,0,True,,,,,,,,,,,,,,,,,,,,,,
252798186_15,252798186,15,2612.72,829.552,2,3.15854,0,False,,,,,,,,,,,,,,,,,,,,,,
252798186_16,252798186,16,2617.87,1034.24,2,3.93791,0,False,,,,,,,,,,,,,,,,,,,,,,
252798186_17,252798186,17,2635.59,6258.74,2,23.8303,1,False,True,22.014,47.9218,3.24538,flare_decay,True,True,True,True,True,True,0.903883,1.03929,,,True,False,True,True,,True,
252798186_18,252798186,18,2634.95,4042.56,2,15.3921,1,False,True,14.863,37.3425,1.47701,flare_decay,True,True,True,True,True,True,1.16172,0.948919,,,True,False,True,True,,True,
252798186_19,252798186,19,2635.89,4117.94,2,15.6792,0,False,,,,,,,,,,,,,,,,,,,,,,
252805904_0,252805904,0,2633.68,879.131,24,5.71102,0,True,,,,,,,,,,,,,,,,,,,,,,
252805904_1,252805904,1,2621.58,2535.18,16,12.032,1,True,True,8.53678,-8.15208,-3.52711,step,False,False,False,True,True,False,2.04688,12.5833,,,False,True,False,False,,True,
252805904_2,252805904,2,2615.21,11506.9,1,16.1434,1,False,True,14.2449,54.6274,-6.3703,flare_decay,False,True,True,True,True,True,0.881311,0.835898,,,True,False,True,True,,True,
252805904_3,252805904,3,2614.31,4263.46,1,5.98134,0,False,,,,,,,,,,,,,,,,,,,,,,
252805904_4,252805904,4,2626.93,19302.2,1,27.0797,1,False,True,25.4776,65.5002,-1.87292,flare_decay,True,True,True,True,True,True,1.22192,0.989403,,,True,False,True,True,,True,
252805904_5,252805904,5,2611.83,22274.2,2,43.5063,1,False,True,44.6083,308.205,17.8466,flare_decay,True,True,True,True,True,True,1.18825,0.907494,,,True,False,True,True,,True,
252805904_6,252805904,6,2628.49,1559.69,8,6.05367,0,True,,,,,,,,,,,,,,,,,,,,,,
252805904_7,252805904,7,2618.88,2502.8,4,7.33366,1,True,False,,,,,,,,,,,,,,,,,,,,,
252805904_8,252805904,8,2628.61,14979.6,2,29.2585,1,False,True,29.6565,137.107,19.2522,flare_decay,True,True,True,True,True,True,0.690399,0.943914,,,True,False,True,True,,True,
252805904_9,252805904,9,2635.68,1721.3,4,5.04372,0,True,,,,,,,,,,,,,,,,,,,,,,
252805904_10,252805904,10,2620.17,1081.53,24,7.02582,0,True,,,,,,,,,,,,,,,,,,,,,,
252805904_11,252805904,11,2630.15,10361.6,4,30.3615,1,False,True,28.899,228.867,14.8603,flare_decay,True,True,True,True,True,True,1.03858,0.972534,,,True,True,True,True,,True,
252805904_12,252805904,12,2610.68,2896.14,24,18.8139,1,True,True,14.0042,1.09035,-7.183,step,False,False,False,True,True,False,1.72353,3.62587,,,False,True,False,False,,True,
252805904_13,252805904,13,2629.61,3316.49,2,6.47783,0,False,,,,,,,,,,,,,,,,,,,,,,
252805904_14,252805904,14,2627.61,14888.8,4,43.6269,1,False,True,44.2836,343.868,29.4205,flare_decay,True,True,True,True,True,True,0.843703,0.948182,,,True,True,True,True,,True,
252805904_15,252805904,15,2628.5,1965.59,16,9.32874,1,True,True,9.39099,17.3257,-8.20906,step,False,True,True,True,True,True,1.04122,0.866066,5.55093e-06,0,True,True,True,True,,True,True
252805904_16,252805904,16,2618.79,12231.3,1,17.1596,1,False,True,18.4304,54.8814,-5.45151,flare_decay,True,True,True,True,True,True,1.00314,0.892224,,,True,False,True,True,,True,
252805904_17,252805904,17,2626.62,1539.28,4,4.51038,0,True,,,,,,,,,,,,,,,,,,,,,,
252805904_18,252805904,18,2617.07,3612.23,8,14.0202,1,True,True,13.5688,21.9813,-4.93285,flare_decay,True,True,True,True,True,True,1.1537,0.996939,2.32625e-06,0,True,True,True,True,,True,True
252805904_19,252805904,19,2635.27,16900.7,4,49.5222,1,False,True,46.2579,816.3,38.8821,flare_decay,True,True,True,True,True,True,0.957601,0.926287,,,True,True,True,True,,True,
230081330_0,230081330,0,2619.68,5044.05,16,59.187,1,True,True,46.7906,824.614,60.3655,flare_decay,True,True,True,True,True,True,1.23477,0.961251,,,True,True,True,True,,True,
230081330_1,230081330,1,2631.79,666.542,16,7.82123,0,True,,,,,,,,,,,,,,,,,,,,,,
230081330_2,230081330,2,2628.64,6661.23,4,43.9284,1,True,True,42.3739,307.116,16.1293,flare_decay,True,True,True,True,True,True,0.794769,0.985491,,,True,True,True,True,,True,
230081330_3,230081330,3,2633.14,2935.1,8,23.1005,1,True,True,22.6487,156.029,11.2388,flare_decay,True,True,True,True,True,True,1.17822,0.933825,0.000181765,1.77594e-11,True,True,True,True,True,True,True
230081330_4,230081330,4,2634.07,8249.78,2,38.8615,1,False,True,38.522,263.592,28.32,flare_decay,True,True,True,True,True,True,0.659348,0.984762,,,True,False,True,True,,True,
230081330_5,230081330,5,2633.35,773.964,24,10.1979,0,True,,,,,,,,,,,,,,,,,,,,,,
230081330_6,230081330,6,2630.23,437.248,8,3.44134,0,True,,,,,,,,,,,,,,,,,,,,,,
230081330_7,230081330,7,2618.17,785.464,4,5.17985,0,True,,,,,,,,,,,,,,,,,,,,,,
230081330_8,230081330,8,2625.84,13297.7,1,45.2651,1,False,True,46.2786,386.304,43.4006,flare_decay,True,True,True,True,True,True,1.49067,0.970276,,,True,False,True,True,,True,
230081330_9,230081330,9,2628.61,396.578,8,3.12125,0,True,,,,,,,,,,,,,,,,,,,,,,
230081330_10,230081330,10,2635.05,5708.56,4,37.6459,1,True,True,38.7376,236.878,18.8564,flare_decay,True,True,True,True,True,True,0.881312,0.926811,,,True,True,True,True,True,True,
230081330_11,230081330,11,2626.17,2580.91,2,12.1577,1,False,True,13.5506,20.1826,-4.32344,flare_decay,True,True,True,True,True,True,1.33171,0.920129,,,True,False,True,True,,True,
230081330_12,230081330,12,2617.09,406.798,24,5.36005,0,True,,,,,,,,,,,,,,,,,,,,,,
230081330_13,230081330,13,2621.25,666.759,24,8.78534,0,True,,,,,,,,,,,,,,,,,,,,,,
230081330_14,230081330,14,2615.27,1360.36,1,4.63062,0,False,,,,,,,,,,,,,,,,,,,,,,
230081330_15,230081330,15,2614.35,4708.46,16,55.2492,1,True,True,47.9634,644.863,8.98546,flare_decay,True,True,True,True,True,True,1.36461,1.74846,,,True,True,True,True,,True,
230081330_16,230081330,16,2618.03,3146.44,1,10.7104,1,False,True,10.6822,19.4175,-0.842678,flare_decay,True,True,True,True,True,True,1.08874,1.08266,,,True,False,True,True,,True,
230081330_17,230081330,17,2618.89,1115.52,16,13.0896,1,True,True,14.7336,77.2687,10.6883,flare_decay,True,True,True,True,True,True,0.993249,0.874509,,,True,True,True,True,,True,
230081330_18,230081330,18,2626.66,1716.36,1,5.84245,0,False,,,,,,,,,,,,,,,,,,,,,,
230081330_19,230081330,19,2633.49,3533.52,24,46.5583,1,True,True,36.3087,648.955,-0.756728,flare_decay,True,True,True,True,True,True,1.46523,1.00538,,,True,True,True,True,,True,
230083619_0,230083619,0,2635.78,30480.1,2,44.1885,1,False,True,45.579,558.646,60.7948,flare_decay,True,True,True,True,True,True,0.970132,1.00802,,,True,False,True,True,,True,
230083619_1,230083619,1,2630.16,16040.8,4,32.7947,1,True,True,31.0102,226,3.05701,flare_decay,True,True,True,True,True,True,1.14341,1.02072,,,True,True,True,True,,True,
230083619_2,230083619,2,2629.78,1175.26,24,6.31493,0,True,,,,,,,,,,,,,,,,,,,,,,
230083619_3,230083619,3,2635.42,1103.19,8,3.00503,0,True,,,,,,,,,,,,,,,,,,,,,,
230083619_4,230083619,4,2630.16,1984.68,4,4.05759,0,True,,,,,,,,,,,,,,,,,,,,,,
230083619_5,230083619,5,2619.27,16652.7,2,24.1422,1,False,True,23.8009,211.634,18.19,flare_decay,True,True,True,True,True,True,1.70326,0.967871,,,True,False,True,True,,True,
230083619_6,230083619,6,2635.82,8899.76,16,38.6418,1,True,True,25.8891,-12.9071,-7.78313,step,False,False,False,True,True,False,,,,,False,True,False,False,,True,
230083619_7,230083619,7,2627.03,2751.99,16,11.9488,0,True,,,,,,,,,,,,,,,,,,,,,,
230083619_8,230083619,8,2629.82,4195.96,1,4.57177,0,False,,,,,,,,,,,,,,,,,,,,,,
230083619_9,230083619,9,2628.78,2012.12,8,5.48093,0,True,,,,,,,,,,,,,,,,,,,,,,
230083619_10,230083619,10,2617.8,11596.6,16,50.3511,1,True,True,43.8477,471.523,29.9936,flare_decay,True,True,True,True,True,True,1.22481,0.956252,,,True,True,True,True,,True,
230083619_11,230083619,11,2635.28,13502,8,36.7789,1,True,True,35.8502,225.962,13.7967,flare_decay,True,True,True,True,True,True,1.14667,1.01244,,,True,True,True,True,True,True,
230083619_12,230083619,12,2630.3,13516.2,2,19.5952,1,False,True,20.7845,64.8214,12.5455,flare_decay,True,True,True,True,True,True,1.26717,0.905024,,,True,False,True,True,,True,
230083619_13,230083619,13,2610.96,6461.98,24,34.7218,1,True,True,18.1527,4.78759,9.94665,step,False,False,True,True,True,True,1.28592,0.902876,,,False,True,True,True,,True,
230083619_14,230083619,14,2618.61,8880.57,16,38.5584,1,True,True,37.4961,313.186,37.1636,flare_decay,True,True,True,True,True,True,1.33494,0.960795,,,True,True,True,True,,True,
230083619_15,230083619,15,2612.12,2716.91,8,7.40075,1,True,True,7.8029,-0.549301,-7.51032,flare_decay,False,True,True,True,True,True,1.27273,1.03126,,,False,True,True,True,,True,
230083619_16,230083619,16,2612.72,30225.1,2,43.8189,1,False,True,43.3984,458.976,-43.1492,flare_decay,False,True,True,True,True,True,1.41666,0.981204,,,True,False,True,True,,True,
230083619_17,230083619,17,2635.91,1299.29,24,6.9814,0,True,,,,,,,,,,,,,,,,,,,,,,
230083619_18,230083619,18,2630.74,8401.46,24,45.1431,1,True,True,36.876,346.395,41.4713,flare_decay,True,True,True,True,True,True,1.36372,0.964327,,,True,True,True,True,,True,
230083619_19,230083619,19,2626.07,2904.53,4,5.93818,0,True,,,,,,,,,,,,,,,,,,,,,,
230119674_0,230119674,0,2611.79,20209.8,1,30.6635,1,False,True,28.9367,180.633,0.479501,flare_decay,True,True,True,True,True,True,1.15696,0.873043,,,True,False,True,True,,True,
230119674_1,230119674,1,2634.89,7183.06,2,15.2434,1,False,True,14.8137,26.1707,-4.18526,flare_decay,True,True,True,True,True,True,0.719816,0.827994,,,True,False,True,True,,True,
230119674_2,230119674,2,2613.41,3937.35,2,8.35555,1,False,True,7.44725,2.64917,-4.42681,flare_decay,False,True,True,True,True,True,0.93168,0.95812,,,False,False,True,True,,True,
230119674_3,230119674,3,2618.86,3263.48,8,14.931,1,True,True,12.9456,31.7397,-4.08151,flare_decay,True,True,True,True,True,True,0.910838,0.893848,,,True,True,True,True,,True,
230119674_4,230119674,4,2617.34,3442.42,16,21.9356,1,True,True,22.6992,66.2069,4.85957,flare_decay,True,True,True,True,True,True,0.793011,0.822013,,,True,True,True,True,,True,
230119674_5,230119674,5,2625.59,1734.44,16,11.0521,0,True,,,,,,,,,,,,,,,,,,,,,,
230119674_6,230119674,6,2619.79,12941.2,2,27.4628,1,False,True,26.4018,141.671,-12.148,flare_decay,False,True,True,True,True,True,1.45091,0.889161,,,True,False,True,True,,True,
230119674_7,230119674,7,2617.77,3193.39,8,14.6103,1,True,True,16.9428,36.019,-11.8493,flare_decay,False,True,True,True,True,True,0.741527,0.891026,,,True,True,True,True,True,True,
230119674_8,230119674,8,2632.45,10855.5,8,49.666,1,True,True,47.4674,525.413,43.2835,flare_decay,True,True,True,True,True,True,0.770128,0.87198,,,True,True,True,True,True,True,
230119674_9,230119674,9,2630.46,2390.91,16,15.2352,1,True,True,13.0952,41.4213,-10.4185,flare_decay,False,True,True,True,True,True,0.960458,0.90885,,,True,True,True,True,,True,
230119674_10,230119674,10,2634.44,897.286,24,7.90113,0,True,,,,,,,,,,,,,,,,,,,,,,
230119674_11,230119674,11,2620.69,3903.07,1,5.92197,1,False,True,7.20736,-5.00332,0.957101,flare_decay,False,True,True,True,True,True,0.762981,0.791828,,,False,False,True,True,,True,
230119674_12,230119674,12,2633.07,1454.11,24,12.8043,1,True,True,11.7589,24.6866,-4.07106,flare_decay,True,True,True,True,True,True,0.773805,0.83365,,,True,True,True,True,,True,
230119674_13,230119674,13,2632.14,25912.7,1,39.3163,1,False,True,38.4374,320.547,9.23538,flare_decay,True,True,True,True,True,True,0.861984,0.885231,,,True,False,True,True,,True,
230119674_14,230119674,14,2634.95,3132.67,16,19.9618,1,True,True,18.3554,46.231,-3.10222,flare_decay,True,True,True,True,True,True,0.850101,0.901474,,,True,True,True,True,,True,
230119674_15,230119674,15,2632.93,4590.19,8,21.0009,1,True,True,20.0548,81.0928,-1.89484,flare_decay,True,True,True,True,True,True,0.91927,0.854692,,,True,True,True,True,True,True,
230119674_16,230119674,16,2614.17,20024.5,1,30.3824,1,False,True,28.6682,170.126,-23.0873,flare_decay,False,True,True,True,True,True,0.924795,0.91449,,,True,False,True,True,,True,
230119674_17,230119674,17,2614.32,9867.32,4,29.0943,1,False,True,29.2852,122.08,5.78896,flare_decay,True,True,True,True,True,True,0.956126,0.888789,,,True,False,True,True,,True,
230119674_18,230119674,18,2635.81,2681.12,24,23.6089,1,True,True,12.2802,-7.21289,-6.35551,step,False,True,True,True,True,True,0.314181,0.66017,,,False,True,True,True,,True,
230119674_19,230119674,19,2612.78,7840.57,2,16.6387,1,False,True,17.4449,50.3634,-7.54857,flare_decay,False,True,True,True,True,True,0.956899,0.782412,,,True,False,True,True,,True,
230124692_0,230124692,0,2635.84,1301,16,8.53585,0,True,,,,,,,,,,,,,,,,,,,,,,
230124692_1,230124692,1,2614.65,5296.97,16,34.7534,1,True,True,27.6997,135.231,9.81656,flare_decay,True,True,True,True,True,True,0.790803,1.05245,,,True,True,True,True,True,True,
230124692_2,230124692,2,2611.6,21892.1,4,52.9545,1,True,True,51.1635,491.583,35.5094,flare_decay,True,True,True,True,True,True,0.843946,0.966403,,,True,True,True,True,,True,
230124692_3,230124692,3,2613.63,555.628,24,5.72901,0,True,,,,,,,,,,,,,,,,,,,,,,
230124692_4,230124692,4,2616.75,2209.36,24,22.7804,1,True,True,20.3154,33.0031,-10.2009,flare_decay,False,True,True,True,True,True,0.59284,0.963701,,,True,True,True,True,True,True,
230124692_5,230124692,5,2613.89,7091.81,1,8.78059,1,False,True,9.20615,7.88661,-0.840286,flare_decay,False,True,True,True,True,True,1.13608,1.09503,,,False,False,True,True,,True,
230124692_6,230124692,6,2614.52,2304.51,4,5.57436,0,True,,,,,,,,,,,,,,,,,,,,,,
230124692_7,230124692,7,2629.93,3252.3,8,11.965,1,True,True,12.1848,5.65705,2.61455,flare_decay,False,True,True,True,True,True,0.881766,0.72429,,,False,True,True,True,,True,
230124692_8,230124692,8,2632.48,8572.84,4,20.7368,1,True,True,20.395,29.6162,-8.13205,flare_decay,False,True,True,True,True,True,0.816836,0.94409,,,True,True,True,True,,True,
230124692_9,230124692,9,2627.34,15985.3,4,38.6668,1,True,True,36.0576,194.049,2.2107,flare_decay,True,True,True,True,True,True,1.08349,0.968276,,,True,True,True,True,True,True,
230124692_10,230124692,10,2616.53,28237.3,1,34.9615,1,False,True,35.7462,320.51,9.76858,flare_decay,True,True,True,True,True,True,0.972298,0.951654,,,True,False,True,True,,True,
230124692_11,230124692,11,2633.59,10756.5,2,18.6486,1,False,True,19.5136,45.9192,0.614769,flare_decay,True,True,True,True,True,True,1.1203,0.92189,,,True,False,True,True,,True,
230124692_12,230124692,12,2612.51,5379.84,4,13.0132,1,True,True,12.2882,24.0689,-0.33173,flare_decay,True,True,True,True,True,True,1.10289,1.12263,,,True,True,True,True,,True,
230124692_13,230124692,13,2630.18,7974.94,2,13.8262,1,False,True,12.6757,8.85558,-0.0213345,flare_decay,False,True,True,True,True,True,1.18604,0.929215,,,False,False,True,True,,True,
230124692_14,230124692,14,2630.33,4890.09,1,6.05457,1,False,True,7.54111,-0.632043,-1.63454,flare_decay,False,True,True,True,True,True,0.775939,0.792286,,,False,False,True,True,,True,
230124692_15,230124692,15,2616.39,2870.54,8,10.5605,1,True,True,11.8567,23.1996,-8.66172,flare_decay,False,True,True,True,True,True,0.680725,0.793839,0.037763,0,True,True,True,True,,True,True
230124692_16,230124692,16,2632.91,6873.22,1,8.50995,1,False,True,9.13833,12.1546,-7.98481,flare_decay,False,True,True,True,True,True,0.666238,0.776789,,,True,False,True,True,,True,
230124692_17,230124692,17,2632.81,4645.05,2,8.05318,1,False,True,7.37674,6.30656,-7.31362,flare_decay,False,True,True,True,True,True,0.90516,1.01101,,,False,False,True,True,,True,
230124692_18,230124692,18,2634.89,32976.9,1,40.8297,1,False,True,43.0723,324.22,-22.484,flare_decay,False,True,True,True,True,True,0.993592,0.926208,,,True,False,True,True,,True,
230124692_19,230124692,19,2621.14,7844.46,1,9.71248,1,False,True,10.9034,33.642,-7.83647,flare_decay,False,True,True,True,True,True,1.09951,1.02976,,,True,False,True,True,,True,
233232752_0,233232752,0,2634.47,31452.5,1,52.3051,1,False,True,50.4404,256.297,-1.48536,flare_decay,True,True,True,True,True,True,0.811833,0.97159,,,True,False,True,True,,True,
233232752_1,233232752,1,2619.77,1369.24,16,9.02593,1,True,True,10.7025,1.11418,-10.201,flare_decay,False,True,True,True,True,True,0.715539,0.794506,,,False,True,True,True,,True,
233232752_2,233232752,2,2612.19,1540.92,16,10.1576,0,True,,,,,,,,,,,,,,,,,,,,,,
233232752_3,233232752,3,2620.09,8032.95,16,52.9526,1,True,True,50.4427,410.54,15.7152,flare_decay,True,True,True,True,True,True,0.766981,0.939377,,,True,True,True,True,True,True,
233232752_4,233232752,4,2615.26,6207.91,16,40.9221,1,True,True,37.9115,273.665,8.38193,flare_decay,True,True,True,True,False,True,0.399703,0.533345,,,True,True,True,False,,True,
233232752_5,233232752,5,2635.48,3895.95,4,12.3747,1,True,True,12.2619,39.4399,-2.99358,flare_decay,True,True,True,True,True,True,0.859301,1.01466,,,True,True,True,True,,True,
233232752_6,233232752,6,2616.14,2666.11,1,4.43371,0,False,,,,,,,,,,,,,,,,,,,,,,
233232752_7,233232752,7,2619.65,5249.89,1,8.73052,1,False,True,9.59767,19.958,-0.872394,flare_decay,True,True,True,True,True,True,0.808563,0.793052,,,True,False,True,True,,True,
233232752_8,233232752,8,2613.49,5846.05,1,9.72192,1,False,True,8.38059,4.70279,-8.01581,flare_decay,False,True,True,True,True,True,0.971287,0.992287,,,False,False,True,True,,True,
233232752_9,233232752,9,2635.91,962.959,24,7.10459,0,True,,,,,,,,,,,,,,,,,,,,,,
233232752_10,233232752,10,2614.25,1571.43,8,6.88929,1,True,True,8.171,-0.694118,-6.94937,flare_decay,False,True,True,True,True,True,0.497506,0.977093,,,False,True,True,True,,True,
233232752_11,233232752,11,2616.09,1225.31,8,5.37188,0,True,,,,,,,,,,,,,,,,,,,,,,
233232752_12,233232752,12,2632.59,3430.71,4,10.8969,1,True,True,10.5956,16.744,-7.65042,flare_decay,False,True,True,True,True,True,1.40736,1.19606,,,True,True,True,True,,True,
233232752_13,233232752,13,2635.75,34539.9,1,57.4395,1,False,True,61.003,918.151,-6.12423,flare_decay,False,True,True,True,True,True,1.06027,0.958163,,,True,False,True,True,,True,
233232752_14,233232752,14,2618.84,3329.38,16,21.947,1,True,True,20.3529,67.6796,-15.6013,flare_decay,False,True,True,True,True,True,0.832961,0.934781,,,True,True,True,True,,True,
233232752_15,233232752,15,2632.58,680.563,16,4.48622,0,True,,,,,,,,,,,,,,,,,,,,,,
233232752_16,233232752,16,2628.73,2759.52,8,12.098,1,True,True,12.8634,12.5817,-2.31596,flare_decay,True,True,True,True,True,True,1.22876,0.946067,,,True,True,True,True,True,True,
233232752_17,233232752,17,2633.88,17138.8,4,54.4377,1,True,True,53.5992,384.435,20.0701,flare_decay,True,True,True,True,True,True,0.902008,0.993579,5.50605e-11,1.3263e-213,True,True,True,True,,True,True
233232752_18,233232752,18,2613.07,29916.4,1,49.7507,1,False,True,49.4456,407.725,-10.7096,flare_decay,False,True,True,True,True,True,0.813631,0.903918,,,True,False,True,True,,True,
233232752_19,233232752,19,2626.61,1725.29,8,7.56382,1,True,True,9.78805,1.25142,-5.47735,flare_decay,False,True,True,True,True,True,0.723194,0.796798,,,False,True,True,True,,True,
233512760_0,233512760,0,2613.13,1543.74,4,4.76298,0,False,,,,,,,,,,,,,,,,,,,,,,
233512760_1,233512760,1,2614.38,6255.04,1,9.26004,1,False,True,11.2063,24.5067,-1.77781,flare_decay,True,True,True,True,True,True,0.857724,1.09575,,,True,False,True,True,,True,
233512760_2,233512760,2,2617.17,831.292,8,3.68881,0,True,,,,,,,,,,,,,,,,,,,,,,
233512760_3,233512760,3,2616.17,6106.02,1,9.03943,1,False,True,7.81462,0.916639,-5.07236,flare_decay,False,True,True,True,True,True,1.45624,0.887794,,,False,False,True,True,,True,
233512760_4,233512760,4,2634.3,6260.51,8,27.7807,1,True,True,25.6753,100.545,-11.6042,flare_decay,False,True,True,True,True,True,0.794704,0.814854,,,True,True,True,True,True,True,
233512760_5,233512760,5,2628.49,1607.02,8,7.13105,0,True,,,,,,,,,,,,,,,,,,,,,,
233512760_6,233512760,6,2618.27,16899.2,4,52.1399,1,False,True,49.8635,303.444,18.6043,flare_decay,True,True,True,True,True,True,0.708923,0.798104,,,True,False,True,True,,True,
233512760_7,233512760,7,2631.04,5014.24,4,15.4707,1,False,True,14.9857,33.7002,-6.93818,flare_decay,False,True,True,True,True,True,0.66208,0.7525,,,True,False,True,True,,True,
233512760_8,233512760,8,2628.46,2346.61,24,20.8635,1,True,True,17.7456,47.8119,-2.844,flare_decay,True,True,False,True,True,False,0.369545,0.377261,,,True,True,True,False,,True,
233512760_9,233512760,9,2618.57,1554.62,4,4.79656,0,False,,,,,,,,,,,,,,,,,,,,,,
233512760_10,233512760,10,2616.88,40071,1,59.3216,1,False,True,60.7711,575.274,15.6786,flare_decay,True,True,True,True,True,True,1.52281,0.780344,,,True,False,True,True,,True,
233512760_11,233512760,11,2630.65,5314.8,1,7.86809,1,False,True,8.19655,6.88406,-1.39395,flare_decay,False,True,True,True,True,True,1.24587,0.790006,,,False,False,True,True,,True,
233512760_12,233512760,12,2611.72,9867.74,8,43.7876,1,True,True,41.8841,179.005,3.47045,flare_decay,True,True,True,True,True,True,0.797705,0.851196,,,True,True,True,True,,True,
233512760_13,233512760,13,2614.26,721.412,16,4.68298,0,True,,,,,,,,,,,,,,,,,,,,,,
233512760_14,233512760,14,2611.86,4679.96,2,10.4551,1,False,True,10.9895,11.2525,-7.78704,flare_decay,False,True,True,True,True,True,0.759781,0.859033,,,True,False,True,True,,True,
233512760_15,233512760,15,2631.34,3666.19,1,5.42747,0,False,,,,,,,,,,,,,,,,,,,,,,
233512760_16,233512760,16,2618.61,33739.1,1,49.9478,1,False,True,51.6955,613.894,-8.84291,flare_decay,False,True,True,True,True,True,0.944342,0.735683,,,True,False,True,True,,True,
233512760_17,233512760,17,2633.48,4465.13,2,9.97516,1,False,True,10.0579,2.65578,-5.47101,flare_decay,False,True,True,True,True,True,0.84932,0.76614,,,False,False,True,True,,True,
233512760_18,233512760,18,2632.66,4598.36,2,10.2728,1,False,True,9.72168,8.12147,-2.65478,flare_decay,False,True,True,True,True,True,0.589171,0.701252,,,False,False,True,True,,True,
233512760_19,233512760,19,2618.99,1425.24,8,6.32441,0,True,,,,,,,,,,,,,,,,,,,,,,
235717460_0,235717460,0,2621.59,7062.11,8,38.635,1,True,True,16.8409,-2.41059,121.829,step,False,False,False,True,True,False,,,,,False,True,False,False,,True,
235717460_1,235717460,1,2631.21,1054.87,16,8.39619,1,True,True,8.02158,-15.2325,-9.17316,step,False,True,True,True,True,True,0.990139,0.950834,,,False,True,True,True,,True,
235717460_2,235717460,2,2628.22,725.997,24,7.52548,0,True,,,,,,,,,,,,,,,,,,,,,,
235717460_3,235717460,3,2628.78,3731.68,16,29.7022,1,True,True,25.7487,113.676,-7.7459,flare_decay,False,True,True,True,True,True,0.772942,0.927379,,,True,True,True,True,,True,
235717460_4,235717460,4,2632.73,1956.59,4,7.36421,1,True,True,8.00805,1.71355,-8.23337,flare_decay,False,True,True,True,True,True,0.907186,0.718263,,,False,True,True,True,,True,
235717460_5,235717460,5,2618.61,4468.78,2,11.1137,1,False,True,12.3593,16.3889,-4.84094,flare_decay,True,True,True,True,True,True,0.71837,0.969387,,,True,False,True,True,,True,
235717460_6,235717460,6,2618.82,6606.84,4,24.8668,1,True,True,25.6349,131.969,0.250944,flare_decay,True,True,True,True,True,True,0.682058,0.96849,0.0595713,0,True,True,True,True,,True,True
235717460_7,235717460,7,2613.28,5663.58,2,14.0851,1,False,True,15.247,30.477,-0.203119,flare_decay,True,True,True,True,True,True,0.688773,0.88089,,,True,False,True,True,,True,
235717460_8,235717460,8,2614.25,6178.21,8,33.7994,1,True,True,32.6187,138.842,4.37411,flare_decay,True,True,True,True,True,True,0.566915,0.993542,,,True,True,True,True,,True,
235717460_9,235717460,9,2619.62,16916,1,30.4216,1,False,True,30.3895,212.605,-7.09719,flare_decay,False,True,True,True,True,True,1.57242,0.905886,,,True,False,True,True,,True,
235717460_10,235717460,10,2611.88,4691.99,16,37.3458,1,True,True,37.4096,198.003,4.64582,flare_decay,True,True,True,True,False,True,0.731309,1.00395,,,True,True,True,False,,True,
235717460_11,235717460,11,2611.12,4018.45,16,31.9847,1,True,True,16.3247,-10.213,-2.87715,flare_decay,False,False,True,True,True,True,1.40573,0.809987,,,False,True,True,True,,True,
235717460_12,235717460,12,2617.79,5276.23,16,41.996,1,True,True,36.4979,264.48,17.7393,flare_decay,True,True,True,True,True,True,0.820645,0.888611,,,True,True,True,True,True,True,
235717460_13,235717460,13,2632.87,11477.2,1,20.6405,1,False,True,21.9778,98.9618,-3.45767,flare_decay,True,True,True,True,True,True,1.23724,0.923994,,,True,False,True,True,,True,
235717460_14,235717460,14,2611.33,20724,1,37.2697,1,False,True,35.0056,210.842,-15.3714,flare_decay,False,True,True,True,True,True,0.745768,0.931259,,,True,False,True,True,,True,
235717460_15,235717460,15,2631.19,4193.1,1,7.54081,0,False,,,,,,,,,,,,,,,,,,,,,,
235717460_16,235717460,16,2616.85,1063.47,8,5.81795,0,True,,,,,,,,,,,,,,,,,,,,,,
235717460_17,235717460,17,2631.97,2654.39,16,21.1276,1,True,True,18.037,41.3802,0.0119367,flare_decay,True,True,True,True,True,True,1.03809,0.957535,,,True,True,True,True,,True,
235717460_18,235717460,18,2634.18,5716.63,16,45.5014,1,True,True,41.9352,329.808,3.85803,flare_decay,True,True,True,True,True,True,0.855065,0.94383,,,True,True,True,True,,True,
235717460_19,235717460,19,2634.1,3430.21,8,18.7658,1,True,True,17.12,24.5204,10.4102,flare_decay,True,True,True,True,True,True,0.820376,0.946803,,,True,True,True,True,,True,
236760021_0,236760021,0,2632.59,2877.52,1,4.6037,0,False,,,,,,,,,,,,,,,,,,,,,,
236760021_1,236760021,1,2630.28,1522.99,24,13.6159,1,True,True,11.0642,6.5883,-8.6175,flare_decay,False,True,True,True,True,True,0.486497,0.561363,,,False,True,True,True,,True,
236760021_2,236760021,2,2630.08,2683.78,4,8.05789,1,True,True,7.64233,4.93548,-5.62992,flare_decay,False,True,True,True,True,True,1.04269,1.02613,,,False,True,True,True,,True,
236760021_3,236760021,3,2616.02,9244.19,4,27.7551,1,True,True,27.8528,122.76,4.01812,flare_decay,True,True,True,True,True,True,1.1211,0.907049,,,True,True,True,True,True,True,
236760021_4,236760021,4,2620.71,4006.02,2,8.83182,1,False,True,10.2241,21.8226,-6.4255,flare_decay,False,True,True,True,True,True,0.817546,0.57105,,,True,False,True,True,,True,
236760021_5,236760021,5,2632.32,1318.57,8,5.75112,0,True,,,,,,,,,,,,,,,,,,,,,,
236760021_6,236760021,6,2619.46,3293.97,24,29.4488,1,True,True,22.6703,111.83,-3.86205,flare_decay,True,True,True,True,True,True,0.808238,0.827285,,,True,True,True,True,,True,
236760021_7,236760021,7,2617.27,2906.52,2,6.40784,0,False,,,,,,,,,,,,,,,,,,,,,,
236760021_8,236760021,8,2627.41,1958.3,8,8.5414,1,True,True,8.31015,7.5334,-2.97241,flare_decay,False,True,True,True,True,True,0.616648,0.518227,,,False,True,True,True,,True,
236760021_9,236760021,9,2617.73,11033.1,2,24.3241,1,False,True,26.3513,88.2927,-4.20026,flare_decay,True,True,True,True,True,True,0.824362,0.975496,,,True,False,True,True,,True,
236760021_10,236760021,10,2618.85,3492.52,16,24.2237,1,True,True,20.4416,65.793,0.0236991,flare_decay,True,True,True,True,True,True,0.755074,0.841313,,,True,True,True,True,True,True,
236760021_11,236760021,11,2618.54,27087.8,1,43.3373,1,False,True,44.3006,268.518,36.5345,flare_decay,True,True,True,True,True,True,0.863826,0.892872,,,True,False,True,True,,True,
236760021_12,236760021,12,2619.12,749.921,8,3.27088,0,True,,,,,,,,,,,,,,,,,,,,,,
236760021_13,236760021,13,2633.05,12378,2,27.2889,1,False,True,26.0226,178.902,16.8648,flare_decay,True,True,True,True,True,True,0.781538,0.893308,,,True,False,True,True,,True,
236760021_14,236760021,14,2618.79,4131.99,8,18.0223,1,True,True,16.3433,66.2808,-3.94299,flare_decay,True,True,True,True,True,True,0.73544,0.800094,,,True,True,True,True,,True,
236760021_15,236760021,15,2626.02,3044.23,24,27.2161,1,True,True,13.3051,5.6764,-6.42078,flare_decay,False,True,True,True,True,True,0.499173,0.802195,,,False,True,True,True,,True,
236760021_16,236760021,16,2627.15,2577.35,1,4.12346,0,False,,,,,,,,,,,,,,,,,,,,,,
236760021_17,236760021,17,2626.07,2355.14,4,7.07114,0,True,,,,,,,,,,,,,,,,,,,,,,
236760021_18,236760021,18,2635.93,1097.12,4,3.29404,0,True,,,,,,,,,,,,,,,,,,,,,,
236760021_19,236760021,19,2628.52,3644.86,2,8.0356,1,False,True,8.68485,16.3645,-2.31971,flare_decay,True,True,True,True,True,True,0.881391,0.925864,,,True,False,True,True,,True,
232634536_0,232634536,0,2619.15,655.188,16,3.45272,0,True,,,,,,,,,,,,,,,,,,,,,,
232634536_1,232634536,1,2634.18,5209.37,1,7.82142,1,False,True,8.36084,7.48103,-4.96179,flare_decay,False,True,True,True,True,True,0.869977,0.856118,,,False,False,True,True,,True,
232634536_2,232634536,2,2626.38,5721.64,1,8.59054,0,False,,,,,,,,,,,,,,,,,,,,,,
232634536_3,232634536,3,2635.33,1839.43,24,13.3265,0,True,,,,,,,,,,,,,,,,,,,,,,
232634536_4,232634536,4,2617.65,11729.7,4,32.8906,1,True,True,32.024,227.712,10.1876,flare_decay,True,True,True,True,True,True,0.954167,0.946249,0.0913128,7.11545e-87,True,True,True,True,,True,True
232634536_5,232634536,5,2628.2,2045.46,8,7.33561,0,True,,,,,,,,,,,,,,,,,,,,,,
232634536_6,232634536,6,2620.25,5867.13,16,30.9187,1,True,True,29.8266,201.044,-0.335037,flare_decay,True,True,True,True,True,True,0.951637,0.942181,,,True,True,True,True,,True,
232634536_7,232634536,7,2630.02,1214.59,4,3.40575,0,True,,,,,,,,,,,,,,,,,,,,,,
232634536_8,232634536,8,2614.15,517.047,24,3.74596,0,True,,,,,,,,,,,,,,,,,,,,,,
232634536_9,232634536,9,2629.62,6401.39,4,17.9498,1,True,True,18.1421,35.5135,-8.49066,flare_decay,False,True,True,True,True,True,0.885992,0.84281,,,True,True,True,True,,True,
232634536_10,232634536,10,2620.04,1995.55,2,4.13247,0,False,,,,,,,,,,,,,,,,,,,,,,
232634536_11,232634536,11,2615.56,13520,8,48.4865,1,True,True,50.1417,486.631,30.835,flare_decay,True,True,True,True,True,True,1.22084,0.935618,,,True,True,True,True,,True,
232634536_12,232634536,12,2613,31126.8,1,46.7342,1,False,True,48.8681,518.971,20.5563,flare_decay,True,True,True,True,True,True,1.02448,0.944963,,,True,False,True,True,,True,
232634536_13,232634536,13,2631.62,871.461,24,6.31366,0,True,,,,,,,,,,,,,,,,,,,,,,
232634536_14,232634536,14,2626.04,10640.4,1,15.9756,1,False,True,15.3734,27.0614,-4.23383,flare_decay,True,True,True,True,True,True,0.896247,0.860982,,,True,False,True,True,,True,
232634536_15,232634536,15,2635.21,11040.8,8,39.5955,1,True,True,40.0036,367.295,13.4859,flare_decay,True,True,True,True,True,True,1.26734,0.926393,,,True,True,True,True,,True,
232634536_16,232634536,16,2616.97,5502.96,1,8.26222,1,False,True,8.6171,-0.283017,-2.38792,flare_decay,False,True,True,True,True,True,1.05758,0.955539,,,False,False,True,True,,True,
232634536_17,232634536,17,2631.62,14133.6,2,29.2685,1,False,True,28.771,118.069,-3.79902,flare_decay,True,True,True,True,True,True,0.666526,0.883977,,,True,False,True,True,,True,
232634536_18,232634536,18,2632.27,14542.6,8,52.1538,1,True,True,52.1345,540.894,16.8906,flare_decay,True,True,True,True,True,True,0.940746,0.923364,,,True,True,True,True,,True,
232634536_19,232634536,19,2630.32,2570.96,2,5.32405,0,False,,,,,,,,,,,,,,,,,,,,,,
232963855_0,232963855,0,2626.06,9534.49,8,14.7106,1,True,True,14.16,56.9602,0.535883,flare_decay,True,True,True,True,True,True,1.2286,0.857354,,,True,True,True,True,,True,
232963855_1,232963855,1,2627.67,11741.4,2,11.3527,1,True,True,10.265,17.6638,-5.56923,flare_decay,True,True,True,True,True,True,0.947233,0.911771,0.0610639,0,True,True,True,True,True,True,True
232963855_2,232963855,2,2611.27,26361.6,16,54.5883,1,True,True,50.1875,1236.05,100.38,flare_decay,True,True,True,True,True,True,1.47805,0.891032,,,True,True,True,True,,True,
232963855_3,232963855,3,2616.28,47841,2,46.2573,1,True,True,47.0958,590.156,51.9722,flare_decay,True,True,True,True,True,True,1.24175,0.851415,,,True,True,True,True,,True,
232963855_4,232963855,4,2611.13,5506.91,8,8.49649,1,True,True,8.91603,33.0023,10.6033,step,True,True,True,True,True,True,1.38045,0.670945,0.000333525,0,True,True,True,True,,True,True
232963855_5,232963855,5,2633.79,16662.9,1,12.2999,1,False,True,11.2924,21.2844,-3.90507,flare_decay,True,True,True,True,True,True,1.43191,0.896749,,,True,False,True,True,,True,
232963855_6,232963855,6,2627.14,45882.2,1,33.8686,1,False,True,33.2721,113.388,21.3335,flare_decay,True,True,True,True,True,True,1.05396,0.852862,,,True,False,True,True,,True,
232963855_7,232963855,7,2618.24,17633.9,4,21.5393,1,True,True,20.9037,156.674,5.60453,flare_decay,True,True,True,True,True,True,1.42085,0.85042,,,True,True,True,True,,True,
232963855_8,232963855,8,2612.23,13414.6,16,27.7783,1,True,True,30.4768,436.144,11.1578,flare_decay,True,True,True,True,True,True,1.37861,0.862017,,,True,True,True,True,True,True,
232963855_9,232963855,9,2633.93,10855.8,24,29.0479,1,True,True,21.4081,265.043,58.8369,flare_decay,True,True,True,True,True,True,2.22395,1.06343,,,True,True,True,True,True,True,
232963855_10,232963855,10,2619.66,1680.99,24,4.49798,0,True,,,,,,,,,,,,,,,,,,,,,,
232963855_11,232963855,11,2618.4,27014.8,1,19.9413,1,False,True,19.5104,111.938,6.01598,flare_decay,True,True,True,True,True,True,1.26274,0.950771,,,True,False,True,True,,True,
232963855_12,232963855,12,2631.41,3485.23,16,7.21704,0,True,,,,,,,,,,,,,,,,,,,,,,
232963855_13,232963855,13,2633.46,6172.5,1,4.55632,0,False,,,,,,,,,,,,,,,,,,,,,,
232963855_14,232963855,14,2633.8,15447.3,16,31.9875,1,True,True,28.653,557.413,24.0074,flare_decay,True,True,True,True,True,True,1.87566,0.925626,,,True,True,True,True,True,True,
232963855_15,232963855,15,2613.01,12264.5,2,11.8585,1,True,True,10.9863,21.0905,0.0243746,flare_decay,True,True,True,True,True,True,0.732714,0.844775,,,True,True,True,True,,True,
232963855_16,232963855,16,2615.57,11465.5,16,23.7421,1,True,True,21.5671,332.347,9.37212,flare_decay,True,True,True,True,True,True,1.25427,0.715149,,,True,True,True,True,,True,
232963855_17,232963855,17,2612.1,12186.9,1,8.99593,1,False,True,10.729,23.0913,-0.649448,flare_decay,True,True,True,True,True,True,0.739253,0.628054,,,True,False,True,True,,True,
232963855_18,232963855,18,2628.4,18754.1,4,22.9076,1,True,True,21.2346,122.242,1.51779,flare_decay,True,True,True,True,True,True,1.29539,0.927432,,,True,True,True,True,,True,
232963855_19,232963855,19,2613.76,8982.66,16,18.6008,1,True,True,18.7189,100.792,15.1586,flare_decay,True,True,True,True,True,True,1.22221,0.726903,,,True,True,True,True,True,True,
232966930_0,232966930,0,2632.92,1921.64,2,3.52824,0,False,,,,,,,,,,,,,,,,,,,,,,
232966930_1,232966930,1,2619.54,1065.07,16,5.08806,0,True,,,,,,,,,,,,,,,,,,,,,,
232966930_2,232966930,2,2620.27,6709.27,16,32.0516,1,True,True,31.5287,208.615,-4.77526,flare_decay,True,True,True,True,True,True,1.09338,1.02107,,,True,True,True,True,,True,
232966930_3,232966930,3,2615.31,5062.11,16,24.1828,1,True,True,23.0734,73.2537,2.33096,flare_decay,True,True,True,True,True,True,0.691751,0.694928,,,True,True,True,True,,True,
232966930_4,232966930,4,2616.46,5857.27,8,20.7765,1,True,True,21.282,94.9433,1.73318,flare_decay,True,True,True,True,True,True,0.955634,1.03981,,,True,True,True,True,,True,
232966930_5,232966930,5,2621.28,863.656,8,3.0635,0,True,,,,,,,,,,,,,,,,,,,,,,
232966930_6,232966930,6,2628.82,5849.45,4,14.7554,1,True,True,14.5092,16.9661,-6.68744,flare_decay,False,True,True,True,True,True,1.08323,0.98242,,,True,True,True,True,,True,
232966930_7,232966930,7,2618.35,2565.47,24,15.9088,1,True,True,13.1265,31.1874,-6.62695,flare_decay,False,True,True,True,True,True,0.952895,0.88033,,,True,True,True,True,,True,
232966930_8,232966930,8,2627.47,8631.4,4,21.7729,1,True,True,23.7935,93.751,-3.75908,flare_decay,True,True,True,True,True,True,0.762198,0.994872,,,True,True,True,True,,True,
232966930_9,232966930,9,2619.33,1604.46,8,5.69123,0,True,,,,,,,,,,,,,,,,,,,,,,
232966930_10,232966930,10,2627.83,34835,1,44.7693,1,False,True,47.5866,474.661,-1.29426,flare_decay,True,True,True,True,True,True,0.836735,0.955003,,,True,False,True,True,,True,
232966930_11,232966930,11,2632.31,14111.1,8,50.0539,1,True,True,47.8049,379.852,7.29541,flare_decay,True,True,True,True,True,True,0.852741,0.993538,,,True,True,True,True,,True,
232966930_12,232966930,12,2626.92,2779,8,9.85748,1,True,True,9.39313,5.4787,-5.40573,step,False,True,True,True,True,True,0.669788,0.805694,,,False,True,True,True,,True,
232966930_13,232966930,13,2625.92,17878.8,1,22.9775,1,False,True,25.936,156.817,-20.1492,flare_decay,False,True,True,True,True,True,0.824856,0.965257,,,True,False,True,True,,True,
232966930_14,232966930,14,2620.54,2410.88,8,8.5517,1,True,True,9.39667,5.79031,-4.2103,flare_decay,False,True,True,True,True,True,1.08054,1.08283,,,False,True,True,True,,True,
232966930_15,232966930,15,2633.54,5767.08,24,35.7624,1,True,True,31.7493,262.449,15.4156,flare_decay,True,True,True,True,True,True,1.07835,0.954408,,,True,True,True,True,,True,
232966930_16,232966930,16,2610.42,6387.53,4,16.1127,0,True,,,,,,,,,,,,,,,,,,,,,,
232966930_17,232966930,17,2616.65,18988.6,4,47.899,1,True,True,48.075,422.623,23.4543,flare_decay,True,True,True,True,True,True,0.979368,0.982001,,,True,True,True,True,True,True,
232966930_18,232966930,18,2616.18,5934.16,16,28.3487,1,True,True,27.587,121.987,-19.0508,flare_decay,False,True,True,True,True,True,1.0466,0.940707,,,True,True,True,True,True,True,
232966930_19,232966930,19,2612.14,1872.99,8,6.64375,1,True,True,10.2604,3.88438,-2.78855,flare_decay,False,True,True,True,True,True,0.807928,0.752727,,,False,True,True,True,,True,
233054835_0,233054835,0,2611.91,2811.19,4,6.2556,0,True,,,,,,,,,,,,,,,,,,,,,,
233054835_1,233054835,1,2633.86,7178.28,16,46.2049,1,True,True,41.9511,327.38,-3.06316,flare_decay,True,True,True,True,True,True,0.862402,0.995676,,,True,True,True,True,,True,
233054835_2,233054835,2,2619.99,2115.75,24,16.4386,1,True,True,14.9007,17.2729,10.0932,flare_decay,True,True,True,True,True,True,0.603852,0.690711,,,True,True,True,True,,True,
233054835_3,233054835,3,2631.3,14583.4,8,44.7828,0,True,,,,,,,,,,,,,,,,,,,,,,
233054835_4,233054835,4,2635.09,4842.65,8,14.8708,0,True,,,,,,,,,,,,,,,,,,,,,,
233054835_5,233054835,5,2620.84,503.065,24,3.90863,0,True,,,,,,,,,,,,,,,,,,,,,,
233054835_6,233054835,6,2621.27,4351.64,16,28.0105,1,True,True,16.9617,28.9606,-0.00802511,flare_decay,True,False,False,True,True,False,,,,,True,True,False,False,,True,
233054835_7,233054835,7,2613.27,2604.64,24,20.2371,1,True,True,19.0603,23.5377,-6.75565,step,False,True,True,True,True,True,0.417094,0.635339,,,True,True,True,True,True,True,
233054835_8,233054835,8,2621.03,7084.56,8,21.7553,1,True,True,21.4852,100.273,6.73773,flare_decay,True,True,True,True,True,True,0.833411,0.871738,,,True,True,True,True,True,True,
233054835_9,233054835,9,2632.3,21858,2,37.3533,1,False,True,36.9576,194.263,-6.13264,flare_decay,False,True,True,True,True,True,0.808432,0.954861,,,True,False,True,True,,True,
233054835_10,233054835,10,2618.23,7375.87,2,12.6047,1,False,True,12.0344,37.7883,-4.01506,flare_decay,True,True,True,True,True,True,1.09034,1.05808,,,True,False,True,True,,True,
233054835_11,233054835,11,2631.61,1379,4,3.06862,0,True,,,,,,,,,,,,,,,,,,,,,,
233054835_12,233054835,12,2620.27,7878.99,1,10.0901,1,False,True,11.4177,11.4543,-5.94235,flare_decay,True,True,True,True,True,True,0.898052,0.872687,,,True,False,True,True,,True,
233054835_13,233054835,13,2632.92,16959.6,4,37.7395,1,True,True,36.3755,445.849,39.5613,flare_decay,True,True,True,True,True,True,0.979461,0.945476,,,True,True,True,True,,True,
233054835_14,233054835,14,2631.48,8234.4,16,53.0028,1,True,True,48.8305,408.706,31.2995,flare_decay,True,True,True,True,True,True,0.950377,0.907967,9.89542e-13,2.88227e-29,True,True,True,True,,True,True
233054835_15,233054835,15,2632.59,5740.5,16,36.9502,1,True,True,33.8185,99.7709,9.81239,flare_decay,True,True,True,True,True,True,0.73814,0.893117,,,True,True,True,True,True,True,
233054835_16,233054835,16,2615.87,6989.72,24,54.3076,1,True,True,49.6806,415.005,-16.44,flare_decay,False,True,True,True,True,True,0.408662,0.718311,,,True,True,True,True,,True,
233054835_17,233054835,17,2611.73,7268.28,1,9.30798,1,False,True,10.1417,52.005,-0.0680566,flare_decay,True,True,True,True,True,True,1.05758,0.938572,,,True,False,True,True,,True,
233054835_18,233054835,18,2635.47,6831.67,24,53.0796,1,True,True,51.6664,104.348,96.564,step,True,False,False,True,True,False,,,,,True,True,False,False,,True,
233054835_19,233054835,19,2615.23,5351.35,24,41.578,1,True,True,36.5339,215.17,-28.9397,flare_decay,False,True,True,True,True,True,0.398788,0.649552,,,True,True,True,True,,True,
272783228_0,272783228,0,2618.26,2755.04,4,6.04726,0,False,,,,,,,,,,,,,,,,,,,,,,
272783228_1,272783228,1,2621.34,824.489,16,3.67429,0,True,,,,,,,,,,,,,,,,,,,,,,
272783228_2,272783228,2,2614.07,1224.13,8,4.13172,0,True,,,,,,,,,,,,,,,,,,,,,,
272783228_3,272783228,3,2634.53,9075.82,4,19.9212,1,False,True,19.7134,107.046,12.6633,flare_decay,True,True,True,True,True,True,0.713739,0.925682,,,True,False,True,True,,True,
272783228_4,272783228,4,2619.41,10414.8,1,11.4414,1,False,True,11.0102,16.4379,-1.25155,flare_decay,True,True,True,True,True,True,1.14641,0.964018,,,True,False,True,True,,True,
272783228_5,272783228,5,2617.75,34622.6,2,52.193,1,False,True,51.1552,591.975,3.69243,flare_decay,True,True,True,True,True,True,0.988678,0.874981,,,True,False,True,True,,True,
272783228_6,272783228,6,2632.34,3397.11,1,3.73196,0,False,,,,,,,,,,,,,,,,,,,,,,
272783228_7,272783228,7,2632.22,6402.86,1,7.034,1,False,True,7.0566,10.6111,-6.67379,flare_decay,False,True,True,True,True,True,0.831536,0.681335,,,True,False,True,True,,True,
272783228_8,272783228,8,2616.1,2110.16,8,7.12228,0,True,,,,,,,,,,,,,,,,,,,,,,
272783228_9,272783228,9,2631.64,3843.68,4,8.4368,1,False,True,10.3402,31.936,-9.04832,flare_decay,False,True,True,True,True,True,0.825886,0.862397,,,True,False,True,True,,True,
272783228_10,272783228,10,2612.9,1078.44,8,3.63999,0,True,,,,,,,,,,,,,,,,,,,,,,
272783228_11,272783228,11,2612.51,8089.5,24,44.4884,1,True,True,39.0559,320.463,-1.39621,flare_decay,True,True,True,True,False,True,0.967416,0.882795,,,True,True,True,False,,True,
272783228_12,272783228,12,2619.62,6248.54,4,13.7154,1,False,True,12.799,47.3412,-2.6331,flare_decay,True,True,True,True,True,True,1.33628,0.989115,,,True,False,True,True,,True,
272783228_13,272783228,13,2625.57,7697.37,16,34.3029,1,True,True,23.0434,-3.84182,1.28214,step,False,False,True,True,True,True,1.10513,0.92076,,,False,True,True,True,,True,
272783228_14,272783228,14,2630.12,5425.54,8,18.3124,1,True,True,18.3079,44.6737,13.5684,flare_decay,True,True,True,True,True,True,0.917943,0.866747,,,True,True,True,True,,True,
272783228_15,272783228,15,2627.56,50000,1,54.9285,1,False,True,51.345,1094.21,-140.831,flare_decay,False,True,True,True,True,True,1.13549,0.880723,,,True,False,True,True,,True,
272783228_16,272783228,16,2612.52,8459.93,24,46.5256,1,True,True,40.7405,361.719,18.3857,flare_decay,True,True,True,True,False,True,0.967764,0.882687,,,True,True,True,False,,True,
272783228_17,272783228,17,2632.48,11650.2,1,12.7985,1,False,True,14.6184,69.9586,-4.34402,flare_decay,True,True,True,True,True,True,1.73927,0.899431,,,True,False,True,True,,True,
272783228_18,272783228,18,2629.28,5673.67,2,8.55296,1,False,True,8.46295,6.84328,-8.14677,flare_decay,False,True,True,True,True,True,0.961359,0.988349,,,False,False,True,True,,True,
272783228_19,272783228,19,2613.75,1750.48,8,5.90828,0,True,,,,,,,,,,,,,,,,,,,,,,
280069129_0,280069129,0,2626.34,30254.7,1,49.6233,0,False,,,,,,,,,,,,,,,,,,,,,,
280069129_1,280069129,1,2635.29,14534.5,2,32.2684,1,False,True,31.5403,239.3,27.706,flare_decay,True,True,True,True,True,True,0.905726,0.992842,,,True,False,True,True,,True,
280069129_2,280069129,2,2626.6,2281.64,24,16.618,0,True,,,,,,,,,,,,,,,,,,,,,,
280069129_3,280069129,3,2631.38,11241.2,8,48.0144,1,True,True,46.552,609.589,64.9174,flare_decay,True,True,True,True,True,True,0.947137,0.924699,,,True,True,True,True,,True,
280069129_4,280069129,4,2632.17,7392.16,1,12.1245,1,False,True,9.38866,6.80829,4.49142,flare_decay,False,True,True,True,True,True,0.813585,0.884167,,,False,False,True,True,,True,
280069129_5,280069129,5,2632.22,2874.35,4,9.33528,1,False,True,9.51817,27.4888,-2.13626,flare_decay,True,True,True,True,True,True,1.00986,0.980677,,,True,True,True,True,,True,
280069129_6,280069129,6,2616.13,2708.62,16,15.5204,1,True,True,16.5406,49.0625,1.91301,flare_decay,True,True,True,True,True,True,0.980855,0.871303,,,True,True,True,True,True,True,
280069129_7,280069129,7,2635.84,7909.31,1,12.9727,1,False,True,11.4932,24.3395,-1.06772,flare_decay,True,True,True,True,True,True,2.33596,0.976212,,,True,False,True,True,,True,
280069129_8,280069129,8,2632.98,30571.9,1,50.1435,1,False,True,51.8878,601.384,63.5373,flare_decay,True,True,True,True,True,True,1.17323,0.949549,,,True,False,True,True,,True,
280069129_9,280069129,9,2627.11,24218.8,2,53.7687,1,False,True,52.5977,707.901,75.3585,flare_decay,True,True,True,True,True,True,1.78425,0.940895,,,True,False,True,True,,True,
280069129_10,280069129,10,2617.69,1827.69,16,10.4726,1,True,True,10.9134,53.8181,-3.04658,flare_decay,True,True,True,True,True,True,0.89136,0.709885,0.00110748,0.000935316,True,True,True,True,,True,True
280069129_11,280069129,11,2615.2,2607.07,4,8.46722,1,False,True,8.40721,10.3865,-4.84885,flare_decay,True,True,True,True,True,True,0.778332,0.843546,,,True,False,True,True,,True,
280069129_12,280069129,12,2615.35,1850.53,4,6.01013,0,False,,,,,,,,,,,,,,,,,,,,,,
280069129_13,280069129,13,2613.7,11241.9,1,18.4388,1,False,True,19.0924,45.0234,-1.98066,flare_decay,True,True,True,True,True,True,1.05341,1.0034,,,True,False,True,True,,True,
280069129_14,280069129,14,2614.68,530.11,24,3.86099,0,True,,,,,,,,,,,,,,,,,,,,,,
280069129_15,280069129,15,2618.27,18145.9,1,29.7627,1,False,True,30.8353,166.927,-16.9952,flare_decay,False,True,True,True,True,True,0.973107,0.918121,,,True,False,True,True,,True,
280069129_16,280069129,16,2612.11,2526.13,8,10.7898,1,True,True,9.56548,9.58906,-5.11951,step,False,True,True,True,True,True,0.824441,0.906929,,,False,True,True,True,,True,
280069129_17,280069129,17,2612.5,1800.04,8,7.68844,1,True,True,9.46021,5.63478,-2.80293,flare_decay,False,True,True,True,True,True,0.836445,1.012,,,False,True,True,True,,True,
280069129_18,280069129,18,2634.84,4680.07,2,10.3903,1,False,True,11.5621,32.0753,-4.51883,flare_decay,True,True,True,True,False,True,1.03568,0.860678,,,True,False,True,False,,True,
280069129_19,280069129,19,2612.66,3390.26,24,24.6925,1,True,True,27.0482,173.545,21.4132,flare_decay,True,True,True,True,False,True,0.947575,0.952503,,,True,True,True,False,,True,
288468339_0,288468339,0,2634.75,11912.5,4,42.6592,1,True,True,45.0889,4446.12,264.77,flare_decay,True,True,True,True,True,True,2.37265,0.973612,,,True,True,True,True,True,True,
288468339_1,288468339,1,2618.39,2806.67,2,9.27047,1,False,True,9.44403,77.7838,8.39924,flare_decay,True,True,True,True,True,True,1.85353,0.846639,,,True,False,True,True,,True,
288468339_2,288468339,2,2628.68,6454,4,23.112,1,True,True,25.4271,447.076,27.9039,flare_decay,True,True,True,True,True,True,1.89511,0.969,,,True,True,True,True,,True,
288468339_3,288468339,3,2630.66,8104.68,16,32.295,1,True,True,32.0098,4117.34,363.551,flare_decay,True,True,True,True,True,True,3.87156,0.913134,,,True,True,True,True,,True,
288468339_4,288468339,4,2629.36,2215.33,24,10.4964,0,True,,,,,,,,,,,,,,,,,,,,,,
288468339_5,288468339,5,2633.83,7389.36,24,35.0114,1,True,True,34.3298,6423.74,673.84,flare_decay,True,True,True,True,True,True,3.81156,0.974542,,,True,True,True,True,,True,
288468339_6,288468339,6,2612.53,16106.5,4,57.6781,1,True,True,60.6188,4580.27,331.323,flare_decay,True,True,True,True,True,True,1.40234,0.933717,,,True,True,True,True,True,True,
288468339_7,288468339,7,2619.8,3616.39,16,14.4104,1,True,True,16.0157,968.79,82.3191,flare_decay,True,True,True,True,True,True,2.62678,0.929078,9.21485e-15,0,True,True,True,True,,True,True
288468339_8,288468339,8,2635.18,3926.09,4,14.0595,1,True,True,14.1424,311.08,15.7619,flare_decay,True,True,True,True,True,True,2.28123,1.02857,,,True,True,True,True,True,True,
288468339_9,288468339,9,2635.52,1266.69,8,4.82297,0,True,,,,,,,,,,,,,,,,,,,,,,
288468339_10,288468339,10,2629.15,5288.41,16,21.0729,1,True,True,21.1263,1454.39,34.5551,step,True,True,True,True,True,True,3.81267,1.02272,,,True,True,True,True,True,True,
288468339_11,288468339,11,2631.33,15558.9,8,59.241,1,True,True,61.9765,10231.1,701.854,flare_decay,True,True,True,True,True,True,3.73552,0.942052,,,True,True,True,True,True,True,
288468339_12,288468339,12,2613.31,4996.12,1,14.7138,1,False,True,15.0464,169.942,-19.048,flare_decay,False,True,True,True,True,True,0.837319,0.877843,,,True,False,True,True,,True,
288468339_13,288468339,13,2628.59,2455.11,16,9.78296,1,True,True,12.0269,293.64,14.9975,flare_decay,True,True,True,True,True,True,2.81298,1.09475,-1.02141e-14,0,True,True,True,True,,True,True
288468339_14,288468339,14,2614.41,5510.58,2,18.2015,1,False,True,18.9634,304.954,13.8629,flare_decay,True,True,True,True,True,True,1.39014,1.022,,,True,False,True,True,,True,
288468339_15,288468339,15,2631.2,16718.3,4,59.869,1,True,True,62.0864,7535.44,562.117,flare_decay,True,True,True,True,True,True,2.31167,0.941997,,,True,True,True,True,True,True,
288468339_16,288468339,16,2616.07,851.205,24,4.03308,0,True,,,,,,,,,,,,,,,,,,,,,,
288468339_17,288468339,17,2631.12,4487.7,2,14.8229,1,False,True,14.9927,261.888,38.1037,flare_decay,True,True,True,True,True,True,2.19014,0.995634,,,True,False,True,True,,True,
288468339_18,288468339,18,2629.84,1137.34,16,4.53201,0,True,,,,,,,,,,,,,,,,,,,,,,
288468339_19,288468339,19,2635.18,886.318,24,4.19945,0,True,,,,,,,,,,,,,,,,,,,,,,
297930504_0,297930504,0,2628.69,4361.98,8,14.2777,1,True,True,13.8418,22.9024,-5.37291,flare_decay,True,True,True,True,True,True,0.925484,0.880327,,,True,True,True,True,True,True,
297930504_1,297930504,1,2615.31,4863.79,4,11.8986,1,True,True,12.8391,14.495,-7.94109,flare_decay,False,True,True,True,True,True,1.22189,1.03998,,,True,True,True,True,,True,
297930504_2,297930504,2,2615.69,13739.2,1,17.2407,1,False,True,17.5958,37.7535,-4.47662,flare_decay,True,True,True,True,True,True,1.25495,0.875646,,,True,False,True,True,,True,
297930504_3,297930504,3,2627.63,1867.24,8,6.11189,0,True,,,,,,,,,,,,,,,,,,,,,,
297930504_4,297930504,4,2617.63,4064.58,8,13.3043,1,True,True,14.503,38.5646,2.13358,flare_decay,True,True,True,True,True,True,0.724037,0.835104,,,True,True,True,True,,True,
297930504_5,297930504,5,2629.8,983.667,8,3.21977,0,True,,,,,,,,,,,,,,,,,,,,,,
297930504_6,297930504,6,2612.25,5337.72,16,25.4509,1,True,True,24.9332,79.6134,-10.8736,flare_decay,False,True,True,True,True,True,0.697126,0.803037,,,True,True,True,True,,True,
297930504_7,297930504,7,2615.06,1026.62,16,4.89503,0,True,,,,,,,,,,,,,,,,,,,,,,
297930504_8,297930504,8,2633.41,7698.47,1,9.66048,1,False,True,9.34522,18.3432,-8.33219,flare_decay,False,True,True,True,True,True,0.795953,0.752011,,,True,False,True,True,,True,
297930504_9,297930504,9,2627.76,1469,4,3.5937,0,True,,,,,,,,,,,,,,,,,,,,,,
297930504_10,297930504,10,2629.9,8670.1,1,10.8797,1,False,True,10.7375,9.70913,-4.30241,flare_decay,False,True,True,True,True,True,0.804719,0.760731,,,False,False,True,True,,True,
297930504_11,297930504,11,2631.52,2433.66,16,11.604,1,True,True,12.16,17.6586,-7.52799,flare_decay,False,True,True,True,True,True,0.859181,0.814464,,,True,True,True,True,,True,
297930504_12,297930504,12,2612.53,2471.11,1,3.10089,0,False,,,,,,,,,,,,,,,,,,,,,,
297930504_13,297930504,13,2615.55,10165.6,8,33.2744,1,True,True,31.325,200.632,-0.289783,flare_decay,True,True,True,True,True,True,0.677521,0.813828,,,True,True,True,True,,True,
297930504_14,297930504,14,2633.61,1125.37,16,5.36593,0,True,,,,,,,,,,,,,,,,,,,,,,
297930504_15,297930504,15,2628.7,1864.4,16,8.88968,1,True,True,8.9825,16.3152,-2.9465,flare_decay,True,True,True,True,True,True,1.01293,0.87575,,,True,True,True,True,True,True,
297930504_16,297930504,16,2627.66,1292.24,24,9.9146,0,True,,,,,,,,,,,,,,,,,,,,,,
297930504_17,297930504,17,2628.93,8337.65,16,39.755,1,True,True,38.8934,291.693,35.7027,flare_decay,True,True,True,True,True,True,0.947539,0.874035,,,True,True,True,True,,True,
297930504_18,297930504,18,2632.43,1432.41,24,10.99,0,True,,,,,,,,,,,,,,,,,,,,,,
297930504_19,297930504,19,2626.4,24778.8,1,31.0938,0,False,,,,,,,,,,,,,,,,,,,,,,
256664616_0,256664616,0,2619.07,4399.74,16,34.0732,1,True,True,30.0336,275.984,5.85256,flare_decay,True,True,True,True,True,True,1.05416,1.02137,,,True,True,True,True,,True,
256664616_1,256664616,1,2619.26,7028.65,2,20.9789,1,False,True,22.3032,95.8211,-0.930021,flare_decay,True,True,True,True,True,True,0.843308,1.00772,,,True,False,True,True,,True,
256664616_2,256664616,2,2621.16,6600.01,2,19.6995,1,False,True,19.2029,46.7105,6.08469,flare_decay,True,True,True,True,True,True,1.10986,0.937988,,,True,False,True,True,,True,
256664616_3,256664616,3,2633.48,847.876,4,3.51287,0,False,,,,,,,,,,,,,,,,,,,,,,
256664616_4,256664616,4,2618.47,1779.95,16,13.7845,1,True,True,13.6784,42.2783,14.584,flare_decay,True,True,True,True,True,True,1.00143,0.893804,,,True,True,True,True,,True,
256664616_5,256664616,5,2617.87,3863.53,4,16.0072,1,False,True,15.7492,36.2674,2.84984,flare_decay,True,True,True,True,True,True,0.909957,0.955156,,,True,False,True,True,,True,
256664616_6,256664616,6,2614.41,1869.26,2,5.57931,0,False,,,,,,,,,,,,,,,,,,,,,,
256664616_7,256664616,7,2621.47,1472.02,24,14.9145,0,True,,,,,,,,,,,,,,,,,,,,,,
256664616_8,256664616,8,2627.86,3578.25,2,10.6802,1,False,True,11.5406,17.522,1.2078,flare_decay,True,True,True,True,True,True,0.850625,0.955121,,,True,False,True,True,,True,
256664616_9,256664616,9,2630.04,1081.7,24,10.9598,0,True,,,,,,,,,,,,,,,,,,,,,,
256664616_10,256664616,10,2628.01,657.927,8,3.55153,0,True,,,,,,,,,,,,,,,,,,,,,,
256664616_11,256664616,11,2619.38,1399.57,1,3.18667,0,False,,,,,,,,,,,,,,,,,,,,,,
256664616_12,256664616,12,2615.63,1903.56,16,14.7419,1,True,True,12.774,38.1103,9.27898,flare_decay,True,True,True,True,False,True,0.50815,0.490888,,,True,True,True,False,,True,
256664616_13,256664616,13,2631.43,3541.23,2,10.5697,1,False,True,11.3984,0.830666,-0.216426,flare_decay,False,True,True,True,True,True,0.858289,0.834087,,,False,False,True,True,,True,
256664616_14,256664616,14,2620.84,1377.03,1,3.13535,0,False,,,,,,,,,,,,,,,,,,,,,,
256664616_15,256664616,15,2634.89,399.507,24,4.04781,0,True,,,,,,,,,,,,,,,,,,,,,,
256664616_16,256664616,16,2633.5,10472.7,4,43.39,1,False,True,43.6666,471.108,29.8056,flare_decay,True,True,True,True,True,True,1.06151,0.916264,,,True,False,True,True,,True,
256664616_17,256664616,17,2617.04,938.314,24,9.50701,0,True,,,,,,,,,,,,,,,,,,,,,,
256664616_18,256664616,18,2618.02,2452.61,24,24.8499,1,True,True,22.8237,192.945,11.6933,flare_decay,True,True,True,True,True,True,0.90137,0.856328,,,True,True,True,True,,True,
256664616_19,256664616,19,2632.27,384.024,24,3.89094,0,True,,,,,,,,,,,,,,,,,,,,,,
256748703_0,256748703,0,2621.07,6017.95,4,13.5587,1,False,True,12.5139,34.995,-4.33907,flare_decay,True,True,True,True,True,True,0.842487,0.834694,,,True,False,True,True,,True,
256748703_1,256748703,1,2634.7,8862.7,4,19.9681,1,False,True,21.2664,132.391,-1.24001,flare_decay,True,True,True,True,True,True,1.0269,0.881873,,,True,False,True,True,,True,
256748703_2,256748703,2,2635.36,32503.5,2,55.1737,1,False,True,56.7658,690.313,106.833,flare_decay,True,True,True,True,True,True,0.896706,0.833375,,,True,False,True,True,,True,
256748703_3,256748703,3,2628.04,3801.71,8,10.7469,1,True,True,12.6787,22.7977,-5.37592,flare_decay,True,True,True,True,True,True,1.23819,0.863528,,,True,True,True,True,,True,
256748703_4,256748703,4,2631.45,4510.44,4,10.1622,1,False,True,11.1966,19.2863,0.872861,flare_decay,True,True,True,True,True,True,1.1309,0.735322,,,True,False,True,True,,True,
256748703_5,256748703,5,2612.99,2325.17,8,6.57291,1,True,True,7.86778,9.11318,-8.11197,flare_decay,False,True,True,True,True,True,0.741866,0.685099,,,False,True,True,True,,True,
256748703_6,256748703,6,2628.46,13790.1,8,38.9825,1,True,True,36.8316,381.882,45.5892,flare_decay,True,True,True,True,True,True,1.28814,0.837126,,,True,True,True,True,True,True,
256748703_7,256748703,7,2615.75,4861.95,2,8.25301,1,False,True,9.80101,14.2204,-3.65514,flare_decay,True,True,True,True,True,True,0.890569,0.845882,,,True,False,True,True,,True,
256748703_8,256748703,8,2611.78,7924.8,24,38.7631,1,True,True,39.6213,543.132,56.6198,flare_decay,True,True,True,True,True,True,0.966748,0.790649,,,True,True,True,True,,True,
256748703_9,256748703,9,2616.1,1552.77,16,6.29027,0,True,,,,,,,,,,,,,,,,,,,,,,
256748703_10,256748703,10,2630.7,1541.33,16,6.24391,0,True,,,,,,,,,,,,,,,,,,,,,,
256748703_11,256748703,11,2621.32,1338.18,16,5.42099,0,True,,,,,,,,,,,,,,,,,,,,,,
256748703_12,256748703,12,2611.21,19019.8,4,42.8524,1,False,True,41.9169,410.321,21.0424,flare_decay,True,True,True,True,True,True,0.879722,0.764384,,,True,False,True,True,,True,
256748703_13,256748703,13,2614.59,7284.73,24,35.6322,1,True,True,30.7441,460.639,33.5064,flare_decay,True,True,True,True,True,True,1.22049,0.931455,,,True,True,True,True,,True,
256748703_14,256748703,14,2631.2,3965.75,4,8.93502,1,False,True,7.73316,9.83446,-5.54402,flare_decay,False,True,True,True,True,True,0.938922,0.827402,,,False,False,True,True,,True,
256748703_15,256748703,15,2617.42,8790.48,24,42.9974,1,True,True,45.9565,863.308,65.2209,flare_decay,True,True,True,True,True,True,1.12947,0.801926,,,True,True,True,True,,True,
256748703_16,256748703,16,2611.52,20212.5,4,45.5398,1,False,True,48.3222,671.631,37.7356,flare_decay,True,True,True,True,True,True,1.35405,0.784787,,,True,False,True,True,,True,
256748703_17,256748703,17,2616.16,27986.3,2,47.5059,1,False,True,45.6328,1018.12,60.1567,flare_decay,True,True,True,True,True,True,1.18708,0.830389,,,True,False,True,True,,True,
256748703_18,256748703,18,2619.35,9257.05,8,26.1683,1,True,True,27.2497,343.012,30.4756,flare_decay,True,True,True,True,True,True,1.16481,0.810732,,,True,True,True,True,,True,
256748703_19,256748703,19,2628.22,5465.39,2,9.27733,1,False,True,9.73988,26.3966,-4.32551,flare_decay,True,True,True,True,True,True,0.915509,0.769664,,,True,False,True,True,,True,
258800306_0,258800306,0,2617.86,2456.37,2,14.5259,1,False,True,15.824,60.3207,2.81607,flare_decay,True,True,True,True,True,True,0.798069,0.918612,,,True,False,True,True,,True,
258800306_1,258800306,1,2634.63,1080.58,24,24.5516,1,True,True,15.8311,30.13,-5.59771,flare_decay,True,True,True,True,True,True,0.651191,0.889258,,,True,True,True,True,,True,
258800306_2,258800306,2,2631.6,4198.09,2,24.8257,1,False,True,26.8442,131.212,12.9342,flare_decay,True,True,True,True,True,True,0.765462,1.02381,,,True,False,True,True,,True,
258800306_3,258800306,3,2618.52,431.608,24,9.80644,0,True,,,,,,,,,,,,,,,,,,,,,,
258800306_4,258800306,4,2634.83,3766.64,2,22.2743,1,False,True,21.0955,94.6367,7.93217,flare_decay,True,True,True,True,True,True,0.647317,0.874391,,,True,False,True,True,,True,
258800306_5,258800306,5,2615.88,2310.9,4,18.0752,1,True,True,18.0018,77.0743,-7.32752,flare_decay,False,True,True,True,True,True,0.750489,0.948212,,,True,True,True,True,,True,
258800306_6,258800306,6,2629.09,293.041,24,6.6581,0,True,,,,,,,,,,,,,,,,,,,,,,
258800306_7,258800306,7,2632.84,435.427,16,6.85804,0,True,,,,,,,,,,,,,,,,,,,,,,
258800306_8,258800306,8,2614.93,1859.47,2,10.9961,1,False,True,10.6997,7.40069,-3.66674,flare_decay,False,True,False,True,True,False,-0.210262,-0.288129,,,False,True,True,False,,True,
258800306_9,258800306,9,2620.12,428.882,24,9.74452,0,True,,,,,,,,,,,,,,,,,,,,,,
258800306_10,258800306,10,2630.66,1972.46,4,15.428,1,True,True,16.7975,90.868,-2.52527,flare_decay,True,True,True,True,True,True,0.583923,0.816241,,,True,True,True,True,,True,
258800306_11,258800306,11,2617.88,1290.16,8,13.4259,1,True,True,13.544,46.6093,-3.84137,flare_decay,True,True,True,True,True,True,1.08056,0.955654,0.000450513,3.95289e-05,True,True,True,True,,True,True
258800306_12,258800306,12,2633.79,2954.6,4,23.11,1,True,True,23.9564,89.9561,-5.93889,flare_decay,True,True,True,True,True,True,0.872444,1.02006,,,True,True,True,True,,True,
258800306_13,258800306,13,2635.46,4664.25,1,19.6554,1,False,True,19.3328,79.6213,-8.29765,flare_decay,False,True,True,True,True,True,0.572306,0.892502,,,True,False,True,True,,True,
258800306_14,258800306,14,2632.34,2040.04,1,8.59685,1,False,True,8.25234,8.92758,-2.05969,flare_decay,False,True,True,True,True,True,1.49629,1.25794,,,False,False,True,True,,True,
258800306_15,258800306,15,2631.5,1521.06,2,8.99491,1,False,True,8.68398,-1.99421,-5.32509,flare_decay,False,True,True,True,True,True,0.777841,0.977104,,,False,False,True,True,,True,
258800306_16,258800306,16,2615.43,2638.01,1,11.1167,1,False,True,11.2212,12.3477,-8.87242,flare_decay,False,True,True,True,True,True,0.907988,0.83608,,,True,False,True,True,,True,
258800306_17,258800306,17,2620.99,1263.14,8,13.1447,1,True,True,12.7517,36.4624,-7.18431,flare_decay,False,True,True,True,True,True,0.650958,0.693156,,,True,True,True,True,,True,
258800306_18,258800306,18,2629.91,1328.63,8,13.8262,1,True,True,12.3044,31.3084,-3.70847,flare_decay,True,True,True,True,True,True,0.804746,0.856889,,,True,True,True,True,True,True,
258800306_19,258800306,19,2617.41,3886.22,2,22.9814,1,False,True,24.4125,109.399,15.9577,flare_decay,True,True,True,True,True,True,1.06067,0.949446,,,True,False,True,True,,True,
259237961_0,259237961,0,2629.11,1112.5,8,3.37997,0,True,,,,,,,,,,,,,,,,,,,,,,
259237961_1,259237961,1,2633.48,1982.72,2,3.88124,0,False,,,,,,,,,,,,,,,,,,,,,,
259237961_2,259237961,2,2632.16,5971.68,4,14.8768,1,False,True,15.614,48.3055,-11.8452,flare_decay,False,True,True,True,True,True,1.37754,1.02119,,,True,False,True,True,,True,
259237961_3,259237961,3,2612.69,5293.94,24,21.3773,1,True,True,21.1341,154.731,-4.93766,step,True,True,True,True,False,True,1.94446,0.89741,,,True,True,True,False,,True,
259237961_4,259237961,4,2617.81,3744.61,8,11.3767,1,True,True,10.4484,24.8007,-3.67962,flare_decay,True,True,True,True,True,True,1.63829,0.928432,,,True,True,True,True,True,True,
259237961_5,259237961,5,2632.45,5409.49,4,13.4763,1,False,True,14.0292,46.0113,-5.33117,flare_decay,True,True,True,True,True,True,1.13323,0.865726,,,True,False,True,True,,True,
259237961_6,259237961,6,2613.52,3128.89,8,9.50607,1,True,True,10.8633,25.4922,-5.96693,flare_decay,True,True,True,True,True,True,1.44138,0.853351,,,True,True,True,True,,True,
259237961_7,259237961,7,2631.79,1194.55,16,4.48372,0,True,,,,,,,,,,,,,,,,,,,,,,
259237961_8,259237961,8,2627.72,2863.65,1,4.22961,0,False,,,,,,,,,,,,,,,,,,,,,,
259237961_9,259237961,9,2612.22,16134.7,8,49.0198,1,True,True,53.4463,455.288,28.9819,flare_decay,True,False,True,True,False,True,1.39413,0.836536,,,True,True,True,False,,True,
259237961_10,259237961,10,2617.04,4046.94,1,5.97733,1,False,True,7.53139,4.63367,-3.41496,flare_decay,False,True,True,True,True,True,1.39593,0.734029,,,False,False,True,True,,True,
259237961_11,259237961,11,2628.79,9803.15,16,36.7961,1,True,True,35.1541,617.995,108.819,flare_decay,True,True,True,True,False,True,1.52946,0.844499,,,True,True,True,False,,True,
259237961_12,259237961,12,2616.13,9031.6,24,36.4702,1,True,True,34.3452,747.877,35.0738,flare_decay,True,True,True,True,False,True,1.66592,0.80721,,,True,True,True,False,,True,
259237961_13,259237961,13,2630.14,12114.1,16,45.4702,1,True,True,44.4406,1053.87,63.9815,flare_decay,True,True,True,True,False,True,1.77239,0.872835,,,True,True,True,False,,True,
259237961_14,259237961,14,2621.1,6581.27,4,16.3954,1,False,True,17.762,84.4124,3.91093,flare_decay,True,True,True,True,True,True,1.01025,0.890907,,,True,False,True,True,,True,
259237961_15,259237961,15,2612.07,8616.41,16,32.3416,1,True,True,29.0355,-5.64199,-0.797807,step,False,False,True,True,False,True,1.81259,0.675612,,,False,True,True,False,,True,
259237961_16,259237961,16,2635.68,1026.2,8,3.11776,0,True,,,,,,,,,,,,,,,,,,,,,,
259237961_17,259237961,17,2635.33,925.992,16,3.4757,0,True,,,,,,,,,,,,,,,,,,,,,,
259237961_18,259237961,18,2631.92,12646.9,8,38.4233,1,True,True,41.8436,379.575,18.2419,flare_decay,True,True,True,True,True,True,1.69577,0.888608,,,True,True,True,True,,True,
259237961_19,259237961,19,2613.17,2933.65,8,8.91289,1,True,True,9.06471,13.0655,-6.0251,flare_decay,False,True,True,True,False,True,1.4051,0.73753,,,True,True,True,False,,True,
297963740_0,297963740,0,2616.54,4118.53,2,6.05108,0,False,,,,,,,,,,,,,,,,,,,,,,
297963740_1,297963740,1,2610.58,10727.8,8,38.5043,1,True,True,26.1907,16.4217,-3.23405,step,True,False,True,True,True,True,0.930544,0.927355,,,True,True,True,True,True,True,
297963740_2,297963740,2,2632.39,1036.26,24,7.79084,0,True,,,,,,,,,,,,,,,,,,,,,,
297963740_3,297963740,3,2612.76,1616.14,16,8.96897,0,True,,,,,,,,,,,,,,,,,,,,,,
297963740_4,297963740,4,2631.49,2988.97,24,22.4717,1,True,True,22.6052,34.6558,8.57507,flare_decay,True,True,True,True,True,True,0.64088,0.950121,,,True,True,True,True,True,True,
297963740_5,297963740,5,2626.92,2935.24,16,16.2895,1,True,True,15.0327,4.69539,-4.84845,step,False,True,True,True,True,True,0.648316,0.902094,,,False,True,True,True,,True,
297963740_6,297963740,6,2615.7,402.831,24,3.02856,0,True,,,,,,,,,,,,,,,,,,,,,,
297963740_7,297963740,7,2615.9,2951.85,8,10.5948,1,True,True,8.87049,7.12822,-6.59466,step,False,True,True,True,True,True,0.717332,1.18421,,,False,True,True,True,,True,
297963740_8,297963740,8,2612.47,2814.61,24,21.1608,1,True,True,15.3407,14.3988,-7.51794,flare_decay,False,True,True,True,True,True,0.666905,0.944617,,,True,True,True,True,,True,
297963740_9,297963740,9,2621.08,1807.41,4,4.25237,0,True,,,,,,,,,,,,,,,,,,,,,,
297963740_10,297963740,10,2614.17,23387.7,1,24.2871,1,False,True,26.4241,85.5628,-5.61538,flare_decay,True,True,True,True,True,True,0.859766,0.934075,,,True,False,True,True,,True,
297963740_11,297963740,11,2618.4,1012.4,8,3.63374,0,True,,,,,,,,,,,,,,,,,,,,,,
297963740_12,297963740,12,2635.13,2081.63,4,4.89755,1,True,True,7.43283,-4.7347,-5.05883,flare_decay,False,True,True,True,True,True,0.705814,0.679436,,,False,True,True,True,,True,
297963740_13,297963740,13,2615.04,695.084,24,5.22578,0,True,,,,,,,,,,,,,,,,,,,,,,
297963740_14,297963740,14,2635.74,49150.7,1,51.0409,1,False,True,55.0741,553.94,-8.11965,flare_decay,False,True,True,True,True,True,1.14163,0.94365,,,True,False,True,True,,True,
297963740_15,297963740,15,2616.52,23174.9,4,54.5246,1,True,True,53.1508,337.01,-7.72614,flare_decay,False,True,True,True,True,True,0.914795,0.950416,,,True,True,True,True,,True,
297963740_16,297963740,16,2629.86,8054.74,8,28.9102,1,True,True,27.5883,124.07,15.5478,flare_decay,True,True,True,True,True,True,0.709324,0.948735,,,True,True,True,True,,True,
297963740_17,297963740,17,2611.1,568.903,16,3.1572,0,True,,,,,,,,,,,,,,,,,,,,,,
297963740_18,297963740,18,2617.45,3771.66,16,20.9313,1,True,True,19.6658,57.605,-0.680623,flare_decay,True,True,True,True,True,True,0.779178,0.899731,,,True,True,True,True,True,True,
297963740_19,297963740,19,2618.46,6846.92,2,10.0597,1,False,True,11.1431,20.4052,-0.903416,flare_decay,True,True,True,True,True,True,0.986068,0.892186,,,True,False,True,True,,True,
298663845_0,298663845,0,2613.18,1701.91,16,11.7826,1,True,True,10.3261,11.0119,-4.34291,flare_decay,True,True,True,True,True,True,0.636478,0.910561,,,True,True,True,True,,True,
298663845_1,298663845,1,2629.71,1460.65,4,4.90967,0,True,,,,,,,,,,,,,,,,,,,,,,
298663845_2,298663845,2,2627.88,5551.39,4,18.6599,1,True,True,17.4998,55.2377,3.26233,flare_decay,True,True,True,True,True,True,0.96737,0.903831,,,True,True,True,True,,True,
298663845_3,298663845,3,2615.93,3221.52,16,22.3031,1,True,True,23.1509,58.5182,0.0690333,flare_decay,True,True,True,True,True,True,0.697521,0.861447,,,True,True,True,True,,True,
298663845_4,298663845,4,2628.38,8034.31,1,13.1781,1,False,True,13.6848,21.2579,5.71624,flare_decay,True,True,True,True,True,True,0.807555,0.789485,,,True,False,True,True,,True,
298663845_5,298663845,5,2616.57,4564.7,16,31.6021,1,True,True,30.2589,134.613,-14.5049,flare_decay,False,True,True,True,True,True,0.829028,0.94985,,,True,True,True,True,True,True,
298663845_6,298663845,6,2634.03,29200.3,1,47.895,1,False,True,45.9997,525.649,-40.6695,flare_decay,False,True,True,True,True,True,1.04711,0.892871,,,True,False,True,True,,True,
298663845_7,298663845,7,2610.91,5890.04,24,54.2953,1,True,True,36.6986,-6.19161,-0.374498,step,False,False,True,True,True,True,1.02687,0.989475,,,False,True,True,True,,True,
298663845_8,298663845,8,2635.82,2477.92,1,4.06435,0,False,,,,,,,,,,,,,,,,,,,,,,
298663845_9,298663845,9,2635.74,6002.88,8,26.7903,1,True,True,24.1305,100.825,-2.75603,flare_decay,True,False,False,True,True,True,0.803496,0.965551,,,True,True,False,True,,True,
298663845_10,298663845,10,2628.06,18450.6,1,30.2631,1,False,True,29.7763,127.269,27.2801,flare_decay,True,True,True,True,True,True,1.13945,0.933808,,,True,False,True,True,,True,
298663845_11,298663845,11,2635.89,2021.55,16,13.9955,0,True,,,,,,,,,,,,,,,,,,,,,,
298663845_12,298663845,12,2620.86,6335.48,16,43.8615,1,True,True,41.8852,324.239,12.2623,flare_decay,True,True,True,True,True,True,0.77901,0.905274,,,True,True,True,True,True,True,
298663845_13,298663845,13,2619.16,13260.4,4,44.5721,1,True,True,42.8126,425.598,-12.4637,flare_decay,False,True,True,True,True,True,1.025,0.908483,,,True,True,True,True,,True,
298663845_14,298663845,14,2635.22,2049.06,24,18.8886,1,True,True,17.7099,63.9875,-3.70396,flare_decay,True,True,True,True,True,True,0.766529,0.847218,7.02735e-08,1.02829e-34,True,True,True,True,,True,True
298663845_15,298663845,15,2617.72,1074.82,16,7.44112,0,True,,,,,,,,,,,,,,,,,,,,,,
298663845_16,298663845,16,2617.4,1011.2,8,4.51291,0,True,,,,,,,,,,,,,,,,,,,,,,
298663845_17,298663845,17,2630.71,26240.9,2,59.84,1,False,True,61.0061,1007.64,-15.5595,flare_decay,False,True,True,True,True,True,0.782813,0.931921,,,True,False,True,True,,True,
298663845_18,298663845,18,2635.7,2745.13,16,19.005,1,True,True,13.7084,-17.202,-12.0316,step,False,False,False,True,True,False,,,,,False,True,False,False,,True,
298663845_19,298663845,19,2633.05,15814.5,2,36.0635,1,False,True,36.2697,202.901,1.55134,flare_decay,True,True,True,True,True,True,0.713547,0.906953,,,True,False,True,True,,True,
302695855_0,302695855,0,2620.53,2109.28,16,8.69883,0,True,,,,,,,,,,,,,,,,,,,,,,
302695855_1,302695855,1,2621.31,5232.52,8,14.0452,1,True,True,13.1045,15.2036,-5.03802,flare_decay,True,True,True,True,True,True,1.465,1.24748,,,True,True,True,True,True,True,
302695855_2,302695855,2,2616.1,17341.2,2,25.5508,1,False,True,26.6635,153.88,2.5642,flare_decay,True,True,True,True,True,True,2.72184,0.989079,,,True,False,True,True,,True,
302695855_3,302695855,3,2618.98,6819.71,1,7.47617,0,False,,,,,,,,,,,,,,,,,,,,,,
302695855_4,302695855,4,2620.1,1257.69,24,7.62825,0,True,,,,,,,,,,,,,,,,,,,,,,
302695855_5,302695855,5,2633.04,2180.91,4,4.13207,0,True,,,,,,,,,,,,,,,,,,,,,,
302695855_6,302695855,6,2618.76,18202.2,4,34.487,1,True,True,33.0831,272.807,12.6504,flare_decay,True,True,True,True,True,True,1.3807,1.06674,,,True,True,True,True,True,True,
302695855_7,302695855,7,2611.97,2287.97,8,6.14142,1,True,True,7.51499,2.26531,-7.44232,flare_decay,False,True,True,True,True,True,1.18589,0.90426,,,False,True,True,True,,True,
302695855_8,302695855,8,2634.84,14378.3,4,27.2419,1,True,True,25.7108,119.891,-12.8447,flare_decay,False,True,True,True,True,True,1.36374,1.07327,,,True,True,True,True,,True,
302695855_9,302695855,9,2620.79,4283.51,2,6.31141,0,False,,,,,,,,,,,,,,,,,,,,,,
302695855_10,302695855,10,2632.27,3202.47,24,19.4239,1,True,True,13.092,23.0495,-6.16901,flare_decay,False,True,True,True,True,True,1.28643,0.997022,,,True,True,True,True,,True,
302695855_11,302695855,11,2635.58,24998.4,4,47.3634,1,True,True,49.9482,541.398,33.5703,flare_decay,True,True,True,True,True,True,1.7116,0.937683,,,True,True,True,True,,True,
302695855_12,302695855,12,2626.86,2251.76,2,3.31778,0,False,,,,,,,,,,,,,,,,,,,,,,
302695855_13,302695855,13,2627.77,1003.59,24,6.08703,0,True,,,,,,,,,,,,,,,,,,,,,,
302695855_14,302695855,14,2615.34,6590.62,16,27.1802,1,True,True,22.4636,126.788,9.06431,flare_decay,True,True,True,True,True,True,0.860815,0.782369,,,True,True,True,True,,True,
302695855_15,302695855,15,2632.7,3546.01,16,14.624,1,True,True,13.1382,47.4307,2.40423,flare_decay,True,True,True,True,True,True,1.32528,0.950545,,,True,True,True,True,,True,
302695855_16,302695855,16,2615.85,2731.81,24,16.5692,1,True,True,12.3928,39.4277,0.831289,flare_decay,True,True,True,True,True,True,0.487331,0.513693,,,True,True,True,True,,True,
302695855_17,302695855,17,2618.42,7296.31,2,10.7505,1,False,True,9.37598,10.08,-9.15204,flare_decay,False,True,True,True,True,True,0.886442,1.10547,,,True,False,True,True,,True,
302695855_18,302695855,18,2628.29,7068.74,24,42.8739,1,True,True,36.8826,236.853,0.560843,flare_decay,True,True,True,True,True,True,1.11903,1.03737,,,True,True,True,True,,True,
302695855_19,302695855,19,2628.01,30440.3,2,44.8513,1,False,True,45.0254,362.451,27.0209,flare_decay,True,True,True,True,True,True,0.832354,1.02187,,,True,False,True,True,,True,
307913685_0,307913685,0,2633.36,1000.69,24,9.96859,0,True,,,,,,,,,,,,,,,,,,,,,,
307913685_1,307913685,1,2620.34,2304.46,16,17.8282,1,True,True,17.1228,186.214,12.4965,flare_decay,True,True,True,True,True,True,0.576559,0.532311,-1.24345e-14,0,True,True,True,True,,True,True
307913685_2,307913685,2,2614.63,7860.25,2,31.3737,1,False,True,29.3845,215.503,76.2393,flare_decay,True,True,True,True,True,True,0.40217,0.873482,,,True,False,True,True,,True,
307913685_3,307913685,3,2611.57,1613.12,24,16.0695,0,True,,,,,,,,,,,,,,,,,,,,,,
307913685_4,307913685,4,2635.38,705.005,8,4.00906,0,True,,,,,,,,,,,,,,,,,,,,,,
307913685_5,307913685,5,2613.72,630.018,24,6.27605,0,True,,,,,,,,,,,,,,,,,,,,,,
307913685_6,307913685,6,2618.65,1999.9,16,15.4719,1,True,True,13.6006,99.9912,8.42123,flare_decay,True,True,True,True,True,True,1.17829,0.862096,,,True,True,True,True,True,True,
307913685_7,307913685,7,2616.47,791.487,16,6.12323,0,True,,,,,,,,,,,,,,,,,,,,,,
307913685_8,307913685,8,2632.88,1275.54,16,9.86806,1,True,True,8.15364,52.6053,-0.452785,flare_decay,True,True,True,True,True,True,1.47986,0.790252,,,True,True,True,True,,True,
307913685_9,307913685,9,2616.79,3684.49,8,20.9521,1,True,True,21.8511,190.062,14.937,flare_decay,True,True,True,True,True,True,1.35096,0.925217,,,True,True,True,True,True,True,
307913685_10,307913685,10,2620.82,2956.33,1,9.08271,1,False,True,8.60731,14.1527,-2.80657,flare_decay,True,True,True,True,True,True,0.819616,0.774535,,,True,False,True,True,,True,
307913685_11,307913685,11,2628.15,4599.63,24,45.8202,1,True,True,46.543,1142.07,82.5968,flare_decay,True,True,True,True,True,True,1.20644,0.879148,,,True,True,True,True,,True,
307913685_12,307913685,12,2627.04,1562.33,2,6.23593,0,False,,,,,,,,,,,,,,,,,,,,,,
307913685_13,307913685,13,2615.95,1692.69,24,16.8621,1,True,True,13.18,80.2983,28.7298,flare_decay,True,True,True,True,True,True,0.832469,0.553185,,,True,True,True,True,,True,
307913685_14,307913685,14,2621.05,989.16,8,5.62492,0,True,,,,,,,,,,,,,,,,,,,,,,
307913685_15,307913685,15,2616.07,3485.35,4,17.3144,1,False,True,17.3292,105.982,-1.23681,flare_decay,True,True,True,True,True,True,1.01963,0.837915,,,True,False,True,True,,True,
307913685_16,307913685,16,2615.35,784.3,24,7.81297,0,True,,,,,,,,,,,,,,,,,,,,,,
307913685_17,307913685,17,2611.2,3296.62,24,32.84,1,True,True,20.7159,18.3409,35.5006,step,True,False,True,True,True,True,1.66888,1.07215,,,True,True,True,True,,True,
307913685_18,307913685,18,2628.38,3725.52,4,18.5075,1,False,True,19.7109,206.77,6.32077,flare_decay,True,True,True,True,True,True,1.21057,0.874113,,,True,False,True,True,,True,
307913685_19,307913685,19,2617.27,901.42,24,8.97968,0,True,,,,,,,,,,,,,,,,,,,,,,
311577173_0,311577173,0,2612.9,2190.82,4,4.34859,0,True,,,,,,,,,,,,,,,,,,,,,,
311577173_1,311577173,1,2635.45,10058.4,1,10.454,1,False,True,8.84932,7.57294,-3.06418,flare_decay,False,True,True,True,True,True,0.712106,0.831903,,,False,False,True,True,,True,
311577173_2,311577173,2,2633.47,4043.58,16,18.956,1,True,True,17.0252,20.1777,-1.11202,flare_decay,True,True,True,True,True,True,0.764015,0.80097,,,True,True,True,True,,True,
311577173_3,311577173,3,2630.87,12212.2,2,17.7068,1,False,True,17.2486,35.7175,-9.06969,flare_decay,False,True,True,True,True,True,1.0036,0.972384,,,True,False,True,True,,True,
311577173_4,311577173,4,2620.06,7923.97,2,11.4891,1,False,True,12.1363,17.256,-3.39778,flare_decay,True,True,True,True,True,True,0.766368,0.787358,,,True,False,True,True,,True,
311577173_5,311577173,5,2614.31,2607.14,16,12.2221,1,True,True,12.9278,2.86254,-4.00773,flare_decay,False,True,True,True,True,True,0.893963,1.20176,,,False,True,True,True,,True,
311577173_6,311577173,6,2634.7,2859.6,4,5.67606,0,True,,,,,,,,,,,,,,,,,,,,,,
311577173_7,311577173,7,2616.63,6124.08,8,17.8637,1,True,True,16.0024,47.3313,-9.25579,flare_decay,False,True,True,True,True,True,0.965188,0.942169,,,True,True,True,True,,True,
311577173_8,311577173,8,2620.58,26146.8,2,37.9108,1,False,True,36.6381,190.789,-1.50276,flare_decay,True,True,True,True,True,True,0.717914,0.877183,,,True,False,True,True,,True,
311577173_9,311577173,9,2633.3,2832.67,24,18.3028,1,True,True,13.776,30.0001,-0.34562,flare_decay,True,True,True,True,True,True,0.874015,0.837906,,,True,True,True,True,,True,
311577173_10,311577173,10,2630.7,19007.6,4,37.7283,1,True,True,37.1366,207.736,6.73194,flare_decay,True,True,True,True,True,True,0.73381,0.860456,,,True,True,True,True,,True,
311577173_11,311577173,11,2634.09,9657.54,1,10.0373,1,False,True,8.9625,21.3477,-9.69685,flare_decay,False,True,True,True,True,True,0.767719,0.704277,,,True,False,True,True,,True,
311577173_12,311577173,12,2632.31,13774.3,2,19.9717,1,False,True,19.5327,58.6408,5.91018,flare_decay,True,True,True,True,True,True,0.952262,0.756929,,,True,False,True,True,,True,
311577173_13,311577173,13,2635.31,8660.98,1,9.00159,1,False,True,9.65636,1.38683,-6.50546,flare_decay,False,True,True,True,True,True,0.955732,0.826344,,,False,False,True,True,,True,
311577173_14,311577173,14,2627.2,3725.26,1,3.87177,0,False,,,,,,,,,,,,,,,,,,,,,,
311577173_15,311577173,15,2621.61,587.482,24,3.79592,0,True,,,,,,,,,,,,,,,,,,,,,,
311577173_16,311577173,16,2613.4,4557.5,1,4.73674,0,False,,,,,,,,,,,,,,,,,,,,,,
311577173_17,311577173,17,2633.22,17301.4,4,34.3417,1,True,True,33.0671,251.221,-6.8717,flare_decay,False,True,True,True,True,True,0.940985,0.865639,,,True,True,True,True,,True,
311577173_18,311577173,18,2633.04,12112.7,4,24.0427,1,True,True,23.9829,139.772,18.0087,flare_decay,True,True,True,True,True,True,0.915174,0.985825,,,True,True,True,True,True,True,
311577173_19,311577173,19,2612.11,3550.92,1,3.69057,0,False,,,,,,,,,,,,,,,,,,,,,,
311577644_0,311577644,0,2621.4,1115.77,8,3.00263,0,True,,,,,,,,,,,,,,,,,,,,,,
311577644_1,311577644,1,2620.36,2407.52,8,6.47884,1,True,True,7.49658,293.898,604.148,step,True,True,True,True,True,True,3.31032,1.00838,-1.28786e-14,1.33085e-116,True,True,True,True,,True,True
311577644_2,311577644,2,2612.64,3430.95,1,8.71007,1,False,True,10.7889,87.809,-9.10428,flare_decay,False,True,True,True,True,True,1.68858,1.09514,,,True,False,True,True,,True,
311577644_3,311577644,3,2620.61,8143.43,4,21.4431,1,True,True,23.496,1599.74,70.2586,flare_decay,True,True,True,True,True,True,3.08461,1.01061,,,True,True,True,True,,True,
311577644_4,311577644,4,2618.13,11920.5,8,32.079,1,True,True,33.7023,6109.49,15023.4,flare_decay,True,True,True,True,True,True,4.59635,1.0041,,,True,True,True,True,True,True,
311577644_5,311577644,5,2615.81,20399.3,8,54.8963,1,True,True,60.5846,11497.6,939.212,flare_decay,True,True,True,True,True,True,4.55931,0.989314,,,True,True,True,True,,True,
311577644_6,311577644,6,2611.67,20403.5,8,54.9075,1,True,True,59.2348,19887.8,1587.55,flare_decay,True,True,True,True,True,True,4.91591,1.01075,,,True,True,True,True,,True,
311577644_7,311577644,7,2610.82,1737.6,8,4.67601,0,True,,,,,,,,,,,,,,,,,,,,,,
311577644_8,311577644,8,2627.85,18109.5,24,50.247,1,True,True,50.0558,19883.8,18837.2,ramp,True,True,True,True,True,True,7.97685,0.98742,,,True,True,True,True,,True,
311577644_9,311577644,9,2632.24,1971.32,1,5.00456,0,False,,,,,,,,,,,,,,,,,,,,,,
311577644_10,311577644,10,2630.09,21164.8,24,58.7243,1,True,True,62.1456,63606.6,5099.07,flare_decay,True,True,True,True,True,True,6.08821,1.02214,,,True,True,True,True,,True,
311577644_11,311577644,11,2611.89,9940.89,8,26.7518,1,True,True,30.4344,4587.56,10740.7,flare_decay,True,True,True,True,True,True,4.3518,1.00984,,,True,True,True,True,,True,
311577644_12,311577644,12,2633.22,7556.76,8,20.3359,1,True,True,20.7065,3426.31,7339.18,flare_decay,True,True,True,True,True,True,7.8182,1.00625,,,True,True,True,True,,True,
311577644_13,311577644,13,2612.35,22182.2,2,57.9016,1,False,True,68.1985,9373.39,334.306,flare_decay,True,True,True,True,True,True,1.7123,0.994883,,,True,False,True,True,,True,
311577644_14,311577644,14,2614.57,12033.6,1,30.5495,1,False,True,23.5524,552.218,-36.7796,flare_decay,False,True,True,True,True,True,1.01494,0.997994,,,True,False,True,True,,True,
311577644_15,311577644,15,2614.03,1471.56,24,4.08302,0,True,,,,,,,,,,,,,,,,,,,,,,
311577644_16,311577644,16,2634.22,19802.8,8,53.2911,1,True,True,60.2694,16937.2,1222.85,flare_decay,True,True,True,True,True,True,6.12937,1.00571,,,True,True,True,True,,True,
311577644_17,311577644,17,2628.66,3893.82,8,10.4786,1,True,True,11.1079,542.026,1254.36,flare_decay,True,True,True,True,True,True,3.83909,1.02005,,,True,True,True,True,,True,
311577644_18,311577644,18,2628.11,11178.3,1,28.3781,1,False,True,27.6138,584.767,78.097,flare_decay,True,True,True,True,True,True,1.71104,1.00723,,,True,False,True,True,,True,
311577644_19,311577644,19,2616.79,13597.2,8,36.5911,1,True,True,39.341,8398.37,19127.8,flare_decay,True,True,True,True,True,True,6.00743,0.990809,,,True,True,True,True,True,True,
311626451_0,311626451,0,2629.42,7075.2,1,7.99398,1,False,True,9.56528,13.261,-0.437286,flare_decay,True,True,True,True,True,True,0.980187,0.871634,,,True,False,True,True,,True,
311626451_1,311626451,1,2613.5,2335.9,16,9.86275,0,True,,,,,,,,,,,,,,,,,,,,,,
311626451_2,311626451,2,2631.79,9267.9,4,19.7233,1,True,True,18.4378,48.8818,2.86372,flare_decay,True,True,True,True,True,True,1.13199,0.914456,,,True,True,True,True,,True,
311626451_3,311626451,3,2615.79,45721.8,1,51.6592,1,False,True,52.7734,686.456,64.21,flare_decay,True,True,True,True,True,True,1.2779,0.938595,,,True,False,True,True,,True,
311626451_4,311626451,4,2614.38,8839.58,24,48.6094,1,True,True,37.8106,372.077,0.399121,flare_decay,True,True,True,True,True,True,1.31734,1.23175,,,True,True,True,True,,True,
311626451_5,311626451,5,2629.72,2183.47,2,3.25339,0,False,,,,,,,,,,,,,,,,,,,,,,
311626451_6,311626451,6,2629.84,8467.28,16,35.751,1,True,True,32.4105,249.716,10.3938,flare_decay,True,True,True,True,True,True,1.27329,0.929985,,,True,True,True,True,True,True,
311626451_7,311626451,7,2618.09,4108.18,16,17.3458,1,True,True,17.3178,51.5915,-4.09069,step,True,True,True,True,True,True,0.829328,0.88636,,,True,True,True,True,,True,
311626451_8,311626451,8,2620.47,8002.31,1,9.04148,1,False,True,8.70954,-3.66467,-4.15041,flare_decay,False,True,True,True,True,True,0.904914,0.977086,,,False,False,True,True,,True,
311626451_9,311626451,9,2620.86,6054.16,1,6.84035,0,False,,,,,,,,,,,,,,,,,,,,,,
311626451_10,311626451,10,2620.11,666.776,24,3.66664,0,True,,,,,,,,,,,,,,,,,,,,,,
311626451_11,311626451,11,2621.05,1059.6,8,3.29156,0,True,,,,,,,,,,,,,,,,,,,,,,
311626451_12,311626451,12,2621.08,20675.8,4,44.0008,1,True,True,42.4092,457.413,22.6289,flare_decay,True,True,True,True,True,True,0.930321,0.995488,,,True,True,True,True,,True,
311626451_13,311626451,13,2617.82,723.044,16,3.05288,0,True,,,,,,,,,,,,,,,,,,,,,,
311626451_14,311626451,14,2618.26,1982.62,24,10.9025,1,True,True,11.3538,16.7409,4.1149,flare_decay,True,True,True,True,True,True,0.698572,0.744953,,,True,True,True,True,,True,
311626451_15,311626451,15,2621.33,1356.54,24,7.45971,0,True,,,,,,,,,,,,,,,,,,,,,,
311626451_16,311626451,16,2626.99,1516.61,8,4.71122,0,True,,,,,,,,,,,,,,,,,,,,,,
311626451_17,311626451,17,2629.36,739.567,24,4.06693,0,True,,,,,,,,,,,,,,,,,,,,,,
311626451_18,311626451,18,2630.15,1714.98,8,5.32744,0,True,,,,,,,,,,,,,,,,,,,,,,
311626451_19,311626451,19,2615.62,3158.06,24,17.3664,1,True,True,17.3324,42.6151,-6.03585,flare_decay,False,True,True,True,True,True,0.487149,0.450845,,,True,True,True,True,True,True,
311627439_0,311627439,0,2635.72,2657.15,8,45.1987,1,True,True,42.0042,617.155,36.6609,flare_decay,True,False,False,True,True,True,0.721821,1.01038,,,True,True,False,True,,True,
311627439_1,311627439,1,2628.33,3697.87,2,34.5058,1,False,True,35.1622,565.383,57.6893,flare_decay,True,True,True,True,True,True,0.550389,0.954305,,,True,False,True,True,,True,
311627439_2,311627439,2,2612.31,1246.92,8,21.2103,1,True,True,20.4808,152.883,12.3861,flare_decay,True,True,True,True,True,True,0.716755,0.986911,,,True,True,True,True,True,True,
311627439_3,311627439,3,2617.42,1339.31,24,35.5926,1,True,True,31.5258,411.933,59.1504,flare_decay,True,True,True,True,False,True,0.877228,1.10223,,,True,True,True,False,,True,
311627439_4,311627439,4,2627.65,704.326,16,15.2348,1,True,True,14.0923,121.393,19.3641,flare_decay,True,True,True,True,True,True,1.20655,1.18797,,,True,True,True,True,,True,
311627439_5,311627439,5,2611.5,890.5,24,23.6653,1,True,True,19.4048,177.024,12.7367,flare_decay,True,True,True,True,False,True,0.961884,1.10868,,,True,True,True,False,,True,
311627439_6,311627439,6,2613.72,586.542,2,5.47317,0,False,,,,,,,,,,,,,,,,,,,,,,
311627439_7,311627439,7,2613.44,1219.38,8,20.7419,1,True,True,19.9125,79.1737,1.80937,flare_decay,True,True,True,True,True,True,0.648042,1.35138,,,True,True,True,True,,True,
311627439_8,311627439,8,2635.9,5530.8,1,39.5818,0,False,,,,,,,,,,,,,,,,,,,,,,
311627439_9,311627439,9,2621.61,670.154,8,11.3995,0,True,,,,,,,,,,,,,,,,,,,,,,
311627439_10,311627439,10,2618.38,232.674,8,3.95784,0,True,,,,,,,,,,,,,,,,,,,,,,
311627439_11,311627439,11,2611.64,4932.7,2,46.0283,1,False,True,44.7969,729.443,-4.66288,flare_decay,True,True,True,True,True,True,0.680147,1.02866,,,True,False,True,True,,True,
311627439_12,311627439,12,2630.68,241.674,4,3.09493,0,False,,,,,,,,,,,,,,,,,,,,,,
311627439_13,311627439,13,2616.34,694.25,4,8.89073,1,False,True,8.38947,23.3864,3.34848,flare_decay,True,True,True,True,True,True,0.771359,0.790191,,,True,True,True,True,,True,
311627439_14,311627439,14,2616.83,372.963,8,6.34418,1,True,True,9.08745,8.417,-7.84791,flare_decay,False,True,True,True,True,True,0.590833,0.984087,,,False,False,True,True,,True,
311627439_15,311627439,15,2611.2,878.524,2,8.19773,1,False,True,8.77164,31.7266,-2.77459,flare_decay,True,True,True,True,True,True,0.674564,0.883207,,,True,False,True,True,,True,
311627439_16,311627439,16,2626.88,885.533,4,11.3404,1,False,True,10.9491,50.6454,5.05428,flare_decay,True,True,True,True,True,True,0.968609,1.00468,,,True,False,True,True,,True,
311627439_17,311627439,17,2618.99,565.986,1,4.05054,0,False,,,,,,,,,,,,,,,,,,,,,,
311627439_18,311627439,18,2620.08,140.266,16,3.03399,0,True,,,,,,,,,,,,,,,,,,,,,,
311627439_19,311627439,19,2629.9,275.62,24,7.3247,0,True,,,,,,,,,,,,,,,,,,,,,,
253037780_0,253037780,0,2614.96,20769.3,1,17.5463,1,False,True,16.8645,33.5099,-13.614,flare_decay,False,True,True,True,True,True,0.63458,0.803401,,,True,False,True,True,,True,
253037780_1,253037780,1,2632.31,9714.94,8,21.9068,1,True,True,24.7314,82.431,10.601,flare_decay,True,True,True,True,True,True,0.972033,0.7807,,,True,True,True,True,,True,
253037780_2,253037780,2,2628.37,5648.63,8,12.7375,1,True,True,12.1613,25.749,-7.50939,flare_decay,False,True,True,True,True,True,1.00174,0.872864,,,True,True,True,True,,True,
253037780_3,253037780,3,2626.35,13945.4,2,16.0926,1,True,True,18.993,63.0037,-10.5783,flare_decay,False,True,True,True,True,True,0.884895,0.801906,,,True,True,True,True,,True,
253037780_4,253037780,4,2614.13,4581.3,4,7.35068,1,True,True,7.43774,8.71368,-4.40011,flare_decay,False,True,True,True,True,True,0.599856,1.19294,,,False,True,True,True,,True,
253037780_5,253037780,5,2617.97,869.527,24,3.50148,0,True,,,,,,,,,,,,,,,,,,,,,,
253037780_6,253037780,6,2612.41,3629.74,2,4.18862,0,True,,,,,,,,,,,,,,,,,,,,,,
253037780_7,253037780,7,2618.65,4586.52,8,10.3424,1,True,True,9.9667,19.1365,-5.68187,flare_decay,True,True,True,True,True,True,1.3309,1.01812,,,True,True,True,True,True,True,
253037780_8,253037780,8,2611.6,9085.41,8,20.4873,1,True,True,17.9716,58.5161,-18.1655,flare_decay,False,True,True,True,True,True,1.22715,1.23448,0.8,0,True,True,True,True,,True,False
253037780_9,253037780,9,2613.97,4543.62,16,14.2387,1,True,True,15.2734,14.9411,4.57153,flare_decay,True,True,True,True,True,True,0.630912,1.35003,,,True,True,True,True,,True,
253037780_10,253037780,10,2627.34,4853.18,4,7.78691,1,True,True,8.10653,3.44433,-8.16552,flare_decay,False,True,True,True,True,True,0.816943,1.00291,,,False,True,True,True,,True,
253037780_11,253037780,11,2611.25,16618.8,2,19.1776,1,True,True,20.2207,41.6648,-12.1119,flare_decay,False,True,True,True,True,True,0.873751,0.932831,,,True,True,True,True,,True,
253037780_12,253037780,12,2628.19,44451.4,1,37.5535,1,False,True,39.2151,157.841,-5.81991,flare_decay,True,True,True,True,True,True,1.30856,0.925702,,,True,False,True,True,,True,
253037780_13,253037780,13,2615.07,3234.44,2,3.73246,0,True,,,,,,,,,,,,,,,,,,,,,,
253037780_14,253037780,14,2611.5,12650.8,8,28.527,1,True,True,25.9561,181.553,7.15386,flare_decay,True,True,True,True,True,True,1.31382,1.14411,,,True,True,True,True,,True,
253037780_15,253037780,15,2631.9,14050,2,16.2133,1,True,True,17.9077,54.0833,5.01525,flare_decay,True,True,True,True,True,True,1.39421,0.88994,,,True,True,True,True,,True,
253037780_16,253037780,16,2632.38,5046.2,8,11.379,1,True,True,14.4297,39.2693,1.07864,flare_decay,True,True,True,True,True,True,0.841299,0.643902,,,True,True,True,True,,True,
253037780_17,253037780,17,2634.54,2895.82,8,6.52997,0,True,,,,,,,,,,,,,,,,,,,,,,
253037780_18,253037780,18,2620.75,21474.5,8,48.4242,1,True,True,45.9606,359.563,25.6356,flare_decay,True,True,True,True,True,True,0.680791,0.833383,,,True,True,True,True,True,True,
253037780_19,253037780,19,2616.61,17838.8,4,28.6224,1,True,True,27.6447,63.4062,0.0547692,flare_decay,True,True,True,True,True,True,1.02708,0.896392,,,True,True,True,True,,True,
253037847_0,253037847,0,2615.61,4838.06,4,10.8016,1,True,True,10.3636,30.1047,-2.12717,flare_decay,True,True,True,True,True,True,0.864741,0.999879,,,True,True,True,True,,True,
253037847_1,253037847,1,2628.65,13154.2,2,19.8788,1,False,True,20.4216,89.3763,18.9152,flare_decay,True,True,True,True,True,True,0.865723,0.97321,,,True,False,True,True,,True,
253037847_2,253037847,2,2627.51,10095.3,4,22.539,1,True,True,22.6351,152.795,9.88935,flare_decay,True,True,True,True,True,True,1.11023,0.922982,,,True,True,True,True,,True,
253037847_3,253037847,3,2612.25,960.043,24,5.82151,0,True,,,,,,,,,,,,,,,,,,,,,,
253037847_4,253037847,4,2635.93,4541.33,4,10.1391,0,True,,,,,,,,,,,,,,,,,,,,,,
253037847_5,253037847,5,2618.77,1704.45,4,3.80539,0,True,,,,,,,,,,,,,,,,,,,,,,
253037847_6,253037847,6,2615.45,1405.86,4,3.13876,0,True,,,,,,,,,,,,,,,,,,,,,,
253037847_7,253037847,7,2627.54,1323.39,8,4.86126,0,True,,,,,,,,,,,,,,,,,,,,,,
253037847_8,253037847,8,2617.26,17590.7,4,39.2735,1,True,True,38.9122,389.301,-11.4239,flare_decay,False,True,True,True,True,True,0.935765,0.974891,0.183935,0,True,True,True,True,,True,True
253037847_9,253037847,9,2613.58,5437.6,16,30.2002,1,True,True,27.1789,132.669,28.6801,flare_decay,True,True,True,True,True,True,0.660281,0.9717,,,True,True,True,True,,True,
253037847_10,253037847,10,2629.04,6904.98,4,15.4162,1,True,True,13.0383,18.2965,-1.26147,flare_decay,True,True,True,True,True,True,0.857182,0.927248,,,True,True,True,True,,True,
253037847_11,253037847,11,2615.49,5783.51,1,6.24088,0,False,,,,,,,,,,,,,,,,,,,,,,
253037847_12,253037847,12,2616.31,3793.94,24,23.0057,1,True,True,18.5459,47.9215,-6.1487,flare_decay,False,True,True,True,True,True,0.886706,0.861414,,,True,True,True,True,,True,
253037847_13,253037847,13,2621.6,4898.5,24,29.7036,1,True,True,19.5753,-7.13812,-2.00822,step,False,False,False,True,True,False,,,,,False,True,False,False,,True,
253037847_14,253037847,14,2634.73,2766.56,2,4.18085,0,False,,,,,,,,,,,,,,,,,,,,,,
253037847_15,253037847,15,2611.08,23621.9,1,25.49,1,False,True,26.9702,120.173,15.4811,flare_decay,True,True,True,True,True,True,1.1214,0.88772,,,True,False,True,True,,True,
253037847_16,253037847,16,2627.26,4209.92,8,15.4645,1,True,True,14.3743,27.2147,1.96224,flare_decay,True,True,True,True,True,True,0.89964,0.888982,,,True,True,True,True,,True,
253037847_17,253037847,17,2615.27,10536.9,8,38.7055,1,True,True,36.0576,143.439,-5.67145,flare_decay,True,True,True,True,True,True,0.554969,0.845879,,,True,True,True,True,True,True,
253037847_18,253037847,18,2610.68,23962.1,2,36.2118,1,False,True,31.9174,147.427,17.7567,flare_decay,True,True,True,True,True,True,0.813088,0.991815,,,True,False,True,True,,True,
253037847_19,253037847,19,2633.25,9440.21,1,10.1868,1,False,True,9.61626,39.1115,-2.52273,flare_decay,True,True,True,True,True,True,2.62375,1.02339,,,True,False,True,True,,True,
253049952_0,253049952,0,2618.61,2698.21,8,6.50697,0,True,,,,,,,,,,,,,,,,,,,,,,
253049952_1,253049952,1,2626.52,14097.2,8,33.9965,1,True,True,32.509,243.689,2.41296,flare_decay,True,True,True,True,True,True,0.994116,0.906083,,,True,True,True,True,,True,
253049952_2,253049952,2,2630.86,17267.1,2,21.3415,1,False,True,20.477,73.182,-0.616101,flare_decay,True,True,True,True,True,True,0.927919,0.784059,,,True,False,True,True,,True,
253049952_3,253049952,3,2635.05,742.97,24,3.45059,0,True,,,,,,,,,,,,,,,,,,,,,,
253049952_4,253049952,4,2632.08,16046,1,13.9685,1,False,True,14.329,39.459,2.33053,flare_decay,True,True,True,True,True,True,2.09513,0.762168,,,True,False,True,True,,True,
253049952_5,253049952,5,2634.47,6713.18,4,11.231,1,False,True,11.0286,8.85265,-5.9596,flare_decay,False,True,True,True,True,True,0.918357,0.675583,,,False,False,True,True,,True,
253049952_6,253049952,6,2626.97,1645.75,24,7.6434,0,True,,,,,,,,,,,,,,,,,,,,,,
253049952_7,253049952,7,2630.13,7291.35,8,17.5837,1,True,True,17.1177,76.6599,2.8387,flare_decay,True,True,True,True,True,True,1.29284,0.799161,,,True,True,True,True,,True,
253049952_8,253049952,8,2611.56,33689.1,2,41.6385,1,False,True,40.1972,440.365,28.8803,flare_decay,True,True,True,True,True,True,1.88684,0.811307,,,True,False,True,True,,True,
253049952_9,253049952,9,2630.03,26634.1,4,44.5585,1,False,True,43.8459,542.93,23.4044,flare_decay,True,True,True,True,True,True,1.39664,0.807281,,,True,True,True,True,,True,
253049952_10,253049952,10,2629.81,28769,4,48.1301,1,False,True,48.4759,561.775,28.4947,flare_decay,True,True,True,True,True,True,1.30719,0.791419,,,True,True,True,True,,True,
253049952_11,253049952,11,2632.97,37981.3,2,46.9435,1,False,True,46.8769,519.131,66.7639,flare_decay,True,True,True,True,True,True,1.12971,0.800208,,,True,False,True,True,,True,
253049952_12,253049952,12,2617.19,3791.82,2,4.68655,0,False,,,,,,,,,,,,,,,,,,,,,,
253049952_13,253049952,13,2612.17,851.031,24,3.95246,0,True,,,,,,,,,,,,,,,,,,,,,,
253049952_14,253049952,14,2634.39,7749.05,1,6.74576,0,False,,,,,,,,,,,,,,,,,,,,,,
253049952_15,253049952,15,2633.66,35330.9,1,30.7565,1,False,True,28.926,173.669,-26.0795,flare_decay,False,True,True,True,True,True,1.08092,0.839015,,,True,False,True,True,,True,
253049952_16,253049952,16,2633.93,2621.27,4,4.38535,0,True,,,,,,,,,,,,,,,,,,,,,,
253049952_17,253049952,17,2611.13,1016.81,24,4.72237,0,True,,,,,,,,,,,,,,,,,,,,,,
253049952_18,253049952,18,2618.17,7463.07,24,34.6609,1,True,True,32.7272,201.396,-19.4328,flare_decay,False,True,True,True,True,True,1.08974,0.886864,,,True,True,True,True,,True,
253049952_19,253049952,19,2627.13,15874.9,1,13.8195,1,False,True,16.3024,64.0662,5.83602,flare_decay,True,True,True,True,True,True,1.20391,0.792529,,,True,False,True,True,,True,
253056869_0,253056869,0,2628.67,4852.3,16,31.5745,0,True,,,,,,,,,,,,,,,,,,,,,,
253056869_1,253056869,1,2616.55,6736.7,16,43.8365,0,True,,,,,,,,,,,,,,,,,,,,,,
253056869_2,253056869,2,2616.54,5306.94,2,12.7721,1,False,True,13.2726,64.8214,2.06538,flare_decay,True,True,True,True,True,True,1.36578,0.969287,,,True,False,True,True,,True,
253056869_3,253056869,3,2619.76,15714.7,2,37.8202,1,False,True,38.8236,705.925,70.4892,flare_decay,True,True,True,True,True,True,1.01011,0.919503,,,True,False,True,True,,True,
253056869_4,253056869,4,2611.51,3008.49,2,7.24043,0,False,,,,,,,,,,,,,,,,,,,,,,
253056869_5,253056869,5,2612.49,834.196,8,4.04255,0,True,,,,,,,,,,,,,,,,,,,,,,
253056869_6,253056869,6,2617.58,1367.78,2,3.2918,0,False,,,,,,,,,,,,,,,,,,,,,,
253056869_7,253056869,7,2626.29,1279.92,8,6.20254,0,True,,,,,,,,,,,,,,,,,,,,,,
253056869_8,253056869,8,2627.49,3548.6,24,25.3139,0,True,,,,,,,,,,,,,,,,,,,,,,
253056869_9,253056869,9,2612.44,5156.4,16,33.5533,0,True,,,,,,,,,,,,,,,,,,,,,,
253056869_10,253056869,10,2611.94,7909.42,2,19.0354,1,False,True,20.5607,207.893,21.3196,flare_decay,True,True,True,True,True,True,1.06905,0.927367,,,True,False,True,True,,True,
253056869_11,253056869,11,2619.56,11279.9,1,21.8675,1,False,True,21.9963,181.827,11.2995,flare_decay,True,True,True,True,True,True,0.931253,0.992973,,,True,False,True,True,,True,
253056869_12,253056869,12,2633.27,573.122,24,4.08835,0,True,,,,,,,,,,,,,,,,,,,,,,
253056869_13,253056869,13,2615.29,8566.76,2,20.6174,1,False,True,26.2135,128.695,13.6666,flare_decay,True,True,True,True,True,True,0.792183,1.54888,,,True,False,True,True,,True,
253056869_14,253056869,14,2631.59,5182.99,4,16.3282,1,False,True,14.5771,133.766,9.5286,flare_decay,True,True,True,True,True,True,1.25094,0.860344,,,True,False,True,True,,True,
253056869_15,253056869,15,2614.25,7355.44,24,52.4698,0,True,,,,,,,,,,,,,,,,,,,,,,
253056869_16,253056869,16,2619.44,9004.86,8,43.638,1,True,True,23.8664,319.838,-60.3813,flare_decay,False,True,True,True,True,True,1.97324,1.12986,,,True,True,True,True,,True,
253056869_17,253056869,17,2635.57,10871.8,2,26.1649,1,False,True,26.3771,254.967,-11.7561,flare_decay,False,True,True,True,True,True,1.30056,0.918992,,,True,False,True,True,,True,
253056869_18,253056869,18,2633.59,15357.5,4,48.3815,1,False,True,45.7601,659.45,44.817,flare_decay,True,True,True,True,True,True,1.33903,0.977772,,,True,False,True,True,,True,
253056869_19,253056869,19,2616.85,21476.8,1,41.6352,1,False,True,40.28,491.501,49.304,flare_decay,True,True,True,True,True,True,1.26365,0.939135,,,True,False,True,True,,True,
313109288_0,313109288,0,2611.36,1771.64,24,12.0846,0,True,,,,,,,,,,,,,,,,,,,,,,
313109288_1,313109288,1,2616.84,2491.27,16,15.5233,1,True,True,13.6755,21.3625,-2.13346,flare_decay,True,True,True,True,True,True,1.03888,1.05252,,,True,True,True,True,,True,
313109288_2,313109288,2,2626.41,2147.04,4,6.05933,0,True,,,,,,,,,,,,,,,,,,,,,,
313109288_3,313109288,3,2613.21,26466.2,2,53.5211,1,False,True,52.0528,407.784,56.0208,flare_decay,True,True,True,True,True,True,0.815754,0.96333,,,True,False,True,True,,True,
313109288_4,313109288,4,2618.6,1765.68,2,3.57063,0,False,,,,,,,,,,,,,,,,,,,,,,
313109288_5,313109288,5,2633,1513.71,24,10.3252,0,True,,,,,,,,,,,,,,,,,,,,,,
313109288_6,313109288,6,2627.05,3168.3,2,6.40707,1,False,True,7.69596,5.09349,-5.53477,flare_decay,False,True,True,True,True,True,0.515274,0.718335,,,False,False,True,True,,True,
313109288_7,313109288,7,2628.06,2214.45,1,3.12234,0,False,,,,,,,,,,,,,,,,,,,,,,
313109288_8,313109288,8,2618.3,6430.08,8,24.8617,1,True,True,23.4606,90.6399,20.2921,flare_decay,True,True,True,True,True,True,0.930083,0.988257,,,True,True,True,True,,True,
313109288_9,313109288,9,2620.47,1682.93,24,11.4795,1,True,True,12.5991,9.7133,-5.83451,step,False,True,True,True,True,True,0.67786,0.94856,,,False,True,True,True,,True,
313109288_10,313109288,10,2631.33,1651.45,8,6.38527,0,True,,,,,,,,,,,,,,,,,,,,,,
313109288_11,313109288,11,2633.82,5928.74,24,40.4407,1,True,True,35.1582,217.612,5.23368,flare_decay,True,True,True,True,True,True,0.976292,0.978836,,,True,True,True,True,,True,
313109288_12,313109288,12,2632.62,5202.3,16,32.4158,1,True,True,28.6366,121.084,13.2901,flare_decay,True,True,True,True,True,True,0.833514,0.93827,,,True,True,True,True,,True,
313109288_13,313109288,13,2613.02,3290.29,16,20.5019,1,True,True,16.546,47.2182,1.00927,flare_decay,True,True,True,True,True,True,1.05386,1.03204,,,True,True,True,True,,True,
313109288_14,313109288,14,2626.23,5394.18,4,15.2234,1,True,True,11.2169,32.6688,-3.72201,step,True,False,True,True,True,True,1.15005,1.06555,,,True,True,True,True,,True,
313109288_15,313109288,15,2616.48,984.199,24,6.71335,0,True,,,,,,,,,,,,,,,,,,,,,,
313109288_16,313109288,16,2635.98,5895.77,4,16.6389,0,True,,,,,,,,,,,,,,,,,,,,,,
313109288_17,313109288,17,2616.47,4895.35,1,6.90236,0,False,,,,,,,,,,,,,,,,,,,,,,
313109288_18,313109288,18,2612.58,7605.82,8,29.4077,1,True,True,28.7951,127.762,-2.07261,flare_decay,True,True,True,True,True,True,1.1102,0.96674,,,True,True,True,True,True,True,
313109288_19,313109288,19,2631.01,2203.72,2,4.45646,0,False,,,,,,,,,,,,,,,,,,,,,,
316386097_0,316386097,0,2610.91,823.391,24,9.06961,0,True,,,,,,,,,,,,,,,,,,,,,,
316386097_1,316386097,1,2612.33,16267.9,1,28.2667,1,False,True,29.2883,246.981,-1.0759,flare_decay,True,True,True,True,True,True,1.07824,0.895343,,,True,False,True,True,,True,
316386097_2,316386097,2,2613.33,11983.8,4,44.9796,1,True,True,44.4125,378.84,34.2884,flare_decay,True,True,True,True,True,True,0.719657,0.908725,,,True,True,True,True,True,True,
316386097_3,316386097,3,2633.94,3611.8,4,13.5564,1,True,True,13.7751,14.8377,-5.41675,flare_decay,True,True,True,True,True,True,0.662476,0.852417,,,True,True,True,True,,True,
316386097_4,316386097,4,2614.91,1307.05,2,3.3992,0,False,,,,,,,,,,,,,,,,,,,,,,
316386097_5,316386097,5,2612.42,10334.3,1,17.9567,1,False,True,19.3815,70.9633,2.79552,flare_decay,True,True,True,True,True,True,1.14525,0.849738,,,True,False,True,True,,True,
316386097_6,316386097,6,2629.61,5270.15,2,13.7059,1,False,True,14.2485,42.8339,-3.14762,flare_decay,True,True,True,True,True,True,0.719414,0.812146,,,True,False,True,True,,True,
316386097_7,316386097,7,2618.38,5234.33,2,13.6127,1,False,True,12.0105,35.0692,-0.0570301,flare_decay,True,True,True,True,True,True,0.986851,0.899499,,,True,False,True,True,,True,
316386097_8,316386097,8,2619.12,3127.9,4,11.7402,1,True,True,13.2546,15.7257,-1.73527,flare_decay,True,True,True,True,True,True,0.9123,0.935745,,,True,True,True,True,True,True,
316386097_9,316386097,9,2620.8,1807.49,16,15.0541,1,True,True,16.5246,18.4062,-8.25215,flare_decay,False,True,True,True,True,True,0.551496,0.744742,,,True,True,True,True,True,True,
316386097_10,316386097,10,2613.82,24941.9,1,43.3385,1,False,True,41.9192,247.587,-19.3384,flare_decay,False,True,True,True,True,True,0.672623,0.842556,,,True,False,True,True,,True,
316386097_11,316386097,11,2613.28,354.474,24,3.90452,0,True,,,,,,,,,,,,,,,,,,,,,,
316386097_12,316386097,12,2629.02,393.577,16,3.27799,0,True,,,,,,,,,,,,,,,,,,,,,,
316386097_13,316386097,13,2626.5,358.399,24,3.94775,0,True,,,,,,,,,,,,,,,,,,,,,,
316386097_14,316386097,14,2626.89,4825.2,16,40.1877,1,True,True,38.933,147.552,-2.90649,flare_decay,True,True,True,True,True,True,0.762474,0.906162,,,True,True,True,True,True,True,
316386097_15,316386097,15,2614,841.887,8,4.6076,1,True,True,7.24293,-3.22118,-6.2749,step,False,True,True,True,True,True,0.461365,0.746205,,,False,True,True,True,,True,
316386097_16,316386097,16,2610.42,1405.87,24,15.4856,0,True,,,,,,,,,,,,,,,,,,,,,,
316386097_17,316386097,17,2620.19,1452.97,24,16.0044,1,True,True,14.2108,-3.53448,-8.41731,step,False,True,True,True,True,True,0.596889,0.674724,,,False,True,True,True,,True,
316386097_18,316386097,18,2610.94,1014.28,4,3.80699,0,True,,,,,,,,,,,,,,,,,,,,,,
316386097_19,316386097,19,2630.13,1688.69,16,14.0646,1,True,True,12.5189,19.8379,-7.21789,flare_decay,False,True,True,True,True,True,0.625289,0.741227,,,True,True,True,True,,True,
318359209_0,318359209,0,2617.36,2539.46,16,11.3615,1,True,True,11.1316,2.27904,-4.67624,flare_decay,False,True,True,True,True,True,0.848231,0.720891,,,False,True,True,True,,True,
318359209_1,318359209,1,2618.07,12683.9,16,56.7476,1,True,True,56.3437,332.629,14.7834,flare_decay,True,True,True,True,True,True,0.901092,1.0174,,,True,True,True,True,,True,
318359209_2,318359209,2,2627.76,19566.2,8,52.9078,1,True,True,50.556,432.46,12.3114,flare_decay,True,True,True,True,True,True,1.11608,0.991033,,,True,True,True,True,,True,
318359209_3,318359209,3,2617.13,6686.27,4,12.2441,1,True,True,11.0783,13.8234,-7.0694,flare_decay,False,True,True,True,True,True,1.64429,1.16508,0.0323086,0.000156183,True,True,True,True,,True,True
318359209_4,318359209,4,2634.16,1936.31,8,5.23586,1,True,True,7.76694,-2.90865,-7.36173,step,False,True,True,True,True,True,1.03122,1.10546,,,False,True,True,True,,True,
318359209_5,318359209,5,2618.76,9869.96,16,44.1582,1,True,True,37.5179,198.737,4.75222,flare_decay,True,True,True,True,True,True,0.939519,0.989383,,,True,True,True,True,True,True,
318359209_6,318359209,6,2612.08,6101.85,4,11.1739,1,True,True,10.502,10.6695,-3.16286,flare_decay,True,True,True,True,True,True,0.909837,0.92911,,,True,True,True,True,,True,
318359209_7,318359209,7,2614.61,2502.79,4,4.58319,0,True,,,,,,,,,,,,,,,,,,,,,,
318359209_8,318359209,8,2631.98,4337.37,24,25.1839,1,True,True,18.1647,61.2628,-7.11036,flare_decay,False,True,True,True,True,True,1.05392,0.990109,,,True,True,True,True,,True,
318359209_9,318359209,9,2611.7,6792.84,4,12.4393,1,True,True,11.3459,14.5809,-1.83988,flare_decay,True,True,True,True,True,True,0.924434,0.845465,,,True,True,True,True,,True,
318359209_10,318359209,10,2612.79,5312.71,1,4.54927,0,False,,,,,,,,,,,,,,,,,,,,,,
318359209_11,318359209,11,2614.81,5542.34,8,14.9867,1,True,True,11.0756,25.722,-3.79207,step,True,True,True,True,True,True,0.990689,0.917257,,,True,True,True,True,,True,
318359209_12,318359209,12,2619.49,5047.7,24,29.3083,1,True,True,24.4421,51.9848,-9.12811,flare_decay,False,True,True,True,True,True,1.05018,1.0469,,,True,True,True,True,,True,
318359209_13,318359209,13,2631.37,4532.16,8,12.2551,1,True,True,10.8403,10.2285,-5.08157,flare_decay,True,True,True,True,True,True,1.01977,0.989097,,,True,True,True,True,True,True,
318359209_14,318359209,14,2616.8,10688,4,19.5723,1,True,True,18.3303,50.7354,-7.20904,flare_decay,False,True,True,True,True,True,0.878242,0.981483,,,True,True,True,True,,True,
318359209_15,318359209,15,2634.59,7841.07,16,35.081,1,True,True,34.1201,141.91,-3.94139,flare_decay,True,True,True,True,True,True,0.786656,0.904186,,,True,True,True,True,,True,
318359209_16,318359209,16,2612.26,16147.7,8,43.664,1,True,True,43.5453,238.427,-4.30186,flare_decay,True,True,True,True,True,True,1.2329,0.982139,,,True,True,True,True,,True,
318359209_17,318359209,17,2619.64,2503.02,16,11.1985,1,True,True,11.445,5.35375,-6.75835,flare_decay,False,True,True,True,True,True,1.01372,0.974453,,,False,True,True,True,,True,
318359209_18,318359209,18,2613.67,3324.53,24,19.3031,1,True,True,15.2372,14.4909,-12.0349,step,False,True,True,True,True,True,0.996637,1.29381,,,True,True,True,True,True,True,
318359209_19,318359209,19,2611.05,2204.13,8,5.96006,0,True,,,,,,,,,,,,,,,,,,,,,,
331957254_0,331957254,0,2613.53,7302.02,2,14.5075,1,False,True,15.7238,79.2496,-7.4395,flare_decay,False,True,True,True,True,True,0.803251,0.916118,,,True,False,True,True,,True,
331957254_1,331957254,1,2629.65,21670.8,2,43.055,1,False,True,42.5372,295.651,20.4142,flare_decay,True,True,True,True,True,True,0.877189,0.937998,,,True,False,True,True,,True,
331957254_2,331957254,2,2634.77,1239.34,4,3.53705,0,True,,,,,,,,,,,,,,,,,,,,,,
331957254_3,331957254,3,2616.11,1046.6,8,4.63784,0,True,,,,,,,,,,,,,,,,,,,,,,
331957254_4,331957254,4,2621.13,3811.4,1,5.387,0,False,,,,,,,,,,,,,,,,,,,,,,
331957254_5,331957254,5,2619.18,7830.27,16,51.7271,1,True,True,55.5196,415.921,4.39899,flare_decay,True,True,True,True,True,True,0.840309,0.964761,-6.66134e-16,0,True,True,True,True,,True,True
331957254_6,331957254,6,2633.63,6659.9,16,43.9956,1,True,True,40.1802,332.597,4.88461,flare_decay,True,True,True,True,True,True,1.0764,1.02427,,,True,True,True,True,True,True,
331957254_7,331957254,7,2621.04,3397.38,4,9.69605,1,True,True,9.51001,15.4934,-2.7062,step,True,True,True,True,True,True,0.806625,0.935035,,,True,True,True,True,True,True,
331957254_8,331957254,8,2631.81,770.021,8,3.41221,0,True,,,,,,,,,,,,,,,,,,,,,,
331957254_9,331957254,9,2613.24,2920.26,8,12.9406,1,True,True,11.8776,20.7467,-1.28344,flare_decay,True,True,True,True,True,True,0.934621,0.969176,,,True,True,True,True,,True,
331957254_10,331957254,10,2613.31,5306.54,24,46.78,1,True,True,35.3455,331.98,6.82908,flare_decay,True,True,True,True,True,True,0.821915,0.940211,,,True,True,True,True,True,True,
331957254_11,331957254,11,2634.97,11085.3,2,22.024,1,False,True,21.1682,45.4065,-12.3629,flare_decay,False,True,True,True,True,True,0.882507,1.00385,,,True,False,True,True,,True,
331957254_12,331957254,12,2610.75,996.126,16,6.58045,0,True,,,,,,,,,,,,,,,,,,,,,,
331957254_13,331957254,13,2633.59,683.108,16,4.51264,0,True,,,,,,,,,,,,,,,,,,,,,,
331957254_14,331957254,14,2618.44,3400.27,2,6.75557,0,False,,,,,,,,,,,,,,,,,,,,,,
331957254_15,331957254,15,2616.27,8745.46,8,38.7539,1,True,True,36.6375,318.562,14.4015,flare_decay,True,True,True,True,True,True,0.833137,0.923444,,,True,True,True,True,True,True,
331957254_16,331957254,16,2618.14,3290.9,8,14.583,1,True,True,13.3254,22.768,-1.64686,flare_decay,True,True,True,True,True,True,0.895795,1.03024,,,True,True,True,True,,True,
331957254_17,331957254,17,2620.27,2030.17,24,17.897,1,True,True,13.662,14.7709,-6.50734,step,False,True,True,True,True,True,0.969588,1.29987,,,True,True,True,True,,True,
331957254_18,331957254,18,2617.88,420.316,24,3.70531,0,True,,,,,,,,,,,,,,,,,,,,,,
331957254_19,331957254,19,2629.97,15849.4,1,22.4013,1,False,True,23.1377,117.31,-7.49128,flare_decay,False,True,True,True,True,True,1.05637,0.956171,,,True,False,True,True,,True,
371491117_0,371491117,0,2615.18,7049.12,8,54.7725,1,True,True,50.8584,604.684,3.16222,flare_decay,True,True,True,True,True,True,0.578544,0.745843,,,True,True,True,True,,True,
371491117_1,371491117,1,2612.44,1083.87,4,5.69029,0,True,,,,,,,,,,,,,,,,,,,,,,
371491117_2,371491117,2,2617.63,2389.53,1,6.48279,1,False,True,7.47873,-4.06286,0.278989,flare_decay,False,True,True,True,True,True,1.16118,0.859524,,,False,False,True,True,,True,
371491117_3,371491117,3,2619.17,2274.17,2,9.05044,1,False,True,9.69807,21.9243,-7.86923,flare_decay,False,True,True,True,True,True,0.558819,0.659861,,,True,False,True,True,,True,
371491117_4,371491117,4,2614.38,1264.35,16,12.4266,1,True,True,12.3402,32.4795,-5.24755,flare_decay,True,True,True,True,True,True,1.74275,1.98343,,,True,True,True,True,,True,
371491117_5,371491117,5,2632.95,1959.59,16,19.2597,1,True,True,20.357,104.373,12.1028,flare_decay,True,True,True,True,True,True,0.931476,0.854582,,,True,True,True,True,,True,
371491117_6,371491117,6,2615.24,1512.59,8,11.753,1,True,True,10.8689,25.6003,-4.25854,flare_decay,True,True,True,True,True,True,0.518404,0.688222,,,True,True,True,True,,True,
371491117_7,371491117,7,2616.83,875.125,16,8.6011,1,True,True,8.16398,7.14781,-2.34,flare_decay,False,True,True,True,True,True,0.808255,0.706234,,,False,True,True,True,,True,
371491117_8,371491117,8,2626.68,6870.9,8,53.3877,1,True,True,51.0708,373.054,21.233,flare_decay,True,False,True,True,True,True,0.907971,0.921949,,,True,True,True,True,,True,
371491117_9,371491117,9,2613.92,2574.24,1,6.98392,0,False,,,,,,,,,,,,,,,,,,,,,,
371491117_10,371491117,10,2615.24,3191.81,2,12.7024,1,False,True,11.7333,14.4574,-5.97212,flare_decay,True,True,True,True,True,True,0.906389,0.764028,,,True,False,True,True,,True,
371491117_11,371491117,11,2633.7,3883.94,1,10.5371,1,False,True,10.7829,15.7965,-2.92776,flare_decay,True,True,True,True,True,True,1.35583,0.967777,,,True,False,True,True,,True,
371491117_12,371491117,12,2618.31,601.105,8,4.67066,0,True,,,,,,,,,,,,,,,,,,,,,,
371491117_13,371491117,13,2613.95,1638.85,1,4.44621,0,False,,,,,,,,,,,,,,,,,,,,,,
371491117_14,371491117,14,2633.38,509.397,16,5.00657,0,True,,,,,,,,,,,,,,,,,,,,,,
371491117_15,371491117,15,2627.91,366.411,16,3.60124,0,True,,,,,,,,,,,,,,,,,,,,,,
371491117_16,371491117,16,2632.66,1289.73,24,17.5913,1,True,True,14.5834,27.3894,-2.21491,flare_decay,True,True,True,True,True,True,0.972611,0.939782,,,True,True,True,True,,True,
371491117_17,371491117,17,2628.67,880.013,24,12.0029,0,True,,,,,,,,,,,,,,,,,,,,,,
371491117_18,371491117,18,2614.97,468.023,8,3.63659,0,True,,,,,,,,,,,,,,,,,,,,,,
371491117_19,371491117,19,2631.63,2875.81,2,11.4448,1,False,True,11.2063,14.0606,-8.46412,flare_decay,False,True,True,True,True,True,0.90433,0.843688,,,True,False,True,True,,True,
373634172_0,373634172,0,2631.07,1267.21,2,3.13557,0,False,,,,,,,,,,,,,,,,,,,,,,
373634172_1,373634172,1,2631.7,1276.46,16,8.1976,0,True,,,,,,,,,,,,,,,,,,,,,,
373634172_2,373634172,2,2611.3,3676.14,1,6.54993,0,False,,,,,,,,,,,,,,,,,,,,,,
373634172_3,373634172,3,2616.55,2637.97,4,9.30527,1,True,True,9.53674,1.33242,-3.69047,flare_decay,False,True,True,True,True,True,0.818587,0.883701,,,False,True,True,True,,True,
373634172_4,373634172,4,2635.02,4036.14,4,14.2372,1,True,True,13.6757,14.7281,-7.28559,flare_decay,False,True,True,True,True,True,1.39634,0.959064,,,True,True,True,True,,True,
373634172_5,373634172,5,2634.54,18546.7,2,45.8919,1,False,True,48.6782,359.049,68.1635,flare_decay,True,True,True,True,True,True,1.12962,0.979916,,,True,False,True,True,,True,
373634172_6,373634172,6,2612.6,8044.2,1,14.3327,1,False,True,11.3891,14.0703,-2.33933,flare_decay,True,True,True,True,True,True,0.806982,0.973998,,,True,False,True,True,,True,
373634172_7,373634172,7,2620.04,1466.45,8,6.93876,0,True,,,,,,,,,,,,,,,,,,,,,,
373634172_8,373634172,8,2617.72,8206.78,1,14.6223,1,False,True,15.2021,42.5679,-3.43237,flare_decay,True,True,True,True,True,True,0.752224,0.827642,,,True,False,True,True,,True,
373634172_9,373634172,9,2610.41,1129.02,24,11.703,0,True,,,,,,,,,,,,,,,,,,,,,,
373634172_10,373634172,10,2631.42,3135.42,8,14.8357,1,True,True,14.732,27.0392,-5.22116,flare_decay,True,True,True,True,True,True,0.715619,0.793724,,,True,True,True,True,True,True,
373634172_11,373634172,11,2629.58,3416.72,8,16.1668,1,True,True,15.3398,44.2624,2.65712,flare_decay,True,True,True,True,True,True,0.728089,0.885388,,,True,True,True,True,True,True,
373634172_12,373634172,12,2616.56,3806.94,8,18.0132,1,True,True,18.1714,30.6547,0.68748,flare_decay,True,True,True,True,True,True,0.9837,0.941181,,,True,True,True,True,,True,
373634172_13,373634172,13,2618.26,15267.6,2,37.7782,1,False,True,38.3235,219.129,-10.3159,flare_decay,False,True,True,True,True,True,0.775126,0.974225,,,True,False,True,True,,True,
373634172_14,373634172,14,2616.45,2423.54,24,25.1214,1,True,True,21.1844,73.9111,-6.16217,flare_decay,False,True,True,True,True,True,0.726187,0.806205,,,True,True,True,True,,True,
373634172_15,373634172,15,2635.07,5228.69,4,18.4439,1,True,True,18.1285,69.2701,-3.31853,flare_decay,True,True,True,True,True,True,0.935866,0.989959,,,True,True,True,True,,True,
373634172_16,373634172,16,2632.44,12007.1,8,56.8135,1,True,True,56.0416,805.064,48.1318,flare_decay,True,True,True,True,True,True,0.936875,1.01238,1.09912e-14,0,True,True,True,True,,True,True
373634172_17,373634172,17,2618.69,2011.53,4,7.09554,0,True,,,,,,,,,,,,,,,,,,,,,,
373634172_18,373634172,18,2621.25,1318.87,16,8.47001,0,True,,,,,,,,,,,,,,,,,,,,,,
373634172_19,373634172,19,2635.9,2383.96,2,5.89887,0,False,,,,,,,,,,,,,,,,,,,,,,
376848517_0,376848517,0,2617.58,1577.05,2,4.93351,0,False,,,,,,,,,,,,,,,,,,,,,,
376848517_1,376848517,1,2618.38,5441.57,1,12.2484,1,False,True,11.9603,-1.11136,-5.82805,flare_decay,False,True,True,True,True,True,1.0001,0.917619,,,False,False,True,True,,True,
376848517_2,376848517,2,2617.95,5547.76,24,53.0455,1,True,True,52.0188,847.25,70.599,flare_decay,True,True,True,True,False,True,0.987043,0.932483,,,True,True,True,False,,True,
376848517_3,376848517,3,2626.09,20682.3,1,46.5535,0,False,,,,,,,,,,,,,,,,,,,,,,
376848517_4,376848517,4,2621.61,1073.25,4,4.57538,0,True,,,,,,,,,,,,,,,,,,,,,,
376848517_5,376848517,5,2612.23,14932.3,2,46.7127,1,False,True,45.5011,227.962,22.8844,flare_decay,True,True,True,True,False,True,1.05507,1.0296,,,True,False,True,False,,True,
376848517_6,376848517,6,2615.07,3660.63,2,11.4516,1,False,True,11.1922,31.7813,0.947209,flare_decay,True,True,True,True,True,True,0.648683,0.793558,,,True,False,True,True,,True,
376848517_7,376848517,7,2611.57,656.824,8,3.41365,0,True,,,,,,,,,,,,,,,,,,,,,,
376848517_8,376848517,8,2630.91,5092.3,4,21.7089,1,True,True,21.9034,103.028,1.42129,flare_decay,True,True,True,True,False,True,1.90228,0.959563,,,True,True,True,False,,True,
376848517_9,376848517,9,2632.55,17055.8,1,38.3908,1,False,True,38.6449,254.154,32.0261,flare_decay,True,True,True,True,False,True,1.04317,0.928426,,,True,False,True,False,,True,
376848517_10,376848517,10,2626.13,903.298,24,8.63698,0,True,,,,,,,,,,,,,,,,,,,,,,
376848517_11,376848517,11,2631.72,6009.83,2,18.8006,1,False,True,19.1418,66.6259,-4.33302,flare_decay,True,True,True,True,False,True,1.02605,1.01044,,,True,False,True,False,,True,
376848517_12,376848517,12,2616.17,6274.89,16,44.2473,1,True,True,43.286,752.604,90.1514,flare_decay,True,True,True,True,False,True,1.09451,0.947834,,,True,True,True,False,,True,
376848517_13,376848517,13,2632.09,500.431,24,4.78492,0,True,,,,,,,,,,,,,,,,,,,,,,
376848517_14,376848517,14,2619.86,1345.75,16,9.48955,1,True,True,10.8613,18.0794,0.133814,flare_decay,True,True,True,True,True,True,0.854748,0.752029,,,True,True,True,True,True,True,
376848517_15,376848517,15,2631.9,4993.33,16,35.2104,1,True,True,32.1327,323.838,47.1275,flare_decay,True,True,True,True,False,True,1.24121,0.974936,,,True,True,True,False,,True,
376848517_16,376848517,16,2612.73,478.532,16,3.37436,0,True,,,,,,,,,,,,,,,,,,,,,,
376848517_17,376848517,17,2630.65,2320.06,16,16.3599,1,True,True,15.9386,36.3153,-6.16235,flare_decay,False,True,True,True,False,True,1.06383,0.908759,,,True,True,True,False,,True,
376848517_18,376848517,18,2628.84,2768.6,8,14.389,1,True,True,13.4963,6.9342,-8.50841,flare_decay,False,True,True,True,True,True,1.00132,0.888713,,,False,True,True,True,,True,
376848517_19,376848517,19,2630.77,1032.98,4,4.40369,0,True,,,,,,,,,,,,,,,,,,,,,,
377368438_0,377368438,0,2617.51,18225.2,8,59.759,1,True,True,59.2986,670.59,47.442,flare_decay,True,True,True,True,True,True,0.824153,0.839262,,,True,True,True,True,,True,
377368438_1,377368438,1,2632.99,3091.11,8,10.1355,1,True,True,12.2848,11.7264,-16.2348,flare_decay,False,True,True,True,True,True,0.607107,0.837089,,,True,True,True,True,True,True,
377368438_2,377368438,2,2632.92,18429.3,2,28.7942,1,False,True,30.1343,211.973,12.6455,flare_decay,True,True,True,True,True,True,0.94494,0.851998,,,True,False,True,True,,True,
377368438_3,377368438,3,2617.14,3010.26,24,17.9858,1,True,True,16.3556,30.7373,-4.73346,flare_decay,True,True,True,True,True,True,0.918205,1.02273,,,True,True,True,True,,True,
377368438_4,377368438,4,2617.04,6045.84,4,14.1967,1,True,True,13.4634,25.5549,-1.68637,flare_decay,True,True,True,True,True,True,0.699407,0.819301,,,True,True,True,True,,True,
377368438_5,377368438,5,2616.11,3755.54,2,5.86771,0,False,,,,,,,,,,,,,,,,,,,,,,
377368438_6,377368438,6,2626.45,1401.95,24,8.37637,1,True,True,11.5636,-7.54685,-6.11142,step,False,True,False,True,True,False,0.240101,0.746603,,,False,True,True,False,,True,
377368438_7,377368438,7,2614.15,47077.4,1,51.0018,1,False,True,54.5328,324.809,-17.8969,flare_decay,False,True,True,True,True,True,0.837839,0.839219,,,True,False,True,True,,True,
377368438_8,377368438,8,2628.62,10757.2,2,16.8073,1,False,True,16.1943,32.0449,-3.77832,flare_decay,True,True,True,True,True,True,0.794685,0.794003,,,True,False,True,True,,True,
377368438_9,377368438,9,2619.96,6019.89,16,27.6984,1,True,True,24.9732,83.0899,-4.74622,flare_decay,True,True,True,True,True,True,0.814844,0.809065,,,True,True,True,True,,True,
377368438_10,377368438,10,2632.74,26336.1,2,41.1479,1,False,True,39.9767,316.524,36.4812,flare_decay,True,True,True,True,True,True,0.94711,0.851624,,,True,False,True,True,,True,
377368438_11,377368438,11,2635.84,18735.6,4,43.9946,1,True,True,31.7197,205.071,18.3337,flare_decay,True,False,False,True,True,True,0.743537,0.820424,,,True,True,False,True,,True,
377368438_12,377368438,12,2631.47,2556.59,16,11.7633,1,True,True,10.4144,14.4565,-5.31741,flare_decay,True,True,True,True,True,True,1.05955,1.00722,0.000942279,3.99818e-05,True,True,True,True,,True,True
377368438_13,377368438,13,2633.81,17470.1,4,41.0229,1,True,True,40.7426,317.221,27.995,flare_decay,True,True,True,True,True,True,0.782904,0.836695,,,True,True,True,True,True,True,
377368438_14,377368438,14,2632.47,3178.75,16,14.6259,1,True,True,14.6694,7.07919,-8.71494,flare_decay,False,True,True,True,True,True,0.748388,0.684384,,,False,True,True,True,,True,
377368438_15,377368438,15,2630.65,17811.4,8,58.402,1,True,True,52.8758,625.647,60.7982,flare_decay,True,True,True,True,True,True,0.846521,0.844405,0.101431,1.02431e-55,True,True,True,True,,True,True
377368438_16,377368438,16,2612.21,5920.06,8,19.4114,1,True,True,17.5206,61.5762,-13.8749,flare_decay,False,True,True,True,True,True,0.783814,0.908581,,,True,True,True,True,,True,
377368438_17,377368438,17,2618.91,2943.22,1,3.18858,0,False,,,,,,,,,,,,,,,,,,,,,,
377368438_18,377368438,18,2617.65,12725.1,16,58.5499,1,True,True,61.6715,527.961,47.7852,flare_decay,True,True,True,True,True,True,0.729028,0.827772,,,True,True,True,True,,True,
377368438_19,377368438,19,2613.27,2844.78,4,6.68007,0,True,,,,,,,,,,,,,,,,,,,,,,
334780159_0,334780159,0,2613.04,4357.44,1,7.72169,1,False,True,7.34529,8.86818,-6.70518,flare_decay,False,True,True,True,True,True,1.65448,0.949487,,,False,False,True,True,,True,
334780159_1,334780159,1,2626.15,2062.42,2,4.41422,0,False,,,,,,,,,,,,,,,,,,,,,,
334780159_2,334780159,2,2627.32,1618.43,4,4.27775,0,True,,,,,,,,,,,,,,,,,,,,,,
334780159_3,334780159,3,2613.41,5333.24,24,19.4687,0,True,,,,,,,,,,,,,,,,,,,,,,
334780159_4,334780159,4,2628.33,2021.87,1,3.5829,0,False,,,,,,,,,,,,,,,,,,,,,,
334780159_5,334780159,5,2616.05,1149.07,16,3.81932,0,True,,,,,,,,,,,,,,,,,,,,,,
334780159_6,334780159,6,2630.16,1976.8,16,6.57057,0,True,,,,,,,,,,,,,,,,,,,,,,
334780159_7,334780159,7,2616.41,1794.91,8,5.32173,0,True,,,,,,,,,,,,,,,,,,,,,,
334780159_8,334780159,8,2612.9,1979.09,8,5.86779,0,True,,,,,,,,,,,,,,,,,,,,,,
334780159_9,334780159,9,2613.8,19707.7,8,58.4312,1,True,True,56.7544,1672.34,110.491,flare_decay,True,True,True,True,True,True,1.31402,0.922866,,,True,True,True,True,,True,
334780159_10,334780159,10,2625.71,7147.83,2,15.2986,1,False,True,16.1646,119.558,5.04938,flare_decay,True,True,True,True,True,True,0.799377,0.937809,,,True,False,True,True,,True,
334780159_11,334780159,11,2612.21,900.198,24,3.28612,0,True,,,,,,,,,,,,,,,,,,,,,,
334780159_12,334780159,12,2635.3,10055.6,1,17.8193,1,False,True,19.1441,97.4173,-1.62219,flare_decay,True,True,True,True,True,True,1.11664,0.865757,,,True,False,True,True,,True,
334780159_13,334780159,13,2634.78,2096.55,2,4.48728,0,False,,,,,,,,,,,,,,,,,,,,,,
334780159_14,334780159,14,2631.59,2040.1,2,4.36646,0,False,,,,,,,,,,,,,,,,,,,,,,
334780159_15,334780159,15,2613.23,12230.4,24,44.6462,1,True,True,13.4177,1892.51,138.968,flare_decay,True,True,True,True,True,True,2.87381,0.809897,,,True,True,True,True,,True,
334780159_16,334780159,16,2621.36,3625.98,8,10.7507,1,True,True,11.5902,25.0384,-4.61263,step,True,False,False,True,True,True,1.29861,1.18601,,,True,True,False,True,,True,
334780159_17,334780159,17,2627.89,9086,24,33.1679,1,True,True,15.0533,40.9538,8.46581,step,True,True,True,True,True,True,0.818216,1.01588,,,True,True,True,True,,True,
334780159_18,334780159,18,2617.09,10788.4,16,35.8588,1,True,True,15.8169,1239.96,64.7044,flare_decay,True,True,True,True,True,True,4.19219,0.91386,,,True,True,True,True,,True,
334780159_19,334780159,19,2635.67,19004.7,8,56.3471,1,True,True,20.6427,1835.04,116.289,flare_decay,True,True,True,True,True,True,5.48926,1.00216,,,True,True,True,True,True,True,
336006040_0,336006040,0,2634.09,1411.17,4,6.54976,1,True,True,8.38376,12.8041,6.70765,flare_decay,True,True,False,False,True,False,0.303377,0.483593,,,True,True,True,False,,True,
336006040_1,336006040,1,2627.94,7794.58,16,53.1651,1,True,True,40.1527,42.0774,54.8954,flare_decay,True,False,True,True,True,True,0.561504,0.780782,,,True,True,True,True,True,True,
336006040_2,336006040,2,2614.43,2074.87,4,9.63023,1,True,True,11.1477,-22.3995,-6.63801,flare_decay,False,True,True,False,True,True,0.58443,1.06843,,,False,True,True,False,,True,
336006040_3,336006040,3,2631.72,403.62,24,3.60442,0,True,,,,,,,,,,,,,,,,,,,,,,
336006040_4,336006040,4,2619.25,760.144,4,3.52811,0,True,,,,,,,,,,,,,,,,,,,,,,
336006040_5,336006040,5,2635.92,658.423,4,3.05598,0,True,,,,,,,,,,,,,,,,,,,,,,
336006040_6,336006040,6,2620.59,18426,1,10.7779,1,False,True,23.2238,510.282,276.117,flare_decay,True,True,True,True,True,True,1.25915,0.950981,,,True,False,True,True,,True,
336006040_7,336006040,7,2635.95,1593.95,4,7.39812,0,True,,,,,,,,,,,,,,,,,,,,,,
336006040_8,336006040,8,2634.74,6488.38,24,57.9428,1,True,True,55.9049,2056.33,123.485,flare_decay,True,True,True,True,True,True,0.580531,0.91169,,,True,True,True,True,,True,
336006040_9,336006040,9,2615.14,50000,1,29.2464,0,False,,,,,,,,,,,,,,,,,,,,,,
336006040_10,336006040,10,2618.65,24226.7,1,14.1709,0,False,,,,,,,,,,,,,,,,,,,,,,
336006040_11,336006040,11,2629.59,1613.69,4,7.48974,0,True,,,,,,,,,,,,,,,,,,,,,,
336006040_12,336006040,12,2616.64,50000,2,39.0309,0,False,,,,,,,,,,,,,,,,,,,,,,
336006040_13,336006040,13,2628.72,489.007,16,3.33541,0,True,,,,,,,,,,,,,,,,,,,,,,
336006040_14,336006040,14,2614.43,6415.98,8,35.1168,1,True,True,35.989,528.433,18.9573,flare_decay,True,True,True,True,True,True,0.690971,1.22675,,,True,True,True,True,,True,
336006040_15,336006040,15,2632.07,12610.6,1,7.37629,0,False,,,,,,,,,,,,,,,,,,,,,,
336006040_16,336006040,16,2614.64,5886.17,8,32.217,1,True,True,30.8909,205.593,-13.1577,flare_decay,False,True,True,True,True,True,0.686865,1.16484,,,True,True,True,True,True,True,
336006040_17,336006040,17,2632.02,30512.5,1,17.8476,0,False,,,,,,,,,,,,,,,,,,,,,,
336006040_18,336006040,18,2631.02,43583.6,1,25.4933,0,False,,,,,,,,,,,,,,,,,,,,,,
336006040_19,336006040,19,2613.73,6890.79,4,31.9827,1,True,True,31.4426,185.687,-1.80452,flare_decay,True,True,True,True,True,True,0.584339,0.91682,,,True,True,True,True,True,True,
353969828_0,353969828,0,2616.59,9508,16,40.9163,1,True,True,40.1237,566.076,28.6094,flare_decay,True,True,True,True,True,True,1.23476,0.887911,,,True,True,True,True,True,True,
353969828_1,353969828,1,2628.81,6994.71,2,13.44,1,True,True,12.0631,34.5576,1.01816,flare_decay,True,True,True,True,True,True,0.964411,0.898824,,,True,True,True,True,,True,
353969828_2,353969828,2,2626.52,5308,1,7.60578,0,False,,,,,,,,,,,,,,,,,,,,,,
353969828_3,353969828,3,2611.7,3066.6,24,15.8245,1,True,True,19.7955,42.6051,4.3132,step,True,True,True,True,True,True,0.942132,0.886142,,,True,True,True,True,True,True,
353969828_4,353969828,4,2614.52,1222.26,16,5.25982,0,True,,,,,,,,,,,,,,,,,,,,,,
353969828_5,353969828,5,2616.64,3720.52,4,9.04633,1,True,True,8.13384,12.9082,-5.32939,flare_decay,True,True,True,True,True,True,1.13292,0.85227,,,True,True,True,True,,True,
353969828_6,353969828,6,2626.74,4730.16,16,20.3555,1,True,True,20.2909,118.902,-4.13389,flare_decay,True,True,True,True,True,True,1.14534,1.20748,,,True,True,True,True,,True,
353969828_7,353969828,7,2619.58,2124.51,24,10.963,0,True,,,,,,,,,,,,,,,,,,,,,,
353969828_8,353969828,8,2630.39,9254.3,24,47.7545,1,True,True,37.6634,598.985,30.8856,step,True,True,True,True,True,True,1.28173,0.801874,,,True,True,True,True,,True,
353969828_9,353969828,9,2620.78,2655.57,4,6.45694,0,True,,,,,,,,,,,,,,,,,,,,,,
353969828_10,353969828,10,2632.92,2129.68,24,10.9897,0,True,,,,,,,,,,,,,,,,,,,,,,
353969828_11,353969828,11,2618.42,2717.06,8,9.04202,0,True,,,,,,,,,,,,,,,,,,,,,,
353969828_12,353969828,12,2616.7,7604.45,1,10.8963,1,False,True,9.60488,25.3358,-3.07936,flare_decay,True,True,True,True,True,True,1.49269,0.862962,,,True,False,True,True,,True,
353969828_13,353969828,13,2631.48,10079.1,2,19.3665,1,True,True,19.7618,96.3795,-8.41199,flare_decay,False,True,True,True,True,True,0.826531,0.880513,,,True,True,True,True,,True,
353969828_14,353969828,14,2634.33,8551.33,2,16.431,1,True,True,15.8848,98.2622,-7.08,flare_decay,False,True,True,True,True,True,1.44926,0.972913,,,True,True,True,True,True,True,
353969828_15,353969828,15,2626.88,2266.68,16,9.7543,0,True,,,,,,,,,,,,,,,,,,,,,,
353969828_16,353969828,16,2632.77,3744.18,8,12.4601,1,True,True,12.4977,48.3271,-5.03132,flare_decay,True,True,True,True,True,True,1.22633,0.930118,,,True,True,True,True,True,True,
353969828_17,353969828,17,2610.95,2335.56,16,10.0507,0,True,,,,,,,,,,,,,,,,,,,,,,
353969828_18,353969828,18,2620.79,6994.39,8,23.2764,1,True,True,22.35,162.353,-9.50601,flare_decay,False,True,True,True,True,True,0.892927,0.745079,,,True,True,True,True,True,True,
353969828_19,353969828,19,2620.31,1043.28,16,4.48959,0,True,,,,,,,,,,,,,,,,,,,,,,
356241610_0,356241610,0,2626.13,10500.3,1,16.8701,1,False,True,19.1421,9.69149,2.00524,flare_decay,False,True,True,True,True,True,0.903988,0.816851,,,False,False,True,True,,True,
356241610_1,356241610,1,2632.13,4853.39,16,27.8874,1,True,True,28.5527,194.942,13.8816,flare_decay,True,True,True,True,True,True,0.954004,0.922087,,,True,True,True,True,,True,
356241610_2,356241610,2,2618.29,5884.7,24,41.1923,1,True,True,35.8872,444.03,28.0705,flare_decay,True,True,True,True,True,True,1.01467,0.887557,,,True,True,True,True,True,True,
356241610_3,356241610,3,2634.71,3435.65,8,14.5873,1,True,True,12.5721,32.8473,-0.252892,flare_decay,True,True,True,True,True,True,1.17517,1.06204,,,True,True,True,True,True,True,
356241610_4,356241610,4,2635.41,2492.28,4,7.14306,0,False,,,,,,,,,,,,,,,,,,,,,,
356241610_5,356241610,5,2626.34,4038.78,24,28.2711,1,True,True,29.5751,130.942,25.5259,flare_decay,True,True,True,True,True,True,0.817145,0.820227,,,True,True,True,True,,True,
356241610_6,356241610,6,2611.57,6022.24,16,34.6036,1,True,True,35.0432,205.836,-7.45067,flare_decay,False,True,True,True,True,True,0.842717,0.873361,,,True,True,True,True,,True,
356241610_7,356241610,7,2618.94,3388.44,2,7.08577,1,False,True,7.13097,-1.74436,-7.46712,flare_decay,False,True,True,True,True,True,0.809794,0.670019,,,False,False,True,True,,True,
356241610_8,356241610,8,2631.15,7378.8,8,31.3294,1,True,True,29.8237,165.883,-0.25212,flare_decay,True,True,True,True,True,True,0.932541,0.932151,,,True,True,True,True,,True,
356241610_9,356241610,9,2631.14,5872.45,2,12.2802,1,False,True,11.9647,15.4598,-5.97419,flare_decay,True,True,True,True,True,True,0.667654,0.793878,,,True,False,True,True,,True,
356241610_10,356241610,10,2614.86,9087.39,2,19.0032,1,False,True,15.5088,28.2247,-3.55067,flare_decay,True,True,True,True,True,True,0.555368,0.737629,,,True,False,True,True,,True,
356241610_11,356241610,11,2610.95,1891.04,8,8.0291,1,True,True,12.0072,14.638,-6.85085,step,False,True,True,True,True,True,0.57687,0.72643,0.118956,1.26902e-12,True,True,True,True,,True,True
356241610_12,356241610,12,2618.54,26822.1,2,56.0894,1,False,True,57.8535,710.172,71.4748,flare_decay,True,True,True,True,True,True,1.11713,0.904789,,,True,False,True,True,,True,
356241610_13,356241610,13,2614.26,669.841,16,3.84889,0,True,,,,,,,,,,,,,,,,,,,,,,
356241610_14,356241610,14,2617.02,9590.4,8,40.7196,1,True,True,38.8624,407.356,14.3142,flare_decay,True,True,True,True,True,True,0.775097,0.908143,,,True,True,True,True,,True,
356241610_15,356241610,15,2628.29,1579.37,4,4.52658,0,False,,,,,,,,,,,,,,,,,,,,,,
356241610_16,356241610,16,2613.65,2303.2,4,6.60115,0,False,,,,,,,,,,,,,,,,,,,,,,
356241610_17,356241610,17,2626.78,8064.35,4,23.113,1,False,True,21.8449,76.0665,3.46588,flare_decay,True,True,True,True,True,True,0.805006,0.965648,,,True,False,True,True,,True,
356241610_18,356241610,18,2635.23,1738.81,16,9.99112,1,True,True,9.28393,5.94542,-4.49983,step,False,True,True,True,True,True,0.955352,0.934321,,,False,True,True,True,,True,
356241610_19,356241610,19,2612.53,8262.8,8,35.0828,1,True,True,31.9101,293.021,-4.15227,flare_decay,True,True,True,True,True,True,0.950337,0.928181,,,True,True,True,True,,True,
409274163_0,409274163,0,2630.67,3703.42,4,16.7593,1,False,True,16.2488,67.1351,-3.56003,flare_decay,True,True,True,True,True,True,1.2253,0.893912,,,True,True,True,True,,True,
409274163_1,409274163,1,2616.64,3443.5,8,18.1652,1,True,True,19.677,99.0826,1.79432,flare_decay,True,True,True,True,True,True,1.25049,0.855622,,,True,True,True,True,,True,
409274163_2,409274163,2,2617.84,366.375,24,3.24792,0,True,,,,,,,,,,,,,,,,,,,,,,
409274163_3,409274163,3,2611.71,800.366,4,3.62194,0,True,,,,,,,,,,,,,,,,,,,,,,
409274163_4,409274163,4,2614.36,2583.1,16,17.0279,1,True,True,14.7047,65.1286,10.1711,flare_decay,True,True,True,True,True,True,2.31856,1.81376,,,True,True,True,True,True,True,
409274163_5,409274163,5,2616.29,1642.66,8,8.66538,1,True,True,7.64866,11.7128,-2.6721,step,True,True,True,True,True,True,0.865759,0.763942,0.00485795,0.000372562,True,True,True,True,True,True,True
409274163_6,409274163,6,2634.74,1328.12,1,3.48326,0,False,,,,,,,,,,,,,,,,,,,,,,
409274163_7,409274163,7,2610.55,972.183,16,6.40869,0,True,,,,,,,,,,,,,,,,,,,,,,
409274163_8,409274163,8,2635.57,4553.67,1,11.943,1,False,True,11.0672,18.5005,0.904268,flare_decay,True,True,True,True,True,True,0.638355,0.726426,,,True,False,True,True,,True,
409274163_9,409274163,9,2620.02,3011.83,16,19.8541,1,True,True,18.9367,115.468,10.7418,flare_decay,True,True,True,True,True,True,1.11739,0.792684,,,True,True,True,True,,True,
409274163_10,409274163,10,2632.86,1455.85,24,12.9061,0,True,,,,,,,,,,,,,,,,,,,,,,
409274163_11,409274163,11,2629.83,15983.3,2,55.9467,1,False,True,55.1845,894.55,65.0161,flare_decay,True,True,True,True,True,True,1.03799,0.803499,,,True,False,True,True,,True,
409274163_12,409274163,12,2617.25,18602.6,1,48.7891,1,False,True,48.8634,398.805,18.7938,flare_decay,True,True,True,True,True,True,0.767779,0.766123,,,True,False,True,True,,True,
409274163_13,409274163,13,2628.62,727.239,16,4.794,0,True,,,,,,,,,,,,,,,,,,,,,,
409274163_14,409274163,14,2631.02,1083.49,2,3.79255,0,False,,,,,,,,,,,,,,,,,,,,,,
409274163_15,409274163,15,2629.18,2273.89,16,14.9896,1,True,True,13.0555,48.5971,-9.61331,step,False,True,True,True,True,True,1.68859,0.960599,,,True,True,True,True,True,True,
409274163_16,409274163,16,2626.84,8432.73,16,55.5891,1,True,True,51.2617,1308.79,105.886,flare_decay,True,True,True,True,True,True,1.02342,0.746122,,,True,True,True,True,True,True,
409274163_17,409274163,17,2619.73,691.971,8,3.65031,0,True,,,,,,,,,,,,,,,,,,,,,,
409274163_18,409274163,18,2617.65,1465.28,2,5.12894,0,False,,,,,,,,,,,,,,,,,,,,,,
409274163_19,409274163,19,2634.79,4894.04,2,17.1307,1,False,True,17.4476,140.075,9.83592,flare_decay,True,True,True,True,True,True,0.732913,0.668818,,,True,False,True,True,,True,
417848185_0,417848185,0,2631.79,2340.36,16,9.5498,1,True,True,10.0164,-0.651003,-5.36685,flare_decay,False,True,True,True,True,True,0.858933,0.883904,,,False,True,True,True,,True,
417848185_1,417848185,1,2611.63,555.506,24,3.29205,0,True,,,,,,,,,,,,,,,,,,,,,,
417848185_2,417848185,2,2611.42,11991.4,4,21.5014,1,True,True,22.4362,104.012,-3.35845,flare_decay,True,True,True,True,True,True,0.795804,0.746967,,,True,True,True,True,,True,
417848185_3,417848185,3,2634.42,25254.3,1,22.2867,1,False,True,23.0423,106.432,-1.98295,flare_decay,True,True,True,True,True,True,1.12169,0.758532,,,True,False,True,True,,True,
417848185_4,417848185,4,2617.13,973.199,24,5.76739,0,True,,,,,,,,,,,,,,,,,,,,,,
417848185_5,417848185,5,2611.34,4454.21,8,12.0192,1,True,True,11.3404,31.6844,-10.0561,step,False,True,False,True,True,False,0.342587,0.396688,,,True,True,True,False,,True,
417848185_6,417848185,6,2611.78,2173.01,16,8.86694,0,True,,,,,,,,,,,,,,,,,,,,,,
417848185_7,417848185,7,2614.33,5973.21,16,24.3736,1,True,True,22.6401,74.8978,3.35086,flare_decay,True,True,True,True,True,True,0.738874,0.874636,,,True,True,True,True,,True,
417848185_8,417848185,8,2626.99,5051.9,2,6.21344,1,False,True,9.03245,11.6993,-5.45252,flare_decay,True,True,True,True,True,True,0.854139,0.833289,,,True,False,True,True,,True,
417848185_9,417848185,9,2616.22,36784.7,2,45.2423,1,False,True,44.1448,306.609,26.9132,flare_decay,True,True,True,True,True,True,1.18946,0.773346,,,True,False,True,True,,True,
417848185_10,417848185,10,2630.64,1234.73,8,3.33177,0,True,,,,,,,,,,,,,,,,,,,,,,
417848185_11,417848185,11,2635.22,30503.9,1,26.9194,1,False,True,27.1296,135.242,14.1164,flare_decay,True,True,True,True,True,True,0.805563,0.748924,,,True,False,True,True,,True,
417848185_12,417848185,12,2634.26,24390.8,2,29.9988,1,False,True,31.7884,112.868,15.2891,flare_decay,True,True,True,True,True,True,0.808873,0.733807,,,True,False,True,True,,True,
417848185_13,417848185,13,2620.49,36080.8,2,44.3765,1,False,True,43.4473,226.884,9.30554,flare_decay,True,True,True,True,True,True,1.13432,0.831756,,,True,False,True,True,,True,
417848185_14,417848185,14,2611.31,6923.61,4,12.4145,1,True,True,11.8554,43.9843,-2.21535,flare_decay,True,True,True,True,True,True,0.44662,0.574428,0.113681,0.0183816,True,True,True,True,,True,True
417848185_15,417848185,15,2621.49,19915.4,2,24.4944,1,False,True,20.0852,243.164,41.623,flare_decay,True,True,True,True,True,True,1.26086,0.81122,,,True,False,True,True,,True,
417848185_16,417848185,16,2620.12,7033.62,16,28.7006,1,True,True,28.3209,136.617,4.9959,flare_decay,True,True,True,True,True,True,0.76331,0.797739,,,True,True,True,True,,True,
417848185_17,417848185,17,2617.03,2868.57,4,5.14356,0,True,,,,,,,,,,,,,,,,,,,,,,
417848185_18,417848185,18,2633.21,17164.9,1,15.1479,1,False,True,16.3018,37.4701,4.78076,flare_decay,True,True,True,True,True,True,0.639349,0.741574,,,True,False,True,True,,True,
417848185_19,417848185,19,2618.6,50000,1,44.1246,1,False,True,45.3394,240.68,24.8863,flare_decay,True,True,True,True,True,True,0.83339,0.776147,,,True,False,True,True,,True,
441797933_0,441797933,0,2615.41,6894.49,4,25.5421,1,False,True,25.5077,118.132,19.0548,flare_decay,True,True,True,True,True,True,1.14655,0.927586,,,True,False,True,True,,True,
441797933_1,441797933,1,2632.71,2737.82,24,26.0507,1,True,True,22.4549,108.347,3.24436,flare_decay,True,True,True,True,True,True,0.983313,0.906897,,,True,True,True,True,,True,
441797933_2,441797933,2,2615.95,2260.25,8,13.2285,1,True,True,11.9415,20.6633,-7.36319,flare_decay,False,True,True,True,True,True,0.936951,1.04339,,,True,True,True,True,,True,
441797933_3,441797933,3,2617.82,2006.99,8,11.7463,1,True,True,12.0447,4.20458,-8.70649,flare_decay,False,True,True,True,True,True,0.566744,0.84553,,,False,True,True,True,,True,
441797933_4,441797933,4,2611.56,25006.2,1,47.0053,1,False,True,44.523,429.368,-58.0147,flare_decay,False,True,True,True,True,True,0.775768,0.925105,,,True,False,True,True,,True,
441797933_5,441797933,5,2611.9,4062.73,8,23.7779,1,True,True,24.1039,85.6131,9.66092,flare_decay,True,True,True,True,True,True,0.829372,0.862422,,,True,True,True,True,,True,
441797933_6,441797933,6,2616.13,1542.59,4,5.71483,0,False,,,,,,,,,,,,,,,,,,,,,,
441797933_7,441797933,7,2621.62,873.298,24,8.30954,0,True,,,,,,,,,,,,,,,,,,,,,,
441797933_8,441797933,8,2614.93,8407.98,2,21.102,1,False,True,21.4454,126.265,8.69074,flare_decay,True,True,True,True,True,True,0.761127,0.749916,,,True,False,True,True,,True,
441797933_9,441797933,9,2630.05,3202.12,24,30.4686,1,True,True,29.7201,163.369,-1.19437,flare_decay,True,True,True,True,True,True,0.762044,0.767343,,,True,True,True,True,,True,
441797933_10,441797933,10,2613.81,6863.99,16,51.3531,1,True,True,44.6501,347.219,14.5457,flare_decay,True,True,True,True,True,True,0.784144,0.964566,,,True,True,True,True,True,True,
441797933_11,441797933,11,2613.29,12465.6,2,31.2857,1,False,True,31.2502,151.089,-0.250997,flare_decay,True,True,True,True,True,True,1.36295,0.963595,,,True,False,True,True,,True,
441797933_12,441797933,12,2619.39,3209.14,2,8.05415,1,False,True,9.09195,10.8665,-2.47756,flare_decay,True,True,True,True,True,True,1.09026,0.77979,,,True,False,True,True,,True,
441797933_13,441797933,13,2618.85,2207.03,4,8.17639,0,False,,,,,,,,,,,,,,,,,,,,,,
441797933_14,441797933,14,2627.63,1115.39,24,10.6131,0,True,,,,,,,,,,,,,,,,,,,,,,
441797933_15,441797933,15,2611.51,1675.08,4,6.20567,1,False,True,8.67429,-6.33319,-8.45633,flare_decay,False,True,True,True,True,True,0.569666,0.531689,,,False,False,True,True,,True,
441797933_16,441797933,16,2619.91,10374.3,2,26.0371,1,False,True,26.1651,90.1359,17.4709,flare_decay,True,True,True,True,True,True,0.918896,0.961126,,,True,False,True,True,,True,
441797933_17,441797933,17,2618.94,11576.8,4,42.8888,1,False,True,40.0202,338.222,-3.06435,flare_decay,True,True,True,True,True,True,0.93001,0.967605,,,True,False,True,True,,True,
441797933_18,441797933,18,2616.38,4791.35,24,45.5904,1,True,True,36.1818,349.808,4.48511,flare_decay,True,True,True,True,True,True,0.987871,0.967103,,,True,True,True,True,,True,
441797933_19,441797933,19,2633.97,7704.87,4,28.5443,1,False,True,26.9812,147.883,-5.2999,flare_decay,True,True,True,True,True,True,0.955078,0.986644,,,True,False,True,True,,True,
445811124_0,445811124,0,2627.85,8007.39,16,53.5809,1,True,True,47.0625,433.991,23.2132,flare_decay,True,True,True,True,True,True,1.05108,1.01133,,,True,True,True,True,True,True,
445811124_1,445811124,1,2632.99,1304.45,8,5.65375,0,True,,,,,,,,,,,,,,,,,,,,,,
445811124_2,445811124,2,2627.22,3190.36,2,7.09616,1,False,True,7.82626,8.78143,-4.24257,flare_decay,False,True,True,True,True,True,0.787724,0.837435,,,False,False,True,True,,True,
445811124_3,445811124,3,2617.53,24620.3,1,40.8946,1,False,True,41.4647,187.938,8.93291,flare_decay,True,True,True,True,True,True,0.99491,0.912472,,,True,False,True,True,,True,
445811124_4,445811124,4,2630.58,967.905,24,8.63579,0,True,,,,,,,,,,,,,,,,,,,,,,
445811124_5,445811124,5,2613.83,12943.3,4,42.9585,1,True,True,45.0022,370.013,28.4837,flare_decay,True,True,True,True,True,True,0.872454,0.918049,,,True,True,True,True,,True,
445811124_6,445811124,6,2635.42,21417.2,2,47.6372,1,False,True,47.1539,607.604,45.5153,flare_decay,True,True,True,True,True,True,1.0011,0.948103,,,True,False,True,True,,True,
445811124_7,445811124,7,2619.56,6301.63,2,14.0164,1,False,True,12.5217,32.5459,-1.26421,flare_decay,True,True,True,True,True,True,0.916833,0.849126,,,True,False,True,True,,True,
445811124_8,445811124,8,2626.78,5722.66,2,12.7286,1,False,True,13.7446,28.0246,-3.27917,flare_decay,True,True,True,True,True,True,0.749752,1.06365,,,True,False,True,True,,True,
445811124_9,445811124,9,2630.33,1912.75,1,3.17709,0,False,,,,,,,,,,,,,,,,,,,,,,
445811124_10,445811124,10,2613.01,5554.33,2,12.3542,1,False,True,11.3057,17.5584,-6.18912,flare_decay,False,True,True,True,True,True,0.92405,1.06698,,,True,False,True,True,,True,
445811124_11,445811124,11,2615.77,15030.1,4,49.8847,1,True,True,48.7061,416.665,9.14193,flare_decay,True,True,True,True,True,True,0.852698,0.950448,,,True,True,True,True,,True,
445811124_12,445811124,12,2612.13,26359.8,2,58.6308,1,False,True,59.3028,824.099,92.423,flare_decay,True,True,True,True,True,True,0.917406,0.922584,,,True,False,True,True,,True,
445811124_13,445811124,13,2612.18,345.838,24,3.08562,0,True,,,,,,,,,,,,,,,,,,,,,,
445811124_14,445811124,14,2611.78,1398.91,8,6.06315,0,True,,,,,,,,,,,,,,,,,,,,,,
445811124_15,445811124,15,2611.55,14455.8,4,47.9783,1,True,True,45.7569,370.215,21.8876,flare_decay,True,True,True,True,True,True,0.834661,0.958988,,,True,True,True,True,,True,
445811124_16,445811124,16,2635.43,6435.61,1,10.6896,1,False,True,10.0517,34.6323,-7.61318,flare_decay,False,True,True,True,True,True,1.26896,0.962852,,,True,False,True,True,,True,
445811124_17,445811124,17,2614.92,842.491,24,7.51682,0,True,,,,,,,,,,,,,,,,,,,,,,
445811124_18,445811124,18,2617.9,4486.32,24,40.0275,1,True,True,33.2798,191.645,61.1459,flare_decay,True,True,True,True,True,True,0.854507,0.971891,,,True,True,True,True,,True,
445811124_19,445811124,19,2618.2,1036.1,24,9.24426,0,True,,,,,,,,,,,,,,,,,,,,,,
383621994_0,383621994,0,2634.2,4094.62,8,16.3626,1,True,True,17.2711,45.1481,-6.8497,flare_decay,False,True,True,True,True,True,0.897492,0.987199,,,True,True,True,True,,True,
383621994_1,383621994,1,2635.28,13388,8,53.5003,1,True,True,50.9322,435.481,25.885,flare_decay,True,True,True,True,True,True,1.00188,0.946586,,,True,True,True,True,True,True,
383621994_2,383621994,2,2616.29,2448.78,1,3.47985,0,False,,,,,,,,,,,,,,,,,,,,,,
383621994_3,383621994,3,2612.87,9541.54,8,38.1292,1,True,True,34.8084,189.329,-12.7198,flare_decay,False,True,True,True,True,True,0.911476,0.893163,,,True,True,True,True,,True,
383621994_4,383621994,4,2633.21,16082.2,2,32.022,1,False,True,31.209,148.09,7.9306,flare_decay,True,True,True,True,True,True,1.29229,0.935068,,,True,False,True,True,,True,
383621994_5,383621994,5,2620.31,4291.6,2,8.54518,1,False,True,9.04308,10.2218,-8.02265,flare_decay,False,True,True,True,True,True,0.551841,0.757888,,,True,False,True,True,,True,
383621994_6,383621994,6,2611.84,922.726,16,5.38271,0,True,,,,,,,,,,,,,,,,,,,,,,
383621994_7,383621994,7,2625.86,5557.74,1,7.89784,1,False,True,8.29847,-3.95287,-4.85628,flare_decay,False,True,True,True,True,True,1.01054,0.912115,,,False,False,True,True,,True,
383621994_8,383621994,8,2610.88,2922.57,24,27.2839,1,True,True,17.1394,17.6132,-1.30972,step,True,False,True,True,False,True,1.26735,1.92103,,,True,True,True,False,,True,
383621994_9,383621994,9,2628.5,3110.94,1,4.42081,0,False,,,,,,,,,,,,,,,,,,,,,,
383621994_10,383621994,10,2617.74,3453.97,24,32.2448,1,True,True,24.9288,74.3214,-3.91997,flare_decay,True,True,True,True,True,True,0.846998,0.918432,,,True,True,True,True,True,True,
383621994_11,383621994,11,2618.68,20138.3,2,40.0982,1,False,True,40.855,291.878,51.8793,flare_decay,True,True,True,True,True,True,1.08044,0.959067,,,True,False,True,True,,True,
383621994_12,383621994,12,2621.62,2447.9,24,22.8526,1,True,True,8.73113,-8.0396,-9.56999,step,False,False,False,True,True,False,0.33481,0.864356,,,False,True,False,False,,True,
383621994_13,383621994,13,2617.13,2016.5,16,11.7632,1,True,True,10.3535,16.862,-2.92109,step,True,True,True,True,True,True,1.07489,1.00918,,,True,True,True,True,,True,
383621994_14,383621994,14,2634.77,2314.24,1,3.28866,0,False,,,,,,,,,,,,,,,,,,,,,,
383621994_15,383621994,15,2633.26,1491.54,16,8.7009,0,True,,,,,,,,,,,,,,,,,,,,,,
383621994_16,383621994,16,2611.36,585.011,24,5.46142,0,True,,,,,,,,,,,,,,,,,,,,,,
383621994_17,383621994,17,2619.63,2926.23,1,4.15832,0,False,,,,,,,,,,,,,,,,,,,,,,
383621994_18,383621994,18,2625.8,2715.35,2,5.40663,0,False,,,,,,,,,,,,,,,,,,,,,,
383621994_19,383621994,19,2628.03,31813.3,1,45.2084,1,False,True,43.5838,375.994,-21.7658,flare_decay,False,True,True,True,True,True,0.892283,0.938785,,,True,False,True,True,,True,
383623094_0,383623094,0,2613.46,215.776,24,3.9828,0,True,,,,,,,,,,,,,,,,,,,,,,
383623094_1,383623094,1,2628.5,17548.3,1,57.0484,1,False,True,59.3135,657.748,4.82602,flare_decay,True,True,True,True,True,True,0.913266,0.946302,,,True,False,True,True,,True,
383623094_2,383623094,2,2615.25,2336.6,1,7.59615,0,False,,,,,,,,,,,,,,,,,,,,,,
383623094_3,383623094,3,2613.79,502.482,16,6.81553,0,True,,,,,,,,,,,,,,,,,,,,,,
383623094_4,383623094,4,2630.84,422.798,16,5.73472,0,True,,,,,,,,,,,,,,,,,,,,,,
383623094_5,383623094,5,2627.83,654.536,16,8.87795,0,True,,,,,,,,,,,,,,,,,,,,,,
383623094_6,383623094,6,2613.86,711.899,16,9.65602,1,True,True,9.22877,9.99847,-8.32946,flare_decay,False,True,True,True,True,True,0.808444,1.2563,,,False,True,True,True,,True,
383623094_7,383623094,7,2621.11,12184.2,2,55.8369,1,False,True,57.3102,777.757,142.057,flare_decay,True,True,True,True,True,True,0.881874,1.01836,,,True,False,True,True,,True,
383623094_8,383623094,8,2616.25,1787.25,2,8.19048,1,False,True,7.99964,9.0134,-10.1879,flare_decay,False,True,True,True,True,True,0.977382,0.991807,,,False,False,True,True,,True,
383623094_9,383623094,9,2613.73,3071.09,24,56.6864,1,True,True,44.0719,422.422,15.3922,flare_decay,True,True,True,True,True,True,0.790715,1.41728,,,True,True,True,True,,True,
383623094_10,383623094,10,2630.85,1083.49,4,7.46092,1,False,True,9.26808,0.7669,-7.28484,flare_decay,False,True,True,True,True,True,0.63595,0.878863,,,False,False,True,True,,True,
383623094_11,383623094,11,2634.61,2439.2,2,11.1782,1,False,True,10.135,8.98162,-7.03075,flare_decay,False,True,True,True,True,True,0.77417,0.93436,,,False,False,True,True,,True,
383623094_12,383623094,12,2618.61,216.3,24,3.99248,0,True,,,,,,,,,,,,,,,,,,,,,,
383623094_13,383623094,13,2610.99,906.344,2,4.15354,0,False,,,,,,,,,,,,,,,,,,,,,,
383623094_14,383623094,14,2628.38,787.418,16,10.6803,1,True,True,8.83631,3.77661,-2.50433,step,False,True,True,True,True,True,0.667388,0.778794,,,False,True,True,True,,True,
383623094_15,383623094,15,2614.07,2711.74,8,25.0452,1,True,True,24.9682,95.9277,-10.4961,flare_decay,False,True,True,True,True,True,0.636442,1.05209,,,True,True,True,True,,True,
383623094_16,383623094,16,2635.52,2006.4,8,18.5307,1,True,True,19.1991,55.3686,-1.75772,flare_decay,True,True,True,True,True,True,0.680362,0.971833,,,True,True,True,True,,True,
383623094_17,383623094,17,2630.1,728.1,24,13.4393,0,True,,,,,,,,,,,,,,,,,,,,,,
383623094_18,383623094,18,2634,5398.49,1,17.5502,1,False,True,18.1809,96.6644,5.11177,flare_decay,True,True,True,True,True,True,1.2268,1.0317,,,True,False,True,True,,True,
383623094_19,383623094,19,2635.12,2153.87,8,19.8928,1,True,True,19.8572,48.5439,-12.1272,flare_decay,False,True,True,True,True,True,0.707011,0.93504,0.0460564,5.51692e-08,True,True,True,True,,True,True
389917377_0,389917377,0,2629.05,4000.3,2,7.33172,1,False,True,7.84914,4.09314,-2.82041,flare_decay,False,True,True,True,True,True,1.11833,0.880773,,,False,False,True,True,,True,
389917377_1,389917377,1,2627.05,6169.29,1,8.04026,1,False,True,8.5738,-1.15356,-4.68018,flare_decay,False,True,True,True,True,True,0.838412,0.944396,,,False,False,True,True,,True,
389917377_2,389917377,2,2611.5,6591.76,16,40.5098,1,True,True,38.997,149.981,16.0566,flare_decay,True,True,True,True,False,True,0.948136,1.27858,,,True,True,True,False,,True,
389917377_3,389917377,3,2617.88,392.037,24,3.12835,0,True,,,,,,,,,,,,,,,,,,,,,,
389917377_4,389917377,4,2626.47,4420.86,16,27.1685,1,True,True,23.8017,77.7996,-4.94846,flare_decay,True,True,True,True,True,True,1.03151,1.36109,,,True,True,True,True,,True,
389917377_5,389917377,5,2619.04,15693,1,20.4522,1,False,True,21.6474,92.4891,-7.37114,flare_decay,False,True,True,True,True,True,0.824348,1.04176,,,True,False,True,True,,True,
389917377_6,389917377,6,2629.42,15589.4,8,57.1129,1,True,True,47.7647,407.177,35.2147,flare_decay,True,True,True,True,True,True,1.41203,1.04909,,,True,True,True,True,,True,
389917377_7,389917377,7,2610.69,412.51,24,3.29173,0,True,,,,,,,,,,,,,,,,,,,,,,
389917377_8,389917377,8,2611.8,2428.87,24,19.3818,1,True,True,28.9788,16.5939,-12.9657,flare_decay,False,True,True,True,False,True,0.910186,1.22468,,,True,True,True,False,,True,
389917377_9,389917377,9,2634.54,17374.2,4,45.544,1,True,True,45.0938,531.18,4.04127,flare_decay,True,True,True,True,True,True,1.03472,1.02889,,,True,True,True,True,True,True,
389917377_10,389917377,10,2635.2,8168.93,2,14.9719,1,False,True,13.5815,60.2813,-2.29722,flare_decay,True,True,True,True,True,True,0.81092,0.991668,,,True,False,True,True,,True,
389917377_11,389917377,11,2613.79,7495.81,8,27.4615,1,True,True,24.9151,166.002,11.6262,flare_decay,True,True,True,True,False,True,1.00679,0.948408,,,True,True,True,False,,True,
389917377_12,389917377,12,2616.15,7335.99,24,58.5393,1,True,True,44.586,386.949,50.3542,flare_decay,True,True,True,True,False,True,0.733638,0.946,,,True,True,True,False,,True,
389917377_13,389917377,13,2628.38,7842.99,1,10.2215,1,False,True,11.9878,12.1379,-6.76778,flare_decay,False,True,True,True,True,True,1.01304,1.17114,,,True,False,True,True,,True,
389917377_14,389917377,14,2633.8,1580.71,16,9.71428,1,True,True,10.1325,18.1579,-11.5154,flare_decay,False,True,True,True,True,True,0.964252,1.02741,0.000610566,0.000269153,True,True,True,True,,True,True
389917377_15,389917377,15,2614.96,2120.08,16,13.029,1,True,True,11.4639,13.5418,-10.0372,flare_decay,False,True,False,True,False,False,0.133723,0.192091,,,True,True,True,False,,True,
389917377_16,389917377,16,2613.43,2187.53,2,4.00928,0,False,,,,,,,,,,,,,,,,,,,,,,
389917377_17,389917377,17,2633.91,980.438,24,7.82364,0,True,,,,,,,,,,,,,,,,,,,,,,
389917377_18,389917377,18,2616.72,2543.81,24,20.299,1,True,True,17.1738,66.8327,-7.668,flare_decay,False,True,True,True,True,True,0.805375,0.938704,,,True,True,True,True,True,True,
389917377_19,389917377,19,2615.16,1287.91,16,7.91488,0,True,,,,,,,,,,,,,,,,,,,,,,
407591168_0,407591168,0,2610.9,2119.15,2,5.74811,0,False,,,,,,,,,,,,,,,,,,,,,,
407591168_1,407591168,1,2614.65,27566.5,1,54.7443,1,False,True,56.1219,293.394,86.0813,flare_decay,True,True,True,True,True,True,0.650395,0.912609,,,True,False,True,True,,True,
407591168_2,407591168,2,2620.03,9354.36,4,33.4415,1,True,True,32.9155,267.372,1.0345,flare_decay,True,True,True,True,True,True,0.831666,0.972536,,,True,True,True,True,True,True,
407591168_3,407591168,3,2626.27,1484.06,24,14.3584,0,True,,,,,,,,,,,,,,,,,,,,,,
407591168_4,407591168,4,2613.58,2475.27,16,15.3426,1,True,True,13.8716,70.5497,-0.866318,flare_decay,True,True,True,True,True,True,1.09422,1.1909,,,True,True,True,True,True,True,
407591168_5,407591168,5,2616.45,2556.01,4,9.13763,1,True,True,8.4967,13.0846,-10.8014,flare_decay,False,True,True,True,True,True,0.936683,0.96404,,,True,True,True,True,,True,
407591168_6,407591168,6,2616.3,1096.81,4,3.92107,0,True,,,,,,,,,,,,,,,,,,,,,,
407591168_7,407591168,7,2628.61,6602.4,4,23.6034,1,True,True,22.4442,86.8077,-11.0705,flare_decay,False,True,True,True,True,True,1.25855,1.00107,,,True,True,True,True,True,True,
407591168_8,407591168,8,2634.79,2052.66,1,4.07637,0,False,,,,,,,,,,,,,,,,,,,,,,
407591168_9,407591168,9,2621.44,2555.51,2,6.93173,0,False,,,,,,,,,,,,,,,,,,,,,,
407591168_10,407591168,10,2618.29,12729.8,1,25.2801,1,False,True,26.2947,123.704,-4.5407,flare_decay,True,True,True,True,True,True,1.12573,0.855901,,,True,False,True,True,,True,
407591168_11,407591168,11,2635.41,3248.55,1,6.45129,0,False,,,,,,,,,,,,,,,,,,,,,,
407591168_12,407591168,12,2627.45,313.484,24,3.03298,0,True,,,,,,,,,,,,,,,,,,,,,,
407591168_13,407591168,13,2612.13,7116.28,16,44.109,1,True,True,39.3193,490.571,21.8742,flare_decay,True,True,True,True,True,True,1.13659,0.90289,,,True,True,True,True,,True,
407591168_14,407591168,14,2614.34,1915.84,8,9.17343,1,True,True,9.63318,26.8576,-3.9763,step,True,True,True,True,True,True,1.08391,1.36378,0.000793772,0,True,True,True,True,,True,True
407591168_15,407591168,15,2617.18,5555.27,24,53.7476,1,True,True,43.7292,561.945,23.4436,flare_decay,True,True,True,True,True,True,1.14156,0.959518,,,True,True,True,True,True,True,
407591168_16,407591168,16,2620.56,4687.32,4,16.757,1,True,True,15.9548,56.9699,-1.0827,flare_decay,True,True,True,True,True,True,1.07553,1.0679,,,True,True,True,True,,True,
407591168_17,407591168,17,2632.45,1790.58,2,4.85687,0,False,,,,,,,,,,,,,,,,,,,,,,
407591168_18,407591168,18,2631.67,3700.46,2,10.0374,1,False,True,10.9719,12.3561,-2.34601,flare_decay,True,True,True,True,True,True,0.879771,0.650459,,,True,False,True,True,,True,
407591168_19,407591168,19,2617.45,7587.11,8,36.3287,1,True,True,35.0161,299.419,19.8777,flare_decay,True,True,True,True,True,True,1.26272,0.941497,,,True,True,True,True,,True,
445828943_0,445828943,0,2632.85,9448.62,16,58.0669,1,True,True,54.9719,507.573,43.0992,flare_decay,True,True,True,True,True,True,0.734489,0.956299,,,True,True,True,True,,True,
445828943_1,445828943,1,2614.47,734.774,24,5.91421,0,True,,,,,,,,,,,,,,,,,,,,,,
445828943_2,445828943,2,2621.21,9244.85,8,40.8367,1,True,True,39.5236,219.708,-6.55612,flare_decay,False,True,True,True,True,True,0.988401,1.14825,,,True,True,True,True,True,True,
445828943_3,445828943,3,2631.37,3976.15,24,32.0041,1,True,True,22.4365,150.703,-3.48101,flare_decay,True,True,True,True,True,True,1.16573,0.989047,,,True,True,True,True,True,True,
445828943_4,445828943,4,2617.4,18175.8,4,51.6608,1,True,True,52.1637,511.848,33.5619,flare_decay,True,True,True,True,True,True,0.844198,0.928205,,,True,True,True,True,,True,
445828943_5,445828943,5,2620.31,1201.56,24,9.67141,0,True,,,,,,,,,,,,,,,,,,,,,,
445828943_6,445828943,6,2616.76,822.48,24,6.62016,0,True,,,,,,,,,,,,,,,,,,,,,,
445828943_7,445828943,7,2618.2,496.053,16,3.04851,0,True,,,,,,,,,,,,,,,,,,,,,,
445828943_8,445828943,8,2630.55,7683.11,1,10.8629,1,False,True,9.18847,15.081,-1.80234,flare_decay,True,True,True,True,True,True,1.22056,0.819578,,,True,False,True,True,,True,
445828943_9,445828943,9,2626.34,16940.3,2,32.2667,1,False,True,34.4619,212.877,-5.25145,flare_decay,True,True,True,True,True,True,0.8631,0.93393,,,True,False,True,True,,True,
445828943_10,445828943,10,2633.85,704.423,16,4.32906,0,True,,,,,,,,,,,,,,,,,,,,,,
445828943_11,445828943,11,2617.98,1111.66,8,4.91049,0,True,,,,,,,,,,,,,,,,,,,,,,
445828943_12,445828943,12,2612.92,6681.63,2,12.7267,1,False,True,12.2163,27.3568,-5.98354,flare_decay,True,True,True,True,True,True,0.663758,0.780542,,,True,False,True,True,,True,
445828943_13,445828943,13,2613.09,3139,24,25.2659,1,True,True,22.172,63.0134,11.5115,flare_decay,True,True,False,True,True,False,0.153186,0.295746,,,True,True,True,False,,True,
445828943_14,445828943,14,2611.33,5337.39,4,15.1704,1,True,True,14.1484,32.6162,-2.51802,flare_decay,True,True,True,True,True,True,0.653835,0.868859,,,True,True,True,True,,True,
445828943_15,445828943,15,2615.23,2696.06,1,3.81187,0,False,,,,,,,,,,,,,,,,,,,,,,
445828943_16,445828943,16,2629.06,3004.91,8,13.2734,1,True,True,12.3069,11.6292,-6.02903,flare_decay,False,True,True,True,True,True,0.682978,1.06998,,,True,True,True,True,,True,
445828943_17,445828943,17,2616.46,2538.13,16,15.5982,1,True,True,12.4369,4.60105,-8.98306,flare_decay,False,True,True,True,True,True,0.853614,0.907518,,,False,True,True,True,,True,
445828943_18,445828943,18,2620.41,1104.72,16,6.78909,0,True,,,,,,,,,,,,,,,,,,,,,,
445828943_19,445828943,19,2619.63,4675,2,8.90461,1,False,True,8.25431,9.7006,-6.69601,flare_decay,False,True,True,True,True,True,1.14567,1.14382,,,False,False,True,True,,True,
450298557_0,450298557,0,2617.61,1483.62,2,8.27196,1,False,True,8.98813,11.1288,-6.40516,flare_decay,False,True,True,True,True,True,0.879724,0.991056,0.706149,0.189887,True,True,True,True,,True,False
450298557_1,450298557,1,2634.76,1046.86,8,9.90856,1,True,True,11.3447,51.826,-6.15605,flare_decay,False,True,True,True,True,True,1.03795,0.807865,,,True,True,True,True,True,True,
450298557_2,450298557,2,2616.56,2948.12,1,12.337,1,False,True,14.552,21.5275,-6.24298,flare_decay,False,True,True,True,True,True,1.28333,0.9028,,,True,False,True,True,,True,
450298557_3,450298557,3,2619.02,4821.04,1,20.1746,1,False,True,19.9372,131.519,-9.97432,flare_decay,False,True,True,True,True,True,0.819771,1.01461,,,True,False,True,True,,True,
450298557_4,450298557,4,2618.26,2120.82,1,8.87499,1,False,True,9.29518,23.4109,-1.08036,flare_decay,True,True,True,True,True,True,1.46229,1.08648,,,True,False,True,True,,True,
450298557_5,450298557,5,2628.74,1269.43,24,19.5418,1,True,True,23.2577,237.884,17.068,flare_decay,True,True,True,True,True,True,1.1969,1.01651,,,True,True,True,True,,True,
450298557_6,450298557,6,2616.38,390.335,24,6.00889,0,True,,,,,,,,,,,,,,,,,,,,,,
450298557_7,450298557,7,2615.04,3224.3,8,30.5179,1,True,True,30.7525,229.374,6.4118,flare_decay,True,True,True,True,True,True,0.448589,0.566499,,,True,True,True,True,True,True,
450298557_8,450298557,8,2618.54,10933.9,1,45.7552,1,False,True,47.4536,627.407,-27.611,flare_decay,False,True,True,True,True,True,1.29533,0.968146,,,True,False,True,True,,True,
450298557_9,450298557,9,2614.23,936.58,1,3.9193,0,False,,,,,,,,,,,,,,,,,,,,,,
450298557_10,450298557,10,2618.7,3119.07,1,13.0524,1,False,True,12.7872,51.7307,-3.23042,flare_decay,True,True,True,True,True,True,0.587622,0.778702,,,True,False,True,True,,True,
450298557_11,450298557,11,2616,2431.72,8,23.0162,1,True,True,22.6107,221.402,-6.56259,flare_decay,False,True,True,True,True,True,1.37342,0.957848,,,True,True,True,True,,True,
450298557_12,450298557,12,2620.03,2003.77,16,24.3068,1,True,True,22.6226,245.235,16.3326,flare_decay,True,True,True,True,True,True,1.00033,0.911692,,,True,True,True,True,,True,
450298557_13,450298557,13,2627.88,6455.87,1,27.0159,1,False,True,28.1201,121.907,0.446593,flare_decay,True,True,True,True,True,True,1.07221,0.892119,,,True,False,True,True,,True,
450298557_14,450298557,14,2629.04,1965.6,16,23.8438,1,True,True,25.5265,207.934,6.77882,flare_decay,True,True,True,True,True,True,1.45045,1.07846,,,True,True,True,True,,True,
450298557_15,450298557,15,2628.99,5094.72,8,48.2214,1,True,True,50.5729,578.895,33.6445,flare_decay,True,True,True,True,True,True,1.26807,0.960429,,,True,True,True,True,,True,
450298557_16,450298557,16,2630.68,246.338,24,3.79217,0,True,,,,,,,,,,,,,,,,,,,,,,
450298557_17,450298557,17,2634.78,1627.26,1,6.80957,1,False,True,7.7324,10.0689,-1.05109,flare_decay,True,True,True,True,True,True,1.18995,0.890856,,,True,False,True,True,,True,
450298557_18,450298557,18,2631.79,959.582,2,5.35019,0,False,,,,,,,,,,,,,,,,,,,,,,
450298557_19,450298557,19,2613.99,345.869,24,5.32437,0,True,,,,,,,,,,,,,,,,,,,,,,
458477610_0,458477610,0,2616.53,1691.81,24,19.555,1,True,True,15.7322,43.6271,-0.88224,flare_decay,True,True,True,True,True,True,1.07488,0.848292,,,True,True,True,True,,True,
458477610_1,458477610,1,2618.56,663.995,16,5.66496,0,True,,,,,,,,,,,,,,,,,,,,,,
458477610_2,458477610,2,2629.03,631.404,24,7.29814,0,True,,,,,,,,,,,,,,,,,,,,,,
458477610_3,458477610,3,2627.53,1339.68,8,6.88363,0,True,,,,,,,,,,,,,,,,,,,,,,
458477610_4,458477610,4,2620.3,5443.23,16,46.4396,1,True,True,50.4912,511.401,32.3948,flare_decay,True,True,True,True,True,True,0.797322,0.862755,0.999804,0.999804,True,True,True,True,,True,False
458477610_5,458477610,5,2633.28,2584.99,16,22.0542,1,True,True,20.0213,58.2643,-2.96139,flare_decay,True,True,True,True,True,True,1.13709,0.843341,,,True,True,True,True,True,True,
458477610_6,458477610,6,2635.05,1391.86,16,11.8748,1,True,True,10.7458,4.09983,-8.52985,flare_decay,False,True,True,True,True,True,0.908513,0.812162,,,False,True,True,True,,True,
458477610_7,458477610,7,2618.2,11118.4,1,22.6035,1,False,True,19.3933,41.73,-10.0348,flare_decay,False,True,True,True,True,True,1.12194,0.892559,,,True,False,True,True,,True,
458477610_8,458477610,8,2631.25,2618.79,2,7.20837,0,False,,,,,,,,,,,,,,,,,,,,,,
458477610_9,458477610,9,2615.62,1565.24,24,18.092,1,True,True,13.0234,20.6752,-4.49571,flare_decay,True,True,True,True,False,True,0.636427,0.537939,,,True,True,True,False,,True,
458477610_10,458477610,10,2626.48,4056.79,24,46.8908,1,True,True,43.023,275.044,34.0072,flare_decay,True,True,True,True,True,True,0.938505,1.01429,,,True,True,True,True,,True,
458477610_11,458477610,11,2619.95,16565.9,2,45.5986,1,False,True,46.2207,405.443,-19.2277,flare_decay,False,True,True,True,True,True,0.853638,0.899978,,,True,False,True,True,,True,
458477610_12,458477610,12,2629.69,371.317,16,3.16794,0,True,,,,,,,,,,,,,,,,,,,,,,
458477610_13,458477610,13,2611.39,6999.3,2,19.266,1,False,True,19.7877,51.5031,-4.21634,flare_decay,True,True,True,True,True,True,0.751721,0.888202,,,True,False,True,True,,True,
458477610_14,458477610,14,2620.32,4492.65,1,9.13348,1,False,True,9.36668,-4.43758,-6.30913,flare_decay,False,True,True,True,True,True,0.899672,0.800952,,,False,False,True,True,,True,
458477610_15,458477610,15,2627.85,3186.75,24,36.8344,1,True,True,33.8361,197.071,17.9037,flare_decay,True,True,True,True,True,True,0.896075,0.93368,,,True,True,True,True,,True,
458477610_16,458477610,16,2628.63,25778.8,1,52.408,1,False,True,48.1418,374.854,-35.9353,flare_decay,False,True,True,True,True,True,1.15949,0.922764,,,True,False,True,True,,True,
458477610_17,458477610,17,2620.09,692.46,16,5.90782,0,True,,,,,,,,,,,,,,,,,,,,,,
458477610_18,458477610,18,2614.57,609.176,24,7.04121,0,True,,,,,,,,,,,,,,,,,,,,,,
458477610_19,458477610,19,2626.82,1635.9,4,6.38624,0,False,,,,,,,,,,,,,,,,,,,,,,
459242626_0,459242626,0,2634.02,6024.48,8,27.1998,1,True,True,25.5901,190.606,-2.20357,flare_decay,True,True,True,True,True,True,0.956717,0.975799,,,True,True,True,True,,True,
459242626_1,459242626,1,2616.42,1149.35,24,9.90087,0,True,,,,,,,,,,,,,,,,,,,,,,
459242626_2,459242626,2,2619.13,646.976,16,4.21186,0,True,,,,,,,,,,,,,,,,,,,,,,
459242626_3,459242626,3,2630.05,8341.57,4,25.3748,1,True,True,24.6627,195.978,1.64809,flare_decay,True,True,True,True,True,True,1.01603,0.966371,,,True,True,True,True,,True,
459242626_4,459242626,4,2626.67,18924,4,57.5664,1,False,True,53.7604,512.561,29.631,flare_decay,True,True,True,True,True,True,1.61714,0.982385,,,True,True,True,True,,True,
459242626_5,459242626,5,2613.79,2501.53,1,3.85806,0,False,,,,,,,,,,,,,,,,,,,,,,
459242626_6,459242626,6,2633.99,3491.72,24,30.0788,1,True,True,26.8651,70.4619,14.7298,flare_decay,True,True,True,True,True,True,0.889554,0.988657,,,True,True,True,True,,True,
459242626_7,459242626,7,2632.23,35322.5,1,54.4772,1,False,True,54.7463,398.742,35.3613,flare_decay,True,True,True,True,True,True,1.02763,0.940518,,,True,False,True,True,,True,
459242626_8,459242626,8,2632.73,473.563,16,3.08293,0,True,,,,,,,,,,,,,,,,,,,,,,
459242626_9,459242626,9,2625.72,5587.47,24,48.1322,1,True,True,34.6146,13.0165,18.6729,flare_decay,True,False,True,True,True,True,0.564188,1.92901,,,True,True,True,True,,True,
459242626_10,459242626,10,2633.31,10468.1,1,16.1448,1,False,True,16.3791,73.4482,-4.10257,flare_decay,True,True,True,True,True,True,1.22395,0.996928,,,True,False,True,True,,True,
459242626_11,459242626,11,2618.33,13236.4,8,59.7607,1,True,True,57.0883,573.221,37.7856,flare_decay,True,True,True,True,True,True,1.08792,0.955235,,,True,True,True,True,True,True,
459242626_12,459242626,12,2618.88,7192.59,2,15.4841,1,False,True,14.1321,20.8975,-4.7755,flare_decay,True,True,True,True,True,True,1.27065,0.981749,,,True,False,True,True,,True,
459242626_13,459242626,13,2621.31,1391.7,24,11.9885,0,True,,,,,,,,,,,,,,,,,,,,,,
459242626_14,459242626,14,2632.96,1745.65,8,7.88142,1,True,True,9.63007,7.20811,-4.41357,flare_decay,False,True,True,True,True,True,0.97768,1.00361,,,False,True,True,True,,True,
459242626_15,459242626,15,2619.77,9428.73,8,42.5696,1,True,True,43.2581,256.53,13.6821,flare_decay,True,True,True,True,True,True,0.816045,0.896192,,,True,True,True,True,,True,
459242626_16,459242626,16,2635.64,11661.7,2,25.1052,1,False,True,26.8643,166.946,21.7229,flare_decay,True,True,True,True,True,True,1.21775,0.926963,,,True,False,True,True,,True,
459242626_17,459242626,17,2614.39,2408.51,2,5.185,0,False,,,,,,,,,,,,,,,,,,,,,,
459242626_18,459242626,18,2627.83,2979.65,16,19.3977,1,True,True,19.6922,39.1665,-7.36837,flare_decay,False,True,True,True,True,True,0.908569,0.982137,,,True,True,True,True,True,True,
459242626_19,459242626,19,2627.28,16046.6,4,48.8133,1,False,True,47.1911,466.075,37.204,flare_decay,True,True,True,True,True,True,0.785705,0.940928,,,True,True,True,True,True,True,
459976892_0,459976892,0,2610.94,9759.61,2,30.6173,0,False,,,,,,,,,,,,,,,,,,,,,,
459976892_1,459976892,1,2632.91,1583.82,2,4.96867,0,False,,,,,,,,,,,,,,,,,,,,,,
459976892_2,459976892,2,2616.16,1529.62,4,6.50799,1,True,True,7.49123,4.15326,-4.55753,flare_decay,False,True,True,True,True,True,0.868347,0.892427,,,False,True,True,True,,True,
459976892_3,459976892,3,2615.62,761.551,16,5.92044,0,True,,,,,,,,,,,,,,,,,,,,,,
459976892_4,459976892,4,2612.43,1798.29,4,7.65109,1,True,True,8.62147,15.3005,-1.46787,flare_decay,True,True,True,True,True,True,1.05041,0.828431,0.037879,0,True,True,True,True,,True,True
459976892_5,459976892,5,2611.52,5376.82,8,33.0622,1,True,True,31.264,191.282,-0.0168052,flare_decay,True,True,True,True,True,True,1.04841,1.03558,,,True,True,True,True,,True,
459976892_6,459976892,6,2619.51,1132.98,4,4.82043,0,True,,,,,,,,,,,,,,,,,,,,,,
459976892_7,459976892,7,2615.39,3331.62,24,34.1035,1,True,True,27.7653,224.8,28.1838,flare_decay,True,True,False,True,True,False,0.247501,0.325204,,,True,True,True,False,,True,
459976892_8,459976892,8,2635.63,582.477,8,3.58167,0,True,,,,,,,,,,,,,,,,,,,,,,
459976892_9,459976892,9,2631.43,4612.33,24,47.2132,1,True,True,45.5538,486.261,51.4995,flare_decay,True,True,True,True,True,True,0.962804,0.89698,,,True,True,True,True,,True,
459976892_10,459976892,10,2611.63,8768.79,4,37.3082,1,True,True,36.8063,201.076,14.8983,flare_decay,True,True,True,True,True,True,0.959038,0.94724,,,True,True,True,True,,True,
459976892_11,459976892,11,2614.77,7780.2,4,33.1021,1,True,True,24.0655,140.581,-7.13764,flare_decay,False,True,True,True,True,True,1.19707,1.33792,,,True,True,True,True,,True,
459976892_12,459976892,12,2615.32,567.96,16,4.41543,0,True,,,,,,,,,,,,,,,,,,,,,,
459976892_13,459976892,13,2632.67,5194.14,4,22.0993,1,True,True,23.9072,92.0732,8.4007,flare_decay,True,True,True,True,True,True,0.751939,0.963645,,,True,True,True,True,,True,
459976892_14,459976892,14,2612.52,2338.85,2,7.33731,1,False,True,7.52614,21.2742,-3.89201,flare_decay,True,True,True,True,True,True,0.56536,0.540494,,,True,False,True,True,,True,
459976892_15,459976892,15,2620.77,1001.88,8,6.16058,0,True,,,,,,,,,,,,,,,,,,,,,,
459976892_16,459976892,16,2629.17,1541.58,4,6.55888,1,True,True,8.10743,8.81533,-3.71275,step,False,True,True,True,True,True,0.651899,0.908579,,,False,True,True,True,,True,
459976892_17,459976892,17,2629.5,2272.96,2,7.13061,0,False,,,,,,,,,,,,,,,,,,,,,,
459976892_18,459976892,18,2626.77,1642.98,16,12.7729,1,True,True,16.2877,23.3256,-6.90405,flare_decay,False,True,True,True,True,True,0.773843,0.898472,,,True,True,True,True,True,True,
459976892_19,459976892,19,2626.83,295.501,24,3.02483,0,True,,,,,,,,,,,,,,,,,,,,,,
459980546_0,459980546,0,2632.47,9382.17,16,51.933,1,True,True,47.3032,686.464,34.8922,flare_decay,True,True,True,True,True,True,1.17919,0.880553,,,True,True,True,True,,True,
459980546_1,459980546,1,2629.66,587.208,16,3.25036,0,True,,,,,,,,,,,,,,,,,,,,,,
459980546_2,459980546,2,2613.89,13966.7,8,57.9198,1,True,True,54.6873,484.403,26.285,flare_decay,True,True,True,True,True,True,0.834451,0.87546,,,True,True,True,True,,True,
459980546_3,459980546,3,2629.22,4443.16,8,18.4257,1,True,True,16.5391,35.0399,-5.58806,flare_decay,True,True,True,True,True,True,0.834819,0.957748,,,True,True,True,True,,True,
459980546_4,459980546,4,2619.18,4287.52,16,23.7327,1,True,True,22.6943,110.583,-11.7098,flare_decay,False,True,True,True,True,True,0.918042,0.84245,,,True,True,True,True,True,True,
459980546_5,459980546,5,2612.73,7894.6,24,54.0206,1,True,True,61.1934,605.663,22.2821,flare_decay,True,True,True,True,True,True,0.674821,0.786236,,,True,True,True,True,,True,
459980546_6,459980546,6,2610.96,1227.94,16,6.79702,0,True,,,,,,,,,,,,,,,,,,,,,,
459980546_7,459980546,7,2635.32,21638.2,2,46.4702,1,False,True,47.5411,358.095,67.8938,flare_decay,True,True,True,True,True,True,0.936989,0.917954,,,True,False,True,True,,True,
459980546_8,459980546,8,2629.33,6515.32,24,44.5826,1,True,True,35.6197,392.255,18.3411,flare_decay,True,True,True,True,True,True,1.33083,1.02374,,,True,True,True,True,,True,
459980546_9,459980546,9,2629.14,6181.46,24,42.2981,1,True,True,34.1638,390.481,14.6463,flare_decay,True,True,True,True,True,True,1.24023,1.05224,,,True,True,True,True,,True,
459980546_10,459980546,10,2616.85,579.698,16,3.20879,0,True,,,,,,,,,,,,,,,,,,,,,,
459980546_11,459980546,11,2612.41,2255.7,8,9.35435,1,True,True,10.5121,-3.28775,-8.51829,flare_decay,False,True,True,True,True,True,0.619205,0.852062,,,False,True,True,True,,True,
459980546_12,459980546,12,2630.49,4327.68,24,29.6131,1,True,True,25.5995,242.297,-0.429581,flare_decay,True,True,True,True,True,True,1.04831,0.801936,,,True,True,True,True,True,True,
459980546_13,459980546,13,2635.53,7527.36,4,24.8968,1,True,True,23.8996,70.9544,-4.81466,flare_decay,True,True,True,True,True,True,0.837134,0.866787,,,True,True,True,True,,True,
459980546_14,459980546,14,2620.86,1104.65,24,7.5588,0,True,,,,,,,,,,,,,,,,,,,,,,
459980546_15,459980546,15,2630.61,13846.3,1,20.9867,1,False,True,23.5107,81.5008,10.5611,flare_decay,True,True,True,True,True,True,1.25973,0.911702,,,True,False,True,True,,True,
459980546_16,459980546,16,2612.2,19660.7,2,42.2235,1,False,True,44.1365,286.21,18.5524,flare_decay,True,True,True,True,True,True,0.832358,0.930834,,,True,False,True,True,,True,
459980546_17,459980546,17,2630.05,1977.08,24,13.5286,1,True,True,11.167,33.9494,-5.94314,flare_decay,True,True,True,True,True,True,0.986382,0.638407,,,True,True,True,True,,True,
459980546_18,459980546,18,2627.81,15811.3,1,23.9649,1,False,True,23.4958,105.484,-2.3221,flare_decay,True,True,True,True,True,True,1.00439,0.883417,,,True,False,True,True,,True,
459980546_19,459980546,19,2635.83,26093,2,56.0374,1,False,True,52.3636,486.743,-23.1118,flare_decay,False,True,True,True,True,True,1.12489,0.918244,,,True,False,True,True,,True,
459983007_0,459983007,0,2630.18,3131.19,8,5.78038,0,True,,,,,,,,,,,,,,,,,,,,,,
459983007_1,459983007,1,2613.82,17532.9,2,20.8599,1,False,True,21.7261,151.089,15.9325,flare_decay,True,True,True,True,True,True,1.08273,0.908987,,,True,False,True,True,,True,
459983007_2,459983007,2,2635.62,1883.81,8,3.47762,0,True,,,,,,,,,,,,,,,,,,,,,,
459983007_3,459983007,3,2632.64,24489.7,1,22.3348,1,False,True,22.6477,191.973,5.56195,flare_decay,True,True,True,True,True,True,1.48245,0.901237,,,True,False,True,True,,True,
459983007_4,459983007,4,2617.36,2876.95,16,7.00611,0,True,,,,,,,,,,,,,,,,,,,,,,
459983007_5,459983007,5,2632.64,27745.3,2,33.0102,1,False,True,33.2776,288.876,25.3522,flare_decay,True,True,True,True,True,True,1.33213,0.937163,,,True,False,True,True,,True,
459983007_6,459983007,6,2620.31,12474.7,1,11.377,1,False,True,10.1733,18.3697,-1.55709,flare_decay,True,True,True,True,True,True,1.1794,0.944796,,,True,False,True,True,,True,
459983007_7,459983007,7,2621.6,11061.9,16,26.9386,1,True,True,23.9677,15.1315,19.7565,step,True,False,False,True,True,False,,,,,True,True,False,False,,True,
459983007_8,459983007,8,2615.02,32470.4,4,50.1443,1,False,True,48.6525,803.326,42.4949,flare_decay,True,True,True,True,True,True,1.04111,0.874994,,,True,False,True,True,,True,
459983007_9,459983007,9,2625.68,5338.65,2,6.35171,0,False,,,,,,,,,,,,,,,,,,,,,,
459983007_10,459983007,10,2627.91,36081.9,4,55.7216,1,False,True,54.7257,829.963,9.65116,flare_decay,True,True,True,True,True,True,1.54211,0.928045,,,True,False,True,True,,True,
459983007_11,459983007,11,2630.22,16731.1,1,15.2589,1,False,True,14.5601,32.6924,-2.73864,flare_decay,True,True,True,True,True,True,1.42293,0.879809,,,True,False,True,True,,True,
459983007_12,459983007,12,2635.89,9953.87,24,29.7442,1,True,True,26.564,11.2984,16.4401,step,True,False,False,True,True,False,,,,,True,True,False,False,,True,
459983007_13,459983007,13,2630.8,7871.19,4,12.1555,1,False,True,12.5825,25.8439,-7.44406,flare_decay,False,True,True,True,True,True,1.55,0.906418,,,True,False,True,True,,True,
459983007_14,459983007,14,2627.23,1379.85,24,4.12327,0,True,,,,,,,,,,,,,,,,,,,,,,
459983007_15,459983007,15,2617.79,3755.97,2,4.4687,0,False,,,,,,,,,,,,,,,,,,,,,,
459983007_16,459983007,16,2616.18,14403.5,1,13.1361,1,False,True,12.9549,39.5831,0.352348,flare_decay,True,True,True,True,True,True,1.67419,1.00429,,,True,False,True,True,,True,
459983007_17,459983007,17,2617.9,3627.72,16,8.8344,0,True,,,,,,,,,,,,,,,,,,,,,,
459983007_18,459983007,18,2614.49,11816.8,4,18.2488,1,False,True,16.7529,73.3327,-5.57117,flare_decay,True,True,True,True,True,True,1.08066,0.99445,,,True,False,True,True,,True,
459983007_19,459983007,19,2627.82,20088.6,16,48.9209,1,True,True,48.335,1092.62,18.907,flare_decay,True,True,True,True,True,True,1.92345,0.930745,,,True,True,True,True,,True,
462547253_0,462547253,0,2619.85,6254.05,8,34.7213,1,True,True,36.232,194.52,22.8197,flare_decay,True,True,True,True,True,True,0.818002,0.891564,,,True,True,True,True,,True,
462547253_1,462547253,1,2633.15,360.968,24,3.72814,0,True,,,,,,,,,,,,,,,,,,,,,,
462547253_2,462547253,2,2611.48,294.254,24,3.03911,0,True,,,,,,,,,,,,,,,,,,,,,,
462547253_3,462547253,3,2627.51,3779.52,2,9.88591,1,False,True,9.12524,4.32705,-5.91109,flare_decay,False,True,True,True,True,True,0.642432,0.7799,,,False,False,True,True,,True,
462547253_4,462547253,4,2626.28,4593.24,8,25.5008,1,True,True,26.3521,71.922,2.9643,flare_decay,True,True,True,True,True,True,0.697637,0.881795,,,True,True,True,True,,True,
462547253_5,462547253,5,2627.87,14867.3,2,38.8876,1,False,True,38.7197,204.905,9.0737,flare_decay,True,True,True,True,True,True,0.991741,0.917072,,,True,False,True,True,,True,
462547253_6,462547253,6,2619.95,6956.36,4,26.1267,1,True,True,26.7637,71.6423,-10.7434,flare_decay,False,True,True,True,True,True,0.991464,0.899954,,,True,True,True,True,,True,
462547253_7,462547253,7,2619.49,1662.06,24,17.1661,1,True,True,14.4756,36.4207,-5.17006,flare_decay,True,True,True,True,True,True,0.653337,0.78411,,,True,True,True,True,,True,
462547253_8,462547253,8,2619,4298.93,16,37.6793,1,True,True,32.836,172.031,-6.18673,flare_decay,False,True,True,True,True,True,0.744969,0.924914,,,True,True,True,True,,True,
462547253_9,462547253,9,2631.38,2453.51,4,9.21489,1,True,True,7.74969,1.66923,-2.53468,flare_decay,False,True,True,True,True,True,0.995798,1.08532,,,False,True,True,True,,True,
462547253_10,462547253,10,2616.69,9549.62,8,53.0177,1,True,True,51.0196,321.282,24.7272,flare_decay,True,True,True,True,True,True,0.793138,0.911654,,,True,True,True,True,,True,
462547253_11,462547253,11,2635.37,4614.89,1,8.03645,1,False,True,10.4348,14.9595,-1.89409,flare_decay,True,True,True,True,True,True,1.20375,0.797589,,,True,False,True,True,,True,
462547253_12,462547253,12,2629.5,636.248,8,3.53233,0,True,,,,,,,,,,,,,,,,,,,,,,
462547253_13,462547253,13,2621.05,9000.14,2,23.5413,1,False,True,23.8713,56.969,7.1757,flare_decay,True,True,True,True,True,True,0.806219,0.928279,,,True,False,True,True,,True,
462547253_14,462547253,14,2613.64,9729.64,1,16.9434,1,False,True,18.4416,43.633,8.38196,flare_decay,True,True,True,True,True,True,1.10627,0.935416,,,True,False,True,True,,True,
462547253_15,462547253,15,2619.1,7945.76,8,44.1134,1,True,True,43.7144,354.312,30.8973,flare_decay,True,True,True,True,True,True,0.701205,0.939223,,,True,True,True,True,,True,
462547253_16,462547253,16,2613.17,3492.91,2,9.13624,1,False,True,10.3627,14.8302,-6.82201,flare_decay,False,True,True,True,True,True,0.690397,0.832479,,,True,False,True,True,,True,
462547253_17,462547253,17,2630.62,5726.59,24,59.1453,1,True,True,46.9502,432.118,68.7884,flare_decay,True,True,True,True,True,True,0.762206,0.845586,,,True,True,True,True,,True,
462547253_18,462547253,18,2630.96,814.056,24,8.40772,0,True,,,,,,,,,,,,,,,,,,,,,,
462547253_19,462547253,19,2616.31,3937,2,10.2978,1,False,True,10.1556,4.88437,-4.90817,flare_decay,False,True,True,True,True,True,0.650166,0.93211,,,False,False,True,True,,True,
356744806_0,356744806,0,2618.01,7662,1,22.5512,1,False,True,23.0793,521.6,17.9734,flare_decay,True,True,True,True,True,True,4.38249,0.94945,,,True,False,True,True,,True,
356744806_1,356744806,1,2633.99,3114.4,2,9.56405,1,False,True,11.9406,125.601,13.6363,flare_decay,True,True,True,True,True,True,1.68745,0.902411,,,True,False,True,True,,True,
356744806_2,356744806,2,2630.76,1004.51,4,3.31443,0,True,,,,,,,,,,,,,,,,,,,,,,
356744806_3,356744806,3,2617.33,2030.6,4,6.70006,1,True,True,7.22031,113.12,-0.478309,flare_decay,True,True,True,True,True,True,2.73992,1.06795,0.304492,0.207019,True,True,True,True,,True,False
356744806_4,356744806,4,2635.12,1926.89,8,6.67365,0,True,,,,,,,,,,,,,,,,,,,,,,
356744806_5,356744806,5,2635.11,3210.38,8,11.1189,1,True,True,11.2429,416.805,30.3476,flare_decay,True,True,True,True,True,True,3.80062,0.977292,7.60498e-05,7.43394e-05,True,True,True,True,,True,True
356744806_6,356744806,6,2633.28,2563.89,4,8.45967,1,True,True,10.0932,137.144,7.72136,flare_decay,True,True,True,True,True,True,2.16127,0.910771,0.0201245,0.0153646,True,True,True,True,,True,True
356744806_7,356744806,7,2628.09,5310.43,1,15.6299,1,False,True,14.9331,99.3448,-5.20467,flare_decay,True,True,True,True,True,True,3.02135,0.932142,,,True,False,True,True,,True,
356744806_8,356744806,8,2630.58,1073.83,8,3.71914,0,True,,,,,,,,,,,,,,,,,,,,,,
356744806_9,356744806,9,2626.87,5629.73,16,22.4198,1,True,True,20.1681,2400.85,155.295,flare_decay,True,True,True,True,True,True,5.34915,0.952822,,,True,True,True,True,,True,
356744806_10,356744806,10,2629.75,1160.75,8,4.02015,0,True,,,,,,,,,,,,,,,,,,,,,,
356744806_11,356744806,11,2632.83,3063.86,1,9.0177,1,False,True,9.67757,104.119,-0.738491,flare_decay,True,True,True,True,True,True,2.02393,0.983928,,,True,False,True,True,,True,
356744806_12,356744806,12,2635.37,5248.34,8,18.1772,1,True,True,17.5359,923.654,52.5397,flare_decay,True,True,True,True,True,True,4.04811,0.997066,,,True,True,True,True,,True,
356744806_13,356744806,13,2611.97,7896.23,1,23.2406,1,False,True,21.7839,409.22,-1.93877,flare_decay,True,True,True,True,True,True,2.33919,0.959657,,,True,False,True,True,,True,
356744806_14,356744806,14,2618.52,2626.52,8,9.09676,1,True,True,8.59084,302.207,20.7959,flare_decay,True,True,True,True,True,True,4.31983,0.974292,0.121034,4.26442e-06,True,True,True,True,,True,True
356744806_15,356744806,15,2626.42,5953.28,1,17.522,1,False,True,17.9881,326.928,-9.26989,flare_decay,False,True,True,True,True,True,2.06308,0.959322,,,True,False,True,True,,True,
356744806_16,356744806,16,2631.91,1071.11,1,3.15255,0,False,,,,,,,,,,,,,,,,,,,,,,
356744806_17,356744806,17,2632.35,998.663,4,3.29514,0,True,,,,,,,,,,,,,,,,,,,,,,
356744806_18,356744806,18,2627.73,9197.29,8,31.8541,1,True,True,32.5925,2516.65,197.988,flare_decay,True,True,True,True,True,True,4.16471,0.970535,,,True,True,True,True,,True,
356744806_19,356744806,19,2611.01,2610.69,4,8.61411,0,True,,,,,,,,,,,,,,,,,,,,,,
357133962_0,357133962,0,2616.15,9543.08,8,24.0218,1,True,True,23.8685,195.217,2.37728,flare_decay,True,True,True,True,True,True,1.14701,0.699241,,,True,True,True,True,,True,
357133962_1,357133962,1,2617.25,9711.08,1,9.67098,1,False,True,8.15493,8.65275,-6.26464,flare_decay,False,True,True,True,True,True,0.800775,0.688414,,,False,False,True,True,,True,
357133962_2,357133962,2,2633,8011.14,2,10.9976,1,False,True,10.7979,22.915,-3.62226,flare_decay,True,True,True,True,True,True,1.00104,0.836419,,,True,False,True,True,,True,
357133962_3,357133962,3,2612.95,49786.8,1,49.5812,1,False,True,53.1278,495.304,10.0535,flare_decay,True,True,True,True,True,True,0.706495,0.746968,,,True,False,True,True,,True,
357133962_4,357133962,4,2633.65,6941.83,2,9.52966,1,False,True,8.65828,7.07369,-5.27486,flare_decay,False,True,True,True,True,True,1.0659,0.902845,,,False,False,True,True,,True,
357133962_5,357133962,5,2614.64,21493.4,4,36.5497,1,True,True,34.3823,346.086,7.12625,flare_decay,True,True,True,True,True,True,0.775403,0.778842,,,True,True,True,True,,True,
357133962_6,357133962,6,2633.14,2402.6,16,8.48847,0,True,,,,,,,,,,,,,,,,,,,,,,
357133962_7,357133962,7,2626.9,45636.6,1,45.4482,1,False,True,49.2455,638.268,12.4516,flare_decay,True,True,True,True,True,True,1.14377,0.746926,,,True,False,True,True,,True,
357133962_8,357133962,8,2627.63,2934.6,24,12.3363,1,True,True,11.9769,36.075,-2.34737,flare_decay,True,True,True,True,True,True,1.09373,0.75455,,,True,True,True,True,,True,
357133962_9,357133962,9,2611.61,19419.3,4,33.0227,1,True,True,33.9734,288.288,24.1381,flare_decay,True,True,True,True,True,True,1.39013,0.756619,,,True,True,True,True,,True,
357133962_10,357133962,10,2626.81,1847.42,8,4.65032,0,True,,,,,,,,,,,,,,,,,,,,,,
357133962_11,357133962,11,2612.63,4501.04,16,15.9023,1,True,True,20.7783,51.016,3.28062,step,True,True,True,True,True,True,0.764567,0.725236,,,True,True,True,True,True,True,
357133962_12,357133962,12,2611.83,896.579,16,3.16765,0,True,,,,,,,,,,,,,,,,,,,,,,
357133962_13,357133962,13,2628.99,14128.4,24,59.3925,1,True,True,47.1297,896.067,33.5597,flare_decay,True,True,True,True,True,True,1.3018,0.828268,,,True,True,True,True,,True,
357133962_14,357133962,14,2615.66,3480.05,8,8.75999,1,True,True,8.24822,27.5623,-11.8247,flare_decay,False,True,True,True,True,True,1.63869,0.901717,0.219587,0.000279666,True,True,True,True,,True,True
357133962_15,357133962,15,2627.37,2452.7,2,3.36704,0,False,,,,,,,,,,,,,,,,,,,,,,
357133962_16,357133962,16,2612.2,4079.22,16,14.412,1,True,True,19.6705,-1.42789,-3.3154,flare_decay,False,True,True,True,True,True,0.651656,0.638928,,,False,True,True,True,,True,
357133962_17,357133962,17,2630.53,13309.8,8,33.5035,1,True,True,31.2253,214.246,10.1337,flare_decay,True,True,True,True,True,True,0.859006,0.766116,,,True,True,True,True,,True,
357133962_18,357133962,18,2626.29,6985.75,8,17.5845,1,True,True,10.5235,-10.3769,-5.77168,step,False,False,True,True,True,True,0.598646,1.10091,,,False,True,True,True,,True,
357133962_19,357133962,19,2630.9,17074.7,4,29.0357,1,True,True,30.2468,169.575,9.04101,flare_decay,True,True,True,True,True,True,0.917952,0.768038,,,True,True,True,True,,True,
365967978_0,365967978,0,2634.46,22686,1,28.0214,1,False,True,27.2888,472.355,52.531,flare_decay,True,True,True,True,True,True,3.33261,0.838054,,,True,False,True,True,,True,
365967978_1,365967978,1,2620.3,12247.2,24,35.4705,0,True,,,,,,,,,,,,,,,,,,,,,,
365967978_2,365967978,2,2617.81,2388.14,2,3.05802,0,False,,,,,,,,,,,,,,,,,,,,,,
365967978_3,365967978,3,2629.76,2404.9,24,6.96507,0,True,,,,,,,,,,,,,,,,,,,,,,
365967978_4,365967978,4,2630.56,5982.19,2,7.6602,1,False,True,9.58582,51.0747,0.372028,flare_decay,True,True,True,True,True,True,2.88755,0.947872,,,True,False,True,True,,True,
365967978_5,365967978,5,2611.33,28409.2,2,36.378,1,False,True,37.8705,1030.07,215.171,flare_decay,True,True,True,True,True,True,4.61177,0.824643,,,True,False,True,True,,True,
365967978_6,365967978,6,2629.82,32063,8,45.7789,0,True,,,,,,,,,,,,,,,,,,,,,,
365967978_7,365967978,7,2632.64,3413.86,2,4.37145,0,False,,,,,,,,,,,,,,,,,,,,,,
365967978_8,365967978,8,2633.87,27435,16,53.7767,0,True,,,,,,,,,,,,,,,,,,,,,,
365967978_9,365967978,9,2633.94,35358.4,2,45.2766,1,False,True,51.3667,2571.96,239.711,flare_decay,True,True,True,True,True,True,2.82328,0.841221,,,True,False,True,True,,True,
365967978_10,365967978,10,2633.35,18084.7,8,25.821,0,True,,,,,,,,,,,,,,,,,,,,,,
365967978_11,365967978,11,2630.99,8045.43,8,11.4871,0,True,,,,,,,,,,,,,,,,,,,,,,
365967978_12,365967978,12,2614.37,22531.3,1,27.8303,1,False,True,29.8736,303.21,66.2988,flare_decay,True,True,True,True,True,True,1.04788,0.837045,,,True,False,True,True,,True,
365967978_13,365967978,13,2610.49,6619.97,2,8.47689,1,False,True,10.9377,-17.6201,21.3359,flare_decay,False,True,True,True,True,True,1.84254,0.818611,,,False,False,True,True,,True,
365967978_14,365967978,14,2615.74,2298.17,16,4.50475,0,True,,,,,,,,,,,,,,,,,,,,,,
365967978_15,365967978,15,2627.66,3202.28,16,6.27696,0,True,,,,,,,,,,,,,,,,,,,,,,
365967978_16,365967978,16,2635.14,15085.6,24,43.6909,1,True,True,9.45522,234.627,291.533,step,True,True,True,True,True,True,3.43399,1.07938,,,True,True,True,True,,True,
365967978_17,365967978,17,2628.67,10411.3,4,13.9013,1,True,True,18.152,273.234,45.9694,flare_decay,True,True,True,True,True,True,3.5288,0.774429,,,True,True,True,True,,True,
365967978_18,365967978,18,2635.35,8717.33,24,25.2471,0,True,,,,,,,,,,,,,,,,,,,,,,
365967978_19,365967978,19,2619.22,32567.8,2,41.7031,1,False,True,43.9971,2412.81,184.214,flare_decay,True,True,True,True,True,True,2.71074,0.823178,,,True,False,True,True,,True,
367613278_0,367613278,0,2630.55,5520.87,8,26.7745,1,True,True,25.8885,174.433,16.1326,flare_decay,True,True,True,True,True,True,1.16765,1.02882,,,True,True,True,True,,True,
367613278_1,367613278,1,2618.73,3443.11,4,13.6987,1,True,True,13.6824,26.8095,-5.31654,flare_decay,True,True,True,True,True,True,1.01478,0.965106,,,True,True,True,True,,True,
367613278_2,367613278,2,2615.2,12466.4,2,31.8986,1,False,True,31.2401,214.243,15.7054,flare_decay,True,True,True,True,True,True,1.12247,0.947763,,,True,False,True,True,,True,
367613278_3,367613278,3,2628.8,6937.87,4,27.6028,1,True,True,26.9846,169.024,13.4122,flare_decay,True,True,True,True,True,True,0.935941,1.01065,,,True,True,True,True,,True,
367613278_4,367613278,4,2629.79,1695.05,24,11.0507,1,True,True,10.9948,-1.75375,34.75,ramp,False,True,True,True,False,True,1.31693,0.780116,,,False,True,True,False,,True,
367613278_5,367613278,5,2616.62,3995.14,2,10.2226,1,False,True,9.91797,18.4072,-5.65182,flare_decay,True,True,True,True,True,True,1.14568,0.94987,,,True,False,True,True,,True,
367613278_6,367613278,6,2617.24,5232.62,16,29.9992,1,True,True,27.8462,282.762,3.80125,flare_decay,True,True,True,True,True,True,1.44859,1.00881,,,True,True,True,True,,True,
367613278_7,367613278,7,2613.45,5667.85,1,10.1905,1,False,True,11.2346,11.5675,-9.38948,flare_decay,False,True,True,True,True,True,1.61759,1.1304,,,True,False,True,True,,True,
367613278_8,367613278,8,2632.78,9143.64,2,23.3964,1,False,True,22.7364,88.4039,3.54295,flare_decay,True,True,True,True,True,True,1.1273,0.945991,,,True,False,True,True,,True,
367613278_9,367613278,9,2630.07,4023.38,24,26.2298,1,True,True,24.1331,265.447,0.269274,flare_decay,True,True,True,True,True,True,1.24985,0.888828,,,True,True,True,True,,True,
367613278_10,367613278,10,2633.41,3091.82,16,17.7258,1,True,True,20.0336,22.6874,-9.06054,flare_decay,False,True,True,True,True,True,1.00877,0.97224,,,True,True,True,True,True,True,
367613278_11,367613278,11,2631.55,3242.33,2,8.29633,1,False,True,8.99823,13.0665,-0.651734,flare_decay,True,True,True,True,True,True,1.33471,1.04951,0.353897,8.85448e-19,True,True,True,True,,True,True
367613278_12,367613278,12,2630.44,8668.51,2,22.1806,1,False,True,23.1189,98.5934,12.1612,flare_decay,True,True,True,True,True,True,1.18059,0.985909,,,True,False,True,True,,True,
367613278_13,367613278,13,2619.27,1577.53,24,10.2845,0,True,,,,,,,,,,,,,,,,,,,,,,
367613278_14,367613278,14,2618.1,4687.24,8,22.7316,1,True,True,23.7168,109.866,4.01044,flare_decay,True,True,True,True,True,True,1.07788,0.952553,,,True,True,True,True,,True,
367613278_15,367613278,15,2631.56,8326.94,24,54.2862,1,True,True,45.6936,1072.33,102.371,flare_decay,True,True,True,True,True,True,1.78443,1.00856,,,True,True,True,True,,True,
367613278_16,367613278,16,2614.31,3812.56,24,24.8554,1,True,True,25.34,266.229,-0.063094,flare_decay,True,True,True,True,True,True,1.9106,1.84235,,,True,True,True,True,,True,
367613278_17,367613278,17,2611.34,3059.64,8,14.8383,1,True,True,14.3897,35.3096,-4.465,step,True,True,True,True,True,True,1.13974,0.966625,,,True,True,True,True,,True,
367613278_18,367613278,18,2619.6,1331.9,8,6.45928,0,True,,,,,,,,,,,,,,,,,,,,,,
367613278_19,367613278,19,2629.19,585.221,16,3.35514,0,True,,,,,,,,,,,,,,,,,,,,,,
