rank,tic,rank_in_star,t0,duration_h,depth_ppm,snr,edge_dist_h,n_in,tmag,teff,radius,window_d,max_dur_h,long_limited,hf_variable,var_period_d,var_amp_ppm,sigma_pt_ppm,crowdsap,ra,dec,crowded_time_bin,common_mode,n_coincident,n_coincident_expected,partial,n_dips_star,toi_match,toi_host,category,candidate,rp_rjup,planet_sized,tier
1,230068527,1,1886.39,6,319624,2493.77,25.1634,12,10.3915,6258,2.34713,3,24,0,0,13.6147,1009.05,360.793,0.935348,242.798,68.0267,False,False,1,0.768959,False,1,,,single,True,12.9126,False,B
2,142413710,1,1883.42,12,399330,1934.59,13.3403,24,12.3201,5105,0.797476,3,24,0,0,8.02709,422.908,966.888,0.94632,199.739,62.6311,False,False,2,0.600163,False,1,,,single,True,4.90389,False,B
3,198382838,1,1874.89,6,163392,1933.52,101.667,12,9.94752,5180,1.32,3,24,0,0,13.6148,224.94,265.773,0.980488,257.532,58.4078,False,False,2,0.5,False,1,,,single,True,5.19214,False,B
4,458479571,1,1893.16,4,223387,1812.84,110.342,8,10.2527,5694,1.47981,3,24,0,0,13.646,656.63,281.907,0.996294,233.197,65.4074,False,False,2,1.16282,False,2,,,single,True,6.80601,False,B
5,441741188,1,1879.37,16,217872,1733.01,110.497,31,12.0489,5957,2.37191,3,24,0,0,13.5624,195.467,765.563,0.977794,260.007,76.9769,False,False,1,0.581408,False,1,,,single,True,10.7735,False,B
7,16220912,1,1887.96,6,266368,1420,24.6587,12,11.655,5552.53,1.1969,3,24,0,0,13.646,361.451,654.559,0.997656,153.515,36.5946,False,False,1,0.99402,False,1,,,single,True,6.01114,False,B
22,198211503,1,1885.89,8,129761,1129.5,12.6628,16,10.4527,6120,2.01147,3,24,0,0,5.6728,233.308,338.812,0.997501,248.157,65.769,False,False,1,0.712693,False,3,,,single,True,7.05088,False,B
47,9339921,1,1871.23,4,328589,850.515,5.66667,7,11.9674,6026.47,1.66026,0.75,6,1,0,3.68807,5004.53,921.269,0.977906,149.889,41.959,True,False,1,0.581408,False,1,,,single,True,9.26105,False,B
52,236764775,1,1876.39,4,289558,807.375,137.5,8,12.0715,5952,1.40879,3,24,0,0,9.0347,1538.5,847.004,0.982328,273.564,66.8869,False,False,3,0.768959,False,1,,,single,True,7.37686,False,B
62,318251984,1,1885.71,6,250147,747.362,12.1614,12,12.3623,4721.18,1.27828,3,24,0,0,11.3716,916.988,1000.25,0.98468,163.354,53.6413,False,False,0,0.5,False,1,,,single,True,6.22131,False,B
63,105513126,1,1875.98,8,130832,744.418,128.167,16,11.3628,6453.4,2.47888,3,24,0,0,13.6459,673.51,563.876,0.991838,152.642,45.3017,False,False,0,0.5,False,1,,,single,True,8.72508,False,B
96,328586949,1,1889.47,4,135538,685.439,64.0023,8,11.0344,6201.65,1.53652,3,24,0,0,13.4061,442.845,462.655,0.949098,143.142,56.1697,False,False,1,0.562653,False,2,,,single,True,5.5046,False,B
99,125527530,1,1882.46,3,170269,683.366,36.3385,6,10.8947,5503.98,1.43165,3,24,0,0,13.6459,1546.15,505.318,0.994185,144.596,29.3395,False,False,0,1.0878,False,1,,,single,True,5.7486,False,B
108,153950598,1,1872.08,12,200544,640.417,34.6666,24,12.6386,5882,1.05632,3,24,0,0,11.3715,410.116,1165.61,0.982665,173.2,70.9827,False,False,1,0.975265,False,1,,,single,True,4.60317,False,B
126,258826816,1,1875.14,4,144030,599.246,95,8,9.6399,6158,1.11082,0.75,6,1,0,3.61763,4755.78,293.286,0.913206,287.37,69.7854,False,False,0,1.838,False,1,,,single,True,4.1023,False,B
136,239198203,1,1890.98,4,220920,554.308,97.6595,8,12.4145,4739.58,0.737339,3,24,0,0,12.4054,419.894,1006.82,0.996649,146.858,27.3942,False,False,1,1.16282,False,2,,,single,True,3.37243,False,B
158,406758801,1,1879.86,6,229358,521.988,98.3405,12,12.5855,5754,1.24651,3,24,0,0,13.6356,1494.12,1185.03,0.988338,161.452,45.4409,False,False,1,0.975265,False,2,,,single,True,5.80911,False,B
174,230065191,1,1897.54,4,226938,496.12,5.33777,8,12.6348,6096,1.10967,3,24,0,0,9.09728,1630.48,1178.61,0.995058,230.228,69.5377,True,False,3,1.01277,False,1,,,single,True,5.14405,False,B
187,160603079,1,1893.8,12,150288,486.12,94.9951,20,12.7977,6130,1.48792,2,16,1,0,9.68743,6576.3,1323.09,0.859335,244.636,76.9029,False,False,4,1.27535,False,1,,,single,True,5.61306,False,B
210,219845453,1,1895.5,6,85886.5,463.277,54.3378,12,10.8258,6161,2.10498,3,24,0,0,7.56371,443.008,399.116,0.992908,255.039,66.0736,False,False,2,1.6692,False,1,,,single,True,6.00299,False,B
299,285007706,1,1875.99,8,251943,404.148,128.5,15,12.5619,6023,2.39618,2.5,20,1,0,9.72453,4715.67,1376.24,0.889677,137.095,54.7331,False,False,1,1.27535,False,1,,,single,True,11.7038,False,B
307,147938894,1,1880.48,6,144900,401.558,83.8336,12,12.3976,6344,3.11417,3,24,0,0,13.6458,445.35,1031.87,0.990463,166.67,68.2961,False,False,2,1.2941,False,1,,,single,True,11.5354,False,B
314,166151015,1,1896.26,1.5,389005,400.099,36.1782,3,12.6246,5697,1.26591,2.5,20,1,0,11.3717,6538.99,1293.98,0.982584,216.118,63.3978,False,False,2,1.01277,False,2,,,single,True,7.68313,False,B
342,229674420,1,1897.3,4,109932,385.968,10.9968,8,11.8842,5712,1.50923,3,24,0,0,12.3295,732.908,776.348,0.99566,252.729,74.3106,False,False,2,1.48165,False,3,,,single,True,4.86941,False,B
359,237214300,1,1882.07,4,110350,372.962,40.9939,8,11.537,5743,1.01238,3,24,0,0,12.3009,794.806,697.199,0.916005,295.007,74.6734,False,False,2,1.06904,False,1,,,single,True,3.27255,False,B
361,148967558,1,1889.21,3,207545,369.495,98.6622,6,12.7024,5941,1.70539,3,24,0,0,13.6459,610.004,1197.87,0.91942,191.444,66.2869,False,False,0,0.5,False,2,,,single,True,7.56026,False,B
374,310995456,1,1881.65,1.5,190918,362.311,55.6751,3,11.2642,4588,1.01232,2,16,1,0,10.497,6415.44,548.292,0.969867,203.616,60.2774,False,False,1,0.5,False,1,,,single,True,4.30427,False,B
381,287270568,1,1873.69,2,305553,357.382,73.1666,4,12.882,3791,0.590754,3,24,0,0,13.6145,1467.46,1496.06,0.962875,155.494,61.1062,False,False,0,0.562653,False,2,,,single,True,3.17766,False,B
405,3906939,1,1893.21,1,238124,345.287,109.344,2,10.9944,5117,1.01364,3,24,0,0,12.4055,2057.85,445.39,0.998814,151.41,26.6267,False,False,2,1.10655,False,2,,,single,True,4.8133,False,B
436,29189491,1,1878.02,8,272606,321.563,142.838,16,11.1358,6151.53,1.46676,1.25,10,1,0,4.54863,3029.51,1168.48,0.943016,151.449,42.8891,False,False,0,0.637673,False,1,,,single,True,7.4522,False,B
443,136950041,1,1876.44,6,61781.1,318.222,139.167,12,11.5393,6058.54,1.91408,3,24,0,0,13.6461,1457.59,610.965,0.930218,173.92,49.7418,False,False,0,0.5,False,1,,,single,True,4.62962,False,B
511,233624506,1,1897.53,4,101526,302.402,5.49569,8,11.2558,5702,1.63388,3,24,0,0,13.4062,694.105,621.548,0.982966,284.465,64.8111,True,False,3,1.2941,False,1,,,single,True,5.06602,False,B
533,287225563,1,1880.27,4,192044,290.517,88.833,8,12.9957,5680,1.2093,3,24,0,0,5.24033,450.256,1582.99,0.905459,143.913,53.1074,False,False,0,0.5,False,2,,,single,True,5.15694,False,B
595,8200343,1,1873.15,2,209905,261.143,60.1665,4,11.9114,5225.31,1.05119,1.5,12,1,0,5.4584,2840.02,937.989,0.968208,156.964,39.9012,False,False,2,0.787714,False,3,,,single,True,4.68652,False,B
598,202351301,1,1885.83,3,195051,259.124,3.3404,6,12.6652,4479,1.04583,2,16,1,0,5.44593,2370.54,1226.88,0.916351,234.921,63.0274,False,False,0,0.562653,False,1,,,single,True,4.49462,False,B
692,386908880,1,1880.23,3,143494,238.224,89.8361,6,11.9892,6002.78,1.79407,3,24,0,0,13.6458,1015.23,910.419,0.968284,137.285,23.52,False,False,3,1.10655,False,1,,,single,True,6.61323,False,B
775,288525509,1,1874.3,3,216383,222.225,88,6,12.4872,6272,2.70126,1.5,12,1,0,4.84367,3251.89,1265.07,0.952121,274.969,78.3157,False,False,1,1.21908,False,1,,,single,True,12.2274,False,B
810,85293265,1,1882.4,2,34562.6,215.045,37.843,4,9.44655,6118,1.59057,3,24,0,0,7.58116,288.591,222.376,0.99451,159.184,35.8267,False,False,0,0.581408,False,1,,,single,True,2.87749,False,B
811,224289728,1,1885.5,2,202622,214.848,7.15813,4,12.8747,6345.63,1.43029,1.5,12,1,0,3.24907,1723.93,1622.67,0.980602,183.084,56.5459,False,False,1,1.05029,False,2,,,single,True,6.26506,False,B
815,230125546,1,1887.71,8,101484,213.317,9.16404,16,11.8897,6204,1.84827,1.5,12,1,0,5.44586,3383.2,742.913,0.978798,251.005,67.7098,False,False,2,1.42539,False,1,,,single,True,5.72957,False,B
822,138708458,1,1893.62,3,168573,211.72,0.00061102,4,12.7708,5456,0.860454,2,16,1,0,13.6458,15085.7,1320.34,0.898107,136.928,26.1528,False,False,6,2.47567,True,1,,,single_partial,True,3.43779,False,B
837,307988813,1,1877.38,3,87735.9,207.282,158.341,6,11.8906,4671.47,0.942195,3,24,0,0,8.02092,1433.01,795.451,0.998341,149.505,29.5524,False,False,1,0.937754,False,2,,,single,True,2.71573,False,B
841,87952623,1,1893.81,8,50995.6,206.351,-1.15879,10,11.6637,5696.94,1.19541,3,24,0,0,13.646,336.433,702.7,0.986975,145.807,22.6618,False,False,1,2.2131,True,1,,,single_partial,True,2.62688,False,B
862,39124606,1,1877.73,6,315321,201.226,148.84,12,10.7865,4557,1.01945,2.5,20,1,0,13.646,7121.11,881.413,0.975766,151.863,36.2845,False,False,3,1.27535,False,1,,,single,True,5.57057,False,B
945,356541551,1,1873.21,4,205979,182.418,61.6667,8,12.7964,5855,1.43463,2,16,1,0,5.21631,2909.38,1530.8,0.895066,153.759,60.6319,False,False,0,0.675183,False,2,,,single,True,6.33591,False,B
966,159504353,1,1887.45,6,129715,180.105,6.00557,11,11.6899,6076,1.94491,2,16,1,0,13.4893,15611.3,1479.82,0.978172,145.078,70.5441,False,False,4,1.76298,False,7,,,single,True,6.81634,False,B
1011,230396307,1,1881.28,4,80586.9,172.478,64.4977,8,11.6975,6124,1.3278,3,24,0,0,13.5624,1402.11,812.9,0.949918,286.611,61.8251,False,False,2,1.95053,False,2,,,single,True,3.66794,False,B
1058,233738458,1,1883.36,2,80217.4,165.958,14.4988,4,6.30888,7226,3.36866,2.5,20,1,0,9.65027,3898.24,449.421,0.979702,277.812,65.436,False,False,2,0.637673,False,1,,,single,True,9.28429,False,B
1062,103803462,1,1887.18,6,271409,165.43,6.00196,12,10.8898,6449,1.33975,2,16,1,0,13.0728,18577.8,2145.54,0.904163,158.645,68.5439,False,False,1,0.937754,False,3,,,single,True,6.79193,False,B
1079,154091822,1,1871.46,4,110815,163.081,19.6666,7,12.8789,6361,1.16873,3,24,0,0,13.6356,2121.99,1310,0.852519,209.974,66.9316,True,False,1,0.5,False,4,,,single,True,3.78591,False,B
1126,16152127,1,1878.86,4,97111.3,158.113,0.165909,5,12.7583,5680.18,1.37073,3,24,0,0,13.5623,2217.99,1401.21,0.990338,137.183,41.6546,False,False,3,0.787714,True,1,,,single_partial,True,4.15666,False,B
1174,149398164,1,1880.67,2,137462,149.57,0.337192,3,12.4592,5866.62,1.66784,3,24,0,0,13.6458,5775.75,1210.72,0.972996,139.817,24.9603,False,False,0,1.72547,True,2,,,single_partial,True,6.01731,False,B
1178,157318663,1,1881.1,6,17155.2,149.391,68.8367,12,9.7281,6255,2.22678,3,24,0,0,10.4968,386.879,298.839,0.683366,179.941,65.6719,False,False,2,0.506387,False,1,,,single,True,2.83813,False,B
1181,236865152,1,1875.03,4,102880,149.222,105.5,8,8.77979,7112,1.86257,3,24,0,0,13.5623,2085.12,532.224,0.980694,302.633,62.7086,False,False,2,2.15684,False,1,,,single,True,5.81347,False,B
1232,149451141,1,1875.45,1.5,84595.1,143.471,0.169484,2,11.775,8131.09,1.22167,3,24,0,0,13.6459,535.732,818.08,0.992149,141.055,24.4033,False,False,0,2.43816,True,2,,,single_partial,True,3.45767,False,B
1235,159510109,1,1883.12,2,151785,142.951,20.4966,4,8.8523,5920,1.1179,3,24,0,0,7.97783,1664.69,920.522,0.996955,247.535,80.3075,False,False,0,0.900244,False,3,1141.01,1141.01,single,True,4.23814,False,B
1237,233637676,1,1890.4,4,92145.6,142.654,83.157,8,11.4979,5639.53,1.04676,3,24,0,0,8.02709,1946.74,696.719,0.997978,156.369,35.5319,False,False,2,0.637673,False,2,,,single,True,3.09202,False,B
1286,332146607,1,1876.93,1.5,424276,137.686,150.833,3,6.6413,6752.64,1.20315,1.5,12,1,0,9.74686,16530.3,2494.04,0.999856,130.693,31.8626,False,False,3,2.73824,False,2,,,single,True,7.62609,False,B
1346,166614842,1,1874.44,8,77875.8,132.985,85.6667,16,11.8782,5570.41,1.53548,1.25,10,1,0,3.73549,2321.76,806.743,0.990924,136.044,34.3006,False,False,1,1.16282,False,2,,,single,True,4.16968,False,B
1348,148626379,2,1885.29,4,162186,132.918,4.6612,8,12.4299,5603,1.05041,1.25,10,1,0,8.51568,32949.5,2685.26,0.894186,157.787,48.2589,False,False,2,0.768959,False,7,,,single,True,4.11645,False,B
1368,302653523,1,1885.33,2,463964,130.604,3.66118,4,12.9015,5575.59,0.871975,2.5,20,1,0,13.1772,25496.1,4638.06,0.995668,157.588,48.016,False,False,2,0.637673,False,6,,,single,True,5.77968,False,B
1369,126369027,1,1897.33,3,17694.7,130.472,0.996008,5,9.7471,6022.01,2.14711,3,24,0,0,2.31284,101.128,273.421,0.972092,136.03,26.406,False,False,2,2.43816,True,1,,,single_partial,True,2.77929,False,B
1373,229790769,1,1889.09,4,149622,129.696,69.5038,8,10.8855,7053,2.08085,0.5,4,1,0,1.81362,2419.91,1100.56,0.965427,284.196,68.9003,False,False,1,0.99402,False,3,,,single,True,7.83242,False,B
1375,147561589,1,1887.26,6,624752,129.467,6.00542,12,12.6382,6283,1.56269,3,24,0,0,13.1039,41642.7,9815.9,0.993128,143.396,68.9928,False,False,6,2.23186,False,4,,,single,True,12.0194,False,B
1376,219892238,1,1891.77,4,51695,129.07,143.836,8,11.8607,5673,0.92398,3,24,0,0,13.6146,657.367,747.815,0.978542,262.586,66.1665,False,False,0,0.693938,False,2,,,single,True,2.0443,False,B
1383,157318662,1,1881.1,6,37430.7,127.916,68.8367,12,10.5571,5688,1.09823,3,24,0,0,9.74706,715.517,623.416,0.320424,179.937,65.6723,False,False,2,0.506387,False,1,,,single,True,2.06759,False,B
1385,446152277,1,1871.27,6,195318,127.674,7.66667,11,12.8059,5632,1.0809,1.25,10,1,0,5.26661,8913.1,2578.56,0.98157,147.476,58.6192,True,False,4,0.712693,False,2,,,single,True,4.64852,False,B
1387,269594906,1,1882.61,1.5,59256.7,127.397,32.66,3,11.3198,5785,2.29181,3,24,0,0,5.62054,750.643,543.316,0.965526,300.643,70.9509,False,False,1,0.750204,False,1,,,single,True,5.42881,False,B
1390,288632530,1,1875.05,2,63748.6,126.827,106,4,11.8742,6166,1.78103,3,24,0,0,13.5623,556.296,819.942,0.981697,278.297,79.1962,False,False,1,1.27535,False,1,,,single,True,4.37587,False,B
1391,117276219,1,1895.2,3,33822.4,125.846,0.492917,4,10.831,4250.32,0.844503,3,24,0,0,13.6456,391.528,429.229,0.990003,130.846,26.5325,False,False,3,2.19435,True,1,,,single_partial,True,1.51133,True,B
1396,159296456,1,1886.99,1,92778.4,123.735,41.5046,2,11.6886,5274,1.1353,3,24,0,0,5.91929,1229.49,660.069,0.920589,228.953,82.681,False,False,0,1.36912,False,2,,,single,True,3.36505,False,B
1404,224296716,1,1882.52,3,81959.9,122.68,34.8399,6,11.969,5795,1.0847,3,24,0,0,6.82301,1405.94,908.075,0.989046,184.871,59.7557,False,False,0,0.693938,False,3,,,single,True,3.02181,False,B
1409,241257744,1,1894.25,4,60546.1,121.861,84.3449,8,11.4786,4924,1.14509,3,24,0,0,8.0271,1599.14,559.35,0.998844,158.083,35.813,False,False,1,0.750204,False,1,,,single,True,2.74183,False,B
1434,166150853,1,1880.75,1,64961.2,118.532,77.3399,2,11.1918,5717,1.76708,3,24,0,0,5.93307,747.246,522.398,0.99367,216.206,64.2861,False,False,0,1.33161,False,1,,,single,True,4.38269,False,B
1451,148624083,1,1874.2,1.5,51997.9,117.211,85.3333,3,9.9365,6347.07,2.16895,3,24,0,0,13.6458,505.185,330.986,0.998966,154.537,54.9568,False,False,1,0.5,False,1,,,single,True,4.81282,False,B
1454,284801970,1,1882.47,2,124827,116.698,35.9946,4,12.8481,5549,1.27358,3,24,0,0,6.13151,1154.76,1422.91,0.953217,260.334,83.6556,False,False,0,1.40663,False,1,,,single,True,4.37863,False,B
1465,117219831,1,1873.72,1.5,71587.9,115.342,73.8333,3,12.0981,5603,1.24814,3,24,0,0,5.45408,512.598,952.428,0.99024,129.978,25.604,False,False,1,2.43816,False,1,,,single,True,3.24968,False,B
1472,311568680,2,1885.27,3,338311,114.83,4.16125,6,12.9223,5990,1.10812,2.5,20,1,0,13.4897,32900.9,4507.6,0.996661,158.84,49.4128,False,False,2,0.843979,False,6,,,single,True,6.27195,False,B
1499,453433497,1,1873.27,3,29335.2,111.805,63.1666,6,10.968,5998.43,1.85047,3,24,0,0,5.24836,256.211,478.476,0.9929,147.714,52.7337,False,False,0,0.543898,False,1,,,single,True,3.08414,False,B
1508,17238865,1,1896.43,1.5,109449,110.718,32.1689,3,11.8032,6018,1.3633,3,24,0,0,13.6459,1412.18,947.039,0.846753,147.062,36.3409,False,False,1,1.23784,False,1,,,single,True,4.38889,False,B
1514,453426743,1,1871.31,2,66214,110.337,16.1666,4,12.2559,6291.82,2.00867,3,24,0,0,7.18197,733.059,900.607,0.959876,146.278,50.7339,True,False,0,0.600163,False,1,,,single,True,5.02969,False,B
1522,26959737,1,1875.65,1,88913.8,109.786,0.661964,2,12.2492,5159,0.700785,3,24,0,0,7.58115,539.267,1067.85,0.96978,149.791,20.8926,False,False,2,2.10057,True,1,,,single_partial,True,2.03342,False,B
1524,188461829,1,1891.45,4,29559,109.616,107.003,7,10.9436,5842.04,1.0076,3,24,0,0,7.97781,455.938,495.7,0.987935,132.638,38.3037,False,False,1,1.33161,False,1,,,single,True,1.68574,True,A
1528,233166409,1,1896.46,3,42610.7,109.336,31.344,6,12.0025,4667,0.827447,3,24,0,0,13.3961,715.184,887.619,0.993273,187.214,59.1051,False,False,2,0.95651,False,2,,,single,True,1.6621,True,A
1562,302666461,1,1878.52,4,38852.2,106.286,130.838,8,11.736,6143.42,2.34014,3,24,0,0,8.027,552.284,650.617,0.986979,162.917,55.5308,False,False,0,0.506387,False,2,,,single,True,4.48856,False,B
1579,159397467,1,1873.89,4,45872.3,105.529,78,8,11.5275,5713,1.6534,3,24,0,0,13.5623,695.376,654.496,0.838631,237.17,82.2259,False,False,1,1.72547,False,1,,,single,True,3.44596,False,B
1583,26959853,1,1890.02,1,93500.5,105.386,0.65537,2,12.5051,5962,1.09573,3,24,0,0,,295.79,1230.91,0.899212,149.875,21.3548,False,False,3,2.08181,True,1,,,single_partial,True,3.26038,False,B
1624,21411263,1,1873.01,1.5,63254.5,103.576,53.3333,3,11.9844,5306.51,0.894102,2,16,1,0,4.49646,1155.09,892.349,0.822872,134.744,38.5984,False,False,0,0.5,False,1,,,single,True,2.18822,False,B
1642,26959715,1,1875.02,1,93965,102.188,105.166,2,12.3938,5882,1.48928,3,24,0,0,12.4055,716.606,1202.74,0.997717,149.872,20.7913,False,False,2,2.2131,False,2,,,single,True,4.44239,False,B
1645,302601312,1,1879.71,3,61142.7,102.019,102.333,6,12.4503,5716.13,0.871521,3,24,0,0,12.2631,754.517,1276.01,0.839035,133.77,32.9491,False,False,1,1.91302,False,1,,,single,True,2.09704,False,B
1653,172951986,1,1895.62,2,19064.6,101.554,0.0101438,3,9.41253,6411,1.31052,3,24,0,0,1.97611,98.8461,233.242,0.996284,129.48,32.6527,False,False,3,2.3819,True,2,,,single_partial,True,1.76082,True,B
1658,237122162,1,1878.33,2,20834.6,101.216,133.836,4,9.5857,6509,3.64354,3,24,0,0,5.44588,328.814,232.844,0.959703,277.356,53.95,False,False,0,1.2941,False,1,,,single,True,5.11769,False,B
1688,157999789,1,1883.43,1,34149.9,99.911,12.9966,2,9.24194,6161,1.29609,2.5,20,1,0,5.02308,1070.68,210.871,0.909708,213.508,81.821,False,False,0,0.525143,False,1,,,single,True,2.3307,False,B
1690,357157880,1,1897.29,1,43563.3,99.8716,11.3392,2,10.25,6057,1.63096,3,24,0,0,9.74711,325.36,334.827,0.998279,170.581,56.9981,False,False,2,0.618918,False,1,,,single,True,3.31254,False,B
1719,287144206,1,1871.27,6,267941,96.6817,7.66667,11,12.3904,6116,1.36874,1,8,1,0,5.28327,27713.5,4394.93,0.921107,148.752,60.2267,True,False,5,0.881489,False,3,,,single,True,6.89443,False,B
1729,9376050,1,1875.18,1.5,82142.1,94.6008,108.833,3,12.1172,5898,1.83355,2.5,20,1,0,5.24442,1187.78,957.058,0.858275,150.899,39.0011,False,False,1,0.506387,False,2,,,single,True,5.11367,False,B
1739,199572139,1,1887.58,2,62739.6,93.5854,53.6593,4,11.9904,5858,2.07317,3,24,0,0,7.53487,1424,773.113,0.971337,241.543,60.6678,False,False,1,0.5,False,1,,,single,True,5.05316,False,B
1791,297945171,1,1877,2,59231.6,90.8007,152.667,4,11.0432,6068,1.54009,3,24,0,0,8.52866,913.037,565.849,0.977414,152.773,48.2532,False,False,0,0.5,False,1,,,single,True,3.64737,False,B
1818,389964187,1,1882.04,2,42789.1,89.6178,44.8342,4,11.5084,6662,2.08883,3,24,0,0,10.4327,507.919,664.161,0.951427,277.056,58.9576,False,False,0,1.23784,False,1,,,single,True,4.20462,False,B
1825,259231975,1,1880.78,3,36175.7,89.353,76.4948,6,12.0137,5824,1.8919,3,24,0,0,13.406,402.259,811.185,0.969344,292.773,71.0729,False,False,0,0.787714,False,1,,,single,True,3.50158,False,B
1828,138709501,1,1892.82,1.5,107891,89.18,1.16657,3,12.751,6055.35,1.48197,3,24,0,0,13.6458,662.574,1643.84,0.995427,137.072,26.0902,False,False,4,2.68198,True,1,,,single_partial,True,4.73684,False,B
1829,166585658,1,1873.63,1.5,61044,89.1739,64.3333,3,12.2542,5810.85,1.00136,3,24,0,0,5.15619,389.682,1001.72,0.96047,135.519,32.7963,False,False,3,1.42539,False,1,,,single,True,2.40752,False,B
1837,166554919,1,1875.79,1,216644,88.7115,0.665633,2,12.6846,6286.36,1.63825,3,24,0,0,13.4061,3323.74,1474.7,0.949466,134.928,32.8775,False,False,1,1.44414,True,1,,,single_partial,True,7.42013,False,B
1840,99253095,1,1881.21,2,33528.6,88.5364,66.3324,4,11.5569,6348.77,1.51354,3,24,0,0,11.3019,421.363,636.935,0.988245,136.514,42.0196,False,False,0,0.731448,False,1,,,single,True,2.69686,False,B
1857,154492133,1,1888.76,2,11007.5,87.607,88.0001,4,9.3054,6239,2.1602,3,24,0,0,9.74697,84.21,220.899,0.991083,186.635,73.7301,False,False,1,1.33161,False,1,,,single,True,2.20544,False,B
1880,172900988,1,1878.32,1.5,409832,85.8546,135.664,3,9.6319,5963,2.02879,3,24,0,0,12.2441,5582.31,3370.17,0.998679,128.662,31.5541,False,False,0,1.838,False,2,,,single,True,12.6386,False,B
1894,287186576,1,1871.36,8,249423,84.9592,9.66667,15,11.6937,4749,0.790008,1,8,1,0,5.46435,26343.1,4797.6,0.979607,150.179,61.8217,True,False,4,0.600163,False,2,,,single,True,3.83935,False,B
1912,67640623,1,1881.75,1,101027,83.5934,53.4975,2,12.8607,5550.14,0.93049,3,24,0,0,,270.045,1677.06,0.915,131.892,40.5377,False,False,3,0.787714,False,1,,,single,True,2.87799,False,B
1936,357155774,1,1882.33,3,53180.7,82.7524,4.33417,6,11.5638,5788.6,1.38598,3,24,0,0,6.49796,993.815,743.593,0.898153,145.437,51.6147,False,False,0,0.543898,False,3,,,single,True,3.11022,False,B
1976,138664936,1,1874.9,4,62206.9,80.5654,0.164894,5,12.6707,3548,0.57071,3,24,0,0,13.6458,3325.16,1547.9,0.992998,136.389,25.4507,False,False,1,2.79451,True,2,,,single_partial,True,1.38514,True,B
1978,284929167,1,1882.47,1,31258.5,80.4997,35.999,2,10.8615,6217.51,1.85107,3,24,0,0,6.76553,176.82,447.829,0.844695,132.894,33.001,False,False,0,1.42539,False,1,,,single,True,3.18467,False,B
1989,99253026,1,1881.81,3,50566.2,79.8823,0.000124742,4,12.5736,6121,1.04545,3,24,0,0,,231.993,1200.02,0.903012,136.415,42.1195,False,False,0,0.675183,True,1,,,single_partial,True,2.28766,False,B
1990,3902872,1,1888.63,1,56247,79.8809,41.1574,2,11.5197,5495.13,1.07476,2,16,1,0,5.93306,2687.46,698.101,0.931221,151.286,28.2951,False,False,1,1.51916,False,1,,,single,True,2.48038,False,B
1992,87955270,1,1892.65,1,62424.9,79.8723,0.841598,2,12.1189,6212,1.04673,3,24,0,0,13.646,801.061,1029.6,0.973683,146.072,22.5509,False,False,3,2.23186,True,1,,,single_partial,True,2.5449,False,B
2008,302580424,1,1880.67,8,37509.8,79.2396,0.833704,10,12.402,5976.06,1.7779,3,24,0,0,13.4894,1085.25,1138.99,0.989757,133.421,32.9842,False,False,0,1.85675,True,1,,,single_partial,True,3.35071,False,B
2063,117508711,1,1887.69,3,75060,77.7096,0.33586,4,11.1208,5943,1.4216,1.5,12,1,0,8.52862,6383.43,753.851,0.993035,138.272,25.6372,False,False,4,1.80049,True,3,,,single_partial,True,3.79,False,B
2088,17193496,1,1872.54,1,82020,76.6849,45.6666,2,12.7401,3561,0.605267,3,24,0,0,5.68576,674.362,1356.68,0.995745,145.509,39.939,False,False,3,0.787714,False,1,,,single,True,1.6868,True,A
2089,126278488,1,1882.69,1,51770.2,76.66,30.8341,2,11.989,6289.93,1.31636,3,24,0,0,7.58095,257.581,849.645,0.99599,134.12,26.0013,False,False,1,2.32563,False,1,,,single,True,2.91455,False,B
2092,288299452,1,1882.35,1,134308,76.4436,38.9962,2,11.7645,6085,1.37505,3,24,0,0,9.68736,2255.82,724.559,0.914991,261.65,79.3698,False,False,2,0.975265,False,1,,,single,True,4.90374,False,B
2095,188476140,1,1882.45,2,48115.5,76.2514,36.4988,4,12.1958,5542.14,0.836231,3,24,0,0,3.5608,401.466,1007.73,0.995228,133.776,37.2097,False,False,2,0.918999,False,1,,,single,True,1.78495,True,A
2121,298733885,1,1880.08,6,32483.1,75.4419,91.8343,11,12.3939,6097,1.37571,3,24,0,0,6.18848,547.138,1082.47,0.978174,278.613,57.0943,False,False,1,1.35037,False,1,,,single,True,2.41275,False,B
2139,88064893,1,1883.56,3,81899.6,75.0501,0.341616,4,12.9752,5721,1.06662,2,16,1,0,12.6356,15230.4,1772.61,0.980869,148.019,21.6905,True,False,2,2.15684,True,1,,,single_partial,True,2.97035,False,B
2140,239204833,1,1880.38,1,84407.3,75.0458,86.3424,2,12.5385,5585,1.31598,3,24,0,0,3.89887,613.422,1247.85,0.98317,149.258,20.9989,False,False,0,2.2131,False,1,,,single,True,3.72046,False,B
2158,165883629,1,1889.14,4,23431.9,74.8163,51.503,8,11.9411,5781.25,1.50572,3,24,0,0,8.47642,350.002,754.535,0.994214,131.205,32.9365,False,False,3,2.13808,False,1,,,single,True,2.24288,False,B
2160,149453421,1,1874.86,2,29773.7,74.7825,101.167,4,11.1932,4891.81,0.597833,3,24,0,0,5.68578,333.287,630.393,0.744137,141.22,24.3306,False,False,2,2.55069,False,1,,,single,True,1.00381,True,A
2198,87952615,1,1893.96,2,26049.2,72.4125,91.34,4,11.4861,5919.8,1.034,3,24,0,0,8.02704,209.874,672.348,0.986749,145.785,22.6351,False,False,2,2.19435,False,1,,,single,True,1.62396,True,A
2223,9339566,1,1873.76,1.5,60973.6,71.2898,74.8333,3,12.7198,6431.49,1.62452,3,24,0,0,5.42494,515.759,1207.43,0.989548,138.468,40.7854,False,False,1,0.768959,False,1,,,single,True,3.90349,False,B
2245,289723323,1,1891.54,2,45327.7,70.6141,148.663,4,12.3787,5788.59,1.29772,3,24,0,0,2.1273,302.012,1050.44,0.885972,274.403,53.83,False,False,1,1.91302,False,1,,,single,True,2.68856,False,B
2248,239201634,1,1879.9,3,38690.4,70.3712,97.8422,6,12.1263,3900,0.598919,3,24,0,0,10.497,997.439,1008.66,0.97743,148.866,21.319,False,False,4,2.43816,False,1,,,single,True,1.14638,True,A
2259,88004732,1,1890.69,1,78192.8,70.0894,0.657385,2,12.7448,4778,0.675399,3,24,0,0,,336.584,1403.67,0.989452,146.958,21.5471,False,False,2,2.68198,True,1,,,single_partial,True,1.83781,True,B
2284,8201434,1,1894.63,1,52960.4,69.2625,75.3428,2,12.3684,5696.62,1.81009,3,24,0,0,,236.142,961.408,0.994833,157.036,38.1708,False,False,0,0.900244,False,2,,,single,True,4.05353,False,B
2285,117417462,1,1890.84,1,56947.9,69.2612,0.665467,2,12.2591,6287.38,2.6974,3,24,0,0,8.52861,382.772,984.777,0.995295,137.578,25.9059,False,False,6,2.17559,True,2,,,single_partial,True,6.26386,False,B
2288,92007716,1,1895.69,8,26447.4,69.0912,49.8395,15,12.7222,5881.74,1.08252,3,24,0,0,13.646,533.783,1472.42,0.950286,145.338,22.8215,False,False,4,2.40065,False,2,,,single,True,1.71311,True,A
2297,86118685,1,1882.36,1,67161.3,68.9378,38.8377,2,11.648,6059,1.81302,1.25,10,1,0,2.78487,1654.55,752.78,0.982511,140.207,22.7336,False,False,1,1.4629,False,1,,,single,True,4.57214,False,B
2320,302606675,1,1894.43,3,26808.2,68.1088,0.00289432,4,11.8901,6512.71,2.18168,3,24,0,0,,135.758,785.09,0.997266,136.834,31.7814,False,False,0,1.33161,True,1,,,single_partial,True,3.47602,False,B
2347,16162722,1,1878.65,2,40075.1,67.1883,127.833,4,12.5988,6389.91,1.75482,3,24,0,0,,234.277,1214.99,0.993218,137.197,41.6275,False,False,2,0.787714,False,1,,,single,True,3.41844,False,B
2350,87955876,1,1892.61,2,77842.5,67.0933,0.341615,3,12.8824,5654,1.02013,3,24,0,0,13.646,2028.87,1682.52,0.973057,146.092,22.5652,False,False,3,2.25061,True,1,,,single_partial,True,2.76963,False,B
2371,414966861,1,1892.86,8,16767.7,66.5172,-1.33718,11,11.2588,3682,0.547915,3,24,0,0,,141.788,624.605,0.986638,141.061,23.629,False,False,2,2.26937,True,1,,,single_partial,True,0.69041,True,B
2387,332109671,1,1879.19,1,21989.3,66.1463,0.664573,2,11.1573,6297.41,1.94889,3,24,0,0,,83.6823,482.34,0.998444,135.171,25.75,False,False,3,2.70073,True,1,,,single_partial,True,2.81223,False,B
2414,417913589,1,1881.24,3,51835.4,65.4477,65.4965,6,12.7336,5186,0.654974,3,24,0,0,9.07622,593.086,1724.73,0.892204,145.478,68.584,False,False,1,2.30688,False,1,,,single,True,1.45109,True,A
2443,99236614,1,1882.25,3,53599.5,64.5104,0.499668,4,12.9624,5844.42,1.07421,3,24,0,0,,340.742,1543.75,0.899093,136.24,42.1664,False,False,1,0.675183,True,1,,,single_partial,True,2.42007,False,B
2459,8769152,1,1880.13,3,35243.9,64.1242,92.3363,6,12.1092,6423.81,2.2617,3,24,0,0,11.3715,561.046,966.659,0.953117,140.369,30.7263,False,False,4,0.95651,False,1,,,single,True,4.13176,False,B
2479,166595326,1,1872.71,3,62618.7,63.4739,0.166169,4,11.9255,6140.87,1.1949,2.5,20,1,0,5.1562,1387.91,796.696,0.985845,135.773,32.7529,False,False,1,1.36912,True,3,,,single_partial,True,2.90965,False,B
2486,284896701,1,1892.83,3,59406.7,63.2233,118.49,6,12.8019,5945.59,1.27506,2,16,1,0,4.67665,2080.94,1528.28,0.922369,132.387,33.0344,False,False,0,1.57543,False,1,,,single,True,3.02417,False,B
2493,361975689,1,1896.47,2,34959.8,63.0622,30.9879,4,12.2568,6030.35,2.15999,3,24,0,0,13.6456,448.988,997.78,0.991895,132.836,43.6925,False,False,2,0.5,False,1,,,single,True,3.93001,False,B
2513,117295375,1,1893.8,1.5,45689.1,62.475,95.1576,3,12.4728,5137.77,0.875274,3,24,0,0,13.6456,569.209,1157.08,0.984506,131.23,26.5103,False,False,4,2.13808,False,1,,,single,True,1.82057,True,A
2542,166595318,1,1872.41,1.5,31419,61.752,0.332853,3,11.5955,7881,1.41186,3,24,0,0,13.4061,335.897,656.096,0.994376,135.846,32.7296,False,False,2,1.38788,True,1,,,single_partial,True,2.43526,False,B
2578,318209162,1,1891.85,2,17715.9,61.0118,141.993,4,10.5295,4661.56,0.732648,3,24,0,0,1.66411,155.986,454.546,0.813992,142.379,50.9646,False,False,1,0.99402,False,1,5746.01,5746.01,single,True,0.948931,True,A
2582,154091787,1,1874.37,4,21200.5,60.966,89.6666,7,12.0824,6367,2.04144,3,24,0,0,5.93304,246.186,878.928,0.887207,210.005,66.7309,False,False,0,0.5,False,1,,,single,True,2.89246,False,B
2583,126323784,1,1878.61,1,94759,60.8992,0.164532,2,12.5528,4808.39,0.779943,2.5,20,1,0,8.0269,3550.62,1277.63,0.991613,135.35,25.7418,False,False,1,2.71949,True,1,,,single_partial,True,2.33631,False,B
2630,230130556,1,1888.31,6,13513.1,59.7601,68.6655,12,10.8972,6509,1.818,3,24,0,0,9.68752,304.48,457.4,0.946208,251.681,70.0187,False,False,1,0.750204,False,1,,,single,True,2.0565,False,B
2647,239200346,1,1882.47,1.5,79480.1,59.0598,0.675097,3,12.8648,5793,1.36667,3,24,0,0,2.72921,700.604,1725.36,0.907201,148.716,21.094,False,False,5,2.5882,True,1,,,single_partial,True,3.7493,False,B
2650,366514799,1,1883.61,2,24773.2,58.9099,8.4932,4,11.619,6417,2.79683,3,24,0,0,3.47749,215.395,662.173,0.930198,302.091,68.7062,True,False,5,1.40663,False,1,,,single,True,4.28366,False,B
2655,341618372,1,1896.66,3,38425.9,58.6523,26.4864,6,12.7275,5872,1.60943,3,24,0,0,13.6455,529.309,1359.18,0.93808,155.755,79.603,False,False,1,0.675183,False,1,,,single,True,3.07002,False,B
2667,284898876,1,1892.74,1.5,16207.1,58.2603,120.658,3,10.7281,5583.7,1.37448,3,24,0,0,5.77437,168.94,402.466,0.958309,132.645,30.4645,False,False,1,2.32563,False,3,,,single,True,1.70274,True,A
2681,29155679,1,1887.34,1.5,51868.9,57.5559,8.33604,3,12.695,6658.64,1.50411,3,24,0,0,,343.923,1423.14,0.992194,135.102,42.848,False,False,1,0.843979,False,1,,,single,True,3.33342,False,B
2711,17238959,1,1890.21,3,12252.5,56.339,78.6617,6,10.9771,5941,2.55954,3,24,0,0,9.74706,175.955,513.78,0.998125,147.148,35.9922,False,False,3,1.31286,False,1,,,single,True,2.75697,False,B
2714,8746769,1,1882.06,1,45566.5,56.2905,0.336288,2,12.3927,5756.91,1.97908,3,24,0,0,,261.272,1074.36,0.994486,139.833,30.9045,False,False,1,1.01277,True,1,,,single_partial,True,4.11096,False,B
2730,117279808,1,1894.22,1.5,49567.1,55.7248,85.1575,3,12.8083,6033.55,1.15429,3,24,0,0,8.02685,417.719,1477.99,0.975297,131.114,26.476,False,False,1,2.19435,False,1,,,single,True,2.50074,False,B
2745,159189161,1,1892.69,1.5,27996.6,55.4024,121.68,3,12.0383,5515,1.26915,3,24,0,0,,167.626,831.271,0.994776,200.952,59.7827,False,False,0,0.5,False,1,,,single,True,2.06644,False,B
2781,229794069,1,1880.89,3,11297.8,54.4498,73.997,6,9.9388,6794,2.82507,3,24,0,0,13.354,240.495,304.406,0.989602,284.704,67.4915,False,False,2,1.44414,False,1,,,single,True,2.92203,False,B
2793,233744223,1,1878.49,4,14047.7,54.1853,131.499,8,11.7661,5962,1.89053,3,24,0,0,7.97792,180.823,720.548,0.921394,278.419,64.7551,False,False,0,1.2941,False,1,,,single,True,2.18044,False,B
2809,147611210,1,1881.58,4,36008.7,53.6047,57.4977,8,12.8336,6269,1.75303,3,24,0,0,9.68736,474.17,1448.95,0.967994,148.862,66.2962,False,False,1,0.900244,False,1,,,single,True,3.23706,False,B
2818,26983067,1,1875.44,3,44921.2,53.3947,0.33768,4,12.7233,5359,1.5749,3,24,0,0,13.6357,3345.62,1485.9,0.965322,150.271,20.6914,False,False,3,1.93177,True,1,,,single_partial,True,3.24815,False,B
2823,155560781,1,1889.68,1.5,39739.1,53.346,1.32272,3,12.4148,6068,1.12262,3,24,0,0,,245.318,1157.79,0.974219,158.383,37.6028,False,False,3,0.99402,True,1,,,single_partial,True,2.17771,False,B
2826,154939098,1,1872.51,3,23568.3,53.2798,45,6,12.4025,5819,0.865247,3,24,0,0,8.4764,250.554,1011.42,0.986107,208.851,84.4293,False,False,0,0.900244,False,2,,,single,True,1.29259,True,A
2844,166584327,1,1874.02,3,42137.9,52.7326,0.334152,4,12.7795,5277,0.881576,2,16,1,0,13.3644,11748.2,1426.19,0.950331,135.37,32.822,False,False,2,1.44414,True,2,,,single_partial,True,1.76098,True,B
2860,67597023,1,1892.25,6,24141.5,52.1373,126.004,8,12.4548,6087.07,1.59445,3,24,0,0,13.5623,412.336,1170.23,0.985219,131.55,37.5943,False,False,1,1.2941,False,1,,,single,True,2.41074,False,B
2873,87957870,1,1893.24,1.5,48450.6,51.9276,0.67534,3,12.1097,6210,1.41647,3,24,0,0,13.646,1998.89,1107.17,0.814448,146.28,21.6593,False,False,1,2.40065,True,1,,,single_partial,True,3.03399,False,B
2877,126323779,1,1878.65,1,42407.2,51.8308,0.164535,2,12.4035,5732,0.965798,3,24,0,0,,259.303,1159.76,0.991274,135.325,25.7161,False,False,1,2.71949,True,1,,,single_partial,True,1.93537,True,B
2884,21508802,1,1895.08,2,22447.2,51.5218,64.4882,4,11.8878,5633.45,1.10127,3,24,0,0,1.97762,210.673,741.438,0.997337,133.175,43.6056,False,False,2,0.5,False,1,,,single,True,1.60558,True,A
2889,101546594,1,1894.62,3,14460.9,51.4068,0.490945,4,10.9002,5928.01,1.1548,3,24,0,0,8.02681,335.821,460.768,0.996933,129.702,32.702,False,False,1,2.43816,True,2,,,single_partial,True,1.35133,True,B
2901,3756382,1,1874.15,2,44133.8,51.1577,84.1666,4,12.7351,5865.38,2.01606,3,24,0,0,5.45823,492.36,1562.42,0.916584,128.53,28.5146,False,False,5,1.838,False,1,,,single,True,4.12142,False,B
2907,56912737,1,1877.65,2,7126.59,50.9391,151.833,4,9.56358,6378.18,1.42182,3,24,0,0,8.52854,87.218,222.242,0.997666,139.354,47.2726,False,False,0,0.5,False,3,,,single,True,1.168,True,A
2912,126349898,1,1877.42,6,19699.8,50.8722,-0.83547,8,12.3452,5886.78,1.32457,3,24,0,0,,211.143,1067.83,0.996247,135.681,25.6673,False,False,2,2.83202,True,1,,,single_partial,True,1.8091,True,B
2946,166584321,1,1873.8,1.5,23969.1,50.2787,68.3333,3,11.2772,3646,0.417952,3,24,0,0,5.58588,307.498,560.904,0.995487,135.455,32.8516,False,False,4,1.48165,False,1,,,single,True,0.629665,True,A
2997,126350910,1,1879.88,1,62542.6,49.0222,98.3344,2,12.9645,6012.83,0.981666,3,24,0,0,,404.421,1683.84,0.994135,135.76,29.2554,False,False,2,1.53792,False,1,,,single,True,2.38896,False,B
3051,376993662,1,1872.17,1.5,33310,47.8312,36.8334,3,11.9111,6006,1.90753,1.25,10,1,0,2.83637,1660.25,867.384,0.934745,284.594,57.2727,False,False,0,0.506387,False,2,,,single,True,3.38779,False,B
3068,8766819,1,1881.03,1.5,50442.7,47.4296,0.169759,2,12.594,6118,1.09174,3,24,0,0,13.6354,6732.83,1223.76,0.997536,140.101,30.8072,False,False,1,0.975265,True,1,,,single_partial,True,2.38603,False,B
3069,88064993,1,1897.44,6,25976.6,47.4136,4.34252,12,12.2134,5241,0.824347,3,24,0,0,3.32322,559.787,1236.96,0.989148,148.045,22.0298,False,False,5,2.0443,False,2,,,single,True,1.29288,True,A
3084,55752977,1,1875.04,2,32263.5,47.0606,105.667,4,12.705,3854,0.793705,3,24,0,0,,295.944,1366.78,0.899448,181.32,57.2226,False,False,0,0.750204,False,1,,,single,True,1.38731,True,A
3086,256926198,1,1895.49,3,15317.9,46.982,54.4882,6,11.3951,6805,2.97686,3,24,0,0,12.3293,267.85,704.865,0.875082,301.944,63.9051,False,False,0,1.89426,False,2,,,single,True,3.58522,False,B
3097,126320052,1,1880.25,2,8532.95,46.7783,89.3345,4,10.0544,6236,1.98773,3,24,0,0,5.93292,79.1494,295.877,0.998335,134.862,25.815,False,False,2,2.73824,False,2,,,single,True,1.78675,True,A
3119,126234591,1,1891.35,4,25249.7,46.4091,106,8,12.5969,4866.47,0.831269,3,24,0,0,,302.757,1412.68,0.854456,133.292,25.0367,False,False,5,2.34439,False,1,,,single,True,1.28537,True,A
3129,284541322,1,1886.7,1,36150.9,46.0326,32.5042,2,12.1712,6032.82,1.29737,3,24,0,0,,181.011,1066.57,0.951536,136.23,57.4803,False,False,4,0.825224,False,1,,,single,True,2.40038,False,B
3132,92023180,1,1896.59,4,10344.5,45.972,28.34,7,11.457,5798,2.32544,3,24,0,0,10.4969,336.318,614.737,0.990933,145.475,21.8188,False,False,0,1.95053,False,1,,,single,True,2.30153,False,B
3161,166614512,1,1871.38,2,9726.99,45.359,1.33351,4,10.8593,5607.88,1.50004,3,24,0,0,4.96523,124.077,437.451,0.997424,136.068,32.7342,True,False,4,1.4629,True,1,,,single_partial,True,1.43963,True,B
3167,356500875,1,1887.58,3,64893.2,45.1669,4.99788,6,12.2909,5301,1.94164,1.5,12,1,0,13.3644,27405.1,1757.12,0.989539,150.684,62.2953,False,False,1,0.543898,False,1,,,single,True,4.81311,False,B
3202,99253205,1,1875.19,3,35122.5,44.2057,109.167,6,12.8098,5263.5,0.782301,3,24,0,0,7.97783,534.705,1733.27,0.809962,136.637,42.3677,False,False,2,0.656428,False,2,,,single,True,1.42667,True,A
3215,414969627,1,1891.9,3,13060.8,43.8627,0.837631,5,11.1828,6057,1.02378,3,24,0,0,13.6459,1137.59,579.07,0.992854,141.276,23.5886,False,False,2,2.26937,True,1,,,single_partial,True,1.13854,True,B
3233,88021484,1,1888.36,3,5482.14,43.3188,34.658,6,10.1332,6194,1.12906,3,24,0,0,1.81947,78.3779,309.196,0.998334,147.104,22.1813,False,False,1,2.25061,False,1,,,single,True,0.813485,True,A
3238,287179718,1,1871.65,8,35092.2,43.1189,8.66667,16,11.6032,5740,1.00351,1.25,10,1,0,5.30827,4505.64,1164.2,0.985468,149.79,61.4514,False,False,1,0.525143,False,4,,,single,True,1.8293,True,A
3246,117416462,1,1887.62,6,5502.89,43.0463,16.5007,11,10.6516,6330.05,1.83036,3,24,0,0,5.9329,123.375,387.96,0.969723,132.915,26.2628,False,False,4,1.93177,False,1,,,single,True,1.32126,True,A
3254,39051087,1,1872.81,4,19875.1,42.8665,51.6667,6,12.3753,5778,0.938319,3,24,0,0,,202.95,1137.68,0.96885,138.68,40.5973,False,False,1,0.693938,False,1,,,single,True,1.28725,True,A
3264,138664783,1,1895.5,6,6911.02,42.5409,54.4961,12,11.3732,6457,1.40961,3,24,0,0,8.5286,189.564,586.58,0.98341,136.485,26.3434,False,False,3,2.49443,False,1,,,single,True,1.14032,True,A
3282,138708459,1,1893.18,3,33746.2,42.2457,0.499665,4,12.7016,5848.03,1.34273,2.5,20,1,0,13.6458,8273.18,1448.25,0.997305,137.001,26.1497,False,False,1,2.68198,True,2,,,single_partial,True,2.40026,False,B
3283,840330274,1,1889.36,6,14438.6,42.241,39.3384,12,12.3688,6526,1.30996,3,24,0,0,,263.662,1104.55,0.962374,141.94,23.403,False,False,0,2.47567,False,2,,,single,True,1.53171,True,A
3287,188475508,1,1882.55,1.5,11591.4,42.1976,1.66601,3,10.9062,5438.9,0.886907,3,24,0,0,,89.9863,459.045,0.996176,133.725,37.224,False,False,1,0.918999,True,1,,,single_partial,True,0.929186,True,B
3291,355172880,1,1892.33,6,17954.3,42.0962,-1.00123,8,12.2813,5333.47,0.986491,3,24,0,0,,207.451,970.415,0.991878,137.346,31.6707,False,False,1,1.14406,True,1,,,single_partial,True,1.28628,True,B
3300,21508798,1,1895.27,3,24596.3,41.8469,0.490477,4,12.5225,6094.5,1.36773,3,24,0,0,,227.244,1112.13,0.995255,133.113,43.6267,False,False,2,0.5,True,1,,,single_partial,True,2.08734,False,B
3311,154069246,1,1881.19,6,19248.9,41.4731,66.8358,12,12.8743,5193,1.05876,3,24,0,0,9.74706,461.091,1342.72,0.948351,208.111,71.2277,False,False,1,0.5,False,1,,,single,True,1.42941,True,A
3317,8767060,1,1888.11,2,31085.7,41.3585,28.1644,4,11.1612,4936.19,0.83894,3,24,0,0,5.05399,782.343,779.369,0.75782,140.115,31.9523,False,False,4,1.42539,False,1,,,single,True,1.43936,True,A
3333,362024417,1,1881.77,1,43606.4,41.0474,52.9977,2,12.7021,6318.21,1.30621,3,24,0,0,,276.214,1468.62,0.915994,132.096,39.8263,False,False,3,0.918999,False,1,,,single,True,2.65427,False,B
3334,147627082,1,1888.75,4,19647.7,41.031,87.6614,7,12.6453,5717,1.91402,3,24,0,0,,271.939,1286.92,0.987888,184.45,63.223,False,False,0,0.750204,False,1,,,single,True,2.61072,False,B
3337,233161762,1,1888.41,1,18622.1,40.9597,68.6657,2,11.5158,6344,1.44321,3,24,0,0,,136.714,633.081,0.96171,275.279,60.3625,False,False,0,0.543898,False,1,,,single,True,1.91647,True,A
3344,355917709,1,1872.69,6,26855,40.8171,49.1666,12,12.5584,5648,2.40725,2,16,1,0,4.5487,1625.81,1132.07,0.98715,205.833,61.2103,False,False,0,0.5,False,1,,,single,True,3.83876,False,B
3348,99236618,1,1882.47,3,16503,40.6539,0.500404,5,11.5922,6176.07,1.44078,2.5,20,1,0,3.08234,552.117,661.609,0.991684,136.224,42.1809,False,False,1,0.675183,True,1,,,single_partial,True,1.8011,True,B
3349,172533278,1,1897.63,1,12240,40.633,3.33529,2,6.3208,5287,0.819071,0.5,4,1,0,5.45419,27660.2,467.305,0.998691,143.182,26.9885,True,False,1,1.91302,False,2,,,single,True,0.881798,True,B
3363,8920115,1,1880.65,1,31594.1,40.1429,79.8403,2,11.7703,5546.89,0.804065,3,24,0,0,11.3716,1997.2,796.249,0.947923,152.457,35.9215,False,False,1,1.06904,False,1,,,single,True,1.39076,True,A
3365,88645160,1,1896,2,26184.6,40.0703,42.4875,4,12.6615,6180.71,1.75553,3,24,0,0,,258.277,1283.81,0.99463,130.69,37.5805,False,False,2,0.918999,False,1,,,single,True,2.76432,False,B
3375,26957251,1,1878.86,8,5028.41,39.8469,122.843,15,11.0243,6215,1.52388,3,24,0,0,8.0271,196.84,490.705,0.989013,149.577,20.9212,False,False,2,2.13808,False,1,,,single,True,1.05153,True,A
3402,459969957,1,1886.25,3,11786,39.2474,21.1638,6,11.8994,4684,0.80494,3,24,0,0,5.42504,217.286,735.26,0.991426,254.817,65.7471,False,False,2,1.50041,False,1,1274.01,1274.01,single,True,0.850362,True,A
3419,160603078,1,1893.78,8,17084.8,38.9387,95.4951,16,12.5952,6110,1.33295,3,24,0,0,7.97788,597.224,1196.5,0.89585,244.653,76.8919,False,False,4,1.27535,False,1,,,single,True,1.69542,True,A
3420,138664795,1,1895.3,1.5,52559.1,38.9337,59.1629,3,12.8251,6006,1.97053,3,24,0,0,6.82288,1727.57,1638.25,0.983435,136.515,26.2672,False,False,6,2.43816,False,4,,,single,True,4.39607,False,B
3458,17300144,1,1881.11,1.5,32956.1,38.2193,68.6765,3,12.8972,5599,1.04531,3,24,0,0,,258.004,1514.73,0.912494,160.331,36.6319,False,False,2,0.787714,False,1,,,single,True,1.84659,True,A
3463,239206028,1,1878.23,8,7556.82,38.1518,0.660403,10,11.1348,6486,1.27164,3,24,0,0,13.3856,1338.33,483.318,0.997021,149.268,21.1442,False,False,2,2.10057,True,2,,,single_partial,True,1.0757,True,B
3483,259166949,1,1893.7,4,14048.7,37.7443,97.4911,8,12.008,6073,1.1741,3,24,0,0,,198.59,838.084,0.966429,291.977,68.2127,False,False,3,1.838,False,1,,,single,True,1.35419,True,A
3509,26983942,1,1889.15,1,32492.2,37.1214,0.345322,2,12.126,5173.56,0.808831,3,24,0,0,4.5487,484.428,1134.09,0.802438,150.332,19.3537,False,False,3,1.2941,True,2,,,single_partial,True,1.41875,True,B
3528,27108148,1,1887.98,2,21835,36.7643,25.6549,4,12.171,6657,1.60381,3,24,0,0,4.26441,270.945,1025.1,0.928543,152.718,22.4823,False,False,2,0.656428,False,1,,,single,True,2.30615,False,B
3540,138660030,1,1875.56,1,69939.3,36.4638,0.335245,2,12.9693,6156,1.36924,3,24,0,0,8.02691,1517.31,1882.66,0.994221,136.166,25.5247,False,False,1,2.77575,True,1,,,single_partial,True,3.52369,False,B
3547,16119299,1,1871.94,4,16151,36.3823,0.166381,5,11.7096,5856.8,1.26408,3,24,0,0,7.03391,466.87,742.977,0.982001,136.381,36.529,False,False,0,0.881489,True,1,,,single_partial,True,1.56326,True,B
3548,117381328,1,1890.35,1,8727.75,36.3146,0.497341,2,10.4042,5646.39,1.27848,3,24,0,0,,77.0589,329.93,0.993355,132.16,26.388,False,False,0,2.00679,True,1,,,single_partial,True,1.16226,True,B
3564,3800443,1,1873,3,11065.4,36.1633,0.166299,4,10.993,6392,1.66912,3,24,0,0,5.05392,159.951,476.874,0.983267,128.785,28.3976,False,False,4,2.02555,True,2,,,single_partial,True,1.70855,True,B
3577,86118803,1,1873.55,1.5,18997.2,36.0361,69.8332,3,11.8916,6318.21,1.32112,3,24,0,0,,187.58,890.955,0.863606,140.217,23.2695,False,False,2,1.68796,False,1,,,single,True,1.77192,True,A
3578,117377903,1,1890.93,2,21765.1,36.0255,96.0013,4,12.425,5796.28,1.84847,3,24,0,0,,205.507,1154.04,0.863282,131.996,26.4202,False,False,1,2.08181,False,1,,,single,True,2.65369,False,B
3644,1043578,1,1876.79,1,48953,34.8893,0.33948,2,12.6845,5700,0.885813,3,24,0,0,8.52883,751.73,1719.6,0.930102,154.172,24.2783,False,False,2,0.562653,True,1,,,single_partial,True,1.90717,True,B
3645,91987762,1,1894.25,3,2879.71,34.8682,84.3384,5,7.4098,6303.91,1.61034,3,24,0,0,3.79054,45.3443,122.036,0.997202,144.556,23.5469,False,False,3,1.95053,False,1,1898.01,1898.01,single,True,0.84091,True,A
3656,126316425,1,1881.75,2,8224.06,34.6662,53.3343,4,10.9312,5744,1.31473,3,24,0,0,,109.036,463.066,0.995645,134.4,25.9659,False,False,3,2.36314,False,1,,,single,True,1.16021,True,A
3682,441739020,1,1873.16,3,5044.95,34.3839,60.5,6,9.4682,6345,1.31225,3,24,0,0,12.3295,83.3067,238.826,0.971098,259.017,72.1612,False,False,0,1.20033,False,1,1670.01,"1670.01,1670.02,1670.03",single,True,0.90699,True,A
3684,286689500,1,1878.15,6,14420.2,34.3532,-1.16233,8,12.5006,5766.77,0.808975,3,24,0,0,,261.849,1235.09,0.995381,142.636,23.41,False,False,2,2.47567,True,1,,,single_partial,True,0.945319,True,B
3688,272745733,1,1886.69,24,11945.4,34.2559,25.6628,48,10.6213,6144,1.10013,3,24,0,0,7.07791,1259.25,790.672,0.998052,235.786,68.0488,False,False,1,1.36912,False,2,,,single,True,1.17004,True,A
3695,353933312,1,1892.47,1.5,42120.2,34.1651,0.677111,3,12.915,5581.71,2.02799,3,24,0,0,13.646,1803.58,1399.96,0.982327,157.593,37.9424,False,False,3,0.5,True,1,,,single_partial,True,4.05012,False,B
3696,139418042,1,1871.96,3,21715.1,34.1523,31.6665,6,12.7662,5319.81,0.851734,3,24,0,0,13.646,504.268,1259.22,0.99292,154.355,34.9745,False,False,2,1.27535,False,1,,,single,True,1.22136,True,A
3700,8920135,1,1880.11,1.5,6353.58,34.1056,19.8277,3,9.9294,6197.8,1.69485,3,24,0,0,3.10136,107.101,259.392,0.999138,152.626,35.8534,False,False,2,1.0878,False,1,,,single,True,1.31461,True,A
3703,138687398,1,1873.46,3,23442.8,33.9961,67.6666,6,12.7976,5489.33,1.05531,3,24,0,0,,321.244,1564.42,0.957963,136.769,25.3523,False,False,5,3.05708,False,1,,,single,True,1.57232,True,A
3704,166554907,1,1875.46,6,11680.2,33.9872,108.167,12,12.0602,6743.74,1.93642,3,24,0,0,6.38385,350.437,894.658,0.954352,134.996,32.8461,False,False,1,1.40663,False,1,,,single,True,2.03649,False,B
3710,302603520,1,1888.06,2,26637.6,33.8906,0.00151602,3,12.4536,5683,1.49601,3,24,0,0,9.48649,1448.78,1113.72,0.987976,133.826,30.0348,False,False,2,2.53194,True,1,,,single_partial,True,2.37596,False,B
3722,166529263,1,1897.5,6,14502.6,33.735,6.49192,12,10.8191,5694.44,2.35815,1.25,10,1,0,2.91663,1382.76,988.141,0.757286,134.609,33.2155,False,False,4,1.48165,False,1,,,single,True,2.76345,False,B
3746,353933308,1,1892.58,8,4240.48,33.389,124.343,11,10.5087,6653.3,2.45172,3,24,0,0,12.4055,126.317,353.708,0.998081,157.6,37.9741,False,False,3,0.918999,False,1,,,single,True,1.55359,True,A
3749,353933310,1,1892.4,6,3075.84,33.3102,128.843,11,9.9123,6294.17,2.20564,3,24,0,0,,57.2839,269.526,0.998557,157.666,37.9601,False,False,3,0.862734,False,1,,,single,True,1.19035,True,A
3770,233738446,1,1883.36,3,15140.7,33.0001,14.4988,6,11.6268,3355,0.269357,2.5,20,1,0,2.81683,514.159,724.647,0.817343,277.791,65.4086,False,False,2,0.637673,False,1,,,single,True,0.322521,True,A
3789,138687176,1,1894.35,8,12977.6,32.7201,-1.00117,12,12.6303,5673,1.62605,3,24,0,0,,219.948,1248.15,0.988274,136.752,26.2438,False,False,3,2.47567,True,1,,,single_partial,True,1.80256,True,B
3799,233175855,1,1871.04,1,47639.9,32.646,9.66662,2,12.8854,5110,1.09116,3,24,0,0,13.6459,2022.37,1451.78,0.980541,217.022,71.1103,True,False,0,0.5,False,2,,,single,True,2.31756,False,B
3828,67597890,1,1891.41,4,19366.1,32.4469,106.003,7,12.8256,5729,0.90281,3,24,0,0,,319.976,1474.72,0.967223,131.75,37.587,False,False,1,1.44414,False,1,,,single,True,1.22257,True,A
3837,21551964,1,1890.16,6,5405.2,32.3502,76.0031,12,11.3984,6057.84,1.56705,3,24,0,0,8.52851,192.614,604.18,0.945945,134.383,43.1462,False,False,1,0.712693,False,1,,,single,True,1.1211,True,A
3841,8769155,1,1880.23,2,17395.8,32.3241,89.8363,4,12.3745,5929.66,1.6652,3,24,0,0,,196.17,1141.96,0.922098,140.36,30.7368,False,False,4,0.95651,False,1,,,single,True,2.1372,False,B
3849,233738472,1,1883.36,3,14151,32.2444,14.4988,6,11.2637,5571,1.02762,3,24,0,0,13.5208,463.251,612.266,0.835383,277.796,65.4641,False,False,2,0.656428,False,1,,,single,True,1.18955,True,A
3856,91844775,1,1890.76,1.5,25993.8,32.1588,92.3282,3,12.5396,3470,0.501929,3,24,0,0,,248.594,1407.09,0.997685,141.607,23.4941,False,False,1,2.45692,False,1,,,single,True,0.787471,True,A
3865,298108375,1,1871.1,4,9642.79,32.1238,11.1666,6,11.4509,7662,2.11094,0.5,4,1,0,8.02708,57802.3,811.93,0.973559,204.973,64.0475,True,False,1,0.5,False,1,,,single,True,2.01713,False,B
3873,154125758,1,1871.1,4,10260,32.0703,11.1666,6,11.7118,4473,0.762659,0.5,4,1,0,5.05406,17123.6,708.148,0.981041,212.585,67.755,True,False,0,0.525143,False,2,,,single,True,0.751728,True,B
3874,165914997,1,1896.79,3,22948.3,32.07,23.4902,6,12.9594,6139.92,1.33137,3,24,0,0,10.4325,423.106,1789.87,0.847433,131.73,30.6681,True,False,6,2.83202,False,1,,,single,True,1.9626,True,B
3928,156458527,1,1890.64,4,8335.29,31.3943,133.165,8,11.068,8520,1.15441,3,24,0,0,0.689184,146.054,483.822,0.966384,216.785,72.9639,False,False,0,0.5,False,1,,,single,True,1.0256,True,A
3942,166554263,1,1882.01,1.5,19708.5,31.1743,47.1669,3,12.3722,5633.05,0.885352,3,24,0,0,,183.188,1096.88,0.968636,134.951,30.2119,False,False,3,1.85675,False,1,,,single,True,1.20948,True,A
3953,284993804,1,1871.19,6,242925,31.0911,9.66667,9,12.6444,5392.69,1.15829,1,8,1,0,2.3642,21002.7,13909.6,0.945996,137.435,25.0668,True,False,3,2.5882,False,1,,,single,True,5.55535,False,B
3961,166178400,1,1895.71,3,6977.95,31.0082,49.342,6,11.4434,5918,1.4831,3,24,0,0,,90.767,542.147,0.995663,217.337,65.9301,False,False,0,1.16282,False,1,7090.01,7090.01,single,True,1.20557,True,A
3967,263602226,1,1880.87,1,21124.4,30.927,74.4967,2,10.6547,5979,2.02955,1.25,10,1,0,5.68567,6044.4,447.368,0.924483,159.135,75.2018,False,False,1,1.16282,False,1,,,single,True,2.87044,False,B
3974,239201254,1,1889.17,2,14663.2,30.8911,54.1564,4,12.0277,6162.54,2.60451,3,24,0,0,,224.094,915.395,0.979863,148.784,19.3065,False,False,5,1.4629,False,1,,,single,True,3.06901,False,B
3979,188397382,1,1874.88,1,21310.1,30.8302,101.667,2,12.0146,5248,0.846796,3,24,0,0,10.4325,589.679,916.007,0.960604,132.507,37.5438,False,False,3,1.40663,False,1,,,single,True,1.2029,True,A
3985,4958955,1,1871.05,1.5,8007.1,30.7945,9.8332,3,9.9309,6048,1.0563,0.5,4,1,0,4.40192,13854.2,389.123,0.995256,148.789,30.8126,True,False,0,0.5,False,2,,,single,True,0.919777,True,B
3988,166585665,1,1873.77,6,19928.1,30.782,0.665866,8,12.7255,6719.49,1.24462,3,24,0,0,12.1874,1355.61,1399.1,0.992782,135.505,32.8244,False,False,3,1.44414,True,1,,,single_partial,True,1.70973,True,B
4004,87955998,1,1871.42,2,14749.7,30.6454,18.6665,4,12.0746,5725,1.24484,3,24,0,0,,213.775,918.219,0.993579,146.119,22.1179,True,False,4,2.32563,False,1,,,single,True,1.47117,True,B
4009,219794677,1,1883.56,6,11941.3,30.6051,7.83586,12,12.5235,6259,1.05634,3,24,0,0,4.37504,329.684,1123.87,0.813928,265.252,61.7287,True,False,1,1.06904,False,1,,,single,True,1.12328,True,B
4017,8200642,1,1895.19,1,25351,30.5206,61.8427,2,12.5737,5878,1.11266,3,24,0,0,,225.256,1171.05,0.967816,156.855,38.1776,False,False,2,0.918999,False,1,,,single,True,1.72392,True,A
4026,232966768,1,1883.73,6,10147.3,30.4573,5.83802,12,10.0385,4841,0.906017,1.5,12,1,0,2.67568,745.194,845.386,0.677712,197.759,66.5156,True,False,1,0.5,False,1,,,single,True,0.888113,True,B
4040,259097836,1,1871.61,3,28905.7,30.3386,4.5,6,11.3713,4781,0.774062,2.5,20,1,0,3.79285,905.896,1526.54,0.579034,290.965,66.7656,False,False,3,2.11933,False,2,,,single,True,1.28063,True,A
4043,126322268,1,1881.88,1.5,13082.8,30.288,50.1674,3,11.7761,6393.54,1.59774,3,24,0,0,4.52079,236.088,720.686,0.994168,135.262,29.4566,False,False,4,1.59418,False,1,,,single,True,1.77834,True,A
4063,414988598,1,1891.63,8,12543.1,30.0519,113.162,15,12.9436,5143.02,0.782127,3,24,0,0,,292.239,1642.39,0.951559,141.379,23.6003,False,False,5,2.47567,False,1,,,single,True,0.852387,True,A
4073,457134360,1,1888.06,6,8499.4,29.9351,68.5013,12,8.3446,5524,1.08884,3,24,0,0,11.3714,464.48,406.357,0.622778,140.657,50.6037,False,False,1,1.03153,False,1,,,single,True,0.976823,True,A
4075,241195391,1,1879.48,1,24788.2,29.8753,0.841289,2,12.4692,5492.83,1.38059,3,24,0,0,,265.267,1182.23,0.990259,153.467,24.623,False,False,0,0.637673,True,1,,,single_partial,True,2.11517,False,B
4077,21448594,1,1876.04,2,7046.58,29.8538,126.167,4,10.6908,7285,1.76916,3,24,0,0,7.49412,119.199,414.174,0.99746,135.426,36.8793,False,False,1,1.27535,False,1,,,single,True,1.44515,True,A
4088,91896322,1,1871.15,6,119216,29.7083,11.6666,9,11.9675,5636.34,1.19483,0.75,6,1,0,1.84896,11806.2,9017.2,0.971256,142.06,23.7825,True,False,0,2.71949,False,3,,,single,True,4.01449,False,B
4089,385453267,1,1875.04,4,11898.1,29.7081,102.167,8,12.0194,4056.65,0.75188,3,24,0,0,4.84382,631.545,774.208,0.923572,170.277,51.5238,False,False,1,0.5,False,1,,,single,True,0.798077,True,A
4098,188511144,1,1897.5,6,173128,29.6242,6.49916,12,8.31119,6642.52,1.4706,1.25,10,1,0,6.82291,55100.9,9384.92,0.998165,143.549,36.3542,False,False,2,0.712693,False,1,,,single,True,5.95437,False,B
4102,16876618,1,1888.08,24,2527.38,29.5491,11.6563,48,9.8195,5808.77,2.43272,3,24,0,0,8.52879,297.845,259.676,0.992651,158.907,37.3614,False,False,0,0.900244,True,1,,,single_partial,True,1.1901,True,B
4104,139379760,1,1871.56,16,4243.82,29.5334,0.166233,25,11.41,5281.44,0.77796,3,24,0,0,1.2635,181.558,660.344,0.958352,139.01,31.9738,False,False,1,1.31286,True,1,,,single_partial,True,0.493166,True,B
4146,67642117,1,1890,4,13539.7,28.9541,0.495055,5,11.2076,6220.86,1.32719,3,24,0,0,8.47642,326.48,540.913,0.988422,132.044,37.5105,False,False,4,1.50041,True,1,,,single_partial,True,1.50278,True,B
4155,21124845,1,1883.37,8,15805.2,28.8479,8.83656,16,10.6864,5791,1.37198,1.25,10,1,0,9.0765,15075.5,1014.49,0.517672,274.849,52.6568,False,False,2,0.975265,False,1,,,single,True,1.67844,True,A
4156,332111494,1,1893.72,3,16670.2,28.8432,96.488,6,12.4058,4620.03,0.69691,0.5,4,1,0,5.68132,19641.7,1274.87,0.980498,129.959,32.7973,False,False,2,2.34439,False,1,,,single,True,0.875598,True,A
4161,165984960,1,1879,4,15751.2,28.7942,119.333,8,12.7721,4468.96,0.750715,3,24,0,0,,253.428,1451,0.977407,133.96,33.0068,False,False,2,1.72547,False,1,,,single,True,0.91683,True,A
4165,26985479,1,1871.67,6,8653.86,28.7248,5.66605,12,11.9937,6787,1.16374,0.75,6,1,0,2.90342,3146.55,892.906,0.983506,150.465,20.407,False,False,2,1.89426,False,2,,,single,True,1.05346,True,A
4170,153975515,1,1871.05,1.5,24322.9,28.6466,9.83329,3,9.52407,6077,1.01822,1.5,12,1,0,6.1127,4181.25,1272.16,0.66562,203.024,71.7188,True,False,0,0.5,False,4,,,single,True,1.54528,True,B
4174,9335195,1,1875.21,4,5847.82,28.6095,109.167,7,11.3764,6133.96,1.5161,3,24,0,0,,91.18,564.017,0.994682,138.131,41.0599,False,False,2,0.843979,False,1,,,single,True,1.12819,True,A
4181,138666423,1,1876.69,1,17392.7,28.57,0.335291,2,11.4848,5188.34,0.793777,3,24,0,0,2.06754,275.431,695.424,0.991292,136.575,28.847,False,False,4,1.6692,True,1,,,single_partial,True,1.01868,True,B
4182,126323774,1,1878.36,1,44345.4,28.5599,0.164523,2,12.3746,4951.57,0.878248,2.5,20,1,0,8.0269,3268.7,1266.89,0.86944,135.413,25.7014,False,False,3,2.757,True,1,,,single_partial,True,1.79969,True,B
4184,297960963,1,1886.83,3,13142.6,28.5517,40.1632,6,12.5732,5773.44,1.13075,3,24,0,0,,227.162,1116.79,0.977374,158.023,54.2212,False,False,1,0.5,False,1,,,single,True,1.26143,True,A
4185,149400063,1,1880.34,6,13941,28.5513,87.3372,12,12.9349,6418,1.95031,3,24,0,0,11.3715,485.85,1647,0.962419,139.935,24.9589,False,False,2,1.76298,False,1,,,single,True,2.24082,False,B
4198,99233774,1,1883.7,3,9072.52,28.3693,6.49883,6,11.9147,5868,1.20391,3,24,0,0,,135.872,839.702,0.996537,135.932,42.3562,True,False,2,0.675183,False,1,,,single,True,1.11587,True,B
4218,27000502,1,1896.65,1.5,17708.6,28.1103,1.17812,3,12.3002,5591.58,1.65989,3,24,0,0,,171.003,1131.08,0.995286,150.853,23.5649,False,False,6,1.16282,True,1,,,single_partial,True,2.14946,False,B
4242,284965370,1,1897.5,6,26134.7,27.7477,6.49108,12,9.61545,5984,1.59689,1,8,1,0,5.05009,9776.07,2011.23,0.726457,133.155,32.4937,False,False,5,1.89426,False,1,,,single,True,2.51213,False,B
4259,147560583,1,1880.6,6,11875,27.4176,80.8352,12,12.7173,5963,0.906454,3,24,0,0,,268.432,1306.63,0.993487,163.59,62.5541,False,False,3,0.806469,False,1,,,single,True,0.961214,True,A
4264,117506598,1,1881.56,2,29172.6,27.306,57.8363,3,12.9654,5039.33,0.757031,3,24,0,0,,371.788,1755.13,0.983212,138.009,24.3267,False,False,6,1.76298,False,1,,,single,True,1.25823,True,A
4287,430244936,1,1878.56,3,20669.2,26.9535,129.839,6,12.9723,6236.93,1.16618,3,24,0,0,,324.598,1855.91,0.979284,142.504,23.4254,False,False,2,2.55069,False,1,,,single,True,1.63149,True,A
4291,21439841,1,1896.95,16,17675.3,26.9031,19.4902,30,9.9524,6531.58,1.45428,2,16,1,0,6.49792,3358.01,1467.93,0.578707,135.157,41.7549,True,False,0,0.675183,False,2,,,single,True,1.88143,True,B
4326,165981960,1,1879.65,2,20517,26.5599,103.832,4,12.5393,5903.08,1.80904,3,24,0,0,3.85411,368.444,1319.58,0.867319,133.99,35.3938,False,False,1,1.18157,False,1,,,single,True,2.52152,False,B
4335,407613096,1,1896.13,1.5,18411,26.4551,39.1802,3,12.595,5454.41,0.85062,3,24,0,0,,214.703,1159.74,0.970635,157.866,31.8119,False,False,1,0.5,False,1,,,single,True,1.12314,True,A
4346,279822275,1,1873.71,24,1606.94,26.3641,73.6666,48,8.6825,7359,3.09231,3,24,0,0,4.40182,160.25,178.298,0.920842,137.009,47.3282,False,False,0,0.900244,False,1,,,single,True,1.20626,True,A
4358,172518861,1,1877.24,1.5,11723.5,26.25,0.829596,3,11.5458,6460,1.3375,3,24,0,0,8.02699,247.167,686.197,0.989331,142.743,26.0533,False,False,0,2.10057,True,1,,,single_partial,True,1.40922,True,B
4369,288347125,1,1887.12,16,13789.9,26.0977,42.0061,32,12.8178,5875,2.2664,3,24,0,0,9.04149,985.941,1505.75,0.952911,264.494,83.0341,False,False,6,1.53792,False,1,,,single,True,2.58985,False,B
4370,87958968,1,1892.77,1,27542.5,26.0854,0.842147,2,12.5996,6247,1.5588,3,24,0,0,13.646,1093.23,1374.8,0.986883,146.396,21.6396,False,False,3,2.51318,True,1,,,single_partial,True,2.51739,False,B
4376,91893456,1,1890.04,2,26818.8,26.015,0.33847,3,12.9701,5546.81,1.26176,3,24,0,0,,361.336,1789.8,0.881504,141.792,23.1876,False,False,3,2.43816,True,1,,,single_partial,True,2.01073,False,B
4389,156495056,1,1883.71,6,9453.89,25.8884,6.33339,12,10.512,3496,0.308635,3,24,0,0,8.47653,1104.32,1077.59,0.56573,219.302,75.6121,True,False,2,0.750204,False,2,,,single,True,0.292017,True,B
4397,8964902,1,1891.71,3,7128.54,25.8004,114.658,6,11.7177,5743,0.836491,3,24,0,0,,109.975,688.109,0.989957,153.382,34.2959,False,False,1,0.975265,False,1,,,single,True,0.687257,True,A
4413,330707389,1,1872.04,8,9223.34,25.6739,33.6666,15,12.5591,5632.72,1.06879,3,24,0,0,,319.91,1277.6,0.997744,141.798,24.0008,False,False,3,2.90704,False,1,,,single,True,0.998836,True,A
4425,233163852,1,1885.52,8,5051.19,25.54,7.65741,16,11.5822,5748.88,0.972134,3,24,0,0,,159.996,669.355,0.99921,186.612,56.3172,False,False,1,1.01277,False,2,,,single,True,0.672327,True,A
4428,117418699,1,1871.77,4,6432.43,25.5236,27.1666,8,11.4206,4986.95,0.768866,3,24,0,0,13.6458,250.99,640.198,0.99004,137.798,28.1665,False,False,4,1.23784,False,1,,,single,True,0.600061,True,A
4436,219018744,1,1897.12,3,5287.19,25.4688,15.3421,6,10.9422,6377,1.44229,3,24,0,0,,92.7497,455.094,0.934244,224.066,65.9034,False,False,2,1.03153,False,1,,,single,True,1.02052,True,A
4437,361920962,1,1891.91,3,4877.78,25.4632,118.503,6,10.8348,5930.8,2.31152,3,24,0,0,,92.2802,431.918,0.956906,130.42,32.8649,False,False,3,2.45692,False,1,,,single,True,1.57096,True,A
4442,235681475,1,1877.25,1.5,16220.8,25.4235,149.333,3,10.8635,5914,2.44694,3,24,0,0,7.09965,998.972,439.629,0.951189,287.086,76.3813,False,False,3,1.85675,False,1,,,single,True,3.03261,False,B
4448,139400771,1,1878.73,3,15621.1,25.3662,125.835,6,12.9406,5527,0.893452,3,24,0,0,,281.676,1490,0.994223,139.579,35.5339,False,False,3,1.40663,False,2,,,single,True,1.08664,True,A
4452,233520109,1,1872.04,1.5,15580.4,25.2742,33.8333,3,12.2285,5367,1.14477,3,24,0,0,,178.465,957.428,0.919196,271.196,52.1742,False,False,0,0.506387,False,1,,,single,True,1.39048,True,A
4460,414988586,1,1891.5,1,49659.8,25.2423,0.162145,2,12.9731,5855.63,1.12524,3,24,0,0,8.02699,3455.59,2203.81,0.99304,141.424,23.5533,False,False,4,2.47567,True,1,,,single_partial,True,2.44008,False,B
4464,284965945,1,1888.16,2,9862.16,25.2155,29.0015,4,11.7696,6392.51,2.60937,3,24,0,0,2.06866,229.636,756.447,0.980109,133.184,30.384,False,False,2,2.3819,False,1,,,single,True,2.52162,False,B
4469,414964110,1,1894.19,6,9223.21,25.1974,85.8346,11,12.1202,6390.38,1.75153,3,24,0,0,,238.155,949.212,0.992937,140.726,23.7391,False,False,2,2.15684,False,1,,,single,True,1.63688,True,A
4496,26983510,1,1881.54,4,4358.07,24.9961,58.3434,8,10.541,5865.38,1.59884,3,24,0,0,7.58117,189.013,373.175,0.998646,150.278,18.6753,False,False,1,0.768959,False,1,,,single,True,1.02709,True,A
4497,361984546,1,1892.08,8,10520.4,24.9903,0.993498,10,12.3843,6421.62,1.27719,3,24,0,0,13.6456,3220.2,1143.9,0.990142,130.364,32.8258,False,False,3,2.43816,True,1,,,single_partial,True,1.27476,True,B
4507,26983941,1,1889.18,1.5,4127.37,24.9011,54.3221,3,9.2599,6097.6,1.75729,3,24,0,0,5.68587,191.482,219.904,0.908549,150.355,19.3509,False,False,4,1.31286,False,1,,,single,True,1.09859,True,A
4508,17204373,1,1897.31,6,2518.27,24.8886,0.999859,8,9.8379,6329.63,1.48019,3,24,0,0,,48.0857,269.259,0.99885,146.148,40.6809,False,False,2,0.99402,True,1,,,single_partial,True,0.722813,True,B
4523,87955886,1,1892.29,3,7935.14,24.8221,0.341706,4,11.0645,5943,1.97616,3,24,0,0,12.1024,796.461,489.572,0.99199,146.157,22.5154,False,False,0,2.23186,True,2,,,single_partial,True,1.713,True,B
4544,8746352,1,1882.48,2,17404.2,24.6396,35.836,4,12.7512,5619.19,0.936762,3,24,0,0,,275.538,1252.37,0.990364,139.755,30.9404,False,False,2,0.99402,False,1,,,single,True,1.20258,True,A
4551,414964115,1,1893.92,2,20793,24.5755,0.336562,3,12.6127,5185.35,0.817638,3,24,0,0,13.6459,2194.52,1354.58,0.991254,140.767,23.695,False,False,3,2.11933,True,1,,,single_partial,True,1.1473,True,B
4562,229969744,1,1883.78,2,12867.5,24.4975,4.49659,4,9.60915,6190,1.22516,3,24,0,0,9.67997,1087.19,856.962,0.483961,289.837,63.5514,False,False,5,1.63169,False,1,,,single,True,1.35237,True,A
4567,288636599,1,1885.68,6,4933.21,24.4571,6.00596,12,11.6819,5857,1.26949,3,24,0,0,,145.405,715.936,0.966574,279.744,79.2383,False,False,1,1.0878,False,1,1890.01,1890.01,single,True,0.867664,True,A
4572,21499578,1,1895.02,8,4480.61,24.4204,-0.662046,12,11.5874,6018.29,1.35082,3,24,0,0,,116.947,683.807,0.956914,148.932,37.0191,False,False,3,1.05029,True,1,,,single_partial,True,0.879881,True,B
4578,92007185,1,1875.46,3,34770.3,24.38,0.162977,4,12.9609,5729.7,2.25227,3,24,0,0,13.646,3465.32,1854.53,0.862697,145.272,22.4396,False,False,4,2.32563,True,3,,,single_partial,True,4.08679,False,B
4580,126276378,1,1874.67,6,9220.7,24.3363,96.6666,12,12.3008,6778.99,2.01769,3,24,0,0,,187.527,1052.2,0.906947,133.761,28.7682,False,False,1,1.93177,False,1,,,single,True,1.88536,True,A
4589,27001218,1,1871.86,2,13768.7,24.2763,29.1665,4,12.0456,7426,1.71743,3,24,0,0,0.0809857,460.727,1057.48,0.96689,150.935,20.473,False,False,5,1.61294,False,1,,,single,True,1.96102,True,A
4594,103690778,1,1883.7,6,8578.74,24.2319,6.4974,12,7.14315,7511,2.17687,1.5,12,1,0,8.52201,7054.64,763.317,0.441065,154.464,71.0562,True,False,0,0.637673,False,1,,,single,True,1.96201,True,B
4602,26959726,1,1877.65,1.5,12537,24.1327,54.8288,3,11.8753,6248,1.75051,3,24,0,0,12.4055,1528.11,791.639,0.998656,149.838,20.8414,False,False,2,2.23186,False,1,,,single,True,1.9073,True,A
4609,239203568,1,1894.99,1.5,26952.7,24.0357,0.321761,3,12.8594,6339,1.17444,3,24,0,0,8.0271,1564.96,1638.48,0.985503,149.099,19.8293,False,False,2,1.59418,True,1,,,single_partial,True,1.87624,True,B
4613,259234246,1,1871.21,1.5,10304,23.9995,4.83333,3,9.8937,4403,0.696439,3,24,0,0,7.43624,711.83,468.432,0.689347,292.582,67.309,True,False,5,2.64447,False,1,,,single,True,0.68793,True,B
4621,230120152,1,1883.73,6,8194.69,23.8898,5.83579,12,10.8002,4764,0.999417,3,24,0,0,7.97799,656.991,704.444,0.413022,249.937,67.6291,True,False,2,1.48165,False,1,,,single,True,0.88038,True,B
4626,87974080,1,1872.88,8,6412.36,23.8424,53.6665,16,12.367,6434,1.15636,3,24,0,0,,262.332,1116.16,0.995255,146.557,22.1146,False,False,2,2.17559,False,1,,,single,True,0.901072,True,A
4639,67642136,1,1890.37,3,14622,23.7716,81.0033,6,12.6784,5901,1.13313,3,24,0,0,,269.007,1453.75,0.99387,131.976,37.5586,False,False,0,1.40663,False,1,,,single,True,1.33334,True,A
4644,27002228,1,1871.11,4,14439.2,23.735,11.1667,6,11.7269,6186.81,1.40904,2,16,1,0,2.89408,706.811,967.281,0.996743,151.138,20.3715,True,False,1,1.55667,False,1,,,single,True,1.6476,True,B
4649,26957259,1,1876.54,4,15671.5,23.6738,141.667,7,12.7815,5739,0.822995,3,24,0,0,3.68813,437.341,1458.94,0.990569,149.572,20.9582,False,False,5,2.13808,False,1,,,single,True,1.00256,True,A
4651,117251984,1,1882.77,2,5102.01,23.661,28.9984,4,10.9657,6152,1.29168,3,24,0,0,,93.9861,455.125,0.992174,130.448,29.7636,False,False,5,2.64447,False,1,,,single,True,0.897807,True,A
4652,219467837,1,1874.87,6,8306.84,23.659,101.667,12,12.64,5989,1.44918,3,24,0,0,,202.669,1182.42,0.984614,210.064,75.0845,False,False,1,0.600163,False,1,5621.01,5621.01,single,True,1.28528,True,A
4664,172519156,1,1878,6,10262.4,23.5778,143.339,10,12.8524,5617,1.60846,3,24,0,0,,246.273,1632.48,0.941296,142.637,24.6808,False,False,2,2.77575,False,1,,,single,True,1.58559,True,A
4670,126349649,1,1896.93,16,1021.13,23.5484,19.996,32,5.50334,10409,3.45971,3,24,0,0,9.74696,214.021,66.7202,0.999907,135.684,24.4529,True,False,1,1.98804,False,1,,,single,True,1.07582,True,B
4676,88096296,1,1883.27,2,8749.73,23.4771,1.15838,4,12.007,6170,1.36185,3,24,0,0,,152.552,865.62,0.997784,148.139,21.6801,False,False,1,2.15684,True,1,,,single_partial,True,1.23961,True,B
4680,21499123,1,1895.8,1.5,14965,23.4439,47.17,3,12.4784,5965.32,1.2568,3,24,0,0,,196.38,1127.81,0.972604,148.763,37.0855,False,False,2,1.05029,False,1,,,single,True,1.4961,True,A
4689,150276644,1,1897.63,1,4692.47,23.3913,3.3407,2,6.746,6069,1.0614,0.5,4,1,0,4.26112,12101.7,270.615,0.996967,161.003,46.2067,True,False,0,0.693938,False,1,,,single,True,0.707518,True,B
4692,87952452,1,1871.3,1.5,10057.5,23.3732,15.8332,3,11.6599,6637,1.6738,3,24,0,0,,150.511,696.011,0.984745,145.763,21.8824,True,False,2,2.13808,False,1,,,single,True,1.63345,True,B
4699,87956067,1,1894.17,4,5660.61,23.3181,86.3406,8,11.6618,5995,0.971103,3,24,0,0,10.4969,197.216,704.519,0.991172,146.084,21.7424,False,False,3,2.36314,False,1,,,single,True,0.710975,True,A
4710,99233763,1,1883.68,4,8381.03,23.2405,0.501025,6,11.9236,6340.63,1.4466,3,24,0,0,4.37494,362.891,775.179,0.973692,135.921,42.3153,True,False,2,0.693938,True,1,,,single_partial,True,1.28871,True,B
4713,91899471,1,1888.04,24,4373.16,23.2152,-1.66113,41,10.5405,6263,1.06606,3,24,0,0,9.09726,446.086,383.57,0.978005,142.264,23.3495,False,False,5,2.53194,True,2,,,single_partial,True,0.68602,True,B
4719,233577004,1,1892.59,8,4846.94,23.196,123.997,14,11.4688,5810,1.47278,3,24,0,0,,145.876,612.138,0.921315,282.346,64.278,False,False,0,1.20033,False,1,,,single,True,0.997767,True,A
4720,9299031,1,1875.69,1,27136.2,23.1765,119.667,2,12.7892,4804,0.813013,3,24,0,0,6.44338,1113.9,1220.43,0.983885,137.94,41.1164,False,False,0,0.881489,False,1,,,single,True,1.30326,True,A
4729,117253656,1,1896.91,6,13218,23.0829,0.990936,8,11.3291,5456.48,0.815122,1.25,10,1,0,3.68801,2154.92,595.92,0.995478,130.409,26.5175,True,False,2,2.34439,True,1,,,single_partial,True,0.911933,True,B
4731,233178674,1,1886.12,24,8686.73,23.0698,24.6623,47,11.7108,6092,1.79613,3,24,0,0,7.58109,1102.44,1071.74,0.951945,217.671,68.3351,False,False,4,0.937754,False,2,,,single,True,1.62901,True,A
4739,91899248,1,1879.95,1.5,23917.4,22.9932,1.17144,3,12.8821,5096.93,0.886885,3,24,0,0,,325.364,1899.06,0.816194,142.197,23.5724,False,False,2,2.51318,True,1,,,single_partial,True,1.33469,True,B
4753,355124939,1,1877.38,1,20233.9,22.8276,0.665478,2,12.5922,5474.36,0.84063,3,24,0,0,9.7469,483.888,1120.18,0.997073,133.031,28.8785,False,False,2,2.02555,True,1,,,single_partial,True,1.1636,True,B
4754,87952180,1,1888.77,6,3572.3,22.8224,44.6585,12,11.0636,5965.62,1.57717,3,24,0,0,8.52874,127.051,503.624,0.984949,145.727,20.5751,False,False,1,1.63169,False,1,,,single,True,0.917297,True,A
4761,149450953,1,1875.86,6,11674.3,22.7415,125.167,12,12.9017,6414,1.17736,3,24,0,0,,288.715,1621.59,0.99721,140.986,24.4638,False,False,2,2.45692,False,1,,,single,True,1.23789,True,A
4779,165890168,1,1888.33,4,9231.34,22.6312,32.5028,6,12.1288,4594.6,1.02777,3,24,0,0,9.68734,326.363,944.001,0.998056,131.418,32.9366,False,False,2,1.93177,False,1,,,single,True,0.960917,True,A
4791,302603524,1,1887.66,2,15504.7,22.5991,0.998651,4,12.6783,6519.24,1.57627,3,24,0,0,,261.361,1311.9,0.991966,133.889,30.0182,False,False,4,2.53194,True,1,,,single_partial,True,1.90994,True,B
4796,101547938,1,1876.04,1,24074.7,22.5572,129.667,2,12.6312,5843.79,1.37692,3,24,0,0,,298.419,1384.39,0.984782,129.841,33.2881,False,False,3,1.89426,False,1,,,single,True,2.07896,False,B
4797,362063485,1,1881.75,1,21714.4,22.5539,53.4977,2,12.6279,5561.04,0.871125,3,24,0,0,,224.635,1322.63,0.977452,132.266,40.2725,False,False,3,0.95651,False,1,,,single,True,1.24914,True,A
4800,241189067,1,1897.53,1.5,21457.4,22.5519,2.84572,3,12.7894,5828,1.68079,3,24,0,0,,391.016,1544.94,0.94325,130.334,37.6046,True,False,0,0.806469,False,1,,,single,True,2.39585,False,B
4813,219018166,2,1883.31,12,16208.9,22.5039,15.3371,24,12.0971,5833,0.931694,1.5,12,1,0,6.42367,4001.74,763.757,0.987258,223.926,68.4543,False,False,2,1.16282,False,3,,,single,True,1.15427,True,A
4814,9376051,1,1875.02,4,2482.99,22.4978,105.167,8,9.97062,5961,1.15579,3,24,0,0,,55.223,279.89,0.990055,150.924,39.0053,False,False,2,0.525143,False,1,,,single,True,0.560433,True,A
4820,3756377,1,1874.15,3,25380.1,22.4597,0.166285,4,12.7513,5937.89,1.89138,2,16,1,0,2.96643,978.413,1616.72,0.973521,128.529,28.4965,False,False,5,1.838,True,1,,,single_partial,True,2.93213,False,B
4822,117251528,1,1887.29,2,18434.2,22.4352,8.00273,4,12.7956,5870.67,1.15654,3,24,0,0,,302.84,1596.71,0.978752,130.332,29.1734,False,False,2,2.00679,False,1,,,single,True,1.52802,True,A
4828,356348694,1,1886.79,16,266675,22.3964,10.84,29,11.2322,6092,1.02281,2,16,1,0,6.45845,43303.6,20841.6,0.92478,268.633,51.7576,False,False,3,0.787714,False,3,,,single,True,5.13977,False,B
4857,256326226,1,1873.13,1,3593.67,22.2017,60,2,9.0274,8997,3.54119,3,24,0,0,2.55893,98.5954,167.758,0.977357,297.662,60.4005,False,False,1,1.01277,False,1,,,single,True,2.06574,False,B
4869,27001584,1,1878.29,3,20852.1,22.1159,136.344,4,12.8934,5894,1.54623,3,24,0,0,,332.035,1880.85,0.990736,150.967,18.6454,False,False,1,0.600163,False,1,,,single,True,2.17273,False,B
4881,233169396,1,1886.1,24,3289.89,22.0168,24.1622,47,10.2805,6827,1.53794,3,24,0,0,2.84291,340.33,400.131,0.994508,215.107,68.2284,False,False,3,0.787714,False,1,,,single,True,0.858396,True,A
4882,10058782,1,1887.62,24,7411.56,22.0142,0.00500497,41,12.8586,5694.23,0.984384,3,24,0,0,,398.732,1884.66,0.947665,133.473,49.269,False,False,0,0.5,True,1,,,single_partial,True,0.824664,True,B
4885,341688154,1,1877.81,3,4645.86,21.9956,147.837,6,10.9073,5592,1.48814,3,24,0,0,,86.5643,522.387,0.689338,192.213,68.5917,False,False,0,0.768959,False,1,,,single,True,0.987039,True,A
4895,1551345500,1,1891.07,1.5,27081.2,21.913,137.331,3,11.2018,4415,0.615607,3,24,0,0,10.4728,2455.6,1546.84,0.153925,277.292,55.3132,False,False,1,1.53792,False,1,1764.01,1764.01,single,True,0.985815,True,A
4896,288636342,1,1880.05,6,2945.7,21.9018,93.9949,12,10.741,6554,1.45796,3,24,0,0,4.84366,122.786,367.549,0.981485,279.464,78.6111,False,False,3,1.14406,False,3,1692.02,"1692.01,1692.02",single,True,0.770012,True,A
4904,258799245,1,1876.95,6,2373.01,21.8525,144,12,9.5931,7568,2.66748,3,24,0,0,2.03123,59.8668,247.042,0.99525,286.729,69.3783,False,False,1,1.72547,False,1,,,single,True,1.26447,True,A
4910,91844766,1,1890.88,1.5,12601.1,21.7967,0.671394,3,11.6569,4964.87,0.717976,3,24,0,0,13.6459,2871.96,686.93,0.993079,141.533,23.5232,False,False,1,2.43816,True,1,,,single_partial,True,0.78428,True,B
4912,27002301,1,1883.79,1,21756.8,21.7828,3.15673,2,12.5268,4981.72,0.748305,3,24,0,0,7.58116,726.804,1374.09,0.900315,151.083,20.7223,False,False,1,1.40663,False,1,,,single,True,1.07407,True,A
4917,285003085,1,1877.29,2,10409.3,21.741,159.667,4,12.26,5406.21,1.22692,3,24,0,0,,159.025,1021.83,0.940434,137.413,28.9021,False,False,1,1.36912,False,1,,,single,True,1.2181,True,A
4922,232536013,1,1883.79,3,73114.3,21.7072,4.33714,6,12.881,6485,1.29351,3,24,0,0,7.13822,4445.57,2874.18,0.969685,226.707,68.4221,False,False,6,1.23784,False,2,,,single,True,3.40352,False,B
4926,457133795,1,1886.1,12,8950.93,21.6962,22.5023,23,10.4739,6029.01,1.08753,1.5,12,1,0,4.70179,2015.83,1143.28,0.587935,136.642,48.0987,False,False,1,0.95651,False,2,,,single,True,1.00123,True,A
4930,237097549,1,1883.83,1,7885.48,21.6851,3.33765,2,8.086,7225,2.23806,0.5,4,1,0,4.37505,13827.1,370.616,0.99805,239.728,66.055,False,False,0,0.787714,False,1,,,single,True,1.93394,True,A
4932,332064684,1,1897.54,4,26763.5,21.6763,5.49229,8,10.3334,3187,0.289624,2,16,1,0,9.74691,6930.32,1322.83,0.533246,133.17,28.3163,True,False,2,1.59418,False,1,,,single,True,0.461066,True,B
4935,9339547,1,1873.59,2,26362.4,21.6549,0.16587,3,12.7011,5720.42,1.04223,2.5,20,1,0,5.42494,1484.19,1294.36,0.993796,138.481,40.7233,False,False,2,0.731448,True,1,,,single_partial,True,1.6467,True,B
4946,138648683,1,1897.1,16,2726.52,21.5942,15.8371,32,9.8472,6536,2.85761,3,24,0,0,3.93311,199.711,281.678,0.751072,178.171,63.4027,False,False,1,0.806469,False,1,,,single,True,1.45199,True,A
4948,233172511,1,1885.39,4,12823.8,21.5764,4.66221,8,10.4343,5503,1.02841,0.75,6,1,0,2.32581,3044.71,1616.56,0.987629,216.132,68.3033,False,False,5,0.99402,False,1,,,single,True,1.13327,True,A
4952,117414672,1,1896.75,24,2804.67,21.5483,24.4924,48,10.9445,4887.49,0.839365,3,24,0,0,13.6353,4015.12,458.091,0.993746,132.719,26.2678,False,False,2,2.13808,False,2,,,single,True,0.432563,True,A
4955,230118494,1,1883.81,2,66926.6,21.4981,3.83456,4,10.7797,5102,0.757849,3,24,0,0,7.97796,7705.48,4156.89,0.167156,249.584,70.3363,False,False,1,0.5,False,1,,,single,True,1.90783,True,A
4961,67594983,1,1892.6,8,9940.26,21.4277,1.99277,10,12.5366,5982.44,1.12063,3,24,0,0,13.5623,3112.86,1243.91,0.975796,131.416,37.5756,False,False,1,1.14406,True,1,,,single_partial,True,1.08722,True,B
4971,289538700,1,1887.23,4,11659.4,21.3291,44.6628,7,12.6857,4522,0.806776,3,24,0,0,8.47665,482.449,1244.98,0.955258,251.491,64.8471,False,False,1,2.00679,False,1,,,single,True,0.847711,True,A
4977,232536171,1,1891.6,3,13757.2,21.3068,147.84,6,12.9616,6181,1.7239,3,24,0,0,,246.193,1449.52,0.918093,226.856,67.7469,False,False,2,1.44414,False,1,,,single,True,1.96759,True,A
4979,233517893,1,1871.04,1.5,21548.7,21.2991,9.83331,3,9.73431,6223,1.08906,2,16,1,0,7.78813,3916.5,1129.24,0.51556,271.141,50.8763,True,False,2,0.5,False,3,,,single,True,1.55568,True,B
4988,26984217,1,1872.46,3,8868.92,21.2323,43.6665,6,12.1933,5341,0.709825,3,24,0,0,10.497,663.381,1008.66,0.994213,150.319,20.555,False,False,0,1.91302,False,1,,,single,True,0.650495,True,A
4989,21449933,1,1883.37,4,8700.72,21.2306,0.499162,5,12.0578,5255.21,0.808303,3,24,0,0,10.3765,421.864,880.196,0.97718,135.592,40.8414,False,False,2,0.768959,True,1,,,single_partial,True,0.733684,True,B
4990,285010739,1,1881.48,4,7279.67,21.2289,0.166607,5,9.775,6643,1.66617,3,24,0,0,11.2412,360.937,286.92,0.996211,133.241,32.9999,False,False,1,1.80049,True,1,,,single_partial,True,1.38335,True,B
4995,165984963,1,1878.86,1,14814.4,21.1633,122.833,2,10.9864,4921.39,0.78304,3,24,0,0,9.60553,995.042,487.307,0.997238,134.024,32.9959,False,False,1,1.70671,False,1,,,single,True,0.927436,True,A
5002,117295384,1,1897.25,12,2157.75,21.0989,12.491,24,10.5862,4977.66,0.910417,3,24,0,0,13.6352,2391.99,385.376,0.986955,131.332,26.4737,False,False,5,1.93177,False,2,,,single,True,0.411527,True,A
5005,272784902,1,1871.83,16,4780.75,21.0768,18.6667,32,10.4156,7541,2.56752,3,24,0,0,6.35919,1051.34,327,0.996816,238.594,67.0908,False,False,0,1.31286,False,1,,,single,True,1.7275,True,A
5014,289705644,1,1871.05,1.5,5720.45,21.0137,9.83321,3,9.9011,5275,0.849373,0.75,6,1,0,6.82296,20876.6,358.742,0.987982,145.513,28.8774,True,False,0,1.31286,False,2,,,single,True,0.625131,True,B
5018,229972744,1,1888.22,8,5850.97,21.0061,60.0038,16,11.8697,5973,1.79143,3,24,0,0,5.62061,248.719,769.225,0.949636,289.973,63.5559,False,False,0,1.70671,False,1,,,single,True,1.33343,True,A
5023,9346816,1,1890.9,3,7998.14,20.9395,0.339573,4,11.9454,6061.81,1.15342,3,24,0,0,13.6459,1988.11,804.772,0.986406,150.006,36.7733,False,False,0,1.10655,True,1,,,single_partial,True,1.00378,True,B
5040,197221215,1,1874.65,4,7150.42,20.8189,96.1666,8,12.1255,5577.46,0.798348,3,24,0,0,,180.226,885.667,0.977625,133.607,23.7408,False,False,0,1.12531,False,1,,,single,True,0.656924,True,A
5045,239203903,1,1893.19,4,11520,20.8117,109.844,8,12.8371,5807,1.19883,3,24,0,0,,277.689,1482.87,0.989862,149.109,21.6363,False,False,2,2.23186,False,1,,,single,True,1.25211,True,A
5049,307986097,1,1883.77,4,186434,20.7824,4.8357,8,12.1639,5594,1.22169,2,16,1,0,9.07645,44935.8,8721.29,0.903083,257.108,65.739,False,False,1,1.25659,False,2,,,single,True,5.13311,False,B
5066,233176662,1,1885.29,4,25040.8,20.6539,4.66225,8,12.3464,6043,1.81272,1.5,12,1,0,3.09662,2203.22,2396.29,0.985809,217.284,68.3379,False,False,3,0.95651,False,1,,,single,True,2.79134,False,B
5068,117273554,1,1881.72,1.5,13780.5,20.6427,0.833719,3,12.5129,4051,0.661539,3,24,0,0,,207.904,1204.41,0.98487,130.794,29.6876,False,False,3,2.64447,True,1,,,single_partial,True,0.755694,True,B
5071,138665684,1,1897.43,3,7017.34,20.6116,7.99647,6,11.891,5874,1.82869,3,24,0,0,,176.882,796.794,0.992751,136.596,25.6853,False,False,2,2.86953,False,1,,,single,True,1.49068,True,A
5074,414986140,1,1891.65,2,3627.1,20.5932,113.662,4,10.4871,5725.35,1.08504,3,24,0,0,,70.9255,359.593,0.996318,141.233,22.7171,False,False,4,1.53792,False,1,,,single,True,0.635892,True,A
5079,9337989,1,1883.26,1.5,14246.8,20.5596,17.1676,3,12.3436,6329.14,1.59176,3,24,0,0,,223.908,1244.97,0.889035,138.364,36.0745,False,False,2,1.70671,False,1,,,single,True,1.84882,True,A
5083,307989457,1,1877.9,4,8828.84,20.5229,145.841,8,12.4522,4306,0.687303,3,24,0,0,6.20273,274.045,1080.85,0.983704,149.618,26.5618,False,False,2,1.25659,False,1,,,single,True,0.628431,True,A
5088,355184821,1,1891.56,4,5943.78,20.4994,111.659,8,11.8172,5382.22,1.34115,0.5,4,1,0,2.62423,4470.58,758.415,0.991816,147.484,25.0404,False,False,1,1.18157,False,1,,,single,True,1.00616,True,A
5105,239200221,1,1895.01,1.5,5323.93,20.3413,0.822843,3,10.7616,5961,1.08823,3,24,0,0,10.497,109.802,430.796,0.974191,148.715,21.8221,False,False,0,2.41941,True,1,,,single_partial,True,0.772671,True,B
5108,308016344,1,1888.09,6,4277.6,20.3052,28.1571,12,11.8418,5887.92,1.44595,3,24,0,0,,124.291,734.72,0.983265,150.023,25.0793,False,False,0,1.14406,False,1,,,single,True,0.92026,True,A
5109,117272522,1,1896.27,2,11285.3,20.2965,35.9903,4,12.3204,4987.27,0.694401,3,24,0,0,,202.771,1017.13,0.99289,130.571,26.5659,False,False,5,2.34439,False,1,,,single,True,0.717835,True,A
5131,101549379,1,1872.11,1.5,16934,20.1251,35.3333,2,12.3188,4768.38,0.726547,3,24,0,0,,213.213,1044.06,0.902057,130.815,31.282,False,False,4,2.83202,False,1,,,single,True,0.920028,True,A
5132,137810570,1,1871.1,4,3072.21,20.1235,7.33395,6,9.1285,6859,2.67033,0.75,6,1,0,1.27533,959.338,194.778,0.988282,177.71,57.6549,True,False,0,0.95651,False,1,,,single,True,1.44028,True,B
5134,92007894,1,1873.59,2,13716.3,20.0894,0.33581,3,12.0635,5666.26,2.22805,3,24,0,0,5.45839,442.88,934.421,0.987133,145.317,22.0153,False,False,2,2.0443,True,1,,,single_partial,True,2.53922,False,B
5145,101548377,1,1893.53,1.5,7878.79,19.9941,0.841947,3,11.6271,5670.69,0.881375,3,24,0,0,,109.248,719.101,0.998472,129.765,35.4645,False,False,0,0.900244,True,1,,,single_partial,True,0.761286,True,B
5158,3715135,1,1895.79,3,12478.3,19.8995,47.4871,6,12.8244,6494,1.41431,3,24,0,0,9.04149,671.694,1763.8,0.80786,128.052,29.2591,False,False,0,1.14406,False,1,,,single,True,1.53738,True,A
5162,288469054,1,1882.95,24,6902.69,19.8828,24.4943,47,12.3377,4898,0.713155,3,24,0,0,13.4893,996.287,1131.31,0.955945,270.382,83.0032,False,False,1,0.95651,False,3,,,single,True,0.576568,True,A
5165,172952285,1,1877.12,1,24157.8,19.8654,155.5,2,12.9313,5520,0.991483,3,24,0,0,,277.894,1677.46,0.959987,129.544,33.7534,False,False,2,1.20033,False,1,,,single,True,1.49959,True,A
5171,126314316,1,1887.54,4,8915.33,19.8088,14.6662,6,12.1321,4843.86,0.778452,3,24,0,0,10.4967,337.947,988.458,0.989218,134.36,24.757,False,False,2,2.15684,False,1,,,single,True,0.71525,True,A
5181,259039005,1,1897.07,16,4177.17,19.7422,16.4904,32,9.6489,5763,3.6461,3,24,0,0,11.2238,1176.05,339.458,0.986913,290.552,70.3499,False,False,0,1.16282,False,1,,,single,True,2.29312,False,B
5184,149344975,1,1894.03,1.5,4421.01,19.72,89.6648,3,10.2734,5317,0.766265,3,24,0,0,,73.0439,341.282,0.986611,138.586,26.4756,False,False,2,1.95053,False,1,,,single,True,0.495789,True,A
5186,188534265,1,1882,2,22135.9,19.7184,0.342229,3,12.9126,3980,0.647265,2.5,20,1,0,3.10139,841.439,1570.8,0.971062,160.122,36.7396,False,False,0,0.787714,True,1,,,single_partial,True,0.937106,True,B
5197,284182893,1,1872.22,24,1703.62,19.6522,30.5,48,11.5417,6343,1.20135,3,24,0,0,,144.023,632.335,0.970716,205.204,81.7124,False,False,0,0.5,False,1,,,single,True,0.482518,True,A
5202,229702978,1,1874.74,12,3569.9,19.6306,97,24,11.7279,6151,1.66856,3,24,0,0,5.63799,170.795,651.738,0.994091,277.56,67.6013,False,False,1,0.806469,False,1,,,single,True,0.970125,True,A
5205,39699561,1,1897.6,1,5898.23,19.6118,3.98989,2,7.61291,5651,2.45788,0.5,4,1,0,2.90332,10115.8,330.764,0.995167,136.774,47.1533,True,False,1,0.637673,False,2,,,single,True,1.83687,True,B
5209,302584659,1,1888.31,6,6327.93,19.592,32.5012,12,12.1428,5466.07,1.2025,3,24,0,0,,206.843,944.339,0.916274,133.751,30.0871,False,False,3,2.56945,False,1,,,single,True,0.930837,True,A
5216,117356253,1,1881.61,3,6936.62,19.5092,56.8325,6,11.9642,5700,1.91506,3,24,0,0,2.90333,205.247,844.282,0.949108,131.803,29.0542,False,False,2,2.10057,False,1,,,single,True,1.55208,True,A
5220,9346539,1,1891.4,8,4617.03,19.5026,107.161,15,12.2936,5763.59,1.84506,3,24,0,0,,158.548,936.12,0.938321,149.915,36.8379,False,False,1,1.0878,False,1,,,single,True,1.21997,True,A
5228,232618370,1,1887.96,1.5,18624.2,19.4533,62.8293,3,12.3482,6114.53,1.96109,3,24,0,0,,314.671,1527.52,0.974201,268.273,56.8928,False,False,2,1.55667,False,1,,,single,True,2.60431,False,B
5229,219094946,1,1885.76,8,7246.42,19.4501,8.00091,16,8.4029,5538,0.892018,1.5,12,1,0,7.52891,6483.88,197.227,0.992637,269.265,68.8221,False,False,1,0.99402,False,2,,,single,True,0.738912,True,A
5232,21449925,1,1883.29,6,5456.35,19.3908,16.4989,12,12.2537,3922,0.609173,3,24,0,0,,172.028,980.14,0.9595,135.62,40.8204,False,False,2,0.750204,False,1,,,single,True,0.437874,True,A
5239,39714846,1,1897.6,1,7280.24,19.3502,3.99164,2,10.0335,5363.33,0.957533,0.5,4,1,0,5.02308,25688.7,550.865,0.998294,137.196,42.4875,True,False,0,0.562653,False,2,,,single,True,0.795031,True,B
5242,147574575,1,1886.06,6,4283.38,19.3331,6.49466,11,11.4286,6709,1.20925,3,24,0,0,2.37934,211.623,692.103,0.847149,144.06,70.5496,False,False,1,1.89426,False,1,,,single,True,0.770135,True,A
5250,224293077,1,1897.04,12,1908.01,19.2635,17.3448,21,9.6551,6144.77,1.97925,3,24,0,0,4.54869,93.5259,251.718,0.998895,183.945,57.0472,False,False,0,1.10655,False,1,,,single,True,0.841294,True,A
5253,229940491,1,1886.34,2,4835.75,19.2225,10.5034,4,11.1169,5730,1.49585,3,24,0,0,,95.2999,467.609,0.936506,288.049,63.657,False,False,1,1.63169,False,1,1642.01,1642.01,single,True,1.01223,True,A
5254,219759861,1,1871.06,1,6209.23,19.2175,5.66667,2,10.4869,5210.12,0.781113,0.5,4,1,0,4.98848,14695.8,410.552,0.977298,262.244,60.7334,True,False,1,1.01277,False,2,,,single,True,0.598949,True,B
5262,236712667,1,1883.77,4,47416.1,19.1491,4.84006,8,12.0114,3836,0.556893,1.25,10,1,0,2.38857,5515.51,5661.49,0.0846662,238.677,61.5258,False,False,0,0.562653,False,1,,,single,True,1.18003,True,A
5263,298049986,1,1872.64,24,3339.73,19.1446,40.5,47,11.7609,6239,1.6689,3,24,0,0,2.90757,371.118,797.285,0.806171,191.497,80.1369,False,False,2,0.843979,False,1,,,single,True,0.938519,True,A
5268,26958494,1,1878.04,3,13823,19.1269,0.160244,4,10.8942,3938,0.563366,3,24,0,0,8.52879,1411.59,612.37,0.980993,149.768,20.8342,False,False,1,2.0443,True,1,,,single_partial,True,0.644538,True,B
5270,1043581,1,1877,2,2380.33,19.1235,152.666,4,9.4454,6266,1.31617,3,24,0,0,,49.4647,205.152,0.989643,154.148,24.2673,False,False,2,0.562653,False,1,,,single,True,0.624868,True,A
5272,359588373,1,1870.97,4,6462.47,19.1043,8,5,10.7627,5714,1.68451,0.5,4,1,0,2.65933,4470.08,550.354,0.757396,280.075,54.9681,False,False,0,0.5,False,1,,,single,True,1.31774,True,A
5274,86119014,1,1895.23,6,5440.06,19.0782,60.8343,12,12.0213,5829.42,2.0593,3,24,0,0,,166.952,920.192,0.99831,140.454,23.7382,False,False,0,1.78173,False,1,,,single,True,1.47802,True,A
5282,86119138,1,1872.77,1,26923.7,19.0116,0.665241,2,12.942,5994,1.5558,3,24,0,0,5.45834,1212.05,1742.78,0.983134,140.41,23.1656,False,False,3,1.70671,True,1,,,single_partial,True,2.48415,False,B
5286,8965138,1,1877.21,6,8852.67,18.9484,157.667,11,12.9636,4810.56,0.838819,3,24,0,0,,236.917,1476.15,0.997136,153.323,35.6027,False,False,0,0.918999,False,1,,,single,True,0.768003,True,A
5295,446131506,1,1897.47,6,565075,18.8563,6.99304,10,11.619,5766.05,0.939896,1.5,12,1,0,5.20427,108264,39611.3,0.976204,146.667,57.1886,False,False,2,0.5,False,1,,,single,True,6.87528,False,B
5301,165857595,1,1871.92,24,2696.7,18.8094,30.6666,44,12.3281,6198.54,1.11897,3,24,0,0,,216.405,1126.52,0.980587,130.857,31.1235,False,False,3,3.20712,False,1,,,single,True,0.565448,True,A
5305,149369570,1,1891.71,2,17702.5,18.7847,114.664,4,12.9523,5683.48,1.8125,3,24,0,0,,291.901,1729.78,0.972829,139.185,26.2103,False,False,0,1.50041,False,1,,,single,True,2.34667,False,B
5310,353780525,1,1870.97,4,8156.31,18.7496,8,5,11.5077,4149,1.00394,0.5,4,1,0,3.87502,14631.3,728.168,0.905312,276.54,57.8954,False,False,1,1.18157,False,2,,,single,True,0.882292,True,A
5314,91917167,1,1881.13,1,33058.4,18.7236,0.839094,2,12.7353,5490.64,2.18461,3,24,0,0,9.74709,4200.01,1596.69,0.91389,143.853,22.9116,False,False,3,2.25061,True,1,,,single_partial,True,3.8652,False,B
5319,188396809,1,1881.75,1,21199,18.6928,40.9981,2,12.7436,5232.43,0.784617,1.25,10,1,0,2.0865,1370.16,1810.9,0.919741,132.485,39.5512,False,False,3,0.731448,False,1,,,single,True,1.11166,True,A
5322,332109680,1,1879.13,6,7587.39,18.6717,116.335,12,12.7455,5712,1.67207,3,24,0,0,,257.742,1417.23,0.992234,135.186,25.8003,False,False,1,2.79451,False,1,,,single,True,1.41729,True,A
5323,219466517,1,1895.83,12,1814.17,18.6703,46.4974,24,9.6843,6054,2.16289,3,24,0,0,,60.8443,283.581,0.942241,209.584,75.5635,False,False,1,0.806469,False,1,,,single,True,0.896459,True,A
5332,117508535,1,1895.1,3,4495.74,18.6041,63.9978,5,11.0573,6313,1.31607,3,24,0,0,,86.7665,505.466,0.992552,138.268,26.5707,False,False,3,1.85675,False,1,,,single,True,0.858691,True,A
5338,308016532,1,1891.98,1,12874.2,18.5771,0.843434,2,11.9014,6400,1.50908,3,24,0,0,13.646,676.626,883.777,0.935756,150.017,26.0268,False,False,1,1.20033,True,1,,,single_partial,True,1.66621,True,B
5348,126312528,1,1873.79,4,7571.53,18.4905,75.6666,8,12.3208,5946.87,1.8131,3,24,0,0,,218.933,1028.07,0.988662,134.006,28.6812,False,False,0,1.61294,False,1,,,single,True,1.53522,True,A
5349,251078597,1,1883.77,3,11110.4,18.4817,4.998,6,6.046,,0.585632,2,16,1,0,8.02071,4528.6,747.91,0.624339,138.603,52.6864,False,False,0,1.03153,False,3,,,single,True,0.600685,True,A
5352,149418352,1,1897.56,3,16815.1,18.4673,4.99948,6,10.1926,6474,1.42813,2.5,20,1,0,6.41865,1895.8,1191.91,0.538235,140.306,27.472,True,False,0,0.806469,False,1,,,single,True,1.80208,True,B
5358,138665838,1,1895.22,12,5818.84,18.4325,60.9962,24,12.6859,5991.77,1.2283,3,24,0,0,,299.987,1325.88,0.922166,136.549,26.3172,False,False,5,2.43816,False,1,,,single,True,0.911759,True,A
5360,232681382,1,1883.72,3,3746.09,18.4193,4.49976,6,9.9239,7811,2.53453,3,24,0,0,5.21635,176.947,339.672,0.885645,282.363,57.8199,True,False,1,1.65045,False,1,,,single,True,1.50954,True,B
5361,85979061,1,1880.9,3,8393.52,18.4123,73.8364,6,12.2962,5481,2.05144,3,24,0,0,13.6458,335.022,1063.01,0.992196,137.922,23.6642,False,False,3,1.44414,False,1,,,single,True,1.82889,True,A
5362,11895634,1,1897.44,8,160676,18.4084,7.84505,15,10.1674,6462.09,1.7456,1.5,12,1,0,6.38404,53049.2,17595.8,0.995395,178.523,53.7542,False,False,0,0.5,False,1,,,single,True,6.80892,False,B
5364,287144239,1,1887.7,12,32957,18.3787,1.99793,15,12.9734,5353,0.840103,1.5,12,1,0,13.354,41699,2969.94,0.875956,148.87,60.3978,False,False,1,0.918999,True,1,,,single_partial,True,1.4841,True,B
5367,310994622,1,1881.12,3,9290.31,18.3545,68.3391,6,12.3572,4671,0.793141,3,24,0,0,6.20273,329.844,966.218,0.990361,203.567,65.1285,False,False,1,0.5,False,1,3868.01,3868.01,single,True,0.743914,True,A
5380,39051081,1,1873.09,2,11641.1,18.2518,58.6667,3,12.4452,4971,0.640839,3,24,0,0,,216.145,1093.95,0.973646,138.554,40.626,False,False,0,0.693938,False,1,,,single,True,0.672827,True,A
5381,285010948,1,1875.17,4,9744.05,18.25,107.167,8,12.9105,6150.64,1.16117,3,24,0,0,,261.846,1620.76,0.942708,133.216,33.8581,False,False,1,1.48165,False,1,,,single,True,1.11538,True,A
5387,3714574,1,1876.67,2,15821,18.1964,1.16665,4,12.8889,5736,0.995735,3,24,0,0,,289.289,1523.89,0.888962,127.947,28.6633,False,False,1,1.40663,True,1,,,single_partial,True,1.21876,True,B
5392,149468678,1,1881.86,6,4036.86,18.1364,50.8377,12,11.8961,6181.16,1.55499,3,24,0,0,,151.021,887.102,0.99243,141.532,26.1602,False,False,2,2.02555,False,1,,,single,True,0.961407,True,A
5393,236986294,1,1871.7,6,6071.94,18.1245,6,12,11.7103,5860,2.46985,3,24,0,0,3.68445,279.565,815.101,0.875124,305.503,63.7008,False,False,3,1.23784,False,1,,,single,True,1.8728,True,A
5402,307958204,1,1894.84,4,4302.18,18.0762,70.3415,7,11.6294,6939.21,2.13298,3,24,0,0,,113.339,712.368,0.962839,148.92,26.2618,False,False,2,1.33161,False,1,,,single,True,1.36141,True,A
5405,172900815,1,1874.61,6,6470.6,18.0586,95.1666,12,12.3248,5786,1.17829,3,24,0,0,,242.217,1079.32,0.986688,128.687,30.9717,False,False,1,2.00679,False,1,,,single,True,0.922321,True,A
5411,8795032,1,1874.27,4,8616.06,18.0204,87.1666,7,12.3738,5422.25,0.800417,3,24,0,0,6.20265,463.007,1107.15,0.984705,141.824,30.0222,False,False,0,0.806469,False,1,,,single,True,0.722983,True,A
5419,8716364,1,1872.75,6,4993.67,17.9387,50.6667,12,12.0667,6721.18,1.66357,3,24,0,0,,183.397,917.242,0.982804,137.997,32.7867,False,False,2,0.843979,False,1,,,single,True,1.14395,True,A
5421,284992911,1,1897.54,4,2249.84,17.9287,5.49675,8,5.3497,5641.14,2.0264,3,24,0,0,8.96524,346.3,86.8555,0.99489,137.197,26.6291,True,False,2,2.10057,False,4,,,single,True,0.935316,True,B
5429,126324521,1,1881.42,4,9515.36,17.8724,61.3341,8,12.7874,5797.83,0.731389,3,24,0,0,,253.022,1404.36,0.985466,135.348,29.3611,False,False,2,1.4629,False,1,,,single,True,0.694254,True,A
5437,165882444,1,1896.04,3,12205.7,17.851,41.4888,5,12.8885,5090.9,1.08487,3,24,0,0,,274.096,1608.86,0.992845,131.008,33.5002,False,False,1,1.72547,False,1,,,single,True,1.16632,True,A
5439,4753661,1,1896.94,16,8899.83,17.849,19.8365,32,11.1074,4183.89,0.785054,2,16,1,0,5.24442,1774.92,1220.9,0.60683,145.792,31.2184,True,False,1,0.787714,False,1,,,single,True,0.720689,True,B
5440,239202558,1,1879.44,6,2112.68,17.8489,108.842,12,10.4025,5693,1.65201,3,24,0,0,2.96653,100.304,316.533,0.995499,149.006,21.3339,False,False,3,2.25061,False,1,,,single,True,0.738902,True,A
5449,117409179,1,1889.58,6,5308,17.7766,63.0017,12,12.1648,6275.95,1.82576,3,24,0,0,,156.182,976.184,0.984847,132.17,29.3023,False,False,0,2.26937,False,1,,,single,True,1.29439,True,A
5453,166614338,1,1897.2,8,7063.97,17.7617,2.99416,14,12.3015,5894,1.07068,2.5,20,1,0,13.3853,7403.8,1030.77,0.983385,136.083,31.9055,False,False,1,1.33161,True,2,,,single_partial,True,0.875673,True,B
5466,285007702,1,1875.99,12,1387.07,17.7153,128.5,24,10.2109,5606,1.58053,3,24,0,0,11.3713,84.1604,318.238,0.965763,137.104,54.7539,False,False,1,1.2941,False,1,,,single,True,0.572809,True,A
5481,229643127,1,1872.72,24,3194.98,17.6636,37.5,47,12.4144,5385,0.780697,3,24,0,0,7.38994,431.052,1008.58,0.970364,279.698,75.5808,False,False,3,1.55667,False,1,,,single,True,0.429412,True,A
5483,117108337,1,1892.64,2,14818.3,17.6552,122.988,4,12.7275,6258,1.27882,3,24,0,0,,278.739,1464.38,0.974059,128.9,29.2137,False,False,0,1.36912,False,1,,,single,True,1.51484,True,A
5495,166493793,1,1889.79,2,7772.37,17.5989,68.001,4,11.7066,5897.4,1.05403,3,24,0,0,,162.937,814.295,0.821686,134.341,30.9951,False,False,1,2.08181,False,1,,,single,True,0.904247,True,A
5498,416841438,1,1880.34,4,3802.17,17.5833,0.166423,5,10.6565,5845.32,2.89163,3,24,0,0,13.4894,607.686,437.826,0.862269,134.346,37.1421,False,False,1,0.918999,True,1,,,single_partial,True,1.73506,True,B
5500,172954294,1,1897.11,8,431.025,17.5785,15.8403,15,4.7727,5742,1.18255,3,24,0,0,7.18209,42.5092,44.1667,0.999847,150.253,31.9237,False,False,0,0.5,False,1,,,single,True,0.238907,True,A
5505,126350921,1,1879.94,4,7974.68,17.5602,96.8344,8,12.7111,6226.7,2.20165,3,24,0,0,,236.989,1282.71,0.991902,135.743,29.2048,False,False,3,1.65045,False,1,,,single,True,1.91321,True,A
5517,87950646,1,1872.44,8,7347.48,17.5007,43.1665,16,12.9792,5604.48,1.55532,3,24,0,0,,272.96,1548.07,0.982939,145.577,21.9782,False,False,3,2.17559,False,1,,,single,True,1.29732,True,A
5537,8792818,1,1878.52,4,18469.3,17.3975,0.336427,5,12.4479,4493.9,1.03393,3,24,0,0,8.02695,2133.88,1155.93,0.972384,140.763,30.5629,False,False,5,0.918999,True,1,,,single_partial,True,1.36733,True,B
5539,417825887,1,1897.49,6,5272.35,17.3887,6.48696,12,9.64359,5888,1.41751,1.5,12,1,0,2.17892,627.895,1190.62,0.85444,137.522,60.2075,False,False,1,0.675183,False,1,,,single,True,1.00158,True,A
5542,155559537,1,1889.79,4,3223.54,17.3793,0.843931,6,9.48812,5825.79,1.25105,3,24,0,0,13.6461,136.401,315.533,0.4844,158.322,37.6722,False,False,2,0.99402,True,1,,,single_partial,True,0.691192,True,B
5551,138686624,1,1876.4,3,5437.46,17.3502,0.835265,5,10.202,6626.39,1.96785,3,24,0,0,3.03239,339.898,347.355,0.995923,136.655,28.8335,False,False,1,1.6692,True,1,,,single_partial,True,1.41204,True,B
5561,456332499,1,1883.39,2,13516.9,17.2938,13.9972,4,12.5977,5705.63,1.13129,3,24,0,0,,246.089,1522.65,0.960169,134.537,49.2706,False,False,1,0.712693,False,1,,,single,True,1.27988,True,A
5563,3698215,1,1876.87,4,6427.02,17.2928,142,8,11.9945,4958.79,1.07217,3,24,0,0,,222.35,907.174,0.979313,127.864,28.6681,False,False,1,1.36912,False,1,,,single,True,0.836423,True,A
5565,88096309,1,1897.56,4,3373.88,17.2891,4.84275,8,10.9557,6174,1.80797,3,24,0,0,12.646,3186.02,472.717,0.944896,148.174,21.6399,True,False,5,2.15684,False,2,,,single,True,1.02191,True,B
5566,307988161,1,1893.86,3,10498.5,17.2855,0.157076,4,12.6588,5359,1.0085,3,24,0,0,,249.744,1252.59,0.972895,149.486,26.2036,False,False,0,1.18157,True,1,,,single_partial,True,1.00553,True,B
5572,147564229,1,1885.6,4,3316.86,17.2361,5.00491,8,10.6602,6465,1.70735,3,24,0,0,11.2758,454.939,455.858,0.990026,143.987,70.6698,False,False,1,1.63169,False,2,,,single,True,0.956849,True,A
5573,117124177,1,1891.47,4,5861.29,17.2226,108.003,7,11.7328,6920.13,2.3478,3,24,0,0,,170.515,723.423,0.981857,129.185,29.2091,False,False,2,1.51916,False,1,,,single,True,1.7491,True,A
5575,233191104,1,1886.52,24,1437.89,17.2121,30.6633,47,11.95,6301,2.0213,3,24,0,0,,142.47,880.84,0.810616,226.209,69.7565,False,False,4,1.38788,False,1,,,single,True,0.745849,True,A
5587,457134361,1,1886.35,24,5746.76,17.1619,28.5013,47,8.4692,5538.27,1.01584,3,24,0,0,4.80277,628.215,818.377,0.61643,140.666,50.6039,False,False,2,0.99402,False,3,,,single,True,0.749367,True,A
5590,149362687,1,1893.55,1.5,5660.71,17.1488,1.66748,3,10.7126,6537.66,1.52621,3,24,0,0,4.13509,215.949,431.434,0.962276,138.668,26.2148,False,False,4,1.91302,True,1,,,single_partial,True,1.1174,True,B
5596,188397390,1,1874.86,1.5,6714.56,17.1339,0.332894,3,11.6161,6381,1.80747,3,24,0,0,5.42491,192.77,704.512,0.92305,132.506,37.528,False,False,3,1.40663,True,1,,,single_partial,True,1.44124,True,B
5602,357045776,1,1886.35,24,5885.01,17.0957,24.1637,47,12.1555,6474.48,1.72336,3,24,0,0,2.88567,454.225,950.311,0.972579,274.446,55.0105,False,False,2,1.72547,False,2,,,single,True,1.28649,True,A
5604,219006397,2,1897.56,4,19431,17.0753,4.83926,8,12.2304,6158,1.21961,3,24,0,0,7.47692,1851,1549.58,0.858216,220.847,68.4262,True,False,2,1.05029,False,4,,,single,True,1.65434,True,B
5605,172531857,1,1875.5,2,6984.64,17.0692,116.667,4,11.8466,5789,1.09696,3,24,0,0,,148.445,811.014,0.99354,143.12,26.0261,False,False,3,2.15684,False,1,,,single,True,0.892114,True,A
5609,332064427,1,1873.38,3,14784.3,17.0517,65.6666,6,12.8814,5344.15,0.789346,1.25,10,1,0,3.32821,2554.94,1699.64,0.895085,133.161,28.8031,False,False,1,2.11933,False,1,,,single,True,0.933953,True,A
5610,446168743,1,1872.49,24,3409.36,17.0477,37,48,11.0346,4439,0.705737,3,24,0,0,3.0421,318.448,648.439,0.824511,201.436,81.1593,False,False,3,0.5,False,1,,,single,True,0.400993,True,A
5611,165891053,1,1897.08,3,9276.1,17.0427,16.4901,5,12.4773,5563.96,0.920672,3,24,0,0,,248.643,1343.69,0.80305,131.633,30.6971,False,False,8,2.66322,False,1,,,single,True,0.862869,True,A
5612,149919148,1,1871.96,24,936.44,17.0425,28.1666,48,11.1518,6069,1.25024,3,24,0,0,,100.095,540.135,0.910687,161.006,65.595,False,False,1,1.0878,False,1,,,single,True,0.372298,True,A
5616,126238253,1,1872.05,1.5,17177.2,17.0297,33.8333,3,12.8635,5509.36,0.868718,3,24,0,0,,370.501,1612.27,0.909436,133.512,28.6114,False,False,2,1.89426,False,1,,,single,True,1.10793,True,A
5618,229645768,1,1872.68,24,3831.14,17.0209,33.5,47,12.5031,5535,1.01425,3,24,0,0,8.27463,507.248,1225.15,0.883598,279.926,74.6181,False,False,3,1.53792,False,1,,,single,True,0.610895,True,A
5619,126322276,1,1881.63,6,7698.05,17.0176,-0.834716,8,12.6968,6041.06,1.26294,3,24,0,0,,278.887,1367.72,0.976797,135.302,29.4027,False,False,3,1.59418,True,1,,,single_partial,True,1.07828,True,B
5620,39051069,1,1873.38,6,9088.45,17.0145,0.66591,8,12.7336,6045.43,1.34583,3,24,0,0,13.5624,1571.04,1272.95,0.985488,138.555,40.6807,False,False,1,0.712693,True,1,,,single_partial,True,1.24851,True,B
5623,359555903,1,1878.66,6,6625.15,16.9991,125.834,12,12.3368,6257.89,1.40731,3,24,0,0,,226.389,1020.81,0.884262,279.55,55.5282,False,False,0,0.731448,False,2,,,single,True,1.11467,True,A
5625,203279672,1,1880.06,3,3234.56,16.9776,93.8355,6,10.7913,5725.32,1.84112,3,24,0,0,,104.654,450.62,0.99271,135.929,23.0745,False,False,4,0.918999,False,2,,,single,True,1.01894,True,A
5631,26972275,1,1891.02,1,12552.3,16.9575,0.154527,2,12.1819,5529,1.0656,3,24,0,0,8.02711,307.702,1134.81,0.987391,149.957,19.4792,False,False,0,1.59418,True,1,,,single_partial,True,1.16175,True,B
5635,219874385,1,1885.68,6,3993.75,16.9521,6.00024,12,10.0488,5470,1.64019,1.5,12,1,0,9.03471,8654.4,305.48,0.937476,260.272,70.5761,False,False,1,0.881489,False,1,,,single,True,1.00865,True,A
5639,229615783,1,1872.57,24,2619.68,16.9307,30.5,48,12.6208,5761,1.41498,3,24,0,0,,257.081,1247.3,0.928208,278.055,73.0727,False,False,2,0.918999,False,1,,,single,True,0.704744,True,A
5648,172935092,1,1878.7,1.5,8702.14,16.8734,126.664,2,11.725,6605.12,1.66278,3,24,0,0,,135.761,680.103,0.994728,129.126,34.5289,False,False,3,0.900244,False,1,,,single,True,1.5094,True,A
5652,26982771,1,1894.11,1.5,4961.24,16.8657,87.6778,3,10.9509,5727.35,1.13094,3,24,0,0,,86.8999,460.116,0.996189,150.159,22.1494,False,False,3,2.10057,False,1,,,single,True,0.775161,True,A
5657,232540918,1,1885.31,2,73592.1,16.8333,3.66256,4,12.9267,5136,0.947852,2,16,1,0,3.89289,6596.99,6108.33,0.976247,227.901,68.4099,False,False,4,1.2941,False,1,,,single,True,2.50215,False,B
5661,166553823,1,1879.79,4,5660.88,16.8139,100.333,8,11.7318,6412.31,2.40936,3,24,0,0,5.08408,261.449,748.191,0.988197,134.84,31.4253,False,False,2,1.89426,False,1,,,single,True,1.76401,True,A
5668,229593785,1,1872.51,24,5124.33,16.7829,37.5,48,11.3203,4475,0.743359,3,24,0,0,9.55348,1244.59,857.529,0.801844,272.949,72.7846,False,False,3,1.31286,False,1,,,single,True,0.517815,True,A
5672,26983504,1,1881.92,2,9273.53,16.7373,0.342562,3,11.9124,3581,0.497702,3,24,0,0,12.6461,2539.15,930.759,0.997985,150.179,18.7387,False,False,1,0.862734,True,2,,,single_partial,True,0.46639,True,B
5678,87975093,1,1891.81,2,10391.7,16.695,117.658,4,12.3666,5868,1.27522,3,24,0,0,,213.536,1145.72,0.862809,146.675,21.5689,False,False,2,2.56945,False,1,,,single,True,1.26499,True,A
5682,233739955,1,1893.09,2,2073.85,16.6733,111.999,4,9.52512,6135,1.89146,3,24,0,0,,41.3536,225.149,0.99008,278.101,63.3271,False,False,5,1.12531,False,1,,,single,True,0.838191,True,A
5683,252794218,1,1886.79,3,11906.2,16.6707,1.15589,5,12.8872,6503,1.6457,3,24,0,0,,256.942,1505.17,0.927563,164.872,42.0976,False,False,2,0.918999,True,1,,,single_partial,True,1.74741,True,B
5685,284992356,1,1877.63,4,12268.4,16.6552,152.335,5,12.8571,4199.15,0.622924,3,24,0,0,,209.738,1447.6,0.907481,137.298,28.9379,False,False,2,1.40663,False,1,,,single,True,0.671408,True,A
5686,450300195,1,1882.21,4,5917.48,16.6095,42.3361,8,12.3941,6060.93,1.34298,3,24,0,0,,173.566,1067.58,0.970248,143.249,38.0161,False,False,2,1.44414,False,1,,,single,True,1.0053,True,A
5695,142381553,1,1871.05,1.5,6012.68,16.5525,9.83324,3,11.3495,5815,1.08062,0.5,4,1,0,3.79056,9111.76,604.046,0.995292,196.382,63.918,True,False,0,0.506387,False,2,,,single,True,0.815388,True,B
5697,103743690,1,1871.15,4,9997.19,16.5477,12.1667,6,8.4337,5596,1.40944,3,24,0,0,5.36244,1104.71,499.266,0.990696,156.751,67.3702,True,False,0,0.806469,False,1,,,single,True,1.37133,True,B
5700,87950656,1,1872.25,6,8852.96,16.5293,38.6665,12,12.8927,5818.06,0.894578,3,24,0,0,11.3716,443.619,1599.35,0.916323,145.603,21.9228,False,False,3,2.19435,False,1,,,single,True,0.819068,True,A
5701,91901969,1,1887.27,4,4436.52,16.5254,8.66105,6,11.3845,6076,1.51903,3,24,0,0,,115.511,593.741,0.980886,142.443,23.3225,False,False,3,2.55069,False,1,,,single,True,0.984567,True,A
5704,241262291,1,1889.77,2,3408.65,16.492,68.1549,4,10.9025,6227,1.74766,3,24,0,0,,79.2877,442.693,0.998337,158.378,32.1136,False,False,0,0.5,False,1,,,single,True,0.9929,True,A
5705,289704914,1,1896.94,16,3286.71,16.4876,2.33916,26,11.7816,6189.79,1.72833,3,24,0,0,11.3716,223.043,790.387,0.967951,145.537,25.0141,True,False,0,1.01277,True,1,,,single_partial,True,0.964195,True,B
5710,198189972,1,1874.89,4,5969.78,16.4688,102.167,8,12.6541,5775,1.33728,3,24,0,0,,175.287,1116.23,0.973141,246.203,60.9655,False,False,1,0.525143,False,1,4117.01,4117.01,single,True,1.00545,True,A
5724,341687821,1,1889.77,8,1492.07,16.4356,112.162,16,10.2403,6204,1.34985,3,24,0,0,,59.402,319.117,0.996221,192.273,66.8937,False,False,0,0.5,False,1,,,single,True,0.507384,True,A
5728,126367367,1,1889.73,3,5123.65,16.4171,0.16609,4,11.4632,6464.18,1.13142,3,24,0,0,,125.793,634.405,0.985602,135.936,25.2075,False,False,2,2.68198,True,1,,,single_partial,True,0.788081,True,B
5729,286728127,1,1876.47,1.5,11478.8,16.4079,0.329585,3,12.0743,3874.52,0.7975,2.5,20,1,0,3.03242,519.059,1024.65,0.939751,143.033,23.2521,False,False,1,2.23186,True,1,,,single_partial,True,0.83145,True,B
5755,8941472,1,1878.42,8,5180.43,16.2792,131.841,16,12.5307,5778.6,1.291,3,24,0,0,,211.085,1172.27,0.869487,153.014,35.6927,False,False,1,1.10655,False,1,,,single,True,0.904204,True,A
5759,341707075,1,1891.77,1,12989.6,16.2689,143.836,2,12.6061,4167,1.0284,3,24,0,0,9.09726,261.226,1094.23,0.997558,193.771,68.9217,False,False,0,0.675183,False,1,,,single,True,1.14056,True,A
5762,87953383,1,1894.73,4,2004.44,16.2666,72.8405,8,9.8175,6592,1.40772,3,24,0,0,6.20272,112.914,229.772,0.997523,145.942,21.7689,False,False,1,2.32563,False,1,,,single,True,0.613297,True,A
5764,372758077,1,1894.76,2,5171.16,16.2618,71.9896,4,11.447,6016,1.15472,3,24,0,0,6.13153,170.168,558.979,0.894248,173.833,79.413,False,False,1,1.05029,False,1,4168.01,4168.01,single,True,0.808031,True,A
5782,450300191,1,1882.15,2,6540,16.1889,0.163692,3,11.6924,4303.87,0.875707,3,24,0,0,,137.991,678.089,0.973997,143.293,38.0359,False,False,2,1.63169,True,1,,,single_partial,True,0.689136,True,B
5787,318210939,1,1871.98,24,1089.1,16.1694,28.6667,48,11.9584,5554,0.938618,3,24,0,0,,135.246,798.791,0.987395,142.563,53.693,False,False,0,0.5,False,1,,,single,True,0.301426,True,A
5793,147576453,1,1888.12,16,1511.84,16.1403,19.0058,32,10.0699,6623,1.36671,3,24,0,0,7.13253,231.626,306.125,0.997268,144.499,70.543,False,False,5,1.93177,False,1,,,single,True,0.517115,True,A
5794,87976752,1,1891.19,4,2919.8,16.1389,102.658,8,11.1838,5347,0.877378,3,24,0,0,9.74714,178.295,521.591,0.996045,146.826,21.5943,False,False,2,2.60696,False,1,,,single,True,0.46134,True,A
5796,313276652,2,1883.75,4,20466.8,16.1157,4.83761,8,12.7461,4798,0.70259,2,16,1,0,2.62462,1275.87,2270.55,0.947812,213.072,68.1449,True,False,2,0.675183,False,3,,,single,True,0.978102,True,B
5797,288431886,1,1882.91,24,2359.81,16.1119,24.4943,47,10.6301,6446,1.93776,3,24,0,0,13.5622,408.079,431.677,0.989651,269.916,83.0005,False,False,1,0.95651,False,3,,,single,True,0.916,True,A
5799,239194780,1,1893.17,6,3317.86,16.1001,110.34,12,11.6774,6177,1.77434,3,24,0,0,,121.635,693.01,0.994366,146.413,24.6744,False,False,0,1.06904,False,1,,,single,True,0.994543,True,A
5800,149362098,1,1895.61,1.5,8883.75,16.0982,0.833035,3,12.0113,5310.63,0.812972,3,24,0,0,,174.388,964.422,0.977049,138.681,24.6775,False,False,1,1.65045,True,1,,,single_partial,True,0.745643,True,B
5809,86038173,1,1876.96,8,12657.1,16.0603,-0.663595,11,12.6187,5762.6,1.97688,1.25,10,1,0,2.06755,1094.23,1626.44,0.887129,139.312,23.7794,False,False,4,1.6692,True,1,,,single_partial,True,2.16424,False,B
5810,233177503,2,1897.52,6,23587.8,16.0547,5.8392,12,12.7196,4695,0.884584,3,24,0,0,9.56854,2319.65,2129.72,0.994316,217.407,68.3659,True,False,5,0.937754,False,2,,,single,True,1.32203,True,B
5811,239199900,1,1887.48,6,7213.16,16.0511,13.6575,11,12.6047,5950,2.15903,3,24,0,0,,258.428,1475.45,0.825027,148.653,23.6637,False,False,2,1.35037,False,1,,,single,True,1.78434,True,A
5813,88021495,1,1887.96,12,15168.7,16.0363,0.84225,16,12.5175,6368,1.25055,3,24,0,0,9.09734,1680.7,1314.84,0.980946,147.18,22.1325,False,False,0,2.36314,True,2,,,single_partial,True,1.49876,True,B
5817,117253664,1,1896.62,3,5147.72,15.9771,27.4902,5,11.3788,5878,0.954646,3,24,0,0,,140.954,565.156,0.993693,130.508,26.5044,False,False,1,2.41941,False,1,,,single,True,0.666511,True,A
5820,172897381,1,1888.79,3,8792.79,15.9544,43.004,5,12.3449,5873,0.889633,3,24,0,0,,245.837,1054.86,0.986633,128.401,29.8794,False,False,3,1.55667,False,1,,,single,True,0.811767,True,A
5821,139418174,1,1888.71,2,8297.97,15.9531,42.6576,4,12.5308,6097,1.22901,3,24,0,0,,178.908,1165.71,0.994805,154.229,34.1866,False,False,0,0.99402,False,1,,,single,True,1.08943,True,A
5823,219858246,1,1883.73,6,5502.64,15.9489,5.83494,12,11.676,5602,0.777694,3,24,0,0,6.45836,352.389,810.71,0.803441,257.408,67.3732,True,False,4,1.4629,False,1,,,single,True,0.561373,True,B
5829,284867505,1,1897.5,6,52469.3,15.9184,6.48938,12,9.5611,5268,0.845298,1.5,12,1,0,7.78786,27186.9,4694.98,0.249981,132.066,34.6043,False,False,2,1.21908,False,1,,,single,True,1.88417,True,A
5831,67651371,1,1888.65,3,5308.78,15.9147,41.1624,6,11.9672,5515.58,0.859857,3,24,0,0,,171.004,767.858,0.992758,148.115,40.1677,False,False,0,0.656428,False,1,,,single,True,0.609651,True,A
5835,160346553,1,1871.05,1.5,3081.03,15.9028,9.83316,3,9.3588,5693.87,0.879045,0.5,4,1,0,2.52706,4326.94,273.323,0.99251,156.23,30.1866,True,False,4,0.581408,False,2,,,single,True,0.474807,True,B
5844,332108930,1,1891.83,4,10821.1,15.8348,117.5,7,12.9193,5445,0.96459,3,24,0,0,,328.013,1641.29,0.960334,133.158,25.0716,False,False,3,2.45692,False,1,,,single,True,0.976418,True,A
5845,160333747,1,1896.94,16,606.106,15.8319,19.8461,32,8.64161,5940.66,2.02515,3,24,0,0,,31.2083,148.163,0.975832,156.01,30.2038,True,False,0,0.600163,False,1,,,single,True,0.485165,True,B
5846,241259532,1,1890.61,1,20269.3,15.8317,88.1551,2,12.9244,6005.19,1.57398,3,24,0,0,13.6461,449.85,1685.02,0.835543,158.02,32.1065,False,False,1,0.506387,False,1,,,single,True,2.1806,False,B
5851,126238057,1,1883.71,6,3988.32,15.8067,6.33353,12,10.3834,5094.09,0.733515,1.5,12,1,0,9.09712,7672.99,325.851,0.996791,133.488,27.7359,True,False,2,1.42539,False,1,,,single,True,0.450777,True,B
5852,233739944,1,1893.16,4,4373.76,15.8019,110.499,8,11.9098,6027,1.41763,3,24,0,0,,138.943,763.048,0.983312,278.136,63.3534,False,False,5,1.10655,False,1,,,single,True,0.912322,True,A
5855,85285476,1,1891.69,2,3836.84,15.7846,114.158,4,11.1326,3963.85,0.754039,3,24,0,0,9.74715,166.693,485.587,0.97481,153.413,34.2822,False,False,1,0.99402,False,1,,,single,True,0.454504,True,A
5856,288160753,1,1897.05,2,11680.6,15.7808,16.9951,4,12.6292,5067,0.812302,3,24,0,0,6.16473,839.691,1167.31,0.910491,221.282,77.9309,False,False,0,0.5,False,1,,,single,True,0.854296,True,A
5862,160297545,1,1872.93,24,3397.38,15.7604,47.5,47,10.4072,6084,1.02193,3,24,0,0,8.34624,814.098,578.559,0.813675,187.076,79.2157,False,False,1,1.01277,False,2,,,single,True,0.57963,True,A
5874,16780067,1,1897.54,4,10806.5,15.6716,5.49725,8,9.9173,4923,0.738533,2,16,1,0,6.09373,1978.11,682.197,0.798132,141.827,36.4861,True,False,2,1.27535,False,1,,,single,True,0.747086,True,B
5875,9300154,1,1883.55,1.5,11235.7,15.6671,10.1676,3,12.6824,5809.11,1.25208,3,24,0,0,,194.034,1223.34,0.972971,138.226,36.0865,True,False,1,1.72547,False,1,,,single,True,1.29149,True,B
5877,202441153,1,1890.83,6,5689.9,15.6628,137.661,12,12.7594,4885,0.683058,3,24,0,0,,258.391,1202.77,0.986159,227.743,65.0529,False,False,2,1.31286,False,1,,,single,True,0.501381,True,A
5879,82222884,1,1897.04,12,6473.35,15.6526,17.3424,24,10.1549,5240.06,0.747789,1.5,12,1,0,4.132,2086.34,657.648,0.517129,150.722,27.3649,False,False,0,1.61294,False,1,,,single,True,0.585465,True,A
5881,159298678,1,1895.14,24,1226.05,15.6446,62.9923,48,11.3757,5645,0.955598,3,24,0,0,,99.1905,538.796,0.990393,229.942,80.2893,False,False,0,0.5,False,1,,,single,True,0.325602,True,A
5887,117415796,1,1877.81,1,10903.3,15.6149,79.1657,2,11.9497,6209.35,2.17815,3,24,0,0,5.24833,447.822,808.398,0.997584,132.867,28.9185,False,False,3,2.00679,False,2,,,single,True,2.21321,False,B
5891,353853523,1,1871.04,1.5,18387.8,15.5962,9.83333,3,10.8714,5663,1.35468,2.5,20,1,0,5.58598,1830.73,1292.38,0.556929,271.089,59.9191,True,False,3,0.787714,False,1,,,single,True,1.78755,True,B
5895,126234588,1,1891.31,2,3999.63,15.5653,0.00198045,3,10.6966,6770,1.94279,3,24,0,0,6.49795,185.302,389.836,0.995059,133.319,25.0268,False,False,5,2.34439,True,1,,,single_partial,True,1.19562,True,B
5896,39065677,1,1883.36,6,4513.14,15.555,14.8339,12,12.1679,5293.47,0.894265,3,24,0,0,,189.691,914.408,0.860552,139.114,40.1066,False,False,2,0.900244,False,1,,,single,True,0.584606,True,A
5897,230013312,1,1897.49,6,3483.46,15.5391,6.49309,12,11.5882,3799,0.628849,3,24,0,0,13.3853,229.622,635.251,0.965637,291.155,64.4169,False,False,3,1.55667,False,1,,,single,True,0.361168,True,A
5900,88046736,1,1894.46,1,17305.3,15.5245,0.656341,2,12.453,6196,1.24764,3,24,0,0,13.646,1486.19,1163.35,0.997535,147.601,19.7726,False,False,3,1.38788,True,1,,,single_partial,True,1.59712,True,B
5905,91899526,1,1888.16,1.5,10248.3,15.4878,0.827704,3,12.1811,4371,1.05472,3,24,0,0,,253.371,1010.95,0.990933,142.328,23.1338,False,False,3,2.53194,True,1,,,single_partial,True,1.03901,True,B
5923,173002391,1,1879.67,4,7284.81,15.3952,103.34,7,12.7865,5941,0.991754,3,24,0,0,,230.698,1246.59,0.965939,150.467,34.4462,False,False,0,0.525143,False,1,,,single,True,0.823703,True,A
5924,26957262,1,1876.63,3,2773.94,15.394,143.667,6,10.661,6406,1.49234,3,24,0,0,,74.9558,383.044,0.961894,149.537,20.9652,False,False,5,2.13808,False,1,,,single,True,0.764845,True,A
5930,233432524,1,1887.4,6,4444.83,15.3373,11.6582,11,12.4028,5941,1.45427,3,24,0,0,,172.477,1044.61,0.997853,147.623,24.0417,False,False,2,1.23784,False,1,,,single,True,0.943475,True,A
5934,26983065,1,1875.71,3,48320.3,15.3193,0.338209,4,12.8879,6047,1.07485,2,16,1,0,7.58116,6821.37,1786.62,0.982572,150.215,20.6989,False,False,2,1.96928,True,1,,,single_partial,True,2.29917,False,B
5940,117280584,1,1883.77,3,7695.34,15.297,4.99888,6,12.4385,6130,1.78088,3,24,0,0,,215.788,1177.64,0.810199,131.177,29.0379,False,False,4,1.68796,False,1,,,single,True,1.52022,True,A
5941,258389327,1,1877.67,1.5,7194.41,15.2962,151.161,3,11.8248,6180,1.68106,3,24,0,0,6.38381,213.056,777.279,0.96493,296.71,70.0719,False,False,0,1.01277,False,1,2271.01,2271.01,single,True,1.38752,True,A
5944,86119030,1,1896.61,3,5491.1,15.2826,27.8343,5,11.8432,5921.29,1.27241,3,24,0,0,11.3715,209.077,817.458,0.953912,140.405,23.6736,False,False,0,1.74422,False,1,,,single,True,0.917517,True,A
5951,389917321,1,1883.7,4,211400,15.236,4.83446,8,7.4496,6271,1.15108,1.25,10,1,0,5.04246,77428.9,21827.7,0.945958,275.977,58.8018,True,False,2,0.656428,False,2,,,single,True,5.1501,False,B
5953,233535064,1,1874.76,4,9892.22,15.2336,99,8,12.32,6158,1.20626,2,16,1,0,6.16477,3020.26,1042.61,0.954532,280.728,61.5538,False,False,3,0.581408,False,1,,,single,True,1.16747,True,A
5964,88659498,1,1891.02,6,6495.29,15.1798,98.1591,12,12.9932,5738,1.263,3,24,0,0,,270.763,1591.42,0.971421,152.586,36.4368,False,False,0,1.14406,False,1,,,single,True,0.990513,True,A
5967,232641326,1,1881.31,3,12918,15.159,62.3337,6,11.5816,7013,1.63559,1,8,1,0,1.81528,848.844,703.579,0.939251,281.449,56.3817,False,False,0,0.862734,False,1,1874.01,1874.01,single,True,1.80896,True,A
5981,394049698,1,1872.16,24,2096.47,15.0995,33,48,11.8055,5810,1.27515,3,24,0,0,6.74465,256.323,757.897,0.945393,283.032,80.9495,False,False,0,0.581408,False,1,,,single,True,0.568149,True,A
5982,237253009,1,1871.14,4,11592.7,15.0986,11.5,6,10.5923,7284,1.36464,2.5,20,1,0,5.28739,1326.33,812.014,0.832707,298.268,73.3176,True,False,1,0.656428,False,1,,,single,True,1.42978,True,B
5989,26971124,1,1890.23,4,9287.29,15.0721,79.6566,8,12.7838,6290.1,1.59699,3,24,0,0,,328.328,1579.52,0.951328,149.898,22.734,False,False,2,1.95053,False,1,,,single,True,1.49763,True,A
5991,233571599,1,1876.22,24,530.936,15.0664,134,47,9.70202,6320,1.26428,3,24,0,0,,60.8574,253.574,0.980128,281.923,62.0198,False,False,2,0.768959,False,1,,,single,True,0.283479,True,A
5992,308015930,1,1888.54,6,2677.48,15.0639,39.1572,12,11.3998,5894.22,1.45482,3,24,0,0,,95.4174,563.416,0.995232,149.918,25.1084,False,False,0,1.0878,False,1,,,single,True,0.732537,True,A
6001,155559539,1,1889.79,2,3019.94,15.0389,1.34394,4,9.41643,6191,1.11451,3,24,0,0,2.6757,149.779,303.685,0.518037,158.321,37.6736,False,False,2,0.99402,True,1,,,single_partial,True,0.595992,True,B
6004,165498405,1,1886.43,24,1804.59,15.0309,24.1618,47,12.231,5737.65,1.06028,3,24,0,0,,214.947,960.128,0.864528,265.113,56.7712,False,False,1,0.937754,False,1,,,single,True,0.438296,True,A
6006,417838087,1,1897.49,6,2136.51,15.0305,6.49166,12,10.7945,3919,0.637562,3,24,0,0,11.0936,109.343,438.344,0.992773,146.884,60.7916,False,False,3,0.618918,False,1,,,single,True,0.286769,True,A
6008,87952415,1,1895.56,1,5359.25,15.0253,52.8403,2,11.2036,5835,0.994759,3,24,0,0,,106.382,489.49,0.994989,145.735,21.7282,False,False,4,2.26937,False,1,,,single,True,0.708643,True,A
6010,88047524,1,1897.52,6,2458.74,15.0225,5.84155,12,10.0805,4932,0.720434,1.5,12,1,0,9.09039,7342.43,313.669,0.922747,147.538,23.0083,True,False,3,2.00679,False,1,,,single,True,0.347623,True,B
6015,165857985,1,1895.97,6,4177.92,15.0034,42.9895,12,12.0314,6239.23,1.33746,3,24,0,0,,213.995,884.808,0.99109,130.849,30.3863,False,False,6,2.94455,False,1,,,single,True,0.841237,True,A
6023,39077021,1,1895.54,2,5599.81,14.9327,53.3387,4,11.7312,5775,0.889417,3,24,0,0,,118.185,697.399,0.996384,151.266,37.0549,False,False,1,1.25659,False,1,,,single,True,0.647664,True,A
6030,117272513,1,1896.2,6,6959.51,14.9181,0.99177,8,11.9258,6019.15,1.1324,3,24,0,0,13.6456,2927,866.508,0.975463,130.578,26.5229,False,False,6,2.45692,True,1,,,single_partial,True,0.919278,True,B
6034,117250562,1,1875.59,3,8321.24,14.8949,93.6664,6,12.2468,6226.28,1.25806,3,24,0,0,0.470539,396.269,1092.94,0.953462,130.348,27.2455,False,False,2,1.838,False,1,,,single,True,1.11674,True,A
6035,307960390,1,1883.61,6,3704.59,14.8929,4.34109,12,12.1591,5743.97,1.30805,3,24,0,0,,211.913,910.828,0.981096,149.159,26.8465,True,False,1,1.21908,False,1,,,single,True,0.774733,True,B
6042,159464225,1,1883.7,6,3533.31,14.8759,6.49788,12,10.8435,5842,0.942038,1.5,12,1,0,8.0085,6891.16,389.418,0.991055,244.427,78.0157,True,False,0,0.787714,False,1,,,single,True,0.5449,True,B
6047,229438906,1,1883.7,6,15095.1,14.853,6.49625,12,9.43944,7730,1.72997,3,24,0,0,7.97174,1940.16,2050.25,0.566937,293.487,60.2714,True,False,3,0.937754,False,1,,,single,True,2.0683,False,B
6049,458481611,1,1880.69,6,6373.96,14.8468,78.839,12,12.9454,4911,0.795305,3,24,0,0,,239.961,1308.17,0.983807,233.48,64.6475,False,False,1,1.20033,False,1,5722.01,5722.01,single,True,0.617868,True,A
6050,66681996,1,1887.13,24,2372.71,14.8441,5.16553,34,12.0021,5859,1.53499,3,24,0,0,8.00855,532.272,864.175,0.865409,154.991,57.9011,False,False,0,0.5,True,1,,,single_partial,True,0.727588,True,B
6054,26985007,1,1883.81,2,19524.7,14.825,3.84243,4,12.9275,4734,0.73115,3,24,0,0,8.01484,2206.34,1575.98,0.962173,150.469,22.9425,False,False,1,1.44414,False,1,,,single,True,0.99416,True,A
6055,224289450,1,1897.61,1.5,53862.2,14.8169,3.67968,3,10.8169,3281,0.259268,2.5,20,1,0,7.9781,9699.35,4058.12,0.0999059,183.088,54.4898,True,False,0,0.5,False,1,,,single,True,0.585529,True,B
6057,88115150,1,1897.42,6,3897.62,14.8124,5.34368,12,10.4292,3423,0.40316,3,24,0,0,9.74718,421.14,386.434,0.998567,148.565,20.4258,False,False,7,1.87551,False,1,,,single,True,0.244926,True,A
6058,87952426,1,1895.4,1,4191.39,14.8071,56.8403,2,9.8113,5705,1.1047,3,24,0,0,7.5811,404.428,247.414,0.99579,145.748,21.7785,False,False,3,2.30688,False,1,,,single,True,0.695954,True,A
6061,136950916,1,1894.69,1,8556.77,14.7999,73.8466,2,11.8752,5375.94,0.955591,3,24,0,0,,123.636,798.876,0.880159,174.36,49.8506,False,False,0,0.5,False,1,,,single,True,0.86017,True,A
6067,27064929,1,1892.25,6,7252.06,14.7632,128.155,12,12.6586,5265.12,0.857072,3,24,0,0,,274.725,1460.78,0.949692,151.61,20.7927,False,False,1,0.99402,False,1,,,single,True,0.710241,True,A
6069,237214311,1,1882.07,6,5342.23,14.7496,45.4938,12,12.481,5818,1.20614,3,24,0,0,,211.926,1227.6,0.937968,294.969,74.6869,False,False,2,1.06904,False,1,,,single,True,0.85786,True,A
6072,3799949,1,1877.69,2,4588.04,14.7408,8.33352,4,11.1996,5909,1.86738,3,24,0,0,,109.792,545.898,0.981554,128.739,26.8145,False,False,3,2.49443,False,1,,,single,True,1.23085,True,A
6073,288405474,1,1885.7,8,6782.19,14.7134,10.5063,16,11.3327,6182,2.04067,3,24,0,0,4.52074,829.76,572.397,0.883534,267.134,83.2095,False,False,3,1.18157,False,1,,,single,True,1.63537,True,A
6074,87974414,1,1878.67,4,3338.89,14.7111,127.341,8,11.3383,5869,1.48394,3,24,0,0,,99.508,608.017,0.968649,146.458,23.6338,False,False,2,1.95053,False,1,,,single,True,0.834401,True,A
6075,82223476,1,1896.63,6,5863.14,14.7098,27.3445,11,12.5601,5491.59,1.87929,3,24,0,0,,226.213,1259.33,0.971281,150.953,23.8954,False,False,5,1.20033,False,1,,,single,True,1.40029,True,A
6087,288345527,1,1887.12,24,549.515,14.6653,42.5062,47,9.63152,5777,1.21434,3,24,0,0,5.21624,58.6967,230.548,0.987522,263.854,83.4879,False,False,5,1.40663,False,1,,,single,True,0.277005,True,A
6088,188477136,1,1891.58,4,5420.53,14.6621,109.503,8,12.4036,5826.98,1.42313,3,24,0,0,,226.211,1078.98,0.974415,133.738,41.2468,False,False,1,1.12531,False,1,,,single,True,1.01958,True,A
6090,237097805,1,1880.79,8,2821.73,14.6615,76.3371,16,11.8637,5487,0.986074,3,24,0,0,,143.254,702.769,0.966743,240.005,67.193,False,False,0,0.843979,False,1,,,single,True,0.509712,True,A
6101,233130445,1,1875.73,3,5163.8,14.591,122.167,5,11.69,6031,1.91236,3,24,0,0,,119.759,652.685,0.97272,274.128,61.3321,False,False,2,0.975265,False,1,,,single,True,1.33725,True,A
6102,355128026,1,1893.12,6,4412.3,14.5906,111.495,12,12.3605,4028.56,0.74252,3,24,0,0,,180.609,1170.74,0.99355,137.165,31.7692,False,False,0,1.18157,False,1,,,single,True,0.479953,True,A
6108,172952348,1,1877.56,1,6679.86,14.5668,153.997,2,11.2532,6228.53,1.12927,3,24,0,0,,110.222,567.659,0.978586,129.468,33.9989,False,False,0,1.03153,False,1,,,single,True,0.89813,True,A
6109,328933398,1,1880.97,4,2006.57,14.5635,71.9951,8,10.7447,5699,0.971675,3,24,0,0,13.5622,109.66,357.576,0.996576,212.568,84.3719,False,False,0,0.918999,False,1,1873.01,"1873.01,1873.02,1873.03",single,True,0.423551,True,A
6115,377388300,1,1877.08,6,7047.58,14.5442,154.667,12,12.8599,4885,0.702347,3,24,0,0,,273.294,1403.4,0.847036,150.195,55.699,False,False,2,0.581408,False,1,,,single,True,0.573759,True,A
6116,126236498,1,1892.29,6,7591.9,14.5413,128.5,12,12.8631,6438.37,1.64394,3,24,0,0,,288.131,1576.34,0.949659,133.387,26.7792,False,False,2,1.81924,False,1,,,single,True,1.39386,True,A
6119,147574700,1,1887.41,12,4206.83,14.536,12.0055,23,12.3012,6096,1.22323,3,24,0,0,,265.338,1214.58,0.987957,144.177,69.9673,False,False,4,1.98804,False,1,,,single,True,0.772046,True,A
6121,149453416,1,1874.98,4,6778.74,14.5301,104.167,8,12.4212,5461.79,0.840675,3,24,0,0,,203.742,1180.19,0.989952,141.198,24.3656,False,False,3,2.5882,False,1,,,single,True,0.673535,True,A
6123,286750182,1,1882.94,6,4315.18,14.5284,24.8392,11,11.8575,6293.6,1.71721,3,24,0,0,,162.734,818.058,0.993295,143.39,22.9828,False,False,8,2.41941,False,1,,,single,True,1.09769,True,A
6130,138659806,1,1897.02,4,9749.91,14.51,17.9958,8,12.9881,5968.38,1.01303,3,24,0,0,11.3715,673.257,1606.37,0.974693,136.147,26.4462,False,False,1,2.19435,False,1,,,single,True,0.973375,True,A
6132,284928495,1,1881.35,3,3815.07,14.4938,62.9986,6,11.6657,5764.66,1.00539,3,24,0,0,,114.992,682.161,0.997652,132.846,35.7184,False,False,3,1.21908,False,1,,,single,True,0.604287,True,A
6139,149344678,1,1872.31,8,1202.21,14.4693,-0.665748,11,9.52073,5738.61,1.10732,3,24,0,0,4.87349,75.9974,261.647,0.959646,138.565,27.8986,False,False,3,1.27535,True,1,,,single_partial,True,0.373611,True,B
6143,165915345,1,1896.39,8,4078.63,14.4587,0.50833,10,11.6331,6346.01,1.51975,3,24,0,0,9.04153,1027.88,709.193,0.958821,131.836,30.6618,False,False,3,2.86953,True,1,,,single_partial,True,0.944467,True,B
6144,27036304,1,1894.02,3,12303.8,14.4586,0.345621,4,12.9715,5930.05,1.26119,3,24,0,0,,262.516,1707.37,0.991966,151.457,23.2866,False,False,3,1.23784,True,1,,,single_partial,True,1.36131,True,B
6145,142396180,1,1883.33,12,7564.22,14.4556,15.3416,24,11.1406,5233,0.863141,3,24,0,0,9.09046,2064.45,585.962,0.935118,198.777,59.9211,False,False,0,0.5,False,1,,,single,True,0.730502,True,A
6147,236957943,1,1886.36,12,2951.54,14.4498,12.5076,24,11.5825,5341,1.94709,3,24,0,0,2.83239,204.305,717.322,0.93911,304.603,63.4785,False,False,7,1.87551,False,1,,,single,True,1.02936,True,A
6148,16147696,1,1890.56,4,3677.76,14.4383,86.0009,7,11.4748,5981,1.25244,3,24,0,0,,125.834,659.526,0.99097,136.487,36.7998,False,False,0,0.712693,False,1,,,single,True,0.739105,True,A
6151,257082235,1,1886.62,24,3200.45,14.4273,32.6662,48,11.2093,4681,0.773364,3,24,0,0,6.78124,497.07,720.225,0.795204,228.883,74.3695,False,False,1,0.768959,False,1,,,single,True,0.425742,True,A
6154,165884188,1,1894.81,4,8615.36,14.4217,70.9898,8,12.9742,5774.05,2.24399,3,24,0,0,,256.258,1632.92,0.964251,131.177,30.3834,False,False,2,2.9633,False,1,,,single,True,2.02682,False,B
6157,67586874,1,1893.79,3,6330.78,14.4074,95.4879,6,11.9341,6442.12,2.01187,3,24,0,0,2.46586,324.712,871.909,0.997443,131.166,37.6196,False,False,0,0.900244,False,1,,,single,True,1.55771,True,A
6159,88115473,1,1895.71,3,9247.85,14.4051,49.343,5,12.7648,3491,0.384675,3,24,0,0,,272.506,1412.84,0.996387,148.519,21.8473,False,False,1,2.30688,False,1,,,single,True,0.359974,True,A
6163,92023388,1,1883.71,6,5608.52,14.3924,5.84022,12,10.2039,6056,1.14787,3,24,0,0,13.6355,969.334,510.363,0.739402,145.474,22.8998,True,False,0,2.49443,False,1,,,single,True,0.836516,True,B
6169,67440690,1,1878.36,8,1812.51,14.3743,-1.66059,10,10.7961,5562.72,1.03433,3,24,0,0,,72.1868,415.749,0.997146,155.429,34.3673,False,False,0,0.825224,True,1,,,single_partial,True,0.428506,True,B
6171,126349841,1,1890.48,2,11903,14.3697,0.833418,4,12.8025,4999,0.698973,3,24,0,0,8.52859,480.935,1574.66,0.970117,135.692,25.3033,False,False,4,2.66322,True,1,,,single_partial,True,0.742072,True,B
6177,85991154,1,1872.04,4,7660.79,14.3591,33.6666,8,12.6719,5857.35,1.07969,3,24,0,0,,270.171,1482.17,0.980275,138.226,22.4852,False,False,0,0.675183,False,1,,,single,True,0.919588,True,A
6183,27002829,1,1895.54,1,10455.7,14.3416,0.154747,2,12.2877,5833.49,1.81934,3,24,0,0,,160.528,1018.42,0.992583,151.136,23.4225,False,False,2,1.40663,True,1,,,single_partial,True,1.81029,True,B
6184,417829082,1,1896.95,16,1050.42,14.3298,19.4869,32,7.27816,8608,2.2693,3,24,0,0,13.6143,376.804,232.917,0.705233,138.191,61.6757,True,False,2,0.637673,False,3,,,single,True,0.715701,True,B
6185,416839645,1,1893.85,6,4466.48,14.3279,93.9887,12,12.0713,6050.26,1.45498,3,24,0,0,,168.144,900.829,0.979458,133.193,41.3705,False,False,2,1.05029,False,1,,,single,True,0.946231,True,A
6191,117377913,1,1891.2,3,6530.44,14.2951,102.501,6,12.2487,5671,0.815777,3,24,0,0,,203.804,1013.08,0.976193,131.94,26.4456,False,False,3,1.96928,False,1,,,single,True,0.641505,True,A
6195,99816902,1,1897.49,6,6760.72,14.2869,6.49829,12,11.8287,3905,0.642609,1.5,12,1,0,4.23827,2072.1,1074.98,0.585627,163.891,63.4313,False,False,2,0.693938,False,1,,,single,True,0.514163,True,A
6198,288382363,1,1886.01,16,915.819,14.2762,16.5062,31,10.4193,6390,1.27109,3,24,0,0,5.65093,88.6669,343.223,0.997813,265.687,83.129,False,False,5,1.20033,False,1,,,single,True,0.374316,True,A
6200,117356131,1,1878.31,2,4844.12,14.2714,135.832,4,11.5006,5708.22,1.77784,3,24,0,0,,126.181,612.385,0.98718,131.795,29.3955,False,False,2,2.15684,False,1,,,single,True,1.20409,True,A
6201,139380377,1,1882.56,3,5658.05,14.2618,33.8357,6,12.0848,6001.12,1.53695,3,24,0,0,,173.32,932.056,0.994258,139.159,30.7986,False,False,1,1.31286,False,1,,,single,True,1.12499,True,A
6209,105439818,1,1897.54,4,11518.7,14.2064,5.49439,8,10.2588,5439.19,0.921046,1.5,12,1,0,6.19787,3648.93,1047.78,0.603733,142.199,45.6076,True,False,1,0.862734,False,1,,,single,True,0.961925,True,B
6211,26984413,1,1875.02,2,3721.07,14.1991,105.166,4,10.8936,6107.27,1.66946,3,24,0,0,3.24907,140.21,441.946,0.991686,150.381,21.6206,False,False,1,1.81924,False,1,,,single,True,0.990986,True,A
6214,353807936,1,1893.18,6,4301.3,14.1837,109.841,12,12.469,6145,1.1892,3,24,0,0,,192.1,1035.29,0.955791,270.217,56.6861,False,False,0,1.35037,False,1,5650.01,5650.01,single,True,0.758949,True,A
6215,355125380,1,1893.72,2,10786.7,14.1801,96.9926,4,12.8277,5719.99,1.15705,3,24,0,0,,242.357,1496.28,0.924373,133.013,26.8719,False,False,3,1.6692,False,1,,,single,True,1.16938,True,A
6218,284893479,1,1896.97,3,6747.37,14.1643,18.99,6,12.3999,3680,0.620157,3,24,0,0,,223.191,1197.22,0.994723,132.148,32.8554,True,False,7,1.89426,False,1,,,single,True,0.495709,True,B
6220,27108154,1,1887.77,3,5570.6,14.156,0.34543,4,11.2635,6086,1.21276,3,24,0,0,9.09741,591.776,591.769,0.978059,152.722,22.4616,False,False,2,0.637673,True,2,,,single_partial,True,0.880812,True,B
6221,166553749,1,1871.42,2,6582.43,14.154,4.66667,4,10.9467,5757.26,0.969588,1.5,12,1,0,2.05401,515.464,687.148,0.83576,134.824,31.7243,True,False,6,1.48165,False,1,,,single,True,0.765487,True,B
6223,355126468,1,1893.5,6,6170.83,14.149,102.495,12,12.578,,0.35,3,24,0,0,,240.122,1247.32,0.992724,137.063,31.7826,False,False,0,1.27535,False,1,,,single,True,0.267545,True,A
6230,154165514,2,1883.67,6,7176.87,14.115,5.83764,12,12.0463,6431,1.45583,1.5,12,1,0,2.79082,920.245,1269.32,0.969925,213.479,68.1822,True,False,4,0.712693,False,2,,,single,True,1.20015,True,B
6236,138664593,1,1875.92,1,16489.7,14.0657,126.667,2,12.8183,6268.45,1.50825,3,24,0,0,,329.302,1567.2,0.85289,136.459,27.2016,False,False,0,2.11933,False,1,,,single,True,1.88468,True,A
6239,136946058,1,1886.48,24,3343.87,14.0481,-1.15825,36,12.9233,3867,0.564796,3,24,0,0,,244.046,1406.85,0.991737,172.385,52.4302,False,False,1,0.5,True,1,,,single_partial,True,0.317814,True,B
6242,229590348,1,1871.18,3,7284.22,14.041,7.5,6,11.245,6609,1.68256,1.5,12,1,0,3.13223,1096.43,921.937,0.595265,271.941,74.6056,True,False,1,0.5,False,1,,,single,True,1.3974,True,B
6253,149396115,1,1890.68,1.5,6153.03,14.0063,89.8301,3,11.6808,6498.18,1.59297,3,24,0,0,3.10132,187.647,757.646,0.980111,139.492,26.1574,False,False,3,1.38788,False,1,,,single,True,1.21593,True,A
6258,3756601,1,1894.34,1.5,7329.59,13.9987,0.842339,3,11.9196,6056.71,1.18432,3,24,0,0,8.02681,420.888,880.68,0.928267,128.461,29.24,False,False,1,1.25659,True,1,,,single_partial,True,0.986658,True,B
6261,219116234,1,1876.36,16,2012.61,13.9886,137.5,32,12.3504,5040,0.851338,3,24,0,0,,224.613,1034.97,0.962839,272.389,66.3205,False,False,2,0.506387,False,1,,,single,True,0.371655,True,A
6263,417914056,1,1887.2,24,897.668,13.981,6.00442,36,10.5848,5293,0.655408,3,24,0,0,13.6143,293.408,411.392,0.915135,145.274,66.7215,False,False,0,1.50041,True,1,,,single_partial,True,0.191085,True,B
6266,233045708,1,1878.12,24,2643.27,13.9665,138.835,48,12.4002,6184,1.30313,3,24,0,0,3.8899,258.269,1034.62,0.984224,268.452,63.0309,False,False,0,0.543898,False,1,,,single,True,0.651953,True,A
6269,82204649,1,1896.96,16,3175.6,13.9546,19.3409,32,12.0639,5941,1.7529,3,24,0,0,,217.493,1120.45,0.821912,148.13,25.9168,True,False,1,1.40663,False,1,,,single,True,0.96123,True,B
6270,67595924,1,1874.9,4,10308.1,13.9539,102.167,8,12.9323,5595,0.953711,1.5,12,1,0,4.87342,3521.51,1634.44,0.992045,131.386,41.5772,False,False,0,0.675183,False,1,,,single,True,0.942245,True,A
6271,328933229,1,1896.93,16,4204.65,13.9509,19.9884,32,12.6579,5986,1.99079,3,24,0,0,2.71037,353.288,1327.79,0.80548,219.458,83.812,True,False,1,1.23784,False,1,,,single,True,1.25617,True,B
6274,159634967,1,1889.08,12,6151.87,13.9445,95.6602,24,12.4601,4134,0.611678,3,24,0,0,4.13516,563.549,1048.28,0.973071,220.876,64.947,False,False,0,1.14406,False,1,,,single,True,0.466857,True,A
6278,165885568,1,1887.55,1.5,9878.03,13.9164,13.3367,3,12.0565,3391,0.44107,2.5,20,1,0,4.23821,829.935,973.479,0.83308,131.294,35.6495,False,False,3,1.10655,False,1,,,single,True,0.42658,True,A
6279,417829085,1,1886.99,24,2429.38,13.9162,2.00519,29,7.6204,8194,2.07024,3,24,0,0,8.00842,1183.94,413.638,0.599195,138.198,61.6819,False,False,0,0.656428,True,2,,,single_partial,True,0.992947,True,B
6282,91899680,1,1887.27,6,10848.3,13.9045,5.16093,12,12.7937,6004.08,2.23796,3,24,0,0,2.67567,650.126,1616.24,0.974961,142.312,22.537,False,False,3,1.89426,False,1,,,single,True,2.26825,False,B
6285,20160931,1,1890.67,4,1447.09,13.8849,89.1648,8,9.915,6130,2.0599,3,24,0,0,,41.186,275.467,0.99207,145.206,43.8178,False,False,0,0.5,False,1,,,single,True,0.762522,True,A
6286,229740499,1,1883.61,8,4504.94,13.882,8.49751,16,10.3332,6305,1.72656,1.5,12,1,0,3.6627,1820.74,753.973,0.676069,279.448,68.8197,True,False,2,1.16282,False,1,,,single,True,1.12767,True,B
6293,188467457,1,1883.54,3,9133.45,13.8674,10.4987,6,12.7172,5832.22,1.3174,3,24,0,0,,311.173,1408.3,0.879003,133.534,37.2278,True,False,2,1.06904,False,1,,,single,True,1.22516,True,B
6308,233518365,1,1886.66,24,1692.93,13.8216,31.6616,48,12.1096,6217,1.56628,3,24,0,0,5.67284,218.445,974.187,0.979481,271.154,51.9104,False,False,1,0.543898,False,1,,,single,True,0.627113,True,A
6315,341874038,1,1872.8,24,1812.63,13.7939,36.5,47,12.3862,6004,1.19955,3,24,0,0,4.72836,299.721,1024.45,0.956042,275.077,75.3973,False,False,4,1.2941,False,1,,,single,True,0.49697,True,A
6326,459969791,1,1876.62,4,3599.26,13.7327,143.667,8,8.7396,6275,1.36335,3,24,0,0,7.97801,1081.83,265.479,0.712126,254.833,65.2098,False,False,2,1.98804,False,1,,,single,True,0.795924,True,A
6328,117508707,1,1887.63,4,5824.09,13.7163,0.835876,6,11.9258,5773.36,1.68346,3,24,0,0,10.4968,236.628,868.884,0.988071,138.296,25.6596,False,False,3,1.81924,True,1,,,single_partial,True,1.25019,True,B
6329,86279086,1,1873.97,1,6394.4,13.7153,80,2,11.4998,5887,0.819566,3,24,0,0,,109.853,677.567,0.982319,141.604,64.6208,False,False,0,0.825224,False,1,,,single,True,0.637737,True,A
6331,126277321,1,1895.6,1,7737.68,13.7112,0.504669,2,11.7771,6379.67,2.22084,3,24,0,0,,136.035,769.91,0.972828,133.902,26.7231,False,False,1,1.74422,True,1,,,single_partial,True,1.90099,True,B
6334,8915861,1,1879.65,1,13620.5,13.7006,103.84,2,12.829,3818.81,0.706122,3,24,0,0,,224.22,1303.5,0.949598,152.382,35.8115,False,False,1,1.23784,False,1,,,single,True,0.801926,True,A
6336,165500658,1,1883.23,16,3067.25,13.6996,15.8377,31,10.9686,5742,1.1042,3,24,0,0,13.5627,347.836,568.148,0.66771,265.711,56.4471,False,False,0,1.27535,False,2,,,single,True,0.595086,True,A
6340,137937306,1,1897.49,6,3420.75,13.6774,6.49627,12,11.4888,5683.11,1.75871,3,24,0,0,,174.031,710.505,0.862872,152.631,57.5032,False,False,3,0.806469,False,1,,,single,True,1.00095,True,A
6343,237002714,1,1886.22,16,3143.38,13.6677,18.0078,31,12.2731,6119,1.4209,3,24,0,0,,248.214,1267.77,0.86766,305.875,62.0031,False,False,6,1.18157,False,1,,,single,True,0.775211,True,A
6346,236982401,1,1871.57,3,5426.88,13.6645,4.5,6,10.183,6193,1.62035,3,24,0,0,6.20027,607.906,566.361,0.794684,305.166,64.0389,False,False,5,1.33161,False,1,,,single,True,1.16156,True,A
6347,400404555,1,1897.49,6,4182.29,13.6613,6.49331,12,11.7487,4402,0.663961,3,24,0,0,6.45827,684.893,741.655,0.868455,294.479,60.232,False,False,1,0.975265,False,1,,,single,True,0.417837,True,A
6349,172900634,1,1890.2,6,2744.39,13.6552,77.0039,12,11.4293,6188.84,1.30415,3,24,0,0,,109.393,627.29,0.93203,128.651,30.3512,False,False,4,1.96928,False,1,,,single,True,0.664826,True,A
6360,302632229,1,1879.71,2,5222.26,13.5973,102.334,4,11.7677,5707.53,1.07935,3,24,0,0,,148.286,796.828,0.979298,136.908,32.1301,False,False,1,1.31286,False,1,,,single,True,0.759013,True,A
6363,318230983,1,1871.05,1.5,4645.88,13.5873,9.83321,3,10.5804,3970,0.906266,0.5,4,1,0,2.03671,4813.62,407.49,0.999164,162.862,48.6955,True,False,3,0.5,False,1,,,single,True,0.6011,True,B
6364,307958740,1,1887.34,6,4952.39,13.5869,10.1589,12,12.8754,5837.16,1.34659,3,24,0,0,,226.407,1462,0.988568,148.993,29.2865,False,False,0,0.712693,False,1,,,single,True,0.922147,True,A
6366,67642125,1,1889.95,6,7823.01,13.5759,0.995058,8,11.4449,6200.44,1.69448,3,24,0,0,8.4699,688.241,677.888,0.980426,132.056,37.5326,False,False,4,1.50041,True,1,,,single_partial,True,1.45841,True,B
6367,117357031,1,1891.54,3,4904.48,13.5731,110.501,5,11.8605,5938,1.8181,3,24,0,0,,150.49,801.853,0.991656,131.865,26.4499,False,False,3,1.95053,False,1,,,single,True,1.239,True,A
6369,125552729,1,1878.88,6,5587.81,13.5718,122.339,12,12.7997,5958,1.03141,3,24,0,0,,256.492,1442.53,0.974912,145.288,27.8098,False,False,1,1.65045,False,1,,,single,True,0.750256,True,A
6372,16146463,1,1879.04,4,7695.85,13.5574,118.332,7,12.9428,5908.95,1.13915,3,24,0,0,,263.259,1549.47,0.996384,136.359,41.6933,False,False,1,0.768959,False,1,,,single,True,0.972448,True,A
6376,149365644,1,1894.88,2,6339.76,13.5473,69.3323,4,11.9687,6117,1.0848,3,24,0,0,,159.877,912.392,0.985998,138.802,24.6023,False,False,0,1.6692,False,1,,,single,True,0.840511,True,A
6378,172899859,1,1887.25,4,6585.58,13.5453,6.00427,8,12.8428,6208,1.64179,3,24,0,0,,272.807,1573.51,0.912321,128.589,32.207,False,False,1,1.72547,False,1,,,single,True,1.2965,True,A
6379,165892940,1,1887.52,6,7717.43,13.545,1.0029,8,11.3707,6150.07,3.16646,2.5,20,1,0,5.65095,1619.28,591.786,0.977239,131.678,32.9043,False,False,0,1.78173,True,2,,,single_partial,True,2.70687,False,B
6384,126235532,1,1872.46,6,2246.47,13.5148,43.6666,12,11.3841,6042.33,1.63268,3,24,0,0,,124.896,574.25,0.997127,133.324,29.0928,False,False,2,2.0443,False,1,,,single,True,0.753024,True,A
6385,229956136,1,1883.74,4,5260.76,13.5141,5.49678,8,10.6425,6096,2.77941,1.5,12,1,0,3.01386,912.063,737.888,0.581866,289.116,63.4397,True,False,6,1.838,False,1,,,single,True,1.96171,True,B
6388,138689083,1,1879.45,1.5,7381.92,13.51,108.668,3,11.9483,6263.1,1.36031,3,24,0,0,,149.187,868.187,0.910285,136.866,29.2972,False,False,0,1.38788,False,1,,,single,True,1.13731,True,A
6390,166554363,1,1887.47,4,6753.31,13.5024,12.5007,7,12.5522,5536.06,2.49095,3,24,0,0,,246.522,1259.79,0.933808,134.936,30.622,False,False,3,1.80049,False,1,,,single,True,1.99196,True,A
6391,172934212,1,1875.86,1.5,3260.29,13.499,0.833278,3,10.6862,5845,2.65799,3,24,0,0,12.3956,134.322,394.153,0.966543,128.938,33.9109,False,False,1,0.900244,True,1,,,single_partial,True,1.47686,True,B
6392,166530288,1,1888.5,3,3049,13.4985,37.0009,6,11.2725,5462.04,1.24726,3,24,0,0,,103.655,581.392,0.954002,134.65,30.7398,False,False,3,1.81924,False,1,,,single,True,0.670183,True,A
6393,88115296,1,1896.96,16,1826.98,13.4946,19.3433,32,11.1785,6245,1.38996,3,24,0,0,13.646,890.756,518.061,0.987246,148.562,21.1294,True,False,5,2.55069,False,1,,,single,True,0.578131,True,B
6394,27108018,1,1893.04,1,7560.38,13.4876,113.347,2,11.7191,5282.72,0.922241,3,24,0,0,,144.865,746.633,0.910262,152.809,23.2817,False,False,1,0.825224,False,1,,,single,True,0.780322,True,A
6405,88024850,1,1895.06,3,23102.4,13.4614,0.156562,4,12.4523,4523,0.763188,3,24,0,0,8.02708,1922.5,1217.25,0.877838,147.452,19.8182,False,False,2,1.40663,True,1,,,single_partial,True,1.1288,True,B
6407,392365479,2,1883.11,6,24710.8,13.4592,20.8388,12,10.816,5585.56,1.07223,0.75,6,1,0,1.8693,4530.95,3619.76,0.998707,155.994,46.1167,False,False,0,0.525143,False,3,,,single,True,1.64017,True,A
6410,172935073,1,1878.91,1,15352.3,13.4511,121.497,2,12.8267,4780,0.787174,3,24,0,0,9.74683,442.652,1572.04,0.882833,129.035,34.5853,False,False,3,0.843979,False,1,,,single,True,0.949106,True,A
6412,91968661,1,1881.69,1,7773.3,13.4473,0.839419,2,11.8609,5917,1.27551,3,24,0,0,,152.569,826.662,0.99571,144.304,22.8157,False,False,3,2.34439,True,1,,,single_partial,True,1.09432,True,B
6415,21413150,1,1896.72,24,2666.66,13.4431,-1.99205,41,12.3593,5918.46,1.48647,3,24,0,0,,207.969,1066.32,0.983297,134.824,37.2262,False,False,0,1.2941,True,1,,,single_partial,True,0.74696,True,B
6417,160345863,1,1880.96,4,6426.29,13.4399,72.3424,7,12.7311,5883,1.55776,3,24,0,0,,240.007,1504.96,0.963052,156.163,33.8023,False,False,2,0.712693,False,1,,,single,True,1.21517,True,A
6418,229640204,1,1885.57,1,3889.16,13.433,3.50381,2,8.0159,6031,1.03497,0.75,6,1,0,3.66268,5903.01,205.01,0.998198,279.244,72.267,False,False,0,0.900244,False,1,,,single,True,0.628078,True,A
6419,67640174,1,1873.54,4,3522.49,13.4298,69.6666,8,11.712,5923.68,1.39574,3,24,0,0,,121.653,708.462,0.944569,131.749,41.399,False,False,0,0.881489,False,1,,,single,True,0.806096,True,A
6421,82203345,1,1874.79,4,7606.58,13.421,99.6665,8,12.7711,3990,0.639609,3,24,0,0,,257.212,1439.73,0.964297,147.979,26.4616,False,False,1,1.27535,False,1,,,single,True,0.542834,True,A
6422,258919620,1,1871.14,4,7867.4,13.419,7.5,6,9.16015,5999,1.49601,1,8,1,0,3.84817,3523.23,808.841,0.612617,288.596,67.9059,True,False,1,1.96928,False,1,,,single,True,1.29124,True,B
6423,441809052,1,1883.76,3,3414.39,13.416,4.99801,6,8.65609,5659,2.15453,1.5,12,1,0,9.67999,9014.7,184.869,0.992346,266.593,73.2879,False,False,1,1.21908,False,1,,,single,True,1.22509,True,A
6426,155893441,1,1892.37,4,5497.52,13.4091,129.492,8,12.5144,5704,0.790347,3,24,0,0,,196.21,1087.18,0.947104,176.108,76.303,False,False,1,0.768959,False,1,,,single,True,0.570241,True,A
6431,284898525,1,1896.85,4,8271.83,13.3852,21.9907,8,12.9359,5646.97,0.891835,3,24,0,0,,289.852,1593.68,0.993011,132.63,31.901,True,False,8,2.68198,False,1,,,single,True,0.789301,True,B
6433,377862219,1,1883.7,6,3052.19,13.3742,6.49498,12,11.0478,6457,1.27017,3,24,0,0,9.0346,302.862,587.018,0.830372,298.161,60.4152,True,False,1,1.01277,False,1,,,single,True,0.68285,True,B
6435,307959481,1,1895.03,1.5,4091.67,13.3611,65.675,3,11.1605,6037,1.36406,3,24,0,0,,94.0841,513.799,0.982504,149.062,26.287,False,False,1,1.31286,False,1,,,single,True,0.849066,True,A
6437,285003079,1,1877.48,1,3061.44,13.3555,155.835,2,10.1345,6493.32,2.01837,3,24,0,0,4.54858,111.446,313.351,0.999176,137.346,28.8915,False,False,3,1.40663,False,1,,,single,True,1.08673,True,A
6438,332110546,1,1882.06,6,2369.48,13.3515,45.834,12,11.0219,6829.89,1.73499,3,24,0,0,4.8437,135.112,473.491,0.971282,135.173,29.4362,False,False,4,1.63169,False,1,,,single,True,0.821828,True,A
6442,103684289,1,1896.99,16,1436.78,13.3412,18.4915,32,11.0163,4405,0.755318,3,24,0,0,8.00847,277.241,510.037,0.903438,153.018,67.6773,True,False,1,0.5,False,1,,,single,True,0.278601,True,B
6446,188464390,1,1894.39,8,1815.62,13.3372,80.9886,16,10.7702,6021,1.09394,3,24,0,0,,106.369,552.127,0.531719,133.052,41.3384,False,False,2,0.99402,False,1,,,single,True,0.45359,True,A
6451,287179344,1,1878.02,6,3188.95,13.3103,142.833,12,12.1549,5927,0.914893,3,24,0,0,,158.537,843.635,0.995618,149.483,60.5129,False,False,1,0.881489,False,1,,,single,True,0.502749,True,A
6455,126275714,1,1897.39,8,4425.62,13.2928,8.99363,16,11.8089,5294,0.75355,2.5,20,1,0,10.4967,4065.94,823.44,0.974473,133.834,26.0065,False,False,1,2.23186,False,2,,,single,True,0.487817,True,A
6459,142878358,1,1883.23,16,1104.13,13.2762,17.8345,31,11.5013,5671,1.73502,3,24,0,0,,102.78,632.591,0.890497,177.022,69.4792,False,False,1,0.843979,False,1,,,single,True,0.561011,True,A
6460,309999580,1,1871.66,12,2919.13,13.2701,15.5,24,10.8619,5941,1.19047,3,24,0,0,2.90757,395.623,535.737,0.836201,211.074,81.6319,False,False,1,0.637673,False,1,,,single,True,0.625897,True,A
6463,362226873,1,1872.89,24,1748.43,13.2518,42,47,12.2813,6510,1.71235,3,24,0,0,7.00648,243.892,991.992,0.974354,285.817,71.9607,False,False,0,0.5,False,1,,,single,True,0.696745,True,A
6465,230070765,1,1885.58,6,6084.59,13.2494,5.66273,12,7.5934,5713.46,1.28692,2,16,1,0,9.04175,4510.67,142.426,0.997838,243.325,66.6146,False,False,0,0.618918,False,2,,,single,True,0.976843,True,A
6467,8191040,1,1897.13,4,7506.91,13.2301,15.3421,7,12.9955,4165.21,0.562759,3,24,0,0,,241.112,1623.39,0.919742,156.276,38.4039,False,False,1,0.900244,False,1,,,single,True,0.474472,True,A
6468,149364633,1,1871.34,1.5,16357.4,13.2293,4.33313,3,12.9531,5767.69,0.892522,1.5,12,1,0,2.03669,808.657,1713.57,0.957708,138.819,27.6193,True,False,2,1.31286,False,1,,,single,True,1.11079,True,B
6473,233743641,1,1894.14,3,5438.64,13.2027,1.00117,6,12.2946,6072,1.12138,3,24,0,0,,162.303,986.081,0.979621,278.278,63.4987,False,False,0,1.18157,True,1,,,single_partial,True,0.804739,True,B
6475,236960509,1,1886.13,16,1431.12,13.1986,16.0075,31,10.8384,5736,1.20841,3,24,0,0,2.7678,177.841,477.67,0.933317,304.536,61.4107,False,False,4,1.44414,False,1,,,single,True,0.444846,True,A
6477,149468676,1,1881.73,2,8778.61,13.1891,53.8377,4,12.5495,5622,0.88167,3,24,0,0,,236.469,1405.06,0.989239,141.56,26.1739,False,False,2,2.02555,False,1,,,single,True,0.803853,True,A
6482,424388625,1,1885.62,3,18651.4,13.1648,4.50518,6,11.6161,3409,0.409251,3,24,0,0,5.89212,1979.01,2568.69,0.307093,281.053,75.9961,False,False,0,1.4629,False,1,,,single,True,0.543879,True,A
6484,154007247,1,1885.27,3,3050.34,13.1577,4.1627,6,8.6952,5739,0.876517,3,24,0,0,12.4054,502.986,294.033,0.864964,205.06,68.7378,False,False,0,0.543898,False,1,,,single,True,0.471077,True,A
6485,147576345,1,1883.7,6,7900.69,13.1568,6.49602,12,12.232,5641,0.876882,3,24,0,0,4.49644,795.644,1180.67,0.935073,144.399,70.0069,True,False,3,1.98804,False,1,,,single,True,0.758457,True,B
6489,92023213,1,1872.63,4,2186.3,13.1456,47.6665,8,10.9666,5699.16,1.67604,3,24,0,0,,81.5585,460.888,0.996377,145.531,21.9954,False,False,4,2.17559,False,1,,,single,True,0.7626,True,A
6493,101540143,1,1876.9,1,9291.63,13.1349,150.167,2,10.9405,5981.34,1.02057,3,24,0,0,5.05392,945.385,462.713,0.858553,129.639,33.6875,False,False,3,1.51916,False,1,,,single,True,0.957296,True,A
6494,21510021,1,1882.36,3,12334.7,13.1322,38.8381,6,12.989,3935,0.609138,3,24,0,0,1.64408,461.155,1755.72,0.806453,149.379,39.6752,False,False,1,0.506387,False,1,,,single,True,0.65832,True,A
6496,67586032,1,1894.87,4,2369.28,13.1299,69.4877,8,10.8649,6743.3,1.65027,3,24,0,0,,79.5633,428.626,0.982752,130.897,37.5774,False,False,0,1.01277,False,1,,,single,True,0.781665,True,A
6498,356736743,1,1881.6,4,6792.04,13.1194,56.9986,8,12.6635,5952,1.05189,3,24,0,0,5.91933,598.927,1279.7,0.954934,177.702,75.2034,False,False,1,0.731448,False,1,3832.01,3832.01,single,True,0.843583,True,A
6499,172900374,1,1890.62,4,9356.57,13.1183,87.004,7,12.975,6382,1.88842,3,24,0,0,,350.669,1672.25,0.97811,128.548,30.3857,False,False,1,1.93177,False,1,,,single,True,1.77752,True,A
6500,17327983,1,1872,24,910.45,13.1161,32.6665,48,11.666,5743.63,1.18346,3,24,0,0,,112.538,659.519,0.998965,161.237,37.5519,False,False,0,0.600163,False,1,,,single,True,0.347487,True,A
6507,407589717,1,1873.69,3,6930.09,13.0968,73.1665,6,12.7298,5681,2.01822,3,24,0,0,,235.134,1329.69,0.989695,151.933,33.6398,False,False,0,0.5,False,1,,,single,True,1.63492,True,A
6508,86338278,1,1887.04,24,1534.38,13.0959,2.50394,29,11.6647,5621,1.32666,3,24,0,0,,143.062,762.577,0.984838,143.297,62.824,False,False,2,0.881489,True,1,,,single_partial,True,0.50569,True,B
6512,148655542,1,1882.75,16,11606.1,13.0875,29.3387,31,12.956,5510.14,0.867303,2.5,20,1,0,5.6858,2172.46,1656.12,0.951469,158.185,48.6661,False,False,0,0.881489,False,1,,,single,True,0.909224,True,A
6522,258956704,1,1886.53,6,6782.76,13.0423,6.00465,12,12.1879,5915,0.975321,1.25,10,1,0,4.88034,4206.53,913.425,0.888628,289.353,68.0743,False,False,0,1.838,False,2,,,single,True,0.781643,True,A
6526,160333035,1,1876.46,4,3795.47,13.0276,139.667,5,11.635,5049,0.916913,3,24,0,0,,110.868,667.552,0.974667,155.793,33.9759,False,False,0,0.731448,False,1,,,single,True,0.549691,True,A
6527,284992333,1,1878.06,2,10231.3,13.0191,141.835,4,12.9802,6573.56,1.57046,3,24,0,0,,296.965,1498.81,0.978668,137.181,29.0041,False,False,1,1.44414,False,1,,,single,True,1.54579,True,A
6532,453427609,1,1893.74,16,1751.65,12.9874,96.4951,32,11.9816,6012.7,1.50629,3,24,0,0,3.89878,221.682,813.614,0.979151,146.532,52.0284,False,False,2,0.525143,False,1,,,single,True,0.613465,True,A
6537,459766627,1,1872.06,24,866.951,12.981,26.6667,48,11.6955,5458.29,1.09303,3,24,0,0,,152.307,672.22,0.988008,143.252,57.5428,False,False,0,0.656428,False,1,,,single,True,0.313175,True,A
6539,117276886,1,1896.45,1.5,7363.21,12.9779,0.842119,3,12.174,5609.1,1.67023,3,24,0,0,,173.57,1036.83,0.976188,130.82,28.9097,False,False,3,1.81924,True,1,,,single_partial,True,1.39466,True,B
6541,101575950,1,1897.61,1.5,12935.2,12.9733,3.66774,3,9.99952,5720,1.01529,3,24,0,0,9.06946,1592.48,693.94,0.669088,144.158,32.8535,True,False,0,0.5,False,1,,,single,True,1.12366,True,B
6543,117354453,1,1882.88,1.5,10397.4,12.9702,1.1669,3,12.6675,8747,1.67522,3,24,0,0,,222.751,1280.58,0.93947,131.726,24.7063,False,False,1,1.6692,True,1,,,single_partial,True,1.66223,True,B
6546,147938125,1,1883.8,1.5,5851.7,12.9627,4.16567,3,10.9407,5258,1.9711,0.75,6,1,0,7.58095,29801.6,518.303,0.998931,166.621,71.4938,False,False,1,0.806469,False,1,,,single,True,1.46726,True,A
6548,233688532,1,1880.62,3,5909.63,12.9595,0.166607,4,12.0304,6199,1.82478,3,24,0,0,13.5625,225.545,926.178,0.806471,275.373,61.7982,False,False,1,0.975265,True,1,,,single_partial,True,1.36505,True,B
6550,239205997,1,1879.65,2,12389.6,12.9548,0.840714,4,12.7311,5177,0.848591,3,24,0,0,12.4055,1440.42,1419.49,0.946179,149.374,20.9614,False,False,4,2.19435,True,1,,,single_partial,True,0.919146,True,B
6551,309999423,1,1872.58,24,1599.49,12.9433,39,48,11.6221,5739,0.938304,3,24,0,0,12.1684,224.026,656.235,0.916936,211.229,80.9026,False,False,2,0.562653,False,1,,,single,True,0.365168,True,A
6555,237003534,1,1871.91,8,3616.67,12.9356,8,16,11.2764,6908,1.48776,3,24,0,0,5.24156,348.39,675.029,0.903698,306.018,61.4214,False,False,4,1.03153,False,1,,,single,True,0.870652,True,A
6570,150161899,1,1876.27,4,5725.64,12.8882,0.166476,5,12.2727,6158,1.2055,3,24,0,0,,183.171,1057.78,0.971817,136.739,49.0857,False,False,1,1.12531,True,1,,,single_partial,True,0.88764,True,B
6574,198512476,1,1883.82,1.5,31447.9,12.8799,3.66847,3,10.228,,0.659065,2.5,20,1,0,5.05402,3167.15,2866.27,0.147104,212.627,72.5873,False,False,0,0.5,False,1,,,single,True,1.13732,True,A
6575,456309085,1,1885.33,2,5398.65,12.8719,4.00351,3,11.3131,5775.63,1.66074,3,24,0,0,4.87342,178.764,601.329,0.990605,134.096,49.2268,False,False,1,0.618918,False,2,,,single,True,1.18741,True,A
6580,8115147,1,1875.99,1.5,2217.39,12.8472,128.333,3,10.3693,5821,1.26752,3,24,0,0,,58.8474,356.398,0.995921,154.249,35.9997,False,False,1,0.975265,False,1,,,single,True,0.580809,True,A
6582,285004781,1,1880.16,1.5,8380.45,12.8428,91.6699,3,12.3447,6434,2.01753,3,24,0,0,,185.248,1050.13,0.995848,138.4,24.206,False,False,4,1.57543,False,1,,,single,True,1.79726,True,A
6584,27069728,1,1891.04,3,10254.5,12.8273,0.15409,4,12.64,5149.34,0.870386,3,24,0,0,13.6461,416.268,1444.18,0.987366,152.115,22.8756,False,False,1,0.95651,True,1,,,single_partial,True,0.857682,True,B
6586,233130465,1,1875.66,6,965.522,12.8256,120.667,12,9.22531,5741,1.57137,3,24,0,0,,46.2479,232.456,0.995457,274.201,61.2922,False,False,2,0.975265,False,1,,,single,True,0.475135,True,A
6590,39064157,1,1871.13,3,2169.35,12.8167,11.6667,4,9.77392,5600.93,1.5171,3,24,0,0,5.2163,69.9641,240.829,0.994646,138.979,40.2432,True,False,0,0.937754,False,1,,,single,True,0.687601,True,B
6591,27036776,1,1881.73,3,1401.75,12.8127,0.34266,4,8.44654,5584,1.69234,3,24,0,0,9.74722,67.4819,141.993,0.999768,151.505,20.5705,False,False,1,1.21908,True,1,,,single_partial,True,0.616568,True,B
6592,55762408,1,1883.69,6,6341.4,12.8035,6.84116,12,7.3219,6038,1.21424,3,24,0,0,8.36604,1309.3,771.544,0.763259,182.029,55.4641,True,False,0,0.600163,False,1,,,single,True,0.940924,True,B
6594,3666722,1,1871.94,8,2988.55,12.7888,8.66667,16,11.0724,5753.88,0.996116,3,24,0,0,5.97052,382.875,541.621,0.876448,127.499,27.3034,False,False,3,1.68796,False,1,,,single,True,0.529905,True,A
6595,330795861,1,1889.19,1,13533.7,12.7878,54.6603,2,12.8417,6174.3,1.58371,3,24,0,0,,246.926,1516.21,0.987548,144.401,24.8507,False,False,5,1.91302,False,1,,,single,True,1.79284,True,A
6598,9299047,1,1875.15,3,3735.75,12.7843,106.667,5,11.4702,5734,1.98047,3,24,0,0,,122.324,603.507,0.97172,138.074,41.0062,False,False,2,0.843979,False,1,,,single,True,1.17792,True,A
6601,115855816,1,1886.27,24,733.075,12.777,28.1594,47,10.4114,5796.22,1.06613,3,24,0,0,5.68583,137.7,326.184,0.982265,157.282,42.1472,False,False,1,0.5,False,1,,,single,True,0.280894,True,A
6603,160603826,1,1886.43,24,1352.54,12.7679,24.0012,47,12.2086,4055,0.906902,3,24,0,0,,146.962,934.132,0.980094,245.06,75.5947,False,False,2,1.93177,False,1,,,single,True,0.324558,True,A
6609,284898266,1,1894.97,6,5932.07,12.7487,66.9904,12,12.9561,5974.32,1.2277,3,24,0,0,,300.326,1516.5,0.976212,132.59,32.8253,False,False,3,1.87551,False,1,,,single,True,0.920137,True,A
6611,8687942,1,1876.16,1.5,11080.8,12.7433,132.333,3,12.1419,4381.91,0.742337,3,24,0,0,6.45829,1478.71,884.095,0.979086,137.826,32.1122,False,False,2,1.05029,False,1,,,single,True,0.760404,True,A
6612,117415391,1,1874.4,4,2360.36,12.742,90.1666,8,11.0826,6229.72,1.39739,3,24,0,0,,88.2643,480.211,0.998061,132.729,29.2614,False,False,2,2.36314,False,1,,,single,True,0.660639,True,A
6614,117280403,1,1876.27,24,557.41,12.7398,135.167,47,8.136,6066,2.0732,3,24,0,0,4.87344,81.7325,147.841,0.774283,131.113,28.4536,False,False,1,1.61294,False,1,,,single,True,0.476306,True,A
6617,309754115,1,1871.75,16,1727.77,12.7248,18.1667,32,12.0268,6094.74,1.24254,3,24,0,0,7.05581,256.604,897.029,0.988111,141.743,57.2252,False,False,1,0.843979,False,1,,,single,True,0.502587,True,A
6619,117411041,1,1879.63,3,5421.85,12.7211,0.16531,4,11.5467,5724.92,1.83269,3,24,0,0,,157.182,617.311,0.982169,132.502,24.3255,False,False,2,1.74422,True,1,,,single_partial,True,1.31317,True,B
6622,284894196,1,1871.27,8,5841.51,12.7116,15.1667,14,11.7257,5868,1.03117,3,24,0,0,4.52076,416.468,708.179,0.995716,132.119,35.6671,True,False,1,1.25659,False,2,,,single,True,0.76692,True,B
6628,27002302,1,1883.76,1.5,4579.5,12.6913,5.17668,3,11.1135,5910.13,1.04909,3,24,0,0,4.5487,198.348,527.875,0.97026,151.066,20.7286,False,False,1,1.40663,False,1,,,single,True,0.690843,True,A
6636,117507121,1,1895.45,4,7917.06,12.6781,55.4979,7,12.7276,5563,0.922972,3,24,0,0,,297.123,1411.65,0.996787,138.219,26.1893,False,False,4,1.89426,False,1,,,single,True,0.799149,True,A
6637,3664454,1,1887.31,8,5598.72,12.6762,8.00403,16,12.3958,5706,1.20284,3,24,0,0,2.63328,439.221,1454.84,0.92236,127.369,25.3591,False,False,3,1.40663,False,1,,,single,True,0.87581,True,A
6638,85995100,1,1872.31,3,6602.54,12.6726,40.1666,5,12.4271,5817.29,1.15516,3,24,0,0,,247.842,1225.88,0.895694,138.65,23.3388,False,False,0,1.16282,False,1,,,single,True,0.913387,True,A
6642,17124540,1,1878.71,2,5612,12.6646,126.337,4,12.0435,6301.35,1.29537,3,24,0,0,,146.059,906.442,0.901213,144.365,37.918,False,False,0,0.768959,False,1,,,single,True,0.9443,True,A
6646,147898114,1,1894.83,3,8098.92,12.6553,70.4962,6,12.7085,5491,1.05144,3,24,0,0,,222.759,1462.49,0.881946,164.776,67.1008,False,False,0,0.881489,False,1,,,single,True,0.920779,True,A
6647,8792826,1,1878.69,3,7133.66,12.6543,126.836,6,12.7971,6175.33,1.94248,3,24,0,0,,238.329,1442.61,0.95539,140.733,30.5986,False,False,2,0.918999,False,1,,,single,True,1.5965,True,A
6650,233569098,1,1881.3,1.5,4874.22,12.6458,64.1648,3,10.6746,5930,1.51063,1.5,12,1,0,4.20896,1573.39,423.03,0.954886,281.814,64.8064,False,False,2,1.38788,False,1,2148.01,2148.01,single,True,1.02629,True,A
6651,149345242,1,1883.71,2,11916.2,12.6455,6.33645,4,12.8543,5321,0.789472,3,24,0,0,,365.573,1659.06,0.961686,138.572,25.1968,True,False,3,1.72547,False,1,,,single,True,0.838615,True,B
6653,39126049,1,1888.56,24,849.39,12.6455,39.16,48,10.8617,5555.81,0.958673,3,24,0,0,,105.096,417.837,0.999665,151.915,38.2181,False,False,1,0.581408,False,1,,,single,True,0.271883,True,A
6657,233210217,1,1883.73,6,5266.89,12.6329,5.83393,12,11.6918,6560,1.75375,3,24,0,0,7.97795,384.461,832.977,0.862095,266.601,66.2945,True,False,1,0.562653,False,1,,,single,True,1.23852,True,B
6658,414963902,1,1894.25,1,13433,12.6326,0.663459,2,12.6772,6418.14,1.70054,3,24,0,0,,281.467,1488.85,0.919029,140.698,23.2222,False,False,1,1.6692,True,1,,,single_partial,True,1.91792,True,B
6661,166531653,1,1892.83,6,4496.2,12.6267,118.492,12,12.4719,6118,1.24414,3,24,0,0,,199.31,1085.33,0.985312,134.854,35.1233,False,False,0,1.0878,False,1,,,single,True,0.811801,True,A
6669,297945701,1,1897.54,4,5582.88,12.5986,5.4989,8,10.955,6269,1.14947,2.5,20,1,0,4.84374,975.571,810.527,0.807812,156.575,56.6188,True,False,2,0.5,False,1,,,single,True,0.835765,True,B
6670,172936023,1,1872.77,4,6055.06,12.5978,51.1666,8,12.3589,6195,1.3662,3,24,0,0,,239.101,1132.9,0.906631,129.115,30.8062,False,False,2,2.10057,False,1,,,single,True,1.0345,True,A
6671,288183822,1,1871.14,4,2881.66,12.5961,12,6,11.0032,6206,1.52587,3,24,0,0,10.4726,299.064,480.48,0.90386,222.673,82.4764,True,False,1,1.12531,False,1,,,single,True,0.797069,True,B
6672,26985342,1,1887.48,3,4721.24,12.5952,13.6559,5,11.7988,6538,1.54422,3,24,0,0,,159.866,785.902,0.896928,150.415,21.1288,False,False,1,1.80049,False,1,,,single,True,1.03251,True,A
6673,117932272,1,1897.58,2,28754.1,12.5942,4.48743,4,9.739,5776.72,2.39892,2,16,1,0,9.0901,6819.72,1761.38,0.761902,132.222,43.1574,True,False,0,0.731448,False,1,,,single,True,3.95843,False,B
6682,117411471,1,1887.81,4,6270.71,12.5566,21.0009,8,12.6089,6091,1.75044,3,24,0,0,,222.655,1374.2,0.962776,132.48,25.9558,False,False,4,2.23186,False,1,,,single,True,1.34885,True,A
6683,237105275,1,1886.53,24,1402.15,12.556,26.5036,47,12.0442,6307,1.61959,3,24,0,0,,160.766,819.447,0.949475,256.491,78.6,False,False,2,0.937754,False,1,,,single,True,0.590147,True,A
6686,233632283,1,1876.2,24,373.415,12.5517,133.5,48,8.04736,7601,1.61241,3,24,0,0,3.87498,50.1534,128.811,0.945298,284.892,63.0142,False,False,4,2.06306,False,1,,,single,True,0.3032,True,A
6688,149344675,1,1872.49,1.5,10961.4,12.5501,44.3332,3,12.5336,5366.74,1.21199,2,16,1,0,5.05399,1684.67,1125.62,0.970904,138.513,27.9092,False,False,4,1.31286,False,1,,,single,True,1.23478,True,A
6689,3753139,1,1888.88,1.5,4014.67,12.5459,0.661529,3,11.104,6386,2.09766,3,24,0,0,2.52696,129.658,515.688,0.953456,128.343,29.9003,False,False,2,1.53792,True,1,,,single_partial,True,1.29335,True,B
6696,88645165,1,1895.97,8,9412.68,12.5162,0.51059,10,12.1601,3912,0.548133,3,24,0,0,13.6143,3460.74,1192.77,0.558258,130.711,37.6081,False,False,2,0.900244,True,1,,,single_partial,True,0.517488,True,B
6698,172518958,1,1896.86,6,2588.54,12.5113,21.8358,11,11.5366,6170.55,1.85259,3,24,0,0,,116.768,666.779,0.990789,142.678,25.5931,True,False,1,2.43816,False,1,,,single,True,0.917199,True,B
6702,288268709,1,1885.64,4,3097.77,12.5009,5.00511,8,9.9005,5887,2.01205,1.5,12,1,0,11.2932,10433.4,314.406,0.883772,259.583,81.359,False,False,1,1.35037,False,1,,,single,True,1.08973,True,A
6704,233500234,1,1886.47,24,1404.16,12.4943,25.0019,47,12.5087,5368,0.903845,3,24,0,0,,179.764,1093.39,0.935891,250.174,76.1797,False,False,2,1.27535,False,1,,,single,True,0.329579,True,A
6710,341527523,1,1875.19,1,6494.89,12.4765,109.167,2,11.5431,6378.47,1.90471,3,24,0,0,,155.494,683.203,0.986767,130.036,32.8268,False,False,1,2.36314,False,1,,,single,True,1.49373,True,A
6714,117415800,1,1877.82,1.5,13261.8,12.4723,0.832187,3,12.8289,3662,0.538726,2,16,1,0,2.96645,1020.92,1560.28,0.992112,132.911,28.8907,False,False,3,2.02555,True,1,,,single_partial,True,0.603709,True,B
6715,159634502,1,1876.23,24,3538.52,12.4713,134.167,47,10.7016,5745,0.918563,3,24,0,0,7.17667,1190.66,820.392,0.596115,220.905,62.5752,False,False,0,1.33161,False,1,,,single,True,0.531713,True,A
6717,233711517,1,1882.93,2,6698.61,12.4631,1.3334,3,11.9226,5643,1.30149,3,24,0,0,,178.738,805.307,0.954466,275.967,62.0853,False,False,0,1.18157,True,1,,,single_partial,True,1.03655,True,B
6724,198237383,1,1883.73,6,8492.58,12.4485,5.8382,12,9.44559,6296,1.13241,3,24,0,0,8.43111,2185.19,658.607,0.715419,248.945,62.3838,True,False,1,0.862734,False,1,,,single,True,1.0155,True,B
6726,21511599,1,1871.34,1.5,8892.64,12.4393,16.8332,3,12.5554,5687,1.39598,3,24,0,0,,210.929,1194.18,0.964157,149.628,41.2512,True,False,1,0.768959,False,1,,,single,True,1.28101,True,B
6727,332110559,1,1882.59,3,15391.9,12.4358,0.665591,5,12.8408,7263.76,3.0125,3,24,0,0,7.97786,1516.21,1520.08,0.99031,135.075,29.489,False,False,1,1.70671,True,1,,,single_partial,True,3.63689,False,B
6730,117508702,1,1890.56,4,7704.78,12.4284,87.1641,8,12.8903,5090.04,0.761618,3,24,0,0,,248.583,1589.26,0.970954,138.242,25.7597,False,False,2,1.838,False,1,,,single,True,0.650541,True,A
6731,302727362,1,1886.94,24,2129.72,12.4261,4.16144,33,12.495,5481.6,1.15369,3,24,0,0,,188.492,1157.6,0.988117,169.054,57.8245,False,False,2,0.618918,True,1,,,single_partial,True,0.518093,True,B
6732,385452330,1,1897.56,3,7749.04,12.4242,4.9872,6,9.9733,5593.1,1.64003,2.5,20,1,0,7.58087,2422.93,470.535,0.734927,136.014,55.6769,True,False,1,0.881489,False,1,,,single,True,1.40486,True,B
6736,26984319,1,1887.65,2,3463.7,12.4177,1.34437,4,11.2258,5813,1.20275,3,24,0,0,,88.8354,540.651,0.998591,150.349,21.1434,False,False,2,1.87551,True,1,,,single_partial,True,0.688815,True,B
6739,117276888,1,1896.06,4,3241.92,12.4012,40.9899,7,10.8092,6611.72,1.58888,3,24,0,0,2.96644,143.58,452.743,0.968185,130.894,28.9122,False,False,2,1.78173,False,1,,,single,True,0.880338,True,A
6740,99937288,1,1896.33,12,1988.67,12.399,34.4994,24,11.7568,6197,1.09621,3,24,0,0,11.3455,234.772,736.215,0.857683,170.193,65.3722,False,False,0,0.99402,False,1,,,single,True,0.475699,True,A
6744,91895941,1,1888.5,3,10750.3,12.3937,0.161131,4,12.9675,6135.29,1.81246,3,24,0,0,10.4968,726.901,1655.56,0.968344,141.983,22.601,False,False,0,1.96928,True,1,,,single_partial,True,1.82868,True,B
6745,126278446,1,1896.83,3,2097.41,12.3874,0.00528517,4,9.6731,5315,0.957795,3,24,0,0,6.49796,187.885,249.04,0.991782,134.029,25.8094,True,False,3,2.32563,True,1,,,single_partial,True,0.426847,True,B
6748,288468223,1,1883.8,1,7779.51,12.372,3.99529,2,5.5691,6255,2.11933,3,24,0,0,13.5519,1181.68,471.116,0.583106,270.015,80.0008,False,False,1,0.99402,False,2,,,single,True,1.819,True,A
6759,232966770,1,1883.15,8,4228.29,12.3334,19.838,16,9.5573,5341,0.912503,1.25,10,1,0,1.86931,674.781,738.057,0.78167,197.746,66.519,False,False,1,0.5,False,2,,,single,True,0.577397,True,A
6760,349794321,1,1873.41,1.5,3349.82,12.3304,1.6687,3,10.28,6304.29,1.25419,3,24,0,0,2.67567,148.69,333.913,0.979819,143.598,25.9464,False,False,3,2.11933,True,1,,,single_partial,True,0.706369,True,B
6766,103573177,1,1896.93,16,3774.58,12.3179,19.9892,32,12.2165,5984,1.43781,3,24,0,0,13.5623,646.898,1258.26,0.808683,149.953,70.2303,True,False,2,1.50041,False,1,,,single,True,0.859594,True,B
6767,9298557,1,1888.97,6,2365.15,12.3168,48.5009,12,11.6249,6239.3,1.68252,3,24,0,0,,120.933,678.812,0.890433,137.893,40.3291,False,False,1,0.806469,False,1,,,single,True,0.796246,True,A
6769,27036606,1,1879.46,1,9246.69,12.3127,108.343,2,12.1375,5052,0.787344,3,24,0,0,,196.899,1048.33,0.993437,151.496,21.5435,False,False,0,1.14406,False,1,,,single,True,0.736741,True,A
6771,91893234,1,1882.15,6,6388.12,12.2996,-1.16175,8,12.5405,5775,1.42224,3,24,0,0,,240.499,1199.55,0.971022,141.697,23.7378,False,False,3,2.70073,True,1,,,single_partial,True,1.10616,True,B
6772,139418140,1,1895.31,24,1134.32,12.2926,58.8425,48,12.0248,6193.72,1.44287,3,24,0,0,,150.617,794.037,0.962556,154.255,34.4004,False,False,0,1.01277,False,1,,,single,True,0.472882,True,A
6773,285010099,1,1887.64,2,5501.6,12.2916,16.5015,4,11.7922,5549,0.8182,3,24,0,0,6.03212,301.691,697.946,0.995927,133.319,30.3268,False,False,4,2.3819,False,1,,,single,True,0.590557,True,A
6777,137887936,1,1897.58,2,15272.2,12.2709,4.49652,4,8.43732,6177.84,1.36421,3,24,0,0,9.72465,1692.97,1683.55,0.524503,151.244,55.4856,True,False,0,0.600163,False,1,,,single,True,1.64055,True,B
6779,362063746,1,1871.59,2,5504.27,12.267,22.6666,4,11.9177,5671.09,2.42188,3,24,0,0,,180.032,786.312,0.992588,132.285,41.2036,False,False,0,0.918999,False,1,,,single,True,1.74848,True,A
6784,258872568,1,1890.72,24,390.648,12.2586,110.004,48,10.1137,6161,1.30523,3,24,0,0,,48.8201,271.498,0.979909,288.314,66.7911,False,False,0,2.06306,False,1,,,single,True,0.251037,True,A
6791,357047878,1,1886.5,24,2148.92,12.2322,26.6643,47,12.3923,5573.33,1.17771,3,24,0,0,,246.04,1175.52,0.958478,274.627,56.5369,False,False,3,1.53792,False,1,,,single,True,0.531258,True,A
6795,92005313,1,1878.88,4,2677.11,12.2196,122.34,8,11.223,6049,1.08256,3,24,0,0,,109.722,602.246,0.8841,145.09,22.5643,False,False,4,2.28812,False,1,,,single,True,0.545058,True,A
6797,239202565,1,1879.86,3,4694.09,12.2091,98.8422,6,10.9275,5331,0.874652,2,16,1,0,6.19801,2430.95,494.747,0.897067,148.884,21.3015,False,False,5,2.47567,False,1,,,single,True,0.583134,True,A
6798,233725830,1,1888.18,3,1667.87,12.2065,68.0003,6,9.91999,5671,1.33414,3,24,0,0,,54.6125,290.908,0.974758,276.967,62.6895,False,False,1,1.38788,False,1,,,single,True,0.5302,True,A
6806,376491364,1,1886.58,12,1403.84,12.1917,35.6588,24,10.526,6080.68,2.31512,3,24,0,0,13.646,326.316,378.284,0.870482,160.482,43.846,False,False,1,0.693938,False,1,,,single,True,0.844093,True,A
6807,105438318,1,1897.54,4,15727.7,12.1909,5.49456,8,7.30828,5905,3.10957,2.5,20,1,0,10.4967,4174.78,1221.86,0.772039,142.176,45.5826,True,False,1,0.862734,False,1,,,single,True,3.79481,False,B
6811,137777387,1,1871.52,12,1524.4,12.1811,21.1666,24,10.0701,5671.17,0.928014,3,24,0,0,8.52876,481.949,280.435,0.992026,176.048,56.706,False,False,2,0.506387,False,1,,,single,True,0.352583,True,A
6813,8189201,1,1895.27,24,1184.84,12.177,59.8424,48,11.6557,5643.42,1.09431,3,24,0,0,,127.218,643.901,0.98044,155.992,37.3796,False,False,1,0.562653,False,1,,,single,True,0.366546,True,A
6817,172935563,1,1896.85,4,3732.31,12.1605,0.488324,5,11.4506,5358,1.08363,3,24,0,0,,148.449,619.869,0.96679,129.142,32.5575,True,False,5,2.02555,True,1,,,single_partial,True,0.64421,True,B
6818,288391572,1,1887.32,3,5861.24,12.1593,4.50725,6,11.7438,8272,2.41908,3,24,0,0,9.72451,894.61,806.386,0.9494,266.845,83.2165,False,False,3,1.18157,False,1,,,single,True,1.8022,True,A
6819,160333750,1,1890.5,4,5628.72,12.1515,83.6555,8,12.6823,5677.24,0.97741,3,24,0,0,,250.99,1328.01,0.989899,155.925,30.2147,False,False,0,0.600163,False,1,,,single,True,0.713574,True,A
6825,236899387,1,1897.53,4,2691.42,12.1392,5.48744,8,9.5804,3979,0.674816,3,24,0,0,13.3643,302.771,225.866,0.990932,303.791,63.5202,True,False,1,2.02555,False,1,,,single,True,0.34067,True,B
6829,150268972,1,1886.92,24,1340.34,12.1248,43.659,48,12.4874,5705.64,0.987838,3,24,0,0,,202.119,1019.09,0.991466,160.823,44.8978,False,False,1,0.918999,False,1,,,single,True,0.351925,True,A
6833,284966037,1,1871.44,2,9303.23,12.1081,4.66667,4,12.0263,5738,1.60018,3,24,0,0,5.46434,451.14,1052.88,0.89922,133.156,30.1391,True,False,7,2.55069,False,1,,,single,True,1.50191,True,B
6845,376868268,1,1876.22,24,392.545,12.0743,134,47,8.4025,6267,1.20949,3,24,0,0,6.7812,79.5694,151.6,0.99826,276.335,69.9545,False,False,6,1.53792,False,1,,,single,True,0.233187,True,A
6847,241263096,1,1873.33,8,3973.33,12.0596,64.6665,16,12.592,6069,1.35814,3,24,0,0,,218.14,1175.87,0.986516,158.523,32.3145,False,False,0,0.5,False,1,,,single,True,0.833066,True,A
6852,188468515,1,1896.52,4,2022.85,12.0464,29.9889,8,11.0247,6198.79,1.51845,3,24,0,0,,89.5311,461.906,0.991259,133.516,41.7688,False,False,2,0.937754,False,1,,,single,True,0.664568,True,A
6853,307958221,1,1895.54,4,3345.13,12.045,53.3415,8,11.8195,6371.22,2.17397,3,24,0,0,,121.706,715.486,0.990653,148.945,26.3668,False,False,4,1.2941,False,1,,,single,True,1.22354,True,A
6856,117414406,1,1893.43,1.5,7441.48,12.0405,104.159,3,12.222,5890.31,1.47138,3,24,0,0,,173.028,977.294,0.991418,132.725,25.1267,False,False,3,2.2131,False,1,,,single,True,1.23513,True,A
6857,172897636,1,1891.29,4,7068.71,12.0387,103.004,8,12.8757,6296,1.33634,3,24,0,0,,281.51,1699.06,0.960553,128.44,30.8843,False,False,3,1.72547,False,1,,,single,True,1.09331,True,A
6859,241190512,1,1887.98,6,3749.2,12.0371,23.6569,12,12.6324,5767.59,1.30686,3,24,0,0,,209.517,1247,0.998033,152.95,29.8547,False,False,1,0.712693,False,1,,,single,True,0.778675,True,A
6861,16222047,1,1883.31,12,1319.34,12.0239,15.8394,24,11.2596,5808.51,1.7765,3,24,0,0,,97.59,512.028,0.992271,153.581,40.981,False,False,1,0.5,False,1,,,single,True,0.627916,True,A
6864,307989909,1,1892.36,2,6438.73,12.0191,0.34384,3,12.0801,6169,1.05239,3,24,0,0,,148.433,929.72,0.977398,149.619,24.0744,False,False,4,1.27535,True,1,,,single_partial,True,0.82174,True,B
6865,1066750,1,1896.54,8,2162.62,12.0168,29.3469,16,11.5239,5715,2.08999,3,24,0,0,9.09741,175.569,652.157,0.902427,154.57,26.1062,False,False,1,0.5,False,1,,,single,True,0.945783,True,A
6868,86379954,1,1872.08,16,3496.56,12.0122,29.1667,32,12.7752,6374,1.59707,3,24,0,0,4.98063,390.978,1417.73,0.96932,145.033,63.6299,False,False,2,0.750204,False,1,,,single,True,0.918971,True,A
6869,21499586,1,1895.13,4,8478.5,12.0088,63.3368,7,12.96,6068,1.8328,3,24,0,0,,277.639,1613,0.947427,148.907,37.0678,False,False,3,1.05029,False,1,,,single,True,1.64222,True,A
6874,441765387,1,1886.1,16,1494.55,12.0003,16.0036,31,12.1296,5967,1.15562,3,24,0,0,,152.516,787.288,0.975374,261.476,77.682,False,False,0,0.806469,False,1,,,single,True,0.434738,True,A
6877,165882442,1,1895.7,1.5,6781.46,11.996,1.15752,3,11.9054,5660.53,1.513,3,24,0,0,,205.05,877.919,0.907932,131.056,33.4932,False,False,1,1.72547,True,1,,,single_partial,True,1.21243,True,B
6878,308015303,1,1893.88,3,6701.04,11.9895,93.3415,6,12.668,5317,2.16651,3,24,0,0,,205.622,1273.58,0.968177,149.926,28.4571,False,False,0,1.21908,False,1,,,single,True,1.7258,True,A
6879,362227254,1,1897.55,3,5159.66,11.9895,4.99065,6,10.6052,5610,0.876977,2,16,1,0,10.2643,5766.87,374.022,0.992466,286.402,72.5758,True,False,0,0.581408,False,1,,,single,True,0.612994,True,B
6881,117122860,1,1872.71,1,9052.08,11.9873,49.6666,2,12.2569,4486,0.69235,3,24,0,0,,194.939,1040.84,0.965615,129.077,26.4224,False,False,1,2.53194,False,1,,,single,True,0.640999,True,A
6882,16815267,1,1881.31,4,6111.71,11.98,63.8359,8,12.7996,5370.96,1.11924,3,24,0,0,,241.609,1377,0.984713,142.553,37.2256,False,False,2,1.0878,False,1,,,single,True,0.851456,True,A
6883,393853874,1,1896.96,16,957.98,11.9771,19.3405,32,10.6615,5239.03,0.903426,3,24,0,0,5.93304,108.419,383.789,0.997103,156.862,42.1937,True,False,0,0.5,False,1,,,single,True,0.2721,True,B
6885,229609853,1,1886.74,24,573.812,11.9719,24.5048,48,11.1302,3415,0.367486,3,24,0,0,,77.1087,474.928,0.990536,274.916,77.1069,False,False,4,1.33161,False,1,,,single,True,0.085661,True,A
6886,414969189,1,1871.59,1,5546.65,11.9707,22.6665,2,11.495,5940.57,1.04676,3,24,0,0,,145.338,611.478,0.993835,141.187,22.3466,False,False,2,1.40663,False,1,,,single,True,0.758613,True,A
6890,147563985,2,1882.72,16,52478,11.9666,16.4963,31,12.7326,5430,1.30506,3,24,0,0,13.2185,11887.9,4684.55,0.944777,143.801,69.4038,False,False,2,1.95053,False,2,,,single,True,2.90922,False,B
6892,302606781,1,1883.44,2,9255.94,11.9615,12.8342,4,12.9526,5708.94,2.21919,3,24,0,0,,257.926,1573.95,0.933879,136.745,32.3143,False,False,1,1.2941,False,1,,,single,True,2.0776,False,B
6893,82203007,1,1897.02,12,1259.34,11.9611,17.8414,24,5.0736,7516,1.59832,3,24,0,0,7.18211,302.102,185.742,0.999838,147.971,24.3953,False,False,1,1.33161,False,1,,,single,True,0.551941,True,A
6894,288347122,1,1887.05,24,1824.81,11.9609,40.5061,47,11.6633,6550,1.24983,3,24,0,0,2.82547,182.224,717.969,0.978737,264.341,83.0239,False,False,5,1.53792,False,1,,,single,True,0.519538,True,A
6900,172951449,1,1871.27,8,5740.88,11.9435,-1.16653,10,12.5851,6320,2.22703,3,24,0,0,,226.527,1371.3,0.96622,129.456,30.6854,True,False,3,2.15684,True,1,,,single_partial,True,1.642,True,B
6902,239205080,1,1876.21,24,2870.89,11.9366,133.666,48,7.7478,5908,0.768996,3,24,0,0,11.3717,787.562,394.527,0.785862,149.26,19.7539,False,False,1,1.81924,False,1,,,single,True,0.40095,True,A
6905,219856737,1,1883.83,1,8403.87,11.9289,3.33341,2,9.9928,6512,1.80045,3,24,0,0,8.47655,684.705,703.596,0.591039,257.119,71.0066,False,False,0,0.693938,False,1,,,single,True,1.60612,True,A
6906,21439944,1,1890.93,4,5592.78,11.9272,94.5024,8,12.8365,5595.25,1.05803,3,24,0,0,,237.589,1421.21,0.994869,135.197,41.1887,False,False,0,0.693938,False,1,,,single,True,0.769962,True,A
6911,9299017,1,1872.44,6,2288.49,11.9145,43.1667,12,11.765,6386,1.5554,3,24,0,0,,130.55,717.56,0.985826,138.027,41.1768,False,False,1,0.881489,False,1,,,single,True,0.724059,True,A
6915,316279212,1,1886.95,16,3681.84,11.8942,1.50316,20,12.7254,5733.85,1.46136,3,24,0,0,,277.112,1433.3,0.991428,142.067,58.0196,False,False,1,0.881489,True,1,,,single_partial,True,0.862874,True,B
6916,219750974,1,1883.66,6,3510.64,11.8939,5.83611,12,11.2047,5587,0.986786,3,24,0,0,9.68758,383.75,657.825,0.808771,261.139,63.107,True,False,0,0.937754,False,1,,,single,True,0.568949,True,B
6918,417913356,1,1886.99,24,3968.97,11.8874,2.00511,29,12.8312,5230,1.08397,3,24,0,0,3.87493,427.004,1758.05,0.969131,145.457,69.6193,False,False,2,2.02555,True,1,,,single_partial,True,0.664529,True,B
6919,172933092,1,1875.78,1.5,8589.66,11.8871,1.66693,3,12.4701,5386,2.27647,3,24,0,0,,260.634,1218.13,0.985951,128.761,30.0107,False,False,1,1.91302,True,1,,,single_partial,True,2.05309,False,B
6920,233690093,1,1890.97,24,588.256,11.8867,132.001,47,10.7471,6115,1.5414,3,24,0,0,,74.2924,414.963,0.994987,275.507,65.6195,False,False,2,0.525143,False,1,,,single,True,0.363794,True,A
6924,332146608,2,1876.92,3,5748.83,11.8752,150.667,6,12.3453,5893,1.50743,3,24,0,0,,228.476,1125.73,0.904023,130.61,31.8634,False,False,4,2.73824,False,2,,,single,True,1.1122,True,A
6928,9360577,1,1897.63,1,6731.71,11.854,3.33567,2,8.8469,5221,0.81597,1.25,10,1,0,9.09726,11932.3,239.841,0.99818,150.386,41.5942,True,False,1,0.581408,False,1,,,single,True,0.65147,True,B
6933,150344166,1,1894.31,24,1562.63,11.8269,82.8452,48,11.6625,5415,2.0809,3,24,0,0,,167.063,691.593,0.986417,192.279,59.423,False,False,0,0.5,False,1,,,single,True,0.800456,True,A
6936,166012677,1,1883.73,6,1986.35,11.8191,5.83946,12,10.8238,4336,0.724187,3,24,0,0,7.58113,255.431,472.747,0.773845,212.375,64.9694,True,False,0,0.5,False,1,,,single,True,0.314077,True,B
6937,3800900,1,1887.79,2,4760.89,11.8096,19.0038,4,11.8892,5637.35,1.80751,3,24,0,0,,136.651,854.486,0.985775,128.699,29.8439,False,False,1,1.59418,False,1,,,single,True,1.21362,True,A
6938,117122343,1,1897.1,12,6924.24,11.8021,15.9892,24,12.6093,5695,0.864912,3,24,0,0,11.3713,4245.89,1475.01,0.953441,129.079,24.8205,False,False,0,1.31286,False,1,,,single,True,0.700351,True,A
6939,229799392,1,1883.74,4,5736.3,11.7821,5.49666,8,10.9905,6708,1.3278,3,24,0,0,4.56173,558.258,583.936,0.801884,285.216,68.7023,True,False,0,1.42539,False,1,,,single,True,0.978602,True,B
6940,417846543,1,1882.41,3,6674.62,11.7779,37.4987,6,12.8044,6456,1.28233,3,24,0,0,,223.664,1436.25,0.989388,147.622,61.0989,False,False,0,0.5,False,1,,,single,True,1.01946,True,A
6942,27002386,1,1894.79,2,10328,11.7693,0.346138,3,12.6548,5632,2.04901,3,24,0,0,8.02711,769.517,1487.1,0.972704,151.059,21.0968,False,False,0,1.25659,True,1,,,single_partial,True,2.02632,False,B
6944,357388458,1,1885.33,6,5550.32,11.7675,5.65915,12,12.1552,5720,1.91589,2,16,1,0,3.41152,843.723,977.512,0.809248,231.649,62.2243,False,False,2,0.768959,False,1,,,single,True,1.38895,True,A
6945,147936815,1,1882.96,24,1208.87,11.7668,24.3339,47,11.6145,5889,1.79157,3,24,0,0,,166.316,759.937,0.801351,166.16,67.3496,False,False,0,1.03153,False,1,,,single,True,0.60615,True,A
6946,264217040,1,1886.51,12,1691.88,11.7649,12.5058,24,11.669,6268,2.30146,3,24,0,0,,131.06,665.045,0.974381,294.723,68.1798,False,False,2,1.57543,False,1,,,single,True,0.921182,True,A
6949,198412175,1,1886.73,24,893.562,11.7601,29.1617,48,12.1735,6017,1.71746,3,24,0,0,,129.275,754.492,0.979362,259.054,59.8252,False,False,0,0.5,False,1,,,single,True,0.499582,True,A
6950,298092113,1,1871.56,8,4455.13,11.7592,22.1666,16,11.9326,5344,0.876594,2,16,1,0,7.17664,3155.89,756.216,0.969469,204.662,64.3259,False,False,1,0.5,False,1,,,single,True,0.569359,True,A
6964,263968960,1,1886.39,16,2359.48,11.724,22.5068,31,12.2211,6711,1.68584,3,24,0,0,7.13801,252.621,905.887,0.973259,288.185,78.9381,False,False,1,1.18157,False,1,,,single,True,0.796859,True,A
6969,457133784,1,1896.95,16,917.939,11.7009,19.4895,32,10.6218,5960.54,1.39673,3,24,0,0,,90.7319,391.256,0.875206,136.508,48.1377,True,False,3,1.03153,False,1,,,single,True,0.411791,True,B
6974,8718675,1,1892.79,3,6309.22,11.689,119.496,6,12.6151,6165,1.16398,3,24,0,0,,196.917,1287.05,0.879311,138.395,32.3624,False,False,0,1.10655,False,1,,,single,True,0.899686,True,A
6977,149453533,1,1876.76,1.5,136080,11.6762,62.3311,3,12.1118,6158.15,1.25376,0.75,6,1,0,2.09936,27029,15851.6,0.9655,141.36,24.214,False,False,5,2.64447,False,1,,,single,True,4.50059,False,B
6978,117165029,1,1874.2,1.5,2736.55,11.6744,85.3333,3,10.5472,5709,2.08793,3,24,0,0,6.82281,106.952,371.544,0.984371,129.713,26.879,False,False,4,2.08181,False,1,,,single,True,1.06286,True,A
6979,126313099,1,1873,2,3857.37,11.6742,0.16583,3,11.0439,5892.6,1.42602,3,24,0,0,13.6457,193.164,466.72,0.998089,134.235,28.664,False,False,1,1.53792,True,1,,,single_partial,True,0.861844,True,B
6980,403117451,1,1883.8,1,5550.75,11.6722,3.99312,2,9.5111,6273,3.16349,3,24,0,0,5.02305,876.121,434.253,0.751111,303.478,65.9186,False,False,3,1.16282,False,1,,,single,True,2.29351,False,B
6981,288133682,1,1872.58,24,3298.79,11.6674,39,48,12.594,5856,1.78812,3,24,0,0,3.52243,338.369,1372.86,0.809806,210.331,80.9522,False,False,2,0.562653,False,1,,,single,True,0.999382,True,A
6984,126323654,1,1892.12,4,4490,11.6659,81.9972,7,12.2032,6132.98,1.89004,3,24,0,0,,172.241,956.626,0.993369,135.442,25.1135,False,False,4,2.56945,False,1,,,single,True,1.2324,True,A
6986,165882897,1,1888.58,3,4565.36,11.6569,38.0035,5,12.0469,4785,0.664506,3,24,0,0,,153.728,935.909,0.959933,130.971,35.6216,False,False,1,0.768959,False,1,,,single,True,0.436912,True,A
6988,458423861,1,1887.04,12,3004.94,11.6534,8.65862,24,12.8739,6383,1.39644,3,24,0,0,,225.029,1401.68,0.966281,171.329,52.8337,False,False,3,0.562653,False,1,,,single,True,0.7449,True,A
6990,229672676,1,1886.7,16,2740.98,11.6487,30.501,32,12.8394,3388,0.308599,3,24,0,0,,249.166,1418.09,0.988078,252.372,74.0117,False,False,2,1.25659,False,1,,,single,True,0.157219,True,A
6992,56912672,1,1896.95,16,1999.03,11.6454,19.4917,32,11.3971,6377,1.13643,3,24,0,0,6.49793,249.504,649.94,0.822849,139.358,47.6482,True,False,2,0.600163,False,1,,,single,True,0.494436,True,B
6993,199549199,1,1890.96,24,306.41,11.6439,134.66,48,8.02303,5372,2.1251,3,24,0,0,,26.869,128.323,0.999607,240.896,61.7203,False,False,0,0.5,False,1,,,single,True,0.361983,True,A
6994,117356139,1,1878.32,1.5,5990.33,11.6403,0.832567,3,12.047,5336.98,0.964897,3,24,0,0,10.4966,285.936,880.701,0.95171,131.795,29.3624,False,False,2,2.13808,True,1,,,single_partial,True,0.726714,True,B
6995,117222059,1,1882.88,1.5,11488.2,11.6401,0.834531,3,12.8289,6085.92,1.77062,3,24,0,0,8.02682,511.712,1598.38,0.872334,130.018,29.7121,False,False,6,2.28812,True,1,,,single_partial,True,1.84675,True,B
6999,29173385,1,1886.49,6,3081.47,11.6263,32.0026,12,11.7497,6419,1.45527,3,24,0,0,,136.846,764.771,0.998432,135.78,47.8211,False,False,1,1.05029,False,1,,,single,True,0.786104,True,A
7010,219878119,1,1876.37,16,435.292,11.606,137.5,32,9.14651,6139,1.45654,3,24,0,0,7.13813,52.8964,190.42,0.984284,260.784,71.6463,False,False,4,1.40663,False,1,,,single,True,0.295713,True,A
7012,441735282,1,1876.22,24,378.912,11.5961,134,47,8.517,5676,0.853172,3,24,0,0,1.42763,45.8826,150.262,0.976521,258.364,72.7994,False,False,2,1.14406,False,1,,,single,True,0.161608,True,A
7015,103804720,1,1897.04,16,2910.6,11.5877,17.4934,32,12.5282,6447,1.63054,3,24,0,0,13.6144,614.517,1271.27,0.883441,159.203,68.438,False,False,2,0.975265,False,1,,,single,True,0.856013,True,A
7019,103580517,1,1883.62,8,5048.44,11.5808,8.49793,16,11.9468,3899,0.614632,3,24,0,0,9.07626,1629.94,1376.82,0.509583,150.392,66.6404,True,False,2,0.656428,False,1,,,single,True,0.424963,True,B
7022,198539226,1,1876.58,6,8777.89,11.5731,142.667,12,12.7127,4095,0.66372,1.25,10,1,0,2.94841,3134.66,2048.68,0.578892,237.358,65.6635,False,False,0,0.637673,False,1,,,single,True,0.605114,True,A
7024,149397882,1,1891.15,8,3720.44,11.5685,101.163,13,12.4777,5245,0.782495,3,24,0,0,,225.493,1279.49,0.996473,139.698,24.4059,False,False,3,1.87551,False,1,,,single,True,0.464447,True,A
7026,198455778,1,1886.73,24,1530.52,11.5641,30.1614,48,12.5163,6301.08,1.47487,3,24,0,0,,190.257,1010.19,0.981255,261.596,57.7807,False,False,0,0.5,False,1,,,single,True,0.561475,True,A
7028,166583418,1,1891.43,1.5,9267.55,11.5616,106.335,3,12.613,5556.28,1.26597,3,24,0,0,,249.885,1239.04,0.941267,135.277,35.0126,False,False,2,1.03153,False,1,,,single,True,1.18594,True,A
7031,117506315,1,1876.86,6,115048,11.5557,149.167,12,12.1279,4857.75,0.672023,1,8,1,0,2.09775,21845.8,18708.3,0.966481,137.992,25.7666,False,False,4,1.91302,False,1,,,single,True,2.2181,False,B
7036,219856738,1,1897.53,4,4399.21,11.5421,5.49922,8,9.55523,5890,1.6708,3,24,0,0,8.41796,866.427,475.546,0.782337,257.138,71.0078,True,False,1,0.693938,False,1,,,single,True,1.07837,True,B
7037,288269034,1,1897.57,2,6726.73,11.5413,4.4879,4,10.6254,4959,0.687218,2.5,20,1,0,10.3764,5323.17,403.868,0.982054,259.666,82.8669,True,False,0,1.74422,False,1,,,single,True,0.548471,True,B
7040,154966166,1,1896.94,16,3129.86,11.5298,19.8359,32,11.2365,4294,0.668864,3,24,0,0,12.4054,490.353,542.22,0.943996,142.215,24.2544,True,False,1,2.757,False,1,,,single,True,0.364131,True,B
7042,156512289,1,1876.39,16,446.411,11.5285,138,31,9.8471,6103,2.46309,3,24,0,0,,45.2826,241.927,0.964925,221.512,77.4015,False,False,0,0.5,False,1,,,single,True,0.506413,True,A
7047,353935151,1,1883.75,2,5145.49,11.5123,3.83615,4,9.6345,4982,0.775193,3,24,0,0,13.5626,658.556,388.074,0.988798,272.171,56.3626,True,False,2,1.38788,False,1,,,single,True,0.541104,True,B
7052,23972416,1,1897.59,1.5,26221.1,11.5048,4.16518,3,10.7816,4510.64,0.869758,2.5,20,1,0,8.52863,5583.06,1998.84,0.567163,147.628,45.0982,True,False,1,0.506387,False,1,,,single,True,1.37051,True,B
7056,383647250,1,1896.43,3,1689.28,11.4943,31.9985,6,10.1244,6583,1.35141,3,24,0,0,5.65103,76.2971,319.398,0.961485,278.759,63.8779,False,False,2,1.63169,False,1,,,single,True,0.5405,True,A
7062,355931635,1,1896.95,16,590.448,11.4773,19.4904,32,10.703,6458.98,2.37082,3,24,0,0,,59.4323,385.348,0.959967,139.97,53.1596,True,False,0,0.731448,False,1,,,single,True,0.560592,True,B
7064,147921641,1,1885.26,2,3473.3,11.4735,4.00014,4,9.5038,5726,0.890011,1.5,12,1,0,7.58097,5697.85,228.074,0.996512,164.895,68.0848,False,False,1,1.06904,False,1,,,single,True,0.510415,True,A
7068,149345243,1,1883.69,3,3941.58,11.4678,6.83646,6,11.7503,6274.27,1.35871,3,24,0,0,,151.693,782.283,0.926176,138.596,25.1947,True,False,4,1.68796,False,1,,,single,True,0.830079,True,B
7070,86177767,1,1896.95,16,939.398,11.4534,19.4875,32,9.38859,6351,2.01689,3,24,0,0,11.3453,249.858,231.311,0.891995,138.927,61.1305,True,False,2,0.843979,False,1,,,single,True,0.60154,True,B
7072,3941790,1,1883.48,4,3577.78,11.4433,11.8427,8,11.9975,6398,1.41808,3,24,0,0,,145.013,832.074,0.997916,151.84,25.2915,False,False,1,0.95651,False,1,,,single,True,0.825402,True,A
7073,284897518,1,1882.04,2,6250.16,11.4376,46.4985,4,11.4301,5847.83,0.964425,1.5,12,1,0,4.84367,2627.24,698.451,0.891947,132.637,35.7127,False,False,1,1.21908,False,1,,,single,True,0.741945,True,A
7076,17300146,1,1881.06,4,3825.73,11.4324,69.8432,8,12.1158,6433,1.75532,3,24,0,0,,135.859,862.652,0.98886,160.381,36.6222,False,False,1,0.768959,False,1,,,single,True,1.0565,True,A
7080,91917563,1,1895.84,1.5,7196.57,11.4183,0.827137,3,12.1494,3660,0.389931,3,24,0,0,,199.283,997.983,0.931673,143.861,21.0689,False,False,0,0.862734,True,1,,,single_partial,True,0.32189,True,B
7081,1043379,1,1887.11,4,6188.05,11.4162,4.65499,8,9.8709,4514,0.869687,3,24,0,0,11.3631,2373.91,538.638,0.814482,154.126,25.2894,False,False,0,0.5,False,1,,,single,True,0.665729,True,A
7082,311628062,2,1876.81,4,7497.61,11.416,148.167,8,11.3243,5906,1.05277,1,8,1,0,2.09937,1476.52,1212.94,0.996682,160,50.643,False,False,0,1.05029,False,2,,,single,True,0.887059,True,A
7088,87952630,1,1874.07,1.5,4906.29,11.3994,82.3332,3,11.6471,5204.15,0.984071,3,24,0,0,,152.934,690.698,0.96619,145.812,22.7088,False,False,2,2.2131,False,1,,,single,True,0.67075,True,A
7089,219791899,1,1883.64,8,2434.55,11.3993,7.83441,16,11.8038,5528,1.33282,3,24,0,0,6.78127,249.699,751.936,0.915589,264.927,65.7619,True,False,1,0.525143,False,1,,,single,True,0.639939,True,B
7093,3664719,1,1876.34,16,473.616,11.3956,136.667,32,6.83717,10483,2.36835,3,24,0,0,3.32819,67.676,106.358,0.999865,127.456,26.1929,False,False,1,1.70671,False,1,,,single,True,0.501553,True,A
7095,230073588,1,1883.21,12,1093.9,11.393,18.3366,23,8.42817,3438,0.458479,3,24,0,0,13.6147,177.644,215.704,0.925477,244.189,67.2562,False,False,3,0.656428,False,1,,,single,True,0.147559,True,A
7096,99938274,1,1897.53,4,1976.15,11.3879,5.49971,8,10.2676,5677,1.04673,3,24,0,0,3.40364,149.377,381.762,0.830225,170.566,65.1316,True,False,1,0.806469,False,1,,,single,True,0.452796,True,B
7097,229708864,1,1876.32,16,348.653,11.3867,136.5,32,7.38913,9320,2.1726,3,24,0,0,4.6767,59.8557,114.634,0.997074,278.484,66.3569,False,False,2,1.0878,False,1,,,single,True,0.394761,True,A
7103,355125627,1,1879.67,1,7164.28,11.3741,103.334,2,12.1111,6158.48,1.41904,3,24,0,0,,185.601,872.122,0.965335,132.944,25.8187,False,False,4,2.19435,False,1,,,single,True,1.16879,True,A
7105,99253092,1,1880.93,1.5,15333.7,11.3712,0.166861,2,12.3287,5584.04,1.08462,3,24,0,0,10.4326,2245.49,982.498,0.980595,136.608,42.0093,False,False,0,0.750204,True,1,,,single_partial,True,1.30695,True,B
7106,356227659,1,1886.66,24,941.149,11.3682,28.1603,48,11.5739,6021,1.69055,3,24,0,0,,116.124,669.701,0.941667,267.278,51.7062,False,False,2,0.600163,False,1,,,single,True,0.504678,True,A
7107,147576307,1,1887.04,24,2036.59,11.3654,3.00537,30,11.9147,6305,1.35917,3,24,0,0,9.68731,352.65,920.875,0.920797,144.567,69.8771,False,False,3,1.98804,True,1,,,single_partial,True,0.596874,True,B
7109,137732734,1,1883.79,3,6735.37,11.356,4.34004,6,10.6306,4857.81,0.808424,2.5,20,1,0,7.18211,2633.49,407.284,0.975564,174.233,56.0182,False,False,0,0.5,False,1,,,single,True,0.645621,True,A
7112,165891470,1,1872.23,4,4198.89,11.3539,38.1667,8,11.9239,5804.87,1.36078,3,24,0,0,,196.178,824.108,0.938704,131.642,32.3885,False,False,2,2.5882,False,1,,,single,True,0.85805,True,A
7116,150278416,1,1886.65,8,3515.38,11.3419,-1.34233,11,11.649,6121.28,2.05054,3,24,0,0,,156.251,650.546,0.997685,161.178,42.8772,False,False,1,0.656428,True,1,,,single_partial,True,1.18307,True,B
7119,302603592,1,1872.98,2,8985.24,11.3336,56.1667,4,12.849,5972.89,1.14252,3,24,0,0,,228.464,1436.44,0.94328,136.549,30.1732,False,False,1,1.38788,False,1,,,single,True,1.05387,True,A
7120,139401709,1,1880.48,1,15279.5,11.33,83.8359,2,12.9945,6112.34,1.58919,3,24,0,0,2.48105,584.589,1777.4,0.884126,139.627,30.695,False,False,1,1.23784,False,1,,,single,True,1.91156,True,A
7122,149451374,1,1878.42,3,4402.7,11.3284,0.337111,4,11.8058,5848.25,2.04546,3,24,0,0,8.52866,202.762,760.598,0.979139,141.077,25.503,False,False,1,2.26937,True,1,,,single_partial,True,1.32071,True,B
7127,188461592,1,1874.4,24,1582.48,11.3235,1.16621,44,12.4559,5961.16,1.09284,3,24,0,0,,195.08,1159.04,0.996956,132.652,37.3854,False,False,0,1.36912,True,1,,,single_partial,True,0.423042,True,B
7138,160585151,1,1886.14,16,1575.29,11.2976,17.001,31,12.4651,5483,1.01592,3,24,0,0,,212.46,1020.01,0.82647,243.617,75.4895,False,False,0,1.44414,False,1,,,single,True,0.392372,True,A
7139,117380423,1,1881.5,4,2541.95,11.2946,59.3333,7,10.9021,6485,3.34685,3,24,0,0,,100.077,445.322,0.957655,132.058,24.521,False,False,0,1.61294,False,1,,,single,True,1.64202,True,A
7146,16147175,1,1889.02,3,5331.85,11.2747,49.0013,6,12.6132,5911,0.893171,3,24,0,0,,209.042,1249.73,0.960262,136.547,39.0616,False,False,1,0.825224,False,1,,,single,True,0.634645,True,A
7152,233635931,1,1876.79,3,10971.3,11.2615,16.8375,6,12.7309,5042.42,0.83072,0.75,6,1,0,4.87354,17998.7,1691.58,0.992249,146.026,29.8299,False,False,3,1.0878,False,1,,,single,True,0.846724,True,A
7153,229938290,1,1897.49,6,2502.42,11.2614,6.49463,12,9.2742,5406,0.984511,2,16,1,0,9.03465,4562.67,215.376,0.892297,287.681,64.1533,False,False,4,1.10655,False,1,,1783.01,single,True,0.479246,True,A
7155,417828409,1,1883.43,12,9328.66,11.2558,12.9963,24,12.712,5751,1.1193,3,24,0,0,9.63522,3109.28,2097.28,0.978269,137.86,61.0294,False,False,4,0.731448,False,1,,,single,True,1.05199,True,A
7156,4754328,1,1896.94,16,529.054,11.2554,19.8352,32,8.1885,5904.02,1.07818,3,24,0,0,6.20267,65.5274,156.696,0.994671,145.709,34.3605,True,False,3,0.825224,False,1,,,single,True,0.241323,True,B
7159,91968058,1,1878.79,1,7259.08,11.2503,124.34,2,10.8875,5820.19,1.20733,1,8,1,0,1.37838,605.625,676.293,0.726976,144.198,22.2411,False,False,4,2.17559,False,1,,,single,True,1.00098,True,A
7163,149441532,1,1876.96,3,2067.06,11.237,151.667,6,10.8769,6267,1.156,3,24,0,0,,74.1739,465,0.994062,140.754,24.5967,False,False,6,2.34439,False,1,,,single,True,0.511437,True,A
7164,219897786,1,1885.7,6,3956.83,11.2357,6.50082,12,10.8984,5707,0.905872,1.5,12,1,0,8.47003,9139.16,425.647,0.97504,263.298,70.9067,False,False,2,1.03153,False,1,,,single,True,0.554495,True,A
7165,137880716,1,1897.58,2,5068.36,11.2345,4.49483,4,10.3024,6261.13,1.30277,3,24,0,0,2.26561,405.995,717.78,0.778821,150.542,58.1622,True,False,3,0.806469,False,1,,,single,True,0.902524,True,B
7167,17301000,1,1886.38,12,2161.14,11.225,1.34286,15,12.1356,6163,1.10797,3,24,0,0,,153.319,898.798,0.992279,160.463,40.5008,False,False,0,0.5,True,1,,,single_partial,True,0.501218,True,B
7171,172952286,1,1871.29,4,7632.25,11.2183,15.6666,7,12.626,6117,2.10745,3,24,0,0,9.09705,824.239,1384.7,0.970687,129.565,33.761,True,False,1,1.06904,False,1,,,single,True,1.7916,True,B
7172,252797998,1,1886.77,4,1797.19,11.2139,40.1565,8,11.026,5950.5,1.24435,3,24,0,0,,95.8916,482.76,0.98104,165.384,42.23,False,False,2,1.12531,False,1,,,single,True,0.51333,True,A
7174,237008416,1,1871.7,2,9356.48,11.2049,4.5,4,12.2402,4925,0.71787,1.25,10,1,0,3.97719,3023.69,1382.5,0.903996,306.265,61.6749,False,False,3,1.0878,False,1,,,single,True,0.675709,True,A
7179,166492970,1,1890.08,4,1697.22,11.1921,74.5012,8,10.545,4954,0.768874,3,24,0,0,,90.6454,388.162,0.89468,134.271,31.9995,False,False,2,1.68796,False,1,,,single,True,0.308234,True,A
7190,139417782,1,1873,4,2640.06,11.1641,56.6665,8,11.7772,6050.99,1.63634,3,24,0,0,,117.263,699.672,0.965035,154.216,35.1357,False,False,3,1.23784,False,1,,,single,True,0.818159,True,A
7191,361977189,1,1896.88,12,1619.49,11.1596,21.3363,24,9.5815,7563.8,2.93387,3,24,0,0,6.20268,189.212,246.509,0.948899,144.041,27.644,True,False,1,1.87551,False,1,,,single,True,1.14891,True,B
7194,4837504,1,1877.98,6,2367.31,11.1553,143.838,12,11.6927,6248.55,2.45732,3,24,0,0,,109.618,726.224,0.98043,146.433,35.1433,False,False,3,1.21908,False,1,,,single,True,1.16345,True,A
7196,202467023,1,1883.81,2,5030.57,11.1533,3.83915,4,9.26195,6514,1.60416,2,16,1,0,2.43679,509.952,477.297,0.872096,228.638,64.8889,False,False,0,1.20033,False,1,,,single,True,1.10717,True,A
7197,456309086,1,1885.49,8,1357.28,11.1449,8.00353,14,10.9109,5443,1.81208,3,24,0,0,,72.214,462.976,0.95352,134.043,49.2322,False,False,2,0.637673,False,1,,,single,True,0.649634,True,A
7198,165891402,1,1872.69,3,4017.99,11.1404,49.1667,6,12.1418,5871.96,1.12355,3,24,0,0,,189.046,1057.97,0.95037,131.621,32.0925,False,False,2,3.11334,False,1,,,single,True,0.693034,True,A
7199,188476144,1,1882.22,4,14930.6,11.1378,0.000534242,5,12.9289,5221.87,0.829769,3,24,0,0,13.4685,2719.94,1718.26,0.986417,133.867,37.2261,False,False,2,0.918999,True,1,,,single_partial,True,0.986629,True,B
7203,335965505,1,1886.64,16,2417.55,11.1299,16.5053,32,12.4614,5652,1.08488,3,24,0,0,2.19771,259.971,1045.05,0.954864,281.74,75.6096,False,False,5,1.57543,False,1,,,single,True,0.519071,True,A
7206,229974439,1,1882.28,16,2836.45,11.1092,40.497,32,12.3303,6475,1.49878,3,24,0,0,6.7812,533.341,1276.66,0.813698,289.923,61.3279,False,False,0,1.53792,False,1,,,single,True,0.776752,True,A
7208,198382979,1,1886.08,12,1954.66,11.1057,14.661,23,11.9263,6096,1.10057,3,24,0,0,,144.508,872.237,0.870302,257.518,58.9087,False,False,1,0.5,False,1,,,single,True,0.47349,True,A
7210,233193358,1,1883.78,2,2978.45,11.0967,4.49948,4,8.9106,5989,1.05214,1.25,10,1,0,7.97179,9371.32,210.611,0.988613,263.937,70.3224,False,False,3,0.881489,False,1,,,single,True,0.558761,True,A
7218,353781825,1,1885.58,6,1871.85,11.071,5.6643,12,10.6249,5932,1.33385,3,24,0,0,6.48319,219.095,499.563,0.610161,276.865,54.7021,False,False,2,1.33161,False,1,,,single,True,0.561566,True,A
7221,232541198,1,1897.6,2,3506.61,11.0639,3.84053,4,9.90962,5620,0.898603,0.75,6,1,0,5.45839,14855.9,335.977,0.994873,228.074,67.0812,True,False,4,1.59418,False,1,,,single,True,0.517809,True,B
7227,150230084,1,1896.96,16,689.819,11.0529,19.3381,32,10.4975,5864.37,1.00548,3,24,0,0,,67.089,349.339,0.924033,155.305,44.5575,True,False,1,0.5,False,1,,,single,True,0.25698,True,B
7231,229761421,1,1876.26,24,1084.17,11.0427,130.5,47,12.1756,6236,1.82938,3,24,0,0,,162.455,847.826,0.98288,281.234,66.0283,False,False,5,1.2941,False,1,,,single,True,0.586152,True,A
7233,142739333,1,1871.18,6,1525.81,11.0386,13,9,9.5261,8534,1.71066,3,24,0,0,5.45823,107.296,309.662,0.834546,150.341,74.2294,True,False,1,0.5,False,1,,,single,True,0.650236,True,B
7234,285082902,1,1887.52,12,1721.7,11.0363,12.5022,23,11.9587,5643.97,1.14366,3,24,0,0,,136.235,845.305,0.991638,133.308,35.289,False,False,2,1.2941,False,1,,,single,True,0.461778,True,A
7235,230123572,1,1891,24,206.971,11.0325,135.664,47,6.8491,5309,0.858842,3,24,0,0,9.72475,31.5128,81.7096,0.999319,250.661,68.1022,False,False,3,1.35037,False,1,,,single,True,0.120233,True,A
7239,67587425,1,1882.5,2,8003.23,11.0166,35.4972,4,12.7411,5506.85,1.03561,3,24,0,0,,250.738,1522.42,0.972325,131.067,39.8908,False,False,1,0.787714,False,1,,,single,True,0.901543,True,A
7241,26986611,1,1897,3,1201.92,11.0159,0.654541,5,9.13172,5897,1.17628,3,24,0,0,2.96654,64.2325,183.019,0.996009,150.62,21.3186,False,False,3,1.61294,True,1,,,single_partial,True,0.396831,True,B
7244,91966073,1,1881.23,12,4891.92,11.0048,17.161,24,11.0161,6176.17,1.12185,3,24,0,0,5.05019,732.729,553.051,0.834673,144.053,22.8512,False,False,2,2.26937,False,1,,,single,True,0.763541,True,A
7246,39716993,1,1878.79,16,2476.96,11.0044,124.333,32,12.1434,5663.27,1.88017,3,24,0,0,3.68802,249.538,867.159,0.991121,137.613,43.2916,False,False,2,0.5,False,1,,,single,True,0.910571,True,A
7248,233537038,1,1897.53,4,4420.87,10.9959,5.49659,8,10.3777,5635,2.06841,3,24,0,0,13.5624,1231.41,356.812,0.949118,280.735,65.6295,True,False,2,1.53792,False,1,,,single,True,1.33828,True,B
7251,142386341,1,1885.46,8,1286.66,10.9887,8.6594,16,9.9478,5669,1.62606,3,24,0,0,2.03672,107.252,289.507,0.941029,197.469,62.2587,False,False,1,0.731448,False,1,,,single,True,0.567578,True,A
7252,353932738,1,1876.38,16,2084.9,10.9881,137.667,32,12.3177,6627.71,1.55584,3,24,0,0,8.52875,285.361,948.601,0.956175,157.595,41.5478,False,False,1,0.712693,False,1,,,single,True,0.691298,True,A
7256,117166735,1,1874.94,2,10290.8,10.9805,103.167,4,12.9741,6179,1.01358,3,24,0,0,,298.718,1769.17,0.977429,129.834,26.5174,False,False,1,2.66322,False,1,,,single,True,1.00055,True,A
7259,26987520,1,1896.38,24,1185.41,10.972,0.345657,43,11.5474,5211,0.81716,3,24,0,0,,115.351,666.28,0.990874,150.713,21.268,False,False,0,1.61294,True,1,,,single_partial,True,0.273778,True,B
7266,232539847,1,1886.79,16,1920.31,10.9515,37.1634,32,12.6702,5192,1.21884,3,24,0,0,,189.651,1150.98,0.960817,227.631,69.8778,False,False,2,1.16282,False,1,,,single,True,0.519744,True,A
7267,236888541,1,1897.49,6,5597.34,10.9507,6.48716,12,12.105,5901,0.833757,1,8,1,0,6.73424,12666.3,1058.17,0.945366,303.579,65.3803,False,False,1,1.51916,False,1,,,single,True,0.606999,True,A
7271,150161824,1,1894.49,3,5013.23,10.9463,78.4895,5,12.2899,6221.57,1.41852,3,24,0,0,,181.968,1186.83,0.941775,136.763,48.7122,False,False,3,1.20033,False,1,,,single,True,0.977353,True,A
7273,156171189,1,1896.93,16,1099.94,10.9449,19.987,32,9.2114,4822,0.686925,3,24,0,0,5.23627,215.784,243.965,0.910374,178.46,83.1825,True,False,2,0.843979,False,3,,,single,True,0.221693,True,B
7275,310782012,1,1897.49,6,2318.89,10.9434,6.49485,12,10.6984,3496,0.505407,3,24,0,0,13.4895,365.236,465.634,0.998101,156.586,63.9607,False,False,1,1.18157,False,1,,,single,True,0.236831,True,A
7276,445829677,1,1897.56,4,3083.63,10.9432,4.8463,8,10.2839,6099,1.01195,3,24,0,0,5.93309,338.24,432.578,0.887201,173.028,49.2591,True,False,0,0.5,False,1,,,single,True,0.546824,True,B
7280,307958752,1,1887.82,1.5,6435.07,10.9324,0.825692,3,11.8311,4872.66,0.735345,1,8,1,0,8.52222,20902.9,868.331,0.967257,148.929,29.37,False,False,1,0.731448,True,1,,,single_partial,True,0.574018,True,B
7281,142537208,1,1896.81,8,2367.1,10.9318,21.992,16,10.0615,4570,0.718038,3,24,0,0,10.4967,1265.46,301.736,0.989264,164.836,73.4525,True,False,2,1.59418,False,1,,,single,True,0.339949,True,B
7285,67587170,1,1879.08,2,1610.01,10.9198,117.497,4,9.9577,6739,1.47157,3,24,0,0,3.59094,94.7343,277.022,0.995404,131.068,38.7535,False,False,1,1.05029,False,1,,,single,True,0.574583,True,A
7287,55762554,1,1891.25,3,4767.58,10.9195,109.657,6,12.4195,5447.17,1.80852,3,24,0,0,,177.294,1039.27,0.991684,182.025,54.4983,False,False,0,0.5,False,1,,,single,True,1.21515,True,A
7288,137673821,1,1871.79,16,1817.74,10.9161,22.1667,32,12.3418,5700.16,1.04826,3,24,0,0,,220.521,1137.32,0.976024,140.001,55.4652,False,False,2,1.51916,False,1,,,single,True,0.434903,True,A
7294,103752817,1,1883.7,6,2737.15,10.9088,6.4987,12,11.1389,3609,0.583041,3,24,0,0,2.86123,303.75,540.829,0.954328,157.663,68.4082,True,False,0,0.731448,False,1,,,single,True,0.296829,True,B
7295,1068001,1,1878.4,6,3677.57,10.9086,133.844,12,12.1151,5657.83,1.21629,3,24,0,0,,165.14,939.346,0.996758,154.7,25.503,False,False,0,0.5,False,1,,,single,True,0.717753,True,A
7296,166492729,1,1897.56,3,1455.6,10.9071,4.99196,6,5.3245,8054,2.19383,3,24,0,0,8.51552,287.638,80.8602,0.998942,134.236,32.9104,True,False,4,1.57543,False,2,,,single,True,0.814483,True,B
7301,302669477,1,1897.6,2,3766.89,10.8938,3.83522,4,8.3416,5616,0.931567,1.25,10,1,0,6.49307,6193.62,220.09,0.999747,163.622,57.8675,True,False,1,0.843979,False,1,,,single,True,0.556369,True,B
7304,117507035,1,1890.94,1,3866.74,10.8774,96.1641,2,9.9023,7139.87,2.30002,3,24,0,0,1.97765,224.728,306.756,0.994361,138.132,25.7638,False,False,5,1.87551,False,1,,,single,True,1.39175,True,A
7307,117254357,1,1872.34,2,4010.44,10.8724,1.16618,4,11.667,3925,0.631791,3,24,0,0,4.70539,207.454,754.059,0.94556,130.519,25.0478,False,False,1,2.13808,True,1,,,single_partial,True,0.389338,True,B
7309,311556366,2,1871.29,8,28656.9,10.869,15.6666,15,12.7162,6116.83,1.32438,2.5,20,1,0,7.58107,10556,4761.05,0.999226,158.377,48.9216,True,False,5,0.862734,False,2,,,single,True,2.18165,False,B
7311,166064610,1,1893.23,24,1653.36,10.8671,108.843,48,12.8359,5121,0.719343,3,24,0,0,,197.215,1257.66,0.967825,213.199,64.9623,False,False,0,0.5,False,1,,,single,True,0.284627,True,A
7312,138689199,1,1871.67,4,6270.64,10.8669,24.6666,8,12.9386,5678.54,0.906979,3,24,0,0,,268.51,1658.6,0.980174,136.804,29.865,False,False,3,1.50041,False,1,,,single,True,0.698893,True,A
7315,257048368,1,1887.55,24,1052.84,10.8639,52.5015,47,12.5562,6029,0.99641,3,24,0,0,,180.09,1096.27,0.997304,227.104,77.592,False,False,0,0.5,False,1,,,single,True,0.314612,True,A
7317,219883898,1,1883.81,2,4834.34,10.8605,3.83424,4,10.1843,4811,0.746124,3,24,0,0,7.16559,1342.53,467.845,0.863063,262.001,67.4393,False,False,2,0.618918,False,1,,,single,True,0.504821,True,A
7319,285005172,1,1889.61,3,4253.49,10.8532,64.1639,6,11.9508,5741.57,1.29717,3,24,0,0,,136.849,878.57,0.918826,138.475,25.6805,False,False,0,1.80049,False,1,,,single,True,0.823241,True,A
7320,88021436,1,1875.34,3,2282.53,10.8531,112.667,6,11.2665,5989,1.30107,3,24,0,0,,89.0601,520.052,0.98426,147.156,22.3938,False,False,3,2.43816,False,1,,,single,True,0.604876,True,A
7321,219883902,1,1885.52,3,4135.72,10.847,4.16575,6,10.572,5631,1.25669,3,24,0,0,3.16619,384.757,576.012,0.778967,262.008,67.4473,False,False,1,0.618918,False,1,,,single,True,0.786432,True,A
7322,229642825,1,1886.62,16,1291.1,10.847,17.5053,32,11.8535,5995,1.15006,3,24,0,0,,140.99,769.888,0.984588,279.795,76.4735,False,False,5,1.50041,False,1,,,single,True,0.402122,True,A
7323,229465135,1,1876.22,24,2540.91,10.8455,122,47,12.1632,6378,2.40263,3,24,0,0,2.07842,385.684,1014.29,0.822613,295.287,65.7888,False,False,2,1.72547,False,1,,,single,True,1.17853,True,A
7325,237043717,1,1871.93,6,2978.02,10.8375,7,12,11.5076,6342,1.64329,3,24,0,0,10.8852,239.847,796.207,0.824493,306.631,61.7563,False,False,4,1.06904,False,1,,,single,True,0.87264,True,A
7326,117124875,1,1875.96,1,8812.94,10.8319,127.667,2,12.2426,5417,0.819234,1.5,12,1,0,3.49887,1213.85,1079.85,0.979745,129.203,26.8112,False,False,1,2.60696,False,1,,,single,True,0.748386,True,A
7328,87975071,1,1891.96,4,3301.04,10.8216,121.158,8,11.8735,5624,2.3868,3,24,0,0,,148.938,844.718,0.884785,146.65,21.636,False,False,2,2.56945,False,1,,,single,True,1.33444,True,A
7329,147561576,2,1876.2,24,9976.25,10.8138,133.5,48,11.6285,5641,0.893916,3,24,0,0,13.156,6749.29,3337.25,0.817155,143.284,68.8796,False,False,1,2.26937,False,2,,,single,True,0.868836,True,A
7332,117356641,1,1891.33,2,6975.03,10.803,1.50376,4,12.6723,5326.28,0.803305,3,24,0,0,,242.392,1410.44,0.975147,131.783,27.8126,False,False,2,1.838,True,1,,,single_partial,True,0.652846,True,B
7334,332146444,1,1894.03,1.5,7290.77,10.7978,89.6558,3,12.4296,5720.63,2.63936,3,24,0,0,,210.866,1235.1,0.974404,130.66,31.1653,False,False,4,3.05708,False,1,,,single,True,2.19302,False,B
7336,3756374,1,1874.34,4,1967.06,10.797,88.6666,8,10.836,6601.34,1.42581,3,24,0,0,,94.4352,437.943,0.956917,128.447,28.4869,False,False,6,1.85675,False,1,,,single,True,0.615358,True,A
7337,456331309,1,1886.47,8,1120.49,10.7955,31.504,16,10.3888,6460,1.65282,3,24,0,0,9.09704,98.4031,377.942,0.873077,134.363,52.9521,False,False,1,0.5,False,1,,,single,True,0.538379,True,A
7340,172518073,1,1871.15,4,3643.51,10.7847,11.6665,6,8.76514,6700,1.68427,3,24,0,0,2.88343,406.74,311.531,0.992884,142.617,29.5734,True,False,0,0.862734,False,1,,,single,True,0.989303,True,B
7341,256664112,1,1883.74,4,4286.31,10.7837,5.49391,8,10.4466,7147,2.1053,3,24,0,0,0.0569126,658.458,1540.24,0.75389,300.641,64.3094,True,False,4,1.87551,False,1,,,single,True,1.34126,True,B
7343,126278213,1,1888.77,3,3773.38,10.7765,43.9997,6,11.944,5598.3,0.953536,3,24,0,0,,141.794,860.154,0.96603,134.036,24.8639,False,False,3,2.19435,False,1,,,single,True,0.56998,True,A
7346,149395229,1,1890.98,4,6244.51,10.7639,97.1635,8,12.759,6012.04,1.85437,3,24,0,0,,262.354,1523.49,0.981572,139.37,26.1671,False,False,4,1.36912,False,1,,,single,True,1.42595,True,A
7348,356681582,1,1897.53,4,3213.45,10.7605,5.4904,8,11.0634,4681,0.743457,3,24,0,0,5.24031,224.539,468.615,0.992134,156.515,72.1423,True,False,4,1.16282,False,1,,,single,True,0.410109,True,B
7351,53430553,1,1896.96,16,371.402,10.7488,19.3394,32,7.9327,5799.84,1.12018,3,24,0,0,9.74711,40.8351,121.762,0.999522,161.471,49.4173,True,False,1,0.900244,False,1,,,single,True,0.210072,True,B
7353,147574658,1,1887.31,8,9299.39,10.7439,8.50554,16,12.9877,6106,1.16168,3,24,0,0,2.40881,728.284,2458.43,0.873499,144.149,70.171,False,False,4,1.98804,False,1,,,single,True,1.09011,True,A
7354,149344988,1,1893.73,6,4944.07,10.7436,96.8316,11,12.7306,5538.21,1.10597,3,24,0,0,,245.744,1451.24,0.944855,138.636,26.4233,False,False,6,1.91302,False,1,,,single,True,0.756733,True,A
7357,160333759,1,1880.06,12,2757.8,10.7349,93.8432,24,12.494,5846.15,1.30269,3,24,0,0,,208.199,1133.24,0.997739,155.933,30.2779,False,False,0,0.600163,False,1,,,single,True,0.665702,True,A
7359,202294109,1,1877.08,24,1291.37,10.7346,154.667,47,11.8784,6282.07,1.9471,3,24,0,0,9.74719,251.866,776.038,0.998673,174.595,52.6285,False,False,1,0.5,False,1,,,single,True,0.68088,True,A
7362,256976905,1,1883.68,6,3360.82,10.7203,6.99362,12,12.1663,6275,1.1264,3,24,0,0,2.46586,226.834,964.955,0.966472,302.388,62.8082,True,False,6,2.10057,False,1,,,single,True,0.635438,True,B
7365,257002430,1,1871.14,4,6156.12,10.7154,11.5,6,11.3401,5106,0.772045,2,16,1,0,9.67998,6409.12,534.142,0.991,223.215,77.9906,True,False,0,0.5,False,1,,,single,True,0.589459,True,B
7366,241193485,1,1894.48,3,1977.69,10.7152,78.8467,6,10.6313,5729,1.45491,3,24,0,0,4.87361,165.029,420.558,0.96327,153.364,24.0058,False,False,0,0.750204,False,1,,,single,True,0.629611,True,A
7369,126317059,1,1872.75,3,5183.82,10.7111,50.6666,6,12.2001,5882.94,1.14589,3,24,0,0,,169.795,977.269,0.921093,134.654,24.6116,False,False,2,2.19435,False,1,,,single,True,0.802833,True,A
7376,125553092,1,1875.36,6,3353.45,10.691,113.167,12,12.4035,4530,0.753031,3,24,0,0,,203.729,1155.31,0.970986,145.378,25.693,False,False,2,1.10655,False,1,,,single,True,0.424342,True,A
7379,11893761,1,1871.05,1.5,11688.4,10.6771,9.8332,3,10.3921,6538,2.25449,3,24,0,0,8.37906,1901.82,1063.73,0.613283,178.058,53.6807,True,False,1,0.5,False,1,,,single,True,2.37183,False,B
7380,229595238,1,1871.26,6,3469.62,10.6765,13.5,11,12.4193,6296,1.54958,3,24,0,0,,185.649,975.282,0.985818,272.877,77.0579,True,False,4,1.61294,False,1,,,single,True,0.888204,True,B
7386,3713921,1,1880.77,4,4942.66,10.6549,76.9974,8,12.4748,5867,1.71897,3,24,0,0,6.26476,345.771,1274.3,0.802183,127.918,26.6669,False,False,1,2.0443,False,1,,,single,True,1.176,True,A
7387,188504703,1,1894.02,3,4230.52,10.6544,89.9897,6,12.1219,5937,1.95487,3,24,0,0,,147.626,909.298,0.992865,134.165,40.4568,False,False,3,0.637673,False,1,,,single,True,1.23729,True,A
7388,149344680,1,1872.25,1,4141.25,10.6505,38.6666,2,10.5839,6467.22,1.63356,3,24,0,0,5.05399,236.405,396.986,0.968786,138.597,27.8911,False,False,3,1.23784,False,1,,,single,True,1.02296,True,A
7391,287198569,1,1886.99,24,1920.98,10.6369,2.00195,29,12.4138,6597,2.34973,3,24,0,0,13.5311,671.975,1050.53,0.867033,150.958,63.3905,False,False,2,0.843979,True,1,,,single_partial,True,1.00216,True,B
7397,17300481,1,1874.81,16,414.623,10.6229,100.167,32,8.9107,5541,1.04282,3,24,0,0,10.497,42.7265,160.349,0.998755,160.525,37.2545,False,False,1,0.787714,False,1,,,single,True,0.20663,True,A
7399,86285077,1,1887.26,8,3898.69,10.6184,8.00393,16,12.7071,5027,0.771445,3,24,0,0,,316.093,1468.2,0.974868,141.902,61.0575,False,False,4,1.12531,False,1,,,single,True,0.468729,True,A
7403,117123472,1,1871.9,3,3034.42,10.6127,0.333584,4,11.0434,5817.98,0.91503,3,24,0,0,13.6456,249.373,489.679,0.992754,128.986,28.3136,False,False,4,2.15684,True,1,,,single_partial,True,0.49049,True,B
7405,233528185,1,1872.38,1.5,7967.47,10.6124,41.8333,3,11.8299,6455,1.29443,1,8,1,0,1.64031,787.781,907.586,0.911611,280.324,60.461,False,False,0,0.600163,False,1,,,single,True,1.12434,True,A
7410,229538389,1,1876.25,16,596.65,10.6046,134.667,32,10.437,5370,2.18596,3,24,0,0,,57.4738,372.908,0.995005,221.801,74.987,False,False,1,0.562653,False,1,,,single,True,0.519588,True,A
7411,232620241,1,1886.48,24,773.296,10.6044,27.162,47,11.7504,5176,0.928715,3,24,0,0,,115.526,687.541,0.958486,268.362,55.1678,False,False,1,1.06904,False,1,,,single,True,0.251312,True,A
7419,416500979,1,1897.41,8,2631.81,10.5867,8.49809,16,11.6732,5705,0.894686,3,24,0,0,2.65931,275.811,818.42,0.846422,156.942,58.482,False,False,2,0.5,False,1,,,single,True,0.446637,True,A
7423,239199946,1,1881.98,6,715.408,10.5842,47.8416,12,9.54314,5927.21,1.63773,3,24,0,0,,39.3334,224.205,0.998995,148.635,23.4548,False,False,0,1.4629,False,1,,,single,True,0.426262,True,A
7425,237008667,1,1886.45,4,19984.2,10.5765,9.00802,8,12.4921,3403,0.284479,3,24,0,0,6.05101,1818.5,2058.33,0.929978,306.242,61.8676,False,False,6,1.16282,False,1,,,single,True,0.391337,True,A
7426,126240209,1,1876.46,1,4260.54,10.5751,139.667,2,11.3281,5522.63,2.36044,3,24,0,0,,121.152,552.075,0.995812,133.77,25.235,False,False,2,2.49443,False,1,,,single,True,1.49928,True,A
7429,285009583,1,1896.67,2,4210.33,10.5681,26.3391,4,11.7918,6150.93,1.30575,3,24,0,0,,142.99,755.99,0.994881,146.252,25.9248,False,False,2,1.27535,False,1,,,single,True,0.824472,True,A
7431,86186577,1,1897.49,6,4686.24,10.5652,6.48774,12,12.2069,6524,1.48939,3,24,0,0,2.55891,359.955,1170.87,0.846486,139.245,60.7286,False,False,1,0.937754,False,1,,,single,True,0.992152,True,A
7432,236967686,1,1886.66,12,1171.69,10.565,12.5077,24,11.1626,5977,2.0641,3,24,0,0,6.27964,138.246,474.419,0.983942,304.862,63.664,False,False,4,1.838,False,1,,,single,True,0.687534,True,A
7433,233634792,1,1872.77,1,10043.7,10.5637,1.33516,2,12.6876,6316,1.1802,3,24,0,0,9.0973,376.525,1299.85,0.964415,145.927,25.533,False,False,1,1.0878,True,1,,,single_partial,True,1.15096,True,B
7434,16149684,1,1893.79,3,1961.13,10.5602,95.4919,6,10.879,5642.51,0.961158,3,24,0,0,,77.1286,458.161,0.97767,136.816,40.4661,False,False,0,1.03153,False,1,,,single,True,0.414195,True,A
7444,233120858,1,1876.2,24,761.558,10.5375,133.5,48,9.8786,5602,0.813716,3,24,0,0,11.3455,116.619,378.948,0.707513,273.458,62.5847,False,False,0,1.55667,False,1,,,single,True,0.218515,True,A
7445,286728627,1,1883.13,2,6376.68,10.5374,1.33918,4,12.2158,5135.66,1.74289,3,24,0,0,4.87354,522.868,987.557,0.99033,143.103,22.4184,False,False,5,1.70671,True,1,,,single_partial,True,1.35433,True,B
7447,159504367,1,1887.45,6,3173.28,10.5352,6.00557,11,11.394,6184,0.973013,3,24,0,0,11.1717,512.072,721.667,0.91463,144.91,70.4832,False,False,4,1.95053,False,1,,,single,True,0.533372,True,A
7450,445812441,1,1886.25,16,1914.73,10.5299,4.34294,24,12.4468,6116,1.13518,3,24,0,0,,198.816,1136.5,0.955887,171.986,50.0272,False,False,0,0.5,True,1,,,single_partial,True,0.483366,True,B
7453,142827157,1,1895.2,3,4080.55,10.5261,61.4964,6,12.0806,5925,1.55847,3,24,0,0,,163.216,909.928,0.829831,173.86,70.7851,False,False,0,0.918999,False,1,,,single,True,0.968758,True,A
7455,117418698,1,1871.81,2,7319.13,10.5247,28.1666,4,12.8064,5259.93,2.06816,3,24,0,0,,291.873,1493.67,0.981695,137.767,28.1732,False,False,4,1.23784,False,1,,,single,True,1.72175,True,A
7457,198235884,1,1883.77,4,31381.6,10.5172,4.83796,8,12.4157,3496,0.436073,1.25,10,1,0,2.52125,3502.54,3576.59,0.137846,248.817,63.3948,False,False,1,0.637673,False,1,,,single,True,0.751717,True,A
7458,4958026,1,1880.69,6,1939.22,10.5171,78.8393,12,11.5319,6577,1.29762,3,24,0,0,,100.826,666.341,0.99539,148.741,34.0294,False,False,0,0.525143,False,1,,,single,True,0.556056,True,A
7462,232981659,1,1891.46,16,924.099,10.498,151.346,31,11.2286,5949,0.903656,3,24,0,0,,86.1945,509.923,0.996352,219.16,62.4165,False,False,2,1.01277,False,1,,,single,True,0.267313,True,A
7466,293630845,1,1872.13,16,976.259,10.4888,35.6666,32,10.246,3692,0.576204,3,24,0,0,10.4967,161.296,326.643,0.993606,149.695,55.5508,False,False,1,0.600163,False,1,,,single,True,0.175193,True,A
7468,284993827,1,1871.13,3,4493.94,10.4794,11.6666,4,11.8945,4726,0.819545,3,24,0,0,,147.183,786.584,0.941363,137.335,25.1564,True,False,3,2.62571,False,1,,,single,True,0.534618,True,B
7469,414963852,1,1871.52,1,2278.6,10.4784,1.66601,2,9.5201,6451,1.78307,3,24,0,0,5.45835,152.175,224.945,0.9932,140.685,22.9663,False,False,2,1.59418,False,1,,,single,True,0.828247,True,A
7473,383647335,1,1897.11,3,2671.48,10.4734,15.4984,6,11.5284,5682,1.11122,3,24,0,0,,97.0967,625.192,0.974628,278.823,64.0454,False,False,0,1.63169,False,1,,,single,True,0.558899,True,A
7474,88048181,1,1896.24,1.5,5294.68,10.472,1.17587,3,11.9856,5907,1.06951,3,24,0,0,,187.406,819.692,0.995596,147.671,22.1163,False,False,1,2.11933,True,1,,,single_partial,True,0.75729,True,B
7476,239205130,1,1894.31,2,5382.9,10.4695,82.8447,4,12.0893,6483,1.28976,3,24,0,0,,177.417,967.497,0.926911,149.258,19.4924,False,False,2,1.57543,False,1,,,single,True,0.92082,True,A
7478,230072908,1,1883.37,12,656.568,10.4687,14.3366,24,10.5615,6458,1.40484,3,24,0,0,,74.2883,369.842,0.975974,243.761,67.4198,False,False,3,0.5,False,1,,,single,True,0.350287,True,A
7481,85991805,1,1872.79,4,6775.25,10.4643,51.6666,8,12.912,6231,1.31364,3,24,0,0,,296.171,1672.63,0.920243,138.327,22.9806,False,False,2,0.806469,False,1,,,single,True,1.0522,True,A
7483,377367258,1,1897.49,6,2457.49,10.4605,6.49399,12,11.7282,5978,1.70563,3,24,0,0,,153.805,778.993,0.907677,149.014,58.1018,False,False,3,0.581408,False,1,,,single,True,0.822788,True,A
7490,87973568,1,1892.54,4,5303.77,10.4531,125.342,6,12.5512,5779.24,1.88433,3,24,0,0,,226.562,1326.33,0.961965,146.515,20.1533,False,False,1,1.40663,False,1,,,single,True,1.33539,True,A
7491,236994728,1,1887.2,24,1072.71,10.4511,35.5079,47,11.5243,5469,0.769478,3,24,0,0,,155.221,753.387,0.936979,305.725,62.4246,False,False,2,1.48165,False,1,,,single,True,0.245242,True,A
7492,284625888,1,1887.25,12,1807.31,10.4493,11.6599,24,12.3568,5265,0.90136,3,24,0,0,,158.847,1014.53,0.995237,178.63,59.164,False,False,4,0.675183,False,1,,,single,True,0.372882,True,A
7494,308073176,1,1871.48,8,2094.19,10.4464,20.1665,16,11.8486,6210.71,1.92007,3,24,0,0,,148.765,780.042,0.950541,152.45,24.7623,True,False,0,0.881489,False,1,,,single,True,0.855032,True,B
7495,414969623,1,1892.21,4,2404.13,10.4458,0.162463,5,10.7578,5800.21,1.35211,3,24,0,0,11.3716,398.548,433.161,0.981675,141.252,23.6101,False,False,0,2.26937,True,1,,,single_partial,True,0.645132,True,B
7496,414964328,1,1893.21,2,1816.32,10.4431,109.335,4,10.2637,5808,1.15886,3,24,0,0,,81.0678,318.981,0.994103,140.807,22.7281,False,False,1,1.50041,False,1,,,single,True,0.480601,True,A
7500,137643799,1,1886.95,24,621.778,10.4362,2.00456,29,10.3025,5690,1.40969,3,24,0,0,,54.0878,318.537,0.998087,138.307,58.8249,False,False,3,0.975265,True,1,,,single_partial,True,0.342057,True,B
7501,117506219,1,1896.04,4,12196.5,10.4339,0.500982,6,12.9547,5886,1.37,3,24,0,0,13.6458,973.976,1703.63,0.953112,138.107,26.2063,False,False,1,2.06306,True,1,,,single_partial,True,1.4723,True,B
7502,142520236,1,1896.49,16,1157.4,10.4312,30.49,32,12.0304,5622,1.37398,3,24,0,0,,136.561,845.829,0.990729,163.669,76.1194,False,False,2,0.656428,False,1,,,single,True,0.454863,True,A
7504,229595274,1,1886.34,16,577.749,10.4282,22.0046,31,10.2053,4066,0.657445,3,24,0,0,,70.7009,308.589,0.981806,273.042,77.1618,False,False,7,1.55667,False,1,,,single,True,0.153775,True,A
7505,56862345,1,1887.12,2,4795.22,10.4258,4.00188,4,9.7573,4329.35,0.789269,1.5,12,1,0,9.73946,12222.8,266.497,0.99429,138.472,46.4906,False,False,0,0.937754,False,1,,,single,True,0.531847,True,A
7507,39065678,1,1883.42,6,2277.23,10.425,13.3338,12,11.8509,6079.19,1.05213,3,24,0,0,,113.088,729.412,0.968404,139.094,40.1073,False,False,2,0.900244,False,1,,,single,True,0.488574,True,A
7508,86299057,1,1872.85,3,6244.29,10.423,53,6,12.6523,5251,0.830347,3,24,0,0,,255.627,1363.62,0.987918,142.534,64.9263,False,False,1,1.48165,False,1,,,single,True,0.638496,True,A
7509,229512649,1,1895.84,12,649.642,10.4224,45.9911,24,10.2685,6197,1.96905,3,24,0,0,6.78116,88.7274,296.769,0.899872,297.352,62.0406,False,False,2,1.53792,False,1,,,single,True,0.488373,True,A
7510,86037975,1,1874.16,1.5,11090.4,10.4213,84.3332,3,12.9005,5528.36,0.818387,3,24,0,0,,358.992,1593.75,0.969969,139.203,23.0226,False,False,2,1.16282,False,1,,,single,True,0.838667,True,A
7511,256559137,1,1883.13,1,7130.75,10.4197,19.9946,2,12.0324,3840,0.575018,3,24,0,0,11.3019,342.509,894.427,0.961612,299.602,60.5315,False,False,1,0.918999,False,1,,,single,True,0.472505,True,A
7512,87955955,1,1874.98,1,9710.32,10.417,1.16317,2,12.6717,6046,1.26205,3,24,0,0,5.68583,655.714,1330.46,0.982164,146.103,22.2722,False,False,2,2.30688,True,1,,,single_partial,True,1.21018,True,B
7515,307989458,1,1881.59,6,2731.4,10.412,57.3414,12,12.0141,5431,0.828685,3,24,0,0,,147.078,862.914,0.994789,149.644,26.5614,False,False,1,1.25659,False,1,,,single,True,0.421444,True,A
7516,16151595,1,1883.29,4,1766.87,10.411,16.4997,8,10.919,5863,1.45519,3,24,0,0,11.2412,167.466,459.199,0.990919,137.028,39.8313,False,False,4,0.806469,False,1,,,single,True,0.595223,True,A
7517,117247173,1,1876.4,12,1075.85,10.4085,138.167,24,10.2997,6424.57,1.56904,3,24,0,0,9.09708,166.477,340.174,0.949973,130.144,26.447,False,False,1,2.41941,False,1,,,single,True,0.500804,True,A
7519,67399228,1,1896.48,1,2097.54,10.4018,0.844861,2,10,6441.61,1.69822,3,24,0,0,,70.3865,281.705,0.990564,155.113,31.6831,False,False,0,0.600163,True,1,,,single_partial,True,0.756844,True,B
7520,310935032,1,1886.9,24,875.237,10.4011,3.66056,32,10.5386,5424.62,1.99655,3,24,0,0,,83.0107,371.588,0.990144,172.393,57.7086,False,False,3,0.618918,True,1,,,single_partial,True,0.574779,True,B
7521,285005760,1,1872.65,1,11656,10.3983,48.1666,2,12.6468,6052.13,1.61651,3,24,0,0,,289.917,1439.62,0.85679,138.491,27.9763,False,False,3,1.2941,False,1,,,single,True,1.69829,True,A
7524,17191314,1,1877.94,6,1213.84,10.3907,144.836,12,10.2756,5911.6,1.26252,3,24,0,0,3.17345,77.8206,308.556,0.999038,145.21,39.6639,False,False,0,0.712693,False,1,,,single,True,0.428031,True,A
7525,311576560,2,1897.52,6,24776.6,10.3876,5.83764,12,11.76,8270,1.98168,3,24,0,0,8.91673,5872.26,4232.85,0.996639,159.189,49.7928,True,False,0,0.881489,False,2,,,single,True,3.03537,False,B
7530,21509318,1,1883,8,1424.08,10.38,23.3381,15,11.1579,5699.15,1.6841,3,24,0,0,,96.0871,503.687,0.999218,149.24,39.7112,False,False,0,0.506387,False,1,,,single,True,0.618432,True,A
7532,287179145,1,1897.49,6,4014.63,10.3778,6.4927,12,12.4933,5818,0.98657,3,24,0,0,,255.627,1303.39,0.840203,149.59,61.607,False,False,2,0.5,False,1,,,single,True,0.608286,True,A
7533,117294914,1,1894.2,1.5,8847.13,10.3776,85.6572,3,12.8344,5426.32,0.845524,3,24,0,0,,277.981,1569.55,0.976728,131.266,28.0275,False,False,1,1.72547,False,1,,,single,True,0.7739,True,A
7535,307959667,1,1892.23,2,7985.47,10.3747,1.34297,4,12.8867,6112.05,1.04888,3,24,0,0,5.45841,388.544,1533.39,0.985684,149.033,25.3053,False,False,2,1.0878,True,1,,,single_partial,True,0.912081,True,B
7536,3699152,1,1882.06,2,3781.71,10.374,45.9977,4,11.2736,5253,1.20687,3,24,0,0,5.93286,196.719,658.924,0.971371,127.845,25.7692,False,False,5,1.85675,False,2,,,single,True,0.722207,True,A
7537,82204632,1,1897.48,6,969882,10.3719,6.84094,9,12.7168,5877.25,1.79428,0.75,6,1,0,2.06757,397388,204651,0.880264,148.163,25.9803,False,False,1,1.20033,False,1,,,single,True,17.1952,False,B
7539,328627403,1,1871.13,3,10939,10.3689,7.16667,4,10.3098,5930,1.93746,3,24,0,0,13.2186,1542.13,1588.44,0.54534,144.899,59.1327,True,False,3,0.506387,False,1,,,single,True,1.97187,True,B
7544,441765914,1,1894.35,6,1510.54,10.3575,81.9939,12,10.8812,4902,0.831423,3,24,0,0,6.16472,191.553,436.552,0.973797,261.375,75.8823,False,False,0,0.5,False,1,2088.01,2088.01,single,True,0.314446,True,A
7548,355817039,1,1886.99,24,2356.18,10.3525,2.00187,29,12.4102,6190,1.42235,3,24,0,0,,191.204,1035.85,0.985748,151.684,63.7658,False,False,1,0.95651,True,1,,,single_partial,True,0.671843,True,B
7550,259132294,1,1876.37,16,3883.01,10.3444,134,32,10.7839,6235,1.94549,2,16,1,0,2.93247,726.685,963.43,0.616983,292.055,71.2923,False,False,1,0.618918,False,2,,,single,True,1.1797,True,A
7553,92007090,1,1874.06,2,3978.85,10.3416,1.1639,4,11.3332,3134,0.1827,3,24,0,0,12.4054,204.273,667.469,0.991659,145.259,22.0245,False,False,2,2.06306,True,1,,,single_partial,True,0.112144,True,B
7554,172936458,1,1872.09,6,4717.52,10.3397,34.6666,12,12.884,5915,1.15352,3,24,0,0,,314.355,1613.87,0.976161,129.273,30.7791,False,False,3,2.11933,False,1,,,single,True,0.770974,True,A
7555,376870576,1,1882.78,8,3649.83,10.3385,28.4958,16,11.8653,5527,2.15606,1.25,10,1,0,2.13539,867.342,1005.38,0.808884,283.57,73.7846,False,False,0,1.40663,False,1,,,single,True,1.26752,True,A
7556,417835332,1,1883.29,16,2754.29,10.3365,16.4963,31,10.5522,6226,1.46092,3,24,0,0,12.3009,672.295,501.221,0.885788,138.24,61.7968,False,False,2,0.675183,False,1,,,single,True,0.746086,True,A
7559,91987487,1,1879.34,6,716.071,10.3361,111.34,12,8.81022,6224,1.47706,3,24,0,0,3.10135,48.2416,168.4,0.998763,144.528,22.9553,False,False,2,2.11933,False,1,,,single,True,0.384622,True,A
7561,284357876,1,1883.7,6,4575.03,10.3333,6.49788,12,12.2952,6080,1.33087,3,24,0,0,0.0790352,541.6,1271.09,0.844018,287.921,59.5289,True,False,4,1.38788,False,1,,,single,True,0.875972,True,B
7562,188506252,1,1880.29,4,3742.05,10.3311,88.3323,7,11.9174,6215.32,1.99487,3,24,0,0,,144.727,907.559,0.81154,134.298,37.1044,False,False,1,0.937754,False,1,,,single,True,1.18748,True,A
7564,318231727,1,1892.36,6,3879.75,10.3278,129.839,12,12.9539,5617.14,1.56441,3,24,0,0,,208.621,1298.47,0.990869,162.959,51.6125,False,False,1,0.693938,False,1,,,single,True,0.948221,True,A
7570,82203895,1,1891.4,3,3618.34,10.3171,107.16,6,12.0785,5671.48,0.888424,3,24,0,0,,144.092,932.401,0.959341,148.058,29.8563,False,False,1,0.656428,False,1,,,single,True,0.520035,True,A
7572,99988446,1,1872.19,3,3044.37,10.3005,37.1666,6,11.9264,5336,1.10541,3,24,0,0,,139.906,801.927,0.981104,171.849,65.796,False,False,2,0.881489,False,1,,,single,True,0.593512,True,A
7573,138652016,1,1883.79,3,2149.24,10.2974,4.33886,6,9.86734,6205,1.24909,3,24,0,0,8.02704,229.257,347.999,0.843822,179.052,60.6648,False,False,2,1.05029,False,1,,,single,True,0.5635,True,A
7580,27071700,1,1897.61,1.5,4647.56,10.288,3.68021,3,10.0924,4700,0.765273,3,24,0,0,10.497,2556.64,296.703,0.984425,152.404,21.6042,True,False,0,1.01277,False,1,,,single,True,0.507675,True,B
7581,358617224,1,1897.51,4,4297.56,10.2872,5.99036,8,11.5181,5686,0.88624,3,24,0,0,7.47095,1133.92,603.771,0.989399,177.411,79.0827,True,False,1,0.937754,False,1,,,single,True,0.565353,True,B
7582,458421240,1,1886.5,24,765.166,10.2857,-1.65748,36,11.2528,5337.2,1.04236,3,24,0,0,,87.903,506.045,0.999388,170.887,50.2457,False,False,0,0.5,True,1,,,single_partial,True,0.280578,True,B
7583,311626379,1,1872.17,24,764.903,10.2848,36.6666,48,10.8791,6740,1.81769,3,24,0,0,,81.8112,433.637,0.978964,159.554,52.5381,False,False,0,0.5,False,1,,,single,True,0.489193,True,A
7587,229964480,1,1891.11,16,2375.92,10.2802,133.504,32,10.7143,5798,1.06195,2,16,1,0,2.64499,540.444,842.473,0.529494,289.367,63.1653,False,False,0,1.80049,False,1,,,single,True,0.503706,True,A
7588,142386821,1,1883.83,1,3306.26,10.2789,3.34115,2,9.67535,5993,0.949984,1,8,1,0,4.8736,6077.05,242.232,0.974606,197.802,60.6811,False,False,1,0.731448,False,1,,,single,True,0.531548,True,A
7589,3908579,1,1896.96,16,2523.17,10.2764,19.3448,32,12.1753,5753.99,0.920522,3,24,0,0,7.58115,281.724,1112.19,0.861817,151.674,24.7781,True,False,4,0.712693,False,1,,,single,True,0.449951,True,B
7591,117159618,1,1875.59,4,2575.48,10.2758,118.667,8,11.5305,6292,1.3045,3,24,0,0,,118.086,640.416,0.970443,129.308,26.8626,False,False,2,2.5882,False,1,,,single,True,0.644215,True,A
7594,311629652,1,1896.96,16,425.648,10.2675,19.3392,32,8.56775,8068,1.66475,3,24,0,0,,34.3701,171.87,0.985038,160.264,48.5728,True,False,2,0.918999,False,1,,,single,True,0.33422,True,B
7595,308026259,1,1893.63,4,3446.76,10.2663,99.3416,8,12.3754,5826,1.24616,3,24,0,0,,168.081,1093.21,0.989089,149.988,28.4402,False,False,2,1.40663,False,1,,,single,True,0.711929,True,A
7597,270494650,1,1886.58,4,2573.51,10.263,33.1652,8,11.6515,5658,1.06409,3,24,0,0,,108.335,644.878,0.989429,231.256,72.4712,False,False,3,0.862734,False,1,7357.01,7357.01,single,True,0.525289,True,A
7599,308015761,1,1892.59,4,4373.61,10.2613,5.15669,6,12.446,5981.2,1.00269,3,24,0,0,,204.516,1108.57,0.973622,149.846,26.0438,False,False,2,1.20033,False,1,,,single,True,0.645274,True,A
7601,459787726,1,1871.23,4,2588.39,10.2545,6.66667,7,11.3979,5976,1.70731,3,24,0,0,2.35194,186.419,621.125,0.981451,144.378,59.4367,True,False,4,0.525143,False,1,,,single,True,0.845249,True,B
7602,445812358,1,1882.92,3,3033.06,10.2538,1.65824,5,11.7676,5736.81,1.47877,3,24,0,0,,118.008,714.239,0.997326,171.911,49.5372,False,False,0,0.5,True,1,,,single_partial,True,0.792499,True,B
7605,137732616,1,1871.05,1.5,2697.9,10.2474,9.83322,3,9.344,5090,0.735954,2.5,20,1,0,9.74715,4617.11,204.874,0.996873,174.207,55.4138,True,False,0,0.5,False,2,,,single,True,0.371981,True,B
7606,160184987,1,1891.3,3,3317.89,10.2473,141.506,6,11.8612,6238,1.22443,3,24,0,0,,122.422,746.813,0.990587,247.65,84.3634,False,False,3,1.20033,False,1,,,single,True,0.686313,True,A
7609,417850848,1,1892.95,6,2981.67,10.2345,115.498,12,12.4309,5245,0.841026,3,24,0,0,,193.866,1105.79,0.995797,159.713,61.469,False,False,2,1.35037,False,1,,,single,True,0.446886,True,A
7611,3666962,1,1881.93,6,3060.93,10.2342,48.9973,11,11.9947,5842,0.96405,3,24,0,0,5.05198,302.271,970.831,0.976343,127.594,26.6217,False,False,5,1.78173,False,1,,,single,True,0.51902,True,A
7615,188504714,1,1894.16,8,3928.84,10.2283,-1.49285,11,12.6587,5937,1.3975,3,24,0,0,,230.402,1369.98,0.967217,134.148,40.4855,False,False,3,0.637673,True,1,,,single_partial,True,0.852396,True,B
7617,126369215,1,1892.54,6,2870.99,10.2274,125.496,10,12.1397,5977.2,1.28028,3,24,0,0,,155.271,988.328,0.989844,136.095,25.4712,False,False,2,2.77575,False,1,,,single,True,0.667541,True,A
7626,148963939,1,1883.81,2,5243.13,10.2198,3.83639,4,10.3737,5768,1.1012,3,24,0,0,6.82294,480.827,635.384,0.812033,190.282,68.5066,False,False,0,0.656428,False,1,,,single,True,0.775924,True,A
7635,420128682,1,1883.7,6,2494.3,10.1983,6.49429,12,11.0565,6227,1.81958,3,24,0,0,7.08868,353.825,509.103,0.911309,290.611,75.7274,True,False,2,1.50041,False,1,,,single,True,0.884306,True,B
7637,417839594,1,1896.47,8,3187.81,10.1956,4.49104,16,11.5903,3316,0.298851,3,24,0,0,12.301,388.254,768.061,0.988657,147.356,65.1399,False,False,1,1.42539,True,1,,,single_partial,True,0.164194,True,B
7639,233075841,1,1891.1,16,410.538,10.1938,138.166,32,8.1519,5073,0.804724,3,24,0,0,,33.836,164.731,0.999009,271.398,63.6689,False,False,1,0.95651,False,1,,,single,True,0.158665,True,A
7641,219807735,1,1897.52,6,2167.12,10.1929,5.83863,12,9.8614,5752,1.19017,3,24,0,0,4.31119,229.465,269.245,0.929619,266.617,61.1965,True,False,1,0.731448,False,1,,,single,True,0.539147,True,B
7644,298073824,1,1876.19,24,370.589,10.1754,133.167,48,8.1033,6906,4.12041,3,24,0,0,1.23768,50.0951,161.045,0.990469,201.337,75.9827,False,False,4,1.31286,False,1,,1447.01,single,True,0.77187,True,A
7645,85914326,1,1873.26,1.5,4474.25,10.1746,62.8332,3,11.764,5650,1.37096,3,24,0,0,,129.248,777.831,0.968972,137.879,22.5822,False,False,0,0.675183,False,1,,,single,True,0.892365,True,A
7646,126351267,1,1878.28,1.5,3385.22,10.1744,136.668,3,11.1322,7953.62,1.98619,3,24,0,0,,103.33,505.535,0.984031,135.776,27.5048,False,False,4,2.13808,False,1,,,single,True,1.12453,True,A
7650,126236473,1,1897.6,1,7028,10.1673,3.99299,2,7.7657,5455,0.83188,2,16,1,0,8.52855,4410.52,163.166,0.999251,133.458,26.9132,True,False,2,1.76298,False,1,,,single,True,0.678631,True,B
7653,21507976,1,1871.27,6,7961.03,10.1605,10.6667,11,12.7164,4333.33,0.802425,3,24,0,0,6.73424,863.463,1659.61,0.948535,132.976,47.6347,True,False,0,0.581408,False,1,,,single,True,0.696701,True,B
7654,272745729,1,1871.05,1.5,51591.6,10.1574,9.33333,3,12.9626,5844,1.3069,3,24,0,0,6.70318,5845.53,4088.61,0.971852,235.705,68.0527,True,False,1,1.42539,False,1,,,single,True,2.88861,False,B
7657,353968441,1,1891.59,1.5,8634.97,10.1562,0.322755,3,12.636,5593.94,1.18907,3,24,0,0,,318.625,1316.19,0.991527,157.875,37.8254,False,False,0,0.693938,True,1,,,single_partial,True,1.07522,True,B
7660,307989910,1,1892.57,1.5,10276,10.1503,0.322834,3,12.7931,5402.15,1.92853,3,24,0,0,,333.29,1700.85,0.93013,149.6,24.0695,False,False,3,1.25659,True,1,,,single_partial,True,1.90237,True,B
7661,117505748,1,1874.77,4,4860.69,10.146,99.1666,8,12.5426,5496.3,0.910755,3,24,0,0,,251.453,1255.21,0.997482,138.033,28.4069,False,False,0,1.16282,False,1,,,single,True,0.617886,True,A
7662,229596042,1,1872.59,16,1965.71,10.1422,35,32,12.118,6115,2.12871,3,24,0,0,4.43744,218.797,846.959,0.962262,273.496,76.002,False,False,2,0.918999,False,1,,,single,True,0.918404,True,A
7663,8793666,1,1874.18,1.5,7297.48,10.1418,84.8333,3,12.6779,5508.14,1.00288,3,24,0,0,,209.387,1261.7,0.937918,140.753,34.8893,False,False,2,1.23784,False,1,,,single,True,0.833667,True,A
7666,117246841,1,1872.32,2,3438.92,10.1403,40.1666,3,11.0632,7003.37,2.19057,3,24,0,0,0.357215,138.17,491.841,0.984939,130.167,26.9202,False,False,3,2.02555,False,1,,,single,True,1.25004,True,A
7668,233634401,1,1892.03,1.5,7833.57,10.1396,0.673017,3,12.6885,5212.43,0.832583,3,24,0,0,,249.71,1276.39,0.991387,145.867,28.0666,False,False,3,1.2941,True,1,,,single_partial,True,0.717075,True,B
7669,91844695,1,1882.94,8,1150.69,10.139,24.8381,14,10.6579,5441.21,0.86865,3,24,0,0,,95.7409,389.774,0.99637,141.508,23.8022,False,False,5,2.64447,False,1,,,single,True,0.286735,True,A
7672,39733489,1,1896.96,16,474.433,10.1376,19.3359,32,6.815,6274.95,1.38732,3,24,0,0,4.87353,49.9685,100.832,0.999442,154.254,47.3084,True,False,2,0.5,False,1,,,single,True,0.29405,True,B
7674,172534443,1,1874.52,2,7725.12,10.1329,1.33597,4,12.43,5637.65,2.4135,3,24,0,0,13.6459,516.929,1161.51,0.988377,143.34,25.9655,False,False,4,2.13808,True,1,,,single_partial,True,2.06423,False,B
7677,414969628,1,1891.86,3,6626.02,10.1197,118.662,5,12.6478,5746.42,2.24504,3,24,0,0,,264.192,1385.4,0.98448,141.287,23.5676,False,False,3,2.26937,False,1,,,single,True,1.77831,True,A
7679,117164326,1,1889.66,2,7992.59,10.1175,64.5031,4,12.839,6196.61,1.70516,3,24,0,0,,246.341,1676.52,0.976778,129.678,29.1765,False,False,1,1.87551,False,1,,,single,True,1.48343,True,A
7683,332144509,1,1893.14,3,2367.86,10.1095,0.508222,5,11.0004,5649.75,1.66178,3,24,0,0,,105.166,474.589,0.99688,129.865,35.4596,False,False,0,0.918999,True,1,,,single_partial,True,0.78688,True,B
7684,441804114,1,1876.22,24,205.411,10.109,134,47,7.75763,9323,1.81984,3,24,0,0,1.44281,36.0326,128.872,0.998942,265.516,73.4617,False,False,0,1.18157,False,1,,,single,True,0.253807,True,A
7685,149363465,1,1896.93,16,3136.38,10.1061,19.9976,32,12.9477,5352.94,0.797301,3,24,0,0,,321.422,1624.59,0.937035,138.715,28.5046,True,False,1,1.05029,False,1,,,single,True,0.434505,True,B
7688,149417234,1,1887.94,3,8327.38,10.0991,0.663018,5,12.8119,5325.7,0.823066,3,24,0,0,10.4968,455.443,1489.67,0.923039,140.2,25.826,False,False,3,1.70671,True,1,,,single_partial,True,0.73088,True,B
7689,8942965,1,1897.23,8,1878.15,10.0969,12.8423,16,11.6123,5781.15,1.01195,3,24,0,0,9.74716,157.959,627.568,0.998489,153.323,33.2468,False,False,0,0.5,False,1,,,single,True,0.426758,True,A
7695,87950945,1,1889.09,1.5,10524,10.0815,0.675165,3,12.8186,5590,1.64848,3,24,0,0,,304.069,1691.69,0.957048,145.622,20.5857,False,False,2,1.61294,True,1,,,single_partial,True,1.64563,True,B
7697,330706368,1,1889.56,4,5572.05,10.0786,63.6621,8,12.8293,5019.02,0.801724,3,24,0,0,,278.567,1476.9,0.985054,141.763,26.2854,False,False,2,1.91302,False,1,,,single,True,0.582358,True,A
7698,393854649,1,1896.96,16,427.727,10.0773,19.3378,32,8.1963,5671.49,1.39355,3,24,0,0,4.87355,46.2257,138.923,0.998938,156.76,46.937,True,False,3,0.768959,False,1,,,single,True,0.280455,True,B
7701,236764295,1,1876.39,16,478.649,10.0747,138,31,8.51747,6463,2.45599,3,24,0,0,6.45832,66.7794,158.355,0.98676,273.188,66.1214,False,False,2,0.525143,False,1,,,single,True,0.522869,True,A
7703,126324163,1,1879.71,6,4319.04,10.0694,102.334,11,12.7709,5862,1.51717,3,24,0,0,,248.605,1374.98,0.912231,135.337,27.6185,False,False,5,2.40065,False,1,,,single,True,0.970254,True,A
7705,117505469,1,1872.77,6,3044.44,10.068,51.1666,11,12.3433,5738.11,1.06575,3,24,0,0,,158.582,1057.45,0.989362,137.993,29.7145,False,False,4,1.03153,False,1,,,single,True,0.572225,True,A
7706,154965981,1,1881.06,1,6070.62,10.065,69.8383,2,11.8561,6391,2.07534,3,24,0,0,,135.08,897.877,0.931609,142.049,24.573,False,False,0,2.66322,False,1,,,single,True,1.57349,True,A
7707,8718728,1,1874.34,3,14058.1,10.065,0.165183,4,12.9029,6556.2,1.95172,2,16,1,0,5.24436,2053.96,1429.03,0.923994,138.337,32.0569,False,False,1,1.20033,True,1,,,single_partial,True,2.25185,False,B
7708,258954036,1,1893.34,1.5,10621.9,10.0633,106.159,3,12.2759,5702,0.945216,3,24,0,0,9.41952,1949.16,890.419,0.975712,289.064,68.4696,False,False,1,2.25061,False,1,,,single,True,0.947957,True,A
7710,241259860,1,1896.96,16,288.274,10.0568,19.3473,32,7.8875,6637.34,1.81098,3,24,0,0,4.87362,45.0653,119.447,0.9994,158.124,31.4219,True,False,2,0.5,False,1,,,single,True,0.299208,True,B
7712,16779920,1,1896.68,24,1458.82,10.0521,2.49829,44,12.2188,5728,2.27837,3,24,0,0,5.68574,411.264,946.69,0.951543,141.654,36.1016,False,False,2,0.99402,True,1,,,single_partial,True,0.846803,True,B
7714,86118797,1,1873.34,1,6186.79,10.0455,64.6666,2,11.4407,6373.44,1.23867,1,8,1,0,2.78487,2192.53,675.609,0.817328,140.233,23.2603,False,False,3,1.63169,False,1,,,single,True,0.948082,True,A
7715,149369349,1,1876.79,3,90337.3,10.0451,147.667,6,11.3921,5571.41,0.948207,1,8,1,0,2.09936,13901.7,13394.6,0.997279,139.215,25.213,False,False,6,1.55667,False,2,,,single,True,2.77328,False,B
7720,259099258,1,1871.66,6,4243.91,10.0247,6,12,11.9596,6935,2.26984,3,24,0,0,1.79396,333.274,1015.38,0.884835,291.193,67.0782,False,False,4,2.51318,False,1,,,single,True,1.43892,True,A
7721,458481137,1,1885.56,4,5498.93,10.0231,5.15924,8,11.629,5911,1.04163,3,24,0,0,6.48326,739.835,865.095,0.996774,233.52,62.2383,False,False,2,0.712693,False,1,,,single,True,0.75164,True,A
7722,24004731,1,1896.94,16,2178.7,10.0209,19.8423,31,10.2495,5822,1.04498,3,24,0,0,6.4981,403.466,476.84,0.819422,163.212,46.6083,True,False,2,1.10655,False,1,,,single,True,0.474639,True,B
7723,165915671,1,1888.47,3,5981.66,10.0185,35.5025,6,12.8098,3977.67,0.835417,3,24,0,0,,316.107,1597.5,0.857215,131.824,32.3119,False,False,3,2.64447,False,1,,,single,True,0.628741,True,A
7725,149443756,1,1878.79,6,5308.76,10.0164,124.338,11,12.9371,6052,0.992926,3,24,0,0,,300.38,1658.63,0.976868,141.001,25.5028,False,False,0,2.26937,False,1,,,single,True,0.703997,True,A
7726,307958224,1,1895.67,4,1894.71,10.0135,50.3415,8,11.1244,6466,1.33883,3,24,0,0,,93.8299,490.014,0.976529,148.894,26.3877,False,False,2,1.2941,False,1,,,single,True,0.567093,True,A
7729,8792820,1,1878.71,12,1731.43,10.0017,-0.163548,15,10.8101,6318,1.10889,3,24,0,0,13.6458,1449.02,438.201,0.994672,140.712,30.5726,False,False,2,0.918999,True,1,,,single_partial,True,0.449002,True,B
7732,117279924,1,1887.54,6,2052.92,9.99606,14.5018,11,11.6646,6147.71,1.12522,3,24,0,0,,117.381,692.231,0.972414,131.2,26.961,False,False,3,2.2131,False,1,,,single,True,0.496114,True,A
7734,147994132,1,1897.49,1.5,4518.78,9.99212,6.66506,3,10.6211,5803,1.24165,3,24,0,0,6.20264,876.111,506.229,0.858437,170.596,66.91,False,False,1,0.712693,False,1,,,single,True,0.812208,True,A
7737,126238239,1,1871.86,1,2824.08,9.98559,29.1666,2,10.7492,5893,1.95809,3,24,0,0,,77.1113,414.24,0.988984,133.556,28.5465,False,False,2,1.89426,False,1,,,single,True,1.01258,True,A
7742,117381286,1,1882.42,3,5210.5,9.97314,37.3332,6,12.657,5777.68,1.04771,3,24,0,0,,211.279,1268.72,0.98258,132.261,26.233,False,False,1,2.19435,False,1,,,single,True,0.735933,True,A
7746,268051899,1,1897.53,2,4481.46,9.96363,5.49123,4,10.6188,3824,0.64058,3,24,0,0,13.5623,823.834,457.753,0.778236,298.029,60.8356,True,False,4,1.16282,False,1,,,single,True,0.417292,True,B
7747,137888955,1,1871.23,4,4692.05,9.96322,14.1667,7,12.5485,5921.43,1.28252,3,24,0,0,,213.709,1127.83,0.995684,151.453,59.0563,True,False,2,0.95651,False,1,,,single,True,0.854876,True,B
7749,219794110,1,1886.33,16,981.997,9.95412,19.1633,31,11.7201,5955,1.08412,3,24,0,0,,109.507,639.414,0.988118,265.156,60.3121,False,False,2,1.27535,False,1,,,single,True,0.33059,True,A
7750,160472901,1,1883.81,1,4614.89,9.94735,3.83385,2,10.1625,5308,0.881305,2,16,1,0,9.72469,5893.01,361.724,0.945895,237.435,73.7028,False,False,1,0.750204,False,1,,,single,True,0.582592,True,A
7752,239205079,1,1897.26,1.5,2070.38,9.94263,12.1779,3,7.0485,5981,1.05978,3,24,0,0,13.6461,446.947,231.269,0.876231,149.259,19.7624,False,False,2,1.81924,False,1,,,single,True,0.469244,True,A
7753,341526824,1,1896.22,4,5214.76,9.94203,36.9886,6,12.769,6124,1.46716,3,24,0,0,,236.999,1426.7,0.994495,130.098,31.1954,False,False,2,2.53194,False,1,,,single,True,1.03098,True,A
7754,86383614,1,1897.49,6,5495.82,9.94139,6.49084,12,12.8301,5170,0.796353,3,24,0,0,,372.603,1708.62,0.808452,145.906,61.6636,False,False,4,0.750204,False,1,,,single,True,0.574486,True,A
7755,147936910,1,1883.8,1.5,2741.1,9.93784,4.16746,3,9.4285,5966,2.22142,1.25,10,1,0,4.12561,3385.44,223.736,0.998887,166.35,66.8124,False,False,3,0.95651,False,1,,,single,True,1.13175,True,A
7756,355867695,1,1895.91,2,3320.07,9.93689,44.494,4,10.8116,4225,0.693431,3,24,0,0,7.97787,632.677,502.817,0.858334,157.146,65.8546,False,False,0,0.693938,False,1,1260.02,"1260.01,1260.02,1260.03",single,True,0.388807,True,A
7757,219778840,1,1897.41,8,1566.04,9.93645,8.33554,16,11.3967,3975,0.654743,3,24,0,0,,124.928,591.956,0.970343,263.807,65.9091,False,False,0,0.618918,False,1,,,single,True,0.252133,True,A
7758,20162099,1,1886.59,12,588.25,9.93613,34.1656,24,10.5261,5593,1.58687,3,24,0,0,,66.7377,331.569,0.996291,145.34,47.8708,False,False,2,0.5,False,1,,,single,True,0.374524,True,A
7761,148623084,1,1897.54,4,3611.44,9.93361,5.49714,8,12.2555,5211,0.801394,3,24,0,0,,159.12,1021.85,0.992374,154.235,57.5931,True,False,3,0.5,False,1,,,single,True,0.468645,True,B
7763,166583413,1,1891.13,1.5,5758,9.93038,99.8345,3,12.3118,5944.14,0.969999,3,24,0,0,,168.188,1072.04,0.888259,135.302,34.9907,False,False,1,0.862734,False,1,,,single,True,0.71625,True,A
7764,101615772,1,1883.77,4,7858.66,9.93027,4.84321,8,12.0885,5526.24,0.839817,2,16,1,0,10.497,5687.46,887.052,0.997398,160.335,35.8433,False,False,0,0.525143,False,1,,,single,True,0.724463,True,A
7766,117108694,1,1883.7,6,3122.26,9.92875,6.49792,12,11.9947,4042,0.875798,3,24,0,0,7.18189,520.864,856.867,0.982768,128.882,27.9268,True,False,3,2.02555,False,1,,,single,True,0.476207,True,B
7767,457136325,1,1882.4,4,3838.06,9.92787,37.8331,8,12.3895,5737.61,1.46885,3,24,0,0,,169.088,1119.27,0.828572,140.962,48.0146,False,False,0,0.618918,False,1,,,single,True,0.885505,True,A
7768,137800924,1,1887.33,12,2721.16,9.92681,14.1596,23,12.777,5298,0.734177,3,24,0,0,,221.929,1406.81,0.988018,176.506,57.7424,False,False,4,0.581408,False,1,,,single,True,0.372679,True,A
7770,407613085,1,1896.92,16,1518.61,9.92075,3.15315,28,12.3746,6131.46,1.83439,3,24,0,0,,242.592,1033.39,0.951935,157.735,31.9071,True,False,3,0.506387,True,1,,,single_partial,True,0.695621,True,B
7771,160585778,1,1886.41,12,1962.58,9.9164,23.6663,24,12.4929,6224,1.97637,3,24,0,0,,155.076,1059.63,0.983299,243.692,72.994,False,False,1,1.21908,False,1,,,single,True,0.852,True,A
7772,117413283,1,1895.37,2,4589.3,9.91601,57.4921,4,11.6212,6071.04,1.67382,0.75,6,1,0,3.59097,4208.02,724.998,0.953506,132.643,26.9136,False,False,3,1.68796,False,1,,,single,True,1.10342,True,A
7773,3800691,1,1893.1,2,7674.43,9.91434,0.507687,4,12.8187,5956.39,1.29155,3,24,0,0,,291.709,1577.37,0.97794,128.784,29.2473,False,False,1,1.35037,True,1,,,single_partial,True,1.10101,True,B
7777,229489705,1,1886.11,8,2732.94,9.91222,8.00564,15,11.9699,5992,1.48838,3,24,0,0,2.78642,209.525,871.146,0.906141,296.058,65.2673,False,False,3,1.50041,False,1,,,single,True,0.757158,True,A
7778,166582935,1,1882.03,1.5,4136.58,9.91,0.332681,3,11.6012,6237.45,1.89781,3,24,0,0,,118.285,678.827,0.992929,135.261,33.0396,False,False,0,1.59418,True,1,,,single_partial,True,1.18777,True,B
7779,88096079,1,1879.55,1.5,9232.96,9.90991,64.6745,3,12.9398,5841,1.36872,3,24,0,0,,298.882,1515.24,0.998043,148.177,22.6386,False,False,3,2.08181,False,1,,,single,True,1.2798,True,A
7781,39085535,1,1871.19,6,2690.95,9.90108,7.66638,9,11.7969,5778.19,1.59745,3,24,0,0,,157.274,795.595,0.989629,151.586,38.479,True,False,0,0.525143,False,1,,,single,True,0.806376,True,B
7782,29153701,1,1888.66,4,5078.69,9.89571,40.0029,8,12.5443,6081.97,1.02302,3,24,0,0,,260.296,1189.46,0.996981,134.757,42.949,False,False,0,0.843979,False,1,,,single,True,0.709443,True,A
7783,288735884,1,1885.99,6,6471.71,9.89564,6.00683,11,12.5735,4419,0.749765,3,24,0,0,5.86491,764.912,1315.02,0.885432,282.125,81.1904,False,False,0,0.5,False,1,,,single,True,0.586938,True,A
7784,160551942,1,1886.37,12,809.811,9.89551,22.6665,24,11.2716,6265,2.45103,3,24,0,0,,77.1871,540.462,0.989999,242.498,73.5101,False,False,2,0.900244,False,1,,,single,True,0.678732,True,A
7786,16118084,1,1896.41,4,1980.75,9.89118,32.4913,8,11.2655,5666.21,1.61268,3,24,0,0,,94.7811,528.149,0.962951,136.175,40.5357,False,False,1,1.03153,False,1,,,single,True,0.698426,True,A
7788,302330626,1,1885.48,6,3208.93,9.88801,6.16209,12,12.3652,5823.9,0.992413,3,24,0,0,,208.398,1016.59,0.995834,167.707,58.1263,False,False,0,0.600163,False,1,,,single,True,0.547054,True,A
7790,117273417,1,1882.43,3,5305.13,9.88598,36.9985,6,12.5545,6196,1.99682,3,24,0,0,,236.741,1260.14,0.988594,130.556,29.7352,False,False,1,2.66322,False,1,,,single,True,1.41529,True,A
7792,157834842,1,1883.71,6,2036.44,9.88117,6.3377,12,10.7619,5829,1.25257,3,24,0,0,8.02698,443.56,464.276,0.818299,149.822,42.0865,True,False,2,0.543898,False,1,,,single,True,0.550042,True,B
7794,233186825,1,1886.5,12,1701.86,9.87638,29.663,24,12.2896,5891,1.82485,3,24,0,0,,153.589,906.481,0.990313,225.073,69.339,False,False,6,1.61294,False,1,,,single,True,0.732566,True,A
7796,117413735,1,1893.85,6,2444.38,9.87468,93.9927,9,11.6072,6155.93,1.97952,3,24,0,0,,111.378,683.014,0.992477,132.592,25.1467,False,False,5,2.2131,False,1,,,single,True,0.952362,True,A
7797,88645599,1,1877.81,24,2341.06,9.8726,147.997,48,12.8718,5757.02,0.948336,3,24,0,0,,306.882,1462.72,0.992678,130.617,39.7698,False,False,0,0.787714,False,1,,,single,True,0.446505,True,A
7798,26983372,1,1889.4,1.5,9529.26,9.87236,59.8222,3,12.8543,5834.1,1.64131,3,24,0,0,,309.181,1750.88,0.899221,150.271,19.3437,False,False,2,1.2941,False,1,,,single,True,1.55911,True,A
7800,8307554,1,1886.81,3,6511.44,9.86948,2.65565,6,12.874,6000,1.52471,3,24,0,0,,260.061,1578.01,0.989991,163.303,39.8948,False,False,1,0.5,False,1,,,single,True,1.19725,True,A
7802,356979621,1,1883.66,6,660.535,9.86496,5.83467,12,8.2366,5726.85,1.06699,3,24,0,0,10.4728,68.9424,143.773,0.961188,273.814,59.8267,True,False,1,0.768959,False,1,,,single,True,0.266849,True,B
7805,284895685,1,1894.06,3,3596.45,9.85939,88.9907,6,11.9785,6075.38,1.14782,3,24,0,0,,180.582,841.63,0.978189,132.318,30.5189,False,False,2,2.45692,False,1,,,single,True,0.669836,True,A
7809,149418117,1,1887.17,2,3674.65,9.85521,5.66299,4,11.6778,6827.29,1.43848,3,24,0,0,,131.303,739.057,0.996916,140.265,26.2055,False,False,0,1.57543,False,1,,,single,True,0.848534,True,A
7810,279823654,1,1892.58,6,3238.85,9.85266,124.49,10,12.3975,6002.55,1.41436,3,24,0,0,,192.243,1088.05,0.985326,138.043,49.1789,False,False,1,1.10655,False,1,,,single,True,0.783272,True,A
7811,154998585,1,1873,4,1421.8,9.85088,1.33502,7,10.3792,6083,2.29302,3,24,0,0,,78.5268,314.742,0.99767,142.315,25.3014,False,False,2,2.53194,True,1,,,single_partial,True,0.841364,True,B
7812,8200640,1,1895.02,4,5696.07,9.84996,0.157311,5,12.5858,6337.47,2.10677,3,24,0,0,4.25462,597.448,1168.88,0.997959,156.923,38.1874,False,False,1,0.918999,True,1,,,single_partial,True,1.54726,True,B
7813,139415691,1,1881.19,6,1794.5,9.84772,65.3413,12,11.7037,6122.53,1.53737,3,24,0,0,,127.441,760.243,0.846669,153.884,34.299,False,False,1,0.843979,False,1,,,single,True,0.633735,True,A
7814,117380679,1,1873.94,4,3242.27,9.83978,79.1666,8,12.15,6091,1.03391,3,24,0,0,,178.803,1017.02,0.941307,132.182,24.1724,False,False,1,1.61294,False,1,,,single,True,0.572882,True,A
7815,91968209,1,1880.54,2,4227.89,9.83294,1.16096,4,11.8366,5970.02,2.17265,3,24,0,0,7.58108,215.005,803.788,0.98442,144.232,22.9714,False,False,2,2.36314,True,1,,,single_partial,True,1.3747,True,B
7819,237103533,1,1883.71,6,6111.29,9.82589,6.33507,12,12.4751,3616,0.410996,3,24,0,0,7.16559,646.712,1532.72,0.414747,240.942,70.9133,True,False,0,0.656428,False,1,,,single,True,0.312652,True,B
7823,264303933,1,1871.24,3,2992.75,9.80278,5.5,5,11.1304,6151,2.14059,3,24,0,0,5.81965,189.638,549.061,0.856106,296.176,68.0619,True,False,4,1.4629,False,1,,,single,True,1.13953,True,B
7824,284896335,1,1897.08,4,5909.01,9.80266,16.4906,8,12.8257,5551.92,1.15976,3,24,0,0,,271.492,1477.44,0.993775,132.501,31.6749,False,False,9,2.66322,False,1,,,single,True,0.867527,True,A
7826,126238808,1,1888.85,2,4237,9.79966,46.0007,4,11.9682,5730.94,1.13918,3,24,0,0,5.9329,266.859,799.477,0.964863,133.699,28.6452,False,False,2,1.96928,False,1,,,single,True,0.721571,True,A
7827,233507691,1,1897.56,4,1338.44,9.79964,4.84329,8,9.9055,4411,0.719323,3,24,0,0,10.4329,142.871,249.116,0.97941,270.266,53.4766,True,False,1,0.843979,False,1,,,single,True,0.256083,True,B
7829,219822382,1,1883.73,3,4396.16,9.79882,4.3344,6,10.0766,5248,0.916778,3,24,0,0,10.4728,539.796,768.088,0.266302,268.07,64.2359,True,False,0,0.600163,False,1,,,single,True,0.591505,True,B
7833,332145642,1,1882.33,6,1546.46,9.79382,39.498,12,11.0251,6079.41,2.73136,3,24,0,0,,92.2074,477.789,0.989611,130.234,31.8145,False,False,0,2.64447,False,1,,,single,True,1.04522,True,A
7834,252464751,1,1876.31,16,478.104,9.79088,136.167,32,8.61986,6659,1.84622,3,24,0,0,,39.6471,185.626,0.976146,149.799,50.9831,False,False,1,0.675183,False,1,,,single,True,0.392828,True,A
7835,264173786,1,1897.59,1.5,1491.93,9.78735,4.15513,3,8.4421,5214,0.883768,3,24,0,0,12.3293,177.1,158.983,0.960238,294.473,71.5429,True,False,1,1.05029,False,1,,,single,True,0.332177,True,B
7836,117506588,1,1881.4,4,5550.56,9.78685,61.8364,8,12.7873,5117.97,0.811268,3,24,0,0,,275.245,1647,0.91051,138.067,24.3621,False,False,5,1.76298,False,1,,,single,True,0.588153,True,A
7837,1102653152,1,1883.74,4,4103.65,9.78553,5.49802,8,10.6087,6958,3.34067,3,24,0,0,3.02543,332.92,489.504,0.805747,232.399,78.7477,True,False,0,0.5,False,1,,,single,True,2.08246,False,B
7840,149468817,1,1876.75,3,7407.74,9.7818,146.667,5,12.9019,4409,0.691743,3,24,0,0,,279.213,1639.28,0.993285,141.496,25.4869,False,False,5,1.87551,False,1,,,single,True,0.579355,True,A
7843,165858575,1,1895.47,8,3435.68,9.78078,54.9896,16,12.4193,7316,1.82342,1,8,1,0,0.435962,543.749,1119.06,0.98773,130.991,30.4006,False,False,1,2.94455,False,1,,,single,True,1.04004,True,A
7844,332172557,1,1873.25,3,3265.09,9.77995,1.66551,5,11.8268,6130.48,1.41219,3,24,0,0,,111.437,732.382,0.995587,138.616,32.0093,False,False,0,1.20033,True,1,,,single_partial,True,0.785232,True,B
7847,285082876,1,1887.52,8,2217.63,9.77586,12.5022,15,12.348,6098.99,1.26883,3,24,0,0,,163.996,998.303,0.989698,133.288,35.1648,False,False,2,1.21908,False,1,,,single,True,0.581441,True,A
7848,202294409,1,1886.4,24,1953.06,9.7758,0.842274,36,12.5345,6284.35,1.20706,3,24,0,0,,192.812,1153.39,0.997789,174.903,53.1038,False,False,1,0.5,True,1,,,single_partial,True,0.519092,True,B
7854,357303765,1,1885.29,4,3995.57,9.76114,4.66212,8,12.2024,5067,0.849622,3,24,0,0,8.52872,462.33,982.128,0.872842,211.364,68.0815,False,False,3,0.712693,False,1,,,single,True,0.522604,True,A
7859,86176922,1,1876.2,24,17985,9.75454,133.5,48,11.4032,6644,2.55614,3,24,0,0,13.5622,14853.4,3478.86,0.886625,138.654,62.5025,False,False,1,1.05029,False,1,,,single,True,3.33578,False,B
7861,21546940,1,1879.81,1,4664.47,9.74991,99.9979,2,11.7524,5819.09,1.5185,3,24,0,0,,114.71,736.325,0.981817,134.061,43.8388,False,False,0,0.5,False,1,,,single,True,1.00919,True,A
7862,139381862,1,1876.5,2,4031.46,9.74574,1.33543,4,11.7979,6284,1.41597,3,24,0,0,,151.662,772.105,0.982746,139.378,33.4999,False,False,2,1.35037,True,1,,,single_partial,True,0.874869,True,B
7865,126236020,1,1883.59,6,5803.42,9.73909,-0.666521,8,12.9158,4667.16,0.812646,3,24,0,0,,291.626,1635.09,0.935653,133.355,28.7555,True,False,7,2.10057,True,1,,,single_partial,True,0.602422,True,B
7866,284930422,1,1894.93,3,1010.12,9.73907,67.9911,6,9.3801,5283,0.784559,3,24,0,0,,55.4854,211.649,0.997502,133.046,31.8384,False,False,4,2.45692,False,1,,,single,True,0.242645,True,A
7868,147610693,1,1883.7,6,5308.9,9.73135,6.49717,12,12.2875,5613,0.926088,3,24,0,0,10.4325,573.154,1185.82,0.891672,148.695,68.2821,True,False,3,1.0878,False,1,,,single,True,0.656617,True,B
7871,233739918,1,1893.28,4,2692.66,9.72114,107.499,7,10.7355,6496,1.55111,3,24,0,0,3.66554,174.491,421.488,0.924501,278.066,63.4025,False,False,5,1.10655,False,1,,,single,True,0.783233,True,A
7875,288676782,1,1877.22,24,1262.74,9.71672,158,48,11.0087,5536,1.99241,3,24,0,0,1.41273,195.713,482.85,0.901162,281.394,78.9602,False,False,0,0.881489,False,1,,,single,True,0.688959,True,A
7877,126317367,1,1881.13,3,4780.97,9.71371,68.3344,6,12.0117,6234.02,2.32295,3,24,0,0,3.41143,375.695,847.341,0.990481,134.593,25.9402,False,False,2,2.41941,False,1,,,single,True,1.56299,True,A
7883,229910919,1,1885.76,6,2745.01,9.70694,6.0028,12,12.2442,5380,0.917779,3,24,0,0,,142.059,916.401,0.888544,287.383,62.1033,False,False,0,1.98804,False,1,,,single,True,0.467915,True,A
7890,356862021,1,1883.7,6,2542.67,9.69708,6.4989,12,12.047,6464,1.32372,3,24,0,0,,160.879,840.996,0.978929,275.716,66.3752,True,False,2,0.825224,False,1,,,single,True,0.64953,True,B
7891,160333634,1,1891.02,6,1836.44,9.69366,96.1556,12,11.5415,5869.78,2.75715,3,24,0,0,,107.242,688.22,0.991919,155.825,30.3022,False,False,0,0.600163,False,1,,,single,True,1.14976,True,A
7893,126367184,1,1881.61,1,1959.68,9.69155,56.8353,2,9.81272,6346,1.75725,3,24,0,0,2.39399,76.7446,239.119,0.992433,135.889,24.2807,False,False,4,1.91302,False,1,,,single,True,0.756978,True,A
7895,407591101,1,1895.67,12,2381.35,9.69037,0.341381,18,12.561,4915.36,0.688913,3,24,0,0,,191.996,1185.09,0.992941,152.142,34.3589,False,False,0,0.806469,True,1,,,single_partial,True,0.32714,True,B
7899,462547981,1,1883.72,4,3040.62,9.68207,5.99922,8,10.6718,5774,1.28378,3,24,0,0,13.6145,517.502,577.612,0.709139,214.746,77.124,True,False,2,0.693938,False,1,,,single,True,0.688857,True,B
7900,417913593,1,1881.24,3,5022.93,9.68168,65.4965,6,12.3244,5371,2.27453,3,24,0,0,2.23186,332.157,1156.46,0.893324,145.474,68.5684,False,False,1,2.28812,False,1,,,single,True,1.56866,True,A
7901,126323120,1,1896.3,1.5,8351.34,9.68134,0.836777,3,12.6629,5270,0.74724,3,24,0,0,5.05398,794.051,1296.52,0.955571,135.286,25.1349,False,False,4,2.5882,True,1,,,single_partial,True,0.664501,True,B
7902,160474194,1,1897.55,3,1838.56,9.68039,4.99606,6,9.5837,5084,0.833104,3,24,0,0,13.6145,307.643,239.479,0.961462,238.169,76.5425,True,False,0,0.712693,False,1,,,single,True,0.347613,True,B
7903,307953859,1,1893.29,4,3153.81,9.68039,107.342,8,12.1905,3649,0.605044,3,24,0,0,,158.504,999.967,0.997656,148.933,24.4704,False,False,0,1.31286,False,1,,,single,True,0.330645,True,A
7906,456338308,1,1896.95,16,623.678,9.67846,19.4886,32,10.2786,6108.52,1.0978,3,24,0,0,,65.6318,322.406,0.985804,135.559,48.8213,True,False,2,1.03153,False,1,,,single,True,0.266785,True,B
7910,165986822,1,1871.27,6,5862.67,9.66873,7.66667,11,12.9961,5498,2.25938,3,24,0,0,,343.17,1631.86,0.875095,134.086,34.9664,True,False,2,1.12531,False,1,,,single,True,1.68343,True,B
7911,457133564,1,1876.69,4,3996.34,9.66812,145.167,7,12.3755,6273,1.1968,3,24,0,0,,160.376,1195.53,0.992391,136.586,49.1441,False,False,0,1.10655,False,1,,,single,True,0.736225,True,A
7912,241197042,1,1893.38,6,1370.41,9.66775,105.346,12,11.0525,6047.02,1.19676,3,24,0,0,,89.5697,506.863,0.976873,153.747,26.7346,False,False,1,0.731448,False,1,,,single,True,0.431112,True,A
7914,307960218,1,1878.56,1,9140.74,9.66573,129.841,2,12.7405,5739.24,1.48812,3,24,0,0,,237.991,1407.4,0.981699,149.151,25.7874,False,False,0,1.27535,False,1,,,single,True,1.38448,True,A
7916,16150573,1,1889.33,2,6959.46,9.66337,0.00154426,3,12.5605,5322,0.89589,3,24,0,0,7.07777,350.834,1233.67,0.957134,136.86,36.6964,False,False,1,0.843979,True,1,,,single_partial,True,0.727277,True,B
7917,236874984,1,1873.22,12,1223.39,9.66066,58.5,23,11.3256,6481,0.99485,3,24,0,0,,108.222,558.443,0.984799,302.766,65.7756,False,False,2,1.44414,False,1,,,single,True,0.338608,True,A
7918,142877678,1,1874.12,4,2345.25,9.657,83.6666,8,11.79,6130,2.00386,3,24,0,0,,120.548,772.772,0.949391,176.804,70.9404,False,False,0,0.937754,False,1,,,single,True,0.944321,True,A
7920,142827548,1,1883.4,4,5679.81,9.65364,13.8344,8,12.9146,5508,1.73563,3,24,0,0,,254.683,1616.42,0.981543,174.085,68.9201,False,False,1,0.881489,False,1,,,single,True,1.27286,True,A
7921,4917436,1,1873.86,4,4867.56,9.65351,77.1665,8,12.8388,5613,0.888612,3,24,0,0,,255.211,1327.31,0.945331,148.172,30.9853,False,False,0,0.618918,False,1,,,single,True,0.603289,True,A
7923,258353886,1,1883.74,4,3619.13,9.65263,5.49484,8,11.5278,6367,1.01742,3,24,0,0,,197.963,770.267,0.897369,296.667,66.152,True,False,6,1.57543,False,1,,,single,True,0.595607,True,B
7924,420900205,1,1874.41,2,5249.44,9.6514,90.6667,4,12.2975,8198,1.9845,0.5,4,1,0,0.807302,877.273,921.837,0.901285,273.563,53.8881,False,False,2,1.68796,False,1,,,single,True,1.39915,True,A
7925,17124546,1,1879.09,6,3881.77,9.6488,117.336,12,12.8802,6345,1.39204,3,24,0,0,,239.134,1433.72,0.992596,144.249,37.8959,False,False,2,0.937754,False,1,,,single,True,0.843965,True,A
7926,224291607,1,1895.71,16,1451.14,9.63924,49.3435,32,11.9643,5990,0.946434,3,24,0,0,,180.291,789.722,0.926594,183.631,58.305,False,False,1,0.750204,False,1,,,single,True,0.350834,True,A
7929,251078595,1,1885.33,1,3769.1,9.62671,4.00247,2,5.941,,0.581258,3,24,0,0,10.4966,1369.57,314.401,0.606584,138.595,52.6866,False,False,0,1.06904,False,1,,,single,True,0.347252,True,A
7931,332109676,1,1879.38,4,8218.61,9.62465,0.16459,5,12.9169,6232.89,1.88142,3,24,0,0,13.6457,1310.88,1633.7,0.996975,135.13,25.7853,False,False,3,2.73824,True,1,,,single_partial,True,1.65975,True,B
7933,154512182,1,1885.51,8,3787.13,9.62363,8.50071,16,12.6957,6013,0.981739,3,24,0,0,,262.935,1296.4,0.807952,187.181,74.8977,False,False,0,1.05029,False,1,,,single,True,0.587907,True,A
7936,117381221,1,1888.79,2,3921.09,9.61743,44.501,4,11.7118,6736.53,1.51864,3,24,0,0,11.3714,176.476,744.917,0.941865,132.211,25.9433,False,False,4,2.19435,False,1,,,single,True,0.925371,True,A
7938,284526400,1,1887.04,12,1657.98,9.60847,8.65845,24,12.4876,5729.9,1.82646,3,24,0,0,,184.655,1089.72,0.987135,169.672,51.4857,False,False,3,0.5,False,1,,,single,True,0.723698,True,A
7939,372681098,1,1871.65,16,2224.91,9.60411,6.66625,29,12.6198,5391,0.7851,3,24,0,0,,270.421,1227.02,0.988087,141.011,36.5965,False,False,1,1.38788,True,1,,,single_partial,True,0.360362,True,B
7941,253040329,1,1883.21,2,4215.07,9.60347,18.3407,4,12.2676,6180,1.87235,3,24,0,0,,175.992,954.792,0.967262,159.254,43.4163,False,False,0,0.5,False,1,,,single,True,1.1829,True,A
7944,67392113,1,1887.53,1.5,4141.79,9.58764,0.823931,2,11.4757,6113.81,1.22736,3,24,0,0,,136.941,617.655,0.990572,154.604,34.141,False,False,1,0.95651,True,1,,,single_partial,True,0.768641,True,B
7946,149416381,1,1896.29,1,12119.3,9.58621,1.00056,2,12.8789,6184.3,0.968791,3,24,0,0,,307.718,1745.16,0.934666,139.993,29.6696,False,False,3,1.33161,True,1,,,single_partial,True,1.03783,True,B
7951,383648868,1,1897.49,3,3150.95,9.57456,4.9983,6,11.8152,5805,0.994048,3,24,0,0,5.42499,186.201,761,0.916362,278.946,64.1148,False,False,4,1.65045,False,1,,,single,True,0.542982,True,A
7954,137643174,1,1887.24,16,756.057,9.56959,42.0033,31,10.9232,5963.73,1.15175,3,24,0,0,,81.4493,444.172,0.983247,138.396,55.9568,False,False,0,1.33161,False,1,,,single,True,0.308172,True,A
7955,239206370,1,1878.34,4,4534.9,9.56015,135.342,8,12.63,6031.99,1.456,3,24,0,0,,239.87,1276.88,0.994206,149.367,23.0395,False,False,1,1.91302,False,1,,,single,True,0.95412,True,A
7956,230066201,1,1897.6,2,3776.98,9.55446,3.83864,4,8.7347,5295,0.887697,2.5,20,1,0,9.7471,3572.99,160.243,0.986536,230.557,68.7482,True,False,4,1.21908,False,1,,,single,True,0.530878,True,B
7957,219860619,1,1876.2,24,593.192,9.55295,133.5,48,10.0812,6592,1.64042,3,24,0,0,2.7125,90.5059,267.991,0.949345,258.118,70.8749,False,False,2,0.712693,False,1,,,single,True,0.388786,True,A
7959,422827876,1,1871.28,6,3359.24,9.55059,15.5,11,12.4933,6064,1.5862,3,24,0,0,5.42493,270.565,1047.17,0.971909,269.908,76.3965,True,False,4,1.12531,False,1,,,single,True,0.894615,True,B
7960,259099334,1,1883.68,6,1895.67,9.54994,6.99594,12,11.3891,5034,0.811498,3,24,0,0,5.73362,174.322,604.384,0.841455,291.107,67.2013,True,False,3,2.40065,False,1,,,single,True,0.343816,True,B
7961,332146612,2,1876.92,3,5724.98,9.54989,150.667,5,12.4418,5681.48,1.18795,3,24,0,0,,238.376,1202.27,0.969846,130.593,31.8731,False,False,4,2.71949,False,2,,,single,True,0.874667,True,A
7962,233690355,1,1897.49,6,2769.89,9.54815,6.49858,12,12.1645,5147,0.787328,3,24,0,0,13.5625,363.066,895.493,0.906725,275.582,65.5581,False,False,0,0.5,False,1,,,single,True,0.403223,True,A
7964,334636188,1,1897.5,6,3253.41,9.54672,6.33905,12,11.2174,5879,1.99967,2.5,20,1,0,2.88566,541.202,674.988,0.993036,231.48,68.275,False,False,4,1.838,False,2,,,single,True,1.1099,True,A
7965,219009712,1,1886.54,12,3606.77,9.54655,28.1624,24,12.1597,5726,1.02784,3,24,0,0,7.13822,567.855,912.337,0.974918,221.646,68.4295,False,False,3,1.18157,False,1,,,single,True,0.600679,True,A
7966,371754866,1,1897.49,2,6098.13,9.54531,6.49443,4,12.6719,6229,1.56721,3,24,0,0,,202.022,1228.4,0.929967,172.638,72.829,False,False,2,0.843979,False,1,,,single,True,1.19092,True,A
7968,136948541,1,1896.77,12,1069.74,9.5328,23.8452,21,10.8782,5772,0.823666,3,24,0,0,,78.1374,432.721,0.938033,173.523,51.0618,True,False,0,0.5,False,1,,,single,True,0.262149,True,B
7969,26971110,1,1875.29,2,6862.65,9.53241,111.667,4,12.6335,5362,0.89353,3,24,0,0,,200.518,1329.17,0.985508,149.889,22.6388,False,False,1,1.98804,False,1,,,single,True,0.720298,True,A
7970,3753544,1,1875,2,1677.42,9.53194,1.66636,4,10.544,5650.94,1.40892,3,24,0,0,,73.5287,362.591,0.998656,128.347,28.5657,False,False,1,1.76298,True,1,,,single_partial,True,0.561519,True,B
7972,284896914,1,1874.86,4,3173.07,9.52557,101.167,8,12.1122,6016.33,1.47207,3,24,0,0,,139.083,878.113,0.95363,132.45,33.7801,False,False,0,1.40663,False,1,,,single,True,0.806912,True,A
7973,126368079,1,1875.59,4,2556.48,9.52165,118.667,8,11.7892,4818.59,1.07269,3,24,0,0,,156.329,773.527,0.950075,135.895,28.8213,False,False,0,1.42539,False,1,,,single,True,0.52778,True,A
7974,256800176,1,1897.53,4,3653.83,9.51888,5.48951,8,12.2087,4508,0.751236,3,24,0,0,10.4325,374.581,1138.66,0.869966,301.345,60.7848,True,False,3,0.937754,False,1,,,single,True,0.441884,True,B
7980,365949786,1,1897.49,6,1247.74,9.50135,6.49415,12,9.46,4477,0.754415,3,24,0,0,5.24835,175.13,224.977,0.99001,181.189,75.3493,False,False,1,1.53792,False,1,,,single,True,0.259316,True,A
7981,236936771,1,1886.51,6,2689.11,9.49967,12.5076,12,11.8925,5895,2.26789,3,24,0,0,2.50388,248.642,849.989,0.89509,304.485,64.1435,False,False,5,1.838,False,1,,,single,True,1.14442,True,A
7982,91899538,1,1887.98,2,4669.58,9.49895,25.661,3,11.9629,6276.09,1.44138,3,24,0,0,,140.403,815.793,0.964746,142.36,23.0962,False,False,5,2.53194,False,1,,,single,True,0.958462,True,A
7983,253034831,1,1895.88,2,4532,9.49884,45.3394,4,12.2473,5258.08,0.887485,3,24,0,0,,139.087,884.076,0.973219,158.448,46.2035,False,False,0,0.525143,False,1,,,single,True,0.581385,True,A
7989,441727958,1,1897.49,6,4222.92,9.48338,6.49577,12,12.5052,4496,0.720769,3,24,0,0,10.4326,775.509,965.912,0.890163,256.708,74.7292,False,False,2,0.843979,False,1,,,single,True,0.455785,True,A
7992,264302941,1,1871.21,1.5,2149.22,9.47313,4.83333,3,9.8089,5725,0.875837,3,24,0,0,2.97449,156.858,292.372,0.907515,296.156,66.8415,True,False,4,1.35037,False,1,,,single,True,0.395113,True,B
7994,8718843,1,1888.48,6,3373.94,9.47058,37.1653,12,12.7246,5870.59,2.01634,3,24,0,0,,250.682,1296.53,0.995306,138.353,31.4407,False,False,1,1.05029,False,1,,,single,True,1.1397,True,A
7995,86377146,1,1887.2,6,4637.98,9.46994,6.00345,11,12.9654,5992,1.19613,3,24,0,0,,281.287,1598.36,0.988744,144.746,62.4611,False,False,3,0.731448,False,1,,,single,True,0.792684,True,A
7997,117415335,1,1874.98,3,5995.19,9.46401,104.167,6,12.9524,6190.55,1.58957,3,24,0,0,,268.038,1655.93,0.846345,132.69,28.975,False,False,1,2.25061,False,1,,,single,True,1.19767,True,A
7998,103633619,1,1885.29,3,2047.18,9.46175,4.50316,6,10.8511,6450,2.52719,3,24,0,0,7.18191,183.614,475.725,0.876048,152.127,70.187,False,False,1,0.95651,False,1,,,single,True,1.11269,True,A
7999,236931127,1,1886.11,12,1662.08,9.45824,13.5075,23,11.5941,6690,1.70879,3,24,0,0,2.81028,192.704,656.163,0.951894,304.273,62.3062,False,False,5,1.838,False,1,,,single,True,0.677909,True,A
8000,389964581,1,1883.66,6,3336.18,9.45603,5.83437,12,12.1948,6221,1.21835,3,24,0,0,,210.813,1063.1,0.862249,277.023,58.2539,True,False,1,1.70671,False,1,,,single,True,0.684785,True,B
8002,117277324,1,1880.77,3,1250.71,9.45031,26.4997,7,9.9847,6465.92,2.86007,3,24,0,0,,63.2289,257.33,0.993801,131.044,29.5865,False,False,0,2.60696,False,1,,,single,True,0.984265,True,A
8008,328602589,1,1897.56,3,2696.09,9.4423,4.99101,6,11.0531,5179,0.847892,3,24,0,0,12.1873,344.02,536.484,0.967413,144.759,59.6249,True,False,1,0.5,False,1,,,single,True,0.428416,True,B
8009,264298590,1,1883.74,4,3432.25,9.44146,5.49425,8,11.5295,5508,0.822723,3,24,0,0,3.62324,366.432,721.288,0.759378,295.933,71.0705,True,False,2,0.862734,False,1,,,single,True,0.46903,True,B
8010,148910602,1,1897.04,12,344.292,9.43966,17.3352,24,8.6971,6322,1.37433,3,24,0,0,,33.3407,159.197,0.994726,185.861,68.0705,False,False,1,0.750204,False,1,,,single,True,0.248149,True,A
8012,302603553,1,1877.56,2,2732.53,9.43705,153.835,4,11.1746,6435.61,1.27347,3,24,0,0,,93.5278,526.98,0.954348,136.461,30.0123,False,False,3,1.36912,False,1,,,single,True,0.647782,True,A
8016,56912673,1,1885.66,12,1322.67,9.43293,12.0012,24,11.5678,5443,1.24595,3,24,0,0,6.82283,217.95,736.354,0.82907,139.344,47.6433,False,False,0,0.600163,False,1,,,single,True,0.440944,True,A
8018,117419174,1,1876.79,3,100652,9.43,147.667,6,11.5756,5720,1.86446,1,8,1,0,2.31284,17810.5,15600.3,0.989768,137.781,25.8448,False,False,5,2.06306,False,1,,,single,True,5.75602,False,B
8019,166553818,1,1875.61,1.5,8155.5,9.42808,103.833,3,12.8198,3991.2,0.795238,3,24,0,0,,275.705,1380.18,0.986971,134.801,31.4476,False,False,2,1.68796,False,1,,,single,True,0.698844,True,A
8021,456309203,1,1885.72,8,4766.77,9.42575,8.00374,16,12.6664,5954.77,1.27787,3,24,0,0,2.84283,505.434,1615.79,0.923248,134.012,49.8302,False,False,1,0.581408,False,1,,,single,True,0.858532,True,A
8022,356980461,1,1886.45,12,1253.62,9.42257,16.1646,24,11.9552,5711.68,1.76692,3,24,0,0,,116.941,750.587,0.985363,273.927,58.3302,False,False,2,1.05029,False,1,,,single,True,0.608776,True,A
8027,361920791,1,1873.88,1.5,4509.8,9.41692,77.8333,3,11.8084,5521.41,0.831804,3,24,0,0,,145.814,814.041,0.940333,130.425,32.2086,False,False,3,2.757,False,1,,,single,True,0.543572,True,A
8031,229591624,1,1871.22,6,3045.36,9.40974,14,10,12.1556,5647,0.878109,3,24,0,0,5.42492,247.867,883.412,0.90365,272.531,77.3742,True,False,4,1.35037,False,1,,,single,True,0.471547,True,B
8033,126278032,1,1883.23,12,3988.05,9.40496,0.83467,18,12.8278,5743.67,0.910539,3,24,0,0,,271.291,1498.07,0.966585,134.119,24.0871,False,False,0,1.89426,True,1,,,single_partial,True,0.559547,True,B
8035,103754278,1,1896.99,6,838.521,9.40184,18.4935,12,10.1945,5963,1.57921,3,24,0,0,13.6144,149.223,297.295,0.966887,157.905,67.4423,True,False,3,1.18157,False,1,,,single,True,0.444994,True,B
8040,39733567,1,1896.94,16,395.737,9.39621,19.8362,32,7.9033,5588,1.64885,3,24,0,0,5.05403,51.5642,128.379,0.999645,154.248,46.7894,True,False,3,0.543898,False,1,,,single,True,0.319185,True,B
8042,302728777,1,1877.67,6,3104.4,9.38828,151.34,12,12.3164,5569.11,1.25537,3,24,0,0,,149.851,932.236,0.987358,169.509,54.2824,False,False,0,0.5,False,1,,,single,True,0.680641,True,A
8045,3755457,1,1883.75,4,1957.62,9.38074,5.49806,8,10.6521,5751,1.56209,3,24,0,0,1.5867,145.158,464.704,0.849545,128.482,25.5043,True,False,1,1.85675,False,1,,,single,True,0.672555,True,B
8047,103754216,1,1897.49,6,1142.99,9.37549,6.49322,12,10.9367,5904,1.12496,3,24,0,0,,89.5618,464.557,0.914215,157.747,67.7715,False,False,1,0.918999,False,1,,,single,True,0.370097,True,A
8049,91987938,1,1880.56,6,3702.1,9.36973,81.8399,12,12.6102,3229,0.407239,3,24,0,0,,256.107,1456.9,0.965329,144.649,22.7478,False,False,2,2.11933,False,1,,,single,True,0.241119,True,A
8050,137939655,1,1896.95,16,679.848,9.36875,19.496,32,10.5276,5864,0.970932,3,24,0,0,,56.9055,319.852,0.99341,153.034,58.5421,True,False,2,0.768959,False,1,,,single,True,0.24635,True,B
8051,95312813,1,1877.02,3,3462.72,9.36872,153.166,6,11.938,5867,1.60508,3,24,0,0,,142.391,845.305,0.995381,153.298,23.3748,False,False,2,0.656428,False,1,,,single,True,0.9191,True,A
8052,188463002,1,1873.27,1,16204.6,9.36441,62.6667,2,12.9837,5229.79,0.769725,3,24,0,0,10.4245,2111.18,1726.49,0.937141,132.879,37.0785,False,False,0,1.36912,False,1,,,single,True,0.953483,True,A
8053,99091143,1,1879.59,1.5,1146.86,9.36416,105.164,3,8.9089,5746.71,0.919369,3,24,0,0,3.17339,48.6238,181.262,0.984983,130.803,38.8406,False,False,1,1.01277,False,1,,,single,True,0.302972,True,A
8056,88645625,1,1883.62,4,4381.07,9.35636,8.4971,8,12.5685,6238.82,1.43109,3,24,0,0,,266.186,1265.04,0.98127,130.718,39.8735,True,False,1,0.787714,False,1,,,single,True,0.921753,True,B
8060,88098199,1,1882.4,3,1408.93,9.34093,37.8417,6,10.6503,5690,1.63619,3,24,0,0,,77.9848,399.817,0.998447,148.316,22.3262,False,False,4,1.95053,False,1,,,single,True,0.597635,True,A
8061,284896395,1,1897.52,3,3445.91,9.33984,5.99049,6,12.1605,6378.46,1.34882,3,24,0,0,,150.888,960.194,0.985702,132.449,31.9193,True,False,7,2.64447,False,1,,,single,True,0.770483,True,B
8062,256378024,1,1883.7,6,1975.09,9.33652,6.49436,12,11.0481,6638,1.54812,3,24,0,0,3.6148,180.059,537.265,0.910938,298.676,65.8006,True,False,7,1.78173,False,1,,,single,True,0.669507,True,B
8063,166583411,1,1891.36,1.5,3398.32,9.33286,104.834,3,11.3486,6129,1.23676,3,24,0,0,,126.593,591.279,0.969906,135.284,34.9859,False,False,2,0.862734,False,1,,,single,True,0.701577,True,A
8065,117124007,1,1874.27,2,2551.34,9.33072,87.1666,4,11.2655,6069.8,1.88683,3,24,0,0,,102.534,563.981,0.99889,129.146,29.8356,False,False,4,1.98804,False,1,,,single,True,0.927415,True,A
8066,229794879,1,1871.34,3,5780.43,9.32706,5,6,12.0251,5885,1.00238,1.25,10,1,0,3.69499,2738.86,885.892,0.919665,284.529,66.0511,True,False,2,1.4629,False,1,,,single,True,0.7416,True,B
8074,148965758,1,1871.1,4,4309.12,9.31039,11.1666,6,12.5824,6209,0.949019,3,24,0,0,,196.375,1093.28,0.974312,190.883,66.8858,True,False,1,0.5,False,1,,,single,True,0.606215,True,B
8076,91893459,1,1890.29,2,6175.45,9.30937,0.661569,4,12.4506,3833,0.512906,3,24,0,0,8.52868,514.572,1319.04,0.990129,141.771,23.1791,False,False,2,2.43816,True,1,,,single_partial,True,0.39222,True,B
8086,137672366,1,1886.95,24,2039.34,9.29267,2.00399,29,12.8099,4096.06,0.717136,3,24,0,0,,277.23,1585.35,0.970991,139.87,58.5655,False,False,3,0.918999,True,1,,,single_partial,True,0.315141,True,B
8088,4916818,1,1883.44,3,3957.94,9.28834,12.839,6,12.3565,5394.12,0.861049,3,24,0,0,,180.487,1025.64,0.992048,148.159,34.31,False,False,0,0.806469,False,1,,,single,True,0.527133,True,A
8089,137804253,1,1887.29,12,2197.79,9.28596,12.6599,23,12.9136,5566.07,1.63446,3,24,0,0,,257.704,1511.67,0.991904,177.136,58.6785,False,False,3,0.525143,False,1,,,single,True,0.745632,True,A
8091,126321335,1,1881.09,1.5,3203.57,9.28212,69.1676,3,11.3785,5171.44,0.777809,3,24,0,0,5.24835,184.842,585.396,0.978193,134.931,27.7448,False,False,2,2.10057,False,1,,,single,True,0.428398,True,A
8093,3756126,1,1890.12,4,4584.97,9.27578,75.5037,8,12.6537,6042,1.07135,3,24,0,0,,258.357,1443.72,0.906414,128.44,27.7117,False,False,2,1.85675,False,1,,,single,True,0.705923,True,A
8098,166531297,1,1893.22,8,812.929,9.2655,108.992,16,10.6767,6011.7,1.10153,3,24,0,0,,64.2171,380.027,0.998098,134.722,35.1066,False,False,0,0.975265,False,1,,,single,True,0.305619,True,A
8099,230027066,1,1883.78,2,6350.71,9.26142,4.49654,4,11.252,5535,0.784912,3,24,0,0,6.13157,546.468,903.147,0.784286,291.961,60.9911,False,False,6,1.35037,False,1,,,single,True,0.608681,True,A
8101,99919551,1,1882.42,4,4818.79,9.2592,37.3374,8,12.6182,4387,0.75105,3,24,0,0,,275.81,1323.49,0.991695,169.138,60.0147,False,False,0,0.750204,False,1,,,single,True,0.507336,True,A
8106,165893214,1,1877.44,3,1628.69,9.24911,156.832,6,10.735,7650,3.2274,3,24,0,0,,83.6459,422.519,0.981821,131.736,31.6757,False,False,0,3.01957,False,1,,,single,True,1.26745,True,A
8110,165498502,1,1883.62,6,4512,9.24532,6.33784,12,11.9686,4103.72,,3,24,0,0,9.03486,899.864,844.21,0.827376,265.058,56.5096,True,False,2,0.937754,False,1,,,single,True,,True,B
8117,138664821,1,1873.69,1,6868.77,9.23177,73.1666,2,12.3091,5109,0.805607,3,24,0,0,,187.789,1100.73,0.952906,136.51,26.109,False,False,4,2.73824,False,1,,,single,True,0.649711,True,A
8122,239200565,1,1896.73,6,7667.43,9.2288,0.655783,8,12.6427,5850,1.40109,2,16,1,0,6.20275,3141.83,1327.62,0.993707,148.706,19.9446,False,False,4,1.68796,True,1,,,single_partial,True,1.19385,True,B
8123,3698535,1,1871.94,16,823.949,9.22852,16.6667,32,11.0158,6320,1.06177,3,24,0,0,,97.8294,523.192,0.99644,127.815,27.5582,False,False,3,1.78173,False,1,,,single,True,0.296577,True,A
8126,219860551,1,1897.55,3,23449.2,9.22496,4.9989,6,10.6121,5884,1.23119,3,24,0,0,8.40493,4494.79,2106.27,0.536082,258.159,71.124,True,False,1,0.731448,False,1,,,single,True,1.83462,True,B
8127,8765592,1,1876.95,1.5,4189.35,9.2247,151.333,3,11.7782,5481.44,1.11437,3,24,0,0,,127.169,707.41,0.985843,140.046,35.2959,False,False,4,1.61294,False,1,,,single,True,0.701876,True,A
8128,101546875,1,1895.85,3,1278.54,9.22106,45.9881,6,9.28671,5883,1.66397,3,24,0,0,0.672196,107.245,203.3,0.977729,129.682,31.4113,False,False,4,2.23186,False,1,,,single,True,0.578976,True,A
8131,136947934,1,1877.27,12,2273.68,9.21736,159.167,24,12.4511,4471.9,0.659295,3,24,0,0,,247.948,1106.16,0.954302,172.906,52.8157,False,False,1,0.5,False,1,,,single,True,0.305916,True,A
8132,142447319,1,1896.7,24,1149.44,9.21354,25.488,48,11.7568,5963,1.10124,3,24,0,0,,172.469,734.65,0.886462,147.405,70.9713,False,False,4,1.57543,False,1,,,single,True,0.363314,True,A
8133,117508000,1,1887.48,6,4395.16,9.21229,13.1648,11,12.9952,5818.62,1.30164,3,24,0,0,5.24837,556.383,1641.18,0.929839,138.289,29.3382,False,False,0,1.12531,False,1,,,single,True,0.839722,True,A
8135,284904281,1,1886.29,8,2424.04,9.208,22.6603,16,12.504,5156,0.792288,3,24,0,0,,224.777,1138.43,0.980953,264.939,53.2513,False,False,1,0.900244,False,1,,,single,True,0.379586,True,A
8136,230062978,1,1886.52,16,2236.56,9.20511,31.6635,32,12.8997,3959,0.598956,3,24,0,0,,216.549,1402.14,0.986945,229.623,69.862,False,False,4,1.25659,False,1,,,single,True,0.27564,True,A
8137,239202388,1,1881.48,6,5038.07,9.20053,59.842,9,12.9875,5986.42,1.44597,3,24,0,0,,300.27,1712.07,0.976254,148.98,22.3355,False,False,1,1.93177,False,1,,,single,True,0.998732,True,A
8141,287186238,1,1875.42,4,1749.42,9.1803,114.667,8,11.0319,6283,1.58526,3,24,0,0,,81.7771,491.275,0.991318,150.325,59.9823,False,False,0,1.16282,False,1,,,single,True,0.645216,True,A
8142,414964421,1,1873.13,1,7905.64,9.17786,59.6666,2,11.5392,4643.24,0.776511,3,24,0,0,6.19793,1432.28,644.567,0.978149,140.805,22.4215,False,False,2,1.44414,False,1,,,single,True,0.671852,True,A
8145,298017103,1,1871.18,2,4476.01,9.17259,13,4,7.8911,6694,1.39349,3,24,0,0,6.80717,548.838,413.704,0.852874,182.881,81.7151,True,False,1,1.03153,False,1,,,single,True,0.907208,True,B
8147,27065357,1,1893.13,4,3401.84,9.16869,111.345,8,12.3705,5491.89,1.87675,3,24,0,0,,200.023,1097.24,0.991829,151.682,23.1778,False,False,2,1.18157,False,1,,,single,True,1.06518,True,A
8148,376882846,1,1886.64,12,1228.86,9.16787,12.0052,24,11.9725,6327,0.925256,3,24,0,0,,130.305,783.69,0.981799,284.096,74.0284,False,False,1,1.61294,False,1,,,single,True,0.315624,True,A
8150,284893480,1,1897.14,1,3487.88,9.16607,14.99,2,11.3481,6222.91,2.25572,3,24,0,0,,124.111,540.122,0.995874,132.103,32.8565,False,False,7,1.87551,False,1,,,single,True,1.29635,True,A
8155,356868550,1,1885.84,6,3241.35,9.15872,6.00245,12,12.5354,5941,1.28132,3,24,0,0,,222.381,1068.08,0.94448,275.853,69.8059,False,False,2,1.53792,False,1,,,single,True,0.709868,True,A
8157,126318722,1,1881.81,1,8984.97,9.15601,0.665244,2,12.583,6015.4,0.992611,3,24,0,0,10.4967,456.76,1282.1,0.971514,134.731,27.8339,False,False,5,2.10057,True,1,,,single_partial,True,0.915577,True,B
8159,172952681,1,1894.37,3,5464.91,9.14865,0.00952702,4,12.1233,5853.1,2.77516,3,24,0,0,8.0268,486.516,967.858,0.99077,129.561,35.4084,False,False,1,0.862734,True,1,,,single_partial,True,1.99635,True,B
8161,3698781,1,1877.87,2,4029.3,9.14392,146.497,4,11.8161,4002,0.682673,3,24,0,0,2.68489,237.66,834.275,0.992404,127.755,26.7928,False,False,2,2.02555,False,1,,,single,True,0.421682,True,A
8162,357498108,1,1897.53,4,2499.98,9.14353,5.49538,8,10.6435,5448,1.00275,3,24,0,0,8.4765,559.653,356.535,0.995159,267.64,72.7309,True,False,0,1.16282,False,1,,,single,True,0.487886,True,B
8164,9348018,1,1879.19,4,2156.85,9.14208,1.1623,6,11.2606,5530,0.978854,3,24,0,0,4.87354,155.905,517.991,0.997866,150.092,39.3897,False,False,1,0.656428,True,1,,,single_partial,True,0.44237,True,B
8165,188463065,1,1879.01,1.5,8715.19,9.14061,119.165,3,12.8342,6274.4,1.78075,3,24,0,0,,282.94,1505.89,0.976299,132.923,37.3079,False,False,0,1.35037,False,1,,,single,True,1.6177,True,A
8166,237197656,1,1871.14,1,5178.42,9.13848,6.5,2,10.5832,6121,1.03211,3,24,0,0,10.3764,1068.41,470.21,0.845402,292.476,72.8351,True,False,1,0.806469,False,1,,,single,True,0.72274,True,B
8168,239199101,1,1893.94,4,3029.64,9.13185,91.84,8,10.8652,5539.21,0.874156,3,24,0,0,3.59105,218.029,533.352,0.796144,146.908,25.4503,False,False,1,1.12531,False,1,,,single,True,0.468211,True,A
8171,357049753,1,1885.54,4,2616.46,9.12757,4.66545,8,10.2208,5982,1.17924,3,24,0,0,2.94838,318.594,566.33,0.631567,274.879,59.7806,False,False,0,0.600163,False,1,,,single,True,0.586972,True,A
8172,390019056,1,1872.37,16,1596.91,9.12457,41.6667,32,10.5625,6615,1.33978,3,24,0,0,11.3456,248.341,374.546,0.977105,277.467,55.7067,False,False,2,1.6692,False,1,,,single,True,0.520992,True,A
8173,142413090,1,1894.17,16,382.754,9.12347,86.3453,32,9.17561,5967,1.70376,3,24,0,0,6.49813,54.8253,172.288,0.98373,199.479,61.0438,False,False,0,0.693938,False,1,,,single,True,0.324359,True,A
8181,117123279,1,1876.11,3,3508.69,9.11489,131.167,6,12.0061,5939,2.0499,3,24,0,0,,153.696,897.164,0.860459,129.044,27.7021,False,False,3,2.2131,False,1,,,single,True,1.18158,True,A
8182,17192581,1,1897.04,12,520.537,9.1128,17.4997,25,6.5643,5500,1.96934,3,24,0,0,4.87351,71.8777,143.309,0.76413,145.341,38.9502,False,False,1,0.712693,False,1,,,single,True,0.437224,True,A
8185,21101556,1,1893.58,2,2639.12,9.10834,100.342,4,11.3862,6520,1.42653,3,24,0,0,,117.974,516.581,0.981959,274.422,52.5722,False,False,2,0.862734,False,1,5200.01,5200.01,single,True,0.713128,True,A
8186,125530833,1,1875.36,4,1918.53,9.10804,113.167,8,11.4113,6366.01,1.34187,3,24,0,0,,103.588,585.492,0.980596,144.93,25.5177,False,False,3,1.10655,False,1,,,single,True,0.571942,True,A
8189,371767915,1,1895.99,3,3605.88,9.10526,42.4946,5,12.2744,5086,0.740186,3,24,0,0,,148.844,976.285,0.982308,173.509,72.9218,False,False,1,0.843979,False,1,,,single,True,0.432518,True,A
8191,17302033,1,1897.52,6,3645.17,9.10285,5.84666,12,12.7179,5914.65,1.65645,3,24,0,0,11.1634,974.009,1343.22,0.997821,160.683,36.4147,True,False,0,0.693938,False,1,,,single,True,0.973183,True,B
8197,313262041,1,1883.73,6,2114.49,9.09387,5.83997,12,11.1746,5777,1.8438,3,24,0,0,9.09736,762.789,529.402,0.888376,205.174,63.6899,True,False,0,0.5,False,1,,,single,True,0.825039,True,B
8198,229451096,1,1886.14,8,840.7,9.08949,9.50512,15,10.1446,5986,1.04753,3,24,0,0,6.38384,96.96,292.438,0.898137,294.17,64.9334,False,False,3,1.57543,False,1,,,single,True,0.295559,True,A
8204,159144059,1,1871.28,3,5132.2,9.0829,5.5,5,12.6685,5933,0.846321,3,24,0,0,,252.592,1168.93,0.819123,193.934,79.8928,True,False,2,1.12531,False,1,,,single,True,0.58999,True,B
8207,88048788,1,1893.99,1.5,7016.15,9.07,90.6764,3,12.6338,6080,1.52833,3,24,0,0,,237.608,1320.98,0.956206,147.692,19.7046,False,False,1,1.33161,False,1,,,single,True,1.24573,True,A
8210,417921485,1,1876.79,3,10712.5,9.06681,134.667,6,10.3546,5350,0.894534,1,8,1,0,2.95142,3711.29,2042.61,0.516827,186.063,63.7887,False,False,0,0.862734,False,1,,,single,True,0.900949,True,A
8212,259237941,1,1886.68,12,1473.11,9.0637,20.0058,24,12.1757,6019,0.966126,3,24,0,0,,179.331,859.554,0.942075,293.074,69.8859,False,False,2,1.53792,False,1,,,single,True,0.360835,True,A
8214,302606239,1,1876.9,2,5832.98,9.06089,0.164833,3,11.8168,6178.07,1.37758,3,24,0,0,13.5624,359.577,837.068,0.995999,136.693,29.9998,False,False,4,1.53792,True,1,,,single_partial,True,1.02381,True,B
8215,85991161,1,1897.6,1,5603.89,9.06043,3.99914,2,10.4027,5273.73,0.830617,2,16,1,0,6.20264,3023.13,354.944,0.998583,138.217,22.5148,True,False,0,0.675183,False,1,,,single,True,0.605066,True,B
8216,258829061,1,1897.49,6,2143.9,9.05706,6.49377,12,11.3809,6557,1.46263,3,24,0,0,3.31768,200.209,492.495,0.968029,287.615,66.1189,False,False,4,1.68796,False,1,,,single,True,0.659013,True,A
8217,355931487,1,1885.81,4,4207.61,9.05697,5.0024,8,12.4169,4582.53,0.724652,3,24,0,0,,210.916,1187.78,0.973835,139.975,53.8278,False,False,0,1.31286,False,1,,,single,True,0.457409,True,A
8219,86337883,1,1871.2,1.5,3001.42,9.0514,4.83333,3,10.2951,5392,1.29933,1.5,12,1,0,5.14815,2304.28,342.56,0.995019,143.096,61.1612,True,False,3,0.900244,False,1,,,single,True,0.692693,True,B
8221,446131711,1,1871.19,6,2279.95,9.04641,9.66667,9,10.9377,5313.27,1.04544,3,24,0,0,7.49414,194.909,599.558,0.883876,146.574,56.3883,True,False,0,0.5,False,1,,,single,True,0.485757,True,B
8224,103580894,1,1883.81,1,2963.1,9.04019,3.99746,2,9.7049,5273,0.81431,2,16,1,0,12.3767,10762.5,233.811,0.982417,150.358,68.3676,False,False,3,0.693938,False,1,,,single,True,0.43134,True,A
8226,233605505,1,1886.24,8,2571.58,9.03911,8.00168,15,12.0498,6210,1.40114,3,24,0,0,5.86502,237.874,926.528,0.827043,282.897,62.2776,False,False,2,1.53792,False,1,,,single,True,0.691415,True,A
8229,360019964,1,1883.74,4,2987.56,9.03433,5.49377,8,10.5151,5189,0.789325,1.5,12,1,0,7.49407,5007.03,359.578,0.975486,300.513,69.2615,True,False,4,1.40663,False,1,,,single,True,0.419828,True,B
8231,55748145,1,1897.58,3,2691.54,9.0324,4.34418,6,9.7703,4858,0.775916,3,24,0,0,7.58114,1563.9,256.709,0.992663,180.188,56.0797,True,False,0,0.806469,False,1,,,single,True,0.391717,True,B
8233,230083250,1,1897.52,6,4601.29,9.0287,5.83626,12,12.4578,4829,0.79946,3,24,0,0,10.2805,673.385,1118.27,0.919085,246.263,69.3178,True,False,0,0.5,False,1,,,single,True,0.527708,True,B
8237,307914363,1,1872.17,4,2153.8,9.01919,36.6666,8,11.3898,6581,1.28518,3,24,0,0,,102.537,588.066,0.996135,141.217,34.5743,False,False,0,1.16282,False,1,,,single,True,0.580396,True,A
8238,160599685,1,1885.62,1,5140.44,9.01792,4.50081,2,10.4447,6619,1.69509,2,16,1,0,2.60616,583.96,750.498,0.617508,243.991,75.0767,False,False,1,1.36912,False,1,,,single,True,1.18263,True,A
8239,233163483,1,1878.83,6,1476.27,9.01774,123.34,12,11.4162,5923,1.95042,3,24,0,0,,88.2807,477.765,0.996038,186.737,59.6515,False,False,0,1.12531,False,1,,,single,True,0.729236,True,A
8241,355128420,1,1875.31,6,4099.58,9.01581,112.167,8,12.511,6035.43,1.41254,3,24,0,0,,257.462,1203.06,0.823266,137.201,29.9033,False,False,3,1.33161,False,1,,,single,True,0.880092,True,A
8245,219466784,1,1872.67,8,1019.78,9.01029,48.6667,16,10.199,5249,0.895408,3,24,0,0,12.3769,121.049,322.545,0.96636,209.857,74.1515,False,False,1,0.581408,False,1,,2007.01,single,True,0.278247,True,A
8249,137643694,1,1886.89,12,2482.09,8.99303,1.00446,15,12.3843,6238.49,1.75735,3,24,0,0,,236.226,1272.96,0.893865,138.273,58.3318,False,False,3,0.693938,True,1,,,single_partial,True,0.851971,True,B
8250,21511616,1,1871.69,4,3065.02,8.98995,25.1666,8,12.0495,5293,0.925245,3,24,0,0,,149.213,844.815,0.984991,149.596,41.3231,False,False,1,0.768959,False,1,,,single,True,0.498461,True,A
8253,86267601,1,1871.26,8,10348,8.98486,15,14,12.5198,6273,2.91923,3,24,0,0,9.63522,3388.17,2461.67,0.974955,140.602,65.6597,True,False,2,1.05029,False,1,,,single,True,2.88971,False,B
8254,117419309,1,1873.67,1,9263.01,8.98307,0.834895,2,12.7031,4915.2,0.720937,3,24,0,0,6.1979,460.103,1424.91,0.990735,137.819,25.0842,False,False,2,2.3819,True,1,,,single_partial,True,0.675197,True,B
8256,92007183,1,1875.63,6,3205.63,8.98077,119.667,12,12.5316,6127,1.35764,3,24,0,0,,211.472,1212.8,0.996423,145.196,22.4346,False,False,4,2.3819,False,1,,,single,True,0.747995,True,A
8257,284895717,1,1877.86,6,4084.59,8.97752,146.832,11,12.5132,5327.53,2.17891,3,24,0,0,,265.424,1179.94,0.97136,132.3,30.4078,False,False,4,2.36314,False,1,,,single,True,1.3551,True,A
8258,219810399,1,1885.58,4,1510.42,8.9769,5.66489,8,9.5718,7092,2.56154,3,24,0,0,5.89677,147.807,316.477,0.866587,266.818,63.3008,False,False,0,0.675183,False,1,,,single,True,0.96874,True,A
8259,53450329,2,1883.77,4,4942.51,8.9759,4.8385,8,10.2196,5139,0.789325,3,24,0,0,5.93301,903.297,609.629,0.996978,161.364,51.9658,False,False,0,0.750204,False,3,,,single,True,0.539992,True,A
8264,67363397,1,1887.17,6,2635.06,8.96178,5.65649,12,11.2295,5642.15,1.28755,3,24,0,0,4.40196,229.212,586.279,0.823165,154.424,30.8935,False,False,0,0.5,False,1,,,single,True,0.643157,True,A
8265,8279488,1,1874.98,6,4946.03,8.96148,104.167,12,12.842,3967,0.647815,3,24,0,0,,262.23,1616.23,0.974794,162.81,38.6495,False,False,0,0.693938,False,1,,,single,True,0.44334,True,A
8266,229938330,1,1885.67,1.5,1200.59,8.95896,4.33669,3,9.08068,6028,1.0535,3,24,0,0,3.96749,87.4559,183.638,0.994193,287.713,64.241,False,False,1,1.12531,False,1,,,single,True,0.355213,True,A
8269,8901043,1,1896.88,16,1388.66,8.9578,20.8333,32,10.6634,5866,1.05774,3,24,0,0,6.49802,208.876,503.547,0.913499,143.803,34.9659,True,False,2,0.693938,False,1,,,single,True,0.383561,True,B
8273,320322824,1,1892.69,2,6419.16,8.94767,121.843,3,12.7113,6262,1.51903,3,24,0,0,,192.727,1283.27,0.995746,170.125,51.4452,False,False,1,0.5,False,1,,,single,True,1.1843,True,A
8276,126349271,1,1891.55,1.5,1729.13,8.94206,0.833879,3,10.3702,5858.62,1.47444,3,24,0,0,,60.5601,336.908,0.981067,135.457,25.4108,False,False,7,2.757,True,1,,,single_partial,True,0.596621,True,B
8280,166556705,1,1878.59,2,3513.64,8.93731,129.333,4,11.7729,6130.85,2.17188,3,24,0,0,,158.656,728.671,0.888207,135.128,31.1858,False,False,0,1.74422,False,1,,,single,True,1.25277,True,A
8281,302584423,1,1871.4,1,4333.53,8.93689,4.16667,2,11.2267,6189.81,1.18599,3,24,0,0,5.06003,259.369,609.864,0.944529,133.575,30.2066,True,False,8,2.43816,False,1,,,single,True,0.75973,True,B
8282,4918658,1,1887.61,3,3146.8,8.9344,16.1608,6,12.2979,4498,0.77426,3,24,0,0,,192.506,950.06,0.977756,148.335,34.9024,False,False,0,0.95651,False,1,,,single,True,0.422648,True,A
8286,287080092,1,1883.52,6,418.955,8.92939,10.8386,12,8.80616,6114,1.26841,3,24,0,0,,35.1603,159.746,0.997527,243.489,63.5343,True,False,0,0.5,False,1,1751.01,1751.01,single,True,0.252639,True,B
8287,149362514,1,1876.92,4,4824.01,8.92682,150.667,8,12.6659,6205.74,1.88952,3,24,0,0,2.48106,352.669,1527.86,0.946234,138.74,25.8346,False,False,4,1.61294,False,1,,,single,True,1.27706,True,A
8288,202352637,1,1891.29,4,675.006,8.92211,142.66,8,8.34746,5912,1.47679,3,24,0,0,2.61823,38.7224,163.458,0.994723,236.216,62.8603,False,False,1,0.637673,False,1,,,single,True,0.373362,True,A
8290,414963748,1,1873.67,6,2208.04,8.92105,72.6666,11,11.9206,6062.88,1.26581,3,24,0,0,,141.69,860.104,0.975761,140.646,22.4901,False,False,1,1.44414,False,1,,,single,True,0.578801,True,A
8293,233126177,1,1897.41,8,955.648,8.91413,8.33556,16,10.9601,5793,1.64702,3,24,0,0,,78.1798,447.816,0.946508,273.939,61.4508,False,False,2,0.99402,False,1,,,single,True,0.495456,True,A
8296,27067938,1,1891.27,4,2530.65,8.91067,0.845882,6,11.0567,5664.49,0.872645,3,24,0,0,13.6461,265.678,486.797,0.99884,152.028,22.9364,False,False,1,1.14406,True,1,,,single_partial,True,0.42718,True,B
8298,172936836,1,1888.02,2,4888.31,8.90792,24.5039,4,12.1249,5593,0.886297,3,24,0,0,,209.204,1010.94,0.954757,129.202,32.1229,False,False,1,2.02555,False,1,,,single,True,0.602998,True,A
8300,459017769,1,1887.16,2,6447.85,8.90623,4.00291,4,12.6798,6157.44,2.39565,3,24,0,0,,271.632,1397.59,0.983057,132.748,37.3792,False,False,0,1.38788,False,1,,,single,True,1.87192,True,A
8303,386892434,1,1876.19,24,1224.5,8.8992,-0.164225,44,12.1264,5495.92,1.02284,3,24,0,0,,175.256,987.511,0.925463,137.063,22.793,False,False,1,0.862734,True,1,,,single_partial,True,0.348293,True,B
8306,166594732,1,1897.12,3,3336.41,8.89266,0.49433,4,11.6562,6050.25,2.19387,3,24,0,0,11.1718,227.084,695.149,0.984591,135.856,31.257,False,False,2,1.50041,True,1,,,single_partial,True,1.23313,True,B
8308,142447322,1,1885.35,6,2730.2,8.88954,6.00424,12,12.126,5415,2.08239,3,24,0,0,,196.201,998.486,0.910642,147.419,70.9816,False,False,1,1.57543,False,1,,,single,True,1.05881,True,A
8310,414964017,1,1895.7,1.5,3602.95,8.88734,1.169,3,11.6378,5649.35,1.91744,3,24,0,0,,115.629,689.883,0.995659,140.619,23.6394,False,False,0,2.11933,True,1,,,single_partial,True,1.11998,True,B
8315,415009520,1,1882.23,6,4135.15,8.88236,41.8333,12,12.8748,4336,0.989045,3,24,0,0,,224.305,1336.56,0.980041,176.988,72.2525,False,False,1,0.693938,False,1,,,single,True,0.618898,True,A
8316,138664584,1,1876.31,1,5869.82,8.8816,0.664686,2,12.1775,6464,1.38337,3,24,0,0,,181.452,962.113,0.995962,136.391,27.2399,False,False,1,2.25061,True,1,,,single_partial,True,1.03136,True,B
8317,232967666,1,1886.71,1,2053.58,8.87954,38.6648,2,10.3874,5807,1.14438,3,24,0,0,,54.4166,338.412,0.99717,198.153,71.6181,False,False,1,0.5,False,2,1167.01,1167.01,single,True,0.504642,True,A
8319,4754562,1,1896.94,16,1967.41,8.87873,19.8347,32,11.154,4254.41,0.810048,3,24,0,0,9.09724,517.884,633.573,0.864774,145.71,35.5101,True,False,3,0.99402,False,1,,,single,True,0.349636,True,B
8320,232543018,1,1886.71,12,1994.94,8.87866,35.6637,24,12.8793,5213,0.998685,3,24,0,0,,233.543,1402.34,0.994793,228.463,70.2059,False,False,6,1.16282,False,1,,,single,True,0.434062,True,A
8321,87975095,1,1891.81,6,3708.96,8.87795,117.658,12,12.6368,5246,1.89859,3,24,0,0,,230.389,1408.73,0.858457,146.663,21.564,False,False,2,2.56945,False,1,,,single,True,1.12516,True,A
8326,138665522,1,1887.48,3,7677.72,8.87125,13.1649,5,12.9591,4944.02,1.00549,3,24,0,0,,299.072,1756.42,0.960131,136.531,25.0086,False,False,3,2.70073,False,1,,,single,True,0.857337,True,A
8328,138687314,1,1896.66,4,3475.56,8.86863,26.4966,7,12.3207,5801,1.05394,3,24,0,0,,179.96,1055.1,0.958338,136.776,25.6904,False,False,2,2.81326,False,1,,,single,True,0.604625,True,A
8329,357098361,1,1883.64,6,2759.92,8.86703,6.33614,12,12.1892,5978.41,1.14037,3,24,0,0,,189.844,1088.14,0.835447,275.096,54.0049,True,False,4,1.72547,False,1,,,single,True,0.582977,True,B
8332,117164244,1,1873.19,2,1755.93,8.86421,61.1666,4,10.6822,6210.28,1.26042,3,24,0,0,,96.0937,396.596,0.980293,129.656,29.5002,False,False,2,2.26937,False,1,,,single,True,0.513957,True,A
8336,233689899,1,1891.14,16,546.797,8.85758,136.001,31,10.3656,5628,1.27318,3,24,0,0,,61.9933,372.464,0.994765,275.391,65.0781,False,False,3,0.712693,False,1,,,single,True,0.289708,True,A
8340,86375718,1,1871.98,12,796.872,8.85162,28.6667,24,10.8746,5538,0.94769,3,24,0,0,,91.629,429.738,0.994895,144.377,63.7778,False,False,2,0.937754,False,1,,,single,True,0.260326,True,A
8341,199632719,1,1891.33,6,384.563,8.85118,143.66,12,7.8502,6068.83,1.17109,3,24,0,0,,29.66,123.122,0.996135,250.207,59.036,False,False,1,0.693938,False,1,,,single,True,0.223476,True,A
8350,166584384,1,1879.23,4,2620.16,8.84083,113.833,8,11.434,6620,1.40606,3,24,0,0,3.34371,228.805,620.959,0.995252,135.407,32.6051,False,False,4,1.51916,False,1,,,single,True,0.700366,True,A
8353,88003731,1,1871.94,2,6747.07,8.83703,31.1665,3,12.5643,6138,1.4495,3,24,0,0,,217.208,1181.6,0.942945,146.716,21.9987,False,False,1,2.30688,False,1,,,single,True,1.1586,True,A
8354,353932455,1,1897.63,1,4301.66,8.83685,3.34156,2,6.4117,5955.45,3.30501,1.5,12,1,0,6.82301,5046.15,127.795,0.999896,157.518,40.4699,True,False,1,0.712693,False,1,,,single,True,2.10935,False,B
8355,355921662,1,1886.6,8,1862.41,8.83678,34.5013,16,11.1171,5757,1.86944,3,24,0,0,6.20257,195.121,562.024,0.833817,139.23,48.0059,False,False,1,0.806469,False,1,,,single,True,0.785067,True,A
8356,85286908,1,1897.11,3,1730.85,8.83638,15.8447,6,4.4737,7302.01,4.54771,3,24,0,0,9.09738,378.712,161.602,0.99992,156.478,33.7961,False,False,1,0.581408,False,1,,,single,True,1.84111,True,A
8358,165915850,1,1892.45,2,3839.81,8.8352,0.00574888,3,11.575,6344.57,1.26685,3,24,0,0,12.3293,211.994,688.522,0.996919,131.865,33.1622,False,False,1,1.57543,True,1,,,single_partial,True,0.763902,True,B
8359,456309473,1,1886.58,12,835.599,8.83489,34.0038,24,10.9646,5527.73,1.14631,3,24,0,0,,88.3567,532.635,0.938754,134.09,51.0174,False,False,1,0.506387,False,1,,,single,True,0.322447,True,A
8360,147626793,1,1885.33,6,1976,8.8332,5.66052,12,12.0122,5105,0.809344,3,24,0,0,,135.698,856.238,0.900169,184.409,61.5468,False,False,1,0.506387,False,1,,,single,True,0.350093,True,A
8364,256865612,1,1883.8,1,7010.14,8.82768,3.99385,2,10.6746,6497,2.36081,3,24,0,0,13.5623,697.983,921.437,0.637304,301.542,62.7448,False,False,6,2.00679,False,1,,,single,True,1.92345,True,A
8370,91899466,1,1887.88,3,6645.48,8.82185,23.1611,6,12.971,5684.63,0.867348,3,24,0,0,,340.351,1686.98,0.982467,142.295,23.3739,False,False,4,2.53194,False,1,,,single,True,0.688041,True,A
8380,241194985,1,1894.4,4,3027.42,8.80571,80.8455,8,12.2456,5820.42,1.49094,3,24,0,0,,155.599,1084.95,0.954046,153.467,26.8649,False,False,2,0.768959,False,1,,,single,True,0.798278,True,A
8383,165855291,1,1888.97,1.5,7307.06,8.80332,0.837941,3,12.4674,4533,0.661476,3,24,0,0,6.16466,388.02,1206.08,0.855281,130.926,35.6177,False,False,2,0.768959,True,1,,,single_partial,True,0.550228,True,B
8387,154814765,1,1880.1,2,1833.73,8.78654,92.9946,4,10.8131,5721,1.08335,3,24,0,0,,68.5515,416.408,0.995076,183.093,84.4112,False,False,1,0.5,False,1,5235.01,5235.01,single,True,0.451434,True,A
8388,219854858,1,1885.54,3,2280.88,8.78535,4.66502,6,9.50474,5758,0.953156,0.75,6,1,0,5.04246,12092.7,282.868,0.998352,256.814,67.6398,False,False,1,1.44414,False,1,,,single,True,0.442969,True,A
8389,86337171,1,1883.7,6,4642.61,8.78211,6.49743,12,12.8393,6312,1.75014,3,24,0,0,,344.067,1391.73,0.986693,143.041,61.826,True,False,1,0.787714,False,1,,,single,True,1.16041,True,B
8392,86375902,1,1897.54,4,982.148,8.77275,5.48978,8,9.10218,5485,1.37866,3,24,0,0,10.4726,170.351,200.415,0.796366,144.533,62.8145,True,False,3,0.693938,False,1,,,single,True,0.420439,True,B
8393,230111089,1,1883.73,6,2968.7,8.77205,5.83549,12,12.4347,5992,1.5218,3,24,0,0,,246.801,1176.66,0.934043,248.097,68.7111,True,False,3,0.768959,False,1,,,single,True,0.80686,True,B
8397,39084578,1,1896.94,16,327.829,8.76801,19.8377,32,7.13962,7793,2.15568,3,24,0,0,9.74709,119.834,101.254,0.97123,151.483,39.5821,True,False,1,0.750204,False,1,,,single,True,0.379809,True,B
8400,237106923,1,1897.59,1.5,4978.68,8.76118,4.15839,3,11.4059,5830,0.940047,3,24,0,0,12.3294,1405.55,482.053,0.995044,256.951,78.9643,True,False,0,0.918999,False,1,,,single,True,0.645452,True,B
8401,287179698,1,1871.19,2,3948.09,8.75993,5.66667,4,10.9665,5688,0.960597,2,16,1,0,5.82874,2073.03,486.541,0.968917,149.683,61.3217,True,False,3,0.581408,False,1,,,single,True,0.587343,True,B
8406,198208345,1,1891.21,12,240.033,8.75408,140.66,24,7.7739,5804.6,1.07946,3,24,0,0,,25.145,107.459,0.998395,247.276,60.64,False,False,0,0.5,False,1,,,single,True,0.162742,True,A
8407,91968051,1,1878.31,4,3845.17,8.75241,135.84,8,12.6043,5560,0.843499,3,24,0,0,,257.307,1259.36,0.996415,144.28,22.2131,False,False,2,2.13808,False,1,,,single,True,0.508979,True,A
8408,203226271,1,1879.29,3,6625.43,8.74633,112.335,6,12.9375,6242.57,1.59011,3,24,0,0,,323.061,1671.35,0.980972,135.085,23.3658,False,False,0,0.99402,False,1,,,single,True,1.25948,True,A
8409,237117802,1,1895.31,8,2134.56,8.74507,58.8426,16,12.4488,6063,2.39357,3,24,0,0,,169.541,1091.92,0.984043,269.924,54.5591,False,False,1,1.18157,False,1,,,single,True,1.07611,True,A
8411,117221214,1,1873.05,1.5,6724.26,8.74324,0.832808,3,12.4724,5307.68,0.842926,3,24,0,0,4.87343,484.431,1243.35,0.994074,130.013,26.8883,False,False,2,1.85675,True,1,,,single_partial,True,0.672619,True,B
8413,99834103,1,1897.49,6,1568.19,8.73462,6.49886,12,10.8776,5688,1.44731,3,24,0,0,2.77848,232.995,512.11,0.877289,164.918,63.2614,False,False,2,0.5,False,1,,,single,True,0.557723,True,A
8414,441808296,1,1871.05,1,15161.5,8.73437,6.5,2,11.6639,3911,0.619294,3,24,0,0,10.3765,1534.45,1669.98,0.361275,266.242,72.5593,True,False,3,1.36912,False,1,,,single,True,0.742037,True,B
8415,8855240,1,1897.02,12,2892.05,8.7334,17.9997,25,12.9926,5973,1.53356,3,24,0,0,,262.247,1534.41,0.997109,142.697,33.0957,False,False,0,0.5,False,1,,,single,True,0.80253,True,A
8416,316492011,1,1886.04,8,2451.4,8.73186,15.1603,15,12.4803,6094,1.73838,3,24,0,0,,173.741,1072.32,0.926783,266.215,52.4267,False,False,0,0.918999,False,1,,,single,True,0.837547,True,A
8417,237016997,1,1871.38,3,4675.48,8.7297,10.5,6,11.0065,6189,1.04046,3,24,0,0,9.5757,1558.51,527.577,0.909314,306.421,62.0997,True,False,2,1.18157,False,1,,,single,True,0.692303,True,B
8419,359553260,1,1897.56,4,1548.05,8.72464,4.83674,8,11.0311,4126,0.653966,3,24,0,0,10.4728,224.345,439.749,0.97521,279.364,56.228,True,False,2,1.12531,False,1,,,single,True,0.250383,True,B
8421,88115338,1,1876.65,6,2119.73,8.71982,144.167,11,11.87,6223,1.18416,3,24,0,0,,121.82,738.351,0.990952,148.578,21.2968,False,False,6,2.55069,False,1,,,single,True,0.530528,True,A
8422,229744394,1,1883.74,4,4192.24,8.71619,5.49824,8,12.1484,5681,1.2087,3,24,0,0,3.37238,338.471,942.046,0.987218,279.731,66.0518,True,False,2,1.48165,False,1,,,single,True,0.761551,True,B
8423,159991577,1,1897.02,12,446.49,8.71544,17.8461,24,8.24328,5772,1.95062,3,24,0,0,10.497,90.256,132.234,0.999918,159.094,35.1222,False,False,2,0.5,False,1,,,single,True,0.401085,True,A
8424,417845355,1,1871.19,6,1921.43,8.71201,9.66667,9,11.0425,5891,1.4764,3,24,0,0,,139.563,550.409,0.922337,147.387,64.2464,True,False,5,1.01277,False,1,,,single,True,0.629758,True,B
8431,27064999,1,1890.31,2,6690.62,8.70798,81.6552,3,12.6753,6268,1.21748,3,24,0,0,,277.027,1514.21,0.994731,151.601,21.2363,False,False,0,1.03153,False,1,,,single,True,0.969064,True,A
8437,126368359,1,1897.12,4,3494.96,8.70224,15.4946,8,12.4573,6134.6,1.59193,3,24,0,0,,202.83,1165.5,0.978506,136.049,29.6733,False,False,2,1.42539,False,1,,,single,True,0.915804,True,A
8438,85991536,1,1881.79,4,5300.51,8.69989,52.3365,8,12.8713,5904.74,1.76305,3,24,0,0,,273.799,1632.86,0.971425,138.217,23.9634,False,False,2,1.57543,False,1,,,single,True,1.24905,True,A
8440,239201248,1,1888.84,4,3783.27,8.69736,46.1563,8,12.3811,5871.85,1.61455,3,24,0,0,,229.254,1270.7,0.943651,148.823,19.2756,False,False,2,1.38788,False,1,,,single,True,0.966368,True,A
8443,138709312,1,1872.17,4,2686.69,8.69316,36.6666,8,11.3724,6537,1.31415,3,24,0,0,3.41144,302.405,653.631,0.863725,137.089,25.2529,False,False,1,2.73824,False,1,,,single,True,0.662844,True,A
8444,117377897,1,1887.25,6,1289.01,8.6926,7.50127,12,10.6355,6547.65,1.88553,3,24,0,0,13.6457,2081.41,386.619,0.993342,131.962,26.3928,False,False,1,2.08181,False,1,,,single,True,0.658748,True,A
8451,156804896,1,1892.64,8,1403.42,8.67933,122.996,14,11.7817,5667.33,1.00183,3,24,0,0,,116.303,725.835,0.993398,140.088,38.1797,False,False,3,2.02555,False,1,,,single,True,0.365212,True,A
8452,371790957,1,1895.39,16,1105.36,8.66842,56.9947,32,12.1454,6126,1.86589,3,24,0,0,,132.596,842.347,0.995392,173.958,72.9537,False,False,0,0.900244,False,1,,,single,True,0.603663,True,A
8453,288469587,1,1885.93,12,1628.86,8.66734,12.0049,23,12.5874,5836,1.08256,3,24,0,0,,187.806,1095.27,0.965212,270.73,78.8163,False,False,3,1.03153,False,1,,,single,True,0.425158,True,A
8454,166530582,1,1888.35,2,2468.64,8.6619,1.00148,4,11.3036,5938.79,0.960404,3,24,0,0,,106.833,526.7,0.995657,134.723,31.9887,False,False,2,1.48165,True,1,,,single_partial,True,0.464344,True,B
8455,237017753,1,1883.68,6,5098.53,8.66046,6.49339,12,12.0432,6058,2.303,3,24,0,0,6.86938,953.019,1261.2,0.964155,306.376,61.5466,True,False,4,1.05029,False,1,,,single,True,1.6002,True,B
8457,236987382,1,1883.7,6,4436.29,8.65582,6.49316,12,12.152,6032,1.5052,3,24,0,0,2.8917,476.109,1245.9,0.848772,305.496,62.6915,True,False,6,1.50041,False,1,,,single,True,0.975577,True,B
8458,39126464,1,1882.54,4,3626.82,8.64539,0.660108,6,10.6971,6558,1.53193,3,24,0,0,3.59104,443.853,404.783,0.996741,152.05,36.084,False,False,0,1.06904,True,1,,,single_partial,True,0.897758,True,B
8460,233008687,1,1883.81,2,4077.04,8.64193,3.83371,4,10.6866,6277,1.30345,3,24,0,0,3.30792,444.707,578.973,0.805584,247.942,72.4428,False,False,0,0.656428,False,1,,,single,True,0.809886,True,A
8462,98413512,1,1883.53,1.5,1691.51,8.64157,10.6738,3,10.214,5815,2.7772,3,24,0,0,,64.8072,346.709,0.99668,147.257,25.6495,True,False,2,1.31286,False,1,,,single,True,1.11148,True,B
8464,252792342,1,1896.96,16,1569.91,8.6367,19.3461,32,12.5387,5667.52,1.40923,3,24,0,0,,217.324,1127.13,0.866629,164.476,41.9372,True,False,1,1.01277,False,1,,,single,True,0.543346,True,B
8468,86131559,1,1874.27,3,4608.25,8.62299,87.1666,6,12.2773,5086,0.719204,3,24,0,0,,258.984,1109.62,0.85526,140.491,22.5394,False,False,2,1.48165,False,1,,,single,True,0.475092,True,A
8470,233173039,1,1893.77,4,4062.56,8.61895,95.8411,8,12.899,5954,0.873596,3,24,0,0,,209.139,1421.08,0.989523,216.206,66.7007,False,False,0,0.862734,False,1,5635.01,5635.01,single,True,0.541836,True,A
8471,91965810,1,1872.17,2,5119.03,8.61881,36.6665,4,12.4122,5263.55,0.881173,3,24,0,0,,247.68,1166.2,0.945292,144.013,23.8609,False,False,2,2.28812,False,1,,,single,True,0.613497,True,A
8472,458420163,1,1886.94,6,1523.59,8.61613,6.1586,12,11.4277,4523.73,0.649586,3,24,0,0,,119.063,556.104,0.997705,170.693,52.3526,False,False,4,0.506387,False,1,,,single,True,0.246734,True,A
8473,232630415,1,1873.98,12,1803.71,8.61499,80.1666,24,11.0666,6883,1.93688,3,24,0,0,2.66956,183.826,502.554,0.936673,269.241,54.6996,False,False,1,0.975265,False,1,,,single,True,0.800468,True,A
8474,308016540,1,1882.4,1.5,6606.4,8.6122,37.675,3,12.7074,5790.82,1.16405,3,24,0,0,,290.837,1392,0.995332,150.009,26.0633,False,False,2,1.16282,False,1,,,single,True,0.920686,True,A
8476,8115148,1,1876.06,2,4006.36,8.6114,130.167,4,11.8292,5599.49,0.975808,1,8,1,0,6.20273,8285.69,751.924,0.958693,154.219,35.999,False,False,1,0.975265,False,1,,,single,True,0.601031,True,A
8478,256299450,1,1885.76,6,1711.27,8.60861,6.50186,12,11.0958,5728,1.08188,3,24,0,0,3.0658,164.971,553.425,0.883192,276.648,67.687,False,False,1,0.918999,False,1,,,single,True,0.435508,True,A
8479,138660514,1,1880.4,1,9848.03,8.60678,0.835988,2,12.7415,6087.61,1.43516,3,24,0,0,10.4967,757.386,1405.7,0.997476,136.272,24.1978,False,False,3,1.74422,True,1,,,single_partial,True,1.3859,True,B
8481,98413065,1,1887.42,4,4049.11,8.6038,12.1594,8,12.7847,3472,0.366788,3,24,0,0,,261.705,1474.64,0.956322,147.183,27.566,False,False,0,1.21908,False,1,,,single,True,0.227118,True,A
8482,354008572,1,1886.21,16,1291.02,8.60069,5.34017,26,11.9958,6015.3,1.39492,3,24,0,0,,138.715,777.05,0.996644,167.845,53.4741,False,False,1,0.5,True,1,,,single_partial,True,0.487723,True,B
8483,98414228,1,1892.38,1,7497.41,8.59963,0.841664,2,12.5494,6116,1.03799,3,24,0,0,,213.656,1243.53,0.976387,147.27,25.1989,False,False,1,1.16282,True,1,,,single_partial,True,0.874593,True,B
8486,288267198,1,1885.76,6,1661.21,8.59622,8.00505,12,10.5642,4274,0.96244,3,24,0,0,7.13804,219.562,361.917,0.978297,258.921,81.322,False,False,3,1.33161,False,1,,,single,True,0.381719,True,A
8490,329247724,1,1883.7,3,3169.82,8.59237,4.83842,6,10.7509,5603,0.988192,3,24,0,0,2.94842,432.018,438.668,0.92844,263.958,55.6671,True,False,2,0.712693,False,1,,,single,True,0.541397,True,B
8491,3664936,1,1878.41,1,9070.34,8.59085,133.497,2,12.6324,5310,0.810586,3,24,0,0,,258.414,1422.68,0.98738,127.444,26.8885,False,False,0,1.838,False,1,,,single,True,0.751222,True,A
8492,355183969,1,1891.1,4,997.801,8.58945,98.0043,8,9.9344,6018,1.83049,3,24,0,0,,58.1158,263.474,0.996825,132.652,45.0526,False,False,0,0.600163,False,1,,,single,True,0.562661,True,A
8493,441811910,1,1885.59,1.5,3666.1,8.58365,3.8356,3,7.2025,5963.74,0.998341,1,8,1,0,5.64666,7491.3,200.107,0.996605,266.909,73.1327,False,False,1,1.21908,False,1,,,single,True,0.588218,True,A
8494,172955465,1,1876.67,3,3542.54,8.5833,144.667,5,12.0753,6149,1.49738,3,24,0,0,,143.654,835.215,0.993724,150.376,32.7592,False,False,0,0.5,False,1,,,single,True,0.867255,True,A
8495,372681717,1,1889.17,1,7756.25,8.58254,52.6653,2,12.4166,5338,0.800145,3,24,0,0,9.74697,984.26,1057.63,0.991997,141.179,38.1776,False,False,2,1.95053,False,1,,,single,True,0.685728,True,A
8496,39777146,1,1897.25,1,616.94,8.5797,12.3379,2,6.033,5660,0.922516,3,24,0,0,5.24843,36.9753,77.7287,0.999614,154.716,44.0483,False,False,0,0.5,False,1,,,single,True,0.222973,True,A
8499,137905915,1,1878.46,12,1881.94,8.57601,132.335,24,11.2798,6419.71,2.00774,3,24,0,0,2.527,169.109,583.491,0.994551,152.053,54.2624,False,False,4,0.900244,False,1,,,single,True,0.847555,True,A
8500,126312848,1,1871.45,1.5,12725.7,8.57579,3.83333,3,12.9704,6224,1.10131,3,24,0,0,1.44229,740.865,1991.97,0.847601,134.198,29.7955,True,False,7,2.15684,False,1,,,single,True,1.20895,True,B
8501,393834543,1,1886.59,8,1525.86,8.57578,34.1651,16,11.9663,5618.54,1.12785,3,24,0,0,,140.53,839.592,0.989954,146.18,47.2942,False,False,2,0.5,False,1,,,single,True,0.428712,True,A
8504,264249827,1,1886.28,8,2527.45,8.56534,8.50565,16,12.315,5335,0.939005,3,24,0,0,,163.158,1003.13,0.836166,295.675,65.9026,False,False,3,1.63169,False,1,,,single,True,0.459375,True,A
8505,232980902,1,1897.6,2,2649.53,8.56379,3.84331,4,10.7392,3843,0.569098,3,24,0,0,9.74717,583.687,386.385,0.987189,218.863,64.8362,True,False,0,1.14406,False,1,,,single,True,0.285055,True,B
8507,117417615,1,1871.61,3,4580.75,8.55724,23.1666,6,12.5573,5796,1.38091,3,24,0,0,,200.486,1236.63,0.941103,137.654,26.6181,False,False,2,2.13808,False,1,,,single,True,0.909476,True,A
8508,420113066,1,1871.53,12,2071.49,8.55621,14,24,12.1736,6034,1.48606,3,24,0,0,6.09365,315.215,859.215,0.97731,290.314,72.1994,False,False,2,1.05029,False,1,,,single,True,0.658165,True,A
8509,91987797,1,1892.74,1.5,2240.92,8.55418,120.672,3,10.8989,5667.49,1.42983,3,24,0,0,,79.1743,439.076,0.991454,144.619,23.3588,False,False,2,2.06306,False,1,,,single,True,0.658651,True,A
8517,105379454,1,1878.48,3,1480.96,8.54116,131.834,6,11.0981,5819.77,0.935097,3,24,0,0,,76.0067,463.648,0.99514,142.183,47.4917,False,False,0,0.5,False,1,,,single,True,0.350176,True,A
8518,372710105,1,1878.94,6,1682.35,8.54006,120.835,12,11.7997,5926,1.24539,3,24,0,0,,112.144,679.548,0.996387,141.117,39.8732,False,False,0,1.91302,False,1,,,single,True,0.497075,True,A
8519,82247541,1,1881.74,1.5,5985.8,8.53585,53.676,3,12.5574,6020,1.16088,3,24,0,0,,219.856,1345.88,0.993467,151.206,24.2062,False,False,1,1.12531,False,1,,,single,True,0.873989,True,A
8520,88006404,1,1882.23,2,7503.37,8.53485,1.34092,4,12.8955,4333,0.655004,3,24,0,0,11.3717,673.142,1752.46,0.925611,146.97,21.3173,False,False,3,2.51318,True,1,,,single_partial,True,0.552115,True,B
8523,197242754,1,1893.31,1,8099.82,8.52901,106.994,2,12.6197,5409.72,0.857768,3,24,0,0,,221.065,1301.64,0.94041,133.88,23.9141,False,False,2,1.21908,False,1,,,single,True,0.751216,True,A
8525,1065979,1,1897.38,3,5051.69,8.5201,1.84668,6,12.7949,4469.81,0.701676,3,24,0,0,,286.673,1579.7,0.993991,154.363,26.1842,False,False,0,0.5,True,1,,,single_partial,True,0.485302,True,B
8526,126350087,1,1890.41,4,2220.25,8.51913,83.4991,8,11.3924,5930.17,1.8909,3,24,0,0,0.827014,192.619,586.473,0.916806,135.701,26.5556,False,False,3,2.13808,False,1,,,single,True,0.867017,True,A
8528,117298335,1,1882.68,8,2379.87,8.51812,-0.50038,11,12.0226,6240.78,1.42466,3,24,0,0,,178.276,838.16,0.995873,131.491,29.0624,False,False,3,2.02555,True,1,,,single_partial,True,0.676309,True,B
8535,166613682,1,1875.34,8,1656.84,8.49911,-0.834659,12,11.5679,5051.37,0.703375,3,24,0,0,,116.96,675.613,0.99817,135.993,30.608,False,False,2,1.74422,True,1,,,single_partial,True,0.278602,True,B
8536,361975717,1,1897.12,8,1571.88,8.49794,15.4878,16,11.878,6239.29,1.34476,3,24,0,0,,121.069,765.196,0.975605,132.745,43.7874,False,False,1,0.5,False,1,,,single,True,0.518815,True,A
8538,165915836,1,1891.97,1.5,6838.85,8.49405,119.836,3,11.969,4401.8,0.819835,3,24,0,0,5.89665,1275.35,906.245,0.851317,131.93,33.1073,False,False,4,1.65045,False,1,,,single,True,0.659744,True,A
8539,155559529,1,1890.06,6,2659.49,8.49146,75.1569,12,12.4613,5664.11,1.38055,3,24,0,0,,191.322,1127.89,0.997512,158.234,37.6511,False,False,1,0.99402,False,1,,,single,True,0.692801,True,A
8544,309764202,1,1897.04,4,3262.79,8.47978,17.498,8,11.0625,6126,1.11756,3,24,0,0,5.67273,552.358,593.927,0.831308,155.5,57.2446,False,False,1,0.5,False,1,,,single,True,0.621188,True,A
8545,286728437,1,1876.15,3,732.981,8.47883,132.167,6,8.71164,5854,1.90092,3,24,0,0,8.02701,61.4747,178.057,0.997333,143.068,23.2558,False,False,3,2.2131,False,1,,,single,True,0.500804,True,A
8548,219857012,1,1895.49,6,455.748,8.47517,54.4984,12,8.2865,5707,1.15853,3,24,0,0,6.78123,66.7919,167.122,0.999053,257.329,71.8764,False,False,0,0.731448,False,1,1742.01,1742.01,single,True,0.240673,True,A
8549,376926242,1,1883.74,4,2006,8.47234,5.49456,8,11.2829,5763,1.53379,3,24,0,0,3.66547,201.91,620.175,0.88251,284.67,77.6741,True,False,1,1.70671,False,1,,,single,True,0.668481,True,B
8551,117160487,1,1873.5,3,3132.31,8.4702,68.6666,6,12.018,5668.54,0.89387,3,24,0,0,,149.352,937.206,0.992618,129.29,29.814,False,False,2,2.00679,False,1,,,single,True,0.486815,True,A
8554,150183035,1,1874.48,3,1789.38,8.46854,0.166315,4,10.855,5638.59,1.33659,3,24,0,0,,70.1807,449.203,0.996371,137.27,48.9901,False,False,2,1.0878,True,1,,,single_partial,True,0.550183,True,B
8555,230028967,1,1876.45,12,2498.7,8.46592,126.5,24,10.7123,6182,1.07357,3,24,0,0,3.15162,480.242,438.168,0.811209,292.097,60.922,False,False,2,1.23784,False,1,,,single,True,0.52221,True,A
8556,103741438,1,1897.6,1,5011.9,8.46404,3.99295,2,11.3038,5045,0.732857,3,24,0,0,13.5624,830.58,569.99,0.928599,156.021,67.046,True,False,1,0.750204,False,1,,,single,True,0.504868,True,B
8558,235678850,1,1886.18,6,3261.67,8.4586,6.00582,11,12.5612,5036,0.652451,3,24,0,0,,245.738,1104.62,0.929703,285.598,75.725,False,False,2,1.80049,False,1,,,single,True,0.362598,True,A
8559,359676790,1,1882.47,24,1696.95,8.45562,34.4997,47,6.724,,0.347878,3,24,0,0,12.3296,1460,454.197,0.513326,280.695,59.6304,False,False,3,1.21908,False,1,,,single,True,0.13945,True,A
8563,229761313,1,1883.7,6,2111.09,8.45079,6.49798,12,11.9513,5977,1.53435,3,24,0,0,,142.799,726.571,0.964144,281.034,66.0279,True,False,1,1.31286,False,1,,,single,True,0.686018,True,B
8564,117274273,1,1897.04,12,630.687,8.45055,17.4902,24,9.99029,5506.13,2.34782,3,24,0,0,,70.1008,285.13,0.978592,130.785,27.394,False,False,5,1.6692,False,1,,,single,True,0.573759,True,A
8568,450302997,1,1891.52,4,1527.56,8.44252,110.657,7,10.873,6727.99,1.47422,3,24,0,0,,69.5448,447.58,0.992816,149.312,24.3373,False,False,1,1.33161,False,1,,,single,True,0.560685,True,A
8569,229683415,1,1886.1,12,1901.17,8.44208,15.6612,23,12.5904,5956,1.19386,3,24,0,0,,196.652,1138.32,0.983083,262.378,57.0403,False,False,1,0.5,False,1,,,single,True,0.506548,True,A
8571,414966734,1,1893.48,4,2659.26,8.43886,102.835,7,11.7227,5616,1.03322,3,24,0,0,,147.503,718.374,0.919868,140.906,23.6375,False,False,0,2.10057,False,1,,,single,True,0.518478,True,A
8573,11893760,1,1886.71,8,901.278,8.43602,0.657144,10,9.36356,6145.58,1.27828,3,24,0,0,4.70555,164.454,235.22,0.871911,178.05,53.6889,False,False,0,0.5,True,1,,,single_partial,True,0.373433,True,B
8582,39073046,1,1875.46,3,4463.51,8.42771,115.667,6,12.8494,5995.51,1.19642,3,24,0,0,,250.401,1498.35,0.962633,139.302,39.0252,False,False,0,1.0878,False,1,,,single,True,0.77782,True,A
8583,199522589,1,1887.73,6,838.003,8.42671,57.1591,12,8.8377,6487,2.09416,3,24,0,0,6.80743,151.563,175.257,0.999565,239.727,60.8421,False,False,1,0.5,False,1,,,single,True,0.589916,True,A
8584,117411477,1,1883.75,4,982.165,8.42316,5.33328,8,10.1286,5933,1.02027,3,24,0,0,,62.8221,298.145,0.997473,132.412,25.9771,False,False,3,2.2131,False,1,,,single,True,0.311146,True,A
8585,239205943,1,1871.79,12,3256.03,8.42192,-0.165376,19,12.9342,6603,1.41078,3,24,0,0,,292.189,1681.52,0.979921,149.374,20.6473,False,False,3,2.00679,True,1,,,single_partial,True,0.78336,True,B
8586,92004864,1,1897.04,6,1999.93,8.42068,17.3391,12,11.9105,5821.49,1.30564,3,24,0,0,,162.27,768.072,0.986302,145.016,22.926,False,False,1,2.11933,False,1,,,single,True,0.568183,True,A
8587,149362794,1,1893.59,4,1086.43,8.41822,100.332,8,10.2751,5424,1.1324,3,24,0,0,,77.1007,332.889,0.998695,138.694,26.454,False,False,4,1.87551,False,1,,,single,True,0.363211,True,A
8589,198536950,1,1891.31,4,630.206,8.41636,143.161,8,8.88059,6267,1.93503,3,24,0,0,3.24162,53.9893,176.379,0.981245,237.17,64.0986,False,False,1,0.562653,False,1,,,single,True,0.472701,True,A
8600,166492711,1,1877.73,3,2042.47,8.40348,149.833,5,10.9883,6448.28,2.17893,3,24,0,0,0.239823,137.906,441.779,0.989542,134.322,32.991,False,False,1,1.51916,False,1,,,single,True,0.95825,True,A
8601,154106375,1,1885.27,2,2132.99,8.40321,4.16317,4,10.6901,6399,2.02439,3,24,0,0,9.09728,133.983,432.567,0.825133,210.986,69.786,False,False,1,0.900244,False,1,,,single,True,0.9098,True,A
8603,219436349,1,1883.78,1.5,3139.65,8.39697,4.66587,3,9.1594,5208,0.869875,2,16,1,0,9.68743,4932.33,197.549,0.982276,205.931,76.9734,False,False,2,0.750204,False,1,,,single,True,0.474302,True,A
8609,3695375,1,1887.18,4,1733.97,8.38646,5.00381,8,11.0487,5689,0.950527,3,24,0,0,5.05392,140.332,538.195,0.980562,127.548,25.6388,False,False,3,1.76298,False,1,,,single,True,0.385162,True,A
8611,229944724,1,1882.82,6,3360.75,8.38095,22.9973,12,11.6593,6390,2.16945,1.5,12,1,0,3.08236,1192.09,792.668,0.820135,288.187,62.2842,False,False,1,2.2131,False,1,,,single,True,1.22384,True,A
8612,117218537,1,1883.5,3,4654.74,8.38016,11.4981,4,12.3162,5758,1.74164,3,24,0,0,,190.552,1134.22,0.968249,129.819,29.7034,False,False,4,2.30688,False,1,,,single,True,1.15628,True,A
8613,417931299,1,1885.33,6,4460.17,8.37617,5.65965,12,11.3733,3640,0.517847,3,24,0,0,5.05408,909.148,844.332,0.541821,186.286,60.4207,False,False,1,0.862734,False,1,,,single,True,0.336538,True,A
8614,117272742,1,1889.93,1,6104.18,8.37611,72.0022,2,12.2722,5637,0.876928,3,24,0,0,,163.777,1040.88,0.992931,130.669,27.3064,False,False,0,1.72547,False,1,,,single,True,0.666707,True,A
8615,149440741,1,1878.34,4,4418.57,8.37227,135.337,8,12.6801,5859.34,1.38504,3,24,0,0,,221.864,1351.76,0.886344,140.712,28.6835,False,False,2,0.581408,False,1,,,single,True,0.895902,True,A
8616,349824139,1,1888.77,3,4186.94,8.37157,44.6604,6,12.4098,5561.86,1.66679,3,24,0,0,,209.871,1120.21,0.968812,143.854,24.0033,False,False,2,2.36314,False,1,,,single,True,1.04951,True,A
8617,117276637,1,1896.25,4,2951.87,8.3708,36.4901,8,12.1035,5827.17,1.15668,3,24,0,0,,199.339,884.369,0.990648,130.879,28.106,False,False,5,1.74422,False,1,,,single,True,0.611532,True,A
8620,159312985,1,1895.7,4,2263.01,8.36616,49.4894,8,11.8322,6093,1.53977,3,24,0,0,4.39173,226.068,663.099,0.97243,230.848,82.7996,False,False,1,1.40663,False,1,,,single,True,0.712781,True,A
8625,126349113,1,1877.09,2,6885.86,8.36087,154.667,4,12.9328,6017.74,1.05927,3,24,0,0,,283.201,1616.09,0.988543,135.518,26.1196,False,False,2,2.5882,False,1,,,single,True,0.855349,True,A
8627,126238725,1,1893.52,1,10035.4,8.35998,101.993,2,12.999,5620,2.27005,3,24,0,0,,357.159,1760.08,0.852148,133.625,29.0479,False,False,1,2.26937,False,1,,,single,True,2.21289,False,B
8628,233504638,1,1886.49,8,2424.1,8.35976,25.5005,16,12.5415,5837,0.917976,3,24,0,0,6.16475,283.539,1151.67,0.980054,251.211,73.2511,False,False,2,0.862734,False,1,,,single,True,0.439809,True,A
8629,239198748,1,1891.25,8,2946,8.35876,104.159,16,12.8497,6022,1.6928,3,24,0,0,,264.081,1488.66,0.974351,146.801,24.4363,False,False,0,1.31286,False,1,,,single,True,0.894086,True,A
8630,39052412,1,1880.43,1.5,1440.76,8.35876,85.1674,3,9.8645,6253.42,1.79355,3,24,0,0,,54.1404,267.948,0.972013,138.734,38.0422,False,False,2,1.59418,False,1,,,single,True,0.66247,True,A
8631,86371847,1,1871.15,2,5856.25,8.35875,6.66667,3,12.1879,6132,1.13838,2,16,1,0,2.30779,515.069,994.251,0.995954,143.716,62.0375,True,False,5,0.918999,False,1,,,single,True,0.847724,True,B
8633,286728929,1,1875.5,2,5134.75,8.35756,116.667,4,12.5938,6006.38,1.0849,3,24,0,0,,245.567,1334.11,0.97313,143.141,21.1013,False,False,0,0.5,False,1,,,single,True,0.756496,True,A
8634,230079079,1,1883.77,4,1837.62,8.35683,4.83633,8,9.85338,6107,1.54251,3,24,0,0,3.02549,229.8,379.631,0.564943,245.152,67.6626,False,False,2,0.750204,False,1,,,single,True,0.643448,True,A
8637,117122972,1,1877.02,2,2370.14,8.355,0.166273,3,10.8503,5817,1.50704,3,24,0,0,10.4966,176.934,486.296,0.977994,128.953,26.8066,False,False,0,2.49443,True,1,,,single_partial,True,0.713953,True,B
8639,4893707,1,1892.9,4,3911.42,8.3526,116.839,7,12.5517,6227.88,1.90708,3,24,0,0,,218.452,1162.6,0.996781,147.663,30.0597,False,False,0,0.656428,False,1,,,single,True,1.16063,True,A
8640,197293333,1,1881.38,1.5,4400.01,8.35181,62.168,3,11.9204,6416.65,2.37662,3,24,0,0,,146.776,814.473,0.990047,134.586,23.7864,False,False,2,1.40663,False,1,,,single,True,1.53407,True,A
8642,219765875,1,1885.54,4,3812.59,8.3479,4.66488,8,11.1176,4772,0.784436,3,24,0,0,10.4728,1174.33,636.706,0.77314,262.964,65.0839,False,False,0,0.5,False,1,,,single,True,0.47133,True,A
8643,366486898,1,1885.86,8,1913.67,8.34702,9.00704,16,12.1249,6392,2.66228,3,24,0,0,,190.462,1007.09,0.971267,299.272,70.1769,False,False,2,0.806469,False,1,,,single,True,1.1333,True,A
8648,286750171,1,1883.23,6,3975.55,8.34273,17.8392,12,12.8114,5767,1.43104,3,24,0,0,,272.718,1590.18,0.98025,143.34,23.0631,False,False,2,2.47567,False,1,,,single,True,0.878027,True,A
8649,1096768,1,1881.73,3,4452.82,8.34078,53.8439,6,12.4869,4717.69,0.880729,3,24,0,0,,239.871,1265.78,0.986317,154.846,25.924,False,False,0,0.5,False,1,,,single,True,0.571896,True,A
8650,142904027,1,1879.58,4,4367.55,8.34043,105.333,8,12.5892,5827,1.33578,3,24,0,0,,240.358,1329.7,0.825298,177.246,71.9329,False,False,2,0.618918,False,1,,,single,True,0.859036,True,A
8651,82223473,1,1897.52,3,847.401,8.33945,5.84429,6,9.6164,6377,1.86368,3,24,0,0,,47.2401,220.604,0.999219,150.76,23.932,True,False,2,1.25659,False,1,,,single,True,0.527926,True,B
8656,310000679,1,1897.55,3,890.741,8.32611,4.99188,6,8.4992,3711,0.58398,3,24,0,0,2.89668,99.7582,146.614,0.995796,212.054,80.5973,True,False,0,0.562653,False,1,,,single,True,0.169602,True,B
8657,233188971,1,1886.69,8,1729.77,8.32449,33.6632,16,11.8432,4228,0.632296,3,24,0,0,,147.689,697.074,0.971682,225.539,69.6529,False,False,6,1.42539,False,1,,,single,True,0.255901,True,A
8660,414964413,1,1873.3,1.5,6147.11,8.31928,63.8332,3,12.5093,5655.18,0.953469,3,24,0,0,,218.466,1349.15,0.953696,140.755,22.439,False,False,2,1.44414,False,1,,,single,True,0.727444,True,A
8663,159614322,1,1883.71,6,1355.16,8.31471,6.33914,12,11.175,5646,1.75498,3,24,0,0,,80.4818,482.833,0.94207,220.01,65.4842,True,False,0,1.0878,False,1,,,single,True,0.628673,True,B
8665,26925271,1,1891.73,8,3074,8.3109,115.657,16,12.8321,6169,1.46972,3,24,0,0,,296.29,1529.53,0.973753,149.44,21.4937,False,False,0,2.02555,False,1,,,single,True,0.792946,True,A
8667,311576551,2,1871.19,3,7892.85,8.30793,13.1667,6,12.6215,6151,0.992794,1.5,12,1,0,3.24903,1549.08,1573.73,0.995531,159.139,49.727,True,False,4,0.99402,False,2,,,single,True,0.858289,True,B
8668,156890004,1,1892.56,3,4660.98,8.30778,124.995,4,12.613,6106.34,2.01044,3,24,0,0,,215.906,1188.55,0.974981,140.85,40.4216,False,False,0,1.42539,False,1,,,single,True,1.33563,True,A
8669,272669812,1,1876.79,3,19746.4,8.30553,147.667,6,12.5417,4980,0.78574,1,8,1,0,2.03515,4157.06,3787.71,0.977178,233.536,68.1642,False,False,1,1.91302,False,1,,,single,True,1.07443,True,A
8672,302580584,1,1879.34,6,2162.47,8.29995,111.333,12,11.947,5630,0.86836,3,24,0,0,,191.172,828.012,0.964037,133.386,33.3024,False,False,2,1.78173,False,1,,,single,True,0.392945,True,A
8675,149365860,1,1878.34,6,5481.4,8.28906,-0.663347,8,12.9215,6183.99,1.72649,3,24,0,0,,301.088,1731.52,0.994698,138.939,23.9721,False,False,1,1.63169,True,1,,,single_partial,True,1.24385,True,B
8676,8294011,1,1886.48,6,3062.58,8.28838,0.843969,8,12.2076,4079,0.965683,3,24,0,0,,199.481,884.966,0.994419,163.205,40.568,False,False,2,0.862734,True,1,,,single_partial,True,0.520039,True,B
8677,138504507,1,1897.56,3,2311.84,8.28319,4.99697,6,11.1195,5899,0.923547,3,24,0,0,2.19589,225.626,567.765,0.907742,157.342,60.8385,True,False,0,1.21908,False,1,,,single,True,0.432111,True,B
8683,417845916,1,1887.31,6,3292.39,8.27506,8.50255,12,12.7034,5720,1.65157,3,24,0,0,,213.435,1225.75,0.991344,147.361,61.8125,False,False,3,0.5,False,1,,,single,True,0.922168,True,A
8684,147610664,1,1897.54,4,3906.96,8.27451,5.48946,8,11.8435,4440,0.656752,3,24,0,0,11.3453,1403.2,828.183,0.99428,148.714,68.4216,True,False,1,1.10655,False,1,,,single,True,0.399465,True,B
8685,117298922,1,1871.2,1.5,1977.77,8.27355,13.3333,3,10.6377,6273.27,2.75032,3,24,0,0,6.20257,139.012,378.962,0.950925,131.482,27.2278,True,False,3,1.72547,False,1,,,single,True,1.19022,True,B
8689,117419301,1,1883.71,6,5185.61,8.26628,6.33607,12,12.9418,5556.35,0.986999,3,24,0,0,,386.83,1792.98,0.918182,137.773,25.1232,True,False,3,2.41941,False,1,,,single,True,0.69163,True,B
8690,307914009,1,1873.29,3,2338.02,8.26559,0.165264,4,11.0704,5136.91,0.960847,3,24,0,0,,121.264,516.482,0.996669,141.317,32.6695,False,False,0,0.900244,True,1,,,single_partial,True,0.452101,True,B
8691,91917148,1,1881.84,16,1312.12,8.2645,51.3394,28,12.4061,4678.2,0.782809,3,24,0,0,,260.66,1184.76,0.998278,143.857,23.0141,False,False,3,2.55069,False,1,,,single,True,0.275931,True,A
8694,117221320,1,1872.36,4,3493.12,8.26194,41.1666,8,12.3184,5672,0.848484,3,24,0,0,,173.592,1077.75,0.984383,130.139,27.3015,False,False,2,1.95053,False,1,,,single,True,0.487987,True,A
8695,239204012,1,1881.07,1.5,5578.78,8.25683,69.6754,3,12.5699,5210.09,0.792085,3,24,0,0,,201.715,1207.99,0.995244,149.094,22.3005,False,False,2,1.96928,False,1,,,single,True,0.575704,True,A
8696,117274278,1,1883.77,2,1840.95,8.25575,4.99892,4,10.3706,6013.93,1.04051,3,24,0,0,12.4051,125.177,320.447,0.986069,130.76,27.3853,False,False,5,1.6692,False,1,,,single,True,0.434435,True,A
8699,3756925,1,1883.16,3,2081.58,8.25356,19.4976,5,10.9004,6153,2.63078,3,24,0,0,,83.7697,430.678,0.960926,128.582,29.4962,False,False,2,1.18157,False,1,,,single,True,1.16799,True,A
8700,88063563,1,1878.88,1,3454.77,8.25341,0.839988,2,11.4138,6312.24,1.25335,3,24,0,0,,106.21,576.044,0.98216,147.924,19.8056,False,False,3,1.51916,True,1,,,single_partial,True,0.716869,True,B
8701,126322892,1,1871.69,1,7934.84,8.25165,25.1666,2,12.6573,5928.11,1.29616,3,24,0,0,,257.17,1383.99,0.985077,135.231,26.2105,False,False,2,2.43816,False,1,,,single,True,1.12353,True,A
8702,159343218,1,1883.07,2,1818.8,8.25164,21.4981,4,9.67863,6917,1.4493,3,24,0,0,2.16103,191.875,231.786,0.985554,235.491,78.3822,False,False,0,0.543898,False,1,,,single,True,0.601462,True,A
8703,229609219,1,1871.43,8,2215.07,8.25007,11.5,16,12.5272,4291,0.739139,3,24,0,0,,235.667,1032.3,0.933262,274.455,76.4737,True,False,4,1.33161,False,1,,,single,True,0.338514,True,B
8706,85997878,1,1883.29,3,5667.67,8.24766,16.337,6,12.6871,5538.53,0.853668,3,24,0,0,,309.937,1442.19,0.993642,138.679,22.2773,False,False,1,0.768959,False,1,,,single,True,0.625387,True,A
8708,126235358,1,1887.18,3,5361.63,8.24374,1.99904,6,12.956,4729.26,0.782011,3,24,0,0,,304.455,1670.41,0.916238,133.271,28.31,False,False,3,1.63169,True,1,,,single_partial,True,0.55721,True,B
8712,29170780,1,1882.05,1.5,2271.22,8.23973,1.33421,3,11.0842,5440.42,1.00279,3,24,0,0,,82.8953,473.719,0.984899,135.456,44.8766,False,False,1,0.525143,True,1,,,single_partial,True,0.465047,True,B
8714,166492239,1,1894.76,1.5,1313.9,8.238,72.1579,3,9.61066,6135,1.51218,3,24,0,0,,58.337,262.183,0.966069,134.328,35.1693,False,False,0,1.0878,False,1,,,single,True,0.533386,True,A
8717,229974374,1,1883.74,4,2111.93,8.22991,5.49696,8,10.8817,5913,2.24038,3,24,0,0,6.45828,337.731,493.365,0.654138,290.029,61.4079,True,False,6,1.53792,False,1,,,single,True,1.00189,True,B
8718,307989115,1,1895.06,8,2165.25,8.22359,64.8412,16,12.4175,5686.37,1.25833,3,24,0,0,,204.586,1104.53,0.980464,149.617,28.5646,False,False,2,0.825224,False,2,,,single,True,0.569778,True,A
8719,229591534,1,1886.16,8,1116.87,8.22288,17.0047,15,11.0089,5765,0.773712,3,24,0,0,,71.845,436.377,0.987653,272.484,77.6855,False,False,4,1.42539,False,1,,,single,True,0.251616,True,A
8726,16220583,1,1881.29,4,3522.16,8.21024,64.3403,8,12.657,5341,1.05462,3,24,0,0,,210.472,1293.01,0.996042,153.294,37.0973,False,False,0,0.95651,False,1,,,single,True,0.609057,True,A
8729,172936319,1,1888.18,6,2186.45,8.2057,29.0036,12,12.0363,6282.01,1.96222,3,24,0,0,,166.419,955.278,0.892144,129.18,30.1965,False,False,1,2.13808,False,1,,,single,True,0.892843,True,A
8730,117418393,1,1873.46,1,3148.29,8.20364,0.665404,2,11.1229,5707.56,1.04637,3,24,0,0,6.20262,205.239,520.971,0.99802,137.806,29.7446,False,False,0,1.23784,True,1,,,single_partial,True,0.571321,True,B
8731,258828800,1,1883.7,6,2257.03,8.20276,6.49685,12,12.2296,5785,1.71817,3,24,0,0,3.77973,232.612,935.561,0.863606,287.259,66.2197,True,False,3,1.61294,False,1,,,single,True,0.794314,True,B
8735,117418383,1,1873.78,1.5,4744.45,8.19798,75.3333,3,12.2893,6140.22,1.8466,3,24,0,0,,167.003,1034.38,0.993998,137.713,29.7823,False,False,1,1.20033,False,1,,,single,True,1.23772,True,A
8736,137956705,1,1896.74,24,959.176,8.19587,24.4966,48,12.5036,6415.56,1.34846,3,24,0,0,,183.13,1045.69,0.998418,152.954,57.2951,False,False,1,0.5,False,1,,,single,True,0.406392,True,A
8737,4896833,1,1883.81,2,3822.48,8.19548,3.83892,4,12.2144,5232,0.818151,3,24,0,0,,147.439,965.031,0.992564,148.06,34.3012,False,False,0,0.825224,False,1,,,single,True,0.492225,True,A
8738,241193607,1,1879.93,1.5,7767.35,8.19408,0.674859,3,12.7191,5901.65,1.21768,3,24,0,0,11.3718,932.597,1462.5,0.997312,153.343,24.6832,False,False,0,0.656428,True,1,,,single_partial,True,1.0443,True,B
8740,85991841,1,1881.5,1,10936,8.18565,0.836978,2,12.5161,5823.01,1.76946,1.5,12,1,0,4.54861,3096.11,1285.44,0.980174,138.364,22.9081,False,False,3,0.825224,True,1,,,single_partial,True,1.80064,True,B
8741,91844990,1,1876.21,24,7866.99,8.18513,128.167,48,10.5974,6174.28,2.02554,3,24,0,0,13.6355,1574.87,819.605,0.652528,141.523,22.6597,False,False,3,1.70671,False,1,,,single,True,1.74825,True,A
8744,233238264,1,1876.22,24,659.416,8.18484,134,47,11.4049,7666,1.87745,3,24,0,0,,94.6064,560.793,0.984669,267.965,68.2505,False,False,3,0.881489,False,1,,,single,True,0.469143,True,A
8745,445832676,1,1897.61,1.5,4934.36,8.18416,3.67798,3,12.0614,5277,0.817505,3,24,0,0,12.4055,349.442,862.936,0.99606,173.15,51.5088,True,False,0,0.5,False,1,,,single,True,0.558809,True,B
8747,26925374,1,1876.77,2,604.419,8.18194,147.167,4,7.4221,6406,1.32827,3,24,0,0,3.03246,57.3934,97.5189,0.940402,149.515,20.9825,False,False,4,2.13808,False,1,,,single,True,0.31777,True,A
8750,8941738,1,1883.71,2,5879.97,8.18043,4.84102,4,12.7792,5677.47,1.70914,3,24,0,0,,253.311,1322.74,0.982035,153.231,34.4064,True,False,0,1.03153,False,1,,,single,True,1.27533,True,B
8752,126322921,1,1877.88,1.5,5830.64,8.17837,146.168,3,12.4974,6582.87,1.4128,3,24,0,0,,202.753,1244.53,0.971583,135.282,26.1198,False,False,1,2.56945,False,1,,,single,True,1.04978,True,A
8757,356490963,1,1883.74,4,4235.09,8.16709,5.49894,8,12.7289,5222,0.816915,3,24,0,0,,321.299,1147.57,0.994143,150.534,62.9062,True,False,1,0.975265,False,1,,,single,True,0.517328,True,B
8762,126237227,1,1894.7,2,1232.15,8.16209,73.494,4,10.0414,6203.94,1.67042,3,24,0,0,7.58095,125.86,274.036,0.998938,133.595,24.0651,False,False,1,1.38788,False,1,,,single,True,0.570577,True,A
8765,458690509,1,1877.04,6,4414.77,8.15742,153.667,12,12.9856,5251.33,2.07249,3,24,0,0,,303.661,1691.53,0.984393,157.106,33.5063,False,False,1,0.712693,False,1,,,single,True,1.34,True,A
8767,27071888,1,1889.65,4,1983.31,8.15236,0.845785,6,11.1606,5819.1,1.61606,3,24,0,0,13.6461,230.89,551.093,0.913219,152.362,22.7205,False,False,0,0.843979,True,1,,,single_partial,True,0.700343,True,B
8768,137888941,1,1871.63,2,3412.82,8.15166,23.6667,4,12.0102,5776,0.944376,3,24,0,0,,158.26,791.244,0.988697,151.382,59.1417,False,False,1,0.900244,False,1,,,single,True,0.536858,True,A
8769,159540521,1,1895.8,1.5,5922.29,8.14999,47.1568,3,12.5144,4945,0.740756,3,24,0,0,6.48304,497.775,1142.49,0.946088,248.604,81.3346,False,False,3,1.65045,False,1,,,single,True,0.554725,True,A
8771,86106104,1,1893.19,3,4970.75,8.14783,109.834,6,12.8391,5949.89,1.39193,3,24,0,0,,296.138,1564.64,0.993887,140.109,22.8689,False,False,1,1.35037,False,1,,,single,True,0.954961,True,A
8772,117164031,1,1872.13,2,816.905,8.14742,35.6666,4,8.437,4756,0.811669,3,24,0,0,3.24895,57.8028,142.529,0.998926,129.586,29.633,False,False,5,2.17559,False,1,,,single,True,0.225747,True,A
8775,230377435,1,1883.7,6,2323.48,8.14227,6.4984,12,11.9382,5923,1.11092,3,24,0,0,,150.612,820.874,0.957754,285.193,60.3729,True,False,4,1.81924,False,1,,,single,True,0.521087,True,B
8776,172949340,1,1889.04,2,5964.87,8.14197,49.0043,4,12.5728,5429.53,0.829933,3,24,0,0,11.3713,887.319,1212.29,0.979093,129.243,34.6355,False,False,2,0.95651,False,1,,,single,True,0.623736,True,A
8777,137770089,1,1897.61,1.5,6208.23,8.14194,3.67304,3,8.7856,5615,1.13901,3,24,0,0,8.52873,1484.35,615.983,0.730251,175.355,58.9323,True,False,1,0.562653,False,1,,,single,True,0.873311,True,B
8780,233163868,1,1886,6,3344.81,8.13505,8.84319,11,12.6104,5405.07,1.08993,3,24,0,0,,298.623,1377.21,0.9849,186.78,56.2084,False,False,0,0.99402,False,1,,,single,True,0.613398,True,A
8783,87956374,1,1887.13,2,7674.23,8.13169,5.15818,3,12.7489,5436.68,0.979427,3,24,0,0,5.93304,571.651,1470.89,0.986133,146.118,20.3864,False,False,1,1.42539,False,1,,,single,True,0.834924,True,A
8793,251100368,1,1887.18,8,2319.45,8.11254,46.5017,16,12.3964,3771,0.611033,3,24,0,0,,202.556,1179.44,0.995257,140.629,52.4481,False,False,2,0.95651,False,1,,,single,True,0.286362,True,A
8794,82223753,1,1889.13,2,1013.29,8.11213,25.6565,4,9.4401,6049,1.78648,3,24,0,0,10.497,68.5842,220.989,0.995711,150.863,25.6884,False,False,3,1.42539,False,1,,,single,True,0.553378,True,A
8795,117417133,1,1871.31,2,7001.47,8.11201,16.1666,4,12.2058,5263.87,0.89337,3,24,0,0,4.5486,792.882,1176.74,0.989907,137.618,24.2601,True,False,3,1.80049,False,1,,,single,True,0.727417,True,B
8796,16149269,1,1877.84,2,6300.81,8.11164,1.16594,4,12.8777,5498.06,0.793971,3,24,0,0,,249.684,1471.91,0.995617,136.698,41.5928,False,False,1,0.787714,True,1,,,single_partial,True,0.613282,True,B
8800,4753481,1,1889.18,1.5,6387.1,8.10548,53.8275,3,12.7955,5881.6,1.75461,3,24,0,0,,249.795,1419.11,0.996928,145.819,30.3347,False,False,1,0.693938,False,1,,,single,True,1.36455,True,A
8803,117417632,1,1872,1,7418.16,8.10003,0.665918,2,12.2135,5578.52,1.30782,3,24,0,0,3.89879,455.242,1158.63,0.845576,137.587,26.6799,False,False,4,2.11933,True,1,,,single_partial,True,1.09611,True,B
8805,172933400,1,1873.65,3,2525.7,8.09499,72.1666,6,11.8327,6208,1.1851,3,24,0,0,,175.316,866.023,0.99686,128.896,30.8808,False,False,3,2.0443,False,1,,,single,True,0.579566,True,A
8815,318208965,1,1885.41,4,2341.28,8.08591,5.00101,8,11.4239,5506.99,0.947639,3,24,0,0,3.59097,201.076,719.66,0.814123,142.347,52.0548,False,False,0,0.5,False,1,,,single,True,0.446198,True,A
8817,236764598,1,1891.14,16,544.729,8.08424,136.001,31,7.73369,7022.23,2.20215,3,24,0,0,0.577126,71.2713,196.991,0.983088,273.453,66.4724,False,False,3,0.543898,False,1,,,single,True,0.500144,True,A
8823,117272111,1,1874.25,3,3648.63,8.07619,86.6666,6,12.2476,4898,1.02902,3,24,0,0,,185.586,942.177,0.997644,130.576,25.0928,False,False,4,2.17559,False,1,,,single,True,0.604848,True,A
8824,67391690,1,1897.5,3,1068.45,8.07553,1.84428,6,9.84336,6217,1.39128,3,24,0,0,0.167642,104.083,282.253,0.99573,154.583,31.5434,True,False,0,0.5,True,1,,,single_partial,True,0.442536,True,B
8828,3799924,1,1878.91,1.5,5588.36,8.0731,114.333,3,12.2715,6141,1.43501,3,24,0,0,,212.44,1074.25,0.969619,128.804,26.7461,False,False,3,2.51318,False,1,,,single,True,1.04389,True,A
8830,310935506,1,1886.96,3,3101.58,8.06961,4.16126,6,12.287,5754,1.57048,3,24,0,0,,164.247,970.316,0.992489,172.342,59.1285,False,False,2,0.5,False,1,,,single,True,0.851102,True,A
8832,8747207,1,1874.54,3,3780.39,8.06344,93.6666,6,12.3904,5195,0.881192,3,24,0,0,,227.61,1024.96,0.991201,139.917,33.1707,False,False,1,0.712693,False,1,,,single,True,0.527226,True,A
8834,82200939,1,1883.74,1.5,5465.55,8.05923,1.17425,3,12.4319,5932,1.04393,3,24,0,0,,202.516,1112.69,0.964461,147.682,24.5873,True,False,2,1.33161,True,1,,,single_partial,True,0.75101,True,B
8836,1043900,1,1890.98,1,10102.1,8.05681,97.655,2,9.3888,5529.49,0.973718,0.75,6,1,0,2.10291,2993.26,1669.27,0.601775,154.186,25.3902,False,False,0,0.5,False,1,,,single,True,0.952351,True,A
8837,224607600,1,1883.73,3,2161.6,8.0545,4.33964,6,10.5614,5740,2.13487,3,24,0,0,9.07657,246.388,399.266,0.909137,255.773,57.0617,True,False,0,0.731448,False,1,,,single,True,0.965864,True,B
8838,287179362,1,1877.73,6,3464.77,8.0468,149.833,12,12.0323,6062,1.30897,3,24,0,0,2.10773,424.739,812.21,0.973581,149.534,60.4228,False,False,1,1.06904,False,1,,,single,True,0.749763,True,A
8839,149916947,1,1887.19,6,1092.97,8.04481,6.66605,12,11.2559,5609,0.899617,3,24,0,0,,100.152,540.786,0.995015,160.317,63.0542,False,False,0,1.4629,False,1,,,single,True,0.289414,True,A
8842,21502710,1,1876.58,2,5570.05,8.04084,142.5,4,12.7896,6051.54,1.51411,3,24,0,0,,265.06,1479.69,0.984724,132.91,46.0177,False,False,0,0.5,False,1,,,single,True,1.09962,True,A
8845,316413835,1,1896.67,24,383.703,8.0355,24.8449,48,10.3586,5617.52,1.68506,3,24,0,0,,76.1616,330.805,0.905025,188.748,58.6343,False,False,1,0.731448,False,1,,,single,True,0.321196,True,A
8847,17235258,1,1871.38,2,7994.39,8.03521,17.6666,4,12.9354,7369,1.88743,3,24,0,0,0.0542148,397.69,1563.16,0.984101,146.49,37.3147,True,False,0,0.843979,False,1,,,single,True,1.64218,True,B
8849,39065321,1,1895.97,2,1385.94,8.034,42.9946,3,9.7828,6001.79,1.16519,3,24,0,0,11.302,72.923,282.486,0.960214,139.066,38.0937,False,False,5,1.72547,False,1,,,single,True,0.42211,True,A
8850,85243785,1,1888.56,6,2025.53,8.03212,39.656,12,12.0596,5507.64,1.674,3,24,0,0,,151.339,865.031,0.990943,152.406,25.7782,False,False,0,0.825224,False,1,,,single,True,0.733132,True,A
8852,26958107,1,1881.46,3,4013.07,8.03094,60.3423,6,12.613,5622.03,1.95319,3,24,0,0,,234.455,1263.78,0.995468,149.667,22.7623,False,False,1,1.93177,False,1,,,single,True,1.20404,True,A
8853,371754869,1,1897.37,6,3314.98,8.02975,9.49444,12,12.8958,5734,1.58401,3,24,0,0,,268.171,1383.96,0.95544,172.718,72.8389,False,False,2,0.843979,False,1,,,single,True,0.887475,True,A
8855,149369434,1,1874.5,2,3399.86,8.02818,92.6666,4,11.9802,5476.62,2.02279,3,24,0,0,,155.943,859.66,0.993429,139.279,25.6018,False,False,0,1.20033,False,1,,,single,True,1.14773,True,A
8857,126319740,1,1871.79,2,6344.1,8.02689,27.6666,4,12.9109,6235.34,1.53712,3,24,0,0,,272.777,1549.53,0.989424,134.82,24.4043,False,False,4,1.93177,False,1,,,single,True,1.19138,True,A
8861,1101161,1,1877.73,1,1246.21,8.0135,149.843,2,9.61388,6003.6,1.47977,3,24,0,0,3.03247,62.0533,234.058,0.98748,155.172,28.2966,False,False,2,0.5,False,1,,,single,True,0.508332,True,A
8862,288509839,1,1886.74,8,1933.06,8.00927,31.5065,16,11.6545,6253,1.71323,3,24,0,0,3.56901,223.456,714.713,0.961856,271.736,82.9033,False,False,0,0.806469,False,1,,,single,True,0.732987,True,A
8863,239203570,1,1894.96,8,3329.94,8.00916,67.3444,16,12.7673,7065,1.85412,3,24,0,0,,266.56,1514.5,0.977979,149.099,19.8522,False,False,2,1.65045,False,1,,,single,True,1.04115,True,A
8864,91987681,1,1894.71,1,9264.95,8.00855,73.3382,2,12.779,5819.18,1.33144,3,24,0,0,,256.751,1576.85,0.941015,144.447,23.9634,False,False,2,2.13808,False,1,,,single,True,1.2471,True,A
8865,125552785,1,1874.44,4,3562.42,8.00841,91.1665,8,12.3477,6674.71,1.49185,3,24,0,0,,225.814,1048.46,0.986578,145.306,27.5027,False,False,5,1.78173,False,1,,,single,True,0.866474,True,A
8866,302632380,1,1893.91,8,2244.89,8.00634,0.997496,10,11.8187,5789,0.848634,3,24,0,0,13.5624,1985.67,724.537,0.954262,136.914,31.7757,False,False,0,1.2941,True,1,,,single_partial,True,0.391269,True,B
8867,8769651,1,1877.2,1.5,3046.73,8.0051,157.333,3,10.9417,5081.96,0.739954,3,24,0,0,8.5221,1134.15,464.777,0.997061,140.375,33.4044,False,False,1,0.675183,False,1,,,single,True,0.397447,True,A
8868,165985665,1,1871.54,6,3776.8,8.00364,6.16667,12,12.6373,5869,1.2059,3,24,0,0,5.40792,363.366,1399.47,0.902068,133.987,30.1595,False,False,8,2.55069,False,1,,,single,True,0.721158,True,A
8871,8765032,1,1878.81,2,2931.47,7.99828,123.835,4,11.8135,5894.95,1.53836,3,24,0,0,,143.997,762.029,0.979907,139.894,33.6618,False,False,1,1.23784,False,1,,,single,True,0.81051,True,A
8874,137906197,1,1878.56,4,1094.32,7.99317,129.835,8,9.91008,5994,1.09577,3,24,0,0,,65.0963,314.661,0.964663,152.103,55.5401,False,False,2,0.637673,False,1,1768.01,1768.01,single,True,0.352736,True,A
8877,165892776,1,1895.26,1.5,6011.23,7.99043,60.1561,3,12.5171,5896,2.02654,3,24,0,0,,201.198,1233.77,0.958325,131.74,33.5386,False,False,1,1.50041,False,1,,,single,True,1.52895,True,A
8881,99901186,1,1871.04,1,5150.72,7.98294,9.6666,2,10.7505,5281,0.808959,2,16,1,0,6.82293,3059.39,385.452,0.996826,167.701,61.1841,True,False,0,0.5,False,1,,,single,True,0.56496,True,B
8882,233196602,1,1876.43,12,503.062,7.98024,139,24,8.0486,4535,0.684042,3,24,0,0,10.4326,131.968,151.156,0.980264,264.642,71.3323,False,False,2,1.48165,False,1,,,single,True,0.149297,True,A
8883,160490151,1,1882.62,16,200.821,7.97798,32.4994,32,8.8416,8562,1.88749,3,24,0,0,4.69466,39.6182,162.902,0.988268,238.596,75.755,False,False,1,1.16282,False,1,,,single,True,0.260283,True,A
8885,138660570,1,1879.88,3,2145.64,7.97191,98.3355,6,11.5988,5371.62,0.815483,3,24,0,0,,109.96,670.074,0.993527,136.338,24.4655,False,False,3,2.3819,False,1,,,single,True,0.367579,True,A
8888,198186769,1,1875,8,982.094,7.9662,104.667,16,10.8722,6229,1.8109,3,24,0,0,,91.9009,384.317,0.991941,245.818,62.9251,False,False,1,0.5,False,1,1291.01,1291.01,single,True,0.552241,True,A
8889,414986203,1,1874.31,4,2322.8,7.9628,88.1665,8,11.9217,5920.56,1.37277,3,24,0,0,,145.481,848.685,0.978345,141.273,22.4093,False,False,1,1.40663,False,1,,,single,True,0.643815,True,A
8890,197245991,1,1892.81,2,7514.91,7.96249,118.994,4,12.9354,5631.63,2.18371,3,24,0,0,,339.22,1691.68,0.965195,133.996,23.8981,False,False,0,1.2941,False,1,,,single,True,1.8421,True,A
8896,39126552,1,1897.13,4,3839.6,7.94607,15.3396,8,12.7171,6198.87,1.43915,3,24,0,0,,214.806,1326.5,0.997337,152.042,36.6582,False,False,0,1.2941,False,1,,,single,True,0.867773,True,A
8902,289580564,1,1883.81,2,5554.12,7.93547,3.83845,4,11.6942,4329,0.693647,3,24,0,0,10.4248,1804.57,808.921,0.672042,252.31,61.1305,False,False,1,0.5,False,1,,,single,True,0.503041,True,A
8906,237214359,1,1883.8,1.5,1947.67,7.92814,4.16043,3,10.0465,6823,2.02362,3,24,0,0,6.45324,225.776,354.55,0.883191,295.046,74.7913,False,False,2,1.05029,False,1,,,single,True,0.86905,True,A
8907,441767504,1,1871.12,3,8508.66,7.92805,11,4,11.2981,5797,0.76926,2,16,1,0,7.97177,4242.36,876.315,0.799686,262.08,72.653,True,False,3,1.51916,False,1,,,single,True,0.690496,True,B
8908,393835945,1,1887.13,2,2305.42,7.91909,4.16444,4,10.3001,6796.37,1.50569,3,24,0,0,9.747,298.631,411.071,0.842079,146.392,44.4096,False,False,0,0.543898,False,1,,,single,True,0.703506,True,A
8909,3695523,1,1873.52,1,9966.98,7.91896,55.1667,2,12.7102,5511.71,1.07428,2.5,20,1,0,4.57606,1214.25,1555.63,0.988458,127.572,25.1846,False,False,0,1.33161,False,1,,,single,True,1.04365,True,A
8911,257023941,1,1876.37,16,358.899,7.91694,137.667,32,10.0978,5576,1.25954,3,24,0,0,,56.1435,295.989,0.994528,225.643,74.4893,False,False,1,0.5,False,1,,,single,True,0.232196,True,A
8912,232540264,1,1878.73,4,607.829,7.91446,125.835,8,8.4724,5711.85,1.07587,3,24,0,0,2.84289,54.6081,152.379,0.991122,227.87,71.841,False,False,0,0.918999,False,1,1247.01,1247.01,single,True,0.258112,True,A
8913,259098961,1,1883.74,3,2550.57,7.91285,5.49599,6,11.4736,5957,1.37433,3,24,0,0,,168.831,685.166,0.843293,291.314,66.6713,True,False,4,2.17559,False,1,,,single,True,0.67541,True,B
8914,117251821,1,1883.09,1.5,2274.37,7.90881,0.834469,3,10.4617,6401.04,2.06011,3,24,0,0,3.4114,212.863,376.922,0.96608,130.406,29.792,False,False,4,2.64447,True,1,,,single_partial,True,0.956045,True,B
8915,165915456,1,1894.62,4,4427.73,7.90595,75.4902,8,12.8885,5088.96,0.78455,3,24,0,0,,245.29,1492.31,0.996179,131.83,31.2267,False,False,3,2.88828,False,1,,,single,True,0.508006,True,A
8916,302603517,1,1887.85,4,1543.78,7.90583,21.5011,8,11.4075,6239.54,2.06276,3,24,0,0,,102.22,589.43,0.983047,133.869,30.0521,False,False,4,2.55069,False,1,,,single,True,0.788677,True,A
8922,117420072,1,1896.66,8,1696.09,7.88723,26.4974,13,11.8963,5968.1,1.48345,3,24,0,0,,148.272,843.196,0.982896,137.859,26.6448,False,False,1,1.89426,False,1,,,single,True,0.594504,True,A
8926,86338700,1,1872.01,1.5,3379,7.8753,32.8333,3,11.3636,6454,1.21775,3,24,0,0,2.46587,161.443,616.677,0.995935,143.222,65.125,False,False,4,1.23784,False,1,,,single,True,0.688826,True,A
8932,229952364,1,1876.2,24,512.41,7.87043,133.5,48,11.7674,6100,1.97826,3,24,0,0,,114.155,678.606,0.987818,288.874,62.1552,False,False,2,2.0443,False,1,,,single,True,0.435762,True,A
8933,236933397,1,1871.43,3,2722.73,7.87034,5,6,11.6215,5547,1.00638,3,24,0,0,1.86909,207.646,676.085,0.95884,304.399,64.2624,True,False,5,1.35037,False,1,,,single,True,0.511001,True,B
8936,236933453,1,1886.02,1.5,5646.33,7.8678,3.84098,3,12.1984,6452,1.76176,3,24,0,0,2.47102,351.627,1036.39,0.930006,304.264,64.3182,False,False,2,1.31286,False,1,,,single,True,1.28821,True,A
8937,154014059,1,1877.46,2,5857.66,7.86554,156.337,4,12.9534,5899,1.64837,3,24,0,0,,248.236,1380.81,0.911847,206.753,68.8671,False,False,0,0.618918,False,1,5228.01,5228.01,single,True,1.22765,True,A
8939,165891184,1,1895.5,4,1628.33,7.86144,54.4899,8,11.5355,6032,2.05145,3,24,0,0,,119.905,633.823,0.996078,131.586,31.2117,False,False,2,2.757,False,1,,,single,True,0.805545,True,A
8941,241195614,1,1876.22,1.5,3147.02,7.86104,1.17223,3,11.0835,6414,1.36447,3,24,0,0,11.3718,177.104,548.999,0.899058,153.6,24.5015,False,False,2,0.618918,True,1,,,single_partial,True,0.744854,True,B
8942,233613367,1,1889.07,1,5897.79,7.8568,86.5014,2,9.77391,5803,0.943364,3,24,0,0,9.68748,3051.34,263.504,0.987572,283.517,60.6311,False,False,1,1.20033,False,1,,,single,True,0.704987,True,A
8943,27071900,1,1880.29,16,2031.22,7.85631,88.3435,32,12.9925,6186.39,1.2872,3,24,0,0,,347.612,1809.97,0.969376,152.4,22.7744,False,False,0,0.825224,False,1,,,single,True,0.564523,True,A
8944,9336570,1,1893.02,6,1809.87,7.85595,113.993,12,12.1504,6122,1.07953,3,24,0,0,,153.526,864.199,0.990127,138.271,39.4899,False,False,0,1.03153,False,1,,,single,True,0.446906,True,A
8945,39776643,1,1883.79,2,2861.01,7.85541,4.33907,4,10.5985,4375.28,0.786859,3,24,0,0,6.82297,452.628,401.449,0.997533,154.56,43.3843,False,False,0,0.5,False,1,,,single,True,0.409557,True,A
8947,139366624,1,1872.63,6,2057.44,7.85406,1.16573,9,10.8199,5680.52,1.56005,3,24,0,0,13.6458,416.504,441.022,0.993505,138.778,32.0025,False,False,3,1.35037,True,1,,,single_partial,True,0.688587,True,B
8948,349793830,1,1874.81,2,809.793,7.85377,100.167,4,9.0875,5470,0.977812,3,24,0,0,4.0135,51.5652,183.773,0.992372,143.456,24.2628,False,False,2,2.19435,False,1,,,single,True,0.27077,True,A
8952,117419272,1,1887.13,3,3327.53,7.84849,4.6643,6,12.2174,5973.02,1.31317,3,24,0,0,,203.593,1011.88,0.994906,137.71,25.3551,False,False,0,2.32563,False,1,,,single,True,0.737122,True,A
8953,26958817,1,1892.67,1,6959.94,7.84643,122.345,2,12.5225,6179,0.972064,3,24,0,0,,231.255,1380.84,0.992149,149.709,19.2809,False,False,0,1.2941,False,1,,,single,True,0.789142,True,A
8957,165986053,1,1873.36,3,2731.29,7.83553,49.6667,6,11.8905,5506.4,0.766248,3,24,0,0,,146.898,789.23,0.93107,134.13,31.2259,False,False,2,2.15684,False,1,,,single,True,0.389683,True,A
8959,160183794,1,1871.12,3,10866.3,7.82983,11.5,4,9.5735,8272,3.07822,2,16,1,0,7.95941,4140.42,1302.32,0.741787,246.474,83.983,True,False,1,1.63169,False,1,,,single,True,3.12247,False,B
8960,117415603,1,1871.52,3,1445.14,7.82966,9.16645,6,10.5805,6073.06,1.28217,3,24,0,0,,90.9563,374.152,0.993363,132.925,29.6612,False,False,6,2.5882,False,1,,,single,True,0.474305,True,A
8961,17238861,1,1896.42,4,1111.92,7.82955,32.3355,8,10.4482,5708,2.9101,3,24,0,0,,69.1432,388.317,0.964928,147.057,36.3571,False,False,1,1.23784,False,1,,,single,True,0.944283,True,A
8962,202509979,1,1891.23,1,431.781,7.82938,147.159,2,6.4204,8260,1.92225,3,24,0,0,2.35277,27.4521,70.5793,0.999249,231.92,62.2757,False,False,0,0.581408,False,1,,,single,True,0.388686,True,A
8964,302667538,1,1875.42,1.5,4882.69,7.82694,114.833,3,12.4523,6823.57,1.39536,3,24,0,0,,188.162,1073.06,0.9847,163.123,57.5161,False,False,0,0.881489,False,1,,,single,True,0.948797,True,A
8966,441724964,1,1885.62,3,3592.65,7.821,4.50112,6,11.4671,5542,2.42632,3,24,0,0,5.21632,492.847,743.579,0.802757,256.07,73.556,False,False,1,1.2941,False,1,,,single,True,1.41518,True,A
8967,126235472,1,1876.73,3,2916.31,7.82073,146.167,5,11.9365,6204.95,1.6867,3,24,0,0,,150.516,793.762,0.99015,133.198,28.8186,False,False,1,2.08181,False,1,,,single,True,0.886363,True,A
8968,138687685,1,1876.13,2,6982.02,7.81859,131.667,4,12.9836,6453.44,1.32463,3,24,0,0,,329.591,1839.71,0.970242,136.746,24.153,False,False,1,1.6692,False,1,,,single,True,1.07707,True,A
8969,307958749,1,1887.9,24,3448.22,7.81854,3.65876,40,12.9514,5436.48,1.85818,3,24,0,0,6.20272,753.71,1615.17,0.911037,148.942,29.3528,False,False,1,0.731448,True,1,,,single_partial,True,1.0618,True,B
8973,86337145,1,1893.79,2,4626.98,7.79849,0.00766966,3,10.9953,4772,0.722363,3,24,0,0,10.3764,476.381,633.468,0.935385,143.012,61.9568,False,False,1,0.787714,True,1,,,single_partial,True,0.478147,True,B
8975,91844998,1,1889.96,2,1205.2,7.79734,1.83847,4,9.2037,6435.45,2.14945,3,24,0,0,5.68579,94.6735,209.758,0.9986,141.581,22.6438,False,False,2,1.72547,True,1,,,single_partial,True,0.726131,True,B
8976,126319746,1,1872.02,2,3658.83,7.79648,33.1666,4,12.0829,5953.48,1.36289,3,24,0,0,,155.974,885.905,0.992331,134.805,24.4422,False,False,1,1.93177,False,1,,,single,True,0.802212,True,A
8978,117412469,1,1873.04,2,5867.91,7.79221,45.6665,4,12.6902,6697.37,1.64623,3,24,0,0,,258.386,1360.7,0.957748,132.518,29.7751,False,False,4,2.56945,False,1,,,single,True,1.22713,True,A
8980,160492937,1,1891.28,4,378.504,7.79028,144.501,8,7.4873,5490,2.4106,3,24,0,0,,25.6503,113.663,0.999516,239.374,76.0905,False,False,2,1.16282,False,1,,,single,True,0.456371,True,A
8982,284965175,1,1888.91,4,1276.46,7.78835,46.5019,8,10.597,5215,1.96202,3,24,0,0,,93.8305,390.547,0.987764,133.175,33.2411,False,False,3,1.72547,False,1,,,single,True,0.682125,True,A
8986,117378717,1,1877.79,4,5068.2,7.78521,148.333,8,12.6514,3520,0.505078,3,24,0,0,,297.813,1615.92,0.850368,131.935,29.3378,False,False,3,2.15684,False,1,,,single,True,0.349899,True,A
8987,88659527,1,1895.56,3,2878.87,7.78267,52.84,6,11.9736,5735.28,1.16502,3,24,0,0,,161.121,862.001,0.960618,152.544,36.6147,False,False,1,1.14406,False,1,,,single,True,0.608277,True,A
8988,117219392,1,1877.44,8,2511.59,7.78209,-1.33387,11,12.1592,6332.64,1.42574,3,24,0,0,,185.444,1006.15,0.853165,129.882,27.2554,False,False,3,2.15684,True,1,,,single_partial,True,0.6953,True,B
8991,237017333,1,1871.68,4,1647,7.77655,5,8,10.5642,6216,1.4669,3,24,0,0,2.57756,208.548,409.763,0.960322,306.406,61.853,False,False,4,1.12531,False,1,,,single,True,0.579301,True,A
8993,172953476,1,1873.31,2,3751.86,7.77498,64.1665,4,12.2584,5724,2.97363,3,24,0,0,,149.867,925.59,0.972627,150.119,32.0224,False,False,0,0.5,False,1,,,single,True,1.77242,True,A
8995,88004786,1,1882.52,4,3132.23,7.77369,34.8413,8,12.5272,5817,1.74446,3,24,0,0,,204.217,1276.77,0.956347,146.942,21.3437,False,False,5,2.43816,False,1,,,single,True,0.950047,True,A
8997,165915651,1,1871.34,1.5,6646.25,7.76901,16.8333,3,12.6866,5789.34,1.00348,3,24,0,0,,252.017,1374.97,0.960297,131.837,32.233,True,False,3,2.88828,False,1,,,single,True,0.796076,True,B
8999,307987742,1,1895.31,3,3828.26,7.76656,58.843,6,12.4544,6182.92,1.12777,3,24,0,0,,222.026,1170.81,0.991703,149.418,24.0061,False,False,2,1.21908,False,1,,,single,True,0.679014,True,A
9001,198411530,1,1897.58,3,1655.04,7.76479,4.34434,6,10.8334,6180,1.60891,3,24,0,0,4.52091,144.836,420.107,0.992725,259.061,57.799,True,False,0,0.5,False,1,,,single,True,0.636932,True,B
9003,149368992,1,1893.94,2,6705.05,7.7645,91.8326,4,12.9458,5906,0.960348,3,24,0,0,,352.728,1809.14,0.990855,139.039,24.6064,False,False,6,1.78173,False,1,,,single,True,0.765221,True,A
9008,302606788,1,1883.31,6,2249.03,7.76017,15.8342,12,12.1976,5692.47,1.28642,3,24,0,0,,161.07,943.891,0.915235,136.775,32.3445,False,False,1,1.10655,False,1,,,single,True,0.59366,True,A
9011,417800559,1,1877.66,3,5459.31,7.7555,151.496,6,12.8129,5870,1.18681,3,24,0,0,,318.135,1722.86,0.87081,137,60.5408,False,False,0,0.5,False,1,,,single,True,0.853312,True,A
9012,149469654,1,1890.38,1.5,4170.03,7.75511,83.3289,3,12.1016,5348.76,0.90367,3,24,0,0,,151.611,904.076,0.939684,141.569,26.3409,False,False,2,1.74422,False,1,,,single,True,0.567854,True,A
9013,3799582,1,1878.92,4,3538.77,7.75239,121.331,8,12.3775,6772,1.14212,3,24,0,0,,240.139,1140.92,0.976281,128.716,25.614,False,False,3,2.02555,False,1,,,single,True,0.661143,True,A
9014,219432334,1,1891.28,4,514.108,7.74961,144.5,8,7.5971,5887.28,1.14341,3,24,0,0,2.03202,56.0594,139.42,0.99747,204.17,75.9087,False,False,1,1.35037,False,1,,,single,True,0.252282,True,A
9017,88648594,1,1877.9,3,1355.09,7.74771,145.835,6,10.6239,5563.91,1.13393,3,24,0,0,2.20093,102.381,399.692,0.91127,141.433,39.8216,False,False,0,2.41941,False,1,,,single,True,0.406188,True,A
9020,149440650,1,1880.73,2,3154.21,7.74139,77.8368,4,11.8691,6367.93,1.4939,3,24,0,0,,145.636,801.45,0.967605,140.759,29.0915,False,False,4,1.05029,False,1,,,single,True,0.816441,True,A
9023,126351674,1,1893.6,4,1088.14,7.73263,99.9957,8,10.6419,6506.07,1.39468,3,24,0,0,,59.2024,382.911,0.993685,135.763,25.4707,False,False,3,2.81326,False,1,,,single,True,0.447686,True,A
9024,256662095,1,1871.24,4,7381.65,7.73214,7.00016,5,10.3583,6780,1.86167,3,24,0,0,7.53459,722.796,1004,0.82716,300.388,64.7679,True,False,3,1.78173,False,1,,,single,True,1.55646,True,B
9025,26984369,1,1874.29,3,1659.99,7.72969,87.6665,6,11.0572,6574,1.20114,3,24,0,0,4.40196,125.651,478.298,0.98943,150.405,21.4306,False,False,3,1.81924,False,1,,,single,True,0.476215,True,A
9033,198510673,1,1876.56,8,1289.25,7.72124,142.167,15,11.3905,6494,1.25747,3,24,0,0,,93.9296,549.766,0.993948,211.676,74.6481,False,False,0,0.712693,False,1,,,single,True,0.439364,True,A
9044,91968302,1,1894.46,24,681.774,7.70683,7.1605,43,11.8672,5339.96,0.813188,3,24,0,0,,145.6,801.361,0.95285,144.188,23.4016,False,False,3,2.51318,True,1,,,single_partial,True,0.206618,True,B
9047,126237869,1,1897.02,2,5026.88,7.69923,17.993,3,12.2916,5292.07,0.800754,3,24,0,0,,195.551,1193.28,0.977782,133.516,26.9125,False,False,4,1.80049,False,1,,,single,True,0.552466,True,A
9050,3797604,1,1873.57,4,762.615,7.69268,0.166279,5,7.99941,6278,3.1014,3,24,0,0,6.82279,71.2285,137.953,0.999753,128.662,28.4437,False,False,1,1.91302,True,1,,,single_partial,True,0.833428,True,B
9051,156852654,1,1876.77,3,3950.27,7.69232,147.167,5,12.5743,5840,1.1954,3,24,0,0,,186.253,1116.4,0.994606,140.64,39.7598,False,False,3,2.02555,False,1,,,single,True,0.731113,True,A
9052,3715647,1,1883.75,2,4804.58,7.68997,5.49749,4,12.2646,6094.06,1.50296,3,24,0,0,,234.918,1147.32,0.986765,128.141,27.4912,True,False,1,1.98804,False,2,,,single,True,1.01375,True,B
9053,284927673,1,1891.55,1.5,3979.35,7.68977,109.835,3,12.1438,5396.49,0.90718,3,24,0,0,1.65013,219.33,892.899,0.990155,132.741,32.8818,False,False,3,1.48165,False,1,,,single,True,0.556874,True,A
9054,236903869,1,1888.14,2,3459.97,7.68945,63.0075,4,12.0361,5914,1.9066,3,24,0,0,6.42349,224.909,892.94,0.905959,304.099,63.553,False,False,1,1.81924,False,1,,,single,True,1.09132,True,A
9058,332171680,1,1889.79,6,3060.7,7.68419,67.0037,12,12.9184,5458.16,0.782411,3,24,0,0,,269.932,1641.63,0.924353,130.687,35.614,False,False,3,0.750204,False,1,,,single,True,0.421214,True,A
9060,138659003,1,1873.79,4,1415.8,7.68218,24.3347,8,10.8738,4332.04,0.831218,3,24,0,0,,81.4457,469.362,0.996859,136.131,29.8644,False,False,1,1.42539,False,1,,,single,True,0.30435,True,A
9063,207500473,1,1897.58,2,7693.8,7.67416,4.34671,4,12.6304,5027,0.812423,3,24,0,0,9.7249,1903.67,1219.96,0.992998,247.582,58.9442,True,False,0,0.5,False,1,,,single,True,0.693442,True,B
9064,219898102,1,1891.32,6,610.712,7.67395,141.5,12,9.26657,6107,2.81923,3,24,0,0,3.76735,62.5648,218.993,0.990917,263.402,69.7938,False,False,1,0.562653,False,1,,,single,True,0.677963,True,A
9065,166584288,1,1871.48,6,2011.55,7.67314,12.6667,12,11.9833,5232.97,2.00374,3,24,0,0,2.43747,218.112,880.679,0.936466,135.346,32.9986,True,False,5,1.57543,False,1,,,single,True,0.87451,True,B
9066,259237909,1,1871.23,1.5,2739.05,7.67238,4.83333,2,10.8195,5653,3.06529,3,24,0,0,2.15722,128.35,475.663,0.856067,292.968,69.8224,True,False,1,1.55667,False,1,,,single,True,1.56109,True,B
9070,318251285,1,1897.25,1,761.699,7.66586,12.3407,2,7.71691,8586,1.94829,3,24,0,0,9.09733,37.5284,115.935,0.989193,163.381,49.2313,False,False,1,0.731448,False,1,,,single,True,0.523242,True,A
9075,414964448,1,1897.59,1.5,4228.8,7.6607,4.16847,3,8.5982,4554,0.741873,3,24,0,0,9.09725,2757.62,373.147,0.733274,140.776,22.3057,True,False,1,1.35037,False,1,,,single,True,0.469457,True,B
9076,125550646,1,1872.78,1.5,6981.6,7.6583,51.3332,3,12.824,5437,1.03898,3,24,0,0,,273.32,1517.98,0.981605,145.134,27.9733,False,False,1,1.70671,False,1,,,single,True,0.844777,True,A
9080,308027878,1,1875.38,2,4226.85,7.65027,113.667,4,12.502,6496.96,1.39299,3,24,0,0,,216.896,1198.1,0.989661,150.255,25.8072,False,False,1,1.2941,False,1,,,single,True,0.88128,True,A
9083,117278019,1,1888.43,1.5,5607.43,7.64767,35.8353,3,12.525,6041.85,1.30397,3,24,0,0,,239.751,1358.3,0.987238,130.974,27.0727,False,False,2,2.19435,False,1,,,single,True,0.950182,True,A
9087,229913786,1,1883.76,3,3186.32,7.64373,4.99708,6,12.2366,6660,1.42084,3,24,0,0,,210.431,992.379,0.859826,287.603,64.3837,False,False,3,1.21908,False,1,,,single,True,0.780454,True,A
9088,82247625,1,1882,2,3704.61,7.64216,1.34191,4,12.0198,5420.28,0.978575,3,24,0,0,,149.33,887.599,0.990825,151.231,24.7039,False,False,0,0.918999,True,1,,,single_partial,True,0.579592,True,B
9089,302603038,1,1883.58,2,3944.1,7.64125,1.49965,3,11.9269,6240,1.90648,3,24,0,0,13.3748,253.312,892.533,0.988527,133.823,31.9703,True,False,2,2.36314,True,1,,,single_partial,True,1.1651,True,B
9092,126320126,1,1891.84,1.5,5679.49,7.63939,117.833,2,12.2567,6232.78,2.79842,3,24,0,0,,219.344,1116.14,0.978149,134.797,26.1814,False,False,4,2.43816,False,1,,,single,True,2.05223,False,B
9093,407581817,1,1895.25,4,4721.45,7.63862,60.3354,8,12.9755,6017.68,1.3161,3,24,0,0,,256.03,1500.23,0.981526,145.137,32.5852,False,False,1,0.656428,False,1,,,single,True,0.880003,True,A
9097,91893703,1,1871.76,1.5,4261.96,7.63261,26.8332,3,12.2422,5723.48,1.55649,3,24,0,0,,159.484,1052.88,0.985105,141.84,22.0605,False,False,2,1.38788,False,1,,,single,True,0.9888,True,A
9098,21442437,1,1882.85,3,1865.09,7.62943,26.9987,6,11.3205,6123.78,1.04991,3,24,0,0,,97.4587,580.28,0.997086,135.299,41.8623,False,False,0,0.693938,False,1,,,single,True,0.441225,True,A
9100,450300491,1,1883.29,1,8042.19,7.628,16.3364,2,12.9042,5403,0.777376,3,24,0,0,0.779761,412.338,1559.53,0.975792,143.241,36.3819,False,False,0,0.787714,False,1,,,single,True,0.678384,True,A
9101,149366275,1,1882.4,1,9544.21,7.62747,37.8366,2,12.8325,5684.99,0.923721,3,24,0,0,,310.966,1745.4,0.968014,138.944,25.1907,False,False,0,1.59418,False,1,,,single,True,0.878149,True,A
9102,1044288,1,1876.17,3,3988.72,7.6274,132.666,6,12.5309,4086.27,0.661462,3,24,0,0,,212.52,1250.78,0.990397,154.22,27.7664,False,False,0,0.5,False,1,,,single,True,0.406518,True,A
9103,172533490,1,1875,2,5472.05,7.62679,104.667,4,12.6109,5651.96,0.879498,3,24,0,0,,225.035,1394.86,0.985931,143.229,25.9732,False,False,2,2.15684,False,1,,,single,True,0.633093,True,A
9106,55754318,1,1886.71,8,1688.04,7.62602,0.656484,10,9.91362,3747,0.573487,3,24,0,0,8.02712,303.601,398.34,0.85631,181.444,53.9305,False,False,0,0.5,True,1,,,single_partial,True,0.229283,True,B
9108,39083643,1,1889.72,1.5,4752.95,7.62394,66.8269,3,12.5526,5850.94,1.5082,3,24,0,0,,193.289,1154.23,0.973051,151.423,38.259,False,False,0,0.675183,False,1,,,single,True,1.01181,True,A
9110,82220944,1,1889.02,2,7005.13,7.62223,50.6585,4,12.922,4612.13,0.755623,3,24,0,0,5.05407,387.492,1571.88,0.98544,148.367,26.7449,False,False,3,1.38788,False,1,,,single,True,0.615419,True,A
9111,87953636,1,1888.23,6,3715.71,7.62209,31.6584,12,12.8603,6101.96,1.58054,3,24,0,0,,275.473,1577.06,0.997268,145.863,20.5267,False,False,0,1.57543,False,1,,,single,True,0.937527,True,A
9113,355175980,1,1893.37,2,5239.68,7.62176,1.49812,3,12.6044,6131,1.37202,3,24,0,0,1.45832,289.013,1123.63,0.996175,139.848,38.1802,False,False,0,1.81924,True,1,,,single_partial,True,0.96643,True,B
9114,9339046,1,1879,8,2016.06,7.62108,119.334,15,12.4553,5931.88,1.22341,3,24,0,0,,180.594,1122.72,0.982519,138.529,38.9892,False,False,1,1.4629,False,1,,,single,True,0.534541,True,A
9116,361977668,1,1892.55,1.5,6551.15,7.61953,125.171,2,12.4289,5186.51,0.824332,3,24,0,0,,221.739,1212.11,0.869935,143.997,25.37,False,False,2,2.17559,False,1,,,single,True,0.64926,True,A
9118,172933100,1,1881.31,6,1956.83,7.61793,63.9976,12,12.1402,6227.7,2.5382,3,24,0,0,,163.225,979.593,0.993194,128.801,29.9941,False,False,0,1.95053,False,1,,,single,True,1.0926,True,A
9120,126320249,1,1874.91,1.5,5345.26,7.61104,102.333,3,12.4951,5418,2.55304,3,24,0,0,,259.144,1268.08,0.963767,134.913,26.802,False,False,1,1.96928,False,1,,,single,True,1.81635,True,A
9122,8942124,1,1895.96,2,3635.26,7.61,43.3428,4,12.1586,5767.43,1.33161,3,24,0,0,,204.128,905.719,0.917637,153.107,31.8178,False,False,1,0.5,False,1,,,single,True,0.781272,True,A
9123,361977663,1,1892.56,2,5690.73,7.60947,124.837,3,12.4188,5985.48,1.69496,3,24,0,0,,215.074,1332.32,0.839469,143.998,25.3838,False,False,2,2.17559,False,1,,,single,True,1.24423,True,A
9125,95312527,1,1891.86,3,3943.13,7.60782,118.655,6,12.56,5993,1.33615,3,24,0,0,,190.015,1312.08,0.97262,153.113,23.1517,False,False,0,0.656428,False,1,,,single,True,0.816457,True,A
9126,166592847,1,1888.33,2,1254.97,7.60716,33.0006,4,10.2036,6187.25,1.27491,3,24,0,0,,53.9026,314.683,0.997536,135.693,32.9614,False,False,1,1.44414,False,1,,,single,True,0.439494,True,A
9127,284929517,1,1895.47,3,2008.29,7.60284,54.991,5,11.1037,6390,1.67399,3,24,0,0,,97.5709,504.35,0.962881,132.911,31.716,False,False,1,2.53194,False,1,,,single,True,0.73,True,A
9128,139399984,1,1889.02,4,1748.81,7.60164,50.1648,8,11.2047,6113.87,1.76076,3,24,0,0,,101.146,544.437,0.965568,139.395,32.1735,False,False,0,1.4629,False,1,,,single,True,0.71652,True,A
9130,139399847,1,1879.86,1.5,5811.03,7.60032,98.6691,2,12.4569,6080.88,1.90859,3,24,0,0,,195.494,1140.19,0.990816,139.473,31.4749,False,False,2,1.0878,False,1,,,single,True,1.41578,True,A
9133,8153583,1,1873.15,1.5,3321.03,7.59215,60.3332,3,11.9439,4595.28,0.718472,3,24,0,0,,118.996,770.809,0.998552,155.468,36.1196,False,False,2,0.862734,False,1,,,single,True,0.402906,True,A
9134,302602892,1,1889.7,2,1800.32,7.59079,65.5015,4,10.9284,6717,1.61658,3,24,0,0,,89.7274,464.644,0.993785,133.885,32.6353,False,False,1,1.95053,False,1,,,single,True,0.667466,True,A
9136,16220772,1,1877.92,4,3854.58,7.59033,143.841,8,12.9562,4479.81,0.881273,3,24,0,0,,277.877,1482.19,0.997986,153.296,35.9547,False,False,1,0.918999,False,1,,,single,True,0.532423,True,A
9137,159336506,1,1871.16,3,3348.95,7.58996,12.5,5,9.9226,6028,1.24022,3,24,0,0,7.13804,473.717,534.564,0.704636,234.096,83.2212,True,False,3,1.48165,False,1,,,single,True,0.69841,True,B
9138,307959491,1,1894.4,1,6506.15,7.58854,80.8417,2,12.3828,3940,0.631114,3,24,0,0,,256.202,1091.04,0.99212,149.078,26.2333,False,False,1,1.31286,False,1,,,single,True,0.495367,True,A
9140,288133521,1,1885.89,4,2913.84,7.5852,5.00302,8,12.3867,5472,0.896464,3,24,0,0,,213.784,949.417,0.964906,210.081,80.1829,False,False,0,0.600163,False,1,,,single,True,0.470894,True,A
9141,27065630,1,1882.8,1.5,3175.71,7.58231,1.17613,3,11.6705,6363,1.33746,3,24,0,0,,148.302,672.442,0.997369,151.766,23.0275,False,False,0,1.18157,True,1,,,single_partial,True,0.73343,True,B
9143,91901910,1,1887.48,1,6224.81,7.57888,1.33903,2,12.1856,5776,1.18702,3,24,0,0,9.74707,348.279,993.207,0.968769,142.447,23.1106,False,False,3,2.53194,True,1,,,single_partial,True,0.911336,True,B
9144,91916734,1,1882.38,1.5,3194.16,7.57415,38.1727,3,11.6859,6196.95,1.46828,3,24,0,0,,118.345,678.52,0.990958,143.674,23.0259,False,False,1,2.40065,False,1,,,single,True,0.807504,True,A
9145,117298948,1,1877.84,4,3632.54,7.57182,147.333,8,12.7037,6148,1.14315,3,24,0,0,,266.419,1315.09,0.985274,131.514,27.1407,False,False,1,1.81924,False,1,,,single,True,0.67045,True,A
9147,1065744,1,1883.73,1,6534.9,7.56961,5.84327,2,12.5294,6002.17,1.57667,3,24,0,0,,204.057,1246.6,0.992323,154.417,27.5637,True,False,1,0.5,False,1,,,single,True,1.24027,True,B
9149,237017843,1,1883.74,3,6351.71,7.56906,4.99338,6,11.9408,5126,0.864426,3,24,0,0,6.87486,1108.26,1202.63,0.929227,306.39,61.4725,True,False,4,1.01277,False,1,,,single,True,0.670395,True,B
9151,3664595,1,1887.16,3,1859.49,7.56476,4.50388,6,11.0661,6297,1.9709,3,24,0,0,,118.074,565.86,0.923862,127.46,25.7923,False,False,2,1.78173,False,1,,,single,True,0.827025,True,A
9152,458421971,1,1886.9,4,1119.83,7.56428,5.15859,8,10.4239,6234.74,1.31255,3,24,0,0,,80.7141,350.619,0.994079,170.957,52.5805,False,False,4,0.525143,False,1,,,single,True,0.427415,True,A
9153,284892981,1,1888.66,3,4143.62,7.564,40.5021,5,12.3133,5985,1.39228,3,24,0,0,5.62058,273.091,1056.1,0.996106,132.096,30.9906,False,False,2,2.73824,False,1,,,single,True,0.872116,True,A
9155,172935029,1,1888.68,4,3451.36,7.56363,40.5044,8,12.747,5806.9,1.66325,3,24,0,0,,249.848,1436.42,0.988528,129.046,34.7659,False,False,1,0.656428,False,1,,,single,True,0.950846,True,A
9157,230015746,1,1885.64,2,3688.09,7.55619,4.00428,3,10.1283,5868,1.03349,3,24,0,0,11.302,419.835,618.628,0.64529,291.515,63.8904,False,False,3,1.44414,False,1,,,single,True,0.610751,True,A
9162,233207052,1,1891.32,6,596.894,7.54379,141.5,12,9.5641,6099,2.07608,3,24,0,0,,50.0122,268.519,0.996322,266.02,68.6359,False,False,2,1.16282,False,1,,,single,True,0.493572,True,A
9164,229709537,1,1891.34,2,4097.05,7.54132,140.502,4,10.7143,6312,1.56506,3,24,0,0,2.10773,448.046,638.873,0.900311,278.331,67.6873,False,False,1,0.750204,False,1,,,single,True,0.97482,True,A
9170,92007203,1,1878.2,1.5,1412.64,7.53037,138.674,3,10.1985,5855,2.80243,3,24,0,0,,69.2535,311.376,0.991339,145.285,22.5047,False,False,1,2.36314,False,1,,,single,True,1.02496,True,A
9173,188506291,1,1873.65,2,5834.49,7.52668,68.6667,4,12.8782,5244.89,0.81262,3,24,0,0,,283.05,1491.23,0.961389,134.334,36.9709,False,False,1,0.99402,False,1,,,single,True,0.604013,True,A
9174,125528921,1,1875.27,2,3588.76,7.52466,111.167,4,12.044,5059.29,0.753999,3,24,0,0,,147.147,899.374,0.968182,144.709,26.6819,False,False,3,2.19435,False,1,,,single,True,0.439542,True,A
9176,87974916,1,1890.67,8,2023.33,7.52223,90.1584,16,12.3672,5778,0.985378,3,24,0,0,,227.259,1155.77,0.963854,146.592,22.2088,False,False,2,2.23186,False,1,,,single,True,0.431314,True,A
9178,302606360,1,1875.15,1,2197.19,7.5178,108.167,2,10.109,5705,1.09621,3,24,0,0,5.21631,121.65,353.466,0.778036,136.807,30.3862,False,False,2,1.25659,False,1,,,single,True,0.500017,True,A
9179,203219989,1,1880.16,1.5,5150.26,7.5172,91.6682,2,12.243,6176.99,2.80689,3,24,0,0,5.05398,253.621,1015.99,0.956295,134.864,23.5457,False,False,3,1.03153,False,1,,,single,True,1.96019,True,A
9180,414969134,1,1872.84,2,3672.06,7.51678,52.6665,4,12.0888,5217.85,0.876351,3,24,0,0,,147.232,964.528,0.984394,141.195,22.1408,False,False,1,1.31286,False,1,,,single,True,0.516762,True,A
9182,188467456,1,1883.33,3,2664,7.51464,15.4987,6,11.787,6397,1.21673,3,24,0,0,,140.112,701.474,0.934763,133.55,37.2273,False,False,3,1.06904,False,1,,,single,True,0.611109,True,A
9183,4822232,1,1880.99,1.5,3280.2,7.51308,71.6721,3,11.7931,6007.54,1.07311,3,24,0,0,,133.672,739.394,0.99545,146.059,31.2251,False,False,2,0.806469,False,1,,,single,True,0.59807,True,A
9184,3713647,2,1881.87,4,3184.58,7.50975,50.4977,8,12.2631,4995.98,0.703447,3,24,0,0,,197.584,1107.94,0.974598,127.884,25.7974,False,False,5,1.89426,False,2,,,single,True,0.386292,True,A
9188,172951822,1,1883.47,1.5,5665.4,7.50302,12.1643,3,12.6159,5563.5,0.831965,3,24,0,0,,209.521,1421.42,0.995996,129.519,32.1332,False,False,4,2.43816,False,1,,,single,True,0.609366,True,A
9189,27000168,1,1874.61,3,4513.66,7.50049,95.1665,6,12.7967,6248,1.33646,3,24,0,0,,233.061,1446.4,0.97504,150.81,21.5668,False,False,1,1.87551,False,1,,,single,True,0.873731,True,A
9191,252475663,1,1886.61,6,1308.09,7.49563,34.6639,12,10.5819,6548.23,1.50763,3,24,0,0,7.58101,119.083,427.705,0.911764,155.033,53.7966,False,False,1,0.5,False,1,,,single,True,0.530604,True,A
9192,166529820,1,1888.95,3,4949.74,7.49284,48.0009,5,12.8162,5128.59,0.757848,3,24,0,0,,266.111,1523.46,0.947265,134.532,30.821,False,False,2,1.89426,False,1,,,single,True,0.518837,True,A
9193,219846064,1,1883.81,2,3359.49,7.49078,3.83492,4,9.9678,5282,0.811847,3,24,0,0,3.0824,389.829,386.682,0.69527,255.254,68.0853,False,False,1,1.18157,False,1,,,single,True,0.457897,True,A
9196,87958521,1,1879.27,2,5300.45,7.48955,112.841,4,12.5846,6391,1.17014,3,24,0,0,,220.451,1273.08,0.967236,146.356,23.691,False,False,2,1.91302,False,1,,,single,True,0.828995,True,A
9197,165985207,1,1891.33,12,708.59,7.48654,-1.50337,15,9.81798,6235.72,1.25038,3,24,0,0,13.3123,77.9893,275.874,0.98269,133.93,31.925,False,False,2,2.11933,True,1,,,single_partial,True,0.32389,True,B
9202,26925070,1,1883.73,6,1943.06,7.47707,5.84207,12,12.121,5576.05,1.07947,3,24,0,0,,188.779,898.907,0.998495,149.479,22.4778,True,False,3,2.10057,False,1,,,single,True,0.463033,True,B
9205,117417967,1,1872.52,8,1295.13,7.47512,3.16577,15,11.1115,5348.32,0.883393,3,24,0,0,13.6458,183.727,551.411,0.999044,137.669,28.2574,False,False,4,1.42539,True,1,,,single_partial,True,0.309363,True,B
9206,188503385,1,1875.02,4,1351.69,7.47385,101.667,8,11.1681,5749.06,1.17196,3,24,0,0,,74.6808,499.367,0.996327,133.994,37.0241,False,False,4,0.95651,False,1,,,single,True,0.419285,True,A
9208,332109923,1,1892.33,1,5407.48,7.47034,129.499,2,12.2797,6143,1.15561,3,24,0,0,,189.581,1075.25,0.98526,135.138,26.7205,False,False,4,2.06306,False,1,,,single,True,0.826925,True,A
9209,139380941,1,1877.06,2,5049.46,7.47033,154.167,4,12.8178,6012.76,1.38267,3,24,0,0,,233.357,1442.67,0.979402,139.225,33.5896,False,False,4,1.36912,False,1,,,single,True,0.956089,True,A
9210,284965168,1,1889.04,6,838.338,7.46188,49.5019,12,10.2074,6317.07,1.27388,3,24,0,0,,59.1021,319.104,0.961562,133.14,33.2495,False,False,3,1.70671,False,1,,,single,True,0.358918,True,A
9211,21411524,1,1896.07,1.5,4750.36,7.46175,40.657,3,12.37,6255,2.87616,3,24,0,0,,189.043,1064.17,0.982399,134.645,39.5453,False,False,1,0.562653,False,1,,,single,True,1.92901,True,A
9212,1042345,1,1876.98,6,2859.78,7.46082,152.166,12,12.4921,5901.88,1.49618,3,24,0,0,,224.139,1211.57,0.986487,154.017,27.8012,False,False,1,0.5,False,1,,,single,True,0.778588,True,A
9214,16150037,1,1887.87,3,3626.72,7.45291,21.5012,5,12.6197,5844.6,1.16895,0.5,4,1,0,5.84685,21341.4,1226.24,0.979239,136.833,38.9331,False,False,1,0.843979,False,1,,,single,True,0.685031,True,A
9219,332111213,1,1883.66,1.5,5858.82,7.44584,7.66453,3,12.6946,6081,1.41285,3,24,0,0,,243.864,1529.29,0.994471,129.901,31.835,True,False,3,2.49443,False,1,,,single,True,1.05235,True,B
9220,117415857,1,1895.39,4,4256.81,7.44274,56.9919,8,12.7693,6838.6,1.54485,3,24,0,0,,283.756,1409.64,0.988862,132.895,28.6792,False,False,3,2.11933,False,1,,,single,True,0.980812,True,A
9222,286730711,1,1883.04,6,1813.79,7.43903,22.3392,11,11.6657,5869.42,1.71272,3,24,0,0,,152.943,695.959,0.998822,143.257,22.519,False,False,5,2.0443,False,1,,,single,True,0.709802,True,A
9223,91893700,1,1872.02,4,1606.74,7.43818,33.1665,8,10.9465,5927,1.2597,3,24,0,0,6.49804,365.036,479.127,0.995347,141.746,22.0713,False,False,1,1.36912,False,1,,,single,True,0.491358,True,A
9224,282921117,1,1893.83,1,3379.25,7.43243,94.3431,2,11.6004,6280,1.32024,3,24,0,0,,108.684,656.675,0.858445,223.371,65.0254,False,False,1,1.50041,False,1,,,single,True,0.746828,True,A
9225,17141821,1,1883.71,1,5908.23,7.43047,6.33657,2,11.6774,5316.7,0.779272,3,24,0,0,5.45833,881.726,804.142,0.924322,144.408,37.8386,True,False,1,0.750204,False,1,,,single,True,0.582875,True,B
9226,117276942,1,1875,2,2530.65,7.42199,104.667,4,11.4627,5734.88,0.906691,3,24,0,0,3.68801,155.529,659.417,0.897002,130.925,29.0699,False,False,2,1.838,False,1,,,single,True,0.443847,True,A
9229,284992856,1,1873.23,3,2871.62,7.41323,62.1666,4,11.8433,5155,0.918537,3,24,0,0,,161.061,814.094,0.979912,137.249,26.839,False,False,1,1.98804,False,1,,,single,True,0.47898,True,A
9230,188475543,1,1876.22,1.5,4512.02,7.41303,132.333,3,12.4512,5048.35,0.914106,3,24,0,0,,184.913,1102.8,0.967187,133.711,37.1125,False,False,1,1.06904,False,1,,,single,True,0.597502,True,A
9231,86131504,1,1875.46,3,5192.23,7.40998,115.667,6,12.7027,5792,1.58683,3,24,0,0,,274.156,1537.87,0.858417,140.5,22.3899,False,False,1,1.27535,False,1,,,single,True,1.11267,True,A
9232,56838738,1,1895.06,2,3030.24,7.40964,64.9924,4,12.0643,5854.46,2.00727,3,24,0,0,,133.395,796.077,0.992618,138.205,42.8247,False,False,0,0.5,False,1,,,single,True,1.07523,True,A
9233,284896935,1,1877.36,3,4160.8,7.40903,158.832,6,12.7191,6026.8,1.63187,3,24,0,0,,246.012,1331.55,0.967029,132.463,33.89,False,False,0,1.50041,False,1,,,single,True,1.02431,True,A
9234,26987570,1,1871.98,2,1000.99,7.40635,32.1665,4,9.85392,5993,0.947102,3,24,0,0,6.20277,96.4235,242.428,0.997844,150.695,20.9671,False,False,3,1.48165,False,1,,,single,True,0.291587,True,A
9238,172516244,1,1891.77,4,2607.2,7.39663,116.662,8,12.2237,4985.09,1.09146,3,24,0,0,,167.435,994.275,0.994291,142.361,27.3036,False,False,1,1.85675,False,1,,,single,True,0.542316,True,A
9240,233238923,1,1886.72,3,1499.38,7.39527,31.0013,6,10.8379,6080,1.21686,3,24,0,0,2.29872,122.108,434.286,0.977641,267.823,70.3441,False,False,1,1.68796,False,1,,,single,True,0.458515,True,A
9243,92023440,1,1881.88,3,5438.04,7.39089,50.3402,6,12.9758,4411.4,0.831667,3,24,0,0,,324.945,1909.7,0.934276,145.487,23.1908,False,False,4,2.28812,False,1,,,single,True,0.596799,True,A
9248,355207681,1,1890.22,2,2823.48,7.38039,77.5033,4,11.7442,5625.25,1.38152,3,24,0,0,,118.939,728.679,0.988254,133.524,42.011,False,False,2,0.975265,False,1,,,single,True,0.714344,True,A
9249,126351957,1,1881.25,4,3126.96,7.37846,65.3353,8,12.3983,5997.64,1.65167,3,24,0,0,,233.335,1150.6,0.957976,135.78,24.0422,False,False,1,1.74422,False,1,,,single,True,0.898756,True,A
9250,8308877,1,1886.73,4,2692.26,7.3763,0.155761,5,11.9764,5253,0.814297,3,24,0,0,,132.235,866.923,0.996745,163.438,40.3373,False,False,2,0.5,True,1,,,single_partial,True,0.411149,True,B
9253,117122685,1,1875.61,1.5,4217.71,7.37455,119.333,3,12.1195,6212.28,2.23485,3,24,0,0,,160.537,974.216,0.963659,129.033,25.9166,False,False,2,2.26937,False,1,,,single,True,1.41236,True,A
9254,355207985,1,1889.83,6,2558.5,7.37418,68.003,12,12.4645,5450,2.03494,3,24,0,0,,169.022,1055.67,0.99309,134.528,43.1524,False,False,1,0.712693,False,1,,,single,True,1.00162,True,A
9255,459969792,1,1871.04,1,10087.9,7.37191,9.66665,2,9.45639,6398,2.25028,1.5,12,1,0,5.91943,5243.94,1583.28,0.507352,254.843,65.21,True,False,0,1.98804,False,1,,,single,True,2.19935,False,B
9256,67639825,1,1880.59,1.5,6743.38,7.37041,51.1648,3,12.9369,6059.65,1.20315,3,24,0,0,,320.525,1622.63,0.993532,131.685,39.9793,False,False,2,0.881489,False,1,,,single,True,0.961427,True,A
9257,219461440,1,1871.6,1,6349.27,7.36995,23.1667,2,12.5993,5962,1.20094,0.5,4,1,0,0.760587,739.064,1226.17,0.987549,207.65,76.3326,False,False,2,0.937754,False,1,,,single,True,0.931195,True,A
9262,239202926,1,1874.26,1.5,9107.01,7.36528,0.829808,3,12.9768,5761,1.45556,3,24,0,0,5.24849,652.991,1891.98,0.993867,148.91,19.3604,False,False,0,1.50041,True,1,,,single_partial,True,1.35168,True,B
9264,137676378,1,1872.86,3,4479.5,7.36513,49.6667,6,12.8473,5813.86,1.36146,3,24,0,0,,270.841,1526.15,0.965676,140.493,55.1814,False,False,1,1.23784,False,1,,,single,True,0.886701,True,A
9269,173005807,1,1877.81,4,4426.45,7.34669,147.841,8,12.9114,6324,1.79956,3,24,0,0,,272.973,1559.94,0.948373,151.049,30.5091,False,False,3,0.937754,False,1,,,single,True,1.16507,True,A
9270,3756730,1,1893.05,1.5,5149.45,7.34652,113.154,3,12.4417,5717.39,1.36585,3,24,0,0,,237.307,1219.97,0.921882,128.463,29.6462,False,False,1,1.35037,False,1,,,single,True,0.953764,True,A
9273,8688775,1,1876.13,3,16260.3,7.33918,0.164981,4,12.5231,5560.4,2.32199,3,24,0,0,12.32,2241.7,1373.06,0.950835,137.873,32.0832,False,False,3,1.23784,True,1,,,single_partial,True,2.88126,False,B
9274,284893065,1,1890.1,2,5088.48,7.33589,75.0021,4,12.8118,5891.12,1.36411,3,24,0,0,,265.931,1448.53,0.988744,132.231,31.2983,False,False,5,2.73824,False,1,,,single,True,0.946893,True,A
9275,199666111,1,1883.77,4,985.838,7.33557,4.83911,8,9.45395,5995,2.16262,3,24,0,0,2.47542,98.9076,219.512,0.936726,251.904,59.909,False,False,1,0.506387,False,1,,,single,True,0.660755,True,A
9276,117272439,1,1871.44,2,2347.62,7.33537,19.1666,4,11.561,5559.2,0.92725,3,24,0,0,,103.77,638.24,0.994957,130.655,26.2256,True,False,7,2.40065,False,1,,,single,True,0.437188,True,B
9279,1066761,1,1896.65,2,1315.29,7.33192,1.34695,4,10.5336,5934,1.39707,3,24,0,0,,73.3716,369.933,0.980495,154.535,26.1507,False,False,1,0.5,True,1,,,single_partial,True,0.493045,True,B
9283,17303955,1,1877.88,3,5042.84,7.32713,144.844,6,12.8167,3684,0.539189,3,24,0,0,,262.105,1544.41,0.990712,161.051,36.1313,False,False,1,0.5,False,1,,,single,True,0.372594,True,A
9284,82202883,1,1880.9,6,1942.54,7.32639,73.8411,12,11.6289,4910.43,0.698185,3,24,0,0,9.74714,582.442,731.564,0.983154,147.865,24.191,False,False,1,1.16282,False,1,,,single,True,0.299442,True,A
9286,39715188,1,1876.65,1.5,6983.71,7.32239,0.832678,3,12.8165,6165.74,1.78051,3,24,0,0,,279.981,1453.74,0.874217,137.245,44.6025,False,False,0,0.5,True,1,,,single_partial,True,1.44792,True,B
9290,8307510,1,1886.44,2,4911.43,7.31572,3.34416,4,12.7945,4312,0.693081,3,24,0,0,,228.964,1530.31,0.978618,163.297,40.2232,False,False,1,0.5,False,1,,,single,True,0.472656,True,A
9291,158000474,1,1871.14,4,1991.88,7.31526,12,6,9.9516,5972,2.13726,3,24,0,0,7.16549,230.799,427.778,0.65035,214.181,79.5971,True,False,0,0.525143,False,1,,,single,True,0.92821,True,B
9294,88003631,1,1891.56,3,1372.63,7.31351,111.658,6,10.8197,6530,1.48193,3,24,0,0,,75.2777,395.574,0.995943,146.719,21.6254,False,False,2,2.55069,False,1,,,single,True,0.534271,True,A
9300,150162222,1,1895.39,1,627.972,7.30577,56.9889,2,7.9766,5704,2.67723,3,24,0,0,9.74686,38.5207,105.684,0.998379,136.663,50.6267,False,False,1,0.806469,False,1,,,single,True,0.65285,True,A
9301,117415747,1,1881.41,1.5,2659.27,7.3043,61.6663,3,11.5699,5865.93,2.07882,3,24,0,0,,107.247,677.735,0.98303,132.854,29.1206,False,False,3,2.26937,False,1,,,single,True,1.04317,True,A
9303,285004629,1,1880.84,2,3062.52,7.2953,75.3361,4,11.8394,5774.48,1.25805,3,24,0,0,,164.07,824.05,0.992961,137.499,24.2993,False,False,3,2.00679,False,1,,,single,True,0.677477,True,A
9304,26988056,1,1888.86,3,1461.21,7.29512,46.6551,6,9.502,5075.43,0.687173,3,24,0,0,,93.4194,488.201,0.516958,150.722,18.7284,False,False,1,0.768959,False,1,,,single,True,0.255611,True,A
9306,172950168,1,1896.66,2,2741.94,7.29088,26.4872,4,11.8245,5669.95,1.08346,3,24,0,0,,161.57,849.146,0.981643,129.35,34.0263,False,False,1,0.975265,False,1,,,single,True,0.552077,True,A
9308,3798373,2,1877.34,2,4975.9,7.2883,0.666351,4,12.6157,5888,0.851337,3,24,0,0,,238.953,1314.3,0.979755,128.567,26.0729,False,False,3,2.15684,True,2,,,single_partial,True,0.584379,True,B
9311,139365858,1,1881.86,6,1862.74,7.28712,50.8345,11,11.9805,5366.18,1.0266,3,24,0,0,,126.672,821.542,0.996163,138.718,35.9126,False,False,3,1.70671,False,1,,,single,True,0.431156,True,A
9314,87956237,1,1889.77,8,1154.88,7.28427,68.6583,16,11.6423,5489,1.83045,3,24,0,0,,116.822,711.989,0.982535,146.136,20.9187,False,False,0,2.02555,False,1,,,single,True,0.605319,True,A
9315,307953680,1,1895.57,1.5,4138.99,7.28303,52.6755,3,12.1137,5726.2,1.28337,3,24,0,0,,150.481,900.475,0.976561,148.735,24.359,False,False,1,1.12531,False,1,,,single,True,0.803446,True,A
9317,142739544,1,1879.43,3,1469.2,7.28238,108.996,6,11.1774,5838,1.22827,3,24,0,0,,118.32,504.74,0.994663,150.381,75.212,False,False,0,0.562653,False,1,3851.01,3851.01,single,True,0.458134,True,A
9318,279824010,1,1871.86,3,4968,7.2821,29.1666,4,12.6075,5691.5,1.07306,3,24,0,0,,264.127,1458.69,0.946601,137.998,50.9699,False,False,4,0.975265,False,1,,,single,True,0.735991,True,A
9323,86016450,1,1881.34,2,4033.59,7.27577,63.337,3,11.8648,5743.16,1.49558,3,24,0,0,,165.625,922.362,0.937605,138.813,23.0062,False,False,3,1.05029,False,1,,,single,True,0.9243,True,A
9324,87955337,1,1872.17,3,2428.82,7.27288,36.6665,6,11.939,6332.44,1.49339,3,24,0,0,,134.913,816.938,0.982531,145.981,22.8752,False,False,2,2.26937,False,1,,,single,True,0.716191,True,A
9325,386892877,1,1892.97,1.5,3104.5,7.26934,115.164,3,11.8455,5729.8,1.72579,3,24,0,0,,127.034,763.211,0.993262,137.155,23.3274,False,False,0,1.05029,False,1,,,single,True,0.935711,True,A
9327,142941771,1,1883.8,1.5,3557.6,7.26764,4.16766,3,8.2619,7702,1.62785,3,24,0,0,3.10132,396.257,592.759,0.725702,180.035,70.6515,False,False,2,0.843979,False,1,,,single,True,0.944823,True,A
9330,95338709,1,1876.25,2,1722.5,7.26481,134.666,4,10.8337,6223.52,1.5634,3,24,0,0,2.78492,101.893,418.151,0.999139,153.44,23.2973,False,False,2,0.637673,False,1,,,single,True,0.631405,True,A
9331,8766825,1,1880.98,4,2465.88,7.26371,71.8362,8,11.6971,6517.8,1.3047,3,24,0,0,1.64407,195.295,737.325,0.916324,140.152,30.8247,False,False,2,0.975265,False,1,,,single,True,0.630455,True,A
9333,165914942,1,1891.43,6,1647.71,7.25764,107.002,11,11.7298,5780.21,1.35204,3,24,0,0,,122.343,736.297,0.995647,131.72,30.9063,False,False,4,2.85077,False,1,,,single,True,0.534056,True,A
9335,256797389,1,1883.8,1,3964.08,7.25023,3.99415,2,10.2422,7847,2.38636,3,24,0,0,6.77593,543.075,425.302,0.769747,301.208,61.2924,False,False,5,1.59418,False,1,,,single,True,1.46206,True,A
9336,117417021,1,1878.32,1,8402.92,7.24773,1.16512,2,12.9336,5530.74,0.947381,3,24,0,0,,370.207,1647.02,0.948281,132.804,24.1608,False,False,1,1.70671,True,1,,,single_partial,True,0.845079,True,B
9338,407612783,1,1897.04,1,6615.43,7.2435,17.3457,2,12.5819,5701,1.45906,3,24,0,0,,212.617,1228.43,0.882708,157.754,33.8963,False,False,3,0.768959,False,1,,,single,True,1.15481,True,A
9340,92021726,1,1874.92,2,4660.4,7.24152,102.667,4,12.628,5469,0.928472,3,24,0,0,,251.866,1292.29,0.997812,145.344,20.9842,False,False,1,1.93177,False,1,,,single,True,0.616791,True,A
9341,241187290,1,1880.89,6,2266.08,7.24051,73.997,8,12.3143,4582.83,1.38563,3,24,0,0,,176.896,1060.26,0.986768,130.288,39.2008,False,False,1,0.693938,False,1,,,single,True,0.641863,True,A
9342,88046782,1,1889.09,2,3294.53,7.24037,52.1572,4,12.1174,5997,1.60341,3,24,0,0,,160.626,917.488,0.995279,147.568,19.9707,False,False,3,1.57543,False,1,,,single,True,0.895568,True,A
9351,3715746,1,1880.62,2,4858.59,7.22543,80.4975,4,12.6228,5619.6,1.32995,3,24,0,0,,219.331,1343.1,0.993445,128.062,27.1216,False,False,1,1.98804,False,1,,,single,True,0.902086,True,A
9352,406756976,2,1897.25,1,4701.93,7.22388,12.3378,2,10.4362,6300.48,2.01317,3,24,0,0,5.6858,806.096,554.106,0.998738,156.482,46.7047,False,False,0,0.731448,False,2,,,single,True,1.34331,True,A
9356,349793453,1,1882.29,2,941.131,7.21261,40.3387,4,9.5571,6372,1.66562,3,24,0,0,,56.1584,221.548,0.997739,143.501,26.0532,False,False,0,2.08181,False,1,,,single,True,0.497231,True,A
9357,117295487,1,1897.11,1.5,6098.9,7.21229,15.6577,3,12.748,6004.47,1.05082,3,24,0,0,,243.948,1389.2,0.919042,131.259,26.1161,False,False,3,1.95053,False,1,,,single,True,0.798567,True,A
9358,166614333,1,1897.58,2,4909.3,7.21228,4.49379,4,12.4622,5645.85,0.882684,3,24,0,0,,214.194,1128.99,0.982816,136.066,31.8723,True,False,2,1.4629,False,1,,,single,True,0.601828,True,B
9359,4896231,1,1874.44,6,3247.37,7.21191,91.1665,12,12.7926,4864,0.82102,3,24,0,0,,273.655,1363.85,0.869322,148.015,31.0492,False,False,1,0.618918,False,1,,,single,True,0.455278,True,A
9360,125530316,1,1890.34,3,1414.63,7.2107,82.1602,6,10.9342,6081.48,1.3771,3,24,0,0,,85.4436,440.228,0.965727,144.851,25.4317,False,False,0,1.16282,False,1,,,single,True,0.504017,True,A
9362,302601243,1,1890.27,6,1086.57,7.20296,79.0015,12,10.8449,5603,0.871684,3,24,0,0,8.40484,106.778,441.054,0.977862,133.766,32.6739,False,False,4,1.95053,False,1,,,single,True,0.279605,True,A
9364,39052417,1,1896.81,1,2394.31,7.19978,22.9944,2,10.1628,6671.85,1.45246,3,24,0,0,1.54118,149.637,322.891,0.988989,138.783,38.0615,True,False,2,1.53792,False,1,,,single,True,0.691595,True,B
9367,85995070,1,1887.76,1.5,3793.25,7.19434,19.83,2,11.6799,6059.67,1.14023,3,24,0,0,,119.067,741.196,0.988291,138.569,23.4523,False,False,0,1.31286,False,1,,,single,True,0.683369,True,A
9368,53481079,1,1871.52,3,1322.02,7.19319,21.1666,6,10.8222,5479.3,0.856628,3,24,0,0,,69.5648,381.392,0.998951,162.576,50.7967,False,False,1,0.787714,False,1,5717.01,5717.01,single,True,0.303088,True,A
9369,20140651,1,1886.36,3,1481.59,7.1928,28.6655,6,11.3609,5461.08,0.994866,3,24,0,0,,86.024,538.958,0.997521,145.277,47.5777,False,False,2,0.5,False,1,,,single,True,0.372638,True,A
9370,67643083,1,1873.04,2,2975.14,7.19166,1.16645,3,11.4989,5458,0.931296,3,24,0,0,11.3713,541.214,631.503,0.993011,131.941,41.3587,False,False,0,0.918999,True,1,,,single_partial,True,0.494309,True,B
9384,27109947,1,1878.51,1.5,2917.2,7.17697,1.67402,3,11.5886,5543.94,1.66382,3,24,0,0,,109.562,669.009,0.991192,152.961,23.4356,False,False,1,0.806469,True,1,,,single_partial,True,0.874474,True,B
9388,86267179,1,1875.57,1.5,2032.88,7.17092,118.333,3,10.9264,6068,1.55607,3,24,0,0,,89.643,488.838,0.966175,140.283,64.2341,False,False,0,0.731448,False,1,,,single,True,0.68272,True,A
9389,288602187,1,1871.05,1,5497.22,7.16938,6.5,2,10.2789,5862,1.45958,3,24,0,0,7.13254,1471.41,620.442,0.754236,276.282,80.4673,True,False,0,0.637673,False,1,,,single,True,1.05307,True,B
9394,125528782,1,1877.86,6,3357.06,7.16431,146.839,12,12.9947,5577.03,1.05204,3,24,0,0,,272.441,1584.66,0.983514,144.749,25.8555,False,False,2,1.21908,False,1,,,single,True,0.593156,True,A
9395,241188678,1,1880.7,2,2394.57,7.16353,78.4971,4,11.3219,4438.95,0.719911,3,24,0,0,11.3713,259.953,553.679,0.98,130.412,39.1602,False,False,2,0.900244,False,1,,,single,True,0.342807,True,A
9396,117163216,1,1874.48,3,4369.11,7.1601,92.1666,6,12.1379,5305,0.87839,2,16,1,0,5.45824,1800.87,996.797,0.929773,129.611,26.8807,False,False,4,2.34439,False,1,,,single,True,0.564991,True,A
9397,172531493,1,1876.09,2,4680.48,7.15747,130.667,4,12.4515,5836.48,1.30867,3,24,0,0,8.027,309.161,1309.75,0.803168,143.103,24.4005,False,False,4,2.68198,False,1,,,single,True,0.87123,True,A
9401,284898674,1,1891.77,1,7743.07,7.15066,115.002,2,12.93,5572,1.65163,3,24,0,0,,296.897,1476.19,0.972315,132.612,31.2403,False,False,5,2.5882,False,1,,,single,True,1.41425,True,A
9408,4752448,1,1892.76,1.5,3310.59,7.14329,120.169,3,11.9682,4290,0.681421,3,24,0,0,,137.741,842.165,0.995594,145.635,34.1732,False,False,0,0.750204,False,1,,,single,True,0.381527,True,A
9409,138588540,1,1882.81,3,1075.47,7.14244,27.8362,6,8.0621,5393.86,0.735511,3,24,0,0,9.7396,589.992,134.308,0.996519,176.381,65.541,False,False,0,0.862734,False,1,1434.01,1434.01,single,True,0.234717,True,A
9411,172936025,1,1872.74,1.5,4277,7.1411,50.3333,3,10.7769,7030,2.46127,3,24,0,0,0.552453,398.679,480.311,0.944875,129.141,30.7994,False,False,2,2.10057,False,1,,,single,True,1.56634,True,A
9412,4971740,1,1872.84,1,2173.97,7.13516,52.6665,2,9.8666,5592,1.33925,3,24,0,0,0.869167,225.881,348.414,0.908462,148.866,35.0025,False,False,1,0.900244,False,1,,,single,True,0.60764,True,A
9413,99954609,1,1877.11,1.5,7751.87,7.13498,155.333,3,12.8453,6175,1.15721,3,24,0,0,0.909723,705.515,1771.16,0.96053,170.6,63.7609,False,False,0,0.5,False,1,,,single,True,0.991455,True,A
9417,139416417,1,1892.45,1.5,3607.39,7.13171,127.676,3,12.1884,5427.28,1.76929,3,24,0,0,,154.975,866.741,0.993637,153.979,33.0249,False,False,0,0.543898,False,1,,,single,True,1.03408,True,A
9419,3908215,1,1876.46,2,6178,7.13128,139.667,4,12.8224,5861.69,0.92945,3,24,0,0,,302.344,1601.76,0.946844,151.527,25.4162,False,False,1,0.95651,False,1,,,single,True,0.710898,True,A
9421,154998113,1,1872.09,2,5938.01,7.12707,34.6666,4,12.8996,6325.59,1.35503,3,24,0,0,,355.186,1595.34,0.981276,142.314,28.1098,False,False,1,1.36912,False,1,,,single,True,1.01608,True,A
9422,241259101,1,1871.08,3,4173.13,7.12488,10.6665,4,12.6244,4937.98,0.831368,3,24,0,0,,198.798,1234.75,0.996506,158.14,32.9514,True,False,0,0.5,False,1,,,single,True,0.522615,True,B
9423,17202358,1,1875.84,1,2475.44,7.12381,124.667,2,11.0304,5563.5,0.816471,3,24,0,0,0.0711091,224.123,526.058,0.994065,145.811,39.5195,False,False,1,0.95651,False,1,,,single,True,0.395298,True,A
9428,188395144,1,1890.93,1.5,6198.23,7.11276,93.8377,3,12.792,3836,0.595106,3,24,0,0,,242.768,1542.53,0.984276,130.021,37.5434,False,False,0,0.750204,False,1,,,single,True,0.455917,True,A
9433,456338399,1,1880.52,4,4251.53,7.10849,0.500978,6,12.4875,5995.5,1.28193,3,24,0,0,10.4966,397.359,1225.65,0.984034,135.469,49.2291,False,False,1,0.900244,True,1,,,single_partial,True,0.813381,True,B
9442,117410171,1,1883.36,1,7769.02,7.09286,14.8331,2,12.9374,5714.01,1.06337,3,24,0,0,,267.559,1604.89,0.946667,132.268,26.6982,False,False,2,1.95053,False,1,,,single,True,0.912063,True,A
9444,26973445,1,1894.09,1,8123.56,7.09102,1.34499,2,12.8242,5605.35,0.849754,3,24,0,0,4.54869,443.168,1637.26,0.993431,150.152,22.1255,False,False,3,2.06306,True,1,,,single_partial,True,0.745288,True,B
9448,117124765,1,1880.16,3,5278.92,7.08648,91.4982,5,12.8222,6145,1.58562,3,24,0,0,,262.466,1518.03,0.914956,129.169,27.1783,False,False,1,2.26937,False,1,,,single,True,1.12106,True,A
9449,142442239,1,1885.72,6,1983.21,7.08638,7.00446,12,11.6083,6093,1.05036,3,24,0,0,4.51728,282.278,757.947,0.994414,146.288,70.5006,False,False,1,1.89426,False,1,,,single,True,0.455177,True,A
9455,149418476,1,1875.38,1,7124.63,7.07647,113.667,2,12.5997,5727.44,1.40518,3,24,0,0,0.967788,435.132,1390.6,0.960666,140.314,28.1443,False,False,1,0.787714,False,1,,,single,True,1.15417,True,A
9456,8746241,1,1879.23,2,2342.83,7.07551,113.836,4,11.6813,5474.51,1.31076,3,24,0,0,,107.188,719.081,0.986003,139.787,31.568,False,False,0,1.21908,False,1,,,single,True,0.617377,True,A
9457,3714948,1,1890.08,1,2443.56,7.07371,74.0042,2,10.3453,6581,1.65639,3,24,0,0,2.13212,137.778,333.63,0.96686,128.049,29.9168,False,False,2,1.05029,False,1,,,single,True,0.796767,True,A
9458,165891517,1,1883.39,2,4463.33,7.07295,13.9985,4,12.4311,5041,0.834122,3,24,0,0,11.3019,500.102,1157.77,0.987239,131.659,32.6084,False,False,2,2.17559,False,1,,,single,True,0.542271,True,A
9461,3755957,1,1882.68,2,2009.7,7.06824,30.9978,4,11.1658,5936,1.98047,3,24,0,0,,112.519,524.502,0.995236,128.48,27.1189,False,False,0,2.06306,False,1,,,single,True,0.863954,True,A
9466,308027892,1,1875.29,2,1548.61,7.0608,111.667,4,11.0171,6464.64,1.48246,3,24,0,0,,93.6854,467.109,0.998252,150.319,25.8479,False,False,1,1.23784,False,1,,,single,True,0.567691,True,A
9467,284895375,1,1891.6,1,3728.79,7.05898,110.502,2,11.4148,5521.97,1.06654,3,24,0,0,3.37235,343.6,617.392,0.98118,132.326,31.7472,False,False,5,2.5882,False,1,,,single,True,0.633751,True,A
9474,88096159,1,1882.59,1.5,5274.11,7.0448,33.175,3,12.4333,5530,2.45087,3,24,0,0,,185.801,1184.07,0.967157,148.211,22.3129,False,False,4,2.00679,False,1,,,single,True,1.73202,True,A
9476,409275212,1,1881.22,1.5,3853.99,7.04095,66.1696,3,12.2967,6437.2,1.77631,3,24,0,0,,166.283,1050.75,0.994096,145.973,42.138,False,False,0,0.5,False,1,,,single,True,1.07308,True,A
9478,4895805,1,1875.31,2,1662.97,7.03586,112.167,4,10.7368,6022.61,0.983422,3,24,0,0,,75.1655,409.815,0.994103,147.792,31.0464,False,False,0,0.600163,False,1,,,single,True,0.390247,True,A
9484,17303011,1,1874.48,3,3467.94,7.02377,92.1665,6,12.5672,5537,0.869246,3,24,0,0,,177.4,1191.63,0.975405,160.976,41.6638,False,False,1,0.581408,False,1,,,single,True,0.498122,True,A
9488,331945249,1,1871.17,1,6100.68,7.01813,12.6666,2,12.6224,5133.97,0.769808,3,24,0,0,,300.825,1245.74,0.959149,151.706,32.5574,True,False,0,0.506387,False,1,,,single,True,0.585099,True,B
