rank,tic,rank_in_star,t0,duration_h,depth_ppm,snr,edge_dist_h,n_in,tmag,teff,radius,window_d,max_dur_h,long_limited,hf_variable,var_period_d,var_amp_ppm,sigma_pt_ppm,crowdsap,ra,dec,crowded_time_bin,common_mode,n_coincident,n_coincident_expected,partial,n_dips_star,toi_match,toi_host,category,candidate,rp_rjup,planet_sized,tier
3,236771723,1,2619.3,4,316621,1685.89,55.665,24,11.3936,6495,1.85245,3,24,0,0,5.74896,238.322,928.819,0.992213,274.325,71.1467,False,False,2,1.46977,False,1,,,single,True,10.1432,False,B
7,198239685,1,2629.13,6,263575,1456.69,88.6605,35,11.2781,5986,1.63089,3,24,0,0,8.48394,1102.44,900.996,0.950014,249.231,60.3969,False,False,0,0.754224,False,1,,,single,True,8.14768,False,B
11,198382838,1,2628.02,4,192987,1392.24,62.1606,24,9.94752,5180,1.32,2.5,20,1,0,4.11857,817.845,498.628,0.98229,257.532,58.4078,False,False,0,0.908937,False,1,,,single,True,5.64281,False,B
22,198211503,1,2626.12,8,128866,1254.87,16.4968,48,10.4527,6120,2.01147,3,24,0,0,9.82113,303.48,573.458,0.998523,248.157,65.769,False,False,3,0.83158,False,2,,,single,True,7.02653,False,B
23,150395683,1,2631.93,2,281176,1192.19,97.3438,12,10.3398,5412.92,1.42701,3,24,0,0,10.7265,2839.51,532.341,0.998797,194.154,55.5844,False,False,1,1.04431,False,1,,,single,True,7.36332,False,B
24,165316140,1,2632.84,8,205043,1188.18,75.5077,48,11.4346,5377.78,1.00132,3,24,0,0,13.0245,671.613,968.38,0.99851,158.008,25.3627,False,False,0,1.19902,False,1,,,single,True,4.41217,False,B
27,9339921,1,2634.43,8,337312,1171.15,37.3273,44,11.9674,6026.47,1.66026,3,24,0,0,13.0033,885.545,1374.75,0.963552,149.889,41.959,False,False,1,1.14101,False,2,,,single,True,9.38317,False,B
28,153949668,1,2627.62,12,146205,1163.84,52.5013,72,11.3574,6129,2.39123,3,24,0,0,12.7638,1030.19,1010.54,0.936972,172.74,65.9559,False,False,1,0.966954,False,1,,,single,True,8.89734,False,B
29,16220912,1,2616.49,6,263953,1142.26,123.336,36,11.655,5552.53,1.1969,3,24,0,0,13.0034,1080.27,1095.69,0.99787,153.515,36.5946,False,False,1,0.792902,False,1,,,single,True,5.98383,False,B
72,125527530,1,2627.54,6,134013,747.528,31.3343,36,10.8947,5503.98,1.43165,3,24,0,0,5.21551,313.383,751.016,0.989339,144.596,29.3395,False,False,4,2.26267,False,1,,,single,True,5.09997,False,B
87,160268302,1,2629.69,4,233750,710.198,61.1711,23,12.0719,5894,1.41945,3,24,0,0,3.00429,306.867,1400.48,0.972587,182.467,75.1306,False,False,3,1.66316,False,1,,,single,True,6.67811,False,B
89,153950598,1,2632.37,12,198145,683.128,86.6584,72,12.6386,5882,1.05632,3,24,0,0,4.14462,427.902,1977.73,0.980463,173.2,70.9827,False,False,1,1.04431,False,2,,,single,True,4.57556,False,B
90,230396307,1,2632.86,4,186043,670.862,74.9982,23,11.6975,6124,1.3278,3,24,0,0,4.03673,631.725,1223.31,0.961097,286.611,61.8251,False,False,2,2.37871,False,2,,,single,True,5.5731,False,B
97,147624281,1,2634.52,8,242703,623.673,35.1779,47,12.7906,5109.17,1.20604,3,24,0,0,8.54645,1280.73,2310.84,0.919642,197.424,55.8798,False,False,0,0.502816,False,1,,,single,True,5.78172,False,B
100,138665546,1,2630.76,8,334179,600.488,109.171,48,11.9489,6528.84,2.80455,1.25,10,1,0,4.81427,4225.65,1477.31,0.989611,136.618,25.1267,False,False,0,1.72118,False,4,,,single,True,15.7765,False,B
103,329351474,1,2620.48,1.5,477367,591.298,19.6712,9,8.3178,5342,1.04966,2,16,1,0,7.51444,3116.48,569.475,0.327841,270.077,52.8544,False,False,1,1.19902,False,3,,,single,True,7.0572,False,B
129,219433150,2,2618.2,6,246548,533.767,82.1666,36,12.6184,6208,1.61539,3,24,0,0,7.97739,965.684,2096.69,0.981501,204.734,72.812,False,False,1,1.00563,False,4,,,single,True,7.80523,False,B
141,142865103,1,2634.45,4,87308.3,525.077,36.8259,24,10.4932,6203,2.20774,3,24,0,0,12.4269,307.68,613.184,0.957225,175.661,70.6618,False,False,1,0.85092,False,1,,,single,True,6.34794,False,B
150,53566790,1,2633.01,6,46400.2,512.964,71.3431,36,10.2357,5321,0.959997,3,24,0,0,12.8058,380.733,520.404,0.998703,182.289,50.2234,False,False,1,0.502816,False,1,,,single,True,2.01227,False,B
153,232521510,1,2620.39,16,53052.6,510.303,29.4996,96,11.1954,6185,1.66806,3,24,0,0,12.7638,534.619,831.971,0.996998,192.878,71.9953,False,False,0,0.908937,False,1,,,single,True,3.73872,False,B
154,258393574,1,2629.65,4,137747,509.973,87.1712,24,10.7962,6092,2.54575,3,24,0,0,11.3761,1829.15,700.825,0.945223,297.57,61.9261,False,False,3,1.66316,False,1,,,single,True,9.19421,False,B
155,288525633,1,2613.21,6,133060,508.154,49.6667,35,10.8989,6431,2.31943,3,24,0,0,12.4234,868.132,766.743,0.941172,275.124,78.6439,False,False,1,1.43109,False,4,,,single,True,8.23308,False,B
157,252791409,1,2632.59,1.5,171341,504.161,81.5014,9,7.545,6288.09,1.49214,1,8,1,0,3.06879,2086.18,301.785,0.999914,164.416,47.7581,False,False,0,0.696207,False,5,,,single,True,6.01033,False,B
198,236773041,1,2627.13,4,299123,476.86,26.668,24,12.2135,5629,1.18798,3,24,0,0,11.3762,3577.73,1563.16,0.969118,274.367,67.5456,True,False,1,1.04431,False,3,,,single,True,6.32254,False,B
265,148914403,1,2617.33,3,128503,407.184,57.6662,18,7.99381,6129.34,2.09802,0.5,4,1,0,2.40827,6237.33,259.354,0.999097,187.183,68.9202,False,False,1,1.00563,False,6,,,single,True,7.31853,False,B
280,356340346,1,2634.2,1,386302,400.401,42.8459,6,8.1517,6898,4.23211,0.5,4,1,0,6.38208,27457.6,418.797,0.995421,268.365,52.3855,False,False,1,1.12167,False,9,,,single,True,25.5963,False,B
288,310995456,1,2611.74,1,211148,396.098,32.6667,6,11.2642,4588,1.01232,2,16,1,0,10.6714,6169.4,866.875,0.973629,203.616,60.2774,True,False,0,0.657529,False,1,,,single,True,4.52657,False,B
314,166151015,1,2611.94,1.5,376513,380.532,37,9,12.6246,5697,1.26591,2.5,20,1,0,12.7918,7203.21,1902.97,0.983844,216.118,63.3978,False,False,1,1.31506,False,2,,,single,True,7.55875,False,B
316,159162060,1,2615.97,2,388996,380.056,135.673,12,12.7301,5587.76,1.36443,1,8,1,0,2.18165,1588.88,2294.72,0.978151,199.62,57.8025,False,False,0,0.502816,False,1,,,single,True,8.28097,False,B
409,288525509,1,2627.42,4,191848,351.127,29.0061,24,12.4872,6272,2.70126,0.75,6,1,0,2.53184,2191.82,1835.53,0.939602,274.969,78.3157,True,False,3,1.48911,False,2,,,single,True,11.5134,False,B
439,229674420,1,2613.43,4,107439,328.394,55.8333,24,11.8842,5712,1.50923,0.75,6,1,0,2.14498,1811.93,1171.01,0.996411,252.729,74.3106,False,False,5,1.50845,False,2,,,single,True,4.81386,False,B
445,307761357,1,2629.49,3,52259.8,325.79,80.1607,13,9.8519,5908.55,2.76159,3,24,0,0,8.15544,311.044,430.041,0.99715,159.756,34.9035,False,False,0,0.889598,False,1,,,single,True,6.14328,False,B
463,154069246,1,2629.01,2,303738,319.909,85.333,12,12.8743,5193,1.05876,1.25,10,1,0,2.50272,1469.44,2225.65,0.966142,208.111,71.2277,False,False,0,0.986293,False,1,,,single,True,5.67812,False,B
497,424439457,1,2613.61,1,209033,304.957,64.5,6,11.0815,4870,0.866831,2.5,20,1,0,8.35418,2768.38,847.026,0.981333,279.432,61.9706,False,False,0,1.35374,False,3,,,single,True,3.85655,False,B
503,147938894,1,2630.15,3,184710,303.313,113.17,18,12.3976,6344,3.11417,1.25,10,1,0,3.03898,1616.26,1720.68,0.997631,166.67,68.2961,False,False,2,1.27638,False,2,,,single,True,13.024,False,B
508,1102119,1,2620.17,1,398785,302.184,35.0059,6,12.6627,6305,1.55933,3,24,0,0,13.0626,1987.84,2299.29,0.973106,155.297,25.3684,False,False,5,1.75986,False,2,,,single,True,9.58219,False,B
621,287270568,1,2619.09,2,314861,271.442,60.8313,12,12.882,3791,0.590754,3,24,0,0,4.81963,1357.28,2929.34,0.886802,155.494,61.1062,False,False,0,0.908937,False,1,,,single,True,3.2257,False,B
627,105513126,1,2633.95,4,110888,263.974,48.8279,24,11.3628,6453.4,2.47888,3,24,0,0,12.7568,1577.86,929.695,0.997742,152.642,45.3017,False,False,0,0.657529,False,2,,,single,True,8.0326,False,B
697,148967558,1,2634.85,2,224044,241.66,27.3336,12,12.7024,5941,1.70539,3,24,0,0,12.8195,1856.17,2140.76,0.955844,191.444,66.2869,False,False,1,0.5,False,3,,,single,True,7.85504,False,B
777,159466872,1,2632.1,3,171602,223.417,93.1546,18,12.9641,3527,0.490982,3,24,0,0,3.92462,678.559,2689.9,0.966595,245.047,82.674,False,False,2,1.43109,False,1,,,single,True,1.97918,True,A
928,8246778,1,2632.56,2,116823,198.079,82.3376,11,12.3838,6069.58,1.66618,3,24,0,0,13.0487,565.582,1688.61,0.997072,161.513,38.7759,False,False,1,0.580172,False,1,,,single,True,5.54171,False,B
974,233637676,1,2635,4,90869,194.139,22.8351,24,11.4979,5639.53,1.04676,3,24,0,0,13.0382,1287.47,1076.54,0.996514,156.369,35.5319,False,False,0,0.5,False,1,,,single,True,3.07052,False,B
979,95836684,1,2615.99,3,83146.1,192.854,135.342,18,11.3858,5674,1.05138,3,24,0,0,10.8943,900.274,1028.88,0.997722,161.816,22.9183,False,False,0,0.541494,False,2,,,single,True,2.95011,False,B
981,141150175,1,2619.99,3,123344,192.667,39.3414,16,12.2314,5308.67,1.34266,1.5,12,1,0,3.21361,1543.8,1576.1,0.931149,179.085,44.5626,False,False,0,0.696207,False,2,,,single,True,4.58863,False,B
989,237214300,1,2632.52,3,109297,189.943,82.9882,18,11.537,5743,1.01238,3,24,0,0,5.12287,690.847,1196.28,0.898662,295.007,74.6734,False,False,3,1.16034,False,2,,,single,True,3.2569,False,B
1020,321415900,1,2611.18,1,71272.9,185.478,3.3344,6,7.02099,6818.29,2.25428,3,24,0,0,5.43698,895.508,166.901,0.992923,163.687,36.7588,True,False,1,1.10233,False,2,,,single,True,5.85636,False,B
1044,307988813,1,2629.72,3,91632.1,180.845,85.9981,18,11.8906,4671.47,0.942195,3,24,0,0,12.8333,659.999,1321.55,0.997584,149.505,29.5524,False,False,0,0.85092,False,2,,,single,True,2.77538,False,B
1059,219752760,1,2621.43,1.5,142976,177.22,3.83071,9,11.8954,6313,1.53602,1.25,10,1,0,3.48865,1895.25,1351.25,0.926286,261.237,62.3084,True,False,0,1.10233,False,2,,,single,True,5.6518,False,B
1089,17238865,1,2628.48,2,108552,172.053,56.1677,12,11.8032,6018,1.3633,3,24,0,0,12.8228,856.032,1328.84,0.892645,147.062,36.3409,False,False,3,2.1273,False,1,,,single,True,4.37087,False,B
1103,219113068,1,2630.35,1,191587,169.741,100.002,6,12.6205,5593,1.56969,3,24,0,0,7.77556,1288.27,1956.32,0.980865,271.931,69.9706,False,False,1,1.48911,False,1,,,single,True,6.68582,False,B
1137,297906975,1,2616.2,4,114074,166.745,120,24,12.5368,5634.85,1.63783,3,24,0,0,6.88452,1320.94,2302.49,0.974052,148.54,53.5275,False,False,2,1.16034,False,1,,,single,True,5.38295,False,B
1201,147993277,1,2617.4,6,26087.5,160.255,101.498,36,10.3444,6394,2.20421,3,24,0,0,10.593,155.378,557.522,0.964952,170.305,69.6789,False,False,0,1.43109,False,2,,,single,True,3.46439,False,B
1239,356541551,1,2634.99,4,182865,153.922,23.8228,24,12.7964,5855,1.43463,3,24,0,0,12.5102,2831.9,2637.51,0.872277,153.759,60.6319,False,False,0,0.889598,False,1,,,single,True,5.96984,False,B
1285,159296456,1,2631.3,1.5,85363.6,149.807,112.488,9,11.6886,5274,1.1353,2.5,20,1,0,9.8075,4527.55,1179.2,0.955716,228.953,82.681,False,False,0,1.14101,False,3,,,single,True,3.22778,False,B
1306,136950041,1,2633.85,6,36658.1,147.309,51.3391,36,11.5393,6058.54,1.91408,3,24,0,0,12.8404,495.922,1093.18,0.947044,173.92,49.7418,False,False,0,0.5,False,2,,,single,True,3.56617,False,B
1317,82223359,1,2634.91,1,136503,143.549,25.8347,6,12.5105,5952,1.39549,3,24,0,0,12.9445,354.558,2109.47,0.986773,150.837,24.6737,False,False,4,0.986293,False,1,,,single,True,5.01713,False,B
1318,258954036,1,2633.8,3,121301,143.332,52.3269,18,12.2759,5702,0.945216,2,16,1,0,8.44236,3629.93,1696.67,0.986611,289.064,68.4696,False,False,4,2.28201,False,2,,,single,True,3.20347,False,B
1336,357128110,1,2611.2,1,126286,141.011,3.33345,6,11.2586,6118,2.19171,2,16,1,0,3.99201,1224.52,881.532,0.990225,275.419,56.8392,True,False,5,1.39241,False,2,,,single,True,7.57912,False,B
1338,232540248,1,2620.52,3,106040,140.933,26.5008,18,12.1551,6149,2.89529,3,24,0,0,11.6035,988.212,1507.33,0.994531,228.004,71.9402,False,False,2,0.792902,False,1,,,single,True,9.17453,False,B
1358,224289728,1,2618.65,1.5,219554,136.82,71.338,9,12.8747,6345.63,1.43029,2.5,20,1,0,5.57372,2047.78,2542.05,0.9719,183.084,56.5459,False,False,3,1.16034,False,3,,,single,True,6.52157,False,B
1361,99817011,1,2610.69,3,233915,135.943,4.50004,18,11.8814,6624,2.15057,0.75,6,1,0,4.19208,13165.9,3373.97,0.826696,163.815,62.7661,True,False,4,1.19902,False,5,,,single,True,10.1214,False,B
1367,354034874,1,2627.98,4,109818,133.748,44.1583,24,12.9269,5955.95,1.52113,3,24,0,0,4.74931,1033.36,2783.95,0.93926,189.536,53.3609,False,False,1,0.676868,False,2,,,single,True,4.90524,False,B
1389,8853239,1,2629.06,4,59240.6,131.206,64.5026,24,11.011,5660.63,1.57649,3,24,0,0,9.55114,463.701,788.786,0.987612,142.369,31.2824,False,False,2,2.35937,False,2,,,single,True,3.73386,False,B
1416,219892238,1,2616.18,4,50687.8,127.215,130.668,24,11.8607,5673,0.92398,3,24,0,0,7.51024,774.475,1198.27,0.963994,262.586,66.1665,False,False,1,0.870259,False,1,,,single,True,2.02429,False,B
1418,453426743,1,2630.79,3,62251.7,126.686,110.005,18,12.2559,6291.82,2.00867,3,24,0,0,6.98096,603.092,1816.99,0.952766,146.278,50.7339,False,False,1,0.63819,False,1,,,single,True,4.87688,False,B
1551,235717325,1,2617.89,2,43029,114.99,89.6639,12,11.3326,6013,1.55782,3,24,0,0,6.2204,604.298,839.634,0.995877,255.041,78.037,False,False,3,0.889598,False,1,,,single,True,3.14453,False,B
1626,1102117,1,2620.27,1,88928.6,107.565,32.5059,6,12.2529,6016,1.1626,3,24,0,0,,211.527,1823.19,0.815173,155.261,25.3628,False,False,4,1.79853,False,1,,,single,True,3.37372,False,B
1631,1095341,1,2618.61,2,34183.5,107.408,72.3392,12,10.8655,5712.11,2.07881,3,24,0,0,13.0661,199.802,747.115,0.97676,154.841,24.8544,False,False,1,1.74052,False,1,,,single,True,3.74008,False,B
1687,51271205,1,2627.85,4,88025.7,103.428,40.991,24,12.3716,5686.62,1.5624,3,24,0,0,9.17676,2390.43,1880.37,0.982795,192.721,53.4032,False,False,1,0.5,False,3,,,single,True,4.51081,False,B
1708,3908295,1,2632.6,1,50532.5,101.514,0.663093,6,11.281,5411.95,2.11699,3,24,0,0,13,575.365,965.7,0.994302,151.646,24.8479,False,False,4,1.17968,True,1,,,single_partial,True,4.63086,False,B
1711,115809615,1,2612.44,6,33438.5,101.072,0.66727,22,11.6711,5415.64,0.856425,3,24,0,0,13.0033,2833.02,1197.21,0.892819,150.377,43.0714,False,False,1,1.16034,True,2,,,single_partial,True,1.52395,True,B
1712,219088686,1,2617.64,2,66834.1,101.011,95.6666,12,12.5657,6488,1.84726,3,24,0,0,5.65498,475.047,1885.3,0.900158,268.462,67.7161,False,False,1,1.31506,False,1,,,single,True,4.64713,False,B
1715,138689000,1,2611.5,3,71187,99.3242,0.333266,11,12.2764,6501.47,1.24574,2.5,20,1,0,12.8331,6710.98,1799.38,0.924104,136.866,28.9334,True,False,1,1.37307,True,1,,,single_partial,True,3.23434,False,B
1736,154492133,1,2613.73,2,10715.6,96.5799,67.5,12,9.3054,6239,2.1602,3,24,0,0,7.37328,135.054,327.891,0.991122,186.635,73.7301,False,False,1,1.72118,False,1,,,single,True,2.176,False,B
1737,105506409,1,2617.43,1.5,58305,96.4983,0.665934,9,12.5249,4653.32,0.943907,3,24,0,0,,205.547,1981.5,0.986472,148.749,43.1077,False,False,1,1.08299,True,1,,,single_partial,True,2.21789,False,B
1774,417734853,1,2613.48,1,126957,91.753,55.3333,6,8.85202,6347,2.84346,3,24,0,0,8.93586,1586.74,289.578,0.975018,299.509,67.861,False,False,2,2.18532,False,3,,,single,True,9.859,False,B
1790,199572139,1,2619.6,2,61740.8,90.2944,48.5055,12,11.9904,5858,2.07317,2.5,20,1,0,6.71796,1808,1291.58,0.958895,241.543,60.6678,False,False,2,0.792902,False,1,,,single,True,5.01278,False,B
1798,362104293,1,2633.75,1.5,30636.2,89.3555,53.4988,8,10.1096,5047,0.807878,3,24,0,0,12.4409,468.032,515.706,0.995016,268.208,68.455,False,False,3,1.46977,False,2,,,single,True,1.37601,True,A
1800,241191716,1,2628.02,2,86178.5,89.2265,48.4947,11,12.7562,5580.22,0.827541,3,24,0,0,8.69449,1294.89,2487.58,0.906331,153.083,25.0673,False,False,1,1.6825,False,1,,,single,True,2.36399,False,B
1811,441658804,1,2619.97,1,58938.1,88.1421,39.6734,6,11.5538,6047.47,1.48313,3,24,0,0,8.53952,1938.99,1031.65,0.992551,210.161,58.5596,False,False,0,0.5,False,1,,,single,True,3.50376,False,B
1830,166150853,1,2611.25,1.5,58655.8,85.7543,20.5,8,11.1918,5717,1.76708,2,16,1,0,3.87736,1072.92,813.737,0.994621,216.206,64.2861,True,False,5,1.66316,False,1,,,single,True,4.16456,False,B
1844,259231975,1,2618.11,2,40078.3,84.5655,84.163,12,12.0137,5824,1.8919,3,24,0,0,10.0201,735.352,1323.69,0.968371,292.773,71.0729,False,False,1,1.43109,False,1,,,single,True,3.68562,False,B
1851,117418233,1,2626.95,6,30661.1,83.4357,19.1712,36,12.6043,5619.17,0.998245,0.75,6,1,0,0.897418,642.264,2139.61,0.97911,137.693,29.3548,True,False,1,1.56647,False,1,,,single,True,1.70094,True,B
1898,26971124,1,2611.15,3,73036.7,80.3701,26.8333,18,12.7838,6290.1,1.59699,3,24,0,0,12.9792,1476.32,2548.12,0.975526,149.898,22.734,True,False,0,1.60514,False,1,,,single,True,4.19981,False,B
1904,3902872,1,2629.77,1,56808.4,80.2994,86.8299,6,11.5197,5495.13,1.07476,2.5,20,1,0,4.91454,1111.48,1125.65,0.979375,151.286,28.2951,False,False,1,1.21836,False,2,,,single,True,2.49273,False,B
1930,165282032,1,2616.45,1.5,63273.5,79.5779,124.34,9,12.6213,5069,0.76282,3,24,0,0,10.0375,402.562,2160.32,0.995533,156.437,25.4533,False,False,3,1.52779,False,1,,,single,True,1.8672,True,A
1947,17193496,1,2630.54,1.5,69405.1,78.6437,106.669,9,12.7401,3561,0.605267,3,24,0,0,8.08582,595.264,2356.81,0.995306,145.509,39.939,False,False,1,1.83721,False,2,,,single,True,1.55167,True,A
1953,105483271,1,2632.11,1,49637,77.9488,92.9892,6,12.0849,5916.32,1.05788,3,24,0,0,,211.71,1434.37,0.993029,143.83,42.4985,False,False,0,1.99193,False,1,,,single,True,2.29349,False,B
1962,230114503,1,2633.66,3,48088.5,77.4628,55.8339,18,11.2445,5800,2.32857,2,16,1,0,12.5382,9068,910.058,0.937898,248.783,69.9404,False,False,2,0.5,False,3,,,single,True,4.96898,False,B
1965,202351301,1,2613.52,3,80692.5,77.373,76.3333,18,12.6652,4479,1.04583,2.5,20,1,0,8.01661,2643.13,2011.18,0.935864,234.921,63.0274,False,False,0,0.928276,False,1,,,single,True,2.89091,False,B
1973,417851290,1,2610.67,3,151023,76.8699,4.66667,18,11.729,5888,1.82975,1.25,10,1,0,5.71332,9383.79,3064.53,0.995174,161.195,60.5286,True,False,3,1.7792,False,4,,,single,True,6.91943,False,B
1983,154106090,1,2626.96,24,11548.9,76.1332,33.8329,144,12.5847,3669,0.516899,3,24,0,0,3.64682,447.454,1921.31,0.989101,210.999,71.4348,True,False,2,0.5,False,2,,,single,True,0.540548,True,B
1990,239198203,1,2628.91,2,43540.5,75.8505,66.499,12,12.4145,4739.58,0.737339,3,24,0,0,3.76836,351.237,1851.54,0.99806,146.858,27.3942,False,False,1,1.97259,False,1,,,single,True,1.49717,True,A
2005,233211759,1,2615.08,2,49420.7,74.6587,95.5,12,12.5095,3489,0.322907,3,24,0,0,3.55455,426.888,1798.34,0.954908,266.773,70.7796,False,False,5,1.6825,False,2,,,single,True,0.698537,True,A
2008,366514799,1,2633.11,2,26279,74.282,68.9887,12,11.619,6417,2.79683,3,24,0,0,10.428,428.423,1139.88,0.922548,302.091,68.7062,False,False,1,2.22399,False,1,,,single,True,4.41192,False,B
2032,126369442,1,2635,3,47194.2,73.0042,23.6541,18,11.308,5980.95,1.31469,3,24,0,0,7.71047,1733.54,1035.79,0.985448,136.073,24.4258,False,False,0,1.3344,False,1,,,single,True,2.77923,False,B
2099,165368786,1,2611.94,1.5,68126.7,70.4029,47,9,12.8076,5913.78,1.18788,3,24,0,0,13.0036,751.435,2356.04,0.996548,158.617,27.832,False,False,0,0.754224,False,1,,,single,True,3.01709,False,B
2109,139415069,1,2633.59,6,11265.3,69.5853,57.6685,36,11.6887,5874.9,1.06172,3,24,0,0,,158.748,1120.1,0.98147,153.909,30.6561,False,False,0,0.599511,False,1,,,single,True,1.09658,True,A
2144,159397467,1,2611.3,4,38765,68.0928,10.3333,24,11.5275,5713,1.6534,3,24,0,0,7.84924,1125,1146.11,0.939488,237.17,82.2259,True,False,3,1.72118,False,2,,,single,True,3.16778,False,B
2164,56939500,1,2629.58,2,76865.8,67.092,82.1583,12,10.911,5700.14,2.37312,2,16,1,0,5.84605,2176.13,731.282,0.998936,172.662,42.8138,False,False,0,0.63819,False,1,,,single,True,6.40242,False,B
2230,241195276,1,2627.08,1.5,61704.8,64.937,0.327849,7,12.6493,5689,0.813835,3,24,0,0,13.0487,1226.29,2301.65,0.888207,153.387,25.1511,True,False,2,1.74052,True,1,,,single_partial,True,1.96722,True,B
2239,160333759,1,2620.11,3,43674.6,64.6585,36.5051,18,12.494,5846.15,1.30269,3,24,0,0,5.92964,644.607,1847.25,0.998662,155.933,30.2779,False,False,0,0.773563,False,1,,,single,True,2.64919,False,B
2240,27069388,1,2610.51,2,26873,64.5065,16,12,12.0123,6144.16,1.72407,3,24,0,0,13.073,347.307,1432.76,0.987182,152.071,20.7315,True,False,3,1.89523,False,1,,,single,True,2.75024,False,B
2241,302666461,1,2620.15,4,36278.2,64.4953,35.5009,24,11.736,6143.42,2.34014,3,24,0,0,4.91717,874.529,1107.84,0.993354,162.917,55.5308,False,False,1,0.870259,False,2,,,single,True,4.33733,False,B
2280,105508235,1,2616.43,1,14209.8,62.8176,0.500828,6,10.4996,6621.26,1.63748,3,24,0,0,7.64901,150.265,581.15,0.959309,149.05,43.1136,False,False,1,1.06365,True,1,,,single_partial,True,1.89945,True,B
2295,105505964,1,2617.95,3,53473.6,62.2208,0.332688,11,12.7661,5690.9,1.12648,3,24,0,0,13.0033,3641.89,2291.42,0.949233,148.571,43.1168,False,False,0,1.19902,True,1,,,single_partial,True,2.53484,False,B
2314,3960185,1,2631.15,1,46401.6,61.346,116.002,6,12.1344,4471.2,0.821336,3,24,0,0,0.978231,252.909,1622.26,0.956746,152.077,24.9409,False,False,1,1.54713,False,1,,,single,True,1.72165,True,A
2320,1096885,1,2621.17,1.5,70877.4,61.1957,11.0058,9,12.9603,5340.69,1.82699,3,24,0,0,13.0626,857.648,2872.76,0.995345,154.972,25.3465,False,False,2,1.83721,False,1,,,single,True,4.73312,False,B
2325,149918366,1,2610.76,6,41579.7,61.1152,1.50004,28,12.0424,6253,1.09106,0.75,6,1,0,3.22023,3756.04,1824.12,0.983505,160.964,60.3334,True,False,3,1.75986,True,4,,,single_partial,True,2.16494,False,B
2357,99817973,1,2610.81,6,195369,60.1808,0.500034,22,12.0929,6125,0.963169,0.75,6,1,0,4.19208,22616.5,5244.87,0.992332,164.055,62.9363,True,False,4,1.14101,True,5,,,single_partial,True,4.14274,False,B
2441,82247390,1,2634.38,1,77692.7,57.0909,0.335671,6,12.3671,5829.17,0.91981,3,24,0,0,12.9479,1345.63,1904.81,0.99004,151.011,24.7087,False,False,0,1.06365,True,1,,,single_partial,True,2.49486,False,B
2446,165288640,1,2614.65,4,42344.8,56.902,0.503479,15,12.7792,5728.35,1.24415,3,24,0,0,13.0383,3314.54,2463.97,0.988175,156.925,25.4342,False,False,1,1.35374,True,2,,,single_partial,True,2.49132,False,B
2465,1097359,1,2621.09,1.5,54728.6,56.0137,0.494265,8,12.447,3975.03,0.731213,3,24,0,0,12.0591,2969.19,1903.28,0.990299,155.03,25.3321,False,False,1,1.7792,True,3,,,single_partial,True,1.66459,True,B
2474,105487579,1,2630.79,1.5,67604.8,55.7699,0.172935,6,12.9101,5278,0.981911,3,24,0,0,12.9998,6571.77,2560.7,0.986499,144.322,42.5953,False,False,1,2.04994,True,2,,,single_partial,True,2.48438,False,B
2487,335964512,1,2625.76,8,15033.2,55.3248,7.99312,48,11.9014,6245.48,1.15708,3,24,0,0,10.6455,914.15,1300.6,0.963372,265.743,53.5696,False,False,2,1.93391,False,1,,,single,True,1.38053,True,A
2488,159189161,1,2613.33,1,31311.9,55.2807,72.3333,6,12.0383,5515,1.26915,3,24,0,0,,151.116,1380.46,0.993112,200.952,59.7827,False,False,0,0.5,False,1,,,single,True,2.18537,False,B
2492,230128439,1,2614.74,4,50082.4,55.0264,89.3333,15,12.1777,5894,1.91097,0.75,6,1,0,5.44536,13571,1441.7,0.984651,251.602,69.1622,False,False,2,0.676868,False,2,,,single,True,4.16154,False,B
2509,88004101,1,2634.76,1.5,18973.9,53.4399,29.4979,9,11.4865,6264,1.22639,3,24,0,0,,155.689,1032.34,0.993412,146.837,23.4535,False,False,1,1.83721,False,1,,,single,True,1.64386,True,A
2519,157999789,1,2615.37,1,34636.8,52.7843,118,6,9.24194,6161,1.29609,2,16,1,0,4.11731,1305.88,543.485,0.925346,213.508,81.821,False,False,1,0.618851,False,1,,,single,True,2.34726,False,B
2520,230065191,1,2618.41,6,29825.7,52.7707,77.0019,36,12.6348,6096,1.10967,3,24,0,0,12.8056,343.316,2102.67,0.994731,230.228,69.5377,False,False,1,0.63819,False,1,,,single,True,1.86486,True,A
2525,21499327,1,2629.26,3,53256.2,52.3365,75.9999,18,11.6963,5747,1.31402,2.5,20,1,0,7.21831,2644.69,1103.11,0.945454,148.765,36.0637,False,False,2,1.74052,False,2,,,single,True,2.95083,False,B
2562,159290668,1,2625.62,1.5,22169.7,51.082,3.83827,9,7.9428,5285,0.814436,2.5,20,1,0,9.11444,3498.32,171.306,0.998666,229.038,80.4227,False,False,1,0.83158,False,2,,,single,True,1.18003,True,A
2585,286713983,1,2614.59,6,171845,50.5416,102.5,23,12.7465,5699,1.13388,0.75,6,1,0,2.16747,9971.14,8434.01,0.81936,142.893,22.8684,False,False,2,2.49474,False,6,,,single,True,4.57397,False,B
2602,14900161,1,2635.83,1.5,25430.9,50.1466,3.67307,9,8.731,5753,0.867135,1.25,10,1,0,13.0453,29012.8,775.357,0.534374,159.866,31.705,True,False,5,1.81787,False,5,,,single,True,1.34563,True,B
2630,95472370,1,2614.55,8,29036.2,49.4312,4.82992,43,12.2094,6138,1.62358,1,8,1,0,2.90435,2173.05,1745.14,0.983012,155.989,22.5827,False,False,0,0.870259,True,3,,,single_partial,True,2.69216,False,B
2666,17238959,1,2626.96,3,11561.6,48.4834,20.8342,18,10.9771,5941,2.55954,3,24,0,0,3.38264,262.52,755.147,0.99833,147.148,35.9922,True,False,0,2.1273,False,1,,,single,True,2.67811,False,B
2680,87974611,1,2635.59,4,19773.9,48.2971,9.66439,24,11.7799,5737,0.906533,3,24,0,0,12.8333,1280.8,1382.42,0.90655,146.627,23.5269,True,False,7,2.04994,False,1,,,single,True,1.24047,True,B
2684,156512187,1,2621.16,4,29834.5,48.2507,11.1646,24,12.9092,5725,0.909565,3,24,0,0,6.9868,561.009,2508.64,0.888699,221.074,77.9461,False,False,0,0.618851,False,1,7018.01,7018.01,single,True,1.5288,True,A
2702,156462190,1,2625.79,8,18666.3,47.8625,8.00026,48,12.6422,5611,0.803097,3,24,0,0,9.81834,1073.43,2053.02,0.975301,217.119,72.8379,False,False,3,0.947615,False,2,,,single,True,1.06771,True,A
2710,149441570,1,2631.08,1.5,56910.8,47.5684,0.329041,7,12.7389,3570,0.567386,3,24,0,0,12.8332,2929.91,2656.13,0.983981,140.687,24.4271,False,False,3,2.66879,True,1,,,single_partial,True,1.31714,True,B
2719,286752112,1,2617.84,1,54171.5,47.2303,0.664902,6,12.6627,5734.99,1.59305,3,24,0,0,11.6666,3301.77,2260.44,0.957188,143.529,22.1003,False,False,1,2.43672,True,2,,,single_partial,True,3.60805,False,B
2723,142320810,1,2634.65,24,3969.55,47.1233,32.005,144,11.9297,6783,1.87889,3,24,0,0,12.8716,342.182,1358.81,0.983872,194.464,61.9233,False,False,0,0.773563,False,2,,,single,True,1.15194,True,A
2726,307929248,1,2635.72,6,27855.5,47.037,3.17564,36,12.5021,5339.21,0.725947,2.5,20,1,0,2.8932,550.752,1981.77,0.998246,141.418,30.1844,True,False,6,3.21029,True,2,,,single_partial,True,1.17901,True,B
2735,313261580,1,2634.69,24,14536.8,46.672,28.9962,143,12.7466,5496,0.826683,3,24,0,0,4.21641,691.619,2027.59,0.979577,195.183,71.8413,False,False,0,0.889598,False,1,,,single,True,0.969908,True,A
2752,149928913,1,2610.65,3,34596.2,46.1135,4.66667,18,11.3595,5144,0.910071,2,16,1,0,5.98703,1969.36,1055.81,0.997193,162.139,61.4045,True,False,6,2.0306,False,2,,,single,True,1.6472,True,B
2754,239205079,1,2615.02,6,23785,46.0438,8.4975,36,7.0485,5981,1.05978,1.5,12,1,0,3.55325,1391.23,369.378,0.85143,149.259,19.7624,False,False,4,1.39241,False,2,,,single,True,1.59047,True,A
2767,23971753,1,2620.95,3,36993.9,45.6675,0.166956,11,12.8741,5836,2.33398,3,24,0,0,13.0033,1186.68,2463.94,0.972869,147.491,43.0536,False,False,0,1.14101,True,1,,,single_partial,True,4.36837,False,B
2768,458419988,1,2619.96,1.5,15598.1,45.6428,40.0033,9,11.3761,5573,0.966767,3,24,0,0,8.56484,254.125,976.746,0.991623,170.674,53.614,False,False,0,0.5,False,1,,,single,True,1.17494,True,A
2771,87974614,1,2635.47,8,28707.1,45.5351,4.49795,48,12.6692,5042,0.665961,1.25,10,1,0,2.73049,1659.53,2427.91,0.990507,146.599,23.5246,True,False,6,2.04994,True,1,,,single_partial,True,1.098,True,B
2802,453444539,1,2618.09,2,21986.4,44.6878,84.8312,12,11.6342,5722.79,0.857466,3,24,0,0,7.34872,613.49,1201.16,0.927045,147.795,52.3953,False,False,2,0.870259,False,1,,,single,True,1.23723,True,A
2821,288299452,1,2615.18,1.5,117115,44.1053,4.99864,9,11.7645,6085,1.37505,3,24,0,0,12.4408,3099.13,1165.33,0.917213,261.65,79.3698,False,False,0,1.25704,False,2,,,single,True,4.57913,False,B
2830,142566413,1,2634.59,24,5358.3,43.921,29.489,144,9.9888,5436,0.775544,3,24,0,0,4.62631,224.758,474.096,0.948736,165.971,72.4685,False,False,3,1.31506,False,1,,,single,True,0.55243,True,A
2831,1097360,1,2620.84,2,5806.2,43.904,19.0058,12,9.77863,6021,0.951256,3,24,0,0,,58.1815,433.493,0.991674,155.066,25.3514,False,False,0,1.79853,False,1,,,single,True,0.705344,True,A
2841,287186001,1,2610.7,3,197022,43.6368,4.5,18,12.8342,5053,0.854944,1,8,1,0,4.20014,19431.1,8853.09,0.969933,149.994,61.2464,True,False,1,0.618851,False,3,,,single,True,3.69277,False,B
2845,285004462,1,2635.62,3,35185.5,43.56,8.82209,18,12.8782,5950,0.953807,3,24,0,0,12.8331,1320.91,2972.17,0.838769,137.515,24.987,True,False,7,2.4754,False,1,,,single,True,1.74101,True,B
2850,172953163,1,2621.38,6,31258.5,43.3524,6.00208,36,12.7597,6148,1.33512,3,24,0,0,5.41809,672.751,2236.89,0.995627,150.024,33.8491,True,False,3,1.3344,False,2,,,single,True,2.297,False,B
2866,459969957,1,2620.42,4,11318.7,43.086,28.8355,23,11.8994,4684,0.80494,3,24,0,0,,138.15,1198.37,0.98812,254.817,65.7471,False,False,2,1.52779,False,1,1274.01,1274.01,single,True,0.833335,True,A
2886,233060199,1,2617.33,4,8020.23,42.4006,103.001,24,11.3156,5845,1.02795,3,24,0,0,12.7674,195.988,990.418,0.92194,269.925,62.6879,False,False,0,1.3344,False,2,,,single,True,0.895824,True,A
2897,241195749,1,2626.37,1,28380.5,42.0686,8.82777,6,12.0976,5732.45,1.33134,3,24,0,0,3.73018,301.889,1520.78,0.998899,153.589,25.1304,True,False,4,1.7792,False,1,,,single,True,2.18251,False,B
2898,156213722,1,2626.18,6,21233,42.0427,6.00647,36,12.2247,5206,0.815838,3,24,0,0,10.4454,2201.78,1558.81,0.989169,184.424,80.481,False,False,2,0.812241,False,1,,,single,True,1.15682,True,A
2901,307647966,1,2635.06,4,24880,42.0031,22.3395,23,12.781,6291,1.81899,3,24,0,0,7.26087,720.174,2624.91,0.91003,152.855,17.757,False,False,2,0.754224,False,1,,,single,True,2.79199,False,B
2910,165430246,1,2618.97,4,23703.1,41.767,63.6751,24,12.6888,5781,1.10488,3,24,0,0,9.333,353.943,2315.74,0.996472,162.038,25.7567,False,False,1,0.734885,False,1,,,single,True,1.65529,True,A
2921,445810368,1,2610.38,1,81122.9,41.5181,3.5,6,11.5536,5799,1.19986,1.5,12,1,0,5.51785,4256.66,2987.03,0.995508,170.48,49.9363,True,False,2,0.5,False,3,,,single,True,3.32552,False,B
2924,27002438,1,2615.12,1.5,35810.8,41.4647,125.333,8,12.5158,6003,1.23783,3,24,0,0,5.92964,366.041,2139.81,0.997666,151.142,21.3433,False,False,2,1.72118,False,1,,,single,True,2.27942,False,B
2935,287186494,1,2626.49,6,21652.9,41.2292,6.00565,36,12.6367,5086,0.767686,2,16,1,0,2.45121,585.144,2276.71,0.98619,150.301,61.3321,True,False,4,0.715546,False,2,,,single,True,1.09926,True,B
2945,159159589,1,2619.7,2,13177.4,41.0264,46.3354,12,11.4915,5329.87,0.946729,3,24,0,0,,145.337,1015.18,0.997522,166.608,54.5825,False,False,2,0.63819,False,2,,,single,True,1.05754,True,A
2947,233161762,1,2632.48,1.5,16291.3,40.989,84.0034,9,11.5158,6344,1.44321,3,24,0,0,8.38894,347.956,1023.64,0.96657,275.279,60.3625,False,False,0,0.870259,False,1,,,single,True,1.79252,True,A
2961,95436737,1,2633.95,4,12923.9,40.8337,49.0069,24,12.1954,6049,1.13531,3,24,0,0,,164.256,1668.46,0.979538,155.613,22.381,False,False,0,1.14101,False,1,,,single,True,1.25594,True,A
2966,26987488,1,2616.85,1,18382.2,40.7672,114.671,6,11.451,6464.26,1.75507,3,24,0,0,6.86224,180.559,1052.85,0.99652,150.784,21.5007,False,False,2,1.72118,False,1,,,single,True,2.31553,False,B
2970,368294281,1,2627.38,24,4744.53,40.723,27.8338,144,12.3993,5694,0.941996,3,24,0,0,1.42123,337.629,2002.62,0.920552,155.032,47.4986,True,False,3,0.5,False,1,,,single,True,0.631398,True,B
2985,82223367,1,2635.04,1,38655.2,40.4114,0.664767,6,12.246,6201.02,1.04529,2,16,1,0,2.53609,649.979,1761.8,0.996434,150.836,24.6408,False,False,5,0.966954,True,2,,,single_partial,True,1.99985,True,B
3000,95310239,1,2626.62,1.5,47482.7,40.171,14.8276,9,12.9759,5725.74,1.23187,3,24,0,0,3.52292,694.044,2740.31,0.947955,153.061,23.2683,True,False,2,1.64382,False,1,,,single,True,2.6121,False,B
3034,257002457,1,2626.88,24,3270.88,39.5611,32.8366,144,11.2189,4060,0.706339,3,24,0,0,6.37319,304.134,841.676,0.933477,223.861,77.8013,True,False,3,0.522155,False,1,,,single,True,0.3931,True,B
3038,355979795,1,2626.46,6,20430.3,39.5111,6.00591,36,12.5804,5086,0.675331,3,24,0,0,8.85896,2023.9,2017.37,0.98649,190.09,79.9408,True,False,2,1.06365,False,2,,,single,True,0.939315,True,B
3043,160603078,1,2618.14,12,9773.55,39.4531,83.6648,72,12.5952,6110,1.33295,3,24,0,0,4.28995,395.283,2033.32,0.857993,244.653,76.8919,False,False,0,1.60514,False,1,,,single,True,1.28232,True,A
3089,331944152,1,2626.54,6,14813.5,38.9063,6.00535,36,12.02,4286.79,0.720045,2,16,1,0,4.63725,1421.12,1493.08,0.979466,148.633,57.7918,True,False,1,0.5,False,2,,,single,True,0.852798,True,B
3093,318355088,1,2618.07,1.5,23615,38.7447,85.3369,9,12.3277,5764.19,0.935935,3,24,0,0,4.02779,258.204,1834.52,0.855417,165.549,48.4297,False,False,3,0.618851,False,1,,,single,True,1.39958,True,A
3096,241193692,1,2627.25,3,19656.9,38.6325,29.9946,18,12.2484,4542.62,0.826181,3,24,0,0,9.32049,462.694,1737.44,0.995599,153.304,25.159,True,False,4,1.66316,False,2,,,single,True,1.12717,True,B
3105,241259099,1,2635.74,6,16178.4,38.3843,5.83764,36,11.9109,3658,0.515264,1.5,12,1,0,4.46124,1912.93,1341.46,0.986845,158.046,32.9527,True,False,5,0.870259,False,2,,,single,True,0.637758,True,B
3153,235681475,1,2615.02,1.5,16651,37.6449,86,9,10.8635,5914,2.44694,2,16,1,0,4.7208,1685.37,711.545,0.954045,287.086,76.3813,False,False,0,1.46977,False,1,,,single,True,3.07257,False,B
3165,229742722,1,2614.91,4,4772.74,37.5106,91.3333,22,9.93689,6415,1.40156,3,24,0,0,6.2187,136.933,451.718,0.992058,279.832,69.5229,False,False,0,1.06365,False,1,1859.01,1859.01,single,True,0.942221,True,A
3189,159344473,1,2626.89,24,1575.77,37.032,32.5068,144,7.763,5347,0.983404,3,24,0,0,7.50801,167.409,187.385,0.999176,235.374,83.2887,True,False,4,1.29572,False,1,,,single,True,0.37987,True,B
3192,239205080,2,2614.88,1,31284.1,36.905,6.66397,6,7.7478,5908,0.768996,1,8,1,0,2.99177,2821.18,1147.77,0.790778,149.26,19.7539,False,False,2,1.35374,False,4,,,single,True,1.32356,True,A
3193,232623913,1,2615.34,4,18041.1,36.886,117.667,24,12.5086,6192.79,1.5652,0.5,4,1,0,0.905747,646.331,1817.17,0.915607,268.543,55.8191,False,False,0,1.60514,False,1,,,single,True,2.04578,False,B
3214,307930260,1,2632.31,6,21736.2,36.3774,88.1562,36,12.9625,5566.6,2.36388,3,24,0,0,11.5939,470.746,2739.99,0.993562,141.485,34.6694,False,False,0,1.64382,False,1,,,single,True,3.39136,False,B
3241,157834616,1,2614.79,1.5,23380.7,35.833,115.5,7,11.7774,6319,2.08396,3,24,0,0,11.8212,355.241,1167.93,0.964439,149.646,43.1423,False,False,1,0.928276,False,1,,,single,True,3.10081,False,B
3242,173004066,1,2627.13,24,5512.9,35.8118,24.1646,144,12.6499,4668,0.766671,3,24,0,0,0.844379,393.942,2161,0.920882,150.761,32.1237,True,False,3,0.928276,False,1,,,single,True,0.553932,True,B
3263,27001584,1,2628.67,3,22716,35.3137,63.9943,18,12.8934,5894,1.54623,3,24,0,0,,403.294,2839.43,0.989421,150.967,18.6454,False,False,2,1.3344,False,1,,,single,True,2.26776,False,B
3264,165412851,1,2612.58,6,17462.6,35.2915,65.1667,36,12.849,4987.51,1.08288,3,24,0,0,11.8752,426.738,2566.11,0.994452,159.522,24.0588,False,False,0,0.618851,False,1,,,single,True,1.39249,True,A
3272,27068308,1,2610.49,4,19390.7,35.1466,15.5,24,12.8277,6177.9,1.7352,3,24,0,0,,311.019,2479,0.988391,152.039,20.7031,True,False,4,1.89523,False,1,,,single,True,2.35127,False,B
3273,233087104,1,2626.69,24,7620.27,35.1418,29.9986,144,12.4996,5417,0.891126,3,24,0,0,4.40256,461.091,1826.75,0.970017,272.285,62.2993,True,False,4,2.08862,False,1,,,single,True,0.756976,True,B
3281,27002835,1,2633.98,4,8708.64,34.9999,48.1688,24,11.5256,8375,1.8846,3,24,0,0,4.4732,183.36,1089.11,0.997905,151.14,23.4929,False,False,2,1.6825,False,1,,,single,True,1.7114,True,A
3282,372680354,1,2612.55,1.5,24225.1,34.9807,61.6667,9,12.5629,5811.6,1.28817,3,24,0,0,,235.508,1958.32,0.924571,140.994,40.1464,False,False,2,2.66879,False,1,,,single,True,1.95103,True,A
3288,137728034,1,2627.49,24,7002.1,34.813,32.4969,144,10.2333,4910,0.747875,3,24,0,0,6.76171,1045.03,515.676,0.999385,173.693,56.0299,True,False,1,0.5,False,1,,,single,True,0.608977,True,B
3295,67665621,1,2630.1,6,3180.26,34.688,96.167,36,10.3024,6159,1.17591,3,24,0,0,,52.2057,520.583,0.996937,148.677,37.4813,False,False,0,1.35374,False,1,,,single,True,0.645302,True,A
3296,27036287,1,2632.63,2,17652.4,34.6709,80.5025,12,12.0982,5090.65,0.898109,3,24,0,0,5.91069,257.648,1625.5,0.827047,151.471,23.4292,False,False,3,1.5858,False,1,,,single,True,1.16115,True,A
3310,298664029,1,2626.68,24,5238.35,34.3827,29.831,144,11.0336,6890,2.40647,3,24,0,0,1.93552,258.381,834.081,0.955301,277.972,56.9621,True,False,1,1.12167,False,1,,,single,True,1.69487,True,B
3314,149397036,1,2618.11,2,11895.8,34.2757,1.1667,11,11.3315,6627.75,1.58532,3,24,0,0,1.90503,187.641,968.894,0.996753,139.691,28.7837,False,False,5,2.5721,True,1,,,single_partial,True,1.68256,True,B
3316,335661035,1,2627.08,24,7465.48,34.2405,28.3375,144,12.8588,4229,0.686947,3,24,0,0,6.60627,363.52,2154.07,0.979054,217.092,78.944,True,False,4,0.812241,False,2,,,single,True,0.577577,True,B
3322,8260891,1,2627.33,24,6909.35,34.1672,28.494,144,12.6116,5960.69,1.46538,3,24,0,0,3.52668,369.123,2038.89,0.997892,161.933,37.8528,True,False,2,0.812241,False,1,,,single,True,1.18529,True,B
3344,259166949,1,2631.24,3,15108,33.9977,93.3383,18,12.008,6073,1.1741,3,24,0,0,6.60293,715.439,1338.5,0.967905,291.977,68.2127,False,False,4,1.85655,False,1,,,single,True,1.40432,True,A
3347,139414273,1,2617.03,2,9400.17,33.9562,110.337,12,11.2506,6419.64,1.63025,3,24,0,0,8.15539,249.854,886.079,0.954403,153.746,33.7321,False,False,2,0.541494,False,1,,,single,True,1.53808,True,A
3354,88047423,1,2617.24,2,27103.3,33.9088,105.336,12,12.8026,5076,0.98874,3,24,0,0,,380.222,2696.54,0.876277,147.527,22.5961,False,False,3,2.01126,False,1,,,single,True,1.58398,True,A
3356,321441912,1,2610.28,6,15336.7,33.8436,6,36,9.4945,4515,0.724232,0.75,6,1,0,2.35861,2263.17,1549.48,0.239257,164.605,37.0313,True,False,2,0.966954,False,2,,,single,True,0.872773,True,B
3361,229487023,1,2615.95,6,8128.81,33.8267,120,36,11.2027,5942,2.60452,3,24,0,0,5.68808,207.293,910.042,0.886952,296.095,61.7481,False,False,1,1.41175,False,1,,,single,True,2.28507,False,B
3367,233682361,1,2625.68,4,14030,33.7449,1.00335,19,12.0478,5346,0.863618,2.5,20,1,0,4.33074,1006.5,1350.23,0.964405,260.563,62.5723,False,False,1,0.85092,True,2,,,single_partial,True,0.995424,True,B
3380,341543558,1,2627.29,24,5742.78,33.6144,26.1654,144,11.0171,5450.21,0.865315,3,24,0,0,3.45532,227.886,856.528,0.957386,167.307,55.6359,True,False,2,0.773563,False,1,,,single,True,0.638106,True,B
3383,414964447,1,2614.52,16,21097.5,33.5978,100.333,78,9.69103,3872,0.616922,2,16,1,0,12.8297,13154.3,2262.54,0.284361,140.776,22.3079,False,False,3,1.31506,False,4,,,single,True,0.871974,True,A
3408,91898778,1,2621.09,6,25234.8,33.2518,3.00098,36,12.9378,5673.66,1.04963,1.5,12,1,0,3.66663,1713.97,2701.09,0.990218,142.216,21.6346,False,False,5,1.41175,True,1,,,single_partial,True,1.62253,True,B
3415,430245214,1,2620.12,1.5,21774.1,33.1526,36.1677,9,12.419,5962.72,1.45999,3,24,0,0,,247.002,1942.58,0.945821,142.497,21.4576,False,False,1,1.27638,False,1,,,single,True,2.09642,False,B
3418,405504412,1,2627.94,24,1884.93,33.0828,64.1585,144,8.7014,4028,0.727642,3,24,0,0,10.6918,250.263,232.589,0.998703,224.565,59.5835,False,False,1,0.580172,False,3,,,single,True,0.307413,True,A
3421,171557723,1,2629.66,6,10972,33.0332,87.825,35,12.2624,5291,0.888782,3,24,0,0,,232.009,1805.86,0.899026,156.211,20.3,False,False,1,1.6825,False,1,,,single,True,0.905932,True,A
3424,17238617,1,2627.22,24,7334.58,33.0015,27.168,144,11.5919,4820.85,0.869118,3,24,0,0,4.43841,287.481,1069.2,0.997536,147.005,38.0001,True,False,2,1.50845,False,1,,,single,True,0.724309,True,B
3443,150387572,1,2634.35,2,21102.7,32.5793,39.1763,12,12.3218,5775,1.88778,3,24,0,0,3.90052,474.18,1755.66,0.994883,193.425,56.2957,False,False,2,0.773563,False,4,,,single,True,2.66856,False,B
3449,287179665,1,2626.46,4,17033.3,32.497,5.00574,24,11.7014,5535,1.56243,2,16,1,0,5.79218,2526.41,1267.89,0.947167,149.86,61.1361,True,False,2,0.696207,False,2,,,single,True,1.9843,True,B
3455,188511457,1,2635.65,8,18843.1,32.4271,8.15689,48,12.9796,5176.26,0.744316,1.25,10,1,0,3.66788,2673.24,2589.64,0.971536,143.552,38.0625,True,False,5,2.97822,False,2,,,single,True,0.994239,True,B
3482,115825501,1,2611.34,1.5,39435.1,31.9009,0.999651,8,12.7605,5654.45,1.39612,3,24,0,0,13.0034,2501.73,2215.46,0.994281,150.781,43.056,True,False,1,1.06365,True,1,,,single_partial,True,2.69788,False,B
3489,16780067,1,2635.83,1.5,17233,31.8081,3.82264,9,9.9173,4923,0.738533,1,8,1,0,3.29232,2503.95,960.645,0.866414,141.827,36.4861,True,False,6,2.24333,False,3,,,single,True,0.943425,True,B
3493,165302382,1,2612.52,6,12019,31.7927,0.664651,22,12.3667,5450,1.95755,3,24,0,0,13.0245,3398.3,1762.84,0.994936,157.524,25.4538,False,False,1,1.10233,True,1,,,single_partial,True,2.08835,False,B
3494,331946601,1,2627.35,24,6766.94,31.7882,27.6666,144,12.2143,5700,0.934756,3,24,0,0,3.9952,603.998,1541.43,0.962979,162.025,54.5128,True,False,0,0.502816,False,1,,,single,True,0.748259,True,B
3498,202509016,1,2621.35,1,26248.4,31.6636,6.50558,6,10.8213,5044,0.866616,2.5,20,1,0,5.80029,1692.7,1085.44,0.694365,231.419,61.292,True,False,2,0.792902,False,3,,,single,True,1.36627,True,B
3516,142384613,1,2635.74,6,17436.5,31.4269,5.83962,36,12.6678,5031,0.818064,1.5,12,1,0,3.57643,1579.01,2018.36,0.980351,197.06,61.2661,True,False,1,0.5,False,2,,,single,True,1.05117,True,B
3521,67957776,1,2627.35,24,7889.63,31.3282,27.5044,144,12.2968,4502,0.632845,3,24,0,0,3.33416,481.623,1735.88,0.944225,143.104,43.445,True,False,2,2.08862,False,1,,,single,True,0.546995,True,B
3522,4754338,1,2634.59,24,4069.1,31.3207,33.6597,144,11.2294,4009.67,0.711765,3,24,0,0,5.02216,678.954,883.281,0.997075,145.808,34.4354,False,False,3,1.27638,False,1,,,single,True,0.441818,True,A
3526,318274229,1,2626.36,2,17162.4,31.2669,4.33155,12,12.3085,5620.31,1.3077,1.25,10,1,0,2.96673,1513.28,1635.82,0.997914,163.83,51.2244,True,False,2,0.83158,False,1,,,single,True,1.66707,True,B
3531,39124353,1,2627.25,24,3963.24,31.2015,27.8321,144,9.7569,4606.23,0.766311,3,24,0,0,5.65366,341.275,400.582,0.994857,151.612,37.0346,True,False,2,1.12167,False,1,,,single,True,0.469448,True,B
3546,105506417,1,2617.44,3,14212.5,30.9993,100.5,18,12.5444,5662.34,1.35866,3,24,0,0,,243.671,1974.44,0.989198,148.74,43.1441,False,False,1,1.08299,False,1,,,single,True,1.57617,True,A
3555,467254810,1,2628.48,24,4862,30.8507,59.0078,144,8.24,3437,0.387333,3,24,0,0,5.42712,413.195,222.076,0.985384,307.634,65.4496,False,False,0,0.908937,False,3,,,single,True,0.262815,True,A
3557,462547264,1,2626.82,24,3510.08,30.6953,32.1723,144,11.7258,5386,2.4329,3,24,0,0,6.37315,332.086,1110.82,0.967248,218.952,81.4663,True,False,0,0.870259,False,1,,,single,True,1.40262,True,B
3562,95341392,1,2634.65,24,3051.49,30.6085,32.1714,144,11.5595,4084.11,0.999496,3,24,0,0,6.21698,241.177,1133.29,0.963576,153.78,23.42,False,False,3,1.87589,False,1,,,single,True,0.537272,True,A
3572,149367783,1,2631.53,6,7816.01,30.446,106.989,36,11.6578,3319,0.429768,3,24,0,0,5.11935,254.304,1344.21,0.831968,139.032,29.1375,False,False,1,2.68813,False,2,,,single,True,0.369729,True,A
3589,99937052,1,2626.45,6,9200.88,30.2228,6.00168,36,11.664,5093,0.794899,3,24,0,0,4.56593,597.135,1172.37,0.972853,170.007,64.9271,True,False,4,1.25704,False,1,,,single,True,0.741966,True,B
3592,88660728,1,2631.53,2,4840.68,30.2022,107.001,12,9.316,6402,2.86964,3,24,0,0,4.07553,125.003,422.201,0.934016,157.896,39.0062,False,False,0,0.599511,False,1,,,single,True,1.94284,True,A
3598,23972118,1,2620.41,2,3187.64,30.1397,29.1662,12,9.3629,6450,1.80023,3,24,0,0,,46.9156,328.113,0.997332,147.681,43.0405,False,False,1,1.21836,False,1,,,single,True,0.989055,True,A
3613,376977108,1,2626.86,24,7482.28,29.9274,24.1668,144,11.8886,3890,0.63419,3,24,0,0,12.5868,940.99,1333.59,0.946084,284.404,59.1367,True,False,5,1.66316,False,1,,,single,True,0.533819,True,B
3615,138578255,1,2627.43,24,6266.19,29.9135,28.9995,144,11.0644,6083,1.61549,3,24,0,0,3.5513,430.368,845.332,0.990055,175.52,62.7755,True,False,2,1.17968,False,1,,,single,True,1.24441,True,B
3619,87974612,1,2635.39,2,12378,29.8927,14.3311,12,11.6531,5999,1.38341,3,24,0,0,9.87176,263.952,1240.09,0.992453,146.663,23.5262,True,False,5,2.04994,False,1,,,single,True,1.49773,True,B
3636,8244455,1,2627.16,24,1667.55,29.803,24.3295,144,9.76377,5860,0.999765,3,24,0,0,2.03451,113.96,686.409,0.57073,157.397,37.9583,True,False,1,0.580172,False,2,,,single,True,0.397278,True,B
3639,286714389,1,2618.47,1,32161.4,29.7774,75.6679,6,12.7881,5869.96,1.31441,3,24,0,0,,307.894,2485.57,0.988893,142.863,21.1674,False,False,0,1.2377,False,1,,,single,True,2.2938,False,B
3649,172953453,1,2627.19,16,10264.6,29.619,26.3316,96,12.8619,4836,0.821734,2.5,20,1,0,3.42195,717.145,2197.44,0.99842,150.038,32.1629,True,False,3,0.986293,False,2,,,single,True,0.810141,True,B
3653,407587481,1,2620.42,24,1945.3,29.51,29.0027,144,11.0338,5408,2.27087,3,24,0,0,0.963218,149.9,824.663,0.991343,151.615,33.954,False,False,2,0.928276,False,1,,,single,True,0.974637,True,A
3668,154570928,1,2631,1,12834.1,29.3882,119.662,6,8.1726,6632,2.43997,1,8,1,0,1.2156,598.231,232.973,0.997936,192.174,72.1483,False,False,1,0.889598,False,1,,,single,True,2.68983,False,B
3674,4823810,1,2626.45,6,7177.27,29.3251,6.00076,36,11.4178,4238.06,0.807377,3,24,0,0,4.9078,623.938,919.338,0.997137,146.239,33.2742,True,False,0,1.12167,False,1,,,single,True,0.6656,True,B
3678,376993662,1,2611.45,1,34170.6,29.2548,24.5,6,11.9111,6006,1.90753,2,16,1,0,5.55406,2423.76,1438.21,0.91532,284.594,57.2727,True,False,2,1.17968,False,1,,,single,True,3.43127,False,B
3696,230081369,1,2625.71,6,8975.75,29.0895,5.99689,36,12.102,5082,0.790149,1.5,12,1,0,4.34271,1783.29,1452.55,0.863557,245.761,66.1408,False,False,2,0.870259,False,2,,,single,True,0.728453,True,A
3712,357031900,1,2625.68,6,11476.4,28.9615,5.99589,36,11.4451,5836.1,1.69604,3,24,0,0,11.6132,1546.26,996.263,0.960903,273.904,55.2484,False,False,4,2.22399,False,1,,,single,True,1.76806,True,A
3715,160297980,1,2626.12,6,8881.59,28.9452,6.00656,36,11.7112,5305,0.848816,3,24,0,0,9.66059,948.308,1138.2,0.963955,186.806,81.0047,False,False,3,0.792902,False,2,,,single,True,0.778424,True,A
3716,236865152,1,2629.09,4,9731.93,28.9185,73.6728,24,8.77979,7112,1.86257,3,24,0,0,2.19539,275.595,242.444,0.986172,302.633,62.7086,False,False,1,1.31506,False,1,,,single,True,1.78801,True,A
3722,1114721,1,2619.88,1.5,11040.4,28.8224,42.006,8,11.3757,5237,0.896348,3,24,0,0,5.93755,230.267,986.803,0.993584,155.407,25.3291,False,False,2,1.7792,False,1,,,single,True,0.916486,True,A
3725,157264264,1,2620.26,4,3168.05,28.7975,32.6733,24,10.2415,5653.73,1.99306,3,24,0,0,,68.8642,489.485,0.999374,197.921,56.785,False,False,1,0.657529,False,1,,,single,True,1.09163,True,A
3731,166657223,1,2632.29,1.5,26156.3,28.7499,88.8453,9,12.9567,6218.32,1.18211,3,24,0,0,,292.432,2808.91,0.984171,166.701,31.6894,False,False,0,0.560833,False,1,,,single,True,1.86039,True,A
3733,236816963,1,2625.64,4,18836.3,28.7445,5.16591,24,12.1857,5220,0.784963,3,24,0,0,9.82643,1893.72,1630.45,0.952788,283.787,56.9681,False,False,3,1.02497,False,1,,,single,True,1.04835,True,A
3734,91844990,1,2610.84,8,9563.03,28.7418,8.5,48,10.5974,6174.28,2.02554,3,24,0,0,12.7603,849.506,1026.93,0.751512,141.523,22.6597,True,False,3,2.10796,False,1,,,single,True,1.92751,True,B
3738,233058265,1,2618.01,2,11190.6,28.6499,86.6677,12,11.733,5952,1.50645,3,24,0,0,6.38197,239.691,1200.36,0.883435,269.478,64.0691,False,False,1,1.3344,False,1,,,single,True,1.55074,True,A
3745,160489229,1,2634.53,24,2666.7,28.5575,34.8289,144,11.077,5108,0.789109,3,24,0,0,6.71779,310.349,762.982,0.995746,238.462,75.4747,False,False,2,1.62448,False,1,,,single,True,0.396535,True,A
3754,17303811,1,2627.16,24,5502.22,28.3101,24.3274,144,12.2752,4138.18,0.735678,3,24,0,0,7.23964,572.049,1605.4,0.916535,160.924,36.5941,True,False,3,1.35374,False,2,,,single,True,0.531024,True,B
3784,87974628,1,2635.34,6,9418.12,27.9031,15.6644,30,12.2824,5342,1.90306,3,24,0,0,0.792178,287.864,1743.23,0.989653,146.667,23.4701,True,False,3,2.10796,False,1,,,single,True,1.79718,True,B
3786,88062464,1,2630.43,4,9270.2,27.8918,102.831,24,12.0611,5348,0.995716,3,24,0,0,,208.378,1568.44,0.989295,147.821,23.0344,False,False,1,2.0306,False,2,,,single,True,0.932905,True,A
3787,154088594,1,2626.78,16,7838.09,27.8626,31,96,12.847,3652,0.47606,2.5,20,1,0,3.64682,840.87,2404.03,0.973353,208.901,71.8361,True,False,4,0.870259,False,2,,,single,True,0.410133,True,B
3791,149443233,1,2613.04,3,22697.9,27.8032,0.499675,11,12.3275,5551,0.919296,3,24,0,0,12.5068,3251.98,1754.7,0.997562,140.913,28.3839,False,False,2,2.63011,True,1,,,single_partial,True,1.34774,True,B
3799,8768635,1,2632.8,4,9450.81,27.7395,76.4893,24,12.1679,6493,1.62559,3,24,0,0,,177.274,1599.11,0.973769,140.28,31.6569,False,False,0,2.16598,False,1,,,single,True,1.53781,True,A
3802,16247025,1,2626.35,6,2753,27.6713,6.16507,36,9.02605,3979,0.549464,3,24,0,0,7.64908,356.075,288.525,0.991657,153.8,39.5375,True,False,3,0.792902,False,1,,,single,True,0.280543,True,B
3806,233204257,1,2627.44,24,7389.49,27.5343,30.1684,144,12.533,5766,1.2252,3,24,0,0,3.45581,387.216,1780.78,0.99362,265.928,70.934,True,False,2,0.986293,False,1,,,single,True,1.02488,True,B
3832,173032801,1,2610.27,2,11970,27.1596,4,12,11.6201,6343,1.39775,0.75,6,1,0,1.56718,947.151,1272.13,0.828092,165.321,35.0058,True,False,3,0.870259,False,1,,,single,True,1.48811,True,B
3837,298663873,1,2611.43,24,1998.41,27.0223,6.83344,114,8.56854,5739,1.62762,3,24,0,0,4.20515,257.545,235.945,0.992044,277.944,56.6509,True,False,2,1.27638,True,2,2180.01,2180.01,single_partial,True,0.708032,True,B
3838,297961458,1,2610.68,6,3952.9,26.9958,6.16667,36,8.1689,4013,0.639813,3,24,0,0,5.42765,222.297,250.359,0.998892,157.93,57.1159,True,False,0,0.657529,False,2,,,single,True,0.391443,True,B
3843,88023740,1,2632.67,8,3516.69,26.9024,79.6651,48,10.3243,6931,1.52454,3,24,0,0,0.583332,188.108,555.756,0.994743,147.31,23.2933,False,False,1,2.18532,False,1,,,single,True,0.879758,True,A
3844,61109069,1,2629.74,3,11357.6,26.8866,89.8252,18,12.3808,5796.21,1.12778,3,24,0,0,,204.027,1755.87,0.986769,154.521,17.4635,False,False,3,1.00563,False,1,,,single,True,1.16956,True,A
3845,459793183,1,2619.72,6,3500.4,26.8814,45.8388,36,10.0773,5950.86,1.61704,3,24,0,0,3.66075,122.254,464.392,0.997638,175.536,49.8764,False,False,0,0.5,False,1,,,single,True,0.930973,True,A
3852,95432829,1,2630.64,1,16762.9,26.8146,111.326,6,12.1384,6267,1.15989,3,24,0,0,,220.05,1466.17,0.99689,155.075,19.8698,False,False,2,1.85655,False,1,,,single,True,1.46133,True,A
3857,103750177,1,2627.22,24,3918.68,26.743,24.5052,144,11.736,,0.465,3,24,0,0,3.45527,283.316,1537.52,0.966752,157.083,66.4053,True,False,2,0.812241,False,1,,,single,True,0.283257,True,B
3862,331946274,1,2627.21,24,6032.2,26.6248,24.1674,144,12.8914,4227.95,0.792082,3,24,0,0,2.90481,554.721,2331.61,0.952984,162.056,56.6746,True,False,1,1.25704,False,1,,,single,True,0.59864,True,B
3864,27036282,1,2632.62,1.5,32128.9,26.6193,0.837234,8,12.9762,5789,0.991052,2,16,1,0,8.6667,7597.37,2796.07,0.951232,151.476,23.4496,False,False,3,1.54713,True,1,,,single_partial,True,1.72863,True,B
3868,147992356,1,2634.76,24,2520.37,26.5764,29.3255,144,11.3479,5167,0.756768,3,24,0,0,5.80169,207.007,901.198,0.973795,170.195,68.7434,False,False,3,1.35374,False,1,,,single,True,0.369703,True,A
3873,219458685,1,2626.83,24,3935.6,26.5066,33.0007,144,12.0904,5756,2.32582,3,24,0,0,5.31826,353.877,1454.79,0.93386,206.895,72.9374,True,False,2,1.29572,False,1,,,single,True,1.41984,True,B
3876,157983717,1,2627.15,24,3551.57,26.4462,29.8384,144,11.8523,5307,0.839384,3,24,0,0,6.27247,290.268,1127.07,0.976147,213.245,80.2242,True,False,4,1.08299,False,1,,,single,True,0.486775,True,B
3881,88062840,1,2630.31,8,5453.18,26.3832,99.9974,48,11.8414,5366,0.828732,3,24,0,0,5.83332,295.298,1365.46,0.990049,147.866,23.071,False,False,1,2.04994,False,1,,,single,True,0.59552,True,A
3891,159455981,1,2634.78,24,2547.03,26.302,28.824,144,12.0078,5584,0.901748,3,24,0,0,7.50806,186.317,1235.82,0.989767,244.274,79.9055,False,False,1,0.676868,False,1,,,single,True,0.442853,True,A
3911,148672082,1,2628.04,3,14392.6,26.1358,45.1595,18,12.9577,5407,1.28209,3,24,0,0,,287.102,2484.25,0.988509,169.783,43.0824,False,False,0,0.657529,False,1,,,single,True,1.49674,True,A
3926,115856654,1,2627.49,24,3184.1,25.9532,31.3327,144,11.3599,4098.69,0.617518,3,24,0,0,3.38868,257.366,1093.89,0.830171,157.385,47.0195,True,False,3,0.580172,False,1,,,single,True,0.339079,True,B
3928,329440665,1,2625.69,6,4618.62,25.9194,6.32682,36,10.9332,5248,0.753078,3,24,0,0,9.82658,387.667,752.496,0.975524,270.189,51.9979,False,False,3,1.04431,False,1,,,single,True,0.498028,True,A
3931,4894728,1,2632.61,8,2971.14,25.8851,80.9946,48,10.942,5724.91,0.966333,3,24,0,0,,80.7831,739.906,0.997157,147.735,35.3347,False,False,4,1.6825,False,1,,,single,True,0.512561,True,A
3932,307929539,1,2627.31,16,4957.04,25.8773,8.49644,96,11.7483,4949.27,0.773291,2.5,20,1,0,3.90836,692.605,1208.46,0.980555,141.523,31.0749,True,False,5,2.95888,True,1,,,single_partial,True,0.5298,True,B
3938,420898647,1,2626.7,24,1484.63,25.7959,30.6604,144,8.82595,6646,1.94832,3,24,0,0,1.87861,81.2455,270.853,0.972726,273.381,50.5273,True,False,2,0.63819,False,1,,,single,True,0.73051,True,B
3940,137934625,1,2634.78,16,9292.38,25.7872,25.4896,96,11.8309,5293.52,0.76126,2.5,20,1,0,3.2218,650.452,1377.13,0.996953,152.288,58.5646,False,False,1,1.10233,False,2,,,single,True,0.714092,True,A
3941,103741294,1,2610.67,3,95819.8,25.7556,4.5,18,12.891,6172,1.34366,1.5,12,1,0,5.74168,12372.7,5417.39,0.910749,156.062,67.7339,True,False,5,0.792902,False,3,,,single,True,4.04738,False,B
3942,142878493,1,2626.74,1,16024.3,25.7546,18.1686,6,10.8869,6357,1.74232,3,24,0,0,10.4339,2806.9,920.35,0.738168,177.044,68.8465,True,False,2,0.908937,False,1,,,single,True,2.14623,False,B
3946,232537366,1,2625.44,2,5520.35,25.7123,3.99818,12,9.60375,5213,1.93617,0.5,4,1,0,8.55095,43259.8,402.468,0.998159,227.021,69.7324,False,False,0,0.541494,False,3,,,single,True,1.39986,True,A
3947,147897190,1,2634.57,24,1318.22,25.7097,33.9898,144,8.68551,3969,0.637574,3,24,0,0,7.09093,183.967,242.962,0.99919,164.409,69.5966,False,False,3,1.39241,False,2,,,single,True,0.225259,True,A
3948,142302596,1,2626.33,24,3197.32,25.7063,26.9949,144,12.6264,5748,0.845967,3,24,0,0,,232.735,2040.33,0.950079,192.707,60.1349,True,False,1,0.696207,False,1,,,single,True,0.465483,True,B
3962,147953123,2,2634.97,24,3847.14,25.5787,24.3266,144,11.5501,5867,1.4743,3,24,0,0,5.87841,384.221,1021.98,0.959576,168.791,66.0076,False,False,2,1.16034,False,2,,,single,True,0.889841,True,A
3975,8197788,1,2626.35,6,8260.01,25.4711,6.1645,36,12.2733,4390.43,0.659296,3,24,0,0,4.06358,654.628,1613.11,0.995895,156.403,41.7424,True,False,0,0.812241,False,1,,,single,True,0.58308,True,B
3981,16222291,1,2627.21,24,2010.01,25.3752,26.8319,144,10.8817,4875,0.763758,3,24,0,0,4.48394,146.938,743.691,0.997631,153.571,39.6194,True,False,0,0.792902,False,1,,,single,True,0.333205,True,B
3985,153990213,1,2626.79,24,5424.87,25.3394,31.9998,144,12.7142,5657,0.927317,3,24,0,0,5.5495,433.798,2071.45,0.938986,204.483,71.0535,True,False,2,0.812241,False,1,,,single,True,0.66463,True,B
3993,149367758,1,2620.84,6,3714.73,25.2905,18.8318,36,11.0413,5390.79,0.885904,3,24,0,0,,111.462,804.803,0.993623,139.004,29.0202,False,False,1,2.41738,False,1,,,single,True,0.525421,True,A
4000,166655033,1,2634.68,24,5988.36,25.2284,31.3452,144,12.3295,4623.9,0.760203,3,24,0,0,3.9542,485.446,1833.43,0.997714,166.36,31.4188,False,False,1,0.5,False,1,,,single,True,0.572455,True,A
4001,467179487,1,2611.53,24,9028.65,25.2241,26.3333,144,11.1545,4843,0.789068,3,24,0,0,4.40501,619.864,1491.53,0.644225,208.975,59.826,True,False,1,0.812241,False,1,,,single,True,0.729597,True,B
4005,229794069,1,2611.84,3,8342.99,25.1368,20.1667,18,9.9388,6794,2.82507,3,24,0,0,3.04621,285.628,426.211,0.990609,284.704,67.4915,False,False,1,1.3344,False,1,,,single,True,2.511,False,B
4006,82203007,1,2610.5,2,3336.3,25.0942,4.16667,12,5.0736,7516,1.59832,3,24,0,0,2.44257,181.283,328.322,0.999786,147.971,24.3953,True,False,3,1.54713,False,3,,,single,True,0.898368,True,B
4007,88023750,1,2633.06,6,9726.66,25.0827,70.165,36,12.5527,6380,1.4421,3,24,0,0,,254.903,2156.71,0.960424,147.23,23.3246,False,False,3,2.0306,False,1,,,single,True,1.384,True,A
4011,232644050,1,2621.38,6,12088.1,25.0422,5.83486,36,12.2011,4924,0.752187,3,24,0,0,9.82647,1123.47,1631.55,0.888949,281.706,55.1522,True,False,1,0.5,False,1,,,single,True,0.804754,True,B
4014,21019093,1,2620.51,24,2992.86,24.9681,26.671,144,12.0907,5816,1.4412,3,24,0,0,,188.659,1481.04,0.967824,272.982,52.1612,False,False,1,1.93391,False,1,,,single,True,0.767229,True,A
4017,91844695,1,2627.3,24,4160.57,24.9223,-0.668325,130,10.6579,5441.21,0.86865,3,24,0,0,2.56664,396.77,621.691,0.995849,141.508,23.8022,True,False,3,2.78483,True,2,,,single_partial,True,0.545229,True,B
4022,313109078,1,2620.82,4,5074.16,24.8713,19.3313,24,10.4583,5898,3.25697,3,24,0,0,3.34583,310.447,556.842,0.991425,201.148,77.3499,False,False,1,1.25704,False,1,,,single,True,2.25763,False,B
4024,63217623,1,2628.68,4,6476.3,24.8609,64.1571,24,11.7586,6066,0.972015,3,24,0,0,,138.782,1279.05,0.985062,157.023,17.5456,False,False,1,1.62448,False,1,,,single,True,0.761192,True,A
4025,149927512,3,2611.81,4,22334.3,24.8488,18.9999,24,12.1817,3231,0.271313,0.5,4,1,0,3.22468,11599.3,3112.62,0.993279,161.863,61.148,False,False,5,1.72118,False,4,,,single,True,0.394561,True,A
4034,372681117,1,2614.38,1,16265.6,24.7716,95.1667,6,11.6497,5499.89,1.11345,3,24,0,0,12.788,397.581,1233.63,0.991669,141.029,36.4862,True,False,6,2.28201,False,1,,,single,True,1.38186,True,B
4037,26987478,1,2617.09,4,6648.91,24.751,109.005,24,11.3506,4679,0.833591,3,24,0,0,6.86224,348.782,931.303,0.991022,150.732,21.587,False,False,2,1.81787,False,1,,,single,True,0.661433,True,A
4040,252803322,1,2610.88,16,6634.96,24.7304,16,85,11.6649,5686.35,1.9492,3,24,0,0,2.65702,298.641,1150.25,0.999018,166.438,45.2836,True,False,2,0.83158,False,1,,,single,True,1.54502,True,B
4041,233692576,1,2620.38,24,1490.65,24.729,29.8346,144,10.9558,6319,2.0428,3,24,0,0,,122.534,842.298,0.917684,275.707,60.2947,False,False,1,0.908937,False,1,,,single,True,0.767486,True,A
4061,383648114,1,2626.27,6,10897.4,24.5749,6.00149,36,12.1474,5809,0.913654,2,16,1,0,4.81302,1340.22,1417.08,0.964494,279.052,65.8131,True,False,2,1.56647,False,2,,,single,True,0.928114,True,B
4064,239204613,1,2610.21,3,13166.4,24.5638,2.16687,18,12.4031,5771.34,0.894778,3,24,0,0,5.41957,546.329,1957.75,0.997836,149.2,22.1808,True,False,3,1.70184,True,1,,,single_partial,True,0.999094,True,B
4067,258799245,1,2630.26,4,2513.63,24.494,77.171,24,9.5931,7568,2.66748,3,24,0,0,12.0207,142.542,374.015,0.993959,286.729,69.3783,False,False,1,1.93391,False,1,,,single,True,1.3014,True,A
4073,233636164,1,2635.65,8,10436.1,24.4322,8.1623,48,10.9791,5565.6,0.922674,1.5,12,1,0,4.57462,2302.26,936.472,0.599564,146.202,28.3035,True,False,5,2.49474,False,1,,,single,True,0.917222,True,B
4075,159289938,1,2626.86,16,1517.31,24.4246,33.6732,96,10.119,3989,0.684254,3,24,0,0,5.5494,124.269,454.532,0.990916,228.244,83.035,True,False,2,1.02497,False,2,,,single,True,0.259365,True,B
4082,103754198,1,2627.53,24,803.954,24.3735,32.0054,144,10.2745,6117,2.0113,3,24,0,0,,61.1741,560.224,0.995626,157.875,67.8733,False,False,1,0.966954,False,1,,,single,True,0.554945,True,A
4084,149912353,1,2620.29,24,642.084,24.3529,31.998,144,9.57448,6255,1.2381,3,24,0,0,,43.7242,371.47,0.975451,159.402,64.5462,False,False,1,1.29572,False,1,,,single,True,0.305287,True,A
4091,459979623,1,2626.61,24,5933.71,24.3177,17.8294,144,12.3872,5084,0.753802,3,24,0,0,12.2293,992.968,1566.97,0.971585,255.75,62.8637,True,False,3,1.08299,False,2,,,single,True,0.565038,True,B
4104,149441757,1,2630.14,1,30955.8,24.211,96.0017,6,12.9723,6033,2.22949,3,24,0,0,4.58327,457.73,2852.71,0.977837,140.889,24.2692,False,False,1,2.74615,False,1,,,single,True,3.81711,False,B
4133,9360742,1,2627.27,24,3403.75,23.9274,28.3336,144,12.3208,4309,0.690024,3,24,0,0,,217.418,1784.27,0.828538,150.426,40.5819,True,False,3,0.928276,False,1,,,single,True,0.391742,True,B
4136,420898553,1,2635.65,8,3541.05,23.907,7.84541,48,10.5914,5773,0.958166,3,24,0,0,3.81518,317.31,667.482,0.978231,273.339,50.3197,True,False,2,0.618851,False,1,,,single,True,0.554835,True,B
4141,8991287,1,2634.79,24,1840.78,23.8271,28.8447,144,11.6999,5361,2.26667,3,24,0,0,1.39899,242.152,1184.5,0.982854,167.227,33.4589,False,False,3,1.06365,False,1,,,single,True,0.946338,True,A
4150,149395840,1,2615.51,1.5,9042.62,23.75,124.5,9,11.5933,5928,1.07652,3,24,0,0,,146.313,1132.52,0.996349,139.52,24.8169,False,False,2,2.30135,False,1,,,single,True,0.996155,True,A
4155,4993992,1,2621.29,4,14618.6,23.6616,2.5021,24,11.7437,5548.53,1.79863,1.5,12,1,0,2.95532,848.234,1222.63,0.997813,149.962,33.8769,True,False,3,1.35374,True,2,,,single_partial,True,2.11618,False,B
4156,26958925,1,2626.25,6,4883.41,23.6577,5.99503,36,11.1044,5840.73,1.04486,3,24,0,0,6.22523,483.526,851.523,0.995169,149.698,18.7481,True,False,0,0.870259,False,1,,,single,True,0.710521,True,B
4159,27069382,2,2610.53,8,22646.4,23.6301,4.16633,48,11.9268,4692,0.781805,1.5,12,1,0,2.97114,1279.97,1328.65,0.994437,152.081,20.6998,True,False,3,1.87589,True,2,,,single_partial,True,1.14487,True,B
4162,61126804,1,2626.77,3,5312.58,23.5878,18.325,18,10.9101,6088.77,1.66076,3,24,0,0,6.88057,218.481,718.855,0.979463,154.69,17.1849,True,False,3,0.908937,False,1,,,single,True,1.17792,True,B
4164,103754726,1,2635.48,12,7485.45,23.549,12.1555,72,12.5344,5196,0.951674,1.5,12,1,0,3.99515,1637.23,2265.05,0.983966,158.226,66.9996,True,False,5,1.08299,False,1,,,single,True,0.801225,True,B
4171,16780412,1,2614.38,1,12923.2,23.4867,101,6,11.5116,6084.69,1.25176,3,24,0,0,2.48259,238.029,1192.52,0.998413,141.685,38.2864,True,False,5,3.09425,False,1,,,single,True,1.38473,True,B
4172,358617224,1,2635.77,4,12011.7,23.478,5.15419,24,11.5181,5686,0.88624,3,24,0,0,9.02492,854.16,1039.24,0.995395,177.411,79.0827,True,False,2,0.696207,False,2,,,single,True,0.945174,True,B
4178,166649237,1,2634.29,1.5,8795.58,23.4183,0.988295,9,11.4618,6542,1.7727,3,24,0,0,9.32061,208.111,1063.02,0.947097,166.244,31.8192,False,False,1,0.560833,True,1,,,single_partial,True,1.6178,True,B
4183,173002128,1,2627.15,24,2340.79,23.2761,25.4982,144,11.956,5845,1.16652,3,24,0,0,0.849897,240.106,1354.47,0.995236,150.523,32.918,True,False,3,1.2377,False,1,,,single,True,0.549201,True,B
4185,233073451,1,2635.74,6,10397.5,23.2553,5.83635,36,12.7025,3838,0.556348,1.25,10,1,0,2.86756,1464.53,2046.92,0.942099,271.112,62.5625,True,False,4,1.37307,False,2,,,single,True,0.552036,True,B
4190,287186540,1,2627.38,24,3148.6,23.1553,28.339,144,8.2309,6177,1.41002,3,24,0,0,0.95941,240.31,486.11,0.997429,150.241,61.6062,True,False,4,0.522155,False,1,,,single,True,0.769913,True,B
4193,138764031,1,2634.63,24,3129.6,23.1146,32.6795,144,12.0686,5250,0.885438,3,24,0,0,4.49961,421.374,1549.6,0.994026,164.337,26.1646,False,False,0,0.5,False,1,,,single,True,0.482014,True,A
4195,257063304,1,2625.82,8,3239.28,23.1106,8.33303,48,11.3886,5736,0.985839,3,24,0,0,9.11705,246.682,936.589,0.995741,228.209,72.097,False,False,1,0.812241,False,1,,,single,True,0.545994,True,A
4199,141129534,1,2626.54,8,8164.69,23.0569,8.00008,48,12.9198,5050.98,0.77332,3,24,0,0,9.13189,472.043,2504.74,0.989298,165.656,57.9702,True,False,4,0.908937,False,1,,,single,True,0.679965,True,B
4206,17188695,1,2627.42,24,8563.45,23.0113,29.5032,144,12.9046,3829,0.590639,3,24,0,0,3.71522,729.232,2730.21,0.878615,144.916,41.7764,True,False,4,1.91457,False,1,,,single,True,0.531868,True,B
4229,26973401,1,2619.61,1.5,6281.81,22.8863,1.17091,9,10.7108,6082.02,1.52518,3,24,0,0,5.92016,106.532,690.543,0.998248,150.111,21.8819,False,False,1,1.62448,True,1,,,single_partial,True,1.17631,True,B
4233,26972931,1,2635.75,6,7893.37,22.8564,5.83614,36,10.5658,4553.02,0.750971,3,24,0,0,6.10618,912.171,620.802,0.998647,150.132,19.5682,True,False,7,1.52779,False,1,,,single,True,0.64925,True,B
4237,138559117,1,2634.59,24,7996.73,22.8428,33.4991,144,12.4088,5597,0.879796,3,24,0,0,8.52314,803.833,1832.18,0.99546,174.473,60.2243,False,False,1,1.10233,False,1,,,single,True,0.765589,True,A
4238,26971759,1,2620.13,3,8426.82,22.8237,35.8376,18,11.7791,6781.06,1.46125,3,24,0,0,4.06902,357.745,1272.48,0.987125,150.022,21.944,False,False,0,1.60514,False,1,,,single,True,1.30531,True,A
4241,11893806,1,2627.37,16,5767.74,22.7986,29.4945,96,12.6361,3950.46,0.696308,3,24,0,0,3.89313,403.923,1975,0.986483,178.095,53.3923,True,False,1,0.5,False,1,,,single,True,0.51459,True,B
4243,27108011,1,2627.93,3,14606.9,22.7778,46.3278,18,12.7028,5249.87,0.967503,3,24,0,0,,307.366,2271.9,0.994256,152.747,23.3248,False,False,1,1.56647,False,1,,,single,True,1.13786,True,A
4253,26974076,1,2613.81,8,3364.05,22.7075,92.1667,48,11.3104,5906.3,1.27115,3,24,0,0,5.20418,188.028,947.823,0.993538,150.194,22.364,False,False,2,1.5858,False,1,,,single,True,0.717439,True,A
4261,39140837,1,2610.36,1.5,7893.37,22.6634,3.66667,9,10.012,5779,1.58592,3,24,0,0,10.6512,293.699,742.415,0.851626,168.272,40.1777,True,False,4,0.966954,False,1,,,single,True,1.3711,True,B
4265,263634153,1,2634.71,24,3513.09,22.5971,30.6539,144,12.2629,5807,0.908862,3,24,0,0,4.72727,293.454,1608.52,0.99341,160.027,72.1932,False,False,2,1.08299,False,1,,,single,True,0.524204,True,A
4275,288632530,1,2614.75,12,13317.5,22.5203,7.16803,44,11.8742,6166,1.78103,1.5,12,1,0,2.14435,635.806,1291.69,0.980851,278.297,79.1962,False,False,1,1.12167,False,1,,,single,True,2.00005,False,B
4276,366122822,1,2626.71,24,5026.33,22.4977,30.8272,144,11.6062,5165.6,0.784639,3,24,0,0,4.56234,295.234,1248.15,0.976701,273.976,50.4644,True,False,2,0.63819,False,1,,,single,True,0.541319,True,B
4286,219731895,1,2612.07,24,5879,22.4061,38.6667,144,12.9375,5396,0.885127,3,24,0,0,10.6365,1230.82,2391.37,0.773717,229.597,74.8455,False,False,2,0.85092,False,1,,,single,True,0.660412,True,A
4288,284899920,1,2635.79,3,8794.12,22.4018,4.50935,18,11.2013,5742,1.79531,1.5,12,1,0,2.94813,986.873,846.377,0.973174,260.994,58.5656,True,False,3,0.928276,False,2,,,single,True,1.6383,True,B
4290,159343946,1,2626.98,24,4856.25,22.3824,36.6721,144,12.6417,3671,0.556858,3,24,0,0,5.54942,457.72,2104.01,0.960458,235.162,81.0462,True,False,1,1.48911,False,1,,,single,True,0.377618,True,B
4304,310782264,1,2635.77,4,5776.76,22.2059,5.1567,24,10.8774,4967,0.793047,1.25,10,1,0,3.35612,1707.59,729.525,0.986215,156.583,62.4657,True,False,6,1.19902,False,2,,,single,True,0.586541,True,B
4306,91990910,1,2611.34,3,13653.5,22.2032,1.16715,17,11.8289,5659,1.6809,2,16,1,0,2.85184,781.303,1450.31,0.980999,144.886,20.9233,True,False,5,2.18532,True,1,,,single_partial,True,1.91127,True,B
4307,160491359,1,2635.71,6,2422.74,22.2,6.49805,36,10.3366,4884,0.799716,3,24,0,0,9.11703,143.75,507.621,0.989491,239.018,73.0739,True,False,4,1.16034,False,2,,"2103.01,2103.02",single,True,0.383042,True,B
4309,88004694,1,2634.78,24,4303.13,22.1848,28.4986,144,12.6752,6257,1.37771,3,24,0,0,,353.934,2386.3,0.95708,146.87,21.6849,False,False,3,2.70747,False,1,,,single,True,0.879443,True,A
4315,149927531,3,2611.83,3,28664.7,22.1329,19.3333,18,12.4151,5060,0.957802,0.5,4,1,0,3.22468,14908.8,3970.2,0.967145,161.994,61.241,False,False,7,1.95325,False,5,,,single,True,1.578,True,A
4321,105508231,1,2616.79,3,13444.7,22.0955,0.832524,14,12.6112,5574.85,0.915401,3,24,0,0,13.0033,1824.55,1960.33,0.966901,148.991,43.129,False,False,0,1.06365,True,1,,,single_partial,True,1.03287,True,B
4337,198237613,1,2610.96,12,6116.59,21.9592,12,72,11.3017,5898,1.75484,2,16,1,0,10.3589,7399.06,864.037,0.978631,248.934,63.2957,True,False,2,0.85092,False,2,,,single,True,1.33552,True,B
4338,1068186,1,2612.22,2,10728.3,21.9503,56.8333,12,12.1813,5694.54,1.4167,3,24,0,0,,177.216,1619.33,0.96774,154.656,24.4797,False,False,0,2.04994,False,1,,,single,True,1.42791,True,A
4342,356540194,1,2610.56,1,40197.1,21.9179,3.5,6,12.2193,6151,1.23286,0.75,6,1,0,3.17181,5872.78,3591.96,0.976495,153.048,64.9556,True,False,4,0.734885,False,7,,,single,True,2.4053,False,B
4344,237214311,1,2632.53,6,8497.19,21.9117,82.8215,36,12.481,5818,1.20614,3,24,0,0,12.2949,403.005,1928.98,0.881259,294.969,74.6869,False,False,3,1.17968,False,1,,,single,True,1.08191,True,A
4357,88047852,1,2626.69,12,3588.03,21.812,-0.49774,58,11.5126,5992,2.29175,3,24,0,0,,145.578,1057.99,0.975435,147.626,23.527,True,False,1,1.75986,True,1,,,single_partial,True,1.33583,True,B
4374,257060486,1,2634.76,24,3576.21,21.7081,29.3318,144,12.5162,5285,0.963674,3,24,0,0,,212.807,1901.48,0.987018,227.072,72.8665,False,False,2,0.715546,False,1,,,single,True,0.560789,True,A
4379,149438764,1,2626.5,8,9796.01,21.6642,8.3357,35,12.6543,5871.9,1.32541,3,24,0,0,7.53257,405.201,2102.96,0.990791,140.483,26.3185,True,False,1,2.24333,False,1,,,single,True,1.27653,True,B
4380,233519477,1,2621.13,12,2486.4,21.6617,11.8376,72,11.114,5358,1.06328,3,24,0,0,9.82656,254.96,797.312,0.993314,271.224,53.6039,False,False,5,1.81787,False,1,,,single,True,0.515929,True,A
4384,16849005,1,2614.38,1,9001.45,21.6275,103.333,6,10.9534,5911.97,1.40808,3,24,0,0,2.44492,183.499,843.736,0.998806,142.592,40.5714,True,False,9,2.88152,False,1,,,single,True,1.29999,True,B
4394,3908305,1,2632.94,1.5,20840.7,21.5677,73.1687,9,12.9928,4258.53,0.73224,3,24,0,0,,331.999,2809.71,0.993817,151.528,24.788,False,False,0,1.17968,False,1,,,single,True,1.02865,True,A
4400,357033670,1,2631.85,4,5841.76,21.5461,99.1744,24,11.5612,6170.26,1.23964,3,24,0,0,3.7572,192.911,1035.7,0.957653,274.099,55.5538,False,False,2,2.14664,False,2,,,single,True,0.921987,True,A
4412,309999580,1,2612.08,24,2974.4,21.4663,38.8333,144,10.8619,5941,1.19047,3,24,0,0,10.6335,526.675,823.972,0.92826,211.074,81.6319,False,False,1,0.715546,False,1,,,single,True,0.631794,True,A
4417,20139870,1,2628.41,12,4592.42,21.4173,-0.662211,49,11.8372,5360.72,1.43465,3,24,0,0,13.0033,2836.46,1246.15,0.958377,145.107,42.7515,False,False,0,1.52779,True,2,,,single_partial,True,0.946072,True,B
4418,230133616,1,2633.65,8,5910.12,21.4126,56.0005,48,12.2006,6162,2.52696,3,24,0,0,4.03786,308.156,1528.04,0.976997,252.267,69.6064,False,False,1,1.02497,False,1,,,single,True,1.8904,True,A
4420,259130905,1,2627.91,16,4162.12,21.3973,16.0053,96,12.3587,5555,1.44822,3,24,0,0,11.9234,455.506,1913.38,0.857072,291.661,69.7347,False,False,1,1.97259,False,1,,,single,True,0.909179,True,A
4423,367672781,1,2626.18,8,1924.03,21.3848,8.00634,48,10.3996,5911,1.26386,3,24,0,0,8.97551,260.386,554.847,0.995292,195.878,81.51,False,False,3,0.5,False,1,,,single,True,0.539464,True,A
4429,3906921,1,2626.52,12,8119.24,21.329,12.1627,62,12.8606,5151.61,0.910871,3,24,0,0,,334.965,2662.38,0.893491,151.464,26.5092,True,False,1,1.2377,False,1,,,single,True,0.798679,True,B
4430,219467837,1,2634.42,6,7679.1,21.3237,37.4951,36,12.64,5989,1.44918,3,24,0,0,11.594,278.549,1943.98,0.969613,210.064,75.0845,False,False,0,0.908937,False,1,5621.01,5621.01,single,True,1.23576,True,A
4432,4753058,1,2620.37,24,2475.86,21.3173,30.1674,144,10.2777,5824,1.1592,3,24,0,0,5.34138,236.934,755.197,0.78452,145.618,31.2799,False,False,2,1.3344,False,3,,,single,True,0.56128,True,A
4433,88006318,1,2627.31,24,3017.84,21.296,28.1642,144,11.6639,6221.55,1.40116,3,24,0,0,1.0026,283.992,1303.06,0.83934,146.968,20.9678,True,False,1,2.34003,False,1,,,single,True,0.74902,True,B
4437,232962485,2,2634.97,24,6022.97,21.2867,24.3318,144,12.4291,4675,0.799441,3,24,0,0,5.87846,811.247,1721.98,0.998179,196.434,69.5369,False,False,2,0.812241,False,2,,,single,True,0.603739,True,A
4438,148655881,1,2627.29,24,1346.55,21.2737,26.8333,144,11.4206,6086,1.13474,3,24,0,0,,113.601,1011.38,0.951128,158.14,50.4797,True,False,1,0.618851,False,1,,,single,True,0.405196,True,B
4439,39072296,1,2635.65,8,10499.9,21.2649,8.15375,48,12.5136,5670.12,1.4328,3,24,0,0,4.48386,596.199,1938.6,0.989786,139.261,36.8707,True,False,2,2.49474,False,1,,,single,True,1.42868,True,B
4442,239196073,1,2613.15,1.5,13467.1,21.2379,67,9,12.283,5586.18,1.02236,3,24,0,0,5.12497,269.753,1749.78,0.959902,146.52,27.7377,False,False,2,2.4754,False,1,,,single,True,1.15451,True,A
4450,67666124,1,2635.65,8,8151.56,21.1801,8.16014,48,11.237,5819.52,1.87095,2.5,20,1,0,5.17078,1314.69,863.572,0.993804,148.633,40.5386,True,False,3,1.02497,False,1,,,single,True,1.64377,True,B
4451,86102953,1,2633.92,16,4350.69,21.1645,1.6733,78,12.5736,6059.68,1.97245,3,24,0,0,,292.253,2072.16,0.975535,139.889,23.438,False,False,1,1.93391,True,1,,,single_partial,True,1.26603,True,B
4452,8770220,1,2614.38,1,27364.1,21.1591,94.3333,6,12.7347,6341,1.20014,3,24,0,0,2.45588,592.645,2453.74,0.951754,140.597,35.244,True,False,5,2.18532,False,1,,,single,True,1.93188,True,B
4457,87955069,1,2626.5,6,6030.22,21.1128,4.4982,36,11.503,5915,1.30952,3,24,0,0,4.0104,312.131,1104.7,0.99103,145.982,21.5871,True,False,4,2.51408,False,1,,,single,True,0.989546,True,B
4458,229480555,1,2634.5,3,13451,21.1123,35.4925,18,12.7782,5899,1.57039,3,24,0,0,4.75688,418.194,2479.96,0.684003,295.455,65.9119,False,False,5,2.08862,False,1,,,single,True,1.77232,True,A
4459,279979391,1,2635.11,16,41912.3,21.078,20.6564,69,10.0539,6227,1.31443,2,16,1,0,8.88874,12005.2,5869.29,0.98543,297.014,70.3201,False,False,2,1.64382,False,1,,,single,True,2.61858,False,B
4472,232974935,1,2634.78,24,2355.43,20.9431,28.9985,144,12.8044,6209,1.31449,3,24,0,0,,267.543,2138.25,0.986032,200.325,70.2997,False,False,2,0.986293,False,1,,,single,True,0.620798,True,A
4474,115811059,1,2611.91,8,4163.29,20.9326,46.3333,48,12.0278,6024.8,0.94329,3,24,0,0,11.8212,219.099,1420.82,0.99004,150.569,43.0324,False,False,0,1.17968,False,1,,,single,True,0.592272,True,A
4476,147939642,1,2634.53,24,5091.81,20.9299,34.8251,144,12.8507,4690,0.678134,3,24,0,0,11.6034,1018.11,2493.56,0.960141,166.998,67.6356,False,False,3,1.00563,False,1,,,single,True,0.470879,True,A
4482,156200806,1,2635.46,12,6392.72,20.8599,12.4883,72,12.8533,4574,0.679077,2,16,1,0,2.43255,750.057,2437.81,0.811682,184.143,79.422,True,False,3,0.986293,False,1,,,single,True,0.528347,True,B
4490,313340030,1,2627.65,16,3559.92,20.8171,16.0046,96,11.9898,5512,0.857975,3,24,0,0,3.65104,288.585,1300.93,0.90288,179.267,74.7502,False,False,4,1.21836,False,1,,,single,True,0.498141,True,A
4493,157879083,1,2627.01,1.5,8634.04,20.8129,20.9908,9,11.7297,5820.65,1.56926,3,24,0,0,,154.267,1185.28,0.995102,191.67,52.6986,True,False,0,0.5,False,1,,,single,True,1.41892,True,B
4500,117508791,1,2619.78,1.5,17089.9,20.7802,44.332,9,12.4752,5790.18,1.33543,3,24,0,0,4.58325,456.019,2022.41,0.98364,138.254,25.2452,False,False,2,2.45606,False,1,,,single,True,1.69882,True,A
4502,224298891,1,2620.63,24,4709.6,20.7541,23.8383,144,12.0985,5519.25,0.969288,3,24,0,0,8.45992,888.839,1534.36,0.997563,185.499,56.7299,False,False,1,1.10233,False,3,,,single,True,0.647295,True,A
4509,198537783,1,2614.55,16,6401.72,20.7019,46.8365,80,11.8862,3175,0.384048,2,16,1,0,11.6069,6861.48,1571.83,0.996358,237.183,60.6027,False,False,1,0.754224,False,1,,,single,True,0.299014,True,A
4512,138507190,1,2627.44,24,3746.1,20.6958,28.5034,144,12.8756,5951,0.906449,3,24,0,0,,268.811,2535.4,0.995788,158.017,61.2096,True,False,4,1.85655,False,1,,,single,True,0.539872,True,B
4515,27068699,1,2618.75,4,18238.7,20.6827,69.0058,24,12.9421,4391.35,0.668338,1.25,10,1,0,3.35206,3166.69,2984.63,0.977538,151.97,18.6883,False,False,1,1.50845,False,1,,,single,True,0.878315,True,A
4517,91990847,1,2629.78,1,11986.4,20.6704,87.3321,6,11.9651,6293,1.93362,3,24,0,0,,199.909,1440.84,0.997224,144.857,21.2156,False,False,1,2.35937,False,1,,,single,True,2.06003,False,B
4519,356631074,1,2627.33,24,1851.71,20.6627,27.0043,144,12.0386,5953,1.12921,3,24,0,0,,156.846,1487.34,0.902143,160.804,66.5435,True,False,3,0.870259,False,1,,,single,True,0.472845,True,B
4520,39139273,1,2626.36,6,4562.47,20.6616,6.16638,36,10.9816,3592,0.674245,3,24,0,0,4.64407,346.654,774.879,0.992917,152.103,41.4277,True,False,3,0.947615,False,1,,,single,True,0.443175,True,B
4521,95429676,1,2610.34,12,12514.7,20.6274,-1.16709,55,12.9402,5704,1.24075,3,24,0,0,1.44517,476.982,2884.13,0.991809,154.826,23.6396,True,False,6,2.04994,True,1,,,single_partial,True,1.35068,True,B
4527,82221735,1,2629.93,6,5743.78,20.6033,93.9963,36,12.1711,5691.73,1.52957,3,24,0,0,,166.726,1663.05,0.986133,150.684,25.3971,False,False,1,0.966954,False,1,,,single,True,1.12804,True,A
4530,233431456,1,2610.83,2,9564.88,20.5825,1.3332,12,11.706,4851.48,0.770218,1.5,12,1,0,1.85284,534.46,1221.19,0.998633,145.642,28.6258,True,False,6,2.41738,True,1,,,single_partial,True,0.733012,True,B
4531,256979740,1,2627.1,24,3424.84,20.5671,30.0025,144,12.8335,5019,0.744829,3,24,0,0,7.48972,373.492,2179.12,0.978614,223.114,76.4289,True,False,1,0.734885,False,1,,,single,True,0.424164,True,B
4538,252962686,1,2610.13,1,6154.07,20.4575,3.66667,6,10.0422,6401,1.68138,3,24,0,0,1.80946,199.074,635.736,0.893008,151.368,33.1715,True,False,5,1.06365,False,2,,,single,True,1.28353,True,B
4540,232606500,1,2626.61,24,2268.25,20.4435,18.163,144,12.1929,5903,1.23112,3,24,0,0,,184.194,1440.81,0.961896,258.231,62.7359,True,False,1,0.812241,False,1,,,single,True,0.570563,True,B
4541,26984865,1,2628.14,1.5,10257.4,20.4287,50.996,9,11.4949,6143,1.08386,3,24,0,0,5.17501,369.343,1115.56,0.904214,150.429,23.8367,False,False,0,1.29572,False,1,,,single,True,1.06819,True,A
4545,310097980,1,2626.3,24,5749.9,20.4106,24.8267,144,12.9858,5709,0.92803,3,24,0,0,9.86929,420.373,2635.29,0.887606,230.487,61.8534,True,False,3,1.12167,False,1,,,single,True,0.684778,True,B
4546,202380134,1,2626.43,24,4279.76,20.409,26.496,144,12.5112,5709,2.90926,3,24,0,0,6.10124,310.132,1679.24,0.990652,209.308,65.3783,True,False,1,0.5,False,1,,,single,True,1.85204,True,B
4549,14900066,1,2627.31,24,1509.95,20.3805,26.3265,144,11.4082,3712,0.466191,3,24,0,0,,116.75,1012.85,0.941575,159.918,32.4519,True,False,5,1.66316,False,1,,,single,True,0.17628,True,B
4556,156512630,1,2635.73,6,2622.62,20.3139,6.16196,36,9.9462,5038,0.760964,3,24,0,0,8.39776,287.395,415.143,0.98613,221.641,75.6565,True,False,5,1.27638,False,2,,,single,True,0.379218,True,B
4557,233744223,1,2635.58,8,5219.31,20.3022,9.66568,48,11.7661,5962,1.89053,3,24,0,0,8.92112,421.592,1141.55,0.937454,278.419,64.7551,True,False,7,1.87589,False,1,,,single,True,1.32907,True,B
4563,414986192,1,2626.31,2,4777.5,20.2844,1.66552,12,10.7359,6371,1.97047,3,24,0,0,3.88885,178.357,641.087,0.99868,141.334,22.4648,True,False,1,1.7792,True,2,,,single_partial,True,1.32534,True,B
4565,9376710,2,2635.17,16,4228.83,20.2613,19.5072,96,9.4349,4097,0.630805,3,24,0,0,10.1217,630.387,338.666,0.998603,166.98,40.2046,False,False,0,0.928276,False,2,,,single,True,0.399174,True,A
4569,219898294,1,2627.38,2,9277.81,20.2101,28.6671,12,11.7379,5079,0.877292,3,24,0,0,3.76999,460.659,1139.16,0.916032,263.464,69.0773,True,False,3,1.3344,False,1,,,single,True,0.822289,True,B
4572,318231809,1,2629.12,1,5834.51,20.1774,70.6655,6,10.7304,5814.22,1.2557,3,24,0,0,,78.887,671.654,0.977821,163.043,52.128,False,False,1,0.85092,False,1,,,single,True,0.933352,True,A
4574,8191674,1,2631.43,1.5,5512.45,20.1687,109.335,9,11.0365,6171.73,1.47471,3,24,0,0,,80.0235,789.745,0.996653,156.486,36.9121,False,False,0,0.5,False,1,,,single,True,1.06546,True,A
4582,53579999,1,2627.37,16,5749.66,20.1385,27.9923,96,10.8723,5556.94,2.76655,2.5,20,1,0,4.42296,929.364,734.057,0.997076,183.686,51.9097,True,False,2,0.63819,False,2,,,single,True,2.04135,False,B
4592,149362794,1,2611.89,1,4959.92,20.0396,37.6667,6,10.2751,5424,1.1324,3,24,0,0,,73.5844,520.96,0.998329,138.694,26.454,False,False,1,2.22399,False,1,,,single,True,0.776059,True,A
4596,233187772,1,2616.77,1.5,12071.3,20.011,116.503,9,12.2419,6074,1.83126,3,24,0,0,9.85851,755.039,1525.54,0.993828,225.202,67.5096,False,False,1,0.928276,False,1,,,single,True,1.95788,True,A
4599,308073360,1,2613.38,4,6138.58,19.9821,82.5,24,11.366,5773.87,1.21487,3,24,0,0,5.42682,270.548,1055.75,0.995671,152.666,24.2733,False,False,2,1.56647,False,1,3837.01,3837.01,single,True,0.926235,True,A
4600,91968951,1,2613.98,4,7729.7,19.9813,87.8333,23,12.2651,5855,0.947474,3,24,0,0,7.12959,280.563,1750.43,0.998691,144.353,21.3771,False,False,0,1.95325,False,1,,,single,True,0.810599,True,A
4603,85293053,1,2618.71,4,3571.95,19.9559,70.0045,24,9.3523,5583.1,0.995254,3,24,0,0,5.67333,442.245,356.545,0.981512,156.838,34.391,False,False,1,0.5,False,1,,"1772.01,1772.02",single,True,0.578821,True,A
4604,357128249,1,2621.38,6,7456.73,19.9532,5.83563,36,12.4084,5309.27,0.910192,3,24,0,0,9.82649,638.159,1773.09,0.950477,275.337,57.1033,True,False,5,1.37307,False,1,,,single,True,0.76483,True,B
4608,149438303,1,2615.24,6,41633.6,19.9325,2.49963,33,12.7712,5090.84,0.786057,1.5,12,1,0,7.82973,7877.48,2557.22,0.996166,140.415,28.5645,False,False,2,2.41738,True,1,,,single_partial,True,1.56075,True,B
4619,16813543,1,2612.02,24,3004.94,19.893,39.1667,144,12.5354,5085.74,0.769873,3,24,0,0,4.41324,362.648,2020.51,0.982862,142.359,36.895,False,False,2,2.51408,False,1,,,single,True,0.410672,True,A
4621,341688154,1,2633.87,1.5,6070.73,19.8743,50.8318,9,10.9073,5592,1.48814,3,24,0,0,,94.8855,874.216,0.687062,192.213,68.5917,False,False,1,0.773563,False,2,,,single,True,1.12829,True,A
4626,289715164,1,2635.65,8,4689.25,19.8582,8.16062,48,11.7489,5612.73,0.848579,3,24,0,0,2.79087,424.987,1226.03,0.993753,145.52,30.9993,True,False,4,1.27638,False,1,,,single,True,0.56546,True,B
4627,88115150,1,2635.66,8,7126.68,19.8511,7.83427,48,10.4292,3423,0.40316,3,24,0,0,4.89317,560.025,634.852,0.99743,148.565,20.4258,True,False,5,1.35374,False,1,,,single,True,0.331191,True,B
4638,154007247,1,2614.42,24,2938.98,19.7537,98,126,8.6952,5739,0.876517,3,24,0,0,11.6604,945.361,1468.24,0.883586,205.06,68.7378,True,False,0,0.560833,False,1,,,single,True,0.462398,True,B
4641,92007008,1,2628.69,2,15708.2,19.7459,61.1653,12,12.8714,5303.89,1.0229,3,24,0,0,,306.791,2765.81,0.996457,145.272,21.6296,False,False,4,2.49474,False,1,,,single,True,1.24754,True,A
4648,26985028,2,2635.28,16,8513.07,19.7225,17.0018,96,11.6168,5108.36,0.847051,2.5,20,1,0,5.99829,1679.78,1131.36,0.993709,150.527,22.8654,True,False,4,1.5858,False,2,,,single,True,0.760519,True,B
4652,149344975,1,2612.3,2,5613.46,19.6838,0.833073,11,10.2734,5317,0.766265,3,24,0,0,1.88722,319.108,531.117,0.991084,138.586,26.4756,False,False,3,2.26267,True,1,,,single_partial,True,0.558665,True,B
4655,17104287,1,2626.46,6,1838.29,19.6727,6.00348,36,9.619,6400.37,2.61759,3,24,0,0,4.64402,135.761,356.207,0.999436,144.069,41.0605,True,False,2,2.26267,False,1,,,single,True,1.09211,True,B
4657,414963845,1,2629.84,8,6997.65,19.6682,-1.49676,31,11.99,5996,1.63917,3,24,0,0,4.58328,301.28,1446.43,0.981432,140.671,22.9406,False,False,0,1.70184,True,1,,,single_partial,True,1.33431,True,B
4658,165299057,1,2627.34,24,3327.12,19.6651,27.827,144,12.4708,5558.61,1.8171,3,24,0,0,,214.576,1908.9,0.989648,157.278,29.6642,True,False,2,0.947615,False,1,,,single,True,1.01993,True,B
4661,115809681,1,2610.14,1.5,7478.04,19.6503,3.83333,9,10.9703,6377,1.54468,3,24,0,0,1.80994,272.951,953.786,0.615693,150.458,43.4658,True,False,5,0.986293,False,1,,,single,True,1.29984,True,B
4665,91966316,1,2621.38,6,10322.9,19.6159,6.00163,36,12.3527,3963.9,0.74972,3,24,0,0,5.1333,946.886,1849.09,0.99433,144.083,21.7126,True,False,5,2.14664,False,1,,,single,True,0.741236,True,B
4673,356786818,1,2628.98,24,1558.78,19.5785,63.1721,140,11.3137,4811,0.824381,3,24,0,0,5.6328,236.693,987.145,0.775974,269.091,77.8598,False,False,2,1.45043,False,2,,,single,True,0.316721,True,A
4678,311234041,1,2626.19,6,7196.91,19.5379,6.83238,36,12.3537,5379,0.942089,2,16,1,0,4.32712,1382.61,1707.35,0.975204,253.551,68.6729,False,False,3,1.19902,False,2,,,single,True,0.777718,True,A
4683,144294707,1,2632.42,3,11402.3,19.5191,85.5124,18,12.6523,6819.46,1.86248,3,24,0,0,,229.845,2256.02,0.919289,169.513,34.6961,False,False,1,0.5,False,1,,,single,True,1.93528,True,A
4691,199685440,1,2627.02,24,4504.02,19.4684,38.1598,143,12.3601,4064,0.74468,3,24,0,0,5.31984,657.115,1711.83,0.959888,252.636,58.2877,True,False,3,1.04431,False,1,,,single,True,0.486326,True,B
4693,203251985,1,2628.22,6,5488.19,19.4636,6.00571,36,10.6649,4267.88,0.709559,3,24,0,0,3.6056,550.737,777.395,0.900554,135.702,23.1405,False,False,4,0.754224,False,2,,,single,True,0.511518,True,A
4701,441741446,1,2628.05,1.5,9992.87,19.4107,27.0037,9,12.1279,4758,1.02456,3,24,0,0,,183.232,1390,0.935797,259.844,75.9354,False,False,3,0.560833,False,1,,,single,True,0.996644,True,A
4704,219817840,1,2621.42,4,15732.3,19.3846,4.83462,24,12.264,4993,1.06084,3,24,0,0,9.81842,2712.15,1523.44,0.985262,267.649,64.0142,True,False,3,1.12167,False,1,,,single,True,1.2948,True,B
4706,366515778,1,2626.23,4,7049.9,19.3762,5.00754,24,11.4372,5051,0.771192,1,8,1,0,7.82103,17560,995.356,0.918225,302.271,70.1052,False,False,1,2.14664,False,2,,,single,True,0.630103,True,A
4714,171646883,1,2618.79,1.5,12075.1,19.3361,68.0087,9,12.301,5633,1.58549,3,24,0,0,,192.974,1907.52,0.956878,158.914,19.0273,False,False,3,1.12167,False,1,,,single,True,1.69538,True,A
4718,149442624,1,2613.27,4,11961,19.3215,55,24,12.4926,3678,0.527962,3,24,0,0,4.31267,459.817,2003.21,0.833508,140.861,28.4466,False,False,3,2.34003,False,1,,,single,True,0.561881,True,A
4721,298129602,1,2625.8,8,6567.11,19.295,8.00209,48,11.7104,6240,2.06945,1.5,12,1,0,2.09257,617.383,1456.04,0.822804,202.805,74.8287,False,False,0,1.17968,False,1,,,single,True,1.63192,True,A
4728,330705598,1,2635.68,6,6053.01,19.2536,4.50816,36,11.9515,6037.76,1.17279,3,24,0,0,4.75554,217.754,1293.25,0.996063,141.727,28.4578,True,False,7,2.78483,False,2,,,single,True,0.887899,True,B
4736,8864960,1,2626.72,12,7708.42,19.2277,12.0028,72,12.9762,5395.77,1.23187,3,24,0,0,,314.726,2690.42,0.989666,142.877,34.1238,True,False,5,1.3344,False,1,,,single,True,1.05246,True,B
4741,366123495,1,2635.66,8,2307.05,19.1866,7.84424,48,7.6608,5729,1.39614,3,24,0,0,9.57015,351.724,164.069,0.977686,273.917,51.6295,True,False,4,1.79853,False,1,,,single,True,0.652552,True,B
4748,198206622,1,2626.08,6,6855.78,19.1316,15.3287,36,12.0631,5585,1.73539,3,24,0,0,5.10562,276.289,1313.25,0.978183,247.041,63.5335,False,False,0,0.5,False,1,,,single,True,1.39824,True,A
4772,198207865,1,2626.69,24,3847.58,19.0079,30.1616,144,12.6904,4636,0.641606,3,24,0,0,,262.26,1923.49,0.973999,247.197,62.6642,True,False,0,0.5,False,1,,,single,True,0.387275,True,B
4774,355175872,1,2627.26,24,3723.75,18.9986,26.1717,144,12.517,5653.61,1.23883,3,24,0,0,,220.881,1968.9,0.997939,139.801,38.4513,True,False,2,2.80417,False,1,,,single,True,0.73563,True,B
4779,149367754,1,2621.29,4,7127.67,18.9751,0.334742,15,11.7968,5689.87,0.949691,3,24,0,0,12.8331,568.872,1276.12,0.991963,138.91,29.0062,True,False,0,2.41738,True,1,,,single_partial,True,0.780214,True,B
4781,383645790,1,2621.44,3,5683.05,18.9516,4.33383,18,10.8668,5757,0.981616,3,24,0,0,4.82907,525.826,765.38,0.975451,278.879,60.8783,True,False,4,1.12167,False,1,,,single,True,0.720095,True,B
4782,105483463,1,2614.38,1,8791.72,18.9507,104.333,6,11.4115,5739,0.954316,3,24,0,0,8.11183,247.937,1018.2,0.998199,143.823,43.393,True,False,5,2.04994,False,2,,,single,True,0.870736,True,B
4790,383675374,1,2611.13,6,8614.45,18.893,5.83333,36,12.064,5642,0.927905,1.25,10,1,0,4.64636,4091.21,1539.92,0.864651,279.331,60.6751,True,False,3,1.27638,False,1,,,single,True,0.838059,True,B
4793,117420476,1,2614.32,2,9167.92,18.8514,1.3332,12,12.0414,5864.49,2.44539,3,24,0,0,7.54887,233.295,1456.34,0.998961,137.88,28.6921,True,False,4,1.70184,True,1,,,single_partial,True,2.27846,False,B
4796,138710182,1,2635.79,3,9445.78,18.8416,4.65398,18,11.8487,5202.89,0.734836,2,16,1,0,4.48652,1545.92,1418.49,0.979464,137.128,28.9327,True,False,4,1.41175,False,2,,,single,True,0.694971,True,B
4799,95362682,1,2620.88,1.5,17825.3,18.8337,18.006,9,12.9372,6155.47,1.4183,3,24,0,0,,381.989,2899.56,0.985622,154.388,22.9756,False,False,0,1.6825,False,1,,,single,True,1.84265,True,A
4804,155878645,1,2635.83,2,11325.8,18.823,3.84429,12,11.4435,5295,0.870276,3,24,0,0,4.49082,730.436,1017.67,0.998778,196.971,56.0377,True,False,2,0.580172,False,2,,,single,True,0.901258,True,B
4807,8941409,1,2627.16,24,4850.35,18.8034,24.1642,144,12.9143,3679,0.524611,3,24,0,0,,349.526,2738.48,0.984263,153.097,35.2849,True,False,2,0.812241,False,1,,,single,True,0.355534,True,B
4812,219777008,1,2621.38,6,2293.46,18.7856,5.83643,36,9.92939,5529,1.02679,3,24,0,0,12.7744,255.92,461.582,0.994126,263.772,60.5494,True,False,1,0.947615,False,1,,,single,True,0.478503,True,B
4817,198361391,1,2627.02,24,1385.86,18.7647,26.4946,144,11.0376,5891,1.79484,3,24,0,0,,114.546,777.067,0.996161,256.819,59.9274,True,False,3,0.773563,False,1,,,single,True,0.650195,True,B
4818,27068436,1,2626.25,6,8173.63,18.7642,5.994,36,12.1324,5595.51,0.921405,3,24,0,0,5.02808,950.196,1602.26,0.995507,151.995,20.035,True,False,2,2.20466,False,1,,,single,True,0.810617,True,B
4822,147686607,1,2625.46,6,1682.93,18.7521,6.16397,36,9.5374,6518,1.39602,3,24,0,0,3.4788,58.2046,358.569,0.991028,189.791,63.9131,False,False,0,0.947615,False,1,,,single,True,0.557292,True,A
4825,173004285,1,2617.4,3,4318.6,18.738,101.336,18,11.2233,6369,1.2966,3,24,0,0,,106.667,895.715,0.990041,150.829,33.3141,False,False,0,1.31506,False,1,,,single,True,0.829153,True,A
4826,159452944,1,2612.14,24,2082.78,18.7267,40.3333,144,10.1637,6264,1.62399,3,24,0,0,10.6335,315.964,572.955,0.905205,242.652,79.779,False,False,3,0.85092,False,1,,,single,True,0.721211,True,A
4828,166178900,1,2626.38,24,3258.02,18.7073,23.9942,144,11.4307,5681,0.863346,3,24,0,0,12.7953,660.541,949.692,0.985916,217.677,63.1056,True,False,1,1.64382,False,1,,,single,True,0.479534,True,B
4830,446128951,1,2612.34,24,3518.28,18.7061,44,144,10.9568,5370.37,0.843258,3,24,0,0,6.37139,561.581,850.158,0.915526,146.28,56.1362,False,False,0,0.5,False,1,,,single,True,0.486724,True,A
4833,138686624,1,2619.34,2,3253.15,18.6757,54.8309,12,10.202,6626.39,1.96785,3,24,0,0,3.29053,113.59,504.081,0.996782,136.655,28.8335,False,False,1,1.27638,False,1,,,single,True,1.0922,True,A
4837,402442869,1,2611.62,16,758.473,18.6613,16,96,9.3461,5513,0.890308,3,24,0,0,,49.8471,345.827,0.94831,294.268,71.5707,True,False,4,1.6825,False,1,,,single,True,0.238599,True,B
4839,219811619,1,2612.82,24,1315.91,18.658,46.3333,144,10.5211,5725,1.63688,3,24,0,0,7.38161,573.73,606.083,0.989722,266.871,60.17,False,False,1,1.39241,False,1,,,single,True,0.577813,True,A
4845,27002839,1,2633.84,3,15889.1,18.6425,51.6688,18,12.8964,4097,0.71382,3,24,0,0,10.816,504.725,2682.43,0.970185,151.168,23.5029,False,False,3,1.6825,False,1,,,single,True,0.87558,True,A
4846,357132884,1,2630.84,1.5,14477.4,18.6402,110.837,9,12.6708,5895.5,1.35003,3,24,0,0,0.769423,316.525,2074.57,0.97653,144.266,42.6123,False,False,1,2.08862,False,1,,,single,True,1.58069,True,A
4851,307958358,1,2635.65,8,8234.11,18.6309,8.16526,48,12.84,4563.44,0.719819,3,24,0,0,5.13332,600.07,2602.58,0.971815,148.957,27.0427,True,False,3,0.928276,False,1,,,single,True,0.635608,True,B
4864,256324377,1,2627.06,24,4506.91,18.5249,25.0047,144,9.68774,3652,0.583782,3,24,0,0,7.82109,747.462,410.649,0.931833,297.8,62.2866,True,False,0,1.45043,False,1,,,single,True,0.381371,True,B
4867,4821860,1,2618.77,2,4852.84,18.5211,68.501,12,11.1794,5721.55,1.46944,3,24,0,0,,95.2465,887.687,0.938866,145.921,30.2145,False,False,2,1.81787,False,1,,,single,True,0.99611,True,A
4868,356542441,1,2626.56,8,2152.89,18.509,8.00502,48,10.4562,6844,2.64662,3,24,0,0,4.55969,142.271,612.324,0.997784,154.227,63.2769,True,False,6,1.16034,False,1,,,single,True,1.19498,True,B
4870,139401548,1,2627.59,1,18288.1,18.5082,33.504,6,12.3362,3890.7,0.702331,3,24,0,0,5.10963,1012.02,1863.25,0.864278,139.522,31.6451,False,False,5,1.91457,False,1,,,single,True,0.924238,True,A
4878,202442937,1,2626.49,24,6162.31,18.4846,29.3276,143,12.7009,4835,0.665749,3,24,0,0,12.83,765.711,2032.07,0.969595,227.915,63.4814,True,False,1,1.37307,False,1,,,single,True,0.508557,True,B
4889,357183520,1,2621.41,4,4551.66,18.4023,5.16434,24,10.8858,5609,1.1562,3,24,0,0,5.58861,364.074,697.886,0.998141,172.157,72.4674,True,False,0,1.02497,False,1,,,single,True,0.759059,True,B
4893,160473243,1,2612.05,24,1943.85,18.3949,38.1667,144,11.2559,5500,0.883426,3,24,0,0,7.091,412.463,942.79,0.850161,237.722,75.0843,False,False,3,1.48911,False,1,,,single,True,0.379018,True,A
4894,160493436,1,2612.1,24,3859.18,18.3938,39.3333,144,11.98,6030,1.51464,3,24,0,0,10.6365,783.502,1458.78,0.859898,239.522,73.9208,False,False,3,1.19902,False,1,,,single,True,0.915618,True,A
4899,229405771,1,2627.34,8,2821.98,18.3803,23.5042,48,11.6774,6398,1.29138,3,24,0,0,8.84416,215.588,1128.85,0.939388,292.663,65.0067,True,False,2,1.83721,False,1,,,single,True,0.667557,True,B
4901,4995072,1,2627.41,24,12622.4,18.373,28.9923,144,11.7913,4593.56,0.763173,3,24,0,0,9.30567,1665.23,1250.48,0.960017,160.766,30.9996,True,False,3,1.72118,False,1,,,single,True,0.834355,True,B
4904,202509019,1,2621.35,1,9986.16,18.3622,6.50576,6,10.3679,5646,1.0275,1.25,10,1,0,4.42417,2856.03,795.118,0.794146,231.431,61.2864,True,False,2,0.812241,False,2,,,single,True,0.999168,True,B
4911,61036557,1,2633.57,6,5221.6,18.3312,58.0066,35,12.0957,5919.96,1.8173,3,24,0,0,,199.802,1489.38,0.988032,153.327,17.6762,False,False,1,0.928276,False,1,,,single,True,1.27787,True,A
4913,356976182,1,2621.38,6,4688.78,18.3227,5.83683,36,11.1798,5642.01,0.965224,3,24,0,0,10.6454,556.775,829.131,0.974947,273.551,54.4102,True,False,9,2.53342,False,1,,,single,True,0.643155,True,B
4914,318339567,1,2620.61,1.5,11518.4,18.3159,24.3365,9,12.6093,5532.82,1.26585,3,24,0,0,,219.961,1972.72,0.995745,164.926,49.3745,False,False,0,0.754224,False,1,,,single,True,1.32201,True,A
4919,229940491,1,2635.54,1.5,5190.43,18.2869,10.6632,9,11.1169,5730,1.49585,3,24,0,0,,112.695,840.959,0.933074,288.049,63.657,True,False,7,2.35937,False,1,1642.01,1642.01,single,True,1.04869,True,B
4921,232611696,1,2621.13,12,3540.42,18.2841,11.8368,72,12.2119,5827,1.58054,3,24,0,0,12.5175,505.83,1445.43,0.958916,258.803,60.9765,False,False,0,0.715546,False,1,,,single,True,0.915146,True,A
4930,233498887,1,2626.46,6,6017.75,18.2467,6.50129,36,12.3406,4336,0.779021,3,24,0,0,10.3674,422.314,1566.3,0.99152,249.755,73.1099,True,False,2,1.16034,False,1,,,single,True,0.588063,True,B
4934,17258864,1,2634.56,24,1510.58,18.2355,34.1602,144,12.3108,6031.9,1.08946,3,24,0,0,,187.949,1671.91,0.993325,147.417,37.6033,False,False,0,1.56647,False,1,,,single,True,0.412041,True,A
4936,450296997,1,2614.72,1,159275,18.2277,113.667,4,11.4244,5998.55,1.86824,3,24,0,0,8.66883,6129.93,11923,0.934799,142.983,41.6826,False,False,2,2.16598,False,2,,,single,True,7.25545,False,B
4937,219775505,1,2626.51,24,1217.82,18.2186,25.331,144,11.3898,4899,0.878025,3,24,0,0,12.5799,220.699,958.547,0.986365,263.62,63.4911,True,False,2,0.928276,False,1,,,single,True,0.298165,True,B
4941,359482631,1,2621.38,6,8269.66,18.1905,5.83437,36,12.2462,4733,0.78785,3,24,0,0,12.573,905.769,1643.89,0.95401,278.963,58.92,True,False,2,1.46977,False,1,,,single,True,0.69718,True,B
4945,147971475,1,2633.59,24,2340.11,18.1723,57.4923,144,12.3995,5506,2.44325,3,24,0,0,,260.891,1706.81,0.986059,169.8,68.2693,False,False,2,1.39241,False,1,,,single,True,1.15012,True,A
4947,8922360,1,2627.25,24,2608.2,18.1652,25.8307,144,12.7801,5305.09,0.777361,3,24,0,0,,289.755,2271.48,0.915613,152.888,34.3439,True,False,2,0.773563,False,1,,,single,True,0.386323,True,B
4948,95436256,1,2616.79,1.5,9143.53,18.1648,116.173,9,11.9489,5245,0.792308,3,24,0,0,,202.614,1391.81,0.877325,155.42,22.7033,False,False,0,1.25704,False,1,,,single,True,0.737239,True,A
4953,159117285,1,2634.6,24,2294.38,18.1473,33.3208,144,12.8821,6019,1.34252,3,24,0,0,,271.133,2382.18,0.987944,191.923,81.4762,False,False,0,0.5,False,1,,,single,True,0.625764,True,A
4957,258831468,1,2628.64,24,3894.8,18.1373,28.505,144,11.302,4858,1.01769,3,24,0,0,5.62658,722.187,849.271,0.978542,287.604,70.8269,False,False,2,1.46977,False,1,,,single,True,0.618039,True,A
4962,328935710,1,2611.91,24,3444.48,18.1333,34.6667,144,12.3924,5912,1.5385,3,24,0,0,4.25456,578.291,1785.84,0.868796,225.017,80.1828,False,False,0,0.734885,False,1,,,single,True,0.878651,True,A
4964,308015303,1,2632.08,2,10484.5,18.1211,93.8323,12,12.668,5317,2.16651,3,24,0,0,,197.923,2060.86,0.985586,149.926,28.4571,False,False,1,0.928276,False,1,,,single,True,2.1587,False,B
4965,279826263,1,2627.8,24,2523.82,18.1207,38.1713,144,11.4789,5426.65,0.870802,3,24,0,0,5.82533,419.772,1041.47,0.991747,143.373,44.6174,False,False,1,1.60514,False,1,,,single,True,0.425702,True,A
4966,462575574,1,2610.66,8,1815.19,18.1192,8,48,10.2213,5638,0.813017,3,24,0,0,4.16553,97.5996,527.622,0.969977,232.675,68.5301,True,False,4,0.812241,False,1,,,single,True,0.337068,True,B
4967,353854842,1,2611.92,24,6388.33,18.1181,35.6667,144,12.1259,5754,2.12436,3,24,0,0,9.82652,1377.39,1537.33,0.855649,271.034,56.5055,False,False,2,1.99193,False,1,,,single,True,1.65226,True,A
4970,207493758,1,2626.71,24,3041.45,18.105,30.6598,144,12.3755,4262,0.701016,3,24,0,0,12.7676,433.169,1562.61,0.990147,246.644,59.6835,True,False,1,0.773563,False,1,,,single,True,0.376206,True,B
4971,115856645,1,2627.31,24,1806,18.1043,26.666,144,10.9544,6315.12,1.30779,3,24,0,0,3.38775,157.393,791.287,0.956922,157.528,46.9611,True,False,3,0.599511,False,1,,,single,True,0.540821,True,B
4973,258389327,1,2620.97,1.5,8031.08,18.0729,15.6626,9,11.8248,6180,1.68106,3,24,0,0,,183.664,1277.08,0.950674,296.71,70.0719,False,False,2,1.62448,False,1,2271.01,2271.01,single,True,1.46598,True,A
4975,91967893,1,2614.56,3,4106.62,18.0655,101.667,15,10.4817,6013,1.44783,3,24,0,0,5.1333,149.627,576.665,0.999495,144.259,21.529,False,False,2,1.93391,False,1,,,single,True,0.902853,True,A
4977,138688994,1,2611.56,4,11417.3,18.053,29.8333,24,12.9027,5092.96,0.8337,3,24,0,0,,289.128,2792.97,0.974839,136.842,28.9118,True,False,1,1.37307,False,1,,,single,True,0.86686,True,B
4980,95469934,1,2631.38,1,16833.8,18.0288,110.508,6,12.6108,5943,0.822099,3,24,0,0,,275.471,2269.45,0.993572,155.761,20.4991,False,False,2,1.85655,False,1,,,single,True,1.03794,True,A
4981,142905733,1,2627.03,24,2349.71,18.0206,25.0019,144,12.4502,3761,0.607268,3,24,0,0,6.58802,349.946,1998.18,0.986778,177.912,68.9351,True,False,1,1.08299,False,1,,,single,True,0.286448,True,B
4988,293631919,1,2626.47,6,6734.9,17.9818,6.00193,36,11.9411,3811,0.595012,3,24,0,0,4.48408,718.112,1358.46,0.970951,160.534,58.7514,True,False,4,1.02497,False,1,,,single,True,0.47517,True,B
4990,198317274,1,2626.41,24,2132.23,17.9688,27.3267,144,12.0436,6164,1.04438,3,24,0,0,,187.397,1489.87,0.898868,234.421,61.6805,True,False,1,0.947615,False,1,,,single,True,0.469281,True,B
4995,341688155,1,2633.87,1.5,13356.9,17.9373,50.8318,9,11.7988,5060,1.19833,3,24,0,0,,265.128,1971.84,0.303651,192.217,68.5931,False,False,1,0.773563,False,2,,,single,True,1.34768,True,A
4999,230073588,1,2610.83,8,2908.4,17.9297,9.16667,48,8.42817,3438,0.458479,3,24,0,0,9.1196,933.273,328.008,0.949114,244.189,67.2562,True,False,2,0.657529,False,1,,,single,True,0.240604,True,B
5004,8900530,1,2634.97,24,3217.38,17.8881,24.4914,144,12.3265,6577.1,2.25908,3,24,0,0,11.3698,258.915,1735.44,0.997414,143.65,33.9593,False,False,1,0.986293,False,1,,,single,True,1.24692,True,A
5006,288469701,1,2627.46,24,4858.94,17.8689,30.6728,144,12.3231,4866,0.716518,3,24,0,0,4.28991,457.565,1632.67,0.91814,271.016,79.1613,True,False,1,1.29572,False,1,,,single,True,0.486021,True,B
5009,441739040,1,2613.95,3,9959.16,17.8626,68.3333,18,11.9362,5306,0.914855,1.25,10,1,0,4.0132,2508.42,1436.59,0.814488,259.33,72.1036,False,False,2,1.21836,False,1,,,single,True,0.888426,True,A
5010,53451086,1,2626.44,6,5829.05,17.855,6.33228,36,12.7161,5335,0.904314,3,24,0,0,3.44781,319.263,2055.29,0.990918,161.505,50.9701,True,False,4,0.85092,False,1,,,single,True,0.671855,True,B
5011,139400957,1,2627.43,24,8193.97,17.8549,29.6712,144,10.3169,4887,0.870327,3,24,0,0,9.85825,704.58,545.403,0.996987,139.596,34.7068,True,False,1,1.70184,False,1,,,single,True,0.766632,True,B
5020,328999121,1,2626.68,6,7173.86,17.8249,6.17364,36,12.5038,6222,1.58787,3,24,0,0,9.58047,791.93,1969.27,0.985774,249.402,82.7059,True,False,4,1.21836,False,1,,,single,True,1.30873,True,B
5031,142792204,1,2620.26,24,264.819,17.7843,32.8314,144,8.6368,8753,1.84147,3,24,0,0,,30.7638,225.634,0.997794,162.743,66.5385,False,False,0,1.08299,False,1,,,single,True,0.291606,True,A
5032,21499919,1,2611.85,24,3231.3,17.7792,40.5,144,11.9044,6439,2.3137,3,24,0,0,1.40322,465.496,1440.26,0.825353,148.92,38.9828,False,False,0,1.14101,False,2,,,single,True,1.27983,True,A
5035,219793483,1,2626.99,24,2889.52,17.7566,26.33,144,11.6351,5443,0.829673,3,24,0,0,8.96338,319.119,1070.76,0.974941,264.935,61.1527,True,False,2,0.85092,False,1,,,single,True,0.433987,True,B
5036,91990911,1,2611.54,2,9189.25,17.7566,29.1667,12,12.1624,6037,1.11989,3,24,0,0,4.27776,272.06,1644.28,0.98257,144.838,20.9233,True,False,4,2.16598,False,1,,,single,True,1.04465,True,B
5044,4753670,1,2611.02,3,14518.8,17.7097,4.66667,18,12.9533,5898,1.14922,1,8,1,0,1.84996,1643,2738.04,0.880913,145.736,31.2629,True,False,4,1.35374,False,1,,,single,True,1.34749,True,B
5047,202439632,1,2626.59,24,3742.07,17.6987,31.6593,144,12.852,3391,0.323624,3,24,0,0,0.890979,441.224,2810.1,0.963884,227.033,60.7556,True,False,1,0.908937,False,1,,,single,True,0.192643,True,B
5050,153971633,1,2610.5,6,4741.22,17.6857,6.16667,36,10.7956,6006,2.21973,3,24,0,0,3.78575,283.911,974.249,0.827685,202.127,68.4441,True,False,1,0.502816,False,1,,,single,True,1.48731,True,B
5052,252465620,1,2621.37,6,4023.33,17.6763,6.16565,36,10.6612,4279,0.704261,0.75,6,1,0,8.35636,26772.4,638.812,0.993247,149.96,48.9699,True,False,0,0.5,False,1,,,single,True,0.434694,True,B
5072,285003241,1,2635.31,16,4320.45,17.5796,16.3206,96,12.3895,5014.59,0.930483,3,24,0,0,8.55538,578.077,2001.89,0.823426,137.327,29.6194,True,False,4,1.41175,False,1,,,single,True,0.595155,True,B
5086,142588959,1,2634.69,24,3174.3,17.5315,31.1541,144,12.9907,3642,0.527656,3,24,0,0,,422.39,2843.23,0.939586,168.132,76.4355,False,False,0,0.5,False,1,,,single,True,0.289289,True,A
5091,233182438,1,2610.71,8,5736.16,17.492,8,48,12.4032,5549,1.77144,3,24,0,0,,245.411,1948.1,0.812517,219.12,70.3895,True,False,2,0.502816,False,1,,,single,True,1.30555,True,B
5092,288133315,1,2627.26,24,983.865,17.4904,26.1712,144,11.2925,5818,1.32499,3,24,0,0,,95.3266,831.53,0.965896,210.154,79.2422,True,False,5,1.10233,False,1,,,single,True,0.404425,True,B
5095,453443319,1,2611.56,16,1587.86,17.4828,16.1667,96,10.61,4291,0.742055,3,24,0,0,12.5484,261.7,681.525,0.959149,147.623,50.7181,True,False,4,0.966954,False,1,,,single,True,0.287739,True,B
5096,393853333,1,2635.73,6,6094.6,17.48,6.15745,36,11.4047,5255.64,0.804593,1.25,10,1,0,4.48389,3167.6,918.493,0.989295,146.769,44.3753,True,False,7,1.66316,False,1,,,single,True,0.611232,True,B
5101,318355091,1,2618.06,1,10167.4,17.4602,85.6702,6,11.967,6008,0.965488,3,24,0,0,,202.607,1429.52,0.96125,165.518,48.4362,False,False,3,0.618851,False,1,,,single,True,0.947348,True,A
5106,141119610,1,2635.64,8,9658.98,17.4352,8.32866,48,12.5421,5738,1.83067,1.5,12,1,0,5.55853,3639.86,1903.26,0.96579,165.452,59.9133,True,False,4,0.63819,False,1,,,single,True,1.75079,True,B
5113,313262090,1,2626.47,24,3599.97,17.4022,28.6618,144,12.9037,5422,2.2322,3,24,0,0,,324.746,2428.4,0.851781,205.305,63.4241,True,False,0,0.5,False,1,,,single,True,1.30329,True,B
5115,219798037,1,2626.16,6,7317.99,17.3919,5.99657,36,12.2739,4169,0.739598,3,24,0,0,10.4428,1096.97,1563.74,0.989441,265.485,60.8152,False,False,2,0.928276,False,1,,,single,True,0.615671,True,A
5119,23992491,1,2619,6,2782.66,17.3842,62.9997,36,11.436,5836.31,1.22576,3,24,0,0,,104.571,955.577,0.992447,148.164,43.0692,False,False,1,1.2377,False,1,,,single,True,0.629206,True,A
5122,285003200,1,2628.41,1.5,12442.3,17.3751,0.993913,9,12.1622,5299.35,0.843056,2,16,1,0,5.83164,2351.66,1721.74,0.979089,137.357,29.4424,False,False,2,1.45043,True,1,,,single_partial,True,0.915092,True,B
5124,284186628,1,2625.6,4,4227.32,17.3681,4.99357,24,10.6122,4199,0.738443,3,24,0,0,9.83454,1043.81,625.913,0.969494,208.227,61.1702,False,False,1,0.580172,False,1,,,single,True,0.467205,True,A
5125,239207051,1,2626.34,6,9627.65,17.3678,7.99102,36,12.4707,6645,1.27535,3,24,0,0,3.26654,482.086,1995.58,0.945509,157.142,19.9054,True,False,1,1.54713,False,1,,,single,True,1.21772,True,B
5130,149365111,1,2635.73,6,11294,17.34,6.15629,36,12.0287,4949,0.791526,3,24,0,0,5.83324,1148.68,1515.34,0.968808,138.804,26.1359,True,False,6,2.06928,False,1,,,single,True,0.818552,True,B
5133,224289450,1,2615.33,24,37090.6,17.3318,121,141,10.8169,3281,0.259268,3,24,0,0,9.86389,5741.89,8192.75,0.111268,183.088,54.4898,False,False,0,0.63819,False,4,,,single,True,0.48589,True,A
5136,39730300,1,2635.83,1.5,9877.02,17.3269,3.82842,9,10.3907,5406,0.871315,3,24,0,0,3.41214,538.938,1225.79,0.661684,153.593,45.5528,True,False,3,0.541494,False,1,,,single,True,0.842647,True,B
5137,157332889,1,2634.81,24,922.101,17.3243,28.1655,144,10.737,5853,1.85314,3,24,0,0,,78.9587,653.016,0.972014,181.98,64.5632,False,False,1,0.889598,False,1,,,single,True,0.547589,True,A
5140,147936815,1,2621.28,8,4460.62,17.3118,8.33166,48,11.6145,5889,1.79157,3,24,0,0,5.54944,353.868,1329.36,0.836817,166.16,67.3496,True,False,0,0.947615,False,1,,,single,True,1.16436,True,B
5143,17237400,1,2627.36,24,7102.41,17.2558,30.3348,144,12.4396,4523,0.719919,3,24,0,0,5.85378,803.929,1792.74,0.992558,146.89,38.3615,True,False,3,1.3344,False,1,,,single,True,0.590397,True,B
5144,148914396,1,2617.32,6,7850.97,17.2495,103.334,36,12.6904,6015,1.04858,3,24,0,0,9.81833,590.023,2250.09,0.809599,187.17,68.9497,False,False,3,1.08299,False,2,,,single,True,0.904109,True,A
5148,66683324,1,2635.83,1.5,5827.7,17.2288,3.82424,9,9.067,6461,2.22286,3,24,0,0,3.41587,360.867,659.584,0.773955,155.194,58.6065,True,False,5,0.83158,False,1,,,single,True,1.65127,True,B
5149,232966768,1,2610.45,4,6565.79,17.2253,5,24,10.0385,4841,0.906017,3,24,0,0,9.06004,367.698,1291.01,0.572736,197.759,66.5156,True,False,2,0.5,False,1,,,single,True,0.714393,True,B
5150,441723289,1,2626.57,6,9908.29,17.2127,6.00314,36,12.259,5543,0.985759,3,24,0,0,12.4027,1912.37,1469.71,0.988737,255.535,75.5653,True,False,2,0.715546,False,2,,,single,True,0.954833,True,B
5151,4919207,1,2621.22,8,7170.9,17.209,9.66805,42,12.6278,5670.25,1.54365,3,24,0,0,4.62794,303.955,2062.09,0.993964,148.39,34.0504,False,False,5,1.6825,False,1,,,single,True,1.27202,True,A
5152,233716383,1,2626.95,24,1059.2,17.202,25.1668,144,11.4555,6006,1.10828,3,24,0,0,,131.973,985.41,0.963176,276.207,63.8566,True,False,3,2.01126,False,1,,,single,True,0.350991,True,B
5156,368414261,1,2614.66,8,9385.15,17.1861,114.5,36,12.1456,4835.56,0.663802,2,16,1,0,10.0375,7324.78,1705.64,0.965827,157.467,30.38,False,False,3,1.16034,False,1,,,single,True,0.625773,True,A
5164,232681415,1,2626.89,24,3877.74,17.1509,34.8326,144,11.5763,5073,0.761785,3,24,0,0,9.82376,685.017,1126.47,0.947119,282.554,57.8757,True,False,4,2.30135,False,1,,,single,True,0.461614,True,B
5165,117417606,1,2615.02,8,13557.9,17.1498,8.50013,47,12.8776,5605.22,1.15768,1.25,10,1,0,2.4679,1724.88,2665.71,0.91565,137.665,26.5382,False,False,0,1.75986,False,1,,,single,True,1.31172,True,A
5171,284541850,1,2627.44,24,4279.9,17.1064,28.339,144,12.7205,5037.82,0.829231,3,24,0,0,1.24482,409.121,2389.83,0.956529,148.928,59.7952,True,False,3,0.754224,False,1,,,single,True,0.527898,True,B
5175,371491421,1,2627.52,24,2842.41,17.081,30.6701,144,12.9929,5844,1.12237,3,24,0,0,,342.466,2851.77,0.961754,149.11,49.984,False,False,3,0.696207,False,1,,,single,True,0.582287,True,A
5179,407613300,1,2627.34,24,2800.52,17.0638,27.4937,144,12.7817,5853.16,1.04916,3,24,0,0,,258.655,2220.13,0.973627,157.795,30.5444,True,False,2,1.16034,False,1,,,single,True,0.540279,True,B
5180,357049223,1,2610.69,6,3956.58,17.0536,6,36,10.6584,5325,2.25115,3,24,0,0,4.03901,282.37,719.816,0.884403,274.7,58.9948,True,False,5,1.19902,False,1,,,single,True,1.37791,True,B
5185,420898490,1,2611.84,24,1729.27,17.0271,24,144,11.4607,6369,1.46011,3,24,0,0,7.71544,245.077,1224.68,0.930874,273.411,50.1962,False,False,0,0.599511,False,1,,,single,True,0.590847,True,A
5187,407583402,1,2611.07,4,9442.72,17.0079,5.16667,24,12.3057,5345.09,0.96541,1,8,1,0,1.84588,847.619,1785.75,0.880101,145.394,30.2911,True,False,7,1.70184,False,1,,,single,True,0.912889,True,B
5188,105485078,1,2614.38,1,11785.8,17.0042,103.667,6,12.05,5753.63,0.892222,3,24,0,0,8.64336,374.315,1478.53,0.998148,143.952,43.6685,True,False,5,2.16598,False,1,,,single,True,0.942561,True,B
5189,56937804,1,2626.35,4,3759.28,17.0031,4.992,24,8.6794,5972.11,0.969684,1.5,12,1,0,8.59272,7492.9,246.847,0.999885,172.355,43.4498,True,False,1,0.5,False,2,,,single,True,0.578549,True,B
5190,233181893,1,2626.35,24,2847.34,16.9997,25.9985,144,10.6249,6225,1.25138,3,24,0,0,6.4132,524.59,1438.9,0.822275,218.733,70.2008,True,False,0,0.5,False,1,,,single,True,0.64978,True,B
5191,91916493,1,2616.98,1.5,4801.71,16.9917,111.501,8,10.837,5538.89,1.61338,3,24,0,0,0.964905,117.687,687.918,0.998436,143.676,21.939,False,False,2,2.34003,False,1,,,single,True,1.08791,True,A
5193,320525191,1,2625.93,12,1871.82,16.9877,11.9941,72,11.4311,5490.79,0.956155,3,24,0,0,11.6132,201.168,987.336,0.979017,264.833,56.0338,False,False,3,1.74052,False,1,,,single,True,0.402549,True,A
5194,199661358,1,2610.7,6,5597.04,16.9809,6,36,12.231,4011,0.496846,3,24,0,0,4.17253,598.169,1631.22,0.827207,251.292,58.8151,True,False,4,1.10233,False,1,,,single,True,0.361708,True,B
5196,88047652,1,2627,8,7113.77,16.9703,20.6644,48,12.804,5529,0.918719,3,24,0,0,,320.799,2737.27,0.975829,147.564,23.5418,True,False,3,1.70184,False,1,,,single,True,0.754032,True,B
5197,385453026,1,2610.38,1,10156.9,16.9697,3.5,6,11.363,5334.53,0.937982,3,24,0,0,5.55861,753.937,1023.88,0.928419,170.345,49.8323,True,False,2,0.5,False,1,,,single,True,0.919883,True,B
5202,8716905,1,2614.38,24,1939.35,16.9531,4.00007,112,11.3423,5992.24,1.53103,3,24,0,0,1.44192,156.052,982.946,0.994342,138.103,30.0034,True,False,3,1.81787,True,1,,,single_partial,True,0.656098,True,B
5204,355917709,1,2630.33,6,23595.7,16.9448,118.16,36,12.5584,5648,2.40725,2.5,20,1,0,9.13951,4175.17,1894.86,0.986122,205.833,61.2103,False,False,1,0.792902,False,1,,,single,True,3.59828,False,B
5205,284168277,1,2635.66,8,7713.95,16.9415,7.84229,48,12.3734,4814,0.717467,3,24,0,0,9.57012,598.867,1701.73,0.968998,275.413,53.3163,True,False,6,2.84284,False,1,,,single,True,0.613194,True,B
5208,450299011,1,2627.22,24,1474.15,16.9294,24.1704,144,12.1146,6615.04,1.55057,3,24,0,0,,163.277,1512.29,0.991954,143.18,39.9539,True,False,0,3.07491,False,1,,,single,True,0.579322,True,B
5210,165528287,1,2621.29,8,4934.46,16.9207,7.83807,48,12.4916,5096,0.790557,3,24,0,0,9.82657,334.14,1870.72,0.987228,266.068,54.9968,True,False,3,2.61078,False,1,,,single,True,0.540394,True,B
5213,156816601,1,2628.47,3,9619.43,16.9061,54.6711,18,12.7476,6623,1.6027,3,24,0,0,,248.678,2293.09,0.99843,140.439,36.7524,False,False,3,2.74615,False,1,,,single,True,1.52962,True,A
5214,229951289,1,2611.14,3,5928.4,16.9006,4.5,18,10.2572,6011,0.984761,2.5,20,1,0,3.32863,631.025,568.9,0.904641,288.675,60.671,True,False,7,1.97259,False,2,1609.01,1609.01,single,True,0.737831,True,B
5218,357183604,1,2634.81,24,2115.99,16.8805,28.3237,144,12.6984,6027,1.11859,3,24,0,0,,241.375,2128.59,0.943217,171.995,72.8295,False,False,1,0.947615,False,1,,,single,True,0.500708,True,A
5221,219794684,1,2625.7,6,4994.43,16.8523,5.99706,36,11.9363,5970,1.05465,3,24,0,0,9.6769,361.953,1204.83,0.957466,265.235,61.7472,False,False,1,1.00563,False,1,,,single,True,0.725285,True,A
5223,367738603,1,2626.68,8,7176.17,16.8513,8.34027,48,12.6536,5808,1.19566,3,24,0,0,8.87383,1482.66,2304.23,0.948505,249.615,82.7265,True,False,4,1.02497,False,1,,,single,True,0.985625,True,B
5228,298554256,1,2621.42,4,2516.36,16.8418,4.8383,24,9.1074,5358,0.884876,3,24,0,0,9.82659,332.608,322.457,0.947306,271.868,50.9032,True,False,3,0.754224,False,1,,,single,True,0.431943,True,B
5235,252805898,1,2635.83,1.5,8199.43,16.8032,3.67197,9,10.5649,5515.43,1.12664,3,24,0,0,6.37853,854.715,1384.54,0.67182,166.904,43.4924,True,False,3,1.00563,False,2,,,single,True,0.992738,True,B
5237,288636342,1,2620.87,6,2606.58,16.8019,17.9956,36,10.741,6554,1.45796,3,24,0,0,6.52765,172.626,662.041,0.980485,279.464,78.6111,False,False,0,0.966954,False,2,1692.02,"1692.01,1692.02",single,True,0.724334,True,A
5238,229583029,1,2627.97,16,5612.56,16.7969,18.0051,96,12.4993,3589,0.471815,3,24,0,0,10.0056,504.757,1734.88,0.98675,270.557,76.6958,False,False,2,1.5858,False,1,,,single,True,0.343962,True,A
5242,219803922,1,2621.29,8,2495.6,16.7767,7.83536,48,11.3683,6078,1.50863,3,24,0,0,2.96837,142.904,960.574,0.886463,266.122,62.5552,True,False,4,0.85092,False,1,,7025.01,single,True,0.733378,True,B
5247,9378103,1,2633.35,4,11754.2,16.7339,63.3403,24,12.8192,4529,0.728897,2.5,20,1,0,9.20645,4055.9,2247.66,0.992809,167.206,41.0876,False,False,1,1.19902,False,1,,,single,True,0.76899,True,A
5252,165551374,1,2626.19,6,5834.03,16.7157,5.99573,36,11.4453,5155,0.941344,3,24,0,0,12.5314,994.712,1006.8,0.936478,266.815,58.5724,False,False,6,1.39241,False,1,,,single,True,0.699665,True,A
5256,142492500,1,2635.77,4,7963.45,16.696,5.15385,24,11.2534,4629,0.748504,2.5,20,1,0,3.98646,873.383,897.402,0.99808,162.337,73.8589,True,False,4,0.812241,False,1,,,single,True,0.649983,True,B
5260,420898926,1,2635.49,12,2668.48,16.6881,11.8448,72,11.7866,6083.78,1.61384,3,24,0,0,12.2745,301.527,1339.16,0.940811,273.483,51.1552,True,False,3,0.947615,False,1,,,single,True,0.811241,True,B
5263,239202552,1,2615.88,3,9004.54,16.6723,137.837,18,12.6474,6446,1.46837,3,24,0,0,3.42928,391.579,2355.13,0.9935,148.987,21.3716,False,False,2,2.0306,False,1,,,single,True,1.35589,True,A
5269,407582699,1,2627.23,24,4914.31,16.6546,24.1683,144,12.9613,4403.68,0.698101,3,24,0,0,9.63396,829.886,2422.16,0.999086,145.328,34.3222,True,False,1,1.39241,False,1,,,single,True,0.476219,True,B
5270,329350004,1,2621.38,6,7388.19,16.6524,5.83825,36,11.6866,3605,0.493804,3,24,0,0,12.7746,1152.45,1222.24,0.979788,269.984,52.2798,True,False,3,1.21836,False,1,,,single,True,0.413029,True,B
5272,165313195,1,2610.44,1.5,9302.82,16.6418,3.66667,9,10.5777,6596,1.2824,3,24,0,0,5.09592,508.453,1183.71,0.635547,185.332,50.9712,True,False,1,0.541494,False,1,,,single,True,1.20362,True,B
5274,95341627,1,2634.59,24,3328.6,16.6408,33.5052,144,12.9637,4402,0.758515,3,24,0,0,,386.204,2742.41,0.995097,153.822,22.304,False,False,3,1.74052,False,1,,,single,True,0.425846,True,A
5275,409276882,1,2627.25,24,2401.2,16.6329,25.8366,144,12.2794,5495.73,0.806439,3,24,0,0,,223.968,1833.82,0.951148,147.041,46.0672,True,False,1,0.63819,False,1,,,single,True,0.384541,True,B
5276,415029695,1,2627.53,16,4514.11,16.6324,16.005,96,12.9422,5672,1.68183,3,24,0,0,,300.608,2464.36,0.861169,183.912,76.6719,False,False,0,0.63819,False,1,,,single,True,1.09958,True,A
5279,150230313,1,2627.29,24,1340.36,16.6277,26.6664,145,11.7714,6839,1.89801,3,24,0,0,,128.026,1252.99,0.995037,155.336,45.8244,True,False,3,0.560833,False,1,,,single,True,0.676187,True,B
5281,105576710,1,2610.64,1.5,10968.7,16.6224,3.83333,9,10.7015,5512.54,0.790437,3,24,0,0,5.48908,611.941,1393.41,0.610509,153.252,47.1679,True,False,3,0.502816,False,2,,,single,True,0.805567,True,B
5282,95470750,1,2626.22,4,6276.95,16.606,4.99255,24,10.6425,5487,0.865846,2,16,1,0,5.68394,2154.1,659.055,0.991926,155.786,22.7859,False,False,2,1.06365,False,1,,,single,True,0.667532,True,A
5287,239203865,1,2615.45,2,5739,16.5943,132.5,12,11.6934,6134,1.17933,3,24,0,0,,168.202,1236.31,0.995069,149.133,21.4019,False,False,4,1.97259,False,1,,,single,True,0.869383,True,A
5289,219858727,1,2626.86,24,1019.35,16.577,34.3314,144,10.152,5394,0.851149,3,24,0,0,12.7674,342.635,501.681,0.981885,257.656,66.1196,True,False,0,1.60514,False,1,,,single,True,0.264438,True,B
5292,160489416,1,2634.35,24,1843.87,16.5692,39.3279,144,12.724,6073,1.31811,3,24,0,0,,202.603,1926.97,0.913063,238.539,76.3667,False,False,3,1.70184,False,1,,,single,True,0.550774,True,A
5295,359588507,1,2621.38,6,3251.02,16.5427,5.83525,36,11.0599,5982,0.926608,3,24,0,0,9.82648,373.629,800.611,0.884277,279.878,55.1891,True,False,2,1.00563,False,1,,,single,True,0.514119,True,B
5296,288602183,1,2611.31,4,2681.58,16.5372,5,24,9.47111,6134,1.77431,3,24,0,0,6.90958,431.09,536.055,0.776297,276.311,80.4623,True,False,4,0.618851,False,1,,,single,True,0.894092,True,B
5299,258393558,1,2629.63,6,1387.39,16.5314,86.8379,36,9.9896,8366,2.53648,3,24,0,0,,49.019,441.762,0.948867,297.533,61.9431,False,False,3,1.50845,False,1,,,single,True,0.919367,True,A
5309,239196229,1,2627.59,24,1574.97,16.49,34.6657,144,11.816,5106.83,0.783303,3,24,0,0,,164.092,1317.74,0.933017,146.583,26.7679,False,False,2,1.91457,False,1,,,single,True,0.302499,True,A
5314,165685135,1,2618.7,8,2729.75,16.4738,70.3404,48,11.7349,5883,1.19805,3,24,0,0,9.31808,209.673,1187.87,0.986561,162.932,32.69,False,False,2,1.25704,False,1,,,single,True,0.609108,True,A
5322,17258583,1,2610.4,2,5835.57,16.4276,4.16667,12,10.5757,6576.11,1.54956,2.5,20,1,0,3.11396,529.227,703.228,0.850371,147.317,36.304,True,False,8,2.04994,False,1,,,single,True,1.15188,True,B
5323,149416650,1,2626.44,1,21239.8,16.423,1.50325,6,12.959,4581,0.813021,3,24,0,0,4.05123,501.653,2861.06,0.867161,140.118,28.8036,True,False,4,2.4754,False,2,,,single,True,1.15301,True,B
5324,232982879,1,2625.69,6,8031.55,16.4216,5.99845,36,12.7818,4940,0.922913,1.5,12,1,0,4.55979,2170.79,2166.8,0.98809,241.793,69.3481,False,False,1,0.870259,False,1,,,single,True,0.804855,True,A
5325,393884426,1,2626.4,6,8866.81,16.4193,5.9913,36,12.8226,5353.64,0.742625,2,16,1,0,4.01048,1101.16,2189.63,0.976608,174.757,43.6548,True,False,3,0.560833,False,1,,,single,True,0.680473,True,B
5326,233073887,1,2610.96,12,2786.13,16.4169,12.1667,72,10.7448,4031,0.667831,3,24,0,0,10.2171,426.971,673.299,0.995606,271.049,63.5565,True,False,5,1.52779,False,1,,,single,True,0.343024,True,B
5329,149397743,1,2635.65,8,3675.85,16.4144,8.1573,48,11.3662,4205.2,0.539965,3,24,0,0,8.02071,538.011,1015.55,0.969913,139.583,25.1359,True,False,7,2.18532,False,1,,,single,True,0.318568,True,B
5330,349825107,1,2635.48,12,3075.61,16.4144,12.1598,72,11.7923,5624,1.01512,3,24,0,0,12.3922,650.578,1243.39,0.994402,143.881,28.68,True,False,4,3.11359,False,1,,,single,True,0.547823,True,B
5342,331944688,1,2635.47,12,5206.44,16.3714,12.322,72,12.0074,4298.97,0.712134,3,24,0,0,6.53496,984.535,1509.44,0.981213,148.619,54.9051,True,False,1,0.83158,False,1,,,single,True,0.500023,True,B
5343,153937416,1,2626.85,16,1754.74,16.3634,16.1703,96,11.778,5782,1.55963,3,24,0,0,,158.833,1210.52,0.929259,172.765,71.0984,True,False,1,1.21836,False,1,,,single,True,0.635749,True,B
5344,233204833,1,2627.37,24,7049.92,16.361,28.5008,144,11.7211,4835,1.22118,3,24,0,0,12.4409,1230.98,1152.87,0.897934,265.824,69.105,True,False,4,1.46977,False,1,,,single,True,0.997768,True,B
5346,4992057,1,2617.12,1.5,14774.1,16.3544,108.169,9,12.8843,5955.6,1.19221,3,24,0,0,10.0026,736.608,2511.3,0.926451,149.693,33.8531,False,False,0,1.3344,False,2,,,single,True,1.41013,True,A
5354,233191311,1,2614.5,8,9047.08,16.3414,98.8333,44,12.6089,5073,0.996419,1.5,12,1,0,7.99917,5848.27,2297.04,0.911976,226.248,68.5799,False,False,0,0.754224,False,1,,,single,True,0.922261,True,A
5361,91988288,1,2612.63,8,754.814,16.3005,55.3333,39,8.48014,6106,1.57529,3,24,0,0,1.04307,50.7568,222.619,0.999785,144.663,21.1522,False,False,0,1.89523,False,2,,,single,True,0.421151,True,A
5371,224596574,1,2626.93,24,2423.24,16.2667,35.3271,144,11.3443,5168,0.734169,3,24,0,0,11.4238,292.954,898.05,0.988433,254.616,58.6094,True,False,5,1.27638,False,1,,,single,True,0.351683,True,B
5376,91987217,1,2631.42,3,7325.4,16.2505,109.663,18,12.3615,5905,1.46622,3,24,0,0,,217.126,2000.74,0.935053,144.484,21.6242,False,False,1,2.16598,False,1,,,single,True,1.22116,True,A
5379,235687052,1,2627.3,24,2702.45,16.2309,25.8407,144,11.2921,5435,2.0917,3,24,0,0,6.52582,264.349,889.54,0.915171,289.892,77.2127,True,False,0,1.02497,False,1,,,single,True,1.05812,True,B
5380,219802852,1,2626.26,8,5010.91,16.2266,8.16295,48,11.5338,4767,0.711427,3,24,0,0,10.4486,653.332,968.166,0.990642,265.932,60.0629,True,False,6,1.48911,False,1,,,single,True,0.490056,True,B
5382,198510254,1,2634.57,24,3410.88,16.2171,33.8312,144,12.7281,4360,0.664336,3,24,0,0,4.90917,557.931,2111.03,0.995058,211.86,72.5077,False,False,0,0.696207,False,1,,,single,True,0.377553,True,A
5387,307647967,1,2635.14,3,2195.47,16.2047,20.3395,18,9.7608,6830,1.60854,3,24,0,0,6.53652,95.4416,390.691,0.981486,152.834,17.7616,False,False,2,0.773563,False,1,,,single,True,0.733421,True,A
5391,125552886,1,2611,3,9896.01,16.1881,4.66667,18,12.368,5859.72,1.7577,1.5,12,1,0,1.87965,584.316,1923.95,0.903231,145.403,26.9064,True,False,5,2.64945,False,1,,,single,True,1.7015,True,B
5393,237235847,1,2626.58,2,9250.81,16.1847,4.0071,12,10.5872,6124,0.820127,3,24,0,0,5.34108,1032.27,633.105,0.966794,297.944,72.0322,True,False,0,1.62448,False,1,,,single,True,0.767589,True,B
5397,165450421,1,2635.74,6,5970.47,16.1667,5.84562,36,11.6795,4509.1,0.744914,2.5,20,1,0,3.88476,716.216,1203.98,0.996715,162.425,24.0485,True,False,2,0.715546,False,1,,,single,True,0.560103,True,B
5398,88023744,1,2632.92,2,1782.33,16.1658,73.6651,12,9.1064,6023,2.80656,3,24,0,0,5.13332,64.5209,316.868,0.965538,147.274,23.3031,False,False,3,2.22399,False,1,,,single,True,1.15299,True,A
5402,371521197,1,2633.88,24,2888.74,16.1547,50.6603,144,12.7548,5815.54,1.71681,3,24,0,0,6.2482,452.191,2273.69,0.994023,153.021,48.1623,False,False,0,0.5,False,1,,,single,True,0.897913,True,A
5403,285020873,1,2627.53,24,946.785,16.1515,30.6688,144,11.0145,5869,1.69299,3,24,0,0,,94.713,786.636,0.992943,158.632,57.4272,False,False,3,0.928276,False,1,,,single,True,0.506918,True,A
5408,21124479,1,2621.38,6,5808.88,16.1269,5.83686,36,12.4527,4546,0.927541,3,24,0,0,5.1098,773.169,1785.78,0.98733,274.877,53.4284,True,False,4,2.61078,False,1,,,single,True,0.687918,True,B
5410,126369004,1,2620.81,2,9928.66,16.1191,19.6642,11,12.2453,6131.76,1.40617,3,24,0,0,12.524,624.563,1782.13,0.98199,136.083,26.5252,False,False,1,0.889598,False,2,,,single,True,1.36345,True,A
5413,149452048,1,2635.77,4,11275.1,16.1138,5.1574,24,11.276,5379.22,0.782266,3,24,0,0,5.59019,1074.66,958.521,0.948505,141.08,28.8565,True,False,6,2.49474,False,1,,,single,True,0.8083,True,B
5419,219856027,1,2621.38,6,9054.55,16.0962,5.83426,36,12.6426,4732,0.689199,3,24,0,0,11.6067,986.562,1961.01,0.988227,257.03,68.2323,True,False,0,0.754224,False,1,,,single,True,0.638169,True,B
5421,27069206,1,2617.59,1.5,6906.24,16.0895,97.0057,9,11.6491,5368.38,1.02896,3,24,0,0,,139.338,1196.25,0.98725,152.122,19.6756,False,False,1,1.95325,False,1,,,single,True,0.832103,True,A
5424,441794430,1,2611.32,4,3365.84,16.0852,5.33333,24,9.4594,5398,0.912734,3,24,0,0,4.66246,216.524,705.721,0.829222,263.357,74.2336,True,False,0,1.02497,False,2,,,single,True,0.515286,True,B
5428,286728805,1,2635.68,4,5891.81,16.0707,2.66195,24,11.7142,4108.22,0.728225,3,24,0,0,5.83329,469.544,1266.97,0.971342,143.17,21.5608,True,False,5,1.89523,True,1,,,single_partial,True,0.543936,True,B
5434,286728627,1,2619.64,1,20698.3,16.0533,0.831806,6,12.2158,5135.66,1.74289,3,24,0,0,10.6944,2710.45,1667.94,0.988887,143.103,22.4184,False,False,1,2.01126,True,1,,,single_partial,True,2.44003,False,B
5436,138709816,1,2614.36,24,2234.89,16.0483,96.8333,126,7.7191,5973,0.935026,3,24,0,0,10.6913,787.996,816.007,0.942888,137.099,27.5354,True,False,1,1.66316,False,1,,,single,True,0.43014,True,B
5442,166649235,1,2634.01,2,8715.72,16.0326,47.5116,12,12.2572,5758.59,1.24653,3,24,0,0,,222.396,1696.27,0.9639,166.258,31.8104,False,False,0,0.560833,False,1,,,single,True,1.13243,True,A
5443,99906080,1,2626.53,8,3202.27,16.0298,8.00199,48,11.8723,5012,0.827464,3,24,0,0,3.4553,202.376,1314.71,0.993386,168.993,65.1287,True,False,2,1.27638,False,1,,,single,True,0.455655,True,B
5445,138710087,1,2618.92,4,8994.69,16.0213,64.9977,24,12.9826,5382.54,0.961407,3,24,0,0,,321.746,2863.73,0.978715,137.134,28.5742,False,False,1,1.48911,False,1,,,single,True,0.887274,True,A
5448,39075032,1,2627.23,24,3330.04,16.0118,25.5049,144,12.7933,5829,0.919921,3,24,0,0,5.63998,452.286,2358.26,0.972511,139.684,37.1245,True,False,1,2.06928,False,1,,,single,True,0.516574,True,B
5455,172517745,1,2615.18,1.5,15408.3,15.9833,1.16617,9,12.8433,6793.59,1.46935,3,24,0,0,1.67484,438.553,2623.69,0.98717,142.52,27.903,False,False,2,3.22963,True,1,,,single_partial,True,1.77484,True,B
5464,233631664,1,2628.82,24,558.597,15.9434,67.1687,144,8.5353,5584,0.994312,3,24,0,0,1.8136,54.5916,232.844,0.99679,284.99,64.0538,False,False,0,2.01126,False,1,,,single,True,0.228681,True,A
5465,198181783,1,2625.68,6,4452.9,15.9427,5.99345,36,11.4933,5088,0.755531,2,16,1,0,4.72873,1284.73,968.877,0.96904,245.177,60.525,False,False,4,0.63819,False,1,,,single,True,0.490604,True,A
5469,88698837,1,2621.29,8,4095.59,15.9389,8.17099,48,12.1064,4777.79,1.11455,3,24,0,0,8.54866,329.798,1603.08,0.911836,164.24,44.0493,True,False,1,1.64382,False,1,,,single,True,0.694089,True,B
5477,229798503,1,2629.18,24,2047.2,15.9157,30.3378,140,11.7502,6332,1.26157,3,24,0,0,7.81935,281.028,1332.21,0.804365,285.121,70.54,False,False,1,1.27638,False,1,,,single,True,0.555455,True,A
5479,416500991,1,2627.82,24,2356.04,15.9093,31.5031,144,12.5074,6304,1.61308,3,24,0,0,,226.663,2005.68,0.977402,156.858,58.4225,False,False,2,0.792902,False,1,,,single,True,0.761911,True,A
5480,268052425,1,2611.17,4,10358.4,15.8954,5,24,10.4965,5566,0.950641,1.5,12,1,0,2.90937,1369.01,2386.4,0.608523,297.966,61.3024,True,False,1,1.19902,False,1,,,single,True,0.941501,True,B
5485,171558476,1,2629.54,6,8306.18,15.8714,84.1591,32,12.7615,4645.58,0.790885,3,24,0,0,9.3255,478.453,2440.49,0.92188,156.345,23.3819,False,False,0,1.10233,False,1,,,single,True,0.701409,True,A
5504,198158741,1,2627.11,24,1577.41,15.7907,29.8263,144,11.8287,5571,0.980564,3,24,0,0,,149.177,1187.07,0.973473,243.169,60.0622,True,False,0,1.02497,False,1,,,single,True,0.37897,True,B
5506,63279975,1,2616.34,1,6858.27,15.7752,1.0058,6,11.2924,5572,1.00783,3,24,0,0,6.88061,248.904,959.983,0.996941,158.058,16.5081,False,False,2,0.715546,True,1,,,single_partial,True,0.81218,True,B
5511,26974089,1,2613.9,2,8380.18,15.7656,94.5,12,11.9722,5880,2.13712,3,24,0,0,2.20575,304.507,1620.02,0.837749,150.176,22.3166,False,False,2,1.60514,False,1,,,single,True,1.90376,True,A
5519,159312994,1,2635.64,8,4505.64,15.7384,8.32132,48,11.6029,6345,1.30416,3,24,0,0,4.82362,436.266,1068.4,0.815917,230.37,82.8364,True,False,5,1.14101,False,1,,,single,True,0.851857,True,B
5523,149416211,1,2626.78,2,6891.5,15.7291,14.1699,12,11.6941,6148.66,1.42153,3,24,0,0,12.5692,413.467,1189.7,0.996214,140.047,28.8426,True,False,2,2.4754,False,2,,,single,True,1.14834,True,B
5527,154548472,1,2635.71,6,5659.42,15.7126,6.49335,36,11.3661,5535,1.77443,1.5,12,1,0,6.13882,3689.01,865.789,0.994299,187.945,73.5864,True,False,6,1.72118,False,1,,,single,True,1.29898,True,B
5530,233573160,1,2635.8,3,13584.4,15.7019,4.33422,18,11.9686,4698,0.746796,3,24,0,0,9.52726,1394.42,1393.3,0.862527,282.139,60.3932,True,False,6,1.31506,False,1,,,single,True,0.846994,True,B
5534,53569611,1,2610.5,4,3717.28,15.6897,5,24,10.548,6192.11,1.63104,3,24,0,0,5.13896,334.246,774.654,0.842016,182.769,51.8552,True,False,2,0.5,False,2,,,single,True,0.967686,True,B
5538,252962624,1,2614.66,3,8933.99,15.656,112.333,14,12.5144,5824.6,1.50975,3,24,0,0,,249.835,1935.86,0.991364,151.374,32.8238,False,False,0,1.08299,False,1,,,single,True,1.38863,True,A
5541,349823507,1,2628.14,4,9379.08,15.6462,42.8343,24,12.4449,5587.47,0.976997,3,24,0,0,12.4096,911.136,1938.48,0.888059,143.744,27.078,False,False,3,3.40368,False,1,,,single,True,0.920727,True,A
5547,272749394,1,2610.67,8,2527.74,15.6162,8.33333,48,11.4624,5812,1.15758,3,24,0,0,4.00934,182.062,1022.78,0.913258,236.499,69.6294,True,False,6,1.25704,False,1,,,single,True,0.566336,True,B
5549,416857540,1,2614.38,1,11689.8,15.6151,103,5,11.9426,4015,0.706094,3,24,0,0,4.79801,289.693,1529.97,0.998836,142.846,41.1638,True,False,7,2.66879,False,1,,,single,True,0.74289,True,B
5550,1068183,1,2612.59,2,6013.52,15.6142,65.5,12,11.7638,5552,1.05673,3,24,0,0,,136.828,1234.17,0.976117,154.632,24.4917,False,False,2,2.0306,False,1,,,single,True,0.797418,True,A
5552,27002986,1,2633.71,6,1175.33,15.6056,54.6689,36,9.51159,6404,1.43265,3,24,0,0,,43.8638,390.579,0.993108,151.208,23.5037,False,False,3,1.66316,False,1,,,single,True,0.477945,True,A
5554,9361553,1,2635.65,8,2669.41,15.5944,8.1631,48,11.0793,5912.94,1.06318,3,24,0,0,8.66893,337.459,805.652,0.996321,150.549,36.7949,True,False,5,1.08299,False,1,,,single,True,0.53453,True,B
5555,95362035,1,2627.65,3,10882.7,15.5924,39.4926,18,12.7382,3526,0.40244,3,24,0,0,4.08533,618.688,2580.1,0.955374,154.388,20.0353,False,False,2,2.24333,False,1,,,single,True,0.408532,True,A
5556,233508669,1,2625.59,2,7646.4,15.5913,3.99358,12,11.5706,5330.17,0.860174,1.25,10,1,0,4.25819,3250.92,1115.59,0.982421,270.44,52.0562,False,False,2,0.928276,False,2,,,single,True,0.731935,True,A
5559,229782015,1,2628.38,16,4502,15.5759,27.5035,96,11.284,4434,0.711178,2.5,20,1,0,3.63317,691.681,909.54,0.955978,283.513,68.763,False,False,3,1.54713,False,1,,,single,True,0.464343,True,A
5561,219433637,1,2626.31,6,6280.47,15.5729,6.00257,36,12.2179,4965,0.836155,3,24,0,0,8.93344,1315.35,1451.34,0.986864,204.737,75.5777,True,False,2,1.39241,False,1,,,single,True,0.644823,True,B
5562,377367418,1,2627.56,24,2186.98,15.5713,30.3385,144,11.4768,5821.72,1.38091,3,24,0,0,1.59942,181.204,1186.27,0.80036,149.02,57.3183,False,False,0,0.599511,False,1,,,single,True,0.628414,True,A
5563,27066022,1,2612.09,3,4998.11,15.5663,1.33183,16,11.1454,5787.45,1.66544,3,24,0,0,13.0661,286.814,863.888,0.992143,151.772,20.9046,False,False,1,1.93391,True,1,,,single_partial,True,1.14575,True,B
5564,239202396,1,2611.8,1.5,14222.5,15.5629,43.3333,9,12.8989,5698.92,1.46519,3,24,0,0,,334.226,2665.27,0.992378,148.891,22.3025,False,False,1,1.87589,False,1,,,single,True,1.70036,True,A
5568,229715383,1,2627.43,24,3734.53,15.5521,24.0028,144,11.6152,4403,0.744218,3,24,0,0,8.77474,794.191,1183.96,0.823597,278.865,69.1749,True,False,1,1.00563,False,1,,,single,True,0.442563,True,B
5570,21102866,1,2621.38,6,3238.87,15.5446,5.83771,36,11.3532,6038,1.22441,3,24,0,0,11.6132,246.718,1011.88,0.926427,274.58,50.8796,True,False,2,1.04431,False,1,,,single,True,0.67808,True,B
5571,148910071,1,2635.73,6,7695.78,15.5413,6.16139,36,12.1563,5187,0.887841,3,24,0,0,4.32587,715.775,1482.42,0.992983,185.896,71.2817,True,False,4,1.02497,False,1,,,single,True,0.757912,True,B
5578,424383790,1,2628.2,12,2032.37,15.5203,18.172,72,11.1946,3289,0.396191,3,24,0,0,9.83492,186.911,860.18,0.991569,277.399,75.573,False,False,4,1.48911,False,1,,,single,True,0.173806,True,A
5579,173007530,1,2614.47,12,11402.4,15.52,109.833,65,12.9415,4524.15,1.08622,1.5,12,1,0,10.0376,12126.9,2879.12,0.993604,164.679,30.97,True,False,1,1.27638,False,1,,,single,True,1.12869,True,B
5580,219733672,1,2635.77,4,9513.84,15.5148,5.16588,24,12.2923,5574,0.889624,1.5,12,1,0,6.07803,4288.56,1685.43,0.953028,230.545,72.1597,True,False,4,1.00563,False,2,,,single,True,0.844387,True,B
5584,149363354,1,2635.4,12,3798.55,15.4955,13.9889,72,12.4727,5687.38,0.971137,3,24,0,0,,291.56,2138.05,0.924223,138.651,28.1657,True,False,7,2.43672,False,1,,,single,True,0.582434,True,B
5585,171558125,1,2613.3,4,4774.93,15.4945,83,24,11.9851,5871,1.36199,3,24,0,0,,156.828,1458.69,0.98475,156.207,22.5526,False,False,0,0.870259,False,1,,,single,True,0.91583,True,A
5586,147898114,1,2631.84,3,8438.08,15.4937,99.4912,18,12.7085,5491,1.05144,3,24,0,0,,214.082,2096.52,0.906376,164.776,67.1008,False,False,0,0.696207,False,1,,,single,True,0.939861,True,A
5588,166086387,1,2610.51,3,3059.42,15.491,4.5,18,9.5357,5904,1.95524,3,24,0,0,3.76843,343.691,474.842,0.870839,214.457,62.6873,True,False,6,1.37307,False,1,,,single,True,1.05239,True,B
5591,149469130,1,2627.58,4,4535.72,15.48,34.5013,24,11.8612,6622,1.93208,3,24,0,0,,154.29,1296.47,0.939257,141.488,23.8805,False,False,1,2.78483,False,2,,,single,True,1.26621,True,A
5595,219778250,1,2610.7,6,5056.84,15.4693,6,36,12.061,6288,1.52486,3,24,0,0,4.17132,605.62,1478.73,0.88766,263.776,64.1394,True,False,4,0.580172,False,1,,,single,True,1.05518,True,B
5601,171556432,1,2613.88,2,13686,15.4546,1.33648,12,12.7421,5649,1.29415,3,24,0,0,7.69004,1406.81,2387.77,0.98057,156.048,22.5521,False,False,1,0.908937,True,1,,,single_partial,True,1.47326,True,B
5605,285003210,1,2628.44,3,4691.78,15.4411,55.0047,18,11.5331,5271.56,0.756777,3,24,0,0,,140.357,1101.83,0.994853,137.396,29.4781,False,False,2,1.45043,False,1,,,single,True,0.504422,True,A
5608,149400421,1,2613.45,24,3059.77,15.416,75.1667,131,12.3824,5599,1.89458,3,24,0,0,8.02072,437.027,1790.63,0.959891,139.974,24.5964,False,False,1,2.22399,False,1,,,single,True,1.0198,True,A
5609,4988960,1,2626.35,6,3707.89,15.4138,6.16535,36,11.1254,3492,0.459631,3,24,0,0,4.99731,469.874,928.069,0.926777,149.243,32.0382,True,False,0,1.14101,False,1,,,single,True,0.272352,True,B
5611,224299927,1,2610.5,4,3711.33,15.4116,5,24,9.65462,6268,1.05889,3,24,0,0,5.13893,392.946,603.319,0.871485,185.579,58.0862,True,False,3,0.928276,False,2,,,single,True,0.627731,True,B
5619,219738069,1,2625.68,6,6190.74,15.3943,5.99484,36,12.5877,4383,0.692006,1.5,12,1,0,4.55983,2558.58,1779.12,0.95205,241.729,63.3823,False,False,3,0.599511,False,1,,,single,True,0.529832,True,A
5637,229970818,1,2611.15,3,7577.48,15.3605,4.5,18,9.41398,6563,1.51474,3,24,0,0,8.9285,698.939,1346.2,0.7243,289.706,65.2588,True,False,0,1.12167,False,1,,,single,True,1.28309,True,B
5638,142415155,1,2625.54,8,3571.85,15.3569,7.99372,48,11.1338,3941,0.773427,1.5,12,1,0,12.8648,13519.4,799.854,0.97276,200.077,59.997,False,False,2,0.63819,False,1,,,single,True,0.449804,True,A
5643,392536022,1,2611,3,6371.04,15.3479,4.33333,18,10.9032,5959,1.15821,3,24,0,0,5.24307,1017.53,848.33,0.905404,280.295,59.5509,True,False,2,1.39241,False,1,,,single,True,0.899601,True,B
5644,171654207,1,2613.86,1,12283.8,15.3396,96.3333,6,12.3514,5992,1.12057,3,24,0,0,,209.342,1920.04,0.977391,159.713,20.5539,False,False,2,0.928276,False,1,,,single,True,1.20854,True,A
5645,117418089,1,2615.18,3,8915.52,15.339,113.667,19,12.435,4948.63,0.872107,3,24,0,0,2.7898,432.581,2053.49,0.961857,137.643,28.7429,False,False,0,1.54713,False,2,,,single,True,0.80131,True,A
5646,285004801,1,2611.12,2,16339.3,15.3348,19.1667,12,12.8686,5942.83,1.78714,3,24,0,0,2.42134,731.363,2943.01,0.929531,138.444,24.2622,True,False,1,2.14664,False,1,,,single,True,2.22296,False,B
5647,239199220,1,2610.6,1.5,14627.3,15.3326,3.83333,9,12.0024,5891,1.20712,1,8,1,0,1.30548,646.458,1857.52,0.80838,146.895,26.2138,True,False,5,1.25704,False,1,,,single,True,1.42066,True,B
5651,165528864,1,2626.79,4,6116.8,15.3251,32.4947,24,12.3242,6288.82,1.61289,3,24,0,0,,228.129,1757.79,0.955206,266.194,56.3661,True,False,0,1.79853,False,1,,,single,True,1.22751,True,B
5652,26959847,1,2612.95,1,10861.6,15.323,0.998205,6,11.8263,5372,1.99858,3,24,0,0,4.8264,600.99,1475.91,0.871613,149.836,21.3276,False,False,1,1.6825,True,1,,,single_partial,True,2.02687,False,B
5653,287286649,1,2626.5,6,9982.54,15.3171,6.00418,36,12.7427,4550,0.687395,3,24,0,0,8.98547,884.328,2348.06,0.993442,155.904,61.873,True,False,4,0.908937,False,1,,,single,True,0.66832,True,B
5654,138634088,1,2635.65,8,6988.63,15.317,8.16604,48,12.6276,4892,0.802256,3,24,0,0,6.08796,860.004,2167.82,0.980464,177.996,61.939,True,False,4,0.715546,False,1,,,single,True,0.652629,True,B
5655,147898667,1,2621.37,6,4140.65,15.3111,6.1641,36,11.4868,5465,1.95786,3,24,0,0,5.3182,359.26,1135.63,0.825212,164.664,69.8341,True,False,1,1.52779,False,1,,,single,True,1.22595,True,B
5658,441798524,1,2626.45,6,1259.86,15.3086,6.00383,36,9.82997,6427,2.00369,3,24,0,0,4.28515,94.298,421.875,0.993475,264.486,75.4833,True,False,2,0.889598,False,1,,,single,True,0.692068,True,B
5661,458480787,1,2614.51,8,12773.6,15.3007,100.5,44,12.5921,4676,0.694244,1.25,10,1,0,8.01881,9796.04,2206.94,0.970409,233.353,60.7686,False,False,1,0.657529,False,1,,,single,True,0.763531,True,A
5663,20139430,1,2626.48,6,3458.53,15.2946,6.00372,36,10.6639,5757.85,0.976417,3,24,0,0,4.1946,378.627,608.105,0.999103,144.839,43.7933,True,False,2,2.14664,False,1,,,single,True,0.558777,True,B
5666,219010222,1,2610.76,8,4428.08,15.2881,8.16667,48,11.5324,5859,0.848774,3,24,0,0,3.55035,305.711,1341.18,0.836825,221.827,71.029,True,False,2,0.618851,False,1,,,single,True,0.549614,True,B
5667,287287376,1,2626.58,8,3831.5,15.2846,8.00418,48,11.7063,5887,1.03107,3,24,0,0,5.99527,355.904,1239.04,0.826205,155.996,61.9587,True,False,4,0.889598,False,1,,,single,True,0.621055,True,B
5670,198159096,1,2635.78,4,7362.08,15.2675,4.84328,24,11.5846,4389,0.692367,1.5,12,1,0,4.9106,2618.25,972.08,0.986681,243.226,61.4746,True,False,2,0.928276,False,1,,,single,True,0.578088,True,B
5672,70634369,1,2610.06,4,10495.6,15.2618,5,24,12.9805,6250.96,1.57429,3,24,0,0,,417.535,3002.64,0.958148,154.954,17.0071,True,False,2,0.870259,False,1,,,single,True,1.56945,True,B
5674,272747822,1,2625.95,16,3424.67,15.2565,16.1651,96,11.2057,4839,0.790425,3,24,0,0,10.6916,3820.55,816.278,0.994942,236.402,69.7598,False,False,4,1.2377,False,2,,,single,True,0.450119,True,A
5675,229684206,1,2625.68,6,2932.2,15.2523,5.99294,36,10.474,,0.40233,3,24,0,0,10.6455,370.085,724.077,0.912358,262.526,54.659,False,False,2,1.46977,False,1,,,single,True,0.212,True,A
5676,91965810,1,2635.57,8,4364.52,15.25,9.99516,48,12.4122,5263.55,0.881173,3,24,0,0,9.16659,342.743,1836.32,0.963652,144.013,23.8609,True,False,9,2.45606,False,1,,,single,True,0.566483,True,B
5681,233129821,1,2635.78,4,7766.34,15.2311,4.83538,24,12.3321,5427,1.32063,3,24,0,0,2.77175,422.763,2040.05,0.810656,274.114,62.5933,True,False,6,1.89523,False,2,,,single,True,1.13252,True,B
5687,149919331,3,2611.74,1.5,139299,15.2015,14.8333,9,12.9935,5724,1.2653,1,8,1,0,5.71647,43920.9,11523.4,0.8417,161.358,60.6914,True,False,6,1.81787,False,3,,,single,True,4.59541,False,B
5692,252467487,1,2627.24,24,2854.27,15.1892,24.0029,144,12.9799,6199,1.23665,3,24,0,0,,329.702,2770.76,0.987941,150.198,49.5443,True,False,2,0.63819,False,1,,,single,True,0.642913,True,B
5694,27000489,1,2634.96,3,4189.59,15.1863,0.835694,15,11.2959,3903,0.685987,3,24,0,0,12.9584,407.096,998.077,0.999524,150.832,23.4814,False,False,3,1.43109,True,1,,,single_partial,True,0.432075,True,B
5704,237214711,1,2635.79,3,5583.18,15.1526,4.65426,18,11.583,5301,1.86097,0.75,6,1,0,8.26603,24527.8,1055.7,0.939741,295.063,75.664,True,False,0,0.928276,False,1,,,single,True,1.35312,True,B
5705,101615695,1,2626.4,6,1793.65,15.1445,5.99389,36,10.789,6283.97,1.30516,3,24,0,0,9.31803,199.263,647.517,0.999268,160.361,35.2322,True,False,2,0.947615,False,1,,,single,True,0.537885,True,B
5706,318275785,1,2610.36,1,5099.89,15.1363,3.5,6,9.0203,5728,0.852901,3,24,0,0,9.83976,333.205,581.925,0.786688,164.049,48.0178,True,False,2,0.599511,False,1,,,single,True,0.592702,True,B
5716,462551277,1,2626.12,6,4500.33,15.0778,6.00157,36,11.9782,4976,1.06728,3,24,0,0,9.79962,709.2,1340.03,0.956649,224.42,74.9677,False,False,1,0.657529,False,1,,,single,True,0.696719,True,A
5718,115892356,1,2635.74,4,6061.97,15.0754,5.84324,24,11.1658,5590.01,0.862302,1.5,12,1,0,3.88053,1730.74,848.196,0.998267,176.053,45.0837,True,False,2,0.5,False,2,,,single,True,0.653317,True,B
5720,356537908,1,2634.65,24,1371.81,15.0696,32.1541,144,11.272,4384,0.776049,3,24,0,0,,138.949,929.063,0.99244,152.559,64.6453,False,False,1,0.870259,False,1,,,single,True,0.279701,True,A
5722,297907056,1,2635.81,2,5961.6,15.065,4.1557,12,10.8273,5771,0.867179,1.25,10,1,0,3.6376,2070.66,739.511,0.965892,148.506,53.3172,True,False,2,1.10233,False,1,,,single,True,0.65155,True,B
5724,467179485,1,2610.39,1.5,6839.05,15.0578,3.66667,9,10.5301,5280,0.882666,3,24,0,0,3.75415,484.721,791.67,0.804735,208.987,59.8209,True,False,2,0.812241,False,1,,,single,True,0.710316,True,B
5726,9379005,1,2611.83,24,1240.34,15.0533,46.1667,144,12.0845,4171,0.923271,3,24,0,0,6.21372,260.181,1475.1,0.992738,167.431,37.755,False,False,0,0.908937,False,1,,,single,True,0.316414,True,A
5728,125550499,1,2611.09,6,7566.17,15.0476,6.16667,36,12.8033,5144,0.865923,1.25,10,1,0,1.84945,832.833,2284.64,0.979804,145.05,28.8102,True,False,7,2.49474,False,1,,,single,True,0.732951,True,B
5729,252795236,1,2614.58,12,6717.36,15.0459,101.167,60,12.0611,5612.75,0.806747,2,16,1,0,10.7408,5850.74,1852.3,0.996872,165.117,47.6961,False,False,1,0.773563,False,1,,,single,True,0.64342,True,A
5731,24024177,1,2634.78,24,462.932,15.0371,29.0031,144,10.7581,5812,1.23382,3,24,0,0,,77.3427,654.644,0.997625,163.593,43.4679,False,False,1,1.10233,False,1,,,single,True,0.258326,True,A
5733,4894066,1,2614.47,16,5325.9,15.0336,99.6667,81,12.4471,5728,0.816998,2.5,20,1,0,4.93586,1089.11,2202.66,0.915091,147.66,31.7771,True,False,4,1.39241,False,1,,,single,True,0.580196,True,B
5737,99269663,1,2635.74,6,3492.29,15.0273,5.84418,36,11.4158,5179.68,0.831839,3,24,0,0,6.99156,339.579,1066.52,0.937071,169.575,37.1149,True,False,4,0.773563,False,2,,,single,True,0.478357,True,B
5742,173004425,1,2619.97,24,692.212,14.9859,39.8356,144,9.71253,5710,1.33538,3,24,0,0,,63.8933,417.584,0.999019,150.795,34.2476,False,False,0,1.3344,False,1,,,single,True,0.341887,True,A
5746,286728952,1,2617.49,1,12666.5,14.9792,99.3346,6,12.4639,5922.35,1.55756,3,24,0,0,,220.678,1951.58,0.99309,143.048,21.0218,False,False,1,1.02497,False,1,,,single,True,1.70581,True,A
5757,16780019,1,2635.65,8,2233.57,14.9302,8.15594,48,10.8045,5978.54,1.10314,3,24,0,0,6.39399,184.689,685.4,0.991664,141.746,36.2361,True,False,7,2.04994,False,1,,,single,True,0.507327,True,B
5762,8793843,1,2614.29,12,13168.1,14.9058,93,51,12.9528,5877.85,1.1478,3,24,0,0,,478.451,3259.41,0.965054,140.752,35.7649,True,False,5,2.45606,False,6,,,single,True,1.2817,True,B
5770,297960559,1,2627.62,24,2026.27,14.8915,31.8354,144,12.6071,5918.97,1.40073,3,24,0,0,,234.356,1922.28,0.944105,157.315,55.839,False,False,3,0.580172,False,1,,,single,True,0.613565,True,A
5774,335744101,1,2625.53,6,4144.2,14.8745,5.99404,36,11.4169,5180,0.770352,3,24,0,0,5.57677,978.231,931.477,0.991588,223.924,63.1169,False,False,5,1.70184,False,1,,,single,True,0.482577,True,A
5776,441695632,1,2625.6,6,7592.81,14.8715,5.99189,36,12.332,5460,1.01571,3,24,0,0,10.6715,624.474,1825.7,0.880124,213.532,59.0314,False,False,1,0.889598,False,1,,,single,True,0.861248,True,A
5777,289718679,1,2633.27,8,653.884,14.8712,65.1605,48,9.05924,6258,1.13066,3,24,0,0,,37.9154,291.38,0.996109,159.445,56.9198,False,False,0,1.02497,False,1,,,single,True,0.281345,True,A
5779,258801797,1,2621.11,12,1935.7,14.8633,12.1645,72,11.6277,4867,0.801462,3,24,0,0,9.24938,219.096,1090.46,0.931585,287.068,67.2686,False,False,1,1.85655,False,1,,,single,True,0.343131,True,A
5781,229974851,1,2628.47,24,4482.96,14.8546,58.8355,144,11.4312,4940,0.804336,3,24,0,0,5.4408,747.117,1105.91,0.832329,289.956,60.8157,False,False,2,1.93391,False,1,,,single,True,0.524056,True,A
5784,8866481,1,2621.05,1.5,15147.7,14.8455,13.833,9,12.6783,4659,0.649342,3,24,0,0,12.2741,1422.15,2252.34,0.858651,143.083,30.1618,False,False,2,1.97259,False,1,,,single,True,0.777685,True,A
5785,198211976,1,2625.68,6,4226.48,14.8445,5.99553,36,11.2076,3621,0.520283,2,16,1,0,4.40259,1421.82,878.402,0.931555,248.334,63.524,False,False,3,0.889598,False,1,2283.01,2283.01,single,True,0.329145,True,A
5792,95337604,1,2610.82,3,6411.8,14.8193,1.00082,16,11.9438,5303,1.12793,3,24,0,0,5.0281,540.692,1436.11,0.957284,153.433,18.4916,True,False,0,1.6825,True,1,,,single_partial,True,0.87888,True,B
5793,233575173,1,2631.71,24,2179.89,14.818,102.498,144,12.1023,6386,2.11708,3,24,0,0,,204.998,1448.86,0.943901,282.105,63.9191,False,False,1,1.72118,False,1,,,single,True,0.96186,True,A
5796,219845585,1,2610.7,6,10649.8,14.8119,6,36,12.6703,3640,0.507767,2,16,1,0,3.57641,1557.28,3032.49,0.527058,255.321,66.2898,True,False,7,1.6825,False,1,,,single,True,0.50991,True,B
5798,160420647,1,2612.39,24,5015.82,14.8095,46.5,144,10.592,5903,0.982038,3,24,0,0,12.7638,1239.22,580.072,0.991365,234.765,76.4005,False,False,0,1.27638,False,1,,,single,True,0.676795,True,A
5801,156496761,1,2628.07,24,2538.23,14.8036,58.1695,144,12.63,4019,0.662243,3,24,0,0,7.95131,694.081,1915.01,0.98746,219.674,76.9127,False,False,0,0.696207,False,1,,,single,True,0.324668,True,A
5806,458481611,1,2616.5,6,6136.73,14.7908,122.837,36,12.9454,4911,0.795305,3,24,0,0,9.86924,428.492,2349.64,0.977333,233.48,64.6475,False,False,0,1.5858,False,1,5722.01,5722.01,single,True,0.606261,True,A
5811,198211903,1,2627.06,24,1420.58,14.7766,38.6625,144,11.7787,5476,1.82303,3,24,0,0,5.24456,193.091,1096.11,0.975319,248.333,63.8947,True,False,1,1.12167,False,1,,,single,True,0.668628,True,B
5815,171651820,1,2616.52,2,6267.97,14.7638,122.508,12,12.0249,6168.73,1.3965,3,24,0,0,,158.367,1433.58,0.973286,159.376,23.9366,False,False,3,0.63819,False,1,,,single,True,1.07588,True,A
5818,252484950,1,2635.81,2,9228.53,14.7363,4.16165,12,11.073,3265,0.289725,2,16,1,0,4.09831,1170.45,1840.9,0.527222,156.514,50.456,True,False,2,0.541494,False,1,,,single,True,0.270838,True,B
5825,125529930,1,2620.19,2,7967.69,14.7211,34.5008,12,12.0357,6574,2.35504,3,24,0,0,1.87239,316.143,1461.04,0.994307,144.753,27.5007,False,False,3,2.9202,False,1,,,single,True,2.04561,False,B
5826,70676778,1,2610.35,8,7728.2,14.7205,-1.33293,32,12.8788,5111,0.854896,3,24,0,0,6.88058,459.839,2536.38,0.966389,155.526,17.0685,True,False,1,1.04431,True,1,,,single_partial,True,0.731324,True,B
5827,298129625,1,2626.18,6,5203.71,14.717,6.0023,36,12.9097,5019,0.744134,3,24,0,0,9.64468,703.453,2238.22,0.990347,202.443,74.9431,False,False,1,1.5858,False,1,,,single,True,0.522354,True,A
5829,253038416,1,2635.79,4,9743.65,14.7117,4.83398,24,12.4497,4938,0.775233,2.5,20,1,0,6.37611,1959.53,1936.67,0.998892,158.96,41.9013,True,False,1,0.5,False,2,,,single,True,0.744647,True,B
5840,219776976,1,2611.58,16,3215.04,14.6841,16,96,12.4415,5282,0.858874,3,24,0,0,11.8682,367.642,1809.42,0.904052,263.774,60.4627,True,False,2,0.870259,False,1,,,single,True,0.473893,True,B
5845,376848623,1,2633.23,24,838.227,14.6701,66.1647,144,9.5717,6635,3.56781,3,24,0,0,4.03673,114.742,439.036,0.994253,275.307,67.2153,False,False,1,1.14101,False,1,,,single,True,1.00517,True,A
5856,230119293,1,2627.06,24,1049.76,14.6506,27.4979,144,11.519,6101,1.21652,3,24,0,0,,116.392,986.283,0.975562,249.73,67.2723,True,False,4,1.39241,False,1,,,single,True,0.383549,True,B
5858,389917377,1,2612.3,24,1652.01,14.6473,44.1667,144,12.2803,5714,1.22661,3,24,0,0,,157.421,1617.18,0.973487,275.97,58.7167,False,False,0,0.908937,False,1,,,single,True,0.485143,True,A
5868,357099320,1,2626.84,24,1622.12,14.6331,31.8297,144,9.03105,6019,1.20354,3,24,0,0,12.7745,280.449,287.197,0.950742,275.004,55.7475,True,False,0,2.08862,False,1,,,single,True,0.471693,True,B
5871,307914527,1,2626.41,4,8414.14,14.6286,5.00381,24,12.6804,5668.05,0.96723,3,24,0,0,5.80956,1282.74,2171.51,0.995338,141.238,35.4859,True,False,2,2.08862,False,1,,,single,True,0.86336,True,B
5875,237254856,1,2611.46,12,1146.83,14.6257,12.1667,72,10.0757,6160,1.97879,3,24,0,0,,64.8607,484.958,0.990464,298.657,73.5829,True,False,4,0.85092,False,1,,,single,True,0.652089,True,B
5878,239197344,1,2612,2,4874.33,14.6201,39.3333,12,11.5736,6430.16,1.88545,3,24,0,0,5.12497,168.927,1085.95,0.997641,146.738,27.6146,False,False,1,2.04994,False,1,,,single,True,1.28094,True,A
5880,207399489,1,2626.64,24,2804.28,14.6088,28.6594,144,12.5331,4682,0.753146,3,24,0,0,4.20031,321.566,1709.03,0.993639,242.101,59.4762,True,False,1,0.5,False,1,,,single,True,0.388103,True,B
5884,27064649,1,2631.13,3,9666.95,14.5961,116.504,18,12.7741,6257.38,1.59707,3,24,0,0,,289.691,2444.11,0.972854,151.683,19.547,False,False,1,1.70184,False,1,,,single,True,1.52801,True,A
5886,307907546,1,2611.04,2,6530.38,14.5944,4.16667,12,10.0837,5567,2.40306,3,24,0,0,8.87882,486.883,602.47,0.679146,140.783,30.1282,True,False,7,2.93954,False,3,,,single,True,1.88969,True,B
5888,4891464,1,2620.34,24,657.641,14.5924,31.0016,144,10.8113,6300.14,1.38684,3,24,0,0,,107.861,713.269,0.995969,147.493,30.4028,False,False,3,1.29572,False,1,,,single,True,0.346081,True,A
5890,229867709,1,2621.11,12,4363.65,14.5877,12.331,72,12.9638,4980,0.825287,3,24,0,0,,331.644,2614.48,0.909207,177.178,74.2341,False,False,0,1.06365,False,1,,,single,True,0.530503,True,A
5894,224604372,1,2627.06,24,2791.68,14.5827,28.1603,144,12.3422,5657.65,0.909973,3,24,0,0,1.90134,359.498,1587.06,0.950115,255.429,58.5823,True,False,4,1.2377,False,1,,,single,True,0.467863,True,B
5895,142826717,1,2614.46,24,1405.89,14.5762,80.3333,126,11.0161,6163,1.14319,3,24,0,0,12.4339,416.625,723.341,0.997017,173.673,70.9901,True,False,1,1.12167,False,1,,,single,True,0.417111,True,B
5897,159166260,1,2635.74,6,591.698,14.5723,5.84171,36,7.3913,5883.47,1.81857,3,24,0,0,5.65154,26.2254,158.881,0.999077,200.032,59.862,True,False,2,0.541494,False,2,,,single,True,0.430465,True,B
5905,349854796,1,2626.22,2,4355.13,14.5538,1.50822,12,11.1511,5921.5,1.19088,3,24,0,0,3.26393,155.222,872.405,0.996162,157.328,23.224,False,False,2,0.754224,True,1,,,single_partial,True,0.764761,True,B
5907,11893761,1,2610.46,2,5764.3,14.5503,4,12,10.3921,6538,2.25449,3,24,0,0,5.08893,371.043,1057.89,0.694392,178.058,53.6807,True,False,1,0.5,False,1,,,single,True,1.66563,True,B
5908,233533303,1,2621.42,4,3610.15,14.5484,4.83342,24,10.1974,5487,2.68174,3,24,0,0,12.5382,834.845,549.532,0.968666,280.475,61.3595,True,False,3,0.889598,False,1,,,single,True,1.56797,True,B
5909,105483997,1,2626.97,12,6062.74,14.5484,1.1718,49,12.5912,6222,1.13958,3,24,0,0,2.46735,399.492,2347.4,0.993411,143.727,46.1019,True,False,1,1.04431,True,1,,,single_partial,True,0.863449,True,B
5912,8260361,1,2627.33,24,2742.38,14.5391,28.3273,144,12.8492,5438.48,0.96402,3,24,0,0,8.69914,527.027,2460.8,0.991871,161.787,37.5255,True,False,2,1.17968,False,1,,,single,True,0.491255,True,B
5913,365950339,1,2621.12,12,5401.76,14.5374,12.1652,72,12.668,4725,0.703772,3,24,0,0,6.13534,351.018,1995.93,0.991771,181.175,72.3534,False,False,0,0.908937,False,1,,,single,True,0.503335,True,A
5915,386954468,1,2610.13,6,8299.22,14.5316,6.16667,36,12.9718,5685.42,0.939548,3,24,0,0,4.21153,560.71,3053.36,0.993573,157.863,22.9451,True,False,4,0.754224,False,1,,,single,True,0.832904,True,B
5920,158436231,1,2635.55,8,3591.11,14.5094,10.3409,48,10.5432,5862,0.918112,1.5,12,1,0,2.90565,869.451,967.876,0.756527,202.41,61.2504,True,False,1,0.5,False,1,,,single,True,0.535386,True,B
5921,158001491,1,2626.21,6,4512.93,14.5058,6.00424,36,12.4711,5793,0.89642,3,24,0,0,11.3887,788.093,1729.3,0.94997,214.992,78.9979,False,False,0,0.986293,False,1,,,single,True,0.586001,True,A
5922,356199472,1,2621.38,6,4352.16,14.5041,5.83833,36,11.4726,5410,0.872363,1.5,12,1,0,4.91329,2053.35,1033.26,0.96475,267.023,53.7344,True,False,2,1.87589,False,1,,,single,True,0.560025,True,B
5926,233533434,1,2621.42,4,7081.56,14.4699,4.83348,24,12.3073,5629,0.862422,3,24,0,0,10.4456,795.731,1706.25,0.965983,280.484,61.1334,True,False,3,0.85092,False,1,,,single,True,0.706223,True,B
5928,99937960,1,2635.65,8,4236.57,14.4678,8.16345,48,12.2179,5522,0.902236,3,24,0,0,3.99195,322.872,1728.99,0.973605,170.228,61.0769,True,False,6,1.43109,False,1,,,single,True,0.571459,True,B
5933,99330046,1,2614.49,16,7465.66,14.4542,101.833,82,11.7959,4994,0.74962,2.5,20,1,0,9.19403,4216.46,1780.87,0.96709,189.684,59.427,True,False,1,1.04431,False,1,,,single,True,0.630279,True,B
5936,17238861,1,2628.47,2,4094.15,14.4488,56.001,12,10.4482,5708,2.9101,3,24,0,0,2.98204,222.303,607.152,0.952024,147.057,36.3571,False,False,3,2.1273,False,1,,,single,True,1.81195,True,A
5937,159549504,1,2635.74,6,9292.61,14.445,5.83483,36,12.4429,4959,0.776706,3,24,0,0,5.46348,799.931,1829.84,0.965662,191.856,64.9947,True,False,3,0.5,False,1,,,single,True,0.728589,True,B
5941,3940776,1,2627.25,24,1557.01,14.4319,26.4964,144,12.2792,6131.26,1.36953,3,24,0,0,,157.128,1586.72,0.995933,151.696,28.5075,True,False,1,1.16034,False,1,,,single,True,0.525865,True,B
5945,156806212,1,2615.24,3,7359.69,14.4176,126.167,18,12.6868,5784.1,0.943343,3,24,0,0,,211.304,2094.28,0.973204,140.23,40.379,False,False,3,2.0306,False,1,,,single,True,0.787512,True,A
5947,137888007,1,2626.88,6,7119.9,14.4126,6.00421,36,12.5347,5097,0.821824,3,24,0,0,2.99453,477.82,2154.13,0.967778,151.24,55.7967,True,False,5,0.812241,False,2,,,single,True,0.674797,True,B
5950,330795818,1,2613.25,1,15747.8,14.4047,67.1667,6,12.7405,5500.24,1.18864,3,24,0,0,2.16453,427.512,2572.22,0.986349,144.354,25.0696,False,False,1,2.45606,False,1,,,single,True,1.4515,True,A
5953,138664951,1,2619.1,3,4212.59,14.3945,60.6645,18,11.4474,6068,1.77919,3,24,0,0,3.02246,164.681,1107.55,0.943958,136.412,25.3887,False,False,1,1.52779,False,1,,,single,True,1.12371,True,A
5955,70681507,1,2628.97,4,3884.8,14.3866,71.3243,24,11.9789,6497.8,1.19174,3,24,0,0,,135.58,1431.77,0.998212,156.035,17.2732,False,False,0,1.46977,False,1,,,single,True,0.722809,True,A
5956,188511144,1,2610.14,1,6115.87,14.3839,3.66667,6,8.31119,6642.52,1.4706,3,24,0,0,4.60807,293.059,579.572,0.997632,143.549,36.3542,True,False,3,1.7792,False,1,,,single,True,1.11913,True,B
5958,233722502,1,2626.11,4,5699.7,14.3746,4.83344,24,12.2128,5479,1.25341,3,24,0,0,9.65011,719.721,1532.32,0.991355,276.606,63.6744,False,False,4,2.04994,False,1,,,single,True,0.920824,True,A
5959,156492630,1,2634.87,24,1684.41,14.374,26.662,144,12.6941,5470,0.978094,3,24,0,0,,227.232,1937.23,0.994932,218.495,75.477,False,False,1,1.2377,False,1,,,single,True,0.390626,True,A
5963,8942161,1,2635.49,12,783.352,14.368,11.834,72,9.9921,5180,0.730385,3,24,0,0,6.27085,87.2023,468.531,0.981923,153.106,31.5619,True,False,2,0.522155,False,1,,,single,True,0.198924,True,B
5964,53479594,1,2631.97,1.5,5076.97,14.3673,96.3306,9,11.5403,5771,1.85752,3,24,0,0,,142.036,1041.35,0.997431,162.169,52.932,False,False,0,0.696207,False,1,,,single,True,1.28793,True,A
5971,233178724,1,2610.66,8,3394.82,14.3528,8,48,11.288,6467,1.20674,3,24,0,0,2.71665,195.509,996.366,0.890693,217.78,68.0704,True,False,3,0.676868,False,1,,,single,True,0.684195,True,B
5974,99786416,1,2610.87,16,1616.34,14.3426,16.1667,96,11.6278,6239,1.17568,3,24,0,0,3.5821,193.359,1055.06,0.974885,141.609,43.0016,True,False,6,1.39241,False,1,,,single,True,0.459952,True,B
5979,26971635,1,2614.61,12,12416.9,14.3295,2.33593,46,12.6613,5484.6,1.84464,3,24,0,0,11.8214,1001.65,3215.16,0.98969,149.993,22.4252,False,False,0,1.50845,True,3,,,single_partial,True,2.00021,False,B
5980,8677954,2,2635.59,8,6645.55,14.3277,8.48732,48,10.5376,6058.58,2.08394,1.5,12,1,0,4.54232,2141.08,1747.57,0.503922,137.669,30.9305,True,False,4,1.00563,False,3,,,single,True,1.65313,True,B
5984,233094756,1,2620.36,16,2622.12,14.3195,30.1677,96,11.5179,5839,1.01799,3,24,0,0,5.31976,516.961,988.689,0.993257,272.871,62.3006,False,False,2,2.24333,False,1,,,single,True,0.507256,True,A
5985,8769475,1,2610.69,4,9489.89,14.3108,5.16667,24,12.4818,6303.07,1.7562,2,16,1,0,2.46387,659.445,2267.03,0.831594,140.437,32.4521,True,False,7,2.01126,False,1,,,single,True,1.6648,True,B
5990,198189972,1,2627.69,6,5096.51,14.3003,54.1605,36,12.6541,5775,1.33728,3,24,0,0,,231.279,1951.52,0.977363,246.203,60.9655,False,False,1,0.928276,False,1,4117.01,4117.01,single,True,0.929001,True,A
5992,1066472,1,2613.27,8,1985.34,14.2958,81.8333,48,10.9882,4849,0.701947,3,24,0,0,7.68388,143.813,803.324,0.998356,154.453,24.5075,False,False,2,2.0306,False,1,,,single,True,0.304354,True,A
5995,92005227,1,2626.48,8,5377.91,14.2782,4.16756,48,12.4492,5970.99,1.75116,1.5,12,1,0,2.25145,641.912,2005.42,0.985639,145.117,23.0591,True,False,4,2.28201,True,2,,,single_partial,True,1.24965,True,B
5999,154182991,1,2625.8,8,5113.17,14.2761,8.33286,48,12.8304,4567,0.840167,1,8,1,0,9.11705,24772.2,2113.55,0.957746,214.112,71.5178,False,False,5,0.754224,False,1,,,single,True,0.584613,True,A
6001,224299081,1,2626.89,4,2610.34,14.2726,17.9937,24,10.7131,5839.47,1.37558,3,24,0,0,6.42369,117.667,625.078,0.986197,185.505,55.5595,True,False,0,1.14101,False,1,5619.01,5619.01,single,True,0.683898,True,B
6003,16778823,1,2635.83,1.5,9667.11,14.2689,3.82103,9,11.8243,3930,0.585389,3,24,0,0,4.93313,591.001,1733.99,0.662979,141.62,41.6292,True,False,3,1.6825,False,2,,,single,True,0.56008,True,B
6007,233165908,1,2614.26,16,4645.92,14.2639,95.1667,92,11.9689,5454.85,0.80329,2,16,1,0,10.7062,6816.84,1310.31,0.996747,187.249,55.1364,True,False,1,0.754224,False,1,,,single,True,0.532802,True,B
6012,233634965,1,2610.81,6,1569.46,14.2541,7,36,7.96754,6231,3.96568,3,24,0,0,6.71049,120.199,218.768,0.959136,145.845,24.6048,True,False,7,1.62448,False,1,,,single,True,1.5288,True,B
6013,21020116,1,2625.58,1.5,7633.97,14.2529,3.66054,9,9.54739,5899,1.12637,2,16,1,0,4.25818,1441.9,1322.09,0.606872,272.985,51.173,False,False,4,0.889598,False,1,,,single,True,0.957665,True,A
6017,233071436,1,2626.91,24,1346.68,14.2434,35.498,144,9.9535,4825,0.78893,3,24,0,0,5.80654,179.826,439.498,0.94218,270.799,61.5853,True,False,3,1.12167,False,1,,,single,True,0.281727,True,B
6022,402897539,1,2635.48,12,3401.01,14.2271,12.1559,72,12.5635,3651,0.522071,3,24,0,0,,297.641,2149.35,0.962529,302.91,66.7503,True,False,4,2.30135,False,1,,,single,True,0.296272,True,B
6023,8884654,1,2626.74,12,3388.91,14.2244,12.0026,72,11.9252,5429,2.58699,3,24,0,0,2.23521,241.978,1292.54,0.993214,143.208,34.19,True,False,5,1.27638,False,1,,,single,True,1.46549,True,B
6030,207441301,1,2626.8,24,5156.22,14.2029,32.6591,144,12.7368,4252,0.692328,3,24,0,0,12.7676,1404.55,2121.64,0.834908,244.928,58.7492,True,False,2,0.5,False,1,,,single,True,0.483766,True,B
6036,26984342,1,2610.62,1.5,12643.7,14.1896,17.1667,9,12.9216,5913,1.50546,3,24,0,0,,316.013,2852.91,0.978709,150.393,21.2641,True,False,3,1.79853,False,1,,,single,True,1.64727,True,B
6037,298734193,1,2626.84,24,2717.23,14.1849,33.6648,144,11.6382,5367,0.887287,3,24,0,0,9.82646,387.509,1074.35,0.934511,278.589,57.6105,True,False,1,1.39241,False,1,,,single,True,0.450075,True,B
6041,95742805,1,2635.81,3,3131.94,14.1812,4.34532,18,10.2351,6162.06,1.7209,3,24,0,0,5.38205,162.198,574.742,0.941763,159.791,19.5309,True,False,3,0.812241,False,1,,,single,True,0.937173,True,B
6043,160270470,1,2635.72,6,5212.9,14.1779,6.32531,36,11.4557,3349,0.296662,3,24,0,0,11.9304,793.158,1195.83,0.866936,183.244,74.2801,True,False,7,1.6825,False,1,,,single,True,0.208429,True,B
6049,4753661,1,2626.53,8,9707.5,14.1571,8.00058,48,11.1074,4183.89,0.785054,2.5,20,1,0,5.52682,1232.29,1394.94,0.718267,145.792,31.2184,True,False,1,1.35374,False,2,,,single,True,0.752681,True,B
6054,154565844,1,2621.43,3,6940.07,14.1513,4.665,18,11.6676,5282,0.872981,3,24,0,0,5.46237,493.515,1115.67,0.995939,190.072,74.9492,True,False,0,1.52779,False,1,,,single,True,0.707692,True,B
6057,307929545,1,2627.89,2,2391.95,14.1357,39.5029,12,9.81211,5569.32,1.80804,3,24,0,0,9.62324,100.299,433.976,0.995709,141.517,31.103,False,False,6,2.97822,False,1,,,single,True,0.860482,True,A
6058,166074052,1,2610.49,2,4241.05,14.1345,4,12,10.2976,5935,1.79808,3,24,0,0,4.57843,642.035,758.579,0.883611,213.75,63.2629,True,False,5,0.889598,False,1,,,single,True,1.13947,True,B
6069,441695667,1,2635.82,2,3974,14.11,3.84508,12,9.0585,6418,1.89342,3,24,0,0,4.70559,432.021,487.682,0.606014,213.549,59.2428,True,False,0,0.870259,False,1,,,single,True,1.1615,True,B
6070,95838583,1,2634.74,24,936.109,14.1095,30.0121,144,11.3784,6180.83,1.72279,3,24,0,0,,102.88,956.846,0.998509,161.956,23.6299,False,False,0,0.696207,False,1,,,single,True,0.512924,True,A
6071,160035394,1,2610.69,8,4147.34,14.107,8,48,12.5388,5645,1.04179,3,24,0,0,4.45692,333.227,2068.51,0.826234,203.96,58.9901,True,False,4,0.5,False,1,,,single,True,0.652863,True,B
6091,148626170,1,2614.51,8,9366.22,14.0558,63.1667,45,12.7035,3926,0.768662,1.25,10,1,0,8.03693,12877.4,2293.84,0.885752,154.649,54.7181,False,False,0,0.618851,False,1,,,single,True,0.723894,True,A
6100,67439879,1,2628.04,3,18914.9,14.0247,0.338446,12,11.8553,6122.03,1.15363,3,24,0,0,10.8739,3499.9,1701.92,0.99677,155.249,30.0803,False,False,3,0.85092,True,2,,,single_partial,True,1.54392,True,B
6101,159508950,1,2627.41,24,874.333,14.0218,36.8396,144,10.5199,5748,1.58382,3,24,0,0,5.02629,185.675,582.065,0.998608,247.125,81.8798,True,False,3,1.46977,False,1,,,single,True,0.455724,True,B
6104,27071403,1,2616.23,6,3267.56,14.01,129.506,36,11.7713,6194,1.6167,3,24,0,0,13.073,296.279,1341.36,0.988746,152.345,20.1643,False,False,0,2.10796,False,1,,,single,True,0.899287,True,A
6105,39776274,1,2611.4,12,3797.84,14.0059,13.6667,72,12.6542,5473,0.938112,1.5,12,1,0,1.65478,561.563,2095.48,0.99706,154.553,46.0318,True,False,4,0.676868,False,1,,,single,True,0.562575,True,B
6112,105439525,1,2611.35,24,2558.88,13.9975,24.1667,144,12.8674,5402,0.847578,3,24,0,0,,367.265,2479.4,0.967867,142.276,44.1128,True,False,2,1.45043,False,1,,,single,True,0.417217,True,B
6115,232968744,1,2610.5,6,8216.74,13.9898,6.16667,36,12.0347,4895,0.719974,3,24,0,0,3.78575,588.89,2278.28,0.579399,198.301,67.5492,True,False,2,0.5,False,1,,,single,True,0.635074,True,B
6126,117420469,1,2614.06,2,3831.93,13.9592,1.83318,12,11.0277,6081.97,1.42464,3,24,0,0,4.75299,196.734,827.655,0.930538,137.942,28.6586,False,False,1,1.74052,True,1,,,single_partial,True,0.858166,True,B
6127,85286194,1,2635.65,8,2970.39,13.9571,8.16931,48,11.3308,4892.31,0.771909,3,24,0,0,6.21365,386.155,1013.57,0.957931,155.517,31.8982,True,False,4,0.812241,False,1,,,single,True,0.409384,True,B
6128,95781004,1,2635.21,1,11059,13.9567,0.654043,6,12.2493,6160,1.21829,3,24,0,0,11.8816,463.223,1715.31,0.995317,161.343,21.408,False,False,3,0.599511,True,1,,,single_partial,True,1.24671,True,B
6132,87975440,1,2621.13,12,3685.06,13.9545,12.003,61,12.2016,5523.63,0.842872,3,24,0,0,0.964911,314.35,1770.09,0.951358,146.652,20.0129,False,False,4,1.64382,False,1,,,single,True,0.497899,True,A
6134,149442628,1,2613.32,4,7731.91,13.9521,56.5,24,12.3348,5708,1.91166,3,24,0,0,5.21259,500.073,1739.07,0.978774,140.841,28.4567,False,False,4,2.37871,False,1,,,single,True,1.63573,True,A
6139,86118485,1,2614.58,24,1733.45,13.9419,102.167,126,12.1585,6002,2.29144,3,24,0,0,10.6943,562.943,1594.71,0.90378,140.296,21.8334,False,False,2,0.889598,False,1,,,single,True,0.928372,True,A
6142,138755493,1,2626.68,12,2155.66,13.9399,11.9899,72,11.5561,3823,0.562787,3,24,0,0,6.86781,267.412,1093.35,0.999464,163.611,27.9762,True,False,2,0.522155,False,1,,,single,True,0.254268,True,B
6147,154566199,1,2635.77,4,3107.16,13.9307,5.16089,24,10.79,4493,1.05908,3,24,0,0,5.21407,375.488,768.899,0.852724,190.301,73.043,True,False,7,1.60514,False,1,,,single,True,0.574471,True,B
6149,8865387,1,2610.38,1,4857.64,13.9262,3.66667,6,9.52657,6178,1.38149,3,24,0,0,3.64181,463.932,449.793,0.919606,143.019,35.5237,True,False,3,1.52779,False,1,,,single,True,0.936953,True,B
6158,230136289,1,2610.7,6,2413.66,13.9097,6,36,10.0666,5033,0.837621,3,24,0,0,3.68159,274.69,559.758,0.937492,252.98,67.2359,True,False,6,1.5858,False,1,,,single,True,0.400445,True,B
6159,142942093,1,2635.65,8,2924.11,13.9082,8.1616,48,11.7839,4423,0.763824,3,24,0,0,12.5416,399.874,1130.82,0.986656,180.071,69.0288,True,False,3,1.08299,False,1,,,single,True,0.401927,True,B
6162,459968843,1,2635.66,8,5436.56,13.9009,7.84105,48,11.9418,5526,0.915018,2.5,20,1,0,5.30502,1203.78,1225.26,0.997298,254.704,61.8188,True,False,1,0.5,False,1,,,single,True,0.656522,True,B
6167,165654284,1,2635.74,6,5199.95,13.893,5.84118,36,12.4138,3905.35,0.75572,3,24,0,0,8.53252,637.195,1767.47,0.997897,162.614,33.3529,True,False,3,0.947615,False,1,,,single,True,0.530296,True,B
6171,241260972,1,2626.45,6,4292.04,13.8824,5.99374,36,11.9637,6425,1.10052,3,24,0,0,4.83286,443.488,1268.42,0.985154,158.187,31.3379,True,False,3,1.02497,False,1,,,single,True,0.701596,True,B
6172,173003041,1,2618,3,2641.36,13.8794,87.0024,18,11.1002,6219,1.26781,3,24,0,0,,77.5517,857.141,0.986866,150.688,33.3669,False,False,2,1.29572,False,1,,,single,True,0.634053,True,A
6177,87976752,1,2635.65,8,3048.15,13.871,8.16526,48,11.1838,5347,0.877378,3,24,0,0,3.20746,238.211,917.605,0.993059,146.826,21.5943,True,False,7,2.63011,False,1,,,single,True,0.47137,True,B
6178,85321516,1,2629.15,3,7066.66,13.8709,70.4913,18,12.6481,5783.16,1.96702,3,24,0,0,,237.147,2105.66,0.998839,163.25,31.548,False,False,1,1.16034,False,1,,,single,True,1.60906,True,A
6180,389917695,1,2625.71,6,6980.24,13.8664,5.99765,36,12.2347,5434,2.24844,2.5,20,1,0,5.80181,1524.24,1644.54,0.842833,276.038,58.1027,False,False,2,1.16034,False,2,,,single,True,1.82799,True,A
6182,141249539,1,2628.96,24,237.924,13.8522,67.6575,143,7.3308,5795,1.16704,3,24,0,0,8.02967,38.4701,134.487,0.99971,187.675,50.9745,False,False,1,0.541494,False,1,,,single,True,0.175171,True,A
6187,82204149,1,2614.33,24,1411.36,13.835,96.1667,130,8.92956,6281.06,1.6161,3,24,0,0,6.11108,344.029,471.951,0.938989,148.092,28.5662,True,False,3,1.37307,False,1,,,single,True,0.590806,True,B
6189,87974065,1,2616.63,4,9321.15,13.8335,119.836,24,12.8493,6724,1.4841,3,24,0,0,,367.072,2633.87,0.967013,146.52,22.0446,False,False,2,2.35937,False,1,,,single,True,1.3943,True,A
6191,241193319,1,2618.78,2,11154.9,13.8257,1.33798,12,12.5899,5471.33,0.960404,3,24,0,0,2.50869,505.036,2116.05,0.992224,153.192,24.8716,False,False,1,1.7792,True,1,,,single_partial,True,0.987061,True,B
6194,95341270,1,2615.5,2,10722.4,13.8143,134.833,12,12.9749,5598,1.06599,3,24,0,0,,240.876,2516.3,0.996827,153.62,23.7636,False,False,2,1.81787,False,1,,,single,True,1.07413,True,A
6196,259237909,1,2612.48,12,1921.15,13.8103,12.8333,72,10.8195,5653,3.06529,3,24,0,0,8.01146,182.242,794.05,0.807192,292.968,69.8224,False,False,1,1.97259,False,1,,,single,True,1.3074,True,A
6197,356541801,1,2627.58,24,1252.24,13.8098,31.171,144,10.2486,6407,1.66347,3,24,0,0,2.65953,129.199,546.075,0.958153,154,60.2996,False,False,4,0.754224,False,1,,,single,True,0.572817,True,A
6201,318251677,1,2627.55,24,1662.71,13.7767,32.9985,135,12.4489,5914.56,1.19001,3,24,0,0,,172.592,1732.4,0.994771,163.462,51.7358,False,False,1,0.908937,False,1,,,single,True,0.47219,True,A
6203,233603044,1,2635.48,12,2393.5,13.7729,12.1643,72,12.2945,6085,1.02935,3,24,0,0,,174.034,1589,0.985304,282.701,64.817,True,False,7,1.64382,False,2,,,single,True,0.490046,True,B
6205,8768475,1,2610.58,4,5225.84,13.7584,5.16667,24,9.5521,5584,0.894804,1.5,12,1,0,4.57581,2745.47,802.988,0.996886,140.234,32.4779,True,False,8,2.01126,False,1,,,single,True,0.629453,True,B
6207,453445856,1,2635.83,1.5,4838.72,13.7545,3.82377,9,10.2877,6902,1.78441,3,24,0,0,4.21521,310.413,762.71,0.808175,148.149,48.2104,True,False,3,0.5,False,1,,,single,True,1.20786,True,B
6209,287269396,1,2610.65,4,6095.84,13.749,5.33333,24,11.2261,5587,0.873401,1.5,12,1,0,11.3887,10880.5,923.711,0.9911,155.252,65.0815,True,False,5,0.947615,False,2,,,single,True,0.663572,True,B
6211,198508580,1,2612.2,24,1905.89,13.7403,41.8333,144,12.5657,6013,1.01732,3,24,0,0,10.6365,414.367,1850,0.80365,210.481,74.6281,False,False,1,1.31506,False,1,,,single,True,0.432179,True,A
6214,99919332,1,2626.51,6,4110.19,13.7323,7.50044,36,12.5062,5385,1.00239,3,24,0,0,,254.853,1979.87,0.845025,169.135,61.35,True,False,3,1.06365,False,1,,,single,True,0.625353,True,B
6216,159465268,1,2635.64,8,8114.99,13.7249,8.15535,48,12.8279,3469,0.447939,2.5,20,1,0,5.02352,1466.08,2567.76,0.992317,244.81,81.9221,True,False,5,1.41175,False,1,,,single,True,0.392663,True,B
6218,155635064,1,2631.64,24,5694.65,13.7189,104.322,144,9.12127,6218,1.24043,3,24,0,0,4.72728,712.424,303.127,0.956364,202.125,80.7591,False,False,0,0.657529,False,1,,,single,True,0.910885,True,A
6219,230012877,1,2635.77,4,10058.7,13.7184,5.16195,24,12.1734,4962,0.855986,1.25,10,1,0,5.1808,4479.33,1514.04,0.975106,291.105,63.7718,True,False,4,1.70184,False,2,,,single,True,0.835399,True,B
6220,372680351,1,2612.85,3,2306.76,13.7163,0.999955,15,9.5508,5528,0.842006,3,24,0,0,13.0032,88.4177,367.711,0.99671,140.964,40.1553,False,False,1,2.63011,True,1,,,single_partial,True,0.393526,True,B
6221,258955723,1,2635.73,6,5922.52,13.7125,6.16127,36,11.6916,4248,0.67161,3,24,0,0,4.72357,835.529,1102.21,0.944103,289.412,66.2912,True,False,6,1.54713,False,1,,,single,True,0.502954,True,B
6222,156372726,1,2620.05,16,2435.07,13.712,37.8377,96,12.3733,4865,0.842015,3,24,0,0,,191.129,1659.02,0.996579,167.838,47.7339,False,False,1,0.966954,False,1,,,single,True,0.404327,True,A
6226,21499931,1,2627.51,24,6867.54,13.6993,34.0006,144,12.6307,5955.25,2.50026,3,24,0,0,9.21867,1471.13,1988.1,0.937678,149.002,39.0286,False,False,2,1.16034,False,1,,,single,True,2.01624,False,B
6234,87955198,1,2619.04,6,3129.71,13.6767,62.0024,36,10.9646,5530,0.911285,3,24,0,0,5.83331,317.138,793.915,0.995044,146.04,22.21,False,False,4,2.61078,False,1,,,single,True,0.496093,True,A
6238,409272974,1,2627.35,24,1326.7,13.6648,27.5044,144,12.2671,5911,1.28024,3,24,0,0,,179.885,1569.47,0.997681,142.958,42.913,True,False,3,2.0306,False,1,,,single,True,0.453769,True,B
6239,86102755,1,2626.45,1.5,11699.3,13.6607,7.33552,9,12.7328,6060.81,1.39841,3,24,0,0,,325.327,2368.06,0.942674,139.802,23.6003,True,False,1,2.22399,False,1,,,single,True,1.47188,True,B
6241,4841632,1,2618.74,4,6527.51,13.6605,5.16514,24,12.1053,4670.86,0.699867,0.5,4,1,0,4.57462,23267.8,1461.19,0.993339,146.821,31.8555,False,False,3,1.39241,False,1,,,single,True,0.550233,True,A
6242,237049658,1,2635.72,6,6616.81,13.6603,6.15526,36,11.959,5419,0.832361,1.25,10,1,0,4.97213,3875.09,1566.69,0.871734,306.967,64.4733,True,False,2,1.25704,False,1,,,single,True,0.658861,True,B
6243,241263019,1,2626.53,8,2598.23,13.659,7.99375,48,11.7328,6187.25,1.21222,3,24,0,0,4.66026,337.148,1137.63,0.996719,158.462,31.8407,True,False,3,1.17968,False,1,,,single,True,0.601282,True,B
6247,358767316,1,2635.66,8,4849.9,13.6509,7.84222,48,12.8434,4958,0.73686,3,24,0,0,,294.806,2285.94,0.973609,209.297,61.3328,True,False,0,0.541494,False,1,,,single,True,0.499354,True,B
6250,82204636,1,2619.86,1,7423.75,13.6375,42.3359,6,11.8071,5375,0.940105,3,24,0,0,,184.363,1228.99,0.985306,148.113,25.9756,False,False,2,1.21836,False,1,,,single,True,0.788216,True,A
6251,148684171,1,2610.71,6,3842.5,13.6373,7.33333,36,11.7456,5319.3,0.835596,3,24,0,0,5.13066,461.018,1389.22,0.848712,181.617,46.1417,True,False,2,0.5,False,1,,,single,True,0.504035,True,B
6257,67937198,1,2626.77,8,7732.79,13.6191,9.50526,48,12.8784,5682,0.640341,3,24,0,0,2.17162,545.728,2886.05,0.992472,142.51,45.6035,True,False,1,1.10233,False,1,,,single,True,0.547945,True,B
6258,105533052,1,2611.53,16,3007.54,13.6137,16.5,96,12.7278,5619,1.60539,3,24,0,0,12.5728,507.669,2288.14,0.97385,152.571,46.5304,True,False,1,0.5,False,1,,,single,True,0.856729,True,B
6259,199526579,1,2610.7,6,2975.01,13.6105,6,36,11.2738,5712,2.51851,3,24,0,0,4.0379,253.103,858.22,0.860787,240.422,65.455,True,False,2,0.580172,False,1,,,single,True,1.33674,True,B
6261,298783302,1,2635.49,12,1851.11,13.5985,11.8398,72,11.7807,6423,2.45286,3,24,0,0,,157.833,1221.27,0.951442,278.647,54.7668,True,False,5,1.3344,False,1,,,single,True,1.02694,True,B
6264,171651840,1,2615.88,4,6033.71,13.5918,137.841,24,12.7169,5734.15,1.18226,3,24,0,0,,221.879,2289.36,0.991248,159.535,23.8337,False,False,0,0.599511,False,1,,,single,True,0.893641,True,A
6280,8768720,1,2611.04,3,11183.1,13.5264,4.66667,18,12.9971,5769,1.6057,1.25,10,1,0,1.84842,1086.67,3077.61,0.949242,140.298,31.2494,True,False,7,2.16598,False,1,,,single,True,1.65235,True,B
6283,88704042,1,2628.95,24,183.341,13.5219,67.3267,144,7.0515,5617,1.04517,3,24,0,0,5.85865,23.7924,138.535,0.999319,167.658,42.4263,False,False,3,1.2377,False,1,,,single,True,0.137713,True,A
6284,287287484,1,2627.51,24,2489.11,13.5202,31.0043,144,12.3913,5994,1.85892,3,24,0,0,4.25224,354.318,2139.8,0.915591,156.083,62.6455,False,False,3,1.21836,False,1,,,single,True,0.902485,True,A
6287,27065991,1,2612.63,3,1017.33,13.5133,67,18,8.95789,5943,1.26581,3,24,0,0,,31.2313,282.245,0.994878,151.692,21.0337,False,False,4,1.87589,False,1,,,single,True,0.392877,True,A
6288,274242849,1,2620.12,24,1561.36,13.5099,36.1666,144,11.4319,3806,0.564234,3,24,0,0,12.7464,390.134,1036.32,0.995362,160.813,57.4168,False,False,0,1.27638,False,1,,,single,True,0.216954,True,A
6289,406758569,1,2635.49,12,2251.33,13.5065,11.8347,72,12.1734,5871.98,0.996869,3,24,0,0,,144.625,1575.23,0.998321,161.437,43.934,True,False,3,0.754224,False,1,,,single,True,0.460272,True,B
6293,141246958,1,2626.35,4,6028.38,13.4989,4.99091,24,11.8765,5084,0.80526,1.5,12,1,0,4.93599,2668.3,1238.56,0.998858,187.064,50.8159,True,False,1,0.580172,False,1,,,single,True,0.608406,True,B
6295,147994132,2,2635.16,16,3983.45,13.4942,19.8267,96,10.6211,5803,1.24165,3,24,0,0,4.45083,537.373,804.814,0.748922,170.596,66.91,False,False,2,0.908937,False,2,,,single,True,0.762582,True,A
6296,173003737,1,2614.49,16,23041.9,13.4934,100,82,12.7238,3324,0.389818,2,16,1,0,7.54696,10914.2,6917.66,0.519667,150.738,30.3451,True,False,1,0.83158,False,1,,,single,True,0.575809,True,B
6299,403114052,1,2635.31,16,1909.98,13.4866,16.1557,96,10.6438,5065,1.10997,2,16,1,0,7.82104,4717.85,702.208,0.851235,303.538,66.6944,True,False,3,2.26267,False,1,,,single,True,0.472045,True,B
6300,88047433,1,2617.02,1,18725.1,13.4859,110.67,6,12.9762,5546,0.939289,3,24,0,0,,400.38,3088.98,0.969194,147.579,22.6185,False,False,2,2.01126,False,1,,,single,True,1.25074,True,A
6302,154091253,1,2625.77,12,1758.12,13.4823,11.9977,72,10.9866,6517,1.26776,3,24,0,0,3.56386,214.908,759.77,0.924224,209.638,68.2164,False,False,1,0.599511,False,1,,,single,True,0.517272,True,A
6305,229605578,1,2611.35,6,1608.35,13.4727,6,36,10.0308,6102,1.20542,3,24,0,0,6.77072,350.082,531.927,0.924965,273.658,77.8641,True,False,6,1.50845,False,1,,7626.01,single,True,0.470421,True,B
6306,203236035,1,2627.09,16,3054.34,13.4665,16.1716,96,10.9389,6476.75,1.67916,3,24,0,0,3.61307,509.188,798.44,0.997466,135.489,23.8551,True,False,1,0.85092,False,2,,,single,True,0.903042,True,B
6309,233170789,1,2626.51,24,2140.25,13.4596,29.8301,144,12.1337,4334,0.777104,3,24,0,0,8.55329,259.68,1410.35,0.987298,215.323,67.1111,True,False,1,0.5,False,1,,,single,True,0.349839,True,B
6311,4972954,1,2620.34,24,1795.63,13.4566,31.0022,144,11.7769,5388.56,0.797132,3,24,0,0,1.41025,224.474,1427.43,0.898338,149.033,30.2761,False,False,1,1.00563,False,1,,,single,True,0.328697,True,A
6312,349888677,1,2635.66,8,3747.28,13.4541,7.84269,48,12.3108,3645,0.426857,3,24,0,0,,219.798,1928.62,0.979877,157.525,20.7316,True,False,6,1.16034,False,1,,,single,True,0.254272,True,B
6314,4956652,1,2610.88,12,5103.45,13.4486,0.333577,58,12.7967,5585.86,1.28103,3,24,0,0,,332.342,2268.63,0.995285,148.557,31.0515,True,False,5,0.966954,True,1,,,single_partial,True,0.89053,True,B
6319,376504628,1,2621.3,8,11121.5,13.44,7.84103,48,12.9293,3051,0.174363,3,24,0,0,7.54508,1555.6,3256.41,0.55308,182.278,47.5931,True,False,0,0.5,False,1,,,single,True,0.178935,True,B
6322,165280582,1,2631.3,2,5618.07,13.4339,112.506,12,11.5678,5867,1.14668,3,24,0,0,5.21671,288.795,1264.5,0.820022,156.427,26.6514,False,False,1,0.966954,False,1,,,single,True,0.83636,True,A
6325,353783916,1,2635.73,6,9579.67,13.4323,6.00437,36,12.9049,5447,0.951697,3,24,0,0,10.6453,1616.5,2970.59,0.548734,276.855,58.4507,True,False,6,1.60514,False,1,,,single,True,0.906424,True,B
6327,165299860,1,2627.79,3,6654.11,13.4314,41.4927,18,12.3662,5529,1.86263,3,24,0,0,4.82773,331.826,1930.08,0.880486,157.244,26.0481,False,False,0,1.14101,False,1,,,single,True,1.47853,True,A
6330,233722500,1,2635.49,12,2337.02,13.4252,11.8337,72,12.0501,6074,0.976864,3,24,0,0,,145.108,1420.94,0.973324,276.698,63.6831,True,False,5,2.04994,False,1,,,single,True,0.459539,True,B
6339,237097805,1,2632.55,3,4303.24,13.3917,82.3376,18,11.8637,5487,0.986074,3,24,0,0,5.80339,187.775,1147.48,0.975954,240.005,67.193,False,False,0,0.734885,False,1,,,single,True,0.629455,True,A
6346,126369482,1,2635.73,6,7316.85,13.3744,6.15419,36,12.2842,5676.93,1.4022,1.5,12,1,0,3.44584,1505.97,1873.39,0.990127,136.116,24.2155,True,False,3,1.46977,False,1,,,single,True,1.16716,True,B
6356,233630283,1,2611.87,16,1678.2,13.3427,16.5,96,11.6805,6736,1.69683,3,24,0,0,,158.474,1113.7,0.865611,284.556,65.1295,False,False,6,1.7792,False,1,,,single,True,0.676423,True,A
6357,142302598,1,2625.71,12,3810.77,13.3423,11.9948,72,12.6854,5545,0.835654,3,24,0,0,3.21791,402.265,2229.32,0.912289,192.738,60.1306,False,False,1,0.696207,False,1,,,single,True,0.501984,True,A
6361,219854909,1,2610.95,12,1215.31,13.3392,12,72,9.6482,4964,0.740202,3,24,0,0,9.43646,482.118,367.488,0.993548,256.893,67.4997,True,False,2,1.31506,False,1,,,single,True,0.251102,True,B
6362,1114541,1,2635.47,12,2474.75,13.3354,12.3382,72,12.2311,5009,0.69374,3,24,0,0,,220.992,1622.17,0.906105,155.371,26.5504,True,False,6,1.35374,False,1,,,single,True,0.33583,True,B
6363,313484522,1,2610.67,4,7095.83,13.331,5.16667,24,12.3865,4926.23,0.695456,3,24,0,0,4.90916,638.639,1633.57,0.937673,199.04,72.7421,True,False,0,0.986293,False,1,,,single,True,0.570071,True,B
6367,95361187,1,2633.13,3,7744.2,13.3264,68.5067,15,12.7203,6148.84,1.24107,3,24,0,0,,251.349,2485.38,0.964067,154.322,19.8488,False,False,5,2.22399,False,1,,,single,True,1.06278,True,A
6371,353939959,1,2610.64,4,5101.96,13.3221,5,24,11.3667,6068,2.07923,3,24,0,0,4.12079,365.771,1085.94,0.842806,272.381,57.2591,True,False,7,1.85655,False,1,,,single,True,1.4452,True,B
6374,8172112,1,2635.73,6,25251.8,13.3137,6.16507,36,12.0778,5586,1.73487,3,24,0,0,5.00132,2663.11,5547.02,0.980434,155.536,41.5307,True,False,3,0.522155,False,1,,,single,True,2.68269,False,B
6377,402659226,1,2628.23,24,1633.25,13.3039,53.1739,144,11.2923,4896,0.74752,3,24,0,0,1.39041,280.2,1197.55,0.709318,302.381,68.6113,False,False,4,2.08862,False,1,,,single,True,0.293972,True,A
6383,288344998,1,2611.35,6,10300.1,13.2952,6,36,12.6789,3540,0.446221,3,24,0,0,6.7707,1302.08,3321.57,0.623362,263.813,81.3183,True,False,5,0.908937,False,1,,,single,True,0.440684,True,B
6385,8793576,1,2635.72,6,7193.12,13.2889,6.32222,36,12.7157,5529.15,0.830354,2.5,20,1,0,3.04145,702.743,2305.16,0.909155,140.65,34.343,True,False,4,1.95325,False,1,,,single,True,0.685298,True,B
6386,330705592,1,2635.76,3,5927.53,13.283,2.34168,18,11.9642,5823.61,1.20275,3,24,0,0,3.74995,330.566,1440.21,0.994514,141.694,28.4673,True,False,6,2.80417,True,1,,,single_partial,True,0.901093,True,B
6391,298092113,1,2614.57,12,5109.37,13.2628,102,60,11.9326,5344,0.876594,1.5,12,1,0,6.41672,3412.17,1364.84,0.970612,204.662,64.3259,False,False,1,0.5,False,1,,,single,True,0.609733,True,A
6393,330754592,1,2612.43,16,2723.76,13.2578,38.1667,96,11.4771,6824.29,1.45146,3,24,0,0,4.05686,350.149,1016.34,0.996191,144.179,25.4191,False,False,4,2.61078,False,2,,,single,True,0.737135,True,A
6397,153975382,2,2635.14,12,5006.47,13.2479,20.3316,72,11.989,5473,0.873239,2.5,20,1,0,4.89872,1160.77,1299.63,0.995391,202.923,70.9787,False,False,4,0.889598,False,2,,,single,True,0.601252,True,A
6399,8854363,1,2626.74,12,3476.11,13.2474,12.6697,72,12.7146,5658.46,1.3005,3,24,0,0,,265.749,2179.56,0.959638,142.47,34.3648,True,False,5,1.41175,False,1,,,single,True,0.74613,True,B
6401,85321355,1,2635.83,1.5,2054.23,13.2426,3.67517,9,9.0355,6814,1.62053,3,24,0,0,10.0162,111.994,380.726,0.948277,163.197,32.9902,True,False,3,1.19902,False,2,,,single,True,0.714726,True,B
6402,95341142,1,2617.13,1,6392.97,13.237,107.839,6,11.5096,5931,1.94266,3,24,0,0,6.52956,289.309,1046.08,0.949569,153.604,23.0364,False,False,1,1.64382,False,1,,,single,True,1.51149,True,A
6403,229589610,1,2627.72,12,3423.84,13.2356,12.5034,72,12.8646,4575,0.7157,3,24,0,0,,238.472,2268.37,0.982405,272.282,72.6384,False,False,3,1.64382,False,1,,,single,True,0.407516,True,A
6406,101549800,1,2635.65,8,5804.04,13.2318,8.1593,48,12.9751,5437.01,1.37054,3,24,0,0,12.3054,1856.33,2658.89,0.992319,144.071,30.7929,True,False,5,1.85655,False,1,,,single,True,1.01605,True,B
6409,9428072,1,2621.38,6,3865.3,13.2285,5.84013,36,11.8354,3985,1.23697,3,24,0,0,10.7409,1069.45,1169.24,0.977087,167.892,39.1097,True,False,0,0.792902,False,1,,,single,True,0.748356,True,B
6411,92007005,1,2628.9,3,8463.23,13.2274,66.332,12,12.5461,6043,2.12869,3,24,0,0,,220.154,2188.2,0.991207,145.204,21.6183,False,False,4,2.24333,False,1,,,single,True,1.90563,True,A
6416,165412823,1,2616.33,4,7946.16,13.214,127.175,24,12.9461,5012.03,0.815972,3,24,0,0,,271.895,2855.3,0.980557,159.449,23.926,False,False,1,0.63819,False,1,,,single,True,0.707801,True,A
6422,26958352,1,2628.47,1,15241.5,13.1987,59.1625,6,12.7434,5547,0.90311,3,24,0,0,4.20364,972.398,2546.03,0.992179,149.758,21.5131,False,False,1,1.75986,False,1,,,single,True,1.08495,True,A
6427,219095076,1,2611.29,3,8866.62,13.18,4.5,18,10.9342,6184,2.157,3,24,0,0,10.3645,1645.11,1761.55,0.588923,269.371,69.1562,True,False,3,1.56647,False,1,,,single,True,1.97645,True,B
6430,149366135,1,2614.96,2,3216.06,13.1775,111.333,12,10.9405,5559,1.02942,3,24,0,0,5.13325,195.215,789.847,0.979673,139.004,24.7625,False,False,3,2.08862,False,1,,,single,True,0.568084,True,A
6431,219820410,1,2611.52,16,1579.12,13.1727,16,96,11.6593,4366,0.824094,3,24,0,0,11.8994,281.077,1091.69,0.987758,267.951,60.805,True,False,2,1.25704,False,1,,,single,True,0.31867,True,B
6433,289729220,1,2611.08,1,164687,13.167,3.66667,6,12.1879,6517,2.38432,1.5,12,1,0,9.56452,20756.7,5794.61,0.997142,159.761,59.1358,True,False,3,1.21836,False,1,,,single,True,9.41568,False,B
6438,335661486,1,2610.82,8,4750.36,13.1567,8,48,11.8877,6048,1.51056,3,24,0,0,2.75767,432.705,1357.28,0.84147,217.362,80.6796,True,False,0,0.986293,False,1,,,single,True,1.01312,True,B
6440,445854133,1,2626.37,6,4476.61,13.1497,6.00577,36,11.605,4157,0.675431,2,16,1,0,2.77618,627.434,1383.58,0.639152,197.934,80.4641,True,False,3,0.83158,False,1,,,single,True,0.439757,True,B
6442,39142111,1,2626.4,6,3966.93,13.1403,5.99079,36,11.2329,5762.15,0.876067,3,24,0,0,4.65658,806.197,883.697,0.98647,168.597,37.127,True,False,0,1.00563,False,1,,,single,True,0.536936,True,B
6444,450303612,1,2612.16,24,1701.29,13.1364,46.5,144,11.8826,5612.46,1.33078,3,24,0,0,1.25065,295.126,1285.68,0.922665,143.731,38.6363,False,False,2,2.97822,False,1,,,single,True,0.534138,True,A
6450,149400418,1,2613.7,1,5750.36,13.1208,0.999404,6,10.6535,6137,1.14984,3,24,0,0,4.93583,376.93,756.533,0.998584,140.031,24.5858,False,False,1,2.22399,True,1,,,single_partial,True,0.848482,True,B
6453,445829892,1,2635.66,8,7384.29,13.1155,7.83816,48,12.7767,4557,0.703204,3,24,0,0,9.62615,1578.05,2187.81,0.970758,172.94,50.432,True,False,3,0.5,False,1,,,single,True,0.588021,True,B
6456,285003429,1,2627.66,3,2154.91,13.1089,36.3379,18,10.3358,6507.37,1.98149,3,24,0,0,0.838763,101.229,543.581,0.993904,137.511,29.4035,False,False,0,1.50845,False,1,,,single,True,0.895085,True,A
6467,233682614,1,2611.11,4,5318.13,13.0847,5,24,11.271,5884,0.954622,1.5,12,1,0,3.58238,1624.11,880.492,0.987125,260.691,61.8029,True,False,5,0.986293,False,2,,,single,True,0.677436,True,B
6469,149929403,1,2610.69,6,850.35,13.0832,6.33333,36,8.5368,5285,0.980981,3,24,0,0,5.6928,62.8551,225.619,0.999513,162.482,61.7167,True,False,6,2.06928,False,1,,,single,True,0.278366,True,B
6471,8280078,1,2635.72,4,909.459,13.0811,6.50631,24,8.53606,7126,2.65675,3,24,0,0,3.62465,101.238,223.192,0.999411,162.875,36.7835,True,False,4,1.08299,False,1,,,single,True,0.77965,True,B
6474,159343744,1,2635.73,6,2600.35,13.0717,6.15723,36,11.1223,5486,1.19663,3,24,0,0,5.10548,357.357,734.364,0.979828,235.027,80.2231,True,False,5,1.00563,False,1,,,single,True,0.593791,True,B
6478,171556893,1,2631.39,1,4396.44,13.059,110.342,6,10.9245,5738,1.34522,3,24,0,0,1.74308,135.802,776.868,0.951875,156.118,20.1716,False,False,1,1.72118,False,1,,,single,True,0.867963,True,A
6479,241265183,1,2612.97,4,3213.7,13.0588,74,24,11.6017,6011,1.58683,3,24,0,0,,128.36,1049.46,0.983652,158.839,32.2816,False,False,0,0.966954,False,1,,,single,True,0.875368,True,A
6480,95747180,1,2621.13,4,6788.61,13.0553,11.8421,24,12.6472,5944,1.21839,3,24,0,0,0.384505,334.511,2258,0.998719,160.235,21.0708,False,False,0,0.5,False,1,,,single,True,0.976864,True,A
6487,159298763,1,2635.62,8,2392.68,13.0369,8.82352,48,10.634,3654,0.535376,3,24,0,0,7.09094,511.927,618.968,0.989738,230.011,80.6141,True,False,5,0.889598,False,1,,,single,True,0.254835,True,B
6491,302351016,1,2626.54,8,1697.24,13.029,8.16613,48,11.4761,6165,2.37602,3,24,0,0,,108.399,1015.36,0.944164,168.562,58.5245,True,False,3,0.618851,False,1,,,single,True,0.952532,True,B
6495,160488131,1,2635.48,12,2245.91,13.0224,12.1651,72,11.8488,4474,0.72584,3,24,0,0,7.97741,349.186,1251.79,0.988712,238.084,72.7428,True,False,3,1.17968,False,1,,,single,True,0.33473,True,B
6497,155893441,1,2617.37,3,5932.84,13.0204,101.997,18,12.5144,5704,0.790347,3,24,0,0,,266.687,2019.97,0.928506,176.108,76.303,False,False,0,0.966954,False,1,,,single,True,0.592389,True,A
6498,86102736,1,2634.4,24,2585.32,13.0159,0.82607,127,12.8563,5874,1.04322,3,24,0,0,,323.655,2509.34,0.989759,139.751,23.5158,False,False,1,2.22399,True,1,,,single_partial,True,0.516167,True,B
6499,302667897,1,2626.46,6,6842.48,13.0151,6.16658,36,12.7661,6282,1.7492,3,24,0,0,3.55129,455.012,2403.98,0.833799,163.121,55.402,True,False,3,0.908937,False,1,,,single,True,1.408,True,B
6500,149912035,1,2621.41,4,2248.92,13.0137,5.16512,24,10.5371,3699,0.475812,3,24,0,0,3.54451,266.026,630.151,0.997575,159.427,62.4806,True,False,1,2.08862,False,1,,,single,True,0.219574,True,B
6518,88648617,1,2635.56,8,2704.51,12.9612,10.3214,48,11.2111,3963,0.586859,3,24,0,0,4.02119,166.939,920.919,0.818162,141.449,39.684,True,False,4,3.17161,False,2,,,single,True,0.296986,True,B
6519,229740498,1,2611.14,3,3692.98,12.9582,4.5,18,9.5883,6022,1.6501,2.5,20,1,0,2.84405,519.842,827.33,0.770703,279.456,68.8155,True,False,2,1.3344,False,1,,,single,True,0.97579,True,B
6520,165413249,1,2626.26,3,2506.32,12.9536,4.49162,18,10.0646,5410.74,1.12311,3,24,0,0,7.23775,483.335,487.209,0.999235,159.524,26.4611,True,False,2,1.04431,False,1,,,single,True,0.54714,True,B
6523,287087321,1,2626.93,24,1194.13,12.9415,25.3275,144,11.4088,6665,1.86166,3,24,0,0,1.90239,170.5,960.511,0.988281,252.497,60.3242,True,False,3,0.754224,False,1,,,single,True,0.626013,True,B
6524,367613745,1,2635.48,12,665.576,12.9412,12.1638,72,9.2985,7577,3.20246,3,24,0,0,4.90917,92.3097,357.944,0.996523,215.037,73.5227,True,False,3,1.00563,False,1,,,single,True,0.80397,True,B
6525,165691225,1,2635.58,8,2778.62,12.941,9.67543,48,12.1041,5166.71,1.06984,3,24,0,0,8.6992,293.533,1474.7,0.990623,163.806,33.4412,True,False,5,0.928276,False,1,,,single,True,0.548771,True,B
6530,149363054,1,2618.33,4,3894.95,12.935,79.1652,24,11.6613,5933.85,1.11481,3,24,0,0,3.77444,244.588,1195.14,0.991089,138.655,27.2742,False,False,4,2.43672,False,1,,,single,True,0.677032,True,A
6532,285009231,1,2635.6,4,899.397,12.9338,9.32927,24,7.3899,7909.07,1.76189,3,24,0,0,,61.9311,878.383,0.992901,146.294,27.7414,True,False,6,2.49474,False,1,,,single,True,0.514176,True,B
6535,139366205,1,2616.15,2,7437.65,12.9278,1.16634,12,12.5523,5685.13,1.8276,0.5,4,1,0,4.9358,20888.2,2108.18,0.991632,138.724,34.0871,False,False,3,1.06365,True,1,,,single_partial,True,1.53376,True,B
6537,149467936,1,2612.91,24,915.546,12.9258,43.1667,144,11.2373,5832.75,2.36816,3,24,0,0,,121.077,928.84,0.992424,141.322,29.5737,False,False,6,2.80417,False,1,,,single,True,0.697282,True,A
6540,407613306,1,2626.44,6,2579.46,12.9219,5.99372,36,11.5429,5675.33,1.16431,3,24,0,0,5.93124,273.016,1011.26,0.996628,157.745,30.507,True,False,4,1.12167,False,1,,,single,True,0.575427,True,B
6544,86105949,1,2614.93,4,9535.35,12.9139,109,22,12.9882,3275,0.270889,0.5,4,1,0,0.718428,1045.42,3633,0.631083,140.092,23.542,False,False,4,1.95325,False,1,,,single,True,0.257405,True,A
6545,11895653,1,2610.45,1.5,807.019,12.9112,3.66667,9,7.7443,9311,,3,24,0,0,6.36811,48.0935,111.777,0.999723,178.458,53.6947,True,False,1,0.5,False,1,,,single,True,,True,B
6547,172530436,1,2635.72,6,8973.49,12.9106,6.49213,36,12.9019,5692.81,1.52568,2.5,20,1,0,3.5457,1016.19,2722.3,0.972907,142.924,28.8664,True,False,6,2.61078,False,1,,,single,True,1.40638,True,B
6548,367603467,1,2635.48,12,1454.63,12.9098,12.1596,72,10.3969,5420,2.40073,3,24,0,0,4.89444,154.924,528.307,0.993313,214.396,77.5533,True,False,3,0.966954,False,1,,,single,True,0.891,True,B
6552,353855262,1,2621.29,8,3009.87,12.9001,7.83694,48,11.4937,5577,0.868657,3,24,0,0,11.6132,398.095,990.115,0.975719,271.13,55.5442,True,False,6,1.85655,False,1,,,single,True,0.463745,True,B
6556,230086473,1,2627.09,24,2607.26,12.8913,28.831,144,12.3131,5995,1.26364,3,24,0,0,,249.633,1695.29,0.942393,246.725,67.3139,True,False,5,0.966954,False,1,,,single,True,0.627875,True,B
6557,171599184,1,2628.85,2,9859.23,12.8849,67.4923,12,12.8839,5888,1.1182,3,24,0,0,,283.023,2557.53,0.980794,156.767,23.732,False,False,1,1.21836,False,1,,,single,True,1.08043,True,A
6562,159297705,1,2610.71,6,5863.19,12.88,6,36,11.8886,5346,0.824952,1.5,12,1,0,4.11731,2311.03,1436.17,0.852449,229.15,82.0765,True,False,6,1.35374,False,1,,,single,True,0.614686,True,B
6563,142962957,1,2626.6,16,2741.62,12.8793,16.3343,96,12.9991,5827,1.0787,3,24,0,0,,294.861,2565.56,0.985483,181.469,68.1836,True,False,2,1.10233,False,1,,,single,True,0.549619,True,B
6567,285009764,1,2621.38,6,3423.75,12.87,6.00194,36,12.0761,5470.95,0.982474,3,24,0,0,,213.862,1579.16,0.998197,146.212,24.9682,True,False,3,1.6825,False,1,,,single,True,0.559409,True,B
6569,153975515,1,2621.45,2,8250.68,12.8636,4.16704,12,9.52407,6077,1.01822,1,8,1,0,2.83641,2062.19,1869.63,0.640957,203.024,71.7188,True,False,2,1.02497,False,2,,,single,True,0.900003,True,B
6570,27109927,2,2627.42,4,2169.06,12.8593,0.505709,16,9.35287,6232,0.969625,3,24,0,0,8.00787,397.285,343.008,0.992578,152.836,23.2769,True,False,2,1.5858,True,2,,,single_partial,True,0.439437,True,B
6571,91902451,1,2617.57,6,6617.31,12.8579,97.3347,36,12.9818,6465,1.40469,3,24,0,0,,344.031,2884,0.989395,143.595,22.0907,False,False,2,2.45606,False,1,,,single,True,1.11193,True,A
6572,198413262,1,2635.66,8,7571.73,12.8552,7.84501,48,11.6262,4415,0.700169,3,24,0,0,10.3619,2105.86,1071.47,0.957697,259.413,56.6694,True,False,2,0.754224,False,1,,,single,True,0.592868,True,B
6573,258924573,1,2612.14,16,1229.8,12.8535,17.1667,96,9.4942,9543,2.03769,3,24,0,0,2.08095,144.024,377.285,0.96969,289.202,69.8088,False,False,0,2.20466,False,1,,,single,True,0.695364,True,A
6574,4823808,1,2610.61,1,14560,12.8521,3.66667,6,11.5264,6434,1.23019,1.25,10,1,0,3.62992,2100.85,1463.1,0.847229,146.186,33.2826,True,False,2,1.19902,False,1,,,single,True,1.44447,True,B
6575,99936446,1,2635.48,12,2925.51,12.8502,12.163,72,12.2897,4427,0.74515,3,24,0,0,3.45531,273.649,1746.86,0.989511,169.934,61.643,True,False,6,1.41175,False,1,,,single,True,0.392195,True,B
6585,224604766,1,2627.02,24,1040.44,12.8304,26.6611,144,11.4246,5999,1.22109,3,24,0,0,,110.234,931.891,0.987453,255.361,59.9535,True,False,5,0.83158,False,1,,,single,True,0.383278,True,B
6586,361976939,1,2627.52,24,2993.84,12.8295,27.8345,144,12.929,5596.95,0.941169,3,24,0,0,9.5485,873.15,2542.67,0.980408,144.052,28.8176,False,False,4,2.66879,False,1,,,single,True,0.501117,True,A
6588,233192468,1,2610.57,6,3954.26,12.8288,6,36,11.1048,3786,0.679289,3,24,0,0,10.4833,1186.69,1177.12,0.742182,226.516,69.4965,True,False,0,0.889598,False,1,,,single,True,0.415666,True,B
6590,285003041,1,2616.37,24,2543.14,12.8225,3.16686,123,12.0027,5482.48,1.843,3,24,0,0,9.16648,759.826,1448,0.956732,137.408,28.7418,False,False,1,1.50845,True,1,,,single_partial,True,0.904416,True,B
6591,252464537,2,2611.75,4,8258.72,12.8205,7,24,12.8696,5815,1.01276,2.5,20,1,0,2.99114,682.76,2682.83,0.952666,149.848,52.0615,False,False,6,1.62448,False,2,,,single,True,0.895613,True,A
6605,88065220,1,2629.54,1,1919.32,12.7836,81.4973,6,7.99002,6567.03,1.79898,3,24,0,0,3.46846,86.0601,195.411,0.958157,148.006,23.0029,False,False,2,2.1273,False,1,,,single,True,0.766933,True,A
6606,232616346,1,2625.7,6,2883,12.7822,6.16363,36,11.5286,5438,1.8988,3,24,0,0,4.19795,327.616,1017.52,0.958214,259.362,63.4543,False,False,1,1.00563,False,1,,,single,True,0.992107,True,A
6611,377390122,1,2635.45,12,1757.55,12.7727,12.9951,72,11.7849,3488,0.3534,3,24,0,0,,160.47,1285.62,0.974965,161.418,56.4693,True,False,4,1.31506,False,1,,,single,True,0.144171,True,B
6614,264171494,1,2612.13,6,5061.85,12.761,6,36,11.8314,6084,1.01713,2,16,1,0,3.44341,789.423,1223.95,0.917504,294.434,67.4795,False,False,6,1.99193,False,1,,,single,True,0.704188,True,A
6618,138710148,1,2635.68,6,2226.58,12.7555,7.48728,36,10.6671,5639.14,1.08794,3,24,0,0,6.75425,272.345,664.841,0.997002,137.052,28.8207,True,False,6,1.43109,False,1,,,single,True,0.499553,True,B
6620,415761281,1,2635.74,6,3539.1,12.7533,5.83482,36,11.3046,3828,0.582443,3,24,0,0,3.13629,295.129,928.711,0.996552,162.43,44.9388,True,False,5,0.908937,False,1,,,single,True,0.337177,True,B
6624,82201419,1,2635.48,12,2643.63,12.7427,12.1641,72,11.5054,7990.99,2.38691,3,24,0,0,0.0402423,834.232,5163.92,0.989299,147.789,27.31,True,False,4,1.45043,False,1,,,single,True,1.19425,True,B
6630,98412829,1,2614.52,16,1312.36,12.7302,100.667,78,10.2458,5642,1.79009,3,24,0,0,7.54898,367.688,620.205,0.969463,147.192,28.6047,False,False,4,1.6825,False,1,,,single,True,0.631043,True,A
6632,270493110,1,2635.74,6,1884.54,12.7285,5.83464,36,10.5235,5387,0.996431,3,24,0,0,8.98564,334.372,577.613,0.992457,232.99,70.2124,True,False,2,0.83158,False,1,,,single,True,0.420928,True,B
6634,459968497,1,2611.02,2,6936.75,12.7252,4,12,10.5597,5168,0.777057,3,24,0,0,8.97335,1813.69,575.561,0.994956,254.695,60.5789,True,False,2,0.676868,False,1,,,single,True,0.629779,True,B
6635,233712781,1,2635.78,4,4928.45,12.7229,4.83423,24,11.3462,5422,0.838798,3,24,0,0,5.98215,1012.77,946.993,0.942202,275.821,63.3583,True,False,6,1.95325,False,1,,,single,True,0.57302,True,B
6637,63238817,1,2626.54,2,3112.97,12.7224,1.34342,12,10.8649,6112.19,1.589,3,24,0,0,,99.9165,755.74,0.984834,157.524,17.3778,True,False,1,1.12167,True,1,,,single_partial,True,0.862718,True,B
6638,416538300,1,2611.47,16,2641.68,12.717,16,96,12.5015,5004.62,0.706503,3,24,0,0,5.18578,324.83,1977.93,0.988205,183.834,48.8742,True,False,1,0.5,False,1,,,single,True,0.353355,True,B
6639,166655698,2,2635.24,12,5163.63,12.7154,18.0112,72,12.2246,5008.76,0.795878,1.5,12,1,0,5.43557,3337.6,1624.96,0.956562,166.533,32.8533,False,False,2,0.966954,False,2,,,single,True,0.556521,True,A
6641,219852882,1,2635.82,2,4717.8,12.71,3.83397,12,10.7261,4965,0.784109,1.25,10,1,0,3.74898,2189.21,858.471,0.845055,256.623,68.8429,True,False,1,1.02497,False,1,,"1346.01,1346.02",single,True,0.524088,True,B
6644,285005630,1,2635.65,8,7866.08,12.6943,8.15564,48,12.9064,4599.09,0.778932,3,24,0,0,5.34713,638.029,2833.05,0.919001,138.497,27.4214,True,False,8,2.24333,False,1,,,single,True,0.672258,True,B
6645,29191025,1,2626.43,8,901.775,12.6934,8.00019,48,9.32571,6639,1.48752,3,24,0,0,3.17155,91.2498,300.939,0.999476,151.549,42.2415,True,False,3,0.85092,False,1,,,single,True,0.43468,True,B
6647,8795559,2,2626.65,4,9061.83,12.6875,7.83634,24,11.2489,5893.77,1.23068,1,8,1,0,3.03264,2015.91,1069.62,0.891761,141.962,32.495,True,False,4,2.08862,False,3,,,single,True,1.14001,True,B
6651,318355189,1,2635.66,8,6640.73,12.683,7.83473,48,12.6739,5004.54,0.695468,2.5,20,1,0,5.97885,1624.29,2094.09,0.980576,165.62,49.1439,True,False,3,0.560833,False,1,,,single,True,0.551496,True,B
6653,4994553,1,2626.4,6,1822.82,12.6742,5.99345,36,10.9601,4898.75,0.809801,3,24,0,0,,92.5197,756.781,0.961776,160.778,34.5293,True,False,2,1.17968,False,1,,,single,True,0.33644,True,B
6655,99867946,1,2626.47,6,2995.41,12.6719,6.50255,36,11.9725,5748,0.85829,3,24,0,0,4.26153,225.611,1365.54,0.990122,166.614,65.195,True,False,3,1.10233,False,1,,,single,True,0.457109,True,B
6658,95339589,1,2635.32,16,675.536,12.6667,16.0058,96,10.1008,6089,1.3426,3,24,0,0,10.8942,95.7661,473.839,0.996284,153.52,20.2301,True,False,8,2.24333,False,1,,,single,True,0.339569,True,B
6661,156817598,1,2627.41,24,744.135,12.6593,30.005,144,9.9122,6493,1.42004,3,24,0,0,3.51438,74.418,487.72,0.785667,140.525,39.9669,True,False,2,2.37871,False,1,,,single,True,0.37695,True,B
6663,232614119,1,2626.98,24,1338.77,12.6502,36.6635,144,11.4602,6184,1.4983,3,24,0,0,1.90606,215.218,975.475,0.949376,259.233,63.2296,True,False,1,1.00563,False,1,,,single,True,0.533469,True,B
6666,138618679,1,2632.34,3,5674.09,12.6398,87.4992,18,12.4397,5893,0.846069,3,24,0,0,,188.7,1860.28,0.993387,176.84,61.5366,False,False,0,1.00563,False,1,,,single,True,0.620171,True,A
6671,233161885,1,2627.04,12,7044.47,12.6265,27.6649,72,12.4062,5172,0.826036,3,24,0,0,9.67687,1044.51,1707.46,0.951366,275.131,60.1521,True,False,0,0.889598,False,1,,,single,True,0.674653,True,B
6673,66682670,1,2626.8,8,4940.24,12.6158,8.16907,48,12.5659,5817.43,1.04641,3,24,0,0,3.96388,388.987,1911.49,0.990096,155.105,54.0575,True,False,3,0.541494,False,1,,,single,True,0.715704,True,B
6675,198412866,1,2611.54,16,2716.07,12.6128,16,96,12.5488,5996,1.08943,3,24,0,0,,235.422,1881.76,0.983168,259.377,57.7749,True,False,3,1.00563,False,1,,,single,True,0.552494,True,B
6679,149369648,1,2630.98,1.5,7560.35,12.6015,116.003,9,12.0571,6300.85,1.62363,3,24,0,0,0.675427,258.448,1580.54,0.992788,139.174,26.6137,False,False,1,1.85655,False,1,,,single,True,1.37378,True,A
6683,8992668,1,2635.49,12,676.533,12.5994,11.8437,72,9.8299,4506,0.778713,3,24,0,0,,57.3262,403.498,0.994506,167.266,35.5137,True,False,0,1.27638,False,1,,,single,True,0.197097,True,B
6684,357238337,1,2627.85,12,2698.81,12.5966,21.1699,72,10.3227,4874.94,0.709492,2.5,20,1,0,4.64871,928.729,556.034,0.998398,155.657,56.8448,False,False,3,0.812241,False,1,,,single,True,0.358667,True,A
6695,230090766,1,2626.17,6,5200.32,12.578,5.99941,36,12.4135,4679,0.704652,3,24,0,0,5.70234,863.712,1766.63,0.965721,247.725,70.1985,False,False,0,0.5,False,1,,,single,True,0.494478,True,A
6698,165408598,1,2617.19,2,4114.06,12.5733,1.17239,12,11.5281,5799.86,1.36509,3,24,0,0,,117.794,1073.91,0.996349,159.263,24.097,False,False,0,0.63819,True,1,,,single_partial,True,0.852028,True,B
6700,232605784,1,2635.61,8,8626.21,12.567,8.8376,48,12.4802,5519,0.848252,2.5,20,1,0,6.25872,1750.96,1805.16,0.989378,258.283,64.78,True,False,3,1.06365,False,1,,,single,True,0.766641,True,B
6703,252475336,1,2631.57,3,6927.02,12.563,105.993,18,12.6932,5605.76,1.08058,3,24,0,0,3.88342,486.143,2187.8,0.98073,154.821,52.0798,False,False,0,0.812241,False,1,,,single,True,0.875161,True,A
6711,367837149,1,2613.18,6,6983.53,12.5451,6,36,11.4069,4929,0.792775,3,24,0,0,6.62982,1386.83,902.274,0.982084,275.787,73.4555,False,False,2,1.39241,False,1,,,single,True,0.644681,True,A
6713,159397851,1,2634.57,24,2467.03,12.5421,33.8261,144,12.7805,5332,0.742411,3,24,0,0,4.11733,346.702,2143.68,0.946795,237.822,78.1007,False,False,2,1.2377,False,1,,,single,True,0.35883,True,A
6718,142870588,1,2627.09,24,1253.79,12.5312,24.1695,144,12.4585,6154,1.61774,3,24,0,0,,189.648,1842.64,0.991236,175.678,70.1459,True,False,2,0.889598,False,1,,,single,True,0.557416,True,B
6723,219101335,1,2611.88,4,5718.93,12.525,18.6667,24,12.4966,4881,0.716489,0.75,6,1,0,2.10863,1829.77,1770.39,0.948041,270.201,69.24,False,False,1,1.50845,False,1,,,single,True,0.527259,True,A
6726,91966003,1,2628.52,24,1757.25,12.5194,57.1663,144,12.0553,6133.36,1.42299,3,24,0,0,12.8332,724.811,1952.74,0.880211,144.043,23.2171,False,False,2,2.59144,False,1,,,single,True,0.580465,True,A
6727,156512444,1,2614.54,8,10586.5,12.5191,96.1667,43,12.3387,3777,0.619719,1.25,10,1,0,10.6046,21107.8,2152.64,0.937365,221.54,76.5683,False,False,1,0.928276,False,1,,,single,True,0.620482,True,A
6733,233157246,1,2626.82,12,2201.49,12.5078,32.3326,72,11.5373,5331,0.84544,3,24,0,0,4.55483,418.492,1019.67,0.974429,274.908,62.384,True,False,3,2.06928,False,1,,,single,True,0.38601,True,B
6734,29174085,1,2635.72,6,7255.98,12.5023,6.32781,36,12.9558,4802.77,1.06866,3,24,0,0,6.84387,631.595,2498.38,0.987901,151.184,43.1924,True,False,5,1.02497,False,1,,,single,True,0.885819,True,B
6735,252962647,1,2610.14,1.5,3178.39,12.5015,3.83333,9,10.1659,5948,1.34549,3,24,0,0,0.793497,164.668,623.625,0.904872,151.411,32.9231,True,False,5,1.08299,False,1,,,single,True,0.738144,True,B
6740,99938036,1,2635.63,8,2143.41,12.4883,8.49705,48,11.5717,5715,1.01736,3,24,0,0,6.08628,178.299,1090.81,0.990706,170.239,60.6407,True,False,5,1.27638,False,1,,,single,True,0.458336,True,B
6741,63189254,1,2629.83,1.5,9930.43,12.4879,91.824,9,12.3455,5359,0.802227,3,24,0,0,4.50678,672.698,1957.42,0.989393,156.681,17.5969,False,False,1,1.56647,False,1,,,single,True,0.777927,True,A
6747,144304147,1,2635.74,6,6817.38,12.479,5.84551,36,12.7321,4921.09,0.746535,3,24,0,0,7.94938,406.4,2292.7,0.996415,170.082,35.6968,True,False,2,0.5,False,1,,,single,True,0.599814,True,B
6751,233711812,1,2621.13,12,649.13,12.4733,11.8339,72,9.99559,5299,0.937915,3,24,0,0,9.82642,92.6058,435.523,0.990627,275.794,62.3609,False,False,3,1.75986,False,1,,,single,True,0.232534,True,A
6757,148621427,1,2612.15,4,5892.6,12.458,5.16667,24,12.6786,5957.03,1.08384,3,24,0,0,2.50503,390.828,2210.55,0.926454,153.854,54.2251,False,False,3,1.00563,False,2,,,single,True,0.80961,True,A
6765,16222047,1,2613.11,12,1393.21,12.4368,75.1667,72,11.2596,5808.51,1.7765,3,24,0,0,,114.545,909.936,0.990684,153.581,40.981,False,False,0,0.85092,False,1,,,single,True,0.645254,True,A
6769,414963902,1,2620.75,1,12199.9,12.4292,21,6,12.6772,6418.14,1.70054,3,24,0,0,,305.581,2359.93,0.936168,140.698,23.2222,False,False,2,1.7792,False,1,,,single,True,1.82777,True,A
6772,150388053,1,2610.74,12,5183.68,12.4238,12,72,11.7956,5350,1.79139,2,16,1,0,4.95065,1884.71,1191.84,0.994731,193.98,59.2606,True,False,1,0.599511,False,1,,,single,True,1.25507,True,B
6777,207428467,1,2634.38,24,1352.04,12.4183,38.5125,144,12.5095,6356.15,1.78583,3,24,0,0,,177.177,1711.6,0.997766,243.193,58.9762,False,False,1,0.5,False,1,,,single,True,0.638987,True,A
6781,188506574,1,2614.39,24,1742.54,12.4116,105.667,126,11.4763,6180.23,1.86562,3,24,0,0,13.0032,793.564,1453.03,0.864789,143.338,41.8863,True,False,8,2.22399,False,1,,,single,True,0.75783,True,B
6783,318362467,1,2635.66,8,4162.28,12.41,7.83492,48,11.6484,5231.15,1.13059,3,24,0,0,3.92254,554.147,1106.97,0.991637,166.841,50.1066,True,False,3,0.5,False,1,,,single,True,0.709787,True,B
6784,258510666,1,2635.5,8,1101.54,12.4094,11.6554,48,10.3801,7148,1.45616,3,24,0,0,,68.5711,649.319,0.868233,304.716,66.377,True,False,3,1.72118,False,2,,,single,True,0.470291,True,B
6793,99903172,1,2626.45,6,2854.96,12.3952,6.00072,36,12.0385,5495,1.77966,3,24,0,0,,176.948,1392.82,0.990616,168.23,61.4799,True,False,3,0.599511,False,1,,,single,True,0.925326,True,B
6800,371490575,1,2635.73,6,7232.93,12.3877,6.15451,36,12.3381,6067,1.43463,2.5,20,1,0,4.77743,991.851,1739.23,0.993093,140.033,36.3841,True,False,4,2.55276,False,2,,,single,True,1.18728,True,B
6803,353808255,1,2626.13,6,5878.52,12.3848,5.99524,36,12.4152,5644,1.10351,3,24,0,0,3.3925,518.406,1712.72,0.957383,270.273,55.9031,False,False,2,1.52779,False,2,,,single,True,0.823318,True,A
6805,243278327,1,2626.22,3,3027.86,12.3817,4.83472,18,7.4113,5879.27,1.0191,3,24,0,0,10.4253,2118.1,285.345,0.997881,288.506,59.5518,False,False,1,1.21836,False,1,,,single,True,0.545685,True,A
6811,316385112,1,2610.48,3,7353.32,12.3677,4.5,18,12.1803,3586,0.459331,2.5,20,1,0,5.13896,1155.84,1953.27,0.746308,188.399,55.8583,True,False,3,0.754224,False,1,,,single,True,0.383288,True,B
6812,157977696,1,2618.62,1.5,17377.3,12.3631,72.005,9,12.7941,5873,1.0895,2.5,20,1,0,9.83987,4543.74,2162.24,0.978882,206.8,61.8895,False,False,2,0.580172,False,1,,,single,True,1.39758,True,A
6815,91919155,1,2615.8,2,5782.14,12.352,0.498303,9,11.5813,5732.22,1.39141,3,24,0,0,12.8332,1716.67,1211.26,0.913561,143.991,21.7191,False,False,1,2.26267,True,1,,,single_partial,True,1.02957,True,B
6820,142349587,1,2614.58,12,4982.31,12.3393,104,60,11.9134,5264,0.744529,1.5,12,1,0,8.58111,5790.46,1761.61,0.991631,195.438,60.3758,False,False,0,0.657529,False,1,,,single,True,0.511393,True,A
6821,394121709,1,2627.44,4,8061.11,12.337,5.17219,24,12.2696,5759,1.14998,3,24,0,0,9.17721,2522.74,1513.49,0.964926,288.661,71.9672,True,False,4,1.16034,False,1,,,single,True,1.00472,True,B
6822,252479914,1,2635.58,8,4631.83,12.336,9.82643,48,12.217,5038,0.789687,2,16,1,0,5.90602,1945.73,1480.83,0.993578,155.687,53.5625,True,False,2,0.599511,False,1,,,single,True,0.522985,True,B
6824,414966962,1,2619.34,4,5804.39,12.3339,54.8335,24,12.8222,5517.68,1.09016,3,24,0,0,,254.777,2600.75,0.954226,141.075,23.1579,False,False,0,2.26267,False,1,,,single,True,0.808213,True,A
6830,199613728,1,2635.78,4,5936.02,12.3271,4.845,24,12.1273,5219,0.829677,1.5,12,1,0,5.31984,3020.34,1473.44,0.99303,249.502,58.9342,True,False,2,0.580172,False,1,,,single,True,0.622034,True,B
6834,308027287,1,2632.41,1.5,9644.91,12.3157,85.8336,9,12.5538,5898,1.82863,3,24,0,0,3.22743,374.774,2065.54,0.994146,150.072,25.5121,False,False,2,0.966954,False,1,,,single,True,1.74756,True,A
6836,233183985,1,2610.71,8,2722.15,12.3115,8.33333,48,12.2129,5852,1.85565,3,24,0,0,9.1518,273.801,1702.42,0.884535,219.393,70.3681,True,False,2,0.63819,False,1,,,single,True,0.942127,True,B
6837,233712352,1,2621.42,3,4984.44,12.311,4.83374,18,12.1097,4871,0.72248,3,24,0,0,5.4665,439.883,1441.73,0.9872,275.928,62.8962,True,False,4,1.91457,False,1,,,single,True,0.496354,True,B
6841,159333051,1,2612.35,24,1779.98,12.3086,45.3333,144,11.6011,6254,1.18043,3,24,0,0,10.6364,290.922,1067.05,0.87512,232.849,80.1977,False,False,2,0.83158,False,1,,,single,True,0.484625,True,A
6846,320525316,1,2625.63,3,4597.7,12.2943,4.49441,18,11.3456,5527.9,0.985994,3,24,0,0,9.67164,926.194,946.853,0.995672,264.972,56.3493,False,False,3,1.62448,False,1,,,single,True,0.650582,True,A
6851,148671665,1,2620.81,3,758.453,12.2803,19.5062,18,8.55947,5928,1.57755,3,24,0,0,,31.7794,221.055,0.999297,169.335,42.8068,False,False,0,0.599511,False,2,,,single,True,0.422771,True,A
6852,285005062,1,2614.51,16,928.328,12.2737,100.5,80,8.41539,7292,2.07393,3,24,0,0,12.8331,1153.31,2520.54,0.999856,138.425,25.2544,False,False,2,2.37871,False,1,,,single,True,0.614897,True,A
6856,318355067,1,2617.88,1,10617.7,12.2668,89.8369,6,12.6251,6211.47,0.900618,3,24,0,0,,311.464,2074.52,0.993201,165.562,48.3063,False,False,3,0.560833,False,1,,,single,True,0.903055,True,A
6858,154511675,1,2634.62,24,1458.75,12.2615,32.8276,144,11.814,4417,0.658211,3,24,0,0,,160.296,1263.87,0.947658,187.504,72.2875,False,False,3,1.39241,False,1,,,single,True,0.244632,True,A
6859,154569850,1,2635.48,12,1855.64,12.2591,12.1574,72,11.7925,5784,0.842188,3,24,0,0,,140.425,1096.68,0.996322,191.552,77.6976,True,False,3,0.773563,False,1,,,single,True,0.353031,True,B
6861,202420764,1,2610.57,6,3763.48,12.2568,6,36,12.1072,6054,1.5035,3,24,0,0,5.99051,394.276,1593.66,0.807872,225.15,61.5864,True,False,5,1.35374,False,1,,,single,True,0.897544,True,B
6863,95429945,2,2634.99,24,7275.75,12.2492,24.0061,144,12.8431,5158,0.772967,3,24,0,0,8.62113,1951.82,2558.94,0.986291,154.811,22.3502,False,False,3,1.85655,False,2,,,single,True,0.64159,True,A
6864,154486130,1,2627.53,8,4839.51,12.2491,8.00378,48,10.4951,3811,0.585536,3,24,0,0,10.0028,525.278,618.221,0.983836,185.562,74.406,False,False,5,1.6825,False,1,,,single,True,0.39638,True,A
6865,311068519,1,2634.53,24,1398.77,12.249,34.8411,144,12.219,5895,1.11248,3,24,0,0,,173.657,1535.69,0.901053,204.772,61.59,False,False,0,0.599511,False,1,,,single,True,0.404877,True,A
6868,219433151,1,2618.19,8,3612.45,12.239,82.3333,48,12.6529,5445,1.04402,3,24,0,0,,197.935,2020.21,0.852241,204.674,72.8221,False,False,1,1.06365,False,1,,,single,True,0.610615,True,A
6870,377367781,1,2626.65,6,6222.66,12.2313,6.00463,36,12.4542,6085.41,1.21911,3,24,0,0,3.87037,648.118,2417.81,0.824293,149.177,55.113,True,False,4,0.85092,False,1,,,single,True,0.935812,True,B
6872,399964654,1,2625.58,6,6448.54,12.2273,6.15797,36,12.595,5386.52,0.791695,3,24,0,0,3.12591,522.368,2294.52,0.997582,193.834,53.7408,False,False,1,0.5,False,1,,,single,True,0.618652,True,A
6873,368436199,1,2635.83,2,5877.35,12.2259,3.83842,12,10.6924,6026.46,1.0955,3,24,0,0,9.32051,1612.11,644.841,0.995513,159.556,33.9468,True,False,1,0.889598,False,1,,,single,True,0.817261,True,B
6874,149397025,1,2618.23,1.5,6403.11,12.2254,81.4987,9,12.1014,5813.32,1.69614,3,24,0,0,,175.92,1496.49,0.985854,139.627,28.8331,False,False,5,2.61078,False,1,,,single,True,1.32073,True,A
6875,98413514,1,2614.45,3,4449.95,12.2229,96.6667,17,12.0368,5841.08,1.19074,3,24,0,0,,157.495,1551.98,0.982186,147.225,25.6453,True,False,1,1.27638,False,1,,,single,True,0.772951,True,B
6877,409286698,1,2627.37,16,6006.78,12.2177,30.6692,96,12.1592,4987.41,0.778491,2.5,20,1,0,5.6536,1270.21,1532.72,0.9594,147.008,43.3017,True,False,1,1.3344,False,1,,,single,True,0.587127,True,B
6878,236716355,1,2635.57,8,2580.01,12.2123,10.0085,48,10.0276,5827,2.25644,3,24,0,0,5.5511,491.861,732.71,0.759759,239.516,63.1912,True,False,1,1.14101,False,1,,,single,True,1.1153,True,B
6880,92023388,1,2635.83,1.5,9995.6,12.2105,3.83019,9,10.2039,6056,1.14787,3,24,0,0,4.89314,848.868,1273.27,0.633635,145.474,22.8998,True,False,4,2.61078,False,1,,,single,True,1.11675,True,B
6882,229783125,1,2611.12,1.5,8015.05,12.2071,3.83333,9,10.929,5589,1.15737,1.25,10,1,0,4.46798,3299.88,1333.82,0.645454,283.539,66.572,True,False,2,1.08299,False,1,,,single,True,1.00828,True,B
6885,279979088,1,2635.59,8,2139.04,12.193,9.32304,48,11.5116,5423,0.795625,3,24,0,0,9.29471,250.561,1038.51,0.979281,297.136,70.8985,True,False,2,1.27638,False,1,,,single,True,0.358076,True,B
6888,239195600,1,2619.97,1.5,8374.82,12.1874,39.8346,9,12.6092,6219.19,1.68284,3,24,0,0,,262.221,2054.82,0.98238,146.371,29.6519,False,False,1,2.1273,False,1,,,single,True,1.49861,True,A
6891,20160931,1,2616.9,2,1592.03,12.1724,113.332,12,9.915,6130,2.0599,3,24,0,0,,60.3868,421.811,0.990533,145.206,43.8178,False,False,1,1.52779,False,1,,,single,True,0.799795,True,A
6901,171630458,1,2634.9,4,3955.15,12.1444,26.0101,24,12.1215,6442,1.2107,3,24,0,0,,193.347,1619.96,0.990593,158.51,21.0146,False,False,1,0.947615,False,1,,,single,True,0.740928,True,A
6902,165408510,1,2617.85,1.5,7555.32,12.1326,90.6743,9,12.1674,5893,1.52166,3,24,0,0,6.21702,301.881,1766.53,0.833042,159.166,24.2011,False,False,0,0.657529,False,1,,,single,True,1.28707,True,A
6903,441761546,1,2627.69,8,3533.08,12.1315,30.5045,48,10.8805,3777,0.581965,3,24,0,0,6.20652,832.436,685.184,0.992173,260.493,77.3679,False,False,1,0.754224,False,1,,,single,True,0.336613,True,A
6904,198487837,1,2627.48,12,3096.96,12.1309,12.3379,72,10.4496,6139,1.01727,3,24,0,0,3.54672,339.427,556.654,0.978303,195.041,77.6964,True,False,2,0.85092,False,1,,,single,True,0.550885,True,B
6906,285009286,1,2629.82,4,5771.61,12.1274,88.3327,24,12.7353,6190.05,1.36864,3,24,0,0,2.41416,332.443,2243.15,0.97903,146.324,27.5409,False,False,2,2.41738,False,1,,,single,True,1.0118,True,A
6912,453428734,1,2611.11,6,5983.89,12.1111,6.16667,36,12.5624,5541,0.857147,1.5,12,1,0,1.87548,693.011,2456.07,0.816774,146.725,50.7228,True,False,0,0.63819,False,1,,,single,True,0.645215,True,B
6913,95435942,1,2632.42,1,10340.2,12.1105,85.6741,6,12.5486,6302,0.700826,3,24,0,0,,230.966,2028.34,0.988194,155.408,20.5914,False,False,0,1.62448,False,1,,,single,True,0.693477,True,A
6914,165402782,1,2610.95,6,25136.7,12.11,0.832558,22,12.4023,5609.27,1.33575,2,16,1,0,13.0175,10385.7,1895.66,0.973895,158.757,27.6462,True,False,3,0.754224,True,1,,,single_partial,True,2.0608,False,B
6916,285019966,1,2621.29,8,2816.42,12.1077,8.16646,48,11.9355,5871.03,1.83824,3,24,0,0,11.4014,227.427,1224.06,0.9957,158.458,55.639,True,False,0,0.502816,False,1,,,single,True,0.949311,True,B
6919,166089738,1,2634.21,24,927.49,12.1038,42.6735,144,12.2435,5778,1.07864,3,24,0,0,,203.641,1491.71,0.980611,215.143,64.1653,False,False,0,1.54713,False,1,,,single,True,0.31966,True,A
6920,219762297,1,2610.7,6,3747.36,12.1035,6,36,11.4083,5798,1.16385,3,24,0,0,4.17248,577.934,1024.35,0.868,262.515,63.7036,True,False,5,0.986293,False,1,,,single,True,0.693294,True,B
6923,171630323,1,2619.7,2,3023.43,12.0995,46.1746,12,11.191,6497,1.37224,3,24,0,0,,86.451,884.113,0.991238,158.558,21.7873,False,False,0,0.522155,False,1,,,single,True,0.734239,True,A
6926,39065007,1,2610.52,12,1535.19,12.0936,12.8333,62,11.5869,5823.48,1.62548,3,24,0,0,,145.888,1121.01,0.993434,139.136,36.3277,True,False,6,1.87589,False,1,,,single,True,0.619755,True,B
6928,233636046,1,2635.79,3,5701.94,12.0913,4.66189,18,11.1254,5476.04,0.885637,3,24,0,0,4.74148,885.583,789.729,0.99706,146.094,29.146,True,False,6,2.20466,False,1,,,single,True,0.650765,True,B
6930,105440807,1,2635.73,6,8252.41,12.0892,6.15487,36,12.7641,5304.8,1.90722,1,8,1,0,4.13075,4706.25,2435.94,0.951799,143.592,45.1239,True,False,6,1.46977,False,1,,,single,True,1.68597,True,B
6931,233127162,1,2635.74,6,3014.4,12.0816,5.83477,36,11.1246,6812,1.7677,3,24,0,0,3.47416,335.809,882.5,0.93918,273.862,63.4403,True,False,7,2.20466,False,1,,,single,True,0.944423,True,B
6932,95428978,1,2610.29,1.5,4655.46,12.0795,10.6667,9,11.5017,4478,0.776047,3,24,0,0,6.53653,181.247,1037.66,0.992193,154.72,20.7063,True,False,7,1.97259,False,1,,,single,True,0.51526,True,B
6933,17190960,1,2635.45,12,1904.31,12.079,12.8238,72,11.8336,6185.44,1.26561,3,24,0,0,10.0025,208.672,1202.45,0.972518,145.203,41.5765,True,False,4,1.72118,False,1,,,single,True,0.537435,True,B
6941,230115459,1,2610.7,6,3086.62,12.0674,6,36,10.5049,6170,1.23615,3,24,0,0,5.68972,362.366,688.242,0.879574,249.193,69.7752,True,False,1,0.5,False,1,,,single,True,0.668298,True,B
6943,165499510,1,2614.57,12,3951.85,12.0659,99.3333,60,11.8445,5823.19,0.940303,1.5,12,1,0,9.82659,7565.18,1228.32,0.986538,265.096,54.0825,False,False,2,1.99193,False,1,,,single,True,0.575208,True,A
6944,219733146,1,2635.76,4,9244.58,12.0658,5.33019,24,12.8038,5095,0.785768,2.5,20,1,0,6.07801,2090.97,2244.61,0.989378,230.081,74.3573,True,False,4,0.889598,False,1,,,single,True,0.735183,True,B
6947,229701846,1,2627.21,3,8391.94,12.0588,4.50312,18,12.294,5696,0.921997,2,16,1,0,6.6859,2635.07,1487.41,0.967635,277.557,70.3648,True,False,1,1.43109,False,1,,,single,True,0.821899,True,B
6950,159348388,1,2635.64,8,1931.48,12.0535,8.15662,48,11.2223,6192,1.06234,3,24,0,0,3.27274,175.448,858.127,0.983886,237.144,80.7767,True,False,6,1.31506,False,1,,,single,True,0.454325,True,B
6951,138664848,1,2627.46,8,2592.45,12.0524,5.00523,48,10.3164,6052,1.80983,3,24,0,0,12.5275,240.118,543.479,0.998649,136.487,25.9332,True,False,2,1.3344,False,1,,,single,True,0.896706,True,B
6953,219804949,1,2635.48,12,2064.82,12.0483,12.0019,72,12.2355,6014,1.04226,3,24,0,0,,151.921,1558.87,0.916896,266.206,65.3951,True,False,2,0.657529,False,1,,,single,True,0.460866,True,B
6956,355917477,1,2610.6,6,3922.58,12.0444,6,36,12.1273,6446,1.56626,3,24,0,0,4.18987,338.967,1515.83,0.885569,201.327,60.1682,True,False,1,0.541494,False,1,,,single,True,0.954569,True,B
6960,26987643,1,2635.75,6,7097.12,12.0379,5.83633,36,11.5766,4923,0.960011,2.5,20,1,0,5.93595,1729.73,1209.11,0.831504,150.773,20.6127,True,False,8,2.04994,False,1,,,single,True,0.787,True,B
6961,160422979,1,2625.71,6,7024.12,12.0363,6.0031,36,12.9085,4966,0.79634,3,24,0,0,10.6365,2712.11,2607.76,0.82059,235.228,77.3445,False,False,1,1.37307,False,1,,,single,True,0.649459,True,A
6962,156170511,1,2635.64,8,1247.14,12.0348,8.15404,48,10.9869,4399,0.719482,3,24,0,0,,81.1715,735.181,0.996379,178.677,79.5778,True,False,3,0.522155,False,1,,,single,True,0.247249,True,B
6966,95435437,1,2634.63,2,5254.62,12.0297,32.5084,12,11.9663,6317,1.52873,3,24,0,0,,131.768,1461.52,0.984574,155.286,17.8904,False,False,1,1.50845,False,1,,,single,True,1.07835,True,A
6967,198357385,1,2635.73,3,3111.51,12.0243,6.00969,18,11.3782,5462,1.80293,3,24,0,0,,108.817,958.853,0.928695,256.264,59.44,True,False,1,0.792902,False,1,,,single,True,0.978638,True,B
6969,330708980,1,2617.71,2,5882.68,12.022,93.9995,12,12.0571,5632.7,0.922475,3,24,0,0,,186.402,1486.51,0.986562,141.938,28.1134,False,False,4,2.76549,False,1,,,single,True,0.688493,True,A
6972,318353275,1,2619.56,1,4675.67,12.0164,49.67,5,11.2748,5773.63,1.47907,3,24,0,0,,100.93,942.136,0.993039,165.168,48.957,False,False,1,0.812241,False,1,,,single,True,0.984165,True,A
6973,139381489,1,2635.47,12,4116.6,12.016,12.4875,72,12.834,5223.39,0.764169,3,24,0,0,3.58403,496.279,2377.16,0.989466,139.343,35.4815,True,False,3,2.16598,False,1,,,single,True,0.477108,True,B
6976,61082056,1,2632.43,6,3328.1,12.0097,85.3404,36,12.198,5300,0.860931,3,24,0,0,,197.783,1593.57,0.99636,153.694,17.6126,False,False,0,1.16034,False,1,,,single,True,0.483308,True,A
6977,233657440,1,2611.05,6,6874.69,12.0077,6,36,12.8204,5079,0.778434,2.5,20,1,0,4.1968,1041.44,2409.86,0.910471,259.546,63.1916,True,False,4,0.986293,False,1,,,single,True,0.628067,True,B
6978,157861153,1,2629.76,4,5801.53,12.0074,86.9914,24,12.4112,3934.32,0.717318,3,24,0,0,9.88266,1028.24,1905.84,0.996495,190.82,53.4017,False,False,2,0.502816,False,1,,,single,True,0.531668,True,A
6982,402656261,1,2635.73,6,2054.32,11.9995,6.1586,36,11.3757,6000,2.83747,3,24,0,0,8.00683,251.967,958.768,0.898615,294.075,68.4347,True,False,5,1.70184,False,1,,,single,True,1.25148,True,B
6984,406856666,1,2621.25,8,3338.94,11.9957,8.99934,48,12.2436,5906,1.17855,3,24,0,0,,203.622,1459.49,0.993146,274.618,67.0867,False,False,0,1.12167,False,1,,,single,True,0.662689,True,A
6985,91917445,1,2633.79,1.5,4852.55,11.9935,52.829,9,11.5793,5069,0.746431,3,24,0,0,4.01039,238.216,1122.59,0.996505,143.796,21.5998,False,False,2,2.10796,False,1,,,single,True,0.505978,True,A
6986,24004377,1,2635.33,16,2220.34,11.9928,15.8359,96,12.8033,6144,1.42471,3,24,0,0,,247.063,2341.61,0.989832,163.103,43.805,True,False,5,1.16034,False,1,,,single,True,0.653272,True,B
6990,241194098,1,2635.49,12,965.728,11.9855,11.8358,72,10.0093,6477.36,1.88475,3,24,0,0,4.82775,163.03,466.042,0.99864,153.251,27.6349,True,False,4,1.10233,False,1,,,single,True,0.569952,True,B
6991,353819519,1,2611.21,8,3501.9,11.9755,8.66667,48,12.096,6103.71,1.26843,3,24,0,0,5.71187,336.752,1388.02,0.969027,270.574,58.1775,True,False,5,1.83721,False,1,,,single,True,0.730425,True,B
6997,393857987,1,2621.3,8,3505.88,11.9693,7.83972,48,12.2447,3464,0.466493,3,24,0,0,8.52558,249.412,1631.46,0.950487,173.752,45.5151,True,False,0,0.5,False,1,,,single,True,0.268782,True,B
6999,258701880,1,2635.48,12,2405.03,11.9658,12.1598,72,12.2486,5777,1.34081,3,24,0,0,5.59848,290.485,1662.72,0.843501,285.933,70.6536,True,False,2,1.21836,False,1,,,single,True,0.63986,True,B
7013,233057606,1,2625.65,4,3376.9,11.9373,4.99819,24,11.7802,5827,0.845044,3,24,0,0,4.25465,235.152,1127.89,0.938777,269.511,62.5308,False,False,2,0.966954,False,1,,,single,True,0.477855,True,A
7015,229763092,1,2635.64,8,1487.25,11.9351,8.16159,48,11.1638,6494,1.53381,3,24,0,0,,112.042,782.358,0.981181,281.462,69.5087,True,False,3,1.00563,False,1,,,single,True,0.5756,True,B
7016,8153102,1,2610.14,1.5,12528.8,11.9335,3.83333,9,12.8648,5387.14,0.933226,3,24,0,0,1.02253,562.797,2617.62,0.817195,155.428,38.8209,True,False,2,0.734885,False,1,,,single,True,1.01648,True,B
7017,232603514,1,2626.19,6,5594.29,11.9333,5.99489,36,12.5647,4884,0.797594,3,24,0,0,5.96569,816.992,1942.41,0.983251,257.801,60.142,False,False,1,0.83158,False,1,,,single,True,0.580513,True,A
7018,150229843,1,2635.79,3,6380.09,11.931,4.66402,18,12.3248,5355.81,0.814333,3,24,0,0,6.36803,776.655,1888.36,0.953112,155.356,43.1937,True,False,4,0.734885,False,1,,,single,True,0.632955,True,B
7025,302749848,1,2626.47,6,1324.06,11.9172,6.33275,36,9.3293,6737,1.72746,3,24,0,0,4.91718,184.973,368.263,0.893032,169.465,59.0237,True,False,2,0.947615,False,1,,,single,True,0.611674,True,B
7026,101593741,1,2635.49,12,1276.45,11.9171,11.8375,72,11.353,4945.44,0.837723,3,24,0,0,5.45143,154.529,939.569,0.997175,159.468,35.6936,True,False,0,0.541494,False,1,,,single,True,0.291246,True,B
7028,142381532,1,2610.4,1.5,3352.96,11.912,3.66667,9,9.7722,4760,0.822372,3,24,0,0,9.90124,512.736,469.467,0.936844,196.22,63.7538,True,False,2,0.63819,False,1,,1823.01,single,True,0.463383,True,B
7032,99919551,1,2628.77,3,6509.11,11.901,61.6666,18,12.6182,4387,0.75105,3,24,0,0,4.91718,522.022,2154.39,0.99618,169.138,60.0147,False,False,1,0.947615,False,1,,,single,True,0.58964,True,A
7034,453426206,1,2610.63,1.5,6815.89,11.8994,3.83333,9,10.055,6181,1.4287,3,24,0,0,6.31412,600.365,882.526,0.607957,146.139,48.4824,True,False,2,0.5,False,1,,,single,True,1.14778,True,B
7035,407578769,1,2611.06,1.5,10996.6,11.8988,3.83333,9,12.225,5719.34,1.78257,1.5,12,1,0,3.29675,1052.51,1690.63,0.860707,145.239,30.3349,True,False,7,1.72118,False,1,,,single,True,1.819,True,B
7041,21123949,1,2621.42,4,4897.09,11.8794,4.8369,24,11.3902,4553,0.695962,3,24,0,0,8.51633,1321.28,1002.86,0.875548,274.731,53.3992,True,False,4,2.61078,False,1,,,single,True,0.473928,True,B
7046,252796014,1,2635.83,1.5,5925.63,11.8723,3.67128,9,11.313,4209,0.645461,3,24,0,0,0.056646,282.298,1517.07,0.51897,165.058,42.5646,True,False,4,1.31506,False,1,,,single,True,0.483498,True,B
7049,357184190,1,2626.59,6,5319.15,11.868,6.00563,36,12.6485,5956,1.62716,3,24,0,0,5.15181,745.031,2178.11,0.805313,171.835,75.5666,True,False,0,0.696207,False,1,,,single,True,1.15481,True,B
7051,166150760,1,2635.74,6,2450.57,11.8632,5.83958,36,11.3584,4314,0.645155,3,24,0,0,9.08129,420.743,872.031,0.967917,216.128,64.8902,True,False,4,1.27638,False,2,,,single,True,0.310782,True,B
7053,416195760,1,2610.68,6,1930.56,11.862,6,36,8.9273,6352,3.309,3,24,0,0,4.17362,257.34,399.373,0.907449,287.161,57.4852,True,False,2,1.12167,False,1,,,single,True,1.4148,True,B
7054,95471870,1,2616.88,4,2809.34,11.8619,114.007,24,11.7202,6619.74,1.75261,3,24,0,0,,142.324,1206.46,0.985523,156.016,19.349,False,False,1,1.85655,False,1,,,single,True,0.903951,True,A
7058,237277975,1,2611.62,12,1955.66,11.8583,12,72,11.7886,6229,1.55337,3,24,0,0,,121.625,1160.92,0.959511,299.19,73.2505,True,False,4,0.870259,False,1,,,single,True,0.668465,True,B
7061,202490021,1,2610.59,6,4233.03,11.8526,6,36,11.9027,6398,2.02533,3,24,0,0,3.92803,612.047,1423.95,0.885076,229.482,60.5852,True,False,4,1.02497,False,1,,,single,True,1.28227,True,B
7062,307952755,1,2635.4,12,4258.45,11.8522,13.9976,64,12.6394,5335.69,0.793776,3,24,0,0,8.55552,479.054,2151.15,0.993239,148.833,29.4605,True,False,1,1.14101,False,1,,,single,True,0.504059,True,B
7063,154563125,1,2635.64,8,1851.6,11.8516,8.15705,48,11.2719,5749,0.929049,3,24,0,0,2.35707,147.389,848.125,0.995751,189.267,77.6825,True,False,3,0.870259,False,1,,,single,True,0.389018,True,B
7064,252488484,1,2611.13,6,2415.26,11.8513,6.33333,36,11.0205,3829,0.649617,3,24,0,0,5.98208,418.057,944.496,0.793605,156.971,53.8516,True,False,0,0.5,False,1,,,single,True,0.310668,True,B
7065,149363047,1,2618.25,4,7251.58,11.8491,81.1652,24,12.3942,5998.16,1.5234,3,24,0,0,12.8331,1560.03,2099.35,0.819333,138.675,27.2663,False,False,5,2.4754,False,1,,,single,True,1.26237,True,A
7069,229675723,1,2635.48,12,1728.23,11.844,12.162,72,12.5896,5172,0.968924,3,24,0,0,,186.584,1894.53,0.94788,253.398,74.7382,True,False,3,1.12167,False,1,,,single,True,0.391966,True,B
7070,198317764,1,2610.67,8,3111.85,11.8438,8.33333,48,11.9374,6070,1.44153,3,24,0,0,,191.8,1426.49,0.849705,234.61,60.6079,True,False,4,0.580172,False,1,,,single,True,0.782511,True,B
7072,376974606,1,2629.66,1,8118.18,11.8424,101.499,6,12.1045,6476,1.6408,3,24,0,0,,195.276,1511.76,0.95759,284.079,56.6929,False,False,2,0.908937,False,1,,,single,True,1.43861,True,A
7077,105483181,1,2635.73,6,1197.65,11.8368,6.15595,36,10.2576,5683.44,0.950476,3,24,0,0,8.12703,221.599,502.958,0.998995,143.818,42.0695,True,False,5,2.04994,False,1,,,single,True,0.320084,True,B
7083,141248554,1,2610.76,6,1177.45,11.8226,9.83333,36,10.857,6249.36,1.17813,3,24,0,0,5.13899,148.644,706.1,0.950562,187.56,50.1635,True,False,0,0.5,False,1,,,single,True,0.393388,True,B
7086,98369723,1,2635.73,6,4248.78,11.8166,6.16416,36,11.9418,4190,0.796198,1.5,12,1,0,3.27812,1170.49,1322.43,0.993606,147.045,25.1178,True,False,3,1.45043,False,1,,,single,True,0.505022,True,B
7087,39141024,1,2635.49,12,3365.01,11.8152,12.0075,72,12.5694,5173,0.831612,3,24,0,0,9.91465,567.409,2164.27,0.852733,168.258,41.3644,True,False,6,1.17968,False,1,,,single,True,0.46943,True,B
7090,356631738,2,2635.14,16,4582.23,11.8067,20.3219,96,12.7582,5185,0.879868,2,16,1,0,3.90943,1292.59,2319.69,0.969617,160.819,69.8072,False,False,2,1.37307,False,2,,,single,True,0.57958,True,A
7092,356539037,2,2621.29,8,3861.38,11.7998,8.1644,48,9.0882,4628,0.830573,3,24,0,0,9.12931,1875.91,611.421,0.998729,153.164,59.9789,True,False,2,0.870259,False,3,,,single,True,0.502235,True,B
7093,4840482,1,2614.25,2,9536.29,11.7996,92.1667,11,12.9441,5675.39,0.823393,3,24,0,0,,247.553,2458.12,0.993755,146.673,33.416,True,False,2,1.21836,False,1,,,single,True,0.782446,True,B
7096,462538772,1,2634.35,24,1192.61,11.7904,39.3294,144,12.4065,5630,1.99339,3,24,0,0,,207.303,1688.97,0.879536,202.379,73.1854,False,False,1,0.908937,False,1,,,single,True,0.669884,True,A
7100,95436413,1,2634.99,1,9634.99,11.7832,24.0062,6,12.3575,6352.64,1.94939,3,24,0,0,5.22783,762.973,1772.68,0.964014,155.511,23.7394,False,False,3,1.72118,False,1,,,single,True,1.86201,True,A
7104,63306831,1,2611.15,4,6541.82,11.7801,31.5,24,12.8446,6062,1.51965,3,24,0,0,,270.816,2727.5,0.988082,158.237,17.803,True,False,2,1.48911,False,1,,,single,True,1.19605,True,B
7107,349794435,1,2635.73,6,8466.5,11.7796,6.16037,36,12.7046,4396,0.716997,2.5,20,1,0,4.97356,1315.62,2437.67,0.977536,143.651,26.4642,True,False,3,2.90086,False,1,,,single,True,0.641988,True,B
7110,117506841,1,2611.56,1.5,2571,11.7712,29.8333,9,10.3683,6334,1.54087,3,24,0,0,1.09655,119.471,570.231,0.970385,138.119,24.7869,True,False,8,2.32069,False,2,,,single,True,0.760282,True,B
7111,286752452,1,2614.21,6,3212.32,11.771,93.3333,34,12.1829,5704.39,2.17136,3,24,0,0,,179.262,1600.09,0.980733,143.494,23.9313,False,False,3,2.35937,False,1,,,single,True,1.19756,True,A
7115,219106134,1,2626.37,3,9416.15,11.7653,4.50106,18,12.0939,5220,0.843856,2,16,1,0,9.56995,4610.48,1352.89,0.987026,270.989,68.1078,True,False,0,1.04431,False,1,,,single,True,0.796824,True,B
7117,155558218,1,2619.55,1.5,11129.1,11.7645,0.991824,9,12.4773,4281.29,1.05788,3,24,0,0,6.88062,774.004,2277.32,0.992122,159.144,16.7708,False,False,0,0.792902,True,1,,,single_partial,True,1.08599,True,B
7119,329174248,1,2635.49,12,1832.07,11.7591,11.8409,72,11.4645,5637.04,0.944444,3,24,0,0,12.0245,329.036,1010.17,0.988045,263.973,59.5888,True,False,6,1.35374,False,1,,,single,True,0.393373,True,B
7120,309764211,1,2627.17,6,3808.75,11.7533,6.00335,36,11.7769,4817,0.768386,1.5,12,1,0,3.22364,1041.45,1195.33,0.997473,155.499,57.3544,True,False,0,0.773563,False,1,,,single,True,0.461454,True,B
7121,459970135,1,2610.7,6,3319.18,11.7523,6,36,11.29,6233,1.29859,3,24,0,0,3.57641,391.372,945.927,0.885169,254.906,65.451,True,False,6,1.60514,False,1,,,single,True,0.728023,True,B
7128,8886628,1,2626.59,8,4419.49,11.741,8.836,48,12.3508,6425.94,1.27578,3,24,0,0,2.72565,382.835,1737.41,0.995839,143.535,35.2015,True,False,5,1.48911,False,1,,,single,True,0.825314,True,B
7129,287165672,1,2627.48,12,7272.78,11.741,29.5057,72,11.4518,4622,0.742357,2.5,20,1,0,3.05719,604.995,1137.65,0.995061,149.281,60.2497,True,False,5,0.947615,False,2,,,single,True,0.616056,True,B
7133,365938275,1,2627.57,8,2195.81,11.7382,8.17078,48,11.1034,5747,0.897697,3,24,0,0,9.94199,345.45,801.197,0.992159,180.734,73.9246,False,False,5,1.79853,False,1,,,single,True,0.40934,True,A
7136,357182922,1,2634.45,2,5524.2,11.734,37.0064,12,11.7758,5828.65,1.01565,3,24,0,0,3.6314,511.36,1288.14,0.981649,153.055,17.6726,False,False,1,0.773563,False,1,,,single,True,0.734575,True,A
7137,95311103,1,2610.21,8,3521.3,11.7339,8.83333,48,12.3204,4491.16,0.665241,3,24,0,0,6.22526,358.571,1930.16,0.855722,153.058,19.3124,True,False,6,1.99193,False,1,,,single,True,0.384138,True,B
7144,172533080,1,2614.34,16,4066.12,11.7262,70,91,12.134,4458.95,0.798575,2,16,1,0,10.2343,5357.07,1628.12,0.997272,143.262,27.8211,True,False,2,3.28764,False,1,,,single,True,0.495522,True,B
7148,377388421,1,2626.79,8,4110.25,11.7212,8.17101,48,12.5832,6139,1.22502,3,24,0,0,,309.24,2242.69,0.840394,150.046,55.039,True,False,5,1.02497,False,1,,,single,True,0.764249,True,B
7155,171558651,1,2612.53,4,6765.06,11.7054,0.502185,16,11.1009,6892,1.68649,3,24,0,0,13.0731,940.724,826.875,0.998778,156.333,22.476,False,False,1,0.85092,True,1,,,single_partial,True,1.34982,True,B
7156,1120067,1,2634.13,1.5,9680.89,11.7034,44.6717,9,12.5103,5433.18,0.792683,3,24,0,0,9.32299,1352.14,1947.63,0.974377,155.771,27.034,False,False,2,1.04431,False,1,,,single,True,0.758952,True,A
7157,219796019,1,2635.48,12,2795.93,11.7026,12.0021,72,12.3465,8055,1.77094,3,24,0,0,,244.516,5084.71,0.973029,265.144,65.4541,True,False,2,0.657529,False,1,,,single,True,0.911222,True,B
7159,403114002,1,2611.16,4,10230.9,11.6993,5,24,12.036,5278,0.83285,2,16,1,0,8.34244,3846.52,1458.64,0.968434,303.355,66.4451,True,False,7,2.04994,False,1,,,single,True,0.81975,True,B
7162,171630800,1,2620.28,1,7924.94,11.6924,32.3418,5,11.9342,6019,1.65778,3,24,0,0,5.44714,326.759,1394.28,0.97982,158.518,19.2035,False,False,2,1.27638,False,1,,,single,True,1.43609,True,A
7163,95433786,1,2633.22,2,2328.47,11.6916,66.5072,12,10.5713,5825,2.24146,3,24,0,0,5.68394,132.336,604.579,0.994029,155.197,20.7065,False,False,3,1.89523,False,1,,,single,True,1.0525,True,A
7165,160490234,1,2635.47,12,2963.02,11.6862,12.329,72,12.6813,5833,0.966046,3,24,0,0,,237.84,2038.4,0.992397,238.962,75.345,True,False,4,1.83721,False,1,,,single,True,0.511708,True,B
7166,307930890,1,2614.88,2,3464.21,11.6857,109.333,9,7.43804,8088,1.54397,3,24,0,0,,205.673,3028.88,0.983902,148.496,27.6955,False,False,0,1.37307,False,1,,,single,True,0.884297,True,A
7171,252465636,1,2627.5,24,1068.52,11.6788,30.8362,144,12.1157,5853,2.93767,3,24,0,0,,221.267,1577.66,0.911555,150.021,49.0791,False,False,3,0.5,False,1,,,single,True,0.934441,True,A
7175,160488648,1,2635.64,8,1448.25,11.6755,8.16481,48,10.9588,5881,0.948314,3,24,0,0,6.38193,217.792,722.342,0.999145,238.573,73.0024,True,False,4,1.17968,False,1,,,single,True,0.351182,True,B
7176,8191371,1,2626.4,6,3303.28,11.6746,5.99623,36,12.0381,4202.32,0.579251,3,24,0,0,6.20372,724.043,1352.97,0.988826,156.38,36.4631,True,False,0,0.5,False,1,,,single,True,0.323964,True,B
7178,357132525,1,2635.65,8,1539.76,11.6703,8.15545,48,11.4497,5404,2.30071,3,24,0,0,,121.789,1002.74,0.997308,144.229,44.7275,True,False,6,1.6825,False,1,,,single,True,0.878508,True,B
7181,252484953,1,2635.51,8,2858.49,11.6679,8.9951,48,10.9068,3292,0.305676,3,24,0,0,5.79856,297.399,1234.42,0.628491,156.511,50.4524,True,False,1,0.522155,False,2,,,single,True,0.159033,True,B
7186,219856738,1,2611.3,3,2971.05,11.6471,4.66667,18,9.55523,5890,1.6708,3,24,0,0,6.9097,601.023,741.624,0.736418,257.138,71.0078,True,False,3,1.14101,False,1,,,single,True,0.88621,True,B
7188,354007719,1,2626.81,8,3449.76,11.6453,8.17062,48,12.35,5828.09,1.15562,3,24,0,0,,225.417,1812.51,0.990504,149.444,52.3326,True,False,5,1.5858,False,1,,,single,True,0.660491,True,B
7192,232608947,1,2635.84,1,3509.67,11.6424,3.33775,6,10.0042,9115,1.54759,1,8,1,0,3.44972,2514.65,477.416,0.939949,258.392,64.5782,True,False,3,1.12167,False,1,,,single,True,0.892168,True,B
7198,258774868,1,2627.21,3,8392.45,11.6301,4.5035,18,12.1671,6111,1.41288,2,16,1,0,6.33401,2930.48,1503.35,0.88939,286.345,67.3287,True,False,0,1.54713,False,1,,,single,True,1.25953,True,B
7200,70676809,1,2626.33,4,2839.62,11.6283,3.65784,24,10.3086,3850,0.619294,3,24,0,0,3.73418,363.87,569.243,0.935135,155.537,17.2037,True,False,2,1.27638,False,1,,,single,True,0.321132,True,B
7201,21499469,1,2626.38,6,4977.99,11.6261,6.83326,37,12.4444,4661,0.744299,3,24,0,0,10.8304,891.97,1769.73,0.990707,148.951,36.3985,True,False,1,1.81787,False,1,,,single,True,0.511013,True,B
7203,149418497,1,2611.13,4,6356.02,11.6222,5.16667,24,12.72,5976,0.979153,1,8,1,0,1.87082,1045.95,2287.76,0.89086,140.33,28.2617,True,False,7,2.63011,False,1,,,single,True,0.759628,True,B
7207,155634504,1,2635.64,8,3286.27,11.6166,8.15782,48,12.302,3866,0.616028,3,24,0,0,12.2498,500.684,1564.68,0.987524,201.906,78.5211,True,False,2,1.10233,False,1,,,single,True,0.343644,True,B
7208,158014380,1,2610.71,6,4416.83,11.6155,6,36,11.0422,5999,1.5259,3,24,0,0,7.35892,696.756,962.174,0.830416,215.399,82.7607,True,False,2,0.734885,False,2,,,single,True,0.986822,True,B
7213,88006872,1,2614.06,2,3805.82,11.6088,89.6667,12,11.4167,5923,1.86895,3,24,0,0,,137.738,1012.2,0.985794,147.076,23.4425,False,False,1,1.85655,False,1,,,single,True,1.12196,True,A
7214,377054093,1,2610.97,12,2269.33,11.6049,11.8333,72,12.4268,6307,1.44568,3,24,0,0,,201.167,1930.02,0.866105,284.837,59.2412,True,False,2,1.70184,False,1,,,single,True,0.67016,True,B
7215,353807936,1,2613.14,6,3915.68,11.6045,64.6667,36,12.469,6145,1.1892,3,24,0,0,,216.782,1739.29,0.954606,270.217,56.6861,False,False,1,1.66316,False,1,5650.01,5650.01,single,True,0.724129,True,A
7218,330705684,1,2618.58,2,8809.87,11.5996,73.1661,12,12.6191,5824.56,1.00018,3,24,0,0,9.52176,655.276,2287.2,0.971744,141.753,28.2263,False,False,0,2.86218,False,1,,,single,True,0.913525,True,A
7226,329172359,1,2635.74,6,12026.3,11.5798,5.84476,36,12.1025,4987.27,0.732581,3,24,0,0,10.4371,2039.78,1534.83,0.99494,263.694,55.5481,True,False,6,1.66316,False,1,,,single,True,0.781769,True,B
7230,233615219,1,2626.28,6,6387.53,11.5759,6.33447,36,10.2123,4978,0.73775,2,16,1,0,10.4282,7336.88,991.752,0.969387,283.721,62.2886,True,False,1,2.14664,False,1,,,single,True,0.573764,True,B
7232,286714123,1,2635.79,3,8223.22,11.5737,4.66123,18,12.467,5110.17,0.76105,2.5,20,1,0,4.75304,1162.29,1988.45,0.921892,142.83,22.3313,True,False,8,2.10796,False,1,,,single,True,0.671571,True,B
7236,157979184,1,2635.73,6,2766.43,11.5712,6.15906,36,11.8548,4660,0.727728,3,24,0,0,6.57704,289.992,1232.63,0.994977,212.678,78.0576,True,False,4,1.21836,False,1,,,single,True,0.372466,True,B
7237,155207185,1,2612.76,2,2448.34,11.5644,42,12,10.9324,6384.71,2.22258,3,24,0,0,8.32628,116.357,763.128,0.995554,144.78,33.7734,False,False,0,1.00563,False,1,,,single,True,1.07017,True,A
7238,155640192,1,2635.64,8,4606.5,11.5591,8.15513,48,12.3605,5640,1.21002,3,24,0,0,2.78158,372.815,1742.76,0.876235,204.254,81.5289,True,False,4,0.5,False,1,,,single,True,0.799163,True,B
7253,307912971,1,2621.42,3,6845.78,11.5343,4.99878,18,11.9344,3722,0.557789,3,24,0,0,4.82497,875.559,1405.67,0.934349,141.165,31.9354,True,False,0,2.59144,False,1,,,single,True,0.449096,True,B
7254,219822384,1,2625.64,4,1975.89,11.5342,4.99873,24,8.95199,5950,1.21447,3,24,0,0,10.6453,470.226,342.52,0.73613,268.072,64.2379,False,False,2,0.986293,False,1,,,single,True,0.525323,True,A
7255,142412625,1,2610.49,6,1892.67,11.5322,6,36,10.5342,6449,2.02401,3,24,0,0,2.52432,145.503,624.602,0.953301,199.378,64.1163,True,False,4,0.5,False,1,,,single,True,0.856855,True,B
7256,229590352,1,2635.55,8,5210.59,11.5307,10.3266,48,12.358,5563,1.14441,3,24,0,0,3.73539,623.77,1910.09,0.806528,272.08,74.61,True,False,0,0.657529,False,1,,,single,True,0.803864,True,B
7257,39775631,1,2635.83,1.5,4896.25,11.5299,3.82905,9,11.0294,5206.36,0.736557,3,24,0,0,6.04493,289.804,1093.05,0.74114,154.288,45.225,True,False,4,0.502816,False,2,,,single,True,0.501528,True,B
7260,313589732,2,2634.97,24,786.828,11.5259,24.3293,144,10.6975,5527,0.858419,3,24,0,0,8.5092,264.722,652.737,0.992477,199.851,72.9461,False,False,3,0.889598,False,2,,,single,True,0.234313,True,A
7261,376928585,1,2610.76,8,3621.14,11.5246,7.83333,48,11.9329,5852,1.69675,3,24,0,0,6.22052,341.142,1562.4,0.846078,283.869,56.4548,True,False,4,0.908937,False,1,,,single,True,0.993569,True,B
7263,95358635,1,2613.65,6,5873.93,11.522,91.3333,36,12.9764,5547,0.913172,3,24,0,0,,350.429,2970.85,0.905952,153.992,19.4915,False,False,0,2.16598,False,2,,,single,True,0.681043,True,A
7264,219101608,1,2611.27,2,9662.27,11.5219,4,12,10.8361,4012,0.661675,3,24,0,0,10.3617,1456.19,1906.22,0.677482,270.154,68.5483,True,False,6,1.2377,False,1,,,single,True,0.63291,True,B
7265,230060106,1,2625.59,6,3476.96,11.52,5.99645,36,11.6446,5851,0.969032,3,24,0,0,10.6916,393.996,1086.52,0.911678,229.071,66.9607,False,False,0,1.16034,False,1,,,single,True,0.556026,True,A
7269,156493528,1,2626.97,24,1396.13,11.5154,35.0001,144,10.184,4762,0.826018,3,24,0,0,4.90917,280.728,481.626,0.992256,218.652,72.6362,True,False,1,0.85092,False,1,,,single,True,0.300338,True,B
7271,356736743,1,2628.15,4,7611.25,11.5115,37.6715,24,12.6635,5952,1.05189,3,24,0,0,6.80544,831.504,2007.8,0.945093,177.702,75.2034,False,False,2,1.02497,False,1,3832.01,3832.01,single,True,0.893009,True,A
7273,17303024,1,2635.49,12,3633.87,11.5098,11.8356,72,11.9312,3686,0.635559,3,24,0,0,9.51126,307.751,1530.04,0.797735,161.021,41.6074,True,False,3,0.715546,False,2,,,single,True,0.372819,True,B
7278,353778590,1,2635.73,6,3277.57,11.5039,6.00789,36,11.914,6202,1.68411,3,24,0,0,4.1208,269.644,1419.92,0.806909,276.461,54.1157,True,False,6,2.72681,False,1,,,single,True,0.938219,True,B
7279,389958887,1,2635.73,6,5131.11,11.5036,6.00642,36,12.4329,5802.44,1.17184,3,24,0,0,9.82649,812.255,1881.62,0.947091,276.149,56.1695,True,False,6,1.70184,False,1,,,single,True,0.81683,True,B
7280,229910322,1,2635.79,3,4184.79,11.5004,4.66503,18,11.1715,5388,0.840127,1.25,10,1,0,4.46923,3660.8,868.683,0.959068,287.175,61.201,True,False,2,2.32069,False,1,,,single,True,0.528858,True,B
7281,399789887,1,2635.74,6,4866.25,11.4971,5.84015,36,12.0266,6165,1.22817,3,24,0,0,2.78321,456.997,1614.67,0.834173,278.154,54.5667,True,False,6,1.5858,False,1,,,single,True,0.833706,True,B
7282,165409748,1,2627.65,1.5,7064.62,11.4948,35.3259,9,12.378,6131.97,1.20069,3,24,0,0,,237.645,1685.1,0.989559,159.358,29.3777,False,False,2,1.50845,False,1,,,single,True,0.982048,True,A
7283,24024968,1,2635.73,6,1885.25,11.4945,6.16793,36,10.637,,0.435316,3,24,0,0,3.78984,152.09,716.545,0.993376,163.774,47.2418,True,False,5,0.966954,False,1,,,single,True,0.183927,True,B
7285,353807283,1,2611.53,6,34211.7,11.4841,13,36,12.5337,5955.88,1.5563,1.25,10,1,0,3.37748,6619.67,7585.71,0.845527,270.316,58.4073,True,False,3,1.62448,False,1,,,single,True,2.80116,False,B
7287,367738598,1,2626.57,6,6174.04,11.4815,6.0069,36,12.4607,5817,1.15174,3,24,0,0,8.88127,1221.43,1913.01,0.959101,249.671,82.7084,True,False,2,1.02497,False,1,,,single,True,0.880636,True,B
7291,1101935,1,2628.1,1,9931.3,11.477,49.9932,5,12.2889,5940,1.41513,3,24,0,0,5.44131,370.847,1764.45,0.863918,155.367,24.3462,False,False,2,1.91457,False,1,,,single,True,1.37232,True,A
7293,125550473,1,2611.06,4,6743.42,11.4732,5.16667,24,12.848,6469.23,1.86626,1,8,1,0,1.87602,1040.08,2435.94,0.997174,145.048,28.9331,True,False,7,2.37871,False,1,,,single,True,1.49132,True,B
7299,154358481,1,2610.57,6,5363.03,11.4631,6,36,12.8403,6057,1.02806,3,24,0,0,,289.269,2516.22,0.883505,214.237,58.4956,True,False,1,0.676868,False,1,,,single,True,0.732624,True,B
7300,99899077,1,2626.53,8,4663.07,11.4622,8.00101,48,12.5593,4737,0.625425,3,24,0,0,3.36255,433.643,2208,0.855421,167.26,61.5708,True,False,5,0.773563,False,1,,,single,True,0.415593,True,B
7305,165529731,1,2611.42,12,1506.06,11.4554,12,72,11.3241,5977,1.30936,3,24,0,0,12.0314,184.141,1017.89,0.854229,266.104,58.4923,True,False,4,1.48911,False,1,,,single,True,0.494468,True,B
7306,353970864,1,2610.67,6,3511.94,11.4533,6.83333,36,10.9062,5042,0.803399,3,24,0,0,4.57966,419.316,1085.79,0.711739,166.142,40.6744,True,False,3,0.908937,False,2,,,single,True,0.4633,True,B
7308,233692218,1,2610.97,12,1819.01,11.4529,12,72,11.611,4831,0.648059,3,24,0,0,4.08567,181.069,1182.16,0.904644,275.648,60.9793,True,False,4,1.21836,False,1,,,single,True,0.268961,True,B
7310,154166217,1,2610.67,8,4187.96,11.4513,8.16667,48,12.2422,5828,1.0233,3,24,0,0,2.78911,389.664,1646.72,0.953856,213.559,67.7543,True,False,2,0.5,False,1,,,single,True,0.644409,True,B
7312,230119493,1,2626.14,6,7021.59,11.4507,5.99746,36,12.8888,3347,0.429855,3,24,0,0,10.463,970.832,2260.24,0.984378,249.793,66.571,False,False,4,1.54713,False,1,,,single,True,0.350507,True,A
7313,239199224,1,2614.58,12,969.701,11.4481,102.167,60,9.02672,5671.84,2.37103,3,24,0,0,4.93587,165.897,355.544,0.978878,146.891,26.2297,False,False,2,1.2377,False,1,,,single,True,0.718478,True,A
7317,165312931,1,2627.33,12,3586.81,11.43,28.6592,72,11.7639,3531,0.524704,3,24,0,0,4.43014,567.442,1226.98,0.995384,185.243,53.1494,True,False,2,0.696207,False,1,,,single,True,0.305792,True,B
7321,154069139,2,2635.22,12,3778.81,11.4228,18.3315,72,12.5183,4799,0.690547,1.5,12,1,0,3.42459,1622.02,1751.22,0.988154,207.874,71.8649,False,False,3,0.908937,False,2,,,single,True,0.413074,True,A
7328,141864030,2,2610.96,16,4326.37,11.4135,17.1667,96,10.7052,6184,1.18325,2.5,20,1,0,3.84372,802.948,1145.53,0.718948,207.344,58.154,True,False,0,0.5,False,2,,,single,True,0.757348,True,B
7331,252961619,1,2615.48,1,3347.99,11.4079,132,6,10.737,4463,0.732648,3,24,0,0,9.28817,140.127,721.614,0.939923,151.228,33.0038,False,False,2,1.12167,False,1,,,single,True,0.41252,True,A
7332,232967226,1,2635.3,16,1407.17,11.4064,16.3322,96,12.161,5764,0.839774,3,24,0,0,,152.752,1464.88,0.983862,197.91,69.4882,True,False,3,0.63819,False,1,,,single,True,0.306544,True,B
7334,233680805,1,2610.66,4,2069.34,11.4032,5,24,10.1127,5869,1.7972,3,24,0,0,3.54652,273.184,521.784,0.901109,260.429,63.7757,True,False,5,1.12167,False,1,,,single,True,0.795555,True,B
7335,309998306,1,2635.82,1.5,9518.16,11.4026,3.82947,9,12.6645,5830,0.895874,3,24,0,0,7.97521,1022.19,1929.2,0.97919,213.966,74.4216,True,False,6,1.21836,False,1,,,single,True,0.850513,True,B
7341,8744073,1,2635.7,6,3446.26,11.3995,6.82102,36,10.6922,4448.84,1.09416,3,24,0,0,4.27769,564.737,670.377,0.994193,138.482,32.0325,True,False,6,1.19902,False,1,,,single,True,0.625046,True,B
7346,219777120,1,2635.78,4,2271.07,11.3933,4.83993,24,10.4711,5543,0.954414,3,24,0,0,11.4206,392.065,607.129,0.914055,263.73,60.8205,True,False,5,0.908937,False,1,,,single,True,0.442599,True,B
7349,289721854,1,2625.76,8,3326.19,11.3872,7.9941,48,12.3591,5843.28,1.53653,3,24,0,0,,194.668,1970.2,0.954732,274.111,50.9436,False,False,3,0.928276,False,1,,,single,True,0.862328,True,A
7351,39140665,1,2635.69,4,5120.98,11.3846,7.1755,24,11.3499,5868.81,1.05456,3,24,0,0,5.85867,960.134,938.561,0.985084,168.278,39.0057,True,False,5,0.812241,False,1,,,single,True,0.734354,True,B
7355,424731885,1,2614.74,4,5258.33,11.3809,92.1667,15,12.2366,5418,0.995246,0.5,4,1,0,4.18062,12529.1,1755.64,0.942331,255.25,59.991,False,False,1,0.792902,False,1,,,single,True,0.702282,True,A
7360,307908139,1,2635.48,12,3642.22,11.3718,12.1563,72,12.8451,3615,0.518217,3,24,0,0,,331.695,2620.03,0.982375,141.025,32.7048,True,False,8,2.0306,False,1,,,single,True,0.304335,True,B
7363,259269551,1,2627.45,6,7098.2,11.3667,6.00534,36,12.2988,5289,0.865805,2,16,1,0,8.56883,3724.44,1595.98,0.981142,293.523,68.4144,True,False,1,1.66316,False,1,,,single,True,0.709826,True,B
7366,377159244,1,2625.63,4,3124.18,11.3623,4.83338,24,11.3238,4644,0.707264,3,24,0,0,10.6453,610.931,946.256,0.962639,285.627,57.7619,False,False,3,1.48911,False,1,,,single,True,0.384687,True,A
7367,154011858,1,2625.52,6,1080.67,11.3606,5.99807,36,10.0289,3986,0.614833,3,24,0,0,4.13867,121.456,501.81,0.998539,206.122,68.464,False,False,1,0.502816,False,1,,,single,True,0.19668,True,A
7369,156197796,1,2610.71,6,4343.65,11.3599,6,36,10.8925,6142,1.52044,3,24,0,0,7.35891,515.854,977.751,0.897366,180.517,80.3147,True,False,2,0.773563,False,1,,,single,True,0.975112,True,B
7370,307913166,1,2615.65,4,6886.03,11.3591,113,24,12.958,4770.45,0.883795,3,24,0,0,,362.855,2636.22,0.953713,141.109,31.0746,False,False,2,3.03624,False,1,,,single,True,0.713664,True,A
7371,8768717,1,2611.06,3,8051.66,11.3577,4.66667,18,12.4757,6349,2.02585,1.25,10,1,0,1.84739,799.38,2127.22,0.803866,140.335,31.2589,True,False,7,2.20466,False,1,,,single,True,1.76892,True,B
7372,67439910,1,2621.18,8,5707.3,11.3569,10.6716,48,12.9319,6006.12,1.08787,3,24,0,0,1.73936,429.925,2630.24,0.981092,155.393,29.9551,False,False,1,0.812241,False,1,,,single,True,0.799742,True,A
7373,356868487,1,2611.57,4,8065.64,11.3568,5.16667,24,11.7167,6327,1.39013,3,24,0,0,6.84023,1330.04,1976.91,0.737722,275.839,69.8619,True,False,6,1.50845,False,1,,4591.01,single,True,1.21488,True,B
7374,284993804,1,2614.35,12,6279.49,11.3565,6.50024,68,12.6444,5392.69,1.15829,3,24,0,0,5.83323,587.251,2392.05,0.945085,137.435,25.0668,True,False,4,2.43672,True,1,,,single_partial,True,0.893176,True,B
7377,229742574,1,2635.64,8,1931.37,11.3521,8.16173,48,11.884,5707,2.06712,3,24,0,0,,139.379,1277.26,0.988794,279.768,69.8586,True,False,4,1.10233,False,1,,,single,True,0.884008,True,B
7378,224288774,1,2612.81,2,8688.32,11.3521,60.5,12,12.88,5661.21,1.68973,3,24,0,0,,326.16,2546.99,0.995,183.052,58.3654,False,False,3,0.966954,False,1,,,single,True,1.53265,True,A
7384,219763766,1,2635.73,6,5817.78,11.3481,6.00712,36,12.2973,4115,0.656101,3,24,0,0,10.4168,1078.11,1497.56,0.960695,262.719,60.4959,True,False,5,1.04431,False,1,,,single,True,0.486975,True,B
7387,117508412,1,2635.48,12,1282.77,11.3406,12.1555,72,11.4285,6329.21,1.58856,3,24,0,0,,138.209,1011.39,0.988497,138.289,27.2215,True,False,6,2.20466,False,1,,,single,True,0.553651,True,B
7390,147992127,1,2635.48,12,1428.86,11.3353,12.1597,72,11.5563,6214,1.23381,3,24,0,0,,143.654,978.369,0.993561,170.157,67.3181,True,False,4,0.928276,False,1,,,single,True,0.453838,True,B
7392,446168403,1,2627.4,24,826.983,11.3319,24.3385,144,11.8648,6200,1.07247,3,24,0,0,,161.471,1215.03,0.935045,201.626,79.6046,True,False,3,0.83158,False,1,,,single,True,0.300117,True,B
7393,27069786,1,2630,1,16543.2,11.3305,0.83838,6,12.6835,6015.62,1.57857,2,16,1,0,2.50402,800.769,2544.66,0.971934,152.178,23.3661,False,False,0,1.56647,True,1,,,single_partial,True,1.97574,True,B
7395,367738619,1,2611.14,1.5,7201.91,11.3296,3.83333,9,11.3023,5465,2.38834,3,24,0,0,8.84902,904.224,944.328,0.986057,249.706,82.816,True,False,4,1.00563,False,1,,,single,True,1.97232,True,B
7396,414986189,1,2610.75,8,7550.2,11.3272,9.5,48,12.7466,3815,0.698491,2,16,1,0,4.13974,1627.13,2571.94,0.946666,141.277,22.4681,True,False,5,1.83721,False,1,,,single,True,0.590606,True,B
7401,239196082,1,2612.63,1.5,6964.08,11.3178,54.3333,9,12.3665,5670.43,1.51823,3,24,0,0,,169.929,1796.66,0.997138,146.592,27.6704,False,False,2,2.14664,False,1,,,single,True,1.2329,True,A
7403,330708151,1,2612.38,16,4288.09,11.3149,46.5,96,11.3756,7183,3.31346,3,24,0,0,2.4372,401.909,1354.8,0.856912,141.885,25.9258,False,False,1,2.68813,False,2,,,single,True,2.1114,False,B
7408,302728777,1,2633.49,6,3028.72,11.308,60.0006,36,12.3164,5569.11,1.25537,3,24,0,0,,165.265,1706.77,0.990448,169.509,54.2824,False,False,0,0.5,False,1,,,single,True,0.672294,True,A
7409,16849684,1,2627.33,16,3994.17,11.3071,28.3294,96,11.5885,4641.38,0.680316,3,24,0,0,8.6991,1476.93,1058.66,0.997122,158.483,39.2522,True,False,1,0.696207,False,1,,,single,True,0.41839,True,B
7413,320501660,1,2611.53,16,2365.54,11.2989,16,96,12.3514,3909.03,0.779954,3,24,0,0,,219.988,1659.07,0.992939,264.553,56.9666,True,False,2,1.5858,False,1,,,single,True,0.369141,True,B
7416,17201939,1,2635.48,12,1933.9,11.293,12.1575,72,12.2553,6045.35,1.65694,3,24,0,0,,182.477,1590.13,0.997098,145.7,41.7865,True,False,5,1.37307,False,1,,,single,True,0.709057,True,B
7428,82202892,1,2610.69,8,6406.64,11.2617,8.66667,48,10.1562,6374.96,1.16192,3,24,0,0,8.01431,1568.34,2605.67,0.67514,147.869,24.1451,True,False,6,1.39241,False,1,,,single,True,0.905,True,B
7429,313262041,1,2610.55,4,3477.54,11.2596,5,24,11.1746,5777,1.8438,3,24,0,0,9.8612,731.408,870.24,0.903828,205.174,63.6899,True,False,2,0.5,False,1,,,single,True,1.05805,True,B
7433,87950945,1,2621.38,6,6305.18,11.2521,6.00246,36,12.8186,5590,1.64848,3,24,0,0,1.0105,490.476,2667.12,0.965394,145.622,20.5857,True,False,3,1.91457,False,1,,,single,True,1.27377,True,B
7436,377388791,1,2626.83,8,3832.88,11.2485,8.00426,48,12.5515,5663.73,1.4998,3,24,0,0,,234.355,2153.19,0.901739,150.417,55.1232,True,False,5,0.85092,False,1,,,single,True,0.903552,True,B
7443,219879481,1,2610.7,6,2156.14,11.2389,6,36,10.3095,6195,1.14596,3,24,0,0,5.44234,344.315,601.295,0.960593,261.12,67.4626,True,False,4,1.12167,False,1,,,single,True,0.517804,True,B
7455,8293606,1,2635.58,8,343.14,11.2151,9.67238,48,7.1806,6234.12,1.64007,3,24,0,0,3.18262,22.8644,139.757,0.998949,163.146,38.3344,True,False,3,0.5,False,1,,,single,True,0.295635,True,B
7462,91902492,1,2635.07,6,1617.9,11.2107,21.9955,36,10.5745,4429,0.680048,3,24,0,0,5.34718,209.365,631.067,0.997525,143.638,21.9144,False,False,1,2.32069,False,1,,,single,True,0.266179,True,A
7466,165471095,1,2611.6,16,1141.38,11.2065,16,96,10.8167,6748,1.8423,3,24,0,0,11.8578,151.477,678.759,0.954734,265.122,59.2201,True,False,4,1.25704,False,1,,,single,True,0.605666,True,B
7468,56937285,1,2626.49,8,3844.39,11.1987,7.99367,48,10.5631,5841,1.21141,2,16,1,0,9.1618,4935.8,622.083,0.996327,172.385,47.3146,True,False,0,0.618851,False,1,,,single,True,0.730907,True,B
7470,309999582,1,2611.12,6,4287.07,11.1983,6,36,11.2503,5924,1.38478,3,24,0,0,8.20123,627.199,1097.08,0.833807,211.149,81.6348,True,False,1,0.715546,False,1,,,single,True,0.882305,True,B
7472,165527270,1,2635.74,6,1300.37,11.1974,5.84424,36,10.6362,6344,1.27931,3,24,0,0,12.5245,177.939,617.497,0.937704,265.907,55.3495,True,False,6,2.10796,False,1,,,single,True,0.448918,True,B
7477,8114533,1,2635.58,8,1488.87,11.188,9.66466,48,11.1225,4874,0.788698,3,24,0,0,4.48394,128.436,861.943,0.983803,154.142,40.0039,True,False,4,0.696207,False,1,,,single,True,0.29614,True,B
7479,318339724,1,2635.52,8,989.275,11.1864,11.1671,48,10.2331,5744.96,1.31796,3,24,0,0,,75.1439,589.89,0.938978,164.919,50.1733,True,False,5,0.773563,False,1,,,single,True,0.403384,True,B
7482,232628671,1,2635.74,6,5853.57,11.181,5.84173,36,12.329,4707,0.756002,2.5,20,1,0,4.4011,952.492,1636.26,0.937043,269.046,56.9149,True,False,6,1.99193,False,1,,,single,True,0.562848,True,B
7488,142592008,2,2635.14,16,4749.77,11.1742,20.3232,96,12.4922,4434,0.743003,2.5,20,1,0,6.13879,1492.79,2029.54,0.95029,169.038,72.2216,False,False,1,0.986293,False,2,,,single,True,0.498292,True,A
7489,149915491,1,2621.43,3,4713.96,11.1726,4.66443,18,9.7464,3704,0.692275,1.5,12,1,0,5.81114,4040.06,477.624,0.845997,159.942,65.7559,True,False,1,0.928276,False,1,,,single,True,0.462519,True,B
7491,307912636,1,2612.45,16,1338.12,11.172,38.6667,96,11.4163,5888.62,1.0655,3,24,0,0,1.84944,252.679,1023.58,0.994325,141.127,33.5127,False,False,3,1.02497,False,1,,,single,True,0.379279,True,A
7492,4895700,1,2621.42,4,3349.66,11.1701,5.00156,24,9.77347,5342.01,1.10575,1.5,12,1,0,8.01861,7481.37,425.553,0.971281,147.922,31.4662,True,False,1,1.25704,False,2,,,single,True,0.622751,True,B
7493,160603130,1,2635.48,12,1575.72,11.1696,12.1603,72,12.2219,5874,1.19017,3,24,0,0,,172.085,1405.37,0.989776,244.551,77.1105,True,False,4,1.66316,False,1,,,single,True,0.459734,True,B
7501,298289997,1,2610.7,6,3908,11.161,6,36,11.3118,5760,1.48897,3,24,0,0,4.17254,575.776,975.246,0.943038,251.723,57.7902,True,False,2,0.85092,False,1,,,single,True,0.905775,True,B
7503,149397683,1,2635.47,12,3055.87,11.1608,12.324,72,12.0136,5560.37,1.42193,3,24,0,0,5.13326,599.873,1410.55,0.99802,139.675,25.38,True,False,5,2.1273,False,1,,,single,True,0.764897,True,B
7504,17300041,1,2610.08,2,5431.36,11.1594,4,12,11.1298,5242,0.704029,3,24,0,0,2.65875,238.542,1444.54,0.751014,160.41,37.3529,True,False,0,1.00563,False,1,,,single,True,0.504896,True,B
7507,288527192,1,2635.48,12,2002.91,11.1552,12.1564,72,11.8453,4938,0.754483,3,24,0,0,,172.508,1277.24,0.891511,275.423,77.9576,True,False,4,1.60514,False,1,,,single,True,0.328577,True,B
7508,453445465,1,2635.64,8,1876.71,11.1536,8.32312,48,11.4544,5370,0.982957,3,24,0,0,,160,1136.06,0.903268,147.932,49.7923,True,False,4,0.599511,False,1,,,single,True,0.414372,True,B
7509,286166908,1,2614.47,12,5557.28,11.1517,64.1667,66,11.7614,5810,1.1567,1.5,12,1,0,9.30277,7181.81,1951.14,0.887694,200.428,76.4765,True,False,0,1.14101,False,1,,,single,True,0.839092,True,B
7519,288672812,1,2635.48,12,833.345,11.1373,12.1545,72,11.0092,6633,1.26517,3,24,0,0,,118.453,728.065,0.995543,280.654,79.4485,True,False,5,0.754224,False,1,,,single,True,0.355401,True,B
7520,117506493,1,2612.05,6,4609.3,11.1364,41.5,36,12.5728,5027.5,0.788573,3,24,0,0,,247.184,2087.77,0.997537,138.007,24.8663,False,False,3,2.4754,False,1,,,single,True,0.520975,True,A
7522,95342186,1,2610.18,1.5,9257.23,11.1308,8.16667,9,12.6313,5637.76,0.987906,3,24,0,0,,280.17,2201.35,0.976002,153.771,19.5784,True,False,8,2.4754,False,2,,,single,True,0.92494,True,B
7524,101623943,1,2614.7,6,3928.4,11.1307,115.5,26,11.0329,5465,0.874636,1.5,12,1,0,8.69919,6597.15,1371.67,0.98183,163.496,34.2146,False,False,1,0.870259,False,1,,,single,True,0.533449,True,A
7525,8794426,1,2611.09,3,6296.2,11.1299,4.66667,18,12.4755,5181,0.877797,1.25,10,1,0,1.87238,821.155,1903.96,0.996504,141.773,33.0521,True,False,2,1.56647,False,1,,,single,True,0.677783,True,B
7531,272757845,1,2610.82,12,956.986,11.1186,12,72,10.9909,6033,1.30626,3,24,0,0,,96.4711,765.461,0.893404,237.215,69.756,True,False,4,1.2377,False,1,,,single,True,0.393224,True,B
7532,85913978,1,2633.47,3,4153.08,11.1178,60.3226,18,12.0669,5686.97,1.12626,3,24,0,0,,190.637,1617.84,0.985672,137.69,23.8072,False,False,2,2.06928,False,1,,,single,True,0.706287,True,A
7537,233064353,1,2635.79,3,4544.85,11.1052,4.66751,18,11.0587,5349,0.878874,3,24,0,0,5.70392,1044.42,843.188,0.86404,270.409,65.3757,True,False,2,0.734885,False,1,,,single,True,0.576559,True,B
7549,155877220,1,2635.65,8,6022.26,11.0936,8.00747,48,11.8726,5616,1.26598,3,24,0,0,10.7264,2535.59,1377.69,0.996551,196.31,59.7304,True,False,2,0.83158,False,1,,,single,True,0.956014,True,B
7550,253035419,1,2611.33,12,5090.35,11.0922,12.1667,72,12.5749,6114,1.08326,3,24,0,0,12.5798,970.528,2308.2,0.898115,158.654,46.2327,True,False,3,0.63819,False,1,,,single,True,0.75208,True,B
7552,85322032,1,2635.66,8,6315.33,11.0913,7.84227,48,12.9173,5087.9,0.720632,3,24,0,0,6.35773,1246.22,2581.22,0.997447,163.442,32.5179,True,False,5,1.02497,False,1,,,single,True,0.557274,True,B
7553,159213459,1,2611.23,16,1253.79,11.0899,17.8333,96,11.2043,4879,0.820475,3,24,0,0,7.96863,254.79,810.374,0.971156,220.637,80.112,True,False,2,0.889598,False,1,,,single,True,0.282706,True,B
7561,232633414,1,2635.66,8,3098.61,11.0772,7.8407,48,11.6551,5845.02,1.32343,3,24,0,0,5.55562,496.711,1120.2,0.860208,269.454,57.9692,True,False,8,2.1273,False,1,,,single,True,0.716873,True,B
7564,4891371,1,2613.5,2,8146.9,11.0759,76.1667,12,12.8973,5227,0.757425,3,24,0,0,,228.647,2456.72,0.958763,147.388,29.9609,False,False,1,1.29572,False,1,,,single,True,0.665263,True,A
7565,155873261,1,2625.67,2,4434.79,11.0746,1.34177,12,10.2207,5673.42,2.40144,0.5,4,1,0,5.59491,32308.4,545.957,0.998093,196.25,55.4478,False,False,0,0.696207,True,1,,,single_partial,True,1.5562,True,B
7566,353939465,1,2611.93,24,1368.14,11.0745,35.5,144,12.4362,5635,0.964436,3,24,0,0,,178.533,1839.17,0.971141,272.239,57.835,False,False,2,1.46977,False,1,,,single,True,0.347134,True,A
7571,17188854,2,2611.11,24,969.258,11.0688,27.1667,144,11.5504,5404.53,1.12557,3,24,0,0,4.99859,212.702,1041.59,0.959962,144.929,40.8406,True,False,0,1.95325,False,2,,,single,True,0.340996,True,B
7574,302350927,1,2620.39,16,2429.36,11.0634,29.6678,96,12.8522,4498,0.637641,3,24,0,0,,283.19,2451.07,0.957416,168.422,59.0696,False,False,0,0.812241,False,1,,,single,True,0.30583,True,A
7576,356786657,1,2626.61,3,6350.83,11.0613,4.5052,18,12.3407,5446,0.835627,2,16,1,0,4.23605,1350.91,1489.28,0.992913,268.614,77.4882,True,False,5,1.45043,False,1,,4040.01,single,True,0.648015,True,B
7583,86019027,1,2621.43,3,2382.22,11.053,4.83258,18,11.2293,6366.89,1.73324,3,24,0,0,,118.286,894.259,0.993318,138.934,23.0432,True,False,5,1.62448,False,1,,,single,True,0.823204,True,B
7587,445830151,1,2635.64,8,9142.04,11.0512,8.33706,48,12.4577,5330,0.784828,3,24,0,0,9.88254,1403.05,1762.15,0.935029,173.077,52.2611,True,False,4,0.5,False,1,,,single,True,0.73022,True,B
7591,307958752,1,2635.01,1,7187.79,11.0444,23.4977,6,11.8311,4872.66,0.735345,0.75,6,1,0,4.27776,8676.63,1258.7,0.972148,148.929,29.37,False,False,0,1.10233,False,2,,,single,True,0.606662,True,A
7600,233740173,1,2626.2,4,3991.68,11.0286,6.33343,24,10.8374,4399,0.692412,3,24,0,0,5.97223,823.118,699.978,0.991774,278.178,62.8641,False,False,5,1.52779,False,1,,,single,True,0.425696,True,A
7609,353933051,1,2635.83,1.5,4682.64,11.0182,3.66763,9,11.0717,4961.56,1.10125,3,24,0,0,5.20834,246.87,1182.29,0.835143,157.664,39.519,True,False,2,0.599511,False,1,,,single,True,0.733312,True,B
7610,253036233,1,2610.36,1,9385.88,11.0157,3.5,6,10.3801,7049.58,1.4307,3,24,0,0,9.83975,640.364,849.732,0.749795,158.804,41.8902,True,False,3,0.5,False,1,,,single,True,1.34879,True,B
7614,103701020,1,2610.72,6,9180.31,11.0082,7,36,12.8849,5924,1.1898,3,24,0,0,12.7671,943.236,3111.66,0.885632,155.839,68.174,True,False,3,0.773563,False,2,,,single,True,1.10933,True,B
7616,20162851,1,2626.86,4,3318.22,11.0076,16.0031,24,12.105,5726.41,1.09037,3,24,0,0,,138.624,1376.85,0.997441,145.585,42.8564,True,False,0,1.56647,False,1,,,single,True,0.611201,True,B
7624,165368097,1,2612.76,3,4030.08,10.9964,67.5,18,11.8527,4952.8,0.769014,3,24,0,0,6.51049,230.661,1241.89,0.979428,158.486,27.9782,False,False,1,0.773563,False,1,,,single,True,0.47506,True,A
7625,241186205,1,2627.34,1,26853.6,10.987,0.836648,5,12.7856,3251,0.222247,3,24,0,0,10.4165,2923.35,3073.83,0.642669,141.646,31.0186,True,False,7,2.88152,True,2,,,single_partial,True,0.354401,True,B
7627,229712437,1,2626.27,6,879.76,10.9854,6.00274,36,9.5777,5855,1.18892,3,24,0,0,,45.7436,411.795,0.996644,278.603,69.0662,True,False,0,1.16034,False,1,,,single,True,0.343156,True,B
7630,377052490,1,2625.68,4,622.549,10.9818,5.99959,24,8.0494,5797,1.52314,3,24,0,0,10.6453,109.483,185.251,0.972262,285.008,56.9617,False,False,3,1.06365,False,1,,,single,True,0.369815,True,A
7631,66683055,1,2626.66,8,1164,10.9817,11.0029,48,8.5682,5046,0.818037,3,24,0,0,12.7672,3028.79,254.467,0.99912,155.024,56.6094,True,False,5,0.792902,False,1,,,single,True,0.271585,True,B
7636,141119430,1,2626.54,8,549.905,10.9787,8.00053,48,9.7211,6166,2.00387,3,24,0,0,,43.6384,396.519,0.995921,165.221,58.8468,True,False,3,0.541494,False,1,,,single,True,0.457268,True,B
7638,137727398,1,2634.1,24,811.49,10.9718,45.1657,144,11.8654,5529.24,0.861365,3,24,0,0,,136.056,1350.3,0.992981,173.692,59.8997,False,False,0,1.12167,False,1,,,single,True,0.238774,True,A
7643,284186915,1,2626.53,24,1552.11,10.9638,27.493,144,12.2231,3773,0.546799,3,24,0,0,9.8399,317.196,1621.66,0.994596,208.471,60.332,True,False,1,0.812241,False,1,,,single,True,0.209627,True,B
7645,459223565,1,2625.49,2,4254.92,10.9597,3.9937,12,11.24,5861,2.386,1.25,10,1,0,3.2853,1653.6,873.104,0.995811,201.998,60.322,False,False,1,0.734885,False,1,,,single,True,1.51451,True,A
7647,3906404,1,2633.5,2,15005.6,10.9586,0.502941,10,12.8306,5821.27,1.12146,3,24,0,0,12.9688,1633.58,2619.6,0.948477,151.289,24.7707,False,False,1,1.16034,True,1,,,single_partial,True,1.33681,True,B
7650,147560653,1,2626.48,6,2112.43,10.954,6.16881,36,11.235,6463,1.3051,3,24,0,0,4.40249,223.986,909.424,0.961767,163.575,62.0294,True,False,4,1.79853,False,1,,,single,True,0.583704,True,B
7660,330708123,1,2621.31,1,4509.86,10.9327,7.50002,6,11.3415,5909,1.20241,3,24,0,0,12.7707,158.328,967.611,0.994195,141.85,25.8765,True,False,4,2.78483,False,1,,,single,True,0.785763,True,B
7663,125530152,1,2612.54,24,1000.34,10.9267,39.3333,144,11.0895,5785,2.21594,3,24,0,0,1.52946,189.59,772.079,0.986303,144.871,26.3714,False,False,3,2.45606,False,1,,,single,True,0.682007,True,A
7664,219860722,1,2626.37,3,5564.5,10.9243,4.50053,18,11.7831,4236,0.738516,2.5,20,1,0,5.6534,1385.81,1159.6,0.995095,257.951,70.4896,True,False,1,0.966954,False,1,,,single,True,0.536081,True,B
7667,356684800,1,2632.42,1.5,8386.98,10.9207,85.6789,9,12.6574,5741.08,2.07826,3,24,0,0,1.5431,322.278,2162.1,0.987533,169.1,34.2127,False,False,1,0.5,False,1,,,single,True,1.85208,True,A
7668,171630910,1,2620.55,1.5,6454.5,10.9198,0.991848,9,11.8839,5598.9,1.99739,3,24,0,0,11.8847,294.052,1422.4,0.995809,158.489,18.612,False,False,0,1.46977,True,1,,,single_partial,True,1.56153,True,B
7669,357517055,1,2614.5,8,6604.43,10.9197,40,45,11.2325,5894,0.981077,2,16,1,0,10.5239,7526.42,1268.98,0.861863,267.933,75.3633,True,False,3,1.02497,False,1,,,single,True,0.775851,True,B
7670,27001032,1,2615.64,6,3331.62,10.9162,137.833,36,12.1184,6711,1.86873,3,24,0,0,,192.538,1611,0.997511,151.032,21.3473,False,False,4,1.74052,False,1,,,single,True,1.04962,True,A
7685,353853523,1,2621.42,4,3975.05,10.8911,4.8355,24,10.8714,5663,1.35468,3,24,0,0,3.11571,406.574,1121.58,0.723172,271.089,59.9191,True,False,2,1.27638,False,1,,,single,True,0.831124,True,B
7686,99936035,1,2626.4,3,4963.66,10.8878,4.66664,18,11.3808,5504,1.19754,2.5,20,1,0,5.81121,1531.71,1038.01,0.993911,169.678,60.5478,True,False,4,1.27638,False,1,,,single,True,0.82101,True,B
7687,203289537,1,2611.8,8,2359.99,10.8861,9,48,11.6282,5204,1.01032,3,24,0,0,8.77214,282.08,1296.16,0.908708,136.307,23.2403,False,False,4,1.2377,False,1,,,single,True,0.477608,True,A
7690,229539379,1,2626.84,8,4974.54,10.8802,33.1676,48,12.8307,5594,1.88021,3,24,0,0,,312.253,2461.37,0.841019,222.192,74.0447,True,False,2,1.12167,False,1,,,single,True,1.29045,True,B
7692,233501351,1,2635.58,8,782.105,10.878,9.66235,48,10.828,5671,1.04472,3,24,0,0,,74.7546,645.61,0.990012,250.607,74.6382,True,False,4,1.35374,False,1,,,single,True,0.284309,True,B
7693,233496435,1,2630.48,3,6439.05,10.8771,103.167,18,12.8484,6122,1.52571,3,24,0,0,7.3182,405.79,2391.62,0.908259,249.27,72.2882,False,False,1,1.06365,False,1,,,single,True,1.19135,True,A
7694,154491600,1,2626.49,6,1024.68,10.877,6.00257,36,10.2475,6124,1.12778,3,24,0,0,5.89941,159.904,505.366,0.988562,186.035,72.6238,True,False,1,1.75986,False,1,,,single,True,0.351299,True,B
7695,105439335,1,2635.81,2,3387.14,10.8768,4.1545,12,10.0334,4855,0.78699,3,24,0,0,4.33441,454.857,464.24,0.986766,142.349,43.2078,True,False,4,1.83721,False,1,,,single,True,0.445701,True,B
7696,229650375,1,2612.55,6,7961.86,10.8755,6,36,12.6757,3558,0.510661,2,16,1,0,5.92005,2241.35,2105.96,0.9215,280.886,74.7754,False,False,1,1.39241,False,1,,,single,True,0.443402,True,A
7698,149418570,1,2615.47,2,7134.66,10.8711,109.5,12,12.0814,6376.23,1.34637,3,24,0,0,1.69432,372.982,1462.84,0.975433,140.297,28.573,False,False,1,2.43672,False,1,,,single,True,1.10665,True,A
7699,219849568,1,2625.8,8,2543.26,10.8663,7.99936,48,11.9273,6014,1.25968,3,24,0,0,5.46649,357.065,1276.98,0.988802,255.932,68.7851,False,False,4,0.966954,False,1,,,single,True,0.618178,True,A
7702,229786007,1,2616.14,24,1508.64,10.8645,79.3333,144,12.1237,5798,2.18543,3,24,0,0,1.24439,292.736,1459.79,0.959155,283.636,70.9682,False,False,1,1.00563,False,1,,,single,True,0.826014,True,A
7703,232622617,1,2611.52,6,19313.1,10.8644,15.1667,36,11.9844,5367,1.05184,1.25,10,1,0,3.39062,4317.69,3933.93,0.963942,268.652,59.044,True,False,6,1.7792,False,1,,,single,True,1.42244,True,B
7704,103689631,2,2611.31,2,13535,10.8634,7.00008,12,11.0305,5433,2.11508,2,16,1,0,5.76377,2465.14,1478.34,0.994186,154.241,66.1542,True,False,4,0.676868,False,2,,,single,True,2.39449,False,B
7707,233498939,1,2635.62,8,2301.99,10.8574,8.83077,48,12.2256,5780,2.17284,3,24,0,0,8.88637,227.368,1535.86,0.970883,249.877,72.9386,True,False,3,1.14101,False,1,,,single,True,1.01446,True,B
7708,53478662,1,2611,12,1486.56,10.8572,12.6667,72,10.9904,6220.92,1.20845,3,24,0,0,10.6308,446.315,841.003,0.927592,161.92,48.8892,True,False,3,0.5,False,1,,,single,True,0.453396,True,B
7712,154070025,1,2610.6,6,7312.6,10.8565,6,36,12.9331,5686,1.07693,3,24,0,0,2.79245,625.159,2691.28,0.803825,207.982,66.9459,True,False,0,0.560833,False,1,,,single,True,0.89615,True,B
7718,219777074,1,2611.11,4,5245.18,10.8491,5,24,12.208,4842,0.76993,3,24,0,0,9.64487,873.389,1728.46,0.811343,263.794,60.7178,True,False,3,0.870259,False,1,,,single,True,0.542611,True,B
7719,142535800,1,2634.42,16,881.265,10.845,37.654,96,10.8957,4129,0.684505,3,24,0,0,9.67127,231.073,751.712,0.936104,164.766,75.0834,False,False,0,0.715546,False,1,,,single,True,0.197737,True,A
7726,232630748,1,2625.68,6,4241.77,10.8337,5.99481,36,12.4832,5524.91,0.818004,3,24,0,0,9.82654,789.658,1903,0.907333,269.243,55.4205,False,False,3,1.70184,False,1,,,single,True,0.518425,True,A
7727,376504642,1,2610.78,8,2932.07,10.833,8.5,48,11.7213,5669.92,0.915006,3,24,0,0,5.13065,529.32,1289.52,0.888706,182.331,47.5219,True,False,1,0.5,False,1,,,single,True,0.482135,True,B
7729,359387876,1,2626.16,6,2928.89,10.83,6.4954,36,12.0663,5446.61,0.83351,3,24,0,0,3.30231,341.289,1344.18,0.976784,267.926,57.3909,False,False,7,2.10796,False,1,,,single,True,0.438955,True,A
7733,284678893,1,2621.44,3,9022.73,10.8254,4.33936,18,12.8305,5994,1.54762,1.5,12,1,0,5.14869,3407.35,2262.39,0.993943,195.329,57.5248,True,False,0,0.928276,False,1,,,single,True,1.43051,True,B
7734,233537786,1,2635.79,3,2632.78,10.8243,4.66504,18,10.4733,5862,0.961839,0.75,6,1,0,5.95733,12628.6,603.126,0.980344,281.044,64.4759,True,False,2,1.6825,False,1,,,single,True,0.48025,True,B
7737,23973329,1,2635.83,1.5,4692.08,10.8215,3.8249,9,11.6562,5717.06,1.9271,3,24,0,0,0.79434,253.49,1192.92,0.813551,147.883,44.3952,True,False,5,1.45043,False,2,,,single,True,1.28453,True,B
7739,87974569,1,2614.36,24,2443.62,10.8196,97,126,12.4446,6644,1.20913,3,24,0,0,9.16663,893.905,2081.92,0.996173,146.605,23.7192,True,False,0,1.97259,False,1,,,single,True,0.58163,True,B
7740,407617497,1,2616.43,6,4291.64,10.8192,124.674,36,12.7535,5070.99,0.887457,3,24,0,0,,270.957,2310.26,0.981279,161.829,31.4329,False,False,1,1.74052,False,1,,,single,True,0.565739,True,A
7742,8818014,1,2617.73,2,3199.68,10.8174,93.4992,12,11.346,5901.04,2.18814,3,24,0,0,5.17643,283.647,946.048,0.99473,142.309,31.2759,False,False,0,2.41738,False,1,,,single,True,1.20444,True,A
7743,117508799,1,2619.59,2,2822.68,10.8148,48.832,12,11.1583,5689.61,1.05987,3,24,0,0,,97.7184,867.424,0.99346,138.257,25.21,False,False,3,2.45606,False,1,,,single,True,0.54795,True,A
7748,138711757,1,2626.52,8,1879.93,10.8103,7.99052,48,11.6672,5061,0.81281,3,24,0,0,5.93129,241.926,1200.87,0.993054,162.961,28.8545,True,False,3,1.02497,False,1,,,single,True,0.342939,True,B
7750,115858003,1,2610.63,1.5,2569.78,10.8081,3.83333,9,9.5544,6254.96,1.95316,3,24,0,0,4.09386,205.092,517.629,0.903089,157.828,43.5924,True,False,1,0.5,False,1,,,single,True,0.963482,True,B
7752,357045189,1,2614.95,4,27679.9,10.8075,3.00094,20,12.7949,3279,0.269295,1.5,12,1,0,4.11855,5794.19,5911.98,0.200526,274.328,56.0762,False,False,2,2.04994,False,1,,,single,True,0.435982,True,A
7753,16221628,1,2635.47,12,2676.05,10.8075,12.3305,72,12.846,5355,1.21235,3,24,0,0,,254.657,2491.51,0.972818,153.39,40.5899,True,False,1,0.812241,False,1,,,single,True,0.610285,True,B
7754,219895251,1,2635.66,8,2142.47,10.807,7.83415,48,11.5555,5933,1.054,3,24,0,0,4.22055,266.659,989.532,0.994568,262.994,67.3895,True,False,1,0.928276,False,1,,,single,True,0.47474,True,B
7756,165409207,1,2610.2,4,5512.11,10.8049,5.16667,24,12.658,5258,0.715602,3,24,0,0,5.41818,439.07,2135.06,0.96978,159.344,27.5325,True,False,4,1.04431,False,1,,,single,True,0.516997,True,B
7758,416520362,1,2611.31,1,15960.4,10.7977,3.66667,6,11.9061,5656.5,2.25493,3,24,0,0,10.3211,2533.01,1587.44,0.991026,157.785,56.9898,True,False,2,0.676868,False,1,,,single,True,2.77213,False,B
7763,4894726,1,2632.41,3,3573.58,10.7885,85.8279,18,12.0535,5094,0.710295,3,24,0,0,,197.115,1426.06,0.952737,147.764,35.3332,False,False,5,1.6825,False,1,,,single,True,0.413188,True,A
7764,1115573,1,2617.29,1.5,7960.15,10.7876,104.172,9,12.4864,3972,0.645107,3,24,0,0,5.93754,558.73,1995.84,0.974424,155.584,27.6923,False,False,0,0.5,False,1,,,single,True,0.56008,True,A
7767,239206132,1,2630.04,2,5936.49,10.7847,96.8293,12,12.4578,5846.31,1.85994,3,24,0,0,,217.897,2046.88,0.993099,149.386,21.7377,False,False,4,2.0306,False,1,,,single,True,1.39451,True,A
7770,424426940,1,2635.64,8,2527.93,10.7813,8.32242,48,12.1104,5069,0.841405,3,24,0,0,12.3401,243.576,1469.34,0.929826,281.571,77.5963,True,False,5,1.70184,False,1,,,single,True,0.411666,True,B
7781,141816678,1,2615.19,12,3475.66,10.7692,118.667,72,8.6325,6302,1.36147,3,24,0,0,12.8717,1601.19,587.882,0.861379,205.183,59.7286,False,False,0,0.63819,False,1,,,single,True,0.78106,True,A
7783,392368104,1,2635.66,8,1454.87,10.7624,7.84046,48,10.5691,3500,0.491199,3,24,0,0,3.38968,118.036,627.329,0.996566,170.836,44.8108,True,False,4,0.657529,False,1,,,single,True,0.182317,True,B
7788,115861501,1,2615.43,4,2470.09,10.7518,123.167,24,11.5387,5207.69,0.903599,3,24,0,0,,107.548,1014.83,0.978521,175.09,43.443,False,False,1,0.541494,False,1,,,single,True,0.437008,True,A
7791,229977510,1,2611.12,2,13753.7,10.7473,4,12,11.9247,4172,0.732155,1.25,10,1,0,2.84405,2817.92,4031.12,0.357176,290.11,62.2524,True,False,6,2.80417,False,1,,,single,True,0.835545,True,B
7792,27066683,1,2635.84,1.5,9991.23,10.745,3.67155,9,12.2273,5558,1.14021,3,24,0,0,4.50554,810.789,2303.97,0.808077,151.822,18.4236,True,False,5,1.39241,False,1,,,single,True,1.10905,True,B
7798,356538125,1,2635.73,6,5499.54,10.7277,6.15449,36,12.8394,5931,0.985259,3,24,0,0,2.71788,424.795,2713.5,0.908441,152.674,63.6942,True,False,5,0.85092,False,1,,,single,True,0.711003,True,B
7801,232611387,1,2626.47,12,4583.36,10.7237,12.1617,72,12.6981,3655,0.553724,3,24,0,0,12.521,984.243,2064,0.950855,258.867,60.0981,True,False,1,0.792902,False,1,,,single,True,0.36479,True,B
7803,233123113,1,2635.78,4,7695.72,10.7194,4.83414,24,12.2952,5887,2.36961,3,24,0,0,10.4601,1136.19,1639.07,0.855939,273.77,64.266,True,False,5,1.74052,False,1,,,single,True,2.02283,False,B
7804,414969526,1,2621.45,1.5,14403.3,10.7189,3.83342,9,12.9909,5177.51,0.774253,2,16,1,0,3.13004,1113.13,2886.93,0.959182,141.185,23.8432,True,False,8,2.64945,False,1,,,single,True,0.904216,True,B
7805,219873323,1,2625.59,1.5,2444.51,10.7188,3.66558,9,9.3752,5497,0.929724,0.5,4,1,0,5.54953,20031.9,392.852,0.976495,260.11,67.0612,False,False,3,0.986293,False,1,,,single,True,0.447309,True,A
7806,101624385,1,2626.54,8,573.111,10.7187,8.1574,48,9.29178,6123.25,1.15393,3,24,0,0,5.01878,51.992,315.669,0.999362,163.586,30.4827,True,False,1,1.10233,False,1,,,single,True,0.268817,True,B
7808,155207894,1,2633.88,1.5,6281.52,10.7145,50.4924,9,12.198,5892.38,1.27714,3,24,0,0,1.06925,288.846,1521.06,0.976744,144.925,34.1797,False,False,0,1.04431,False,4,,,single,True,0.984982,True,A
7811,159992260,1,2614.92,3,8147.87,10.7094,120.667,18,10.5315,6478,1.29077,3,24,0,0,3.25871,621.558,2733.02,0.588817,159.056,30.1173,False,False,2,1.2377,False,2,,,single,True,1.13378,True,A
7813,70655827,1,2610.05,4,7062.01,10.7084,5,24,12.9563,5887,1.95154,3,24,0,0,5.22924,718.835,2913.61,0.973567,155.161,17.457,True,False,2,1.14101,False,1,,,single,True,1.59588,True,B
7816,1101946,1,2628.13,1,1981.49,10.7022,50.4933,6,9.78524,6059,1.81988,3,24,0,0,4.21375,91.7572,438.152,0.999171,155.351,24.4148,False,False,2,1.87589,False,1,,,single,True,0.788309,True,A
7822,8150045,1,2626.35,6,4598.78,10.6836,6.1641,36,12.2008,3962,0.624422,3,24,0,0,5.91066,790.779,1635.29,0.988196,155.003,38.2072,True,False,2,0.5,False,1,,,single,True,0.412057,True,B
7827,367681643,1,2627.28,16,1980.44,10.6744,26.3342,96,11.9143,5471,1.22625,3,24,0,0,7.31819,630.767,1250.23,0.970774,247.071,72.6793,True,False,0,0.792902,False,1,,,single,True,0.531028,True,B
7828,236875481,1,2611.16,4,10246.2,10.6737,5,24,12.2136,4692,0.73213,2.5,20,1,0,8.34245,2683.72,1766.93,0.960983,303.041,65.5506,True,False,7,2.22399,False,1,,,single,True,0.721151,True,B
7830,147970397,1,2611.04,6,3261.74,10.6679,6,36,11.9563,4821,0.731691,3,24,0,0,7.71473,223.406,1368.26,0.945228,169.44,69.7281,True,False,4,1.50845,False,1,,,single,True,0.40664,True,B
7833,88723394,1,2627.49,24,955.687,10.6635,24.003,144,11.6683,6155,1.14063,3,24,0,0,5.57757,207.789,1147.2,0.968528,151.086,50.6948,True,False,5,0.754224,False,1,,,single,True,0.343131,True,B
7835,166074048,1,2635.73,6,871.359,10.6602,6.17431,36,9.01076,6374,1.22954,3,24,0,0,3.88789,104.49,320.467,0.933597,213.742,63.275,True,False,4,0.889598,False,1,,,single,True,0.353182,True,B
7837,282856763,1,2625.62,6,4423.81,10.6563,6.32683,36,12.4818,4852,0.718267,2.5,20,1,0,4.00071,803.256,1850.14,0.863766,222.219,62.2081,False,False,5,1.52779,False,1,,,single,True,0.464881,True,A
7841,450330601,1,2610.36,1.5,2657.12,10.6488,3.66667,9,10.6297,5959.63,1.34796,3,24,0,0,0.875621,113.165,639.404,0.921113,164.347,41.7622,True,False,6,1.29572,False,1,,,single,True,0.676145,True,B
7842,414967351,1,2621.38,6,8931.4,10.647,6.00031,36,12.9512,5801.87,1.92775,3,24,0,0,5.13328,1014.15,2877.27,0.976152,140.989,21.5577,True,False,5,1.04431,False,1,,,single,True,1.77283,True,B
7844,105440519,1,2611.66,16,3805.81,10.6455,16.1667,97,12.6649,6059,1.49551,3,24,0,0,12.4997,875.025,2648.74,0.944886,143.627,46.533,True,False,2,0.599511,False,1,,,single,True,0.89778,True,B
7846,149442967,2,2627.84,24,2651.45,10.6385,38.503,144,12.9327,4367.31,0.839314,3,24,0,0,0.947744,576.302,2754.73,0.945502,140.91,29.7336,False,False,4,2.93954,False,2,,,single,True,0.420556,True,A
7847,198538988,1,2625.69,6,2769.09,10.6382,5.99519,36,11.6936,4461,0.753623,2.5,20,1,0,4.55983,902.622,1019.57,0.98652,237.368,64.4256,False,False,0,0.83158,False,1,,,single,True,0.385905,True,A
7848,229739389,1,2611.16,4,2855.99,10.6361,5,24,10.7458,5700,0.970368,3,24,0,0,4.46923,465.141,644.355,0.987787,279.574,66.5097,True,False,4,1.29572,False,1,,,single,True,0.504629,True,B
7849,117417119,1,2621.36,6,1404.85,10.6294,6.33191,36,10.5598,6506,1.49034,3,24,0,0,4.2777,89.6977,607.128,0.988039,137.702,24.1757,True,False,4,2.08862,False,1,,,single,True,0.543572,True,B
7850,17326899,1,2621.38,4,4648.23,10.6287,6.0043,24,11.1057,5814.98,1.57399,3,24,0,0,3.13687,329.892,1148.5,0.829253,161.281,40.9775,True,False,1,0.754224,False,1,,,single,True,1.04425,True,B
7859,142981260,1,2626.57,8,2823.96,10.62,8.50259,48,12.6882,5540,0.940727,3,24,0,0,5.90437,381.626,2091.22,0.980198,182.144,71.6825,True,False,1,1.10233,False,1,,,single,True,0.486464,True,B
7860,232620850,1,2625.59,2,2025.09,10.6163,3.99512,12,9.1265,4672,0.743071,3,24,0,0,9.82653,462.063,296.672,0.994221,268.334,56.5262,False,False,3,1.70184,False,1,,,single,True,0.325395,True,A
7862,362217885,1,2635.48,12,1770.1,10.6144,12.1543,72,12.2274,6216,1.27596,3,24,0,0,,175.227,1611.78,0.923686,285.632,78.7273,True,False,3,0.696207,False,1,,,single,True,0.522389,True,B
7864,88691886,1,2610.43,6,3243.25,10.606,6.83333,36,11.9445,3881,0.597933,3,24,0,0,3.41279,311.457,1493.37,0.771295,149.196,42.5455,True,False,3,0.908937,False,1,,,single,True,0.33136,True,B
7865,219017764,1,2635.83,1.5,4927.63,10.6059,3.6676,9,10.3085,10416,1.94085,0.75,6,1,0,5.57821,15083.6,562.302,0.868105,223.802,70.4549,True,False,4,0.618851,False,1,,,single,True,1.32577,True,B
7866,230120156,1,2610.64,3,1630.49,10.6027,4.5,18,9.18972,8747,1.80563,3,24,0,0,5.55105,227.081,374.07,0.926474,249.967,67.634,True,False,3,1.37307,False,2,,,single,True,0.709488,True,B
7867,199682573,1,2610.7,6,3794.09,10.6014,6,36,11.9942,5380,0.843866,3,24,0,0,5.44242,563.206,1419.73,0.911822,252.46,59.8314,True,False,4,1.06365,False,1,,,single,True,0.505807,True,B
7868,389958927,1,2635.65,8,2450.11,10.6012,8.00655,48,12.3882,5412,0.93975,3,24,0,0,,192.993,1736,0.934802,275.964,56.1038,True,False,5,1.5858,False,1,,,single,True,0.45265,True,B
7870,166125977,1,2610.66,6,3620.67,10.5982,6,36,11.8417,6310,2.25694,3,24,0,0,3.58239,295.823,1300.25,0.849107,215.519,62.6053,True,False,6,1.3344,False,1,,,single,True,1.32151,True,B
7873,18018141,1,2635.83,1.5,5588.29,10.5948,3.67725,9,10.9629,6375,1.22328,3,24,0,0,0.839021,362.173,1110.99,0.921514,171.9,40.1705,True,False,6,1.2377,False,1,,,single,True,0.889863,True,B
7881,101549815,1,2611.86,2,8936.21,10.5886,11.3333,12,12.9377,6046,1.16667,3,24,0,0,5.34866,720.345,2621.74,0.988851,144.053,30.8717,False,False,5,1.83721,False,1,,,single,True,1.0732,True,A
7883,17192419,1,2635.77,4,5746.08,10.5872,5.15831,24,12.5374,5997.16,1.6363,1,8,1,0,2.84255,2510.77,1921.83,0.986549,145.354,38.0771,True,False,7,1.74052,False,1,,,single,True,1.207,True,B
7884,239204095,1,2618.92,3,4973.98,10.5848,1.17025,17,11.3056,6372,1.08408,3,24,0,0,7.19715,355.152,983.412,0.99668,149.122,22.8304,False,False,5,1.89523,True,1,,,single_partial,True,0.743997,True,B
7887,219872669,1,2625.71,6,4259.4,10.5805,6.49869,36,12.7305,6376,1.26077,3,24,0,0,4.40255,367.697,2193.52,0.906662,259.779,66.7224,False,False,3,1.02497,False,1,,,single,True,0.800695,True,A
7888,53479915,1,2631.43,3,5622.38,10.5795,109.331,18,12.7473,6113,1.13501,3,24,0,0,,281.595,2108.51,0.995244,162.335,52.7521,False,False,0,0.734885,False,1,,,single,True,0.828166,True,A
7894,445808607,1,2621.3,8,1620.35,10.5693,7.83622,48,11.4627,5889.21,2.00933,3,24,0,0,5.34144,239.513,1066.95,0.83582,167.78,52.5793,True,False,0,0.5,False,1,,,single,True,0.78707,True,B
7899,233635059,1,2610.79,8,3351.33,10.5625,10.5,48,11.9894,4584.15,0.775648,3,24,0,0,5.13331,360.938,1582.25,0.89655,145.914,23.9938,True,False,7,1.79853,False,1,,,single,True,0.436949,True,B
7901,286730531,1,2621.38,6,3009.73,10.5619,6.00125,36,12.2762,6380.68,2.47012,3,24,0,0,2.42136,243.649,1728.86,0.993139,143.197,21.7298,True,False,4,1.95325,False,1,,,single,True,1.31868,True,B
7903,284567259,1,2635.71,6,3863.04,10.56,6.66789,36,11.341,5452.66,0.854149,3,24,0,0,4.94125,851.608,927.739,0.994922,171.737,55.1087,True,False,3,0.5,False,1,,,single,True,0.516602,True,B
7906,159511772,1,2635.64,8,4077.83,10.5546,8.15658,48,11.994,4678,0.681096,3,24,0,0,4.42825,434.239,1309.18,0.96864,248.062,80.6637,True,False,4,1.43109,False,1,,,single,True,0.423234,True,B
7907,67393790,1,2615.11,1,6619.97,10.5533,125.167,6,11.9639,5546.19,0.864048,3,24,0,0,2.37248,208.679,1454.44,0.898983,154.881,32.4288,False,False,0,0.5,False,1,,,single,True,0.684106,True,A
7911,138659876,1,2611.54,8,8328.97,10.5472,13.6667,48,12.9355,5922.32,1.24828,3,24,0,0,12.5067,1338.93,3033.12,0.90812,136.181,26.1438,True,False,4,1.16034,False,1,,,single,True,1.10858,True,B
7917,356917894,1,2635.74,6,1769.58,10.5437,5.83924,36,10.6145,6313.86,1.33491,3,24,0,0,2.78166,157.264,702.301,0.933027,273.325,58.1811,True,False,4,1.66316,False,1,,,single,True,0.546443,True,B
7918,159244568,1,2610.66,4,2750.86,10.5436,5,24,11.0372,5244,0.800741,3,24,0,0,5.31818,341.124,821.396,0.948977,227.179,82.4472,True,False,3,1.17968,False,1,,2078.01,single,True,0.40868,True,B
7921,117505940,1,2635.64,8,4307.08,10.5422,8.3219,48,12.6596,4382,1.14337,3,24,0,0,,323.151,2456.52,0.914326,138.093,27.5417,True,False,7,1.85655,False,1,,,single,True,0.73019,True,B
7923,229595368,1,2611.35,6,2422.71,10.5381,6,36,10.4672,5989,1.0676,3,24,0,0,6.77072,366.545,732.271,0.755344,272.868,77.5482,True,False,5,1.5858,False,1,,,single,True,0.511348,True,B
7924,165550663,1,2610.62,3,3810.22,10.5378,4.5,18,9.96939,6497,1.63105,3,24,0,0,4.25815,358.016,800.129,0.822851,266.521,59.4034,True,False,4,1.48911,False,1,,,single,True,0.979715,True,B
7927,453430138,1,2635.77,4,4741.46,10.5282,5.15612,24,11.7528,4841.01,0.787482,3,24,0,0,9.81287,937.507,1285.42,0.98816,146.835,48.538,True,False,3,0.5,False,1,,,single,True,0.52766,True,B
7930,252467354,1,2626.78,8,4920.48,10.5265,9.66983,48,12.7367,5328.1,0.783643,3,24,0,0,,346.956,2469.25,0.919593,150.141,50.2642,True,False,3,0.657529,False,2,,,single,True,0.534909,True,B
7933,367853279,1,2635.48,12,2117.17,10.5254,12.1574,72,12.2406,5927,1.28522,3,24,0,0,,170.319,1601.25,0.825193,276.595,76.773,True,False,3,1.46977,False,1,,,single,True,0.575457,True,B
7936,243245841,1,2628.4,6,3583.61,10.5184,51.8374,36,12.1946,6557.08,1.71979,3,24,0,0,12.3956,476.457,1817.35,0.978929,136.811,23.3902,False,False,4,1.5858,False,1,,,single,True,1.00183,True,A
7937,88692888,1,2635.81,2,3483.15,10.516,4.32535,12,8.3089,5995,1.03496,1.5,12,1,0,6.37665,4505.3,315.252,0.661222,149.311,45.9028,True,False,2,0.676868,False,1,,,single,True,0.594384,True,B
7939,288161182,1,2625.8,8,3370.96,10.5146,8.17123,48,11.6554,4766,0.781595,3,24,0,0,10.6306,801.98,1135.97,0.93553,221.128,79.8188,False,False,2,0.85092,False,1,,,single,True,0.441587,True,A
7940,160533720,1,2634.53,24,383.191,10.5142,34.8276,144,10.1201,6018,1.28953,3,24,0,0,,50.4535,436.689,0.998602,241.049,76.5271,False,False,3,1.35374,False,1,,,single,True,0.245639,True,A
7941,148932246,1,2611.17,16,618.62,10.5141,17.1667,96,10.6826,5972,1.75604,3,24,0,0,,76.1621,668.524,0.996023,188.751,71.169,True,False,3,0.870259,False,1,,,single,True,0.425015,True,B
7944,198317515,1,2635.74,6,3438.85,10.511,5.84499,36,11.647,6151,1.23261,3,24,0,0,3.81215,383.783,1345.77,0.838583,234.413,60.4983,True,False,3,0.580172,False,1,,,single,True,0.70338,True,B
7952,88023282,1,2610.93,12,1971.93,10.5039,14.5,72,12.2234,5707,1.20404,3,24,0,0,5.34722,255.621,1709.17,0.990036,147.29,21.0692,True,False,6,2.16598,False,1,,,single,True,0.520288,True,B
7954,95339936,1,2635.33,16,3580.58,10.5025,15.8396,96,9.2873,5637,0.993202,2.5,20,1,0,12.5696,7291.03,321.84,0.999052,153.488,18.8802,True,False,6,1.87589,False,2,,,single,True,0.578325,True,B
7955,287080092,1,2632.87,6,525.524,10.5022,74.8411,36,8.80616,6114,1.26841,3,24,0,0,,29.8493,261.538,0.996779,243.489,63.5343,False,False,1,0.522155,False,1,1751.01,1751.01,single,True,0.282952,True,A
7958,27065973,1,2627.41,4,1194.49,10.4995,33.8278,24,10.2087,5910,0.973487,3,24,0,0,8.70375,114.868,500.675,0.96949,151.688,21.1176,True,False,2,1.79853,False,1,,,single,True,0.3274,True,B
7959,236784921,1,2625.79,8,4478.73,10.4944,7.99957,48,11.7726,5241,0.822753,3,24,0,0,9.81841,2428.67,1215.79,0.986208,283.103,58.3546,False,False,4,1.93391,False,2,,,single,True,0.535802,True,A
7961,236786350,1,2626.97,16,2728.94,10.494,34.8332,96,12.4678,6000,1.55638,3,24,0,0,9.80771,322.242,1959.13,0.939185,283.25,59.0664,True,False,4,1.87589,False,1,,,single,True,0.79117,True,B
7967,95361534,1,2635.81,3,5045.67,10.4883,4.34076,18,12.1122,6353,2.38167,3,24,0,0,4.50676,332.538,1892.99,0.929064,154.349,18.1585,True,False,5,1.64382,False,1,,,single,True,1.64626,True,B
7977,1551345500,1,2614.47,8,5014.93,10.4707,96.8333,45,11.2018,4415,0.615607,2.5,20,1,0,11.6131,5007.31,1474.6,0.293042,277.292,55.3132,True,False,2,2.22399,False,1,,1764.01,single,True,0.424222,True,B
7986,105575606,1,2635.48,12,1960.28,10.4595,12.1626,72,12.568,5889.98,1.1218,3,24,0,0,,242.446,1945.83,0.94803,153.029,42.9039,True,False,3,0.928276,False,1,,,single,True,0.483317,True,B
7987,236813634,1,2621.37,6,1698.93,10.4579,6.00048,36,11.2532,5765,1.46074,3,24,0,0,,122.555,888.669,0.963712,283.404,57.6746,True,False,2,1.87589,False,1,,,single,True,0.585892,True,B
7989,441642765,1,2610.55,3,5874.11,10.4558,4.5,18,11.4514,6057.85,1.29675,3,24,0,0,3.76743,555.555,1118.46,0.827629,210.102,58.7242,True,False,4,0.5,False,1,,,single,True,0.96713,True,B
7994,138504178,1,2610.74,6,3415.57,10.4519,6.16667,36,12.5347,5031,0.808847,3,24,0,0,,292.16,2048.5,0.967572,157.335,62.3983,True,False,1,1.62448,False,1,,,single,True,0.459997,True,B
7995,459799428,1,2635.56,8,1911.05,10.4517,10.1734,48,12.137,5520.49,0.806734,3,24,0,0,,171.436,1420.83,0.997891,176.612,50.4467,True,False,4,0.5,False,1,,,single,True,0.343181,True,B
7996,8279060,1,2635.53,6,3368.54,10.4492,7.50368,36,11.6893,5899.73,1.17311,3,24,0,0,8.03607,337.104,1550.8,0.851287,162.776,41.461,True,False,3,0.792902,False,1,,,single,True,0.662548,True,B
7997,165730561,1,2610.74,12,3736.46,10.4463,15.3333,72,12.9619,5858,1.04353,3,24,0,0,12.9446,507.651,2694.4,0.898311,164.451,35.5856,True,False,5,1.19902,False,1,,,single,True,0.620715,True,B
7998,160228265,1,2635.77,4,7075.11,10.4461,5.1575,24,12.6527,5433,0.824645,3,24,0,0,6.02421,835.204,2080.34,0.887712,181.787,75.5094,True,False,7,1.95325,False,1,,,single,True,0.67498,True,B
8007,233055558,1,2621.38,6,2831.45,10.435,5.8351,36,12.0114,3812,0.607712,3,24,0,0,9.82111,607.429,1389.36,0.88312,269.261,61.9659,True,False,3,0.85092,False,1,,,single,True,0.314673,True,B
8008,258918573,1,2612.58,3,5912.36,10.4349,4.5,18,11.3968,5788,0.853387,3,24,0,0,5.61666,1015.39,901.725,0.972262,288.467,70.0179,False,False,4,1.97259,False,1,,,single,True,0.638534,True,A
8009,219879716,1,2635.71,6,3099.02,10.4349,6.5018,36,11.4297,4369,0.623,3,24,0,0,5.55104,738.704,925.484,0.990496,261.136,66.7611,True,False,3,0.812241,False,1,,,single,True,0.337487,True,B
8011,23993668,1,2621.38,6,3048.5,10.4333,6.00333,36,11.6901,6140,1.30979,3,24,0,0,3.21355,296.164,1274.96,0.893829,163.068,46.7222,True,False,2,1.02497,False,1,,,single,True,0.703724,True,B
8012,257060831,1,2625.7,4,1340.99,10.4316,5.83325,24,9.10553,6567,1.80285,3,24,0,0,12.7639,187.61,360.726,0.65824,227.322,72.4546,False,False,1,0.657529,False,1,,,single,True,0.642435,True,A
8013,171599677,1,2621.41,1,2811.64,10.4294,5.174,6,10.5278,5953,1.72723,3,24,0,0,0.556302,125.673,623.943,0.958681,156.87,21.5408,True,False,1,1.14101,False,1,,,single,True,0.891225,True,B
8014,232609445,1,2635.64,8,1293.32,10.4283,8.33663,48,11.4244,4976,0.778334,3,24,0,0,,125.684,944.824,0.993133,258.633,65.7139,True,False,4,0.928276,False,1,,,single,True,0.272381,True,B
8017,229591704,1,2635.44,12,2153.64,10.426,12.991,72,12.5399,5428,1.00503,3,24,0,0,12.0311,502.131,1911.24,0.845801,272.628,77.1152,True,False,4,1.70184,False,1,,,single,True,0.453861,True,B
8021,233072305,1,2610.7,6,2743.49,10.4215,6,36,11.6081,5851,0.905766,3,24,0,0,10.4283,246.58,1186.82,0.844594,271.018,60.2284,True,False,6,1.27638,False,1,,,single,True,0.461663,True,B
8026,86069772,1,2634.69,1.5,9028.03,10.4157,31.1579,8,12.6108,5589.01,1.725,3,24,0,0,3.66562,390.024,2232.86,0.972906,139.687,23.5178,False,False,3,2.26267,False,1,,,single,True,1.59494,True,A
8028,117506106,1,2634.72,6,2574.19,10.4134,30.3221,36,11.8294,5581.65,2.26295,3,24,0,0,,141.289,1362.76,0.957403,138.096,26.7797,False,False,2,2.01126,False,1,,,single,True,1.11726,True,A
8033,53482184,1,2635.74,6,3144.23,10.4084,6.00881,36,11.2166,4797.06,1.10272,1.5,12,1,0,8.53022,5997.89,894.037,0.996877,180.431,50.2729,True,False,3,0.5,False,1,,,single,True,0.601699,True,B
8037,87975095,1,2621.29,8,4739.32,10.4,8.00274,48,12.6368,5246,1.89859,3,24,0,0,0.759367,516.159,2427.13,0.884408,146.663,21.564,True,False,6,2.70747,False,1,,,single,True,1.27188,True,B
8040,302652954,1,2610.48,4,5391.75,10.3958,10,24,12.5023,5447.57,1.13848,3,24,0,0,3.71031,576.662,2009.39,0.94908,152.053,33.3524,True,False,4,1.00563,False,1,,,single,True,0.813481,True,B
8041,353935991,1,2610.66,4,2284.18,10.3957,5.16667,24,11.1867,6313.29,2.24009,3,24,0,0,3.98984,155.364,889.509,0.912812,272.033,57.8123,True,False,5,1.43109,False,1,,,single,True,1.04181,True,B
8043,147643985,1,2635.74,6,3237.65,10.3913,5.83667,36,12.1785,6093,2.14582,3,24,0,0,9.70892,245.028,1569.23,0.998546,185.311,60.36,True,False,1,0.522155,False,1,,,single,True,1.18813,True,B
8045,356107843,1,2626.19,6,2338.63,10.3864,5.99468,36,11.5388,5656.46,1.46727,3,24,0,0,5.21999,212.373,1031.77,0.965275,261.214,58.65,False,False,5,0.966954,False,1,,,single,True,0.690476,True,A
8047,258826571,1,2635.64,8,3034.68,10.3856,8.15961,48,11.9712,5775,1.05161,3,24,0,0,3.56793,321.44,1304.13,0.966346,287.397,70.329,True,False,2,1.95325,False,1,,,single,True,0.563726,True,B
8049,16163788,1,2610.14,1.5,5518.46,10.3852,3.83333,9,12.177,5815.97,1.22868,3,24,0,0,0.797544,330.255,1555.53,0.9159,152.737,36.6285,True,False,4,1.00563,False,1,,,single,True,0.888189,True,B
8053,4993349,1,2635.77,4,4132.79,10.3796,5.16491,24,11.4598,5161.06,0.797735,3,24,0,0,4.75307,677.822,1026.57,0.979649,149.856,30.1025,True,False,4,0.908937,False,1,,,single,True,0.499043,True,B
8054,99271054,2,2614.88,2,5049.61,10.3787,108.667,10,11.24,5935,0.845035,3,24,0,0,4.57969,418.804,1197.58,0.853273,169.683,38,False,False,3,0.83158,False,2,,,single,True,0.584334,True,A
8058,229539384,1,2635.48,12,1105.11,10.3734,12.1637,72,11.1434,4812,0.722033,3,24,0,0,8.50922,128.274,853.489,0.984171,222.196,74.0608,True,False,6,1.12167,False,1,,,single,True,0.23357,True,B
8060,16815711,2,2635.83,1.5,6354.9,10.3727,3.82311,9,11.4471,4631,1.06679,3,24,0,0,12.6908,978.397,1242.64,0.81315,142.692,37.168,True,False,6,2.20466,False,2,,,single,True,0.827543,True,B
8066,148679356,1,2610.46,6,1853.27,10.3665,6,36,10.501,6897.86,1.74433,3,24,0,0,0.799938,175.768,716.972,0.888424,172.066,47.4242,True,False,3,0.754224,False,1,,,single,True,0.730728,True,B
8067,98370692,1,2617.15,6,4258.83,10.3664,107.335,36,12.8614,5707.53,1.00472,3,24,0,0,,279.811,2442.77,0.815623,147.058,29.4832,False,False,0,1.50845,False,1,,,single,True,0.638039,True,A
8073,453445852,1,2610.63,1.5,1339.7,10.3597,3.83333,9,8.87827,5818,1.26645,3,24,0,0,0.957065,90.3539,312.96,0.980164,148.139,48.1952,True,False,3,0.5,False,1,,,single,True,0.451076,True,B
8075,67958778,1,2635.73,6,2694.25,10.3576,6.15418,36,11.3858,5639.61,1.01443,3,24,0,0,4.95962,237.643,1111.2,0.993696,143.264,46.7938,True,False,3,0.5,False,1,,,single,True,0.512388,True,B
8076,154087068,1,2635.8,3,3886.19,10.3558,4.33489,18,11.0985,5001,0.743776,3,24,0,0,8.544,1343.77,842.919,0.991423,208.689,68.5628,True,False,3,0.522155,False,1,,,single,True,0.451192,True,B
8077,160005674,1,2635.48,12,1363.41,10.3543,12.1689,72,11.642,5709.49,1.56803,3,24,0,0,,154.381,1195.39,0.95339,162.636,43.818,True,False,4,1.17968,False,1,,,single,True,0.56341,True,B
8080,148839381,1,2626.54,8,4854.64,10.3515,8.16999,48,12.9891,4964,0.858101,3,24,0,0,,334.216,3054.71,0.930208,163.42,65.3004,True,False,5,1.21836,False,1,,,single,True,0.581801,True,B
8082,105484087,1,2611.63,16,2500.17,10.3501,16.3333,97,12.0537,5606.93,1.70749,3,24,0,0,1.5085,361.988,1632.6,0.926312,143.716,46.6766,True,False,2,0.5,False,1,,,single,True,0.830807,True,B
8083,386883962,1,2611.08,1.5,11518.8,10.3482,3.83333,9,12.6494,6050.74,1.95934,1.5,12,1,0,1.84331,844.925,2714.16,0.804568,136.961,23.5399,True,False,1,1.62448,False,1,,,single,True,2.0463,False,B
8086,95361305,1,2635.74,6,3803.51,10.3471,5.84026,36,12.3915,6141,1.25232,3,24,0,0,,218.183,2006.77,0.970288,154.34,19.377,True,False,8,2.0306,False,2,,,single,True,0.751563,True,B
8087,372729710,1,2635.83,1.5,2082.55,10.3462,3.83133,9,9.9507,6395.1,1.4431,3,24,0,0,5.18887,126.181,511.63,0.882816,152.288,36.2902,True,False,2,1.10233,False,1,,,single,True,0.640843,True,B
8088,157834615,1,2614.86,4,3719.11,10.3457,117.167,19,12.216,5798.46,1.31397,3,24,0,0,10.0026,247.705,1529.59,0.988606,149.619,43.1514,False,False,1,0.928276,False,1,,,single,True,0.779763,True,A
8089,198554903,1,2625.77,8,2521.48,10.3434,7.99391,48,12.6286,4682,0.740739,3,24,0,0,,238.521,1697.46,0.98162,237.836,62.2792,False,False,1,1.14101,False,1,,,single,True,0.361951,True,A
8092,445856324,1,2621.39,4,3759.48,10.3397,5.49711,24,10.3971,5976,1.45873,2,16,1,0,2.50135,543.221,885.079,0.83014,200.447,79.0475,True,False,1,0.908937,False,1,,,single,True,0.870355,True,B
8094,424461526,1,2635.74,6,2854.36,10.3396,5.83517,36,10.8389,4954,0.71591,3,24,0,0,10.2547,676.128,700.432,0.987341,279.819,60.2988,True,False,6,1.19902,False,1,,,single,True,0.372195,True,B
8096,356644039,1,2619.27,3,3628.16,10.338,56.5067,18,12.1029,6565.01,1.68326,3,24,0,0,,152.442,1473.85,0.994569,161.265,31.8615,False,False,4,1.72118,False,1,,,single,True,0.986624,True,A
8102,356701658,1,2611.93,12,1251.73,10.3226,20,72,11.1575,5735,1.00789,3,24,0,0,1.82955,129.946,802.642,0.983033,254.924,71.0797,False,False,0,0.792902,False,1,,,single,True,0.346998,True,A
8103,285004803,1,2610.76,2,9479.25,10.3219,1.16676,12,12.9488,5941.6,1.27326,3,24,0,0,,422.12,2915.12,0.964834,138.505,24.2681,True,False,8,2.18532,True,1,,,single_partial,True,1.20632,True,B
8104,171603683,1,2635.81,3,6447.66,10.3193,4.34226,18,12.2823,5819,1.14269,3,24,0,0,4.664,387.602,1897.61,0.818672,158.228,23.1732,True,False,4,0.618851,False,1,,,single,True,0.892867,True,B
8107,232977322,1,2610.58,6,4192.65,10.3123,6,36,12.2519,6427,1.23741,3,24,0,0,3.81388,296.987,1677.98,0.896308,218.051,64.8743,True,False,7,1.70184,False,2,,,single,True,0.779678,True,B
8110,4893609,1,2614.34,24,1298.08,10.3075,96.5,128,12.2801,5741.11,1.45522,3,24,0,0,,243.413,1679.16,0.948453,147.544,30.3309,True,False,4,1.54713,False,1,,,single,True,0.510195,True,B
8112,219807052,1,2614.49,16,4493.85,10.3051,86.8333,82,11.9234,3146,0.343447,3,24,0,0,6.60825,1442.35,1338.85,0.916452,266.549,60.4063,True,False,0,1.29572,False,1,,,single,True,0.22404,True,B
8115,149416676,1,2616.14,3,4751.9,10.3012,0.499707,12,10.7216,5511.65,0.81903,3,24,0,0,7.38346,800.314,705.755,0.995389,140.185,28.6545,False,False,2,2.45606,True,1,,,single_partial,True,0.549403,True,B
8118,173007564,1,2635.83,2,2317.76,10.2956,3.8442,12,10.3348,6808.19,1.608,3,24,0,0,8.6946,128.604,665.945,0.84808,164.72,30.7834,True,False,3,1.25704,False,1,,,single,True,0.753318,True,B
8119,311629301,1,2626.43,6,4029.34,10.2951,6.16555,36,12.5612,3850,0.565098,3,24,0,0,3.35708,427.365,2150.67,0.865306,160.191,49.3229,True,False,2,0.5,False,1,,,single,True,0.349058,True,B
8120,259238680,1,2635.77,4,2659.44,10.2946,5.15743,24,11.8569,5912,0.836206,3,24,0,0,3.64262,234.314,1273.54,0.9194,293.015,71.1915,True,False,3,1.62448,False,1,,,single,True,0.419629,True,B
8121,88047662,1,2627.21,6,3640.02,10.2923,1.83541,30,11.3704,6342,1.44123,1.25,10,1,0,2.10382,773.848,970.158,0.988017,147.504,23.5937,True,False,2,1.70184,True,1,,,single_partial,True,0.846141,True,B
8122,441813931,1,2611.68,6,4263.37,10.2915,6,36,11.5209,6183,1.46827,3,24,0,0,6.68008,508.641,1521.52,0.54248,267.379,77.0032,True,False,1,1.29572,False,1,,,single,True,0.93291,True,B
8125,289750598,2,2611.47,12,2193.38,10.2867,13,72,12.2513,5927,0.942887,3,24,0,0,8.95079,594.785,1595.7,0.967616,160.088,58.8219,True,False,4,0.986293,False,2,,,single,True,0.429708,True,B
8128,117417602,1,2615.61,2,4588.22,10.2831,0.83323,11,10.9634,5365.58,1.9766,3,24,0,0,2.4679,445.025,814.476,0.993766,137.637,26.5286,False,False,2,1.75986,True,1,,,single_partial,True,1.30286,True,B
8129,173006521,1,2635.47,12,2100.36,10.2828,12.331,72,12.8282,6166,1.17662,3,24,0,0,,250.588,2289,0.988713,151.038,34.6341,True,False,3,1.48911,False,1,,,single,True,0.524735,True,B
8131,289729002,1,2635.73,6,1487.35,10.281,6.15943,36,11.0081,6068,0.909777,3,24,0,0,3.91488,147.439,803.214,0.962318,159.538,59.2635,True,False,6,1.19902,False,1,,,single,True,0.341427,True,B
8132,198420316,1,2635.72,3,6558.51,10.2797,6.34444,18,12.1738,5428.48,0.79421,2.5,20,1,0,4.83716,1161.71,1447.93,0.994952,261.698,56.4456,True,False,6,1.52779,False,1,,,single,True,0.625886,True,B
8135,101576168,1,2612.87,24,1392.23,10.2708,37.5,144,12.4341,6353.66,1.68157,3,24,0,0,,252.674,1774.11,0.99704,144.199,31.5251,False,False,1,1.64382,False,1,,,single,True,0.610559,True,A
8136,171598518,1,2628.93,2,2581.44,10.2662,70.1579,12,11.171,6037,1.10355,3,24,0,0,,96.2187,843.159,0.981878,156.762,19.8645,False,False,1,1.5858,False,1,,,single,True,0.545607,True,A
8138,233085306,1,2626.2,8,2463.37,10.2635,7.99981,48,12.2382,5320,1.3699,3,24,0,0,9.6608,393.815,1510.33,0.950031,272.018,65.025,False,False,0,1.00563,False,1,,,single,True,0.661623,True,A
8139,307958740,1,2634.72,3,6108.53,10.2631,30.3311,18,12.8754,5837.16,1.34659,3,24,0,0,,290.383,2488.11,0.991034,148.993,29.2865,False,False,1,1.12167,False,1,,,single,True,1.02414,True,A
8141,70666067,1,2626.58,2,2323.47,10.2597,13.8246,12,10.7778,5716.59,0.894648,3,24,0,0,5.02812,173.631,681.195,0.999386,155.4,17.2596,True,False,2,1.25704,False,1,,,single,True,0.419642,True,B
8142,330755646,1,2626.79,4,5311.77,10.2596,15.5,24,12.813,6254.69,1.74447,3,24,0,0,5.1069,366.491,2432.28,0.993269,144.337,25.1384,True,False,2,2.45606,False,1,,,single,True,1.2372,True,B
8144,356583011,1,2635.73,6,3755.92,10.2563,6.15652,36,12.5351,4379,0.661337,3,24,0,0,,260.088,2008.97,0.981552,154.499,60.4435,True,False,3,0.754224,False,1,,,single,True,0.394401,True,B
8145,198212295,1,2625.6,2,3567.97,10.2542,3.99477,12,10.726,5269,0.847072,2,16,1,0,4.4026,1547.11,631.273,0.942111,248.238,62.2301,False,False,3,0.676868,False,1,,,single,True,0.492366,True,A
8146,406759297,1,2610.37,1.5,3078.83,10.2541,3.66667,9,10.7742,5842,0.861578,3,24,0,0,0.840606,170.027,739.771,0.879127,170.14,42.5244,True,False,2,0.715546,False,1,,,single,True,0.465205,True,B
8149,199522744,1,2611.01,12,1706.65,10.2495,13.5,72,11.3846,3532,0.537845,3,24,0,0,5.55113,542.923,1016.66,0.997997,239.75,60.1611,True,False,0,0.5,False,1,,,single,True,0.216215,True,B
8150,353870475,1,2625.59,2,7900.65,10.2454,3.99476,12,11.9349,4890,0.809509,3,24,0,0,9.82655,1914.96,1372.26,0.945982,271.308,54.1832,False,False,4,1.81787,False,1,,,single,True,0.700181,True,A
8151,445808140,1,2614.88,1.5,3364.37,10.2441,112.167,9,10.0784,7713.01,1.9072,3,24,0,0,,255.481,2968.5,0.977464,167.713,50.0663,False,False,0,0.502816,False,1,,,single,True,1.07648,True,A
8153,88659908,1,2635.81,2,4706.15,10.2434,4.16355,12,11.7035,5877,1.51641,3,24,0,0,1.32227,273.868,1344.61,0.847529,152.503,39.4365,True,False,2,0.812241,False,1,,,single,True,1.01229,True,B
8154,359589748,1,2621.37,6,893.019,10.2417,6.00136,36,9.41785,5831,1.13944,3,24,0,0,4.91323,149.392,348.768,0.978284,279.955,57.0994,True,False,3,1.16034,False,1,,,single,True,0.331344,True,B
8158,155632572,1,2635.72,6,3289.85,10.2307,6.32255,36,11.5411,5561,0.92145,1.25,10,1,0,3.44322,2078.42,993.646,0.994342,198.698,80.2972,True,False,4,0.676868,False,1,,,single,True,0.514301,True,B
8159,87955955,1,2611.45,1.5,8084.07,10.2306,27,9,12.6717,6046,1.26205,3,24,0,0,,258.69,2334.43,0.981061,146.103,22.2722,True,False,5,2.5721,False,2,,,single,True,1.1042,True,B
8160,165989801,1,2611.03,1.5,14583.1,10.2304,3.66667,9,12.2313,6037,0.911963,3,24,0,0,8.35424,1972.74,1712.95,0.808623,210.799,64.9088,True,False,1,0.541494,False,1,,,single,True,1.07166,True,B
8161,3907633,1,2610.09,1.5,4734.02,10.2295,3.83333,9,11.0903,5622,1.00463,3,24,0,0,3.16735,425.212,1028.66,0.801495,151.534,29.0241,True,False,3,1.02497,False,1,,,single,True,0.672633,True,B
8162,230073755,1,2635.49,12,5702.62,10.2294,11.8365,72,12.8589,5637,0.922853,3,24,0,0,5.5761,1108.84,2409.11,0.878389,243.959,67.936,True,False,1,0.773563,False,1,,,single,True,0.678152,True,B
8165,92023534,1,2621.29,8,3092.34,10.227,8.00191,48,12.4166,6151.16,1.21193,3,24,0,0,,277.113,1969.04,0.981193,145.465,23.632,True,False,5,1.89523,False,1,,,single,True,0.655811,True,B
8166,417867393,1,2626.55,8,1668.81,10.224,8.33683,48,11.5599,5917,2.51587,3,24,0,0,,135.289,1036.66,0.990052,161.715,64.6165,True,False,7,1.56647,False,1,,,single,True,1.00011,True,B
8168,148909652,1,2611.19,12,1302.31,10.2168,17.5,72,11.697,6198,1.65038,3,24,0,0,,145.618,1167.29,0.987769,185.661,70.123,True,False,5,1.04431,False,1,,,single,True,0.579561,True,B
8169,233635396,1,2619.1,4,1674.49,10.2167,60.6683,24,10.49,6042.4,1.46106,3,24,0,0,,81.4778,614.59,0.997788,145.964,26.1962,False,False,1,2.26267,False,1,,,single,True,0.58179,True,A
8177,233197765,1,2611.11,6,4695.12,10.2055,6,36,12.0296,5893,1.53189,3,24,0,0,9.46849,700.691,1512.98,0.863953,264.751,67.4006,True,False,3,1.27638,False,1,,,single,True,1.02143,True,B
8178,229740499,1,2635.5,8,3226.96,10.2052,11.6624,48,10.3332,6305,1.72656,1.5,12,1,0,2.84405,874.499,1707.87,0.617746,279.448,68.8197,True,False,2,1.3344,False,1,,,single,True,0.954412,True,B
8179,139382242,1,2628,3,4609.68,10.2037,43.3374,18,12.2116,6101.41,1.186,3,24,0,0,5.55394,306.443,1725.13,0.835571,139.371,31.6692,False,False,2,1.87589,False,1,,,single,True,0.78357,True,A
8181,237214359,1,2611.27,2,2486.23,10.2003,4,12,10.0465,6823,2.02362,3,24,0,0,10.3673,452.008,589.161,0.837002,295.046,74.7913,True,False,3,1.16034,False,1,,,single,True,0.981878,True,B
8184,219878540,1,2611.35,6,1786.06,10.1988,6,36,10.4482,5641,0.851288,3,24,0,0,6.77081,322.613,704.276,0.876679,261.068,70.62,True,False,1,1.08299,False,1,,,single,True,0.350092,True,B
8185,154966533,1,2635.69,4,5571.4,10.198,7.15921,24,11.6794,4172,0.709853,2.5,20,1,0,4.33304,1012.04,1214.56,0.996773,142.187,26.215,True,False,10,3.17161,False,1,,,single,True,0.515594,True,B
8186,63307068,1,2616.13,3,7646.53,10.1961,132.009,18,12.9917,6106.25,2.16012,3,24,0,0,5.44715,458.277,3028.35,0.988775,158.125,16.4535,False,False,1,0.715546,False,1,,,single,True,1.83809,True,A
8191,232541466,1,2635.63,8,931.462,10.1901,8.50576,48,10.2389,6164,1.80431,3,24,0,0,5.83181,84.5729,568.723,0.879253,228.38,66.0756,True,False,1,1.27638,False,1,,,single,True,0.53586,True,B
8194,264173786,1,2635.65,6,2444.36,10.1827,7.98975,36,8.4421,5214,0.883768,3,24,0,0,4.63469,425.467,240.938,0.961538,294.473,71.5429,True,False,4,1.6825,False,1,,,single,True,0.425186,True,B
8195,232978977,1,2625.62,8,4692.86,10.1827,7.99532,48,12.8412,4436,0.60112,3,24,0,0,9.86121,835.288,2272.51,0.83366,218.449,65.0093,False,False,3,1.72118,False,1,,,single,True,0.400717,True,A
8197,137834563,1,2610.51,3,5947.71,10.1799,4.5,18,12.6278,4999,0.679507,2,16,1,0,3.66575,958.882,2230.04,0.811191,226.143,59.8904,True,False,4,0.83158,False,1,,,single,True,0.509948,True,B
8209,203286381,1,2627.81,12,5311.1,10.1668,14.3384,72,12.9926,7274,1.68977,3,24,0,0,12.0171,1202.43,3144.9,0.980597,136.096,23.7359,False,False,2,1.35374,False,1,,,single,True,1.19833,True,A
8212,29190412,1,2619.99,1.5,8841.29,10.1649,39.3333,6,12.5849,5568.55,0.965861,3,24,0,0,,219.02,2168.42,0.911375,151.557,46.4512,False,False,0,0.5,False,1,,,single,True,0.883751,True,A
8213,1043379,1,2626.17,2,4160.04,10.1628,3.99416,12,9.8709,4514,0.869687,1.5,12,1,0,5.94228,3669.44,863.76,0.891044,154.126,25.2894,False,False,1,1.43109,False,1,,,single,True,0.545845,True,A
8214,219867078,1,2626.39,4,3837.91,10.1602,5.00063,24,11.1545,5030,0.82217,2,16,1,0,4.28998,1290.28,929.729,0.722886,259.077,70.4394,True,False,2,1.14101,False,1,,,single,True,0.49564,True,B
8218,159511794,1,2635.64,8,3193.58,10.1486,8.15653,48,12.3035,6451,1.40645,3,24,0,0,1.25529,364.477,1569.24,0.982102,248.282,80.7569,True,False,4,1.52779,False,1,,,single,True,0.773429,True,B
8220,307907602,1,2611.14,2,12106.9,10.1467,4.16667,12,12.8537,6425,1.35577,1.5,12,1,0,2.84323,1289.07,2626.22,0.878167,141.022,30.0055,True,False,7,2.9202,False,1,,,single,True,1.45165,True,B
8221,239200221,1,2635.74,6,1272.43,10.1453,6.00052,36,10.7616,5961,1.08823,3,24,0,0,0.256821,106.68,666.191,0.975333,148.715,21.8221,True,False,7,2.32069,False,1,,,single,True,0.377742,True,B
8227,252800905,1,2615.33,24,3864.69,10.1359,122.833,129,12.549,4586.15,0.976075,3,24,0,0,2.43188,464.139,1994.96,0.994459,165.995,47.3611,False,False,1,0.696207,False,1,,,single,True,0.59047,True,A
8229,27066880,1,2619.86,4,2470.09,10.1332,42.339,24,11.5266,6380,1.86799,3,24,0,0,5.94228,261.503,1090.62,0.994851,151.876,19.3566,False,False,1,1.72118,False,1,,,single,True,0.903418,True,A
8230,159634499,1,2610.53,4,981.816,10.1323,5,24,7.89505,7635,2.21659,3,24,0,0,3.88789,115.258,190.149,0.961908,220.915,62.5633,True,False,5,1.45043,False,1,,,single,True,0.675862,True,B
8234,359495941,1,2620.41,2,4918.77,10.1273,29.1689,12,12.1784,5967,1.36422,3,24,0,0,10.6454,339.001,1591.69,0.932357,279.165,54.7419,False,False,1,1.17968,False,1,,,single,True,0.931044,True,A
8235,424462265,1,2635.69,6,3668.34,10.127,7.00088,36,11.689,4639,0.764052,3,24,0,0,5.96562,885.595,1460.53,0.808031,279.822,61.6092,True,False,5,0.908937,False,1,,,single,True,0.450314,True,B
8237,85979212,1,2631.62,2,1723.74,10.1254,104.823,12,10.1777,6193.15,2.5648,3,24,0,0,3.77445,112.694,481.607,0.984065,138.098,23.7236,False,False,0,2.1273,False,1,,,single,True,1.03621,True,A
8247,232620511,1,2635.8,3,4024.21,10.1078,4.34302,18,9.66156,5583,0.916303,3,24,0,0,9.82654,766.919,356.906,0.985902,268.489,55.732,True,False,6,1.72118,False,1,,,single,True,0.565636,True,B
8250,372680430,1,2614.46,12,3486.06,10.1032,107.5,67,10.9577,5316,0.791422,1.5,12,1,0,6.50161,3552.98,1171.94,0.904765,141,39.793,True,False,8,2.76549,False,1,,,single,True,0.454708,True,B
8251,173002464,1,2626.25,1.5,5819.15,10.1016,3.83208,9,11.7624,4415.51,0.781088,2,16,1,0,5.91064,1993.84,1204.97,0.982611,150.539,34.9684,True,False,1,1.48911,False,1,,,single,True,0.579812,True,B
8252,229586790,1,2628.24,8,1310.68,10.1003,8.00507,48,11.3345,,0.397,3,24,0,0,11.7915,244.008,896.518,0.971235,271.376,76.163,False,False,3,1.04431,False,1,,,single,True,0.139861,True,A
8255,357045320,2,2618.21,12,2223.22,10.0948,81.8362,72,11.2369,6554.99,1.94927,3,24,0,0,9.82651,830.414,860.793,0.952425,274.448,55.8444,False,False,3,2.06928,False,2,,,single,True,0.894376,True,A
8256,87974986,1,2615.29,16,3081.7,10.0947,8.16884,96,12.112,5709,2.38277,3,24,0,0,6.75437,798.458,1642.85,0.995386,146.686,21.955,False,False,2,2.30135,True,1,,,single_partial,True,1.28717,True,B
8258,27072954,1,2615.97,1.5,4826.19,10.0942,135.839,9,11.3489,3634,0.549619,3,24,0,0,5.44709,592.785,1026.59,0.997344,152.475,19.3591,False,False,1,1.91457,False,1,,,single,True,0.371554,True,A
8259,219096147,1,2635.59,8,3120.55,10.0902,9.49575,48,11.6068,6117,1.07128,3,24,0,0,12.3923,768.114,1219.54,0.834298,269.811,71.6373,True,False,0,1.72118,False,1,,,single,True,0.58234,True,B
8260,307907234,1,2618.81,2,7344.35,10.0893,67.6654,12,12.8754,5514.1,1.00017,3,24,0,0,4.32584,432.72,2552.17,0.956786,140.867,31.6284,False,False,4,2.66879,False,1,,,single,True,0.834081,True,A
8262,219792257,1,2635.78,4,2416.85,10.0871,4.83621,24,10.5768,6584,1.53031,3,24,0,0,5.31976,529.847,617.277,0.934354,264.923,64.6677,True,False,1,0.618851,False,1,,,single,True,0.732085,True,B
8263,392572237,1,2614.86,1,2809.15,10.0851,106.333,6,7.321,,0.278799,3,24,0,0,4.40495,192.502,607.597,0.373416,280.695,59.6269,False,False,2,1.56647,False,1,,,single,True,0.143792,True,A
8265,138664783,1,2611.53,8,1993.45,10.0841,16,48,11.3732,6457,1.40961,3,24,0,0,5.23427,211.464,996.89,0.981275,136.485,26.3434,True,False,3,1.29572,False,1,,,single,True,0.612433,True,B
8269,237279678,1,2611.58,8,1467.39,10.0796,11.3333,48,11.1731,5785,1.37672,3,24,0,0,,116.923,836.998,0.902464,299.463,73.2314,True,False,3,0.870259,False,1,,,single,True,0.513187,True,B
8271,309588542,1,2635.83,2,6258.76,10.0777,3.84185,12,12.0794,5899.61,1.63761,1,8,1,0,1.56545,876.602,1720.38,0.848842,166.516,37.5322,True,False,4,0.812241,False,1,,,single,True,1.2607,True,B
8272,229497278,1,2635.75,4,3598.89,10.0773,5.49387,24,10.626,5578,0.956519,3,24,0,0,5.68807,955.318,667.073,0.948929,296.456,62.3511,True,False,0,1.72118,False,1,,,single,True,0.558387,True,B
8273,8992785,1,2610.26,2,11062.2,10.077,4,12,12.8734,6890,1.25411,3,24,0,0,3.59477,680.539,2576.12,0.85991,167.433,35.4545,True,False,5,1.31506,False,1,,,single,True,1.28355,True,B
8276,289752389,2,2635.1,16,3778.48,10.0718,21.3281,96,12.3995,3962.88,0.7182,3,24,0,0,8.55896,974.427,1664.46,0.988356,160.345,56.029,False,False,0,0.966954,False,2,,,single,True,0.429597,True,A
8279,356684770,1,2631.84,1.5,3582.28,10.0707,99.5125,8,11.2601,5875.13,1.64809,3,24,0,0,,124.239,888.568,0.997162,169.123,33.9816,False,False,0,0.5,False,1,,,single,True,0.959883,True,A
8283,241191582,1,2610.09,2,4936.45,10.069,4,12,12.1302,6028.78,1.50054,3,24,0,0,4.34493,473.668,1599.05,0.887782,153.105,24.3329,True,False,4,1.72118,False,1,,,single,True,1.02592,True,B
8284,229537185,1,2625.51,6,3204.95,10.0688,6.16506,36,12.2539,4861,0.842999,3,24,0,0,9.86379,265.276,1516.49,0.992661,196.019,67.4016,False,False,1,0.522155,False,1,,,single,True,0.464403,True,A
8287,230090506,1,2627.04,24,1550.71,10.0675,26.8321,144,12.3809,6184,1.60439,3,24,0,0,5.22571,277.18,1790.42,0.989984,247.749,69.0731,True,False,2,0.5,False,1,,,single,True,0.614797,True,B
8293,198212955,1,2625.68,6,2847.8,10.0613,5.99363,36,11.598,4255,0.711609,3,24,0,0,10.6397,998.154,1093.77,0.901795,248.553,60.1961,False,False,3,0.773563,False,1,1242.01,1242.01,single,True,0.369534,True,A
8294,252469754,1,2611.25,6,2549.44,10.0552,6.16667,36,12.3627,5352,0.713409,3,24,0,0,,207.272,1746.04,0.986035,150.536,49.5964,True,False,2,0.599511,False,1,,,single,True,0.350525,True,B
8300,149362247,1,2618.45,1,9085.4,10.0485,76.1655,5,12.1255,6057.36,1.06847,3,24,0,0,12.8296,1137.69,1834.55,0.969139,138.644,25.1083,False,False,0,2.20466,False,1,,,single,True,0.991041,True,A
8301,400725983,1,2626.32,6,2086.28,10.0438,5.99076,36,11.383,4326,0.745015,3,24,0,0,4.2093,186.274,927.982,0.997376,161.184,26.6128,True,False,2,1.00563,False,1,,,single,True,0.331138,True,B
8302,376503121,1,2635.58,6,7218.72,10.043,9.66763,36,12.524,4458.24,0.780974,2.5,20,1,0,4.92121,1044.28,2068.25,0.852741,162.531,46.1093,True,False,5,0.83158,False,1,,,single,True,0.64569,True,B
8303,4988535,1,2610.15,2,7578.6,10.0393,4.16667,12,12.8463,4252,0.684134,3,24,0,0,4.81607,504.196,2354.95,0.909328,149.207,34.5644,True,False,7,1.74052,False,1,,,single,True,0.579553,True,B
8306,117506689,1,2627.58,24,644.212,10.0366,34.5032,144,10.6692,6257.73,2.22451,3,24,0,0,1.05189,125.782,624.048,0.998332,138.176,24.0855,False,False,2,2.30135,False,1,,,single,True,0.549422,True,A
8313,142981694,1,2635.76,4,3819.51,10.0313,5.49542,24,11.3732,5208,0.83729,3,24,0,0,9.8183,1243.9,910.049,0.973365,182.274,69.2397,True,False,6,1.25704,False,1,,,single,True,0.503544,True,B
8315,86118803,1,2632.22,6,2794.63,10.03,90.3251,36,11.8916,6318.21,1.32112,3,24,0,0,4.93583,272.146,1431.1,0.916557,140.217,23.2695,False,False,2,1.85655,False,1,,,single,True,0.679613,True,A
8316,8153109,1,2631.1,1,4203,10.0293,117.333,6,11.4712,5466.19,1.10826,3,24,0,0,,129.288,1058.41,0.977667,155.349,38.7804,False,False,0,0.5,False,1,,,single,True,0.699164,True,A
8321,330708750,1,2635.27,1.5,9379.95,10.0245,0.840801,9,12.8009,5531.65,1.08948,3,24,0,0,,272.24,2604.01,0.976463,141.943,27.5639,True,False,2,3.19095,True,1,,,single_partial,True,1.02678,True,B
8322,3943060,1,2610.13,4,5316.14,10.0241,5,24,12.835,6491.95,1.57012,3,24,0,0,4.34491,344.858,2332.38,0.96474,152.143,29.0747,True,False,4,0.734885,False,1,,,single,True,1.11401,True,B
8325,386892877,1,2627.06,2,4561.51,10.0209,21.1705,12,11.8455,5729.8,1.72579,3,24,0,0,7.37119,274.643,1387.3,0.994958,137.155,23.3274,True,False,2,1.64382,False,1,,,single,True,1.13423,True,B
8326,264298576,1,2611.45,12,607.006,10.0201,12,72,9.7928,5886,2.61304,3,24,0,0,,46.3798,425.603,0.938152,295.967,71.084,True,False,6,1.41175,False,1,,,single,True,0.626469,True,B
8327,253042997,1,2635.44,12,2706.54,10.02,13.178,72,12.7569,5615.48,0.977102,3,24,0,0,,250.673,2393.82,0.96247,176.458,43.6575,True,False,1,0.5,False,1,,,single,True,0.494657,True,B
8328,329247724,1,2635.74,6,2011.06,10.0177,5.8446,36,10.7509,5603,0.988192,3,24,0,0,4.04017,351.792,752.82,0.921077,263.958,55.6671,True,False,6,1.6825,False,1,,,single,True,0.431233,True,B
8329,407617976,1,2626.37,4,4762.59,10.0177,5.3226,24,12.5965,6179,1.74608,3,24,0,0,4.65907,401.899,2004.41,0.973973,169.298,33.9217,True,False,0,0.5,False,1,,,single,True,1.17258,True,B
8333,219458881,1,2610.68,4,2743.11,10.0146,5.16667,24,9.38815,5886,1.01801,1.5,12,1,0,9.81564,7720.31,365.638,0.998594,206.778,73.953,True,False,5,1.04431,False,1,,,single,True,0.518837,True,B
8335,286730873,1,2633.73,3,2408.43,10.0131,54.1613,18,11.576,5719.82,1.57141,3,24,0,0,,108.882,1053.73,0.998079,143.225,23.2079,False,False,2,2.63011,False,1,,,single,True,0.750437,True,A
8336,353778767,1,2635.74,6,1274.8,10.0115,5.84095,36,10.4888,5743,2.08992,3,24,0,0,10.437,167.163,551.588,0.960797,276.561,54.4141,True,False,6,2.9202,False,1,,,single,True,0.726119,True,B
8339,286727734,1,2635.72,6,5113.6,10.0068,6.32826,36,12.3919,4572.66,0.679219,3,24,0,0,6.11106,662.947,1964.46,0.874905,142.954,21.562,True,False,4,1.43109,False,1,,,single,True,0.47264,True,B
8341,8073016,1,2635.81,2,5161.73,10.005,4.16476,12,11.874,6201.33,1.66092,3,24,0,0,1.02061,332.842,1496.87,0.860934,153.858,39.11,True,False,2,0.618851,False,1,,,single,True,1.16119,True,B
8343,166178143,1,2614.46,12,5763.62,10.0043,98.3333,65,10.8372,5292,0.891988,3,24,0,0,11.6447,3988.18,861.956,0.993463,217.534,64.4762,True,False,0,1.93391,False,1,,,single,True,0.658968,True,B
8345,390020228,1,2635.71,3,4752.05,10.0033,6.50749,18,10.679,5685,0.928317,2.5,20,1,0,4.91192,1038.89,606.333,0.993869,277.721,53.9203,True,False,7,2.10796,False,1,,,single,True,0.622722,True,B
8350,311568941,1,2621.46,2,3833.73,9.99768,4.00107,12,10.9603,5403,0.928807,1,8,1,0,6.3767,9728.5,746.496,0.996337,158.856,50.9399,True,False,0,0.560833,False,1,,,single,True,0.559621,True,B
8352,95360306,1,2610.09,4,2925.43,9.99522,5,24,11.8113,6209,1.35802,3,24,0,0,4.2115,253.904,1349.68,0.908504,154.212,23.7269,True,False,5,2.0306,False,1,,,single,True,0.714757,True,B
8356,172518605,1,2632.34,1.5,6585.55,9.98968,87.4925,9,12.3267,5683.49,1.13112,3,24,0,0,1.88993,293.79,1756.92,0.98548,142.683,27.3904,False,False,4,3.2683,False,1,,,single,True,0.893227,True,A
8357,219108393,1,2611.43,8,3252.81,9.98955,8,48,12.1559,5770,1.48257,3,24,0,0,6.7245,369.881,1704.69,0.872824,271.183,69.643,True,False,4,1.64382,False,1,,,single,True,0.822815,True,B
8359,224600307,1,2612.09,12,2125.62,9.98795,39.3333,72,12.3263,6152.29,1.41769,3,24,0,0,4.55862,570.364,1721.93,0.947244,255.058,57.8326,False,False,1,1.02497,False,1,,,single,True,0.636036,True,A
8363,137770092,1,2610.46,2,1764.33,9.98537,4,12,8.3273,5858.42,1.1206,3,24,0,0,9.16419,272.584,439.415,0.808917,175.358,58.9239,True,False,0,0.5,False,1,,,single,True,0.458035,True,B
8364,70655619,1,2627.76,1,1710.07,9.98506,42.1582,6,9.7319,5775,2.6378,3,24,0,0,,39.7945,381.12,0.999548,155.107,17.3236,False,False,1,1.12167,False,1,,,single,True,1.06147,True,A
8366,356108689,1,2626.09,3,5960.05,9.98239,4.66125,18,11.7975,4056,0.658209,3,24,0,0,5.97232,1248.02,1567.82,0.491113,261.516,58.3435,False,False,5,0.870259,False,1,,,single,True,0.494477,True,A
8367,233155040,1,2611.13,16,1853.74,9.98097,16,96,12.2814,5845,1.16773,3,24,0,0,,174.016,1744.74,0.822828,274.687,61.5555,True,False,2,1.54713,False,1,,,single,True,0.489243,True,B
8368,99271057,1,2610.37,1.5,3502.41,9.97839,3.66667,9,10.8177,6195,0.97125,3,24,0,0,3.67367,197.866,788.195,0.906101,169.686,37.991,True,False,3,0.83158,False,2,,,single,True,0.559335,True,B
8369,318292826,1,2626.46,6,2895.73,9.97731,6.16562,36,11.9202,5686.47,2.11605,3,24,0,0,4.40851,216.864,1285.59,0.998601,164.491,53.9384,True,False,1,0.599511,False,1,,,single,True,1.10806,True,B
8373,229701402,1,2635.81,2,3733.65,9.97339,4.16106,12,11.4552,5284,1.13428,2,16,1,0,4.36981,1130.75,963.77,0.909826,277.524,71.6455,True,False,3,1.39241,False,1,,,single,True,0.674442,True,B
8381,88006433,1,2635.63,6,1287.93,9.95835,8.66549,36,10.613,5679,1.04733,3,24,0,0,5.13332,169.263,654.695,0.985417,147.016,21.4458,True,False,4,2.39805,False,1,,,single,True,0.365752,True,B
8382,88724188,1,2635.79,2,5780.39,9.95792,4.82423,12,11.7898,3685,0.497655,1.5,12,1,0,3.65314,1860.34,1387.59,0.995031,151.286,52.4313,True,False,2,1.64382,False,1,,,single,True,0.368184,True,B
8386,165403832,1,2626.25,6,756.092,9.95445,5.99186,36,9.1201,5843,0.97578,3,24,0,0,4.3577,82.2831,362.021,0.718824,158.854,26.2693,True,False,1,1.02497,False,1,,,single,True,0.261094,True,B
8389,287080121,1,2625.59,1.5,4328.23,9.95103,3.66168,9,10.9634,4478,0.684861,3,24,0,0,5.5511,1042.67,697.309,0.991286,243.459,63.4324,False,False,4,0.560833,False,1,,,single,True,0.438445,True,A
8391,414966897,1,2620.96,1.5,3844.04,9.95047,16.0001,9,11.4426,5698.26,1.085,3,24,0,0,0.733324,176.157,1035.05,0.991682,141.095,23.4556,False,False,4,2.45606,False,1,,,single,True,0.654608,True,A
8392,149399320,1,2627.32,3,3878.76,9.94986,27.1699,18,11.9165,6391.6,1.89128,3,24,0,0,3.70296,232.411,1427.96,0.996432,139.922,28.8965,True,False,6,2.53342,False,1,,,single,True,1.1462,True,B
8394,430244947,1,2616.4,1,3441.05,9.94581,125.501,6,11.0507,5643.75,1.62761,3,24,0,0,0.782513,139.517,800.031,0.995058,142.477,23.3782,False,False,0,2.61078,False,1,,,single,True,0.929081,True,A
8395,311036792,1,2610.56,6,2120.28,9.94396,6,36,11.1105,7300,1.59515,3,24,0,0,4.19563,171.81,860.387,0.872441,204.439,64.9291,True,False,3,0.5,False,1,,,single,True,0.714752,True,B
8399,88770052,1,2626.56,4,1953.84,9.9405,5.00221,24,10.5814,5969.44,1.10607,3,24,0,0,3.87256,185.352,760.21,0.898158,152.14,49.5195,True,False,2,0.502816,False,1,,,single,True,0.475756,True,B
8404,272670842,1,2610.71,8,3015.88,9.9365,8.16667,48,12.3938,5965,1.41773,3,24,0,0,,195.234,1848.54,0.849454,234.026,70.4738,True,False,4,0.657529,False,1,,,single,True,0.757631,True,B
8407,286211291,1,2635.75,4,3250.66,9.93452,5.51216,24,11.5708,4417,0.762904,2.5,20,1,0,4.40263,837.441,1041.2,0.982446,240.394,59.6058,True,False,1,0.5,False,1,,,single,True,0.423266,True,B
8408,172518958,1,2633.11,1.5,3611.25,9.933,68.9933,9,11.5366,6170.55,1.85259,3,24,0,0,,136.123,1059.96,0.99012,142.678,25.5931,False,False,3,3.11359,False,1,,,single,True,1.08334,True,A
8413,232977311,1,2610.57,6,3737.1,9.92799,6,36,10.9331,5589,2.55164,3,24,0,0,2.73025,387.139,894.189,0.83322,218.05,64.903,True,False,7,1.70184,False,2,,,single,True,1.5179,True,B
8414,142395762,1,2614.49,16,4811.36,9.92768,102,82,12.4287,4651,1.04209,3,24,0,0,10.7264,3196.89,1861.08,0.992942,198.57,62.3652,True,False,0,0.541494,False,1,,,single,True,0.703391,True,B
8416,142380956,1,2610.49,6,1619.81,9.92466,6,36,11.5463,5696,0.938189,3,24,0,0,,118.689,1057.15,0.921009,196.339,60.4585,True,False,2,0.734885,False,1,,,single,True,0.367434,True,B
8417,142936677,1,2635.73,6,1550.31,9.92318,6.1598,36,11.1206,5989,2.10887,3,24,0,0,5.91924,159.032,823.653,0.996685,179.479,71.3628,True,False,4,1.04431,False,1,,,single,True,0.80801,True,B
8419,159245083,1,2621.44,1.5,3796.92,9.92254,4.33123,9,10.621,5711,2.07961,1.25,10,1,0,8.50916,10972.5,594.654,0.995556,227.702,77.9775,True,False,1,0.522155,False,1,,,single,True,1.24697,True,B
8424,4844774,1,2634.6,4,2493.08,9.92102,1.00472,19,11.3574,6512,2.03596,3,24,0,0,12.8714,180.091,968.421,0.938001,147.311,35.5105,False,False,3,1.72118,True,1,,,single_partial,True,0.989225,True,B
8427,352764091,1,2626.52,4,741.513,9.91949,8.17454,24,8.593,5891,1.21037,3,24,0,0,3.76992,86.734,248.904,0.983833,308.747,63.4753,True,False,0,0.657529,False,2,1287.01,1287.01,single,True,0.320727,True,B
8430,8262964,1,2628.34,24,1354.95,9.91675,52.6607,144,12.2025,5272.19,0.799856,3,24,0,0,6.21367,243.602,1512.46,0.990726,162.37,38.4846,False,False,2,0.792902,False,1,,,single,True,0.286504,True,A
8432,149400471,1,2634.02,1.5,1731.41,9.91605,47.3245,9,9.8629,6133,2.69463,3,24,0,0,2.73046,78.0762,425.784,0.997809,140.027,24.856,False,False,1,2.28201,False,1,,,single,True,1.09108,True,A
8433,26983320,1,2615.43,1.5,6234.81,9.91412,134.167,9,12.2813,5970.59,1.54825,3,24,0,0,,229.603,1820.91,0.975431,150.273,19.571,False,False,3,1.60514,False,1,,,single,True,1.18962,True,A
8435,147952638,1,2611.15,16,1889.93,9.91367,16.6667,96,12.4552,5976,1.17775,3,24,0,0,7.09095,292.333,1795.9,0.939645,168.416,69.3818,True,False,2,1.41175,False,1,,,single,True,0.498234,True,B
8437,233070013,1,2625.67,4,3444.39,9.91149,4.99951,24,10.7745,4931,0.779942,3,24,0,0,10.4803,1352.05,644.453,0.991627,270.822,64.8337,False,False,2,1.04431,False,1,,,single,True,0.445427,True,A
8438,156493567,1,2610.8,8,1988.78,9.91093,8.16667,48,10.9953,6067,1.83071,3,24,0,0,7.50815,250.791,862.74,0.858178,218.689,72.8097,True,False,5,0.773563,False,1,,,single,True,0.794457,True,B
8439,16849073,1,2614.38,1,2154.56,9.90926,103.667,6,10.0648,4503,0.69978,3,24,0,0,9.28803,114.521,475.636,0.989787,142.725,40.9042,True,False,9,2.80417,False,1,,,single,True,0.316081,True,B
8444,233514077,1,2635.66,8,3236.81,9.90531,7.84482,48,12.4226,5518.31,0.965052,3,24,0,0,9.57016,476.601,1816.93,0.922282,270.957,52.4736,True,False,0,1.17968,False,1,,,single,True,0.534278,True,B
8445,8768512,1,2635.22,2,2470.68,9.90408,18.3225,12,11.0831,6276.08,1.72856,3,24,0,0,,94.7527,814.79,0.990801,140.331,32.3071,False,False,2,2.0306,False,1,,,single,True,0.836084,True,A
8446,88024443,1,2621,1.5,7639.32,9.90373,15.0031,9,12.4812,6447,1.37302,3,24,0,0,0.14291,360.161,2078.46,0.98094,147.414,21.5237,False,False,2,1.99193,False,1,,,single,True,1.16778,True,A
8447,357045188,1,2614.97,4,23454.6,9.90304,2.50094,17,12.7054,3279,0.280053,1.5,12,1,0,4.25815,4259.72,5131.44,0.382255,274.325,56.0777,False,False,2,2.04994,True,1,,,single_partial,True,0.417361,True,B
8453,86118797,1,2632.17,2,5479.65,9.89306,91.6585,12,11.4407,6373.44,1.23867,1.5,12,1,0,2.98446,845.675,1178.69,0.811036,140.233,23.2603,False,False,1,1.83721,False,1,,,single,True,0.892256,True,A
8454,288407831,1,2635.73,6,1917.45,9.8928,6.15585,36,10.3636,5656,1.04163,3,24,0,0,12.4407,191.556,665.305,0.811996,268.556,79.6956,True,False,3,1.35374,False,1,,,single,True,0.443847,True,B
8460,165555512,1,2635.82,2,3263.84,9.88651,4.00667,12,10.5298,7937,2.78267,3,24,0,0,4.40378,353.955,750.024,0.851441,266.937,59.8066,True,False,5,1.41175,False,1,,,single,True,1.54698,True,B
8467,372710238,1,2613.72,6,3226.84,9.87662,89.1667,37,12.4839,5597,0.881135,3,24,0,0,,285.508,2033.73,0.996657,141.167,40.5349,False,False,0,2.26267,False,1,,,single,True,0.487067,True,A
8468,8855625,1,2616.51,1.5,3472.23,9.87363,122.833,9,11.3964,6133,1.36876,3,24,0,0,,139.35,935.356,0.994876,142.708,31.237,False,False,0,2.10796,False,1,,,single,True,0.784855,True,A
8469,139402180,1,2635.49,12,3641.33,9.87325,11.8345,72,12.9898,4090,0.685718,3,24,0,0,,320.135,2767.42,0.870603,153.601,31.4487,True,False,3,0.502816,False,1,,,single,True,0.402655,True,B
8471,92007894,1,2627.61,24,1223.41,9.87094,35.1653,144,12.0635,5666.26,2.22805,3,24,0,0,,196.044,1638.81,0.985846,145.317,22.0153,False,False,1,2.14664,False,1,,,single,True,0.758348,True,A
8473,172518657,1,2613.66,16,3854.83,9.86673,54.5,96,12.7293,4668.41,0.719618,3,24,0,0,8.78461,500.747,2194.5,0.996972,142.739,27.0928,False,False,2,3.22963,False,1,,,single,True,0.434772,True,A
8474,16805700,1,2614.38,1,15183.2,9.86619,102.333,5,12.9287,3483,0.424855,3,24,0,0,,442.675,3099.72,0.84963,141.954,39.0021,True,False,8,3.77112,False,1,,,single,True,0.509425,True,B
8478,334780804,1,2611.09,6,2960.01,9.86216,6.16667,36,11.5822,3611,0.643549,3,24,0,0,9.67156,1122.26,1052.66,0.997262,247.502,65.2444,True,False,1,0.812241,False,1,,,single,True,0.340711,True,B
8486,386889899,1,2612.73,24,1504.12,9.85452,38.1667,144,12.682,5560,1.67308,3,24,0,0,,309.471,2496.06,0.989068,137.007,22.8996,False,False,4,1.27638,False,1,,,single,True,0.631415,True,A
8490,95836619,1,2635.09,1.5,3626.14,9.84837,21.5121,9,11.4601,6190,1.03653,3,24,0,0,,112.687,1061.78,0.988131,161.823,23.282,False,False,4,0.734885,False,1,,,single,True,0.607382,True,A
8495,142277206,1,2610.68,6,3779.22,9.84306,10.5,36,11.176,4251,0.6883,3,24,0,0,4.95064,853.911,829.515,0.998181,192.169,59.8833,True,False,2,0.657529,False,1,,,single,True,0.411752,True,B
8497,330795737,1,2611,2,6397.43,9.83872,4.16667,12,12.2407,5631.51,2.17086,1.25,10,1,0,1.51605,559.56,1777.37,0.959795,144.481,25.4053,True,False,8,2.53342,False,1,,,single,True,1.68963,True,B
8498,147687122,1,2635.74,6,3370.22,9.83575,5.83473,36,11.6229,4915,0.745223,3,24,0,0,10.463,2411.36,1180.29,0.998564,190.031,64.5147,True,False,4,0.908937,False,1,,,single,True,0.420991,True,B
8499,403117779,1,2611.16,4,3250.38,9.83571,5,24,11.9394,5780,0.914634,3,24,0,0,8.93832,237.27,1654.89,0.843958,303.26,67.6438,True,False,4,2.28201,False,1,,,single,True,0.507425,True,B
8500,17236334,2,2635.81,2,5608.71,9.83223,4.15889,12,12.2822,5539.61,1.21557,3,24,0,0,,280.524,1768.11,0.801364,146.709,39.774,True,False,6,1.35374,False,2,,,single,True,0.885868,True,B
8501,4994906,1,2621.47,1.5,3099.68,9.82694,3.8398,9,9.2861,5625,0.932433,1.5,12,1,0,8.15547,5370.26,323.773,0.999869,160.689,32.0682,True,False,3,1.52779,False,1,,,single,True,0.505165,True,B
8503,356471623,1,2612.03,6,2138.57,9.82595,51,36,11.8518,5570.93,0.89044,3,24,0,0,,129.542,1253.26,0.99325,157.404,30.0332,False,False,1,1.04431,False,1,,,single,True,0.400704,True,A
8504,252471421,1,2626.83,8,2136.45,9.82404,8.00245,48,11.4658,5580.72,2.56564,3,24,0,0,3.9594,203.384,1004.4,0.995628,154.258,53.0751,True,False,4,1.02497,False,1,,,single,True,1.15398,True,B
8506,166086655,1,2635.66,8,4012.11,9.82122,7.84025,48,11.3605,4664,0.751177,3,24,0,0,9.58344,691.415,894.24,0.978341,214.507,64.0471,True,False,5,0.85092,False,1,,,single,True,0.463006,True,B
8507,156510031,1,2626.1,6,1739.86,9.81822,6.00268,36,11.5039,4419,0.744107,3,24,0,0,5.72911,414.006,913.098,0.998519,220.55,76.6772,False,False,1,0.928276,False,1,,,single,True,0.30203,True,A
8509,331945249,1,2613.09,2,8591.17,9.81651,1.33191,12,12.6224,5133.97,0.769808,1.5,12,1,0,2.5497,973.014,2167.62,0.946814,151.706,32.5574,False,False,0,0.928276,True,1,,,single_partial,True,0.69433,True,B
8510,233579776,1,2610.63,4,714.339,9.81605,4.83333,24,8.284,6246,1.27362,3,24,0,0,2.77703,51.698,220.826,0.969907,282.769,60.381,True,False,0,1.43109,False,1,,,single,True,0.331245,True,B
8511,458420858,1,2611.44,24,1014.97,9.81481,29,144,12.6475,5976.13,1.30199,3,24,0,0,,195.892,1981.95,0.986706,170.687,48.0351,True,False,1,1.12167,False,1,,,single,True,0.403637,True,B
8518,147953008,1,2611.11,6,4153.25,9.80225,6,36,12.7634,5585,0.919153,3,24,0,0,12.3088,360.771,2300.84,0.954796,168.18,71.3986,True,False,3,1.21836,False,1,,,single,True,0.57642,True,B
8521,149369649,1,2630.73,1.5,6849.35,9.79709,110.003,9,12.4506,5268.39,0.850992,3,24,0,0,,274.401,1916.67,0.994883,139.298,26.6141,False,False,0,1.85655,False,1,,,single,True,0.685343,True,A
8522,159510363,1,2610.71,6,5350.8,9.7966,6,36,12.8589,5138,0.881778,3,24,0,0,11.3729,620.696,2345.8,0.921155,247.396,81.1697,True,False,4,1.74052,False,1,,,single,True,0.627662,True,B
8523,376490682,1,2626.43,6,488.991,9.79532,6.16611,36,8.77051,5996,1.28745,3,24,0,0,,36.0357,257.749,0.996049,154.772,44.0443,True,False,1,0.657529,False,1,,,single,True,0.277037,True,B
8525,229501295,1,2626.18,2,4966.93,9.79187,4.00471,12,10.3902,4542,1.07655,2,16,1,0,5.68807,2479.49,592.775,0.957086,296.751,63.7446,False,False,1,1.95325,False,1,,,single,True,0.738305,True,A
8526,441795791,1,2628.22,24,810.865,9.79103,32.0047,144,12.1871,6324,1.1368,3,24,0,0,,171.787,1482.02,0.908223,263.851,76.9161,False,False,2,0.696207,False,1,,,single,True,0.315004,True,A
8529,149467721,1,2620.02,1.5,6784.8,9.78418,38.666,9,12.4436,5540.63,0.864821,3,24,0,0,,240.346,1892.44,0.988279,141.379,28.344,False,False,2,2.74615,False,1,,,single,True,0.69319,True,A
8530,137834559,1,2635.8,2,2711.06,9.78414,4.34562,12,9.0371,5582,1.26512,1,8,1,0,5.13066,7276.61,278.269,0.997165,226.107,59.8808,True,False,2,0.83158,False,1,,,single,True,0.641001,True,B
8534,4972570,1,2635.83,1.5,2955.42,9.77611,3.83014,9,10.8841,5013,0.90801,3,24,0,0,0.598115,141.853,860.542,0.861412,148.942,32.2036,True,False,2,1.10233,False,1,,,single,True,0.48035,True,B
8535,138710292,1,2610.8,8,2858.12,9.7728,10.3333,48,12.4295,5657.96,1.0939,3,24,0,0,0.525803,315.917,1921.06,0.877505,137.123,29.3856,True,False,3,1.45043,False,1,,,single,True,0.569083,True,B
8536,156462093,1,2625.71,6,2986.68,9.77245,5.99999,36,12.1061,3666,0.445469,3,24,0,0,9.81835,678.784,1505.56,0.896013,217.341,72.4242,False,False,3,0.812241,False,1,,,single,True,0.236902,True,A
8538,198508694,1,2621.45,2,5041.31,9.77108,4.16623,12,10.4456,5008,0.816086,3,24,0,0,7.08908,914.288,963.455,0.81954,210.413,74.1242,True,False,1,1.06365,False,2,,,single,True,0.563852,True,B
8541,103807312,1,2635.73,6,1395.67,9.77021,6.15643,36,10.2417,5973,1.3875,3,24,0,0,9.13179,157.926,491.98,0.988641,159.94,66.4001,True,False,3,0.870259,False,1,,,single,True,0.504408,True,B
8545,95435547,1,2610.04,1.5,4646.4,9.76594,1.83358,9,11.924,5879,2.0538,3,24,0,0,,197.083,1310.87,0.98518,155.48,18.5457,True,False,5,1.85655,False,1,,,single,True,1.3623,True,B
8546,8884495,1,2611.24,8,2860.61,9.76537,8.5,48,12.5345,5856.21,1.90837,3,24,0,0,,225.664,1862.65,0.975503,143.239,35.0392,True,False,5,1.3344,False,1,,,single,True,0.993228,True,B
8548,302633886,1,2632.74,6,2714.76,9.75989,77.994,36,12.3546,5587,1.29367,3,24,0,0,,197.161,1716.79,0.996871,147.97,37.5539,False,False,2,1.3344,False,1,,,single,True,0.655913,True,A
8549,161745713,1,2610.7,6,1391.64,9.75978,6,36,10.1791,5288,1.03898,3,24,0,0,3.57646,198.192,542.202,0.972503,238.369,59.5786,True,False,0,0.5,False,1,,,single,True,0.377162,True,B
8552,88648342,1,2635.48,12,2260.27,9.75805,12.1544,72,12.7407,5555,0.643949,3,24,0,0,,282.173,2338.05,0.912113,141.487,41.2849,True,False,7,2.14664,False,1,,,single,True,0.297913,True,B
8553,377159225,1,2635.62,8,2033.98,9.75648,8.66795,48,11.5683,6373,1.69837,3,24,0,0,9.82641,365.434,1094.99,0.880553,285.459,57.7799,True,False,3,1.48911,False,1,,,single,True,0.745355,True,B
8556,160472086,1,2635.79,3,2859.76,9.75189,4.6646,18,10.7446,5091,1.06143,3,24,0,0,4.11737,407.763,672.993,0.989119,237.065,73.2577,True,False,3,1.27638,False,1,,,single,True,0.552349,True,B
8558,239200359,1,2633.47,6,3039.83,9.74751,60.5008,36,12.4369,5963,1.31984,3,24,0,0,,244.745,2086.33,0.861114,148.667,20.9739,False,False,1,2.10796,False,1,,,single,True,0.708114,True,A
8559,198553498,2,2621.44,3,5231.82,9.74689,4.33771,18,12.0887,4718,0.705117,2.5,20,1,0,4.25584,907.136,1554.48,0.800867,237.615,63.6078,True,False,3,1.16034,False,3,,,single,True,0.496301,True,B
8561,202382205,1,2610.75,2,45204.4,9.74242,6.5,12,11.9587,5653,1.21762,1.5,12,1,0,5.31399,9210.07,7576.01,0.995404,209.92,64.7948,True,False,2,0.5,False,1,,,single,True,2.51918,False,B
8562,453430404,1,2610.97,4,4381.8,9.74199,11.8333,24,12.4671,5140.24,0.769219,3,24,0,0,4.39887,375.763,2091.44,0.989144,147.154,48.6999,True,False,0,0.5,False,1,,,single,True,0.495489,True,B
8565,409275586,1,2635.47,12,2143.49,9.74159,12.3243,72,12.5786,,0.43,3,24,0,0,,210.169,2021.9,0.985524,146.553,43.3756,True,False,5,1.5858,False,1,,,single,True,0.193725,True,B
8567,88004672,1,2610.89,8,3675.01,9.73747,13.5,48,12.8768,5977,1.09285,3,24,0,0,,409.522,2769.9,0.971815,146.881,21.8479,True,False,8,2.28201,False,1,,,single,True,0.644684,True,B
8572,99937262,1,2634.72,24,309.514,9.73487,30.494,144,10.4321,5587,1.06135,3,24,0,0,,58.0947,559.545,0.981645,170.082,65.5325,False,False,2,1.39241,False,1,,,single,True,0.1817,True,A
8579,239206250,1,2635.85,1,1799.47,9.72969,3.33433,6,9.2114,6371.91,2.19781,3,24,0,0,5.22917,265.03,351.682,0.95038,149.351,22.3414,True,False,7,1.6825,False,1,,,single,True,0.907235,True,B
8580,85911158,1,2628.22,24,3236.12,9.72865,50.0033,144,12.8202,5410,1.11295,3,24,0,0,5.10547,668.438,2540.66,0.996073,137.545,22.6513,False,False,2,1.04431,False,1,,,single,True,0.616092,True,A
8581,171600195,1,2627.49,4,6268.44,9.72846,35.8242,24,12.9465,4626.02,0.751499,3,24,0,0,,362.26,2753.19,0.966356,156.83,18.8311,True,False,1,1.74052,False,1,,,single,True,0.578983,True,B
8582,172531539,1,2626.4,6,4487.11,9.72465,6.1672,36,12.4842,4226,0.690172,3,24,0,0,4.41207,332.362,1870.7,0.968305,143.07,24.5844,True,False,2,3.15227,False,1,,,single,True,0.449882,True,B
8583,202423747,1,2610.53,4,4535.26,9.72251,5,24,12.3814,6340,1.98838,3,24,0,0,3.8879,458.431,1856.72,0.868656,226.025,62.2294,True,False,4,2.06928,False,1,,,single,True,1.30304,True,B
8585,230089914,1,2627.05,16,3011.32,9.7206,28.3307,96,12.7033,6263,1.00928,3,24,0,0,3.14065,348.548,2141.19,0.947604,247.718,66.7645,True,False,4,1.10233,False,1,,,single,True,0.538949,True,B
8591,393835099,1,2610.49,8,4221.6,9.717,8.66667,48,12.6985,6726,1.51322,3,24,0,0,0.907863,480.881,2407.41,0.834969,146.151,43.9645,True,False,6,1.56647,False,1,,,single,True,0.956749,True,B
8592,224601852,1,2635.81,2,4162.38,9.71627,4.17905,12,10.3797,5493,1.83719,3,24,0,0,12.7676,1646.37,558.427,0.99886,255.142,57.0582,True,False,0,0.715546,False,1,,,single,True,1.15341,True,B
8596,376849226,1,2626.36,8,658.721,9.71338,8.16772,48,9.47352,6249,1.58025,3,24,0,0,,51.2323,385.574,0.995888,276.358,66.0108,True,False,1,1.21836,False,1,,,single,True,0.39467,True,B
8597,141150308,1,2635.63,6,7194.16,9.71332,8.51163,36,12.6826,5002.86,0.6978,3,24,0,0,7.12591,1545.91,2110.42,0.996644,179.048,45.3142,True,False,2,0.502816,False,1,,,single,True,0.575942,True,B
8598,95858027,1,2635.83,2,7651.13,9.71183,3.84604,12,12.6252,5885,1.49352,3,24,0,0,3.84505,466.943,2397.33,0.815437,162.624,23.563,True,False,2,0.676868,False,1,,,single,True,1.27125,True,B
8602,11940228,1,2610.44,1,5424.21,9.70901,3.5,6,10.2071,5139,1.09375,2.5,20,1,0,6.4237,2081.57,792.193,0.741259,179.431,50.0519,True,False,1,0.522155,False,1,,,single,True,0.783869,True,B
8605,407589461,1,2614.9,2,1495.49,9.70539,118,12,4.3201,7870,1.62909,3,24,0,0,0.0463415,314.355,1011,0.999919,151.857,35.2447,False,False,0,1.16034,False,1,,,single,True,0.613047,True,A
8609,233050203,1,2621.41,4,5158.57,9.70161,5.00134,24,12.2566,5291,0.815044,3,24,0,0,10.6395,1392.37,1619.57,0.967567,268.963,63.3165,True,False,5,0.986293,False,1,,,single,True,0.569643,True,B
8615,117506410,1,2620.39,1.5,2881.51,9.69515,29.6652,9,11.0438,4323.76,0.823416,3,24,0,0,0.964895,146.435,814.872,0.995462,138.086,25.3151,False,False,0,2.4754,False,1,,,single,True,0.430117,True,A
8616,82202854,1,2621.37,6,2295.97,9.69442,6.16944,36,9.7462,6532.25,2.76513,3,24,0,0,8.55322,477.955,892.368,0.888231,147.867,24.3175,True,False,1,1.60514,False,1,,,single,True,1.28931,True,B
8617,310097932,1,2635.66,8,2335.22,9.69225,7.84391,48,12.2377,5901,1.15458,3,24,0,0,,213.238,1460.75,0.936512,230.517,61.5719,True,False,4,1.14101,False,1,,,single,True,0.542932,True,B
8621,308027806,1,2631.43,1.5,8510.42,9.68849,109.334,9,12.9556,5301.4,1.06146,3,24,0,0,3.80209,499.236,2680,0.984162,150.316,25.4821,False,False,0,0.908937,False,1,,,single,True,0.952877,True,A
8622,230084146,1,2611.36,1.5,7831.21,9.68766,12.5,9,12.73,4103,0.652653,2.5,20,1,0,5.46653,1320.08,2036.11,0.975695,246.368,66.3513,True,False,1,0.889598,False,1,4109.01,4109.01,single,True,0.562023,True,B
8623,82263469,1,2610.2,6,2499.02,9.68762,6,36,11.8586,5448,1.02806,3,24,0,0,5.805,230.853,1260.37,0.978879,160.156,27.1238,True,False,2,1.29572,False,1,,,single,True,0.500105,True,B
8624,159161899,1,2614.46,4,5495.78,9.68718,101.167,23,11.0779,4630,0.796185,2.5,20,1,0,8.57884,3009.48,993.759,0.942796,199.653,58.5741,True,False,1,0.522155,False,1,,,single,True,0.574363,True,B
8631,91992122,2,2611.11,8,2229.43,9.67559,13.9999,48,11.1575,6008.5,1.66019,1.25,10,1,0,1.88112,782.52,870.709,0.976811,145.048,20.7185,True,False,4,1.95325,False,2,,,single,True,0.762802,True,B
8632,149915334,1,2626.46,6,2394.23,9.67444,6.00394,36,11.6068,5557,1.72253,3,24,0,0,5.80799,243.344,1206.03,0.821302,159.951,64.6511,True,False,5,1.2377,False,1,,,single,True,0.820176,True,B
8634,198365739,1,2634.02,3,1815.68,9.67242,1.00942,16,10.94,6145,1.17148,3,24,0,0,,87.2848,766.229,0.970134,257.189,58.6501,False,False,1,0.85092,True,1,,,single_partial,True,0.485749,True,B
8635,356918927,1,2635.63,6,1399.54,9.67211,8.50464,36,10.9113,5306,0.889789,3,24,0,0,10.4862,171.967,704.7,0.953128,273.669,59.5438,True,False,4,1.00563,False,1,,,single,True,0.32392,True,B
8639,233157075,1,2610.99,12,1449.65,9.66191,12.5,72,12.322,6089,2.6437,3,24,0,0,,193.756,1797.38,0.923035,274.93,62.0444,True,False,3,1.97259,False,1,,,single,True,0.979493,True,B
8640,318291973,1,2635.49,12,1619.44,9.66118,11.8342,72,11.804,5540.56,1.0405,3,24,0,0,0.395812,277.456,1353.21,0.820597,164.474,48.783,True,False,4,0.754224,False,2,,,single,True,0.407457,True,B
8641,252465775,1,2611.24,6,2820.33,9.66063,6.33333,36,11.9973,5407,0.872065,3,24,0,0,,199.084,1413.91,0.997617,150.011,49.7151,True,False,2,0.657529,False,1,,,single,True,0.450667,True,B
8643,219801699,1,2621.29,8,1975.39,9.6575,8.00182,48,12.2431,6001,2.12616,3,24,0,0,,181.757,1502.59,0.88723,266.069,63.1505,True,False,4,1.00563,False,1,,,single,True,0.919561,True,B
8644,224288743,1,2613.75,3,5619.73,9.65737,82.3333,18,12.8593,5803.28,1.01567,3,24,0,0,,307.789,2598.57,0.969115,182.98,58.6021,False,False,1,1.10233,False,1,,,single,True,0.740914,True,A
8646,239196861,1,2619.4,4,2678.92,9.65462,53.3355,24,11.8424,5886,0.956147,3,24,0,0,,168.311,1283.6,0.990412,146.654,24.7269,False,False,1,1.45043,False,1,,,single,True,0.481573,True,A
8647,11893760,1,2610.76,6,1810.28,9.65441,8.16667,36,9.36356,6145.58,1.27828,3,24,0,0,5.12782,245.204,509.539,0.935405,178.05,53.6889,True,False,0,0.5,False,1,,,single,True,0.529244,True,B
8649,417916571,1,2634.27,12,474.526,9.65351,41.1597,72,10.0331,6064,1.52504,3,24,0,0,,51.3117,454.56,0.997389,168.533,66.3058,False,False,4,1.2377,False,1,,,single,True,0.323272,True,A
8653,4972006,1,2635.81,2,7943.77,9.64595,4.16222,12,12.3132,6405.92,1.74059,3,24,0,0,4.78263,525.756,1960.4,0.855134,148.989,35.512,True,False,3,1.89523,False,2,,,single,True,1.50962,True,B
8655,141872943,1,2610.65,6,1713.06,9.64349,6.16667,36,11.3102,5691,1.76405,3,24,0,0,4.12754,164.248,941.727,0.930143,207.715,59.1821,True,False,4,0.599511,False,1,,,single,True,0.710485,True,B
8658,138708634,1,2615.58,1,4939.17,9.63572,125.167,6,11.6356,5419.68,1.85382,3,24,0,0,,126.588,1186.31,0.980342,136.921,25.3844,False,False,1,1.89523,False,1,,,single,True,1.2678,True,A
8659,95338705,1,2617.63,1.5,1976.93,9.63444,96.0056,9,10.4754,6497,1.22882,3,24,0,0,8.15761,100.771,614.284,0.998471,153.46,23.2653,False,False,2,1.72118,False,1,,,single,True,0.531668,True,A
8663,233575319,1,2635.48,12,1783.09,9.62985,12.1649,72,11.3949,6015,1.3784,3,24,0,0,,123.663,1003.68,0.912826,282.142,64.2126,True,False,6,1.72118,False,1,,,single,True,0.566395,True,B
8664,264173386,1,2611.21,6,940.385,9.62974,6.16667,36,9.1632,5097,0.697355,3,24,0,0,4.31506,107.317,324.283,0.90764,294.309,70.7415,True,False,1,1.5858,False,1,,,single,True,0.208096,True,B
8666,229464446,1,2635.8,2,2663.64,9.62758,4.32639,12,9.0172,5601,0.878725,1.5,12,1,0,8.3425,7442.5,275.674,0.986734,294.97,65.0137,True,False,1,2.10796,False,1,,,single,True,0.441314,True,B
8671,233164954,1,2635.83,2,1809.62,9.61444,3.83773,12,10.2634,5589,0.924518,3,24,0,0,9.90125,166.732,596.022,0.823212,187.015,59.8111,True,False,2,0.889598,False,1,,,single,True,0.382707,True,B
8672,27072960,1,2615.84,2,3852.14,9.61322,138.839,12,11.8344,5686.21,0.964132,3,24,0,0,,144.102,1351.64,0.994791,152.496,19.3327,False,False,2,1.95325,False,1,,,single,True,0.582298,True,A
8678,87973661,1,2630.93,4,2369.66,9.60983,114.831,24,11.8563,5774.4,1.43861,3,24,0,0,,148.123,1382.15,0.964569,146.472,20.4938,False,False,1,1.85655,False,1,,,single,True,0.681464,True,A
8679,207399644,1,2635.8,3,4282.03,9.60919,4.34499,18,11.4787,4112,0.743907,3,24,0,0,4.49537,772.744,916.545,0.996633,242.23,59.7487,True,False,2,0.715546,False,1,,,single,True,0.473697,True,B
8682,160332951,1,2616.8,4,3258.31,9.60751,115.837,24,12.3116,5958,1.79554,3,24,0,0,,226.233,1710.18,0.980693,155.815,34.4431,False,False,1,0.5,False,1,,,single,True,0.997352,True,A
8688,286714391,2,2618.2,1,6156.24,9.58999,0.668353,6,11.7711,6060.79,1.72426,3,24,0,0,12.7186,386.084,1334.53,0.916083,142.895,21.1638,False,False,2,1.2377,True,2,,,single_partial,True,1.31649,True,B
8691,137959094,2,2635.28,6,3323.53,9.58586,16.9905,36,11.8918,5435.28,2.15955,0.75,6,1,0,5.11276,8839.39,1413.24,0.938399,153.428,57.2459,True,False,1,0.676868,False,2,,,single,True,1.21149,True,B
8695,1120059,1,2633.8,6,2300.02,9.58122,52.5051,27,11.837,6101.08,1.45018,3,24,0,0,,143.522,1317.95,0.993023,155.829,26.994,False,False,0,1.04431,False,1,,,single,True,0.676777,True,A
8700,407582023,1,2635.8,2,5374.17,9.57527,4.49279,12,12.4355,5733.69,1.32225,3,24,0,0,12.5137,342.785,1786.92,0.982736,145.246,33.811,True,False,2,1.2377,False,1,,,single,True,0.943249,True,B
8702,252801434,1,2635.74,6,3869.01,9.57275,5.83714,36,11.7731,4516.91,0.701198,3,24,0,0,9.0204,1300.53,1142.22,0.990128,166.086,45.2755,True,False,3,0.83158,False,1,,,single,True,0.424422,True,B
8703,198185764,1,2625.64,4,3010.93,9.5722,4.99598,24,11.5452,4910,0.811882,3,24,0,0,9.82115,968.713,964.532,0.994131,245.594,64.7628,False,False,4,0.5,False,1,,,single,True,0.433511,True,A
8704,39124669,1,2618.16,6,3243.68,9.56657,83.1688,36,12.2964,6040.67,1.04415,3,24,0,0,,202.557,1796.15,0.958379,151.836,36.8207,False,False,3,1.16034,False,1,,,single,True,0.578681,True,A
8709,233095515,1,2621.38,6,662.892,9.56015,5.83384,36,9.29833,6161,2.30758,3,24,0,0,5.32264,63.4346,339.443,0.981113,272.873,64.0578,True,False,3,1.95325,False,1,,,single,True,0.578144,True,B
8711,236817256,1,2610.68,6,2472.89,9.55917,6,36,11.4226,5557,1.06705,3,24,0,0,1.73901,247.207,1171.65,0.818585,283.761,56.5737,True,False,4,0.908937,False,1,,,single,True,0.51635,True,B
8712,289718003,1,2611.13,1,12180.7,9.55871,3.66667,6,9.93511,5935,0.976493,2,16,1,0,5.90932,2306.27,1002.32,0.992085,159.22,58.5759,True,False,3,0.734885,False,1,,,single,True,1.04873,True,B
8713,95358516,1,2610.1,6,3398.13,9.5585,6,36,12.4133,6745,1.49216,3,24,0,0,7.12198,342.842,2055.01,0.827979,154.074,19.9721,True,False,7,2.37871,False,1,,,single,True,0.846434,True,B
8715,27066516,1,2635.56,1.5,3568.99,9.55672,10.1716,9,11.4763,5129.18,0.962919,3,24,0,0,,136.428,1082.19,0.993281,151.755,18.1797,True,False,5,1.25704,False,1,,,single,True,0.559783,True,B
8719,85335390,1,2610.24,6,1885.14,9.5499,6,36,12.0084,5831.11,1.10935,3,24,0,0,,133.657,1344.34,0.969809,168.25,34.6342,True,False,3,0.85092,False,1,,,single,True,0.468704,True,B
8720,386883857,2,2626.59,8,6324.52,9.54735,9.17083,48,12.7932,6493.96,1.81061,3,24,0,0,12.4963,1601.02,2816.02,0.967317,136.706,23.8494,True,False,2,1.64382,False,2,,,single,True,1.40119,True,B
8721,141813110,1,2610.71,8,1668.84,9.54652,9.66667,48,11.0704,5908,0.896912,3,24,0,0,8.58119,308.401,885.323,0.806317,204.475,56.6236,True,False,3,0.5,False,1,,,single,True,0.356545,True,B
8723,95358542,1,2614.49,16,4200.07,9.5457,111,82,10.7177,4956.63,0.757417,2,16,1,0,8.71537,4571.69,1927.56,0.989977,154.085,19.8521,True,False,1,2.34003,False,1,,,single,True,0.477662,True,B
8728,160603595,1,2611.28,1.5,2704.85,9.53945,4.16667,9,9.88431,6104,1.01106,0.75,6,1,0,5.40756,9830.59,476.16,0.834031,245.131,76.5678,True,False,0,1.5858,False,1,,,single,True,0.511689,True,B
8729,165685786,1,2626.33,3,1768.79,9.53882,4.49255,18,9.64292,5554,0.918878,3,24,0,0,5.93126,606.971,401.656,0.876779,163.167,35.2214,True,False,0,1.17968,False,1,,,single,True,0.376056,True,B
8732,165413687,1,2610.1,1.5,4821.13,9.53142,3.66667,9,11.5084,5739.82,1.41147,1.5,12,1,0,1.56879,516.267,1296.31,0.933673,159.523,29.1548,True,False,4,1.10233,False,1,,,single,True,0.953682,True,B
8733,159400374,1,2611.14,6,2640.78,9.53004,6.16667,36,11.9425,5683,0.951187,3,24,0,0,3.80254,235.078,1192.29,0.936211,238.12,82.2291,True,False,3,1.72118,False,1,,,single,True,0.475652,True,B
8734,8885631,1,2614.38,1,8958.26,9.52992,71.1667,6,12.5746,6723.57,1.58261,3,24,0,0,8.77468,963.27,1970.93,0.991647,143.341,31.067,True,False,0,1.60514,False,1,,,single,True,1.45762,True,B
8736,55762489,1,2610.56,4,2903.29,9.52535,5,24,10.2247,5643,0.859755,1.25,10,1,0,7.53888,10037.5,495.4,0.98798,182.006,54.8646,True,False,3,0.522155,False,1,,,single,True,0.450793,True,B
8741,377387602,1,2610.75,6,504.33,9.52079,6.16667,36,9.001,5851,1.13487,3,24,0,0,5.54187,45.057,289.3,0.997348,149.625,54.0105,True,False,0,1.37307,False,1,,,single,True,0.248005,True,B
8742,318292476,1,2610.73,6,4910.82,9.51963,6.16667,36,11.6127,5426.2,0.74668,2,16,1,0,6.07473,2585.01,1363.69,0.936071,164.568,51.7265,True,False,1,0.773563,False,1,,,single,True,0.509177,True,B
8743,27035168,1,2621.13,12,2027.14,9.51917,11.839,65,12.6794,5800.51,0.981552,3,24,0,0,,241.313,2404.03,0.984092,151.406,18.1677,False,False,0,1.02497,False,1,,,single,True,0.430044,True,A
8744,87950409,1,2621.45,2,4948.15,9.51753,4.16869,12,12.0676,5893.58,1.53378,3,24,0,0,3.66665,282.973,1535.58,0.996818,145.614,23.2773,True,False,5,2.20466,False,1,,,single,True,1.04989,True,B
8746,142903881,1,2635.83,1,4124.32,9.5143,3.65929,6,9.94149,6066,1.25798,3,24,0,0,3.86149,376.48,712.886,0.800109,177.113,71.2209,True,False,5,1.08299,False,1,,,single,True,0.786154,True,B
8747,224289997,1,2613.06,2,2849.65,9.51366,66.3333,12,11.4767,4662.86,0.84094,3,24,0,0,10.7061,253.344,1033.99,0.928444,183.141,58.4373,False,False,1,0.966954,False,1,,,single,True,0.436836,True,A
8748,359313787,1,2625.68,6,6926.95,9.51243,5.99517,36,11.8546,4754,0.748727,3,24,0,0,10.6396,1661.3,1238.16,0.922278,267.991,56.8023,False,False,4,1.62448,False,1,,,single,True,0.60639,True,A
8751,316417839,1,2610.44,1.5,7281.8,9.50962,3.66667,9,12.3853,3446,0.432851,3,24,0,0,9.88262,530.05,2155.55,0.739906,189.181,55.0687,True,False,3,0.696207,False,1,,,single,True,0.359431,True,B
8752,377292963,1,2635.81,2,2670.33,9.50701,4.16629,12,9.8592,4340,0.738542,1.5,12,1,0,4.16666,1550.23,405.491,0.984187,286.645,59.5976,True,False,3,1.54713,False,1,,,single,True,0.371377,True,B
8760,17328169,1,2628.18,16,1108.57,9.49325,48.6606,96,11.7153,5581.96,0.84058,3,24,0,0,7.24736,312.978,1181.25,0.994692,161.309,36.8161,False,False,2,1.27638,False,1,,,single,True,0.272344,True,A
8762,330755655,1,2626.94,6,5377.06,9.49236,19.1666,36,12.9847,5818.44,1.60115,3,24,0,0,,307.064,2900.6,0.904304,144.308,25.1503,True,False,3,2.63011,False,1,,,single,True,1.14252,True,B
8765,202381888,1,2625.53,6,1453.12,9.49095,6.16259,36,10.3933,6223,1.18555,3,24,0,0,3.46756,143.453,580.146,0.908549,209.794,65.3186,False,False,1,0.5,False,1,,,single,True,0.439772,True,A
8767,372680152,1,2635.63,8,4383.87,9.48781,8.48735,48,12.5914,5620,0.821059,3,24,0,0,5.65357,726.252,2051.29,0.996228,140.958,41.049,True,False,6,2.0306,False,1,,,single,True,0.529006,True,B
8776,171598679,1,2610.09,6,2781.83,9.47509,6,36,12.0042,5101,0.886273,3,24,0,0,,199.529,1534.15,0.903117,156.743,20.6894,True,False,5,1.37307,False,1,,,single,True,0.454873,True,B
8777,288347689,1,2626.44,6,3631.38,9.47365,6.17232,36,12.468,4104,0.643452,3,24,0,0,4.14692,384.116,1829.33,0.932205,264.883,79.0343,True,False,5,1.19902,False,1,,,single,True,0.37732,True,B
8778,420112217,1,2628.9,6,3785.34,9.47363,45.1731,36,12.4899,5644,1.27928,3,24,0,0,,245.408,1961.69,0.964154,290.058,73.9897,False,False,1,1.04431,False,1,4163.01,4163.01,single,True,0.765906,True,A
8783,148916357,2,2634.8,24,791.385,9.46377,28.3315,144,11.4947,4627,0.736384,3,24,0,0,12.7639,275.758,1046.86,0.961687,187.91,67.6291,False,False,1,0.792902,False,2,,,single,True,0.201584,True,A
8787,17258580,1,2610.43,6,732.73,9.46173,7.33333,36,9.35821,5942.55,1.06961,3,24,0,0,0.847395,78.6219,392.846,0.888089,147.309,36.3205,True,False,8,2.04994,False,1,,,single,True,0.281744,True,B
8790,117417273,1,2619.09,4,2201.72,9.45934,60.8318,24,11.3002,4947,0.789553,3,24,0,0,0.763875,151.172,984.773,0.987697,137.665,24.9347,False,False,3,2.49474,False,1,,,single,True,0.360512,True,A
8792,232619213,1,2614.64,8,5056.76,9.45687,101,36,12.1199,5079.72,0.750209,1.5,12,1,0,9.12466,6674.38,1620.01,0.947471,268.193,54.9763,False,False,0,1.72118,False,1,,,single,True,0.51913,True,A
8793,165690623,1,2610.73,8,2389.25,9.45664,20.1667,48,12.0255,5952.65,1.5057,3,24,0,0,8.69922,301.316,1548.47,0.964331,163.712,30.3784,True,False,3,1.10233,False,1,,,single,True,0.716187,True,B
8794,367836609,1,2628.32,3,4252.48,9.45642,6.67145,18,11.9405,5338,0.81836,3,24,0,0,4.4297,705.479,1231.46,0.970513,275.724,74.7359,False,False,2,1.08299,False,1,,,single,True,0.519305,True,A
8796,233431457,1,2610.87,2,5440.72,9.45572,10.6667,12,12.5495,5724.29,1.08825,3,24,0,0,,201.863,1967.31,0.997683,145.577,28.6444,True,False,7,2.51408,False,1,,,single,True,0.781114,True,B
8800,171646358,1,2617.13,2,3497.1,9.45318,107.842,12,11.6984,5581.46,0.987913,3,24,0,0,7.26093,191.16,1220.09,0.998977,158.723,19.7489,False,False,1,1.12167,False,1,,,single,True,0.568499,True,A
8804,86069471,1,2618.29,1.5,3548.65,9.44797,80.1662,9,11.6245,5434.57,0.720491,3,24,0,0,,137.458,1098.6,0.99691,139.537,23.0145,False,False,0,1.89523,False,1,,,single,True,0.417655,True,A
8805,8746020,1,2611.04,12,3241.77,9.44741,14.5,72,12.811,5575,0.803854,3,24,0,0,,262.754,2536.66,0.933223,139.797,32.6454,True,False,6,1.6825,False,1,,,single,True,0.445375,True,B
8809,230075971,1,2635.66,8,2676.52,9.44306,7.83843,48,12.0824,4248,0.690882,3,24,0,0,6.90785,785.148,1288.38,0.952276,244.725,65.9956,True,False,1,0.773563,False,1,,,single,True,0.347814,True,B
8811,66696392,1,2626.69,4,2713.78,9.442,5.00253,24,11.6645,5022,0.716339,3,24,0,0,5.84979,284.57,1114.83,0.99018,156.325,55.9345,True,False,2,0.560833,False,1,,,single,True,0.363131,True,B
8812,157834954,1,2635.79,3,4419.01,9.44195,4.66022,18,12.4523,5577,0.970839,3,24,0,0,3.51442,332.978,1869.72,0.866674,149.783,42.8443,True,False,3,0.870259,False,1,,,single,True,0.628011,True,B
8822,302671418,1,2626.45,6,3919.13,9.43216,6.00059,36,12.7303,5383.64,1.93958,3,24,0,0,,302.21,2295.67,0.90937,163.964,58.0189,True,False,5,1.10233,False,1,,,single,True,1.18157,True,B
8826,95431027,2,2634.99,24,3653.64,9.42883,24.0077,144,12.7663,4307.93,0.768571,3,24,0,0,12.0696,1149.26,2486.91,0.982406,154.891,18.721,False,False,2,2.1273,False,2,,,single,True,0.452069,True,A
8827,82220286,1,2611.68,2,7418.61,9.42313,31.1667,12,12.9612,5561.4,1.05126,3,24,0,0,0.596897,485.724,2622.46,0.993787,148.263,29.0522,True,False,0,1.25704,False,1,,,single,True,0.881107,True,B
8831,157871338,1,2629.04,1,9283.09,9.41684,0.676473,5,12.372,5460.1,0.955621,2,16,1,0,4.75832,1653.09,1900.46,0.995368,191.056,53.2584,False,False,0,0.5,True,1,,,single_partial,True,0.895962,True,B
8836,289582095,1,2610.62,2,2178.16,9.41132,4,12,9.77134,6115,1.64349,3,24,0,0,3.64785,375.894,455.803,0.929016,253.125,64.9473,True,False,5,1.83721,False,1,,,single,True,0.746397,True,B
8838,415761040,1,2635.54,4,2763.79,9.40887,8.00061,24,11.5775,4763.18,0.872967,3,24,0,0,3.55421,226.236,1327.74,0.888477,162.321,46.6425,True,False,4,0.83158,False,1,,,single,True,0.446589,True,B
8839,4990618,1,2635.83,1.5,4199.5,9.40806,3.82968,9,11.4713,5462,1.08007,3,24,0,0,0.875323,248.982,1157.27,0.859041,149.464,34.4741,True,False,4,1.52779,False,2,,,single,True,0.681096,True,B
8845,229403646,1,2626.22,4,690.663,9.40158,5.00323,24,9.30269,5812,1.365,3,24,0,0,,42.3063,322.267,0.993103,292.613,61.8732,False,False,2,2.14664,False,1,,,single,True,0.349079,True,A
8846,138708687,1,2621.17,3,6704.3,9.40064,10.9982,18,12.8825,6000.58,1.84881,3,24,0,0,3.46653,449.752,2809.99,0.940423,137.004,25.0578,False,False,4,2.34003,False,1,,,single,True,1.47308,True,A
8847,23969903,1,2615.36,16,303.477,9.39805,129.167,96,7.70675,8483,1.73375,3,24,0,0,,116.516,1258.71,0.996535,147.186,43.6654,False,False,2,1.31506,False,1,,,single,True,0.293905,True,A
8848,371490927,1,2635.65,8,1471.61,9.39794,8.15629,48,11.1248,5676.24,0.963513,3,24,0,0,6.15441,191.381,864.689,0.974136,149.073,52.45,True,False,2,1.48911,False,1,,,single,True,0.359676,True,B
8854,232975610,1,2610.99,6,2889.47,9.39335,12.8333,36,12.6419,6239,1.05647,3,24,0,0,12.7639,484.675,1981.38,0.984594,200.554,69.5161,True,False,1,0.812241,False,1,,,single,True,0.552616,True,B
8856,233432141,1,2628.94,2,5049.13,9.39168,67.1662,12,12.3716,4611.6,0.761907,3,24,0,0,,226.208,1797.61,0.996047,145.744,26.6221,False,False,2,2.61078,False,1,,,single,True,0.526826,True,A
8858,149417523,1,2612.78,2,1622.74,9.39063,59,12,10.2892,5671,0.971701,3,24,0,0,4.58327,157.589,506.748,0.993961,140.225,24.4521,False,False,1,2.18532,False,2,,,single,True,0.380903,True,A
8867,4893333,1,2615.47,4,4577.96,9.38191,123.5,24,12.6092,5679.76,1.1835,3,24,0,0,0.122689,455.325,2000.07,0.996692,147.595,31.7149,False,False,0,1.39241,False,1,,,single,True,0.779223,True,A
8871,235714007,1,2612.71,6,3206.24,9.37348,6,36,11.9008,6500,1.51037,3,24,0,0,2.30204,304.373,1388.98,0.972301,253.224,82.6232,False,False,0,1.21836,False,1,,,single,True,0.832221,True,A
8872,233011892,1,2611.3,3,3395.38,9.37339,4.66667,18,10.6026,6150,1.34455,3,24,0,0,10.3675,894.519,913.62,0.75466,248.575,71.9324,True,False,6,1.14101,False,1,,,single,True,0.762392,True,B
8876,9375314,1,2635.81,2,3564.61,9.369,4.16282,12,11.6078,5786,1.13729,3,24,0,0,10.8101,309.768,1173.14,0.84957,150.705,37.75,True,False,2,1.06365,False,2,,,single,True,0.660746,True,B
8879,286728640,1,2619.34,4,2422.35,9.36428,55.0011,24,11.8654,5827,1.03539,3,24,0,0,5.83328,247.945,1321.42,0.985559,143.139,22.3541,False,False,0,2.01126,False,1,,,single,True,0.495884,True,A
8880,1400807589,1,2621.44,3,3696.69,9.36376,4.33681,18,7.6389,5391,0.86154,2.5,20,1,0,10.6425,5150.84,166.187,0.9816,265.715,58.6851,True,False,1,1.35374,False,1,,,single,True,0.509729,True,B
8886,219844898,1,2625.71,6,4526.29,9.35268,5.99904,36,12.8197,3825,0.500232,3,24,0,0,3.14497,383.885,2325.32,0.96429,255,68.3921,False,False,5,1.16034,False,1,,,single,True,0.327492,True,A
8888,149369271,1,2619.22,1.5,2046.96,9.34969,57.8325,9,10.3948,6467,1.85129,3,24,0,0,3.29055,150.569,565.621,0.984842,139.208,24.7755,False,False,2,2.1273,False,1,,,single,True,0.815054,True,A
8890,70722031,1,2630.12,2,5440.85,9.34474,98.8238,12,12.3966,6131.55,1.58063,3,24,0,0,,248.35,2115.08,0.990762,156.624,16.6391,False,False,2,1.14101,False,1,,,single,True,1.13454,True,A
8893,308027799,1,2631.81,1,5600.69,9.34082,100.167,6,12.0048,5968.04,1.85013,3,24,0,0,,181.005,1488.81,0.99803,150.255,25.456,False,False,0,1.00563,False,1,,,single,True,1.34735,True,A
8895,236792182,1,2633.63,16,3492.33,9.33933,56.3363,96,12.2026,5999,1.72101,3,24,0,0,4.56227,703.704,1676.77,0.96077,283.494,56.6187,False,False,0,1.02497,False,1,,,single,True,0.989689,True,A
8897,233164593,1,2621.44,3,3988.27,9.33708,4.3384,18,11.3408,6046.59,1.11807,3,24,0,0,3.29419,517.138,922.399,0.989259,186.881,57.0404,True,False,0,1.00563,False,1,,,single,True,0.687098,True,B
8900,85286071,1,2635.54,8,3150.89,9.33463,10.8356,48,12.9358,5746.47,1.4137,3,24,0,0,6.52433,383.083,2621.42,0.93786,155.546,32.8989,True,False,2,0.5,False,1,,,single,True,0.772203,True,B
8903,441725294,1,2626.37,2,3243.26,9.32904,4.50146,12,9.86863,5434,0.917423,3,24,0,0,9.56726,1332.38,418.164,0.992932,256.105,72.4965,True,False,3,0.889598,False,1,,,single,True,0.508415,True,B
8904,286713825,1,2635.13,1,9932.33,9.32896,0.838239,6,12.7811,5695.33,1.14043,3,24,0,0,8.55548,388.087,2559.59,0.994557,142.882,23.1768,False,False,1,2.4754,True,1,,,single_partial,True,1.10599,True,B
8906,159500796,1,2635.79,3,5391.42,9.32654,4.65905,18,12.2367,5404,0.856421,2,16,1,0,5.40905,1586.55,1392.65,0.972711,245.852,78.2711,True,False,4,1.04431,False,1,,,single,True,0.611922,True,B
8911,253051722,1,2610.42,4,1245.41,9.3225,5,24,10.5331,5780.26,1.4252,3,24,0,0,,66.7776,620.98,0.957001,177.8,44.1591,True,False,0,0.773563,False,1,,,single,True,0.489429,True,B
8912,27069134,1,2629.09,1,4503.48,9.32079,74.1604,6,11.6085,5005.28,0.747406,3,24,0,0,,133.282,1182.45,0.965855,152.075,19.2995,False,False,2,1.79853,False,1,,,single,True,0.488077,True,A
8913,86019349,1,2629.21,1.5,3992.43,9.32061,73.6692,9,11.5104,5439.21,1.26714,3,24,0,0,4.75301,334.585,1114.5,0.930929,139.161,23.6741,False,False,0,2.20466,False,1,,,single,True,0.779113,True,A
8916,233537038,1,2635.64,8,4099.93,9.31729,8.33098,48,10.3777,5635,2.06841,3,24,0,0,7.36108,1270.97,586.639,0.952123,280.735,65.6295,True,False,4,1.93391,False,1,,,single,True,1.28879,True,B
8921,63217663,1,2611.2,3,4371.5,9.3138,32.6667,18,12.3781,5586.31,0.819411,3,24,0,0,,208.922,1886.59,0.988537,157.094,17.6929,True,False,2,1.64382,False,1,,,single,True,0.527199,True,B
8926,95312806,1,2618.13,2,4083.67,9.30917,84.0055,12,12.0316,6546,2.10932,3,24,0,0,,172.514,1441.57,0.988751,153.315,23.4037,False,False,0,1.62448,False,1,,,single,True,1.31167,True,A
8927,219432423,1,2626.54,6,2757.32,9.30883,12.1692,36,12.2855,6012,1.75646,3,24,0,0,8.33788,468.664,1567.52,0.962983,204.143,75.4491,True,False,1,1.52779,False,1,,,single,True,0.897511,True,B
8928,229683562,1,2626.38,12,1321.57,9.30723,22.1607,72,11.9529,5804.25,1.19795,3,24,0,0,4.48793,235.478,1337.23,0.966707,262.491,56.5556,True,False,0,1.60514,False,1,,,single,True,0.42378,True,B
8929,298049986,1,2611.4,6,2926.72,9.30527,6.33333,36,11.7609,6239,1.6689,3,24,0,0,8.28225,593.333,1302.01,0.952697,191.497,80.1369,True,False,0,1.06365,False,1,,,single,True,0.878574,True,B
8930,165555117,1,2611.45,12,1517.9,9.30373,12.5,72,11.6126,5111.22,1.17435,3,24,0,0,12.5245,256.959,1025.41,0.987863,267.036,58.5608,True,False,5,1.45043,False,1,,,single,True,0.445222,True,B
8931,85292285,1,2635.74,6,2734.89,9.3036,5.83707,36,12.3408,5123.85,0.871136,3,24,0,0,,191.04,1662.45,0.989136,156.661,31.6549,True,False,3,1.06365,False,1,,,single,True,0.443316,True,B
8932,95338795,1,2616.42,6,4374.56,9.30256,125.005,36,12.8574,5534.5,0.89093,3,24,0,0,,257.899,2557.91,0.993198,153.405,23.7714,False,False,1,1.81787,False,1,,,single,True,0.573414,True,A
8939,219895913,1,2626.87,24,1597.94,9.29342,34.3324,144,12.6859,4796,0.850329,3,24,0,0,4.19793,317.312,1954.45,0.979297,263.198,66.5702,True,False,2,0.792902,False,1,,,single,True,0.330769,True,B
8940,172530223,1,2612.97,24,896.847,9.29282,27.5,144,12.279,6113.02,1.85488,3,24,0,0,,194.57,1698.17,0.998387,142.838,29.7736,False,False,5,2.34003,False,1,,,single,True,0.540546,True,A
8950,27068491,1,2618.06,2,4776.54,9.27697,85.5056,12,12.2134,5852.81,1.20582,3,24,0,0,,179.701,1717.81,0.963609,152.038,19.7515,False,False,2,1.93391,False,1,,,single,True,0.810955,True,A
8953,253045138,1,2635.81,3,3612.53,9.27304,4.34414,18,11.7726,4057.72,0.755083,3,24,0,0,7.11432,388.948,1446.9,0.89197,176.67,44.4798,True,False,4,0.618851,False,1,,,single,True,0.44163,True,B
8955,288130482,1,2621.45,2,4952.44,9.27092,4.16227,12,10.8044,6190,1.16508,3,24,0,0,7.0909,995.481,1068.06,0.677173,208.399,82.606,True,False,1,0.5,False,1,,,single,True,0.797853,True,B
8957,166012677,1,2610.51,2,5144.76,9.26941,4.33333,12,10.8238,4336,0.724187,3,24,0,0,10.6888,1230,874.137,0.750473,212.375,64.9694,True,False,4,0.676868,False,1,,,single,True,0.505465,True,B
8960,320526395,1,2610.68,6,1535.36,9.26561,6,36,9.35,7488,2.15632,3,24,0,0,0.0478581,134.256,423.611,0.899823,264.94,59.1249,True,False,3,1.31506,False,1,,,single,True,0.822197,True,B
8962,24005848,1,2610.4,2,5906.01,9.26466,4,12,12.9364,5805.42,0.897514,3,24,0,0,6.77452,466.636,1801.49,0.953088,163.537,43.1729,True,False,4,1.12167,False,1,,,single,True,0.671191,True,B
8963,8901872,1,2631.33,1.5,8175.83,9.26437,111.826,9,12.8509,5040,1.30773,3,24,0,0,,259.04,2374.07,0.996523,143.766,30.3113,False,False,3,1.95325,False,1,,,single,True,1.15065,True,A
8965,331943300,1,2611.3,8,3280.66,9.26117,8,48,12.8813,5567.68,1.10428,3,24,0,0,,288.78,2865.68,0.961465,148.579,57.4109,True,False,3,0.522155,False,1,,,single,True,0.615485,True,B
8966,368413432,1,2635.54,8,1095.01,9.26081,8.33608,48,10.0943,5306.47,2.20243,3,24,0,0,0.840505,130.493,702.033,0.881182,157.188,34.89,True,False,0,0.599511,False,1,,,single,True,0.709201,True,B
8967,27066746,1,2610.1,6,3287.54,9.2597,6,36,12.4152,6401.12,1.38882,3,24,0,0,,274.377,1959.28,0.977424,151.887,18.7772,True,False,5,1.56647,False,1,,,single,True,0.774888,True,B
8968,389962746,1,2610.71,6,3002.52,9.25962,6.33333,36,12.3668,6307,1.29375,3,24,0,0,,167.793,1812.62,0.812589,276.771,58.1746,True,False,6,1.35374,False,1,,,single,True,0.689844,True,B
8969,219898841,1,2611.03,6,4371.41,9.25924,6.16667,36,12.4999,3515,0.524317,3,24,0,0,7.41423,391.969,2038.78,0.850641,263.518,67.1449,True,False,3,1.04431,False,1,,,single,True,0.337336,True,B
8973,232524876,1,2627.69,12,2298.11,9.25449,12.004,72,12.4846,5711,0.879761,3,24,0,0,,223.84,1827.94,0.929272,194.122,76.271,False,False,2,0.966954,False,1,,,single,True,0.4104,True,A
8974,166150165,1,2625.55,3,2154.41,9.25372,4.49469,18,11.0583,4747,0.750699,3,24,0,0,5.56619,370.395,790.068,0.958007,216.027,63.8487,False,False,4,1.50845,False,1,,,single,True,0.339069,True,A
8978,171629662,1,2620.7,16,2620.75,9.24991,22.1745,85,12.7064,5490,0.988489,3,24,0,0,,298.135,2254.76,0.97595,158.329,22.0364,False,False,0,0.541494,False,1,,,single,True,0.492428,True,A
8981,232646239,1,2635.82,1.5,3293.12,9.24731,3.83569,9,10.2685,6522,1.32048,3,24,0,0,4.25812,390.177,776.171,0.898491,281.65,58.5721,True,False,5,1.48911,False,1,,,single,True,0.737383,True,B
8984,239196370,1,2617.01,2,5797.24,9.24571,110.835,12,12.3625,5962.71,1.48786,3,24,0,0,2.16454,303.821,1813.43,0.979821,146.557,25.9544,False,False,0,1.43109,False,1,,,single,True,1.10238,True,A
8985,233173039,1,2620.46,4,4373.5,9.24349,27.8366,24,12.899,5954,0.873596,3,24,0,0,,201.233,2231.79,0.994568,216.206,66.7007,False,False,0,0.792902,False,1,5635.01,5635.01,single,True,0.562189,True,A
8987,252468694,1,2611.77,6,3867.6,9.2387,6.83333,36,12.8679,5515.07,1.01822,3,24,0,0,,300.57,2703.2,0.886633,150.301,52.483,False,False,6,1.64382,False,1,,,single,True,0.616197,True,A
8988,349793852,1,2610.86,12,1492.11,9.23802,12.3333,72,11.8492,6146.39,1.30043,3,24,0,0,,155.137,1327.6,0.973918,143.473,24.1829,True,False,5,2.30135,False,1,,,single,True,0.488815,True,B
8989,8768832,1,2611,1,4490.46,9.2357,3.66667,6,10.5893,5757,2.63363,3,24,0,0,1.87134,480.315,656.039,0.940251,140.232,30.6862,True,False,6,2.61078,False,1,,,single,True,1.71734,True,B
8993,95342238,1,2618.06,2,3856.48,9.2291,85.5065,12,11.8827,6805.57,1.46026,3,24,0,0,,151.337,1402.74,0.993766,153.851,19.3257,False,False,3,2.24333,False,1,,,single,True,0.882436,True,A
8996,142825799,1,2611.14,12,2644.69,9.22609,16.3333,72,12.8419,5492,1.79999,3,24,0,0,,262.395,2241.56,0.987162,173.641,66.5299,True,False,2,0.908937,False,1,,,single,True,0.900772,True,B
8998,171599551,1,2631.32,1,7843.38,9.22234,112.008,6,12.5513,5880,0.949435,3,24,0,0,5.22923,303.649,2057.12,0.995077,156.914,22.1583,False,False,1,0.812241,False,1,,,single,True,0.818228,True,A
9005,63308667,1,2627.33,4,6523.99,9.21476,31.8225,24,12.9182,5951.77,1.58426,3,24,0,0,4.08537,571.866,3069.34,0.987967,158.299,15.6696,True,False,0,0.522155,False,1,,,single,True,1.2452,True,B
9006,21501157,1,2635.43,12,2566.68,9.21232,13.3281,72,12.8029,5995,1.75455,3,24,0,0,,259.138,2258.1,0.970406,149.046,37.9163,True,False,4,0.85092,False,1,,,single,True,0.864986,True,B
9007,356501075,1,2610.9,4,2855.53,9.21182,9.5,24,11.2981,5244,0.774356,1.5,12,1,0,4.24644,1563.13,990.281,0.97779,150.806,61.2673,True,False,4,0.812241,False,1,,,single,True,0.402663,True,B
9009,149442497,1,2627.13,1,4121.99,9.21049,21.6693,6,10.9123,5515,1.1757,1,8,1,0,5.68962,8511.54,764.652,0.996163,140.836,27.698,True,False,3,2.59144,False,1,,,single,True,0.734526,True,B
9010,229747217,1,2635.68,6,4710.93,9.20982,7.32713,36,12.4201,6381,1.37256,3,24,0,0,3.60782,618.565,1753.54,0.888211,280.514,71.7654,True,False,3,0.657529,False,1,,,single,True,0.916732,True,B
9012,63277636,2,2634.99,24,2530.4,9.20892,24.0114,144,12.8709,5394,0.878655,3,24,0,0,6.70538,839.619,2775.03,0.926187,157.844,16.7195,False,False,1,0.83158,False,2,,,single,True,0.430101,True,A
9013,229472674,1,2611.2,6,3345.47,9.20871,6,36,12.2282,5711,0.916367,3,24,0,0,5.10845,648.719,1645.81,0.952919,295.334,63.5167,True,False,4,1.87589,False,1,,,single,True,0.515769,True,B
9014,233047501,1,2625.67,4,3577.75,9.20738,5.33087,24,12.1594,5563,0.891985,3,24,0,0,10.5064,727.046,1510.54,0.937901,268.722,61.3926,False,False,2,0.928276,False,1,,,single,True,0.519182,True,A
9015,328901017,1,2634.02,8,2947.3,9.20611,34.8246,48,10.9884,5721,0.903362,3,24,0,0,5.24732,741.135,721.968,0.935848,219.458,79.7016,False,False,0,0.889598,False,1,,,single,True,0.477234,True,A
9022,239194660,1,2632.95,16,1169.21,9.18987,72.9973,96,11.8648,5649,0.799258,3,24,0,0,,151.468,1352.53,0.995194,146.38,23.9785,False,False,3,1.85655,False,1,,,single,True,0.265944,True,A
9023,172517307,1,2618.98,1.5,7215.05,9.18813,63.5003,9,12.6619,6011.46,2.00283,3,24,0,0,12.7672,409.332,2120.91,0.993191,142.579,25.6645,False,False,6,3.17161,False,1,,,single,True,1.65547,True,A
9026,105533536,1,2635.57,8,1918.47,9.1842,9.99391,48,11.3364,6085,2.01664,3,24,0,0,4.48532,147.39,971.306,0.889515,152.652,46.7749,True,False,3,0.5,False,1,,,single,True,0.859534,True,B
9027,95312252,1,2626.25,6,2534.95,9.18405,5.99385,36,12.1409,5480,1.0902,3,24,0,0,10.8855,282.74,1619.24,0.995176,153.109,21.9265,True,False,2,2.01126,False,1,,,single,True,0.534131,True,B
9030,321442026,1,2620.23,16,904.142,9.17987,33.5064,96,10.6715,6424.79,2.11586,3,24,0,0,8.69917,167.149,603.564,0.998086,164.513,37.6928,False,False,0,0.502816,False,1,,,single,True,0.619103,True,A
9033,27069201,1,2617.83,1.5,4193.98,9.1773,91.1723,9,11.6553,5374.57,0.761425,3,24,0,0,6.88053,338.506,1189.88,0.996879,152.082,19.6608,False,False,3,1.95325,False,1,,,single,True,0.479841,True,A
9035,282856383,1,2625.52,6,3817.79,9.17388,5.99219,36,12.3274,5351,2.36488,3,24,0,0,3.56392,438.387,1758.11,0.946678,222.189,60.0756,False,False,3,0.947615,False,1,,,single,True,1.42191,True,A
9038,171557890,1,2610.01,2,6745.65,9.17298,4,12,12.4581,6035,0.963728,3,24,0,0,4.35191,504.441,2317,0.839445,156.175,21.2796,True,False,4,1.43109,False,1,,,single,True,0.770236,True,B
9041,27107061,1,2615.24,1,9608.39,9.17182,129.5,6,12.6637,5801.39,1.34934,3,24,0,0,,303.434,2283.25,0.997044,152.634,19.2335,False,False,0,1.72118,False,1,,,single,True,1.28708,True,A
9043,237224189,1,2611.86,8,2344.08,9.17043,9.66667,48,12.1115,5386,0.809251,3,24,0,0,3.06505,230.096,1422.99,0.884088,296.587,72.219,False,False,6,1.16034,False,1,,,single,True,0.381265,True,A
9049,239204763,1,2615.25,1.5,9606.6,9.16804,127.833,8,12.8704,6555,1.25899,3,24,0,0,3.10268,594.946,2624.49,0.991005,149.136,21.3753,False,False,4,1.97259,False,1,,,single,True,1.20078,True,A
9051,171630912,1,2620.22,1,2021.93,9.16733,33.8419,6,10.3129,6154.24,1.1707,3,24,0,0,4.84191,75.1325,526.394,0.994404,158.535,18.604,False,False,2,1.45043,False,1,,,single,True,0.512255,True,A
9056,95340660,1,2630.57,1.5,8352.59,9.16153,109.66,9,12.6215,5819,1.27763,3,24,0,0,6.87872,526.327,2427.08,0.835882,153.604,20.4223,False,False,2,2.18532,False,1,,,single,True,1.13625,True,A
9058,39730301,1,2610.63,1.5,5096.57,9.1585,3.83333,9,10.4576,5374.28,0.866029,3,24,0,0,4.10615,726.174,1132.2,0.578814,153.588,45.5495,True,False,2,0.541494,False,1,,,single,True,0.601629,True,B
9061,95342953,1,2634.43,3,697.199,9.15658,37.5063,18,9.27365,6391,1.67212,3,24,0,0,,40.8514,314.838,0.994527,153.94,19.8488,False,False,2,2.35937,False,1,,,single,True,0.429639,True,A
9063,14899953,1,2614.36,3,4706.63,9.15276,107.167,18,12.6031,6815,1.998,3,24,0,0,,208.196,2130.97,0.935012,159.858,33.4935,True,False,1,1.25704,False,1,,,single,True,1.33385,True,B
9064,321601360,1,2611.35,6,1665.82,9.15176,6,36,10.4,6543,2.04449,3,24,0,0,10.1562,293.2,681.51,0.921405,269.759,72.6387,True,False,1,1.6825,False,1,,,single,True,0.812001,True,B
9065,149442769,1,2626.43,3,6276.49,9.15155,4.50291,18,12.5852,5995.72,1.03545,1.5,12,1,0,5.9589,3288.57,2188.64,0.897606,140.778,29.1057,True,False,2,2.66879,False,1,,,single,True,0.798261,True,B
9066,441813934,1,2626.69,4,7696.14,9.15091,1.6617,22,12.0165,6201,1.01146,3,24,0,0,11.1583,1753.14,2761.94,0.530489,267.353,77.0052,True,False,4,1.29572,True,1,,,single_partial,True,0.863461,True,B
9067,202503986,1,2635.78,4,4563.66,9.15091,4.84341,24,11.8575,4907,0.72757,3,24,0,0,9.16434,870.198,1272.47,0.995313,230.192,62.0496,True,False,4,1.54713,False,1,,,single,True,0.478287,True,B
9068,155208355,1,2635.79,3,1600.24,9.14945,4.65973,18,9.8405,3605,0.438971,3,24,0,0,3.18818,161.263,476.197,0.980659,144.851,31.7547,True,False,5,1.50845,False,1,,,single,True,0.170878,True,B
9069,18066535,1,2610.42,4,1884.33,9.14801,5,24,11.2051,6198.03,1.20523,3,24,0,0,,120.99,870.594,0.886988,173.106,38.5716,True,False,1,0.502816,False,1,,,single,True,0.509104,True,B
9070,198415281,1,2635.78,4,3681.37,9.14765,4.84453,24,12.0501,4971.81,0.873134,3,24,0,0,11.427,652.087,1452.53,0.821102,259.608,56.9654,True,False,3,0.966954,False,1,,,single,True,0.515517,True,B
9072,67648191,1,2613.23,6,3885.43,9.14683,74.6667,36,12.8461,5652.1,1.1868,3,24,0,0,,289.528,2360.28,0.977246,148.126,36.4764,False,False,0,1.85655,False,1,,,single,True,0.71987,True,A
9076,154088482,1,2625.71,6,2319.7,9.1417,6.16627,36,11.1733,5872,0.935517,3,24,0,0,9.11705,1086.3,895.55,0.863849,208.812,71.2353,False,False,1,0.734885,False,1,,,single,True,0.438455,True,A
9080,252800420,1,2614.88,1.5,6850.77,9.13892,107.333,8,9.3739,7011.07,2.36486,1.5,12,1,0,3.12841,927.265,1963.49,0.529484,165.899,44.3337,False,False,2,1.19902,False,1,,,single,True,1.90473,True,A
9081,4990162,2,2635.48,8,1064.22,9.13761,10.6631,48,10.6045,6215.96,1.19391,3,24,0,0,1.01535,156.804,679.439,0.95464,149.453,34.4659,True,False,3,1.52779,False,2,,,single,True,0.379004,True,B
9082,236716189,2,2621.48,1,5620.58,9.13609,3.3381,6,11.0236,6339,1.27162,3,24,0,0,5.55111,1035,1085.13,0.815435,239.499,62.532,True,False,3,0.870259,False,2,,,single,True,0.927695,True,B
9083,459191811,1,2626.33,3,2959.6,9.13452,4.49116,18,9.0334,4603,0.748666,2,16,1,0,11.6763,7697.28,299.471,0.974044,180.812,47.8426,True,False,0,0.5,False,1,,,single,True,0.396335,True,B
9090,154998279,1,2620.78,1,5099.13,9.12554,20.3332,6,11.6542,6712,1.43341,3,24,0,0,5.16486,370.097,1191.43,0.99453,142.314,27.1026,False,False,1,3.15227,False,1,,,single,True,0.996038,True,A
9096,229616039,1,2635.64,8,1312.85,9.11932,8.16053,48,11.4091,8311,1.66545,3,24,0,0,4.81042,172.491,960.899,0.779457,277.918,72.447,True,False,3,1.02497,False,1,,,single,True,0.587213,True,B
9100,202510236,1,2625.46,3,4364.39,9.1169,4.49285,18,10.3828,3657,0.495943,3,24,0,0,8.5534,2094.2,595.847,0.997884,231.888,61.0006,False,False,0,0.870259,False,1,,,single,True,0.318824,True,A
9101,4990622,1,2635.56,8,2814.21,9.11621,10.1631,48,12.8605,5622.91,0.870878,3,24,0,0,0.849895,473.723,2567.9,0.918,149.485,34.4323,True,False,3,1.52779,False,1,,,single,True,0.449566,True,B
9102,149364451,1,2613.56,4,2623.26,9.11555,77.6667,24,11.8599,5583.19,0.967533,3,24,0,0,,176.486,1324.83,0.993797,138.779,28.2475,False,False,3,2.55276,False,1,,,single,True,0.482218,True,A
9103,236712342,1,2621.3,8,2411.5,9.11457,7.83783,48,12.7316,5783,1.40532,3,24,0,0,,195.4,1971,0.977206,238.658,62.9363,True,False,4,1.37307,False,1,,,single,True,0.671547,True,B
9105,8717721,1,2613.65,3,3336.15,9.11317,79.8333,18,11.9533,5256.7,0.803154,3,24,0,0,,176.678,1439.98,0.996681,138.253,34.1644,False,False,0,1.02497,False,1,,,single,True,0.451418,True,A
9108,158563017,1,2610.57,6,1726.72,9.1049,6,36,10.2363,6004,1.8713,3,24,0,0,1.57251,163.696,597.731,0.76162,221.978,59.4753,True,False,1,0.676868,False,1,,,single,True,0.75668,True,B
9109,229689159,2,2635.15,8,4457.79,9.10487,20.0095,48,11.604,5354.79,0.934021,1.25,10,1,0,4.33316,2813.19,1108.89,0.984908,263.273,57.6635,False,False,0,1.25704,False,2,,,single,True,0.60684,True,A
9111,149469280,1,2617.27,4,1937.35,9.10382,104.5,24,11.2728,6129.34,1.16754,3,24,0,0,0.787312,145.074,950.413,0.996358,141.567,24.5797,False,False,5,2.84284,False,1,,,single,True,0.500073,True,A
9112,171557380,1,2632.43,4,4204.24,9.10268,85.5092,24,12.799,4440,0.720876,3,24,0,0,,236.905,2533.34,0.992665,156.268,18.3328,False,False,2,1.6825,False,1,,,single,True,0.454843,True,A
9115,318251687,1,2628.02,1.5,3551.05,9.09656,44.3319,9,11.6911,5816.65,1.30298,3,24,0,0,,123.97,1118.62,0.993398,163.428,51.8004,False,False,1,0.928276,False,1,,,single,True,0.755568,True,A
9119,313058285,2,2634.97,24,3253.1,9.09169,24.3294,144,11.9073,4346,0.696987,3,24,0,0,9.04375,851.293,1231.14,0.996395,201.237,73.0795,False,False,4,1.14101,False,2,,,single,True,0.38684,True,A
9126,198415205,1,2625.61,3,2870.69,9.08651,4.4934,18,10.3779,5623,1.66101,3,24,0,0,9.82657,758.287,530.133,0.990033,259.552,56.7328,False,False,0,0.83158,False,1,,,single,True,0.866009,True,A
9128,8293592,1,2626.29,1,5511.49,9.08357,3.49357,6,10.1938,5631.42,1.98056,0.75,6,1,0,10.0348,32578.8,656.167,0.629692,163.271,38.226,True,False,1,0.502816,False,1,,,single,True,1.4308,True,B
9129,39064831,1,2610.47,8,1848.14,9.08263,9.16667,48,11.6363,5752.15,1.66256,3,24,0,0,9.99712,378.975,1192.91,0.958207,138.964,36.4899,True,False,6,1.83721,False,1,,,single,True,0.695507,True,B
9130,287179145,1,2635.79,3,5764.28,9.08128,4.65374,18,12.4933,5818,0.98657,3,24,0,0,3.36067,434.401,2115.53,0.836202,149.59,61.607,True,False,2,0.560833,False,1,,,single,True,0.728883,True,B
9139,285009971,1,2633.02,3,2331.08,9.07775,0.832444,14,10.8616,5559,2.57106,3,24,0,0,9.86908,236.738,737.509,0.998431,146.322,24.0407,False,False,3,1.91457,True,1,,,single_partial,True,1.20795,True,B
9147,259234246,1,2635.57,8,2260.39,9.06976,9.65933,48,9.8937,4403,0.696439,3,24,0,0,2.84324,280.325,771.782,0.688444,292.582,67.309,True,False,6,2.63011,False,1,,,single,True,0.322205,True,B
9149,165331707,1,2610.09,2,4233.52,9.06636,4,12,11.5163,5626.92,1.44185,3,24,0,0,2.10128,222.83,1489.68,0.875568,158.302,29.0449,True,False,3,0.812241,False,1,,,single,True,0.912911,True,B
9150,307930965,1,2614.51,8,1667.14,9.0651,100.5,45,10.7941,4817.33,1.11181,3,24,0,0,12.8333,616.402,785.464,0.913567,148.505,27.3146,False,False,3,1.27638,False,1,,,single,True,0.441748,True,A
9152,139415057,1,2628.21,6,2547.03,9.06377,48.6625,36,12.1562,5439.53,1.00232,3,24,0,0,,164.578,1552.06,0.994011,153.878,30.6067,False,False,2,0.580172,False,1,,,single,True,0.492244,True,A
9154,26958865,1,2614.88,1.5,6022.63,9.06264,121,9,10.1479,5293,0.814574,1.5,12,1,0,4.08422,1956.66,1210.41,0.891708,149.645,19.0095,False,False,3,0.966954,False,1,,,single,True,0.61515,True,A
9155,198412919,1,2610.79,8,840.763,9.06162,8.5,48,10.3735,5867,1.31359,3,24,0,0,,75.9048,565.343,0.95932,259.265,57.6289,True,False,5,0.966954,False,1,,,single,True,0.370642,True,B
9157,165691365,1,2634.48,6,1043.87,9.05962,36.1749,36,11.1001,5869,0.887038,3,24,0,0,,88.4171,771.485,0.997711,163.863,34.5112,False,False,3,1.08299,False,1,,,single,True,0.278884,True,A
9164,9428250,1,2612.87,1,5370.2,9.05685,61.8333,6,11.6997,4080.07,0.772765,3,24,0,0,9.20649,1090.6,1130.13,0.9973,167.824,37.6589,False,False,0,0.947615,False,1,,,single,True,0.551062,True,A
9170,318341091,1,2620.24,1.5,7182.02,9.05361,33.1699,9,12.9105,5883.37,1.03849,3,24,0,0,,280.239,2399.81,0.994862,165.024,49.2243,False,False,0,0.754224,False,1,,,single,True,0.856412,True,A
9185,285003333,1,2613.95,4,4035.11,9.03259,87.1667,24,12.5676,4400.44,0.7525,3,24,0,0,9.16648,352.9,2267.73,0.978486,137.515,29.8884,False,False,1,1.43109,False,1,,,single,True,0.465149,True,A
9190,95471287,1,2610.46,2,6906.88,9.02318,14.8333,12,12.7393,4654,0.645675,3,24,0,0,,256.772,2464.05,0.961046,155.808,19.9661,True,False,3,1.89523,False,1,,,single,True,0.522171,True,B
9191,88023824,1,2628.61,3,5275.65,9.02302,59.3313,18,12.4012,5090,0.785083,3,24,0,0,9.16664,432.572,2075.09,0.987018,147.224,23.6792,False,False,0,1.74052,False,1,,,single,True,0.554895,True,A
9192,148908357,1,2611.07,8,2336.25,9.02298,14.6667,48,12.681,6426,1.28749,3,24,0,0,,227.197,2066.8,0.986664,185.391,69.4246,True,False,3,1.17968,False,1,,,single,True,0.605565,True,B
9193,224600369,1,2625.63,3,8112.88,9.02237,4.49347,18,12.6148,4653.32,0.76697,3,24,0,0,12.5905,2597.34,1965.79,0.974747,255.051,58.0383,False,False,1,1.06365,False,1,,,single,True,0.672238,True,A
9194,172518941,1,2618.88,4,3239.66,9.02173,65.8337,24,11.9125,4590,0.780977,3,24,0,0,4.91047,241.958,1380.87,0.868774,142.643,25.6749,False,False,4,3.13293,False,1,,,single,True,0.432559,True,A
9195,233721859,1,2611.2,6,2202.54,9.02079,6,36,11.6042,3512,0.482525,3,24,0,0,4.0868,246.311,1199.96,0.882873,276.561,65.3233,True,False,3,1.21836,False,1,,,single,True,0.220363,True,B
9203,4894953,1,2632.22,3,4823.49,9.01287,90.4947,18,12.5007,5485.06,0.871511,3,24,0,0,2.69095,284.635,1837.09,0.998852,147.841,35.2932,False,False,4,1.56647,False,1,,,single,True,0.588994,True,A
9208,91917148,1,2626.49,1.5,6287.39,9.00771,8.33305,9,12.4061,4678.2,0.782809,3,24,0,0,,272.62,1905.98,0.998153,143.857,23.0141,True,False,4,2.5721,False,1,,,single,True,0.604016,True,B
9210,335660812,2,2635.22,12,2537.35,9.00693,18.326,72,11.6147,5148,0.796644,1.5,12,1,0,3.0208,1107.86,976.673,0.988313,217.024,77.988,False,False,0,1.00563,False,2,,,single,True,0.390492,True,A
9211,199665988,1,2627.09,24,1754.16,9.00662,29.327,144,12.3509,5825,0.888249,3,24,0,0,1.93219,255.953,1627.26,0.985685,251.872,59.4481,True,False,5,1.31506,False,1,,,single,True,0.362015,True,B
9219,150385994,1,2610.41,2,7332.7,9.00107,4,12,12.9311,5535.04,1.76072,3,24,0,0,3.67764,428.365,2648.1,0.840273,193.166,55.0937,True,False,2,0.85092,False,1,,,single,True,1.46717,True,B
9226,353736449,1,2625.68,6,1952.81,8.99248,5.99718,36,10.9652,5575,0.882662,3,24,0,0,5.80656,474.509,708.775,0.98705,276.31,56.8181,False,False,2,1.41175,False,1,,,single,True,0.379561,True,A
9228,156805960,1,2610.46,6,5433.34,8.99064,8.33333,36,12.9247,5676.83,1.80929,3,24,0,0,3.60332,724.42,2651.16,0.99312,140.205,38.8915,True,False,5,2.4754,False,1,,,single,True,1.29777,True,B
9230,356107848,1,2626.19,6,3279.19,8.98607,6.32802,36,12.1533,4901.99,0.733491,3,24,0,0,3.29775,449.058,1590.8,0.931821,261.197,58.6678,False,False,5,0.966954,False,1,,,single,True,0.408729,True,A
9231,224289983,1,2612.65,1.5,8006.93,8.98586,56.6667,9,12.9176,5717.6,0.913325,3,24,0,0,,270.385,2656.06,0.985052,183.121,58.3101,False,False,2,0.966954,False,1,,,single,True,0.795272,True,A
9232,159419508,1,2611.06,4,4301.53,8.98551,5.5,24,12.1955,5900,1.13226,3,24,0,0,7.8601,691.841,1615.35,0.815564,240.252,81.9812,True,False,4,1.72118,False,1,,,single,True,0.722628,True,B
9236,8885374,1,2633.97,4,6134.39,8.98254,48.492,24,12.9514,5643.59,1.09614,3,24,0,0,12.2707,1257.74,2507.88,0.984639,143.174,30.2368,False,False,1,1.87589,False,1,,,single,True,0.835428,True,A
9251,414986129,1,2612.5,1.5,6795.19,8.96535,52.3333,9,12.483,5903,1.96196,3,24,0,0,,235.457,2021.92,0.998252,141.294,22.7752,False,False,1,1.79853,False,1,,,single,True,1.5738,True,A
9255,1718264579,1,2614.44,4,7956.82,8.96299,63.3333,23,11.5326,4593,0.693473,1.25,10,1,0,8.63577,11151.7,1947.83,0.317255,285.05,74.7974,True,False,1,1.3344,False,1,,,single,True,0.601945,True,B
9260,331940537,1,2635.53,8,3860.29,8.95976,9.98842,48,11.8917,5294.14,0.823177,3,24,0,0,1.71087,415.051,1607.84,0.884536,147.934,54.3942,True,False,1,0.792902,False,1,,,single,True,0.497692,True,B
9263,16814128,1,2621.31,1,245946,8.95758,7.6648,6,12.1584,6048.55,1.29496,3,24,0,0,8.66419,21203.7,45154.6,0.98166,142.292,40.0095,True,False,2,3.365,False,1,,,single,True,6.24933,False,B
9271,467254047,1,2627.16,6,3356.7,8.94717,16.5077,36,12.2079,5652,2.33837,3,24,0,0,1.5136,352.344,1733.5,0.917695,307.687,64.6122,True,False,1,1.16034,False,1,,,single,True,1.31834,True,B
9272,233010423,1,2626.39,4,3770.26,8.94637,5.00379,24,12.4365,5222,0.810897,3,24,0,0,5.9242,746.756,1654.3,0.955511,248.623,77.4832,True,False,1,1.10233,False,1,,,single,True,0.484517,True,B
9275,61126873,1,2633.4,1.5,1321.07,8.94577,61.8414,9,9.79527,6236,1.49054,3,24,0,0,7.26282,77.8144,422.614,0.998431,154.709,17.4961,False,False,2,1.21836,False,1,,,single,True,0.527186,True,A
9279,17192861,1,2635.81,2,3993.15,8.94106,4.15768,12,11.453,4875,0.713749,3,24,0,0,9.97582,629.88,1113.74,0.849357,145.421,40.4203,True,False,3,1.60514,False,1,,,single,True,0.438895,True,B
9280,252480352,1,2611.53,6,5249.44,8.93787,14.3333,36,12.6745,5431,0.882939,2.5,20,1,0,3.91489,723.592,2067.4,0.98254,155.807,51.8141,True,False,1,0.754224,False,1,,,single,True,0.622507,True,B
9285,198457021,1,2626.07,3,2529.99,8.93417,4.49438,18,11.8111,5633.65,1.24071,3,24,0,0,9.65561,198.565,1191.63,0.963391,261.751,57.8633,False,False,5,0.928276,False,1,,,single,True,0.607277,True,A
9286,55754320,1,2635.61,8,398.312,8.93201,9.00671,48,8.3672,4949,0.685302,3,24,0,0,9.88259,74.9601,235.972,0.960646,181.448,53.9156,True,False,2,0.522155,False,1,,,single,True,0.133092,True,B
9287,236778226,1,2626.26,8,979.445,8.9313,17.9997,48,10.9099,6353,1.4126,3,24,0,0,3.18838,141.609,756.378,0.952063,282.777,58.9228,True,False,5,1.70184,False,1,,,single,True,0.430196,True,B
9288,219895569,1,2610.64,3,3851.13,8.93012,4.5,18,11.1947,6480,2.26228,3,24,0,0,4.2558,615.977,935.909,0.92415,262.978,66.4017,True,False,5,0.85092,False,1,,,single,True,1.36615,True,B
9289,199682938,1,2625.59,1,5973.38,8.92956,3.6598,6,11.2408,4982,0.740073,1.25,10,1,0,4.11746,3133.95,820.18,0.990895,252.486,58.3893,False,False,1,1.06365,False,1,,,single,True,0.556599,True,A
9290,239206575,1,2610.14,6,2457.87,8.92894,6,36,12.2959,4943.25,0.795475,3,24,0,0,,204.139,1694.26,0.996406,157.16,23.2915,True,False,4,0.754224,False,1,,,single,True,0.383764,True,B
9292,284993701,1,2615.27,3,1304.42,8.92372,118.667,18,10.7688,5914.41,1.4162,3,24,0,0,,92.2762,702.077,0.992923,137.43,24.6105,False,False,2,2.32069,False,1,,,single,True,0.497727,True,A
9294,91990107,1,2630.88,4,4434.39,8.92349,113.833,24,12.5431,6260,1.68758,3,24,0,0,1.16666,412.604,2256.91,0.958015,144.714,23.2167,False,False,2,2.30135,False,1,,,single,True,1.09355,True,A
9296,156804799,1,2610.51,8,4244,8.9217,9.83333,48,12.6894,5866,0.963977,3,24,0,0,4.80314,475.99,2376.52,0.883768,140.129,38.6133,True,False,5,2.86218,False,1,,,single,True,0.611099,True,B
9298,198278144,1,2611,4,4866.78,8.91958,5,24,12.2084,6523,1.24093,2.5,20,1,0,4.34273,827.535,1676.44,0.919944,249.978,62.5271,True,False,2,1.08299,False,1,,,single,True,0.842414,True,B
9299,365936737,2,2635.83,1.5,3376.84,8.91923,3.67333,9,11.4211,5841.41,1.31567,3,24,0,0,9.20149,208.158,1097.42,0.905094,166.799,41.0501,True,False,5,1.17968,False,2,,,single,True,0.743977,True,B
9300,4840053,1,2635.81,2,5443.72,8.91887,4.1604,12,12.0058,3951.52,0.657811,3,24,0,0,4.56593,509.749,1479.93,0.844806,146.778,35.2296,True,False,3,2.0306,False,1,,,single,True,0.472288,True,B
9301,137957074,1,2627.58,12,1221.82,8.91856,14.6703,72,12.1584,6080.7,1.08705,3,24,0,0,,195.659,1563.52,0.994905,153.119,55.4748,False,False,1,0.908937,False,1,,,single,True,0.369753,True,A
9305,417848414,1,2635.58,8,1121.65,8.91428,9.82122,48,11.3215,6043,1.3713,3,24,0,0,,128.797,961.124,0.995151,151.562,62.0141,True,False,3,0.599511,False,1,,,single,True,0.446908,True,B
9311,198365827,1,2632.7,3,3988.55,8.91032,78.8438,18,12.5182,4050,0.607569,3,24,0,0,,212.959,1883.09,0.978573,257.294,58.3718,False,False,0,0.792902,False,1,,,single,True,0.373388,True,A
9313,233005991,1,2611.32,4,3847.86,8.90557,5.16667,24,12.5183,5790,1.8413,3,24,0,0,4.60775,474.481,1334.84,0.98022,247.391,72.226,True,False,4,0.792902,False,1,,,single,True,1.11145,True,B
9314,367839314,1,2612.76,6,2870.69,8.90361,6.16667,36,12.2026,6566,1.42975,3,24,0,0,,204.674,1504.44,0.971937,276.206,75.4595,False,False,3,1.29572,False,1,,,single,True,0.745437,True,A
9316,233539924,1,2635.78,4,2811.99,8.90074,4.83459,24,10.7446,5921,2.14839,3,24,0,0,4.12075,337.159,1061.37,0.834337,280.917,60.4942,True,False,6,1.16034,False,1,,,single,True,1.10861,True,B
9320,172534334,1,2630.83,3,6197.95,8.89833,112.501,18,12.7358,5334,0.797769,3,24,0,0,1.72436,510.507,2527.79,0.836663,143.32,25.4829,False,False,7,3.365,False,1,,,single,True,0.611165,True,A
9323,149441063,1,2612.68,24,2192.37,8.89499,43,144,12.874,33230,0.113,3,24,0,0,3.30313,575.602,2578.89,0.960829,140.666,27.0404,False,False,7,2.97822,False,1,,,single,True,0.0514864,True,A
9327,55780181,1,2617.24,3,3546.36,8.89119,105.17,18,12.236,5876,1.11894,3,24,0,0,,180.779,1745.94,0.939324,182.494,59.4295,False,False,1,0.792902,False,1,,,single,True,0.648419,True,A
9331,233164079,1,2610.54,6,3297.74,8.88708,6,36,12.036,5711.99,0.927539,3,24,0,0,4.06367,300.496,1597.81,0.848034,186.657,54.5574,True,False,5,0.870259,False,1,,,single,True,0.51832,True,B
9332,95361198,1,2633.3,1.5,2763.3,8.88658,64.5067,9,11.1541,5531.02,0.962201,3,24,0,0,,90.0302,859.445,0.969862,154.307,19.8129,False,False,4,2.22399,False,1,,,single,True,0.492195,True,A
9334,85284240,1,2635.37,3,4997.8,8.88569,14.8254,18,12.5961,5653.48,1.06794,3,24,0,0,,257.177,2027.29,0.989921,144.527,34.1224,True,False,1,1.10233,False,1,,,single,True,0.734672,True,B
9338,355206269,1,2633.34,4,3977.77,8.8815,63.4964,24,12.7063,3411,0.36457,3,24,0,0,,252.729,2237.2,0.886555,147.468,29.3634,False,False,0,1.35374,False,1,,,single,True,0.223747,True,A
9346,39126237,1,2610.15,2,3764.12,8.87394,4.16667,12,11.6877,4445.82,0.779961,3,24,0,0,1.01508,269.959,1253.25,0.877134,151.94,37.2176,True,False,5,1.19902,False,1,,,single,True,0.465653,True,B
9348,450326462,1,2635.59,8,980.944,8.87351,9.50244,48,10.3527,4400.77,0.9352,3,24,0,0,13.0487,256.02,569.061,0.924996,159.724,39.7107,True,False,4,0.870259,False,1,,,single,True,0.285026,True,B
9351,414969491,2,2634.81,24,2106.69,8.87101,28.3259,144,12.6049,5478.24,0.877674,3,24,0,0,11.7429,1238.01,2069.24,0.97075,141.182,23.7276,False,False,3,2.61078,False,2,,,single,True,0.392004,True,A
9352,235685917,1,2612.22,6,3176.88,8.86954,6.16667,36,12.4969,5727,2.37872,3,24,0,0,3.53242,337.6,1931.27,0.974249,288.298,73.8884,False,False,0,0.83158,False,1,,,single,True,1.30467,True,A
9357,99270121,1,2635.81,3,2357.21,8.85932,4.34261,18,11.7171,5962.14,1.08939,3,24,0,0,,165.33,1242.84,0.841997,169.485,39.7345,True,False,5,1.21836,False,1,,,single,True,0.514683,True,B
9361,229598693,1,2613.12,2,4921.85,8.85381,4,12,12.2199,5216,0.737085,3,24,0,0,2.95224,479.551,1432.92,0.986085,273.647,75.054,False,False,3,1.00563,False,1,,,single,True,0.503198,True,A
9363,445810843,1,2610.45,1.5,2061.46,8.85186,3.83333,9,10.2254,7684.84,1.92699,3,24,0,0,3.47223,179.981,751.302,0.861651,170.406,52.7995,True,False,0,0.560833,False,1,,,single,True,0.851382,True,B
9366,4971302,1,2635.61,6,1614.3,8.8472,9.16307,36,11.5791,5967.21,0.843005,3,24,0,0,4.64407,169.36,1135.35,0.987037,148.776,32.9308,True,False,5,1.08299,False,1,,,single,True,0.329595,True,B
9367,198190057,1,2625.62,3,4369.39,8.84659,4.49365,18,11.657,5484,0.780359,3,24,0,0,5.55112,1126.05,1168.19,0.894615,246.385,60.6539,False,False,5,0.812241,False,1,,,single,True,0.501952,True,A
9369,105485212,1,2610.49,6,4577.32,8.84236,9,36,12.8899,6264,1.0991,3,24,0,0,7.63467,574.617,2691.91,0.84913,143.831,42.9496,True,False,8,2.1273,False,1,,,single,True,0.723603,True,B
9370,82262053,1,2626.38,3,5291.54,8.84018,4.9921,13,12.8996,5574,0.824101,3,24,0,0,,283.772,2307.53,0.997512,159.917,28.7367,True,False,0,0.908937,False,1,,,single,True,0.58335,True,B
9372,237253009,1,2611.13,1.5,4303.68,8.83678,4,9,10.5923,7284,1.36464,3,24,0,0,2.84322,482.562,1036.1,0.720238,298.268,73.3176,True,False,1,0.870259,False,1,,,single,True,0.871155,True,B
9374,85334767,1,2610.1,4,1641.32,8.83511,5,24,10.4441,5868.83,1.01713,3,24,0,0,3.62083,188.798,843.545,0.701606,168.135,32.0757,True,False,0,0.5,False,1,,,single,True,0.400987,True,B
9377,3903115,1,2627.12,3,2431.19,8.83012,26.3295,18,11.751,5891.71,1.27143,3,24,0,0,,144.291,1207.26,0.998553,151.367,26.7096,True,False,2,1.16034,False,1,,,single,True,0.610042,True,B
9378,232611743,1,2610.7,6,1809.19,8.83011,6,36,10.2671,6060,1.25327,3,24,0,0,4.17251,319.09,543.076,0.902338,258.948,61.089,True,False,1,0.599511,False,1,,,single,True,0.518733,True,B
9380,166066436,1,2625.58,3,5135.81,8.82673,4.4945,18,11.8931,4934,0.757489,2.5,20,1,0,8.52557,2923.52,1196.54,0.995385,213.541,63.3292,False,False,2,0.734885,False,1,,,single,True,0.528248,True,A
9382,142383914,1,2625.49,6,1132.93,8.82141,6.66386,36,10.3584,5686,0.776622,3,24,0,0,3.90048,101.205,549.941,0.997995,196.967,65.499,False,False,1,0.5,False,1,,,single,True,0.254371,True,A
9384,67439873,1,2628.27,2,2807.07,8.82052,50.1616,12,11.6443,5878.5,1.04117,3,24,0,0,,117.528,1160.61,0.998197,155.263,30.1159,False,False,3,0.870259,False,1,,,single,True,0.536792,True,A
9386,67646091,1,2635.53,8,1554.39,8.81764,10.9926,48,11.6091,6021.83,1.40053,3,24,0,0,,148.095,1091.69,0.947627,147.55,40.5932,True,False,4,1.06365,False,1,,,single,True,0.537317,True,B
9389,171646040,1,2618.7,1.5,8272.91,8.81416,70.1748,9,12.7288,6091,1.35388,3,24,0,0,,305.092,2460.96,0.980747,158.787,21.6069,False,False,0,0.522155,False,1,,,single,True,1.1983,True,A
9391,160324639,1,2626.18,1.5,3392.85,8.81196,3.82225,9,10.8306,6139.22,1.2908,3,24,0,0,5.44716,250.877,752.044,0.956202,159.772,17.7278,False,False,1,0.599511,False,1,,,single,True,0.731643,True,A
9393,85334067,1,2610.52,6,2614.52,8.80925,9.33333,36,10.5997,6423,1.3503,3,24,0,0,1.56295,270.081,932.734,0.722867,168.034,33.2493,True,False,4,0.63819,False,1,,,single,True,0.671867,True,B
9394,371491995,1,2635.52,8,906.54,8.80844,9.99105,48,10.5461,6430.1,1.43022,3,24,0,0,0.958633,121.34,688.528,0.953148,149.262,48.7433,True,False,1,0.5,False,1,,,single,True,0.419038,True,B
9395,232976566,1,2635.74,6,2058.6,8.80559,6.00069,36,12.3125,4520,0.646375,3,24,0,0,,154.287,1622.32,0.945526,200.862,68.1377,True,False,1,0.5,False,1,,,single,True,0.285383,True,B
9396,137968271,1,2621.43,3,1048.88,8.80379,4.66451,18,8.6495,5475,2.63783,3,24,0,0,3.55125,149.18,250.5,0.997717,153.564,59.8787,True,False,1,0.715546,False,1,,,single,True,0.83132,True,B
9399,157847053,1,2610.67,8,1486.12,8.80227,9.83333,48,11.5984,5429.75,1.06166,3,24,0,0,9.90928,203.293,1158.64,0.83096,167.224,42.6495,True,False,3,1.17968,False,1,,,single,True,0.398263,True,B
9400,233124586,1,2621.37,6,2676.56,8.80154,6.00127,36,11.7021,4815,0.850454,3,24,0,0,9.81576,768.434,1122.94,0.945327,273.648,61.3091,True,False,5,1.00563,False,1,,,single,True,0.428151,True,B
9403,88063632,1,2611.65,3,3002.83,8.79742,43.5,18,11.8662,4185.1,0.665851,3,24,0,0,5.02805,213.305,1351.83,0.995707,147.872,19.5573,True,False,0,0.870259,False,1,,,single,True,0.355059,True,B
9409,4994918,1,2635.79,4,3398.09,8.79063,4.84033,24,11.7044,5346.52,0.86721,3,24,0,0,8.69454,1241.01,1192.66,0.925888,160.737,31.957,True,False,4,1.52779,False,1,,,single,True,0.491925,True,B
9410,232603143,1,2610.7,6,896.931,8.79002,6,36,10.0803,6180,1.15357,3,24,0,0,3.47709,87.9354,478.341,0.961351,257.758,61.1974,True,False,2,0.870259,False,1,,,single,True,0.336187,True,B
9413,202294727,1,2610.76,8,2886.81,8.78379,10.5,48,12.3241,6320.58,1.39226,3,24,0,0,5.13755,481.532,1921.93,0.918113,174.855,50.6188,True,False,0,0.5,False,1,,,single,True,0.727926,True,B
9415,86016640,1,2615,3,5341.76,8.78368,110.167,18,12.8378,4472.02,0.691718,3,24,0,0,,278.924,2523.63,0.992549,138.809,22.2464,False,False,2,1.14101,False,1,,,single,True,0.491959,True,A
9416,67652514,2,2635.52,3,2733.83,8.78283,7.49446,18,10.2804,6177,1.41239,3,24,0,0,3.68052,244.483,752.045,0.732528,148.209,37.1922,True,False,3,1.60514,False,2,,,single,True,0.718618,True,B
9419,1042868,2,2614.88,1.5,1174.18,8.78035,121,9,5.8706,5838,1.53753,3,24,0,0,6.86589,136.972,271.295,0.999968,154.117,28.6825,False,False,1,0.618851,False,2,,,single,True,0.512683,True,A
9422,357686605,1,2635.78,4,2400.41,8.77922,4.83905,24,11.6463,6269,2.19911,3,24,0,0,9.82648,303.992,1080.78,0.976517,275.277,57.51,True,False,5,1.29572,False,1,,,single,True,1.04845,True,B
9423,82201061,1,2612.63,1.5,4689.15,8.77738,53.1667,9,12.0477,5474,2.27428,3,24,0,0,1.30456,234.809,1519.86,0.990519,147.677,25.3654,False,False,1,1.16034,False,1,,,single,True,1.51547,True,A
9424,1097200,1,2610.22,2,7243.75,8.77565,8.83333,12,12.8506,5639.47,1.08433,3,24,0,0,,299.402,2701.29,0.97977,155.027,24.306,True,False,6,1.93391,False,1,,,single,True,0.89805,True,B
9426,230376817,1,2611.16,4,451.241,8.7723,5,24,7.8256,6066,1.5432,3,24,0,0,5.44081,121.845,191.904,0.993858,285.052,61.4233,True,False,3,2.0306,False,1,,,single,True,0.318995,True,B
9429,154965942,1,2632.84,1.5,8355.13,8.76766,75.493,9,12.7726,4776,0.784262,3,24,0,0,,288,2711.95,0.935893,142.016,24.7777,False,False,2,3.0169,False,1,,,single,True,0.697582,True,A
9432,87953416,1,2626.52,2,6580.61,8.76113,9.16489,12,12.8072,5884,1.06198,3,24,0,0,,256.53,2591.28,0.980111,145.904,21.624,True,False,4,2.61078,False,1,,,single,True,0.838314,True,B
9434,172518937,1,2618.9,6,1104.84,8.76058,65.3337,36,10.821,5945.53,1.20394,3,24,0,0,,86.6896,701.386,0.988398,142.626,25.6842,False,False,6,3.15227,False,1,,,single,True,0.389415,True,A
9440,236715114,1,2621.44,3,4456.17,8.75551,4.33821,18,11.6588,4388,0.70784,2.5,20,1,0,5.54809,1388.13,1140.21,0.853603,239.355,62.3002,True,False,3,1.04431,False,1,,,single,True,0.459805,True,B
9450,26958387,1,2613.41,1.5,4232.28,8.74937,0.99798,9,11.8751,6502,1.15516,3,24,0,0,4.49474,280.737,1340.54,0.987617,149.708,21.3431,False,False,2,1.6825,True,1,,,single_partial,True,0.731285,True,B
9451,252791492,1,2610.38,2,2527.61,8.74855,4,12,10.8191,5437.97,0.847664,3,24,0,0,9.91456,214.664,766.966,0.871626,164.501,47.228,True,False,3,0.928276,False,1,,,single,True,0.414703,True,B
9455,241192470,1,2635.84,1.5,2898.08,8.74144,3.66806,9,8.9515,5254,0.810365,1.5,12,1,0,5.44561,3186.93,357.321,0.999576,153.004,29.782,True,False,4,0.599511,False,1,,,single,True,0.424515,True,B
9458,416536699,1,2635.77,4,4393.77,8.73793,5.16373,24,12.24,4786,0.693412,2.5,20,1,0,3.36438,656.521,1594.84,0.997879,167.026,58.1141,True,False,5,0.773563,False,1,,,single,True,0.447268,True,B
9472,241192369,1,2617.95,6,1669.6,8.72722,88.3375,36,11.4182,5912.69,1.12856,3,24,0,0,5.92647,184.483,1037.02,0.997665,153.03,29.1219,False,False,1,0.618851,False,1,,,single,True,0.448733,True,A
9473,289536582,1,2626.94,6,4182.13,8.72567,25.9944,36,12.5141,6169,0.850404,3,24,0,0,5.23301,679.42,1817.15,0.920289,251.366,60.9953,True,False,2,0.63819,False,1,,,single,True,0.535158,True,B
9477,88003731,1,2610.5,2,5492.04,8.72239,4.16667,12,12.5643,6138,1.4495,3,24,0,0,0.979641,364.13,2090.41,0.972781,146.716,21.9987,True,False,8,2.26267,False,1,,,single,True,1.0453,True,B
9478,16163202,1,2610.13,1,3658.15,8.72218,3.66667,6,10.0853,4529,0.679088,2.5,20,1,0,4.05922,730.989,532.748,0.951098,152.666,39.8885,True,False,5,0.986293,False,1,,,single,True,0.399682,True,B
9485,459986075,2,2621.46,2,4670.21,8.71475,4.00195,12,10.0275,6587,2.08388,3,24,0,0,5.53596,823.505,816.315,0.604548,256.433,65.8521,True,False,0,1.43109,False,3,,,single,True,1.38579,True,B
9486,95343060,1,2627.52,4,1545.26,8.71285,36.4929,24,10.852,5503.99,1.66653,3,24,0,0,3.26826,158.653,740.848,0.956121,153.976,20.41,False,False,2,2.20466,False,1,,,single,True,0.637487,True,A
9487,236982401,1,2611.14,3,2581.01,8.71256,4.5,18,10.183,6193,1.62035,3,24,0,0,5.68803,337.265,723.231,0.766904,305.166,64.0389,True,False,6,1.54713,False,1,,,single,True,0.801053,True,B
9490,199660855,1,2635.84,1,5680.21,8.709,3.34443,6,11.3154,4926,0.78006,2,16,1,0,5.55113,2255.86,883.17,0.992632,250.992,59.2433,True,False,2,1.21836,False,1,,,single,True,0.572095,True,B
9491,252486843,1,2635.83,1.5,3938.03,8.70832,3.82806,9,10.1802,5928,1.77469,3,24,0,0,6.37495,511.514,1095.97,0.52364,156.927,51.7246,True,False,3,0.599511,False,1,,,single,True,1.08373,True,B
9501,91917362,1,2619.91,3,5041.92,8.69549,41.1681,18,12.7506,5883.95,1.20858,3,24,0,0,,261.493,2371.45,0.87704,143.805,22.0661,False,False,2,2.37871,False,1,,,single,True,0.835086,True,A
9509,288638936,1,2621.46,1.5,3694.05,8.689,3.82851,9,10.1384,5424,0.85869,1.5,12,1,0,6.21862,3709.56,484.855,0.99583,279.927,80.0753,True,False,0,0.696207,False,1,,,single,True,0.507861,True,B
9510,4993159,1,2610.9,12,2660.08,8.6878,13.8333,72,12.9554,6083,1.41334,3,24,0,0,,294.234,2667.87,0.979217,149.787,31.0671,True,False,2,1.10233,False,1,,,single,True,0.709335,True,B
9511,286689945,1,2619.71,1.5,8751.44,8.68753,0.831862,9,12.9238,5892.96,1.78423,3,24,0,0,4.58329,952.816,2860.32,0.961892,142.583,21.3684,False,False,2,1.27638,True,1,,,single_partial,True,1.62423,True,B
9515,61127037,1,2614.42,2,5005.11,8.68482,109.833,12,12.191,3848,0.676066,3,24,0,0,3.84503,389.802,1818.56,0.893049,154.866,17.5763,True,False,1,1.27638,False,1,,,single,True,0.465429,True,B
9517,157834991,1,2614.15,4,5187.51,8.68377,100,22,12.5471,4716.35,0.755967,2,16,1,0,4.06354,1306.17,1865.2,0.952518,149.851,43.0687,False,False,0,0.889598,False,1,,,single,True,0.529834,True,A
9518,237109179,1,2611.77,3,1409.95,8.68334,8.33333,18,10.5452,5775,1.19979,3,24,0,0,,82.0455,630.393,0.994381,257.423,81.944,False,False,3,1.21836,False,1,,,single,True,0.438394,True,A
9522,233045220,1,2635.8,3,1438.18,8.68153,4.50221,18,9.68404,5961,0.986839,3,24,0,0,5.10974,247.251,511.737,0.872759,268.491,64.3812,True,False,3,0.986293,False,1,,,single,True,0.364176,True,B
9524,101616726,1,2626.45,6,1320.73,8.67825,5.99242,36,10.8008,5736.69,1.18468,3,24,0,0,,106.343,706.489,0.966591,160.638,31.0356,True,False,1,1.75986,False,1,,,single,True,0.418953,True,B
9526,82203671,1,2621.29,8,2225.73,8.67631,8.1688,48,10.8186,6289.79,1.34617,3,24,0,0,5.57969,288.587,830.367,0.8202,147.991,28.3879,True,False,0,1.35374,False,1,,,single,True,0.618008,True,B
9529,259237984,1,2628.35,16,1433.6,8.67404,28.6723,96,10.895,4744,0.796311,3,24,0,0,3.53344,255.586,708.587,0.980767,292.891,69.9577,False,False,3,2.14664,False,1,,,single,True,0.293396,True,A
9531,148678519,1,2621.42,4,2355.34,8.66938,4.8401,24,10.6689,5204.96,1.06218,3,24,0,0,4.28826,364.07,626.679,0.988978,172.051,43.2212,True,False,0,0.5,False,1,,,single,True,0.501629,True,B
9538,149398188,2,2635.04,16,3234.35,8.66544,12.3245,96,9.8541,6829,1.81115,2.5,20,1,0,2.85181,552.092,501.863,0.9854,139.713,25.0853,False,False,3,2.14664,False,2,,,single,True,1.00232,True,A
9540,298664522,1,2635.28,2,3752.29,8.66528,16.8377,12,11.911,6088,2.39224,3,24,0,0,9.12209,326.836,1249.21,0.936268,277.943,57.8558,True,False,3,1.41175,False,1,,,single,True,1.42597,True,B
9541,165717008,1,2633.63,1.5,6112.07,8.66415,56.6751,9,12.6202,5984,1.34484,3,24,0,0,,221.345,1968.3,0.979705,164.058,34.4557,False,False,0,0.889598,False,1,,,single,True,1.02311,True,A
9542,9376757,2,2614.9,2,4396.99,8.66377,109,12,11.4491,6691,1.69546,3,24,0,0,0.839471,355.835,1329.56,0.820027,166.942,39.7827,False,False,4,0.870259,False,2,,,single,True,1.09401,True,A
9543,39126891,1,2626.24,1,3962.29,8.66264,3.66578,6,10.7358,5580,1.58993,1.25,10,1,0,4.31363,2805.85,699.548,0.992433,152.125,39.0937,False,False,3,0.715546,False,1,,,single,True,0.973887,True,A
9546,171644915,1,2631.62,24,489.573,8.65804,104.844,144,11.5537,5613.22,1.15317,3,24,0,0,1.29437,183.656,1120.74,0.976885,158.635,19.6386,False,False,0,1.2377,False,1,,,single,True,0.24829,True,A
9550,219464448,1,2610.71,6,2807.39,8.64648,6.16667,36,12.3744,5542,1.18403,3,24,0,0,8.5092,294.661,1666.48,0.913084,208.923,74.3358,True,False,5,0.947615,False,1,,,single,True,0.61048,True,B
9557,8189788,1,2628.16,1,6082.82,8.63492,48.3301,6,12.2397,5364.06,0.884471,3,24,0,0,,174.897,1702.11,0.98491,156.219,37.9941,False,False,0,0.5,False,1,,,single,True,0.671265,True,A
9562,365936735,1,2635.47,8,2276.8,8.63279,9.67336,48,11.8986,6390,1.29059,3,24,0,0,12.8821,514.805,1669.52,0.832817,166.787,41.0467,True,False,4,1.19902,False,1,,,single,True,0.59925,True,B
9568,288130745,1,2621.46,1.5,5556.06,8.6272,3.83117,9,11.4854,5478,0.8261,3,24,0,0,7.26298,764.48,1261.44,0.847969,209.228,78.0387,True,False,2,1.29572,False,1,,,single,True,0.599203,True,B
9571,289704280,1,2635.45,12,2196,8.62555,12.821,72,12.7346,5742,0.938221,3,24,0,0,,305.248,2592.12,0.893938,144.984,50.365,True,False,1,0.5,False,1,,,single,True,0.427837,True,B
9572,284626500,1,2614.55,8,11614.7,8.62468,100.5,43,12.9412,5027,0.768822,2,16,1,0,8.54171,8786.17,3213.12,0.994096,178.757,57.0125,False,False,0,0.599511,False,1,,,single,True,0.806283,True,A
9573,105509463,1,2610.67,3,3626.41,8.62449,4.83333,18,12.0078,5422.28,0.838074,3,24,0,0,3.1892,320.673,1537.36,0.89483,150.873,47.1723,True,False,4,0.5,False,1,,,single,True,0.49111,True,B
9576,219815174,1,2626.76,24,3668.78,8.62205,31.4979,144,11.9827,5150,0.771333,3,24,0,0,12.6008,1675.89,1284.88,0.987268,267.428,62.6909,True,False,3,1.00563,False,1,,,single,True,0.454632,True,B
9578,149398970,1,2627.61,1.5,5375.26,8.61912,34.3366,9,12.0307,4234.25,0.692569,3,24,0,0,4.55598,773.475,1518.73,0.973696,139.832,28.9073,False,False,6,2.53342,False,1,,,single,True,0.494106,True,A
9579,462537955,1,2612.12,6,2714.87,8.61582,6,36,12.3828,6198,1.52355,3,24,0,0,4.5392,490.099,1719.22,0.853242,202.113,77.4354,False,False,1,0.966954,False,1,,,single,True,0.772482,True,A
9580,219112414,1,2626.73,4,2985.64,8.61572,13.168,24,11.1531,3505,0.569049,3,24,0,0,6.22047,503.926,949.643,0.947432,271.682,68.3676,True,False,1,1.29572,False,1,,,single,True,0.30257,True,B
9585,26983153,1,2627.43,1,3730.53,8.61103,34.3285,6,11.3016,7074,1.96545,3,24,0,0,1.37537,246.004,963.609,0.984064,150.163,20.3205,True,False,2,1.85655,False,1,,,single,True,1.16817,True,B
9590,82221734,1,2630.17,4,825.226,8.60079,99.9962,24,9.4419,4758,0.792125,3,24,0,0,,50.4726,370.759,0.998699,150.638,25.3866,False,False,1,0.947615,False,1,,,single,True,0.221431,True,A
9591,26984436,1,2618.75,4,3227.63,8.60044,69.1712,24,12.1867,5892.88,1.70104,3,24,0,0,,176.634,1662.92,0.994723,150.3,21.7298,False,False,3,1.72118,False,1,,,single,True,0.940403,True,A
9595,229498852,1,2626.23,4,2125.89,8.59396,5.00496,24,11.718,6090,1.74727,3,24,0,0,,126.945,1195.97,0.913162,296.565,64.4653,False,False,1,1.87589,False,1,,,single,True,0.78395,True,A
9596,95360443,1,2626.88,3,3371.18,8.59126,20.9936,18,12.2125,5922.19,1.21267,3,24,0,0,,169.655,1698.33,0.967266,154.263,23.3309,True,False,1,1.7792,False,1,,,single,True,0.685159,True,B
9599,98413873,1,2615.79,1.5,7268.1,8.58901,130.667,9,12.6949,5483.72,1.73218,3,24,0,0,3.66467,412.998,2350.99,0.977921,147.212,24.1048,False,False,2,1.43109,False,1,,,single,True,1.43701,True,A
9606,237079672,1,2627.11,8,2500.78,8.58294,17.1742,48,12.1764,5846,2.59775,3,24,0,0,2.61889,275.796,1786.8,0.940328,307.217,63.9798,True,False,1,0.947615,False,1,,,single,True,1.26413,True,B
9609,350697363,1,2611.28,2,5540.49,8.57203,4.33333,12,12.1773,6249,1.33121,3,24,0,0,6.91151,827.265,1642.63,0.834812,287.681,78.3507,True,False,1,0.696207,False,1,,,single,True,0.964224,True,B
9615,141249135,1,2610.72,8,543.636,8.56506,9.83333,48,9.7025,5407,0.823249,3,24,0,0,6.7618,79.6028,441.876,0.756546,187.704,53.8583,True,False,3,0.657529,False,1,,,single,True,0.186785,True,B
9617,198491496,1,2621.39,4,2331.68,8.56302,5.49805,24,8.77944,6647,1.3656,3,24,0,0,6.71775,496.437,439.699,0.902293,196.613,76.2948,True,False,2,1.12167,False,1,,,single,True,0.641675,True,B
9620,372681501,1,2633.56,1,6946.1,8.56088,58.3219,6,12.0936,6177,1.66727,0.5,4,1,0,1.6037,1700.5,1839.23,0.99266,141.215,37.2082,False,False,0,2.99756,False,1,,,single,True,1.35218,True,A
9621,149441585,1,2614.34,2,4486.2,8.56022,96.5,12,12.0907,6119,1.1675,3,24,0,0,5.34715,551.837,1535.1,0.971265,140.673,24.3763,True,False,3,2.55276,False,1,,,single,True,0.760946,True,B
9622,173008746,1,2610.69,6,3147.36,8.55976,8.66667,36,12.6438,6019,0.913998,3,24,0,0,5.34585,358.1,2012.2,0.987777,164.903,35.2887,True,False,4,1.19902,False,1,,,single,True,0.498972,True,B
9623,95293373,1,2617.87,1.5,3995.68,8.5589,90.1719,9,11.907,5846.79,1.75689,3,24,0,0,,136.909,1363.19,0.993575,153.043,23.7557,False,False,1,1.50845,False,1,,,single,True,1.08068,True,A
9625,238608641,1,2635.79,3,6377.96,8.55789,4.65583,18,12.6702,4399.38,0.765687,3,24,0,0,5.80956,737.788,2427.79,0.997658,137.523,23.5615,True,False,3,1.93391,False,1,,,single,True,0.595045,True,B
9626,8770923,1,2631.31,6,2865.6,8.55738,112.323,36,12.1616,3226,0.186463,3,24,0,0,,195.818,1766.47,0.993567,140.623,31.4626,False,False,2,2.68813,False,1,,,single,True,0.097131,True,A
9629,230023734,1,2619.37,3,959.729,8.5529,53.9971,18,9.65178,6476,1.50143,3,24,0,0,,46.4608,396.211,0.927907,291.998,65.4493,False,False,1,1.81787,False,1,,,single,True,0.452623,True,A
9630,158013828,1,2611.1,4,4562.03,8.55205,5.16667,24,12.4756,4615,0.709376,3,24,0,0,4.18281,430.004,2022.85,0.821795,215.272,79.8135,True,False,2,1.06365,False,1,,,single,True,0.466244,True,B
9631,95743157,1,2626.19,1.5,5107.79,8.55157,4.32225,9,11.991,5895.27,2.05184,3,24,0,0,2.254,298.65,1441.22,0.974507,159.97,18.0907,False,False,1,0.83158,False,1,,,single,True,1.42698,True,A
9636,117417259,1,2612.69,1.5,7693.77,8.54819,56.8333,9,12.4792,5861,0.965547,3,24,0,0,4.93581,487.985,2221.38,0.961724,137.609,24.8581,False,False,4,2.4754,False,1,,,single,True,0.824139,True,A
9644,232521641,1,2611.3,6,3955.09,8.53767,10.6667,36,12.8882,5785,1.04816,3,24,0,0,7.38964,493.951,2538.81,0.829867,192.747,72.7425,True,False,1,1.06365,False,1,,,single,True,0.641451,True,B
9645,288673033,1,2635.57,6,2577.04,8.53689,9.82095,36,11.4263,6009,2.1887,3,24,0,0,11.3097,692.022,1114.04,0.810219,281.034,79.7389,True,False,4,0.715546,False,1,,,single,True,1.0812,True,B
9647,149453895,1,2619.15,1,2780.36,8.53049,59.3331,6,10.8232,5646.86,2.37272,3,24,0,0,5.10827,142.802,698.636,0.99728,141.367,25.9669,False,False,2,2.88152,False,1,,,single,True,1.21746,True,A
9650,459800267,1,2614.48,6,8186.46,8.52803,99,34,11.7142,3922,0.606895,2.5,20,1,0,10.683,5803.59,2205.09,0.994597,176.765,51.4168,True,False,0,0.5,False,1,,,single,True,0.534342,True,B
9651,85995002,1,2629.83,4,1373.6,8.52778,88.5029,24,10.7182,6116.91,1.3285,3,24,0,0,,92.8821,650.851,0.957839,138.556,23.708,False,False,1,2.04994,False,1,,,single,True,0.479126,True,A
9656,166075798,1,2625.51,1,9009.92,8.52362,3.49513,6,11.6429,4844,1.28785,3,24,0,0,9.84519,2829.65,1010.85,0.985737,214.01,64.4025,False,False,3,0.812241,False,1,,,single,True,1.18955,True,A
9657,402894718,1,2635.82,1,7210.29,8.52351,3.82136,6,11.2618,5407,1.08983,2,16,1,0,6.58613,3397.02,914.594,0.969273,302.933,69.6658,True,False,0,1.87589,False,1,,,single,True,0.900518,True,B
9659,159144012,1,2635.47,12,2337.74,8.522,12.3226,72,12.6517,5397,0.803701,3,24,0,0,,228.904,2144.39,0.877687,193.576,79.6962,True,False,4,1.29572,False,1,,,single,True,0.378138,True,B
9660,166177265,1,2626.72,12,1280.32,8.52083,32.6592,72,11.4859,6543,1.38954,3,24,0,0,3.5562,215.508,1125.48,0.933848,217.172,60.408,True,False,1,1.35374,False,1,,,single,True,0.483825,True,B
9661,286714396,1,2618.21,6,2937.66,8.52029,82.0012,36,12.7063,5505.36,0.939076,3,24,0,0,,288.403,2252.39,0.987453,142.826,21.1231,False,False,2,1.21836,False,1,,,single,True,0.495289,True,A
9666,232610788,1,2611.17,6,2866,8.51708,6,36,11.6786,5738,1.46809,3,24,0,0,4.38621,467.755,1257.83,0.824796,258.601,61.5799,True,False,5,0.792902,False,1,,,single,True,0.7648,True,B
9670,95359505,1,2628.4,3,3060.03,8.51504,57.6594,18,12.1355,6234.68,1.23246,3,24,0,0,,159.778,1574.55,0.995902,154.236,20.1687,False,False,3,2.28201,False,1,,,single,True,0.663428,True,A
9672,402656371,1,2611.16,4,679.285,8.51324,5,24,8.25317,7432,1.86311,3,24,0,0,8.93831,81.2651,262.141,0.927725,302.515,70.8374,True,False,1,1.45043,False,1,,,single,True,0.472522,True,B
9675,91902069,1,2610.8,4,3498.54,8.51177,9.66667,24,12.1818,5374.96,0.747619,3,24,0,0,9.16657,677.591,1642.39,0.996414,142.439,23.7309,True,False,5,2.45606,False,1,,,single,True,0.43031,True,B
9679,318232421,1,2628.59,1.5,5190.61,8.5046,57.9987,9,12.2815,5977.65,1.1891,3,24,0,0,,191.444,1599.59,0.999039,163.27,51.9938,False,False,1,0.908937,False,1,,,single,True,0.833653,True,A
9684,88099545,1,2635.84,1.5,5541.61,8.49673,3.66769,9,11.6742,5051,0.734853,2,16,1,0,5.44561,2227.03,1474.76,0.916372,148.458,19.9626,True,False,3,1.19902,False,1,,,single,True,0.532324,True,B
9685,199658044,1,2635.8,3,1221.64,8.49632,4.51185,18,8.6677,4948,0.70132,3,24,0,0,4.40262,348.165,247.368,0.998404,250.808,58.5239,True,False,2,0.870259,False,1,,,single,True,0.238531,True,B
9686,86131527,1,2614.59,12,4102.16,8.49447,102.333,59,12.8465,3977.94,0.765088,2.5,20,1,0,5.13327,1549.91,2824.37,0.82102,140.467,22.4481,False,False,3,1.39241,False,1,,,single,True,0.476843,True,A
9687,149344536,1,2611.18,4,2880.86,8.492,20.6667,24,11.8133,6328.74,1.90173,3,24,0,0,9.87161,219.284,1329.34,0.98675,138.573,28.6,True,False,5,2.04994,False,1,,,single,True,0.99327,True,B
9688,257023111,1,2610.99,8,1393.43,8.49187,12.5,48,12.0377,6250,1.26453,3,24,0,0,,147.566,1374.06,0.995799,225.421,73.2808,True,False,2,0.928276,False,1,,,single,True,0.459334,True,B
9689,230086863,1,2610.62,2,2529.59,8.48989,4.16667,12,9.42803,5820,1.08091,3,24,0,0,3.75514,419.093,511.723,0.890872,247.008,66.0983,True,False,2,0.986293,False,1,,,single,True,0.52902,True,B
9690,224289913,1,2610.68,6,3152.48,8.48886,3.16693,36,12.276,5732.54,0.939076,3,24,0,0,5.83969,356.926,1651.54,0.982225,183.127,57.8953,True,False,3,1.04431,True,1,,,single_partial,True,0.513079,True,B
9692,16780887,1,2614.15,2,6335.58,8.48722,99.6667,13,11.9919,5941.15,1.81616,3,24,0,0,6.84197,1379.46,1432.05,0.958744,141.703,40.8389,False,False,7,2.63011,False,1,,,single,True,1.40671,True,A
9693,198357824,1,2610.86,2,1362.33,8.48666,9.83333,12,7.941,5350,0.875339,3,24,0,0,3.86896,365.642,205.228,0.992857,256.467,58.928,True,False,4,1.06365,False,1,,,single,True,0.314395,True,B
9694,88047680,1,2627.54,4,2444.85,8.48649,33.6644,24,11.6918,6034,1.0772,3,24,0,0,,165.995,1242.59,0.951329,147.487,23.6407,False,False,1,1.6825,False,1,,,single,True,0.518299,True,A
9697,4918677,1,2629.91,2,4704.76,8.4853,91.6666,12,12.3517,5484,0.854041,3,24,0,0,0.723924,276.589,1724.99,0.933046,148.344,35.0408,False,False,0,1.60514,False,1,,,single,True,0.57004,True,A
9698,27072155,1,2619.75,2,2688.27,8.48491,45.005,12,11.4254,6683.86,1.61963,3,24,0,0,4.07012,184.663,1016.44,0.992739,152.502,23.8094,False,False,0,1.5858,False,1,,,single,True,0.817164,True,A
9699,173003506,1,2635.54,8,1107.27,8.48247,10.6654,48,11.1407,5978.14,1.5697,3,24,0,0,0.716944,161.977,876.206,0.954736,150.652,30.7281,True,False,2,0.657529,False,1,,,single,True,0.508279,True,B
9703,459800214,1,2635.76,1.5,1583.5,8.47857,5.33985,9,8.2479,4249,0.711933,3,24,0,0,3.89209,371.915,216.47,0.999864,176.765,50.9718,True,False,3,0.5,False,1,,,single,True,0.275681,True,B
9709,165692263,1,2632.84,6,4090.73,8.47188,75.51,36,12.9815,5840.65,1.76358,3,24,0,0,,300.42,2748.63,0.982359,164.006,31.378,False,False,1,1.29572,False,1,,,single,True,1.09762,True,A
9712,95469810,1,2628.63,1.5,3756.93,8.47037,63.1585,9,11.7267,6160,1.29258,3,24,0,0,,178.965,1257.55,0.975476,155.652,19.8398,False,False,1,1.89523,False,1,,,single,True,0.770959,True,A
9715,86102795,1,2626.76,3,4129.56,8.46371,14.8355,18,12.3913,6477.5,1.77417,3,24,0,0,5.57963,308.048,1838.97,0.996294,139.812,23.7255,True,False,1,2.26267,False,1,,,single,True,1.10944,True,B
9718,307906988,1,2611.02,4,1880.3,8.46178,5.16667,24,10.4964,6414.51,1.88504,3,24,0,0,2.99846,218.851,633.648,0.93628,140.804,32.8253,True,False,5,1.37307,False,2,,,single,True,0.795411,True,B
9722,137776677,2,2634.81,24,1964.32,8.45512,28.17,144,12.1577,4712.15,0.775508,3,24,0,0,11.6794,557.487,1470.8,0.978863,175.754,54.9728,False,False,2,0.715546,False,2,,,single,True,0.334465,True,A
9728,453425680,1,2611.52,8,2404.17,8.4438,14.6667,48,11.8325,5509.01,1.0888,3,24,0,0,5.23427,448.949,1420.78,0.996119,146.129,51.6922,True,False,2,0.676868,False,1,,,single,True,0.519503,True,B
9730,157835625,1,2610.73,6,3518.03,8.43834,6.16667,36,12.4734,6212,2.09029,3,24,0,0,4.55599,351.334,2082.15,0.904629,149.782,46.9441,True,False,3,0.5,False,1,,,single,True,1.20646,True,B
9734,21123518,1,2625.59,2,4429.51,8.43192,3.99496,12,11.6847,4428,0.697307,3,24,0,0,9.82655,1148.48,1134.39,0.978502,274.677,52.5942,False,False,4,2.04994,False,1,,,single,True,0.451606,True,A
9735,8766946,1,2619.59,6,1656.78,8.43163,48.8319,36,11.5367,5843.11,1.43767,3,24,0,0,,119.508,1119.11,0.989057,140.132,31.3146,False,False,0,2.20466,False,1,,,single,True,0.569442,True,A
9737,8174531,1,2610.43,8,1809.82,8.43155,10.8333,48,12.2647,6337,1.64509,3,24,0,0,,195.507,1734.53,0.989648,156.008,40.1215,True,False,3,0.928276,False,1,,,single,True,0.681028,True,B
9741,154093719,1,2625.46,2,3429.64,8.42347,3.9966,12,11.748,5301,0.892666,3,24,0,0,4.27318,521.065,1136.05,0.976329,210.8,66.5375,False,False,1,0.5,False,1,,,single,True,0.508711,True,A
9742,219857012,1,2618.65,4,475.433,8.42316,71.3328,24,8.2865,5707,1.15853,3,24,0,0,12.4409,36.1032,214.597,0.99881,257.329,71.8764,False,False,0,1.00563,False,1,1742.01,1742.01,single,True,0.245816,True,A
9748,445809694,1,2610.36,1.5,4465.46,8.41608,3.66667,9,11.7947,5779.13,1.72744,3,24,0,0,0.842416,296.738,1332.38,0.843322,169.192,49.4474,True,False,2,0.5,False,1,,,single,True,1.12329,True,B
9749,232641492,1,2626.83,12,5673.97,8.41582,26.3316,72,11.8613,5017,1.06819,3,24,0,0,9.82646,1795.08,1275.73,0.871822,281.459,56.1316,True,False,1,0.773563,False,1,,,single,True,0.782978,True,B
9752,159540437,1,2611.56,4,3043.7,8.41253,10.1667,24,11.6099,6574,1.85045,3,24,0,0,3.65802,474.847,1102.21,0.941406,248.73,81.0141,True,False,2,1.6825,False,1,,,single,True,0.993427,True,B
9753,55762554,1,2627.02,3,3597.78,8.41223,21.1607,18,12.4195,5447.17,1.80852,3,24,0,0,,185.81,1733.72,0.988336,182.025,54.4983,True,False,0,0.657529,False,1,,,single,True,1.0556,True,B
9755,1044084,1,2610.25,6,2361.76,8.4116,9.5,36,12.1452,5125.59,0.882763,3,24,0,0,,185.516,1539.89,0.998098,154.258,26.5114,True,False,2,1.14101,False,1,,,single,True,0.417464,True,B
9758,441790776,1,2635.59,8,1827.39,8.41071,9.49452,48,11.6257,5840,1.5974,3,24,0,0,6.69747,258.996,1089.5,0.872703,262.62,74.5657,True,False,1,0.966954,False,1,,,single,True,0.664488,True,B
9762,389916771,1,2611.54,6,1757.35,8.40576,17.1667,36,11.977,6373,1.6881,3,24,0,0,2.56662,198.685,1302.09,0.900113,276.078,59.9146,True,False,0,0.85092,False,1,,,single,True,0.688629,True,B
9763,8259420,1,2614.9,2,3930.94,8.40382,109,12,11.6074,4138,0.643716,3,24,0,0,4.58708,355.183,1336.18,0.866112,161.692,40.4011,False,False,0,0.560833,False,1,,,single,True,0.392735,True,A
9766,172534697,1,2635.77,1,6304.05,8.40216,5.15974,6,10.1893,5570.13,0.846861,1.5,12,1,0,6.47471,4120.4,505.283,0.980665,143.389,27.3151,True,False,7,3.42302,False,1,,,single,True,0.654304,True,B
9768,115810810,1,2611,6,3421.38,8.40153,11.8333,36,12.7658,5832.14,1.69512,3,24,0,0,3.8657,443.014,2283.07,0.984865,150.569,44.6665,True,False,0,0.870259,False,1,,,single,True,0.964847,True,B
9770,154565237,1,2613.65,4,1093.44,8.40076,51.8333,24,10.4923,5848,0.947368,3,24,0,0,,66.1972,566.149,0.986265,189.667,77.5752,False,False,3,0.870259,False,1,,,single,True,0.304842,True,A
9771,4957056,1,2621.13,12,2600.71,8.39568,12.0016,62,12.9073,6153,1.39474,3,24,0,0,,276.539,2482.56,0.995385,148.498,33.1167,False,False,5,1.31506,False,1,,,single,True,0.692144,True,A
9774,17202590,1,2626.36,4,2827.31,8.39088,5.00211,24,11.321,4952.4,0.74433,3,24,0,0,10.6625,588.218,1250.73,0.760117,145.791,38.3952,True,False,0,1.64382,False,1,,,single,True,0.385132,True,B
9776,16815544,1,2635.83,1.5,2521.85,8.39058,3.82341,9,10.5199,6109,2.02091,3,24,0,0,4.71957,238.438,649.766,0.908964,142.699,36.1518,True,False,5,2.01126,False,1,,,single,True,0.987561,True,B
9777,165989799,1,2610.73,1.5,5495.41,8.39039,7.66667,9,10.2813,5737,1.87863,2,16,1,0,3.35347,815.788,667.56,0.979122,210.836,64.9138,True,False,2,0.560833,False,1,,,single,True,1.35519,True,B
9779,154565894,1,2635.81,2,4105.72,8.3882,4.15948,12,9.8891,5868,1.40904,3,24,0,0,3.67949,619.557,631.97,0.834397,189.938,74.6903,True,False,4,1.3344,False,1,,,single,True,0.878569,True,B
9780,147994170,1,2611.06,8,2749.21,8.38706,14.3333,48,11.4289,5047,0.928557,2,16,1,0,5.1055,1452.02,984.801,0.98437,170.811,67.1425,True,False,2,0.928276,False,1,,,single,True,0.473773,True,B
9781,450303728,1,2615.34,1.5,2982.55,8.38671,124.333,9,11.5259,6480.35,1.1656,3,24,0,0,,104.101,1045.85,0.953409,143.755,39.1725,False,False,0,3.15227,False,1,,,single,True,0.619442,True,A
9783,357097766,1,2614.45,4,1737.96,8.38352,96.5,23,9.9866,5532,2.6811,3,24,0,0,10.6454,2922.73,455.006,0.990666,274.839,54.8128,True,False,4,2.55276,False,1,,,single,True,1.08765,True,B
9784,154550273,1,2612.32,3,7788.95,8.3831,4.5,18,12.84,6598,2.28034,3,24,0,0,7.45433,1994.53,2379.69,0.867624,188.673,75.3596,False,False,2,1.29572,False,1,,,single,True,1.95838,True,A
9785,141118530,1,2610.58,1.5,3761.4,8.38275,3.83333,9,10.7229,4489.59,0.826613,3,24,0,0,6.07306,425.663,922.983,0.843887,165.199,54.3203,True,False,0,0.599511,False,1,,,single,True,0.493327,True,B
9788,166150791,1,2610.57,3,1886.98,8.37947,5,18,11.0209,6233,2.78327,3,24,0,0,3.66075,172.817,803.44,0.914648,216.288,64.6967,True,False,5,1.27638,False,1,,,single,True,1.17651,True,B
9789,105576711,1,2610.9,6,943.793,8.3774,7,36,9.47411,6556.25,0.990108,3,24,0,0,5.77962,145.075,434.626,0.828738,153.247,47.1757,True,False,1,0.522155,False,1,,,single,True,0.295991,True,B
9790,26985141,1,2612.27,1,6146.33,8.37711,55.6667,6,10.3815,6118.98,1.04971,2,16,1,0,6.85309,2457,586.924,0.997087,150.434,22.1723,False,False,3,1.62448,False,1,,,single,True,0.80082,True,A
9791,9340254,1,2612.36,2,6155.66,8.37424,53.1667,12,12.7808,5301.79,0.909505,3,24,0,0,9.94649,469.388,2393.89,0.807753,149.825,40.4451,False,False,1,0.889598,False,1,,,single,True,0.694384,True,A
9792,142873059,1,2611.16,3,5130.3,8.37406,4.66667,18,12.1301,5325,0.796682,2.5,20,1,0,7.35899,1990.5,1436.13,0.994535,176.283,69.8358,True,False,3,1.00563,False,1,,,single,True,0.555282,True,B
9793,3943018,1,2610.09,2,5812.55,8.37357,4,12,12.3435,6437.08,1.63213,3,24,0,0,6.86039,593.029,1892.89,0.920865,152.054,29.3403,True,False,4,0.502816,False,1,,,single,True,1.21086,True,B
9798,27072099,1,2620.44,8,2438.01,8.36942,4.3285,48,11.9856,6012.39,1.00345,3,24,0,0,6.19712,477.559,1412.47,0.986221,152.4,23.7888,False,False,0,1.62448,True,1,,,single_partial,True,0.482138,True,B
9799,171558354,1,2617.71,4,3813.91,8.36889,94.0066,24,12.7459,3974,0.617749,3,24,0,0,,300.316,2373.6,0.980123,156.252,23.7012,False,False,0,1.56647,False,1,,,single,True,0.37124,True,A
9800,233724252,1,2626.09,2,3961.12,8.36683,4.33193,12,11.8425,5334,0.858606,3,24,0,0,3.30685,305.939,1343.39,0.982437,276.548,60.1597,False,False,5,1.04431,False,1,,,single,True,0.525848,True,A
9802,149437859,1,2632.61,1,6581.9,8.36173,80.8233,6,12.2068,5646.88,1.2603,3,24,0,0,,283.58,1753.44,0.845397,140.279,29.2295,False,False,1,3.05557,False,1,,,single,True,0.994963,True,A
9805,148970798,2,2635.26,16,3640.72,8.35577,17.3318,96,11.5826,4721,0.722646,2.5,20,1,0,5.80175,1506.71,1041.13,0.999081,193.018,68.7539,True,False,2,0.599511,False,2,,,single,True,0.424303,True,B
9806,4988957,1,2610.49,4,2972.37,8.35512,8.66667,24,11.4423,4670,0.717112,3,24,0,0,6.17887,728.259,1069.63,0.866222,149.255,32.0462,True,False,4,1.14101,False,1,,,single,True,0.380449,True,B
9810,233528075,1,2635.8,3,3638.53,8.34992,4.33503,18,12.1802,5333,0.801398,3,24,0,0,5.70551,419.303,1599.42,0.904795,280.253,60.2735,True,False,6,1.17968,False,1,,,single,True,0.470401,True,B
9813,8114566,1,2626.24,1,3533.81,8.34503,3.66495,6,10.2356,5028,0.823453,1.5,12,1,0,5.19998,3245.71,522.351,0.981712,154.198,39.8038,False,False,3,0.676868,False,1,,,single,True,0.476341,True,A
9814,8117299,1,2610.15,2,3201.64,8.34372,4.16667,12,11.8117,5532.51,0.988755,3,24,0,0,0.942279,272.899,1308.41,0.929444,154.69,39.3608,True,False,4,0.5,False,1,,,single,True,0.544418,True,B
9816,82204151,2,2635.83,1.5,5016.44,8.34064,3.8306,9,10.8523,5544.63,0.817765,3,24,0,0,7.96003,681.019,1372.22,0.669528,148.101,28.5613,True,False,5,1.35374,False,2,,,single,True,0.563617,True,B
9817,286728088,1,2635.38,3,5023.53,8.34032,14.4945,18,12.7658,5592.51,1.35034,3,24,0,0,,341.139,2414.38,0.992381,142.992,23.0289,True,False,1,2.61078,False,1,,,single,True,0.931333,True,B
9819,87974220,1,2620.56,6,3345.15,8.33901,25.5025,36,12.658,5960,1.60631,3,24,0,0,,329.028,2371.73,0.994379,146.561,22.7521,False,False,1,2.26267,False,1,,,single,True,0.904055,True,A
9821,88728842,1,2626.79,8,1435.72,8.33832,9.83599,48,11.5257,6037.49,1.14091,3,24,0,0,,119.234,1023.99,0.970055,151.261,49.8988,True,False,2,0.618851,False,1,,,single,True,0.420673,True,B
9822,307988943,1,2610.81,3,2819.09,8.33808,8.33333,18,10.4314,6652.58,1.52313,3,24,0,0,4.92119,476.666,853.321,0.883816,149.662,29.5675,True,False,2,0.870259,False,1,,,single,True,0.786953,True,B
9824,361977348,1,2634.81,6,3754.63,8.3363,28.1606,36,12.7891,5366,2.26021,3,24,0,0,,319.43,2425.67,0.996859,144.067,26.8762,False,False,2,3.15227,False,1,,,single,True,1.34769,True,A
9825,1114909,1,2627.74,1,5802.6,8.33589,41.6598,6,12.2654,5905,1.62772,3,24,0,0,,176.152,1655.69,0.998553,155.458,24.1978,False,False,0,1.83721,False,1,,,single,True,1.20656,True,A
9826,467268151,1,2612.16,3,4227.27,8.33444,4.5,18,12.1509,7448,2.13967,3,24,0,0,1.87605,353.121,1751.16,0.967907,308.813,63.5167,False,False,1,0.734885,False,1,,,single,True,1.35374,True,A
9830,95845411,1,2612.52,4,3942.7,8.32734,64.1667,23,12.6418,5694,1.80299,3,24,0,0,,238.423,2393.53,0.971916,162.08,22.3606,False,False,0,0.560833,False,1,,,single,True,1.10166,True,A
9831,198509993,1,2635.77,4,4442.48,8.32701,5.15996,24,12.6315,5960,1.0323,3,24,0,0,4.03669,497.536,1917.34,0.993466,210.723,77.0014,True,False,4,0.908937,False,1,,,single,True,0.669539,True,B
9833,229610051,1,2613,12,1590.38,8.32418,18.8333,72,12.4865,4690,0.831216,3,24,0,0,,184.095,1742.55,0.933243,275.061,76.4308,False,False,4,1.45043,False,1,,,single,True,0.322569,True,A
9834,282925121,1,2625.48,4,774.61,8.3225,4.99528,24,9.38482,5420,1.07179,3,24,0,0,5.57826,158.494,311.063,0.997721,225.055,65.108,False,False,2,1.5858,False,1,,,single,True,0.290274,True,A
9835,198382901,1,2616.25,2,3975.79,8.32177,129.005,12,12.3643,5974,1.06115,3,24,0,0,,164.95,1580.06,0.959798,257.447,58.6403,False,False,1,0.908937,False,1,,,single,True,0.651097,True,A
9838,1097027,1,2611.06,3,2414.56,8.32067,0.832446,14,11.4308,6233,1.01445,3,24,0,0,13.0696,216.586,983.532,0.996858,154.922,24.3793,True,False,0,1.7792,True,1,,,single_partial,True,0.485073,True,B
9839,155638359,1,2621.46,1.5,5179.19,8.31956,3.83083,9,10.7684,5605,0.837741,3,24,0,0,7.6735,659.551,1106.64,0.837436,203.826,78.5527,True,False,3,1.10233,False,1,,,single,True,0.586676,True,B
9841,318275039,1,2610.99,6,2608.99,8.31903,12.3333,36,11.5567,6792.51,1.91194,3,24,0,0,10.6308,603.256,1247.21,0.907974,163.948,51.9495,True,False,1,0.870259,False,1,,,single,True,0.950316,True,B
9842,171556860,1,2630.01,1.5,1690.68,8.31713,0.84223,9,10.4168,6280,2.57931,3,24,0,0,,76.9154,569.861,0.997922,156.095,20.3728,False,False,0,1.6825,True,1,,,single_partial,True,1.03203,True,B
9844,259266829,1,2635.82,1,7348.29,8.31492,3.82625,6,12.0331,5438,1.95203,1.5,12,1,0,4.80272,2690.56,1340.4,0.960406,293.182,67.0981,True,False,5,1.99193,False,1,,,single,True,1.62831,True,B
9847,4956209,1,2611.89,4,2890.91,8.31109,37.5,24,12.0246,5477.18,2.17615,3,24,0,0,8.02079,296.634,1456.68,0.998817,148.359,31.169,False,False,0,1.14101,False,1,,,single,True,1.13858,True,A
9849,149441873,1,2615.04,2,2711.64,8.30962,113.333,12,11.4558,5855,1.49269,3,24,0,0,,120.49,1086.77,0.980316,140.819,24.7915,False,False,4,2.74615,False,1,,,single,True,0.756386,True,A
9850,126367310,1,2614.09,1.5,6141.73,8.309,43.8333,9,11.8656,5217.9,1.08785,3,24,0,0,5.1584,995.837,1439.11,0.978225,135.852,24.972,False,False,1,1.31506,False,1,,,single,True,0.829606,True,A
9853,138710598,1,2619.48,1,3500.35,8.30779,51.509,6,11.3946,5474,0.876833,3,24,0,0,,132.398,1027.15,0.971942,162.853,24.628,False,False,0,0.5,False,1,,,single,True,0.504813,True,A
9854,8794778,1,2612.6,12,2772.47,8.3067,38.3333,72,12.4694,6030.85,1.11928,3,24,0,0,2.83929,341.254,1936.14,0.961467,141.862,31.332,False,False,8,2.70747,False,1,,,single,True,0.573495,True,A
9855,92004894,1,2627.18,1.5,7031.17,8.30604,24.9991,9,12.7476,5919.87,1.2773,3,24,0,0,,265.934,2466.18,0.991042,144.984,23.0965,True,False,3,2.39805,False,1,,,single,True,1.04223,True,B
9856,349824656,1,2618.03,1.5,2682.42,8.30589,86.3339,9,11.0319,5651.74,0.844074,3,24,0,0,0.0504434,240.278,826.15,0.982208,143.894,26.4462,False,False,4,3.05557,False,1,,,single,True,0.425404,True,A
9859,142396584,1,2610.71,4,4141.6,8.30305,11.3333,24,12.4271,3781,0.620511,3,24,0,0,11.7015,1047.32,1818.22,0.96108,198.845,62.2149,True,False,1,0.522155,False,1,,,single,True,0.388589,True,B
9868,288638681,1,2611.32,3,4515.33,8.29245,4.66667,18,12.6057,5651,0.95851,3,24,0,0,3.76571,374.742,1940.51,0.981103,280.281,79.4242,True,False,4,0.754224,False,1,,,single,True,0.626757,True,B
9869,138650445,1,2634.52,6,4697.58,8.29217,35.166,36,12.9342,4293,0.696928,2.5,20,1,0,3.3644,870.085,2839.9,0.917312,178.528,62.2682,False,False,0,0.734885,False,1,,,single,True,0.464818,True,A
9871,371519666,1,2612.13,3,5552.64,8.28801,4.83333,18,11.3773,4797.69,0.759063,3,24,0,0,8.0184,2121.76,1028,0.900277,152.483,52.2819,False,False,4,1.14101,False,1,,,single,True,0.550408,True,A
9875,376997143,1,2627.36,3,6041.82,8.28521,46.333,18,12.9363,5820,1.08169,3,24,0,0,4.91321,409.332,2922.57,0.838067,284.659,57.4299,True,False,1,1.31506,False,1,,,single,True,0.818171,True,B
9876,8769272,1,2611.04,2,5936.05,8.28418,4.16667,12,12.4854,5488.14,1.93532,1.25,10,1,0,1.87497,692.116,1974.85,0.997341,140.467,31.2535,True,False,7,2.22399,False,1,,,single,True,1.45097,True,B
9877,365931351,1,2615.41,1,5168.97,8.28325,130.667,6,12.2004,5594,1.11152,3,24,0,0,,168.277,1564.92,0.997633,166.744,37.4372,False,False,0,0.870259,False,1,,,single,True,0.777637,True,A
9883,95747137,1,2626.22,1,8829.98,8.28163,5.15657,6,11.9681,5815,1.75885,3,24,0,0,8.68998,907.933,1618.69,0.88636,160.274,21.3195,False,False,0,0.5,False,1,,,single,True,1.6083,True,A
9884,150326859,1,2610.43,3,3599.64,8.28084,4.5,18,12.2676,5591.14,1.01022,3,24,0,0,,210.753,1776.16,0.813593,191.587,57.6627,True,False,3,0.908937,False,1,,,single,True,0.589798,True,B
9885,417934025,1,2629.69,1.5,6325.07,8.27988,107.66,9,12.7186,6409.31,2.43883,3,24,0,0,0.228627,419.464,2192.47,0.921129,193.631,58.0948,False,False,1,1.00563,False,1,,,single,True,1.88743,True,A
9886,171557894,1,2610.09,6,3022.09,8.27957,6,36,12.58,6133,1.85367,3,24,0,0,,242.769,2210.26,0.991159,156.197,21.3031,True,False,4,1.41175,False,1,,,single,True,0.991615,True,B
9894,335745965,1,2610.57,6,3838.43,8.27366,6,36,12.9729,6213,1.03003,3,24,0,0,,291.791,2789.37,0.916698,224.276,60.0587,True,False,4,0.63819,False,1,,,single,True,0.620989,True,B
9901,99825617,2,2635.14,16,2154.72,8.26632,20.3261,96,12.5009,5363,0.846274,2.5,20,1,0,3.36436,633.353,2044.32,0.939911,164.664,64.1139,False,False,0,1.19902,False,2,,,single,True,0.382264,True,A
9908,4753462,1,2619.38,1.5,6304.88,8.26241,53.8342,9,12.6823,6053.08,1.3264,3,24,0,0,5.10968,349.844,2289.14,0.954769,145.739,30.2478,False,False,2,1.83721,False,1,,,single,True,1.02487,True,A
9910,105576496,1,2635.47,8,749.023,8.26074,9.49477,48,9.928,5619.01,1.06012,3,24,0,0,5.79698,177.598,521.47,0.946105,153.207,46.0212,True,False,3,0.502816,False,1,,,single,True,0.282332,True,B
9912,9340247,1,2635.83,1.5,4143.38,8.25819,3.82778,9,11.4908,6353,2.00371,3,24,0,0,1.77082,379.643,1138.34,0.88567,149.899,40.4785,True,False,1,0.889598,False,1,,,single,True,1.25508,True,B
9914,172533606,1,2616.87,2,748.119,8.25683,114.167,12,9.2534,6236,1.62825,3,24,0,0,,38.0819,324.861,0.994496,143.229,25.4395,False,False,2,3.28764,False,1,,,single,True,0.433375,True,A
9916,171578341,1,2632.34,3,2603,8.25583,87.5092,18,11.8557,6365,1.16691,3,24,0,0,,133.684,1312.22,0.992507,156.308,18.3251,False,False,2,1.6825,False,1,,,single,True,0.579338,True,A
9919,284891357,2,2611.47,24,1520.65,8.24842,24.8333,144,12.0533,5473.88,2.16918,3,24,0,0,3.36173,394.328,1454.9,0.826307,260.512,55.9698,True,False,2,0.947615,False,2,,,single,True,0.823127,True,B
9920,219760799,1,2610.59,1,3727.91,8.24765,3.5,6,11.4294,6093,1.05039,3,24,0,0,4.11853,436.564,991.36,0.855398,262.25,63.6056,True,False,4,1.00563,False,1,,,single,True,0.62408,True,B
9924,239200251,1,2612.18,2,5947.58,8.24444,53.6667,12,12.7083,5275,0.913705,3,24,0,0,,247.742,2489.52,0.996658,148.675,21.6134,False,False,3,2.28201,False,1,,,single,True,0.685699,True,A
9925,349794755,1,2626.71,6,2461.82,8.24346,6.66804,36,11.645,5868.85,1.09888,3,24,0,0,3.72996,269.753,1145.15,0.981724,143.558,27.9463,True,False,2,3.11359,False,1,,,single,True,0.530562,True,B
9929,233661037,1,2611.05,3,6931.23,8.24027,4.66667,18,12.6536,5031,1.18885,3,24,0,0,5.46201,999.699,2111.69,0.926136,260.047,62.9336,True,False,4,0.928276,False,1,,,single,True,0.96314,True,B
9930,8886363,1,2629.33,4,4144.96,8.23893,74.6694,24,12.5328,3900,0.588886,3,24,0,0,1.34892,332.09,2067.91,0.9884,143.404,35.0624,False,False,2,1.37307,False,1,,,single,True,0.368934,True,A
9932,95343711,1,2614.27,1.5,4607.75,8.23828,105.667,9,12.2637,5449.72,2.0792,3,24,0,0,,184.233,1608.89,0.996475,153.955,23.7341,True,False,2,1.87589,False,1,,,single,True,1.3734,True,B
9938,148623688,2,2612.08,1.5,6042.44,8.23333,3.83333,9,12.6021,5975.49,1.47352,3,24,0,0,,254.639,2084.73,0.982558,154.173,54.6889,False,False,1,0.560833,False,2,,,single,True,1.1146,True,A
9939,172503960,1,2630.77,2,7932.3,8.23319,1.49551,12,12.8642,5729,1.22165,3,24,0,0,12.2707,1941.37,2540.79,0.85176,142.485,29.8467,False,False,1,2.70747,True,1,,,single_partial,True,1.05878,True,B
9943,286689473,1,2610.49,1.5,4607.86,8.22884,4,9,12.2624,5978,1.27004,3,24,0,0,,244.63,1772.91,0.868361,142.595,23.539,True,False,5,2.43672,False,1,,,single,True,0.838928,True,B
9945,155877397,1,2610.43,1.5,3919.26,8.22805,4.33333,9,11.0991,5653,1.10796,1.5,12,1,0,11.6984,14331.2,800.87,0.988108,196.503,58.9203,True,False,3,0.773563,False,1,,,single,True,0.674969,True,B
9949,219089178,1,2611.07,2,4501.54,8.22456,4,12,11.8087,6301,1.23737,3,24,0,0,4.1794,701.985,1556.6,0.816439,268.521,66.3252,True,False,2,0.5,False,1,,,single,True,0.807862,True,B
9950,417849320,1,2635.79,3,3336.96,8.22444,4.65474,18,11.994,5634,1.6114,3,24,0,0,3.5416,305.929,1573.44,0.800909,152.246,62.4033,True,False,3,0.754224,False,1,,,single,True,0.905809,True,B
9953,150317498,1,2610.49,6,2063.05,8.22268,6,36,11.9864,6261,1.63788,3,24,0,0,,129.959,1326.24,0.927974,190.97,57.4112,True,False,3,0.908937,False,1,,,single,True,0.723927,True,B
9955,376504609,1,2635.56,8,1075.14,8.22221,10.1784,48,11.5133,6313,2.07413,3,24,0,0,,105.791,1018.3,0.974838,182.321,47.6904,True,False,0,0.5,False,1,,,single,True,0.661798,True,B
9956,330757434,1,2616.43,1.5,4907.28,8.22185,1.33241,9,11.6129,6266.69,1.76803,3,24,0,0,6.90579,831.608,1104.25,0.993576,144.309,29.5168,False,False,2,2.1273,True,1,,,single_partial,True,1.20522,True,B
9963,95340179,1,2620.7,1.5,1188.35,8.21359,22.3399,9,9.7119,6136,3.18589,3,24,0,0,,51.6397,400.145,0.999025,153.639,18.3299,False,False,0,1.3344,False,1,,,single,True,1.06871,True,A
9964,53481079,1,2612.88,4,1236.55,8.21249,57.6667,24,10.8222,5479.3,0.856628,3,24,0,0,,85.771,701.91,0.998563,162.576,50.7967,False,False,0,0.85092,False,1,5717.01,5717.01,single,True,0.293127,True,A
9965,415759892,1,2635.61,8,1121.35,8.212,9.16957,48,10.7043,6421,1.90552,3,24,0,0,,106.046,846.237,0.602826,162.076,41.8834,True,False,4,0.773563,False,1,,,single,True,0.620928,True,B
9970,20162076,1,2635.83,1.5,3583.57,8.21027,3.82207,9,11.4221,5474,0.878976,3,24,0,0,4.11507,326.426,1188.69,0.800738,145.413,47.7244,True,False,4,0.5,False,1,,,single,True,0.512027,True,B
9973,219467270,1,2610.62,1.5,3303.26,8.20644,3.83333,9,10.4025,5805,0.991092,1.25,10,1,0,3.9887,2373.38,656.726,0.883749,210.206,72.1664,True,False,4,0.580172,False,1,,,single,True,0.554297,True,B
9977,371545925,1,2612.34,3,4212.55,8.20448,32.5,18,12.4407,5949.33,1.57603,3,24,0,0,1.89392,331.13,1856.4,0.94395,153.561,50.3152,False,False,1,0.5,False,1,,,single,True,0.995393,True,A
9985,8118004,1,2634.06,1,2649.37,8.18778,46.1654,6,10.8224,6448,1.7612,3,24,0,0,6.50172,163.256,718.742,0.972956,154.748,39.4455,False,False,0,0.63819,False,1,,,single,True,0.88214,True,A
9988,148894032,1,2610.66,3,2029.65,8.18073,4.66667,18,8.8016,4610,0.725543,2.5,20,1,0,12.7603,5902.9,265.733,0.989287,184.373,69.2569,True,False,1,1.16034,False,1,,,single,True,0.318077,True,B
9989,198178519,1,2610.67,3,3941.31,8.18046,5.33333,18,12.2548,5619,0.903766,3,24,0,0,6.38378,497.19,1638.2,0.841764,244.434,61.3363,True,False,5,0.947615,False,1,,,single,True,0.552121,True,B
9991,8866485,1,2621.04,1.5,8500.77,8.17982,13.9996,9,12.647,5871,1.31739,1.5,12,1,0,3.71838,1698.35,2215.14,0.890444,143.095,30.1706,False,False,2,1.99193,False,1,,,single,True,1.18195,True,A
9992,172531489,1,2610.55,2,8162.78,8.17772,4.16667,12,12.5742,5730.59,0.959739,2.5,20,1,0,5.81749,2146.69,2570.21,0.82291,143.092,24.3812,True,False,3,2.78483,False,1,,,single,True,0.843781,True,B
9993,9348527,1,2617.97,8,3030.14,8.17686,87.835,48,12.8633,5780.63,1.64198,3,24,0,0,,356.871,2489.31,0.994291,150.146,36.0883,False,False,2,1.74052,False,1,,,single,True,0.879542,True,A
9999,91899339,1,2617.93,1.5,2357.56,8.17439,88.8339,9,10.7883,6633.32,1.86313,3,24,0,0,3.88885,179.98,697.251,0.984584,142.324,23.9331,False,False,3,2.64945,False,1,,,single,True,0.880302,True,A
10003,56937873,1,2635.83,2,5031.59,8.17333,3.84259,12,12.3723,5480,1.89252,2,16,1,0,0.842197,513.464,1684.07,0.981053,172.243,42.8153,True,False,5,0.908937,False,1,,,single,True,1.30632,True,B
10004,16220834,1,2611.9,1.5,3131.34,8.17228,46,9,11.5054,6071.31,2.09828,3,24,0,0,1.34056,171.565,1086,0.925945,153.403,36.2265,False,False,0,0.676868,False,1,,,single,True,1.14258,True,A
10005,138559526,1,2635.67,1.5,2235.98,8.16794,7.49826,9,10.9114,6128,1.41074,3,24,0,0,,89.2631,795.513,0.977553,174.656,61.6546,True,False,5,1.39241,False,1,,,single,True,0.649139,True,B
10008,229588763,1,2611.38,4,1106.32,8.16554,5,24,10.2544,6566.1,2.14172,3,24,0,0,6.89229,138.957,564.4,0.910411,271.749,73.5269,True,False,1,1.19902,False,1,,,single,True,0.693203,True,B
10011,139401550,1,2627.43,24,1439.03,8.16187,29.6706,131,12.1108,6230.65,1.3862,3,24,0,0,2.09297,433.648,1611.33,0.954702,139.548,31.6397,True,False,6,1.93391,False,1,,,single,True,0.511703,True,B
10015,256804591,1,2626.2,3,3053.53,8.15766,4.50627,18,11.0939,5301,1.19371,3,24,0,0,8.34246,1074.6,820.428,0.980472,301.394,65.0858,False,False,1,2.1273,False,1,,,single,True,0.641886,True,A
10016,85978963,1,2612.04,3,3124.06,8.15676,39.3333,18,11.8468,5767.07,0.945745,3,24,0,0,5.56301,383.421,1387.31,0.995732,137.928,23.2546,False,False,2,1.64382,False,1,,,single,True,0.514389,True,A
10017,207396719,1,2625.59,1,6501.31,8.15456,3.82571,6,11.5456,5299,0.837739,2,16,1,0,6.07982,2785.72,1008.11,0.998422,241.737,59.2434,False,False,0,0.5,False,1,,,single,True,0.657305,True,A
10019,172535144,1,2627.03,8,2430.46,8.15281,0.835337,30,12.0048,6733.06,1.4644,3,24,0,0,2.15336,215.583,1423.47,0.995397,143.363,29.4507,True,False,2,2.14664,True,1,,,single_partial,True,0.702525,True,B
10021,229748126,1,2621.42,3,1876.74,8.15074,4.8314,18,11.2074,6772,1.72257,3,24,0,0,3.24415,181.685,867.448,0.943607,280.498,69.6678,True,False,0,1.06365,False,1,,,single,True,0.726167,True,B
10025,138652016,1,2610.45,1.5,1571.37,8.1483,3.83333,9,9.86734,6205,1.24909,3,24,0,0,,91.8626,622.547,0.821318,179.052,60.6648,True,False,0,0.870259,False,1,,,single,True,0.481826,True,B
10026,157982127,1,2633.73,3,4568.65,8.14759,53.9921,18,12.7263,6444,1.21651,3,24,0,0,,239.442,1983.58,0.950633,212.487,78.3761,False,False,0,1.12167,False,1,,,single,True,0.800142,True,A
10031,233007230,1,2635.83,1,8939.47,8.14523,3.6598,6,12.281,5503,0.854548,2,16,1,0,3.88776,1012.92,1971.03,0.434154,247.674,77.4217,True,False,2,1.25704,False,1,,,single,True,0.786231,True,B
10033,293630845,1,2635.79,2,2831.83,8.14466,4.65569,12,10.246,3692,0.576204,3,24,0,0,6.51121,1115.29,585.359,0.997981,149.695,55.5508,True,False,1,0.792902,False,1,,,single,True,0.298378,True,B
10038,356743654,2,2635.14,16,5242.95,8.14205,20.3224,96,12.2415,5703,0.949286,2,16,1,0,7.67564,4135.01,1640.17,0.958998,178.232,77.0613,False,False,0,0.63819,False,2,,,single,True,0.668871,True,A
10042,100011351,1,2614.4,1,624.255,8.14037,95.6667,5,5.2094,6163.81,1.67925,3,24,0,0,5.11387,87.6189,90.4604,0.999956,173.086,61.0825,True,False,1,1.21836,False,1,,,single,True,0.408276,True,B
10043,26958513,1,2635.16,2,4330.79,8.13947,19.8352,12,12.1997,6002,1.18505,3,24,0,0,,194.708,1714.73,0.992941,149.646,20.7658,False,False,2,1.93391,False,1,,,single,True,0.758888,True,A
10046,229596699,1,2613.02,3,3430.14,8.1382,4.5,18,12.1279,5517,0.872662,3,24,0,0,2.96738,321.599,1441.11,0.959284,273.308,74.0662,False,False,3,1.25704,False,1,,,single,True,0.497347,True,A
10050,219898718,1,2611,2,7550.09,8.1374,4,12,12.5203,5903,1.05098,3,24,0,0,5.468,1100.83,2256.5,0.836324,263.398,67.5476,True,False,3,1.04431,False,1,,,single,True,0.888645,True,B
10054,450297380,1,2618.08,3,2206.98,8.13626,85.1651,18,11.6166,5611.75,1.20061,3,24,0,0,,108.715,1078.24,0.99897,142.994,39.6943,False,False,2,3.13293,False,1,,,single,True,0.548856,True,A
10056,165718852,1,2610.26,1.5,4721.86,8.13539,3.66667,9,12.254,5924,1.85815,3,24,0,0,,239.383,1712.79,0.992446,164.356,34.9316,True,False,2,0.947615,False,1,,,single,True,1.24249,True,B
10058,95435432,1,2634.54,2,3473.06,8.13222,34.0084,12,11.9432,6420,2.12076,3,24,0,0,0.895417,218.205,1434.08,0.97635,155.305,17.9383,False,False,1,1.56647,False,1,,,single,True,1.2162,True,A
10061,361977971,1,2612.45,1,5098.08,8.13059,51.1667,6,11.9609,5797.7,0.974869,3,24,0,0,,193.936,1381.65,0.996038,144.033,23.9645,False,False,3,2.41738,False,1,,,single,True,0.677341,True,A
10062,85995153,1,2621.33,2,2942.72,8.13052,7.16575,12,11.4262,6400.18,1.74854,3,24,0,0,9.87164,563.007,1053.99,0.992655,138.576,23.1668,True,False,3,1.72118,False,1,,,single,True,0.923012,True,B
10064,284992551,1,2612.68,2,3762.54,8.12965,56.6667,12,12.0894,5488.45,1.14997,3,24,0,0,5.5796,393.131,1673.42,0.991332,137.281,28.1479,False,False,0,1.6825,False,1,,,single,True,0.686412,True,A
10066,144294971,1,2610.26,2,4917.91,8.12872,4.16667,12,12.2985,5628.3,1.09385,3,24,0,0,1.39265,340.102,1783.87,0.999286,169.748,35.4445,True,False,2,0.5,False,1,,,single,True,0.746458,True,B
10071,311629725,1,2635.83,1.5,6869.97,8.1278,3.83137,9,12.5178,4014.03,0.721807,3,24,0,0,10.6308,1737.56,1900.13,0.997845,160.301,49.0581,True,False,0,0.5,False,1,,,single,True,0.582178,True,B
10073,239194983,1,2617.44,4,3508.12,8.12575,100.502,24,12.4051,6011,1.14356,3,24,0,0,,281.475,1937.89,0.985583,146.434,26.0004,False,False,1,1.43109,False,1,,,single,True,0.659104,True,A
10075,159311906,1,2635.81,2,5191,8.12151,4.15923,12,12.6762,3812,0.688477,3,24,0,0,3.98867,628.304,2015.19,0.953656,230.649,78.3762,True,False,4,0.560833,False,1,,,single,True,0.482695,True,B
10076,233008738,1,2611.32,4,4247.57,8.12114,5.33333,24,12.8911,5473,0.818033,3,24,0,0,,324.779,2311.12,0.988079,247.654,72.3025,True,False,4,0.792902,False,1,,,single,True,0.518799,True,B
10077,29235065,1,2610.49,8,1986.92,8.12013,11.3333,48,12.1527,6440.15,1.70188,3,24,0,0,,216.367,1445.1,0.993815,152.211,43.5269,True,False,3,0.734885,False,1,,,single,True,0.738205,True,B
10078,241192375,1,2618.11,6,1528.75,8.11952,84.3375,36,11.4799,5834.85,1.48302,3,24,0,0,5.43404,162.554,1026.98,0.973684,152.997,29.1322,False,False,1,0.618851,False,1,,,single,True,0.564252,True,A
10079,117418756,1,2610.89,1.5,5717.38,8.11864,13.6667,9,12.3219,5541.88,1.46497,3,24,0,0,12.8331,331.805,1863.82,0.991619,137.719,27.9379,True,False,2,1.91457,False,1,,,single,True,1.07792,True,B
10086,95313680,2,2634.82,24,1272.88,8.11092,28.0058,144,11.9203,5087.9,0.754777,3,24,0,0,8.56161,498.686,1391.63,0.99775,153.224,19.4989,False,False,3,2.16598,False,2,,,single,True,0.262042,True,A
10090,149438265,2,2626.45,4,4920.48,8.10831,5.66969,24,12.9526,6303.34,1.33513,3,24,0,0,8.35172,595.868,2535.62,0.987826,140.399,28.7273,True,False,4,2.34003,False,2,,,single,True,0.911349,True,B
10096,199633392,1,2610.66,4,1789.74,8.10115,5,24,11.1371,5580,0.835122,3,24,0,0,4.25587,212.54,778.82,0.988961,250.461,58.1296,True,False,4,0.83158,False,1,,,single,True,0.343797,True,B
10101,149451597,1,2628.29,6,2757.05,8.09248,50.8355,36,12.5589,6374.22,1.52157,3,24,0,0,,308.027,2110.64,0.993424,141.155,26.563,False,False,3,2.61078,False,1,,,single,True,0.777449,True,A
10102,288132261,1,2615.37,4,762.687,8.09069,117.833,24,9.13619,6124,1.49192,3,24,0,0,3.54547,81.4939,304.031,0.976812,209.485,79.5832,False,False,2,1.06365,False,1,1258.01,1258.01,single,True,0.400937,True,A
10103,82249132,1,2610.13,1.5,6363.55,8.0901,3.66667,9,11.6039,5855,1.11223,3,24,0,0,5.18752,796.882,1391.77,0.80783,152.306,24.831,True,False,4,1.5858,False,1,,,single,True,0.86338,True,B
10105,27001989,1,2627.85,1.5,3014.37,8.08428,44.3276,9,11.4554,6194.96,1.29102,3,24,0,0,6.88053,266.745,1100.9,0.950857,151.162,19.1395,False,False,0,1.5858,False,1,,,single,True,0.689745,True,A
10107,165410329,1,2618.97,3,4720.68,8.08365,63.8408,18,12.7545,3941,0.643075,3,24,0,0,,265.696,2477.99,0.993236,159.466,25.4173,False,False,1,0.773563,False,1,,,single,True,0.429953,True,A
10111,4840284,1,2627.72,1.5,6569.84,8.07853,1.49876,9,12.651,5778.96,1.35882,3,24,0,0,4.40968,492.118,2130.92,0.996907,146.711,34.2275,False,False,2,1.74052,True,1,,,single_partial,True,1.07176,True,B
10112,88021717,1,2610.5,2,3593.53,8.07592,4.16667,12,12.0129,5661,1.51468,3,24,0,0,0.972221,237.665,1559.01,0.968795,147.135,21.0847,True,False,8,2.28201,False,1,,,single,True,0.883566,True,B
10116,334637137,1,2635.77,3,2578.93,8.06958,5.17351,18,11.2238,5400,1.19994,3,24,0,0,9.86923,544.806,859.135,0.93976,235.597,64.9814,True,False,2,1.48911,False,1,,,single,True,0.592976,True,B
10117,4917919,1,2612.74,1.5,1958.89,8.06955,1.66578,9,10.2535,3901,0.64635,3,24,0,0,4.42526,178.58,574.363,0.997948,148.221,31.2924,False,False,0,0.966954,True,1,,,single_partial,True,0.278375,True,B
10118,66696113,1,2629.01,1.5,4545.07,8.06892,66.3351,9,12.3105,5562,1.33476,3,24,0,0,,165.733,1696.59,0.906551,156.405,53.9736,False,False,0,0.5,False,1,,,single,True,0.87565,True,A
10120,233182365,1,2625.59,4,3940.59,8.06753,5.16558,24,12.3887,5000,0.764559,3,24,0,0,6.73794,1431.08,1646.3,0.978078,218.869,70.7907,False,False,3,0.599511,False,1,,,single,True,0.467035,True,A
10122,416195583,1,2634.29,2,6473.81,8.0659,40.6672,12,12.5323,6400,1.78703,3,24,0,0,1.2283,573.502,2106.34,0.890984,287.261,57.7203,False,False,1,1.17968,False,1,,,single,True,1.39917,True,A
10124,359587078,2,2611.27,16,2930.44,8.06375,20.1667,96,10.3521,5473,1.16649,2.5,20,1,0,6.92409,1939.53,516.283,0.982962,279.796,54.783,True,False,1,1.10233,False,2,,,single,True,0.614475,True,B
10125,252803339,2,2611.42,24,2462.99,8.06346,29,144,12.7469,5641,1.80346,3,24,0,0,8.05561,380.304,2189.06,0.991229,166.447,45.1767,True,False,1,0.812241,False,2,,,single,True,0.870955,True,B
10129,462546433,1,2626.65,1,6853.4,8.0605,18.1704,6,12.8384,5347,0.845829,3,24,0,0,,224.003,2134.86,0.953801,218.708,78.3336,True,False,1,0.85092,False,1,,,single,True,0.681386,True,B
10131,27072820,1,2620.05,1,8388.11,8.05326,37.8391,6,12.7016,5859,1.07332,3,24,0,0,4.66894,359.576,2449.1,0.988119,152.52,20.0777,False,False,1,2.10796,False,1,,,single,True,0.956575,True,A
10132,8262713,1,2632.58,8,1954.44,8.05313,81.6724,48,12.4975,5827.61,1.1971,3,24,0,0,3.62465,270.902,1807.05,0.995537,162.244,36.9932,False,False,1,1.35374,False,1,,,single,True,0.51499,True,A
10133,165288672,1,2610.48,8,1203.04,8.05296,12.3333,48,11.7982,5770.17,1.82826,3,24,0,0,1.1234,201.238,1243.06,0.998156,156.859,25.6101,True,False,1,1.56647,False,1,,,single,True,0.617073,True,B
10134,166012928,1,2635.85,1,3333.43,8.04845,3.34032,6,11.1369,5091,0.810831,3,24,0,0,4.56974,395.649,898.821,0.821916,212.296,63.6954,True,False,2,0.657529,False,1,,,single,True,0.455547,True,B
10140,252803603,1,2614.38,1,2066.64,8.04019,97.3333,6,6.905,,0.394898,3,24,0,0,0.851966,154.604,550.555,0.833947,166.369,43.5268,True,False,1,1.27638,False,1,,,single,True,0.174693,True,B
10144,171652549,1,2613.73,3,4553.47,8.03876,93.3333,18,12.3845,6237.35,1.78648,3,24,0,0,4.35772,369.783,1991.57,0.992103,159.575,19.6935,False,False,2,0.870259,False,1,,,single,True,1.17308,True,A
10145,407591168,1,2628.2,2,2667.2,8.03855,48.9978,12,11.5443,5951.13,1.25395,3,24,0,0,1.35453,168.033,1082.74,0.996797,152.226,34.7289,False,False,2,1.17968,False,1,,,single,True,0.630182,True,A
10146,149368158,1,2635.83,1.5,8654.25,8.03296,3.8224,9,12.6821,3318,0.363999,3,24,0,0,5.13324,612.364,2915.14,0.551744,139.047,28.8066,True,False,6,2.37871,False,1,,,single,True,0.329513,True,B
10147,4989739,1,2610.4,6,2709.42,8.0323,9.83333,36,12.7271,5417.42,0.950059,3,24,0,0,9.99996,343.477,2221.5,0.997619,149.335,32.0254,True,False,4,1.17968,False,1,,,single,True,0.481223,True,B
10150,376504644,1,2610.49,2,1891.4,8.03008,4,12,10.7714,6145,1.27368,3,24,0,0,5.13343,180.88,703.813,0.934481,182.35,47.5148,True,False,1,0.5,False,1,,,single,True,0.539026,True,B
10151,154068411,1,2635.83,1.5,1940.17,8.0299,3.66835,9,7.83446,6272,2.17402,3,24,0,0,3.55711,289.2,292.725,0.936254,207.804,68.3263,True,False,3,0.502816,False,1,,,single,True,0.931839,True,B
10156,386954297,1,2612.34,1.5,5615.59,8.02591,60,9,12.4783,6106,1.23374,3,24,0,0,,238.169,1930.19,0.985055,157.851,21.9489,False,False,1,0.618851,False,1,,,single,True,0.899661,True,A
10157,233605079,1,2626.35,1.5,7532.87,8.02571,3.83457,9,11.7778,5005,0.742014,2,16,1,0,8.32174,4337.18,1225.54,0.972812,282.876,63.0748,True,False,1,2.1273,False,1,,,single,True,0.626686,True,B
10159,139382247,1,2628.39,1.5,7774.33,8.02287,52.8374,9,12.7996,6106.83,1.76919,3,24,0,0,7.5162,463.135,2653.06,0.909569,139.245,31.652,False,False,0,1.95325,False,1,,,single,True,1.51797,True,A
10164,171650198,1,2610.99,6,3976.14,8.0111,27.6667,36,12.9258,5716,1.03638,3,24,0,0,,324.839,2871.49,0.93989,159.333,21.3207,True,False,1,0.734885,False,1,,,single,True,0.635927,True,B
10166,1066572,1,2615.31,2,4034.03,8.01058,130.667,12,12.1798,5973.42,1.11712,3,24,0,0,,213.986,1524.92,0.993687,154.452,25.0339,False,False,2,1.6825,False,1,,,single,True,0.690441,True,A
10168,148680454,1,2610.39,1,2942.55,8.01011,3.5,6,10.9222,5596,1.04279,3,24,0,0,4.94932,296.422,723.181,0.943789,172.12,42.9309,True,False,1,0.5,False,1,,,single,True,0.550448,True,B
10171,233054183,1,2611.04,1.5,3207.07,8.00362,3.83333,9,11.0687,5230,1.20373,3,24,0,0,9.65547,619.914,762.312,0.992462,269.269,65.4288,True,False,2,0.599511,False,1,,,single,True,0.663347,True,B
10172,287139818,1,2621.41,4,3845.48,8.00347,5.00429,24,12.7338,5907,1.15094,3,24,0,0,8.36818,764.117,2243.49,0.826683,253.485,60.529,True,False,1,0.773563,False,1,,,single,True,0.694521,True,B
10176,67958009,1,2621.31,1,136638,7.9977,7.66479,6,12.7914,4745.62,0.699128,3,24,0,0,9.28803,15636.7,26572.1,0.980283,143.143,42.0498,True,False,1,2.01126,False,1,,,single,True,2.51478,False,B
10179,153937545,1,2611.17,3,5309.7,7.9957,4.83333,18,12.8008,5714,1.01244,3,24,0,0,7.35897,779.823,2336.84,0.946507,172.828,70.3459,True,False,5,0.986293,False,1,,,single,True,0.717896,True,B
10181,105577720,1,2615.33,1,7307.26,7.99467,116.667,6,12.6808,5720.79,1.46126,3,24,0,0,,216.831,2252.29,0.991998,153.407,43.218,False,False,1,0.676868,False,1,,,single,True,1.21552,True,A
10182,166127680,1,2625.55,2,6702.84,7.99375,3.99282,12,12.0446,5163,0.847992,2.5,20,1,0,9.13706,4207.85,1486.34,0.895846,215.841,60.7807,False,False,3,1.19902,False,1,,,single,True,0.675583,True,A
10183,229449419,1,2629.41,6,1269.69,7.99373,81.5038,32,11.3722,5937,1.04646,3,24,0,0,,100.795,953.182,0.918166,294.084,62.4934,False,False,4,1.99193,False,1,,,single,True,0.362852,True,A
10186,27064472,1,2634.43,1.5,5319.37,7.99179,37.5046,9,12.4203,5771.59,1.44855,3,24,0,0,3.73515,294.058,1924.72,0.923924,151.633,18.6495,False,False,1,1.48911,False,1,,,single,True,1.02807,True,A
10189,39077655,1,2626.24,1,4496.14,7.98847,3.49998,6,9.1704,5228,0.7748,3,24,0,0,9.99993,2171.9,300.658,0.996112,151.194,40.834,False,False,3,0.792902,False,1,,,single,True,0.505553,True,A
10190,371492696,1,2611.55,8,590.74,7.98797,15.6667,48,9.177,5287.2,0.924072,3,24,0,0,5.02214,108.31,296.432,0.997936,149.213,52.0112,True,False,6,1.39241,False,1,,,single,True,0.218555,True,B
10193,26957183,1,2629.97,2,8831.43,7.98406,95.1623,12,12.9162,6407,1.42798,3,24,0,0,8.15758,742.265,3151.61,0.811508,149.558,20.6359,False,False,3,1.72118,False,1,,,single,True,1.30586,True,A
10194,3942383,1,2610.09,2,3863.28,7.98364,4,12,11.9111,6027.1,1.66376,3,24,0,0,5.2139,291.829,1472.13,0.871163,152.016,26.4924,True,False,3,1.06365,False,1,,,single,True,1.0063,True,B
10195,259005576,1,2627.28,1.5,2470.48,7.98348,3.83907,9,10.2969,5900,0.938451,3,24,0,0,9.24665,588.305,546.192,0.971716,290.424,71.6231,True,False,3,1.14101,False,1,,,single,True,0.4539,True,B
10197,4895962,1,2635.77,4,2903.14,7.9826,5.16312,24,12.1729,6543.35,1.9419,3,24,0,0,4.93587,344.17,1650.26,0.807342,147.844,30.1934,True,False,3,1.17968,False,1,,,single,True,1.01816,True,B
10198,386940282,1,2618.15,1.5,1820.15,7.98059,83.508,9,10.5991,6491,1.26671,3,24,0,0,,92.1918,649.319,0.999555,157.722,20.1463,False,False,1,1.31506,False,1,,,single,True,0.525882,True,A
10202,148968385,1,2611.3,8,1349.9,7.97614,20.1667,48,11.8131,5980,1.27271,3,24,0,0,,129.152,1232.7,0.977649,191.451,71.2355,True,False,2,0.85092,False,1,,,single,True,0.455027,True,B
10203,95359772,1,2633.06,4,4668.43,7.97437,70.3393,24,12.9927,6235,1.69004,3,24,0,0,,322.92,2856.81,0.976931,154.192,21.338,False,False,5,1.66316,False,1,,,single,True,1.12367,True,A
10206,377387795,1,2635.83,1.5,3628.27,7.97099,3.82154,9,10.2308,5900.76,1.39104,2.5,20,1,0,4.72985,1124.77,954.763,0.636568,150.058,58.7225,True,False,2,0.986293,False,1,,,single,True,0.815356,True,B
10207,4988818,1,2635.84,1,9562.34,7.97073,3.66344,6,12.9184,5633.78,1.02572,2,16,1,0,0.795625,739.647,2701.56,0.848733,149.225,32.8336,True,False,4,1.2377,False,1,,,single,True,0.976042,True,B
10210,154011697,1,2615.16,3,10830,7.9669,115.833,18,9.88751,5103,1.17946,1.5,12,1,0,3.65973,3219.14,3689.31,0.127627,206.102,69.2176,False,False,1,0.599511,False,1,,,single,True,1.19441,True,A
10215,86102618,1,2617.52,2,4238.25,7.96336,98.6663,12,12.2917,5585.22,1.68362,3,24,0,0,0.964638,314.617,1686.89,0.997276,139.801,23.0246,False,False,0,1.79853,False,1,,,single,True,1.06658,True,A
10217,17192266,1,2635.83,1.5,7378.45,7.96144,3.82522,9,12.942,5855.4,1.30117,3,24,0,0,,316.979,2606.89,0.977017,145.358,37.3068,True,False,6,1.7792,False,1,,,single,True,1.08761,True,B
10221,95341266,1,2615.41,3,5607.86,7.95737,132.667,18,12.9765,3613,0.322933,3,24,0,0,,309.914,2866.19,0.9603,153.687,23.7499,False,False,2,1.85655,False,1,,,single,True,0.235325,True,A
10230,16814153,1,2620.32,3,4988.35,7.94796,31.3315,18,12.8891,3845,0.573204,3,24,0,0,6.81822,605.104,2548.97,0.98685,142.418,40.1243,False,False,4,3.15227,False,1,,,single,True,0.393954,True,A
10231,53497052,1,2610.55,3,1887.14,7.94678,4.5,18,11.0283,6181.36,1.70438,3,24,0,0,12.8127,204.021,860.241,0.91003,180.608,51.338,True,False,2,0.5,False,1,,,single,True,0.720487,True,B
10232,311630198,1,2635.63,1.5,3705.51,7.94659,8.66329,9,12.0541,6094,1.62026,3,24,0,0,,133.831,1359.46,0.994591,160.235,51.9101,True,False,1,0.5,False,1,,,single,True,0.959768,True,B
10239,173003577,1,2635.63,8,644.332,7.9359,8.49888,48,10.4025,4732.89,0.732623,3,24,0,0,,61.9633,582.474,0.999319,150.712,30.4041,True,False,5,0.85092,False,1,,,single,True,0.180964,True,B
10242,149443692,1,2619.94,1,3195.89,7.93259,40.4997,5,11.0359,4372,0.677384,3,24,0,0,,91.1281,801.059,0.990626,141.029,25.8579,False,False,3,2.78483,False,1,,,single,True,0.372639,True,A
10244,26988727,1,2621.42,1,9385.59,7.93048,5.00498,6,12.7402,5008,0.92821,2,16,1,0,5.67938,2793.51,2470.21,0.986403,150.884,20.5795,True,False,0,2.0306,False,1,,,single,True,0.875053,True,B
10245,392347123,1,2610.45,3,2845.99,7.92889,11.3333,18,12.1434,5641.75,1.30387,3,24,0,0,,198.815,1472.81,0.991535,155.702,42.1802,True,False,4,0.5,False,1,,,single,True,0.676874,True,B
10249,229580459,1,2613.5,3,3464.78,7.92017,13.3333,18,12.4092,4208,0.675174,3,24,0,0,6.77687,673.614,1655.84,0.987966,270.266,75.749,False,False,0,1.04431,False,1,,,single,True,0.386733,True,A
10250,165369352,1,2610.19,6,2320.87,7.91977,6.33333,36,12.0231,4570.51,0.664998,3,24,0,0,,210.85,1450.4,0.996467,158.647,24.7077,True,False,4,1.00563,False,1,,,single,True,0.311748,True,B
10253,61036583,1,2629.63,1,7221.03,7.91783,87.1592,6,12.4391,4865.79,0.713905,2,16,1,0,3.96153,1011.86,1988.17,0.986056,153.335,17.5157,False,False,3,1.00563,False,1,,,single,True,0.590333,True,A
10254,88099166,1,2617.89,1.5,1933.13,7.91654,89.6704,9,10.8095,5792,1.57796,3,24,0,0,,70.6748,731.121,0.993552,148.399,21.4232,False,False,0,2.28201,False,1,,,single,True,0.675124,True,A
10256,280036787,2,2612.02,12,1900.93,7.91421,22.3333,72,11.8931,6182,1.12859,1.5,12,1,0,3.88883,1437.72,1236.63,0.961153,297.631,66.0655,False,False,6,2.14664,False,2,,,single,True,0.478825,True,A
10257,165300420,1,2611.94,2,5565.06,7.9124,48.3333,12,12.6189,4619,0.747247,3,24,0,0,,225.16,2206.28,0.958094,157.47,24.7171,False,False,0,1.08299,False,1,,,single,True,0.542446,True,A
10258,252801120,1,2614.9,1.5,3996.75,7.91232,112.667,9,12.2082,6332.19,1.41706,3,24,0,0,,162.182,1525.81,0.99396,166.106,47.0757,False,False,1,0.715546,False,1,,,single,True,0.871765,True,A
10261,3906310,1,2627.4,4,4742.73,7.90812,33.3292,24,12.689,5586.15,1.30619,3,24,0,0,5.6386,510.719,2454.53,0.947171,151.298,25.345,True,False,2,1.43109,False,1,,,single,True,0.875343,True,B
10264,233725157,1,2610.63,4,1954.84,7.90559,4.83333,24,9.90722,5809,1.73193,3,24,0,0,2.77703,273.417,681.464,0.855635,276.751,61.3914,True,False,5,1.5858,False,1,,,single,True,0.745149,True,B
10267,95337305,1,2612.19,3,3885.08,7.90365,56.3333,18,12.4377,6438.7,1.29763,3,24,0,0,,236.277,1894.29,0.998895,153.225,18.7404,False,False,2,1.62448,False,1,,,single,True,0.78706,True,A
10276,393835945,1,2635.51,3,1715.86,7.89059,8.1573,18,10.3001,6796.37,1.50569,3,24,0,0,4.64031,205.442,720.081,0.863688,146.392,44.4096,True,False,6,1.64382,False,1,,,single,True,0.606923,True,B
10277,172532113,1,2630.9,1.5,8097.59,7.89008,95.0017,9,12.912,6457,1.87602,3,24,0,0,12.2846,640.539,2655.29,0.907107,143.056,27.2901,False,False,4,3.07491,False,1,,,single,True,1.64276,True,A
10278,237047635,1,2611.12,2,1335.52,7.8894,4,12,10.1515,6294,1.95484,3,24,0,0,3.05211,83.954,518.827,0.966399,306.753,65.202,True,False,6,1.27638,False,1,,,single,True,0.695175,True,B
10284,43215459,2,2610.37,1.5,3190.11,7.88191,3.66667,9,10.6126,6107,1.03566,3,24,0,0,4.94798,305.68,970.719,0.873861,168.941,42.4383,True,False,5,0.773563,False,2,,,single,True,0.569217,True,B
10286,8716939,1,2614.41,2,5394.28,7.88113,98.1667,12,12.497,5862.15,1.28349,3,24,0,0,4.9358,413.764,2048.15,0.99029,138.144,30.0147,True,False,3,1.79853,False,1,,,single,True,0.917311,True,B
10287,414966958,1,2619.72,1.5,2849.11,7.88077,45.6668,9,11.5694,6037,1.54231,3,24,0,0,,125.961,1160.41,0.99586,140.981,23.1661,False,False,1,2.04994,False,1,,,single,True,0.801095,True,A
10291,55779787,1,2610.99,8,2208.31,7.8747,13.8333,48,12.4953,5823.43,0.963348,3,24,0,0,6.09958,341.162,1872.76,0.997765,182.505,57.2262,True,False,1,1.02497,False,1,,,single,True,0.440525,True,B
10293,3906115,1,2626.93,3,2664.23,7.87229,21.6628,18,12.0084,5471.34,0.925941,3,24,0,0,9.30061,228.67,1388.74,0.992044,151.376,26.6695,True,False,1,1.17968,False,1,,,single,True,0.465079,True,B
10294,224288727,1,2614.15,1.5,2412.45,7.87188,92.5,9,11.2395,5629,0.96633,3,24,0,0,,108.76,860.092,0.994901,182.928,58.6912,False,False,1,1.10233,False,1,,,single,True,0.461862,True,A
10296,173003739,1,2635.81,2,4430.04,7.87048,4.16559,12,11.5056,6313.16,1.67887,3,24,0,0,4.75308,569.101,1200.14,0.856821,150.743,30.3481,True,False,3,0.83158,False,1,,,single,True,1.08737,True,B
10297,9377565,2,2614.88,2,2867.17,7.86925,108.667,10,10.9441,5967.69,1.74034,3,24,0,0,0.839018,269.407,949.631,0.857147,167.137,38.725,False,False,2,0.676868,False,2,,,single,True,0.906815,True,A
10298,335744974,1,2635.83,1.5,5620.38,7.86663,3.67385,9,12.4667,4200,0.698216,2,16,1,0,4.13871,1117.02,1821.6,0.83913,224.192,64.6179,True,False,0,1.93391,False,1,,,single,True,0.509366,True,B
10299,329345334,1,2634.19,3,4714.53,7.86216,43.0125,18,12.5333,4582,1.13792,3,24,0,0,4.73132,422.716,2138.61,0.933287,269.724,51.8038,False,False,3,0.812241,False,1,,,single,True,0.760306,True,A
10302,165368801,1,2611.15,8,1423.19,7.85826,1.50101,34,11.2111,5638.75,1.96343,3,24,0,0,13.021,928.661,929.726,0.998837,158.688,27.7327,True,False,3,0.754224,True,1,,,single_partial,True,0.720784,True,B
10303,233634383,1,2616.2,2,3584.88,7.8582,130.335,12,12.1453,6445.54,1.45504,3,24,0,0,,182.249,1489.5,0.99621,145.839,28.1935,False,False,2,2.59144,False,1,,,single,True,0.847753,True,A
10305,239197173,1,2610.59,1.5,8501.14,7.8575,3.83333,9,12.6495,5597.26,0.874246,3,24,0,0,4.72091,673.727,2404.34,0.860687,146.663,26.4695,True,False,4,1.7792,False,1,,,single,True,0.784386,True,B
10306,141820410,2,2611.25,24,1067.65,7.85308,24.1667,144,11.0569,5777,0.921872,3,24,0,0,3.70884,275.555,828.964,0.963116,206.015,57.1553,True,False,0,0.5,False,2,,,single,True,0.293119,True,B
10310,17303016,1,2610.56,4,3680.21,7.84352,5.5,24,12.2848,6517.08,1.50978,3,24,0,0,9.2039,472.23,1769.36,0.866131,160.926,41.6357,True,False,4,0.734885,False,1,,,single,True,0.891266,True,B
10312,105489350,1,2614.38,1,3553.78,7.84242,95.5,6,11.0207,6217.24,2.94687,3,24,0,0,4.74143,288.099,814.358,0.97577,144.739,45.2659,True,False,3,1.46977,False,1,,,single,True,1.70948,True,B
10313,308073799,1,2611.31,3,1906.52,7.84192,34,18,11.5308,6059.88,1.41476,3,24,0,0,,159.202,1145.37,0.937449,152.588,27.1299,True,False,0,1.02497,False,1,,,single,True,0.60112,True,B
10315,335746326,1,2610.52,3,2470.4,7.83342,4.5,18,11.7685,6192,1.06794,3,24,0,0,2.3753,176.36,1189.95,0.908055,224.388,61.4257,True,False,5,0.85092,False,1,,,single,True,0.516521,True,B
10320,88097655,1,2634.5,2,3735.8,7.82527,35.6675,12,12.2522,4922,1.18413,3,24,0,0,,185.095,1730.6,0.996913,148.32,20.0708,False,False,1,1.43109,False,1,,,single,True,0.704285,True,A
10323,311627539,1,2630.11,8,705.774,7.82232,94.4987,48,10.3456,5906,1.95569,3,24,0,0,,55.7949,549.498,0.996035,159.8,48.2807,False,False,0,0.5,False,1,,,single,True,0.505581,True,A
10324,142302664,1,2610.45,4,5998.79,7.82199,5,24,12.9641,6280,1.65962,3,24,0,0,3.78578,435.454,2791.9,0.804275,192.945,60.0675,True,False,3,0.715546,False,1,,,single,True,1.25083,True,B
10325,318219138,1,2629.25,2,2288.82,7.82188,73.832,12,11.471,5902.63,1.21227,3,24,0,0,,113.838,1016.7,0.994312,162.908,51.5973,False,False,1,0.85092,False,1,,,single,True,0.564368,True,A
10328,148684101,1,2615.33,2,3369.97,7.81918,119.833,12,11.9862,5910.08,1.58428,3,24,0,0,,189.81,1397.18,0.978038,181.662,46.5215,False,False,0,0.5,False,1,,,single,True,0.894958,True,A
10329,149395076,1,2615.75,2,5279.24,7.8182,130.333,12,12.5571,3950,0.625536,3,24,0,0,,278.155,2331.5,0.966261,139.323,26.9367,False,False,2,2.26267,False,1,,,single,True,0.442278,True,A
10336,70677051,1,2630.03,1,8692.79,7.80941,96.6578,6,12.5214,5388,0.742525,3,24,0,0,6.88058,1678.34,2184.92,0.950779,155.753,17.3251,False,False,2,1.41175,False,1,,,single,True,0.673671,True,A
10337,173004030,1,2610.13,1,6399.61,7.80918,3.66667,6,12.5614,5281,2.1261,3,24,0,0,,266.643,1987.82,0.997984,150.815,31.9521,True,False,3,0.792902,False,1,,,single,True,1.65508,True,B
10339,148679712,1,2610.38,2,1287.27,7.80727,4,12,10.1345,5428.81,1.0603,3,24,0,0,,73.3367,506.971,0.962506,172.171,46.4806,True,False,2,0.63819,False,1,,1804.01,single,True,0.370187,True,B
10340,446172473,2,2634.97,24,2210.09,7.80688,24.3309,143,11.0105,4884,0.75364,3,24,0,0,9.04377,658.194,780.001,0.961713,206.345,72.2702,False,False,5,1.10233,False,2,,,single,True,0.344768,True,A
10343,235717530,1,2635.82,1.5,2729.94,7.80363,3.82466,9,10.8877,5917,0.92755,3,24,0,0,4.01316,321.581,908.123,0.822356,255.284,78.7106,True,False,1,0.908937,False,1,,,single,True,0.471597,True,B
10346,356684748,1,2631.53,2,7639.54,7.79677,107.013,9,12.9587,4295.47,0.8835,3,24,0,0,,320.461,2723.3,0.993903,169.162,33.8103,False,False,0,0.5,False,1,,,single,True,0.751446,True,A
10349,166174623,1,2635.8,2,4582.57,7.79517,4.3419,12,11.9643,4773,0.71175,3,24,0,0,6.73072,1161.79,1316.38,0.945317,216.66,62.6929,True,False,5,1.3344,False,1,,,single,True,0.468856,True,B
10352,23992063,1,2610.99,8,2253.77,7.79287,10.5,48,12.3267,5999.94,1.46397,3,24,0,0,0.595948,384.029,1936.07,0.896486,148.215,46.051,True,False,1,0.580172,False,1,,,single,True,0.676308,True,B
10356,86069798,1,2621.05,1,7592.55,7.78841,13.8328,6,12.7431,5791.28,1.74657,3,24,0,0,,323.983,2363.96,0.909681,139.66,23.4224,False,False,4,2.04994,False,1,,,single,True,1.48094,True,A
10359,165552252,1,2611.63,1.5,4740.29,7.78228,19.6667,9,12.1334,5432.23,2.323,3,24,0,0,3.81319,304.421,1576.99,0.96486,266.769,56.2488,True,False,1,1.54713,False,1,,,single,True,1.55636,True,B
10361,95777899,1,2632.55,1.5,4857.45,7.77851,82.5118,9,12.4166,6491,1.2871,3,24,0,0,3.35209,323.309,1964.99,0.989155,160.898,22.1662,False,False,0,0.657529,False,1,,,single,True,0.872919,True,A
10363,173002823,1,2621.04,4,948.854,7.7771,14.1688,24,10.305,5415,0.797844,3,24,0,0,6.50171,91.2253,553.55,0.999247,150.603,34.6584,False,False,2,1.29572,False,1,5710.01,5710.01,single,True,0.239153,True,A
10365,441766827,1,2626.37,2,4843.57,7.77066,4.00229,12,10.8754,4522,0.68939,3,24,0,0,9.5619,1646.04,720.643,0.997064,261.36,73.0939,True,False,3,1.17968,False,1,,,single,True,0.46688,True,B
10367,61109239,1,2629.63,1.5,1181.55,7.77056,86.9918,9,9.1933,6411,2.65122,3,24,0,0,5.44712,90.0634,289.487,0.995094,154.566,17.4536,False,False,3,1.00563,False,1,,,single,True,0.886808,True,A
10369,233177615,1,2635.79,3,4145.24,7.7684,4.66874,18,12.7651,4167,0.751871,3,24,0,0,3.7735,380.773,2036.83,0.979009,217.5,69.0217,True,False,2,0.5,False,1,,,single,True,0.471059,True,B
10370,8819149,1,2620.52,3,3375.87,7.76832,26.6656,18,12.1878,6385.09,1.24632,3,24,0,0,,191.041,1622.31,0.933419,142.395,34.2975,False,False,2,1.50845,False,1,,,single,True,0.704661,True,A
10373,367753856,1,2626.36,2,10805.7,7.76452,4.17199,12,12.5161,5687,0.918613,2.5,20,1,0,9.56983,3909.01,1689.98,0.966852,255.81,79.4985,True,False,3,1.04431,False,1,,,single,True,0.929217,True,B
10375,154966945,1,2633.24,2,4285.75,7.75519,65.9917,12,12.2952,5717.19,1.93307,3,24,0,0,12.2741,750.658,1835.71,0.991427,142.151,28.3787,False,False,0,3.03624,False,1,,,single,True,1.23145,True,A
10377,115858251,1,2635.83,1.5,1014.14,7.75021,3.83141,9,7.492,4271.94,0.661459,3,24,0,0,4.2523,231.603,163.277,0.983216,157.851,45.5261,True,False,0,0.502816,False,1,,,single,True,0.204979,True,B
10378,101616811,1,2610.06,2,3484.57,7.74914,4,12,10.1378,5867,1.30347,3,24,0,0,8.68991,671.383,1123.74,0.738478,160.55,31.6664,True,False,3,1.89523,False,1,,,single,True,0.748743,True,B
10383,29173672,1,2610.65,2,3625.32,7.74182,4.16667,12,11.7736,6258.97,0.929831,3,24,0,0,5.5404,283.966,1254.18,0.873649,151.194,46.1547,True,False,4,0.522155,False,1,,,single,True,0.544797,True,B
10384,142414557,1,2613.85,1,3017.73,7.74157,86.6667,6,11.4021,5811,0.983334,3,24,0,0,9.90125,133.588,963.37,0.965295,199.907,63.5229,False,False,0,0.5,False,1,,,single,True,0.525652,True,A
10387,462552296,2,2634.8,24,2149.17,7.73825,28.3317,144,12.3195,3842,0.578703,3,24,0,0,8.97434,1707.14,1628.45,0.974229,224.821,72.9062,False,False,2,0.696207,False,2,,,single,True,0.261065,True,A
10389,101593200,1,2610.06,2,2734.14,7.73763,4,12,11.7677,5720.89,2.29842,3,24,0,0,,131.654,1198.46,0.992086,159.45,31.8847,True,False,3,1.48911,False,1,,,single,True,1.16949,True,B
10390,4754562,1,2635.84,1,5828.85,7.73291,3.65941,6,11.154,4254.41,0.810048,3,24,0,0,12.7117,777.012,1105.82,0.730433,145.71,35.5101,True,False,3,1.79853,False,1,,,single,True,0.60181,True,B
10391,198312154,2,2611.17,16,3194.8,7.73249,20.3333,96,12.5826,5754,1.32296,2.5,20,1,0,3.88789,874.309,2078.71,0.806291,232.965,62.8404,True,False,0,1.10233,False,2,,,single,True,0.727655,True,B
10392,171600512,1,2617.14,2,2230.58,7.73143,107.675,12,10.9458,5353.71,2.07842,3,24,0,0,4.66897,192.853,811.204,0.888148,156.966,18.5999,False,False,1,1.70184,False,1,,,single,True,0.955211,True,A
10395,149344564,1,2626.54,2,6041.96,7.72855,9.33716,12,12.8179,5935.92,2.55082,3,24,0,0,,359.718,2673.94,0.918193,138.599,28.4542,True,False,4,2.35937,False,1,,,single,True,1.92942,True,B
10397,4896063,1,2610.52,3,2079.56,7.72814,4.66667,18,11.5356,6779.33,1.76266,3,24,0,0,4.93587,194.829,1111.19,0.945598,148.041,30.1618,True,False,6,1.16034,False,1,,,single,True,0.782189,True,B
10402,138561025,1,2635.43,1,4655.56,7.72544,13.3317,6,11.8917,6057,2.73617,3,24,0,0,5.81122,614.913,1395.47,0.988925,174.886,61.6685,True,False,4,1.39241,False,1,,,single,True,1.81671,True,B
10405,17932757,1,2620.38,3,2138.33,7.72288,30.0068,18,10.8075,3922,0.672256,3,24,0,0,8.59271,644.918,681.854,0.999449,170.274,41.5765,False,False,2,1.41175,False,1,5718.01,5718.01,single,True,0.302503,True,A
10409,371519654,2,2612.1,2,1494.95,7.72058,4.16667,12,10.7543,6020.16,1.0667,3,24,0,0,,96.7895,701.251,0.99668,152.58,52.2056,False,False,5,1.16034,False,2,,,single,True,0.40134,True,A
10410,224296243,1,2610.54,6,2506.18,7.71837,6,36,12.2313,5592.78,2.04729,3,24,0,0,4.84513,375.126,1717.47,0.857995,184.767,56.3645,True,False,5,1.02497,False,1,,,single,True,0.997339,True,B
10413,142387023,1,2632.24,3,1291.04,7.71756,89.8394,18,8.9754,5182,0.824468,3,24,0,0,10.7264,1108.54,272.605,0.977944,197.731,61.7448,False,False,0,0.5,False,1,1824.01,1824.01,single,True,0.288271,True,A
10417,188532475,1,2635.83,2,5651.19,7.71394,3.83712,12,12.7657,6338,1.20135,3,24,0,0,2.45809,418.752,2312.28,0.873472,159.311,36.1925,True,False,1,0.502816,False,1,,,single,True,0.878814,True,B
10420,165412815,1,2616.65,2,1474.51,7.71093,119.508,12,10.5571,5424.29,2.00185,3,24,0,0,,75.7454,608.173,0.998038,159.371,23.9954,False,False,2,0.618851,False,1,,,single,True,0.74802,True,A
10421,137750109,1,2635.47,12,2175.53,7.70907,12.502,72,12.9026,6329.77,2.38578,3,24,0,0,,331.209,2613.32,0.823111,174.78,56.1693,True,False,4,0.696207,False,1,,,single,True,1.08286,True,B
10427,8915242,1,2635.24,4,2013.35,7.70371,17.992,24,11.5667,6295,2.90701,3,24,0,0,12.3922,200.364,1084.12,0.998669,143.894,32.5799,False,False,1,1.41175,False,1,,,single,True,1.2693,True,A
10434,8886801,1,2616.97,1,7536.59,7.69736,111.666,6,12.6503,3864,0.577652,3,24,0,0,,332.437,2253.01,0.997329,143.551,34.136,False,False,2,0.966954,False,1,,,single,True,0.48799,True,A
10440,9346195,1,2610.36,3,2709.45,7.69535,4.66667,18,10.9142,5820,1.24865,3,24,0,0,4.16551,491.073,790.85,0.916702,149.796,38.9259,True,False,5,0.928276,False,1,,,single,True,0.632468,True,B
10443,8885190,1,2620.97,2,3061.39,7.69297,15.8329,12,11.6758,4974.42,0.668275,3,24,0,0,12.2984,369.289,1159.85,0.986029,143.28,31.3564,False,False,2,1.56647,False,1,,,single,True,0.359809,True,A
10445,67949950,1,2635.77,4,2771.66,7.69121,5.15382,24,11.8514,5902.26,1.74614,3,24,0,0,5.12286,282.056,1421.01,0.995966,142.753,46.8891,True,False,3,0.5,False,1,,,single,True,0.894554,True,B
10446,307907231,1,2618.83,1,4031.26,7.69114,67.1654,6,11.8638,6285,2.12698,3,24,0,0,,147.405,1276.77,0.982609,140.84,31.6361,False,False,4,2.66879,False,1,,,single,True,1.31414,True,A
10449,21536042,1,2613.35,1.5,2732.05,7.68492,83,9,11.6029,6035,1.56714,3,24,0,0,,143.168,1029.97,0.997396,164.919,36.8173,False,False,0,0.792902,False,1,,,single,True,0.797093,True,A
10451,311577590,1,2630.52,1.5,3269.45,7.68438,104.333,9,11.915,6411,2.31247,3,24,0,0,,130.313,1268.02,0.996246,159.433,51.9334,False,False,0,0.522155,False,1,,,single,True,1.28668,True,A
10453,91899343,1,2618.11,1,3709.41,7.68408,84.5005,6,11.5113,5714.13,2.28305,3,24,0,0,,133.299,979.855,0.99595,142.314,23.9036,False,False,3,2.63011,False,1,,,single,True,1.35309,True,A
10454,157977226,1,2614.55,8,8779.35,7.68353,99.5,43,12.6333,5116,0.785948,3,24,0,0,11.629,5275.99,2273.8,0.94681,206.615,61.0533,False,False,0,0.83158,False,1,,,single,True,0.716609,True,A
10455,20139664,1,2614.97,4,3250.39,7.68301,119.833,24,12.4126,6426.51,1.6055,3,24,0,0,3.71522,262.553,1838.9,0.994769,144.928,42.3569,False,False,1,1.66316,False,1,,,single,True,0.890708,True,A
10457,285019815,1,2626.4,2,4600.04,7.68194,4.0019,12,12.4032,5820.6,0.963811,3,24,0,0,5.68965,426.94,1774.48,0.983458,158.331,56.4423,True,False,2,0.657529,False,1,,,single,True,0.636107,True,B
10461,8885367,1,2633.84,3,2634.05,7.67949,51.4921,18,11.399,6566.93,1.51199,3,24,0,0,3.61004,222.926,991.114,0.999176,143.219,30.2718,False,False,1,1.85655,False,1,,,single,True,0.755124,True,A
10466,88062852,1,2629.87,2,2234.19,7.67578,89.4974,12,11.0943,6346.91,1.32772,3,24,0,0,,124.409,861.614,0.977801,147.984,23.0323,False,False,3,2.1273,False,1,,,single,True,0.610694,True,A
10468,82204972,1,2610.48,1.5,5623.78,7.67385,3.83333,9,12.5495,5771,1.39512,3,24,0,0,,296.939,2021.46,0.997253,148.187,24.1448,True,False,4,1.45043,False,1,,,single,True,1.01808,True,B
10469,149439670,1,2630.47,4,2353.91,7.6727,103.836,24,11.9127,5496.49,0.856362,3,24,0,0,,173.521,1379.94,0.996192,140.608,25.9111,False,False,1,2.20466,False,1,,,single,True,0.404306,True,A
10470,8263172,1,2635.81,3,1738,7.6717,4.33765,18,11.2026,5828,1.36592,3,24,0,0,5.43696,155.833,909.112,0.920825,162.311,39.8277,True,False,2,0.541494,False,1,,,single,True,0.554125,True,B
10472,349889703,2,2618.15,1,6353.38,7.66769,83.3413,6,12.325,5818,0.958402,3,24,0,0,10.0562,439.782,1887.32,0.994514,157.675,20.1045,False,False,1,1.27638,False,2,,,single,True,0.743374,True,A
10478,232604745,1,2616.98,2,2798.14,7.65675,111.336,12,11.8156,5339,0.905022,3,24,0,0,,139.753,1157.07,0.942722,257.966,63.5215,False,False,0,1.10233,False,1,,,single,True,0.465855,True,A
10480,441717722,1,2626.34,1,5143.69,7.65505,3.67002,6,11.5641,5047,0.815507,3,24,0,0,9.5592,1477.77,1045.85,0.945611,254.585,76.1129,True,False,2,0.986293,False,1,,,single,True,0.569145,True,B
10481,355175972,1,2610.14,1,3602.01,7.65361,3.83333,6,11.5694,6198,1.35293,3,24,0,0,0.653427,206.8,1061.63,0.998221,139.817,38.2066,True,False,8,2.24333,False,1,,,single,True,0.790142,True,B
10483,288107160,1,2611.38,2,1879.96,7.65212,4.33333,12,10.9772,6120,1.42426,3,24,0,0,8.26145,283.87,750.046,0.938429,207.285,79.3599,True,False,1,1.12167,False,1,,,single,True,0.600925,True,B
10487,154163921,1,2610.85,4,2880.75,7.64574,9.5,24,12.0984,4204,0.734272,3,24,0,0,4.55852,396.03,1361.88,0.997498,212.581,71.5071,True,False,3,0.5,False,1,,,single,True,0.383501,True,B
10489,361977324,1,2627.15,2,4058.73,7.6438,21.5008,12,12.093,5703.57,0.944176,3,24,0,0,8.926,471.398,1448.59,0.998807,144.008,26.9834,True,False,3,3.17161,False,1,,,single,True,0.585337,True,B
10491,63309052,2,2610.02,2,3000.6,7.64071,4.16667,11,11.2132,5558.39,1.16553,3,24,0,0,2.33263,203.764,1046.19,0.908968,158.269,17.4558,True,False,0,1.14101,False,2,,,single,True,0.621277,True,B
10493,357517222,1,2612.59,3,3167.34,7.63494,5,18,12.4996,5761,1.40711,3,24,0,0,11.7985,363.749,1706.42,0.992411,267.956,75.9025,False,False,2,1.10233,False,1,,,single,True,0.770606,True,A
10499,166013651,1,2632.35,2,1753.28,7.62569,87.177,12,10.5188,6376,1.69526,3,24,0,0,1.93764,156.858,624.101,0.991025,212.439,60.3894,False,False,1,0.870259,False,1,,,single,True,0.690748,True,A
10500,27034633,1,2612.54,2,3829.18,7.62352,64.6667,12,12.1917,5716.54,1.22392,3,24,0,0,,196.801,1697.1,0.981352,151.236,20.3581,False,False,2,2.01126,False,1,,,single,True,0.736993,True,A
10506,1101718,1,2628.61,1,6948.42,7.61371,61.9934,6,12.6828,5759.93,1.33643,3,24,0,0,,267.261,2239.22,0.981042,155.226,24.6097,False,False,1,1.85655,False,1,,,single,True,1.08404,True,A
10507,219457911,2,2635.16,16,3716.28,7.61344,19.8283,96,11.5163,5303,0.897393,3,24,0,0,8.44735,937,994.691,0.974096,206.717,74.9056,False,False,1,0.966954,False,2,,,single,True,0.532347,True,A
10509,171649004,1,2615.45,1.5,7821.82,7.61039,134.5,9,12.8891,5598.3,1.23735,3,24,0,0,,353.742,2819.16,0.976017,159.139,19.6861,False,False,0,1.08299,False,1,,,single,True,1.06489,True,A
10511,95471299,1,2628.32,1.5,7803.85,7.6083,1.158,9,12.8692,5634,0.76619,3,24,0,0,,332.501,2681.74,0.96181,155.795,19.8683,False,False,3,1.91457,True,1,,,single_partial,True,0.65864,True,B
10512,241195100,1,2628.83,1.5,5397.93,7.60795,67.8281,9,12.5927,5618.99,1.05089,3,24,0,0,,304.417,2049.97,0.999251,153.468,26.1093,False,False,2,1.66316,False,1,,,single,True,0.751326,True,A
10517,462616422,2,2611.3,12,2670.48,7.59993,20.3333,72,12.3278,4495,0.612856,2.5,20,1,0,4.31638,812.499,1849.82,0.763513,251.104,63.808,True,False,0,1.17968,False,2,,,single,True,0.308184,True,B
10521,286730839,1,2634.04,3,1979.65,7.59424,2.17035,18,11.4804,5830.37,1.2156,3,24,0,0,,136.302,972.11,0.998242,143.254,23.0353,False,False,2,2.59144,True,1,,,single_partial,True,0.526311,True,B
10523,459224768,1,2610.43,2,5799.09,7.59288,4.33333,12,10.3659,6005,1.16121,2.5,20,1,0,9.19152,4258.33,549.194,0.991005,203.764,65.5402,True,False,3,0.5,False,1,,,single,True,0.860495,True,B
10525,156462250,1,2614.49,1,9637.52,7.58951,96.6667,5,9.8349,7463,1.59254,2,16,1,0,5.31682,2677.4,2544.04,0.375558,217.117,73.0519,True,False,1,0.928276,False,1,,,single,True,1.52135,True,B
10527,239194986,1,2617.61,2,2611.95,7.58718,96.5018,12,11.5287,6231.39,1.13671,3,24,0,0,,133.646,1133.59,0.994734,146.367,26.0281,False,False,2,1.66316,False,1,,,single,True,0.565314,True,A
10537,61036588,1,2629.85,1.5,5980.45,7.58028,92.3259,9,12.6547,5926.67,0.966224,3,24,0,0,4.84187,350.625,2320.38,0.989781,153.304,17.4966,False,False,3,0.754224,False,1,,,single,True,0.727114,True,A
10538,445834033,1,2635.6,1,4193.38,7.57962,8.33672,6,11.2245,5450,0.804078,2,16,1,0,3.89312,934.071,944.912,0.918746,173.447,53.1109,True,False,2,0.5,False,1,,,single,True,0.506684,True,B
10539,252488476,1,2627.65,1.5,2915.84,7.57876,34.1682,9,11.5129,5898.13,1.35279,3,24,0,0,1.42399,259.553,1076.97,0.838231,156.976,53.835,False,False,0,0.5,False,1,,,single,True,0.710837,True,A
10542,138661419,1,2626.35,3,3194.23,7.57576,4.831,18,12.3885,6731,2.00725,3,24,0,0,,226.447,1938.73,0.992842,179.688,60.862,True,False,0,0.754224,False,1,,,single,True,1.10393,True,B
10544,91893057,1,2634.29,3,2503.39,7.57337,40.6599,18,11.9886,5801.65,1.8255,3,24,0,0,,139.527,1429.98,0.994348,141.666,22.8915,False,False,5,2.68813,False,1,,,single,True,0.888799,True,A
10548,139399720,1,2614.9,2,4512.95,7.5706,104.167,12,11.9373,5636.56,0.930907,2,16,1,0,2.45522,605.978,1669.14,0.811085,139.451,30.9335,False,False,0,2.32069,False,1,,,single,True,0.608547,True,A
10550,117508544,1,2613.38,1,3543.1,7.56872,0.666371,6,10.8261,5279.77,0.808748,3,24,0,0,5.83323,778.14,720.274,0.996159,138.282,26.5161,False,False,1,1.95325,True,1,,,single_partial,True,0.468449,True,B
10551,67950689,1,2635.41,6,1995.6,7.56726,13.8218,36,12.2417,5675.76,1.11278,3,24,0,0,,169.728,1625.62,0.983363,142.78,42.1284,True,False,6,1.83721,False,1,,,single,True,0.483731,True,B
10552,198491659,1,2612.18,4,2571.43,7.56601,5.5,24,12.3431,3724,0.493005,3,24,0,0,,218.305,1680.06,0.950088,196.69,77.3008,False,False,5,1.16034,False,1,,,single,True,0.243274,True,A
10554,284555892,1,2635.83,1.5,1286.18,7.56041,3.83191,9,9.3295,6463,1.31056,3,24,0,0,3.75816,173.731,424.931,0.906666,170.835,58.5958,True,False,2,0.966954,False,1,,,single,True,0.457367,True,B
10555,149417091,1,2629.13,3,5513.1,7.55906,71.3359,18,12.9224,5396.33,0.819294,3,24,0,0,,361.51,2951.53,0.89819,140.122,26.5149,False,False,0,2.24333,False,1,,,single,True,0.591964,True,A
10558,229535665,2,2635.16,16,1244.28,7.55183,19.8317,96,9.84959,5465,1.04334,3,24,0,0,10.0144,330.293,454.778,0.998446,195.357,69.4366,False,False,4,0.83158,False,2,,,single,True,0.358131,True,A
10561,137770089,1,2635.83,1.5,3434.92,7.54734,3.83374,9,8.7856,5615,1.13901,2.5,20,1,0,3.37628,677.068,916.223,0.811334,175.355,58.9323,True,False,0,0.5,False,1,,,single,True,0.649596,True,B
10566,450303434,1,2612.1,2,2459.5,7.53875,41.5,12,11.5137,5192,0.80538,3,24,0,0,,142.558,1002.27,0.998077,143.667,37.7043,False,False,4,2.51408,False,1,,,single,True,0.388671,True,A
10568,171598357,1,2613,8,2695.53,7.53376,75.8333,48,12.6323,5675.78,1.59868,3,24,0,0,,256.752,2124.44,0.996039,156.688,18.9591,False,False,3,1.74052,False,1,,,single,True,0.807684,True,A
10569,355175914,1,2612.45,2,3936.08,7.5324,59.3333,12,12.2959,5825.54,0.984827,3,24,0,0,1.204,309.216,1785.46,0.989116,139.754,38.3177,False,False,2,2.28201,False,1,,,single,True,0.601242,True,A
10571,1095400,1,2630.35,1.5,3211.23,7.53159,104.16,9,11.7253,5762.94,2.75328,3,24,0,0,,145.041,1167.39,0.996837,154.775,25.2942,False,False,1,1.62448,False,1,,,single,True,1.51825,True,A
10572,253055632,1,2635.83,1.5,3485.71,7.53005,3.67907,9,11.5889,5980.13,1.09365,3,24,0,0,3.22229,240.831,1178.6,0.916548,178.461,43.8524,True,False,3,0.734885,False,1,,,single,True,0.628321,True,B
10573,173002022,1,2628.27,1.5,6043.23,7.52813,52.1648,9,12.7546,4250,0.966861,3,24,0,0,10.0026,417.345,2197.17,0.979796,150.467,32.3126,False,False,3,1.14101,False,1,,,single,True,0.731402,True,A
10575,450325122,1,2635.83,2,3336.33,7.52715,3.83525,12,11.8905,5527,0.81845,3,24,0,0,5.43694,588.501,1339.37,0.968108,159.53,40.4864,True,False,3,0.754224,False,1,,,single,True,0.460028,True,B
10576,8865400,1,2621.47,1,7230.02,7.52353,3.83231,6,12.6633,4690,0.67763,3,24,0,0,3.86147,357.142,2045.09,0.998091,142.897,35.4464,True,False,1,1.5858,False,1,,,single,True,0.560686,True,B
10578,23973806,1,2619.51,2,3290.44,7.51821,50.8329,12,11.941,4818.04,1.01284,3,24,0,0,4.4839,309.47,1337.22,0.98,147.992,43.0435,False,False,0,1.25704,False,1,,,single,True,0.565361,True,A
10579,172516775,1,2630.97,6,1883.77,7.51046,116.001,36,11.7068,5653.41,1.34243,3,24,0,0,0.8657,205.932,1164.18,0.995398,142.426,24.6381,False,False,5,3.03624,False,1,,,single,True,0.566973,True,A
10583,1044891,1,2610.04,2,2131.12,7.50021,4,12,10.9099,6211.88,1.31432,3,24,0,0,3.73018,195.914,857.661,0.923302,154.371,28.5081,True,False,4,0.5,False,1,,,single,True,0.590422,True,B
10586,95818878,1,2635.38,1,5609.03,7.49501,14.6796,6,12.3026,6238,1.68653,3,24,0,0,,189.68,1716.75,0.990186,161.537,20.8831,True,False,1,0.5,False,1,,,single,True,1.22912,True,B
10587,156511630,1,2621.44,2,1286.65,7.49251,4.33271,12,9.9555,6260,1.93867,3,24,0,0,6.71779,207.685,461.291,0.946895,221.24,74.8918,True,False,0,1.06365,False,1,,,single,True,0.676692,True,B
10590,8992503,1,2610.21,2,5039.19,7.4904,4,12,12.3902,5587,0.781764,3,24,0,0,1.58201,454.422,1785.46,0.954931,167.306,34.2652,True,False,3,0.870259,False,1,,,single,True,0.540025,True,B
10592,154997518,1,2632.82,2,3858.46,7.48606,75.9916,12,12.0688,5875.05,1.10618,3,24,0,0,3.77816,340.743,1502.14,0.945552,142.2,28.6471,False,False,4,2.90086,False,1,,,single,True,0.668637,True,A
10594,385452834,1,2613.81,1.5,2095.56,7.48168,86.3333,9,11.174,5776.01,1.41759,3,24,0,0,,84.7041,820.181,0.975802,170.264,48.4542,False,False,1,0.715546,False,1,,,single,True,0.631478,True,A
10596,17993203,2,2614.88,2,3716.2,7.47894,109,10,11.5495,5756.99,1.49325,3,24,0,0,9.88266,412.043,1268.3,0.880856,171.195,38.5486,False,False,4,0.870259,False,2,,,single,True,0.885808,True,A
10597,82261993,1,2610.06,1.5,1834.93,7.47851,3.66667,9,9.95676,6647,1.32266,3,24,0,0,1.59004,149.015,560.732,0.933587,159.93,28.3485,True,False,4,1.00563,False,1,,,single,True,0.551335,True,B
10600,198313215,1,2635.84,1,2400.54,7.47778,3.34344,6,9.2873,5610,0.962302,3,24,0,0,4.27669,530.194,325.352,0.999479,233.796,61.9792,True,False,5,0.870259,False,1,,,single,True,0.4588,True,B
10602,17194105,1,2610.32,1,1540.97,7.47681,3.66667,6,9.7832,6218.02,1.26203,3,24,0,0,9.93043,135.323,429.512,0.961155,145.526,36.7488,True,False,5,1.7792,False,1,,,single,True,0.482086,True,B
10603,239207353,1,2632.7,2,6187.19,7.47606,78.8436,12,12.9105,5300.65,0.846913,3,24,0,0,,283.942,2757.7,0.967845,157.285,18.0487,False,False,1,2.0306,False,1,,,single,True,0.648251,True,A
10604,95435928,1,2613.93,1.5,4149.15,7.47477,98,9,12.1197,6245,1.55859,3,24,0,0,,212.037,1568.16,0.999003,155.498,20.5053,False,False,3,1.91457,False,1,,,single,True,0.976942,True,A
10605,239195591,1,2619.62,6,1814.7,7.4728,48.168,36,11.7697,5942.57,2.14868,3,24,0,0,1.37992,178.002,1217.71,0.998561,146.427,29.6051,False,False,4,2.1273,False,1,,,single,True,0.8907,True,A
10607,91992215,1,2629.25,3,2426.6,7.47188,74.4987,18,11.5731,7091,1.76303,3,24,0,0,0.763885,189.779,1115.28,0.924081,144.978,21.1936,False,False,1,2.39805,False,1,,,single,True,0.845116,True,A
10608,91968607,1,2635.84,1,3159.11,7.47073,3.66246,6,11.1255,6099,1.08058,3,24,0,0,5.1333,356.438,963.245,0.837909,144.388,23.0241,True,False,8,2.41738,False,1,,,single,True,0.591013,True,B
10609,63239293,1,2626.2,1.5,6297.99,7.46942,4.65637,9,12.6333,5825,1.79436,3,24,0,0,,278.042,2453.53,0.987568,157.638,16.073,False,False,0,0.696207,False,1,,,single,True,1.3857,True,A
10613,232633245,1,2626.01,1,8196.26,7.46138,3.49621,6,12.2466,4750,0.831967,3,24,0,0,10.466,1568.94,1599.74,0.929552,269.394,58.4065,False,False,6,1.81787,False,1,,,single,True,0.732945,True,A
10615,153935740,1,2629.15,1,3577.85,7.46039,79.1696,6,11.5862,5986,1.05205,3,24,0,0,5.98372,532.719,1017.75,0.997013,172.058,69.1121,False,False,4,1.39241,False,1,,,single,True,0.612357,True,A
10616,27071206,1,2627.43,6,2689.68,7.45911,34.1602,36,12.3502,6970.28,2.26773,3,24,0,0,4.50794,289.74,1882.06,0.997163,152.413,19.0941,True,False,2,1.83721,False,1,,,single,True,1.14446,True,B
10618,16183111,1,2613.45,1.5,3048.78,7.45715,83.1667,9,11.7509,6048.31,1.75195,3,24,0,0,5.00132,177.681,1185.59,0.993251,153.028,36.3739,False,False,0,0.986293,False,1,,,single,True,0.941331,True,A
10619,27070978,1,2628.9,4,2099.4,7.45471,69.66,24,11.7933,5969.42,1.1274,3,24,0,0,5.22921,278.728,1255.67,0.998059,152.355,18.0946,False,False,2,1.3344,False,1,,,single,True,0.50267,True,A
10620,171629176,1,2633.88,2,1676.07,7.45421,50.6774,12,10.803,6123.55,1.73388,3,24,0,0,0.927173,112.802,711.919,0.998498,158.366,19.3178,False,False,0,1.27638,False,1,,,single,True,0.690754,True,A
10624,95431339,1,2615.61,16,563.921,7.45154,138.5,96,11.6681,5969,1.46271,3,24,0,0,,149.645,1167.18,0.986551,154.925,19.9992,False,False,1,1.74052,False,1,,,single,True,0.338006,True,A
10628,8966423,2,2635.36,12,3582.81,7.44206,15.012,72,11.6898,4950.4,0.756396,1.5,12,1,0,3.94578,2126.02,1140.74,0.993434,167.081,32.0881,True,False,2,0.522155,False,2,,,single,True,0.440574,True,B
10630,172954375,1,2628.93,2,2099.73,7.44098,68.1649,12,11.4312,5543.25,0.963064,3,24,0,0,,104.919,992.443,0.973285,150.303,32.3455,False,False,0,0.986293,False,1,,,single,True,0.429432,True,A
10633,224295707,1,2610.44,1.5,3058.64,7.43725,3.66667,9,10.8119,5674.2,0.946362,3,24,0,0,0.965707,211.454,943.245,0.67312,184.697,55.1826,True,False,5,0.947615,False,1,,,single,True,0.509306,True,B
10634,154126149,1,2618.95,1,7713.22,7.43637,64.1682,6,12.6262,6071,1.47889,1.5,12,1,0,4.00716,1806.27,1953.51,0.991085,212.494,70.0655,False,False,1,0.5,False,1,3873.01,3873.01,single,True,1.2639,True,A
10635,27108930,1,2620.36,1.5,6560.4,7.43507,30.5063,9,12.7682,5925.32,1.20002,3,24,0,0,,277.356,2486.14,0.990701,152.745,18.0028,False,False,0,1.00563,False,1,,,single,True,0.945826,True,A
10640,88006714,1,2618.82,1.5,6750.12,7.42831,67.3361,9,12.8866,6142,1.22387,3,24,0,0,,310.574,2734.68,0.993449,147.051,22.687,False,False,3,2.16598,False,1,,,single,True,0.978472,True,A
10644,27068558,1,2629.47,2,1760.33,7.42312,83.1605,8,10.6684,6031.47,1.33254,3,24,0,0,,80.1957,664.639,0.996573,152.01,19.3681,False,False,2,1.7792,False,1,,,single,True,0.544045,True,A
10646,17994354,1,2614.42,2,5430.19,7.42209,101.167,12,11.6138,5208.71,0.748726,2,16,1,0,8.05571,3970.36,1286.16,0.999053,171.302,37.8355,True,False,1,0.599511,False,1,,,single,True,0.536893,True,B
10647,86016347,1,2614.89,2,1248.01,7.42157,108.333,11,9.0385,6167.48,1.75073,3,24,0,0,0.716353,117.481,366.336,0.944628,138.811,23.3798,False,False,3,2.04994,False,1,,,single,True,0.601845,True,A
10651,88021436,1,2610.48,1.5,2561.96,7.41791,3.83333,9,11.2665,5989,1.30107,3,24,0,0,,140.155,918.89,0.985379,147.156,22.3938,True,False,8,2.41738,False,1,,,single,True,0.640832,True,B
10652,252479584,1,2628.79,1.5,3315.25,7.41713,61.5014,9,11.8208,6128,1.60063,3,24,0,0,,135.938,1258.61,0.993808,155.62,51.7427,False,False,1,0.792902,False,1,,,single,True,0.896823,True,A
10659,149368594,1,2631.26,1.5,6848.9,7.41033,113.49,9,12.9298,4715.34,0.794058,3,24,0,0,0.599679,457.438,2788.84,0.989054,139.134,26.6146,False,False,1,1.85655,False,1,,,single,True,0.63947,True,A
10664,27034914,1,2627.48,1,7605.03,7.40456,35.4942,6,12.5587,5972.4,1.57579,3,24,0,0,4.35651,436.042,2337.02,0.894754,151.207,19.1135,True,False,2,1.5858,False,1,,,single,True,1.33723,True,B
10667,27065284,1,2633.93,6,2543.47,7.40058,49.5029,36,12.2721,6210.52,2.09049,3,24,0,0,,240.685,1700.1,0.974779,151.606,22.6897,False,False,3,1.5858,False,1,,,single,True,1.02593,True,A
10669,417920041,1,2610.42,2,2594.09,7.39717,4.33333,12,10.3676,5888,1.23664,3,24,0,0,2.52383,289.608,740.795,0.843818,185.934,64.4604,True,False,0,0.85092,False,1,,,single,True,0.612905,True,B
10670,8853361,1,2631.99,1.5,4411.28,7.39545,95.9913,9,12.0942,6094,2.02725,3,24,0,0,12.3262,480.945,1436.67,0.997536,142.412,30.6531,False,False,1,2.28201,False,1,,,single,True,1.31023,True,A
10671,95471842,1,2631.77,3,2911.72,7.39452,101.342,18,12.2798,5713,0.792104,3,24,0,0,,171.07,1733.48,0.995533,155.991,19.2038,False,False,0,1.99193,False,1,,,single,True,0.415924,True,A
10674,26988616,1,2635,1.5,7100.42,7.38914,1.17051,9,12.8547,5222,0.866818,3,24,0,0,,384.033,2778.14,0.986831,150.852,19.9357,False,False,2,1.97259,True,1,,,single_partial,True,0.710767,True,B
10675,82203271,1,2620.06,1,5936.82,7.38906,37.5026,5,12.3218,5847.47,2.2727,3,24,0,0,,248.295,1840.4,0.998618,148.058,25.9927,False,False,1,1.19902,False,1,,,single,True,1.70403,True,A
10678,160518870,1,2621.46,1,2242.72,7.38664,3.83181,6,9.14304,5825,1.49834,3,24,0,0,7.09099,522.483,448.685,0.758435,240,76.2563,True,False,3,1.85655,False,1,,,single,True,0.690487,True,B
10683,157982999,2,2635.39,12,2715,7.37926,14.321,72,9.2702,4432,0.697462,2.5,20,1,0,3.93438,811.592,311.485,0.96668,212.163,82.604,True,False,0,0.5,False,2,,,single,True,0.353641,True,B
10686,414969659,1,2620.4,1.5,3510.93,7.37414,29.5002,9,11.8999,5077.07,0.792067,3,24,0,0,0.897425,215.14,1368.93,0.994155,141.311,23.4439,False,False,0,2.51408,False,1,,,single,True,0.456699,True,A
10687,288469403,1,2611.32,2,4925.29,7.37399,4,12,12.4571,6262,1.66699,3,24,0,0,3.76151,398.732,1775.38,0.984928,270.884,78.3231,True,False,6,1.5858,False,1,,,single,True,1.13843,True,B
10689,85998239,1,2630.49,3,3909.49,7.37321,104.336,18,12.5626,5993.49,2.3054,3,24,0,0,11.6665,475.246,2052.57,0.991442,138.715,23.6587,False,False,0,2.08862,False,1,,,single,True,1.4027,True,A
10690,3959871,1,2610.08,1.5,2268.07,7.37311,3.83333,9,11.2356,5573,0.954843,3,24,0,0,4.34492,142,916.16,0.988381,152.091,27.0012,True,False,3,0.928276,False,1,,,single,True,0.442505,True,B
10693,160489724,2,2621.46,1.5,1990.33,7.37175,3.83109,9,9.66677,5996,0.993614,3,24,0,0,7.08904,498.27,462.963,0.873948,238.332,77.9133,True,False,5,1.21836,False,2,,,single,True,0.431358,True,B
10694,87959255,1,2611.35,1,1839.51,7.36854,24.6667,6,10.4211,6336,1.20316,3,24,0,0,,79.4233,559.449,0.99792,146.404,20.3075,True,False,5,1.81787,False,1,,,single,True,0.502148,True,B
10695,165531514,1,2616.45,2,4152.03,7.36748,124.171,12,12.0875,5929.37,1.33537,3,24,0,0,1.55309,290.653,1510.56,0.795687,266.305,56.2339,False,False,3,1.7792,False,1,,,single,True,0.837316,True,A
10696,166646294,2,2635.83,1.5,4244.97,7.36745,3.67579,9,11.7524,6547,1.79891,3,24,0,0,1.57734,340.074,1248.99,0.842796,165.813,35.3445,True,False,5,1.2377,False,2,,,single,True,1.14052,True,B
10697,98369630,1,2617.78,3,2448.16,7.36661,92.3357,18,11.8038,4872,0.758057,3,24,0,0,,183.779,1289.43,0.927615,147.097,24.6442,False,False,1,1.50845,False,1,,,single,True,0.364989,True,A
10698,8115668,2,2610.9,8,2630.89,7.36326,22.1667,48,12.579,6466.26,1.43436,3,24,0,0,4.33448,391.72,2128.06,0.978957,154.315,39.8911,True,False,1,0.676868,False,2,,,single,True,0.715925,True,B
10699,202506196,1,2632.82,6,972.346,7.36009,76.0081,36,8.54816,6603,1.47769,3,24,0,0,1.39457,172.564,222.876,0.998918,231.102,63.891,False,False,2,1.3344,False,1,,,single,True,0.448385,True,A
10701,95313597,1,2612.45,2,2767.65,7.35506,62.5,12,11.7127,5861,1.07542,3,24,0,0,,156.998,1190.05,0.997828,153.311,19.8098,False,False,1,2.22399,False,1,,,single,True,0.550543,True,A
10702,329153618,1,2635.81,2,2486.77,7.35487,4.1583,12,10.7421,4912,0.799152,3,24,0,0,4.82493,596.03,623.651,0.990286,268.309,77.0612,True,False,0,1.35374,False,1,,,single,True,0.387797,True,B
10704,264298314,1,2627.18,4,1505.97,7.34991,5.34,24,10.9059,6900,2.41132,3,24,0,0,3.44637,201.721,809.139,0.844562,296.071,71.517,True,False,2,1.60514,False,1,,,single,True,0.910584,True,B
10708,8922794,1,2630.41,3,3563.2,7.34172,101.663,18,12.6673,6351,1.57857,3,24,0,0,,210.586,2078.76,0.996745,152.949,31.7286,False,False,0,0.599511,False,1,,,single,True,0.916941,True,A
10709,27069307,1,2616.85,1,3540.56,7.33791,114.672,6,11.6269,5748.85,1.63297,3,24,0,0,,155.282,1144.06,0.97481,152.155,20.2223,False,False,3,2.32069,False,1,,,single,True,0.945522,True,A
10710,26957347,1,2613.45,2,3368.6,7.33671,0.668723,11,11.4747,6606,1.56978,3,24,0,0,8.14455,487.495,1114.63,0.986732,149.645,21.3432,False,False,2,1.74052,True,1,,,single_partial,True,0.886586,True,B
10711,239203962,1,2631.18,2,3988.98,7.3366,115.334,12,12.3056,5755.69,1.00226,3,24,0,0,4.19915,448.942,1709.93,0.997798,149.087,21.9315,False,False,0,1.87589,False,1,,,single,True,0.615983,True,A
10712,349793598,1,2616.37,1,1287.94,7.33645,1.16536,6,9.56525,5792.52,1.50325,3,24,0,0,7.51014,102.344,381.789,0.974342,143.443,25.3892,False,False,1,3.21029,True,1,,,single_partial,True,0.524971,True,B
10714,165302702,1,2635.83,2,1601.15,7.33521,3.84126,12,10.1906,5516,1.6773,3,24,0,0,5.92337,231.759,584.764,0.918549,157.645,24.0992,True,False,5,0.986293,False,1,,,single,True,0.653107,True,B
10715,105439444,1,2635.83,1.5,2108.93,7.33297,3.82094,9,10.164,5908,1.36072,3,24,0,0,0.387,297.934,553.921,0.78394,142.237,43.7534,True,False,3,1.56647,False,1,,,single,True,0.608076,True,B
10717,117508027,1,2634.94,6,3072.48,7.33004,25.155,36,12.9843,6212.25,1.34944,3,24,0,0,,340.822,3070.15,0.964591,138.315,29.2376,False,False,1,2.08862,False,1,,,single,True,0.727874,True,A
10718,154998483,1,2614.89,1,18524.9,7.32561,104.667,6,12.882,2916,0.159061,1.5,12,1,0,4.72731,4486.96,4041.54,0.460497,142.296,25.9692,False,False,4,2.93954,False,1,,,single,True,0.210668,True,A
10719,138735495,1,2618.7,1,6165.97,7.32539,70.176,6,12.4229,5440,1.03507,3,24,0,0,,224.627,2108.99,0.992445,163.223,24.1247,False,False,0,0.5,False,1,,,single,True,0.790911,True,A
10720,252802330,1,2635.83,2,3654.24,7.32431,3.83801,12,12.0848,7303,3.69028,3,24,0,0,0.990926,391.744,1670.53,0.817102,166.354,44.0609,True,False,3,1.00563,False,1,,,single,True,2.17078,False,B
10721,21101556,1,2625.95,2,2255.66,7.323,12.4949,12,11.3862,6520,1.42653,3,24,0,0,,105.77,965.187,0.97808,274.422,52.5722,False,False,2,2.01126,False,1,5200.01,5200.01,single,True,0.659288,True,A
10722,307913116,1,2629.47,2,4237.55,7.32297,78.0031,8,12.2569,5817.12,0.865379,3,24,0,0,,196.514,1648.08,0.995235,141.112,31.2624,False,False,0,2.74615,False,1,,,single,True,0.548178,True,A
10723,4821856,1,2618.55,1,4036.28,7.32259,73.8343,6,11.5617,5994.03,1.08416,3,24,0,0,3.87307,326.75,1133.89,0.923084,145.939,30.2237,False,False,3,1.81787,False,1,,,single,True,0.670257,True,A
10724,417920310,1,2635.83,1.5,3913.4,7.32155,3.66821,9,11.6901,6149,1.51562,3,24,0,0,9.86114,273.184,1410.54,0.83506,185.985,62.8409,True,False,0,0.5,False,1,,,single,True,0.922624,True,B
10726,55762408,1,2614.37,1,3031.01,7.32002,97.8333,6,7.3219,6038,1.21424,1.5,12,1,0,2.7929,1029,721,0.778218,182.029,55.4641,True,False,1,0.928276,False,1,,,single,True,0.650513,True,B
10727,95435011,1,2612.81,6,1996.54,7.31907,71.1667,36,11.5819,5171,0.73435,3,24,0,0,3.84502,356.748,1210.66,0.995696,155.326,20.149,False,False,2,1.66316,False,1,,,single,True,0.319301,True,A
10728,308016399,1,2618.07,3,5386.59,7.31711,85.3369,18,12.8821,5946.09,1.25004,3,24,0,0,2.38876,432.825,2574.22,0.967391,149.96,25.3261,False,False,0,0.928276,False,1,,,single,True,0.892767,True,A
10729,26959554,1,2617.54,3,865.098,7.31516,98.1713,18,10.149,5969,2.33559,3,24,0,0,,57.2952,497.533,0.998665,149.805,19.9329,False,False,0,1.5858,False,1,,,single,True,0.668477,True,A
10731,139414385,1,2635.14,6,902.721,7.31347,20.334,36,10.7203,6267.24,1.83041,3,24,0,0,,72.499,696.357,0.999398,153.791,33.1291,False,False,0,0.5,False,1,,,single,True,0.535159,True,A
10732,95340652,1,2634.48,2,5038.03,7.31135,36.1726,12,12.2927,3421,0.428406,3,24,0,0,4.66894,316.684,2033.13,0.805193,153.724,20.3704,False,False,3,2.22399,False,1,,,single,True,0.295899,True,A
10736,172531928,1,2620.7,1,1149.89,7.30862,22.167,6,9.35745,6252,1.1136,3,24,0,0,6.97716,60.5784,331.451,0.993235,143.089,26.3877,False,False,1,3.30698,False,1,,,single,True,0.367465,True,A
10737,156496125,2,2611.97,24,1161.2,7.30673,36.3333,144,12.2242,4083,0.709781,3,24,0,0,,173.85,1589.33,0.975607,219.342,73.4825,False,False,1,1.02497,False,2,,,single,True,0.235362,True,A
10740,85334020,1,2630.4,2,1153.75,7.29605,102.157,12,10.3696,5869,0.960949,3,24,0,0,,61.5278,534.392,0.99562,168.087,33.6377,False,False,1,0.657529,False,1,,,single,True,0.317625,True,A
10742,39077010,1,2620.02,3,1806.52,7.29417,0.502158,13,10.5834,5863.88,1.26029,3,24,0,0,6.8439,233.022,641.387,0.942011,151.267,36.936,False,False,0,1.08299,True,1,,,single_partial,True,0.521254,True,B
10745,4822757,1,2617.4,2,4254.48,7.29298,101.334,12,12.518,6730.43,2.09563,3,24,0,0,,205.409,1941.26,0.974158,146.003,33.8128,False,False,0,1.16034,False,1,,,single,True,1.33013,True,A
10746,66682004,1,2626.55,1,4206.72,7.29273,3.50344,6,9.7227,5004,0.840323,3,24,0,0,8.24988,1548.52,393.921,0.94558,154.944,57.861,True,False,5,0.889598,False,1,,,single,True,0.530366,True,B
10747,172533879,1,2627.2,1,1918.5,7.29194,25.3337,6,10.2157,4130.26,0.939186,3,24,0,0,5.83012,205.522,514.85,0.974179,143.18,24.2031,True,False,5,2.53342,False,1,,,single,True,0.400304,True,B
10751,386954294,1,2612,1,1906.85,7.28578,51.8333,6,10.4791,6028,1.4165,3,24,0,0,,74.1825,612.669,0.997934,157.883,21.9395,False,False,0,0.599511,False,1,,,single,True,0.601911,True,A
10752,63220061,1,2627.75,2,1243.7,7.28322,41.9903,12,9.8025,6744.45,1.77218,3,24,0,0,3.11265,97.9518,399.221,0.998814,157.275,17.4694,False,False,2,1.3344,False,1,,,single,True,0.608168,True,A
10754,313355544,1,2612.03,1.5,4768.81,7.27737,4,9,12.624,5877,0.888199,3,24,0,0,12.0623,498.292,1965.84,0.998623,179.649,75.1439,False,False,5,1.45043,False,1,,,single,True,0.59686,True,A
10758,243243069,1,2614.5,1.5,5157.75,7.26207,74.5,8,12.2898,5617,0.830589,3,24,0,0,,229.284,2060.79,0.94893,136.383,23.1131,False,False,0,1.16034,False,1,,,single,True,0.580462,True,A
10759,8965530,2,2634.99,24,1837.13,7.26164,24.011,144,12.3283,5324.83,0.788771,3,24,0,0,8.0071,1171.67,1716.08,0.996224,166.864,33.5364,False,False,1,1.08299,False,2,,,single,True,0.328987,True,A
10761,371490157,1,2610.14,1.5,5577.89,7.2587,3.83333,9,12.6078,5620.06,0.861973,3,24,0,0,0.909072,358.519,2126.18,0.997858,139.911,38.1667,True,False,9,2.5721,False,1,,,single,True,0.626449,True,B
10762,318252407,1,2627.49,24,1038.23,7.25869,31.4985,141,12.6431,6319.35,1.20258,3,24,0,0,,237.355,1949.52,0.99079,163.493,51.7126,True,False,1,0.908937,False,1,,,single,True,0.377067,True,B
10764,165429958,1,2633.86,2,3475.28,7.25786,51.1768,12,12.1686,5866,2.19828,3,24,0,0,,204.775,1579.32,0.995921,162.016,27.6863,False,False,3,0.870259,False,1,,,single,True,1.26106,True,A
10766,91899076,1,2615.43,1.5,6242.13,7.25594,122.667,9,12.7141,5246.27,0.99307,3,24,0,0,,324.075,2292.73,0.97528,142.132,22.8772,False,False,0,2.82351,False,1,,,single,True,0.763491,True,A
10768,308015294,1,2632.29,3,3324.52,7.25358,88.6655,18,12.4496,5849.15,1.14991,3,24,0,0,,198.597,1996.66,0.995975,149.862,28.5288,False,False,1,0.986293,False,1,,,single,True,0.645187,True,A
10769,4973695,1,2615.61,1.5,6124.07,7.2529,135.167,9,12.6128,5814.67,1.35289,1.5,12,1,0,5.00131,2945.89,1955.33,0.998342,149.096,33.5615,False,False,2,1.46977,False,1,,,single,True,1.03024,True,A
10771,149453821,1,2611.05,2,3420.88,7.24938,15,12,12.1765,6495,2.74548,3,24,0,0,4.9158,221.782,1525.93,0.992309,141.418,25.6362,True,False,2,2.88152,False,1,,,single,True,1.56259,True,B
10775,149468227,1,2627.29,1,2525.96,7.24525,23.3358,6,10.1762,5310.6,0.882642,3,24,0,0,6.53499,321.467,664.362,0.55487,141.547,28.6445,True,False,6,2.76549,False,1,,,single,True,0.431673,True,B
10777,92021851,1,2615.06,1.5,2469.13,7.24208,113.667,9,11.4404,6058,1.20564,3,24,0,0,,117.861,1076.12,0.986492,145.328,20.2971,False,False,1,1.60514,False,1,,,single,True,0.582971,True,A
10778,63238652,1,2618.29,1.5,1132.2,7.24087,80.0086,9,9.7175,5589,1.90415,3,24,0,0,6.8806,112.134,393.958,0.99969,157.583,16.6087,False,False,0,0.83158,False,1,,,single,True,0.623476,True,A
10779,4990968,1,2610.13,1,5733.93,7.24042,3.66667,6,12.4327,5642,0.88027,3,24,0,0,0.977439,325.186,1748.19,0.997481,149.511,32.4865,True,False,4,1.14101,False,1,,,single,True,0.648634,True,B
10784,8688531,1,2613.62,2,3300.71,7.23223,79.1667,12,12.035,6087.48,2.06289,3,24,0,0,0.763873,260.198,1517.27,0.980173,137.915,30.8179,False,False,0,1.19902,False,1,,,single,True,1.15329,True,A
10786,95857856,1,2633.09,2,1560.45,7.23128,69.5126,12,10.4598,5972.98,1.00985,3,24,0,0,4.50799,265.427,592.784,0.995693,162.464,23.3706,False,False,0,0.696207,False,1,,,single,True,0.388186,True,A
10791,149467710,1,2619.88,6,2774.31,7.22229,41.9993,36,12.6038,6108.86,1.63474,3,24,0,0,,238.635,2149.85,0.996656,141.428,28.2934,False,False,2,2.76549,False,1,,,single,True,0.837883,True,A
10792,417917895,1,2629.06,2,1160.23,7.22218,86.832,12,10.2468,6188,2.10168,3,24,0,0,,63.9663,581.519,0.811338,183.723,64.6068,False,False,1,1.10233,False,1,,,single,True,0.69662,True,A
10797,171654235,1,2614.2,2,4098.41,7.2159,104.667,10,12.1986,6160,1.12948,3,24,0,0,1.03755,244.808,1640.7,0.97076,159.678,20.6223,False,False,0,0.928276,False,1,,,single,True,0.703629,True,A
10798,160410396,2,2611.63,24,581.29,7.21084,28.1667,144,10.7389,6192,1.13077,3,24,0,0,8.33822,267.044,674.434,0.933964,234.077,76.0375,True,False,0,0.908937,False,2,,,single,True,0.265294,True,B
10799,232980528,1,2635.85,1,8641.73,7.20882,3.34221,6,12.4815,3743,0.536562,2,16,1,0,3.6568,1196.59,2380.52,0.628835,218.889,62.6352,True,False,3,1.17968,False,1,,,single,True,0.485375,True,B
10802,173004991,2,2635.84,1,6445.67,7.2057,3.66434,6,12.4221,5822,1.62022,3,24,0,0,5.63102,537.488,1980.19,0.866277,150.917,34.1983,True,False,2,1.2377,False,2,,,single,True,1.2658,True,B
10804,88047425,1,2617.22,1,7807.14,7.19605,105.836,6,12.7577,4275,0.6594,3,24,0,0,2.67361,377.836,2413.2,0.990223,147.555,22.6018,False,False,3,2.01126,False,1,,,single,True,0.56696,True,A
10805,355176021,1,2633.15,1,3435.16,7.19321,67.9873,6,11.577,6266.07,1.60017,3,24,0,0,9.288,171.645,1109.4,0.987165,139.843,38.0589,False,False,0,2.20466,False,1,,,single,True,0.912635,True,A
10806,8865384,2,2635.84,1,8560.42,7.19296,3.65718,6,10.4795,5887.26,1.65633,3,24,0,0,12.6838,1939.59,886.069,0.817294,143.019,35.5352,True,False,5,1.52779,False,2,,,single,True,1.49125,True,B
10807,353968330,1,2635.85,1,4150.5,7.19178,3.33555,6,11.8058,5185.86,0.777694,3,24,0,0,6.20207,440.513,1308.2,0.825219,157.845,37.0648,True,False,1,0.5,False,1,,,single,True,0.487547,True,B
10808,233008894,1,2635.83,1,4622.5,7.18858,3.66499,6,10.5922,5805,0.994114,3,24,0,0,4.78364,901.307,584.755,0.994597,248.287,72.2051,True,False,1,1.06365,False,1,,,single,True,0.657707,True,B
10809,318219007,1,2629.54,1,6637.38,7.18841,80.8322,6,12.8825,4355.25,0.77895,3,24,0,0,7.50406,662.413,2274.45,0.978301,162.934,52.2791,False,False,0,0.657529,False,1,,,single,True,0.61754,True,A
10811,88023380,1,2634.5,1,3306.89,7.18693,35.6657,6,11.1716,4360,1.02447,3,24,0,0,3.37719,412.989,869.791,0.990837,147.321,21.5808,False,False,1,2.32069,False,1,,,single,True,0.57328,True,A
10814,229458129,1,2613.77,1,3219.33,7.18549,67.6667,6,10.6812,6568,2.54501,3,24,0,0,1.60433,269.283,657.902,0.929411,294.74,62.5387,False,False,4,1.87589,False,1,,,single,True,1.40517,True,A
10816,165280578,1,2631.56,1.5,4320.59,7.18198,1.15982,9,12.3232,5634.93,1.36448,3,24,0,0,,194.221,1800.8,0.986347,156.398,26.6423,False,False,1,0.966954,True,1,,,single_partial,True,0.872763,True,B
10817,321318387,1,2615.58,3,694.494,7.18089,136.333,18,9.79839,5757.98,1.25318,3,24,0,0,,49.2861,398.92,0.993784,162.002,31.2866,False,False,3,1.39241,False,1,,,single,True,0.32137,True,A
10819,307930249,1,2618.47,2,5849.67,7.1781,75.6653,12,12.9179,6360.62,1.1778,3,24,0,0,3.18831,383.072,2659.93,0.905608,141.516,34.6209,False,False,0,1.70184,False,1,,,single,True,0.876586,True,A
10823,8865379,1,2635.84,1,8984.54,7.17262,3.65716,6,12.9774,5691.45,1.26849,3,24,0,0,3.10886,472.497,2749.97,0.834428,142.997,35.5532,True,False,5,1.56647,False,1,,,single,True,1.17002,True,B
10824,349794427,1,2619.15,1.5,6915.68,7.17205,59.3337,9,12.9694,6117,1.26599,3,24,0,0,,327.592,2710.63,0.962658,143.564,26.4324,False,False,5,3.09425,False,1,,,single,True,1.02448,True,A
10831,165426909,1,2628.04,2,5616.25,7.1597,44.9907,12,12.992,5116,0.701078,3,24,0,0,,292.624,2712.83,0.982346,161.958,27.8174,False,False,1,0.85092,False,1,,,single,True,0.511266,True,A
10832,149397469,1,2629.41,1,8224.84,7.15929,78.1695,6,12.8907,5906,1.5483,3,24,0,0,,356.497,2715.17,0.992288,139.678,26.5125,False,False,0,2.06928,False,1,,,single,True,1.3664,True,A
10834,1066037,1,2631.74,1,6458.78,7.15085,101.838,6,12.5466,7399.64,2.24744,3,24,0,0,0.439818,414.541,1990.39,0.978524,154.321,25.8371,False,False,0,1.43109,False,1,,,single,True,1.7576,True,A
10840,149400504,1,2618.15,2,4515.15,7.14036,83.4994,12,12.576,4379.81,0.882068,3,24,0,0,5.34714,305.935,2090.46,0.988069,139.986,25.0073,False,False,1,2.32069,False,1,,,single,True,0.57676,True,A
10842,172503963,1,2631.13,1.5,4058.25,7.12869,101.836,9,12.2498,5628.96,1.34714,3,24,0,0,3.72048,261.961,1600.48,0.989006,142.392,29.839,False,False,1,2.78483,False,1,,,single,True,0.835102,True,A
10844,155580524,1,2616.68,1.5,5086.91,7.12737,118.842,9,12.4489,4020,0.940383,3,24,0,0,,256.493,2067.5,0.937547,158.827,17.3492,False,False,1,1.00563,False,1,,,single,True,0.652664,True,A
10846,149469597,1,2626.69,1,5065.24,7.12436,12.835,6,11.9572,5542,0.74383,3,24,0,0,2.36365,282.027,1500.32,0.934222,141.619,26.0947,True,False,1,2.78483,False,1,,,single,True,0.515147,True,B
10851,82247379,1,2632.47,1,5201.55,7.11374,84.5015,6,12.2117,5035.44,0.765341,3,24,0,0,6.81288,280.887,1658.66,0.9943,151.061,24.7597,False,False,4,1.10233,False,1,,,single,True,0.537129,True,A
10854,10152455,1,2635.83,1.5,2521.94,7.10687,3.679,9,9.83021,6419,1.70738,3,24,0,0,5.60398,464.148,523.878,0.853356,175.094,40.8492,True,False,2,0.5,False,1,,,single,True,0.834363,True,B
10857,233431995,1,2627.1,1.5,3070.56,7.10375,22.9997,9,11.9124,5174.89,0.96502,3,24,0,0,,170.622,1338.9,0.977121,145.767,27.7574,True,False,3,2.4754,False,1,,,single,True,0.520358,True,B
10862,47578291,1,2621,3,1637.53,7.08963,15.0027,18,11.0877,5737,2.31755,3,24,0,0,0.605425,159.741,749.803,0.9603,278.472,53.4939,False,False,2,1.39241,False,1,,,single,True,0.912602,True,A
10870,219095755,1,2616.54,2,2094.87,7.0708,121.999,12,11.0294,5976,1.49834,3,24,0,0,10.3674,253.057,842.69,0.907181,269.399,70.9907,False,False,3,2.01126,False,1,,,single,True,0.667339,True,A
10875,156409827,1,2612.86,1,3201.83,7.0621,38.3333,6,11.4074,6519.23,1.33831,3,24,0,0,3.09024,167.643,1001.55,0.98656,154.111,51.9607,False,False,0,0.83158,False,1,,,single,True,0.736908,True,A
10880,95860220,1,2632.04,1,2852.33,7.04737,94.6797,6,11.4064,5488.35,2.05732,3,24,0,0,,121.25,1002.19,0.962854,162.824,23.3261,False,False,3,0.676868,False,1,,,single,True,1.0692,True,A
10888,149453478,3,2634.8,24,901.655,7.03601,28.4926,144,11.4711,5447.08,2.45476,3,24,0,0,11.6665,2796.53,1080.6,0.998759,141.282,23.9993,False,False,3,2.66879,False,3,,,single,True,0.717277,True,A
10902,103687163,2,2611.33,2,25754,7.01792,7.16675,12,12.8866,5888,2.06571,2,16,1,0,5.76693,6079.33,5195.23,0.972354,154.104,66.0297,True,False,3,0.773563,False,2,,,single,True,3.22589,False,B
