tic,trial,t0,depth_ppm,duration_h,expected_snr,expected_snr_white,window_d,max_dur_h,long_limited,hf_variable,recovered,top_ranked,det_t0,det_depth_ppm,det_duration_h,measured_snr
8884909,0,2626.76,1405.98,24,7.17288,9.77633,3,24,0,0,0,0,,,,2.57363
8884909,1,2626.97,4249.77,4,9.36877,12.0639,3,24,0,0,1,1,2626.99,4480.34,2,8.67917
8884909,2,2627.82,20144.2,4,44.4087,57.1837,3,24,0,0,1,1,2627.82,21165.7,3,47.2016
8884909,3,2628.77,21809,8,56.083,87.5532,3,24,0,0,1,1,2628.76,21343.1,6,55.4893
8884909,4,2626.87,3495.03,2,6.09904,7.01547,3,24,0,0,0,0,,,,3.54957
8884909,5,2633.99,20582,2,35.9169,41.3137,3,24,0,0,1,1,2633.99,21145.9,1.5,36.7649
8884909,6,2621.09,8680.18,8,22.3215,34.847,3,24,0,0,1,1,2621.09,8593.64,6,22.1419
8884909,7,2634.14,2689.94,16,9.01943,15.2719,3,24,0,0,0,0,,,,6.57741
8884909,8,2631.97,8796.85,1,11.5648,12.4859,3,24,0,0,1,1,2631.97,6921.4,1,10.024
8884909,9,2626.82,3377.35,8,8.68504,13.5585,3,24,0,0,0,0,,,,4.57889
8884909,10,2634.78,1174.14,16,3.9369,6.66607,3,24,0,0,0,0,,,,4.59964
8884909,11,2618.54,8342.96,2,14.559,16.7466,3,24,0,0,1,1,2618.54,8928.65,1.5,15.6367
8884909,12,2611.88,23618.5,2,41.2158,47.4088,3,24,0,0,1,1,2611.88,22729.8,1.5,40.1395
8884909,13,2612.7,8055.3,4,17.7582,22.8667,3,24,0,0,1,1,2612.71,8410.28,4,19.6754
8884909,14,2616.15,8883.54,4,19.5841,25.2178,3,24,0,0,1,1,2616.15,8693.38,3,18.7495
8884909,15,2626.43,9855.82,24,50.2814,68.5314,3,24,0,0,1,1,2626.65,8641.62,8,24.433
8884909,16,2614.01,15998.4,1,21.0323,22.7074,3,24,0,0,1,1,2614.02,13679.1,1,19.8345
8884909,17,2621.08,16961,4,37.3913,48.1475,3,24,0,0,1,1,2621.08,17037.8,3,37.373
8884909,18,2626.89,5175.96,8,13.3102,20.7791,3,24,0,0,1,1,2626.9,3842.13,6,9.8384
8884909,19,2621.15,1243.73,24,6.34511,8.64812,3,24,0,0,0,0,,,,5.23393
10074126,0,2631.47,2982.13,1,4.04683,3.95303,3,24,0,0,0,0,,,,4.3052
10074126,1,2621.6,1507.54,24,15.62,9.78986,3,24,0,0,0,0,,,,4.99106
10074126,2,2620.4,1863.95,8,8.44655,6.98847,3,24,0,0,1,1,2620.4,1851.85,8,8.96521
10074126,3,2629.27,12036.1,2,24.1193,22.5633,3,24,0,0,1,1,2629.26,10048,2,22.161
10074126,4,2627.81,4703.73,8,21.3151,17.6356,3,24,0,0,1,1,2627.83,4065.28,8,19.8243
10074126,5,2617.55,24154.8,2,48.4042,45.2816,3,24,0,0,1,1,2617.55,21626.5,2,47.3974
10074126,6,2635.08,1062.46,4,3.23381,2.81673,3,24,0,0,0,0,,,,4.4531
10074126,7,2634.73,3595.55,24,37.2545,23.3493,3,24,0,0,1,1,2634.74,3827.32,24,41.7912
10074126,8,2610.77,32164.1,1,43.6476,42.6358,3,24,0,0,1,1,2610.78,27041.6,1,40.7635
10074126,9,2630.9,5801.65,2,11.626,10.876,3,24,0,0,1,1,2630.9,5297.31,2,11.735
10074126,10,2617.73,5004.8,8,22.6795,18.7644,3,24,0,0,1,1,2617.73,4693.45,8,22.5107
10074126,11,2617.82,1060.7,24,10.9902,6.88813,3,24,0,0,0,0,,,,6.54894
10074126,12,2617.67,3681.85,8,16.6844,13.8043,3,24,0,0,1,1,2617.65,3298.77,8,15.8046
10074126,13,2628.15,3186.21,4,9.69788,8.44711,3,24,0,0,1,1,2628.15,2639.29,4,8.82153
10074126,14,2615.26,5173.1,8,23.4421,19.3954,3,24,0,0,1,1,2615.24,5337.88,6,21.9004
10074126,15,2629.48,4422.48,2,8.86227,8.29057,3,24,0,0,1,1,2629.51,3329.58,3,8.03941
10074126,16,2627.2,6145.72,16,40.4083,32.5864,3,24,0,0,1,1,2627.22,3699.48,24,39.7311
10074126,17,2618.62,3855.64,4,11.7354,10.2219,3,24,0,0,1,1,2618.63,3752.39,4,12.3389
10074126,18,2630.8,24187.9,1,32.8237,32.0628,3,24,0,0,1,1,2630.8,20707.1,1,31.1242
10074126,19,2614.48,1197.26,8,5.42545,4.48888,3,24,0,0,0,0,,,,4.01659
16183813,0,2633.7,1717.11,4,10.057,9.50376,3,24,0,0,1,1,2633.69,1839.31,3,10.5925
16183813,1,2615.51,1467.01,8,11.6681,11.4827,3,24,0,0,1,1,2615.53,1282.96,8,10.9518
16183813,2,2635.29,1510.67,1,4.26749,4.18059,3,24,0,0,0,0,,,,3.68016
16183813,3,2631.79,1153.21,24,18.8426,15.6344,3,24,0,0,1,1,2631.85,1105.68,24,17.7027
16183813,4,2626.87,1247.13,4,7.30441,6.90257,3,24,0,0,0,0,,,,6.14498
16183813,5,2634.7,3395.38,16,40.5931,37.5852,3,24,0,0,1,1,2634.71,3173.04,16,41.6395
16183813,6,2631.85,4988.49,2,21.0971,19.5233,3,24,0,0,1,1,2631.84,4920.8,2,22.9205
16183813,7,2629.13,2214.89,16,26.4798,24.5177,3,24,0,0,1,1,2629.15,2058.98,16,23.4016
16183813,8,2632.65,852.323,16,10.1898,9.43478,3,24,0,0,0,0,,,,6.23937
16183813,9,2618.84,2304.94,16,27.5564,25.5145,3,24,0,0,1,1,2618.85,2221.61,16,30.0266
16183813,10,2617.44,728.541,4,4.26703,4.03229,3,24,0,0,0,0,,,,3.14393
16183813,11,2628.33,2667.69,2,11.2821,10.4404,3,24,0,0,1,1,2628.34,2444.63,2,11.2965
16183813,12,2630.29,3159.99,24,51.6318,42.8409,3,24,0,0,1,1,2630.27,2928.43,24,50.174
16183813,13,2620.13,369.733,24,6.04116,5.01258,3,24,0,0,0,0,,,,4.31983
16183813,14,2616.15,1519.75,4,8.90113,8.41145,3,24,0,0,1,1,2616.16,1650.38,3,9.52502
16183813,15,2633.97,4038.68,16,48.2839,44.7061,3,24,0,0,1,1,2633.97,3563.3,16,42.5865
16183813,16,2633.25,866.422,4,5.0746,4.79543,3,24,0,0,0,0,,,,5.70273
16183813,17,2616.54,655.897,4,3.84156,3.63023,3,24,0,0,0,0,,,,5.53138
16183813,18,2613.89,1734.29,2,7.33458,6.78742,3,24,0,0,0,0,,,,6.65641
16183813,19,2635.97,1103.43,8,8.77629,8.6369,3,24,0,0,0,0,,,,0.28514
16779771,0,2621.18,1283.26,8,3.40168,4.10839,3,24,0,0,0,0,,,,5.45365
16779771,1,2632.86,1886.71,4,3.68288,4.27116,3,24,0,0,0,0,,,,3.85326
16779771,2,2610.71,22435.8,2,32.1518,35.9142,3,24,0,0,1,1,2610.72,21370.6,2,33.6728
16779771,3,2612.53,1286.93,8,3.4114,4.12013,3,24,0,0,0,0,,,,5.54693
16779771,4,2628.02,14981,8,39.7117,47.9618,3,24,0,0,1,1,2628.02,13432.9,8,38.5055
16779771,5,2633.22,4909.36,24,30.3369,27.2233,3,24,0,0,1,1,2633.2,4688.75,24,26.8661
16779771,6,2617.13,8200.97,1,8.8466,9.28272,3,24,0,0,1,1,2617.13,6841.24,1,8.17843
16779771,7,2616.02,1635.52,8,4.33544,5.23614,3,24,0,0,0,0,,,,3.6797
16779771,8,2635.86,511.692,24,3.16195,2.83743,3,24,0,0,0,0,,,,3.96614
16779771,9,2611.41,1596.93,4,3.11723,3.61516,3,24,0,0,0,0,,,,3.33785
16779771,10,2620.97,7964.54,8,21.1124,25.4986,3,24,0,0,1,1,2620.97,7764.71,8,22.3673
16779771,11,2632.22,21570.7,8,57.1796,69.0587,3,24,0,0,1,1,2632.21,21695.7,6,53.3955
16779771,12,2620.18,4652.82,8,12.3337,14.8961,3,24,0,0,1,1,2620.18,3950.13,8,11.049
16779771,13,2616.87,3322.11,24,20.5286,18.4217,3,24,0,0,1,1,2616.86,3010.18,24,17.6097
16779771,14,2615.7,1932.39,24,11.941,10.7155,3,24,0,0,0,0,,,,6.62015
16779771,15,2616.61,9949.92,2,14.2588,15.9274,3,24,0,0,1,1,2616.6,8426.86,2,13.3155
16779771,16,2610.9,1693.03,8,4.48788,5.42025,3,24,0,0,1,1,2610.93,2811.65,12,10.6118
16779771,17,2632.04,6134.18,8,16.2605,19.6387,3,24,0,0,1,1,2632.04,5694.38,8,15.6783
16779771,18,2629.57,2100.54,8,5.56811,6.7249,3,24,0,0,0,0,,,,5.65519
16779771,19,2629.87,3117.51,2,4.46757,4.99037,3,24,0,0,0,0,,,,5.64441
24004202,0,2619.22,3234.34,24,16.9521,16.5703,3,24,0,0,1,1,2619.26,2721.7,24,13.4373
24004202,1,2616.54,4068.05,16,15.4427,17.017,3,24,0,0,1,1,2616.54,3448.17,16,14.1032
24004202,2,2633.65,3315.38,8,7.65348,9.80655,3,24,0,0,0,0,,,,6.55344
24004202,3,2613.14,7729.5,24,40.5124,39.6,3,24,0,0,1,1,2613.17,6657.83,24,35.0609
24004202,4,2627.06,2216.58,4,3.8692,4.63609,3,24,0,0,0,0,,,,2.75505
24004202,5,2631.77,3028.8,1,3.10295,3.16744,3,24,0,0,0,0,,,,2.52665
24004202,6,2631.49,7800.24,2,11.1603,11.5361,3,24,0,0,1,1,2631.49,7031.67,2,11.1457
24004202,7,2611.06,17682.8,2,25.2999,26.152,3,24,0,0,1,1,2611.06,17041.8,1.5,23.9508
24004202,8,2627.2,8557.22,24,44.8507,43.8406,3,24,0,0,1,1,2627.18,7668.84,24,41.1215
24004202,9,2617.49,17130.9,4,29.9032,35.8301,3,24,0,0,1,1,2617.49,17610.4,3,31.415
24004202,10,2635.25,26388.9,2,37.7561,39.0278,3,24,0,0,1,1,2635.26,24463.3,2,38.9692
24004202,11,2616.69,9429.01,8,21.7667,27.89,3,24,0,0,1,1,2616.69,9751.9,6,21.1724
24004202,12,2634.92,18695.8,8,43.1588,55.3002,3,24,0,0,1,1,2634.93,16748.9,8,41.178
24004202,13,2615.53,10789.3,1,11.0534,11.2832,3,24,0,0,1,1,2615.53,9188.63,1,10.4456
24004202,14,2621.61,20094.9,2,28.751,29.7194,3,24,0,0,0,0,,,,
24004202,15,2628.18,17512.7,2,25.0564,25.9003,3,24,0,0,1,1,2628.18,15056,2,23.8159
24004202,16,2629.15,2246.14,4,3.9208,4.69792,3,24,0,0,0,0,,,,3.76757
24004202,17,2617.57,1506.38,8,3.47745,4.45572,3,24,0,0,0,0,,,,4.22713
24004202,18,2612.99,1601.3,8,3.69657,4.73649,3,24,0,0,0,0,,,,3.22595
24004202,19,2635.08,3571.61,24,18.7198,18.2982,3,24,0,0,1,1,2634.99,3534.81,24,20.4173
27036892,0,2626.11,1355.94,24,8.83649,8.6807,3,24,0,0,0,0,,,,5.56393
27036892,1,2633.4,2071.48,8,7.14973,7.65657,3,24,0,0,0,0,,,,6.35752
27036892,2,2629.06,1042.83,16,6.01072,5.45104,3,24,0,0,0,0,,,,4.90222
27036892,3,2632.41,8912.7,1,11.6287,11.6471,3,24,0,0,1,1,2632.4,7670.84,1,11.025
27036892,4,2620.48,18533.7,1,24.1815,24.2198,3,24,0,0,1,1,2620.49,16168.2,1,23.3469
27036892,5,2634.39,1583.93,16,9.12958,8.27949,3,24,0,0,1,1,2634.41,1887.53,12,8.74387
27036892,6,2615.46,829.525,16,4.78128,4.33608,3,24,0,0,0,0,,,,2.97608
27036892,7,2615.31,3487.11,4,8.11455,9.11386,3,24,0,0,1,1,2615.31,3804.93,3,8.87924
27036892,8,2629.79,9313.65,4,21.673,24.3421,3,24,0,0,1,1,2629.78,9146.88,3,21.5099
27036892,9,2613.2,6886.75,24,44.8799,44.0887,3,24,0,0,1,1,2613.19,6243.88,24,37.1534
27036892,10,2618.64,2012.58,8,6.94643,7.43886,3,24,0,0,0,0,,,,5.55911
27036892,11,2614.88,4412.05,4,10.2669,11.5313,3,24,0,0,1,1,2614.88,4152.53,4,9.77538
27036892,12,2614.95,8975.26,24,58.4904,57.4592,3,24,0,0,1,1,2615.02,8817.11,16,42.8758
27036892,13,2630.38,3412.15,4,7.94012,8.91795,3,24,0,0,1,1,2630.39,3590.65,3,8.308
27036892,14,2612.75,5426.17,8,18.7284,20.0561,3,24,0,0,1,1,2612.75,5333.51,8,19.5595
27036892,15,2612.31,4011.53,1,5.23397,5.24224,3,24,0,0,0,0,,,,3.49655
27036892,16,2632.04,5023.26,16,28.9535,26.2575,3,24,0,0,1,1,2632.06,4619.34,16,24.0806
27036892,17,2617.04,670.409,24,4.36896,4.29193,3,24,0,0,0,0,,,,2.3755
27036892,18,2612.86,4531.16,2,8.22181,8.37398,3,24,0,0,1,1,2612.87,4294.01,2,8.50299
27036892,19,2621.52,3588.04,8,12.3841,13.262,3,24,0,0,1,1,2621.45,3781.62,3,8.90899
27072954,0,2619.79,29071.9,1,48.48,62.1192,3,24,0,0,1,1,2619.79,23716.9,1,43.7853
27072954,1,2626.58,3484.08,24,12.1955,36.4709,3,24,0,0,0,0,,,,6.13268
27072954,2,2634.15,6893.01,24,24.128,72.1551,3,24,0,0,1,1,2634.11,6583.45,16,19.5835
27072954,3,2627.36,1329.56,24,4.65395,13.9177,3,24,0,0,0,0,,,,3.33911
27072954,4,2615.47,14611.5,1,24.366,31.221,3,24,0,0,1,1,2615.47,11984.5,1,22.1321
27072954,5,2632.58,1259,8,3.46122,7.60892,3,24,0,0,0,0,,,,3.59951
27072954,6,2631.39,6836.46,4,16.0488,29.2155,3,24,0,0,1,1,2631.39,7641.12,3,18.3791
27072954,7,2635.63,2629.35,16,8.60324,22.4729,3,24,0,0,1,1,2635.57,3457.93,8,10.3199
27072954,8,2611.22,6272.98,1,10.4608,13.4038,3,24,0,0,1,0,2611.22,4737.75,1,8.76967
27072954,9,2629.12,9511.28,2,19.2984,28.7413,3,24,0,0,1,1,2629.12,8901.53,1.5,18.3762
27072954,10,2629.02,5115.84,4,12.0096,21.8625,3,24,0,0,1,1,2629.02,5213.01,3,12.1768
27072954,11,2630.96,2547.72,24,8.91793,26.6692,3,24,0,0,0,0,,,,5.84163
27072954,12,2628.07,3508.47,8,9.6454,21.2038,3,24,0,0,1,0,2628.02,3549.07,4,8.97788
27072954,13,2611.82,4026.11,16,13.1735,34.4111,3,24,0,0,1,1,2611.85,2954.32,12,9.91625
27072954,14,2630.22,11899.7,1,19.8439,25.4267,3,24,0,0,1,1,2630.23,9703.96,1,17.8892
27072954,15,2631.97,7486.81,1,12.4849,15.9974,3,24,0,0,1,1,2631.97,5895.37,1,10.8683
27072954,16,2615.06,2130.14,16,6.96984,18.2063,3,24,0,0,0,0,,,,5.70728
27072954,17,2613.59,1457.14,24,5.1005,15.2531,3,24,0,0,0,0,,,,4.87572
27072954,18,2611.59,3907.4,1,6.51594,8.34911,3,24,0,0,0,0,,,,4.9403
27072954,19,2617.45,1332.29,24,4.66348,13.9462,3,24,0,0,0,0,,,,4.70148
27107017,0,2612.2,50000,16,2.9404,11.1434,3,24,0,1,0,0,,,,4.02404
27107017,1,2615.95,50000,16,2.9404,11.1434,3,24,0,1,0,0,,,,4.09567
27107017,2,2615.36,50000,24,5.3176,13.6478,3,24,0,1,0,0,,,,4.2627
27107017,3,2629.95,50000,16,2.9404,11.1434,3,24,0,1,0,0,,,,3.90611
27107017,4,2610.33,50000,4,1.85761,5.57169,3,24,0,1,0,0,,,,2.94804
27107017,5,2610.79,50000,2,0.381368,3.93978,3,24,0,1,0,0,,,,1.97795
27107017,6,2621.34,50000,4,1.85761,5.57169,3,24,0,1,0,0,,,,2.31746
27107017,7,2633.22,50000,1,0.264556,2.78585,3,24,0,1,0,0,,,,1.4615
27107017,8,2635.83,50000,24,5.3176,13.6478,3,24,0,1,0,0,,,,4.11441
27107017,9,2628.92,50000,24,5.3176,13.6478,3,24,0,1,0,0,,,,4.50821
27107017,10,2631.93,50000,1,0.264556,2.78585,3,24,0,1,0,0,,,,1.16478
27107017,11,2635.95,50000,8,2.65747,7.87956,3,24,0,1,0,0,,,,0.928439
27107017,12,2615.74,50000,24,5.3176,13.6478,3,24,0,1,0,0,,,,4.5534
27107017,13,2634.27,50000,4,1.85761,5.57169,3,24,0,1,0,0,,,,2.73744
27107017,14,2610.25,50000,1,0.264556,2.78585,3,24,0,1,0,0,,,,1.64675
27107017,15,2614.36,50000,24,5.3176,13.6478,3,24,0,1,0,0,,,,4.1836
27107017,16,2630.95,50000,8,2.65747,7.87956,3,24,0,1,0,0,,,,3.46042
27107017,17,2626.22,50000,4,1.85761,5.57169,3,24,0,1,0,0,,,,2.01259
27107017,18,2616.54,50000,24,5.3176,13.6478,3,24,0,1,0,0,,,,4.16261
27107017,19,2615.88,50000,8,2.65747,7.87956,3,24,0,1,0,0,,,,3.53753
21031024,0,2628.07,897.452,8,4.64709,5.13175,3,24,0,0,0,0,,,,3.41987
21031024,1,2610.68,3699.17,2,10.0886,10.5762,3,24,0,0,1,1,2610.68,3515.69,2,10.5515
21031024,2,2614.88,5925.47,2,16.1604,16.9413,3,24,0,0,1,1,2614.88,6199.99,1.5,16.632
21031024,3,2634.06,522.871,16,5.03452,4.22828,3,24,0,0,0,0,,,,3.9539
21031024,4,2627.14,779.909,24,8.79873,7.7243,3,24,0,0,0,0,,,,6.24738
21031024,5,2616.44,2009.61,24,22.6718,19.9033,3,24,0,0,1,1,2616.44,1703.71,24,20.7368
21031024,6,2619.53,2702.82,16,26.0244,21.8568,3,24,0,0,1,1,2619.54,2521.06,16,24.2567
21031024,7,2621.13,21588.7,1,43.9894,43.6451,3,24,0,0,1,1,2621.13,18836.4,1,42.4389
21031024,8,2628.01,4842.88,4,18.3757,19.5814,3,24,0,0,1,1,2628.01,4098.59,4,17.3163
21031024,9,2633.84,3966.45,1,8.08209,8.01885,3,24,0,0,1,1,2633.84,3289.39,1,7.3597
21031024,10,2619.31,375.718,24,4.23874,3.72114,3,24,0,0,0,0,,,,4.11036
21031024,11,2626.88,4618.14,1,9.40997,9.33634,3,24,0,0,1,1,2626.89,3229.73,1,7.29474
21031024,12,2618.91,12336.2,2,33.6442,35.2701,3,24,0,0,1,1,2618.92,10829.6,2,32.7168
21031024,13,2631.54,1289.62,2,3.51716,3.68712,3,24,0,0,0,0,,,,4.14504
21031024,14,2614.81,2137.25,1,4.35488,4.3208,3,24,0,0,0,0,,,,4.63751
21031024,15,2628.36,5850.21,8,30.2929,33.4523,3,24,0,0,1,1,2628.36,5343.7,8,30.156
21031024,16,2618.03,2507.02,24,28.2835,24.8298,3,24,0,0,1,1,2618.03,2334.43,24,28.0519
21031024,17,2615.15,370.327,24,4.17793,3.66776,3,24,0,0,0,0,,,,2.99172
21031024,18,2612.93,809.015,16,7.78969,6.54223,3,24,0,0,0,0,,,,5.32753
21031024,19,2626.26,1038.62,4,3.94091,4.19948,3,24,0,0,0,0,,,,3.91142
21123653,0,2611.95,1002.82,16,5.94891,4.84922,3,24,0,1,0,0,,,,5.29784
21123653,1,2617.2,10823.7,8,41.6804,37.0091,3,24,0,1,1,1,2617.2,10849.4,6,39.376
21123653,2,2632.5,3254.28,4,9.20394,7.86813,3,24,0,1,1,1,2632.49,3387.74,4,10.4539
21123653,3,2634.65,8066.17,1,3.56309,9.75111,3,24,0,1,1,1,2634.66,3850.51,2,8.71683
21123653,4,2615.62,366.938,24,3.02101,2.17313,3,24,0,1,0,0,,,,3.16599
21123653,5,2612.29,11337,2,23.2101,19.3821,3,24,0,1,1,1,2612.29,9678.29,2,21.8775
21123653,6,2615.04,50000,1,22.0867,60.4445,3,24,0,1,1,1,2615.05,21915.1,2,49.8062
21123653,7,2611.2,598.582,16,3.55089,2.89448,3,24,0,1,0,0,,,,3.60565
21123653,8,2618.44,2525.31,24,20.7909,14.9557,3,24,0,1,1,1,2618.5,2365.76,24,17.9313
21123653,9,2629.75,4132.64,24,34.0242,24.4749,3,24,0,1,1,1,2629.75,3643.69,24,29.92
21123653,10,2620.54,8504.2,2,17.4105,14.539,3,24,0,1,1,1,2620.54,6715.34,2,15.3961
21123653,11,2629.5,2863.11,24,23.5721,16.9563,3,24,0,1,1,1,2629.48,2751.75,24,22.2183
21123653,12,2615.24,50000,1,22.0867,60.4445,3,24,0,1,1,1,2615.25,20460.8,2,46.6049
21123653,13,2625.47,2372.35,4,6.7096,5.73581,3,24,0,1,0,0,,,,
21123653,14,2613.2,3645.73,16,21.627,17.6291,3,24,0,1,1,1,2613.19,3276.48,16,19.9482
21123653,15,2634.18,1529.16,2,3.13063,2.6143,3,24,0,1,0,0,,,,1.93176
21123653,16,2621.31,3198.9,16,18.9764,15.4685,3,24,0,1,1,1,2621.2,3577.42,8,14.9825
21123653,17,2619.25,4869.32,4,13.7717,11.773,3,24,0,1,1,1,2619.25,4321.74,4,13.2847
21123653,18,2615.71,2498.59,2,5.11533,4.27166,3,24,0,1,0,0,,,,5.70583
21123653,19,2617.68,42217.2,1,18.6487,51.036,3,24,0,1,1,1,2617.7,18047.4,2,40.8615
23992579,0,2610.42,28294.8,2,40.127,40.7348,3,24,0,0,1,1,2610.42,26961.1,1.5,37.5084
23992579,1,2629.4,3502.64,4,6.98008,7.1313,3,24,0,0,0,0,,,,6.53894
23992579,2,2635.36,23903.2,1,24.5165,24.3332,3,24,0,0,1,1,2635.36,19702.9,1,22.307
23992579,3,2619.06,18121.9,2,25.7,26.0893,3,24,0,0,1,1,2619.06,19334,1.5,26.8347
23992579,4,2626.09,7772.05,8,21.0726,22.3781,3,24,0,0,0,0,,,,5.0729
23992579,5,2627.43,10137.8,16,45.0691,41.2808,3,24,0,0,1,1,2627.43,9091.98,16,41.3555
23992579,6,2611.33,649.628,24,3.97878,3.23977,3,24,0,0,0,0,,,,3.3082
23992579,7,2635.38,4939.13,16,21.9576,20.1119,3,24,0,0,1,1,2635.41,5891.21,12,23.759
23992579,8,2619.44,3031.29,8,8.21882,8.72802,3,24,0,0,0,0,,,,6.90936
23992579,9,2628.61,7200.69,24,44.1021,35.9106,3,24,0,0,1,1,2628.61,6567.48,24,36.408
23992579,10,2618.99,37324.4,1,38.282,37.9958,3,24,0,0,1,1,2618.99,31839.7,1,36.006
23992579,11,2618.24,1114.71,24,6.8273,5.5592,3,24,0,0,0,0,,,,5.08105
23992579,12,2610.81,2256.16,2,3.19963,3.24809,3,24,0,0,0,0,,,,4.05143
23992579,13,2610.68,18960.4,4,37.7844,38.6029,3,24,0,0,1,1,2610.68,15951.1,4,35.7011
23992579,14,2617.77,17441.8,1,17.8893,17.7556,3,24,0,0,1,1,2617.78,16217.9,1,18.473
23992579,15,2619.53,3682.61,24,22.5549,18.3656,3,24,0,0,1,1,2619.55,3255.14,24,20.4598
23992579,16,2617.91,16003.1,4,31.8912,32.5821,3,24,0,0,1,1,2617.92,14705.5,4,32.2606
23992579,17,2611.52,2611.34,24,15.9937,13.023,3,24,0,0,1,1,2611.58,2244.46,24,13.5119
23992579,18,2618.83,2355.42,2,3.34039,3.39099,3,24,0,0,0,0,,,,3.86064
23992579,19,2631.34,5555.3,8,15.0622,15.9954,3,24,0,0,1,1,2631.33,4972.24,8,14.8294
23993200,0,2634.81,22419,2,29.4475,28.5272,3,24,0,0,1,1,2634.81,20177.2,2,29.18
23993200,1,2632.07,6859.74,1,6.04414,6.17215,3,24,0,0,0,0,,,,4.89601
23993200,2,2612.44,1945.48,4,3.77137,3.50094,3,24,0,0,0,0,,,,3.70258
23993200,3,2618.26,635.743,24,4.73266,2.80231,3,24,0,0,0,0,,,,3.53161
23993200,4,2615.84,13436.3,2,17.6487,17.0971,3,24,0,0,1,1,2615.84,12848.7,1.5,15.897
23993200,5,2618.28,7249.89,4,14.0542,13.0464,3,24,0,0,1,1,2618.29,6656.22,4,13.8974
23993200,6,2611.22,50000,1,44.0552,44.9882,3,24,0,0,1,1,2611.22,43229.9,1,42.266
23993200,7,2631.61,6793.9,8,21.0986,17.2899,3,24,0,0,1,1,2631.61,6154.76,8,20.4272
23993200,8,2618.89,9431.26,1,8.30992,8.48591,3,24,0,0,1,1,2618.88,8580.08,1,8.38989
23993200,9,2617.1,6081.56,16,30.9787,21.8879,3,24,0,0,1,1,2617.11,5487.36,16,28.5344
23993200,10,2614.22,37004.8,1,32.6051,33.2956,3,24,0,0,1,1,2614.22,28534.5,1,22.7723
23993200,11,2628.5,2272.15,16,11.5741,8.17759,3,24,0,0,1,1,2628.31,1643.27,24,14.4877
23993200,12,2632.67,532.012,24,3.96045,2.34507,3,24,0,0,0,0,,,,3.55286
23993200,13,2616.37,7598.64,16,38.7066,27.348,3,24,0,0,1,1,2616.37,6939.03,16,35.8844
23993200,14,2618.18,6338.32,8,19.6838,16.1305,3,24,0,0,1,1,2618.18,5720.57,8,18.7459
23993200,15,2617.45,752.825,24,5.60425,3.3184,3,24,0,0,0,0,,,,4.74577
23993200,16,2631.13,23710.2,4,45.963,42.6672,3,24,0,0,1,1,2631.13,20904.5,4,44.0836
23993200,17,2611.45,6573.88,1,5.79228,5.91495,3,24,0,0,0,0,,,,5.29398
23993200,18,2614.36,1254.19,8,3.89489,3.1918,3,24,0,0,0,0,,,,3.71153
23993200,19,2619.57,35781.5,1,31.5272,32.1949,3,24,0,0,1,1,2619.56,30994.5,1,30.3425
99826093,0,2626.35,9956.03,24,24.1504,70.221,3,24,0,0,1,1,2626.58,8772.85,8,20.6096
99826093,1,2619.51,2066.57,24,5.0129,14.5757,2.5,20,1,0,0,0,,,,3.83565
99826093,2,2620.13,39749.3,2,57.5137,80.9318,3,24,0,0,1,1,2620.13,40471.5,1.5,61.169
99826093,3,2616.56,1839.11,4,3.2027,5.29556,3,24,0,0,0,0,,,,4.58983
99826093,4,2616.69,8014.57,8,17.6055,32.6362,3,24,0,0,1,1,2616.68,8451.75,6,18.3099
99826093,5,2615.65,5760.94,4,10.0324,16.5882,3,24,0,0,1,1,2615.67,5912.33,2,9.4449
99826093,6,2615.15,7829.62,4,13.6349,22.5448,3,24,0,0,1,1,2615.14,7321.84,3,13.0122
99826093,7,2614.42,15001.1,16,34.9407,86.3891,3,24,0,0,1,1,2614.4,14415.6,12,33.5746
99826093,8,2626.44,5866.93,8,12.8878,23.8908,3,24,0,0,1,1,2626.45,4381.24,6,9.84636
99826093,9,2628.06,4791.27,8,10.5249,19.5106,3,24,0,0,1,1,2628.03,5581.72,6,12.8054
99826093,10,2633.03,4004.5,16,9.32732,23.0613,3,24,0,0,1,1,2633.02,3955.73,12,9.30237
99826093,11,2615.08,29111.4,2,42.1217,59.2726,3,24,0,0,1,1,2615.08,28711.8,1.5,43.005
99826093,12,2612.99,4174.77,4,7.27013,12.0209,3,24,0,0,1,1,2612.99,4627.15,3,8.30845
99826093,13,2619.31,14636.9,24,35.5048,103.235,3,24,0,0,1,1,2619.31,14352,12,34.3615
99826093,14,2611.12,1841.49,4,3.20686,5.30244,3,24,0,0,0,0,,,,2.49603
99826093,15,2628.99,7127.57,2,10.313,14.5121,3,24,0,0,1,1,2629,6785.12,1.5,10.132
99826093,16,2615.96,2756.24,1,3.37526,3.96818,3,24,0,0,0,0,,,,3.67028
99826093,17,2620.14,7813.6,16,18.1995,44.9973,3,24,0,0,1,1,2620.12,8210.66,12,20.1892
99826093,18,2633.78,4155.06,16,9.678,23.9283,3,24,0,0,1,1,2633.8,4475.97,12,10.6294
99826093,19,2629.35,3953.19,2,5.71992,8.04892,3,24,0,0,0,0,,,,5.70679
99866938,0,2633.6,1091.52,8,3.94949,4.41709,3,24,0,0,0,0,,,,3.60327
99866938,1,2613.52,2151.29,8,7.78407,8.70566,3,24,0,0,0,0,,,,6.69468
99866938,2,2618.12,4525.44,4,11.8055,12.9494,3,24,0,0,1,1,2618.13,4259.73,4,12.0265
99866938,3,2619,981.367,16,4.71282,5.61629,3,24,0,0,0,0,,,,3.36893
99866938,4,2630.81,1434.99,24,8.77021,10.058,3,24,0,0,0,0,,,,4.38009
99866938,5,2620.58,9310.56,16,44.7121,53.2837,3,24,0,0,1,1,2620.58,9479.86,12,46.9146
99866938,6,2612.45,6236.72,24,38.1168,43.714,3,24,0,0,1,1,2612.47,5658.17,24,32.6219
99866938,7,2634.66,1852.92,4,4.83373,5.30208,3,24,0,0,0,0,,,,4.09646
99866938,8,2617.49,2628.22,1,3.63674,3.76028,3,24,0,0,0,0,,,,3.79039
99866938,9,2620.19,800.921,16,3.84626,4.58361,3,24,0,0,0,0,,,,5.69456
99866938,10,2629.28,654.207,16,3.1417,3.74398,3,24,0,0,0,0,,,,3.20192
99866938,11,2628.47,12508.4,2,25.2758,25.3091,3,24,0,0,1,1,2628.46,11630.5,2,25.8508
99866938,12,2613.77,3248.79,8,11.7552,13.147,3,24,0,0,1,1,2613.78,2755.49,8,10.5959
99866938,13,2611.79,5398.5,16,25.9252,30.8952,3,24,0,0,1,1,2611.8,4531.78,16,23.9431
99866938,14,2626.31,16100.7,2,32.5347,32.5775,3,24,0,0,0,0,,,,
99866938,15,2619.85,2807.95,24,17.1613,19.6813,3,24,0,0,1,1,2619.87,2912.91,24,18.5278
99866938,16,2621.01,25737.1,2,52.0069,52.0754,3,24,0,0,1,1,2621.02,22453.3,2,50.1339
99866938,17,2626.44,11534.8,2,23.3084,23.3391,3,24,0,0,1,1,2626.43,10403.3,2,23.1547
99866938,18,2618.76,1274.62,16,6.1211,7.29454,3,24,0,0,0,0,,,,4.76514
99866938,19,2612.33,10320.9,4,26.9241,29.5328,3,24,0,0,1,1,2612.34,9902.31,3,25.4885
99919161,0,2635.31,3072.41,16,35.4178,36.2065,3,24,0,0,1,1,2635.33,3434.12,12,40.1067
99919161,1,2612.47,2023.02,4,11.6352,11.9201,3,24,0,0,1,1,2612.47,1618.45,4,10.1686
99919161,2,2633.08,1089.48,16,12.5592,12.8389,3,24,0,0,1,1,2633.1,1204.45,12,12.3908
99919161,3,2613.77,1682.86,2,6.97504,7.01149,3,24,0,0,1,1,2613.78,2045.21,2,9.42553
99919161,4,2613.41,1576.98,16,18.1789,18.5837,3,24,0,0,1,1,2613.44,1615.11,12,18.1896
99919161,5,2612.51,1472.41,16,16.9735,17.3515,3,24,0,0,1,1,2612.52,1335.48,12,14.9831
99919161,6,2612.01,13270.2,1,38.905,39.0953,3,24,0,0,1,1,2612.01,11180.7,1,36.5055
99919161,7,2632.6,487.423,16,5.61886,5.744,3,24,0,0,0,0,,,,5.57042
99919161,8,2635.85,4732.86,4,27.2205,27.887,3,24,0,0,1,1,2635.81,4028.29,2,18.5836
99919161,9,2633.78,256.168,24,3.87445,3.69725,3,24,0,0,0,0,,,,4.47963
99919161,10,2629.48,499.001,16,5.75233,5.88044,3,24,0,0,0,0,,,,5.84381
99919161,11,2629.24,3796.45,24,57.4199,54.7938,3,24,0,0,1,1,2629.25,3428.75,24,47.1384
99919161,12,2616.24,1091.08,1,3.19878,3.21443,3,24,0,0,0,0,,,,2.48601
99919161,13,2630.06,714.453,24,10.8059,10.3116,3,24,0,0,0,0,,,,5.57041
99919161,14,2628.69,3737.94,24,56.535,53.9493,3,24,0,0,1,1,2628.71,3319.38,24,46.2606
99919161,15,2627.79,6678.99,4,38.4135,39.354,3,24,0,0,1,1,2627.79,6068.71,4,37.8628
99919161,16,2619.79,3199.92,1,9.38142,9.42731,3,24,0,0,1,1,2619.79,2997.23,1,9.79861
99919161,17,2628.05,2902.91,4,16.6957,17.1045,3,24,0,0,1,1,2628.05,2564.38,4,15.7345
99919161,18,2611.28,495.242,24,7.49036,7.14778,3,24,0,0,0,0,,,,4.87965
99919161,19,2634.92,2830.34,24,42.8079,40.8501,3,24,0,0,1,1,2634.92,2525.34,24,40.3277
103804702,0,2635.05,3183.86,2,12.7668,12.2421,3,24,0,0,1,1,2635.04,3517.53,1.5,13.7011
103804702,1,2631.43,1010.97,24,16.0288,13.4658,3,24,0,0,1,1,2631.42,879.13,24,13.2493
103804702,2,2619.56,281.786,24,4.46767,3.75328,3,24,0,0,0,0,,,,3.91477
103804702,3,2628.31,1366.19,24,21.6607,18.1971,3,24,0,0,1,1,2628.24,1275.44,24,19.4582
103804702,4,2616.77,1880.05,24,29.8078,25.0415,3,24,0,0,1,1,2616.78,1578.94,24,25.2022
103804702,5,2614.33,954.886,16,11.5452,10.3848,3,24,0,0,1,1,2614.3,926.768,12,9.67158
103804702,6,2630.85,699.779,24,11.0949,9.32078,3,24,0,0,0,0,,,,5.38434
103804702,7,2628.18,12712.8,2,50.9761,48.8811,3,24,0,0,1,1,2628.17,11804.1,2,52.2385
103804702,8,2633.91,1778.29,1,4.92735,4.83491,3,24,0,0,0,0,,,,5.8264
103804702,9,2631.5,672.495,24,10.6623,8.95736,3,24,0,0,0,0,,,,6.33286
103804702,10,2625.52,279.289,24,4.42808,3.72002,3,24,0,0,0,0,,,,3.92882
103804702,11,2631.3,260.488,16,3.14948,2.83291,3,24,0,0,0,0,,,,2.75254
103804702,12,2617.41,1761.29,16,21.2952,19.1547,3,24,0,0,1,1,2617.42,1684.3,16,21.0512
103804702,13,2632.99,344.207,16,4.1617,3.74339,3,24,0,0,0,0,,,,3.99017
103804702,14,2626.1,287.591,24,4.55971,3.8306,3,24,0,0,0,0,,,,4.47433
103804702,15,2616.65,1379.25,16,16.6761,14.9999,3,24,0,0,1,1,2616.65,1087.22,16,13.8498
103804702,16,2614.97,10029.1,4,54.8441,54.5353,3,24,0,0,1,1,2614.97,9196.23,4,55.4399
103804702,17,2620.77,7661.4,2,30.7209,29.4584,3,24,0,0,1,1,2620.77,7028.96,2,31.0172
103804702,18,2630,2762.74,1,7.65508,7.51147,3,24,0,0,1,1,2629.99,2909.31,1,9.00019
103804702,19,2626,3542.59,16,42.8324,38.5271,3,24,0,0,1,1,2626.01,3790.92,12,40.8472
103807948,0,2626.67,1498.94,8,4.21475,4.67722,3,24,0,0,0,0,,,,3.45407
103807948,1,2634.3,15742.9,4,31.5441,34.7356,3,24,0,0,1,1,2634.3,16530.6,3,32.3983
103807948,2,2610.5,10934.4,24,55.8646,59.096,3,24,0,0,1,1,2610.79,10867.5,8,32.0694
103807948,3,2619.65,1903.37,8,5.35195,5.93919,3,24,0,0,0,0,,,,5.78663
103807948,4,2619.53,21831.7,4,43.7442,48.17,3,24,0,0,1,1,2619.53,20125.8,4,45.2345
103807948,5,2618.29,7571.42,4,15.1709,16.7058,3,24,0,0,1,1,2618.29,7670.75,3,14.9356
103807948,6,2628.6,12000.6,2,17.9383,18.723,3,24,0,0,1,1,2628.6,13479.3,1.5,20.0264
103807948,7,2619.78,18044.6,8,50.7381,56.3054,3,24,0,0,1,1,2619.78,16338.1,8,50.1582
103807948,8,2619.56,12103.3,16,48.224,53.4099,3,24,0,0,1,1,2619.54,11252.2,16,46.3491
103807948,9,2615.45,3121.76,16,12.4383,13.7758,3,24,0,0,1,1,2615.47,2631.01,16,10.2097
103807948,10,2628.15,881.369,16,3.51171,3.88935,3,24,0,0,0,0,,,,5.10242
103807948,11,2614.81,1654.14,8,4.65114,5.16149,3,24,0,0,0,0,,,,4.82204
103807948,12,2612.2,4195.09,16,16.7148,18.5123,3,24,0,0,1,1,2612.18,3800.58,16,14.8298
103807948,13,2611.18,29789.1,2,44.5283,46.4763,3,24,0,0,1,1,2611.17,26934.7,2,44.3166
103807948,14,2615.51,1824.09,16,7.26787,8.04944,3,24,0,0,0,0,,,,4.51465
103807948,15,2613.12,24996.3,2,37.364,38.9986,3,24,0,0,1,1,2613.12,22090.8,2,36.3694
103807948,16,2625.64,780.883,16,3.11134,3.44592,3,24,0,0,0,0,,,,4.28396
103807948,17,2615.99,623.983,24,3.18798,3.37238,3,24,0,0,0,0,,,,2.9166
103807948,18,2611.51,3437.38,8,9.6653,10.7258,3,24,0,0,1,1,2611.49,2973.18,8,8.6054
103807948,19,2630.94,5941.59,2,8.88138,9.26994,3,24,0,0,1,1,2630.94,5742.46,1.5,8.48042
105489293,0,2630.12,1523.46,24,11.9618,12.3121,3,24,0,0,0,0,,,,5.09523
105489293,1,2619.24,16320,4,46.7382,53.8448,3,24,0,0,1,1,2619.24,14758.6,4,45.5894
105489293,2,2630.4,2287.94,1,3.26585,3.77433,3,24,0,0,0,0,,,,2.37908
105489293,3,2626.55,2626.23,2,5.16315,6.12692,3,24,0,0,0,0,,,,6.25617
105489293,4,2635.31,3183.05,16,16.0153,21.0038,3,24,0,0,1,1,2635.31,3070.79,16,16.7568
105489293,5,2633.9,1729.04,8,6.42251,8.0676,3,24,0,0,0,0,,,,5.59495
105489293,6,2615.65,2029.91,8,7.54008,9.47144,3,24,0,0,1,1,2615.63,2053.3,8,8.28946
105489293,7,2633.99,6870.84,2,13.508,16.0295,3,24,0,0,1,1,2633.99,7456.77,1.5,14.3828
105489293,8,2634.91,11745.4,2,23.0913,27.4016,3,24,0,0,1,1,2634.91,12358.1,1.5,23.8272
105489293,9,2613.81,10621.9,4,30.4197,35.045,3,24,0,0,1,1,2613.82,9442.45,4,29.0428
105489293,10,2613.64,3496.64,1,4.99117,5.76827,3,24,0,0,0,0,,,,4.06492
105489293,11,2615.15,5940.08,16,29.8871,39.1965,3,24,0,0,1,1,2615.15,5392.52,16,28.7653
105489293,12,2632.87,2497.71,2,4.91047,5.82708,3,24,0,0,0,0,,,,3.85267
105489293,13,2628.77,8624.14,2,16.955,20.1199,3,24,0,0,1,1,2628.77,9196.81,1.5,17.6527
105489293,14,2611.42,10475.6,8,38.9114,48.8784,3,24,0,0,1,1,2611.43,9664.58,8,38.8704
105489293,15,2631.58,1201.25,24,9.43194,9.70811,3,24,0,0,0,0,,,,5.22332
105489293,16,2619.6,5898.55,8,21.9101,27.5223,3,24,0,0,1,1,2619.6,5538.52,8,21.8626
105489293,17,2619.85,1279.96,4,3.66565,4.22301,3,24,0,0,0,0,,,,4.80075
105489293,18,2626.7,4223.98,4,12.0969,13.9363,3,24,0,0,1,1,2626.7,2933.15,4,9.38517
105489293,19,2628.13,12693.8,1,18.1194,20.9405,3,24,0,0,1,1,2628.13,11163.4,1,17.6441
115826518,0,2627.42,2409.64,16,24.6012,22.4776,3,24,0,0,1,1,2627.43,1756.8,12,16.82
115826518,1,2629.87,3712.81,1,8.12551,8.65847,3,24,0,0,0,0,,,,6.77435
115826518,2,2626.78,9432.53,4,39.8449,43.9943,3,24,0,0,1,1,2626.79,8860.31,4,40.8736
115826518,3,2629.51,576.452,16,5.88529,5.37726,3,24,0,0,0,0,,,,3.13899
115826518,4,2619.52,1437.57,1,3.14613,3.35249,3,24,0,0,0,0,,,,3.97248
115826518,5,2614.49,8684.82,1,19.0068,20.2534,3,24,0,0,1,1,2614.49,6799.93,1,15.0543
115826518,6,2617.15,7212.18,1,15.7839,16.8192,3,24,0,0,1,1,2617.16,6281.99,1,15.1806
115826518,7,2615.5,1484.91,8,8.96477,9.79455,3,24,0,0,1,1,2615.48,1549.24,6,7.94912
115826518,8,2635.63,7907.36,2,23.2181,26.0786,3,24,0,0,1,1,2635.63,7866.52,1.5,22.4986
115826518,9,2617.05,1568.81,8,9.47128,10.3479,3,24,0,0,1,1,2617.05,1491.79,8,9.43755
115826518,10,2631,1812.57,1,3.96681,4.227,3,24,0,0,0,0,,,,3.7707
115826518,11,2612.48,862.363,16,8.80431,8.0443,3,24,0,0,0,0,,,,5.25638
115826518,12,2613.95,8564.12,4,36.1765,39.9439,3,24,0,0,1,1,2613.95,7530.71,4,35.256
115826518,13,2619.99,4201.27,8,25.3641,27.7117,3,24,0,0,1,1,2620.01,3752.11,8,23.5759
115826518,14,2620.25,1189.65,24,14.5927,13.5914,3,24,0,0,1,1,2620.22,1263.79,24,16.3476
115826518,15,2612.97,1137.24,24,13.9499,12.9926,3,24,0,0,1,1,2613.01,1022,24,10.5451
115826518,16,2620.44,795.134,8,4.80041,5.24473,3,24,0,0,0,0,,,,5.42074
115826518,17,2626.99,4400.79,8,26.5686,29.0278,3,24,0,0,1,1,2626.98,3791.43,8,25.0724
115826518,18,2633.81,7414.99,8,44.766,48.9095,3,24,0,0,1,1,2633.81,6858.76,8,44.8915
115826518,19,2631.11,1765.94,24,21.6617,20.1753,3,24,0,0,1,1,2631.07,1645.05,24,17.8657
115858551,0,2612.22,9961.94,8,24.5265,27.2723,3,24,0,0,1,1,2612.23,8862,8,23.7053
115858551,1,2630.49,13540.3,4,22.5683,26.2114,3,24,0,0,1,1,2630.49,12524.6,4,22.4953
115858551,2,2610.99,5652.46,4,9.42126,10.9421,3,24,0,0,1,1,2611.07,5351.78,3,8.56493
115858551,3,2621.24,1174.63,24,6.43179,5.56978,3,24,0,0,0,0,,,,4.36885
115858551,4,2626.38,4101.46,1,3.47907,3.96983,3,24,0,0,0,0,,,,4.33225
115858551,5,2611.55,4681.69,8,11.5264,12.8168,3,24,0,0,1,1,2611.54,3849.76,8,10.445
115858551,6,2618.59,38031.8,1,32.2605,36.8112,3,24,0,0,1,1,2618.6,33147.7,1,31.1161
115858551,7,2614.17,4463.18,8,10.9885,12.2186,3,24,0,0,1,1,2614.19,3968.44,8,10.2976
115858551,8,2619.23,9180.73,8,22.6031,25.1336,3,24,0,0,1,1,2619.23,8238.57,8,21.2505
115858551,9,2630.73,4731.6,24,25.9084,22.4361,3,24,0,0,1,1,2630.71,4638.96,24,24.0837
115858551,10,2615.59,11614.2,4,19.358,22.4829,3,24,0,0,1,1,2615.6,10801.2,4,19.5021
115858551,11,2629.63,832.198,24,4.55678,3.94607,3,24,0,0,0,0,,,,2.95375
115858551,12,2617.17,7268.08,24,39.7971,34.4634,3,24,0,0,1,1,2617.17,6651.84,24,35.3624
115858551,13,2634.91,50000,1,42.4126,48.3953,3,24,0,0,1,1,2634.9,42522.4,1,39.9494
115858551,14,2615.98,9070.35,2,10.8899,12.4157,3,24,0,0,1,1,2615.98,8717.24,2,11.5344
115858551,15,2618.92,9203.16,24,50.3929,43.6391,3,24,0,0,1,1,2618.96,8288.65,24,41.0551
115858551,16,2628.94,8418.84,8,20.7274,23.0478,3,24,0,0,1,1,2628.95,7359.24,8,19.4184
115858551,17,2619.65,9099.8,8,22.4039,24.9121,3,24,0,0,1,1,2619.65,8513.21,8,22.7413
115858551,18,2617.81,832.685,16,3.23579,3.22384,3,24,0,0,0,0,,,,4.13886
115858551,19,2616.43,15310.8,2,18.3822,20.9578,3,24,0,0,1,1,2616.43,17085.3,1.5,19.7441
82202806,0,2627.75,1900.23,16,12.4033,13.6107,3,24,0,0,1,1,2627.59,2437.69,24,26.4113
82202806,1,2627.59,4365.49,1,7.31524,7.81716,3,24,0,0,1,1,2627.59,4334.51,1,8.06555
82202806,2,2635.59,23726.3,2,56.3754,60.0843,3,24,0,0,1,1,2635.59,20954.2,2,55.3434
82202806,3,2610.86,6091.04,8,25.3739,30.8498,3,24,0,0,1,1,2610.86,5614.75,8,25.6173
82202806,4,2611.7,935.94,24,9.08713,8.2105,3,24,0,0,0,0,,,,5.76694
82202806,5,2616.2,2168.65,1,3.63401,3.88335,3,24,0,0,0,0,,,,2.39431
82202806,6,2634.86,4005.43,16,26.1446,28.6896,3,24,0,0,1,1,2634.8,2544.98,24,24.9971
82202806,7,2631.5,6922.03,2,16.4472,17.5293,3,24,0,0,1,1,2631.5,6676.33,2,17.5623
82202806,8,2618.31,1548.18,16,10.1054,11.0891,3,24,0,0,0,0,,,,6.83272
82202806,9,2627.54,3645.81,24,35.3975,31.9828,3,24,0,0,1,1,2627.58,4553.34,24,49.3561
82202806,10,2615.01,1532.31,24,14.8773,13.4421,3,24,0,0,1,1,2615.02,1427.92,24,12.7678
82202806,11,2616.73,5492.36,2,13.0502,13.9088,3,24,0,0,1,1,2616.73,5671.65,2,14.9037
82202806,12,2611.24,1343.43,8,5.59644,6.8042,3,24,0,0,0,0,,,,4.62113
82202806,13,2630.16,2393.93,1,4.0115,4.28674,3,24,0,0,0,0,,,,3.93822
82202806,14,2635.63,1261.67,24,12.2497,11.068,3,24,0,0,0,0,,,,3.43089
82202806,15,2617.47,6366.82,16,41.5582,45.6036,3,24,0,0,1,1,2617.45,6317.26,12,38.0459
82202806,16,2632.52,8149.71,1,13.6565,14.5935,3,24,0,0,1,1,2632.52,7411.12,1,13.7676
82202806,17,2634.27,1537.33,2,3.65282,3.89313,3,24,0,0,0,0,,,,3.25963
82202806,18,2630.9,4843.84,8,20.1784,24.533,3,24,0,0,1,1,2630.89,4421.57,8,19.5731
82202806,19,2628.84,2587.96,16,16.8924,18.5368,3,24,0,0,1,1,2628.82,2013.28,16,14.6863
82247918,0,2632.65,679.865,4,4.25864,5.07031,3,24,0,0,0,0,,,,3.79303
82247918,1,2632.51,653.558,24,9.09315,11.9391,3,24,0,0,0,0,,,,6.06267
82247918,2,2620.55,10831.5,1,37.8177,40.3896,3,24,0,0,1,1,2620.55,9053.45,1,34.6615
82247918,3,2613.03,269.373,24,3.74786,4.92086,3,24,0,0,0,0,,,,3.25749
82247918,4,2626.41,4377,8,37.7752,46.164,3,24,0,0,1,1,2626.42,3773.19,8,36.345
82247918,5,2621.03,1868.21,8,16.1234,19.7039,3,24,0,0,1,1,2621.04,1736.4,8,15.6341
82247918,6,2615.64,818.757,4,5.12866,6.10614,3,24,0,0,0,0,,,,6.1991
82247918,7,2614.24,3030.64,8,26.1556,31.964,3,24,0,0,1,1,2614.25,2792.01,8,25.2156
82247918,8,2617.81,1773.42,4,11.1086,13.2259,3,24,0,0,1,1,2617.82,1683.05,3,10.2606
82247918,9,2614.89,3631.67,8,31.3428,38.3031,3,24,0,0,1,1,2614.88,3548.62,8,28.4361
82247918,10,2611.42,2196.26,16,23.9764,32.7587,3,24,0,0,1,1,2611.4,1979.72,16,22.3831
82247918,11,2628.4,3323.98,1,11.6056,12.3948,3,24,0,0,1,1,2628.4,2562.56,1,9.88933
82247918,12,2616.69,1616.55,2,7.30295,8.52486,3,24,0,0,1,1,2616.69,2020.05,1.5,9.05762
82247918,13,2611.54,9262.73,2,41.8454,48.8468,3,24,0,0,1,1,2611.54,9525.72,1.5,42.6931
82247918,14,2616.39,1673.31,1,5.8423,6.23962,3,24,0,0,0,0,,,,4.97835
82247918,15,2633.08,2803.18,8,24.1925,29.565,3,24,0,0,1,1,2633.07,2635.49,8,25.2522
82247918,16,2635.35,763.516,16,8.33522,11.3883,3,24,0,0,0,0,,,,5.99684
82247918,17,2628.1,264.657,24,3.68224,4.83471,3,24,0,0,0,0,,,,3.42174
82247918,18,2618.34,8486.58,1,29.6306,31.6457,3,24,0,0,1,1,2618.35,7253.56,1,28.0038
82247918,19,2615.8,497.203,4,3.11446,3.70805,3,24,0,0,0,0,,,,2.76262
85287016,0,2616.85,1693.58,8,14.3709,15.161,3,24,0,0,1,1,2616.84,1858.58,6,14.4538
85287016,1,2618.97,1051.64,8,8.9237,9.41434,3,24,0,0,0,0,,,,6.75095
85287016,2,2635.52,4336.84,8,36.8002,38.8235,3,24,0,0,1,1,2635.52,4032.18,8,37.3772
85287016,3,2626.57,2290.14,4,14.3537,14.4967,3,24,0,0,1,1,2626.58,2115.92,4,14.4584
85287016,4,2621.54,875.771,24,13.2594,13.5792,3,24,0,0,0,0,,,,6.10783
85287016,5,2615.56,2307.98,16,29.4473,29.2192,3,24,0,0,1,1,2615.55,2027.68,16,26.7126
85287016,6,2631.24,2755.28,24,41.7155,42.7217,3,24,0,0,1,1,2631.27,2832.76,16,35.4667
85287016,7,2616.07,830.76,4,5.2069,5.25875,3,24,0,0,0,0,,,,3.69895
85287016,8,2612.88,2914.49,8,24.7309,26.0906,3,24,0,0,1,1,2612.87,2588.04,8,22.6222
85287016,9,2630.56,253.727,24,3.84149,3.93414,3,24,0,0,0,0,,,,3.70062
85287016,10,2617.62,5159.59,4,32.3384,32.6604,3,24,0,0,1,1,2617.63,4604.9,4,31.5084
85287016,11,2611.25,1679.4,24,25.4265,26.0398,3,24,0,0,1,1,2611.27,1422.98,24,23.1912
85287016,12,2613.79,548.97,4,3.44074,3.47501,3,24,0,0,0,0,,,,5.57452
85287016,13,2614.48,2002.28,24,30.315,31.0461,3,24,0,0,1,1,2614.5,1910.29,24,26.4002
85287016,14,2628.44,1981.46,2,8.86232,8.86904,3,24,0,0,1,1,2628.45,1837.45,2,8.98975
85287016,15,2626.93,248.755,24,3.7662,3.85704,3,24,0,0,0,0,,,,2.4573
85287016,16,2634.39,1723.91,4,10.8048,10.9124,3,24,0,0,1,1,2634.4,1737.52,4,11.7933
85287016,17,2616.14,650.244,4,4.07549,4.11607,3,24,0,0,0,0,,,,3.16328
85287016,18,2620.71,2250.16,2,10.0641,10.0718,3,24,0,0,1,1,2620.72,2179.87,2,10.7584
85287016,19,2619.31,3092.44,2,13.8313,13.8418,3,24,0,0,1,1,2619.31,3053.08,2,15.1744
85335513,0,2611.83,21490,8,54.212,52.4927,3,24,0,0,1,1,2611.83,19555.7,8,53.53
85335513,1,2615.99,3620.09,4,6.17926,6.25271,3,24,0,0,1,1,2616.01,4044.08,4,7.5066
85335513,2,2621.45,2104.7,4,3.59258,3.63528,3,24,0,0,0,0,,,,5.05944
85335513,3,2634.47,21851.4,8,55.1238,53.3756,3,24,0,0,1,1,2634.47,19829.1,8,53.7943
85335513,4,2633.44,9948.03,4,16.9806,17.1824,3,24,0,0,1,1,2633.44,8271.43,4,15.4616
85335513,5,2614.19,5116.14,1,4.4046,4.41836,3,24,0,0,0,0,,,,4.95968
85335513,6,2616.09,8876.3,1,7.64181,7.66567,3,24,0,0,1,1,2616.09,7945.98,1,7.57315
85335513,7,2618.4,50000,1,43.0461,43.1805,3,24,0,0,1,1,2618.41,43232.5,1,41.3094
85335513,8,2620.7,4048.01,4,6.90969,6.99182,3,24,0,0,0,0,,,,5.69048
85335513,9,2613.58,4478.27,4,7.6441,7.73496,3,24,0,0,1,1,2613.57,4232.1,4,7.7945
85335513,10,2619.4,3459.77,4,5.9056,5.9758,3,24,0,0,0,0,,,,4.88393
85335513,11,2611.69,5471.81,1,4.71081,4.72551,3,24,0,0,0,0,,,,2.78655
85335513,12,2616.83,7658,24,31.6093,32.3996,3,24,0,0,1,1,2616.89,6460.89,24,23.1018
85335513,13,2619.77,25529.3,4,43.5768,44.0948,3,24,0,0,1,1,2619.78,25462.5,3,40.9098
85335513,14,2613.04,25552,4,43.6156,44.134,3,24,0,0,1,1,2613.04,22989.1,4,42.4441
85335513,15,2628.04,906.735,16,3.27003,3.13227,3,24,0,0,0,0,,,,3.26324
85335513,16,2613.5,1694.62,8,4.27496,4.13939,3,24,0,0,0,0,,,,3.58862
85335513,17,2628.54,5995.23,8,15.124,14.6443,3,24,0,0,1,1,2628.54,5188.35,8,13.723
85335513,18,2621.15,6266.54,2,7.39133,7.65351,3,24,0,0,1,1,2621.15,6715.76,1.5,7.79589
85335513,19,2617.13,7304.12,16,26.3415,25.2317,3,24,0,0,1,1,2617.13,6504.42,16,21.9498
87955358,0,2610.97,45480,1,48.6743,50.995,3,24,0,0,1,1,2610.97,37874.1,1,44.7051
87955358,1,2626.94,17292,1,18.5066,19.3889,3,24,0,0,1,1,2626.94,15508.6,1,18.4513
87955358,2,2626.34,4253.91,2,6.33049,6.74545,3,24,0,0,0,0,,,,4.30911
87955358,3,2635.52,7626.82,16,35.578,34.2067,3,24,0,0,1,1,2635.48,7552.55,12,30.9768
87955358,4,2610.7,868.775,24,6.24893,4.77222,3,24,0,0,0,0,,,,4.5344
87955358,5,2611.75,19739,8,57.0844,62.6006,3,24,0,0,1,1,2611.75,17986.4,8,55.36
87955358,6,2630.7,22981.1,1,24.5952,25.7679,3,24,0,0,1,1,2630.7,19525.1,1,23.0187
87955358,7,2633.45,9363.64,2,13.9346,14.848,3,24,0,0,1,1,2633.45,8516.96,2,13.9411
87955358,8,2635.25,38209.2,2,56.8613,60.5885,3,24,0,0,1,1,2635.25,35967.1,2,60.376
87955358,9,2629.72,34227.5,1,36.6315,38.3781,3,24,0,0,1,1,2629.72,28023.9,1,33.0918
87955358,10,2615.15,11035.6,2,16.4228,17.4993,3,24,0,0,1,1,2615.15,10464.5,2,17.0557
87955358,11,2632.15,4121.07,4,8.90555,9.24161,3,24,0,0,1,1,2632.15,3746.08,4,8.63479
87955358,12,2613.43,976.283,16,4.55422,4.37868,3,24,0,0,0,0,,,,4.37159
87955358,13,2620.67,9878.19,8,28.5673,31.3278,3,24,0,0,1,1,2620.68,8217.07,8,25.2444
87955358,14,2635.72,5246.48,24,37.7369,28.8191,3,24,0,0,1,1,2635.48,4800.35,12,19.652
87955358,15,2632.68,11966.8,8,34.6075,37.9517,3,24,0,0,1,1,2632.68,10641.5,8,32.2538
87955358,16,2615.88,6700.92,16,31.2588,30.054,3,24,0,0,1,1,2615.97,4126.2,24,29.8279
87955358,17,2627.63,1621.61,24,11.6639,8.90757,3,24,0,0,1,1,2627.54,2191.19,24,15.1181
87955358,18,2630,19644,1,21.0237,22.0261,3,24,0,0,1,1,2630,16546.8,1,19.5185
87955358,19,2613.7,9849.13,8,28.4832,31.2356,3,24,0,0,1,1,2613.7,10198.2,6,27.8633
88729245,0,2628.45,6338.37,16,25.381,22.1096,3,24,0,0,1,1,2628.45,6314.51,12,21.6326
88729245,1,2611.86,3539.15,2,4.53583,4.36473,3,24,0,0,0,0,,,,4.32652
88729245,2,2631.69,1629.3,4,3.10968,2.84168,3,24,0,0,0,0,,,,4.63391
88729245,3,2612.74,19115.5,2,24.4987,23.5745,3,24,0,0,1,1,2612.74,17130.2,2,24.1551
88729245,4,2621.47,8158.08,1,7.50294,7.11428,3,24,0,0,0,0,,,,6.47211
88729245,5,2621.17,45617.1,1,41.9538,39.7806,3,24,0,0,1,1,2621.17,39019.8,1,39.7694
88729245,6,2611.99,8945.15,2,11.4643,11.0318,3,24,0,0,1,1,2611.99,7718.24,2,10.7515
88729245,7,2616.79,1533.71,8,4.17665,3.78295,3,24,0,0,0,0,,,,3.41454
88729245,8,2617.38,3026.9,2,3.87933,3.73299,3,24,0,0,0,0,,,,2.77441
88729245,9,2619.77,9981.47,1,9.1799,8.70437,3,24,0,0,1,1,2619.78,7515.7,1,7.64621
88729245,10,2611.65,4759.65,24,24.1838,20.3341,3,24,0,0,1,1,2611.58,4559.92,16,19.105
88729245,11,2614.49,9781.78,2,12.5365,12.0636,3,24,0,0,1,1,2614.49,8965.51,2,11.9567
88729245,12,2626.25,841.554,24,4.27594,3.59527,3,24,0,0,0,0,,,,1.56989
88729245,13,2612.4,6511.03,8,17.731,16.0597,3,24,0,0,1,1,2612.4,5419.01,8,16.1185
88729245,14,2632.6,50000,1,45.9847,43.6027,3,24,0,0,1,1,2632.6,41438.2,1,42.1495
88729245,15,2613.65,27938.4,2,35.8062,34.4555,3,24,0,0,1,1,2613.65,26292.5,2,37.109
88729245,16,2632.4,4954.56,4,9.45625,8.64128,3,24,0,0,1,1,2632.38,4108.23,4,8.57065
88729245,17,2629.27,4309.67,4,8.22542,7.51653,3,24,0,0,1,1,2629.27,4577.39,4,9.58742
88729245,18,2619.77,3518.25,4,6.71492,6.1362,3,24,0,0,0,0,,,,5.30699
88729245,19,2618.55,3595.43,4,6.86223,6.27082,3,24,0,0,1,1,2618.55,3701.49,4,7.80147
91990412,0,2629.34,3135.47,1,5.38241,6.02508,3,24,0,0,0,0,,,,5.0935
91990412,1,2619.97,15254.4,4,53.2653,58.6254,3,24,0,0,1,1,2619.98,13641.2,4,51.2263
91990412,2,2635.43,3519.16,8,17.8235,19.1269,3,24,0,0,1,1,2635.43,3164.71,8,17.1351
91990412,3,2629.72,25749.6,1,44.2023,49.4801,3,24,0,0,1,1,2629.71,21151.6,1,40.2969
91990412,4,2621.27,843.554,8,4.27236,4.58478,3,24,0,0,1,1,2621.25,1548.57,6,7.59842
91990412,5,2612.15,971.453,4,3.39212,3.73347,3,24,0,0,0,0,,,,3.21422
91990412,6,2618.72,5691.94,8,28.8281,30.9361,3,24,0,0,1,1,2618.72,5753.11,6,27.3639
91990412,7,2635.72,3124.8,2,7.64747,8.49177,3,24,0,0,0,0,,,,6.37019
91990412,8,2631.7,9131.95,4,31.8869,35.0957,3,24,0,0,1,1,2631.7,8443.56,4,31.8063
91990412,9,2633.96,1053.55,4,3.67879,4.04899,3,24,0,0,0,0,,,,4.12039
91990412,10,2621.56,9498.04,8,48.1049,51.6226,3,24,0,0,1,1,2621.46,9519.38,2,25.4515
91990412,11,2632.93,12547.9,4,43.8148,48.2239,3,24,0,0,1,1,2632.93,10679,4,41.643
91990412,12,2619.25,5739.12,8,29.067,31.1925,3,24,0,0,1,1,2619.25,5106.93,8,27.8436
91990412,13,2615.48,5218.98,8,26.4327,28.3655,3,24,0,0,1,1,2615.5,4773.07,8,25.5034
91990412,14,2615.78,15299.5,2,37.4431,41.5769,3,24,0,0,1,1,2615.78,13296.1,2,35.8577
91990412,15,2611.53,4249.66,16,29.7925,32.6644,3,24,0,0,1,1,2611.56,4242.08,12,27.4725
91990412,16,2613.84,10245.3,4,35.7747,39.3747,3,24,0,0,1,1,2613.84,8866.29,4,33.6254
91990412,17,2620.83,1845.62,8,9.34752,10.0311,3,24,0,0,1,1,2620.84,1800.41,8,9.92238
91990412,18,2619.02,3384.98,16,23.7306,26.0181,3,24,0,0,1,1,2619.03,3259.38,12,22.0466
91990412,19,2632.47,21292.4,1,36.5509,40.9151,3,24,0,0,1,1,2632.46,17454.8,1,33.0639
95359933,0,2628.38,3810.91,4,4.94604,10.6299,3,24,0,0,0,0,,,,4.22058
95359933,1,2611.29,3368.16,8,4.67354,13.2864,3,24,0,0,0,0,,,,3.77665
95359933,2,2634.13,19044.1,2,21.8644,37.5618,3,24,0,0,1,1,2634.13,19371,1.5,22.4692
95359933,3,2617,7085.62,2,8.13494,13.9754,3,24,0,0,1,1,2616.99,7072.08,1.5,8.19549
95359933,4,2614.27,3443.22,16,4.90245,19.2086,3,24,0,0,0,0,,,,5.42534
95359933,5,2633.64,37648.1,16,53.6032,210.027,3,24,0,0,1,1,2633.72,38337.4,8,55.6803
95359933,6,2617.87,2681.06,4,3.47965,7.47839,3,24,0,0,0,0,,,,3.93225
95359933,7,2617.47,5073.11,4,6.5842,14.1506,3,24,0,0,0,0,,,,6.89018
95359933,8,2615.52,3529.21,24,5.82281,24.1132,3,24,0,0,0,0,,,,3.81394
95359933,9,2613.06,2837.99,2,3.25827,5.59753,3,24,0,0,0,0,,,,4.6896
95359933,10,2630.11,2549.7,24,4.20674,17.4208,3,24,0,0,0,0,,,,5.73202
95359933,11,2633.49,9367.52,2,10.7548,18.4761,3,24,0,0,1,1,2633.49,9573.12,1.5,11.1304
95359933,12,2610.74,4093.29,2,4.69947,8.07344,3,24,0,0,0,0,,,,4.84838
95359933,13,2630.35,33808.9,1,33.3609,47.1523,3,24,0,0,1,1,2630.36,28840.7,1,31.5692
95359933,14,2629.04,9350.4,4,12.1355,26.0814,3,24,0,0,1,1,2629.05,9630.6,3,12.9135
95359933,15,2611.5,2403.83,8,3.33547,9.48244,3,24,0,0,0,0,,,,3.02386
95359933,16,2616.27,22645.8,8,31.4225,89.3312,3,24,0,0,1,1,2616.26,22688.1,6,32.059
95359933,17,2616.21,2790.38,16,3.97293,15.5666,3,24,0,0,0,0,,,,3.36652
95359933,18,2617.4,25641.7,4,33.2794,71.5234,3,24,0,0,1,1,2617.4,25511.1,3,33.7739
95359933,19,2620.29,2293.36,8,3.18219,9.04666,3,24,0,0,0,0,,,,4.19022
39076709,0,2628.69,4012.2,16,29.2597,41.3927,3,24,0,0,1,1,2628.66,4084.67,12,26.8414
39076709,1,2635.43,955.217,2,3.3386,3.48416,3,24,0,0,0,0,,,,4.78983
39076709,2,2631.72,519.505,16,3.78859,5.35959,3,24,0,0,0,0,,,,3.66368
39076709,3,2617,703.392,24,6.77199,8.8876,3,24,0,0,0,0,,,,5.24317
39076709,4,2611.93,3538.14,8,20.565,25.8108,3,24,0,0,1,1,2611.94,3717.52,6,21.1672
39076709,5,2620.77,1673.55,1,4.00562,4.31638,3,24,0,0,0,0,,,,3.03315
39076709,6,2611.01,690.416,24,6.64706,8.72364,3,24,0,0,0,0,,,,3.72988
39076709,7,2612.15,1430.31,24,13.7704,18.0724,3,24,0,0,1,1,2612.17,1537.74,16,11.2512
39076709,8,2632.63,5821.74,2,20.3477,21.2349,3,24,0,0,1,1,2632.63,5199.53,2,20.1645
39076709,9,2633.46,630.293,4,3.10247,3.25127,3,24,0,0,0,0,,,,3.59075
39076709,10,2616.93,2062.85,1,4.93741,5.32047,3,24,0,0,0,0,,,,3.76217
39076709,11,2631.06,12465.2,2,43.5674,45.467,3,24,0,0,1,1,2631.06,10997.9,2,42.1484
39076709,12,2626.34,3197.56,24,30.7848,40.4022,3,24,0,0,1,1,2626.6,2854.09,12,20.4846
39076709,13,2630.35,4238.44,8,24.6354,30.9195,3,24,0,0,1,1,2630.33,4182.77,6,23.2584
39076709,14,2614.24,1158.57,24,11.1543,14.6389,3,24,0,0,0,0,,,,5.71814
39076709,15,2631.42,1315.28,16,9.59196,13.5694,3,24,0,0,1,1,2631.4,1147.1,16,9.44723
39076709,16,2627.37,652.527,4,3.21191,3.36597,3,24,0,0,0,0,,,,4.22748
39076709,17,2626.22,5975.78,24,57.5325,75.5061,3,24,0,0,1,1,2626.48,6055.47,8,37.9343
39076709,18,2615.9,1814.54,1,4.34308,4.68003,3,24,0,0,0,0,,,,5.09094
39076709,19,2626.21,12130.4,4,59.709,62.5729,3,24,0,0,1,1,2626.25,11649.8,1.5,38.114
53479008,0,2616.24,1416.25,8,10.0801,8.9064,3,24,0,0,1,1,2616.24,1109.56,8,8.40907
53479008,1,2620.9,8035.52,8,57.1923,50.533,3,24,0,0,1,1,2620.91,7262.05,8,53.9696
53479008,2,2629.56,14045,1,31.1819,31.2275,3,24,0,0,1,1,2629.56,11974.6,1,29.3471
53479008,3,2631.11,1594.35,16,16.5754,14.1795,3,24,0,0,1,1,2631.08,1521.12,12,13.8783
53479008,4,2613.7,3792.27,4,17.1656,16.8634,3,24,0,0,1,1,2613.7,3491.67,4,17.0888
53479008,5,2630.58,666.45,4,3.01666,2.96356,3,24,0,0,0,0,,,,3.05391
53479008,6,2633.86,485.838,16,5.05094,4.32083,3,24,0,0,0,0,,,,2.9822
53479008,7,2617.79,8465.13,4,38.3171,37.6426,3,24,0,0,1,1,2617.8,7194.61,4,35.454
53479008,8,2620.11,5778.9,4,26.158,25.6975,3,24,0,0,1,1,2620.12,4970.06,4,24.4833
53479008,9,2635.72,3998.49,8,28.459,25.1453,3,24,0,0,1,1,2635.73,4307.56,6,27.1099
53479008,10,2629.9,1523.65,16,15.8404,13.5507,3,24,0,0,1,1,2629.9,1701.61,12,15.7421
53479008,11,2615.67,8248.88,4,37.3382,36.681,3,24,0,0,1,1,2615.67,7306.57,4,36.2441
53479008,12,2631.83,25505.6,1,56.6262,56.7089,3,24,0,0,1,1,2631.83,21717.5,1,53.4961
53479008,13,2634.51,1270.03,8,9.03936,7.98684,3,24,0,0,1,1,2634.54,1300.67,8,9.78524
53479008,14,2619.13,893.593,4,4.04481,3.97362,3,24,0,0,0,0,,,,3.27833
53479008,15,2620.68,2068.1,8,14.7196,13.0057,3,24,0,0,1,1,2620.69,1694.58,8,12.9506
53479008,16,2626.48,5808.1,4,26.2901,25.8274,3,24,0,0,1,1,2626.47,5292.31,4,26.0277
53479008,17,2611.22,2028.29,16,21.0867,18.0387,3,24,0,0,1,1,2611.19,1968.59,16,22.296
53479008,18,2611.85,2802.87,4,12.6871,12.4638,3,24,0,0,1,1,2611.86,2232.65,4,11.0982
53479008,19,2610.5,1397.82,24,20.9606,15.2255,3,24,0,0,1,1,2610.81,1532.49,8,11.9536
53578711,0,2632.44,5329.27,16,15.1022,16.1033,3,24,0,0,1,1,2632.44,5092.46,16,14.8103
53578711,1,2613.33,1009.89,24,3.68529,3.73739,3,24,0,0,0,0,,,,2.79373
53578711,2,2612.28,10189.8,1,8.25976,7.69759,3,24,0,0,1,1,2612.28,10055.7,1,9.029
53578711,3,2629.93,2811.57,16,7.9675,8.49566,3,24,0,0,0,0,,,,4.92845
53578711,4,2614.08,5920.25,4,9.13208,8.94453,3,24,0,0,1,1,2614.08,5804.48,4,9.68067
53578711,5,2634.42,11480.5,8,23.5622,24.5299,3,24,0,0,1,1,2634.42,10938.8,8,23.8848
53578711,6,2627.67,7465.94,16,21.1572,22.5597,3,24,0,0,1,1,2627.66,8088.16,12,23.2907
53578711,7,2615.57,5315,1,4.30828,4.01505,3,24,0,0,0,0,,,,3.21698
53578711,8,2631.67,3147.7,8,6.46021,6.72553,3,24,0,0,0,0,,,,6.12286
53578711,9,2610.67,15064.8,1,12.2114,11.3802,3,24,0,0,1,1,2610.68,12532,1,11.2191
53578711,10,2613.82,4287.33,4,6.61328,6.47746,3,24,0,0,1,1,2613.83,5020.29,3,7.47098
53578711,11,2617.95,2603.99,24,9.50245,9.63679,3,24,0,0,0,0,,,,6.20372
53578711,12,2618.87,4245.1,4,6.54814,6.41366,3,24,0,0,0,0,,,,6.83388
53578711,13,2616.28,8866.52,24,32.3556,32.8131,3,24,0,0,1,1,2616.26,9227.02,16,25.407
53578711,14,2616.69,2727.79,24,9.95425,10.095,3,24,0,0,0,0,,,,5.34225
53578711,15,2618,8007.09,24,29.2194,29.6325,3,24,0,0,1,1,2617.89,8495.69,16,22.6233
53578711,16,2633.58,3492.62,24,12.7452,12.9254,3,24,0,0,1,1,2633.54,2958.99,24,9.30087
53578711,17,2615.91,5269.92,2,6.03071,5.62998,3,24,0,0,0,0,,,,5.9901
53578711,18,2614.38,831.727,24,3.03513,3.07804,3,24,0,0,0,0,,,,2.65167
53578711,19,2631.6,1167.92,24,4.26196,4.32221,3,24,0,0,0,0,,,,3.43535
55725843,0,2615.72,479.167,4,3.58896,4.93833,3,24,0,0,0,0,,,,4.81699
55725843,1,2630.94,798.492,1,3.53143,4.11465,3,24,0,0,0,0,,,,3.71665
55725843,2,2614.72,2053.72,16,22.5385,42.3316,3,24,0,0,1,1,2614.74,1969.83,12,17.1181
55725843,3,2620.19,4150.7,4,31.0888,42.7774,3,24,0,0,1,1,2620.19,3673.68,4,29.8337
55725843,4,2634.65,4350.97,24,51.8783,109.839,3,24,0,0,1,1,2634.65,4056.56,24,58.6579
55725843,5,2614.78,2454.37,8,23.4696,35.7724,3,24,0,0,1,1,2614.76,2360.71,6,17.987
55725843,6,2630.76,6349.85,1,28.083,32.721,3,24,0,0,1,1,2630.76,5070.81,1,24.7757
55725843,7,2612.81,4417.36,2,25.2605,32.1914,3,24,0,0,1,1,2612.81,4502.32,1.5,25.7658
55725843,8,2634.99,1272.92,2,7.27913,9.27636,3,24,0,0,1,1,2634.99,1384.3,1.5,7.9923
55725843,9,2611.62,642.259,4,4.81052,6.61916,3,24,0,0,0,0,,,,4.98055
55725843,10,2612.17,2277.58,16,24.9952,46.9459,3,24,0,0,1,1,2612.18,2372.36,12,24.2731
55725843,11,2630,1562.13,1,6.90871,8.04971,3,24,0,0,0,0,,,,4.64192
55725843,12,2634.42,481.954,4,3.60983,4.96704,3,24,0,0,0,0,,,,4.30836
55725843,13,2630.03,1828.11,4,13.6926,18.8406,3,24,0,0,1,1,2630.04,1709.64,3,12.5099
55725843,14,2614.1,4356.95,1,19.2691,22.4515,3,24,0,0,1,1,2614.1,3702.74,1,18.0898
55725843,15,2618.2,3450.16,1,15.2587,17.7788,3,24,0,0,1,1,2618.2,2909.8,1,14.2176
55725843,16,2635.2,1512.75,8,14.4655,22.0483,3,24,0,0,1,1,2635.22,1102.23,6,11.2031
55725843,17,2612.22,9135.52,1,40.4029,47.0756,3,24,0,0,1,1,2612.23,7588.19,1,37.1261
55725843,18,2628.99,2283.06,2,13.0556,16.6378,3,24,0,0,1,1,2629,1988.99,2,12.5322
55725843,19,2613.01,5697.62,4,42.6752,58.72,3,24,0,0,1,1,2613.02,5767.97,3,42.0724
1042807,0,2616.12,18362.4,8,32.7846,59.6777,2,16,1,0,1,1,2616.13,19291.9,6,37.5197
1042807,1,2616.68,5828.96,8,10.4072,18.9441,2,16,1,0,1,1,2616.68,5641.45,6,11.146
1042807,2,2618.45,11053,4,16.8007,25.4008,2,16,1,0,1,1,2618.45,10283.7,3,15.6069
1042807,3,2611.52,3807.38,4,5.78728,8.74972,2,16,1,0,0,0,,,,5.75959
1042807,4,2610.97,20311.2,8,36.2641,66.0113,2,16,1,0,1,1,2610.98,20122.4,6,34.482
1042807,5,2634.43,23587,1,23.0048,27.1026,2,16,1,0,1,1,2634.43,19253.5,1,20.5545
1042807,6,2611.74,8330.77,2,10.2157,13.5375,2,16,1,0,1,1,2611.73,8607.24,1.5,10.4898
1042807,7,2630.01,15679,4,23.8324,36.0319,2,16,1,0,1,1,2630.02,15649.4,3,23.882
1042807,8,2611.88,5635.43,2,6.91054,9.15757,2,16,1,0,1,1,2611.89,5928.44,2,8.03643
1042807,9,2620.89,21253.1,2,26.062,34.5364,2,16,1,0,1,1,2620.89,21276.1,1.5,25.9674
1042807,10,2613.31,5128.46,16,10.7167,23.5714,1.5,12,1,0,1,1,2613.34,5043.68,12,13.7007
1042807,11,2615.93,2594.01,4,3.94294,5.96129,2,16,1,0,0,0,,,,4.68211
1042807,12,2628.5,7591.18,16,15.8629,34.8905,2,16,1,0,1,1,2628.49,6646.21,12,13.168
1042807,13,2628.19,7499.96,8,13.3906,24.3749,2,16,1,0,1,1,2628.19,6983.53,6,13.5227
1042807,14,2634.47,30737.9,2,37.6929,49.9491,2,16,1,0,1,1,2634.47,31035.2,1.5,37.5606
1042807,15,2632.32,2608.5,2,3.19872,4.23881,2,16,1,0,0,0,,,,4.29855
1042807,16,2614.6,1682.12,16,3.51503,7.73133,2,16,1,0,0,0,,,,2.99814
1042807,17,2627.06,3405.1,16,7.11545,15.6505,1.5,12,1,0,1,1,2627.02,5104.96,12,15.6123
1042807,18,2632.01,6930.36,8,12.3736,22.5237,2,16,1,0,1,1,2632.01,7215.13,6,13.2073
1042807,19,2630.02,50000,1,48.7659,57.4524,2,16,1,0,1,1,2630.02,42285.6,1,45.6748
3906497,0,2621,254.601,24,3.67569,3.66947,3,24,0,0,0,0,,,,3.6979
3906497,1,2631.4,1244.9,16,13.9264,14.6498,3,24,0,0,1,1,2631.38,1079.17,16,12.2183
3906497,2,2634.42,6872.71,4,36.2577,40.4386,3,24,0,0,1,1,2634.43,6813.21,3,35.9282
3906497,3,2614.11,3499.42,24,50.5213,50.4359,3,24,0,0,1,1,2614.11,3181.36,24,40.4202
3906497,4,2618.55,944.353,2,3.83862,3.92905,3,24,0,0,0,0,,,,2.63519
3906497,5,2612.95,626.382,4,3.30454,3.6856,3,24,0,0,0,0,,,,3.43126
3906497,6,2626.18,5501.71,4,29.0248,32.3717,3,24,0,0,1,1,2626.2,5476.42,3,28.8953
3906497,7,2628.02,271.85,16,3.04113,3.1991,3,24,0,0,0,0,,,,3.55195
3906497,8,2634.61,2963.85,8,22.093,24.6627,3,24,0,0,1,1,2634.6,2536.96,8,20.5812
3906497,9,2619.27,7203.53,8,53.6963,59.9417,3,24,0,0,1,1,2619.27,6505.54,8,52.4248
3906497,10,2630.49,1670.17,24,24.1124,24.0716,3,24,0,0,1,1,2630.5,1608.04,24,22.5778
3906497,11,2614.36,442.054,8,3.29514,3.67839,3,24,0,0,0,0,,,,4.17011
3906497,12,2613.72,733.819,8,5.47,6.10622,3,24,0,0,0,0,,,,4.0972
3906497,13,2620.99,495.662,8,3.69474,4.12448,3,24,0,0,0,0,,,,3.42833
3906497,14,2635.34,2723.25,2,11.0695,11.3303,3,24,0,0,1,1,2635.34,2636.02,2,11.8021
3906497,15,2629.25,3497.75,1,10.2155,10.2903,3,24,0,0,1,1,2629.25,2912.57,1,9.41832
3906497,16,2616.86,2866.25,1,8.37113,8.43243,3,24,0,0,1,1,2616.87,1798.56,1.5,7.19077
3906497,17,2631.87,2808.1,16,31.4136,33.0454,3,24,0,0,1,1,2631.86,2386.23,16,26.0121
3906497,18,2613.22,2378.3,24,34.3356,34.2775,3,24,0,0,1,1,2613.24,2183.22,24,29.1847
3906497,19,2612.9,1537.15,8,11.4582,12.7909,3,24,0,0,1,1,2612.93,1376.8,8,10.9681
4823121,0,2616.1,10630.7,16,32.8474,41.8648,3,24,0,0,1,1,2616.1,9029.83,16,30.8054
4823121,1,2613.49,6637.06,8,14.1994,18.482,3,24,0,0,1,1,2613.49,7021.44,8,16.3239
4823121,2,2613.37,2582.52,24,9.63984,12.456,3,24,0,0,1,1,2613.36,2855.69,24,12.07
4823121,3,2613.15,10163.6,2,12.0465,14.1511,3,24,0,0,1,1,2613.15,10088.5,1.5,11.5932
4823121,4,2628.2,7455.93,4,11.7106,14.6812,3,24,0,0,1,1,2628.2,5988.24,4,10.3849
4823121,5,2632.15,9701.33,16,29.9759,38.205,3,24,0,0,1,1,2632.18,9605.04,12,27.789
4823121,6,2635.96,5216.45,2,6.18287,7.26306,3,24,0,0,0,0,,,,
4823121,7,2630.24,18239.7,4,28.6481,35.9151,3,24,0,0,1,1,2630.24,16300.2,4,27.517
4823121,8,2611.1,4166.81,24,15.5536,20.0973,3,24,0,0,1,1,2611.15,6421.37,16,21.8415
4823121,9,2633.77,2363.68,4,3.7125,4.65423,3,24,0,0,0,0,,,,3.76309
4823121,10,2621.03,1679.74,24,6.27,8.10169,3,24,0,0,0,0,,,,3.71264
4823121,11,2633.43,3492.37,8,7.47162,9.72511,3,24,0,0,0,0,,,,6.09047
4823121,12,2612.18,9695.25,1,8.21592,9.54527,3,24,0,0,1,1,2612.18,8170.42,1,7.6541
4823121,13,2628.4,50000,1,42.3708,49.2265,3,24,0,0,1,1,2628.4,40599.4,1,38.0058
4823121,14,2620.56,10962.4,4,17.218,21.5856,3,24,0,0,1,1,2620.57,11383,3,16.9922
4823121,15,2627.3,7172.85,1,6.07839,7.06189,3,24,0,0,0,0,,,,4.12475
4823121,16,2619.59,2395.91,4,3.76312,4.71768,3,24,0,0,0,0,,,,3.58448
4823121,17,2634.46,1644.66,24,6.13907,7.93251,3,24,0,0,0,0,,,,4.14697
4823121,18,2617.97,3480.42,4,5.46651,6.85316,3,24,0,0,0,0,,,,5.34586
4823121,19,2618.7,4704.62,16,14.5367,18.5274,3,24,0,0,1,1,2618.69,4247.39,16,12.6724
4897275,0,2617.79,705.379,8,8.64039,20.7057,3,24,0,0,1,1,2617.79,644.299,8,8.03996
4897275,1,2612.85,3224.39,8,39.4965,94.6486,3,24,0,0,1,1,2612.85,3269.83,6,39.7171
4897275,2,2614.93,196.868,24,3.03187,10.0093,3,24,0,0,0,0,,,,3.12708
4897275,3,2617.93,451.907,16,6.13553,18.7599,3,24,0,0,0,0,,,,4.41209
4897275,4,2617.59,2666.67,24,41.0682,135.58,3,24,0,0,1,1,2617.55,2662.22,12,34.8548
4897275,5,2632.13,962.67,24,14.8256,48.9445,3,24,0,0,1,1,2632.17,991.882,24,13.8034
4897275,6,2634.2,7278.36,1,57.1591,75.5361,3,24,0,0,1,1,2634.2,5950.97,1,51.8635
4897275,7,2620.79,2767.54,8,33.9003,81.238,3,24,0,0,1,1,2620.8,2847.58,6,33.7161
4897275,8,2612.25,259.693,8,3.18105,7.62302,3,24,0,0,0,0,,,,3.90585
4897275,9,2617.52,393.856,16,5.34738,16.35,3,24,0,0,0,0,,,,4.24876
4897275,10,2632.63,526.147,2,4.77117,7.72224,3,24,0,0,0,0,,,,5.57641
4897275,11,2627.36,1352.44,8,16.5664,39.6994,3,24,0,0,1,1,2627.36,1178.47,6,14.9316
4897275,12,2621.36,2104.61,1,16.5281,21.842,3,24,0,0,1,1,2621.37,1772.61,1,15.3604
4897275,13,2631.06,1878.26,24,28.9261,95.4952,3,24,0,0,1,1,2631.07,2043.9,16,29.114
4897275,14,2633.31,400.383,16,5.436,16.621,3,24,0,0,0,0,,,,4.55022
4897275,15,2615.7,3669.06,8,44.9433,107.701,3,24,0,0,1,1,2615.7,3258.96,8,41.5822
4897275,16,2621.44,2930.75,2,26.5764,43.0145,3,24,0,0,1,1,2621.43,2850.49,1.5,27.0044
4897275,17,2634.34,3184.27,24,49.0394,161.896,3,24,0,0,1,1,2634.26,3060.14,16,43.7652
4897275,18,2621.24,6314.6,1,49.5904,65.534,3,24,0,0,1,1,2621.24,5218.82,1,45.2571
4897275,19,2618.27,591.243,4,6.06903,12.2721,3,24,0,0,0,0,,,,6.39911
16848921,0,2619.9,6430.04,16,48.731,58.1176,3,24,0,0,1,1,2619.91,5514.1,16,44.1019
16848921,1,2611.86,2761.2,24,27.7869,30.5659,3,24,0,0,1,1,2611.9,2518.26,24,24.2257
16848921,2,2632.42,1509.28,24,15.1884,16.7074,3,24,0,0,1,1,2632.44,1181.15,24,12.7502
16848921,3,2621.43,2061.93,2,6.8056,6.58904,3,24,0,0,0,0,,,,5.33905
16848921,4,2613.73,13743.8,1,30.5082,31.0556,3,24,0,0,1,1,2613.74,11597.5,1,28.3887
16848921,5,2635.31,834.294,16,6.32283,7.54073,3,24,0,0,0,0,,,,4.78505
16848921,6,2633.87,15047.8,2,49.6667,48.0863,3,24,0,0,1,1,2633.87,13080.5,2,47.3544
16848921,7,2629.86,3228.54,4,14.4576,14.5905,3,24,0,0,1,1,2629.86,2989.66,4,14.49
16848921,8,2634.92,6984.76,16,52.9351,63.1314,3,24,0,0,1,1,2634.91,6432.65,16,51.5576
16848921,9,2613.94,1617.22,2,5.33778,5.16794,3,24,0,0,0,0,,,,4.60121
16848921,10,2630.84,4847.81,1,10.7611,10.9542,3,24,0,0,1,1,2630.84,4488.59,1,11.0192
16848921,11,2620.72,4531.06,16,34.3393,40.9537,3,24,0,0,1,1,2620.7,4871.48,12,36.4145
16848921,12,2619.25,2109.17,4,9.44498,9.5318,3,24,0,0,1,1,2619.26,1999.51,3,8.52027
16848921,13,2611.89,1211.24,8,6.91744,7.74119,3,24,0,0,0,0,,,,6.09666
16848921,14,2635.03,2978.69,2,9.83146,9.51862,3,24,0,0,1,1,2635.02,2548.8,2,9.20273
16848921,15,2613.22,5245.16,8,29.9554,33.5226,3,24,0,0,1,1,2613.23,5573.81,6,31.1499
16848921,16,2614.14,2938.69,24,29.5731,32.5307,3,24,0,0,1,1,2614.16,2618.02,24,23.011
16848921,17,2627.31,8741.34,4,39.1443,39.5041,3,24,0,0,1,1,2627.31,8035.67,4,39.4386
16848921,18,2618.95,2191.04,4,9.81163,9.90182,3,24,0,0,1,1,2618.94,2220.47,4,10.8082
16848921,19,2634.36,4066.37,24,40.9213,45.0139,3,24,0,0,1,1,2634.36,3701.09,24,38.7203
17124327,0,2610.7,32313,2,53.4457,74.8394,3,24,0,0,1,1,2610.7,30702.9,1.5,50.8111
17124327,1,2632.66,39462.1,1,52.4639,64.6276,3,24,0,0,1,1,2632.65,32702.5,1,47.6081
17124327,2,2632.04,7220.89,24,39.2501,57.9342,3,24,0,0,1,1,2632.01,6215.37,24,28.7684
17124327,3,2630.63,2905.67,8,8.55871,13.4595,3,24,0,0,1,1,2630.62,2985.74,6,8.18593
17124327,4,2616.54,9020.73,8,26.5708,41.7855,3,24,0,0,1,1,2616.55,7882.89,8,24.2873
17124327,5,2617.09,13474.5,4,30.7441,44.1347,3,24,0,0,1,1,2617.09,11705.5,4,29.0002
17124327,6,2629.53,753.604,16,3.08372,4.93676,3,24,0,0,0,0,,,,3.60446
17124327,7,2611.15,8190.07,8,24.1241,37.9377,3,24,0,0,1,1,2611.16,5910.19,8,19.7221
17124327,8,2611.59,3170.74,4,7.23452,10.3855,3,24,0,0,1,1,2611.6,3078.63,4,7.72109
17124327,9,2630.2,10866.6,16,44.4658,71.1858,3,24,0,0,1,1,2630.2,9843.54,16,39.0545
17124327,10,2616.53,24424.7,4,55.7286,80.0013,3,24,0,0,1,1,2616.53,21545.7,4,53.9687
17124327,11,2633.64,1241.98,24,6.75091,9.96453,3,24,0,0,0,0,,,,4.08838
17124327,12,2629.68,6568.48,24,35.7038,52.6998,3,24,0,0,1,1,2629.69,6138.92,24,32.9783
17124327,13,2627.42,17210.3,8,50.6935,79.721,3,24,0,0,1,1,2627.42,16219.2,8,52.8001
17124327,14,2617.47,20122.5,4,45.9126,65.91,3,24,0,0,1,1,2617.47,17836.2,4,43.9517
17124327,15,2617.63,7633.13,8,22.4836,35.3578,3,24,0,0,1,1,2617.64,6630.77,8,20.4955
17124327,16,2632.65,3704.16,24,20.1344,29.719,3,24,0,0,1,1,2632.68,3039.5,24,15.6075
17124327,17,2618.31,6139.62,2,10.1549,14.2198,3,24,0,0,1,1,2618.31,6475.82,1.5,10.6332
17124327,18,2634.88,1688.14,24,9.17611,13.5442,3,24,0,0,0,0,,,,5.76072
17124327,19,2620.18,2755.47,24,14.9777,22.1075,3,24,0,0,1,1,2620.14,2203.28,24,11.8329
17934320,0,2616.54,2184.66,2,3.82307,3.9762,3,24,0,0,0,0,,,,3.84275
17934320,1,2628.69,3555.03,4,9.2514,9.15043,3,24,0,0,1,1,2628.68,3951.43,3,9.58091
17934320,2,2627.11,10926.4,2,19.1207,19.8866,3,24,0,0,1,1,2627.11,10789.4,1.5,18.6326
17934320,3,2618.02,2782.24,24,23.0244,17.5416,3,24,0,0,1,1,2618.07,2412.44,24,17.9823
17934320,4,2629.61,9082.53,1,11.1331,11.6889,3,24,0,0,1,1,2629.61,7518.87,1,10.2408
17934320,5,2632.82,1928.96,2,3.37561,3.51081,3,24,0,0,0,0,,,,2.38343
17934320,6,2612.13,2444.81,2,4.27832,4.44968,3,24,0,0,0,0,,,,3.96874
17934320,7,2615.76,12497,8,47.4685,45.4905,3,24,0,0,1,1,2615.76,11310.2,8,44.611
17934320,8,2618.49,5875.74,24,48.6246,37.0456,3,24,0,0,1,1,2618.51,5161.52,24,39.3481
17934320,9,2631.83,6599.81,24,54.6167,41.6108,3,24,0,0,1,1,2631.81,5925.03,24,38.7215
17934320,10,2613.71,4839.57,24,40.0498,30.5127,3,24,0,0,1,1,2613.72,4808.96,24,37.8277
17934320,11,2631.35,12415.4,4,32.3091,31.9564,3,24,0,0,1,1,2631.36,11040.4,4,31.6182
17934320,12,2633.48,2768.59,1,3.39366,3.56309,3,24,0,0,0,0,,,,4.18303
17934320,13,2628.15,7414.58,16,44.7618,38.1694,3,24,0,0,1,1,2628.15,6620.7,16,37.3005
17934320,14,2618.79,12125.9,4,31.5558,31.2114,3,24,0,0,1,1,2618.8,11301.9,4,32.2179
17934320,15,2614.39,759.316,24,6.28371,4.78737,3,24,0,0,0,0,,,,5.90216
17934320,16,2619.15,5946.5,2,10.4061,10.8229,3,24,0,0,1,1,2619.15,7082.16,1.5,12.2576
17934320,17,2619.53,11808.3,2,20.664,21.4916,3,24,0,0,1,1,2619.53,11210.6,1.5,19.3629
17934320,18,2631.61,3652.69,8,13.8743,13.2962,3,24,0,0,1,1,2631.59,3639.42,8,14.9832
17934320,19,2619.03,2214.45,2,3.8752,4.03041,3,24,0,0,0,0,,,,4.42375
18016162,0,2626.36,2888.29,2,4.81419,4.84458,3,24,0,0,0,0,,,,5.20435
18016162,1,2618.54,11886.1,8,38.4962,39.8735,3,24,0,0,1,1,2618.54,10863.9,8,37.3513
18016162,2,2611.24,1673.06,24,11.7306,9.72114,3,24,0,0,1,1,2611.22,1617.96,24,11.4726
18016162,3,2628.47,17719.4,1,20.8176,21.016,3,24,0,0,1,1,2628.47,15267,1,19.8029
18016162,4,2619.63,864.102,24,6.05862,5.02078,3,24,0,0,0,0,,,,3.06181
18016162,5,2634.52,11756.4,8,38.0763,39.4385,3,24,0,0,1,1,2634.51,10621.7,8,35.9669
18016162,6,2613.84,19351.7,4,43.8707,45.904,3,24,0,0,1,1,2613.84,18151.4,4,45.5266
18016162,7,2620.56,2340.99,16,10.0264,11.1061,3,24,0,0,1,1,2620.61,1526.87,24,10.967
18016162,8,2613.87,7646.14,16,32.7483,36.2746,3,24,0,0,1,1,2613.87,7794.07,12,29.8616
18016162,9,2629.24,5983.88,24,41.9558,34.7687,3,24,0,0,1,1,2629.29,5326.52,24,37.3552
18016162,10,2616.52,604.409,24,4.23779,3.51186,3,24,0,0,0,0,,,,2.65032
18016162,11,2610.75,6195.55,24,43.4399,35.9986,3,24,0,0,1,1,2610.88,6567.79,16,30.0119
18016162,12,2612.31,2578.02,4,5.84441,6.11528,3,24,0,0,0,0,,,,5.76628
18016162,13,2618.18,1445.9,24,10.1379,8.40129,3,24,0,0,0,0,,,,6.81293
18016162,14,2619.92,1854.78,2,3.09155,3.11106,3,24,0,0,0,0,,,,2.6183
18016162,15,2617.28,934.169,24,6.5499,5.4279,3,24,0,0,0,0,,,,3.43664
18016162,16,2618.65,2852.83,16,12.2186,13.5343,3,24,0,0,1,1,2618.52,1941.76,24,14.3166
18016162,17,2615.47,5254.58,24,36.8423,30.5312,3,24,0,0,1,1,2615.49,4869.29,24,30.3832
18016162,18,2614.29,1800.1,8,5.8301,6.03867,3,24,0,0,0,0,,,,4.84282
18016162,19,2635.2,8383.15,1,9.84891,9.94277,3,24,0,0,1,1,2635.21,6358.59,1,8.2634
125528072,0,2614.22,1665.63,16,4.39689,7.60099,1,8,1,0,0,0,,,,4.37029
125528072,1,2626.57,31978.5,8,53.1883,103.19,1.25,10,1,0,1,1,2626.55,30695.7,6,51.9555
125528072,2,2615.59,4573.52,8,7.60691,14.758,1,8,1,0,0,0,,,,6.45539
125528072,3,2634.87,17915.2,4,23.1755,40.8774,1.25,10,1,0,1,1,2634.87,19084.7,3,25.9961
125528072,4,2617.19,2488.47,24,11.2166,13.9082,1,8,1,0,0,0,,,,3.3635
125528072,5,2617.56,6622.21,16,17.4812,30.2201,1.25,10,1,0,0,0,,,,6.29216
125528072,6,2613.46,1632.47,16,4.30936,7.44967,1.25,10,1,0,0,0,,,,1.69717
125528072,7,2614.63,3262.84,4,4.22089,7.44488,1.25,10,1,0,0,0,,,,3.17609
125528072,8,2616.72,4763.72,24,21.4722,26.6247,2,16,1,0,0,0,,,,4.332
125528072,9,2612.64,9925.37,4,12.8397,22.6469,1.25,10,1,0,1,1,2612.65,11607.1,3,15.7405
125528072,10,2617.09,10070.4,1,9.19641,11.4889,1.25,10,1,0,1,1,2617.09,7477.47,1,7.57235
125528072,11,2619.11,1620,16,4.27646,7.39279,1.25,10,1,0,0,0,,,,2.01476
125528072,12,2631.99,6731.88,1,6.14765,7.68013,1.25,10,1,0,0,0,,,,5.0128
125528072,13,2633.41,6694.88,1,6.11386,7.63792,1.25,10,1,0,0,0,,,,5.84379
125528072,14,2614.34,13642.9,16,36.0144,62.2586,1.25,10,1,0,1,1,2614.39,12964.3,8,22.2939
125528072,15,2631.72,2326.13,24,10.4849,13.0008,1.25,10,1,0,0,0,,,,2.01498
125528072,16,2635.47,757.88,24,3.4161,4.23583,1.25,10,1,0,0,0,,,,3.83062
125528072,17,2612.45,18722.1,16,49.4222,85.4371,1.5,12,1,0,1,1,2612.47,22151.8,12,44.3281
125528072,18,2618.93,21937.7,4,28.3792,50.0558,1.25,10,1,0,1,1,2618.93,21781,3,29.1676
125528072,19,2631.44,21583.6,8,35.8989,69.6467,1.25,10,1,0,1,1,2631.45,21019.3,6,34.4738
125551828,0,2617.18,1147.05,4,3.95544,5.13454,3,24,0,0,0,0,,,,3.2571
125551828,1,2634.05,3038.97,8,13.7129,19.2379,3,24,0,0,1,1,2634.04,2860.47,8,13.3742
125551828,2,2620.81,3370.32,2,9.16827,10.6678,3,24,0,0,1,1,2620.81,3558.36,2,10.3799
125551828,3,2611.2,5498.11,24,45.9089,60.2846,3,24,0,0,1,1,2611.39,6555.14,12,38.7181
125551828,4,2634.48,7021.57,2,19.1008,22.2247,3,24,0,0,1,1,2634.48,5822.33,2,16.8958
125551828,5,2626.65,523.388,16,3.36898,4.68566,3,24,0,0,1,1,2626.68,1688.95,12,10.2063
125551828,6,2619.8,2885.09,24,24.0903,31.6338,3,24,0,0,1,1,2619.83,2592.98,24,17.0985
125551828,7,2630.03,4594.95,24,38.3675,50.3818,3,24,0,0,1,1,2630.02,4183.11,24,32.3359
125551828,8,2619.01,979.66,24,8.1801,10.7416,3,24,0,0,0,0,,,,3.79581
125551828,9,2633.17,861.823,24,7.19617,9.44955,3,24,0,0,0,0,,,,3.2612
125551828,10,2626.25,8361.97,4,28.835,37.4305,3,24,0,0,1,1,2626.31,6298.07,1,13.8693
125551828,11,2626.18,6553.75,16,42.1856,58.6728,3,24,0,0,1,1,2626.38,6129.85,4,23.9734
125551828,12,2628.65,2104.51,16,13.5465,18.8408,3,24,0,0,1,1,2628.63,2181,16,14.2986
125551828,13,2635.01,1154.99,16,7.4345,10.3401,3,24,0,0,0,0,,,,4.2557
125551828,14,2615.79,1381.34,2,3.75767,4.37224,3,24,0,0,0,0,,,,3.10979
125551828,15,2620.9,11648.8,4,40.169,52.1431,3,24,0,0,1,1,2620.91,10679.4,4,39.0359
125551828,16,2616.76,15634.4,4,53.9127,69.9838,3,24,0,0,1,1,2616.77,15331.4,3,51.9423
125551828,17,2616.68,8667.78,1,17.1661,19.3997,3,24,0,0,1,1,2616.69,7050.01,1,15.1543
125551828,18,2612.38,4222.76,16,27.1813,37.8045,3,24,0,0,1,1,2612.37,2979.89,16,22.6331
125551828,19,2629.29,823.14,24,6.87317,9.0254,3,24,0,0,0,0,,,,5.44201
137771163,0,2611.04,1845.98,1,3.92723,3.89763,3,24,0,0,0,0,,,,4.10108
137771163,1,2633.63,2046.35,1,4.35351,4.3207,3,24,0,0,0,0,,,,6.01804
137771163,2,2614.52,1143.81,4,5.07443,4.8301,3,24,0,0,0,0,,,,5.70848
137771163,3,2616.84,20813.5,1,44.2796,43.9459,3,24,0,0,1,1,2616.84,17945.8,1,42.0372
137771163,4,2612.94,4057.2,8,27.1107,24.2295,3,24,0,0,1,1,2612.95,4375.07,6,26.3599
137771163,5,2635.81,394.191,24,4.87327,4.07742,3,24,0,0,0,0,,,,4.88098
137771163,6,2610.87,1757.79,4,7.79831,7.42283,3,24,0,0,1,1,2610.88,1737.07,4,8.42775
137771163,7,2635.94,1278.2,16,14.3129,10.7952,3,24,0,0,0,0,,,,6.16667
137771163,8,2621.19,1633.24,4,7.24576,6.89689,3,24,0,0,0,0,,,,5.08756
137771163,9,2629.13,11366.1,4,50.425,47.9971,3,24,0,0,1,1,2629.14,10085.3,4,48.1659
137771163,10,2634.15,845.34,16,9.46588,7.13944,3,24,0,0,0,0,,,,5.55394
137771163,11,2635.08,1132.43,16,12.6806,9.56408,3,24,0,0,1,1,2635.13,1204.37,16,14.0197
137771163,12,2620.87,2957.05,2,8.72757,8.8297,3,24,0,0,1,1,2620.88,3076.35,2,10.1187
137771163,13,2616.34,1141.33,4,5.06343,4.81963,3,24,0,0,0,0,,,,4.53151
137771163,14,2615.45,305.782,24,3.7803,3.16294,3,24,0,0,0,0,,,,3.60977
137771163,15,2633.97,1114.17,2,3.2884,3.32688,3,24,0,0,0,0,,,,2.16064
137771163,16,2626.94,3729.46,1,7.93423,7.87443,3,24,0,0,1,1,2626.94,3384.4,1,7.96193
137771163,17,2616.99,1474.26,1,3.1364,3.11276,3,24,0,0,0,0,,,,2.57802
137771163,18,2614.26,843.503,4,3.74215,3.56196,3,24,0,0,0,0,,,,2.98092
137771163,19,2633.93,4971.27,16,55.6669,41.9856,3,24,0,0,1,1,2633.94,4353.35,16,48.7785
137776677,0,2616.77,16416.5,1,20.6539,24.5047,3,24,0,0,1,1,2616.77,14774.5,1,20.5094
137776677,1,2634.58,12135.9,1,15.2683,18.115,3,24,0,0,1,0,2634.58,11253.6,1,15.6217
137776677,2,2635.31,3710.39,4,7.68615,11.0769,3,24,0,0,0,0,,,,15.7219
137776677,3,2629.03,6766.71,1,8.5133,10.1005,3,24,0,0,1,0,2629.04,5483.72,1,7.59443
137776677,4,2634.82,12017.5,16,36.5815,71.7535,3,24,0,0,1,1,2634.81,11313,16,38.5652
137776677,5,2615.62,8088.39,8,19.9702,34.1487,3,24,0,0,1,1,2615.63,8190.67,6,20.1529
137776677,6,2611.29,13535.3,4,28.0386,40.4077,3,24,0,0,1,1,2611.29,11386.4,4,26.1543
137776677,7,2612.24,16543.5,2,26.7155,34.9229,3,24,0,0,1,1,2612.24,16508.1,1.5,26.0195
137776677,8,2634.52,30270.9,1,38.0843,45.1848,3,24,0,0,1,1,2634.53,25511.8,1,35.3561
137776677,9,2616.84,27218.4,4,56.3836,81.2569,3,24,0,0,1,1,2616.84,27013.7,3,55.0764
137776677,10,2611.9,1480.94,4,3.0678,4.42114,3,24,0,0,0,0,,,,3.48605
137776677,11,2614.97,12731.2,16,38.7537,76.0142,3,24,0,0,1,1,2615,12302.7,12,32.4151
137776677,12,2632.54,2069.73,24,8.01794,15.1351,3,24,0,0,0,0,,,,4.06701
137776677,13,2629.9,10988.8,4,22.7636,32.8056,3,24,0,0,1,1,2629.89,11020.2,3,22.2419
137776677,14,2626.93,2064.87,4,4.27742,6.16438,3,24,0,0,0,0,,,,3.52824
137776677,15,2632.78,4862.91,24,18.8385,35.5606,3,24,0,0,1,0,2632.76,3951.92,24,13.7928
137776677,16,2611.81,2740.8,8,6.76704,11.5715,3,24,0,0,0,0,,,,6.9342
137776677,17,2613.08,8770.7,4,18.1687,26.1837,3,24,0,0,1,1,2613.08,8506.36,3,17.2697
137776677,18,2619.33,4810.65,16,14.6436,28.7231,3,24,0,0,1,0,2619.35,4199.53,12,12.792
137776677,19,2618.61,10828.3,4,22.4311,32.3264,3,24,0,0,1,1,2618.62,9187.75,4,21.3785
4957322,0,2627.01,308.891,8,3.09766,3.33255,3,24,0,0,0,0,,,,4.04735
4957322,1,2619.1,8549.33,2,42.0004,46.1183,3,24,0,0,1,1,2619.1,8890.39,1.5,43.2794
4957322,2,2620.03,621.062,24,11.3898,11.6056,3,24,0,0,0,0,,,,6.49025
4957322,3,2617.74,946.184,16,14.2828,14.4365,3,24,0,0,1,1,2617.77,1011.64,16,16.9435
4957322,4,2619.04,1011.01,24,18.5411,18.8924,3,24,0,0,1,1,2619.06,853.755,24,14.5557
4957322,5,2631.19,5895.41,4,42.9682,44.9749,3,24,0,0,1,1,2631.19,5503.54,4,44.551
4957322,6,2634.16,300.384,16,4.53436,4.58314,3,24,0,0,0,0,,,,3.41319
4957322,7,2620.38,1149.07,4,8.37491,8.76602,3,24,0,0,0,0,,,,6.0173
4957322,8,2614.27,1501.37,4,10.9426,11.4536,3,24,0,0,1,1,2614.28,1605.08,3,10.9063
4957322,9,2616.43,5002.13,2,24.5741,26.9834,3,24,0,0,1,1,2616.43,4811.09,1.5,23.4331
4957322,10,2612.97,872.406,24,15.9992,16.3023,3,24,0,0,1,1,2612.97,784.189,24,13.8815
4957322,11,2627.53,650.344,2,3.19496,3.5082,3,24,0,0,0,0,,,,4.46093
4957322,12,2618.61,1354.86,8,13.587,14.6173,3,24,0,0,1,1,2618.61,1129.78,8,12.3509
4957322,13,2610.11,410.123,24,7.52132,7.66383,3,24,0,0,0,0,,,,6.80362
4957322,14,2626.93,350.699,24,6.43154,6.5534,3,24,0,0,0,0,,,,4.18311
4957322,15,2629.26,1703.58,4,12.4164,12.9963,3,24,0,0,1,1,2629.26,1638.53,3,11.3369
4957322,16,2631.42,1004.53,8,10.0738,10.8376,3,24,0,0,1,1,2631.42,1015.47,8,11.1016
4957322,17,2635.58,531.747,4,3.8756,4.05659,3,24,0,0,0,0,,,,3.03844
4957322,18,2634.11,787.931,8,7.90163,8.50079,3,24,0,0,1,1,2634.06,921.378,4,7.32494
4957322,19,2617.24,3996.5,4,29.1281,30.4884,3,24,0,0,1,1,2617.24,3694.9,4,29.2526
4972120,0,2617.66,5922,2,12.3341,12.7517,3,24,0,0,1,1,2617.67,5403.41,2,12.3676
4972120,1,2614.22,5261.89,4,15.7894,16.0235,3,24,0,0,1,1,2614.23,4957.05,4,15.532
4972120,2,2634.04,6157.71,8,26.8767,26.5185,3,24,0,0,1,1,2634.04,5569.71,8,25.796
4972120,3,2629.68,12268.7,1,18.0622,18.6802,3,24,0,0,1,1,2629.68,9653.95,1,15.7632
4972120,4,2613.59,4316.02,24,30.2936,32.1939,3,24,0,0,1,1,2613.59,3902.22,24,23.9625
4972120,5,2616.6,16439.1,2,34.2389,35.398,3,24,0,0,1,1,2616.6,14075.9,2,32.5883
4972120,6,2612.13,4026.2,16,24.0046,24.5211,3,24,0,0,1,1,2612.15,4396.54,12,25.1178
4972120,7,2633.85,5201.17,4,15.6072,15.8386,3,24,0,0,1,1,2633.84,4772.55,4,15.518
4972120,8,2634.88,2655.23,2,5.53023,5.71746,3,24,0,0,0,0,,,,5.25742
4972120,9,2634.58,5467.71,2,11.388,11.7735,3,24,0,0,1,1,2634.57,4996.46,2,11.4289
4972120,10,2632.42,2345.65,4,7.03862,7.14297,3,24,0,0,0,0,,,,6.4697
4972120,11,2628.64,4801,16,28.6241,29.2399,3,24,0,0,1,1,2628.65,4559.19,16,28.2868
4972120,12,2634.37,2210.9,16,13.1817,13.4653,3,24,0,0,1,1,2634.36,2165.28,16,14.1962
4972120,13,2628.7,5578.3,4,16.7388,16.987,3,24,0,0,1,1,2628.7,4919.41,4,16.1917
4972120,14,2617.2,14525.7,4,43.5873,44.2335,3,24,0,0,1,1,2617.21,13124.4,4,42.405
4972120,15,2617.57,1018.75,24,7.15046,7.59902,3,24,0,0,0,0,,,,5.56116
4972120,16,2611.75,2142.46,2,4.46224,4.61331,3,24,0,0,0,0,,,,4.22668
4972120,17,2614.15,6356.24,24,44.6136,47.4123,3,24,0,0,1,1,2614.17,6419.71,16,35.9122
4972120,18,2619.04,3421.09,8,14.9321,14.7331,3,24,0,0,1,1,2619.04,2962.54,8,13.6482
4972120,19,2630.03,4559.11,16,27.1819,27.7667,3,24,0,0,1,1,2630.04,4554.6,16,25.7931
4994553,0,2620.42,523.788,16,5.35621,6.12831,3,24,0,0,0,0,,,,3.88925
4994553,1,2629.28,1558.83,24,25.5217,22.3372,3,24,0,0,1,1,2629.27,1738.52,24,25.1807
4994553,2,2610.37,6381.26,8,43.463,52.793,3,24,0,0,1,1,2610.36,6316.2,6,42.4175
4994553,3,2633.99,3093.76,16,31.6366,36.197,3,24,0,0,1,1,2633.99,2741.24,16,26.9424
4994553,4,2618.5,584.763,8,3.98285,4.83782,3,24,0,0,0,0,,,,5.40269
4994553,5,2627.84,2805.01,16,28.6838,32.8186,3,24,0,0,1,1,2627.84,1972.58,16,23.5299
4994553,6,2633.43,502.52,24,8.22745,7.20085,3,24,0,0,0,0,,,,3.79801
4994553,7,2628.85,4008.38,4,20.0874,23.449,3,24,0,0,1,1,2628.85,3996.92,4,22.2125
4994553,8,2631.35,10458.5,4,52.4114,61.1824,3,24,0,0,1,1,2631.36,9380.68,4,50.027
4994553,9,2614,747.661,4,3.74679,4.37381,3,24,0,0,1,0,2614,1147.86,6,8.02844
4994553,10,2630.47,15765.5,1,42.6047,46.1139,3,24,0,0,1,1,2630.47,12827.7,1,38.247
4994553,11,2626.27,746.838,4,3.74267,4.36899,3,24,0,0,0,0,,,,12.1201
4994553,12,2620.86,1944.5,24,31.8362,27.8637,3,24,0,0,1,1,2620.63,1402.61,24,23.9396
4994553,13,2631.85,18175.8,1,49.1184,53.1642,3,24,0,0,1,1,2631.85,15361.6,1,45.9045
4994553,14,2630.6,861.429,16,8.80891,10.0787,3,24,0,0,0,0,,,,6.49143
4994553,15,2616.03,2916.46,24,47.7494,41.7914,3,24,0,0,1,1,2616.02,2722.34,24,38.4635
4994553,16,2618.75,1089.34,24,17.8351,15.6097,3,24,0,0,1,1,2618.74,1081.37,24,14.594
4994553,17,2617.61,2625.53,8,17.8826,21.7213,3,24,0,0,1,1,2617.62,2568.32,6,17.4578
4994553,18,2635.39,9557.31,1,25.8277,27.9551,3,24,0,0,1,1,2635.4,7934.77,1,23.6414
4994553,19,2616.11,975.153,8,6.64181,8.06757,3,24,0,0,1,0,2616.11,1128.38,8,8.65994
8291686,0,2611.42,28165.9,2,56.0629,56.3751,3,24,0,0,1,1,2611.43,25125,2,54.4862
8291686,1,2613.92,9315.84,16,54.4603,52.7389,3,24,0,0,1,1,2613.95,9911.74,12,50.9347
8291686,2,2627.13,14051.8,2,27.9695,28.1253,3,24,0,0,1,1,2627.13,11961.3,2,26.2803
8291686,3,2613.2,18433.9,4,52.057,52.179,3,24,0,0,1,1,2613.2,16920.1,4,52.8129
8291686,4,2630.21,2769.1,16,16.1881,15.6764,3,24,0,0,1,1,2630.18,2780.44,12,13.7475
8291686,5,2626.15,7560.8,4,21.3516,21.4016,3,24,0,0,0,0,,,,
8291686,6,2627.73,8393.01,4,23.7017,23.7573,3,24,0,0,1,1,2627.74,7609.26,4,23.2452
8291686,7,2629.2,13670.3,8,51.7951,54.7233,3,24,0,0,1,1,2629.2,12663.8,8,52.2268
8291686,8,2613.74,1282.94,24,9.3379,8.89533,3,24,0,0,1,1,2613.7,1543.57,24,12.0497
8291686,9,2621.18,12890.1,2,25.6572,25.8001,3,24,0,0,1,1,2621.18,11325.1,2,24.7209
8291686,10,2614.71,1109.25,16,6.48465,6.27968,3,24,0,0,0,0,,,,3.70609
8291686,11,2613.73,423.652,24,3.08355,2.9374,3,24,0,0,0,0,,,,4.39767
8291686,12,2620.5,5117.81,2,10.1868,10.2435,3,24,0,0,1,1,2620.51,4359.04,2,9.60145
8291686,13,2626.43,2398.49,1,3.29128,3.39458,3,24,0,0,0,0,,,,2.5801
8291686,14,2621.02,5497.96,8,20.8311,22.0087,3,24,0,0,1,1,2621.03,5237.64,8,21.2744
8291686,15,2615.18,4303.47,2,8.56585,8.61355,3,24,0,0,1,1,2615.18,3775.78,2,8.26795
8291686,16,2628.86,3608.02,2,7.18159,7.22158,3,24,0,0,1,1,2628.87,4247.39,1.5,8.02914
8291686,17,2621.05,24769.4,2,49.3024,49.5769,3,24,0,0,1,1,2621.06,22219.2,2,48.3974
8291686,18,2614.94,11858.8,4,33.489,33.5675,3,24,0,0,1,1,2614.93,11096.3,4,33.3842
8291686,19,2633.99,20262.2,2,40.3309,40.5555,3,24,0,0,1,1,2633.99,17118.6,2,37.6104
137809027,0,2620.06,357.443,24,5.48915,4.63158,3,24,0,0,0,0,,,,3.29035
137809027,1,2610.55,798.056,16,10.1176,8.44327,3,24,0,0,0,0,,,,4.91221
137809027,2,2628.08,3348.28,2,12.0848,12.5243,3,24,0,0,1,1,2628.08,3462.13,1.5,12.1665
137809027,3,2616.15,8004.34,1,20.9511,21.1711,3,24,0,0,1,1,2616.16,6800.38,1,19.6589
137809027,4,2619.72,843.256,2,3.04352,3.15422,3,24,0,0,0,0,,,,2.4759
137809027,5,2630.15,3652.19,8,27.9501,27.3222,3,24,0,0,1,1,2630.16,3027.24,8,25.5444
137809027,6,2619.44,7631,4,38.42,40.3672,3,24,0,0,1,1,2619.44,7033.18,4,38.7513
137809027,7,2629.04,1598.64,4,8.04872,8.45665,3,24,0,0,1,1,2629.06,1776.93,3,8.39772
137809027,8,2613.25,4162.54,4,20.9572,22.0194,3,24,0,0,1,1,2613.26,3970.22,4,21.8021
137809027,9,2611.88,4118.41,2,14.8644,15.405,3,24,0,0,1,1,2611.89,3924.65,2,15.5511
137809027,10,2611.56,1304.32,16,16.5359,13.7994,3,24,0,0,1,1,2611.6,1249.08,16,15.7316
137809027,11,2627.33,2748.88,16,34.8497,29.0826,3,24,0,0,1,1,2627.31,2419.85,16,29.9598
137809027,12,2632.78,2016.24,2,7.27709,7.54178,3,24,0,0,0,0,,,,6.66305
137809027,13,2630.61,1106.08,24,16.9858,14.3321,3,24,0,0,1,1,2630.65,975.865,24,15.4829
137809027,14,2630.14,985.021,8,7.53833,7.36899,3,24,0,0,0,0,,,,5.82953
137809027,15,2632.87,422.499,8,3.23337,3.16073,3,24,0,0,0,0,,,,3.46819
137809027,16,2631.97,643.728,16,8.16106,6.81052,3,24,0,0,0,0,,,,6.46864
137809027,17,2633.92,613.936,4,3.091,3.24766,3,24,0,0,0,0,,,,5.10199
137809027,18,2629.14,4532.28,4,22.8188,23.9753,3,24,0,0,1,1,2629.15,3993.73,4,21.663
137809027,19,2618.22,1981.26,4,9.97512,10.4807,3,24,0,0,1,1,2618.23,1806.45,4,9.9002
137883558,0,2626.79,5244.22,1,5.3522,5.50733,3,24,0,0,0,0,,,,4.44343
137883558,1,2614.17,9268.97,2,12.8918,13.766,3,24,0,0,1,1,2614.17,9683.24,1.5,13.2464
137883558,2,2629.76,11930.8,16,48.8145,50.1176,3,24,0,0,1,1,2629.79,11810.3,12,45.4224
137883558,3,2635.21,10205.2,4,20.3465,21.4343,3,24,0,0,1,1,2635.2,8971.19,4,19.1604
137883558,4,2630.84,33822.7,2,47.0425,50.2324,3,24,0,0,1,1,2630.83,29710.2,2,45.666
137883558,5,2616.5,43082.5,2,59.9214,63.9846,3,24,0,0,1,1,2616.5,43262.4,1.5,58.7658
137883558,6,2632.92,12420.7,8,36.7963,36.8935,3,24,0,0,1,1,2632.92,11214.6,8,35.7347
137883558,7,2631.24,10712.7,4,21.3584,22.5003,3,24,0,0,1,1,2631.24,10843,3,21.0166
137883558,8,2629.9,3821.11,4,7.61834,8.02564,3,24,0,0,0,0,,,,6.09571
137883558,9,2611.77,1341.67,16,5.4894,5.63594,3,24,0,0,0,0,,,,4.74709
137883558,10,2634.91,16874.4,1,17.2218,17.721,3,24,0,0,1,1,2634.9,13832.9,1,15.5649
137883558,11,2617.88,6096.5,24,32.7782,31.3651,3,24,0,0,1,1,2617.86,5359.51,24,28.8203
137883558,12,2615.88,5812.73,24,31.2525,29.9052,3,24,0,0,1,1,2615.89,5321.73,24,27.7063
137883558,13,2620.81,12888.3,16,52.7321,54.1398,3,24,0,0,1,1,2620.81,11254.1,16,51.3401
137883558,14,2630.7,7324.13,8,21.6978,21.7551,3,24,0,0,1,1,2630.68,6746.64,8,20.9686
137883558,15,2619.76,6060.3,16,24.7955,25.4574,3,24,0,0,1,1,2619.79,6311.86,12,22.081
137883558,16,2620.45,10627.6,16,43.4825,44.6433,3,24,0,0,1,1,2620.46,10305.8,12,39.4482
137883558,17,2619.83,10445.1,16,42.7356,43.8765,3,24,0,0,1,1,2619.83,9417.03,16,37.2217
137883558,18,2617.72,8058.03,8,23.872,23.935,3,24,0,0,1,1,2617.7,7100.35,8,23.1923
137883558,19,2629.67,3102.07,2,4.31453,4.6071,3,24,0,0,0,0,,,,4.45192
138558517,0,2615.77,6505.15,1,5.31103,5.34362,3,24,0,0,0,0,,,,4.60923
138558517,1,2633.96,6218.95,1,5.07737,5.10853,3,24,0,0,0,0,,,,3.43794
138558517,2,2617.86,4723.24,24,27.5913,19.0075,3,24,0,0,1,1,2617.87,3965.98,24,24.5954
138558517,3,2618.55,761.452,24,4.44811,3.06427,3,24,0,0,0,0,,,,3.80337
138558517,4,2612.31,7040.44,4,12.0289,11.5667,3,24,0,0,1,1,2612.32,4245.99,6,10.4745
138558517,5,2632.21,1921.05,24,11.222,7.73077,3,24,0,0,0,0,,,,6.93162
138558517,6,2635.21,4660.73,4,7.96305,7.65707,3,24,0,0,0,0,,,,6.55374
138558517,7,2631.51,12391.3,16,52.3129,40.7152,3,24,0,0,1,1,2631.51,11872.9,16,52.6682
138558517,8,2632.48,22551.5,2,25.2405,26.1981,3,24,0,0,1,1,2632.47,18866.8,2,23.4094
138558517,9,2629.95,3094.16,2,3.4631,3.59448,3,24,0,0,0,0,,,,3.57455
138558517,10,2633.4,15273.6,2,17.0948,17.7433,3,24,0,0,1,1,2633.4,15123,1.5,16.6742
138558517,11,2612.1,1459.75,24,8.52727,5.87437,3,24,0,0,0,0,,,,4.72678
138558517,12,2627.72,3907.42,8,10.1355,9.07849,3,24,0,0,1,1,2627.73,4048.65,6,10.2185
138558517,13,2621.61,14819.4,2,16.5864,17.2156,3,24,0,0,0,0,,,,
138558517,14,2610.97,16693.1,4,28.5208,27.4249,3,24,0,0,1,1,2610.97,14314.6,4,26.6632
138558517,15,2630.03,4645.95,8,12.0512,10.7944,3,24,0,0,1,1,2630,4666.71,6,11.4958
138558517,16,2634.91,1750.4,16,7.38973,5.75143,3,24,0,0,0,0,,,,4.7044
138558517,17,2611.1,31422.3,4,53.6863,51.6234,3,24,0,0,1,1,2611.11,28389.2,4,53.1045
138558517,18,2628.85,2577.45,4,4.40367,4.23447,3,24,0,0,0,0,,,,4.17899
138558517,19,2610.62,1455.43,8,3.77525,3.38154,3,24,0,0,0,0,,,,3.17942
138577957,0,2617.48,3849.02,4,6.71773,7.03602,3,24,0,0,1,1,2617.49,3883.95,4,7.3432
138577957,1,2614.04,4337.28,8,10.6879,11.2127,3,24,0,0,1,1,2614.06,4321.67,6,10.0918
138577957,2,2618.24,3606.45,1,3.31735,3.2963,3,24,0,0,0,0,,,,3.35168
138577957,3,2611.51,24293.3,2,30.3315,31.4014,3,24,0,0,1,1,2611.51,22568,2,31.2151
138577957,4,2632.26,16488.1,16,55.8825,60.2806,3,24,0,0,1,1,2632.26,15130.6,16,56.4496
138577957,5,2617.74,9415.52,24,38.9362,42.1596,3,24,0,0,1,1,2617.73,9643.38,16,31.5151
138577957,6,2627.53,3598.56,8,8.8676,9.30296,3,24,0,0,1,1,2627.53,3573.09,8,9.18852
138577957,7,2615.18,6462.04,4,11.2783,11.8126,3,24,0,0,1,1,2615.19,5580.26,4,10.6389
138577957,8,2625.53,10256.1,1,9.43393,9.37407,3,24,0,0,0,0,,,,
138577957,9,2625.93,6301.79,24,26.0599,28.2174,3,24,0,0,1,1,2625.94,5616.22,12,19.895
138577957,10,2612.28,15537.8,1,14.2923,14.2016,3,24,0,0,1,1,2612.29,14386.4,1,14.6489
138577957,11,2632.01,932.399,24,3.85577,4.17498,3,24,0,0,0,0,,,,4.72854
138577957,12,2635.64,6571.15,2,8.20445,8.49383,3,24,0,0,0,0,,,,6.94502
138577957,13,2626.53,7965.38,2,9.94522,10.296,3,24,0,0,1,1,2626.53,6378.67,2,8.83078
138577957,14,2619.92,2581.86,24,10.6768,11.5607,3,24,0,0,1,1,2619.97,2759.18,24,11.8767
138577957,15,2635,12283.8,4,21.439,22.4548,3,24,0,0,1,1,2634.99,11037.8,4,20.5975
138577957,16,2614.11,8283.59,2,10.3425,10.7073,3,24,0,0,1,1,2614.11,7036.34,2,9.7075
138577957,17,2634.63,13375.8,4,23.345,24.4511,3,24,0,0,1,1,2634.62,12634.2,4,24.4616
138577957,18,2635.19,7498.69,8,18.4783,19.3855,3,24,0,0,1,1,2635.19,6660.83,8,17.3057
138577957,19,2618.01,7995.18,24,33.0626,35.7998,3,24,0,0,1,1,2617.94,8311.58,16,26.8138
138661851,0,2611.68,8758.92,24,48.002,39.2979,3,24,0,0,1,1,2611.67,7828.48,24,43.0765
138661851,1,2627.81,5164.9,2,6.22389,6.68945,3,24,0,0,1,1,2627.81,5492.72,2,7.30696
138661851,2,2615.11,1052.56,16,4.18037,3.85584,3,24,0,0,0,0,,,,3.42792
138661851,3,2619.58,20563.8,4,37.674,37.6657,3,24,0,0,1,1,2619.58,18955.5,4,37.1946
138661851,4,2631.88,637.681,24,3.49472,2.86103,3,24,0,0,0,0,,,,4.19312
138661851,5,2621.47,4809.48,8,13.032,12.4582,3,24,0,0,1,1,2621.41,5069.95,4,10.2819
138661851,6,2616.7,1224.61,24,6.71128,5.49434,3,24,0,0,0,0,,,,4.63529
138661851,7,2629.56,5460.83,24,29.9273,24.5007,3,24,0,0,1,1,2629.55,4774.74,24,27.2074
138661851,8,2628.76,1017.61,24,5.57686,4.56562,3,24,0,0,0,0,,,,3.07547
138661851,9,2612.91,9051.52,1,7.67062,8.28962,3,24,0,0,0,0,,,,6.96741
138661851,10,2612.97,6253.41,4,11.4566,11.4541,3,24,0,0,1,1,2612.97,6484.51,3,10.7913
138661851,11,2617.12,17476.5,8,47.3553,45.2703,3,24,0,0,1,1,2617.12,15731,8,45.8693
138661851,12,2630.66,10468.6,2,12.615,13.5586,3,24,0,0,1,1,2630.67,9623.07,2,12.7929
138661851,13,2621.31,4944.81,1,4.19043,4.52859,3,24,0,0,0,0,,,,4.90697
138661851,14,2616.33,2866.65,2,3.45442,3.71282,3,24,0,0,0,0,,,,2.36444
138661851,15,2614.33,2378.64,24,13.0358,10.672,3,24,0,0,1,1,2614.37,2467.65,24,12.7452
138661851,16,2613.58,4326.03,24,23.7082,19.4092,3,24,0,0,1,1,2613.55,3817.49,24,18.6898
138661851,17,2631.19,1247.39,8,3.37998,3.23116,3,24,0,0,0,0,,,,3.888
138661851,18,2618.6,5689.81,2,6.85641,7.36929,3,24,0,0,1,1,2618.6,5472.25,2,7.25196
138661851,19,2618.6,793.291,16,3.15066,2.90607,3,24,0,0,0,0,,,,4.03547
141130342,0,2611.81,9186.91,4,19.4705,21.0937,3,24,0,0,1,1,2611.81,8076.22,4,18.6224
141130342,1,2613.74,2332.36,4,4.94315,5.35526,3,24,0,0,0,0,,,,4.40101
141130342,2,2618.17,2478.28,16,11.733,11.3806,3,24,0,0,1,1,2618.21,2920.92,12,12.3039
141130342,3,2635.82,561.105,24,3.52964,3.15576,3,24,0,0,0,0,,,,3.86841
141130342,4,2635.28,4135.57,1,4.62233,4.74776,3,24,0,0,0,0,,,,4.67584
141130342,5,2626.48,21321.6,2,31.8775,34.617,3,24,0,0,1,1,2626.48,20521.1,1.5,31.0265
141130342,6,2634.56,723.609,16,3.42581,3.32291,3,24,0,0,0,0,,,,2.74353
141130342,7,2628.83,2017.26,8,6.47112,6.55028,3,24,0,0,0,0,,,,6.37747
141130342,8,2616.59,636.558,16,3.01368,2.92315,3,24,0,0,0,0,,,,3.65236
141130342,9,2634.95,15587,8,50.0013,50.613,3,24,0,0,1,1,2634.94,13867,8,46.0558
141130342,10,2613.88,5465.93,24,34.3835,30.7414,3,24,0,0,1,1,2613.9,5168.27,24,31.0142
141130342,11,2619.08,5791.19,2,8.6583,9.40236,3,24,0,0,1,1,2619.09,6827.82,1.5,10.2955
141130342,12,2627.2,5555.95,24,34.9497,31.2477,3,24,0,0,1,1,2627.21,5055.54,24,33.7745
141130342,13,2614.3,2078.73,24,13.0762,11.6911,3,24,0,0,1,1,2614.35,1838.51,24,11.1325
141130342,14,2633.96,1817.74,16,8.60579,8.3473,3,24,0,0,0,0,,,,5.54368
141130342,15,2631.29,1427.47,4,3.02534,3.27756,3,24,0,0,0,0,,,,2.60638
141130342,16,2613.18,1306.09,24,8.21597,7.3457,3,24,0,0,1,1,2613.19,1828.01,24,10.9176
141130342,17,2617.06,10719.3,16,50.749,49.2246,3,24,0,0,1,1,2617.05,10624.7,12,44.6827
141130342,18,2632.13,9471.02,8,30.3819,30.7536,3,24,0,0,1,1,2632.13,8824.34,8,30.9941
141130342,19,2631.73,22613,4,47.9254,51.9209,3,24,0,0,1,1,2631.72,20635.8,4,47.7153
142381668,0,2612.63,50000,8,31.8005,47.1227,3,24,0,1,1,1,2612.65,50599.3,6,31.5388
142381668,1,2612,25899.4,2,13.1709,12.2045,3,24,0,1,1,1,2612,19563.5,2,11.1286
142381668,2,2626.79,50000,1,4.50645,16.6604,3,24,0,1,1,1,2626.78,21778.8,2,12.2496
142381668,3,2629.01,3718.85,24,6.87631,6.07057,3,24,0,1,0,0,,,,5.32744
142381668,4,2620.85,14180.5,4,7.57781,9.4501,3,24,0,1,0,0,,,,5.37489
142381668,5,2615.83,46689.3,2,23.7434,22.0012,3,24,0,1,1,1,2615.84,41424.5,2,23.09
142381668,6,2617.6,16267.2,24,30.0788,26.5543,3,24,0,1,1,1,2617.62,15253,24,26.8293
142381668,7,2619.01,50000,1,4.50645,16.6604,3,24,0,1,0,0,,,,9.01443
142381668,8,2611.49,38680.5,4,20.6702,25.7773,3,24,0,1,1,1,2611.49,39404.7,2,21.9577
142381668,9,2632.75,8566.05,4,4.57755,5.70854,3,24,0,1,0,0,,,,6.0471
142381668,10,2634.25,33898,1,3.0552,11.2951,3,24,0,1,0,0,,,,8.16728
142381668,11,2627.19,50000,2,25.427,23.5613,3,24,0,1,1,1,2627.19,43703.2,2,24.6826
142381668,12,2616.34,3928.1,16,4.22432,5.23549,3,24,0,1,0,0,,,,3.17878
142381668,13,2613.01,50000,4,26.7191,33.3207,3,24,0,1,1,1,2613.04,51701.4,2,28.7842
142381668,14,2611.72,50000,1,4.50645,16.6604,3,24,0,1,1,1,2611.72,23587.6,2,13.2132
142381668,15,2629.55,46917.1,1,4.22859,15.6331,3,24,0,1,0,0,,,,10.475
142381668,16,2626.85,28854.6,24,53.3534,47.1016,3,24,0,1,1,1,2626.83,25096.9,24,48.8189
142381668,17,2625.28,50000,1,4.50645,16.6604,3,24,0,1,0,0,,,,
142381668,18,2629.6,6375.24,16,6.856,8.49711,3,24,0,1,0,0,,,,5.81909
142381668,19,2610.74,50000,2,25.427,23.5613,3,24,0,1,1,1,2610.74,45013.4,2,25.2501
142381847,0,2626.37,580.637,16,16.1543,25.9053,3,24,0,0,1,1,2626.36,582.26,16,18.1611
142381847,1,2625.92,580.822,16,16.1594,25.9136,3,24,0,0,1,1,2625.95,612.725,12,16.9765
142381847,2,2634.65,3122.77,2,39.3897,49.2583,3,24,0,0,1,1,2634.65,2760.72,2,38.4616
142381847,3,2629.09,1631.21,24,53.7317,89.1332,3,24,0,0,1,1,2629.08,1547.94,24,55.9475
142381847,4,2614.63,1077.19,8,22.3631,33.9829,3,24,0,0,1,1,2614.63,877.535,8,18.0336
142381847,5,2614.45,1572.37,2,19.8334,24.8024,3,24,0,0,1,1,2614.46,1320.4,2,18.5785
142381847,6,2632.68,355.998,8,7.39074,11.2309,3,24,0,0,1,1,2632.69,400.864,4,7.23455
142381847,7,2635.3,421.038,24,13.8689,23.0065,3,24,0,0,1,1,2635.33,383.215,16,12.3379
142381847,8,2631.01,1860.12,8,38.6173,58.6827,3,24,0,0,1,1,2631.01,1596.71,8,35.82
142381847,9,2610.91,282.747,4,4.76066,6.30741,3,24,0,0,0,0,,,,4.131
142381847,10,2620.49,518.785,1,5.04023,5.78644,3,24,0,0,0,0,,,,5.91464
142381847,11,2629.33,1262,1,12.2609,14.0761,3,24,0,0,1,1,2629.34,1030.61,1,11.1106
142381847,12,2635.32,260.297,2,3.2833,4.10589,3,24,0,0,0,0,,,,4.2158
142381847,13,2619.85,321.483,1,3.12335,3.58577,3,24,0,0,0,0,,,,4.1999
142381847,14,2633.55,267.417,16,7.43998,11.9309,3,24,0,0,0,0,,,,6.048
142381847,15,2635.86,1733.18,24,57.0905,94.7049,3,24,0,0,1,1,2635.66,1827.5,8,42.5901
142381847,16,2632.53,561.596,16,15.6245,25.0558,3,24,0,0,1,1,2632.53,556,12,14.8269
142381847,17,2631.87,391.309,1,3.80174,4.36459,3,24,0,0,0,0,,,,4.96109
142381847,18,2613.51,1992.18,1,19.3549,22.2205,3,24,0,0,1,1,2613.51,1770.77,1,19.0145
142381847,19,2627.61,991.722,2,12.5093,15.6433,3,24,0,0,1,1,2627.61,893.44,1.5,11.1525
154549726,0,2612.16,12073.5,8,59.1476,124.333,3,24,0,0,1,1,2612.17,11918.7,6,61.9701
154549726,1,2613.41,3604.45,2,13.6227,18.5593,3,24,0,0,1,1,2613.41,4128.83,1.5,15.6502
154549726,2,2632.33,826.707,8,4.05,8.51345,3,24,0,0,0,0,,,,3.43642
154549726,3,2615.1,2842.62,1,8.75349,10.3497,3,24,0,0,0,0,,,,6.22297
154549726,4,2627.58,493.376,24,3.12198,8.8002,3,24,0,0,0,0,,,,3.03439
154549726,5,2629.64,1442.18,1,4.441,5.25084,3,24,0,0,0,0,,,,3.01962
154549726,6,2630.06,1069.54,24,6.76781,19.077,3,24,0,0,0,0,,,,4.00742
154549726,7,2617.1,9849.63,1,30.3307,35.8616,3,24,0,0,1,1,2617.1,8946.02,1,30.4356
154549726,8,2621.3,3799.45,2,14.3597,19.5634,3,24,0,0,1,1,2621.31,3915.78,1.5,14.6739
154549726,9,2627.28,10036.3,1,30.9055,36.5412,3,24,0,0,1,1,2627.28,8331.44,1,28.3076
154549726,10,2627.96,876.222,2,3.31161,4.51168,3,24,0,0,0,0,,,,2.34901
154549726,11,2631.11,868.542,4,3.97012,6.32456,3,24,0,0,0,0,,,,4.06414
154549726,12,2618.96,1731.25,8,8.4813,17.8284,3,24,0,0,1,1,2618.94,2121.63,6,10.6498
154549726,13,2635.57,653.358,24,4.13432,11.6538,3,24,0,0,0,0,,,,4.02214
154549726,14,2627.69,2179.97,8,10.6796,22.4494,3,24,0,0,1,1,2627.72,2425.16,3,11.5577
154549726,15,2618.97,3260.02,4,14.9016,23.7388,3,24,0,0,1,1,2618.96,3496.59,3,16.4404
154549726,16,2614.16,10087,8,49.4156,103.876,3,24,0,0,1,1,2614.14,9871,6,51.9431
154549726,17,2634.71,875.396,16,4.9237,12.7489,3,24,0,0,0,0,,,,6.11912
154549726,18,2619.82,3423.23,16,19.2541,49.8545,3,24,0,0,1,1,2619.83,3529.97,12,18.729
154549726,19,2634.89,1071.96,2,4.05138,5.51952,3,24,0,0,0,0,,,,4.7183
154565497,0,2629.28,4813.4,1,7.25663,7.69445,3,24,0,0,1,1,2629.28,4541.68,1,7.6005
154565497,1,2632.82,3954.53,24,32.4328,30.9689,3,24,0,0,1,1,2632.83,3567.19,24,25.11
154565497,2,2633.49,12248.6,1,18.4658,19.58,3,24,0,0,1,1,2633.49,11165.3,1,18.6753
154565497,3,2630.7,4365.52,4,12.6609,13.957,3,24,0,0,1,1,2630.7,4043.84,4,12.7852
154565497,4,2632.55,5522.84,1,8.32617,8.82852,3,24,0,0,1,1,2632.54,5521.97,1,9.25163
154565497,5,2621.28,2578.06,1,3.88665,4.12114,3,24,0,0,0,0,,,,4.39222
154565497,6,2621.11,14288.9,4,41.4408,45.683,3,24,0,0,1,1,2621.1,13033.8,4,41.1863
154565497,7,2629.92,6141.53,8,26.2198,27.7682,3,24,0,0,1,1,2629.92,5614.8,8,26.1922
154565497,8,2614.21,4269.61,8,18.2281,19.3045,3,24,0,0,1,1,2614.21,3940.73,8,17.1569
154565497,9,2630.1,3991.25,2,8.49146,9.02297,3,24,0,0,1,1,2630.09,4579.14,2,10.9427
154565497,10,2627.73,3873.99,8,16.5391,17.5158,3,24,0,0,1,1,2627.71,3086.55,8,14.0511
154565497,11,2631.01,8732.59,4,25.3264,27.9189,3,24,0,0,1,1,2631.01,7616.74,4,24.1676
154565497,12,2627.3,3244.27,8,13.8506,14.6685,3,24,0,0,1,1,2627.36,3471.41,6,14.111
154565497,13,2619.92,4850.61,24,39.782,37.9864,3,24,0,0,1,1,2619.92,4109.97,24,35.6353
154565497,14,2633.25,5592.41,24,45.8658,43.7955,3,24,0,0,1,1,2633.26,5086.95,24,36.9148
154565497,15,2618.26,3541.37,4,10.2707,11.3221,3,24,0,0,1,1,2618.26,4145.16,3,11.466
154565497,16,2629.29,5513.83,2,11.7308,12.465,3,24,0,0,1,1,2629.28,5816.51,1.5,12.1523
154565497,17,2612.24,1574.51,2,3.34979,3.55947,3,24,0,0,0,0,,,,5.18448
154565497,18,2620.5,4398.63,24,36.0751,34.4468,3,24,0,0,1,1,2620.49,3784.18,24,33.909
154565497,19,2627.37,1834.35,8,7.83132,8.2938,3,24,0,0,1,1,2627.37,2523.33,6,10.2288
155856781,0,2611.26,910.276,24,6.03711,7.73428,3,24,0,0,0,0,,,,5.25536
155856781,1,2612.43,4372.64,1,7.44555,7.58377,3,24,0,0,0,0,,,,6.38488
155856781,2,2614.41,1212.05,16,7.13647,8.40858,3,24,0,0,1,1,2614.35,1695.34,12,8.61939
155856781,3,2630.34,4205.96,16,24.7643,29.1787,3,24,0,0,1,1,2630.37,4094.69,12,20.9045
155856781,4,2620.3,4999.61,2,12.0652,12.2629,3,24,0,0,1,1,2620.3,4016.18,2,10.6966
155856781,5,2618.7,2479.68,4,7.81725,8.60137,3,24,0,0,1,1,2618.7,2855.44,3,8.83732
155856781,6,2627.37,21495.3,2,51.8731,52.7229,3,24,0,0,1,1,2627.37,18976.9,2,50.4382
155856781,7,2617.22,1270.89,24,8.42877,10.7983,3,24,0,0,0,0,,,,3.94833
155856781,8,2614.25,18508.8,1,31.5161,32.1011,3,24,0,0,1,1,2614.25,16143.6,1,30.5302
155856781,9,2613.58,1149.26,16,6.76677,7.97298,3,24,0,0,0,0,,,,6.16481
155856781,10,2635.26,6213,24,41.2057,52.7896,3,24,0,0,1,1,2635.19,6114.57,16,37.8203
155856781,11,2611.04,5551.03,2,13.3959,13.6154,3,24,0,0,1,1,2611.05,5393.35,2,14.3561
155856781,12,2632.56,660.051,24,4.37758,5.60821,3,24,0,0,0,0,,,,3.24149
155856781,13,2630.44,3492.22,1,5.9464,6.05679,3,24,0,0,0,0,,,,5.52167
155856781,14,2635.75,21091.2,1,35.9132,36.5799,3,24,0,0,1,1,2635.75,17772.3,1,33.5265
155856781,15,2627.49,5024.69,8,22.3877,24.6488,3,24,0,0,1,1,2627.49,4181.38,8,20.7299
155856781,16,2630.24,1667.92,2,4.02508,4.09102,3,24,0,0,0,0,,,,3.62834
155856781,17,2632.42,10997,2,26.5384,26.9731,3,24,0,0,1,1,2632.42,8911.73,2,23.9197
155856781,18,2629.92,20802.5,2,50.2013,51.0237,3,24,0,0,1,1,2629.92,18785,2,49.6531
155856781,19,2633.62,1391.72,4,4.38743,4.82751,3,24,0,0,0,0,,,,4.99051
156214615,0,2627.18,759.856,8,4.37047,4.94719,3,24,0,0,0,0,,,,3.51829
156214615,1,2630.78,3009.49,8,17.3097,19.5939,3,24,0,0,1,1,2630.78,2775.8,8,17.1783
156214615,2,2630.35,1900.48,4,8.72009,8.74937,3,24,0,0,1,1,2630.35,1514.92,4,7.98986
156214615,3,2615.76,320.673,24,3.65588,3.61619,3,24,0,0,0,0,,,,2.30771
156214615,4,2617.16,1075.01,4,4.9325,4.94907,3,24,0,0,0,0,,,,5.00845
156214615,5,2615.58,17425.6,1,40.694,40.1116,3,24,0,0,1,1,2615.58,14562.6,1,37.5649
156214615,6,2626.47,3774.39,2,12.109,12.287,3,24,0,0,1,1,2626.47,3939.24,2,14.011
156214615,7,2616.05,17326.2,1,40.462,39.8829,3,24,0,0,1,1,2616.04,14738,1,38.0047
156214615,8,2626.85,1419.62,1,3.31523,3.26778,3,24,0,0,0,0,,,,2.81939
156214615,9,2615.71,3287.24,24,37.4767,37.0698,3,24,0,0,1,1,2615.69,2877.44,24,28.6793
156214615,10,2629.8,10697.2,2,34.3188,34.8231,3,24,0,0,1,1,2629.8,9433.76,2,32.9888
156214615,11,2626.62,1521.52,1,3.5532,3.50235,3,24,0,0,0,0,,,,2.89132
156214615,12,2616.52,5678.78,2,18.2187,18.4864,3,24,0,0,1,1,2616.51,4908.04,2,17.13
156214615,13,2626.89,7525.31,8,43.2834,48.995,3,24,0,0,1,1,2626.88,7486.67,6,41.3306
156214615,14,2615.5,11329.1,4,51.9817,52.1562,3,24,0,0,1,1,2615.5,10073.2,4,49.2504
156214615,15,2627.82,3737.13,8,21.4949,24.3313,3,24,0,0,1,1,2627.83,3458.01,8,20.8259
156214615,16,2614.31,9476.46,8,54.5058,61.6983,3,24,0,0,1,1,2614.33,9745.98,6,53.0933
156214615,17,2632.85,388.72,16,3.14355,3.57914,3,24,0,0,0,0,,,,3.21526
156214615,18,2628.43,10639.4,1,24.8462,24.4906,3,24,0,0,1,1,2628.43,8920.13,1,23.0501
156214615,19,2628.44,5151.01,8,29.6271,33.5367,3,24,0,0,1,1,2628.44,4640,8,27.8346
147625703,0,2611.71,3249,24,21.9737,23.5442,3,24,0,0,1,1,2611.83,2770.52,24,21.1821
147625703,1,2615.87,1153.22,16,5.73601,6.82335,3,24,0,0,0,0,,,,4.0037
147625703,2,2634.82,1469.27,16,7.30803,8.69336,3,24,0,0,0,0,,,,6.85022
147625703,3,2613.55,2094.65,8,7.36858,8.76363,3,24,0,0,1,1,2613.54,2390.01,6,8.08589
147625703,4,2633.43,2078.77,24,14.0592,15.064,3,24,0,0,1,1,2633.51,1731.13,24,11.5673
147625703,5,2616.06,1043.52,24,7.05758,7.56198,3,24,0,0,0,0,,,,3.58032
147625703,6,2631.71,16415.9,4,41.2373,48.5649,3,24,0,0,1,1,2631.72,15117.4,4,40.8971
147625703,7,2634.15,1141.94,24,7.72316,8.27513,3,24,0,0,0,0,,,,4.79508
147625703,8,2635.37,7319.13,16,36.4048,43.3058,3,24,0,0,1,1,2635.4,7493.5,12,36.4352
147625703,9,2615.03,4292.3,2,8.24509,8.97908,3,24,0,0,1,1,2615.03,3929.56,2,8.25658
147625703,10,2627.06,4835.29,4,12.1464,14.3047,3,24,0,0,1,1,2627.06,5034.62,3,12.4338
147625703,11,2621.21,17312.5,2,33.2557,36.2161,3,24,0,0,1,1,2621.21,17241.8,1.5,32.3352
147625703,12,2631.6,11983.1,2,23.0183,25.0674,3,24,0,0,1,1,2631.6,11567.6,1.5,22.0432
147625703,13,2616.13,2799.94,2,5.37843,5.85722,3,24,0,0,0,0,,,,5.47908
147625703,14,2634.16,5630.2,8,19.806,23.5557,3,24,0,0,1,1,2634.14,5083.46,8,19.4967
147625703,15,2615.86,12753,8,44.8624,53.356,3,24,0,0,1,1,2615.87,11252.4,8,42.5641
147625703,16,2628.06,10648.2,4,26.7485,31.5016,3,24,0,0,1,1,2628.07,9783.33,4,27.2159
147625703,17,2616.99,3812.06,1,5.32357,5.63881,3,24,0,0,0,0,,,,3.32815
147625703,18,2619.67,1896.69,8,6.67218,7.93538,3,24,0,0,0,0,,,,5.17643
147625703,19,2615.35,15209.3,4,38.2063,44.9953,3,24,0,0,1,1,2615.37,15304.1,3,37.8381
147627082,0,2635.39,6217.53,24,29.6972,33.1752,3,24,0,0,1,1,2635.31,5891.25,16,20.596
147627082,1,2615.39,15386.1,8,33.7669,47.3985,3,24,0,0,1,1,2615.4,16133.8,6,34.7038
147627082,2,2627.86,3984.63,1,3.90295,4.33989,3,24,0,0,0,0,,,,3.47901
147627082,3,2626.04,5850.09,24,27.9422,31.2146,3,24,0,0,1,1,2626.07,5555.59,16,20.0649
147627082,4,2628.94,1150.54,16,3.81395,5.01247,3,24,0,0,0,0,,,,3.03674
147627082,5,2635.1,1248.28,16,4.13794,5.43828,3,24,0,0,0,0,,,,2.86655
147627082,6,2628.78,1808.9,24,8.63998,9.65184,3,24,0,0,0,0,,,,5.30667
147627082,7,2630.28,2976.97,16,9.86842,12.9695,3,24,0,0,1,1,2630.12,1860.3,24,9.31141
147627082,8,2618.33,11088.7,1,10.8613,12.0773,3,24,0,0,1,1,2618.34,9984.78,1,10.7902
147627082,9,2633.28,31375.2,4,57.7648,68.345,3,24,0,0,1,1,2633.28,28314.7,4,56.1061
147627082,10,2620.31,4801.57,4,8.84016,10.4593,3,24,0,0,1,1,2620.3,5269.21,3,9.38587
147627082,11,2620.1,1854.72,16,6.14824,8.08031,3,24,0,0,0,0,,,,4.43674
147627082,12,2613.62,11562.9,8,25.3763,35.6206,3,24,0,0,1,1,2613.61,11679.8,6,24.6729
147627082,13,2612.61,24903.1,1,24.3926,27.1234,3,24,0,0,1,1,2612.62,19277.8,1,20.8426
147627082,14,2619.41,7212.58,16,23.9091,31.4225,3,24,0,0,1,1,2619.43,6483.17,16,22.4961
147627082,15,2611.39,1450.85,8,3.18408,4.46947,3,24,0,0,0,0,,,,2.63894
147627082,16,2634.66,16881.2,8,37.0481,52.0043,3,24,0,0,1,1,2634.69,16299.6,6,34.0561
147627082,17,2630.02,1063.2,24,5.07825,5.67299,3,24,0,0,0,0,,,,3.99944
147627082,18,2631.58,2677.21,4,4.929,5.83179,3,24,0,0,0,0,,,,5.05466
147627082,19,2629.62,50000,1,48.9749,54.4578,3,24,0,0,1,1,2629.63,43027.8,1,46.5833
147713955,0,2616.63,2712.12,2,10.5559,11.7741,3,24,0,0,1,1,2616.63,2807.35,1.5,10.5935
147713955,1,2611.07,9453.2,2,36.7932,41.039,3,24,0,0,1,1,2611.08,8103.39,2,34.8943
147713955,2,2621.18,12268.3,1,33.9915,37.6607,3,24,0,0,1,1,2621.19,9925.37,1,30.5786
147713955,3,2626.31,2500.62,1,6.9284,7.67627,3,24,0,0,0,0,,,,5.91918
147713955,4,2617.21,1125.52,1,3.11845,3.45507,3,24,0,0,0,0,,,,2.17201
147713955,5,2619.53,725.674,24,11.5179,10.9132,3,24,0,0,1,1,2619.59,769.922,24,12.6843
147713955,6,2615.35,6053.43,8,44.3032,52.5593,3,24,0,0,1,1,2615.35,5545.3,8,43.8078
147713955,7,2627.24,1064.86,16,12.0451,13.0754,3,24,0,0,1,1,2627.24,1015.87,16,11.4092
147713955,8,2613.08,1241.23,16,14.0401,15.241,3,24,0,0,1,1,2613.08,926.456,16,11.3966
147713955,9,2626.11,4916.88,4,27.1191,30.1872,3,24,0,0,1,1,2626.12,4235.58,4,25.5379
147713955,10,2631.42,8846.68,2,34.4325,38.406,3,24,0,0,1,1,2631.42,7740.05,2,33.3996
147713955,11,2628.36,2977.2,4,16.4207,18.2785,3,24,0,0,1,1,2628.36,2784.64,4,16.664
147713955,12,2629.8,5652.23,4,31.1749,34.7019,3,24,0,0,1,1,2629.8,4939.99,4,30.0396
147713955,13,2618.26,1891.07,2,7.36029,8.20966,3,24,0,0,0,0,,,,6.27403
147713955,14,2612.42,458.659,16,5.18812,5.63187,3,24,0,0,0,0,,,,5.11542
147713955,15,2629.42,3687.82,4,20.3402,22.6414,3,24,0,0,1,1,2629.43,2910.42,4,16.2123
147713955,16,2613.85,1773.08,2,6.90109,7.69746,3,24,0,0,1,1,2613.84,2168.01,1.5,8.15146
147713955,17,2634.71,862.122,8,6.30961,7.48544,3,24,0,0,0,0,,,,5.76313
147713955,18,2611.26,5898.48,1,16.3428,18.1069,3,24,0,0,1,1,2611.26,4800.02,1,14.7153
147713955,19,2631.48,517.605,24,8.21541,7.78408,3,24,0,0,0,0,,,,5.57134
147895461,0,2631.62,4991.53,1,5.61841,6.39658,3,24,0,0,0,0,,,,6.2104
147895461,1,2629.35,12085.6,8,32.948,43.8052,3,24,0,0,1,1,2629.34,10506.6,8,29.4163
147895461,2,2635.79,6163.55,8,16.8032,22.3404,3,24,0,0,1,1,2635.74,5253.21,4,11.7889
147895461,3,2613.99,9606.59,4,19.3432,24.6214,3,24,0,0,1,1,2613.99,10121.5,3,19.686
147895461,4,2620.47,1115.03,8,3.03981,4.04151,3,24,0,0,0,0,,,,4.39674
147895461,5,2625.88,3941.62,2,5.83847,7.14338,3,24,0,0,0,0,,,,6.80158
147895461,6,2615.24,6260.88,16,25.6667,32.0929,3,24,0,0,1,1,2615.23,5885.45,16,25.3947
147895461,7,2630.89,7439.06,1,8.37333,9.53305,3,24,0,0,1,1,2630.88,7053.47,1,8.81299
147895461,8,2633.15,8463.29,4,17.0411,21.6912,3,24,0,0,1,1,2633.15,8117.45,4,17.8332
147895461,9,2621.07,15704.8,1,17.6772,20.1255,3,24,0,0,1,1,2621.07,13047.2,1,16.1585
147895461,10,2627.69,7030.01,16,28.8198,36.0355,3,24,0,0,1,1,2627.67,6075.45,16,25.5614
147895461,11,2628.76,28780.6,2,42.6309,52.1589,3,24,0,0,1,1,2628.76,25381.2,2,41.4789
147895461,12,2634.87,5672.92,16,23.2563,29.0791,3,24,0,0,1,1,2634.88,5453.81,16,23.3693
147895461,13,2631.75,13685,8,37.3084,49.6026,3,24,0,0,1,1,2631.74,12336.1,8,36.4219
147895461,14,2635.71,43322.6,1,48.7634,55.5173,3,24,0,0,1,1,2635.72,35407.8,1,44.0071
147895461,15,2612.41,3669.87,8,10.0049,13.3018,3,24,0,0,1,1,2612.41,3753.68,8,11.0973
147895461,16,2632.94,8042.73,8,21.9263,29.1516,3,24,0,0,1,1,2632.94,6924.5,8,20.5848
147895461,17,2620.12,6720.49,8,18.3216,24.359,3,24,0,0,1,1,2620.12,5622.59,8,16.6325
147895461,18,2633.2,3396.8,16,13.9253,17.4118,3,24,0,0,1,1,2633.24,3346.16,16,14.3525
147895461,19,2619.64,3085.34,24,15.161,19.3697,3,24,0,0,1,1,2619.64,3230.08,16,13.4029
156214727,0,2627.78,10431,2,12.9497,13.3996,3,24,0,0,1,1,2627.78,9154.22,2,12.4643
156214727,1,2619.36,5722.95,4,10.2845,10.3968,3,24,0,0,1,1,2619.35,5333.62,4,10.267
156214727,2,2611.58,2947.97,2,3.6598,3.78694,3,24,0,0,0,0,,,,4.51564
156214727,3,2619.79,3250.49,8,8.48793,8.35112,3,24,0,0,1,1,2619.78,3350.27,8,9.34754
156214727,4,2626.67,9737.71,4,17.4993,17.6904,3,24,0,0,1,1,2626.67,7916.33,4,15.8854
156214727,5,2634.12,5807.44,24,29.9873,25.843,3,24,0,0,1,1,2634.11,5425.54,24,23.6346
156214727,6,2616.98,2175.33,24,11.2325,9.68018,3,24,0,0,1,1,2616.94,2535.52,24,13.5184
156214727,7,2621.37,2717.48,4,4.8835,4.93683,3,24,0,0,0,0,,,,4.72494
156214727,8,2627.86,14464.6,2,17.9573,18.5812,3,24,0,0,1,1,2627.85,13297.3,2,18.1844
156214727,9,2632.56,8662.9,2,10.7547,11.1283,3,24,0,0,1,1,2632.56,7532.56,2,10.2668
156214727,10,2614.1,639.308,24,3.30113,2.8449,3,24,0,0,0,0,,,,2.54774
156214727,11,2626.62,9226.11,1,8.12903,8.38051,3,24,0,0,0,0,,,,5.88828
156214727,12,2618.05,25158.6,4,45.2117,45.7054,3,24,0,0,1,1,2618.05,22406.7,4,43.8306
156214727,13,2616.46,17567.3,1,15.4783,15.9572,3,24,0,0,1,1,2616.46,15580.6,1,15.2227
156214727,14,2615.87,1646.44,24,8.50153,7.3266,3,24,0,0,0,0,,,,4.62356
156214727,15,2618.82,9348.64,4,16.8002,16.9836,3,24,0,0,1,1,2618.82,8921.66,4,18.0756
156214727,16,2631.15,8969.82,2,11.1357,11.5226,3,24,0,0,1,1,2631.14,6774.26,2,9.33663
156214727,17,2614.53,50000,1,44.0545,45.4173,3,24,0,0,1,1,2614.52,43244.3,1,42.302
156214727,18,2621.57,18517.3,2,22.9886,23.7872,3,24,0,0,0,0,,,,
156214727,19,2627.31,1657.46,16,5.80843,6.02218,3,24,0,0,0,0,,,,6.80064
156508369,0,2619.69,1328.55,16,4.44454,5.07437,3,24,0,0,0,0,,,,3.25288
156508369,1,2621.38,2339.6,16,7.82694,8.93608,3,24,0,0,0,0,,,,4.845
156508369,2,2635.62,1148.68,24,4.42128,5.37341,3,24,0,0,0,0,,,,3.37951
156508369,3,2621.31,4712.36,1,4.04999,4.4997,3,24,0,0,0,0,,,,4.3457
156508369,4,2632.27,4137.08,2,4.73955,5.58668,3,24,0,0,0,0,,,,4.52741
156508369,5,2618.35,7325.66,16,24.5074,27.9803,3,24,0,0,1,1,2618.38,7445.81,12,25.5679
156508369,6,2633.96,7473.93,2,8.56232,10.0927,3,24,0,0,1,1,2633.95,6910.48,1.5,7.79269
156508369,7,2627.66,5667.84,2,6.49323,7.65382,3,24,0,0,1,1,2627.64,5773.84,2,7.26543
156508369,8,2619.93,7495.88,8,17.6742,20.2448,3,24,0,0,1,1,2619.92,6607.7,8,15.9272
156508369,9,2614.19,5214.75,1,4.48177,4.97942,3,24,0,0,0,0,,,,2.47586
156508369,10,2628.33,16591.9,8,39.1214,44.8112,3,24,0,0,1,1,2628.32,15507.4,8,39.5385
156508369,11,2632.37,50000,1,42.972,47.7436,3,24,0,0,1,1,2632.37,39498.1,1,37.5994
156508369,12,2619.66,1388.74,8,3.27444,3.75068,3,24,0,0,0,0,,,,2.90874
156508369,13,2611.06,19684.2,8,46.4125,53.1627,3,24,0,0,1,1,2611.07,17696.6,8,45.5899
156508369,14,2627.78,11928.8,4,19.4881,22.7809,3,24,0,0,1,1,2627.78,10643.5,4,18.7165
156508369,15,2626.98,1874.68,4,3.06268,3.58016,3,24,0,0,0,0,,,,3.15492
156508369,16,2629.53,3748.32,4,6.12365,7.15833,3,24,0,0,0,0,,,,6.68036
156508369,17,2630.72,12100.3,8,28.5307,32.6802,3,24,0,0,1,1,2630.72,11062.5,8,27.8811
156508369,18,2625.89,16091.5,8,37.9416,43.4598,3,24,0,0,1,1,2625.89,15358.5,8,39.7565
156508369,19,2616.52,3427.51,24,13.1925,16.0336,3,24,0,0,1,1,2616.47,3596.98,24,13.985
156511681,0,2611.11,9013.05,2,16.1249,17.1411,3,24,0,0,1,1,2611.1,9721.38,1.5,16.5217
156511681,1,2611.62,9652.11,16,43.7458,51.9199,3,24,0,0,1,1,2611.6,9230.21,12,39.0075
156511681,2,2613.92,5445.62,24,30.1873,35.876,3,24,0,0,1,1,2613.97,5016.54,24,25.4346
156511681,3,2635.96,1064.71,8,3.74395,4.04975,3,24,0,0,0,0,,,,1.64396
156511681,4,2619.88,2075.7,24,11.5065,13.6749,3,24,0,0,1,1,2619.87,1951.79,24,11.9982
156511681,5,2612.14,1053.67,16,4.7755,5.66781,3,24,0,0,0,0,,,,4.23529
156511681,6,2616.56,3362.12,16,15.238,18.0853,3,24,0,0,1,1,2616.55,3078.68,16,13.9056
156511681,7,2617.03,8230.93,1,10.4816,11.0688,3,24,0,0,1,1,2617.03,6055.25,1,8.53349
156511681,8,2632.1,15467.9,8,54.3912,58.8339,3,24,0,0,1,1,2632.1,15806.8,6,50.9258
156511681,9,2611.72,41893.3,1,53.3486,56.3373,3,24,0,0,1,1,2611.72,34965.7,1,49.2795
156511681,10,2620.33,9011.49,24,49.9543,59.3682,3,24,0,0,1,1,2620.33,8664.09,24,51.6315
156511681,11,2628,6470.85,1,8.24024,8.70187,3,24,0,0,1,1,2627.99,5726.32,1,8.06659
156511681,12,2615.06,732.339,16,3.31915,3.93934,3,24,0,0,0,0,,,,4.30762
156511681,13,2629.75,7061.92,4,16.8794,18.9935,3,24,0,0,1,1,2629.76,7944.34,3,19.1667
156511681,14,2633.49,2057.16,24,11.4036,13.5527,3,24,0,0,0,0,,,,6.2586
156511681,15,2632.55,705.085,24,3.90857,4.64514,3,24,0,0,0,0,,,,2.40911
156511681,16,2626.04,1788.5,4,4.27487,4.81029,3,24,0,0,0,0,,,,3.29742
156511681,17,2635.14,10403.4,24,57.67,68.5378,3,24,0,0,1,1,2634.98,8433.52,24,47.7022
156511681,18,2627.71,9592.22,24,53.1736,63.1941,3,24,0,0,1,1,2627.71,8187.24,24,43.9054
156511681,19,2618.04,2571,8,9.04065,9.77909,3,24,0,0,1,1,2617.99,2664.73,8,10.2462
157263680,0,2618.65,1863.09,24,12.8158,8.43687,3,24,0,0,1,1,2618.65,1655.28,24,11.1239
157263680,1,2621.35,22788,4,50.3227,42.1288,3,24,0,0,1,1,2621.36,20749.6,4,50.2247
157263680,2,2631.31,5527.22,8,19.1145,14.4509,3,24,0,0,1,1,2631.3,4909.51,8,18.8528
157263680,3,2610.8,18467,1,17.905,17.0702,3,24,0,0,1,1,2610.8,16327.9,1,17.5082
157263680,4,2628.24,4151.69,8,14.3576,10.8546,3,24,0,0,1,1,2628.21,3404.96,8,12.7567
157263680,5,2627.12,16882.4,2,24.7471,22.0695,3,24,0,0,1,1,2627.12,15659.7,2,25.5444
157263680,6,2610.92,7840.97,24,53.9364,35.5074,3,24,0,0,1,1,2611.01,7875.59,16,42.0037
157263680,7,2616.12,12821.5,8,44.3401,33.5219,3,24,0,0,1,1,2616.13,11573.4,8,41.5263
157263680,8,2611.24,5980.13,16,30.2592,22.1113,3,24,0,0,1,1,2611.25,5564.7,16,29.4361
157263680,9,2629.78,17750.2,4,39.1978,32.8154,3,24,0,0,1,1,2629.78,15949.2,4,38.3173
157263680,10,2610.42,7393.6,16,37.4113,27.3375,3,24,0,0,1,1,2610.53,7735.19,6,24.3985
157263680,11,2626.81,490.461,24,3.37378,2.22102,3,24,0,0,0,0,,,,2.92942
157263680,12,2614.16,8411.37,16,42.5612,31.1007,3,24,0,0,1,1,2614.17,7412.57,16,40.4594
157263680,13,2619.14,5156.12,2,7.55813,6.74033,3,24,0,0,1,1,2619.14,5404.83,2,8.77554
157263680,14,2630.17,35203.9,1,34.1325,32.5412,3,24,0,0,1,1,2630.18,29238.2,1,31.3982
157263680,15,2629.03,18831,1,18.2579,17.4067,3,24,0,0,1,1,2629.03,14193.5,1,15.2746
157263680,16,2635.74,890.555,16,4.50617,3.29279,3,24,0,0,0,0,,,,3.0857
157263680,17,2633.36,5034.59,4,11.1179,9.30759,3,24,0,0,1,1,2633.37,5064.01,4,12.3016
157263680,18,2614.21,24211.6,2,35.4907,31.6506,3,24,0,0,1,1,2614.21,20619.4,2,30.6179
157263680,19,2619.99,2290.63,2,3.35774,2.99443,3,24,0,0,0,0,,,,3.8289
142381853,0,2633.46,394.004,24,4.16865,3.20716,3,24,0,0,0,0,,,,4.66137
142381853,1,2611.76,2570.76,24,27.1991,20.9257,3,24,0,0,1,1,2611.8,2619.8,24,26.7098
142381853,2,2629.37,3435.43,2,8.4375,8.07252,3,24,0,0,1,1,2629.37,2652.24,2,7.16308
142381853,3,2610.43,12230.2,1,20.9768,20.3211,3,24,0,0,1,1,2610.43,9646.09,1,18.361
142381853,4,2612.11,4980.4,24,52.6937,40.54,3,24,0,0,1,1,2612.12,4478.25,24,42.8882
142381853,5,2635.4,2392.65,4,8.30399,7.95101,3,24,0,0,1,1,2635.41,3325.7,3,11.0854
142381853,6,2620.18,6343.67,4,22.0165,21.0806,3,24,0,0,1,1,2620.19,6337.34,3,20.9615
142381853,7,2612.56,6113.27,1,10.4852,10.1575,3,24,0,0,1,1,2612.57,4855.29,1,9.21061
142381853,8,2619.21,2218.66,2,5.44908,5.21337,3,24,0,0,0,0,,,,5.18814
142381853,9,2634.59,13152.3,2,32.3024,30.9051,3,24,0,0,1,1,2634.59,12098.1,2,32.7122
142381853,10,2629.94,9573.54,2,23.5128,22.4958,3,24,0,0,1,1,2629.94,9891.16,2,26.8775
142381853,11,2626.76,18087.4,2,44.423,42.5014,3,24,0,0,1,1,2626.77,15708.2,2,42.4779
142381853,12,2625.98,531.296,16,4.68998,3.5311,3,24,0,0,0,0,,,,3.39179
142381853,13,2619.01,23245.7,1,39.8701,38.6239,3,24,0,0,1,1,2619.01,18802.4,1,35.6748
142381853,14,2633.3,2137.52,16,18.8689,14.2064,3,24,0,0,1,1,2633.35,1885.9,16,17.9439
142381853,15,2618.76,2690.69,1,4.61497,4.47072,3,24,0,0,0,0,,,,3.46914
142381853,16,2613.37,320.164,24,3.3874,2.6061,3,24,0,0,0,0,,,,3.18739
142381853,17,2632.48,14777.9,2,36.2948,34.7248,3,24,0,0,1,1,2632.49,13560.1,2,36.6305
142381853,18,2633.76,2907.82,2,7.14169,6.83277,3,24,0,0,1,1,2633.76,2989.05,2,8.11049
142381853,19,2631.57,1930.61,4,6.70044,6.41562,3,24,0,0,0,0,,,,5.18408
142414712,0,2616.65,1011.02,1,4.62127,6.39025,3,24,0,0,0,0,,,,3.80241
142414712,1,2613.81,8810.34,4,50.2634,111.373,3,24,0,0,1,1,2613.82,8787.18,3,52.9383
142414712,2,2615.64,2040.07,24,16.2564,63.1694,3,24,0,0,1,1,2615.6,1995.67,24,17.4948
142414712,3,2621.1,2903.88,4,16.5668,36.7083,3,24,0,0,1,1,2621.1,3176.17,3,19.1567
142414712,4,2617.25,6788.69,2,35.7559,60.6817,3,24,0,0,1,1,2617.25,6757.18,1.5,37.4977
142414712,5,2616.21,1993,8,11.46,35.6294,3,24,0,0,1,1,2616.26,1789.37,4,11.4561
142414712,6,2635.29,3838.78,2,20.2188,34.3135,3,24,0,0,1,1,2635.29,3580.94,1.5,19.9382
142414712,7,2628.85,1248.87,2,6.57777,11.1632,3,24,0,0,0,0,,,,6.62073
142414712,8,2632.91,1233.36,16,8.01964,31.182,3,24,0,0,0,0,,,,5.82279
142414712,9,2621.6,2498.12,24,19.9064,77.3527,3,24,0,0,1,1,2621.26,2508.1,4,15.7253
142414712,10,2615.54,1421.19,24,11.3248,44.0062,3,24,0,0,1,1,2615.51,1483.35,24,12.868
142414712,11,2626.12,5496.66,4,31.3587,69.4841,3,24,0,0,1,1,2626.12,5698.34,3,34.4725
142414712,12,2634.6,4778.12,2,25.1662,42.7099,3,24,0,0,1,1,2634.6,4970.17,1.5,27.6419
142414712,13,2620.1,750.357,4,4.28082,9.48537,3,24,0,0,0,0,,,,5.84885
142414712,14,2628.43,2762.46,4,15.76,34.9207,3,24,0,0,1,1,2628.44,2587.4,3,15.7213
142414712,15,2628.45,732.109,4,4.17671,9.2547,3,24,0,0,0,0,,,,3.33048
142414712,16,2633.33,9384.5,8,53.9621,167.769,3,24,0,0,1,1,2633.37,9575.42,4,59.8847
142414712,17,2616.81,3852.61,4,21.9793,48.7014,3,24,0,0,1,1,2616.82,3725.93,3,22.5667
142414712,18,2630.35,1243.86,16,8.08793,31.4476,3,24,0,0,1,1,2630.31,1504.71,3,9.00132
142414712,19,2614.14,4718.9,2,24.8543,42.1806,3,24,0,0,1,1,2614.14,4578.52,1.5,25.592
142634197,0,2633.28,14363.9,2,28.1441,30.0988,3,24,0,0,1,1,2633.28,12568.5,2,27.159
142634197,1,2631.69,9627.35,1,13.8785,14.2649,3,24,0,0,1,1,2631.69,8944.8,1,14.3021
142634197,2,2612.06,16841.6,2,32.9989,35.2907,3,24,0,0,1,1,2612.05,14771.5,2,31.6602
142634197,3,2614.09,8267.22,1,11.9178,12.2496,3,24,0,0,1,1,2614.09,5822.34,1,9.32803
142634197,4,2612.33,4856.7,24,34.0305,35.2541,3,24,0,0,1,1,2612.33,3910.38,24,28.2157
142634197,5,2631.6,3249.65,4,8.89971,9.63008,3,24,0,0,1,1,2631.6,3033.31,4,9.01229
142634197,6,2627.54,2580.83,24,18.0837,18.7339,3,24,0,0,1,1,2627.58,2141.81,24,15.8674
142634197,7,2620.29,12383.3,1,17.8513,18.3484,3,24,0,0,1,1,2620.28,10792.4,1,17.2695
142634197,8,2632.82,1864.28,24,13.0629,13.5326,3,24,0,0,1,1,2632.78,1462.09,24,10.8638
142634197,9,2627.21,2092.81,4,5.7315,6.20186,3,24,0,0,0,0,,,,4.28141
142634197,10,2618.33,1114.65,16,5.9837,6.60633,3,24,0,0,0,0,,,,4.64398
142634197,11,2614.65,18548.1,2,36.3425,38.8666,3,24,0,0,1,1,2614.65,19401.4,1.5,34.4468
142634197,12,2618.49,5504.09,24,38.5667,39.9534,3,24,0,0,1,1,2618.49,5058.39,24,34.8483
142634197,13,2628.53,3252,24,22.7865,23.6058,3,24,0,0,1,1,2628.46,3292.86,24,22.76
142634197,14,2633.78,12105.3,1,17.4507,17.9366,3,24,0,0,1,1,2633.78,10538.1,1,16.8781
142634197,15,2635.35,16434.9,1,23.692,24.3517,3,24,0,0,1,1,2635.35,14228.4,1,22.7571
142634197,16,2611.3,7970.68,4,21.829,23.6204,3,24,0,0,0,0,,,,
142634197,17,2627.01,1424.62,16,7.64769,8.44346,3,24,0,0,0,0,,,,4.1761
142634197,18,2611.41,5294.7,8,20.2217,22.1896,3,24,0,0,1,1,2611.45,5931.74,4,17.7172
142634197,19,2630.35,6709.98,4,18.3764,19.8845,3,24,0,0,1,1,2630.34,5727.72,4,17.0492
142962438,0,2612.11,16239.8,2,20.931,23.5549,3,24,0,0,1,1,2612.11,14872.9,2,21.1995
142962438,1,2620.77,32634.1,2,42.0613,47.334,3,24,0,0,1,1,2620.77,29076.1,2,41.4061
142962438,2,2614.85,16976.1,8,42.2556,49.2457,3,24,0,0,1,1,2614.84,15747.4,8,35.5771
142962438,3,2620.76,3194.36,16,11.2396,13.1048,3,24,0,0,1,1,2620.71,3384.1,12,11.4038
142962438,4,2613.15,40424.5,2,52.1021,58.6336,3,24,0,0,1,1,2613.16,37000.8,2,52.5352
142962438,5,2634.72,4302.26,4,7.37348,8.82497,3,24,0,0,0,0,,,,5.2061
142962438,6,2621.31,1095.71,16,3.85535,4.49513,3,24,0,0,0,0,,,,4.23039
142962438,7,2632.06,9755.51,8,24.2827,28.2997,3,24,0,0,1,1,2632.06,8507.33,8,22.7727
142962438,8,2631.53,2413.89,8,6.0085,7.00244,3,24,0,0,1,1,2631.51,3323.04,6,7.65064
142962438,9,2633.12,2474.31,8,6.15888,7.1777,3,24,0,0,0,0,,,,6.1294
142962438,10,2629.36,2800.35,4,4.79941,5.74419,3,24,0,0,0,0,,,,4.44043
142962438,11,2617.1,3230.49,8,8.04111,9.3713,3,24,0,0,1,1,2617.1,2725.31,8,7.43895
142962438,12,2613.91,1829.12,16,6.43589,7.50391,3,24,0,0,0,0,,,,4.95885
142962438,13,2614.94,2856.14,8,7.10931,8.28536,3,24,0,0,0,0,,,,5.55568
142962438,14,2626.37,18840.9,2,24.2836,27.3278,3,24,0,0,1,1,2626.37,16369.1,2,23.2217
142962438,15,2633.55,4340.64,24,20.5655,21.8095,3,24,0,0,1,1,2633.58,4464.63,24,21.3493
142962438,16,2634.53,1771.7,4,3.03644,3.63418,3,24,0,0,0,0,,,,3.13883
142962438,17,2619.1,5878.89,2,7.57715,8.52701,3,24,0,0,1,1,2619.1,5174.67,2,7.38631
142962438,18,2628.31,8812.31,8,21.935,25.5636,3,24,0,0,1,1,2628.3,8069.31,8,21.6702
142962438,19,2635.96,6829.41,16,24.0298,28.0175,3,24,0,0,1,1,2635.76,7575.36,4,14.5012
147992200,0,2625.45,1493.76,24,10.6138,7.74277,3,24,0,0,0,0,,,,5.23454
147992200,1,2630.99,37887.3,1,39.4611,40.0871,3,24,0,0,1,1,2630.99,33764,1,39.1876
147992200,2,2634.68,15680.9,8,54.1679,46.9273,3,24,0,0,1,1,2634.67,14446.2,8,54.6863
147992200,3,2630.08,8318.3,16,42.6832,35.2051,3,24,0,0,1,1,2630.08,8345.54,12,40.7128
147992200,4,2618.81,10847.9,8,37.4731,32.4641,3,24,0,0,1,1,2618.8,9474.18,8,34.9887
147992200,5,2632.5,30793.1,1,32.0722,32.581,3,24,0,0,1,1,2632.5,26009.1,1,30.0516
147992200,6,2620.81,1856.9,8,6.41446,5.55704,3,24,0,0,1,1,2620.81,2230.78,8,8.22076
147992200,7,2626.17,5367.89,4,12.2459,11.3591,3,24,0,0,1,1,2626.17,5079.45,4,12.6806
147992200,8,2619.51,3020.35,16,15.4981,12.7828,3,24,0,0,1,1,2619.58,3183.63,12,15.5366
147992200,9,2631.77,1304.83,24,9.27133,6.76345,3,24,0,0,0,0,,,,4.63353
147992200,10,2612.72,959.847,24,6.82012,4.97529,3,24,0,0,0,0,,,,4.50135
147992200,11,2629.52,7215.69,4,16.4613,15.2693,3,24,0,0,1,1,2629.51,6764.39,4,15.4461
147992200,12,2632.31,4950.6,1,5.15624,5.23804,3,24,0,0,0,0,,,,5.1497
147992200,13,2633.31,6031.38,8,20.8348,18.0498,3,24,0,0,1,1,2633.31,5371.84,8,19.9892
147992200,14,2620.31,26524.4,1,27.6262,28.0644,3,24,0,0,1,1,2620.31,20577.1,1,23.9137
147992200,15,2634.35,2245.58,4,5.12291,4.75193,3,24,0,0,0,0,,,,5.8288
147992200,16,2611.06,5722.04,24,40.6575,29.6597,3,24,0,0,1,1,2611.13,5602.1,16,31.725
147992200,17,2621.38,17477.6,2,26.3811,26.1521,3,24,0,0,1,1,2621.38,15353.3,2,25.5212
147992200,18,2628.06,30311,2,45.7522,45.355,3,24,0,0,1,1,2628.06,26103,2,43.8878
147992200,19,2628.58,1043.12,8,3.60335,3.12169,3,24,0,0,0,0,,,,5.3977
148624429,0,2618.6,2181.08,1,4.59361,4.27875,3,24,0,0,0,0,,,,5.06584
148624429,1,2615.28,15127.1,1,31.8596,29.6758,3,24,0,0,1,1,2615.27,11462.6,1,28.8202
148624429,2,2630.54,771.494,24,7.97323,7.41453,3,24,0,0,0,0,,,,6.41529
148624429,3,2613.32,4050.18,4,16.7295,15.891,3,24,0,0,1,1,2613.31,3585.16,3,14.7271
148624429,4,2616.74,25547.5,1,53.8061,50.118,3,24,0,0,1,1,2616.74,20541.8,1,47.8626
148624429,5,2635.19,1365.01,8,7.99892,7.57404,3,24,0,0,1,1,2635.2,1417.11,6,7.78451
148624429,6,2627.83,5345.69,1,11.2586,10.4869,3,24,0,0,1,1,2627.83,3825.97,1,8.94978
148624429,7,2618.4,3149,24,32.5442,30.2638,3,24,0,0,1,1,2618.4,2893.55,24,26.5526
148624429,8,2630.78,437.804,24,4.52462,4.20757,3,24,0,0,0,0,,,,4.14483
148624429,9,2619.54,2991.72,4,12.3575,11.738,3,24,0,0,1,1,2619.53,2479.63,3,10.017
148624429,10,2632.6,2631.89,24,27.2,25.2941,3,24,0,0,1,1,2632.6,2332.97,24,22.1086
148624429,11,2627.3,15156.6,1,31.9216,29.7336,3,24,0,0,1,1,2627.29,12840.3,1,29.9066
148624429,12,2614.38,2355.18,8,13.8012,13.0682,3,24,0,0,1,1,2614.41,2188.19,8,13.5829
148624429,13,2615.1,9736.93,8,57.058,54.0272,3,24,0,0,1,1,2615.1,9019.7,8,58.843
148624429,14,2635.01,8366.11,2,25.4166,23.2105,3,24,0,0,1,1,2635,7391.3,2,24.6057
148624429,15,2619.46,2242.7,2,6.81344,6.22203,3,24,0,0,0,0,,,,5.79038
148624429,16,2616.96,4289.19,8,25.1344,23.7994,3,24,0,0,1,1,2616.97,4281.39,6,22.8649
148624429,17,2633.97,4959.63,8,29.0632,27.5194,3,24,0,0,1,1,2633.98,5002.84,6,26.9576
148624429,18,2620.1,9814.11,1,20.6697,19.2529,3,24,0,0,1,1,2620.1,8677.22,1,20.2937
148624429,19,2627.58,8066.41,8,47.2688,44.758,3,24,0,0,1,1,2627.57,7114.75,8,44.9509
148673289,0,2631.65,7416.39,1,7.53173,7.24723,3,24,0,0,1,1,2631.65,6643.35,1,7.49862
148673289,1,2618.46,26058.1,4,47.4923,50.9276,3,24,0,0,1,1,2618.46,27285.8,3,50.7926
148673289,2,2613.64,7676.86,8,19.778,21.2182,3,24,0,0,1,1,2613.65,7204.54,8,20.3516
148673289,3,2626.91,8156.13,8,21.0127,22.5428,3,24,0,0,1,1,2626.91,7272.14,8,19.9029
148673289,4,2615.56,710.971,24,3.44118,3.40359,3,24,0,0,0,0,,,,2.56449
148673289,5,2629.55,6377.29,4,11.6229,12.4637,3,24,0,0,1,1,2629.55,6035.33,3,11.1194
148673289,6,2629.32,6075.52,4,11.073,11.8739,3,24,0,0,1,1,2629.32,5732.14,3,10.6833
148673289,7,2628.49,1242.34,24,6.01306,5.94737,3,24,0,0,0,0,,,,5.13668
148673289,8,2626.28,11652.5,4,21.2372,22.7734,3,24,0,0,1,1,2626.32,11295.5,2,18.0133
148673289,9,2635.3,29532,1,29.9913,28.8584,3,24,0,0,1,1,2635.31,23758.6,1,26.7937
148673289,10,2610.64,28784.4,4,52.4611,56.2558,3,24,0,0,1,1,2610.64,29523.9,3,54.1994
148673289,11,2627.08,3028.56,24,14.6586,14.4985,3,24,0,0,1,1,2626.97,3003.96,16,12.6735
148673289,12,2617.72,5153.07,1,5.23321,5.03553,3,24,0,0,0,0,,,,4.9999
148673289,13,2612.4,3303.85,16,12.9491,12.914,3,24,0,0,1,1,2612.38,3144.1,12,11.5231
148673289,14,2614.19,14378,16,56.353,56.2004,3,24,0,0,1,1,2614.21,14339.1,12,51.2777
148673289,15,2630.89,7646.83,24,37.0115,36.6072,3,24,0,0,1,1,2630.88,7107.39,24,30.8235
148673289,16,2616.33,956.293,24,4.62856,4.57801,3,24,0,0,0,0,,,,3.14125
148673289,17,2627.35,1338.56,8,3.44855,3.69967,3,24,0,0,0,0,,,,3.60112
148673289,18,2612.36,951.801,16,3.73047,3.72037,3,24,0,0,0,0,,,,3.42471
148673289,19,2628.81,8611.73,24,41.6817,41.2264,3,24,0,0,1,1,2628.85,8713.71,16,35.0683
148680430,0,2634.75,5369.3,4,33.8754,35.3382,3,24,0,0,1,1,2634.75,4552.59,4,31.877
148680430,1,2633.6,1353.38,4,8.5386,8.9073,3,24,0,0,1,1,2633.61,664.692,12,9.80357
148680430,2,2613.55,9831.3,1,31.498,32.3525,3,24,0,0,1,1,2613.55,8060.75,1,28.6912
148680430,3,2630.31,8401.46,1,26.917,27.6472,3,24,0,0,1,1,2630.31,6890.44,1,24.5212
148680430,4,2615.85,1240.51,4,7.82651,8.16446,3,24,0,0,1,1,2615.84,1100.51,4,7.50405
148680430,5,2628.65,784.884,16,11.8305,10.3315,3,24,0,0,1,1,2628.63,666.815,16,10.4435
148680430,6,2610.65,496.269,8,4.59196,4.61911,3,24,0,0,0,0,,,,4.19523
148680430,7,2612.15,193.77,24,3.69661,3.12385,3,24,0,0,0,0,,,,5.29431
148680430,8,2614.75,2822.46,4,17.8072,18.5761,3,24,0,0,1,1,2614.74,2531.5,4,13.952
148680430,9,2628.7,1353.74,4,8.54086,8.90965,3,24,0,0,1,1,2628.7,1382.34,4,9.47236
148680430,10,2616.49,5767.09,2,26.4827,26.8391,3,24,0,0,1,1,2616.49,5057.47,2,25.6501
148680430,11,2614.46,2233.16,24,42.6026,36.0016,3,24,0,0,1,1,2614.38,2199.48,16,29.5827
148680430,12,2618.54,3332.94,2,15.305,15.511,3,24,0,0,1,1,2618.54,2973.78,1.5,13.3461
148680430,13,2614.34,303.001,16,4.56713,3.98842,3,24,0,0,0,0,,,,2.90878
148680430,14,2610.27,586.303,4,3.69904,3.85877,3,24,0,0,0,0,,,,
148680430,15,2611.85,2543.18,8,23.532,23.6711,3,24,0,0,1,1,2611.86,2430.11,8,24.3338
148680430,16,2626.64,311.959,24,5.95133,5.02921,3,24,0,0,0,0,,,,5.46439
148680430,17,2621.17,661.041,8,6.11659,6.15276,3,24,0,0,0,0,,,,6.03723
148680430,18,2618.78,5237.95,1,16.7816,17.2369,3,24,0,0,1,1,2618.79,4280.09,1,15.236
148680430,19,2612.95,607.04,16,9.1499,7.9905,3,24,0,0,0,0,,,,6.30372
157333440,0,2610.92,2768.23,1,3.69312,3.459,3,24,0,0,0,0,,,,3.15758
157333440,1,2620.82,1626.41,24,12.1842,9.956,3,24,0,0,0,0,,,,5.53931
157333440,2,2612.26,13336.7,8,52.3111,47.1351,3,24,0,0,1,1,2612.27,11210.5,8,46.4945
157333440,3,2635.22,1419.81,4,3.57228,3.54821,3,24,0,0,0,0,,,,2.92774
157333440,4,2629.95,9771.95,1,13.0369,12.2104,3,24,0,0,1,1,2629.96,8381.62,1,12.2853
157333440,5,2616.23,4138.29,8,16.2318,14.6257,3,24,0,0,1,1,2616.26,3388.76,8,14.6711
157333440,6,2610.8,18449.1,1,24.6131,23.0528,3,24,0,0,1,1,2610.8,17265.8,1,25.5085
157333440,7,2631.62,4416.46,4,11.1119,11.0371,3,24,0,0,1,1,2631.62,3900.42,4,10.5369
157333440,8,2611.24,20978.7,2,41.4567,37.0717,3,24,0,0,1,1,2611.24,18442.4,2,40.039
157333440,9,2627.78,8095.89,8,31.7548,28.6127,3,24,0,0,1,1,2627.78,7262.47,8,29.9094
157333440,10,2618.26,467.174,24,3.49983,2.85978,3,24,0,0,0,0,,,,2.66246
157333440,11,2612.7,3602.58,4,9.06419,9.00312,3,24,0,0,0,0,,,,6.47226
157333440,12,2616.09,744.04,16,3.92965,3.71882,3,24,0,0,0,0,,,,2.82884
157333440,13,2611.39,16551.9,4,41.645,41.3644,3,24,0,0,1,1,2611.39,15980,4,44.1493
157333440,14,2632.13,1853.24,2,3.66226,3.27489,3,24,0,0,0,0,,,,3.69741
157333440,15,2633.67,23094.8,4,58.1071,57.7156,3,24,0,0,1,1,2633.66,20187.7,4,55.6958
157333440,16,2632.78,27929.7,2,55.1929,49.355,3,24,0,0,1,1,2632.78,24832.2,2,53.8895
157333440,17,2619.94,3726.75,24,27.9189,22.8131,3,24,0,0,1,1,2619.96,3406.99,24,23.8149
157333440,18,2613.87,7240.29,1,9.65934,9.047,3,24,0,0,1,1,2613.87,6122.37,1,8.96494
157333440,19,2628.31,1222.33,4,3.07542,3.0547,3,24,0,0,0,0,,,,3.56281
159166060,0,2635.55,1144.37,16,18.3304,17.8563,3,24,0,0,1,1,2635.49,1123.68,12,15.3904
159166060,1,2620.76,492.428,8,5.09175,5.43315,3,24,0,0,0,0,,,,6.91183
159166060,2,2621.28,1014.71,2,5.80193,5.59786,3,24,0,0,0,0,,,,6.94962
159166060,3,2620.63,2210.33,4,18.1242,17.2445,3,24,0,0,1,1,2620.64,2172.28,4,19.3795
159166060,4,2619.44,2001.65,24,43.9368,38.2523,3,24,0,0,1,1,2619.44,1729.85,24,34.989
159166060,5,2632.7,908.835,4,7.45226,7.09054,3,24,0,0,0,0,,,,5.45381
159166060,6,2613.85,198.055,24,4.34737,3.78491,3,24,0,0,0,0,,,,2.18628
159166060,7,2615.75,1372.47,8,14.1915,15.143,3,24,0,0,1,1,2615.75,1362.39,6,14.1965
159166060,8,2633.01,674.92,8,6.97873,7.44666,3,24,0,0,0,0,,,,6.79609
159166060,9,2630.62,1307.91,2,7.47838,7.21534,3,24,0,0,1,1,2630.64,1457.16,1.5,8.21527
159166060,10,2625.33,1031.99,2,5.90074,5.69319,3,24,0,0,0,0,,,,4.75882
159166060,11,2619.11,6026.43,1,24.8126,23.5085,3,24,0,0,1,1,2619.11,4978.49,1,22.6933
159166060,12,2630.8,466.909,8,4.82788,5.15159,3,24,0,0,0,0,,,,5.44674
159166060,13,2615.09,4265.24,4,34.974,33.2765,3,24,0,0,1,1,2615.1,4270.64,3,33.3411
159166060,14,2626.99,2255.72,1,9.28748,8.79933,3,24,0,0,1,1,2626.99,1958.58,1,8.9046
159166060,15,2615.36,2786.83,2,15.9346,15.3741,3,24,0,0,1,1,2615.36,2857,1.5,15.8582
159166060,16,2611.03,762.208,2,4.35816,4.20487,3,24,0,0,0,0,,,,4.15103
159166060,17,2628.31,4048.22,8,41.8589,44.6656,3,24,0,0,1,1,2628.31,4072.77,6,43.3297
159166060,18,2632.98,8000.32,2,45.7444,44.1354,3,24,0,0,1,1,2632.99,7228.53,2,45.4758
159166060,19,2627.78,407.232,16,6.523,6.35427,3,24,0,0,0,0,,,,5.10107
159287816,0,2625.56,9016.87,4,18.2415,21.702,2.5,20,1,0,1,1,2625.6,8851.72,1,10.8389
159287816,1,2615.78,7662.4,16,26.7832,36.884,2.5,20,1,0,1,1,2615.76,8025.01,12,25.5305
159287816,2,2615.18,7581.51,8,18.2317,25.8056,2.5,20,1,0,1,1,2615.17,8149.37,6,19.8753
159287816,3,2627.05,15242.1,8,36.6536,51.8804,2.5,20,1,0,1,1,2627.05,13863.4,6,33.7171
159287816,4,2617.3,24545.2,2,38.008,41.7729,2.5,20,1,0,1,1,2617.3,21298.8,2,36.2892
159287816,5,2615.81,758.61,24,3.29355,4.47237,2.5,20,1,0,0,0,,,,3.03011
159287816,6,2615.67,9930.29,16,34.7104,47.8008,2.5,20,1,0,1,1,2615.65,9249.5,16,33.6318
159287816,7,2633.64,3667.35,4,7.41921,8.82665,2.5,20,1,0,0,0,,,,6.28234
159287816,8,2627.22,4601.12,8,11.0646,15.6611,2.5,20,1,0,1,1,2627.23,3894.91,6,9.48954
159287816,9,2634.21,4788.61,8,11.5155,16.2993,2.5,20,1,0,1,1,2634.23,4771.53,6,11.5753
159287816,10,2613.36,893.36,16,3.12265,4.30031,2.5,20,1,0,0,0,,,,2.5169
159287816,11,2614.08,2063.28,2,3.19497,3.51146,2.5,20,1,0,0,0,,,,2.91616
159287816,12,2630.6,2428.77,4,4.91351,5.84562,2.5,20,1,0,0,0,,,,4.16212
159287816,13,2616.96,17273.5,1,18.9941,20.7872,2.5,20,1,0,1,1,2616.96,13753.2,1,16.7849
159287816,14,2629.12,3465.79,8,8.3344,11.7967,2.5,20,1,0,1,1,2629.17,4622.67,4,9.78758
159287816,15,2616.58,2283.42,4,4.61946,5.49578,2.5,20,1,0,0,0,,,,3.82124
159287816,16,2630.3,3458.74,1,3.80325,4.16229,2.5,20,1,0,0,0,,,,3.38857
159287816,17,2629.39,18708.7,8,44.9899,63.6798,2.5,20,1,0,1,1,2629.39,19503.2,6,43.7776
159287816,18,2616.79,12937.5,2,20.0336,22.018,2.5,20,1,0,1,1,2616.78,11807.3,2,20.0315
159287816,19,2612.18,1323.98,24,5.74813,7.8055,3,24,0,0,1,1,2611.9,6164.91,24,23.1386
159290559,0,2630.68,7139.05,2,13.6498,13.666,3,24,0,0,1,1,2630.68,6303.72,2,13.2722
159290559,1,2633.5,460.663,24,3.8462,3.05475,3,24,0,0,0,0,,,,2.93658
159290559,2,2617.8,4608.16,4,13.0021,12.4751,3,24,0,0,1,1,2617.8,4567.13,4,14.0046
159290559,3,2628.05,29873.6,2,57.1181,57.1859,3,24,0,0,1,1,2628.05,26507.8,2,55.9158
159290559,4,2616.28,3894.36,24,32.5151,25.8243,3,24,0,0,1,1,2616.29,3324.47,24,25.7778
159290559,5,2630.44,12271,1,15.8054,16.6098,3,24,0,0,1,1,2630.43,10361.2,1,14.7985
159290559,6,2618.35,2675.52,8,10.5804,10.2433,3,24,0,0,1,1,2618.35,2737.55,8,11.7359
159290559,7,2612.1,16883.1,1,21.746,22.8527,3,24,0,0,1,1,2612.09,13811.9,1,19.7489
159290559,8,2612.94,3882.07,4,10.9534,10.5094,3,24,0,0,1,1,2612.94,3222.68,4,9.8437
159290559,9,2612.23,6014.71,4,16.9707,16.2828,3,24,0,0,1,1,2612.23,5289.24,4,16.3393
159290559,10,2616.81,14323.4,8,56.6425,54.8375,3,24,0,0,1,1,2616.81,13337.7,8,56.5303
159290559,11,2625.99,1430.25,4,4.0355,3.87193,3,24,0,0,0,0,,,,3.69226
159290559,12,2618.93,2670.33,4,7.53443,7.22904,3,24,0,0,1,1,2618.91,3133.96,3,8.35971
159290559,13,2617.14,14490.4,8,57.3029,55.4769,3,24,0,0,1,1,2617.14,12802.3,8,54.697
159290559,14,2632.91,846.206,24,7.0652,5.61136,3,24,0,0,0,0,,,,4.65319
159290559,15,2631.96,1262.43,8,4.99234,4.83325,3,24,0,0,0,0,,,,6.66786
159290559,16,2619.01,13803.5,2,26.3921,26.4234,3,24,0,0,1,1,2619,12193.2,2,25.5873
159290559,17,2620.81,684.382,16,4.49657,3.70548,3,24,0,0,0,0,,,,3.46523
159290559,18,2632.4,20498.2,1,26.4024,27.7461,3,24,0,0,1,1,2632.39,18469.5,1,26.4756
159290559,19,2615.29,1266.38,24,10.5734,8.39764,3,24,0,0,0,0,,,,6.25614
153936152,0,2613.91,2283.12,1,6.57864,7.01999,3,24,0,0,0,0,,,,4.713
153936152,1,2616.74,4128.87,4,23.5705,25.3903,3,24,0,0,1,1,2616.75,3636.72,4,22.5483
153936152,2,2620.06,2859.93,1,8.24064,8.7935,3,24,0,0,1,1,2620.06,2613.72,1,8.31682
153936152,3,2610.63,4913.18,1,14.1569,15.1067,3,24,0,0,1,1,2610.63,4005.74,1,12.7895
153936152,4,2627.98,942.28,16,11.4583,11.589,3,24,0,0,1,1,2628.01,998.152,16,12.5405
153936152,5,2612.17,1310.47,1,3.77602,4.02935,3,24,0,0,0,0,,,,2.96377
153936152,6,2628.91,1132.75,24,17.4927,17.0626,3,24,0,0,1,1,2628.9,1026.39,24,14.9355
153936152,7,2620.08,6603.47,2,26.5535,28.714,3,24,0,0,1,1,2620.08,5790.72,2,25.6663
153936152,8,2614.34,300.978,16,3.65995,3.7017,3,24,0,0,0,0,,,,3.75174
153936152,9,2611.35,14600.6,1,42.0703,44.8928,3,24,0,0,1,1,2611.35,12570.2,1,40.2471
153936152,10,2630.9,238.523,24,3.68344,3.59289,3,24,0,0,0,0,,,,2.92581
153936152,11,2627.18,1173.28,16,14.2674,14.4301,3,24,0,0,1,1,2627.2,1050.88,16,13.554
153936152,12,2620.7,2431.13,16,29.563,29.9003,3,24,0,0,1,1,2620.69,2144.57,16,27.3391
153936152,13,2615.76,854.32,4,4.87705,5.2536,3,24,0,0,0,0,,,,4.8097
153936152,14,2628.02,9365.81,1,26.9868,28.7973,3,24,0,0,1,1,2628.02,8068.23,1,25.7522
153936152,15,2618.83,644.072,4,3.67681,3.96069,3,24,0,0,0,0,,,,5.97484
153936152,16,2633.35,8297.96,4,47.3705,51.028,3,24,0,0,1,1,2633.35,7370.8,4,45.5592
153936152,17,2616.36,2890.68,2,11.6238,12.5696,3,24,0,0,1,1,2616.36,2714.35,1.5,10.3905
153936152,18,2629.98,585.247,4,3.341,3.59895,3,24,0,0,0,0,,,,3.14402
153936152,19,2629.12,1051.7,24,16.2411,15.8418,3,24,0,0,1,1,2629.08,917.678,24,12.6154
154091787,0,2620.14,727.912,16,4.86936,4.39671,3,24,0,0,0,0,,,,4.81658
154091787,1,2615.53,570.773,16,3.81818,3.44756,3,24,0,0,0,0,,,,4.20864
154091787,2,2618.58,1449.81,24,14.1386,10.7252,3,24,0,0,1,1,2618.63,1337.01,24,12.608
154091787,3,2633.07,5871.36,16,39.2764,35.464,3,24,0,0,1,1,2633.08,5225.55,16,35.8884
154091787,4,2630.62,2905.78,2,5.95945,6.20536,3,24,0,0,0,0,,,,6.48196
154091787,5,2620.89,8253.64,4,21.3038,24.9267,3,24,0,0,1,1,2620.89,7887.39,4,22.2378
154091787,6,2634.33,1703.63,8,6.96636,7.27629,3,24,0,0,1,1,2634.26,731.645,24,7.96131
154091787,7,2631.77,23493.3,1,34.9902,35.4758,3,24,0,0,1,1,2631.77,19698.1,1,32.3836
154091787,8,2620.39,3547.13,8,14.5046,15.1499,3,24,0,0,1,1,2620.54,1424.64,24,15.4305
154091787,9,2618.55,809.485,8,3.31008,3.45734,3,24,0,0,0,0,,,,3.53935
154091787,10,2619.35,5468.36,16,36.5805,33.0298,3,24,0,0,1,1,2619.33,4750.53,16,32.6679
154091787,11,2621.19,972.013,16,6.50227,5.87112,3,24,0,0,0,0,,,,5.5269
154091787,12,2614.58,1414.95,8,5.7859,6.04331,3,24,0,0,0,0,,,,6.98856
154091787,13,2628.06,8701.43,8,35.5812,37.1642,3,24,0,0,1,1,2628.07,7493.6,8,32.4687
154091787,14,2625.86,6654.23,1,9.91063,10.0482,3,24,0,0,1,1,2625.87,6114.87,1,10.0715
154091787,15,2635.6,9833.17,4,25.3807,29.697,3,24,0,0,1,1,2635.6,9437.71,4,26.7778
154091787,16,2634.91,1127.99,24,11.0001,8.34446,3,24,0,0,0,0,,,,4.84644
154091787,17,2619.21,5830.01,4,15.048,17.6071,3,24,0,0,1,1,2619.22,5597.41,3,14.1179
154091787,18,2614.29,5389.58,24,52.5591,39.8703,3,24,0,0,1,1,2614.32,5083.15,24,43.2592
154091787,19,2632.92,4384.55,8,17.9289,18.7266,3,24,0,0,1,1,2632.92,3996.91,8,17.1245
154094097,0,2617.21,512.878,4,5.64013,5.3079,3,24,0,0,0,0,,,,6.47747
154094097,1,2617.52,739.649,16,16.3301,15.3096,3,24,0,0,1,1,2617.51,611.876,16,14.6529
154094097,2,2610.69,702.633,4,7.72687,7.27172,3,24,0,0,1,1,2610.69,647.075,4,7.68681
154094097,3,2626.16,680.938,16,15.0338,14.0944,3,24,0,0,1,1,2626.17,699.283,16,16.3282
154094097,4,2629.15,1073.47,1,5.65449,5.55478,3,24,0,0,0,0,,,,4.6102
154094097,5,2617.44,200.457,16,4.42572,4.14917,3,24,0,0,0,0,,,,3.27181
154094097,6,2635.6,1195.92,1,6.29952,6.18844,3,24,0,0,0,0,,,,5.32921
154094097,7,2634.85,531.559,16,11.7358,11.0025,3,24,0,0,1,1,2634.91,578.769,12,11.5403
154094097,8,2613.14,1896.84,8,28.9007,27.7623,3,24,0,0,1,1,2613.14,1818.42,8,29.7258
154094097,9,2620.45,1506.76,8,22.9573,22.053,3,24,0,0,1,1,2620.48,1337.56,8,21.8778
154094097,10,2618.08,6716.31,2,50.6902,49.1501,3,24,0,0,1,1,2618.07,5991.31,2,49.534
154094097,11,2610.34,5179.03,1,27.2806,26.7995,3,24,0,0,0,0,,,,
154094097,12,2614.47,2467.38,8,37.5936,36.1127,3,24,0,0,1,1,2614.48,2286.26,8,35.517
154094097,13,2632.51,959.461,8,14.6186,14.0427,3,24,0,0,1,1,2632.51,832.568,8,13.3742
154094097,14,2617.03,1696.54,1,8.93655,8.77898,3,24,0,0,1,1,2617.03,1395.54,1,8.10285
154094097,15,2626.7,2250.28,4,24.7464,23.2887,3,24,0,0,1,1,2626.7,2042.1,4,24.4254
154094097,16,2632.03,861.769,8,13.1301,12.6129,3,24,0,0,1,1,2632.04,847.109,8,13.7884
154094097,17,2625.93,173.907,16,3.83954,3.59962,3,24,0,0,0,0,,,,5.97827
154094097,18,2628.86,2264.44,4,24.9021,23.4353,3,24,0,0,1,1,2628.87,1840.7,4,22.1755
154094097,19,2619.01,4025.23,1,21.2029,20.8291,3,24,0,0,1,1,2619.01,3534.34,1,20.5121
154383001,0,2618.52,1711.96,8,9.32766,7.88491,3,24,0,0,1,1,2618.5,1906.16,6,9.36963
154383001,1,2615.22,3109.96,8,16.9447,14.3237,3,24,0,0,1,1,2615.21,2813.96,8,16.3272
154383001,2,2627.6,11244.6,4,41.3193,36.6211,3,24,0,0,1,1,2627.6,10120,4,39.8806
154383001,3,2617.64,8308.31,2,19.322,19.1331,3,24,0,0,1,1,2617.64,7204.01,2,18.4421
154383001,4,2627.39,657.313,24,7.06292,5.24367,3,24,0,0,0,0,,,,5.21344
154383001,5,2617.02,6299.7,4,23.1488,20.5167,3,24,0,0,1,1,2617.03,5621.81,4,22.3825
154383001,6,2619.12,1825.22,8,9.94472,8.40652,3,24,0,0,1,1,2619.12,1673.4,6,8.50357
154383001,7,2635.49,2008.12,8,10.9413,9.24894,3,24,0,0,1,1,2635.52,2015.98,6,10.4354
154383001,8,2614.12,24665.6,1,41.2224,40.1651,3,24,0,0,1,1,2614.12,20712.4,1,38.2897
154383001,9,2611.12,13606.1,4,49.9969,44.312,3,24,0,0,1,1,2611.12,12513.7,4,50.75
154383001,10,2626.28,2441.01,2,5.67688,5.62136,3,24,0,0,0,0,,,,6.4364
154383001,11,2627.74,772.354,8,4.20819,3.55729,3,24,0,0,0,0,,,,4.03444
154383001,12,2630.04,5330.31,16,48.8155,34.7192,3,24,0,0,1,1,2630.05,4927.49,16,46.0799
154383001,13,2615.96,1958.15,8,10.669,9.01881,3,24,0,0,1,1,2615.94,1925.13,8,11.1324
154383001,14,2617.15,5900.77,1,9.86167,9.60873,3,24,0,0,1,1,2617.15,3997.34,1,7.44916
154383001,15,2626.65,641.359,16,5.87363,4.17752,3,24,0,0,0,0,,,,4.10062
154383001,16,2617.03,1602.84,8,8.7331,7.38231,3,24,0,0,0,0,,,,6.99425
154383001,17,2635.48,801.302,24,8.6101,6.39233,3,24,0,0,0,0,,,,3.14097
154383001,18,2618.15,20929.5,2,48.6743,48.1983,3,24,0,0,1,1,2618.15,18548.3,2,46.9078
154383001,19,2635.78,1397.23,16,12.796,9.10092,3,24,0,0,0,0,,,,4.07186
148684171,0,2629.61,15266.3,8,52.2824,68.5362,3,24,0,0,1,1,2629.63,15164.3,6,51.2657
148684171,1,2618.2,14825.9,4,40.9181,47.0643,3,24,0,0,1,1,2618.21,15549.9,3,43.6976
148684171,2,2614.89,2296.13,24,11.0315,17.8543,3,24,0,0,1,0,2614.96,2376.42,16,8.7171
148684171,3,2634.31,12187.7,16,52.3271,77.3791,3,24,0,0,1,1,2634.32,12839.5,12,57.034
148684171,4,2628.79,1952.24,4,5.388,6.19732,3,24,0,0,0,0,,,,6.075
148684171,5,2614.39,1489.27,8,5.10031,6.68592,3,24,0,0,0,0,,,,4.68168
148684171,6,2630.01,633.296,24,3.04261,4.9244,3,24,0,0,0,0,,,,4.31815
148684171,7,2617.57,9269.79,4,25.5838,29.4267,3,24,0,0,1,1,2617.57,8883.2,3,24.6908
148684171,8,2633.45,1133.19,24,5.44428,8.81146,3,24,0,0,0,0,,,,5.81378
148684171,9,2618.28,9531.09,2,20.0545,21.3943,3,24,0,0,1,1,2618.28,10201.2,1.5,21.1499
148684171,10,2619.1,17472,2,36.763,39.2191,3,24,0,0,1,1,2619.1,18283.1,1.5,38.5724
148684171,11,2630.4,1927.33,4,5.31926,6.11825,3,24,0,0,0,0,,,,3.27266
148684171,12,2630.88,12014.6,8,41.1463,53.9381,3,24,0,0,1,1,2630.9,12408.4,6,42.4122
148684171,13,2628.96,3354.69,24,16.1173,26.0855,3,24,0,0,1,1,2629.01,3293.67,16,13.0561
148684171,14,2628.54,732.903,24,3.52117,5.69894,3,24,0,0,0,0,,,,3.16501
148684171,15,2631.24,3777.39,16,16.218,23.9825,3,24,0,0,1,1,2631.24,3628.74,12,14.0139
148684171,16,2626.7,4926.48,4,13.5967,15.639,3,24,0,0,1,0,2626.71,4575.82,3,12.6516
148684171,17,2612.19,3254.52,1,5.15444,5.16568,3,24,0,0,0,0,,,,5.20319
148684171,18,2632.97,10727.2,4,29.606,34.0531,3,24,0,0,1,1,2632.99,10379.4,3,29.3852
148684171,19,2620.6,2395.77,16,10.2861,15.2106,3,24,0,0,1,0,2620.61,2313.75,12,9.05694
148917449,0,2628.71,4534.23,16,26.1592,21.5589,3,24,0,0,1,1,2628.69,4272.38,16,24.3139
148917449,1,2613.19,2509.32,24,20.3475,14.6125,3,24,0,0,1,1,2613.17,1912.43,24,16.3996
148917449,2,2632.95,20021.1,1,23.5448,23.7986,3,24,0,0,1,1,2632.94,17340.3,1,22.6358
148917449,3,2611.99,3086.65,2,5.21537,5.18878,3,24,0,0,0,0,,,,4.08503
148917449,4,2632.55,22688.3,2,38.3354,38.1399,3,24,0,0,1,1,2632.55,19450.8,2,36.163
148917449,5,2619.12,21893.3,1,25.7465,26.024,3,24,0,0,1,1,2619.12,18528.9,1,24.1782
148917449,6,2634.96,31161.2,1,36.6455,37.0405,3,24,0,0,1,1,2634.96,25706.6,1,33.6099
148917449,7,2619.48,4345.67,1,5.1105,5.16559,3,24,0,0,0,0,,,,3.5344
148917449,8,2620.59,6844.05,24,55.4969,39.8549,3,24,0,0,1,1,2620.62,6494.43,24,49.5715
148917449,9,2612.94,3038.77,8,11.1682,10.2166,3,24,0,0,1,1,2612.96,2797.19,8,11.0393
148917449,10,2631.67,2783.6,16,16.0593,13.2352,3,24,0,0,1,1,2631.69,2627.26,16,15.0072
148917449,11,2613.41,12867.4,8,47.291,43.2614,3,24,0,0,1,1,2613.41,11138.3,8,45.5397
148917449,12,2628.37,10699.7,8,39.3239,35.9732,3,24,0,0,1,1,2628.39,10765.3,6,36.3751
148917449,13,2617,4069.77,8,14.9574,13.6829,3,24,0,0,1,1,2617.01,4303.45,6,14.6761
148917449,14,2634.1,9933.66,4,24.1518,23.6158,3,24,0,0,1,1,2634.1,9297.39,4,24.7283
148917449,15,2630.22,16771.6,4,40.777,39.872,3,24,0,0,1,1,2630.22,15915,4,42.6106
148917449,16,2625.55,38933.5,1,45.7857,46.2793,3,24,0,0,0,0,,,,
148917449,17,2628.69,4882.23,4,11.8702,11.6068,3,24,0,0,1,1,2628.69,4460.73,4,11.7644
148917449,18,2616.01,1778.39,16,10.26,8.45569,3,24,0,0,0,0,,,,6.8748
148917449,19,2619.67,544.561,24,4.41573,3.17114,3,24,0,0,0,0,,,,3.49573
149345443,0,2629.34,7487.45,24,41.3096,57.6416,3,24,0,0,1,1,2629.25,7400.44,16,34.0181
149345443,1,2611.97,1971.93,2,3.87306,4.3823,3,24,0,0,0,0,,,,5.887
149345443,2,2629.06,2190.25,24,12.084,16.8615,3,24,0,0,1,1,2629.04,2198.34,16,10.37
149345443,3,2629.66,22872.6,4,58.6944,71.8855,3,24,0,0,1,1,2629.66,22639.3,3,57.362
149345443,4,2619.84,9514.16,8,29.5962,42.2875,3,24,0,0,1,1,2619.85,9428.74,6,29.3029
149345443,5,2633.07,10008.6,8,31.1345,44.4853,3,24,0,0,1,1,2633.06,9567.64,6,30.804
149345443,6,2632.31,9362.71,16,44.9298,58.8515,3,24,0,0,1,1,2632.31,8269.33,16,38.8628
149345443,7,2634.13,27051.9,1,40.2582,42.5103,3,24,0,0,1,1,2634.12,23514.3,1,38.8857
149345443,8,2631.75,1028.13,16,4.9338,6.46257,3,24,0,0,0,0,,,,3.42287
149345443,9,2614.48,2661.71,2,5.22787,5.91525,3,24,0,0,0,0,,,,4.69242
149345443,10,2611.69,21504.3,4,55.1833,67.5852,3,24,0,0,1,1,2611.7,21525.9,3,54.5886
149345443,11,2614.91,12023,8,37.4005,53.4383,3,24,0,0,1,1,2614.93,11334.1,6,33.574
149345443,12,2615.29,5313.19,1,7.907,8.34933,3,24,0,0,1,1,2615.29,5645.44,1,9.32718
149345443,13,2633.79,683.055,24,3.76853,5.25845,3,24,0,0,0,0,,,,3.41847
149345443,14,2618.85,3539.21,2,6.95137,7.86535,3,24,0,0,1,1,2618.84,4581.16,1,8.16394
149345443,15,2612.49,2538.43,24,14.005,19.5419,3,24,0,0,1,1,2612.48,2837.04,24,16.074
149345443,16,2633.27,835.287,24,4.60842,6.4304,3,24,0,0,0,0,,,,3.12906
149345443,17,2611.21,1165.01,8,3.62408,5.17813,3,24,0,0,0,0,,,,3.88449
149345443,18,2613.52,19521.5,1,29.0515,30.6767,3,24,0,0,1,1,2613.52,17103.4,1,28.2446
149345443,19,2626.37,842.109,24,4.64606,6.48292,3,24,0,0,0,0,,,,3.00067
149370160,0,2627.34,22972.3,4,34.251,45.9644,3,24,0,0,1,1,2627.34,22940.4,3,33.0041
149370160,1,2632,1500.72,16,4.00486,6.00544,3,24,0,0,0,0,,,,5.07576
149370160,2,2635.74,3200.11,4,4.77127,6.40297,3,24,0,0,1,1,2635.74,7756.02,3,11.686
149370160,3,2614.25,4885.4,8,9.41565,13.8239,3,24,0,0,1,1,2614.22,6105.95,6,10.7857
149370160,4,2620.53,1722.06,16,4.59554,6.8912,3,24,0,0,0,0,,,,3.9118
149370160,5,2619.73,10272.4,2,11.6613,14.5336,3,24,0,0,1,1,2619.72,10363.7,1.5,11.6564
149370160,6,2611.87,10572.5,16,28.214,42.308,3,24,0,0,1,1,2611.88,10087.1,16,27.4332
149370160,7,2613,50000,1,43.5438,50.0214,3,24,0,0,1,1,2613,42834.1,1,41.459
149370160,8,2620.86,29176.2,2,33.121,41.2791,3,24,0,0,1,1,2620.86,29779.8,1.5,33.7276
149370160,9,2630.79,1964.74,8,3.78666,5.55952,3,24,0,0,0,0,,,,2.70255
149370160,10,2612.63,1306.31,16,3.48606,5.22749,3,24,0,0,0,0,,,,3.61268
149370160,11,2617.97,5279.14,8,10.1745,14.9381,3,24,0,0,1,1,2617.97,5512.3,8,11.3778
149370160,12,2635.65,1872,8,3.60791,5.29708,3,24,0,0,1,1,2635.65,5400.69,8,11.9427
149370160,13,2616.02,6355.62,8,12.2492,17.9841,3,24,0,0,1,1,2616,6151.51,6,11.0662
149370160,14,2631.97,49934.1,1,43.4864,49.9555,3,24,0,0,1,1,2631.97,44322.1,1,42.7118
149370160,15,2620.5,17895.7,4,26.6819,35.8067,3,24,0,0,1,1,2620.49,18156.3,3,26.1938
149370160,16,2616.7,4003.36,16,10.6835,16.0203,3,24,0,0,0,0,,,,6.88164
149370160,17,2618.84,5019.76,4,7.4843,10.0438,3,24,0,0,1,1,2618.84,5718.72,3,8.47082
149370160,18,2619.01,1246.64,24,3.92407,6.10987,3,24,0,0,0,0,,,,3.82555
149370160,19,2629.15,2397.77,4,3.575,4.79759,3,24,0,0,0,0,,,,3.02529
229746965,0,2614.45,3257.22,16,18.3572,16.4743,3,24,0,0,1,1,2614.46,2870.06,16,15.6411
229746965,1,2629.59,4743.87,16,26.7358,23.9934,3,24,0,0,1,1,2629.58,3082.34,24,27.8111
229746965,2,2628.69,9563.65,4,27.8905,24.1854,3,24,0,0,1,1,2628.68,7990.5,4,25.8289
229746965,3,2613.59,2276.07,8,10.0033,8.14011,3,24,0,0,0,0,,,,6.07925
229746965,4,2614.79,1628.21,4,4.74835,4.11756,3,24,0,0,0,0,,,,3.32292
229746965,5,2628.5,5604.92,1,6.68657,7.08711,3,24,0,0,0,0,,,,3.78223
229746965,6,2620.31,16170.5,4,47.1582,40.8935,3,24,0,0,1,1,2620.31,15086.9,4,47.6214
229746965,7,2619.23,12407.2,8,54.5293,44.373,3,24,0,0,1,1,2619.24,11014.3,8,50.9491
229746965,8,2632.34,10381.9,4,30.2767,26.2546,3,24,0,0,1,1,2632.34,9264.77,4,28.7544
229746965,9,2633.59,21858.6,1,26.0769,27.639,3,24,0,0,1,1,2633.59,18804,1,24.6775
229746965,10,2617.28,4830.21,4,14.0864,12.2151,3,24,0,0,1,1,2617.28,4464.53,4,13.8287
229746965,11,2628.76,45689.6,1,54.5069,57.772,3,24,0,0,1,1,2628.76,37828.6,1,49.7878
229746965,12,2617.15,800.737,16,4.51284,4.04995,3,24,0,0,0,0,,,,4.78655
229746965,13,2616.13,695.881,16,3.92189,3.51961,3,24,0,0,0,0,,,,3.32135
229746965,14,2621.07,543.388,16,3.06246,2.74834,3,24,0,0,0,0,,,,2.83069
229746965,15,2612.93,1560.89,24,12.7458,9.66894,3,24,0,0,1,1,2613.11,2548.17,6,9.72673
229746965,16,2629.72,8520.27,8,37.4463,30.4718,3,24,0,0,1,1,2629.73,8125.03,8,39.4252
229746965,17,2631.72,2537.69,24,20.722,15.7197,3,24,0,0,1,1,2631.79,2468.35,24,18.8639
229746965,18,2633.42,3297.74,24,26.9283,20.4278,3,24,0,0,1,1,2633.43,2740.17,24,20.1472
229746965,19,2629.7,3152.68,2,5.36041,5.63761,3,24,0,0,0,0,,,,6.58748
229778011,0,2632.2,2492.36,16,29.224,23.5925,3,24,0,0,1,1,2632.2,2340.35,16,29.0647
229778011,1,2615.78,24971.2,1,58.532,59.0939,3,24,0,0,1,1,2615.77,20921.5,1,54.2292
229778011,2,2628.63,1002.65,4,5.22317,4.74551,3,24,0,0,0,0,,,,4.77018
229778011,3,2617.49,223.46,24,3.4808,2.59064,3,24,0,0,0,0,,,,3.46086
229778011,4,2626.23,4097.75,8,32.7938,27.4279,3,24,0,0,1,1,2626.35,4314.27,1,11.2152
229778011,5,2613.91,14069.1,2,48.0366,47.0853,3,24,0,0,1,1,2613.91,12396.2,2,46.1714
229778011,6,2616.48,8069.82,2,27.553,27.0073,3,24,0,0,1,1,2616.48,7138.39,2,26.4839
229778011,7,2616.02,1383.48,24,21.5502,16.0391,3,24,0,0,1,1,2616,1190.9,24,16.6415
229778011,8,2618.98,3939.4,2,13.4504,13.184,3,24,0,0,1,1,2618.98,3524.74,2,13.024
229778011,9,2630.26,581.609,8,4.65454,3.89295,3,24,0,0,0,0,,,,4.52403
229778011,10,2628.23,724.496,16,8.49504,6.85801,3,24,0,0,0,0,,,,5.3275
229778011,11,2621.03,3214.77,8,25.7274,21.5178,3,24,0,0,1,1,2621.04,2972.72,8,25.601
229778011,12,2617.94,3369.29,2,11.5038,11.276,3,24,0,0,1,1,2617.93,2964.98,2,11.2236
229778011,13,2628.45,1025.75,2,3.50224,3.43288,3,24,0,0,0,0,,,,4.24444
229778011,14,2632.7,910.327,8,7.28523,6.09319,3,24,0,0,0,0,,,,5.514
229778011,15,2633.96,1498.53,8,11.9926,10.0303,3,24,0,0,1,1,2633.95,1300.98,8,11.0468
229778011,16,2611.77,2914.76,1,6.83212,6.89771,3,24,0,0,0,0,,,,5.54971
229778011,17,2633.77,2901.62,4,15.1156,13.7332,3,24,0,0,1,1,2633.77,3010.28,4,17.332
229778011,18,2627.36,1800.83,4,9.38118,8.52326,3,24,0,0,1,1,2627.39,1314.6,6,9.69671
229778011,19,2618.74,13753.6,2,46.9592,46.0293,3,24,0,0,1,1,2618.74,11834.9,2,44.6112
229910664,0,2621.29,2707.75,8,10.4664,11.2903,3,24,0,0,1,1,2621.32,2574.17,6,9.92438
229910664,1,2618.05,12061.4,8,46.6215,50.2913,3,24,0,0,1,1,2618.04,11905.3,6,44.9876
229910664,2,2628.91,9979.1,1,14.2967,14.711,3,24,0,0,1,1,2628.91,8797.41,1,13.8917
229910664,3,2615.09,308.406,24,3.21401,2.22731,3,24,0,0,0,0,,,,3.42851
229910664,4,2616.09,2477.95,4,7.16538,7.30591,3,24,0,0,0,0,,,,6.70179
229910664,5,2627.67,926.803,8,3.58243,3.86442,3,24,0,0,0,0,,,,2.97256
229910664,6,2630.28,14307.3,2,29.4122,29.828,3,24,0,0,1,1,2630.28,12554,2,28.4122
229910664,7,2613.75,2186.12,2,4.4941,4.55763,3,24,0,0,0,0,,,,4.43766
229910664,8,2620.13,8836.32,1,12.6594,13.0263,3,24,0,0,1,1,2620.13,7682.58,1,12.142
229910664,9,2626.57,644.527,24,6.71685,4.65477,3,24,0,0,0,0,,,,4.43756
229910664,10,2631.95,4155.4,4,12.016,12.2517,3,24,0,0,1,1,2631.93,3808.98,4,12.004
229910664,11,2627.6,10777.7,8,41.6597,44.9389,3,24,0,0,1,1,2627.61,10270.8,6,40.0323
229910664,12,2618.53,17060.9,4,49.3342,50.3018,3,24,0,0,1,1,2618.52,15508,4,48.8826
229910664,13,2613.76,3168.79,24,33.0231,22.8849,3,24,0,0,1,1,2613.76,2976.38,24,23.3568
229910664,14,2612.24,529.479,24,5.51789,3.82389,3,24,0,0,0,0,,,,3.16293
229910664,15,2616.43,11384.8,8,44.0065,47.4704,3,24,0,0,1,1,2616.41,11864.1,6,44.2973
229910664,16,2612.84,3306.95,8,12.7826,13.7887,3,24,0,0,1,1,2612.82,3758.25,6,13.8432
229910664,17,2616.91,3855.58,8,14.9032,16.0763,3,24,0,0,1,1,2616.88,3557.18,8,14.6531
229910664,18,2630.87,4857.56,8,18.7762,20.2542,3,24,0,0,1,1,2630.85,5207.21,6,19.5839
229910664,19,2632.04,3405.59,24,35.4909,24.5952,3,24,0,0,1,1,2632.01,3118.11,24,27.3265
229942102,0,2627.88,5106.65,1,14.2452,14.2812,3,24,0,0,1,1,2627.88,4920.88,1,15.2982
229942102,1,2628.1,1265.9,2,4.89088,5.00659,3,24,0,0,0,0,,,,4.99219
229942102,2,2612.93,3489.62,1,9.73443,9.75905,3,24,0,0,1,1,2612.93,2733.65,1,8.4084
229942102,3,2629.77,1544.71,1,4.30902,4.31992,3,24,0,0,0,0,,,,4.38214
229942102,4,2629.06,696.313,4,3.76226,3.89461,3,24,0,0,0,0,,,,5.8556
229942102,5,2620.43,2765.48,4,14.9422,15.4678,3,24,0,0,1,1,2620.43,2506.14,4,14.5094
229942102,6,2618.06,4182.77,1,11.668,11.6975,3,24,0,0,1,1,2618.05,2825.65,1,8.75412
229942102,7,2631.98,1747.86,2,6.75298,6.91276,3,24,0,0,1,1,2631.97,1682.16,2,7.14919
229942102,8,2616.55,2625.53,16,35.4079,29.3701,3,24,0,0,1,1,2616.57,2348.39,16,31.6401
229942102,9,2612.86,4961.84,2,19.1704,19.624,3,24,0,0,1,1,2612.86,4606.79,2,19.6917
229942102,10,2627.09,10457.8,2,40.4043,41.3603,3,24,0,0,1,1,2627.09,9531.21,2,40.7117
229942102,11,2618.69,7025.09,1,19.5968,19.6463,3,24,0,0,1,1,2618.69,6539.78,1,20.2459
229942102,12,2620.73,4121.25,8,30.5679,32.5989,3,24,0,0,1,1,2620.72,4042.51,6,29.5049
229942102,13,2626.79,1459.74,2,5.63982,5.77326,3,24,0,0,0,0,,,,5.53123
229942102,14,2632.23,9630.25,4,52.0334,53.8638,3,24,0,0,1,1,2632.22,8457.4,4,49.9894
229942102,15,2614.41,1835.6,2,7.09197,7.25976,3,24,0,0,1,1,2614.4,1652.63,2,7.02106
229942102,16,2631.65,1615.06,2,6.23988,6.38752,3,24,0,0,1,1,2631.64,1886.47,2,8.07303
229942102,17,2635.68,1345.31,24,26.4398,18.4314,3,24,0,0,0,0,,,,4.82756
229942102,18,2635.1,10376.9,4,56.0679,58.0402,3,24,0,0,1,1,2635.09,9338.26,4,54.8702
229942102,19,2635.59,1968.47,2,7.60532,7.78526,3,24,0,0,0,0,,,,4.77353
224288796,0,2629.88,1178.49,8,10.5504,11.4756,3,24,0,0,1,1,2629.89,1010.25,8,9.69401
224288796,1,2634.85,4441.14,1,14.9427,15.2897,3,24,0,0,1,1,2634.86,3743.16,1,13.8595
224288796,2,2632.54,3054.15,24,52.4576,51.511,3,24,0,0,1,1,2632.53,2767.6,24,48.3592
224288796,3,2618.53,1090.17,2,5.16194,5.30779,3,24,0,0,0,0,,,,6.68173
224288796,4,2632.13,5465.8,2,25.8804,26.6117,3,24,0,0,1,1,2632.13,4786.23,2,24.9196
224288796,5,2613.11,6270.81,4,40.765,43.1775,3,24,0,0,1,1,2613.12,5430.4,4,39.7314
224288796,6,2612.22,1789.17,8,16.0175,17.4221,3,24,0,0,1,1,2612.23,1611.14,8,15.2164
224288796,7,2627.22,822.151,24,14.1211,13.8663,3,24,0,0,1,1,2627.17,592.159,24,11.2324
224288796,8,2619.9,3124.77,2,14.7957,15.2138,3,24,0,0,1,1,2619.9,3079.48,2,16.1734
224288796,9,2614.6,838.9,16,11.2905,11.5525,3,24,0,0,1,1,2614.6,825.675,16,9.77299
224288796,10,2633.85,1230.02,8,11.0118,11.9774,3,24,0,0,1,1,2633.85,957.519,8,9.26438
224288796,11,2631.57,1004.17,2,4.75471,4.88905,3,24,0,0,0,0,,,,4.66196
224288796,12,2635.14,824.564,16,11.0975,11.355,3,24,0,0,1,1,2635.12,862.099,12,10.6349
224288796,13,2615.77,1119.59,2,5.30122,5.45101,3,24,0,0,0,0,,,,6.33563
224288796,14,2620.49,244.892,24,4.20622,4.13032,3,24,0,0,0,0,,,,4.41711
224288796,15,2619.03,2284.16,1,7.68532,7.86375,3,24,0,0,1,1,2619.03,2270.03,1,8.46391
224288796,16,2628.6,2232.38,8,19.9854,21.7378,3,24,0,0,1,1,2628.6,2117.79,8,20.9262
224288796,17,2626.35,359.495,24,6.17463,6.0632,3,24,0,0,0,0,,,,3.84601
224288796,18,2620.47,439.625,24,7.55093,7.41467,3,24,0,0,0,0,,,,6.33928
224288796,19,2633.51,755.212,8,6.76105,7.3539,3,24,0,0,0,0,,,,4.29135
224300930,0,2629.35,3508.98,2,18.6577,24.2485,3,24,0,0,1,1,2629.34,3559.99,1.5,18.8785
224300930,1,2616.9,1155.6,24,13.1064,27.6631,3,24,0,0,0,0,,,,6.28706
224300930,2,2619.05,437.519,24,4.9622,10.4735,3,24,0,0,0,0,,,,2.79032
224300930,3,2612.17,1110.75,4,7.42118,10.8551,3,24,0,0,1,1,2612.18,1227.35,3,8.37547
224300930,4,2610.74,1487.04,2,7.90682,10.2761,3,24,0,0,1,1,2610.75,1462.68,1.5,7.65091
224300930,5,2620.8,11047.6,1,45.7474,53.983,3,24,0,0,1,1,2620.8,8969.58,1,41.4173
224300930,6,2612.9,2814.15,8,22.7521,38.8938,3,24,0,0,1,1,2612.92,2758.66,6,22.7623
224300930,7,2613.95,1279.29,2,6.80218,8.84043,3,24,0,0,0,0,,,,6.72881
224300930,8,2633.97,1000.25,24,11.3445,23.9443,3,24,0,0,0,0,,,,6.91012
224300930,9,2633.99,593.35,4,3.96433,5.79868,3,24,0,0,0,0,,,,4.33413
224300930,10,2616.15,671.893,4,4.48909,6.56627,3,24,0,0,0,0,,,,4.24818
224300930,11,2611.11,708.594,2,3.76769,4.89667,3,24,0,0,0,0,,,,4.78484
224300930,12,2612.91,2350.68,16,22.4691,45.9455,3,24,0,0,1,1,2612.88,2250.11,12,21.2427
224300930,13,2618.72,1437.45,1,5.95239,7.02397,3,24,0,0,0,0,,,,4.65101
224300930,14,2611.34,4634.85,8,37.4723,64.0574,3,24,0,0,1,1,2611.33,4746.61,6,38.0639
224300930,15,2635.51,5125.74,4,34.2464,50.0928,3,24,0,0,1,1,2635.52,5145.79,3,34.6229
224300930,16,2615.86,2807.04,24,31.8365,67.1958,3,24,0,0,1,1,2615.87,2701.71,16,25.0466
224300930,17,2618.74,4155.6,16,39.7215,81.2236,3,24,0,0,1,1,2618.74,4117.68,12,35.0774
224300930,18,2628.22,755.819,8,6.11071,10.446,3,24,0,0,0,0,,,,4.73383
224300930,19,2612.54,699.76,24,7.93645,16.7511,3,24,0,0,0,0,,,,4.72831
229673188,0,2616.62,4222.15,24,45.625,45.3307,3,24,0,0,1,1,2616.64,3802.88,24,37.4793
229673188,1,2627.87,1487.99,1,3.31073,3.26103,3,24,0,0,0,0,,,,4.19895
229673188,2,2629.25,5246.81,4,22.3388,22.9974,3,24,0,0,1,1,2629.25,4534.26,4,21.1656
229673188,3,2628.35,6987.23,2,21.95,21.6558,3,24,0,0,1,1,2628.35,6566.75,2,22.7456
229673188,4,2627.5,1686.79,4,7.18165,7.3934,3,24,0,0,1,1,2627.48,2031.18,4,9.35712
229673188,5,2615.48,6076.94,16,49.4433,53.272,3,24,0,0,1,1,2615.5,6230.82,12,44.5191
229673188,6,2616.12,13976.9,1,31.0981,30.6313,3,24,0,0,1,1,2616.12,11618.6,1,28.474
229673188,7,2633.39,2396.84,2,7.52954,7.42862,3,24,0,0,1,1,2633.39,2727.46,1.5,8.26189
229673188,8,2631,4258.33,24,46.0159,45.7192,3,24,0,0,1,1,2630.98,3936.33,24,47.4316
229673188,9,2613.59,1442.37,2,4.53113,4.4704,3,24,0,0,0,0,,,,5.88339
229673188,10,2615.24,1170.05,16,9.51977,10.2569,3,24,0,0,0,0,,,,6.27011
229673188,11,2630.22,2742.1,2,8.61413,8.49868,3,24,0,0,1,1,2630.22,2677.71,2,9.29184
229673188,12,2617.05,2520.62,8,14.0875,15.6245,3,24,0,0,1,1,2617.05,2376.3,8,14.1257
229673188,13,2629.82,3112.17,8,17.3936,19.2913,3,24,0,0,1,1,2629.81,2873.82,6,16.0508
229673188,14,2618.05,725.899,8,4.05697,4.49961,3,24,0,0,0,0,,,,3.69956
229673188,15,2619.55,868.367,8,4.85321,5.38272,3,24,0,0,0,0,,,,5.20782
229673188,16,2627.17,12124.1,1,26.9757,26.5707,3,24,0,0,1,1,2627.16,9870.53,1,24.1805
229673188,17,2611.28,710.598,8,3.97145,4.40476,3,24,0,0,0,0,,,,3.84921
229673188,18,2618.5,1917.26,8,10.7154,11.8845,3,24,0,0,1,1,2618.53,1992.07,6,11.1484
229673188,19,2613.85,454.4,24,4.91029,4.87863,3,24,0,0,0,0,,,,3.9077
229673326,0,2621.53,3573.1,2,6.04134,6.18086,3,24,0,0,0,0,,,,
229673326,1,2632.85,1856.75,24,16.5887,11.1262,3,24,0,0,1,1,2632.85,1578.29,24,11.5811
229673326,2,2627.79,4095.1,1,5.17508,5.00903,3,24,0,0,0,0,,,,5.21626
229673326,3,2618.14,11204.6,2,18.9446,19.3821,3,24,0,0,1,1,2618.14,10697.2,1.5,18.0235
229673326,4,2626.46,1498.52,24,13.3881,8.97959,3,24,0,0,0,0,,,,4.70844
229673326,5,2629.48,1865.7,24,16.6687,11.1799,3,24,0,0,1,1,2629.47,1692.51,24,11.9965
229673326,6,2616,1607.94,8,5.85025,5.56295,3,24,0,0,0,0,,,,6.84888
229673326,7,2621.31,2098.07,2,3.54738,3.62931,3,24,0,0,0,0,,,,3.45202
229673326,8,2632.31,8327.02,2,14.0792,14.4044,3,24,0,0,1,1,2632.31,7992.04,1.5,13.4498
229673326,9,2618.11,8354.7,4,21.2761,20.4385,3,24,0,0,1,1,2618.1,7178.22,4,20.3349
229673326,10,2627.66,4136.5,8,15.05,14.3109,3,24,0,0,1,1,2627.67,3851.86,8,15.369
229673326,11,2616.47,726.965,16,4.15652,3.55683,3,24,0,0,0,0,,,,4.03304
229673326,12,2618.75,693.963,24,6.20004,4.15845,3,24,0,0,0,0,,,,4.19296
229673326,13,2616.51,1967.3,8,7.15771,6.8062,3,24,0,0,0,0,,,,6.44439
229673326,14,2616.96,14493,8,52.7304,50.1408,3,24,0,0,1,1,2616.94,12536.7,8,51.3385
229673326,15,2620.15,2547.04,8,9.267,8.8119,3,24,0,0,1,1,2620.1,2329.5,8,9.11192
229673326,16,2617.27,15807,2,26.7262,27.3434,3,24,0,0,1,1,2617.27,15493.7,1.5,25.9917
229673326,17,2626.34,14607.4,8,53.1467,50.5366,3,24,0,0,1,1,2626.39,15398.4,4,44.0187
229673326,18,2633.01,734.349,24,6.56087,4.40046,3,24,0,0,0,0,,,,3.80947
229673326,19,2631.09,444.687,24,3.97295,2.66471,3,24,0,0,0,0,,,,3.88254
188532357,0,2617.02,4328.97,24,31.2591,26.0359,3,24,0,0,1,1,2616.99,3718.69,24,28.1304
188532357,1,2617.13,3145.69,8,10.76,10.923,3,24,0,0,1,1,2617.12,2581.85,8,9.28819
188532357,2,2615.22,1354.09,8,4.63175,4.70191,3,24,0,0,0,0,,,,5.18595
188532357,3,2634.13,5144.66,16,24.8572,25.2638,3,24,0,0,1,1,2634.12,4890.59,16,24.5996
188532357,4,2626.84,3547.5,1,4.12863,4.35517,3,24,0,0,0,0,,,,5.21984
188532357,5,2618.4,4295.72,4,10.0647,10.5475,3,24,0,0,1,1,2618.4,3963.39,4,9.99586
188532357,6,2633.48,4045.8,8,13.839,14.0486,3,24,0,0,1,1,2633.47,3612.07,8,13.3067
188532357,7,2632.42,11275.2,1,13.1223,13.8423,3,24,0,0,1,1,2632.42,8997.07,1,11.6184
188532357,8,2621.11,3647.38,8,12.4761,12.6651,3,24,0,0,1,1,2621.11,2956.81,8,10.7177
188532357,9,2610.53,972.541,8,3.32665,3.37704,3,24,0,0,0,0,,,,4.96573
188532357,10,2632.85,1733.69,24,12.5188,10.427,3,24,0,0,1,1,2632.86,1420.53,24,10.6515
188532357,11,2629.66,2452.83,4,5.7469,6.02254,3,24,0,0,0,0,,,,5.82435
188532357,12,2635.56,2028.99,4,4.75385,4.98186,3,24,0,0,0,0,,,,4.7496
188532357,13,2620.72,5388.34,2,8.94394,9.3552,3,24,0,0,1,1,2620.72,5178.98,1.5,8.3081
188532357,14,2617.92,5518.67,16,26.6642,27.1005,3,24,0,0,1,1,2617.77,3626.81,24,29.1903
188532357,15,2633.2,8418.29,1,9.79733,10.3349,3,24,0,0,1,1,2633.19,7698.71,1,9.92319
188532357,16,2612.83,11986.1,16,57.9124,58.8599,3,24,0,0,1,1,2612.81,11884.5,12,51.6741
188532357,17,2630.36,6670.9,8,22.8183,23.1639,3,24,0,0,1,1,2630.35,6097.82,8,21.5652
188532357,18,2627.89,16734.1,4,39.2075,41.0881,3,24,0,0,1,1,2627.88,15799.5,4,40.8456
188532357,19,2610.21,4676.17,4,10.9561,11.4816,3,24,0,0,1,1,2610.22,3510.19,4,9.23945
198207077,0,2631.84,7108.99,24,42.9006,37.7175,3,24,0,0,1,1,2631.84,6510.02,24,36.7344
198207077,1,2630.78,4644.49,2,6.54113,7.11348,3,24,0,0,0,0,,,,6.71112
198207077,2,2614.34,50000,1,51.5587,54.1501,3,24,0,0,1,1,2614.34,41534,1,47.3454
198207077,3,2634.25,8867.58,1,9.14402,9.6036,3,24,0,0,1,1,2634.26,6233.18,1,7.15848
198207077,4,2629.78,3679.21,4,7.42209,7.96917,3,24,0,0,1,1,2629.79,4446.49,3,8.25645
198207077,5,2629.38,10273.7,8,29.5016,31.4702,3,24,0,0,1,1,2629.39,9367.59,8,27.5838
198207077,6,2621.11,13624.1,4,27.4839,29.5098,3,24,0,0,1,1,2621.12,12017.9,4,25.9421
198207077,7,2620.02,21928.4,4,44.2362,47.4969,3,24,0,0,1,1,2620.02,19264.8,4,41.8921
198207077,8,2631.43,26019.1,2,36.6443,39.8507,3,24,0,0,1,1,2631.43,27277.9,1.5,38.4683
198207077,9,2615.46,41310,1,42.5979,44.7388,3,24,0,0,1,1,2615.47,34710.2,1,39.6638
198207077,10,2618.65,3648.05,2,5.13778,5.58734,3,24,0,0,0,0,,,,5.81675
198207077,11,2626.89,3687.72,4,7.43926,7.98761,3,24,0,0,0,0,,,,6.80698
198207077,12,2630.93,7209.49,24,43.5071,38.2507,3,24,0,0,1,1,2630.95,6511,24,38.6508
198207077,13,2616.91,3065.47,8,8.80274,9.39013,3,24,0,0,1,1,2616.93,2663.16,8,8.02006
198207077,14,2630.18,16861.5,1,17.3872,18.2611,3,24,0,0,1,1,2630.18,13738.4,1,15.7117
198207077,15,2613.28,12268.1,16,56.7377,53.1454,3,24,0,0,1,1,2613.28,10529.4,16,52.4254
198207077,16,2620.25,1319.93,8,3.79029,4.0432,3,24,0,0,0,0,,,,2.96465
198207077,17,2628.06,3989.93,8,11.4574,12.2219,3,24,0,0,1,1,2628.07,3545.44,8,10.5954
198207077,18,2621.16,17547.5,2,24.7133,26.8757,3,24,0,0,1,1,2621.16,17239.9,1.5,24.2221
198207077,19,2628.91,6046.96,16,27.9661,26.1955,3,24,0,0,1,1,2628.93,5807.23,16,27.6851
198208239,0,2611.29,1861.32,16,11.4652,9.44908,3,24,0,0,1,1,2611.31,2022.33,16,13.0055
198208239,1,2610.92,27318.2,1,33.3375,34.6706,3,24,0,0,1,1,2610.93,22591.4,1,30.6514
198208239,2,2615.5,1030.45,8,4.26256,3.69896,3,24,0,0,0,0,,,,3.68197
198208239,3,2633.55,7534.68,24,54.7944,46.8467,3,24,0,0,1,1,2633.56,7096.38,24,49.1518
198208239,4,2635.59,4379.61,2,7.42781,7.86065,3,24,0,0,0,0,,,,5.03831
198208239,5,2611.56,8464.92,16,52.1415,42.9725,3,24,0,0,1,1,2611.56,8490.8,12,46.9941
198208239,6,2630.18,21093,4,52.9126,53.5397,3,24,0,0,1,1,2630.18,18945.7,4,51.64
198208239,7,2617.81,3678.07,8,15.2147,13.203,3,24,0,0,1,1,2617.81,3276.29,8,14.1274
198208239,8,2635.66,2453.31,2,4.1608,4.40327,3,24,0,0,0,0,,,,3.83445
198208239,9,2619.08,1403.3,24,10.2052,8.72498,3,24,0,0,0,0,,,,5.43585
198208239,10,2611.13,2560.55,1,3.12474,3.24969,3,24,0,0,0,0,,,,5.03002
198208239,11,2613.02,5596.25,1,6.82931,7.1024,3,24,0,0,0,0,,,,6.17132
198208239,12,2612.28,15618.4,4,39.1794,39.6438,3,24,0,0,1,1,2612.29,13951.1,4,38.3256
198208239,13,2631.04,26653.9,1,32.5267,33.8274,3,24,0,0,1,1,2631.05,21159.7,1,28.5825
198208239,14,2621.23,565.896,24,4.11536,3.51844,3,24,0,0,0,0,,,,2.80553
198208239,15,2616.31,1468.77,24,10.6813,9.13204,3,24,0,0,0,0,,,,6.28021
198208239,16,2615.47,43485,1,53.0664,55.1884,3,24,0,0,1,1,2615.48,36906.5,1,49.829
198208239,17,2633.55,14290.5,4,35.8482,36.2731,3,24,0,0,1,1,2633.55,12905.5,4,34.3837
198208239,18,2626.14,3131.38,16,19.2884,15.8966,3,24,0,0,1,1,2626.16,2363.98,16,15.1201
198208239,19,2612.36,14062.4,8,58.1706,50.4792,3,24,0,0,1,1,2612.36,12402.1,8,55.8793
198457782,0,2631.09,5921.14,1,7.62368,7.21957,3,24,0,0,0,0,,,,6.93254
198457782,1,2633.6,5448.73,2,9.70751,9.39541,3,24,0,0,1,1,2633.59,5701.7,1.5,9.82368
198457782,2,2626.57,29567,2,52.6768,50.9832,3,24,0,0,1,1,2626.58,27058.9,2,53.5399
198457782,3,2617.48,3190.7,8,11.4526,11.0036,3,24,0,0,1,1,2617.48,2629.24,8,10.3964
198457782,4,2630.09,3762.19,8,13.5039,12.9745,3,24,0,0,1,1,2630.09,3901.58,8,14.9733
198457782,5,2632.52,1619.78,24,10.739,9.67538,3,24,0,0,0,0,,,,6.37301
198457782,6,2630.32,3681.29,8,13.2135,12.6955,3,24,0,0,1,1,2630.31,3548.79,8,13.5903
198457782,7,2630.77,981.088,24,6.50453,5.86029,3,24,0,0,0,0,,,,6.32026
198457782,8,2620.54,10272.2,4,25.2511,25.0496,3,24,0,0,1,1,2620.55,9309.6,4,24.7172
198457782,9,2618.63,19610.6,1,25.2493,23.9109,3,24,0,0,1,1,2618.63,15886.3,1,22.5476
198457782,10,2613.63,985.312,16,5.02712,4.80551,3,24,0,0,0,0,,,,4.89079
198457782,11,2611.63,4377.97,8,15.7142,15.0981,3,24,0,0,1,1,2611.63,3908.64,8,14.9943
198457782,12,2618.19,3475.41,1,4.47471,4.23752,3,24,0,0,0,0,,,,4.39743
198457782,13,2633.67,6268.74,4,15.4097,15.2868,3,24,0,0,1,1,2633.67,6462.97,4,17.468
198457782,14,2629.99,15374.5,2,27.3913,26.5107,3,24,0,0,1,1,2630,14471.5,2,28.5018
198457782,15,2631.79,1359.84,8,4.88098,4.68964,3,24,0,0,0,0,,,,4.11684
198457782,16,2617.96,2493.29,8,8.94933,8.5985,3,24,0,0,1,1,2617.98,2336.69,8,8.79081
198457782,17,2618.97,3053.83,24,20.2466,18.2413,3,24,0,0,1,1,2619.04,3148.41,16,15.0567
198457782,18,2615.6,2627.27,8,9.43026,9.06057,3,24,0,0,1,1,2615.6,3095.83,6,10.2101
198457782,19,2629.32,2098.01,4,5.15729,5.11614,3,24,0,0,0,0,,,,5.73273
219103533,0,2628.1,16465.3,2,27.3692,40.4584,3,24,0,0,1,1,2628.1,16577.4,1.5,28.9174
219103533,1,2626.91,25376.8,4,48.7347,88.1843,3,24,0,0,1,1,2626.91,25607.2,3,50.6304
219103533,2,2615.79,2606.46,2,4.33256,6.4046,3,24,0,0,0,0,,,,6.33144
219103533,3,2617.11,7240.77,16,18.302,50.3234,3,24,0,0,1,1,2617.1,6942.37,12,19.4819
219103533,4,2629.82,9008.38,1,12.5836,15.6521,3,24,0,0,1,1,2629.82,8044.89,1,12.391
219103533,5,2620.83,3073.88,24,8.37846,26.1648,3,24,0,0,0,0,,,,5.51395
219103533,6,2620.19,5960.73,4,11.4473,20.7135,3,24,0,0,1,1,2620.18,6222.24,3,12.4585
219103533,7,2614.66,6089.95,4,11.6954,21.1626,3,24,0,0,1,1,2614.66,6029.54,3,10.6996
219103533,8,2629.55,3867.03,2,6.42791,9.50205,3,24,0,0,0,0,,,,4.99535
219103533,9,2611.88,1222.5,16,3.09003,8.49638,3,24,0,0,0,0,,,,3.61542
219103533,10,2613.77,7598.66,16,19.2066,52.8108,3,24,0,0,1,1,2613.8,7741.62,12,21.1019
219103533,11,2611.98,19587.6,16,49.5104,136.134,3,24,0,0,1,1,2611.95,19920.6,12,48.4965
219103533,12,2635.45,3927.98,16,9.9285,27.2995,3,24,0,0,1,1,2635.48,4932.59,12,13.0993
219103533,13,2621.32,8566.96,16,21.6541,59.5404,3,24,0,0,1,1,2621.23,9534.19,8,21.7162
219103533,14,2619.86,10003.4,4,19.2109,34.7617,3,24,0,0,1,1,2619.86,10762.3,3,21.7068
219103533,15,2627.93,1794.34,4,3.44595,6.23535,3,24,0,0,0,0,,,,4.96776
219103533,16,2634.09,26601.5,1,37.1591,46.2202,3,24,0,0,1,1,2634.09,22837.2,1,35.3218
219103533,17,2619.61,8426.83,24,22.969,71.7291,3,24,0,0,1,1,2619.64,7750.13,24,21.0342
219103533,18,2630.96,1645.21,24,4.48434,14.004,3,24,0,0,0,0,,,,4.31656
219103533,19,2611.64,4412.01,4,8.47304,15.3318,3,24,0,0,1,1,2611.64,5324.97,3,10.8566
219118012,0,2630.36,14011.1,2,32.6864,48.0205,3,24,0,0,1,1,2630.36,13245.5,1.5,31.4714
219118012,1,2626.48,2550.12,16,13.9946,24.7206,3,24,0,0,0,0,,,,6.87175
219118012,2,2633.07,1121.8,24,6.56302,13.3187,3,24,0,0,0,0,,,,5.35973
219118012,3,2631.71,9691.61,1,18.6172,23.4874,3,24,0,0,1,1,2631.71,8110.28,1,17.1877
219118012,4,2635.54,30414.4,1,58.4249,73.7085,3,24,0,0,1,1,2635.54,25731.4,1,54.4143
219118012,5,2618.68,2077.68,1,3.99116,5.03522,3,24,0,0,0,0,,,,3.85001
219118012,6,2612.89,1724.79,2,4.02375,5.9114,3,24,0,0,0,0,,,,4.63775
219118012,7,2634.86,1069.1,16,5.86703,10.3638,3,24,0,0,0,0,,,,4.20546
219118012,8,2615.27,7561.32,1,14.525,18.3247,3,24,0,0,1,1,2615.27,7316.92,1,15.679
219118012,9,2626.61,4465.01,24,26.1222,53.0111,3,24,0,0,1,1,2626.87,4106.66,12,20.3961
219118012,10,2619.24,8139.46,2,18.9885,27.8965,3,24,0,0,1,1,2619.24,8807.59,1.5,21.0647
219118012,11,2611.34,14689.1,4,40.0724,71.1974,3,24,0,0,1,1,2611.39,15362.6,1,32.7937
219118012,12,2634.28,1577.41,1,3.03014,3.82281,3,24,0,0,0,0,,,,4.63531
219118012,13,2630.57,4886.38,4,13.3302,23.684,3,24,0,0,1,1,2630.57,4196.4,3,11.9968
219118012,14,2617.68,30344.9,1,58.2914,73.54,3,24,0,0,1,1,2617.68,25797.1,1,55.0495
219118012,15,2630.58,1032.31,16,5.66514,10.0071,3,24,0,0,0,0,,,,3.08736
219118012,16,2633.87,4856.02,2,11.3285,16.6431,3,24,0,0,1,1,2633.86,4347.96,1.5,10.4225
219118012,17,2618.02,2478.14,24,14.4982,29.4219,3,24,0,0,1,1,2617.94,2261.17,16,12.8667
219118012,18,2611.59,2472.25,16,13.5672,23.9657,3,24,0,0,1,1,2611.63,2912.42,8,11.6073
219118012,19,2633.06,10280,8,37.3984,70.4657,3,24,0,0,1,1,2633.05,9048.12,8,34.887
219732404,0,2632.02,5081.42,8,39.6015,34.8904,3,24,0,0,1,1,2632.02,4586.37,8,37.9525
219732404,1,2628.46,618.135,24,8.71546,7.35133,3,24,0,0,0,0,,,,4.91662
219732404,2,2619.64,10778.7,1,25.6794,26.1665,3,24,0,0,1,1,2619.63,8859.78,1,23.2466
219732404,3,2618.94,4028.42,16,47.1753,39.1175,3,24,0,0,1,1,2618.94,3482.61,16,40.8034
219732404,4,2612.01,961.923,16,11.2647,9.34064,3,24,0,0,1,1,2611.97,888.067,16,10.0557
219732404,5,2627.2,2353.33,24,33.181,27.9875,3,24,0,0,1,1,2627.2,2132.64,24,29.7253
219732404,6,2616.97,594.102,16,6.95731,5.76896,3,24,0,0,0,0,,,,4.62879
219732404,7,2616.64,3894.3,16,45.6047,37.8152,3,24,0,0,1,1,2616.64,3462.22,16,38.904
219732404,8,2614.94,933.134,24,13.1568,11.0975,3,24,0,0,1,1,2614.91,778.591,24,10.8786
219732404,9,2615.53,458.898,24,6.47028,5.45755,3,24,0,0,0,0,,,,3.99219
219732404,10,2627.38,2049.72,16,24.0035,19.9036,3,24,0,0,1,1,2627.35,1908.08,16,22.0658
219732404,11,2613.85,921.907,16,10.7961,8.95208,3,24,0,0,0,0,,,,6.24008
219732404,12,2630.75,4800.99,16,56.2227,46.6195,3,24,0,0,1,1,2630.74,4109.68,16,49.8458
219732404,13,2628.71,8728.3,1,20.7944,21.1888,3,24,0,0,1,1,2628.71,7432,1,19.5083
219732404,14,2620.64,2811.8,2,9.69423,9.6533,3,24,0,0,1,1,2620.64,2981.43,1.5,9.75122
219732404,15,2628.84,9570.93,4,49.127,46.4687,3,24,0,0,1,1,2628.84,8384.86,4,47.538
219732404,16,2617.03,15066,1,35.8935,36.5743,3,24,0,0,1,1,2617.03,13073.1,1,34.4268
219732404,17,2625.83,1049.54,24,14.7981,12.4819,3,24,0,0,1,1,2625.99,1106.86,12,11.5936
219732404,18,2610.64,388.392,24,5.47617,4.61904,3,24,0,0,0,0,,,,5.07117
219732404,19,2630.44,465.392,16,5.45003,4.51913,3,24,0,0,0,0,,,,4.675
219819967,0,2611.42,8789.31,8,32.7431,29.3728,3,24,0,0,1,1,2611.42,8329.37,8,33.8752
219819967,1,2613.36,1122.69,16,5.75983,5.30597,3,24,0,0,0,0,,,,4.36613
219819967,2,2629.38,35601.8,2,57.7448,59.4886,3,24,0,0,1,1,2629.38,31126.8,2,55.8116
219819967,3,2615.48,2094.2,16,10.7441,9.8975,3,24,0,0,0,0,,,,6.70284
219819967,4,2612.18,12173.1,2,19.7443,20.3405,3,24,0,0,1,1,2612.18,12493.7,1.5,19.771
219819967,5,2634.07,540.266,24,4.47187,3.12723,3,24,0,0,0,0,,,,3.79104
219819967,6,2612.54,629.08,16,3.22743,2.97312,3,24,0,0,0,0,,,,2.9452
219819967,7,2619.89,6835.79,8,25.4656,22.8444,3,24,0,0,1,1,2619.89,6024.2,8,23.6832
219819967,8,2630.34,12542,2,20.3426,20.957,3,24,0,0,1,1,2630.34,12866.6,1.5,20.3638
219819967,9,2626.65,5210.1,8,19.4094,17.4116,3,24,0,0,1,1,2626.66,5011.72,8,20.6384
219819967,10,2620.97,4699.07,4,11.6786,11.1042,3,24,0,0,1,1,2620.98,4381.42,4,11.867
219819967,11,2613.01,2930.15,16,15.0328,13.8483,3,24,0,0,1,1,2613.04,2654.55,16,14.4045
219819967,12,2630.32,6590.65,4,16.3797,15.5741,3,24,0,0,1,1,2630.32,6027.13,4,16.3624
219819967,13,2627.89,6811.68,16,34.9466,32.1929,3,24,0,0,1,1,2627.9,3967.57,24,35.6824
219819967,14,2617.39,1730.28,4,4.30028,4.08878,3,24,0,0,0,0,,,,3.57301
219819967,15,2630.41,15732.7,2,25.5178,26.2884,3,24,0,0,1,1,2630.41,13752.1,2,24.6154
219819967,16,2628.71,4169.05,16,21.3889,19.7035,3,24,0,0,1,1,2628.66,2927.75,24,24.4557
219819967,17,2615.93,2587.28,4,6.43017,6.11392,3,24,0,0,0,0,,,,6.41978
219819967,18,2625.63,13693.3,8,51.0121,45.7614,3,24,0,0,1,1,2625.69,12544.7,6,44.0603
219819967,19,2625.73,3305.98,24,27.3641,19.136,3,24,0,0,1,1,2625.94,2885.35,12,14.7189
202293411,0,2629.23,8421.55,4,19.621,19.0517,3,24,0,0,1,1,2629.23,7722.56,4,19.4257
202293411,1,2614.54,24505.3,2,38.428,39.2,3,24,0,0,1,1,2614.54,25199,1.5,37.0655
202293411,2,2627.32,2320.86,8,7.33435,7.42515,3,24,0,0,1,1,2627.32,2725.31,8,9.15814
202293411,3,2630.37,13694.1,4,31.9054,30.9796,3,24,0,0,1,1,2630.38,12312.5,4,30.8137
202293411,4,2632.2,2305.11,8,7.28457,7.37476,3,24,0,0,0,0,,,,6.61883
202293411,5,2620.92,2118.25,16,11.2312,9.58404,3,24,0,0,0,0,,,,5.44767
202293411,6,2615.59,25703.9,4,59.8865,58.1488,3,24,0,0,1,1,2615.6,23346.5,4,60.2592
202293411,7,2627.33,2580.18,2,4.04611,4.1274,3,24,0,0,0,0,,,,4.15774
202293411,8,2632.48,22381.1,1,25.7262,25.3159,3,24,0,0,1,1,2632.48,18916.1,1,23.9978
202293411,9,2618.63,562.984,24,4.19812,3.11971,3,24,0,0,0,0,,,,4.8875
202293411,10,2635.81,6037.03,8,19.0781,19.3144,3,24,0,0,1,1,2635.76,5979.75,4,15.2973
202293411,11,2616.57,5905.73,4,13.7595,13.3603,3,24,0,0,1,1,2616.57,5203.36,4,13.318
202293411,12,2613.98,10835,2,16.991,17.3323,3,24,0,0,1,1,2613.99,9787.91,2,16.9871
202293411,13,2610.56,8857.13,4,20.6359,20.0371,3,24,0,0,1,1,2610.58,6551.31,3,14.1097
202293411,14,2628.4,8560.25,4,19.9442,19.3655,3,24,0,0,1,1,2628.4,7069.98,4,18.1585
202293411,15,2627.98,7947.23,2,12.4625,12.7128,3,24,0,0,1,1,2627.98,7504.46,1.5,11.5981
202293411,16,2635.77,28876.6,1,33.1925,32.6632,3,24,0,0,1,1,2635.78,23452.4,1,29.9454
202293411,17,2614.44,23905.8,1,27.4788,27.0406,3,24,0,0,1,1,2614.44,20751.2,1,26.3544
202293411,18,2614.88,8180.14,4,19.0586,18.5056,3,24,0,0,1,1,2614.88,6655.52,4,15.3021
202293411,19,2620.54,26428.2,2,41.4434,42.276,3,24,0,0,1,1,2620.55,24061.3,2,41.6289
202351450,0,2616.47,3066.84,16,25.7627,21.002,3,24,0,0,1,1,2616.47,3261.15,12,25.7206
202351450,1,2620.33,2836.49,16,23.8277,19.4246,3,24,0,0,1,1,2620.37,3021.79,12,23.7775
202351450,2,2612.34,1894.25,2,4.75651,4.58629,3,24,0,0,0,0,,,,6.49358
202351450,3,2611.84,11344.9,4,44.6127,38.8456,3,24,0,0,1,1,2611.84,10363.3,4,44.3303
202351450,4,2628.21,1230.51,4,4.83886,4.21333,3,24,0,0,0,0,,,,5.55824
202351450,5,2632.41,8380.59,4,32.9557,28.6955,3,24,0,0,1,1,2632.42,7115.03,4,30.3256
202351450,6,2618.39,13314.3,1,23.3838,22.7944,3,24,0,0,1,1,2618.4,11002.7,1,21.4219
202351450,7,2610.44,276.814,24,3.13221,2.32169,3,24,0,0,0,0,,,,4.18303
202351450,8,2625.97,1928.9,4,7.58519,6.60464,3,24,0,0,1,1,2625.98,2224.37,3,7.9371
202351450,9,2610.39,489.763,24,5.54178,4.10773,3,24,0,0,0,0,,,,4.73868
202351450,10,2635.84,4126.94,1,7.24809,7.06541,3,24,0,0,0,0,,,,5.97705
202351450,11,2610.59,3970.58,8,23.6115,19.2269,3,24,0,0,1,1,2610.58,3787.75,6,20.3738
202351450,12,2613.47,13990.9,2,35.1315,33.8743,3,24,0,0,1,1,2613.48,12127.2,2,33.259
202351450,13,2626.24,2690.84,1,4.72589,4.60678,3,24,0,0,0,0,,,,5.3959
202351450,14,2613.26,7273.49,8,43.2525,35.2206,3,24,0,0,1,1,2613.28,6526.45,8,40.147
202351450,15,2611.69,1284.91,16,10.7938,8.79922,3,24,0,0,1,1,2611.69,1308.03,16,11.6555
202351450,16,2632.22,4874.55,16,40.9483,33.3814,3,24,0,0,1,1,2632.2,4651.43,12,39.0671
202351450,17,2633.28,4058.57,24,45.9236,34.0399,3,24,0,0,1,1,2633.26,3659.96,24,37.1604
202351450,18,2615.63,4283.55,8,25.4725,20.7424,3,24,0,0,1,1,2615.63,3899.86,8,24.2261
202351450,19,2614.53,572.075,8,3.4019,2.77018,3,24,0,0,0,0,,,,4.34435
219100883,0,2635.33,8967.14,4,54.8447,55.31,3,24,0,0,1,1,2635.33,8311.26,4,55.4776
219100883,1,2628.92,1156.93,16,16.208,14.2721,3,24,0,0,1,1,2628.87,1116.81,12,14.7216
219100883,2,2621.43,3294.41,2,14.6674,14.3685,3,24,0,0,1,1,2621.43,3542.69,1.5,15.2552
219100883,3,2621.45,449.865,8,4.08697,3.92416,3,24,0,0,0,0,,,,4.37453
219100883,4,2611.47,1107.58,4,6.77413,6.83162,3,24,0,0,0,0,,,,8.61014
219100883,5,2629.48,518.951,16,7.27023,6.40187,3,24,0,0,0,0,,,,4.85399
219100883,6,2628.52,2393.78,2,10.6577,10.4404,3,24,0,0,1,1,2628.52,2043.75,2,9.99988
219100883,7,2631.33,11379.4,2,50.6635,49.631,3,24,0,0,1,1,2631.32,9937.31,2,49.0536
219100883,8,2627.34,529.072,8,4.80656,4.61509,3,24,0,0,0,0,,,,4.88403
219100883,9,2611.16,3667.64,8,33.3201,31.9928,3,24,0,0,1,1,2611.27,2829.05,2,14.1402
219100883,10,2627.49,968.927,16,13.5742,11.9528,3,24,0,0,1,1,2627.5,848.386,16,13.101
219100883,11,2612.78,1423.01,8,12.9279,12.4129,3,24,0,0,1,1,2612.77,1209.83,8,12.5424
219100883,12,2621.03,8681.07,4,53.095,53.5455,3,24,0,0,1,1,2621.02,7735.8,4,52.1284
219100883,13,2612.43,4642.33,2,20.6687,20.2475,3,24,0,0,1,1,2612.43,3990.13,2,19.5884
219100883,14,2616.86,2047.31,8,18.5995,17.8586,3,24,0,0,1,1,2616.84,1616.32,8,16.2533
219100883,15,2620.44,1036.83,2,4.6162,4.52212,3,24,0,0,0,0,,,,5.6308
219100883,16,2627.22,1863.49,24,29.41,28.1549,3,24,0,0,1,1,2627.31,1778.46,16,27.0204
219100883,17,2634.7,6234.2,1,19.4131,19.2265,3,24,0,0,1,1,2634.69,4560.33,1,15.7043
219100883,18,2614.4,1787.81,24,28.2155,27.0113,3,24,0,0,1,1,2614.3,1874.01,16,26.2234
219100883,19,2619.79,2131.5,24,33.6397,32.204,3,24,0,0,1,1,2619.71,2100.53,16,27.1327
219101316,0,2617.43,3622.88,24,20.4253,23.464,3,24,0,0,1,1,2617.43,3324.15,24,18.6293
219101316,1,2619.3,2574.09,8,8.61187,9.62524,3,24,0,0,1,1,2619.3,2729.32,6,8.58537
219101316,2,2611.21,30700.4,2,56.5543,57.3987,3,24,0,0,0,0,,,,
219101316,3,2614.01,2190.4,16,10.3036,11.5832,3,24,0,0,1,1,2613.98,2239.45,16,11.4172
219101316,4,2621.14,13565.8,4,34.3913,35.8688,3,24,0,0,1,1,2621.14,12276.5,4,33.3497
219101316,5,2616.35,1528.95,16,7.19212,8.0853,3,24,0,0,0,0,,,,3.3111
219101316,6,2632.98,13199.1,4,33.4618,34.8993,3,24,0,0,1,1,2632.97,10699.2,4,31.1171
219101316,7,2630.61,5722.56,16,26.9187,30.2617,3,24,0,0,1,1,2630.6,5294.13,16,26.8499
219101316,8,2619.52,3972.17,16,18.6849,21.0054,3,24,0,0,1,1,2619.5,3541.38,16,17.2748
219101316,9,2629.66,15002,1,19.3814,19.8332,3,24,0,0,1,1,2629.66,12535.1,1,17.8519
219101316,10,2634.92,5572.97,8,18.6449,20.8389,3,24,0,0,1,1,2634.91,5605.15,6,18.0228
219101316,11,2628.05,2021.13,24,11.3949,13.0901,3,24,0,0,0,0,,,,6.60879
219101316,12,2626.74,4582.95,1,5.92082,6.05882,3,24,0,0,0,0,,,,3.66554
219101316,13,2633.66,7924.7,4,20.0904,20.9535,3,24,0,0,1,1,2633.65,8557.89,3,20.8467
219101316,14,2627.73,2176.6,24,12.2714,14.097,3,24,0,0,1,1,2627.7,2383.98,16,11.9364
219101316,15,2626.68,2167.43,2,3.99269,4.05231,3,24,0,0,0,0,,,,5.66959
219101316,16,2630.89,946.113,8,3.16532,3.53778,3,24,0,0,0,0,,,,2.97675
219101316,17,2629,9255.76,16,43.5387,48.9457,3,24,0,0,1,1,2628.98,8058.37,16,40.232
219101316,18,2617.25,29375.1,2,54.1129,54.9209,3,24,0,0,1,1,2617.25,25834.7,2,51.6709
219101316,19,2626.37,6731.37,1,8.69641,8.8991,3,24,0,0,1,1,2626.37,7009.43,1,10.0017
198514067,0,2635.67,8457.41,2,14.3626,14.255,3,24,0,0,1,1,2635.67,7557.12,2,14.1666
198514067,1,2632.14,2897.69,1,3.59669,3.45357,3,24,0,0,0,0,,,,3.3199
198514067,2,2619.38,5632.1,8,18.2477,18.9859,3,24,0,0,1,1,2619.37,5362.39,8,18.6263
198514067,3,2618.09,1138.98,8,3.69024,3.83952,3,24,0,0,0,0,,,,5.69194
198514067,4,2631.25,1946.42,2,3.30546,3.28071,3,24,0,0,0,0,,,,4.45967
198514067,5,2627.34,13661,4,31.041,32.5634,3,24,0,0,1,1,2627.34,14109.3,3,31.5024
198514067,6,2621.05,39149.6,1,48.5935,46.6599,3,24,0,0,1,1,2621.05,32210.5,1,44.3917
198514067,7,2620.98,2330.91,16,15.3301,11.1122,3,24,0,0,1,1,2620.94,2111.48,16,13.6848
198514067,8,2612.47,4614.3,8,14.9501,15.5549,3,24,0,0,1,1,2612.44,2274.55,16,14.7191
198514067,9,2613.6,1836.48,8,5.95009,6.19079,3,24,0,0,0,0,,,,5.35586
198514067,10,2616.66,2910.64,1,3.61277,3.46901,3,24,0,0,0,0,,,,4.61979
198514067,11,2611.01,2257.7,16,14.8486,10.7632,3,24,0,0,0,0,,,,6.65231
198514067,12,2634.49,7217.18,1,8.95816,8.60169,3,24,0,0,1,1,2634.48,6872.21,1,9.43573
198514067,13,2613.23,29236.1,1,36.2886,34.8446,3,24,0,0,1,1,2613.23,23269.3,1,32.1252
198514067,14,2620.23,9323.64,2,15.8336,15.7151,3,24,0,0,1,1,2620.22,7748.72,2,14.3828
198514067,15,2614.62,6527.62,1,8.10226,7.77985,3,24,0,0,0,0,,,,6.29981
198514067,16,2615.14,1748.89,24,13.5385,10.2114,3,24,0,0,1,1,2615.17,1432.07,24,10.494
198514067,17,2619.25,13127.1,2,22.2928,22.1259,3,24,0,0,1,1,2619.25,11663,2,21.6387
198514067,18,2628.61,2237.08,2,3.79906,3.77062,3,24,0,0,0,0,,,,4.05993
198514067,19,2627.17,4180.46,16,27.4943,19.9297,3,24,0,0,1,1,2627.14,3882.01,16,23.5359
198538099,0,2621.14,509.088,2,5.97897,9.10077,3,24,0,0,1,1,2621.13,642.549,1.5,7.79935
198538099,1,2614.37,1156.82,4,15.9805,29.2459,3,24,0,0,1,1,2614.38,1348.86,3,19.5899
198538099,2,2635.78,1480.27,2,17.385,26.4622,3,24,0,0,1,1,2635.78,1480.66,1.5,17.9001
198538099,3,2614.88,257.551,4,3.55787,6.51124,3,24,0,0,0,0,,,,4.88795
198538099,4,2617.05,864.37,1,8.67202,10.9262,3,24,0,0,1,1,2617.05,767.642,1,8.52106
198538099,5,2610.52,1194.16,2,14.0248,21.3476,3,24,0,0,0,0,,,,
198538099,6,2619.31,1603.05,8,25.5579,57.3142,3,24,0,0,1,1,2619.3,1482.71,6,23.9593
198538099,7,2627.47,4260.01,2,50.0316,76.1546,3,24,0,0,1,1,2627.47,4183.39,1.5,51.2368
198538099,8,2627.71,262.223,16,4.74836,13.2587,3,24,0,0,0,0,,,,4.09505
198538099,9,2615.16,785.489,4,10.8509,19.8582,3,24,0,0,1,1,2615.16,916.647,3,13.3268
198538099,10,2615.9,1419.42,4,19.6082,35.885,3,24,0,0,1,1,2615.9,1341.56,3,19.2812
198538099,11,2626.42,2003.8,4,27.6809,50.6587,3,24,0,0,1,1,2626.43,2007.69,3,28.5199
198538099,12,2618.09,3043.29,2,35.7418,54.4037,3,24,0,0,1,1,2618.09,3108.45,1.5,38.0446
198538099,13,2625.5,189.858,24,3.97639,11.7572,3,24,0,0,0,0,,,,3.51893
198538099,14,2626.8,1606.87,8,25.6188,57.4509,3,24,0,0,1,1,2626.81,1575.5,6,25.1031
198538099,15,2628.73,1151.98,2,13.5294,20.5935,3,24,0,0,1,1,2628.73,1206.23,1.5,14.6175
198538099,16,2617.65,3552.91,2,41.727,63.514,3,24,0,0,1,1,2617.65,3632.15,1.5,44.5514
198538099,17,2618.14,361.551,16,6.54699,18.281,3,24,0,0,1,1,2618.13,465.102,16,10.1577
198538099,18,2634.95,751.447,4,10.3807,18.9976,3,24,0,0,1,1,2634.95,719.678,3,10.2698
198538099,19,2615.73,4226.75,1,42.406,53.429,3,24,0,0,1,1,2615.73,3352.29,1,37.2344
198553063,0,2618.44,15429.1,4,34.0582,37.9942,3,24,0,0,1,1,2618.44,14068.6,4,33.6449
198553063,1,2612.94,11425.2,2,18.7703,19.8941,3,24,0,0,1,1,2612.95,11861.6,1.5,19.1885
198553063,2,2612.13,1153.51,16,4.72098,5.68103,3,24,0,0,0,0,,,,4.20641
198553063,3,2631.75,22155.1,1,27.4363,27.2784,3,24,0,0,1,1,2631.75,18059.8,1,24.7016
198553063,4,2627.99,956.557,16,3.91491,4.71104,3,24,0,0,0,0,,,,5.49098
198553063,5,2632.67,4042.08,1,5.00561,4.9768,3,24,0,0,0,0,,,,5.46748
198553063,6,2614.37,7270.21,1,9.00324,8.95143,3,24,0,0,1,1,2614.37,5706.85,1,7.8057
198553063,7,2626.49,3221.07,4,7.11018,7.93187,3,24,0,0,1,1,2626.48,3395.61,4,8.3906
198553063,8,2620.8,3187.51,2,5.23672,5.55024,3,24,0,0,0,0,,,,4.67386
198553063,9,2618.65,3267.49,8,9.7935,11.379,3,24,0,0,1,1,2618.64,3200.31,6,9.51726
198553063,10,2630.27,9050.15,24,48.2538,54.5892,3,24,0,0,1,1,2630.28,7802.62,24,37.2379
198553063,11,2631.15,8149.67,8,24.4267,28.3812,3,24,0,0,1,1,2631.16,8045.84,6,23.3055
198553063,12,2611.31,12690.7,1,15.7158,15.6253,3,24,0,0,1,1,2611.32,10937.4,1,14.959
198553063,13,2615.8,18191.9,4,40.1567,44.7975,3,24,0,0,1,1,2615.81,16020.3,4,38.1792
198553063,14,2620.34,7346.09,2,12.0688,12.7914,3,24,0,0,1,1,2620.34,5848.76,2,10.5111
198553063,15,2617.1,4861.15,8,14.5701,16.9289,3,24,0,0,1,1,2617.12,5014.44,6,14.3612
198553063,16,2629.32,3648.36,8,10.9351,12.7054,3,24,0,0,1,1,2629.31,3963.59,6,11.5394
198553063,17,2618.16,3146.97,8,9.43229,10.9593,3,24,0,0,1,1,2618.19,3899.54,6,11.4608
198553063,18,2629.04,2937.79,1,3.63808,3.61714,3,24,0,0,0,0,,,,3.34136
198553063,19,2617.25,1031.3,24,5.49871,6.22065,3,24,0,0,0,0,,,,4.01533
199681845,0,2629.14,22608,2,38.9958,39.177,3,24,0,0,1,1,2629.15,19558.1,2,37.3581
199681845,1,2618.89,1102.45,24,6.95524,6.61785,3,24,0,0,0,0,,,,5.28915
199681845,2,2613.09,2189.19,16,10.6185,10.7299,3,24,0,0,1,1,2613.14,2053.06,12,9.83835
199681845,3,2613.12,2532.52,16,12.2838,12.4127,3,24,0,0,1,1,2613.14,2411.65,12,11.5605
199681845,4,2613.2,5211.71,1,6.06433,6.38606,3,24,0,0,0,0,,,,3.91159
199681845,5,2612.65,12227.9,8,40.2598,42.379,3,24,0,0,1,1,2612.65,10703.7,8,37.681
199681845,6,2610.64,954.031,16,4.62746,4.67601,3,24,0,0,0,0,,,,3.79561
199681845,7,2632.43,1849.19,8,6.08837,6.40885,3,24,0,0,1,1,2632.43,2083.89,8,7.45572
199681845,8,2620.19,6270.88,1,7.29679,7.6839,3,24,0,0,1,1,2620.2,5771,1,7.42029
199681845,9,2632.53,8506.65,2,14.6728,14.741,3,24,0,0,1,1,2632.54,8339.79,2,15.8345
199681845,10,2633.02,44965.9,1,52.3223,55.0981,3,24,0,0,1,1,2633.02,37810.5,1,48.7016
199681845,11,2618.25,12147.3,16,58.9197,59.5378,3,24,0,0,1,1,2618.25,12051.5,12,56.1118
199681845,12,2613.56,4054.67,1,4.71801,4.96831,3,24,0,0,0,0,,,,4.79689
199681845,13,2631.26,797.705,16,3.86921,3.9098,3,24,0,0,0,0,,,,3.78638
199681845,14,2633.41,1408.47,16,6.83168,6.90335,3,24,0,0,1,1,2633.36,1732.41,12,8.16502
199681845,15,2626.72,14865.8,1,17.2978,18.2154,3,24,0,0,1,1,2626.73,12334.8,1,15.9352
199681845,16,2627.17,18971.5,1,22.0752,23.2464,3,24,0,0,1,1,2627.18,15352.7,1,19.8229
199681845,17,2628.05,8698.48,1,10.1215,10.6585,3,24,0,0,1,1,2628.05,8779.17,1,11.3447
199681845,18,2620.13,50000,1,58.1799,61.2665,3,24,0,0,1,1,2620.14,40502.8,1,52.1418
199681845,19,2633.31,8960.98,1,10.427,10.9802,3,24,0,0,1,1,2633.32,8455.7,1,10.8883
160269874,0,2626.98,10024.7,2,22.9165,23.0485,3,24,0,0,1,1,2626.99,11003.6,1.5,24.4409
160269874,1,2620.21,7799.22,16,43.4108,50.7185,3,24,0,0,1,1,2620.24,7937.19,12,42.672
160269874,2,2612.88,1668.26,8,7.80542,7.67122,3,24,0,0,1,1,2612.86,2022.71,6,8.74498
160269874,3,2627.14,3538.78,2,8.08964,8.13624,3,24,0,0,1,1,2627.14,3577.67,1.5,7.95666
160269874,4,2611.62,1381.7,24,9.69917,11.0046,3,24,0,0,0,0,,,,4.06541
160269874,5,2626.76,4300.89,16,23.9389,27.9688,3,24,0,0,1,1,2626.85,3622.72,8,18.4105
160269874,6,2629.93,1107.72,16,6.16563,7.20354,3,24,0,0,0,0,,,,5.39366
160269874,7,2616.7,693.701,8,3.24568,3.18987,3,24,0,0,0,0,,,,2.03086
160269874,8,2618.48,27961.1,1,44.5684,45.4579,3,24,0,0,1,1,2618.47,23808.2,1,41.968
160269874,9,2633.89,9660.18,4,32.6309,31.4102,3,24,0,0,1,1,2633.89,8817.18,4,32.3611
160269874,10,2611.75,3637.07,8,17.0171,16.7245,3,24,0,0,1,1,2611.76,2716.38,8,13.7009
160269874,11,2630.08,21253.6,2,48.5858,48.8657,3,24,0,0,1,1,2630.08,17982.8,2,45.8299
160269874,12,2612.58,563.466,24,3.95539,4.48775,3,24,0,0,0,0,,,,3.92906
160269874,13,2630.07,1317.05,24,9.24539,10.4897,3,24,0,0,0,0,,,,6.73741
160269874,14,2633.03,1527.26,4,5.15889,4.9659,3,24,0,0,0,0,,,,3.49606
160269874,15,2615.31,1474.35,4,4.98019,4.79388,3,24,0,0,0,0,,,,5.25356
160269874,16,2614.79,5032.67,4,16.9997,16.3638,3,24,0,0,1,1,2614.8,4741.46,3,11.7476
160269874,17,2631.46,5996.57,8,28.0566,27.5742,3,24,0,0,1,1,2631.46,5710.4,8,29.1237
160269874,18,2616.97,2147.95,4,7.2555,6.98408,3,24,0,0,0,0,,,,5.8105
160269874,19,2627.11,843.25,16,4.69357,5.48368,3,24,0,0,0,0,,,,3.89112
160394710,0,2629.66,5459.51,16,41.2857,81.8908,3,24,0,0,1,1,2629.71,5300.16,12,39.6347
160394710,1,2626.7,1900.33,2,7.74933,10.0778,3,24,0,0,1,0,2626.7,1850.77,1.5,7.60681
160394710,2,2615.21,779.736,24,6.62709,14.3244,3,24,0,0,0,0,,,,4.26376
160394710,3,2633.25,5608.84,2,22.8722,29.7447,3,24,0,0,1,1,2633.25,5544.99,1.5,23.0367
160394710,4,2615.62,3250.26,8,20.3655,34.4735,3,24,0,0,1,1,2615.64,3257,6,20.5228
160394710,5,2614.41,7118.77,1,21.4607,26.6948,3,24,0,0,1,1,2614.4,6020.05,1,20.1341
160394710,6,2615.87,8062.21,2,32.8767,42.7554,3,24,0,0,1,1,2615.87,8437.39,1.5,35.1276
160394710,7,2620.44,3569.89,8,22.3683,37.8636,3,24,0,0,1,1,2620.45,3570.21,6,22.0648
160394710,8,2610.67,429.976,24,3.65443,7.899,3,24,0,0,1,1,2610.71,1943.6,6,12.6853
160394710,9,2630.73,5694.34,24,48.397,104.61,3,24,0,0,1,1,2630.74,5307.14,24,44.2196
160394710,10,2618.88,935.155,24,7.94801,17.1795,3,24,0,0,0,0,,,,4.48589
160394710,11,2635.75,1436.8,8,9.00274,15.2393,3,24,0,0,1,1,2635.73,1632.71,6,10.6517
160394710,12,2635.74,584.373,24,4.96667,10.7354,3,24,0,0,0,0,,,,3.86671
160394710,13,2629.05,5928.87,8,37.1492,62.8838,3,24,0,0,1,1,2629.05,5642.29,6,36.5492
160394710,14,2620.8,651.522,8,4.08231,6.91028,3,24,0,0,0,0,,,,4.7423
160394710,15,2617.65,9164.36,4,46.754,68.7312,3,24,0,0,1,1,2617.65,9026.1,3,47.0213
160394710,16,2626.07,2799.29,8,17.5398,29.6903,3,24,0,0,1,1,2626.03,2988.87,6,19.0199
160394710,17,2634.46,13771,2,56.1564,73.0301,3,24,0,0,1,1,2634.46,13378,1.5,55.5323
160394710,18,2629.1,977.706,2,3.98697,5.18496,3,24,0,0,0,0,,,,2.39941
160394710,19,2633.46,2855.3,24,24.2676,52.4541,3,24,0,0,1,1,2633.43,2906.39,16,19.6379
165415054,0,2612.82,10015.1,24,40.6572,77.0677,3,24,0,0,1,1,2612.82,9662.53,24,45.4996
165415054,1,2629.12,2120.01,2,3.93621,4.70938,3,24,0,0,0,0,,,,4.35997
165415054,2,2627.43,2950.49,24,11.9778,22.7044,3,24,0,0,0,0,,,,6.91743
165415054,3,2611.45,23909.1,1,33.2073,37.5555,3,24,0,0,1,1,2611.45,20891,1,32.1839
165415054,4,2627.09,5219.88,8,13.812,23.1908,3,24,0,0,1,1,2627.1,4937.33,6,13.3374
165415054,5,2619.95,15241.2,1,21.1685,23.9403,3,24,0,0,1,1,2619.95,13346,1,20.4942
165415054,6,2615.34,6840.15,16,21.9761,42.977,3,24,0,0,1,1,2615.36,6705.85,12,18.562
165415054,7,2620.96,6130.93,16,19.6975,38.521,3,24,0,0,1,1,2620.94,6247.95,12,19.0814
165415054,8,2634,6112.49,16,19.6382,38.4051,3,24,0,0,1,1,2634.04,4416.64,12,13.6204
165415054,9,2618.18,7423.19,24,30.1351,57.1225,3,24,0,0,1,1,2618.19,6558.51,24,24.4205
165415054,10,2630.03,20557.4,2,38.1688,45.6661,3,24,0,0,1,1,2630.03,18370.2,2,37.4138
165415054,11,2620.54,14837.1,2,27.5479,32.959,3,24,0,0,1,1,2620.54,13640,2,27.9238
165415054,12,2620.22,1663.27,4,3.83541,5.22522,3,24,0,0,0,0,,,,2.93393
165415054,13,2627.41,4679.8,16,15.0353,29.4034,3,24,0,0,1,1,2627.38,4359.68,12,14.7854
165415054,14,2612.77,5462.56,2,10.1423,12.1345,3,24,0,0,1,0,2612.77,4748.63,2,9.62925
165415054,15,2615.55,1850.4,8,4.89623,8.22094,3,24,0,0,0,0,,,,4.01829
165415054,16,2617.53,2272.28,8,6.01255,10.0953,3,24,0,0,0,0,,,,5.81516
165415054,17,2633.66,29159.1,1,40.4991,45.8021,3,24,0,0,1,1,2633.67,23412,1,35.8815
165415054,18,2629.16,6230.48,4,14.3671,19.5732,3,24,0,0,1,1,2629.15,6363.59,3,14.7353
165415054,19,2627.77,5414.88,1,7.52071,8.50549,3,24,0,0,1,0,2627.77,4778.18,1,7.33016
165451493,0,2621.45,25355.2,2,53.2015,50.0733,3,24,0,0,1,1,2621.45,22806.9,2,52.9899
165451493,1,2612.86,4826.26,16,41.9991,26.9584,3,24,0,0,1,1,2612.88,4961.72,12,38.549
165451493,2,2629.98,623.01,8,3.35958,2.46073,3,24,0,0,0,0,,,,3.85709
165451493,3,2634.36,21876.3,1,30.4593,30.549,3,24,0,0,1,1,2634.36,17735.6,1,27.3103
165451493,4,2612.47,10907.8,2,22.8873,21.5416,3,24,0,0,1,1,2612.47,9491.88,2,21.7685
165451493,5,2634.25,3703.08,1,5.15595,5.17113,3,24,0,0,0,0,,,,5.28352
165451493,6,2618.45,4340.86,16,37.7751,24.247,3,24,0,0,1,1,2618.46,4308.69,12,32.9037
165451493,7,2632.19,780.707,8,4.20997,3.08359,3,24,0,0,0,0,,,,4.81033
165451493,8,2633.59,1252.95,16,10.9034,6.99868,3,24,0,0,0,0,,,,6.87046
165451493,9,2613.53,1271.64,24,14.2206,8.6995,3,24,0,0,1,1,2613.61,1120.65,24,12.0243
165451493,10,2610.24,2025.46,4,6.36028,5.65688,3,24,0,0,1,1,2610.27,1970.9,6,8.80868
165451493,11,2618.56,8269.42,4,25.9673,23.0955,3,24,0,0,1,1,2618.56,6965.69,4,24.0615
165451493,12,2611.22,12906.7,2,27.0815,25.4891,3,24,0,0,1,1,2611.22,11770.5,2,27.2454
165451493,13,2613.11,3498.27,16,30.4427,19.5405,3,24,0,0,1,1,2613.11,3473.25,12,27.3057
165451493,14,2635.56,8944.9,2,18.7686,17.665,3,24,0,0,1,1,2635.56,7595.15,2,17.7494
165451493,15,2614.43,301.276,24,3.36913,2.06107,3,24,0,0,0,0,,,,3.84967
165451493,16,2615.13,778.212,24,8.70263,5.32386,3,24,0,0,0,0,,,,5.12645
165451493,17,2621.03,1464.25,8,7.89596,5.7834,3,24,0,0,0,0,,,,3.82437
165451493,18,2611.41,33599.3,1,46.7817,46.9195,3,24,0,0,1,1,2611.42,28170.5,1,43.4785
165451493,19,2633.7,1174.46,24,13.1338,8.03467,3,24,0,0,0,0,,,,6.29954
165549248,0,2626.75,1789.41,1,6.15786,6.16476,3,24,0,0,0,0,,,,5.77317
165549248,1,2615.92,1129.84,16,14.1704,15.5698,3,24,0,0,1,1,2615.92,1188.85,16,16.6453
165549248,2,2630.5,2449.61,4,16.0841,16.8785,3,24,0,0,1,1,2630.5,2056.51,4,14.7171
165549248,3,2616.93,275.718,24,4.34112,4.65346,3,24,0,0,0,0,,,,3.33527
165549248,4,2618.59,4875.25,8,44.4482,47.5058,3,24,0,0,1,1,2618.59,4538.33,8,43.8086
165549248,5,2617.86,3546.18,1,12.2034,12.217,3,24,0,0,1,1,2617.86,3110.88,1,11.8355
165549248,6,2632.2,5951.46,2,28.6183,28.9964,3,24,0,0,1,1,2632.21,4958.96,2,26.3053
165549248,7,2620.19,3982.19,1,13.7038,13.7192,3,24,0,0,1,1,2620.2,3674.75,1,14.0813
165549248,8,2628.96,1705.18,1,5.86799,5.87456,3,24,0,0,1,1,2628.97,1941.63,1,7.42635
165549248,9,2614.52,8340,2,40.1039,40.6337,3,24,0,0,1,1,2614.53,7100.61,2,34.2833
165549248,10,2631.65,9315.66,2,44.7955,45.3873,3,24,0,0,1,1,2631.65,8213.93,2,43.3188
165549248,11,2633.06,1475.04,16,18.4999,20.3269,3,24,0,0,1,1,2633.09,1560.89,12,18.4669
165549248,12,2630.04,326.996,16,4.10115,4.50617,3,24,0,0,0,0,,,,3.59162
165549248,13,2612.39,3925.81,4,25.7769,27.0499,3,24,0,0,1,1,2612.39,3440.28,3,22.428
165549248,14,2620.72,250.324,16,3.13955,3.4496,3,24,0,0,0,0,,,,3.82886
165549248,15,2619.36,2003.77,1,6.89551,6.90323,3,24,0,0,0,0,,,,6.46256
165549248,16,2628.52,658.958,2,3.16868,3.21054,3,24,0,0,0,0,,,,3.09396
165549248,17,2635.45,3197.22,2,15.3742,15.5773,3,24,0,0,1,1,2635.45,3072.6,2,16.2685
165549248,18,2620.97,9524.01,1,32.7747,32.8114,3,24,0,0,1,1,2620.97,7964.11,1,30.3719
165549248,19,2618.2,12684.9,1,43.6522,43.701,3,24,0,0,1,1,2618.2,10872.9,1,41.3598
165692265,0,2632.61,12299.8,4,27.5855,29.5342,3,24,0,0,1,1,2632.61,11156.4,4,26.9105
165692265,1,2627.74,3416.42,8,12.1883,11.6015,3,24,0,0,1,1,2627.86,2664.91,12,14.52
165692265,2,2634.62,6419.49,4,14.3974,15.4145,3,24,0,0,1,1,2634.63,5932.59,4,14.3236
165692265,3,2629.83,9858.82,8,35.1719,33.4787,3,24,0,0,1,1,2629.83,8703.79,8,32.6847
165692265,4,2614.55,694.796,16,4.24407,3.33669,3,24,0,0,0,0,,,,4.08805
165692265,5,2632.93,21062.9,2,32.962,35.7628,3,24,0,0,1,1,2632.93,21611.9,1.5,32.7893
165692265,6,2630.65,8942.2,8,31.9018,30.366,3,24,0,0,1,1,2630.7,5693.32,12,31.2791
165692265,7,2629.99,4474.22,4,10.0346,10.7435,3,24,0,0,1,1,2630.01,4026.1,4,10.0072
165692265,8,2621.52,4597.72,16,28.0845,22.0801,3,24,0,0,1,1,2621.38,4395.83,6,14.6704
165692265,9,2618.68,10511.2,4,23.5742,25.2395,3,24,0,0,1,1,2618.68,9722.11,4,23.843
165692265,10,2612.75,1500.76,24,11.4356,8.82705,3,24,0,0,0,0,,,,6.18671
165692265,11,2620.84,4479.67,24,34.1346,26.3481,3,24,0,0,1,1,2620.88,4960.51,16,31.5058
165692265,12,2627.79,13754.5,1,15.8204,16.5137,3,24,0,0,1,1,2627.79,12239.1,1,15.6053
165692265,13,2618.15,23782.6,4,53.3389,57.1068,3,24,0,0,1,1,2618.15,21937,4,54.1257
165692265,14,2629.43,2422.81,2,3.79153,4.11369,3,24,0,0,0,0,,,,3.94877
165692265,15,2635.47,2371.46,16,14.4858,11.3887,3,24,0,0,0,0,,,,5.07611
165692265,16,2621.48,1392.7,8,4.96854,4.72934,3,24,0,0,0,0,,,,3.06766
165692265,17,2620.15,2138.16,4,4.79539,5.13414,3,24,0,0,0,0,,,,5.09627
165692265,18,2631.4,9426.12,8,33.6282,32.0093,3,24,0,0,1,1,2631.4,8343.65,8,30.6663
165692265,19,2610.86,3970.17,8,14.1638,13.4819,3,24,0,0,1,1,2610.85,4612.07,6,15.5703
166648798,0,2613.13,828.312,16,5.59769,4.28633,3,24,0,0,0,0,,,,3.8042
166648798,1,2619.54,4236.04,24,36.6237,26.847,3,24,0,0,1,1,2619.56,4170.72,16,28.7587
166648798,2,2620.76,1492.86,4,3.80554,3.86261,3,24,0,0,0,0,,,,2.19315
166648798,3,2615.82,11644.1,2,21.5207,21.3035,3,24,0,0,1,1,2615.83,10558.6,2,21.4685
166648798,4,2618.27,10248.7,2,18.9418,18.7506,3,24,0,0,1,1,2618.28,8305.32,2,17.0443
166648798,5,2635.04,3601.43,1,4.80258,4.65914,3,24,0,0,0,0,,,,4.25772
166648798,6,2627.84,24176.8,1,32.2402,31.2773,3,24,0,0,1,1,2627.84,19918,1,29.4105
166648798,7,2630.3,5449.52,16,36.8276,28.2001,3,24,0,0,1,1,2630.3,4813.04,16,32.8093
166648798,8,2619.91,11741.2,8,44.8809,42.9625,3,24,0,0,1,1,2619.91,10652.6,8,43.8486
166648798,9,2629.9,19597.2,2,36.2199,35.8542,3,24,0,0,1,1,2629.9,17919.6,2,36.6644
166648798,10,2614.61,17796.3,1,23.7317,23.0229,3,24,0,0,1,1,2614.62,14015.9,1,18.7879
166648798,11,2610.35,5260.18,8,20.107,19.2476,3,24,0,0,1,1,2610.36,4740.11,8,19.3983
166648798,12,2610.93,5857.08,24,50.6388,37.1208,3,24,0,0,1,1,2610.93,5107.85,24,44.6212
166648798,13,2617.02,23078.3,2,42.6537,42.2231,3,24,0,0,1,1,2617.02,20446.3,2,41.4894
166648798,14,2616.07,2797.49,1,3.73051,3.61909,3,24,0,0,0,0,,,,3.18909
166648798,15,2633.21,9466.44,2,17.496,17.3194,3,24,0,0,1,1,2633.22,7872.26,2,16.063
166648798,16,2613,2301.8,16,15.5555,11.9113,3,24,0,0,1,1,2612.99,1991.1,16,14.2096
166648798,17,2634.63,22647,1,30.2002,29.2982,3,24,0,0,1,1,2634.64,18935.3,1,27.8839
166648798,18,2613.79,4578.56,8,17.5015,16.7535,3,24,0,0,1,1,2613.77,4715.67,6,17.0148
166648798,19,2613.38,3979.66,4,10.1448,10.2969,3,24,0,0,1,1,2613.4,3198.48,4,9.06788
171645030,0,2629.51,6832.59,24,32.2454,26.4865,3,24,0,0,1,1,2629.53,5570.73,24,24.0036
171645030,1,2613.81,1337.94,16,4.89464,4.23478,3,24,0,0,0,0,,,,3.18837
171645030,2,2615.09,2723.39,8,6.01924,6.09522,3,24,0,0,0,0,,,,6.68285
171645030,3,2632.29,6374.95,2,6.23946,7.13388,3,24,0,0,0,0,,,,6.69221
171645030,4,2611.32,12319.9,1,8.89502,9.74857,3,24,0,0,1,1,2611.32,10844,1,8.66222
171645030,5,2620.17,10277.5,4,15.1163,16.265,3,24,0,0,1,1,2620.18,8660.28,4,13.9324
171645030,6,2621.54,3537,4,5.20224,5.59756,3,24,0,0,0,0,,,,3.87969
171645030,7,2629.13,10433,4,15.3449,16.511,3,24,0,0,1,1,2629.13,10302.1,4,16.6991
171645030,8,2619.4,1854.29,24,8.75103,7.18814,3,24,0,0,0,0,,,,6.23789
171645030,9,2621.11,13515.5,2,13.2283,15.1245,3,24,0,0,1,1,2621.13,10279.7,3,14.1489
171645030,10,2620.18,6346.9,2,6.21201,7.10249,3,24,0,0,0,0,,,,6.59708
171645030,11,2627.79,6072.25,1,4.38419,4.80489,3,24,0,0,0,0,,,,4.85586
171645030,12,2627.23,5579.97,2,5.46138,6.24426,3,24,0,0,0,0,,,,4.78811
171645030,13,2616.31,1926.31,24,9.09093,7.46734,3,24,0,0,0,0,,,,6.31175
171645030,14,2629.43,4039.83,16,14.7791,12.7866,3,24,0,0,1,1,2629.43,3181.81,16,11.0094
171645030,15,2632.72,5789.46,16,21.1798,18.3245,3,24,0,0,1,1,2632.75,4820.37,16,18.217
171645030,16,2634.79,2565.21,16,9.38441,8.11926,3,24,0,0,1,1,2634.83,2213.27,24,11.0354
171645030,17,2629.04,1721,8,3.80375,3.85176,3,24,0,0,0,0,,,,4.49279
171645030,18,2615.98,8324.84,24,39.2879,32.2712,3,24,0,0,1,1,2616,8197.15,24,37.9468
171645030,19,2626.67,31330.5,1,22.6207,24.7914,3,24,0,0,1,1,2626.67,24605.6,1,19.6902
229944241,0,2615.41,1808.82,4,7.36096,7.36796,3,24,0,0,1,1,2615.42,1861.13,3,7.21651
229944241,1,2632.73,2572.72,8,18.2904,14.8204,3,24,0,0,1,1,2632.72,2165.53,8,16.5508
229944241,2,2618.91,18998,2,55.0488,54.7201,3,24,0,0,1,1,2618.91,16974.2,2,54.264
229944241,3,2635.47,8255.64,4,33.5962,33.6282,3,24,0,0,1,1,2635.46,7538.21,4,33.8738
229944241,4,2618.76,2536.78,4,10.3234,10.3332,3,24,0,0,1,1,2618.77,2111.23,4,9.34553
229944241,5,2631.8,1695.28,8,12.0524,9.76586,3,24,0,0,1,1,2631.82,1409.13,8,10.8427
229944241,6,2620.88,909.495,8,6.46592,5.23924,3,24,0,0,0,0,,,,5.3382
229944241,7,2611.65,641.633,16,7.27347,5.2272,3,24,0,0,0,0,,,,6.35208
229944241,8,2617.36,2954.97,4,12.0252,12.0366,3,24,0,0,1,1,2617.36,2395.87,4,10.7344
229944241,9,2634.66,3243.84,2,9.39936,9.34324,3,24,0,0,1,1,2634.66,3110.22,1.5,8.74267
229944241,10,2616.15,5325.31,4,21.6713,21.6919,3,24,0,0,1,1,2616.14,4724.45,4,20.8393
229944241,11,2627.81,17522.2,2,50.7725,50.4694,3,24,0,0,1,1,2627.81,15772,2,50.3843
229944241,12,2633.07,4858.21,1,10.0211,9.89462,3,24,0,0,1,1,2633.06,4318.05,1,9.83435
229944241,13,2618.93,969.075,24,16.3471,9.6691,3,24,0,0,1,1,2618.87,950.735,24,12.879
229944241,14,2612.66,1912.39,16,21.6786,15.5797,3,24,0,0,1,1,2612.63,1110.22,24,18.528
229944241,15,2627.17,3072.05,1,6.33676,6.25679,3,24,0,0,0,0,,,,5.37204
229944241,16,2620.08,1832.37,1,3.77964,3.73194,3,24,0,0,0,0,,,,3.74123
229944241,17,2619.72,7554.08,1,15.5819,15.3853,3,24,0,0,1,1,2619.72,6967.19,1,15.8951
229944241,18,2626.48,1245.23,2,3.60819,3.58665,3,24,0,0,0,0,,,,4.48637
229944241,19,2629.59,220.086,24,3.71259,2.19594,3,24,0,0,0,0,,,,5.60669
230050344,0,2629.1,3973.89,1,7.39475,7.67782,3,24,0,0,1,1,2629.1,4011.38,1,8.28718
230050344,1,2627.73,1525.78,2,3.92768,4.16897,3,24,0,0,0,0,,,,3.39774
230050344,2,2615.83,5361.6,16,52.1314,41.4358,3,24,0,0,1,1,2615.8,4639.14,16,47.1845
230050344,3,2628.11,2255.23,2,5.80543,6.16208,3,24,0,0,1,1,2628.1,2561.49,2,7.30968
230050344,4,2616.91,2944.15,4,10.8328,11.3766,3,24,0,0,1,1,2616.89,2601.72,4,10.3933
230050344,5,2614.25,370.327,16,3.60073,2.86199,3,24,0,0,0,0,,,,2.76953
230050344,6,2632.28,10509.1,4,38.6673,40.6086,3,24,0,0,1,1,2632.27,9483.46,4,37.3703
230050344,7,2630.96,698.618,24,8.28407,6.61252,3,24,0,0,0,0,,,,5.71262
230050344,8,2616.22,3225.59,4,11.8683,12.4641,3,24,0,0,1,1,2616.23,3648.9,3,12.5027
230050344,9,2614.25,1982.32,2,5.10289,5.41639,3,24,0,0,0,0,,,,4.6654
230050344,10,2633.45,5632.41,1,10.481,10.8822,3,24,0,0,1,1,2633.45,4371.08,1,8.99535
230050344,11,2629.63,1255.8,16,12.2103,9.70516,3,24,0,0,1,1,2629.7,1299.3,12,11.1659
230050344,12,2633.81,14316.2,1,26.6401,27.6599,3,24,0,0,1,1,2633.81,11906.2,1,24.4621
230050344,13,2629.61,2925.37,4,10.7636,11.304,3,24,0,0,1,1,2629.62,2816.22,4,11.2609
230050344,14,2629.38,20064.6,1,37.337,38.7662,3,24,0,0,1,1,2629.37,17242.2,1,35.6153
230050344,15,2626.54,310.747,16,3.02143,2.40153,3,24,0,0,0,0,,,,2.48512
230050344,16,2621.44,14116.5,1,26.2684,27.2739,3,24,0,0,1,1,2621.43,10931.2,1,22.6953
230050344,17,2612.96,6639.08,1,12.3542,12.8271,3,24,0,0,1,1,2612.96,5116.48,1,10.5288
230050344,18,2616.86,12983.1,2,33.4212,35.4744,3,24,0,0,1,1,2616.86,13106.1,1.5,33.7994
230050344,19,2630.51,27822.2,1,51.7725,53.7544,3,24,0,0,1,1,2630.51,22552.2,1,46.5644
230059204,0,2613.79,50000,4,11.0192,143.407,2.5,20,1,1,1,1,2613.8,14712.6,12,12.123
230059204,1,2631.9,50000,1,9.39319,71.7033,2.5,20,1,1,1,1,2631.91,43698.7,1,9.04645
230059204,2,2617.94,11164.7,24,12.7305,78.4371,2.5,20,1,1,1,1,2617.9,9023.02,16,9.67436
230059204,3,2618.11,50000,1,9.39319,71.7033,2.5,20,1,1,1,1,2618.12,45819.1,1,9.54065
230059204,4,2614.05,3072.04,24,3.5029,21.5825,2.5,20,1,1,0,0,,,,2.62929
230059204,5,2618.94,50000,1,9.39319,71.7033,2.5,20,1,1,1,1,2618.94,42377.7,1,8.7837
230059204,6,2611,23504.1,2,4.61593,47.668,2.5,20,1,1,0,0,,,,5.14819
230059204,7,2618.69,37052.1,2,7.27662,75.1446,2.5,20,1,1,1,1,2618.69,38342.4,1.5,8.11666
230059204,8,2614.39,32400.5,16,32.1545,185.858,2.5,20,1,1,1,1,2614.41,29842.6,16,29.2105
230059204,9,2632.06,5552.2,16,5.51003,31.8489,2.5,20,1,1,0,0,,,,3.34175
230059204,10,2629.48,15104.6,8,4.90153,61.2664,2.5,20,1,1,0,0,,,,6.32903
230059204,11,2631.91,50000,8,16.2253,202.808,2.5,20,1,1,0,0,,,,23.4314
230059204,12,2617.49,36530.2,2,7.17413,74.0861,2.5,20,1,1,1,1,2617.49,41178.9,1.5,8.73885
230059204,13,2617.5,23124.1,24,26.3673,162.458,2.5,20,1,1,1,1,2617.4,23300,16,24.8189
230059204,14,2620.53,43249.5,1,8.12502,62.0227,2.5,20,1,1,1,1,2620.54,39344.2,1,8.22849
230059204,15,2628.98,6281.45,16,6.23375,36.0321,2.5,20,1,1,0,0,,,,6.10294
230059204,16,2625.75,41660.1,24,47.503,292.682,2.5,20,1,1,1,1,2625.93,40725.4,12,31.1098
230059204,17,2633.57,12807.6,24,14.6038,89.9791,2.5,20,1,1,1,1,2633.49,12423.6,16,12.8427
230059204,18,2610.88,50000,8,16.2253,202.808,2.5,20,1,1,0,0,,,,23.3657
230059204,19,2611.63,22397.1,2,4.39855,45.4231,2.5,20,1,1,0,0,,,,3.78013
230080992,0,2620.53,6556.18,16,51.3952,86.1419,3,24,0,0,1,1,2620.54,6554.95,12,45.1033
230080992,1,2635.43,3143.98,16,24.6463,41.3089,3,24,0,0,1,1,2635.44,3147.72,12,23.2151
230080992,2,2620.5,9828.81,2,38.8304,45.6583,3,24,0,0,1,1,2620.5,10200.6,1.5,40.6272
230080992,3,2617.28,18278.9,1,52.8988,60.0418,3,24,0,0,1,1,2617.28,14869.4,1,47.7845
230080992,4,2616.49,11348.4,4,58.5681,74.5536,3,24,0,0,1,1,2616.49,10682,4,62.6387
230080992,5,2611.99,973.419,8,5.86318,9.04374,3,24,0,0,0,0,,,,6.47311
230080992,6,2627.66,943.012,24,9.80598,15.1749,3,24,0,0,0,0,,,,5.69416
230080992,7,2626.59,12694.6,2,50.1524,58.971,3,24,0,0,1,1,2626.59,13074.5,1.5,52.0737
230080992,8,2620.47,5482.13,4,28.2927,36.0149,3,24,0,0,1,1,2620.48,5704.92,3,29.018
230080992,9,2634.71,1544.19,8,9.3011,14.3466,3,24,0,0,1,1,2634.71,1341.47,8,8.86183
230080992,10,2620.27,7536.19,16,59.0777,99.0183,3,24,0,0,1,1,2620.28,7459.99,12,51.2751
230080992,11,2615.63,606.885,8,3.65545,5.63839,3,24,0,0,0,0,,,,3.7529
230080992,12,2626.21,933.069,24,9.70259,15.0149,3,24,0,0,1,1,2626.27,1287.42,16,11.0645
230080992,13,2618.84,1776.59,24,18.474,28.5888,3,24,0,0,1,1,2618.88,1618.08,24,14.8537
230080992,14,2611.97,11944.7,1,34.5676,39.2354,3,24,0,0,1,1,2611.98,10021,1,32.193
230080992,15,2635.03,3773.93,4,19.4769,24.7929,3,24,0,0,1,1,2635.03,3975.85,3,20.4123
230080992,16,2628.47,9171.4,8,55.242,85.2088,3,24,0,0,1,1,2628.48,9122.25,6,57.1543
230080992,17,2616.48,2588.92,1,7.49227,8.50396,3,24,0,0,1,1,2616.49,1809.02,1.5,7.23882
230080992,18,2614.71,1123.44,2,4.43835,5.21878,3,24,0,0,0,0,,,,2.34104
230080992,19,2635.21,884.929,4,4.56704,5.81356,3,24,0,0,0,0,,,,4.79708
159347092,0,2631.8,16758.1,4,35.0551,60.5737,2.5,20,1,0,1,1,2631.8,16530.2,3,36.2314
159347092,1,2612.15,6458.57,16,18.7044,46.6903,2.5,20,1,0,1,1,2612.15,6721.69,12,17.7113
159347092,2,2626.32,2806.65,8,6.74093,14.3471,2.5,20,1,0,1,1,2626.34,3648.33,6,9.0664
159347092,3,2617.55,18587.9,2,33.9483,47.5089,2.5,20,1,0,1,1,2617.55,19264.6,1.5,35.2208
159347092,4,2632.02,9909.35,8,23.8,50.6548,2.5,20,1,0,1,1,2632.01,10002.8,6,23.4412
159347092,5,2619.46,21130.5,8,50.7507,108.015,2.5,20,1,0,1,1,2619.46,20461.3,6,51.5563
159347092,6,2626.67,6486.18,24,21.9654,57.4281,2,16,1,0,1,1,2626.66,7278.35,16,31.3161
159347092,7,2633.39,8607.2,1,12.252,15.5558,2.5,20,1,0,1,1,2633.38,8004.02,1,12.5913
159347092,8,2617.4,16246.1,1,23.1257,29.3616,2.5,20,1,0,1,1,2617.4,13812.7,1,21.7511
159347092,9,2619.99,1730.91,24,5.86171,15.3254,2,16,1,0,0,0,,,,3.98459
159347092,10,2630.77,15808.7,8,37.9689,80.8111,2.5,20,1,0,1,1,2630.78,15803.9,6,37.8872
159347092,11,2616.22,2408.75,1,3.42876,4.35333,2.5,20,1,0,0,0,,,,3.29488
159347092,12,2615.05,6509.32,24,22.0437,57.633,2,16,1,0,1,1,2615.12,6045.23,16,21.8555
159347092,13,2615.19,7797.53,2,14.2411,19.9298,2.5,20,1,0,1,1,2615.2,7425.81,1.5,13.4145
159347092,14,2619.96,30702.5,1,43.7039,55.4886,2.5,20,1,0,1,1,2619.96,25068.4,1,39.7269
159347092,15,2617.07,4127.7,24,13.9784,36.5463,2.5,20,1,0,1,1,2617.15,4773.37,16,12.0794
159347092,16,2614.59,10244.9,24,34.6942,90.7075,2,16,1,0,1,1,2614.66,9949.23,16,35.4724
159347092,17,2633.46,2396.93,16,6.94163,17.3278,2,16,1,0,1,1,2633.45,2681.83,16,11.7651
159347092,18,2635.94,21995.6,8,52.8283,112.437,2.5,20,1,0,0,0,,,,
159347092,19,2630.33,1258.74,24,4.26269,11.1447,2,16,1,0,0,0,,,,3.73413
159454652,0,2635.48,1949.66,8,6.74799,7.94633,3,24,0,0,0,0,,,,6.49769
159454652,1,2628.44,771.867,16,3.69948,4.44903,3,24,0,0,0,0,,,,4.67003
159454652,2,2611.65,1492.7,16,7.15436,8.60389,3,24,0,0,0,0,,,,5.5878
159454652,3,2626.47,9434.41,16,45.2182,54.3798,3,24,0,0,1,1,2626.47,8489.82,16,40.6693
159454652,4,2626.87,9847.55,2,18.9685,20.0681,3,24,0,0,1,1,2626.86,9258.57,2,19.7465
159454652,5,2615.67,7027.81,4,19.214,20.2541,3,24,0,0,1,1,2615.67,6241.43,4,18.6992
159454652,6,2616.39,1624.35,4,4.44098,4.68138,3,24,0,0,0,0,,,,5.39851
159454652,7,2617.02,2347.39,24,13.5493,16.5712,3,24,0,0,1,1,2616.96,2253.86,24,12.1817
159454652,8,2626.28,5984.17,16,28.6815,34.4927,3,24,0,0,1,1,2626.3,5362.78,16,25.8591
159454652,9,2628.14,1686.03,16,8.08097,9.71824,3,24,0,0,0,0,,,,6.74902
159454652,10,2611.59,1387.05,24,8.00611,9.79173,3,24,0,0,0,0,,,,5.11654
159454652,11,2631.09,5960.63,24,34.4051,42.0785,3,24,0,0,1,1,2631.15,5840.99,16,28.3737
159454652,12,2634.95,3970.9,16,19.0321,22.8882,3,24,0,0,1,1,2634.97,3588.51,16,16.9931
159454652,13,2614.42,2537.06,24,14.6441,17.9102,3,24,0,0,1,1,2614.37,1881.43,16,10.2635
159454652,14,2619.23,4866.82,24,28.0916,34.3569,3,24,0,0,1,1,2619.16,4927.99,16,23.8124
159454652,15,2628.63,1919.88,2,3.6981,3.91248,3,24,0,0,0,0,,,,3.53499
159454652,16,2616.49,2673.22,4,7.30858,7.70419,3,24,0,0,1,1,2616.49,3100.03,4,9.37234
159454652,17,2612.34,7650.77,2,14.737,15.5913,3,24,0,0,1,1,2612.34,6433.91,2,13.7732
159454652,18,2611.5,11212.2,8,38.8067,45.6982,3,24,0,0,1,1,2611.5,11033.4,6,39.1756
159454652,19,2631.25,4394.89,1,6.11356,6.33302,3,24,0,0,0,0,,,,4.75978
159455814,0,2626.57,11221.9,2,36.9414,49.1043,3,24,0,0,1,1,2626.58,10955.8,1.5,36.5221
159455814,1,2632.55,7910.27,4,31.6881,48.9506,3,24,0,0,1,1,2632.54,8060.96,3,33.2254
159455814,2,2633.07,3180.32,4,12.7402,19.6806,3,24,0,0,1,1,2633.07,2909.69,3,12.0582
159455814,3,2614.99,8266.16,2,27.2114,36.1706,3,24,0,0,1,1,2614.98,8446.83,1.5,28.2072
159455814,4,2613.91,11694.5,1,31.0171,36.1843,3,24,0,0,1,1,2613.9,9957.26,1,29.2046
159455814,5,2615.28,3798.61,1,10.0749,11.7533,3,24,0,0,1,1,2615.27,3316.79,1,9.73341
159455814,6,2625.91,5422.33,1,14.3815,16.7773,3,24,0,0,1,1,2625.9,4750.65,1,13.9824
159455814,7,2615.77,19491.4,1,51.6965,60.3087,3,24,0,0,1,1,2615.77,16435.6,1,48.3319
159455814,8,2616.91,4095.84,1,10.8633,12.673,3,24,0,0,1,1,2616.91,3672.78,1,10.8028
159455814,9,2616.23,6210.5,2,20.4443,27.1755,3,24,0,0,1,1,2616.24,6345.25,1.5,21.2665
159455814,10,2611.05,3461.58,24,26.5392,52.4706,3,24,0,0,1,1,2611.13,3522.17,16,25.306
159455814,11,2633.36,2562.83,4,10.2666,15.8594,3,24,0,0,1,1,2633.35,2280.47,3,9.56005
159455814,12,2628.29,1256.5,8,6.80653,10.9962,3,24,0,0,0,0,,,,4.49626
159455814,13,2616.5,2761.1,16,19.7533,34.1727,3,24,0,0,1,1,2616.48,3181.56,12,25.9826
159455814,14,2610.57,1868.04,16,13.3642,23.1197,3,24,0,0,0,0,,,,6.74088
159455814,15,2614.64,769.694,16,5.5065,9.5261,3,24,0,0,0,0,,,,3.874
159455814,16,2610.7,551.41,24,4.22755,8.35828,3,24,0,0,0,0,,,,3.91774
159455814,17,2626.78,3690.04,4,14.7821,22.8348,3,24,0,0,1,1,2626.76,3913.51,3,16.0637
159455814,18,2611.94,10401.4,1,27.5873,32.1832,3,24,0,0,1,1,2611.94,8755.86,1,25.7991
159455814,19,2629.34,5765.58,1,15.2919,17.8394,3,24,0,0,1,1,2629.34,5386.45,1,15.841
160039661,0,2635.81,9438.37,2,18.852,19.3969,3,24,0,0,1,1,2635.82,7847.93,2,17.3936
160039661,1,2613.32,1037.42,24,7.78444,7.38551,3,24,0,0,0,0,,,,4.40508
160039661,2,2610.83,4122.8,8,15.7243,16.9457,3,24,0,0,1,1,2610.83,3631.11,8,14.8598
160039661,3,2632.19,1616.19,4,4.57256,4.69726,3,24,0,0,0,0,,,,5.29986
160039661,4,2627.78,7319.78,8,27.9175,30.086,3,24,0,0,1,1,2627.76,6877.65,8,28.5246
160039661,5,2627.56,6772.87,2,13.528,13.919,3,24,0,0,1,1,2627.57,6312.03,2,13.8996
160039661,6,2634.6,2751.8,16,16.3121,15.9956,3,24,0,0,1,1,2634.62,2623.47,16,16.6066
160039661,7,2628.81,1212.38,4,3.4301,3.52364,3,24,0,0,0,0,,,,1.78429
160039661,8,2633.41,7684.41,1,10.7794,11.1669,3,24,0,0,1,1,2633.41,6556.95,1,10.1638
160039661,9,2613.9,819.712,24,6.15085,5.83564,3,24,0,0,0,0,,,,4.38483
160039661,10,2613.42,11718.1,4,33.153,34.0571,3,24,0,0,1,1,2613.42,10390.8,4,32.4586
160039661,11,2626.44,582.896,24,4.37386,4.14972,3,24,0,0,0,0,,,,2.86179
160039661,12,2627.22,20972.6,4,59.336,60.9541,3,24,0,0,1,1,2627.22,18811.3,4,58.3926
160039661,13,2618.95,1625.07,8,6.19798,6.67941,3,24,0,0,0,0,,,,4.4188
160039661,14,2626.3,5886.84,8,22.4523,24.1963,3,24,0,0,1,1,2626.36,5779.85,4,17.7016
160039661,15,2612.26,20341,1,28.5335,29.5593,3,24,0,0,1,1,2612.26,17014.3,1,26.4502
160039661,16,2630.03,35635.4,1,49.9877,51.7848,3,24,0,0,1,1,2630.03,30157.1,1,46.9792
160039661,17,2620.05,1069.32,24,8.02382,7.61263,3,24,0,0,0,0,,,,5.82345
160039661,18,2629.19,5235.13,4,14.8113,15.2153,3,24,0,0,1,1,2629.19,4991.1,4,15.4856
160039661,19,2628.13,8703.23,4,24.6234,25.2948,3,24,0,0,1,1,2628.13,7927.32,4,24.4511
233071322,0,2611.18,1105.42,1,3.28147,3.68213,3,24,0,0,0,0,,,,2.60895
233071322,1,2628.34,5905.79,4,34.472,39.344,3,24,0,0,1,1,2628.34,5397.92,4,34.3556
233071322,2,2626.25,5617.66,4,32.7902,37.4245,3,24,0,0,1,1,2626.25,5132.2,4,32.7998
233071322,3,2627.24,1616.41,24,26.5195,26.3771,3,24,0,0,1,1,2627.23,1444.31,24,19.865
233071322,4,2628.07,7241.19,4,42.2668,48.2403,3,24,0,0,1,1,2628.07,6616.46,4,42.3967
233071322,5,2614.09,4797.93,4,28.0055,31.9635,3,24,0,0,1,1,2614.09,3966.93,4,25.8815
233071322,6,2619.63,1858.98,24,30.4993,30.3355,3,24,0,0,1,1,2619.61,1662.24,24,24.1616
233071322,7,2618.93,2779.2,24,45.5968,45.3519,3,24,0,0,1,1,2618.92,2549.36,24,34.9983
233071322,8,2633.53,945.664,16,10.7256,12.5999,3,24,0,0,0,0,,,,6.61017
233071322,9,2632.68,5239.65,2,21.8892,24.6824,3,24,0,0,1,1,2632.68,4755.24,2,21.8538
233071322,10,2631.23,7850.28,4,45.822,52.2981,3,24,0,0,1,1,2631.23,7099.84,4,44.9282
233071322,11,2620.46,560.565,24,9.19688,9.14748,3,24,0,0,0,0,,,,4.43907
233071322,12,2620.68,1495.39,4,8.72856,9.96216,3,24,0,0,1,1,2620.69,1499.77,3,8.17076
233071322,13,2633.77,2023.42,1,6.00655,6.73993,3,24,0,0,1,1,2633.77,2157.22,1,7.1028
233071322,14,2634.33,2234.85,8,17.993,21.0554,3,24,0,0,1,1,2634.36,2290.86,6,18.1027
233071322,15,2612.29,4549.76,1,13.5061,15.1551,3,24,0,0,1,1,2612.29,4345.84,1,14.4066
233071322,16,2617.71,734.976,24,12.0584,11.9936,3,24,0,0,0,0,,,,6.44302
233071322,17,2611.39,866.216,24,14.2115,14.1352,3,24,0,0,1,1,2611.44,563.009,24,10.2213
233071322,18,2626.58,517.173,24,8.48498,8.43941,3,24,0,0,0,0,,,,4.38847
233071322,19,2610.98,1972.68,16,22.3739,26.2838,3,24,0,0,1,1,2610.95,1187.83,12,12.8368
233097221,0,2630.76,33164.2,1,44.04,43.5754,3,24,0,0,1,1,2630.77,27995.8,1,41.1574
233097221,1,2612.75,4013.26,16,19.1319,21.0925,3,24,0,0,1,1,2612.76,3942.46,12,16.0987
233097221,2,2630.39,2367.18,8,8.06907,8.79728,3,24,0,0,1,1,2630.29,2161.61,12,10.0166
233097221,3,2617.57,6971.86,8,23.7651,25.9099,3,24,0,0,1,1,2617.55,7092.59,6,22.5155
233097221,4,2633.29,2516.18,24,15.0389,16.1964,3,24,0,0,1,1,2633.23,2416.36,16,14.0189
233097221,5,2631.7,1249.85,8,4.26041,4.64489,3,24,0,0,0,0,,,,4.57846
233097221,6,2626.6,4072.03,2,7.29426,7.56654,3,24,0,0,1,1,2626.6,3988.8,2,7.82709
233097221,7,2633.54,12509,1,16.6112,16.4359,3,24,0,0,1,1,2633.54,10162.8,1,14.9635
233097221,8,2634.19,1498.75,16,7.14479,7.87699,3,24,0,0,1,1,2634.15,1972.11,12,8.99782
233097221,9,2633.09,1871.16,16,8.92015,9.8343,3,24,0,0,1,1,2633.14,1916.22,12,9.07589
233097221,10,2629.39,18050.9,2,32.3348,33.5417,3,24,0,0,1,1,2629.39,16656.1,2,32.9815
233097221,11,2634.64,1949.59,16,9.29404,10.2465,3,24,0,0,1,1,2634.66,2219.94,16,10.8403
233097221,12,2620.26,6510.37,4,16.5148,17.1083,3,24,0,0,1,1,2620.26,6227.04,4,17.2825
233097221,13,2616.79,11192.4,16,53.3558,58.8238,3,24,0,0,1,1,2616.79,11067.7,12,50.2331
233097221,14,2618.75,3639.33,16,17.3493,19.1273,3,24,0,0,1,1,2618.73,3690.56,12,16.3859
233097221,15,2629.27,3766.03,4,9.55326,9.89658,3,24,0,0,1,1,2629.27,3616.62,3,8.70034
233097221,16,2632.24,15823.9,4,40.1402,41.5828,3,24,0,0,1,1,2632.25,12999.8,4,36.5607
233097221,17,2630.63,2430.53,1,3.22759,3.19354,3,24,0,0,0,0,,,,5.33058
233097221,18,2627,7061.91,1,9.37777,9.27883,3,24,0,0,1,1,2627,5789.31,1,8.54398
233097221,19,2611.2,5501.05,4,13.9545,14.456,3,24,0,0,1,1,2611.19,5144.79,4,14.1321
233172673,0,2632.26,3130.33,1,5.29872,5.48693,3,24,0,0,0,0,,,,5.45278
233172673,1,2627.59,8763.53,2,20.0247,21.7237,3,24,0,0,1,1,2627.6,7943.04,2,19.8562
233172673,2,2628.25,15425.3,1,26.1105,27.0379,3,24,0,0,1,1,2628.25,13835.7,1,25.9469
233172673,3,2618.1,1816.54,2,4.15079,4.50297,3,24,0,0,0,0,,,,3.34645
233172673,4,2625.33,2142.78,1,3.62709,3.75593,3,24,0,0,0,0,,,,
233172673,5,2628.52,7752.17,16,52.4537,54.3529,3,24,0,0,1,1,2628.51,6929.36,16,44.8669
233172673,6,2634.46,2731.92,8,13.3919,13.5442,3,24,0,0,1,1,2634.44,2450.87,8,12.7126
233172673,7,2619.65,971.765,24,8.3059,8.34461,3,24,0,0,0,0,,,,4.91468
233172673,8,2629.37,8852.93,1,14.9854,15.5177,3,24,0,0,1,1,2629.38,7211.42,1,13.4748
233172673,9,2613.51,1622.9,16,10.981,11.3786,3,24,0,0,0,0,,,,6.86257
233172673,10,2621.62,6982.61,2,15.9553,17.309,3,24,0,0,0,0,,,,
233172673,11,2635.19,13897,1,23.5234,24.359,3,24,0,0,1,1,2635.19,11878.8,1,22.2842
233172673,12,2635.21,20933.4,2,47.8329,51.8913,3,24,0,0,1,1,2635.21,21206.5,1.5,48.7337
233172673,13,2614.04,11580.6,2,26.4616,28.7068,3,24,0,0,1,1,2614.03,11205.5,1.5,25.7688
233172673,14,2619.56,6669.58,8,32.6944,33.0661,3,24,0,0,1,1,2619.57,6117.77,8,31.6843
233172673,15,2617.85,469.964,24,4.01689,4.03561,3,24,0,0,0,0,,,,2.85849
233172673,16,2621.23,15565.9,1,26.3485,27.2844,3,24,0,0,1,1,2621.23,13680.1,1,25.5788
233172673,17,2627.05,1698.44,4,5.40671,5.95415,3,24,0,0,1,1,2627.08,1755.85,6,7.56935
233172673,18,2634.12,665.476,16,4.50283,4.66586,3,24,0,0,0,0,,,,4.65408
233172673,19,2612.52,1593.41,4,5.07235,5.58594,3,24,0,0,0,0,,,,4.69188
233212803,0,2635.77,8404.24,8,33.4165,35.5564,3,24,0,0,1,1,2635.73,9355.56,6,36.0674
233212803,1,2615.31,1997.55,2,4.17879,4.22558,3,24,0,0,0,0,,,,4.71813
233212803,2,2629.81,3876.95,1,5.97115,5.79915,3,24,0,0,0,0,,,,4.2404
233212803,3,2633.7,3629.18,16,17.6445,21.7142,3,24,0,0,1,1,2633.72,3934.7,12,17.1828
233212803,4,2611.61,1907.85,24,11.169,13.9805,3,24,0,0,1,1,2611.77,2308.9,16,12.3151
233212803,5,2621.01,1385.49,8,5.50891,5.86168,3,24,0,0,0,0,,,,5.83222
233212803,6,2611.49,1045.38,4,3.15086,3.12737,3,24,0,0,0,0,,,,5.27737
233212803,7,2635.3,11486.2,4,34.6204,34.3623,3,24,0,0,1,1,2635.3,10787.6,4,35.3299
233212803,8,2631.19,2567.6,1,3.95454,3.84063,3,24,0,0,0,0,,,,4.30121
233212803,9,2620.58,14433.3,2,30.1938,30.5319,3,24,0,0,1,1,2620.58,12890.8,2,29.7475
233212803,10,2611.77,1160.37,4,3.49745,3.47138,3,24,0,0,0,0,,,,5.04685
233212803,11,2614.11,3108.41,8,12.3595,13.151,3,24,0,0,1,1,2614.09,3475.69,8,14.7952
233212803,12,2620.1,1436.63,24,8.41043,10.5275,3,24,0,0,0,0,,,,4.80099
233212803,13,2626.6,7000.85,2,14.6455,14.8095,3,24,0,0,1,1,2626.6,6553.24,1.5,13.2519
233212803,14,2620.44,6207.71,1,9.56092,9.28551,3,24,0,0,1,1,2620.44,5406.21,1,9.16699
233212803,15,2634.26,11173.5,4,33.6779,33.4269,3,24,0,0,1,1,2634.26,10283.1,4,33.4655
233212803,16,2612.45,1110.62,4,3.34751,3.32255,3,24,0,0,0,0,,,,3.04648
233212803,17,2619.98,6943.01,1,10.6934,10.3854,3,24,0,0,1,1,2619.98,5901.83,1,10.0646
233212803,18,2635.95,1489.46,4,4.48935,4.45588,3,24,0,0,0,0,,,,
233212803,19,2617.15,5074.11,16,24.6695,30.3595,3,24,0,0,1,1,2617.15,4829.33,12,21.638
236934447,0,2613.06,9972.93,4,32.7554,35.5461,3,24,0,0,1,1,2613.06,8858.81,4,31.5406
236934447,1,2611.73,2322.76,8,9.67883,11.7082,3,24,0,0,1,1,2611.74,3460.1,6,15.0841
236934447,2,2615.82,3596.27,8,14.9855,18.1274,3,24,0,0,1,1,2615.84,3303.71,6,13.8925
236934447,3,2627.82,4147.86,16,26.8424,29.5681,3,24,0,0,1,1,2627.82,4217.95,12,22.4671
236934447,4,2616.78,3770.22,2,8.62957,9.50212,3,24,0,0,1,1,2616.77,3750.5,2,9.48246
236934447,5,2631.13,920.946,8,3.83754,4.64214,3,24,0,0,0,0,,,,3.5135
236934447,6,2631.45,2110.38,4,6.93139,7.52193,3,24,0,0,0,0,,,,6.92639
236934447,7,2632.32,2332.76,4,7.6618,8.31456,3,24,0,0,1,1,2632.32,2133.73,4,7.59525
236934447,8,2627.51,11049.5,2,25.291,27.8482,3,24,0,0,1,1,2627.5,10072.2,2,25.2256
236934447,9,2635.01,9210.34,1,14.7555,16.414,3,24,0,0,1,1,2635,7842.27,1,13.8452
236934447,10,2626.06,663.527,16,4.29394,4.72996,3,24,0,0,0,0,,,,3.25458
236934447,11,2633.09,8041.4,16,52.0391,57.3232,3,24,0,0,1,1,2633.09,6973.81,16,45.9272
236934447,12,2618.18,5185.04,1,8.30675,9.2404,3,24,0,0,1,1,2618.17,4775.17,1,8.43887
236934447,13,2633.38,1493.12,4,4.90406,5.32187,3,24,0,0,0,0,,,,5.37783
236934447,14,2616.93,1839.64,16,11.905,13.1139,3,24,0,0,1,1,2616.92,1835.25,16,11.5577
236934447,15,2618.63,707.876,16,4.58094,5.0461,3,24,0,0,0,0,,,,5.0777
236934447,16,2620.08,9417.91,8,39.244,47.4721,3,24,0,0,1,1,2620.07,9378.39,6,38.5165
236934447,17,2633.34,3078.14,16,19.9199,21.9426,3,24,0,0,1,1,2633.34,2704.35,16,17.4132
236934447,18,2612.61,3253.05,24,27.2258,28.4011,3,24,0,0,1,1,2612.65,2073.98,24,18.2501
236934447,19,2626.63,15342.6,2,35.1174,38.6682,3,24,0,0,1,1,2626.63,13390.4,2,33.9658
241264175,0,2615.26,1325.61,8,3.99355,4.21178,3,24,0,0,0,0,,,,3.45309
241264175,1,2614.31,10164.6,4,21.877,22.8363,3,24,0,0,1,1,2614.31,9602.77,4,22.4776
241264175,2,2610.69,9475.18,2,15.0914,15.0525,3,24,0,0,1,1,2610.7,8638.63,2,15.066
241264175,3,2635.04,4668.99,24,25.997,25.6942,3,24,0,0,1,1,2634.99,3316.57,24,20.9825
241264175,4,2618.04,30633.8,1,34.8162,34.4118,3,24,0,0,1,1,2618.04,27355.2,1,34.529
241264175,5,2615.21,1397.27,24,7.78,7.6894,3,24,0,0,0,0,,,,4.79261
241264175,6,2617.83,6738.76,8,20.3013,21.4107,3,24,0,0,1,1,2617.83,5791.63,8,19.0308
241264175,7,2618.34,7542.03,4,16.2326,16.9444,3,24,0,0,1,1,2618.35,7532.44,4,17.8892
241264175,8,2634.52,3337.37,8,10.0543,10.6037,3,24,0,0,1,1,2634.5,2614.97,8,8.66297
241264175,9,2627.56,26321.8,1,29.9155,29.568,3,24,0,0,1,1,2627.56,21618.4,1,27.1704
241264175,10,2631.28,5057.05,24,28.1577,27.8298,3,24,0,0,1,1,2631.28,4573.12,24,21.249
241264175,11,2631.31,6911.99,2,11.0089,10.9806,3,24,0,0,1,1,2631.31,5888.74,2,10.3256
241264175,12,2618.68,1446.55,4,3.11339,3.24991,3,24,0,0,0,0,,,,3.13568
241264175,13,2617.25,8236.27,2,13.1182,13.0844,3,24,0,0,1,1,2617.25,9574.84,1.5,14.4639
241264175,14,2615.55,9997.65,4,21.5178,22.4613,3,24,0,0,1,1,2615.56,9295.04,4,21.8394
241264175,15,2628.29,1528.67,24,8.51163,8.41251,3,24,0,0,0,0,,,,5.10127
241264175,16,2615.88,19322.8,4,41.5882,43.4118,3,24,0,0,1,1,2615.88,17415.6,4,40.7836
241264175,17,2619.41,10854.8,1,12.3368,12.1935,3,24,0,0,1,1,2619.42,10259.3,1,12.931
241264175,18,2633.79,4103.97,1,4.66429,4.61011,3,24,0,0,0,0,,,,4.8819
241264175,19,2632.49,7544.41,16,34.788,33.8994,3,24,0,0,1,1,2632.47,6868.31,16,29.2887
252798186,0,2613.33,3909.94,16,41.7328,41.4977,3,24,0,0,1,1,2613.35,3616.15,16,42.1652
252798186,1,2613.98,2285.9,16,24.3986,24.2611,3,24,0,0,1,1,2613.81,1523.78,24,22.7235
252798186,2,2633.15,1830.77,16,19.5407,19.4306,3,24,0,0,1,1,2633.16,1608.07,16,16.6208
252798186,3,2612.3,1373.99,24,20.8957,17.8601,3,24,0,0,1,1,2612.25,1102.41,24,16.9095
252798186,4,2630.15,7035.93,4,38.3088,37.3375,3,24,0,0,1,1,2630.15,6499.9,4,39.1507
252798186,5,2617.62,4739.75,2,18.0467,17.7854,3,24,0,0,1,1,2617.62,3952.79,2,16.6709
252798186,6,2634.49,15124.4,2,57.5867,56.7529,3,24,0,0,1,1,2634.49,13399,2,55.8387
252798186,7,2633.2,1021.81,16,10.9063,10.8449,3,24,0,0,1,1,2633.17,861.113,16,8.89255
252798186,8,2616.08,2180.51,1,5.58236,5.78565,3,24,0,0,0,0,,,,5.54747
252798186,9,2627.28,1352.54,24,20.5696,17.5813,3,24,0,0,1,1,2627.33,971.751,24,16.1817
252798186,10,2633.24,415.25,16,4.43218,4.40721,3,24,0,0,0,0,,,,2.74142
252798186,11,2630.62,456.271,16,4.87001,4.84257,3,24,0,0,0,0,,,,3.4837
252798186,12,2628.15,935.728,2,3.56281,3.51122,3,24,0,0,0,0,,,,5.10722
252798186,13,2615.36,2378.27,2,9.05532,8.9242,3,24,0,0,1,1,2615.37,2612.49,2,11.0387
252798186,14,2626.49,611.084,4,3.32719,3.24283,3,24,0,0,0,0,,,,3.73753
252798186,15,2612.72,829.552,2,3.15854,3.11281,3,24,0,0,0,0,,,,2.7025
252798186,16,2617.87,1034.24,2,3.93791,3.8809,3,24,0,0,0,0,,,,3.92098
252798186,17,2635.59,6258.74,2,23.8303,23.4853,3,24,0,0,1,1,2635.6,5237.57,2,22.0728
252798186,18,2634.95,4042.56,2,15.3921,15.1693,3,24,0,0,1,1,2634.95,3492.91,2,14.6332
252798186,19,2635.89,4117.94,2,15.6792,15.4521,3,24,0,0,0,0,,,,
252805904,0,2633.68,879.131,24,5.71102,6.11776,3,24,0,0,0,0,,,,3.59015
252805904,1,2621.58,2535.18,16,12.032,14.4046,3,24,0,0,1,1,2621.42,2681.62,4,8.53937
252805904,2,2615.21,11506.9,1,16.1434,16.3452,3,24,0,0,1,1,2615.21,9197.02,1,14.2449
252805904,3,2614.31,4263.46,1,5.98134,6.05613,3,24,0,0,0,0,,,,5.99851
252805904,4,2626.93,19302.2,1,27.0797,27.4183,3,24,0,0,1,1,2626.94,15689.5,1,24.4144
252805904,5,2611.83,22274.2,2,43.5063,44.7455,3,24,0,0,1,1,2611.83,23199.3,1.5,44.6305
252805904,6,2628.49,1559.69,8,6.05367,6.26639,3,24,0,0,0,0,,,,5.59274
252805904,7,2618.88,2502.8,4,7.33366,7.11031,3,24,0,0,1,1,2618.89,2281,4,7.30401
252805904,8,2628.61,14979.6,2,29.2585,30.0918,3,24,0,0,1,1,2628.61,13654.9,2,29.2235
252805904,9,2635.68,1721.3,4,5.04372,4.89011,3,24,0,0,0,0,,,,5.02681
252805904,10,2620.17,1081.53,24,7.02582,7.5262,3,24,0,0,0,0,,,,5.57407
252805904,11,2630.15,10361.6,4,30.3615,29.4369,3,24,0,0,1,1,2630.15,8969.01,4,28.6783
252805904,12,2610.68,2896.14,24,18.8139,20.1538,3,24,0,0,1,1,2610.74,3038.01,12,14.0042
252805904,13,2629.61,3316.49,2,6.47783,6.66233,3,24,0,0,0,0,,,,5.91606
252805904,14,2627.61,14888.8,4,43.6269,42.2982,3,24,0,0,1,1,2627.62,13645.3,4,44.1457
252805904,15,2628.5,1965.59,16,9.32874,11.1683,3,24,0,0,1,1,2628.53,1957.1,16,9.40502
252805904,16,2618.79,12231.3,1,17.1596,17.3742,3,24,0,0,1,1,2618.79,10484.5,1,16.3282
252805904,17,2626.62,1539.28,4,4.51038,4.37302,3,24,0,0,0,0,,,,3.9031
252805904,18,2617.07,3612.23,8,14.0202,14.5129,3,24,0,0,1,1,2617.09,3296.37,8,13.6178
252805904,19,2635.27,16900.7,4,49.5222,48.014,3,24,0,0,1,1,2635.26,14692.6,4,46.5716
230081330,0,2619.68,5044.05,16,59.187,71.5786,3,24,0,0,1,1,2619.69,4481.93,16,46.6398
230081330,1,2631.79,666.542,16,7.82123,9.4587,3,24,0,0,0,0,,,,6.48288
230081330,2,2628.64,6661.23,4,43.9284,47.2638,3,24,0,0,1,1,2628.64,6636.2,3,42.0112
230081330,3,2633.14,2935.1,8,23.1005,29.4518,3,24,0,0,1,1,2633.14,2914.09,6,22.6486
230081330,4,2634.07,8249.78,2,38.8615,41.3906,3,24,0,0,1,1,2634.07,7345.24,2,37.9799
230081330,5,2633.35,773.964,24,10.1979,13.4515,3,24,0,0,0,0,,,,5.78167
230081330,6,2630.23,437.248,8,3.44134,4.3875,3,24,0,0,0,0,,,,2.50153
230081330,7,2618.17,785.464,4,5.17985,5.57314,3,24,0,0,0,0,,,,5.35043
230081330,8,2625.84,13297.7,1,45.2651,47.1761,3,24,0,0,1,1,2625.85,11291.9,1,42.668
230081330,9,2628.61,396.578,8,3.12125,3.9794,3,24,0,0,0,0,,,,3.08355
230081330,10,2635.05,5708.56,4,37.6459,40.5042,3,24,0,0,1,1,2635.05,6173.71,3,38.8381
230081330,11,2626.17,2580.91,2,12.1577,12.9489,3,24,0,0,1,1,2626.18,2598.3,2,13.557
230081330,12,2617.09,406.798,24,5.36005,7.07015,3,24,0,0,0,0,,,,5.02867
230081330,13,2621.25,666.759,24,8.78534,11.5883,3,24,0,0,0,0,,,,4.76462
230081330,14,2615.27,1360.36,1,4.63062,4.82612,3,24,0,0,0,0,,,,5.58399
230081330,15,2614.35,4708.46,16,55.2492,66.8163,3,24,0,0,1,1,2614.35,4235.98,16,47.9234
230081330,16,2618.03,3146.44,1,10.7104,11.1626,3,24,0,0,1,1,2618.03,2880.67,1,10.8746
230081330,17,2618.89,1115.52,16,13.0896,15.8301,3,24,0,0,1,1,2618.86,1263.79,16,14.6639
230081330,18,2626.66,1716.36,1,5.84245,6.0891,3,24,0,0,0,0,,,,4.08887
230081330,19,2633.49,3533.52,24,46.5583,61.4125,3,24,0,0,1,1,2633.5,3075.15,24,36.3102
230083619,0,2635.78,30480.1,2,44.1885,50.0493,3,24,0,0,1,1,2635.78,31921.6,1.5,45.1761
230083619,1,2630.16,16040.8,4,32.7947,37.2497,3,24,0,0,1,1,2630.16,13823.8,4,30.9791
230083619,2,2629.78,1175.26,24,6.31493,6.68505,3,24,0,0,0,0,,,,3.55044
230083619,3,2635.42,1103.19,8,3.00503,3.62293,3,24,0,0,0,0,,,,5.30685
230083619,4,2630.16,1984.68,4,4.05759,4.60879,3,24,0,0,0,0,,,,2.81602
230083619,5,2619.27,16652.7,2,24.1422,27.3442,3,24,0,0,1,1,2619.27,14981.8,2,23.866
230083619,6,2635.82,8899.76,16,38.6418,41.3338,3,24,0,0,1,1,2635.66,9273.69,8,26.1079
230083619,7,2627.03,2751.99,16,11.9488,12.7813,3,24,0,0,0,0,,,,5.31379
230083619,8,2629.82,4195.96,1,4.57177,4.8719,3,24,0,0,0,0,,,,4.3095
230083619,9,2628.78,2012.12,8,5.48093,6.60793,3,24,0,0,0,0,,,,5.41674
230083619,10,2617.8,11596.6,16,50.3511,53.8589,3,24,0,0,1,1,2617.8,10416.4,16,43.8037
230083619,11,2635.28,13502,8,36.7789,44.3414,3,24,0,0,1,1,2635.29,12477.9,8,35.8697
230083619,12,2630.3,13516.2,2,19.5952,22.1941,3,24,0,0,1,1,2630.3,14645.9,1.5,20.7414
230083619,13,2610.96,6461.98,24,34.7218,36.7568,3,24,0,0,1,1,2611.23,5996.08,8,18.0714
230083619,14,2618.61,8880.57,16,38.5584,41.2447,3,24,0,0,1,1,2618.59,8422.02,16,37.5144
230083619,15,2612.12,2716.91,8,7.40075,8.92251,3,24,0,0,1,1,2612.12,2704.47,8,7.78456
230083619,16,2612.72,30225.1,2,43.8189,49.6306,3,24,0,0,1,1,2612.72,27366.5,2,43.3981
230083619,17,2635.91,1299.29,24,6.9814,7.39057,3,24,0,0,0,0,,,,5.79619
230083619,18,2630.74,8401.46,24,45.1431,47.7889,3,24,0,0,1,1,2630.75,7781.39,24,36.348
230083619,19,2626.07,2904.53,4,5.93818,6.74485,3,24,0,0,0,0,,,,4.68258
230119674,0,2611.79,20209.8,1,30.6635,29.8899,3,24,0,0,1,1,2611.79,16358.1,1,27.4635
230119674,1,2634.89,7183.06,2,15.2434,15.024,3,24,0,0,1,1,2634.89,6222.02,2,14.5749
230119674,2,2613.41,3937.35,2,8.35555,8.23533,3,24,0,0,1,1,2613.42,3296.29,2,7.67271
230119674,3,2618.86,3263.48,8,14.931,13.6518,3,24,0,0,1,1,2618.85,2557.31,8,12.9776
230119674,4,2617.34,3442.42,16,21.9356,20.3651,3,24,0,0,1,1,2617.36,3308.97,16,22.3403
230119674,5,2625.59,1734.44,16,11.0521,10.2608,3,24,0,0,0,0,,,,5.3191
230119674,6,2619.79,12941.2,2,27.4628,27.0677,3,24,0,0,1,1,2619.79,11216.2,2,26.1825
230119674,7,2617.77,3193.39,8,14.6103,13.3586,3,24,0,0,1,1,2617.77,3294.98,8,16.9287
230119674,8,2632.45,10855.5,8,49.666,45.4108,3,24,0,0,1,1,2632.46,9765.15,8,47.3816
230119674,9,2630.46,2390.91,16,15.2352,14.1445,3,24,0,0,1,1,2630.46,2059.71,16,13.0658
230119674,10,2634.44,897.286,24,7.90113,6.50128,3,24,0,0,0,0,,,,5.75976
230119674,11,2620.69,3903.07,1,5.92197,5.77257,3,24,0,0,1,1,2620.71,3522.04,1.5,7.22968
230119674,12,2633.07,1454.11,24,12.8043,10.5358,3,24,0,0,1,1,2633.05,1333.8,24,11.7671
230119674,13,2632.14,25912.7,1,39.3163,38.3244,3,24,0,0,1,1,2632.14,20588.4,1,34.7109
230119674,14,2634.95,3132.67,16,19.9618,18.5326,3,24,0,0,1,1,2634.97,2865.12,16,18.3433
230119674,15,2632.93,4590.19,8,21.0009,19.2016,3,24,0,0,1,1,2632.93,4093.1,8,19.9677
230119674,16,2614.17,20024.5,1,30.3824,29.6159,3,24,0,0,1,1,2614.18,16510.5,1,27.7855
230119674,17,2614.32,9867.32,4,29.0943,29.1872,3,24,0,0,1,1,2614.32,9083.3,4,29.2245
230119674,18,2635.81,2681.12,24,23.6089,19.4261,3,24,0,0,1,1,2635.65,2453.45,8,12.2803
230119674,19,2612.78,7840.57,2,16.6387,16.3993,3,24,0,0,1,1,2612.78,7364.17,2,17.1869
230124692,0,2635.84,1301,16,8.53585,6.22071,3,24,0,0,0,0,,,,3.78549
230124692,1,2614.65,5296.97,16,34.7534,25.3274,3,24,0,0,1,1,2614.71,2946.6,24,27.6988
230124692,2,2611.6,21892.1,4,52.9545,52.3383,3,24,0,0,1,1,2611.61,19894.1,4,51.4955
230124692,3,2613.63,555.628,24,5.72901,3.25382,3,24,0,0,0,0,,,,3.50328
230124692,4,2616.75,2209.36,24,22.7804,12.9382,3,24,0,0,1,1,2616.74,2079.57,24,20.2671
230124692,5,2613.89,7091.81,1,8.78059,8.47735,3,24,0,0,1,1,2613.89,6910.75,1,9.49189
230124692,6,2614.52,2304.51,4,5.57436,5.5095,3,24,0,0,0,0,,,,5.60931
230124692,7,2629.93,3252.3,8,11.965,10.9961,3,24,0,0,1,1,2629.91,3539.1,6,12.0659
230124692,8,2632.48,8572.84,4,20.7368,20.4955,3,24,0,0,1,1,2632.48,7787.66,4,20.3818
230124692,9,2627.34,15985.3,4,38.6668,38.2169,3,24,0,0,1,1,2627.34,13778.2,4,36.133
230124692,10,2616.53,28237.3,1,34.9615,33.7541,3,24,0,0,1,1,2616.53,23773.2,1,32.6073
230124692,11,2633.59,10756.5,2,18.6486,18.1839,3,24,0,0,1,1,2633.58,10349.3,2,19.7185
230124692,12,2612.51,5379.84,4,13.0132,12.8618,3,24,0,0,1,1,2612.52,4671.36,4,12.2888
230124692,13,2630.18,7974.94,2,13.8262,13.4817,3,24,0,0,1,1,2630.18,6901.53,2,13.226
230124692,14,2630.33,4890.09,1,6.05457,5.84548,3,24,0,0,1,1,2630.32,5368.68,1,7.36682
230124692,15,2616.39,2870.54,8,10.5605,9.70537,3,24,0,0,1,1,2616.39,2969.87,8,11.867
230124692,16,2632.91,6873.22,1,8.50995,8.21605,3,24,0,0,1,1,2632.91,5917.15,1,8.09753
230124692,17,2632.81,4645.05,2,8.05318,7.85251,3,24,0,0,1,1,2632.8,4346.7,1.5,7.39355
230124692,18,2634.89,32976.9,1,40.8297,39.4196,3,24,0,0,1,1,2634.89,27740.2,1,38.0796
230124692,19,2621.14,7844.46,1,9.71248,9.37705,3,24,0,0,1,1,2621.14,7100.87,1,9.71228
233232752,0,2634.47,31452.5,1,52.3051,49.0178,3,24,0,0,1,1,2634.48,26079,1,48.001
233232752,1,2619.77,1369.24,16,9.02593,8.5357,3,24,0,0,1,1,2619.77,1542.54,16,10.7067
233232752,2,2612.19,1540.92,16,10.1576,9.60591,3,24,0,0,0,0,,,,6.77251
233232752,3,2620.09,8032.95,16,52.9526,50.0765,3,24,0,0,1,1,2620.1,8167.7,12,50.4427
233232752,4,2615.26,6207.91,16,40.9221,38.6994,3,24,0,0,1,1,2615.27,5650.19,16,37.9115
233232752,5,2635.48,3895.95,4,12.3747,12.1435,3,24,0,0,1,1,2635.5,3823.72,3,11.9938
233232752,6,2616.14,2666.11,1,4.43371,4.15505,3,24,0,0,0,0,,,,5.06514
233232752,7,2619.65,5249.89,1,8.73052,8.18181,3,24,0,0,1,1,2619.66,5094.65,1,9.39196
233232752,8,2613.49,5846.05,1,9.72192,9.11091,3,24,0,0,1,1,2613.49,4536.8,1,8.38059
233232752,9,2635.91,962.959,24,7.10459,7.35212,3,24,0,0,0,0,,,,5.32184
233232752,10,2614.25,1571.43,8,6.88929,6.9269,3,24,0,0,1,1,2614.23,2020.55,6,8.19644
233232752,11,2616.09,1225.31,8,5.37188,5.40121,3,24,0,0,0,0,,,,5.20885
233232752,12,2632.59,3430.71,4,10.8969,10.6933,3,24,0,0,1,1,2632.59,3063.72,4,10.5008
233232752,13,2635.75,34539.9,1,57.4395,53.8294,3,24,0,0,1,1,2635.75,29528.5,1,54.1128
233232752,14,2618.84,3329.38,16,21.947,20.755,3,24,0,0,1,1,2618.87,3026.41,12,20.2695
233232752,15,2632.58,680.563,16,4.48622,4.24255,3,24,0,0,0,0,,,,3.43011
233232752,16,2628.73,2759.52,8,12.098,12.164,3,24,0,0,1,1,2628.7,2992.31,6,12.9098
233232752,17,2633.88,17138.8,4,54.4377,53.4206,3,24,0,0,1,1,2633.88,16874,3,53.5991
233232752,18,2613.07,29916.4,1,49.7507,46.6239,3,24,0,0,1,1,2613.08,23595.1,1,43.7349
233232752,19,2626.61,1725.29,8,7.56382,7.60512,3,24,0,0,1,1,2626.66,1501.1,12,9.90586
233512760,0,2613.13,1543.74,4,4.76298,4.53478,3,24,0,0,0,0,,,,5.69236
233512760,1,2614.38,6255.04,1,9.26004,9.18718,3,24,0,0,1,1,2614.38,5957.32,1,9.76784
233512760,2,2617.17,831.292,8,3.68881,3.45343,3,24,0,0,0,0,,,,4.31123
233512760,3,2616.17,6106.02,1,9.03943,8.96831,3,24,0,0,1,1,2616.16,3675.81,1.5,7.80809
233512760,4,2634.3,6260.51,8,27.7807,26.008,3,24,0,0,1,1,2634.3,5527.25,8,25.6501
233512760,5,2628.49,1607.02,8,7.13105,6.67601,3,24,0,0,0,0,,,,6.65885
233512760,6,2618.27,16899.2,4,52.1399,49.6418,3,24,0,0,1,1,2618.28,14855.9,4,49.7744
233512760,7,2631.04,5014.24,4,15.4707,14.7295,3,24,0,0,1,1,2631.04,4270.74,4,14.8501
233512760,8,2628.46,2346.61,24,20.8635,16.8849,3,24,0,0,1,1,2628.41,2104.19,24,17.7296
233512760,9,2618.57,1554.62,4,4.79656,4.56675,3,24,0,0,0,0,,,,4.86148
233512760,10,2616.88,40071,1,59.3216,58.8549,3,24,0,0,1,1,2616.89,33248,1,54.2497
233512760,11,2630.65,5314.8,1,7.86809,7.80618,3,24,0,0,1,1,2630.65,5005.63,1,8.17997
233512760,12,2611.72,9867.74,8,43.7876,40.9935,3,24,0,0,1,1,2611.72,8445.01,8,41.9142
233512760,13,2614.26,721.412,16,4.68298,4.23834,3,24,0,0,0,0,,,,5.32281
233512760,14,2611.86,4679.96,2,10.4551,9.72096,3,24,0,0,1,1,2611.86,4380.3,2,10.8135
233512760,15,2631.34,3666.19,1,5.42747,5.38476,3,24,0,0,0,0,,,,6.39067
233512760,16,2618.61,33739.1,1,49.9478,49.5548,3,24,0,0,1,1,2618.61,27961.2,1,45.5981
233512760,17,2633.48,4465.13,2,9.97516,9.27473,3,24,0,0,1,1,2633.48,3947.63,2,9.74097
233512760,18,2632.66,4598.36,2,10.2728,9.55147,3,24,0,0,1,1,2632.66,4526.54,1.5,9.5422
233512760,19,2618.99,1425.24,8,6.32441,5.92085,3,24,0,0,0,0,,,,5.51911
235717460,0,2621.59,7062.11,8,38.635,36.1154,3,24,0,0,1,1,2621.46,6318.17,1.5,15.7217
235717460,1,2631.21,1054.87,16,8.39619,7.62906,3,24,0,0,1,1,2631.16,1106.4,12,8.02001
235717460,2,2628.22,725.997,24,7.52548,6.43063,3,24,0,0,0,0,,,,4.87528
235717460,3,2628.78,3731.68,16,29.7022,26.9885,3,24,0,0,1,1,2628.79,3274.94,16,25.682
235717460,4,2632.73,1956.59,4,7.36421,7.07528,3,24,0,0,1,1,2632.73,1950.25,4,8.0223
235717460,5,2618.61,4468.78,2,11.1137,11.4266,3,24,0,0,1,1,2618.61,5012.99,1.5,12.3593
235717460,6,2618.82,6606.84,4,24.8668,23.8911,3,24,0,0,1,1,2618.82,6216.9,4,25.4765
235717460,7,2613.28,5663.58,2,14.0851,14.4817,3,24,0,0,1,1,2613.28,6075.37,1.5,14.9736
235717460,8,2614.25,6178.21,8,33.7994,31.5952,3,24,0,0,1,1,2614.24,5737.89,8,32.6507
235717460,9,2619.62,16916,1,30.4216,30.5852,3,24,0,0,1,1,2619.61,13418.8,1,26.7958
235717460,10,2611.88,4691.99,16,37.3458,33.9336,3,24,0,0,1,1,2611.88,4507.63,16,37.4072
235717460,11,2611.12,4018.45,16,31.9847,29.0624,3,24,0,0,1,1,2611.31,3966.26,4,16.238
235717460,12,2617.79,5276.23,16,41.996,38.159,3,24,0,0,1,1,2617.78,4704.29,16,36.5026
235717460,13,2632.87,11477.2,1,20.6405,20.7515,3,24,0,0,1,1,2632.87,9930.57,1,19.8114
235717460,14,2611.33,20724,1,37.2697,37.4702,3,24,0,0,1,1,2611.32,16745.9,1,33.4749
235717460,15,2631.19,4193.1,1,7.54081,7.58138,3,24,0,0,0,0,,,,6.45966
235717460,16,2616.85,1063.47,8,5.81795,5.43853,3,24,0,0,0,0,,,,5.15473
235717460,17,2631.97,2654.39,16,21.1276,19.1972,3,24,0,0,1,1,2631.94,2340.44,16,18.0421
235717460,18,2634.18,5716.63,16,45.5014,41.3441,3,24,0,0,1,1,2634.2,5685.97,12,41.953
235717460,19,2634.1,3430.21,8,18.7658,17.542,3,24,0,0,1,1,2634.08,3308.82,6,17.1244
236760021,0,2632.59,2877.52,1,4.6037,4.71682,3,24,0,0,0,0,,,,4.00627
236760021,1,2630.28,1522.99,24,13.6159,12.2302,3,24,0,0,1,1,2630.27,1295.01,24,11.062
236760021,2,2630.08,2683.78,4,8.05789,8.79848,3,24,0,0,1,1,2630.08,2306.13,4,7.60905
236760021,3,2616.02,9244.19,4,27.7551,30.306,3,24,0,0,1,1,2616.02,8353.56,4,27.647
236760021,4,2620.71,4006.02,2,8.83182,9.28663,3,24,0,0,1,1,2620.7,4141.39,2,10.0954
236760021,5,2632.32,1318.57,8,5.75112,6.11334,3,24,0,0,0,0,,,,5.24581
236760021,6,2619.46,3293.97,24,29.4488,26.4518,3,24,0,0,1,1,2619.44,2914.32,24,22.661
236760021,7,2617.27,2906.52,2,6.40784,6.73782,3,24,0,0,0,0,,,,6.72719
236760021,8,2627.41,1958.3,8,8.5414,9.07935,3,24,0,0,1,1,2627.4,1766.87,8,8.30223
236760021,9,2617.73,11033.1,2,24.3241,25.5767,3,24,0,0,1,1,2617.73,10666.2,2,25.9807
236760021,10,2618.85,3492.52,16,24.2237,22.8997,3,24,0,0,1,1,2618.86,3107.31,16,20.4489
236760021,11,2618.54,27087.8,1,43.3373,44.4022,3,24,0,0,1,1,2618.54,23034.5,1,40.7463
236760021,12,2619.12,749.921,8,3.27088,3.47689,3,24,0,0,0,0,,,,2.66809
236760021,13,2633.05,12378,2,27.2889,28.6942,3,24,0,0,1,1,2633.04,10592.5,2,25.8259
236760021,14,2618.79,4131.99,8,18.0223,19.1573,3,24,0,0,1,1,2618.79,3595.08,8,16.327
236760021,15,2626.02,3044.23,24,27.2161,24.4463,3,24,0,0,1,1,2626.3,3277.31,6,13.2958
236760021,16,2627.15,2577.35,1,4.12346,4.22478,3,24,0,0,0,0,,,,3.206
236760021,17,2626.07,2355.14,4,7.07114,7.72105,3,24,0,0,0,0,,,,
236760021,18,2635.93,1097.12,4,3.29404,3.59679,3,24,0,0,0,0,,,,
236760021,19,2628.52,3644.86,2,8.0356,8.4494,3,24,0,0,1,1,2628.52,3524.87,2,8.5645
232634536,0,2619.15,655.188,16,3.45272,3.8779,3,24,0,0,0,0,,,,4.00731
232634536,1,2634.18,5209.37,1,7.82142,7.70826,3,24,0,0,1,1,2634.18,4454.51,1,7.39579
232634536,2,2626.38,5721.64,1,8.59054,8.46625,3,24,0,0,0,0,,,,6.90575
232634536,3,2635.33,1839.43,24,13.3265,13.334,3,24,0,0,0,0,,,,5.87566
232634536,4,2617.65,11729.7,4,32.8906,34.7127,3,24,0,0,1,1,2617.65,10632.8,4,32.0237
232634536,5,2628.2,2045.46,8,7.33561,8.56066,3,24,0,0,0,0,,,,6.04319
232634536,6,2620.25,5867.13,16,30.9187,34.7261,3,24,0,0,1,1,2620.24,5260.79,16,29.7829
232634536,7,2630.02,1214.59,4,3.40575,3.59442,3,24,0,0,0,0,,,,3.24801
232634536,8,2614.15,517.047,24,3.74596,3.74806,3,24,0,0,0,0,,,,3.30743
232634536,9,2629.62,6401.39,4,17.9498,18.9441,3,24,0,0,1,1,2629.61,6676.76,3,18.0832
232634536,10,2620.04,1995.55,2,4.13247,4.17589,3,24,0,0,0,0,,,,5.2146
232634536,11,2615.56,13520,8,48.4865,56.5838,3,24,0,0,1,1,2615.57,13705.1,6,50.2405
232634536,12,2613,31126.8,1,46.7342,46.058,3,24,0,0,1,1,2613,26219.3,1,43.6303
232634536,13,2631.62,871.461,24,6.31366,6.31719,3,24,0,0,0,0,,,,3.83675
232634536,14,2626.04,10640.4,1,15.9756,15.7445,3,24,0,0,1,1,2626.04,8179.64,1,13.682
232634536,15,2635.21,11040.8,8,39.5955,46.208,3,24,0,0,1,1,2635.21,11212.8,6,40.0036
232634536,16,2616.97,5502.96,1,8.26222,8.14268,3,24,0,0,1,1,2616.97,4745.56,1,7.90306
232634536,17,2631.62,14133.6,2,29.2685,29.576,3,24,0,0,1,1,2631.62,12459.1,2,28.4314
232634536,18,2632.27,14542.6,8,52.1538,60.8635,3,24,0,0,1,1,2632.27,14395.3,6,52.0971
232634536,19,2630.32,2570.96,2,5.32405,5.37999,3,24,0,0,0,0,,,,5.15754
232963855,0,2626.06,9534.49,8,14.7106,22.9402,3,24,0,0,1,1,2626.07,8486.37,8,14.1755
232963855,1,2627.67,11741.4,2,11.3527,14.1251,3,24,0,0,1,1,2627.67,10540.3,1.5,10.1996
232963855,2,2611.27,26361.6,16,54.5883,89.6987,3,24,0,0,1,1,2611.26,22942.8,16,50.1908
232963855,3,2616.28,47841,2,46.2573,57.5532,3,24,0,0,1,1,2616.28,48771.4,1.5,47.1419
232963855,4,2611.13,5506.91,8,8.49649,13.2497,3,24,0,0,1,1,2611.12,5779.07,6,8.90951
232963855,5,2633.79,16662.9,1,12.2999,14.1744,3,24,0,0,1,1,2633.78,13442.3,1,10.9832
232963855,6,2627.14,45882.2,1,33.8686,39.03,3,24,0,0,1,1,2627.13,37342,1,30.4113
232963855,7,2618.24,17633.9,4,21.5393,30.0008,3,24,0,0,1,1,2618.25,15601.9,4,20.905
232963855,8,2612.23,13414.6,16,27.7783,45.645,3,24,0,0,1,1,2612.22,13585.1,16,30.4654
232963855,9,2633.93,10855.8,24,29.0479,45.2401,3,24,0,0,1,1,2633.96,8878.76,24,21.4021
232963855,10,2619.66,1680.99,24,4.49798,7.00529,3,24,0,0,0,0,,,,2.80422
232963855,11,2618.4,27014.8,1,19.9413,22.9803,3,24,0,0,1,1,2618.4,22042.2,1,17.9351
232963855,12,2631.41,3485.23,16,7.21704,11.859,3,24,0,0,0,0,,,,5.88522
232963855,13,2633.46,6172.5,1,4.55632,5.25068,3,24,0,0,0,0,,,,4.95453
232963855,14,2633.8,15447.3,16,31.9875,52.5615,3,24,0,0,1,1,2633.81,15147.6,12,28.6329
232963855,15,2613.01,12264.5,2,11.8585,14.7543,3,24,0,0,1,1,2613.01,11323.1,1.5,10.9927
232963855,16,2615.57,11465.5,16,23.7421,39.0128,3,24,0,0,1,1,2615.54,11974.8,12,21.5805
232963855,17,2612.1,12186.9,1,8.99593,10.3669,3,24,0,0,1,1,2612.1,11758.1,1,9.62104
232963855,18,2628.4,18754.1,4,22.9076,31.9066,3,24,0,0,1,1,2628.4,15496,4,21.2727
232963855,19,2613.76,8982.66,16,18.6008,30.5646,3,24,0,0,1,1,2613.75,9787,12,18.721
232966930,0,2632.92,1921.64,2,3.52824,3.55396,3,24,0,0,0,0,,,,4.18232
232966930,1,2619.54,1065.07,16,5.08806,5.57138,3,24,0,0,0,0,,,,4.14699
232966930,2,2620.27,6709.27,16,32.0516,35.0963,3,24,0,0,1,1,2620.32,6773.22,12,31.5276
232966930,3,2615.31,5062.11,16,24.1828,26.4799,3,24,0,0,1,1,2615.3,4949.83,12,23.0632
232966930,4,2616.46,5857.27,8,20.7765,21.6653,3,24,0,0,1,1,2616.47,5648.61,8,21.0941
232966930,5,2621.28,863.656,8,3.0635,3.19456,3,24,0,0,0,0,,,,2.51978
232966930,6,2628.82,5849.45,4,14.7554,15.2993,3,24,0,0,1,1,2628.83,5945.74,3,14.4494
232966930,7,2618.35,2565.47,24,15.9088,16.4361,3,24,0,0,1,1,2618.37,2363.11,24,13.1165
232966930,8,2627.47,8631.4,4,21.7729,22.5755,3,24,0,0,1,1,2627.47,8466.24,4,23.7127
232966930,9,2619.33,1604.46,8,5.69123,5.93471,3,24,0,0,0,0,,,,4.96463
232966930,10,2627.83,34835,1,44.7693,45.5555,3,24,0,0,1,1,2627.83,30000.5,1,42.7451
232966930,11,2632.31,14111.1,8,50.0539,52.1953,3,24,0,0,1,1,2632.32,12677.9,8,47.8119
232966930,12,2626.92,2779,8,9.85748,10.2792,3,24,0,0,1,1,2626.93,2789.95,6,9.38349
232966930,13,2625.92,17878.8,1,22.9775,23.381,3,24,0,0,1,1,2625.92,16296.4,1,23.1752
232966930,14,2620.54,2410.88,8,8.5517,8.91756,3,24,0,0,1,1,2620.55,2453.37,8,9.40119
232966930,15,2633.54,5767.08,24,35.7624,36.9476,3,24,0,0,1,1,2633.53,5304.97,24,31.7545
232966930,16,2610.42,6387.53,4,16.1127,16.7066,3,24,0,0,0,0,,,,
232966930,17,2616.65,18988.6,4,47.899,49.6646,3,24,0,0,1,1,2616.64,19436.4,3,47.8449
232966930,18,2616.18,5934.16,16,28.3487,31.0416,3,24,0,0,1,1,2616.19,5585.04,16,27.5854
232966930,19,2612.14,1872.99,8,6.64375,6.92798,3,24,0,0,1,1,2612.18,2528.88,8,10.4949
233054835,0,2611.91,2811.19,4,6.2556,7.51052,3,24,0,0,0,0,,,,6.40663
233054835,1,2633.86,7178.28,16,46.2049,38.3558,3,24,0,0,1,1,2633.86,6426.44,16,41.8854
233054835,2,2619.99,2115.75,24,16.4386,13.8459,3,24,0,0,1,1,2620.02,1793.31,24,14.8939
233054835,3,2631.3,14583.4,8,44.7828,55.1004,3,24,0,0,0,0,,,,43.1803
233054835,4,2635.09,4842.65,8,14.8708,18.2969,3,24,0,0,0,0,,,,19.0268
233054835,5,2620.84,503.065,24,3.90863,3.29215,3,24,0,0,0,0,,,,3.05388
233054835,6,2621.27,4351.64,16,28.0105,23.2522,3,24,0,0,1,1,2621.13,3382.66,12,17.0757
233054835,7,2613.27,2604.64,24,20.2371,17.0453,3,24,0,0,1,1,2613.37,2681.89,16,19.0282
233054835,8,2621.03,7084.56,8,21.7553,26.7675,3,24,0,0,1,1,2621,4270.42,12,21.4686
233054835,9,2632.3,21858,2,37.3533,41.293,3,24,0,0,1,1,2632.3,19283.1,2,36.2372
233054835,10,2618.23,7375.87,2,12.6047,13.9341,3,24,0,0,1,1,2618.23,6383.02,2,11.8908
233054835,11,2631.61,1379,4,3.06862,3.68421,3,24,0,0,0,0,,,,4.95503
233054835,12,2620.27,7878.99,1,10.0901,10.525,3,24,0,0,1,1,2620.27,7211.71,1,10.1985
233054835,13,2632.92,16959.6,4,37.7395,45.3103,3,24,0,0,1,1,2632.92,14950.8,4,36.37
233054835,14,2631.48,8234.4,16,53.0028,43.9989,3,24,0,0,1,1,2631.47,7682.4,16,47.8889
233054835,15,2632.59,5740.5,16,36.9502,30.6733,3,24,0,0,1,1,2632.61,5153.08,16,33.8179
233054835,16,2615.87,6989.72,24,54.3076,45.7421,3,24,0,0,1,1,2615.89,6400.62,24,49.6935
233054835,17,2611.73,7268.28,1,9.30798,9.70917,3,24,0,0,1,1,2611.73,6423.5,1,9.11562
233054835,18,2635.47,6831.67,24,53.0796,44.7078,3,24,0,0,1,1,2635.32,7087.04,16,51.7492
233054835,19,2615.23,5351.35,24,41.578,35.0203,3,24,0,0,1,1,2615.2,4955.94,24,36.5853
272783228,0,2618.26,2755.04,4,6.04726,6.80951,3,24,0,0,0,0,,,,6.17219
272783228,1,2621.34,824.489,16,3.67429,4.07571,3,24,0,0,0,0,,,,2.99091
272783228,2,2614.07,1224.13,8,4.13172,4.27889,3,24,0,0,0,0,,,,3.17278
272783228,3,2634.53,9075.82,4,19.9212,22.4323,3,24,0,0,1,1,2634.54,8337.58,4,19.7045
272783228,4,2619.41,10414.8,1,11.4414,12.8709,3,24,0,0,1,1,2619.41,8332.35,1,10.0646
272783228,5,2617.75,34622.6,2,52.193,60.5108,3,24,0,0,1,1,2617.75,30157.2,2,50.4243
272783228,6,2632.34,3397.11,1,3.73196,4.19824,3,24,0,0,0,0,,,,3.26013
272783228,7,2632.22,6402.86,1,7.034,7.91284,3,24,0,0,1,1,2632.22,5800.5,1,7.0566
272783228,8,2616.1,2110.16,8,7.12228,7.37597,3,24,0,0,0,0,,,,5.21393
272783228,9,2631.64,3843.68,4,8.4368,9.50024,3,24,0,0,1,1,2631.64,4252.51,4,10.2764
272783228,10,2612.9,1078.44,8,3.63999,3.76965,3,24,0,0,0,0,,,,5.2179
272783228,11,2612.51,8089.5,24,44.4884,48.9762,3,24,0,0,1,1,2612.51,7275.22,24,39.0512
272783228,12,2619.62,6248.54,4,13.7154,15.4442,3,24,0,0,1,1,2619.64,5333.42,4,12.7835
272783228,13,2625.57,7697.37,16,34.3029,38.0505,3,24,0,0,1,1,2625.77,6196.49,8,22.7288
272783228,14,2630.12,5425.54,8,18.3124,18.9647,3,24,0,0,1,1,2630.14,5002.21,8,18.3935
272783228,15,2627.56,50000,1,54.9285,61.7914,3,24,0,0,1,1,2627.56,41703.9,1,50.6944
272783228,16,2612.52,8459.93,24,46.5256,51.2189,3,24,0,0,1,1,2612.54,7618.37,24,40.8503
272783228,17,2632.48,11650.2,1,12.7985,14.3976,3,24,0,0,1,1,2632.48,10702.4,1,13.0561
272783228,18,2629.28,5673.67,2,8.55296,9.916,3,24,0,0,1,1,2629.27,5718.37,1.5,8.35988
272783228,19,2613.75,1750.48,8,5.90828,6.11873,3,24,0,0,0,0,,,,5.72045
280069129,0,2626.34,30254.7,1,49.6233,55.7371,3,24,0,0,0,0,,,,
280069129,1,2635.29,14534.5,2,32.2684,37.8675,3,24,0,0,1,1,2635.29,12762.4,2,31.0504
280069129,2,2626.6,2281.64,24,16.618,20.5923,3,24,0,0,0,0,,,,6.52912
280069129,3,2631.38,11241.2,8,48.0144,58.5748,3,24,0,0,1,1,2631.38,10281.4,8,46.2158
280069129,4,2632.17,7392.16,1,12.1245,13.6183,3,24,0,0,1,1,2632.16,5168.21,1,9.3888
280069129,5,2632.22,2874.35,4,9.33528,10.5906,3,24,0,0,1,1,2632.23,2681.87,4,9.41798
280069129,6,2616.13,2708.62,16,15.5204,19.96,3,24,0,0,1,1,2616.15,2929.02,12,16.0472
280069129,7,2635.84,7909.31,1,12.9727,14.571,3,24,0,0,1,1,2635.83,6703.19,1,12.2002
280069129,8,2632.98,30571.9,1,50.1435,56.3214,3,24,0,0,1,1,2632.98,26261.5,1,47.7525
280069129,9,2627.11,24218.8,2,53.7687,63.0985,3,24,0,0,1,1,2627.1,21429.3,2,52.3347
280069129,10,2617.69,1827.69,16,10.4726,13.4683,3,24,0,0,1,1,2617.7,1734.91,16,10.9395
280069129,11,2615.2,2607.07,4,8.46722,9.60582,3,24,0,0,1,1,2615.19,2377.9,4,8.23414
280069129,12,2615.35,1850.53,4,6.01013,6.81832,3,24,0,0,0,0,,,,5.32336
280069129,13,2613.7,11241.9,1,18.4388,20.7105,3,24,0,0,1,1,2613.7,9545.47,1,17.253
280069129,14,2614.68,530.11,24,3.86099,4.78435,3,24,0,0,0,0,,,,2.33044
280069129,15,2618.27,18145.9,1,29.7627,33.4296,3,24,0,0,1,1,2618.27,15090,1,27.213
280069129,16,2612.11,2526.13,8,10.7898,13.1629,3,24,0,0,1,1,2612.11,2285.65,6,9.57492
280069129,17,2612.5,1800.04,8,7.68844,9.37946,3,24,0,0,1,1,2612.48,2333.46,6,9.5433
280069129,18,2634.84,4680.07,2,10.3903,12.1932,3,24,0,0,1,1,2634.84,4698.99,2,11.4472
280069129,19,2612.66,3390.26,24,24.6925,30.5978,3,24,0,0,1,1,2612.68,3327.74,24,27.0283
288468339,0,2634.75,11912.5,4,42.6592,128.881,3,24,0,0,1,1,2634.74,11997.7,3,45.0169
288468339,1,2618.39,2806.67,2,9.27047,21.4714,3,24,0,0,1,1,2618.4,2828.28,1.5,9.69158
288468339,2,2628.68,6454,4,23.112,69.8254,3,24,0,0,1,1,2628.67,6656.99,3,25.4271
288468339,3,2630.66,8104.68,16,32.295,175.368,3,24,0,0,1,1,2630.56,8047.3,8,32.0652
288468339,4,2629.36,2215.33,24,10.4964,58.7082,3,24,0,0,0,0,,,,6.89285
288468339,5,2633.83,7389.36,24,35.0114,195.824,3,24,0,0,1,1,2633.84,6931.5,24,34.331
288468339,6,2612.53,16106.5,4,57.6781,174.255,3,24,0,0,1,1,2612.53,16203.3,3,60.6596
288468339,7,2619.8,3616.39,16,14.4104,78.2509,3,24,0,0,1,1,2619.7,3965.55,8,16.0266
288468339,8,2635.18,3926.09,4,14.0595,42.476,3,24,0,0,1,1,2635.19,3681.54,3,14.1648
288468339,9,2635.52,1266.69,8,4.82297,19.3807,3,24,0,0,0,0,,,,4.80366
288468339,10,2629.15,5288.41,16,21.0729,114.43,3,24,0,0,1,1,2629.05,5367.84,8,21.1263
288468339,11,2631.33,15558.9,8,59.241,238.055,3,24,0,0,1,1,2631.34,15652.8,6,61.9764
288468339,12,2613.31,4996.12,1,14.7138,27.0263,3,24,0,0,1,1,2613.31,4624.58,1,15.0247
288468339,13,2628.59,2455.11,16,9.78296,53.1233,3,24,0,0,1,1,2628.48,2886.66,8,12.0349
288468339,14,2614.41,5510.58,2,18.2015,42.1567,3,24,0,0,1,1,2614.41,5558.07,1.5,18.9749
288468339,15,2631.2,16718.3,4,59.869,180.874,3,24,0,0,1,1,2631.2,16600,3,62.0402
288468339,16,2616.07,851.205,24,4.03308,22.5577,3,24,0,0,0,0,,,,3.74185
288468339,17,2631.12,4487.7,2,14.8229,34.3315,3,24,0,0,1,1,2631.12,4304.01,1.5,14.7088
288468339,18,2629.84,1137.34,16,4.53201,24.6096,3,24,0,0,0,0,,,,3.86217
288468339,19,2635.18,886.318,24,4.19945,23.4882,3,24,0,0,0,0,,,,2.49142
297930504,0,2628.69,4361.98,8,14.2777,14.618,3,24,0,0,1,1,2628.66,4013.85,8,13.8308
297930504,1,2615.31,4863.79,4,11.8986,11.5256,3,24,0,0,1,1,2615.31,4807.09,4,12.8649
297930504,2,2615.69,13739.2,1,17.2407,16.2787,3,24,0,0,1,1,2615.69,11909.4,1,16.5214
297930504,3,2627.63,1867.24,8,6.11189,6.25755,3,24,0,0,0,0,,,,6.41322
297930504,4,2617.63,4064.58,8,13.3043,13.6214,3,24,0,0,1,1,2617.63,4602.29,6,14.4787
297930504,5,2629.8,983.667,8,3.21977,3.2965,3,24,0,0,0,0,,,,2.35193
297930504,6,2612.25,5337.72,16,25.4509,25.2974,3,24,0,0,1,1,2612.42,3298.83,24,24.9378
297930504,7,2615.06,1026.62,16,4.89503,4.8655,3,24,0,0,0,0,,,,4.052
297930504,8,2633.41,7698.47,1,9.66048,9.12146,3,24,0,0,1,1,2633.41,6705.34,1,9.3455
297930504,9,2627.76,1469,4,3.5937,3.48106,3,24,0,0,0,0,,,,4.45201
297930504,10,2629.9,8670.1,1,10.8797,10.2727,3,24,0,0,1,1,2629.9,6741.39,1,9.38205
297930504,11,2631.52,2433.66,16,11.604,11.534,3,24,0,0,1,1,2631.49,2893.51,12,12.1532
297930504,12,2612.53,2471.11,1,3.10089,2.92787,3,24,0,0,0,0,,,,3.43086
297930504,13,2615.55,10165.6,8,33.2744,34.0674,3,24,0,0,1,1,2615.56,9112.15,8,31.2792
297930504,14,2633.61,1125.37,16,5.36593,5.33356,3,24,0,0,0,0,,,,4.53417
297930504,15,2628.7,1864.4,16,8.88968,8.83605,3,24,0,0,1,1,2628.5,1221.55,24,8.99995
297930504,16,2627.66,1292.24,24,9.9146,7.50084,3,24,0,0,0,0,,,,5.60183
297930504,17,2628.93,8337.65,16,39.755,39.5151,3,24,0,0,1,1,2628.97,5265.37,24,38.8994
297930504,18,2632.43,1432.41,24,10.99,8.31444,3,24,0,0,0,0,,,,5.8817
297930504,19,2626.4,24778.8,1,31.0938,29.3589,3,24,0,0,0,0,,,,
256664616,0,2619.07,4399.74,16,34.0732,40.3836,3,24,0,0,1,1,2619.07,3835.69,16,30.0336
256664616,1,2619.26,7028.65,2,20.9789,22.809,3,24,0,0,1,1,2619.26,7578.31,1.5,22.3032
256664616,2,2621.16,6600.01,2,19.6995,21.418,3,24,0,0,1,1,2621.16,5736.04,2,18.9026
256664616,3,2633.48,847.876,4,3.51287,3.89117,3,24,0,0,0,0,,,,5.23273
256664616,4,2618.47,1779.95,16,13.7845,16.3375,3,24,0,0,1,1,2618.43,1886.14,12,13.6959
256664616,5,2617.87,3863.53,4,16.0072,17.731,3,24,0,0,1,1,2617.87,4016.94,3,15.7407
256664616,6,2614.41,1869.26,2,5.57931,6.06601,3,24,0,0,0,0,,,,6.31301
256664616,7,2621.47,1472.02,24,14.9145,16.5476,3,24,0,0,0,0,,,,5.33514
256664616,8,2627.86,3578.25,2,10.6802,11.6119,3,24,0,0,1,1,2627.85,3848.69,1.5,11.3305
256664616,9,2630.04,1081.7,24,10.9598,12.1599,3,24,0,0,0,0,,,,4.8539
256664616,10,2628.01,657.927,8,3.55153,4.27013,3,24,0,0,0,0,,,,4.6815
256664616,11,2619.38,1399.57,1,3.18667,3.21154,3,24,0,0,0,0,,,,5.35018
256664616,12,2615.63,1903.56,16,14.7419,17.4721,3,24,0,0,1,1,2615.61,1697.81,16,12.785
256664616,13,2631.43,3541.23,2,10.5697,11.4918,3,24,0,0,1,1,2631.43,3490.73,2,11.5533
256664616,14,2620.84,1377.03,1,3.13535,3.15982,3,24,0,0,0,0,,,,4.35009
256664616,15,2634.89,399.507,24,4.04781,4.49105,3,24,0,0,0,0,,,,3.60047
256664616,16,2633.5,10472.7,4,43.39,48.0627,3,24,0,0,1,1,2633.49,9635.09,4,43.3249
256664616,17,2617.04,938.314,24,9.50701,10.548,3,24,0,0,0,0,,,,5.11417
256664616,18,2618.02,2452.61,24,24.8499,27.571,3,24,0,0,1,1,2618.03,2218.63,24,22.8054
256664616,19,2632.27,384.024,24,3.89094,4.317,3,24,0,0,0,0,,,,2.57126
256748703,0,2621.07,6017.95,4,13.5587,17.1075,3,24,0,0,1,1,2621.06,5519.71,3,12.4148
256748703,1,2634.7,8862.7,4,19.9681,25.1944,3,24,0,0,1,1,2634.69,8522.8,4,21.228
256748703,2,2635.36,32503.5,2,55.1737,65.3362,3,24,0,0,1,1,2635.36,29928.1,2,55.9234
256748703,3,2628.04,3801.71,8,10.7469,15.2839,3,24,0,0,1,1,2628.04,4396.81,6,12.5799
256748703,4,2631.45,4510.44,4,10.1622,12.822,3,24,0,0,1,1,2631.44,5032.7,3,11.2124
256748703,5,2612.99,2325.17,8,6.57291,9.34779,3,24,0,0,1,1,2613.01,2801.61,6,7.8555
256748703,6,2628.46,13790.1,8,38.9825,55.4397,3,24,0,0,1,1,2628.47,13576.4,6,36.8316
256748703,7,2615.75,4861.95,2,8.25301,9.77315,3,24,0,0,1,1,2615.75,5812.77,1.5,9.65165
256748703,8,2611.78,7924.8,24,38.7631,55.1827,3,24,0,0,1,1,2611.71,8652.38,16,39.6213
256748703,9,2616.1,1552.77,16,6.29027,8.82827,3,24,0,0,0,0,,,,4.7011
256748703,10,2630.7,1541.33,16,6.24391,8.76321,3,24,0,0,0,0,,,,4.28798
256748703,11,2621.32,1338.18,16,5.42099,7.60825,3,24,0,0,0,0,,,,3.51566
256748703,12,2611.21,19019.8,4,42.8524,54.0685,3,24,0,0,1,1,2611.21,18593.3,3,41.9169
256748703,13,2614.59,7284.73,24,35.6322,50.7257,3,24,0,0,1,1,2614.59,6358.46,24,30.7363
256748703,14,2631.2,3965.75,4,8.93502,11.2736,3,24,0,0,1,1,2631.2,3438.96,3,7.64254
256748703,15,2617.42,8790.48,24,42.9974,61.2107,3,24,0,0,1,1,2617.44,8162.14,24,45.9475
256748703,16,2611.52,20212.5,4,45.5398,57.4592,3,24,0,0,1,1,2611.52,21559,3,48.3223
256748703,17,2616.16,27986.3,2,47.5059,56.2561,3,24,0,0,1,1,2616.16,27217.8,1.5,45.0552
256748703,18,2619.35,9257.05,8,26.1683,37.2157,3,24,0,0,1,1,2619.36,9647.01,6,27.2252
256748703,19,2628.22,5465.39,2,9.27733,10.9861,3,24,0,0,1,1,2628.23,5758.8,1.5,9.55612
258800306,0,2617.86,2456.37,2,14.5259,14.9519,3,24,0,0,1,1,2617.86,2400.04,2,15.5969
258800306,1,2634.63,1080.58,24,24.5516,22.785,3,24,0,0,1,1,2634.61,681.532,24,15.8401
258800306,2,2631.6,4198.09,2,24.8257,25.5537,3,24,0,0,1,1,2631.6,4639.42,1.5,26.8442
258800306,3,2618.52,431.608,24,9.80644,9.10085,3,24,0,0,0,0,,,,6.05087
258800306,4,2634.83,3766.64,2,22.2743,22.9275,3,24,0,0,1,1,2634.83,3247.56,2,20.9423
258800306,5,2615.88,2310.9,4,18.0752,19.8929,3,24,0,0,1,1,2615.88,2116.51,4,17.8917
258800306,6,2629.09,293.041,24,6.6581,6.17904,3,24,0,0,0,0,,,,4.88871
258800306,7,2632.84,435.427,16,6.85804,7.49657,3,24,0,0,0,0,,,,4.86405
258800306,8,2614.93,1859.47,2,10.9961,11.3185,3,24,0,0,1,1,2614.93,1618.4,2,10.4827
258800306,9,2620.12,428.882,24,9.74452,9.04338,3,24,0,0,0,0,,,,5.23336
258800306,10,2630.66,1972.46,4,15.428,16.9795,3,24,0,0,1,1,2630.65,2106.59,3,16.7254
258800306,11,2617.88,1290.16,8,13.4259,15.7064,3,24,0,0,1,1,2617.88,1194.36,8,13.5081
258800306,12,2633.79,2954.6,4,23.11,25.434,3,24,0,0,1,1,2633.8,3042.63,3,24.0386
258800306,13,2635.46,4664.25,1,19.6554,20.0756,3,24,0,0,1,1,2635.46,3970.03,1,18.3607
258800306,14,2632.34,2040.04,1,8.59685,8.78064,3,24,0,0,1,1,2632.34,1630.77,1,7.57933
258800306,15,2631.5,1521.06,2,8.99491,9.25868,3,24,0,0,1,1,2631.5,1482.14,1.5,8.5213
258800306,16,2615.43,2638.01,1,11.1167,11.3544,3,24,0,0,1,1,2615.43,2138.38,1,9.86389
258800306,17,2620.99,1263.14,8,13.1447,15.3774,3,24,0,0,1,1,2621,1164.43,8,12.7381
258800306,18,2629.91,1328.63,8,13.8262,16.1747,3,24,0,0,1,1,2629.9,1093.43,8,12.3085
258800306,19,2617.41,3886.22,2,22.9814,23.6553,3,24,0,0,1,1,2617.41,3681.52,2,24.0598
259237961,0,2629.11,1112.5,8,3.37997,4.7458,3,24,0,0,0,0,,,,4.25019
259237961,1,2633.48,1982.72,2,3.88124,4.22901,3,24,0,0,0,0,,,,4.93732
259237961,2,2632.16,5971.68,4,14.8768,18.0131,3,24,0,0,1,1,2632.16,5754.48,4,15.6143
259237961,3,2612.69,5293.94,24,21.3773,39.1154,3,24,0,0,1,1,2612.77,4745.67,16,21.1749
259237961,4,2617.81,3744.61,8,11.3767,15.974,3,24,0,0,1,1,2617.8,3440.78,6,10.4484
259237961,5,2632.45,5409.49,4,13.4763,16.3173,3,24,0,0,1,1,2632.45,5702.35,3,14.0315
259237961,6,2613.52,3128.89,8,9.50607,13.3474,3,24,0,0,1,1,2613.54,3329.21,6,10.8289
259237961,7,2631.79,1194.55,16,4.48372,7.20651,3,24,0,0,0,0,,,,6.3585
259237961,8,2627.72,2863.65,1,4.22961,4.31899,3,24,0,0,0,0,,,,3.50453
259237961,9,2612.22,16134.7,8,49.0198,68.8284,3,24,0,0,1,1,2612.2,16388.2,6,53.4464
259237961,10,2617.04,4046.94,1,5.97733,6.10365,3,24,0,0,1,1,2617.03,4372.43,1,7.18457
259237961,11,2628.79,9803.15,16,36.7961,59.1409,3,24,0,0,1,1,2628.81,9623.28,12,35.142
259237961,12,2616.13,9031.6,24,36.4702,66.7318,3,24,0,0,1,1,2616.19,8797.29,16,34.3754
259237961,13,2630.14,12114.1,16,45.4702,73.0825,3,24,0,0,1,1,2630.16,11913.6,12,44.4272
259237961,14,2621.1,6581.27,4,16.3954,19.8519,3,24,0,0,1,1,2621.1,7193.98,3,17.762
259237961,15,2612.07,8616.41,16,32.3416,51.9815,3,24,0,0,1,1,2612.2,8872.16,6,28.9696
259237961,16,2635.68,1026.2,8,3.11776,4.37763,3,24,0,0,0,0,,,,4.3383
259237961,17,2635.33,925.992,16,3.4757,5.58637,3,24,0,0,0,0,,,,3.69548
259237961,18,2631.92,12646.9,8,38.4233,53.95,3,24,0,0,1,1,2631.9,12929.8,6,41.854
259237961,19,2613.17,2933.65,8,8.91289,12.5145,3,24,0,0,1,1,2613.16,2710.45,6,9.0647
297963740,0,2616.54,4118.53,2,6.05108,6.39441,3,24,0,0,0,0,,,,5.02816
297963740,1,2610.58,10727.8,8,38.5043,33.3119,3,24,0,0,1,1,2610.63,10189.9,4,26.2161
297963740,2,2632.39,1036.26,24,7.79084,5.57339,3,24,0,0,0,0,,,,4.92067
297963740,3,2612.76,1616.14,16,8.96897,7.09713,3,24,0,0,0,0,,,,6.52117
297963740,4,2631.49,2988.97,24,22.4717,16.0758,3,24,0,0,1,1,2631.51,3005.67,24,22.5797
297963740,5,2626.92,2935.24,16,16.2895,12.8899,3,24,0,0,1,1,2626.92,2625.4,16,15.0977
297963740,6,2615.7,402.831,24,3.02856,2.16657,3,24,0,0,0,0,,,,2.81073
297963740,7,2615.9,2951.85,8,10.5948,9.16607,3,24,0,0,1,1,2615.88,2293.58,8,8.93733
297963740,8,2612.47,2814.61,24,21.1608,15.138,3,24,0,0,1,1,2612.44,2258.85,24,15.3158
297963740,9,2621.08,1807.41,4,4.25237,3.96853,3,24,0,0,0,0,,,,3.63781
297963740,10,2614.17,23387.7,1,24.2871,25.6762,3,24,0,0,1,1,2614.17,20484.9,1,23.5056
297963740,11,2618.4,1012.4,8,3.63374,3.14371,3,24,0,0,0,0,,,,3.90409
297963740,12,2635.13,2081.63,4,4.89755,4.57065,3,24,0,0,1,1,2635.14,2867.74,4,7.46997
297963740,13,2615.04,695.084,24,5.22578,3.73841,3,24,0,0,0,0,,,,3.48703
297963740,14,2635.74,49150.7,1,51.0409,53.9602,3,24,0,0,1,1,2635.74,42356.6,1,48.7971
297963740,15,2616.52,23174.9,4,54.5246,50.8852,3,24,0,0,1,1,2616.53,20672.6,4,53.1031
297963740,16,2629.86,8054.74,8,28.9102,25.0115,3,24,0,0,1,1,2629.85,7230.63,8,27.5614
297963740,17,2611.1,568.903,16,3.1572,2.49829,3,24,0,0,0,0,,,,4.50933
297963740,18,2617.45,3771.66,16,20.9313,16.5629,3,24,0,0,1,1,2617.49,3537.9,16,19.514
297963740,19,2618.46,6846.92,2,10.0597,10.6305,3,24,0,0,1,1,2618.46,7952.66,1.5,11.0811
298663845,0,2613.18,1701.91,16,11.7826,11.6848,3,24,0,0,1,1,2613.14,1377.01,16,10.2842
298663845,1,2629.71,1460.65,4,4.90967,5.01419,3,24,0,0,0,0,,,,4.66293
298663845,2,2627.88,5551.39,4,18.6599,19.0571,3,24,0,0,1,1,2627.88,4729.89,4,17.5453
298663845,3,2615.93,3221.52,16,22.3031,22.118,3,24,0,0,1,1,2615.92,3129.39,16,23.1178
298663845,4,2628.38,8034.31,1,13.1781,13.7903,3,24,0,0,1,1,2628.39,7093.16,1,12.8574
298663845,5,2616.57,4564.7,16,31.6021,31.3399,3,24,0,0,1,1,2616.56,4242.83,16,30.2408
298663845,6,2634.03,29200.3,1,47.895,50.1202,3,24,0,0,1,1,2634.03,24673.8,1,45.0241
298663845,7,2610.91,5890.04,24,54.2953,49.5278,3,24,0,0,1,1,2611.1,4625.16,16,36.3652
298663845,8,2635.82,2477.92,1,4.06435,4.25318,3,24,0,0,0,0,,,,2.94708
298663845,9,2635.74,6002.88,8,26.7903,29.1427,3,24,0,0,1,1,2635.72,5874.16,6,24.1549
298663845,10,2628.06,18450.6,1,30.2631,31.6691,3,24,0,0,1,1,2628.06,15168.6,1,27.4566
298663845,11,2635.89,2021.55,16,13.9955,13.8794,3,24,0,0,0,0,,,,6.02313
298663845,12,2620.86,6335.48,16,43.8615,43.4976,3,24,0,0,1,1,2620.86,5821.36,16,42.009
298663845,13,2619.16,13260.4,4,44.5721,45.521,3,24,0,0,1,1,2619.16,11792.6,4,42.6171
298663845,14,2635.22,2049.06,24,18.8886,17.23,3,24,0,0,1,1,2635.15,2350.15,16,17.7243
298663845,15,2617.72,1074.82,16,7.44112,7.37939,3,24,0,0,0,0,,,,5.86096
298663845,16,2617.4,1011.2,8,4.51291,4.90918,3,24,0,0,0,0,,,,3.77933
298663845,17,2630.71,26240.9,2,59.84,63.6972,3,24,0,0,1,1,2630.71,23920.3,2,60.3646
298663845,18,2635.7,2745.13,16,19.005,18.8473,3,24,0,0,1,1,2635.6,2836.07,8,13.6965
298663845,19,2633.05,15814.5,2,36.0635,38.3881,3,24,0,0,1,1,2633.06,14411.4,2,36.269
302695855,0,2620.53,2109.28,16,8.69883,9.05821,3,24,0,0,0,0,,,,6.46352
302695855,1,2621.31,5232.52,8,14.0452,15.8893,3,24,0,0,1,1,2621.29,4488.9,8,13.1974
302695855,2,2616.1,17341.2,2,25.5508,26.3295,3,24,0,0,1,1,2616.09,18338.6,1.5,26.9876
302695855,3,2618.98,6819.71,1,7.47617,7.32175,3,24,0,0,0,0,,,,6.00648
302695855,4,2620.1,1257.69,24,7.62825,6.61498,3,24,0,0,0,0,,,,4.54162
302695855,5,2633.04,2180.91,4,4.13207,4.68291,3,24,0,0,0,0,,,,5.33577
302695855,6,2618.76,18202.2,4,34.487,39.0844,3,24,0,0,1,1,2618.76,15723.1,4,32.8081
302695855,7,2611.97,2287.97,8,6.14142,6.94776,3,24,0,0,1,1,2611.99,2627.66,8,7.54632
302695855,8,2634.84,14378.3,4,27.2419,30.8735,3,24,0,0,1,1,2634.84,12375.3,4,25.7126
302695855,9,2620.79,4283.51,2,6.31141,6.50375,3,24,0,0,0,0,,,,6.75114
302695855,10,2632.27,3202.47,24,19.4239,16.8438,3,24,0,0,1,1,2632.29,2925.62,24,13.0965
302695855,11,2635.58,24998.4,4,47.3634,53.6774,3,24,0,0,1,1,2635.57,26704.4,3,49.9866
302695855,12,2626.86,2251.76,2,3.31778,3.4189,3,24,0,0,0,0,,,,5.06677
302695855,13,2627.77,1003.59,24,6.08703,5.27848,3,24,0,0,0,0,,,,5.31495
302695855,14,2615.34,6590.62,16,27.1802,28.3032,3,24,0,0,1,1,2615.33,6513.25,12,23.1343
302695855,15,2632.7,3546.01,16,14.624,15.2282,3,24,0,0,1,1,2632.7,3377.09,16,13.0673
302695855,16,2615.85,2731.81,24,16.5692,14.3683,3,24,0,0,1,1,2615.89,2336.74,24,12.4002
302695855,17,2618.42,7296.31,2,10.7505,11.0781,3,24,0,0,1,1,2618.42,5669.16,2,9.19542
302695855,18,2628.29,7068.74,24,42.8739,37.1789,3,24,0,0,1,1,2628.29,6384.89,24,36.869
302695855,19,2628.01,30440.3,2,44.8513,46.2182,3,24,0,0,1,1,2628.01,30498,1.5,44.5882
307913685,0,2633.36,1000.69,24,9.96859,17.3761,3,24,0,0,0,0,,,,5.14272
307913685,1,2620.34,2304.46,16,17.8282,32.6721,3,24,0,0,1,1,2620.34,2153.01,16,17.0987
307913685,2,2614.63,7860.25,2,31.3737,39.4001,3,24,0,0,1,1,2614.63,7603.82,1.5,28.9026
307913685,3,2611.57,1613.12,24,16.0695,28.0104,3,24,0,0,0,0,,,,6.26332
307913685,4,2635.38,705.005,8,4.00906,7.06779,3,24,0,0,0,0,,,,3.77848
307913685,5,2613.72,630.018,24,6.27605,10.9397,3,24,0,0,0,0,,,,3.81639
307913685,6,2618.65,1999.9,16,15.4719,28.354,3,24,0,0,1,1,2618.63,1538.24,16,13.5916
307913685,7,2616.47,791.487,16,6.12323,11.2215,3,24,0,0,0,0,,,,5.54454
307913685,8,2632.88,1275.54,16,9.86806,18.0843,3,24,0,0,1,1,2632.89,1096.93,16,8.13333
307913685,9,2616.79,3684.49,8,20.9521,36.9376,3,24,0,0,1,1,2616.79,3735.29,6,21.8511
307913685,10,2620.82,2956.33,1,9.08271,10.4785,3,24,0,0,1,1,2620.82,2515.96,1,8.58568
307913685,11,2628.15,4599.63,24,45.8202,79.8685,3,24,0,0,1,1,2628.13,4340.25,24,46.4938
307913685,12,2627.04,1562.33,2,6.23593,7.83128,3,24,0,0,0,0,,,,4.67294
307913685,13,2615.95,1692.69,24,16.8621,29.392,3,24,0,0,1,1,2616.01,1337.71,24,13.2091
307913685,14,2621.05,989.16,8,5.62492,9.91649,3,24,0,0,0,0,,,,4.63466
307913685,15,2616.07,3485.35,4,17.3144,24.7072,3,24,0,0,1,1,2616.06,3373.53,3,17.2531
307913685,16,2615.35,784.3,24,7.81297,13.6187,3,24,0,0,0,0,,,,6.24445
307913685,17,2611.2,3296.62,24,32.84,57.2429,3,24,0,0,1,1,2611.21,3360.37,6,20.7414
307913685,18,2628.38,3725.52,4,18.5075,26.4097,3,24,0,0,1,1,2628.38,3895.5,3,19.7123
307913685,19,2617.27,901.42,24,8.97968,15.6523,3,24,0,0,0,0,,,,6.25995
311577173,0,2612.9,2190.82,4,4.34859,4.31793,3,24,0,0,0,0,,,,5.47362
311577173,1,2635.45,10058.4,1,10.454,9.91215,3,24,0,0,1,1,2635.45,6850.83,1,7.88049
311577173,2,2633.47,4043.58,16,18.956,15.9391,3,24,0,0,1,1,2633.5,3675.86,16,17.1009
311577173,3,2630.87,12212.2,2,17.7068,17.0196,3,24,0,0,1,1,2630.87,10770,2,17.0274
311577173,4,2620.06,7923.97,2,11.4891,11.0432,3,24,0,0,1,1,2620.06,7656.78,2,12.0781
311577173,5,2614.31,2607.14,16,12.2221,10.2769,3,24,0,0,1,1,2614.49,1985.19,24,12.8967
311577173,6,2634.7,2859.6,4,5.67606,5.63604,3,24,0,0,0,0,,,,4.04355
311577173,7,2616.63,6124.08,8,17.8637,17.0697,3,24,0,0,1,1,2616.62,5282.26,8,16.0506
311577173,8,2620.58,26146.8,2,37.9108,36.4395,3,24,0,0,1,1,2620.58,26616.9,1.5,36.6381
311577173,9,2633.3,2832.67,24,18.3028,13.6754,3,24,0,0,1,1,2633.33,2475.78,24,13.7796
311577173,10,2630.7,19007.6,4,37.7283,37.4623,3,24,0,0,1,1,2630.7,17088.3,4,36.9048
311577173,11,2634.09,9657.54,1,10.0373,9.51711,3,24,0,0,1,1,2634.08,7414.81,1,8.51199
311577173,12,2632.31,13774.3,2,19.9717,19.1966,3,24,0,0,1,1,2632.31,14167.2,1.5,19.5771
311577173,13,2635.31,8660.98,1,9.00159,8.53504,3,24,0,0,1,1,2635.3,7449.29,1,8.56998
311577173,14,2627.2,3725.26,1,3.87177,3.6711,3,24,0,0,0,0,,,,4.13589
311577173,15,2621.61,587.482,24,3.79592,2.83622,3,24,0,0,0,0,,,,1.99851
311577173,16,2613.4,4557.5,1,4.73674,4.49124,3,24,0,0,0,0,,,,5.16937
311577173,17,2633.22,17301.4,4,34.3417,34.0996,3,24,0,0,1,1,2633.21,15494.4,4,33.1768
311577173,18,2633.04,12112.7,4,24.0427,23.8732,3,24,0,0,1,1,2633.04,10979.9,4,23.7513
311577173,19,2612.11,3550.92,1,3.69057,3.49929,3,24,0,0,0,0,,,,4.52547
311577644,0,2621.4,1115.77,8,3.00263,19.5074,3,24,0,0,0,0,,,,3.40262
311577644,1,2620.36,2407.52,8,6.47884,42.0916,3,24,0,0,1,1,2620.3,2659.51,1.5,7.51196
311577644,2,2612.64,3430.95,1,8.71007,21.2077,3,24,0,0,1,1,2612.64,3797.48,1,10.7758
311577644,3,2620.61,8143.43,4,21.4431,100.674,3,24,0,0,1,1,2620.59,8227.71,1.5,23.496
311577644,4,2618.13,11920.5,8,32.079,208.41,3,24,0,0,1,1,2618.17,11866.1,1.5,33.7194
311577644,5,2615.81,20399.3,8,54.8963,356.649,3,24,0,0,1,1,2615.83,20710.6,6,60.5151
311577644,6,2611.67,20403.5,8,54.9075,356.722,3,24,0,0,1,1,2611.67,20489.5,6,59.308
311577644,7,2610.82,1737.6,8,4.67601,30.379,3,24,0,0,0,0,,,,2.08904
311577644,8,2627.85,18109.5,24,50.247,548.395,3,24,0,0,1,1,2627.92,18311.6,8,50.059
311577644,9,2632.24,1971.32,1,5.00456,12.1854,3,24,0,0,0,0,,,,3.97312
311577644,10,2630.09,21164.8,24,58.7243,640.916,3,24,0,0,1,1,2630.08,21840.2,12,62.0921
311577644,11,2611.89,9940.89,8,26.7518,173.8,3,24,0,0,1,1,2611.93,10675,1.5,30.4344
311577644,12,2633.22,7556.76,8,20.3359,132.118,3,24,0,0,1,1,2633.32,7216.43,1.5,20.706
311577644,13,2612.35,22182.2,2,57.9016,193.91,3,24,0,0,1,1,2612.35,23326.1,1.5,68.1985
311577644,14,2614.57,12033.6,1,30.5495,74.3835,3,24,0,0,1,1,2614.58,8878.45,1,22.9472
311577644,15,2614.03,1471.56,24,4.08302,44.562,3,24,0,0,0,0,,,,2.1602
311577644,16,2634.22,19802.8,8,53.2911,346.22,3,24,0,0,1,1,2634.22,20354.5,6,60.2695
311577644,17,2628.66,3893.82,8,10.4786,68.077,3,24,0,0,1,1,2628.65,3756.88,1.5,11.1089
311577644,18,2628.11,11178.3,1,28.3781,69.0964,3,24,0,0,1,1,2628.11,8985.06,1,25.0967
311577644,19,2616.79,13597.2,8,36.5911,237.724,3,24,0,0,1,1,2616.86,13890,1.5,39.2688
311626451,0,2629.42,7075.2,1,7.99398,7.94966,3,24,0,0,1,1,2629.42,6950.92,1,8.69094
311626451,1,2613.5,2335.9,16,9.86275,10.4984,3,24,0,0,0,0,,,,6.1841
311626451,2,2631.79,9267.9,4,19.7233,20.8267,3,24,0,0,1,1,2631.79,8047.88,4,18.4377
311626451,3,2615.79,45721.8,1,51.6592,51.3728,3,24,0,0,1,1,2615.79,38262.6,1,47.6188
311626451,4,2614.38,8839.58,24,48.6094,48.6572,3,24,0,0,1,1,2614.36,8085.29,24,37.6826
311626451,5,2629.72,2183.47,2,3.25339,3.46954,3,24,0,0,0,0,,,,3.39892
311626451,6,2629.84,8467.28,16,35.751,38.0552,3,24,0,0,1,1,2629.84,8434.25,12,32.4105
311626451,7,2618.09,4108.18,16,17.3458,18.4637,3,24,0,0,1,1,2618.08,4289.14,12,17.3248
311626451,8,2620.47,8002.31,1,9.04148,8.99136,3,24,0,0,1,1,2620.47,6724.74,1,8.35348
311626451,9,2620.86,6054.16,1,6.84035,6.80242,3,24,0,0,0,0,,,,6.19956
311626451,10,2620.11,666.776,24,3.66664,3.67025,3,24,0,0,0,0,,,,5.70543
311626451,11,2621.05,1059.6,8,3.29156,3.36741,3,24,0,0,0,0,,,,3.48926
311626451,12,2621.08,20675.8,4,44.0008,46.4625,3,24,0,0,1,1,2621.08,18433.3,4,42.1464
311626451,13,2617.82,723.044,16,3.05288,3.24963,3,24,0,0,0,0,,,,2.69811
311626451,14,2618.26,1982.62,24,10.9025,10.9133,3,24,0,0,1,1,2618.21,2063.66,24,11.365
311626451,15,2621.33,1356.54,24,7.45971,7.46704,3,24,0,0,0,0,,,,4.5756
311626451,16,2626.99,1516.61,8,4.71122,4.81978,3,24,0,0,0,0,,,,5.75536
311626451,17,2629.36,739.567,24,4.06693,4.07093,3,24,0,0,0,0,,,,3.17452
311626451,18,2630.15,1714.98,8,5.32744,5.4502,3,24,0,0,0,0,,,,4.67942
311626451,19,2615.62,3158.06,24,17.3664,17.3835,3,24,0,0,1,1,2615.62,3182.84,24,17.3324
311627439,0,2635.72,2657.15,8,45.1987,64.0421,3,24,0,0,1,1,2635.72,2653.47,6,42.0042
311627439,1,2628.33,3697.87,2,34.5058,44.5627,3,24,0,0,1,1,2628.33,3816.73,1.5,34.7718
311627439,2,2612.31,1246.92,8,21.2103,30.0529,3,24,0,0,1,1,2612.31,1162.61,8,20.466
311627439,3,2617.42,1339.31,24,35.5926,55.9102,3,24,0,0,1,1,2617.4,1398.99,16,31.5694
311627439,4,2627.65,704.326,16,15.2348,24.007,3,24,0,0,1,1,2627.65,701.464,12,14.1234
311627439,5,2611.5,890.5,24,23.6653,37.1744,3,24,0,0,1,1,2611.5,763.443,24,19.4031
311627439,6,2613.72,586.542,2,5.47317,7.06835,3,24,0,0,0,0,,,,5.23311
311627439,7,2613.44,1219.38,8,20.7419,29.3892,3,24,0,0,1,1,2613.45,1113.47,8,19.8751
311627439,8,2635.9,5530.8,1,39.5818,47.1294,3,24,0,0,0,0,,,,
311627439,9,2621.61,670.154,8,11.3995,16.1519,3,24,0,0,0,0,,,,4.37286
311627439,10,2618.38,232.674,8,3.95784,5.60786,3,24,0,0,0,0,,,,4.25104
311627439,11,2611.64,4932.7,2,46.0283,59.4434,3,24,0,0,1,1,2611.65,4370.7,2,44.7925
311627439,12,2630.68,241.674,4,3.09493,4.11873,3,24,0,0,0,0,,,,2.289
311627439,13,2616.34,694.25,4,8.89073,11.8318,3,24,0,0,1,1,2616.34,694.157,3,8.38947
311627439,14,2616.83,372.963,8,6.34418,8.98908,3,24,0,0,1,1,2616.81,544.195,6,9.11856
311627439,15,2611.2,878.524,2,8.19773,10.587,3,24,0,0,1,1,2611.2,928.36,1.5,8.46715
311627439,16,2626.88,885.533,4,11.3404,15.0917,3,24,0,0,1,1,2626.89,883.812,3,10.8212
311627439,17,2618.99,565.986,1,4.05054,4.82291,3,24,0,0,0,0,,,,4.97789
311627439,18,2620.08,140.266,16,3.03399,4.78096,3,24,0,0,0,0,,,,3.73603
311627439,19,2629.9,275.62,24,7.3247,11.5059,3,24,0,0,0,0,,,,3.99656
253037780,0,2614.96,20769.3,1,17.5463,17.8976,3,24,0,0,1,1,2614.97,17431.6,1,16.5845
253037780,1,2632.31,9714.94,8,21.9068,23.6787,3,24,0,0,1,1,2632.33,9863.49,8,24.8243
253037780,2,2628.37,5648.63,8,12.7375,13.7677,3,24,0,0,1,1,2628.37,5811.68,6,12.1613
253037780,3,2626.35,13945.4,2,16.0926,16.9949,3,24,0,0,1,1,2626.35,14863.6,2,19.4792
253037780,4,2614.13,4581.3,4,7.35068,7.89573,3,24,0,0,1,0,2614.13,4514.95,4,7.53346
253037780,5,2617.97,869.527,24,3.50148,3.67081,3,24,0,0,0,0,,,,4.0364
253037780,6,2612.41,3629.74,2,4.18862,4.42348,3,24,0,0,0,0,,,,4.29198
253037780,7,2618.65,4586.52,8,10.3424,11.179,3,24,0,0,1,1,2618.66,4358.15,8,9.94285
253037780,8,2611.6,9085.41,8,20.4873,22.1444,3,24,0,0,1,1,2611.59,7720.67,8,18.0007
253037780,9,2613.97,4543.62,16,14.2387,15.6616,3,24,0,0,1,1,2613.91,5160.13,12,15.3328
253037780,10,2627.34,4853.18,4,7.78691,8.3643,3,24,0,0,1,1,2627.34,4543.17,4,8.0723
253037780,11,2611.25,16618.8,2,19.1776,20.2529,3,24,0,0,1,1,2611.25,15348.3,2,19.9494
253037780,12,2628.19,44451.4,1,37.5535,38.3053,3,24,0,0,1,1,2628.19,39004.5,1,37.2573
253037780,13,2615.07,3234.44,2,3.73246,3.94174,3,24,0,0,0,0,,,,3.50404
253037780,14,2611.5,12650.8,8,28.527,30.8344,3,24,0,0,1,1,2611.51,11029,8,25.9562
253037780,15,2631.9,14050,2,16.2133,17.1224,3,24,0,0,1,1,2631.9,13824.3,2,17.6576
253037780,16,2632.38,5046.2,8,11.379,12.2994,3,24,0,0,1,1,2632.39,5878.66,8,14.3642
253037780,17,2634.54,2895.82,8,6.52997,7.05813,3,24,0,0,0,0,,,,5.77863
253037780,18,2620.75,21474.5,8,48.4242,52.341,3,24,0,0,1,1,2620.76,19793.7,8,45.9608
253037780,19,2616.61,17838.8,4,28.6224,30.7447,3,24,0,0,1,1,2616.61,15533.9,4,27.478
253037847,0,2615.61,4838.06,4,10.8016,11.4698,3,24,0,0,1,1,2615.6,4351.12,4,10.4422
253037847,1,2628.65,13154.2,2,19.8788,22.0514,3,24,0,0,1,1,2628.65,14081.2,1.5,20.4236
253037847,2,2627.51,10095.3,4,22.539,23.9334,3,24,0,0,1,1,2627.51,9340.5,4,22.5349
253037847,3,2612.25,960.043,24,5.82151,5.57507,3,24,0,0,0,0,,,,6.64539
253037847,4,2635.93,4541.33,4,10.1391,10.7663,3,24,0,0,0,0,,,,
253037847,5,2618.77,1704.45,4,3.80539,4.04081,3,24,0,0,0,0,,,,3.02374
253037847,6,2615.45,1405.86,4,3.13876,3.33293,3,24,0,0,0,0,,,,3.82572
253037847,7,2627.54,1323.39,8,4.86126,4.43698,3,24,0,0,0,0,,,,4.66376
253037847,8,2617.26,17590.7,4,39.2735,41.7031,3,24,0,0,1,1,2617.27,16150.8,4,38.733
253037847,9,2613.58,5437.6,16,30.2002,25.7823,3,24,0,0,1,1,2613.63,5323.04,12,27.2456
253037847,10,2629.04,6904.98,4,15.4162,16.3699,3,24,0,0,1,1,2629.05,5159.24,4,12.7281
253037847,11,2615.49,5783.51,1,6.24088,6.85561,3,24,0,0,0,0,,,,6.44026
253037847,12,2616.31,3793.94,24,23.0057,22.0318,3,24,0,0,1,1,2616.24,3752.39,16,18.573
253037847,13,2621.6,4898.5,24,29.7036,28.4461,3,24,0,0,1,1,2621.29,4929.25,8,19.6384
253037847,14,2634.73,2766.56,2,4.18085,4.63777,3,24,0,0,0,0,,,,5.4354
253037847,15,2611.08,23621.9,1,25.49,28.0007,3,24,0,0,1,1,2611.08,20451.6,1,24.5095
253037847,16,2627.26,4209.92,8,15.4645,14.1148,3,24,0,0,1,1,2627.28,3762.88,8,14.3285
253037847,17,2615.27,10536.9,8,38.7055,35.3274,3,24,0,0,1,1,2615.27,9425.29,8,36.1256
253037847,18,2610.68,23962.1,2,36.2118,40.1693,3,24,0,0,1,1,2610.68,21907.9,1.5,31.9174
253037847,19,2633.25,9440.21,1,10.1868,11.1902,3,24,0,0,1,1,2633.25,7598.93,1,9.0427
253049952,0,2618.61,2698.21,8,6.50697,7.13179,3,24,0,0,0,0,,,,6.31499
253049952,1,2626.52,14097.2,8,33.9965,37.261,3,24,0,0,1,1,2626.52,12724.7,8,32.4772
253049952,2,2630.86,17267.1,2,21.3415,22.8198,3,24,0,0,1,1,2630.87,16902.9,1.5,20.288
253049952,3,2635.05,742.97,24,3.45059,3.40137,3,24,0,0,0,0,,,,5.06831
253049952,4,2632.08,16046,1,13.9685,14.9949,3,24,0,0,1,1,2632.08,13649.5,1,13.1868
253049952,5,2634.47,6713.18,4,11.231,12.5469,3,24,0,0,1,1,2634.48,5954.96,4,11.0447
253049952,6,2626.97,1645.75,24,7.6434,7.53439,3,24,0,0,0,0,,,,4.98433
253049952,7,2630.13,7291.35,8,17.5837,19.2722,3,24,0,0,1,1,2630.14,6757.17,8,17.1462
253049952,8,2611.56,33689.1,2,41.6385,44.5228,3,24,0,0,1,1,2611.56,33523.5,1.5,40.1248
253049952,9,2630.03,26634.1,4,44.5585,49.779,3,24,0,0,1,1,2630.04,24191.2,4,43.7042
253049952,10,2629.81,28769,4,48.1301,53.7691,3,24,0,0,1,1,2629.81,26656.4,4,48.1138
253049952,11,2632.97,37981.3,2,46.9435,50.1952,3,24,0,0,1,1,2632.97,38760.9,1.5,46.6373
253049952,12,2617.19,3791.82,2,4.68655,5.01119,3,24,0,0,0,0,,,,5.92946
253049952,13,2612.17,851.031,24,3.95246,3.89609,3,24,0,0,0,0,,,,3.80187
253049952,14,2634.39,7749.05,1,6.74576,7.24146,3,24,0,0,0,0,,,,5.73274
253049952,15,2633.66,35330.9,1,30.7565,33.0166,3,24,0,0,1,1,2633.67,29169.1,1,28.2603
253049952,16,2633.93,2621.27,4,4.38535,4.89914,3,24,0,0,0,0,,,,4.5534
253049952,17,2611.13,1016.81,24,4.72237,4.65502,3,24,0,0,0,0,,,,2.06799
253049952,18,2618.17,7463.07,24,34.6609,34.1665,3,24,0,0,1,1,2618.18,6845.83,24,32.7023
253049952,19,2627.13,15874.9,1,13.8195,14.835,3,24,0,0,1,1,2627.13,15122.2,1,14.6096
253056869,0,2628.67,4852.3,16,31.5745,48.8082,0.5,4,1,0,0,0,,,,4.22607
253056869,1,2616.55,6736.7,16,43.8365,67.7629,0.5,4,1,0,0,0,,,,5.87502
253056869,2,2616.54,5306.94,2,12.7721,18.8732,0.5,4,1,0,1,1,2616.54,5337.97,1.5,13.0041
253056869,3,2619.76,15714.7,2,37.8202,55.8866,0.5,4,1,0,1,1,2619.76,15964.8,1.5,38.3478
253056869,4,2611.51,3008.49,2,7.24043,10.6991,0.5,4,1,0,0,0,,,,5.41758
253056869,5,2612.49,834.196,8,4.04255,5.93333,0.5,4,1,0,0,0,,,,1.79398
253056869,6,2617.58,1367.78,2,3.2918,4.86426,0.5,4,1,0,0,0,,,,3.97654
253056869,7,2626.29,1279.92,8,6.20254,9.10358,0.5,4,1,0,0,0,,,,3.76019
253056869,8,2627.49,3548.6,24,25.3139,43.7168,0.5,4,1,0,0,0,,,,4.23309
253056869,9,2612.44,5156.4,16,33.5533,51.8671,0.5,4,1,0,0,0,,,,4.42959
253056869,10,2611.94,7909.42,2,19.0354,28.1284,0.5,4,1,0,1,1,2611.95,8403.06,1.5,20.4337
253056869,11,2619.56,11279.9,1,21.8675,28.3656,0.5,4,1,0,1,1,2619.56,9090.71,1,19.3376
253056869,12,2633.27,573.122,24,4.08835,7.06054,0.5,4,1,0,0,0,,,,2.99339
253056869,13,2615.29,8566.76,2,20.6174,30.4661,0.5,4,1,0,1,1,2615.29,10594.5,1.5,25.8475
253056869,14,2631.59,5182.99,4,16.3282,26.0673,0.5,4,1,0,1,1,2631.6,4798.64,3,14.5771
253056869,15,2614.25,7355.44,24,52.4698,90.6149,0.5,4,1,0,0,0,,,,5.52712
253056869,16,2619.44,9004.86,8,43.638,64.0482,0.5,4,1,0,1,1,2619.51,7307.95,4,24.0134
253056869,17,2635.57,10871.8,2,26.1649,38.6636,0.5,4,1,0,1,1,2635.57,10868.6,1.5,26.3771
253056869,18,2633.59,15357.5,4,48.3815,77.2387,0.5,4,1,0,1,1,2633.58,14993.1,3,45.5893
253056869,19,2616.85,21476.8,1,41.6352,54.0075,0.5,4,1,0,1,1,2616.85,17087.9,1,36.3469
313109288,0,2611.36,1771.64,24,12.0846,11.3534,3,24,0,0,0,0,,,,6.60239
313109288,1,2616.84,2491.27,16,15.5233,13.0354,3,24,0,0,1,1,2616.86,2292.04,16,13.6636
313109288,2,2626.41,2147.04,4,6.05933,5.61712,3,24,0,0,0,0,,,,4.66463
313109288,3,2613.21,26466.2,2,53.5211,48.9611,3,24,0,0,1,1,2613.2,23220.8,2,51.4538
313109288,4,2618.6,1765.68,2,3.57063,3.26642,3,24,0,0,0,0,,,,4.16659
313109288,5,2633,1513.71,24,10.3252,9.70045,3,24,0,0,0,0,,,,4.97048
313109288,6,2627.05,3168.3,2,6.40707,5.86119,3,24,0,0,1,1,2627.05,3982.73,1.5,7.66961
313109288,7,2628.06,2214.45,1,3.12234,2.89675,3,24,0,0,0,0,,,,2.58082
313109288,8,2618.3,6430.08,8,24.8617,23.7906,3,24,0,0,1,1,2618.28,5799.87,8,23.3294
313109288,9,2620.47,1682.93,24,11.4795,10.7849,3,24,0,0,1,1,2620.63,1900.65,16,12.6095
313109288,10,2631.33,1651.45,8,6.38527,6.11018,3,24,0,0,0,0,,,,5.7467
313109288,11,2633.82,5928.74,24,40.4407,37.9938,3,24,0,0,1,1,2633.81,5400.07,24,35.1319
313109288,12,2632.62,5202.3,16,32.4158,27.2207,3,24,0,0,1,1,2632.63,4611.02,16,28.5469
313109288,13,2613.02,3290.29,16,20.5019,17.2162,3,24,0,0,1,1,2612.96,2654.4,16,16.5432
313109288,14,2626.23,5394.18,4,15.2234,14.1124,3,24,0,0,1,1,2626.26,5088.45,2,11.2644
313109288,15,2616.48,984.199,24,6.71335,6.30714,3,24,0,0,0,0,,,,4.81371
313109288,16,2635.98,5895.77,4,16.6389,15.4246,3,24,0,0,0,0,,,,
313109288,17,2616.47,4895.35,1,6.90236,6.40366,3,24,0,0,0,0,,,,5.31135
313109288,18,2612.58,7605.82,8,29.4077,28.1407,3,24,0,0,1,1,2612.58,7916.47,6,28.7931
313109288,19,2631.01,2203.72,2,4.45646,4.07677,3,24,0,0,0,0,,,,4.04733
316386097,0,2610.91,823.391,24,9.06961,7.34695,3,24,0,0,0,0,,,,3.99301
316386097,1,2612.33,16267.9,1,28.2667,29.6296,3,24,0,0,1,1,2612.34,13610.4,1,26.1821
316386097,2,2613.33,11983.8,4,44.9796,43.6535,3,24,0,0,1,1,2613.33,10868.1,4,44.0747
316386097,3,2633.94,3611.8,4,13.5564,13.1567,3,24,0,0,1,1,2633.95,3358.11,4,13.588
316386097,4,2614.91,1307.05,2,3.3992,3.3667,3,24,0,0,0,0,,,,5.3358
316386097,5,2612.42,10334.3,1,17.9567,18.8225,3,24,0,0,1,1,2612.42,8927.97,1,17.1953
316386097,6,2629.61,5270.15,2,13.7059,13.5748,3,24,0,0,1,1,2629.62,4982.57,2,14.2093
316386097,7,2618.38,5234.33,2,13.6127,13.4825,3,24,0,0,1,1,2618.39,4179.81,2,11.9728
316386097,8,2619.12,3127.9,4,11.7402,11.3941,3,24,0,0,1,1,2619.13,3150.29,4,13.1177
316386097,9,2620.8,1807.49,16,15.0541,13.1684,3,24,0,0,1,1,2620.81,1851.82,16,16.5208
316386097,10,2613.82,24941.9,1,43.3385,45.4281,3,24,0,0,1,1,2613.82,21099.2,1,40.528
316386097,11,2613.28,354.474,24,3.90452,3.1629,3,24,0,0,0,0,,,,3.22119
316386097,12,2629.02,393.577,16,3.27799,2.86738,3,24,0,0,0,0,,,,3.14957
316386097,13,2626.5,358.399,24,3.94775,3.19792,3,24,0,0,0,0,,,,4.77439
316386097,14,2626.89,4825.2,16,40.1877,35.1537,3,24,0,0,1,1,2626.87,4473.2,16,38.9496
316386097,15,2614,841.887,8,4.6076,4.33705,3,24,0,0,1,1,2613.99,1414.2,6,7.24293
316386097,16,2610.42,1405.87,24,15.4856,12.5443,3,24,0,0,0,0,,,,4.54001
316386097,17,2620.19,1452.97,24,16.0044,12.9645,3,24,0,0,1,1,2620.19,1303.96,24,14.2079
316386097,18,2610.94,1014.28,4,3.80699,3.69475,3,24,0,0,0,0,,,,5.0922
316386097,19,2630.13,1688.69,16,14.0646,12.3028,3,24,0,0,1,1,2630.14,1776.44,12,12.5177
318359209,0,2617.36,2539.46,16,11.3615,8.7953,3,24,0,0,1,1,2617.38,2410.34,16,11.1128
318359209,1,2618.07,12683.9,16,56.7476,43.93,3,24,0,0,1,1,2618.08,11828.2,16,56.3435
318359209,2,2627.76,19566.2,8,52.9078,47.9183,3,24,0,0,1,1,2627.76,17576.2,8,50.5672
318359209,3,2617.13,6686.27,4,12.2441,11.5788,3,24,0,0,1,1,2617.13,5494.68,4,10.9879
318359209,4,2634.16,1936.31,8,5.23586,4.74209,3,24,0,0,1,1,2634.15,2720.1,8,7.75999
318359209,5,2618.76,9869.96,16,44.1582,34.1842,3,24,0,0,1,1,2618.76,8393.8,16,37.504
318359209,6,2612.08,6101.85,4,11.1739,10.5667,3,24,0,0,1,1,2612.09,5253.97,4,10.3413
318359209,7,2614.61,2502.79,4,4.58319,4.33414,3,24,0,0,0,0,,,,4.24372
318359209,8,2631.98,4337.37,24,25.1839,18.3985,3,24,0,0,1,1,2631.99,3808.05,24,18.1649
318359209,9,2611.7,6792.84,4,12.4393,11.7634,3,24,0,0,1,1,2611.7,5602.3,4,11.2629
318359209,10,2612.79,5312.71,1,4.54927,4.60008,3,24,0,0,0,0,,,,4.74297
318359209,11,2614.81,5542.34,8,14.9867,13.5734,3,24,0,0,1,1,2614.83,5258.84,6,11.0268
318359209,12,2619.49,5047.7,24,29.3083,21.4116,3,24,0,0,1,1,2619.49,4506.24,24,24.4348
318359209,13,2631.37,4532.16,8,12.2551,11.0994,3,24,0,0,1,1,2631.38,3780.48,8,10.8324
318359209,14,2616.8,10688,4,19.5723,18.5087,3,24,0,0,1,1,2616.81,9168.73,4,18.306
318359209,15,2634.59,7841.07,16,35.081,27.1572,3,24,0,0,1,1,2634.61,7826.07,16,34.1015
318359209,16,2612.26,16147.7,8,43.664,39.5462,3,24,0,0,1,1,2612.26,14927.4,8,43.5184
318359209,17,2619.64,2503.02,16,11.1985,8.6691,3,24,0,0,1,1,2619.65,2602.23,16,11.4446
318359209,18,2613.67,3324.53,24,19.3031,14.1022,3,24,0,0,1,1,2613.61,2825.36,24,15.2613
318359209,19,2611.05,2204.13,8,5.96006,5.39799,3,24,0,0,0,0,,,,4.19116
331957254,0,2613.53,7302.02,2,14.5075,16.206,3,24,0,0,1,1,2613.53,7100.67,2,15.5751
331957254,1,2629.65,21670.8,2,43.055,48.0958,3,24,0,0,1,1,2629.64,19156.5,2,42.2158
331957254,2,2634.77,1239.34,4,3.53705,3.8899,3,24,0,0,0,0,,,,3.52825
331957254,3,2616.11,1046.6,8,4.63784,4.64564,3,24,0,0,0,0,,,,4.38218
331957254,4,2621.13,3811.4,1,5.387,5.98139,3,24,0,0,0,0,,,,6.50973
331957254,5,2619.18,7830.27,16,51.7271,49.1535,3,24,0,0,1,1,2619.18,7368.08,16,55.5095
331957254,6,2633.63,6659.9,16,43.9956,41.8067,3,24,0,0,1,1,2633.64,5990.64,16,40.1959
331957254,7,2621.04,3397.38,4,9.69605,10.6633,3,24,0,0,1,1,2621.06,3118.18,4,9.56172
331957254,8,2631.81,770.021,8,3.41221,3.41795,3,24,0,0,0,0,,,,5.46865
331957254,9,2613.24,2920.26,8,12.9406,12.9624,3,24,0,0,1,1,2613.23,2582.6,8,11.9222
331957254,10,2613.31,5306.54,24,46.78,40.7976,3,24,0,0,1,1,2613.31,4813.22,24,35.3058
331957254,11,2634.97,11085.3,2,22.024,24.6026,3,24,0,0,1,1,2634.97,10747.3,1.5,20.3884
331957254,12,2610.75,996.126,16,6.58045,6.25305,3,24,0,0,0,0,,,,5.06988
331957254,13,2633.59,683.108,16,4.51264,4.28812,3,24,0,0,0,0,,,,3.689
331957254,14,2618.44,3400.27,2,6.75557,7.5465,3,24,0,0,0,0,,,,6.26355
331957254,15,2616.27,8745.46,8,38.7539,38.8191,3,24,0,0,1,1,2616.27,7983.35,8,36.5997
331957254,16,2618.14,3290.9,8,14.583,14.6075,3,24,0,0,1,1,2618.15,2802.18,8,13.3138
331957254,17,2620.27,2030.17,24,17.897,15.6083,3,24,0,0,1,1,2620.3,1425.82,24,13.6675
331957254,18,2617.88,420.316,24,3.70531,3.23146,3,24,0,0,0,0,,,,3.80865
331957254,19,2629.97,15849.4,1,22.4013,24.8731,3,24,0,0,1,1,2629.97,13142.9,1,20.5326
371491117,0,2615.18,7049.12,8,54.7725,55.2288,3,24,0,0,1,1,2615.17,6354.86,8,50.8041
371491117,1,2612.44,1083.87,4,5.69029,6.00475,3,24,0,0,0,0,,,,6.71326
371491117,2,2617.63,2389.53,1,6.48279,6.61908,3,24,0,0,1,1,2617.65,1954.6,1.5,7.56314
371491117,3,2619.17,2274.17,2,9.05044,8.90889,3,24,0,0,1,1,2619.17,2165.04,2,9.46602
371491117,4,2614.38,1264.35,16,12.4266,14.0092,3,24,0,0,1,1,2614.33,1367.04,12,12.351
371491117,5,2632.95,1959.59,16,19.2597,21.7126,3,24,0,0,1,1,2632.97,1836.36,16,19.6944
371491117,6,2615.24,1512.59,8,11.753,11.8509,3,24,0,0,1,1,2615.23,1339.55,8,10.8766
371491117,7,2616.83,875.125,16,8.6011,9.69653,3,24,0,0,1,1,2616.83,822.798,16,8.17457
371491117,8,2626.68,6870.9,8,53.3877,53.8325,3,24,0,0,1,1,2626.69,6937.16,6,51.0788
371491117,9,2613.92,2574.24,1,6.98392,7.13075,3,24,0,0,0,0,,,,4.78475
371491117,10,2615.24,3191.81,2,12.7024,12.5037,3,24,0,0,1,1,2615.24,2627.5,2,11.5418
371491117,11,2633.7,3883.94,1,10.5371,10.7587,3,24,0,0,1,1,2633.69,3312.35,1,9.94019
371491117,12,2618.31,601.105,8,4.67066,4.70957,3,24,0,0,0,0,,,,3.87073
371491117,13,2613.95,1638.85,1,4.44621,4.53969,3,24,0,0,0,0,,,,2.73555
371491117,14,2633.38,509.397,16,5.00657,5.6442,3,24,0,0,0,0,,,,6.07896
371491117,15,2627.91,366.411,16,3.60124,4.05989,3,24,0,0,0,0,,,,3.5323
371491117,16,2632.66,1289.73,24,17.5913,17.5021,3,24,0,0,1,1,2632.72,1073.67,24,14.559
371491117,17,2628.67,880.013,24,12.0029,11.9421,3,24,0,0,0,0,,,,6.18764
371491117,18,2614.97,468.023,8,3.63659,3.66689,3,24,0,0,0,0,,,,3.48723
371491117,19,2631.63,2875.81,2,11.4448,11.2658,3,24,0,0,1,1,2631.63,2532.32,2,11.0177
373634172,0,2631.07,1267.21,2,3.13557,3.0457,3,24,0,0,0,0,,,,4.09947
373634172,1,2631.7,1276.46,16,8.1976,8.67742,3,24,0,0,0,0,,,,5.05821
373634172,2,2611.3,3676.14,1,6.54993,6.24765,3,24,0,0,0,0,,,,5.22211
373634172,3,2616.55,2637.97,4,9.30527,8.96653,3,24,0,0,1,1,2616.54,2461.99,4,9.54333
373634172,4,2635.02,4036.14,4,14.2372,13.719,3,24,0,0,1,1,2635.01,3596.49,4,13.7973
373634172,5,2634.54,18546.7,2,45.8919,44.5766,3,24,0,0,1,1,2634.54,17408.4,2,47.9678
373634172,6,2612.6,8044.2,1,14.3327,13.6712,3,24,0,0,1,1,2612.61,5240.51,1,10.2947
373634172,7,2620.04,1466.45,8,6.93876,7.04916,3,24,0,0,0,0,,,,6.20661
373634172,8,2617.72,8206.78,1,14.6223,13.9475,3,24,0,0,1,1,2617.72,6870.44,1,13.5177
373634172,9,2610.41,1129.02,24,11.703,9.40012,3,24,0,0,0,0,,,,5.18931
373634172,10,2631.42,3135.42,8,14.8357,15.0718,3,24,0,0,1,1,2631.4,3259.16,6,14.7804
373634172,11,2629.58,3416.72,8,16.1668,16.424,3,24,0,0,1,1,2629.61,3246.66,6,15.2819
373634172,12,2616.56,3806.94,8,18.0132,18.2998,3,24,0,0,1,1,2616.58,3900.33,6,18.1225
373634172,13,2618.26,15267.6,2,37.7782,36.6953,3,24,0,0,1,1,2618.26,13859.7,2,37.8038
373634172,14,2616.45,2423.54,24,25.1214,20.1781,3,24,0,0,1,1,2616.45,2267.95,24,21.1764
373634172,15,2635.07,5228.69,4,18.4439,17.7724,3,24,0,0,1,1,2635.07,4712.9,4,18.0941
373634172,16,2632.44,12007.1,8,56.8135,57.7175,3,24,0,0,1,1,2632.45,12225.3,6,56.0429
373634172,17,2618.69,2011.53,4,7.09554,6.83724,3,24,0,0,0,0,,,,5.74974
373634172,18,2621.25,1318.87,16,8.47001,8.96578,3,24,0,0,0,0,,,,5.84149
373634172,19,2635.9,2383.96,2,5.89887,5.72979,3,24,0,0,0,0,,,,
376848517,0,2617.58,1577.05,2,4.93351,5.02377,3,24,0,0,0,0,,,,6.47224
376848517,1,2618.38,5441.57,1,12.2484,12.2572,3,24,0,0,1,1,2618.37,4580.18,1,11.3972
376848517,2,2617.95,5547.76,24,53.0455,61.2197,3,24,0,0,1,1,2617.96,5191.03,24,53.2704
376848517,3,2626.09,20682.3,1,46.5535,46.5872,3,24,0,0,0,0,,,,
376848517,4,2621.61,1073.25,4,4.57538,4.83505,3,24,0,0,0,0,,,,
376848517,5,2612.23,14932.3,2,46.7127,47.5674,3,24,0,0,1,1,2612.22,13064.6,2,45.1584
376848517,6,2615.07,3660.63,2,11.4516,11.6611,3,24,0,0,1,1,2615.07,3661.32,1.5,10.9817
376848517,7,2611.57,656.824,8,3.41365,4.18468,3,24,0,0,0,0,,,,3.8078
376848517,8,2630.91,5092.3,4,21.7089,22.941,3,24,0,0,1,1,2630.92,5108.57,3,21.8536
376848517,9,2632.55,17055.8,1,38.3908,38.4185,3,24,0,0,1,1,2632.55,14100.4,1,35.3162
376848517,10,2626.13,903.298,24,8.63698,9.96792,3,24,0,0,0,0,,,,4.09289
376848517,11,2631.72,6009.83,2,18.8006,19.1446,3,24,0,0,1,1,2631.72,6359.6,1.5,19.1513
376848517,12,2616.17,6274.89,16,44.2473,56.5372,3,24,0,0,1,1,2616.18,5808.33,16,43.2872
376848517,13,2632.09,500.431,24,4.78492,5.52227,3,24,0,0,0,0,,,,3.63323
376848517,14,2619.86,1345.75,16,9.48955,12.1253,3,24,0,0,1,1,2619.87,1569.21,12,10.8676
376848517,15,2631.9,4993.33,16,35.2104,44.9903,3,24,0,0,1,1,2631.89,4913.72,12,32.1327
376848517,16,2612.73,478.532,16,3.37436,4.3116,3,24,0,0,0,0,,,,3.89666
376848517,17,2630.65,2320.06,16,16.3599,20.9039,3,24,0,0,1,1,2630.65,2205.72,16,15.9365
376848517,18,2628.84,2768.6,8,14.389,17.639,3,24,0,0,1,1,2628.82,2619.09,6,13.5032
376848517,19,2630.77,1032.98,4,4.40369,4.65361,3,24,0,0,0,0,,,,5.69036
377368438,0,2617.51,18225.2,8,59.759,57.1126,3,24,0,0,1,1,2617.51,16869.8,8,59.6459
377368438,1,2632.99,3091.11,8,10.1355,9.68666,3,24,0,0,1,1,2633,3469.9,8,12.2296
377368438,2,2632.92,18429.3,2,28.7942,28.8761,3,24,0,0,1,1,2632.92,17291.1,2,29.6954
377368438,3,2617.14,3010.26,24,17.9858,16.3389,3,24,0,0,1,1,2617.18,2669.84,24,16.3534
377368438,4,2617.04,6045.84,4,14.1967,13.3968,3,24,0,0,1,1,2617.04,6041.68,3,13.4498
377368438,5,2616.11,3755.54,2,5.86771,5.8844,3,24,0,0,0,0,,,,5.79513
377368438,6,2626.45,1401.95,24,8.37637,7.60941,3,24,0,0,1,1,2626.72,3088.68,8,11.5289
377368438,7,2614.15,47077.4,1,51.0018,52.1586,3,24,0,0,1,1,2614.15,40369.9,1,48.3599
377368438,8,2628.62,10757.2,2,16.8073,16.8551,3,24,0,0,1,1,2628.62,9251.33,2,15.9558
377368438,9,2619.96,6019.89,16,27.6984,26.6786,3,24,0,0,1,1,2619.96,5415.47,16,25.039
377368438,10,2632.74,26336.1,2,41.1479,41.2649,3,24,0,0,1,1,2632.73,23457,2,39.9778
377368438,11,2635.84,18735.6,4,43.9946,41.5156,3,24,0,0,1,1,2635.81,18317.4,2,31.7196
377368438,12,2631.47,2556.59,16,11.7633,11.3302,3,24,0,0,1,1,2631.44,2094.36,16,10.4418
377368438,13,2633.81,17470.1,4,41.0229,38.7114,3,24,0,0,1,1,2633.81,18181.6,3,40.7203
377368438,14,2632.47,3178.75,16,14.6259,14.0874,3,24,0,0,1,1,2632.49,2990.63,16,14.6095
377368438,15,2630.65,17811.4,8,58.402,55.8157,3,24,0,0,1,1,2630.65,15961.4,8,52.8245
377368438,16,2612.21,5920.06,8,19.4114,18.5518,3,24,0,0,1,1,2612.22,5001.11,8,17.5286
377368438,17,2618.91,2943.22,1,3.18858,3.2609,3,24,0,0,0,0,,,,2.98403
377368438,18,2617.65,12725.1,16,58.5499,56.3942,3,24,0,0,1,1,2617.65,11998,16,61.7336
377368438,19,2613.27,2844.78,4,6.68007,6.30367,3,24,0,0,0,0,,,,5.2184
334780159,0,2613.04,4357.44,1,7.72169,9.09947,1.5,12,1,0,1,1,2613.04,3735.88,1,7.34528
334780159,1,2626.15,2062.42,2,4.41422,6.09082,1.5,12,1,0,0,0,,,,3.14833
334780159,2,2627.32,1618.43,4,4.27775,6.75943,1.5,12,1,0,0,0,,,,4.1499
334780159,3,2613.41,5333.24,24,19.4687,54.5609,3,24,0,0,0,0,,,,3.27867
334780159,4,2628.33,2021.87,1,3.5829,4.22219,1.5,12,1,0,0,0,,,,3.07313
334780159,5,2616.05,1149.07,16,3.81932,9.59822,1.5,12,1,0,0,0,,,,3.47658
334780159,6,2630.16,1976.8,16,6.57057,16.5123,1.5,12,1,0,0,0,,,,4.26013
334780159,7,2616.41,1794.91,8,5.32173,10.6016,1.5,12,1,0,0,0,,,,4.26156
334780159,8,2612.9,1979.09,8,5.86779,11.6895,3,24,0,0,0,0,,,,1.30538
334780159,9,2613.8,19707.7,8,58.4312,116.403,1.5,12,1,0,1,1,2613.82,19216.9,6,56.6395
334780159,10,2625.71,7147.83,2,15.2986,21.1093,1.5,12,1,0,1,1,2625.71,7477.59,1.5,16.1516
334780159,11,2612.21,900.198,24,3.28612,9.20934,1.5,12,1,0,0,0,,,,2.76785
334780159,12,2635.3,10055.6,1,17.8193,20.9987,1.5,12,1,0,1,1,2635.3,8597.4,1,16.9431
334780159,13,2634.78,2096.55,2,4.48728,6.19163,1.5,12,1,0,0,0,,,,6.42952
334780159,14,2631.59,2040.1,2,4.36646,6.02493,1.5,12,1,0,0,0,,,,4.75084
334780159,15,2613.23,12230.4,24,44.6462,125.121,3,24,0,0,1,1,2613.32,9580.86,16,13.425
334780159,16,2621.36,3625.98,8,10.7507,21.4168,1.5,12,1,0,1,1,2621.38,3650.22,6,11.5745
334780159,17,2627.89,9086,24,33.1679,92.9529,1.25,10,1,0,1,1,2627.57,4157.13,6,15.1116
334780159,18,2617.09,10788.4,16,35.8588,90.1157,2.5,20,1,0,1,1,2617.12,9690.58,12,15.7673
334780159,19,2635.67,19004.7,8,56.3471,112.251,3,24,0,0,1,1,2635.68,15856.3,6,20.638
336006040,0,2634.09,1411.17,4,6.54976,8.56785,3,24,0,1,1,1,2634.09,1653.58,4,8.33459
336006040,1,2627.94,7794.58,16,53.1651,94.6489,3,24,0,1,1,1,2628.14,7956.93,4,40.2271
336006040,2,2614.43,2074.87,4,9.63023,12.5975,3,24,0,1,1,1,2614.42,2145.97,4,10.9546
336006040,3,2631.72,403.62,24,3.60442,6.00262,3,24,0,1,0,0,,,,3.55781
336006040,4,2619.25,760.144,4,3.52811,4.61518,3,24,0,1,0,0,,,,3.77548
336006040,5,2635.92,658.423,4,3.05598,3.99758,3,24,0,1,0,0,,,,
336006040,6,2620.59,18426,1,10.7779,55.9364,3,24,0,1,1,1,2620.59,4067.38,4,20.642
336006040,7,2635.95,1593.95,4,7.39812,9.67761,3,24,0,1,0,0,,,,
336006040,8,2634.74,6488.38,24,57.9428,96.495,3,24,0,1,1,1,2634.71,5952.5,24,55.9108
336006040,9,2615.14,50000,1,29.2464,151.786,3,24,0,1,0,0,,,,52.4679
336006040,10,2618.65,24226.7,1,14.1709,73.5457,3,24,0,1,0,0,,,,25.7607
336006040,11,2629.59,1613.69,4,7.48974,9.79746,3,24,0,1,0,0,,,,5.87437
336006040,12,2616.64,50000,2,39.0309,214.658,3,24,0,1,0,0,,,,113.533
336006040,13,2628.72,489.007,16,3.33541,5.93797,3,24,0,1,0,0,,,,3.03133
336006040,14,2614.43,6415.98,8,35.1168,55.0897,3,24,0,1,1,1,2614.43,6156.54,8,35.8878
336006040,15,2632.07,12610.6,1,7.37629,38.2823,3,24,0,1,0,0,,,,13.4385
336006040,16,2614.64,5886.17,8,32.217,50.5406,3,24,0,1,1,1,2614.58,6365.2,4,31.1298
336006040,17,2632.02,30512.5,1,17.8476,92.6276,3,24,0,1,0,0,,,,31.8438
336006040,18,2631.02,43583.6,1,25.4933,132.308,3,24,0,1,0,0,,,,47.1861
336006040,19,2613.73,6890.79,4,31.9827,41.8371,3,24,0,1,1,1,2613.72,6210.5,4,31.2044
353969828,0,2616.59,9508,16,40.9163,55.062,3,24,0,0,1,1,2616.6,9095.07,12,40.1564
353969828,1,2628.81,6994.71,2,13.44,14.3215,3,24,0,0,1,1,2628.82,6420.99,1.5,12.3037
353969828,2,2626.52,5308,1,7.60578,7.68483,3,24,0,0,0,0,,,,6.89963
353969828,3,2611.7,3066.6,24,15.8245,21.7504,3,24,0,0,1,1,2611.72,3675.19,24,19.7827
353969828,4,2614.52,1222.26,16,5.25982,7.07827,3,24,0,0,0,0,,,,3.58199
353969828,5,2616.64,3720.52,4,9.04633,10.773,3,24,0,0,1,1,2616.63,3448.03,3,8.11334
353969828,6,2626.74,4730.16,16,20.3555,27.393,3,24,0,0,1,1,2626.69,4720.33,12,20.097
353969828,7,2619.58,2124.51,24,10.963,15.0684,3,24,0,0,0,0,,,,6.61809
353969828,8,2630.39,9254.3,24,47.7545,65.6375,3,24,0,0,1,1,2630.24,9432.83,12,37.6314
353969828,9,2620.78,2655.57,4,6.45694,7.68938,3,24,0,0,0,0,,,,6.63125
353969828,10,2632.92,2129.68,24,10.9897,15.1051,3,24,0,0,0,0,,,,5.41232
353969828,11,2618.42,2717.06,8,9.04202,11.1262,3,24,0,0,0,0,,,,6.88747
353969828,12,2616.7,7604.45,1,10.8963,11.0096,3,24,0,0,1,1,2616.71,5558.95,1,8.88123
353969828,13,2631.48,10079.1,2,19.3665,20.6366,3,24,0,0,1,1,2631.48,9257.63,2,19.5898
353969828,14,2634.33,8551.33,2,16.431,17.5086,3,24,0,0,1,1,2634.33,8329.06,1.5,15.8992
353969828,15,2626.88,2266.68,16,9.7543,13.1266,3,24,0,0,0,0,,,,6.15576
353969828,16,2632.77,3744.18,8,12.4601,15.3322,3,24,0,0,1,1,2632.77,3567.94,8,12.4925
353969828,17,2610.95,2335.56,16,10.0507,13.5255,3,24,0,0,0,0,,,,6.36052
353969828,18,2620.79,6994.39,8,23.2764,28.6416,3,24,0,0,1,1,2620.79,6416.34,8,22.2927
353969828,19,2620.31,1043.28,16,4.48959,6.04175,3,24,0,0,0,0,,,,4.88978
356241610,0,2626.13,10500.3,1,16.8701,17.1106,3,24,0,0,1,1,2626.14,9856.91,1,17.6946
356241610,1,2632.13,4853.39,16,27.8874,31.6351,3,24,0,0,1,1,2632.15,5205.57,12,28.5713
356241610,2,2618.29,5884.7,24,41.1923,46.978,3,24,0,0,1,1,2618.27,5187.25,24,37.4845
356241610,3,2634.71,3435.65,8,14.5873,15.835,3,24,0,0,1,1,2634.72,3206.98,6,12.5723
356241610,4,2635.41,2492.28,4,7.14306,8.12253,3,24,0,0,0,0,,,,6.4025
356241610,5,2626.34,4038.78,24,28.2711,32.2419,3,24,0,0,1,1,2626.43,3935.46,24,29.5183
356241610,6,2611.57,6022.24,16,34.6036,39.2538,3,24,0,0,1,1,2611.57,5536.44,16,35.0046
356241610,7,2618.94,3388.44,2,7.08577,7.8087,3,24,0,0,1,1,2618.94,3420.51,1.5,7.13096
356241610,8,2631.15,7378.8,8,31.3294,34.0091,3,24,0,0,1,1,2631.14,6702.77,8,29.8132
356241610,9,2631.14,5872.45,2,12.2802,13.5331,3,24,0,0,1,1,2631.14,5803.28,1.5,11.9548
356241610,10,2614.86,9087.39,2,19.0032,20.942,3,24,0,0,1,1,2614.86,8217.67,1.5,15.1104
356241610,11,2610.95,1891.04,8,8.0291,8.71584,3,24,0,0,1,1,2610.95,2512.28,8,11.9994
356241610,12,2618.54,26822.1,2,56.0894,61.8119,3,24,0,0,1,1,2618.54,27265.8,1.5,56.8638
356241610,13,2614.26,669.841,16,3.84889,4.36613,3,24,0,0,0,0,,,,3.03591
356241610,14,2617.02,9590.4,8,40.7196,44.2024,3,24,0,0,1,1,2617.02,8789.16,8,38.9504
356241610,15,2628.29,1579.37,4,4.52658,5.14728,3,24,0,0,0,0,,,,4.91481
356241610,16,2613.65,2303.2,4,6.60115,7.50632,3,24,0,0,0,0,,,,5.80897
356241610,17,2626.78,8064.35,4,23.113,26.2823,3,24,0,0,1,1,2626.78,7857.92,3,21.8363
356241610,18,2635.23,1738.81,16,9.99112,11.3338,3,24,0,0,1,1,2635.22,1677.92,12,9.28479
356241610,19,2612.53,8262.8,8,35.0828,38.0835,3,24,0,0,1,1,2612.52,7144.43,8,31.8796
409274163,0,2630.67,3703.42,4,16.7593,19.326,3,24,0,0,1,1,2630.68,3331.35,4,16.1166
409274163,1,2616.64,3443.5,8,18.1652,25.4128,3,24,0,0,1,1,2616.65,3332.36,6,19.667
409274163,2,2617.84,366.375,24,3.24792,4.68317,3,24,0,0,0,0,,,,3.39877
409274163,3,2611.71,800.366,4,3.62194,4.17664,3,24,0,0,0,0,,,,3.59761
409274163,4,2614.36,2583.1,16,17.0279,26.9593,3,24,0,0,1,1,2614.4,2300.31,16,14.6377
409274163,5,2616.29,1642.66,8,8.66538,12.1227,3,24,0,0,1,1,2616.31,1303.06,6,7.71613
409274163,6,2634.74,1328.12,1,3.48326,3.46533,3,24,0,0,0,0,,,,1.8635
409274163,7,2610.55,972.183,16,6.40869,10.1465,3,24,0,0,0,0,,,,4.01912
409274163,8,2635.57,4553.67,1,11.943,11.8815,3,24,0,0,1,1,2635.56,3734.91,1,10.8195
409274163,9,2620.02,3011.83,16,19.8541,31.4339,3,24,0,0,1,1,2620.06,2882.2,12,18.7868
409274163,10,2632.86,1455.85,24,12.9061,18.6093,3,24,0,0,0,0,,,,6.84921
409274163,11,2629.83,15983.3,2,55.9467,58.978,3,24,0,0,1,1,2629.82,14092.2,2,54.5519
409274163,12,2617.25,18602.6,1,48.7891,48.538,3,24,0,0,1,1,2617.24,15785.3,1,45.8318
409274163,13,2628.62,727.239,16,4.794,7.59006,3,24,0,0,0,0,,,,3.6841
409274163,14,2631.02,1083.49,2,3.79255,3.99803,3,24,0,0,0,0,,,,2.66511
409274163,15,2629.18,2273.89,16,14.9896,23.7322,3,24,0,0,1,1,2629.24,2406.33,6,13.0443
409274163,16,2626.84,8432.73,16,55.5891,88.0109,3,24,0,0,1,1,2626.85,7334.53,16,51.27
409274163,17,2619.73,691.971,8,3.65031,5.10671,3,24,0,0,0,0,,,,2.97788
409274163,18,2617.65,1465.28,2,5.12894,5.40684,3,24,0,0,0,0,,,,5.72106
409274163,19,2634.79,4894.04,2,17.1307,18.0589,3,24,0,0,1,1,2634.79,5006.11,1.5,17.2523
417848185,0,2631.79,2340.36,16,9.5498,7.8576,3,24,0,0,1,1,2631.83,2305.17,16,10.0331
417848185,1,2611.63,555.506,24,3.29205,2.28424,3,24,0,0,0,0,,,,2.7828
417848185,2,2611.42,11991.4,4,21.5014,20.1301,3,24,0,0,1,1,2611.42,11197.7,4,22.2052
417848185,3,2634.42,25254.3,1,22.2867,21.1974,3,24,0,0,1,1,2634.42,20861.5,1,20.3319
417848185,4,2617.13,973.199,24,5.76739,4.00179,3,24,0,0,0,0,,,,4.85541
417848185,5,2611.34,4454.21,8,12.0192,10.5746,3,24,0,0,1,1,2611.35,4059.54,8,11.3461
417848185,6,2611.78,2173.01,16,8.86694,7.29574,3,24,0,0,0,0,,,,5.68451
417848185,7,2614.33,5973.21,16,24.3736,20.0547,3,24,0,0,1,1,2614.37,6225.57,12,22.6076
417848185,8,2626.99,5051.9,2,6.21344,5.99677,3,24,0,0,1,1,2626.99,7569.72,1.5,8.90996
417848185,9,2616.22,36784.7,2,45.2423,43.6647,3,24,0,0,1,1,2616.22,32163.6,2,43.3771
417848185,10,2630.64,1234.73,8,3.33177,2.93132,3,24,0,0,0,0,,,,3.40675
417848185,11,2635.22,30503.9,1,26.9194,25.6037,3,24,0,0,1,1,2635.22,25197,1,24.5225
417848185,12,2634.26,24390.8,2,29.9988,28.9527,3,24,0,0,1,1,2634.26,22716.8,2,31.3172
417848185,13,2620.49,36080.8,2,44.3765,42.8291,3,24,0,0,1,1,2620.48,31463.8,2,43.1735
417848185,14,2611.31,6923.61,4,12.4145,11.6228,3,24,0,0,1,1,2611.32,6019.63,4,11.9625
417848185,15,2621.49,19915.4,2,24.4944,23.6403,3,24,0,0,1,1,2621.47,20028.6,1,19.5489
417848185,16,2620.12,7033.62,16,28.7006,23.6149,3,24,0,0,1,1,2620.1,6464.48,16,28.3285
417848185,17,2617.03,2868.57,4,5.14356,4.81552,3,24,0,0,0,0,,,,5.95971
417848185,18,2633.21,17164.9,1,15.1479,14.4075,3,24,0,0,1,1,2633.21,15563.4,1,15.2103
417848185,19,2618.6,50000,1,44.1246,41.9679,3,24,0,0,1,1,2618.59,41692.7,1,40.8201
441797933,0,2615.41,6894.49,4,25.5421,25.8495,3,24,0,0,1,1,2615.4,7150.83,3,25.264
441797933,1,2632.71,2737.82,24,26.0507,25.1438,3,24,0,0,1,1,2632.71,2549.08,24,22.4575
441797933,2,2615.95,2260.25,8,13.2285,11.9845,3,24,0,0,1,1,2615.93,1878.54,8,11.958
441797933,3,2617.82,2006.99,8,11.7463,10.6417,3,24,0,0,1,1,2617.8,1793.57,8,11.9442
441797933,4,2611.56,25006.2,1,47.0053,46.8778,3,24,0,0,1,1,2611.55,21162.1,1,44.0098
441797933,5,2611.9,4062.73,8,23.7779,21.5418,3,24,0,0,1,1,2611.9,3743.84,8,24.1035
441797933,6,2616.13,1542.59,4,5.71483,5.78361,3,24,0,0,0,0,,,,4.07294
441797933,7,2621.62,873.298,24,8.30954,8.02024,3,24,0,0,0,0,,,,3.80024
441797933,8,2614.93,8407.98,2,21.102,22.2908,3,24,0,0,1,1,2614.93,8485.39,1.5,21.4455
441797933,9,2630.05,3202.12,24,30.4686,29.4078,3,24,0,0,1,1,2630.05,2972.16,24,29.735
441797933,10,2613.81,6863.99,16,51.3531,51.4702,3,24,0,0,1,1,2613.79,6635.53,12,44.6046
441797933,11,2613.29,12465.6,2,31.2857,33.0483,3,24,0,0,1,1,2613.29,12285.7,1.5,31.2246
441797933,12,2619.39,3209.14,2,8.05415,8.50791,3,24,0,0,1,1,2619.38,3292.6,2,9.16137
441797933,13,2618.85,2207.03,4,8.17639,8.27479,3,24,0,0,0,0,,,,6.0629
441797933,14,2627.63,1115.39,24,10.6131,10.2436,3,24,0,0,0,0,,,,5.89655
441797933,15,2611.51,1675.08,4,6.20567,6.28036,3,24,0,0,1,1,2611.51,2097.81,4,8.67437
441797933,16,2619.91,10374.3,2,26.0371,27.504,3,24,0,0,1,1,2619.91,10243,1.5,26.0646
441797933,17,2618.94,11576.8,4,42.8888,43.405,3,24,0,0,1,1,2618.93,9640.1,4,39.83
441797933,18,2616.38,4791.35,24,45.5904,44.0031,3,24,0,0,1,1,2616.35,4267.89,24,36.1806
441797933,19,2633.97,7704.87,4,28.5443,28.8878,3,24,0,0,1,1,2633.97,6784.35,4,26.9224
445811124,0,2627.85,8007.39,16,53.5809,55.8714,3,24,0,0,1,1,2627.84,7039.95,16,47.0283
445811124,1,2632.99,1304.45,8,5.65375,6.43593,3,24,0,0,0,0,,,,4.42721
445811124,2,2627.22,3190.36,2,7.09616,7.87035,3,24,0,0,1,1,2627.22,3137.31,2,7.71983
445811124,3,2617.53,24620.3,1,40.8946,42.947,3,24,0,0,1,1,2617.53,21358.3,1,39.2443
445811124,4,2630.58,967.905,24,8.63579,8.27137,3,24,0,0,0,0,,,,4.51532
445811124,5,2613.83,12943.3,4,42.9585,45.1559,3,24,0,0,1,1,2613.84,12143.3,4,44.7768
445811124,6,2635.42,21417.2,2,47.6372,52.8344,3,24,0,0,1,1,2635.42,18918.1,2,46.2985
445811124,7,2619.56,6301.63,2,14.0164,15.5456,3,24,0,0,1,1,2619.56,5238.98,2,12.9208
445811124,8,2626.78,5722.66,2,12.7286,14.1173,3,24,0,0,1,1,2626.79,5501.62,2,13.5489
445811124,9,2630.33,1912.75,1,3.17709,3.33654,3,24,0,0,0,0,,,,2.14693
445811124,10,2613.01,5554.33,2,12.3542,13.702,3,24,0,0,1,1,2613.01,4559.37,2,11.2172
445811124,11,2615.77,15030.1,4,49.8847,52.4363,3,24,0,0,1,1,2615.77,13340.8,4,48.5115
445811124,12,2612.13,26359.8,2,58.6308,65.0274,3,24,0,0,1,1,2612.13,23865,2,58.4073
445811124,13,2612.18,345.838,24,3.08562,2.95541,3,24,0,0,0,0,,,,3.35135
445811124,14,2611.78,1398.91,8,6.06315,6.90197,3,24,0,0,0,0,,,,6.57886
445811124,15,2611.55,14455.8,4,47.9783,50.4324,3,24,0,0,1,1,2611.55,12814.6,4,45.721
445811124,16,2635.43,6435.61,1,10.6896,11.2261,3,24,0,0,1,1,2635.43,5162.18,1,9.50687
445811124,17,2614.92,842.491,24,7.51682,7.19962,3,24,0,0,0,0,,,,3.90906
445811124,18,2617.9,4486.32,24,40.0275,38.3384,3,24,0,0,1,1,2617.95,3870.43,24,33.4073
445811124,19,2618.2,1036.1,24,9.24426,8.85417,3,24,0,0,0,0,,,,5.149
383621994,0,2634.2,4094.62,8,16.3626,16.1496,3,24,0,0,1,1,2634.21,4011.09,8,17.2274
383621994,1,2635.28,13388,8,53.5003,52.804,3,24,0,0,1,1,2635.28,12055.2,8,50.9054
383621994,2,2616.29,2448.78,1,3.47985,3.41471,3,24,0,0,0,0,,,,4.04576
383621994,3,2612.87,9541.54,8,38.1292,37.6329,3,24,0,0,1,1,2612.87,8204.04,8,34.8319
383621994,4,2633.21,16082.2,2,32.022,31.7151,3,24,0,0,1,1,2633.22,14144.5,2,31.0352
383621994,5,2620.31,4291.6,2,8.54518,8.46329,3,24,0,0,1,1,2620.31,4122.58,2,9.07487
383621994,6,2611.84,922.726,16,5.38271,5.1468,3,24,0,0,0,0,,,,4.3826
383621994,7,2625.86,5557.74,1,7.89784,7.75001,3,24,0,0,1,1,2625.86,4818.91,1,7.60241
383621994,8,2610.88,2922.57,24,27.2839,19.9653,3,24,0,0,1,1,2610.99,3194.53,12,17.1715
383621994,9,2628.5,3110.94,1,4.42081,4.33807,3,24,0,0,0,0,,,,5.54175
383621994,10,2617.74,3453.97,24,32.2448,23.5955,3,24,0,0,1,1,2617.73,2883.44,24,24.9495
383621994,11,2618.68,20138.3,2,40.0982,39.7139,3,24,0,0,1,1,2618.68,18253.6,2,40.2484
383621994,12,2621.62,2447.9,24,22.8526,16.7226,3,24,0,0,1,1,2621.37,2403.3,6,8.7475
383621994,13,2617.13,2016.5,16,11.7632,11.2477,3,24,0,0,1,1,2617.16,1894.94,12,10.341
383621994,14,2634.77,2314.24,1,3.28866,3.22711,3,24,0,0,0,0,,,,4.56524
383621994,15,2633.26,1491.54,16,8.7009,8.31957,3,24,0,0,0,0,,,,6.67386
383621994,16,2611.36,585.011,24,5.46142,3.99645,3,24,0,0,0,0,,,,4.0058
383621994,17,2619.63,2926.23,1,4.15832,4.08049,3,24,0,0,0,0,,,,3.64785
383621994,18,2625.8,2715.35,2,5.40663,5.35482,3,24,0,0,0,0,,,,6.25935
383621994,19,2628.03,31813.3,1,45.2084,44.3622,3,24,0,0,1,1,2628.03,26803,1,42.2658
383623094,0,2613.46,215.776,24,3.9828,3.65867,3,24,0,0,0,0,,,,2.46417
383623094,1,2628.5,17548.3,1,57.0484,60.7364,3,24,0,0,1,1,2628.51,14544.6,1,52.1446
383623094,2,2615.25,2336.6,1,7.59615,8.08721,3,24,0,0,0,0,,,,6.4101
383623094,3,2613.79,502.482,16,6.81553,6.95658,3,24,0,0,0,0,,,,5.10222
383623094,4,2630.84,422.798,16,5.73472,5.85339,3,24,0,0,0,0,,,,4.97208
383623094,5,2627.83,654.536,16,8.87795,9.06167,3,24,0,0,0,0,,,,5.11382
383623094,6,2613.86,711.899,16,9.65602,9.85584,3,24,0,0,1,1,2613.89,703.908,16,9.20625
383623094,7,2621.11,12184.2,2,55.8369,59.6385,3,24,0,0,1,1,2621.11,11141.5,2,56.475
383623094,8,2616.25,1787.25,2,8.19048,8.74812,3,24,0,0,1,1,2616.25,1505.26,2,7.50773
383623094,9,2613.73,3071.09,24,56.6864,52.0731,3,24,0,0,1,1,2613.73,2814.71,24,44.144
383623094,10,2630.85,1083.49,4,7.46092,7.50015,3,24,0,0,1,1,2630.85,1493.3,3,9.26807
383623094,11,2634.61,2439.2,2,11.1782,11.9393,3,24,0,0,1,1,2634.61,1957.23,2,9.97566
383623094,12,2618.61,216.3,24,3.99248,3.66756,3,24,0,0,0,0,,,,4.31158
383623094,13,2610.99,906.344,2,4.15354,4.43632,3,24,0,0,0,0,,,,9.71088
383623094,14,2628.38,787.418,16,10.6803,10.9014,3,24,0,0,1,1,2628.39,608.474,16,8.8477
383623094,15,2614.07,2711.74,8,25.0452,26.5466,3,24,0,0,1,1,2614.07,2801.32,6,24.983
383623094,16,2635.52,2006.4,8,18.5307,19.6416,3,24,0,0,1,1,2635.52,1932.3,8,19.2196
383623094,17,2630.1,728.1,24,13.4393,12.3456,3,24,0,0,0,0,,,,6.92423
383623094,18,2634,5398.49,1,17.5502,18.6848,3,24,0,0,1,1,2634,4628.22,1,16.6212
383623094,19,2635.12,2153.87,8,19.8928,21.0853,3,24,0,0,1,1,2635.13,2274.38,6,19.8644
389917377,0,2629.05,4000.3,2,7.33172,7.73879,3,24,0,0,1,1,2629.07,4344.44,1.5,7.99302
389917377,1,2627.05,6169.29,1,8.04026,8.43918,3,24,0,0,1,1,2627.06,5716.71,1,8.5738
389917377,2,2611.5,6591.76,16,40.5098,36.0683,3,24,0,0,1,1,2611.52,5663.07,16,38.8963
389917377,3,2617.88,392.037,24,3.12835,2.62722,3,24,0,0,0,0,,,,3.11973
389917377,4,2626.47,4420.86,16,27.1685,24.1898,3,24,0,0,1,1,2626.47,3608.98,16,23.7988
389917377,5,2619.04,15693,1,20.4522,21.467,3,24,0,0,1,1,2619.04,13033.7,1,19.3404
389917377,6,2629.42,15589.4,8,57.1129,60.3169,3,24,0,0,1,1,2629.43,13557.6,8,47.7489
389917377,7,2610.69,412.51,24,3.29173,2.76443,3,24,0,0,0,0,,,,1.78373
389917377,8,2611.8,2428.87,24,19.3818,16.277,3,24,0,0,1,1,2611.81,3312.24,24,28.9788
389917377,9,2634.54,17374.2,4,45.544,47.5334,3,24,0,0,1,1,2634.54,15636.1,4,45.0085
389917377,10,2635.2,8168.93,2,14.9719,15.8032,3,24,0,0,1,0,2635.2,7407.06,1.5,13.5081
389917377,11,2613.79,7495.81,8,27.4615,29.002,3,24,0,0,1,1,2613.79,5961.67,8,24.888
389917377,12,2616.15,7335.99,24,58.5393,49.162,3,24,0,0,1,1,2616.18,6675.82,24,44.6196
389917377,13,2628.38,7842.99,1,10.2215,10.7287,3,24,0,0,1,1,2628.38,7341.73,1,10.9693
389917377,14,2633.8,1580.71,16,9.71428,8.6492,3,24,0,0,1,1,2633.84,1637.99,16,10.3422
389917377,15,2614.96,2120.08,16,13.029,11.6005,3,24,0,0,1,1,2614.94,2048.13,16,11.4626
389917377,16,2613.43,2187.53,2,4.00928,4.23188,3,24,0,0,0,0,,,,2.36368
389917377,17,2633.91,980.438,24,7.82364,6.57038,3,24,0,0,0,0,,,,5.19765
389917377,18,2616.72,2543.81,24,20.299,17.0473,3,24,0,0,1,1,2616.72,2423.6,24,17.1713
389917377,19,2615.16,1287.91,16,7.91488,7.04709,3,24,0,0,0,0,,,,6.31587
407591168,0,2610.9,2119.15,2,5.74811,6.08966,3,24,0,0,0,0,,,,6.26861
407591168,1,2614.65,27566.5,1,54.7443,56.0143,3,24,0,0,1,1,2614.65,23432.5,1,51.3995
407591168,2,2620.03,9354.36,4,33.4415,38.0155,3,24,0,0,1,1,2620.04,9236.1,3,32.8788
407591168,3,2626.27,1484.06,24,14.3584,14.7732,3,24,0,0,0,0,,,,6.15116
407591168,4,2613.58,2475.27,16,15.3426,20.1187,3,24,0,0,1,1,2613.43,1356.82,24,13.8708
407591168,5,2616.45,2556.01,4,9.13763,10.3875,3,24,0,0,1,1,2616.45,2340.61,3,8.3976
407591168,6,2616.3,1096.81,4,3.92107,4.45738,3,24,0,0,0,0,,,,4.3007
407591168,7,2628.61,6602.4,4,23.6034,26.8317,3,24,0,0,1,1,2628.6,6338.77,3,22.6146
407591168,8,2634.79,2052.66,1,4.07637,4.17094,3,24,0,0,0,0,,,,4.7127
407591168,9,2621.44,2555.51,2,6.93173,7.34361,3,24,0,0,0,0,,,,5.78604
407591168,10,2618.29,12729.8,1,25.2801,25.8666,3,24,0,0,1,1,2618.29,10704.9,1,23.4475
407591168,11,2635.41,3248.55,1,6.45129,6.60096,3,24,0,0,0,0,,,,4.29498
407591168,12,2627.45,313.484,24,3.03298,3.1206,3,24,0,0,0,0,,,,4.64963
407591168,13,2612.13,7116.28,16,44.109,57.8402,3,24,0,0,1,1,2612.15,7065.03,12,39.2702
407591168,14,2614.34,1915.84,8,9.17343,11.0108,3,24,0,0,1,1,2614.36,2159.38,6,9.89011
407591168,15,2617.18,5555.27,24,53.7476,55.3003,3,24,0,0,1,1,2617.18,4985,24,43.8359
407591168,16,2620.56,4687.32,4,16.757,19.049,3,24,0,0,1,1,2620.58,4513.61,3,16.108
407591168,17,2632.45,1790.58,2,4.85687,5.14547,3,24,0,0,0,0,,,,6.49193
407591168,18,2631.67,3700.46,2,10.0374,10.6338,3,24,0,0,1,1,2631.67,4089.28,1.5,10.8538
407591168,19,2617.45,7587.11,8,36.3287,43.6052,3,24,0,0,1,1,2617.46,7001.71,8,35.0301
445828943,0,2632.85,9448.62,16,58.0669,53.5049,3,24,0,0,1,1,2632.84,8337.78,16,54.8566
445828943,1,2614.47,734.774,24,5.91421,5.09594,3,24,0,0,0,0,,,,3.59167
445828943,2,2621.21,9244.85,8,40.8367,37.0178,3,24,0,0,1,1,2621.21,8120.17,8,39.5238
445828943,3,2631.37,3976.15,24,32.0041,27.5762,3,24,0,0,1,1,2631.36,3660.74,24,22.4385
445828943,4,2617.4,18175.8,4,51.6608,51.4623,3,24,0,0,1,1,2617.41,16629.7,4,51.7832
445828943,5,2620.31,1201.56,24,9.67141,8.33331,3,24,0,0,0,0,,,,6.35414
445828943,6,2616.76,822.48,24,6.62016,5.70422,3,24,0,0,0,0,,,,3.15102
445828943,7,2618.2,496.053,16,3.04851,2.80901,3,24,0,0,0,0,,,,2.96385
445828943,8,2630.55,7683.11,1,10.8629,10.8768,3,24,0,0,1,1,2630.55,5843.17,1,9.18281
445828943,9,2626.34,16940.3,2,32.2667,33.9158,3,24,0,0,1,1,2626.34,16109.7,2,34.075
445828943,10,2633.85,704.423,16,4.32906,3.98895,3,24,0,0,0,0,,,,4.94965
445828943,11,2617.98,1111.66,8,4.91049,4.45127,3,24,0,0,0,0,,,,3.69769
445828943,12,2612.92,6681.63,2,12.7267,13.3771,3,24,0,0,1,1,2612.91,6689.05,1.5,12.33
445828943,13,2613.09,3139,24,25.2659,21.7702,3,24,0,0,1,1,2613.15,2786.39,24,22.1851
445828943,14,2611.33,5337.39,4,15.1704,15.1121,3,24,0,0,1,1,2611.34,4602.87,4,14.2387
445828943,15,2615.23,2696.06,1,3.81187,3.81676,3,24,0,0,0,0,,,,3.72717
445828943,16,2629.06,3004.91,8,13.2734,12.0321,3,24,0,0,1,1,2629.07,2656.34,8,12.2633
445828943,17,2616.46,2538.13,16,15.5982,14.3727,3,24,0,0,1,1,2616.47,2363.98,12,12.4405
445828943,18,2620.41,1104.72,16,6.78909,6.25571,3,24,0,0,0,0,,,,4.31629
445828943,19,2619.63,4675,2,8.90461,9.3597,3,24,0,0,1,1,2619.63,3884.08,2,8.12097
450298557,0,2617.61,1483.62,2,8.27196,9.87634,3,24,0,0,1,1,2617.61,1606.64,1.5,8.98811
450298557,1,2634.76,1046.86,8,9.90856,13.9378,3,24,0,0,1,1,2634.77,1212.02,6,11.3557
450298557,2,2616.56,2948.12,1,12.337,13.8773,3,24,0,0,1,1,2616.56,2837.05,1,13.1466
450298557,3,2619.02,4821.04,1,20.1746,22.6934,3,24,0,0,1,1,2619.02,3783.11,1,17.537
450298557,4,2618.26,2120.82,1,8.87499,9.98305,3,24,0,0,1,1,2618.26,1907.07,1,8.82546
450298557,5,2628.74,1269.43,24,19.5418,29.2733,3,24,0,0,1,1,2628.74,1357.9,24,23.2684
450298557,6,2616.38,390.335,24,6.00889,9.00125,3,24,0,0,0,0,,,,4.06673
450298557,7,2615.04,3224.3,8,30.5179,42.9279,3,24,0,0,1,1,2615.04,3333.94,6,30.7373
450298557,8,2618.54,10933.9,1,45.7552,51.4678,3,24,0,0,1,1,2618.54,8991.19,1,41.7605
450298557,9,2614.23,936.58,1,3.9193,4.40863,3,24,0,0,0,0,,,,2.9086
450298557,10,2618.7,3119.07,1,13.0524,14.682,3,24,0,0,1,1,2618.7,2454,1,11.3451
450298557,11,2616,2431.72,8,23.0162,32.3756,3,24,0,0,1,1,2615.99,2431.11,6,22.5751
450298557,12,2620.03,2003.77,16,24.3068,37.7283,3,24,0,0,1,1,2620.01,2055.73,12,22.6228
450298557,13,2627.88,6455.87,1,27.0159,30.3888,3,24,0,0,1,1,2627.88,5373.18,1,24.8082
450298557,14,2629.04,1965.6,16,23.8438,37.0096,3,24,0,0,1,1,2629,2166.49,12,25.497
450298557,15,2628.99,5094.72,8,48.2214,67.8304,3,24,0,0,1,1,2628.99,5295.65,6,50.5729
450298557,16,2630.68,246.338,24,3.79217,5.68063,3,24,0,0,0,0,,,,3.19087
450298557,17,2634.78,1627.26,1,6.80957,7.65975,3,24,0,0,1,1,2634.77,1663.6,1,7.73261
450298557,18,2631.79,959.582,2,5.35019,6.38787,3,24,0,0,0,0,,,,5.52888
450298557,19,2613.99,345.869,24,5.32437,7.97584,3,24,0,0,0,0,,,,4.59094
458477610,0,2616.53,1691.81,24,19.555,17.2817,3,24,0,0,1,1,2616.5,1595.08,24,15.8112
458477610,1,2618.56,663.995,16,5.66496,5.53801,3,24,0,0,0,0,,,,3.21976
458477610,2,2629.03,631.404,24,7.29814,6.44974,3,24,0,0,0,0,,,,4.71775
458477610,3,2627.53,1339.68,8,6.88363,7.90085,3,24,0,0,0,0,,,,6.2468
458477610,4,2620.3,5443.23,16,46.4396,45.3989,3,24,0,0,1,1,2620.31,5262.83,16,50.4878
458477610,5,2633.28,2584.99,16,22.0542,21.56,3,24,0,0,1,1,2633.3,2403.75,16,19.9718
458477610,6,2635.05,1391.86,16,11.8748,11.6087,3,24,0,0,1,1,2635.09,1288.44,16,10.7694
458477610,7,2618.2,11118.4,1,22.6035,23.183,3,24,0,0,1,1,2618.21,8285.61,1,18.7021
458477610,8,2631.25,2618.79,2,7.20837,7.72227,3,24,0,0,0,0,,,,6.62006
458477610,9,2615.62,1565.24,24,18.092,15.9888,3,24,0,0,1,1,2615.6,1330.51,24,13.0085
458477610,10,2626.48,4056.79,24,46.8908,41.4397,3,24,0,0,1,1,2626.5,3534.08,24,43.0553
458477610,11,2619.95,16565.9,2,45.5986,48.8494,3,24,0,0,1,1,2619.96,15127.9,2,45.8836
458477610,12,2629.69,371.317,16,3.16794,3.09694,3,24,0,0,0,0,,,,2.96407
458477610,13,2611.39,6999.3,2,19.266,20.6395,3,24,0,0,1,1,2611.39,7307.37,1.5,19.6975
458477610,14,2620.32,4492.65,1,9.13348,9.36766,3,24,0,0,1,1,2620.33,3733.43,1,8.37139
458477610,15,2627.85,3186.75,24,36.8344,32.5524,3,24,0,0,1,1,2627.85,2967.05,24,33.8776
458477610,16,2628.63,25778.8,1,52.408,53.7517,3,24,0,0,1,1,2628.63,21393.3,1,48.1824
458477610,17,2620.09,692.46,16,5.90782,5.77542,3,24,0,0,0,0,,,,6.67827
458477610,18,2614.57,609.176,24,7.04121,6.22268,3,24,0,0,0,0,,,,3.74617
458477610,19,2626.82,1635.9,4,6.38624,6.82205,3,24,0,0,0,0,,,,6.61777
459242626,0,2634.02,6024.48,8,27.1998,28.0921,3,24,0,0,1,1,2634.02,5236.02,8,25.5895
459242626,1,2616.42,1149.35,24,9.90087,9.28278,3,24,0,0,0,0,,,,5.02726
459242626,2,2619.13,646.976,16,4.21186,4.26646,3,24,0,0,0,0,,,,3.35009
459242626,3,2630.05,8341.57,4,25.3748,27.5041,3,24,0,0,1,1,2630.05,7369.81,4,24.5824
459242626,4,2626.67,18924,4,57.5664,62.397,3,24,0,0,1,1,2626.67,16002,4,53.316
459242626,5,2613.79,2501.53,1,3.85806,4.12406,3,24,0,0,0,0,,,,3.78316
459242626,6,2633.99,3491.72,24,30.0788,28.201,3,24,0,0,1,1,2634.04,3020.52,24,26.8942
459242626,7,2632.23,35322.5,1,54.4772,58.2332,3,24,0,0,1,1,2632.23,29858.2,1,50.9764
459242626,8,2632.73,473.563,16,3.08293,3.12289,3,24,0,0,0,0,,,,2.92616
459242626,9,2625.72,5587.47,24,48.1322,45.1274,3,24,0,0,1,1,2625.87,5737.44,12,34.6274
459242626,10,2633.31,10468.1,1,16.1448,17.258,3,24,0,0,1,1,2633.31,8889.85,1,15.1685
459242626,11,2618.33,13236.4,8,59.7607,61.7212,3,24,0,0,1,1,2618.33,11916.4,8,57.0617
459242626,12,2618.88,7192.59,2,15.4841,16.7695,3,24,0,0,1,1,2618.88,5891.7,2,13.9589
459242626,13,2621.31,1391.7,24,11.9885,11.2401,3,24,0,0,0,0,,,,5.19184
459242626,14,2632.96,1745.65,8,7.88142,8.13997,3,24,0,0,1,1,2632.97,1926.86,8,9.61328
459242626,15,2619.77,9428.73,8,42.5696,43.9661,3,24,0,0,1,1,2619.77,9943.53,6,43.2581
459242626,16,2635.64,11661.7,2,25.1052,27.1893,3,24,0,0,1,1,2635.64,11054.3,2,26.4921
459242626,17,2614.39,2408.51,2,5.185,5.61543,3,24,0,0,0,0,,,,6.22848
459242626,18,2627.83,2979.65,16,19.3977,19.6492,3,24,0,0,1,1,2627.83,2932.42,16,19.6767
459242626,19,2627.28,16046.6,4,48.8133,52.9094,3,24,0,0,1,1,2627.29,14494.3,4,47.3464
459976892,0,2610.94,9759.61,2,30.6173,31.0551,3,24,0,0,0,0,,,,
459976892,1,2632.91,1583.82,2,4.96867,5.0397,3,24,0,0,0,0,,,,6.01856
459976892,2,2616.16,1529.62,4,6.50799,6.88331,3,24,0,0,1,1,2616.16,1806.1,3,7.44019
459976892,3,2615.62,761.551,16,5.92044,6.854,3,24,0,0,0,0,,,,4.59172
459976892,4,2612.43,1798.29,4,7.65109,8.09233,3,24,0,0,1,1,2612.42,1838.18,4,8.65694
459976892,5,2611.52,5376.82,8,33.0622,34.2181,3,24,0,0,1,1,2611.52,4732.05,8,31.1936
459976892,6,2619.51,1132.98,4,4.82043,5.09843,3,24,0,0,0,0,,,,5.51254
459976892,7,2615.39,3331.62,24,34.1035,36.7237,3,24,0,0,1,1,2615.36,3016.08,24,27.7835
459976892,8,2635.63,582.477,8,3.58167,3.70688,3,24,0,0,0,0,,,,2.51446
459976892,9,2631.43,4612.33,24,47.2132,50.8406,3,24,0,0,1,1,2631.41,4400.06,24,46.0189
459976892,10,2611.63,8768.79,4,37.3082,39.4597,3,24,0,0,1,1,2611.64,7824.39,4,36.6607
459976892,11,2614.77,7780.2,4,33.1021,35.0111,3,24,0,0,1,1,2614.76,7137.82,3,23.0728
459976892,12,2615.32,567.96,16,4.41543,5.11166,3,24,0,0,0,0,,,,3.4351
459976892,13,2632.67,5194.14,4,22.0993,23.3738,3,24,0,0,1,1,2632.68,5001.25,4,23.8423
459976892,14,2612.52,2338.85,2,7.33731,7.44221,3,24,0,0,1,1,2612.52,2501.17,1.5,7.51826
459976892,15,2620.77,1001.88,8,6.16058,6.37595,3,24,0,0,0,0,,,,5.43568
459976892,16,2629.17,1541.58,4,6.55888,6.93713,3,24,0,0,1,1,2629.18,1974.1,3,8.11667
459976892,17,2629.5,2272.96,2,7.13061,7.23256,3,24,0,0,0,0,,,,5.75316
459976892,18,2626.77,1642.98,16,12.7729,14.7869,3,24,0,0,1,1,2626.74,1953.61,12,16.2392
459976892,19,2626.83,295.501,24,3.02483,3.25723,3,24,0,0,0,0,,,,4.43686
459980546,0,2632.47,9382.17,16,51.933,58.2423,3,24,0,0,1,1,2632.45,9419.8,12,47.3032
459980546,1,2629.66,587.208,16,3.25036,3.64525,3,24,0,0,0,0,,,,4.46667
459980546,2,2613.89,13966.7,8,57.9198,61.3077,3,24,0,0,1,1,2613.89,12202.1,8,54.5572
459980546,3,2629.22,4443.16,8,18.4257,19.5035,3,24,0,0,1,1,2629.23,4096.63,6,16.539
459980546,4,2619.18,4287.52,16,23.7327,26.6159,3,24,0,0,1,1,2619.2,4427.95,12,22.6784
459980546,5,2612.73,7894.6,24,54.0206,60.0221,3,24,0,0,1,1,2612.71,7772.79,24,60.9883
459980546,6,2610.96,1227.94,16,6.79702,7.62279,3,24,0,0,0,0,,,,2.88741
459980546,7,2635.32,21638.2,2,46.4702,47.4909,3,24,0,0,1,1,2635.32,20160.2,2,47.3418
459980546,8,2629.33,6515.32,24,44.5826,49.5355,3,24,0,0,1,1,2629.36,5615.9,24,35.6221
459980546,9,2629.14,6181.46,24,42.2981,46.9972,3,24,0,0,1,1,2629.17,5300.31,24,34.0594
459980546,10,2616.85,579.698,16,3.20879,3.59863,3,24,0,0,0,0,,,,3.56682
459980546,11,2612.41,2255.7,8,9.35435,9.90151,3,24,0,0,1,1,2612.41,2334.98,8,10.5032
459980546,12,2630.49,4327.68,24,29.6131,32.903,3,24,0,0,1,1,2630.49,4079.16,24,25.5995
459980546,13,2635.53,7527.36,4,24.8968,23.364,3,24,0,0,1,1,2635.53,6700.07,4,23.7873
459980546,14,2620.86,1104.65,24,7.5588,8.39854,3,24,0,0,0,0,,,,4.65896
459980546,15,2630.61,13846.3,1,20.9867,21.4887,3,24,0,0,1,1,2630.61,12846.9,1,21.6444
459980546,16,2612.2,19660.7,2,42.2235,43.1509,3,24,0,0,1,1,2612.2,18423.7,2,43.6722
459980546,17,2630.05,1977.08,24,13.5286,15.0316,3,24,0,0,1,1,2630,1806.75,24,11.1488
459980546,18,2627.81,15811.3,1,23.9649,24.5382,3,24,0,0,1,1,2627.82,13597.9,1,22.8011
459980546,19,2635.83,26093,2,56.0374,57.2683,3,24,0,0,1,1,2635.83,25748.1,1.5,52.3815
459983007,0,2630.18,3131.19,8,5.78038,8.66514,3,24,0,0,0,0,,,,5.85263
459983007,1,2613.82,17532.9,2,20.8599,24.2599,3,24,0,0,1,1,2613.82,16341.2,2,21.4229
459983007,2,2635.62,1883.81,8,3.47762,5.21317,3,24,0,0,0,0,,,,6.41578
459983007,3,2632.64,24489.7,1,22.3348,23.961,3,24,0,0,1,1,2632.65,19932.7,1,20.1378
459983007,4,2617.36,2876.95,16,7.00611,11.2594,3,24,0,0,0,0,,,,4.85819
459983007,5,2632.64,27745.3,2,33.0102,38.3906,3,24,0,0,1,1,2632.64,27413.5,1.5,32.7428
459983007,6,2620.31,12474.7,1,11.377,12.2054,3,24,0,0,1,1,2620.32,9791.06,1,9.86888
459983007,7,2621.6,11061.9,16,26.9386,43.2924,3,24,0,0,1,1,2621.42,13605.4,4,23.9749
459983007,8,2615.02,32470.4,4,50.1443,63.5387,3,24,0,0,1,1,2615.02,28812.3,4,48.3345
459983007,9,2625.68,5338.65,2,6.35171,7.38698,3,24,0,0,0,0,,,,5.83726
459983007,10,2627.91,36081.9,4,55.7216,70.6058,3,24,0,0,1,1,2627.91,36362.9,3,54.5923
459983007,11,2630.22,16731.1,1,15.2589,16.3699,3,24,0,0,1,1,2630.22,14417.5,1,14.5601
459983007,12,2635.89,9953.87,24,29.7442,47.711,3,24,0,0,1,1,2635.64,12005.2,8,26.5122
459983007,13,2630.8,7871.19,4,12.1555,15.4025,3,24,0,0,1,1,2630.8,8324.96,3,12.4832
459983007,14,2627.23,1379.85,24,4.12327,6.61391,3,24,0,0,0,0,,,,5.04216
459983007,15,2617.79,3755.97,2,4.4687,5.19706,3,24,0,0,0,0,,,,3.14116
459983007,16,2616.18,14403.5,1,13.1361,14.0925,3,24,0,0,1,1,2616.18,11595,1,11.7215
459983007,17,2617.9,3627.72,16,8.8344,14.1976,3,24,0,0,0,0,,,,6.92532
459983007,18,2614.49,11816.8,4,18.2488,23.1233,3,24,0,0,1,1,2614.49,11718.8,3,16.7529
459983007,19,2627.82,20088.6,16,48.9209,78.6196,3,24,0,0,1,1,2627.82,18603.9,16,48.2292
462547253,0,2619.85,6254.05,8,34.7213,30.1562,3,24,0,0,1,1,2619.85,5961.59,8,36.3169
462547253,1,2633.15,360.968,24,3.72814,3.01471,3,24,0,0,0,0,,,,2.58207
462547253,2,2611.48,294.254,24,3.03911,2.45753,3,24,0,0,0,0,,,,2.87006
462547253,3,2627.51,3779.52,2,9.88591,9.11218,3,24,0,0,1,1,2627.52,3258.5,2,9.27931
462547253,4,2626.28,4593.24,8,25.5008,22.148,3,24,0,0,1,1,2626.28,4377.16,8,26.4243
462547253,5,2627.87,14867.3,2,38.8876,35.844,3,24,0,0,1,1,2627.87,13463.4,2,38.4919
462547253,6,2619.95,6956.36,4,26.1267,23.7183,3,24,0,0,1,1,2619.94,6538.76,4,26.7638
462547253,7,2619.49,1662.06,24,17.1661,13.8811,3,24,0,0,1,1,2619.51,1536.79,24,14.4797
462547253,8,2619,4298.93,16,37.6793,29.3151,3,24,0,0,1,1,2618.98,3961.11,16,32.8382
462547253,9,2631.38,2453.51,4,9.21489,8.36545,3,24,0,0,1,1,2631.38,1890.57,4,7.74753
462547253,10,2616.69,9549.62,8,53.0177,46.0471,3,24,0,0,1,1,2616.69,8744.5,8,50.9707
462547253,11,2635.37,4614.89,1,8.03645,7.86741,3,24,0,0,1,1,2635.36,5213.97,1,10.0513
462547253,12,2629.5,636.248,8,3.53233,3.06791,3,24,0,0,0,0,,,,4.07184
462547253,13,2621.05,9000.14,2,23.5413,21.6988,3,24,0,0,1,1,2621.05,8265.45,2,23.4881
462547253,14,2613.64,9729.64,1,16.9434,16.587,3,24,0,0,1,1,2613.64,8686.1,1,16.7783
462547253,15,2619.1,7945.76,8,44.1134,38.3135,3,24,0,0,1,1,2619.09,7423.36,8,43.8011
462547253,16,2613.17,3492.91,2,9.13624,8.42119,3,24,0,0,1,1,2613.16,3596.08,2,10.2244
462547253,17,2630.62,5726.59,24,59.1453,47.8269,3,24,0,0,1,1,2630.59,4929.48,24,47.0275
462547253,18,2630.96,814.056,24,8.40772,6.79878,3,24,0,0,0,0,,,,3.54022
462547253,19,2616.31,3937,2,10.2978,9.49186,3,24,0,0,1,1,2616.3,3555.41,2,10.0724
356744806,0,2618.01,7662,1,22.5512,43.7897,3,24,0,0,1,1,2618.01,6434.64,1,20.8173
356744806,1,2633.99,3114.4,2,9.56405,25.1721,3,24,0,0,1,1,2633.99,3592.4,1.5,11.9406
356744806,2,2630.76,1004.51,4,3.31443,11.4819,3,24,0,0,0,0,,,,2.56757
356744806,3,2617.33,2030.6,4,6.70006,23.2105,3,24,0,0,1,1,2617.34,2130.19,2,7.16625
356744806,4,2635.12,1926.89,8,6.67365,31.1482,3,24,0,0,0,0,,,,6.57135
356744806,5,2635.11,3210.38,8,11.1189,51.8956,3,24,0,0,1,1,2635.1,3112.25,6,11.2429
356744806,6,2633.28,2563.89,4,8.45967,29.3061,3,24,0,0,1,1,2633.28,2914.45,3,10.0932
356744806,7,2628.09,5310.43,1,15.6299,30.3501,3,24,0,0,1,1,2628.09,4482.7,1,14.5219
356744806,8,2630.58,1073.83,8,3.71914,17.3585,3,24,0,0,0,0,,,,1.57327
356744806,9,2626.87,5629.73,16,22.4198,128.7,3,24,0,0,1,1,2626.86,5469.1,12,20.1681
356744806,10,2629.75,1160.75,8,4.02015,18.7634,3,24,0,0,0,0,,,,3.47125
356744806,11,2632.83,3063.86,1,9.0177,17.5105,3,24,0,0,1,1,2632.83,2677.36,1,8.73859
356744806,12,2635.37,5248.34,8,18.1772,84.8392,3,24,0,0,1,1,2635.36,4866.6,6,17.5544
356744806,13,2611.97,7896.23,1,23.2406,45.1283,3,24,0,0,1,1,2611.97,6315.62,1,20.5134
356744806,14,2618.52,2626.52,8,9.09676,42.4576,3,24,0,0,1,1,2618.57,2509.93,4,8.59854
356744806,15,2626.42,5953.28,1,17.522,34.0241,3,24,0,0,1,1,2626.42,4903.69,1,15.8615
356744806,16,2631.91,1071.11,1,3.15255,6.12159,3,24,0,0,0,0,,,,3.70057
356744806,17,2632.35,998.663,4,3.29514,11.4151,3,24,0,0,0,0,,,,3.24369
356744806,18,2627.73,9197.29,8,31.8541,148.674,3,24,0,0,1,1,2627.74,9345.53,6,32.5925
356744806,19,2611.01,2610.69,4,8.61411,29.8412,3,24,0,0,0,0,,,,
357133962,0,2616.15,9543.08,8,24.0218,27.5222,3,24,0,0,1,1,2616.15,8922.02,8,23.724
357133962,1,2617.25,9711.08,1,9.67098,9.90189,3,24,0,0,1,1,2617.24,6932.87,1,7.66435
357133962,2,2633,8011.14,2,10.9976,11.5521,3,24,0,0,1,1,2632.99,7186.73,2,10.7171
357133962,3,2612.95,49786.8,1,49.5812,50.765,3,24,0,0,1,1,2612.95,42937.8,1,47.5117
357133962,4,2633.65,6941.83,2,9.52966,10.0101,3,24,0,0,1,1,2633.65,5662.42,2,8.51315
357133962,5,2614.64,21493.4,4,36.5497,43.8313,3,24,0,0,1,1,2614.63,21896.9,3,34.3822
357133962,6,2633.14,2402.6,16,8.48847,9.79921,3,24,0,0,0,0,,,,6.99599
357133962,7,2626.9,45636.6,1,45.4482,46.5333,3,24,0,0,1,1,2626.9,39908.6,1,44.1598
357133962,8,2627.63,2934.6,24,12.3363,14.659,3,24,0,0,1,1,2627.68,2861.56,24,11.9468
357133962,9,2611.61,19419.3,4,33.0227,39.6017,3,24,0,0,1,1,2611.61,19702.1,3,33.9748
357133962,10,2626.81,1847.42,8,4.65032,5.32795,3,24,0,0,0,0,,,,5.28828
357133962,11,2612.63,4501.04,16,15.9023,18.3579,3,24,0,0,1,1,2612.61,5791.84,12,20.7599
357133962,12,2611.83,896.579,16,3.16765,3.65678,3,24,0,0,0,0,,,,4.49853
357133962,13,2628.99,14128.4,24,59.3925,70.5748,3,24,0,0,1,1,2628.97,12487.7,24,47.2611
357133962,14,2615.66,3480.05,8,8.75999,10.0365,3,24,0,0,1,1,2615.64,3133.43,8,8.23334
357133962,15,2627.37,2452.7,2,3.36704,3.5368,3,24,0,0,0,0,,,,4.44939
357133962,16,2612.2,4079.22,16,14.412,16.6375,3,24,0,0,1,1,2612.15,5249.79,12,19.7175
357133962,17,2630.53,13309.8,8,33.5035,38.3855,3,24,0,0,1,1,2630.53,12139.9,8,31.1957
357133962,18,2626.29,6985.75,8,17.5845,20.1469,3,24,0,0,1,1,2626.38,5917.43,3,10.2607
357133962,19,2630.9,17074.7,4,29.0357,34.8204,3,24,0,0,1,1,2630.89,17613.2,3,30.2097
365967978,0,2634.46,22686,1,28.0214,54.2943,0.5,4,1,0,1,1,2634.46,19321.5,1,25.6933
365967978,1,2620.3,12247.2,24,35.4705,143.596,0.5,4,1,0,0,0,,,,4.75976
365967978,2,2617.81,2388.14,2,3.05802,8.08299,0.5,4,1,0,0,0,,,,3.35039
365967978,3,2629.76,2404.9,24,6.96507,28.1968,0.5,4,1,0,0,0,,,,1.53746
365967978,4,2630.56,5982.19,2,7.6602,20.2475,0.5,4,1,0,1,1,2630.57,7143.82,1,9.7054
365967978,5,2611.33,28409.2,2,36.378,96.1547,0.5,4,1,0,1,1,2611.33,27213.8,1.5,37.5771
365967978,6,2629.82,32063,8,45.7789,217.043,0.5,4,1,0,0,0,,,,0.752135
365967978,7,2632.64,3413.86,2,4.37145,11.5547,0.5,4,1,0,0,0,,,,4.92138
365967978,8,2633.87,27435,16,53.7767,262.641,0.5,4,1,0,0,0,,,,2.1922
365967978,9,2633.94,35358.4,2,45.2766,119.675,0.5,4,1,0,1,1,2633.94,36719.9,1.5,51.2982
365967978,10,2633.35,18084.7,8,25.821,122.42,0.5,4,1,0,0,0,,,,6.1964
365967978,11,2630.99,8045.43,8,11.4871,54.4617,0.5,4,1,0,0,0,,,,5.42616
365967978,12,2614.37,22531.3,1,27.8303,53.9241,0.5,4,1,0,1,1,2614.37,19715.6,1,27.3484
365967978,13,2610.49,6619.97,2,8.47689,22.4062,0.5,4,1,0,1,1,2610.5,7982.03,1,10.8783
365967978,14,2615.74,2298.17,16,4.50475,22.0008,0.5,4,1,0,0,0,,,,1.61173
365967978,15,2627.66,3202.28,16,6.27696,30.6561,0.5,4,1,0,0,0,,,,3.58028
365967978,16,2635.14,15085.6,24,43.6909,176.874,0.5,4,1,0,1,1,2635.53,7094.5,1,9.43671
365967978,17,2628.67,10411.3,4,13.9013,49.8347,0.5,4,1,0,1,1,2628.64,12842.5,1.5,18.0018
365967978,18,2635.35,8717.33,24,25.2471,102.208,0.5,4,1,0,0,0,,,,4.92611
365967978,19,2619.22,32567.8,2,41.7031,110.23,0.5,4,1,0,1,1,2619.22,31675.2,1.5,43.9415
367613278,0,2630.55,5520.87,8,26.7745,29.9601,3,24,0,0,1,1,2630.55,4895.97,8,25.7649
367613278,1,2618.73,3443.11,4,13.6987,13.2121,3,24,0,0,1,1,2618.73,3178.97,4,13.5932
367613278,2,2615.2,12466.4,2,31.8986,33.8258,3,24,0,0,1,1,2615.21,11029.9,2,31.1887
367613278,3,2628.8,6937.87,4,27.6028,26.6224,3,24,0,0,1,1,2628.79,6249.55,4,26.999
367613278,4,2629.79,1695.05,24,11.0507,15.9324,3,24,0,0,1,1,2629.77,2119.3,8,10.9938
367613278,5,2616.62,3995.14,2,10.2226,10.8402,3,24,0,0,1,1,2616.62,3531.75,2,9.93261
367613278,6,2617.24,5232.62,16,29.9992,40.1578,3,24,0,0,1,1,2617.27,5426.29,12,27.8547
367613278,7,2613.45,5667.85,1,10.1905,10.8745,3,24,0,0,1,1,2613.45,5649.55,1,11.229
367613278,8,2632.78,9143.64,2,23.3964,24.8099,3,24,0,0,1,1,2632.78,8298.69,2,23.1251
367613278,9,2630.07,4023.38,24,26.2298,37.817,3,24,0,0,1,1,2629.97,4072.08,16,24.1264
367613278,10,2633.41,3091.82,16,17.7258,23.7282,3,24,0,0,1,1,2633.42,3144.96,16,20.0162
367613278,11,2631.55,3242.33,2,8.29633,8.79756,3,24,0,0,1,1,2631.55,2403.52,3,8.88762
367613278,12,2630.44,8668.51,2,22.1806,23.5207,3,24,0,0,1,1,2630.43,8034.8,2,22.9573
367613278,13,2619.27,1577.53,24,10.2845,14.8277,3,24,0,0,0,0,,,,5.82302
367613278,14,2618.1,4687.24,8,22.7316,25.4362,3,24,0,0,1,1,2618.11,4563.77,8,23.7356
367613278,15,2631.56,8326.94,24,54.2862,78.2676,3,24,0,0,1,1,2631.63,8539.45,16,45.6978
367613278,16,2614.31,3812.56,24,24.8554,35.8355,3,24,0,0,1,1,2614.3,3723.69,24,25.2582
367613278,17,2611.34,3059.64,8,14.8383,16.6038,3,24,0,0,1,1,2611.32,3047.45,6,14.4108
367613278,18,2619.6,1331.9,8,6.45928,7.22781,3,24,0,0,0,0,,,,5.21955
367613278,19,2629.19,585.221,16,3.35514,4.49128,3,24,0,0,0,0,,,,2.40939
