tic,trial,t0,depth_ppm,duration_h,expected_snr,expected_snr_white,window_d,max_dur_h,long_limited,hf_variable,recovered,top_ranked,det_t0,det_depth_ppm,det_duration_h,measured_snr
53452092,0,3366.18,23423.4,2,38.2343,44.297,3,24,0,0,1,1,3366.19,23191.6,1.5,36.9249
53452092,1,3348.74,12860.7,4,28.3231,34.3956,3,24,0,0,1,1,3348.74,11932.6,4,29.4207
53452092,2,3364.98,1488.49,24,8.13146,9.75124,3,24,0,0,0,0,,,,4.45365
53452092,3,3348.91,2012.87,16,8.85361,10.7667,3,24,0,0,1,1,3348.87,2493.18,16,12.387
53452092,4,3365.11,37805.7,1,45.7858,50.5552,3,24,0,0,1,1,3365.1,32656.9,1,43.3403
53452092,5,3352.42,21617.1,4,47.6073,57.8145,3,24,0,0,1,1,3352.41,19401.7,4,45.0673
53452092,6,3350.49,5586.28,4,12.3026,14.9404,3,24,0,0,1,1,3350.48,4351.11,4,10.5857
53452092,7,3352.53,16433.3,2,26.8243,31.0777,3,24,0,0,1,1,3352.53,15151.3,2,26.6904
53452092,8,3347.17,14434.8,2,23.5621,27.2982,3,24,0,0,1,1,3347.17,16345.1,1.5,26.2412
53452092,9,3347.92,1023.13,24,5.58925,6.70262,3,24,0,0,0,0,,,,2.63378
53452092,10,3363.13,6427.08,1,7.78371,8.59454,3,24,0,0,0,0,,,,6.53632
53452092,11,3348.3,3041.58,2,4.9648,5.75205,3,24,0,0,0,0,,,,4.73442
53452092,12,3346.51,8272.5,4,18.2185,22.1246,3,24,0,0,1,1,3346.56,9612.57,1.5,15.4067
53452092,13,3348.87,14171.6,4,31.2102,37.9017,3,24,0,0,1,1,3348.87,13178.5,4,31.8481
53452092,14,3348.78,2328.91,16,10.2437,12.4573,3,24,0,0,1,1,3348.75,2779,16,13.973
53452092,15,3350.55,1080.66,24,5.90353,7.07951,3,24,0,0,0,0,,,,3.59134
53452092,16,3364.24,1106.62,24,6.04535,7.24958,3,24,0,0,0,0,,,,3.40934
53452092,17,3363.78,3422.08,1,4.14442,4.57614,3,24,0,0,0,0,,,,4.60193
53452092,18,3340.93,13297,8,39.0895,50.2929,3,24,0,0,1,1,3340.84,12403.7,3,26.1142
53452092,19,3351.96,9811.92,4,21.6088,26.2418,3,24,0,0,1,1,3351.96,9756.62,3,20.0556
55684589,0,3348.49,42036.1,2,45.7792,60.1309,3,24,0,0,1,1,3348.49,42770.1,1.5,47.2503
55684589,1,3350.4,3517.73,2,3.83097,5.03197,3,24,0,0,0,0,,,,3.8685
55684589,2,3350.95,3953.44,24,8.70166,19.5903,2,16,1,0,0,0,,,,5.09633
55684589,3,3351.25,35450.3,1,31.2842,35.8575,3,24,0,0,1,1,3351.25,30751.5,1,29.9371
55684589,4,3350.43,14611.5,16,28.3565,59.1172,3,24,0,0,1,1,3350.41,14853.5,12,25.5391
55684589,5,3351.39,3766.9,2,4.10232,5.38839,3,24,0,0,0,0,,,,4.98445
55684589,6,3365.22,7555.52,16,14.663,30.5692,3,24,0,0,1,1,3365.3,8479.29,6,13.0677
55684589,7,3365.57,2843.48,24,6.25861,14.0902,2,16,1,0,0,0,,,,5.05752
55684589,8,3347.06,11215.1,1,9.89713,11.344,3,24,0,0,0,0,,,,6.95653
55684589,9,3352.87,4832.62,4,6.6588,9.77626,3,24,0,0,0,0,,,,5.35324
55684589,10,3349.79,48417.9,2,52.7292,69.2597,3,24,0,0,1,1,3349.8,46756.8,1.5,52.6796
55684589,11,3340.65,19298.4,2,21.0168,27.6055,3,24,0,0,1,1,3340.62,12449,1,12.2055
55684589,12,3366.45,8069.93,4,11.1195,16.3253,3,24,0,0,1,1,3366.44,7834.05,3,10.8393
55684589,13,3347.07,12820.6,1,11.3139,12.9678,3,24,0,0,1,1,3347.07,9372.61,1,9.19881
55684589,14,3350.6,26743.1,16,51.9005,108.201,3,24,0,0,1,1,3350.62,27149.1,12,46.774
55684589,15,3354.4,20877.4,8,35.6639,59.7285,3,24,0,0,1,1,3354.41,20972.4,6,34.6611
55684589,16,3352.84,15670.4,4,21.5921,31.7008,3,24,0,0,1,1,3352.84,15168.8,3,21.2077
55684589,17,3352.78,2072.04,24,4.56063,10.2675,3,24,0,0,0,0,,,,3.64263
55684589,18,3365.13,5405.37,8,9.23373,15.4643,3,24,0,0,1,1,3365.2,6306.71,4,9.33907
55684589,19,3365.69,4484.14,4,6.17864,9.0713,3,24,0,0,0,0,,,,5.79259
56937249,0,3364.33,1885.53,1,3.51718,3.57994,3,24,0,0,0,0,,,,4.0145
56937249,1,3345.76,477.278,24,3.39419,4.43933,3,24,0,0,0,0,,,,3.40422
56937249,2,3366.94,1277.43,2,3.21935,3.42999,3,24,0,0,0,0,,,,5.20583
56937249,3,3350.3,30305,1,56.5296,57.5381,3,24,0,0,1,1,3350.3,27582.4,1,57.692
56937249,4,3354.13,819.286,24,5.8264,7.62048,3,24,0,0,0,0,,,,3.48803
56937249,5,3349.4,3844.42,4,13.2937,14.5983,3,24,0,0,1,1,3349.4,3535.67,4,13.1438
56937249,6,3340.81,4028.46,2,10.1524,10.8167,3,24,0,0,1,1,3340.8,4247.24,1.5,10.9361
56937249,7,3347.32,1717.1,1,3.20299,3.26014,3,24,0,0,0,0,,,,5.44461
56937249,8,3346.42,2093.83,16,11.8523,15.9017,3,24,0,0,1,1,3346.48,1616.4,12,8.88663
56937249,9,3345.62,1235.63,2,3.11401,3.31775,3,24,0,0,0,0,,,,3.26263
56937249,10,3352.15,1456.69,24,10.3593,13.5492,3,24,0,0,0,0,,,,4.62305
56937249,11,3351.43,713.29,16,4.03764,5.4171,3,24,0,0,0,0,,,,3.09695
56937249,12,3350.85,2907.88,16,16.4603,22.084,3,24,0,0,1,1,3350.82,2869.71,12,12.7949
56937249,13,3340.67,672.292,16,3.80557,5.10575,3,24,0,0,0,0,,,,3.51592
56937249,14,3363.47,5304.36,24,37.7222,49.3378,3,24,0,0,1,1,3363.46,4397.86,24,36.7713
56937249,15,3348.13,3719.75,4,12.8626,14.1249,3,24,0,0,1,1,3348.12,3847.35,3,12.6483
56937249,16,3345.47,11891.4,4,41.1196,45.155,3,24,0,0,0,0,,,,
56937249,17,3365.98,2100.3,4,7.26263,7.97538,3,24,0,0,1,1,3365.98,1893.79,4,7.04401
56937249,18,3363.4,7923.28,16,44.8504,60.1736,3,24,0,0,1,1,3363.37,7646.1,12,43.5546
56937249,19,3349.03,1147.12,24,8.15779,10.6698,3,24,0,0,0,0,,,,5.04339
56940114,0,3365.18,3050.54,1,8.59815,8.67931,3,24,0,0,1,1,3365.18,2542.5,1,7.84999
56940114,1,3365.63,1125.05,24,17.7229,15.6814,3,24,0,0,0,0,,,,6.3225
56940114,2,3354.92,3999.92,2,15.8501,16.0944,3,24,0,0,1,1,3354.91,4062.65,1,12.621
56940114,3,3346.51,193.617,24,3.05005,2.69873,3,24,0,0,0,0,,,,3.73756
56940114,4,3340.54,427.428,24,6.73327,5.95769,3,24,0,0,0,0,,,,3.42854
56940114,5,3363.67,10716.7,1,30.2058,30.491,3,24,0,0,1,1,3363.67,9831.34,1,30.7639
56940114,6,3364.82,5493.77,4,29.1347,31.2615,3,24,0,0,1,1,3364.82,4956.53,4,28.282
56940114,7,3353.91,12419.1,2,49.212,49.9707,3,24,0,0,1,1,3353.92,11681.7,1,36.6313
56940114,8,3345.6,1781.13,8,13.0449,14.3335,3,24,0,0,1,1,3345.69,1777.12,4,10.3098
56940114,9,3350.7,3431.05,4,18.1956,19.5239,3,24,0,0,1,1,3350.71,3323.45,3,16.7015
56940114,10,3350.34,2682.21,1,7.56,7.63136,3,24,0,0,1,1,3350.34,2534.32,1,7.83013
56940114,11,3352.13,443.056,16,4.59194,5.04228,3,24,0,0,0,0,,,,3.35436
56940114,12,3345.98,5025.1,16,52.0813,57.1892,3,24,0,0,1,1,3345.98,5095.06,12,49.6033
56940114,13,3345.67,2397.55,2,9.50054,9.64701,3,24,0,0,1,1,3345.68,2305.24,2,10.0007
56940114,14,3350.15,698.098,4,3.70217,3.97242,3,24,0,0,0,0,,,,3.64426
56940114,15,3353.07,2119.58,24,33.3898,29.5437,3,24,0,0,1,1,3353.12,1862.5,24,26.7382
56940114,16,3352.68,2469.74,2,9.78657,9.93745,3,24,0,0,1,1,3352.69,2633.59,1.5,10.3279
56940114,17,3353.06,696.01,16,7.21362,7.92109,3,24,0,0,0,0,,,,5.53434
56940114,18,3349.31,3576.75,4,18.9683,20.353,3,24,0,0,1,1,3349.31,3266.93,4,18.4989
56940114,19,3351.68,237.262,24,3.73759,3.30707,3,24,0,0,0,0,,,,3.11689
21669239,0,3361.21,6697.5,16,57.6472,166.986,3,24,0,0,1,1,3361.21,6490.66,16,61.8295
21669239,1,3343.91,4160.77,4,23.7936,51.8694,3,24,0,0,1,1,3343.91,4326.6,3,25.5837
21669239,2,3365.94,2827.89,1,11.7986,17.6266,3,24,0,0,1,1,3365.95,2780.1,1,12.8165
21669239,3,3352.78,2414.95,1,10.0758,15.0528,3,24,0,0,1,1,3352.78,2007.02,1,9.31813
21669239,4,3354.53,1477.47,8,10.9063,26.0478,3,24,0,0,0,0,,,,6.64726
21669239,5,3351.23,1899.87,24,18.3718,58.0145,3,24,0,0,1,1,3351.25,1650.91,24,17.3994
21669239,6,3347.55,2103.83,16,18.1082,52.4538,3,24,0,0,1,1,3347.57,1975.6,12,15.6409
21669239,7,3350.64,939.191,2,4.59924,8.27897,3,24,0,0,0,0,,,,4.87303
21669239,8,3367.32,2619.65,8,19.3375,46.1844,3,24,0,0,1,1,3367.26,2970.74,4,18.851
21669239,9,3345.06,2632.68,8,19.4337,46.4142,3,24,0,0,1,1,3345.07,2391.65,8,18.2716
21669239,10,3361.94,3544.47,16,30.5082,88.3727,3,24,0,0,1,1,3361.93,3474.04,12,28.5372
21669239,11,3344.08,1925.76,24,18.6222,58.8052,3,24,0,0,1,1,3344.05,1637.36,24,16.7587
21669239,12,3340.8,605.939,8,4.47287,10.6827,3,24,0,0,0,0,,,,3.66606
21669239,13,3364.81,5279.68,2,25.8547,46.5404,3,24,0,0,1,1,3364.81,5343.13,1.5,26.6721
21669239,14,3354.46,7705.61,8,56.8806,135.85,3,24,0,0,1,1,3354.46,6430.07,8,49.2401
21669239,15,3361.99,530.684,24,5.13174,16.205,3,24,0,0,0,0,,,,3.65465
21669239,16,3339.98,628.815,8,4.64173,11.086,3,24,0,0,0,0,,,,4.57213
21669239,17,3354.2,1353.93,4,7.74252,16.8785,3,24,0,0,0,0,,,,6.18154
21669239,18,3355.39,8088.73,4,46.2558,100.836,3,24,0,0,1,1,3355.39,7997.56,3,47.1209
21669239,19,3364.46,8035.63,4,45.9522,100.174,3,24,0,0,1,1,3364.46,7929.17,3,47.1652
24005068,0,3340.47,7279.33,16,15.95,34.8465,2.5,20,1,0,1,1,3340.56,6668.61,8,15.6886
24005068,1,3364.54,27283.8,2,36.522,46.1771,3,24,0,0,1,1,3364.54,26627.1,1.5,35.0151
24005068,2,3352.99,45617.7,1,44.695,54.5935,3,24,0,0,1,1,3352.99,39714.6,1,43.2426
24005068,3,3366.35,2542.57,16,5.57111,12.1714,2.5,20,1,0,0,0,,,,3.84034
24005068,4,3365.99,1806.95,16,3.95926,8.64994,2.5,20,1,0,0,0,,,,3.51286
24005068,5,3364.13,28071.6,4,45.3729,67.1899,2.5,20,1,0,1,1,3364.12,28728.2,3,48.1938
24005068,6,3354.8,4830.5,8,10.2092,16.351,3,24,0,0,1,1,3354.81,11871.6,6,25.9115
24005068,7,3366.45,2621.88,8,5.54133,8.87493,2.5,20,1,0,0,0,,,,4.8736
24005068,8,3345.47,4113.82,2,5.50676,6.96255,3,24,0,0,0,0,,,,
24005068,9,3340.7,15404.6,4,24.8989,36.8712,3,24,0,0,1,1,3340.71,15698.5,3,25.6385
24005068,10,3352.16,16316.9,2,21.8418,27.616,3,24,0,0,1,1,3352.15,15146.1,2,22.3569
24005068,11,3366.72,21070.1,4,34.0562,50.4317,3,24,0,0,1,1,3366.72,20614.3,3,34.2328
24005068,12,3366.1,5011.09,2,6.70785,8.48116,2.5,20,1,0,1,0,3366.1,4730.32,2,7.201
24005068,13,3365.63,9397.95,16,20.5922,44.9884,2,16,1,0,1,1,3365.53,9441.77,8,19.7046
24005068,14,3351.57,15397.2,8,32.542,52.1188,3,24,0,0,1,1,3351.59,14883,6,30.8102
24005068,15,3340.24,3126.25,2,4.1848,5.29111,3,24,0,0,0,0,,,,3.38637
24005068,16,3354.73,4773.68,2,6.39005,8.07934,3,24,0,0,0,0,,,,15.2419
24005068,17,3346.48,9790.92,2,13.1061,16.5709,2.5,20,1,0,0,0,,,,5.07075
24005068,18,3348.06,8565.68,16,18.7686,41.0043,2.5,20,1,0,1,1,3348.07,7718.25,16,18.9335
24005068,19,3367.01,11383.6,16,24.9429,54.4936,2.5,20,1,0,1,1,3367.11,11564.6,8,28.3025
26662089,0,3360.89,3284.69,16,10.9954,55.6351,3,24,0,0,1,1,3361.09,3015.11,2,9.14919
26662089,1,3349.72,6628.14,1,15.9601,28.0664,3,24,0,0,1,1,3349.72,6170.38,1,16.3447
26662089,2,3367.32,14304.2,4,43.5052,121.14,3,24,0,0,1,1,3367.31,15385.3,2,48.4876
26662089,3,3347.71,3089.92,4,9.39778,26.1681,3,24,0,0,1,1,3347.72,3129.23,3,9.90451
26662089,4,3359.09,4953.37,4,15.0653,41.9493,3,24,0,0,1,1,3359.09,4621.94,3,14.663
26662089,5,3349.99,3147.12,1,7.57805,13.3262,3,24,0,0,1,1,3349.99,2892.47,1,7.68444
26662089,6,3358.8,3261.4,1,7.85324,13.8102,3,24,0,0,0,0,,,,
26662089,7,3355.25,1139.26,16,3.81364,19.2964,3,24,0,0,0,0,,,,2.76029
26662089,8,3347.83,6781.56,2,18.8412,40.6106,3,24,0,0,1,1,3347.83,6695.68,1.5,18.9261
26662089,9,3350.71,2038.45,4,6.1998,17.2633,3,24,0,0,0,0,,,,5.45996
26662089,10,3345.5,1302.76,2,3.61944,7.8014,3,24,0,0,0,0,,,,5.94203
26662089,11,3340.08,8800.55,16,29.4596,149.061,3,24,0,0,1,1,3340.12,9545.44,8,37.3662
26662089,12,3362.45,11831.1,4,35.9834,100.196,3,24,0,0,1,1,3362.45,11598.9,3,37.5313
26662089,13,3353.1,3442.09,8,12.2208,41.2251,3,24,0,0,1,1,3353.1,2915.06,6,11.1783
26662089,14,3354.6,1992.81,8,7.07528,23.8675,3,24,0,0,0,0,,,,6.6909
26662089,15,3364.41,1247,24,4.51005,25.8683,3,24,0,0,0,0,,,,3.98695
26662089,16,3361.97,5792.37,4,17.6171,49.0547,3,24,0,0,1,1,3361.96,5825.92,3,18.2723
26662089,17,3349.93,1158.72,2,3.21928,6.93887,3,24,0,0,0,0,,,,3.61279
26662089,18,3365,3097.52,16,10.3689,52.465,3,24,0,0,1,1,3364.89,3147.31,8,10.5792
26662089,19,3355.13,5522.98,24,19.9751,114.571,3,24,0,0,1,1,3355.21,3099.2,6,12.0369
47669611,0,3348.62,1478.22,8,4.85683,11.7199,3,24,0,0,0,0,,,,5.92799
47669611,1,3352.4,3729.96,1,8.38726,10.4555,3,24,0,0,1,1,3352.4,3185.03,1,7.93461
47669611,2,3358.06,4626.92,1,10.4042,12.9698,3,24,0,0,1,1,3358.06,4065.27,1,10.1495
47669611,3,3365.62,1557.32,1,3.50183,4.36536,3,24,0,0,0,0,,,,2.93148
47669611,4,3347.03,4813.97,4,14.6873,26.9882,3,24,0,0,1,1,3347.03,5238.37,2,15.6315
47669611,5,3350.92,1719.46,1,3.86642,4.81985,3,24,0,0,0,0,,,,3.45564
47669611,6,3354.31,9254.3,8,30.4059,73.3719,3,24,0,0,1,1,3354.31,9740.41,6,33.791
47669611,7,3354.05,2637.42,16,10.1247,29.572,3,24,0,0,1,1,3354.12,3093.81,8,11.2261
47669611,8,3363.9,5673.86,2,15.668,22.4924,3,24,0,0,1,1,3363.9,6395.07,1.5,17.8234
47669611,9,3366.15,6373.85,8,20.9419,50.5345,3,24,0,0,1,1,3366.17,6338.77,6,20.8504
47669611,10,3350.2,5640.84,16,21.6543,63.2477,3,24,0,0,1,1,3350.18,5955.42,8,19.7308
47669611,11,3366.87,1962.39,2,5.419,7.77931,3,24,0,0,0,0,,,,5.14844
47669611,12,3340.43,8338.84,1,18.7509,23.3747,3,24,0,0,1,1,3340.43,7121.69,1,17.8019
47669611,13,3367.1,1055.19,16,4.05074,11.8313,3,24,0,0,0,0,,,,3.33486
47669611,14,3353.33,9691.92,2,26.7635,38.4208,3,24,0,0,1,1,3353.33,9488.07,1.5,26.4649
47669611,15,3347.34,1054.28,8,3.46395,8.35879,3,24,0,0,0,0,,,,3.2365
47669611,16,3362.66,2275.27,8,7.47561,18.0392,3,24,0,0,1,1,3362.61,2352.21,4,7.76546
47669611,17,3350.54,1363.56,24,6.46188,18.725,3,24,0,0,0,0,,,,4.36638
47669611,18,3354.6,1467.89,2,4.05348,5.81903,3,24,0,0,0,0,,,,4.97056
47669611,19,3361.42,5318.33,8,17.4739,42.1659,3,24,0,0,1,1,3361.42,4836.43,6,16.5245
10153942,0,3365.74,1429.82,8,3.22123,4.23305,3,24,0,0,0,0,,,,3.86886
10153942,1,3354.11,4667.32,1,4.81849,4.88532,3,24,0,0,0,0,,,,2.35813
10153942,2,3363.3,1648,8,3.71275,4.87897,3,24,0,0,0,0,,,,3.9842
10153942,3,3345.53,6337.83,1,6.54311,6.63386,3,24,0,0,0,0,,,,
10153942,4,3350.36,20873.1,8,47.0248,61.7958,3,24,0,0,1,1,3350.36,19207,8,46.2907
10153942,5,3352.81,1566.1,24,6.75112,8.03064,3,24,0,0,0,0,,,,3.95556
10153942,6,3363.86,16711.2,1,17.2524,17.4917,3,24,0,0,1,1,3363.87,14698.6,1,16.801
10153942,7,3352.94,3885.65,4,7.01334,8.13428,3,24,0,0,0,0,,,,6.96347
10153942,8,3340.26,8349.16,24,35.9915,42.8129,2,16,1,0,0,0,,,,5.46045
10153942,9,3363.2,3429.72,1,3.54081,3.58992,3,24,0,0,0,0,,,,3.19155
10153942,10,3364.52,1261.86,16,3.72865,5.2832,3,24,0,0,0,0,,,,3.84674
10153942,11,3354.59,43193.2,1,44.5922,45.2107,3,24,0,0,1,1,3354.6,38501.8,1,43.8708
10153942,12,3346.04,9984.42,24,43.0408,51.1982,3,24,0,0,1,1,3345.98,10312.1,12,28.3025
10153942,13,3363.54,4362.66,1,4.50397,4.56643,3,24,0,0,0,0,,,,5.16861
10153942,14,3367.3,7102.12,8,16.0003,21.0261,3,24,0,0,1,1,3367.25,6437.74,4,13.03
10153942,15,3353.96,23885.1,1,24.6588,25.0008,3,24,0,0,1,1,3353.96,21086.2,1,24.1398
10153942,16,3340.26,3183.63,4,5.74625,6.66468,3,24,0,0,0,0,,,,6.11607
10153942,17,3350.52,16866.1,1,17.4124,17.6539,3,24,0,0,1,1,3350.52,14843.6,1,16.9514
10153942,18,3354.07,7746.99,8,17.4531,22.9353,3,24,0,0,1,1,3354.09,7079.09,6,16.1409
10153942,19,3348.17,1851.71,8,4.1717,5.48207,3,24,0,0,0,0,,,,4.85235
11908422,0,3346.75,1459.28,2,7.87395,12.8263,3,24,0,0,1,1,3346.75,1563.76,1.5,8.77739
11908422,1,3367.06,5086,2,27.443,44.7033,3,24,0,0,1,1,3367.05,4573.16,1.5,25.7121
11908422,2,3352.4,1437.55,24,17.4605,43.7701,3,24,0,0,1,1,3352.41,1253.4,24,12.1762
11908422,3,3348.87,1033.25,1,4.8854,6.42176,3,24,0,0,0,0,,,,6.10608
11908422,4,3367.34,504.958,24,6.1332,15.3748,3,24,0,0,0,0,,,,1.87026
11908422,5,3364.69,653.636,24,7.93904,19.9017,3,24,0,0,0,0,,,,5.12252
11908422,6,3350.03,2689.84,4,17.104,33.4353,3,24,0,0,1,1,3350.03,2469.14,3,16.164
11908422,7,3349.75,10970.2,1,51.869,68.1808,3,24,0,0,1,1,3349.75,10165.4,1,53.1732
11908422,8,3365.12,475.942,16,4.86804,11.8321,3,24,0,0,0,0,,,,3.78619
11908422,9,3354.56,330.891,24,4.01899,10.0748,3,24,0,0,0,0,,,,2.46937
11908422,10,3354.28,2659.66,1,12.5754,16.5301,3,24,0,0,1,1,3354.28,1521.53,1,8.08275
11908422,11,3350.59,5366.33,1,25.373,33.3523,3,24,0,0,1,1,3350.59,4577.59,1,23.7383
11908422,12,3366.84,6498.49,8,55.1649,114.237,3,24,0,0,1,1,3366.84,5524.59,8,44.6724
11908422,13,3349.56,3642.73,1,17.2235,22.64,3,24,0,0,1,1,3349.56,3015.74,1,15.7661
11908422,14,3347.61,1255.99,2,6.77704,11.0395,3,24,0,0,0,0,,,,5.67058
11908422,15,3364.94,691.124,24,8.39437,21.0431,3,24,0,0,0,0,,,,4.6431
11908422,16,3366.6,565.193,4,3.59392,7.02547,3,24,0,0,0,0,,,,3.9578
11908422,17,3353.51,820.863,4,5.21966,10.2035,3,24,0,0,0,0,,,,5.61113
11908422,18,3364.03,1598.23,4,10.1627,19.8663,3,24,0,0,1,1,3364.03,1669.57,3,10.6356
11908422,19,3350.63,4545.74,2,24.5278,39.9547,3,24,0,0,1,1,3350.62,4299.72,1.5,24.3002
14217561,0,3346.39,9986.25,4,23.4668,117.952,0.75,6,1,0,1,1,3346.41,4009.18,6,8.88113
14217561,1,3366.18,3723.28,8,10.6403,62.1932,0.75,6,1,0,0,0,,,,6.77168
14217561,2,3353.04,1234.53,8,3.52802,20.6214,0.75,6,1,0,0,0,,,,3.86914
14217561,3,3344.16,6136,1,12.1899,36.2375,0.75,6,1,0,1,1,3344.15,4972.34,1,10.9469
14217561,4,3342.96,1205.41,8,3.4448,20.135,0.75,6,1,0,0,0,,,,4.7637
14217561,5,3340.47,1385.79,8,3.96031,23.1482,0.75,6,1,0,0,0,,,,2.33051
14217561,6,3340.02,11646.6,2,24.3906,97.2715,0.75,6,1,0,1,1,3340.03,11930.5,1.5,27.2981
14217561,7,3354.28,18531,2,38.8082,154.77,0.75,6,1,0,1,1,3354.28,18915.4,1.5,43.0192
14217561,8,3354.14,14798.1,1,29.3981,87.3934,0.75,6,1,0,1,1,3354.14,13118.5,1,28.649
14217561,9,3364.1,1988.25,2,4.16385,16.6057,0.75,6,1,0,0,0,,,,3.33204
14217561,10,3365.32,1610.63,8,4.60283,26.9037,0.75,6,1,0,0,0,,,,4.66634
14217561,11,3355,3128.59,4,7.35193,36.9532,0.75,6,1,0,1,1,3354.99,4087.4,3,9.81225
14217561,12,3348.5,10302.2,2,21.5752,86.0434,0.75,6,1,0,1,1,3348.5,9814.85,1.5,22.3167
14217561,13,3354.73,1853.04,24,25.593,53.6123,0.75,6,1,0,0,0,,,,2.90817
14217561,14,3344.34,1853.22,8,5.2961,30.9559,0.75,6,1,0,0,0,,,,1.52375
14217561,15,3349.33,5333.17,2,11.1689,44.5423,0.75,6,1,0,1,1,3349.33,5007.21,1.5,11.4903
14217561,16,3367.4,1980.82,1,3.93512,11.6981,0.75,6,1,0,0,0,,,,
14217561,17,3357.72,2218.49,16,11.1095,52.4071,0.75,6,1,0,0,0,,,,3.33078
14217561,18,3342.93,21458.1,1,42.6289,126.725,0.75,6,1,0,1,1,3342.93,20322,1,45.3302
14217561,19,3343.23,6221.11,1,12.3589,36.7401,0.75,6,1,0,1,1,3343.23,4693.23,1,10.3423
21180515,0,3359.3,7569.84,8,50.88,56.7681,3,24,0,0,1,1,3359.3,7460.44,6,46.4279
21180515,1,3353.84,1130.48,4,5.32635,5.99468,3,24,0,0,0,0,,,,5.20641
21180515,2,3364.16,1148.69,2,3.84747,4.30716,3,24,0,0,0,0,,,,3.00676
21180515,3,3345.96,5371.2,4,25.3069,28.4823,3,24,0,0,1,1,3345.96,5068.25,4,26.3307
21180515,4,3345.05,5144.88,2,17.2325,19.2914,3,24,0,0,1,1,3345.05,4911.48,2,17.8291
21180515,5,3344.37,4830.62,8,32.4686,36.2261,3,24,0,0,1,1,3344.37,4210.91,8,29.3682
21180515,6,3367.2,521.275,16,3.92415,5.5284,3,24,0,0,0,0,,,,2.3493
21180515,7,3361.31,1739.67,24,14.3993,22.5968,3,24,0,0,1,1,3361.3,1403.34,24,11.7021
21180515,8,3347.31,843.184,8,5.66738,6.32325,3,24,0,0,0,0,,,,4.49864
21180515,9,3348.05,7784.91,1,18.6881,20.6408,3,24,0,0,1,1,3348.05,6464.69,1,17.1596
21180515,10,3364.22,1107.05,8,7.44093,8.30204,3,24,0,0,0,0,,,,6.20222
21180515,11,3348.52,8106.78,8,54.489,60.7948,3,24,0,0,1,1,3348.52,7375.43,8,51.6531
21180515,12,3351.1,11925.3,1,28.6275,31.6186,3,24,0,0,1,1,3351.1,10453.7,1,27.7511
21180515,13,3365.67,3758.1,8,25.2597,28.183,3,24,0,0,1,1,3365.69,3519.38,8,24.3885
21180515,14,3344.24,1144.32,2,3.83283,4.29077,3,24,0,0,0,0,,,,3.80227
21180515,15,3347.67,4600.05,16,34.6291,48.786,3,24,0,0,1,1,3347.64,4465.69,12,32.2458
21180515,16,3353.87,1910.12,4,8.99971,10.129,3,24,0,0,1,1,3353.8,1521.25,8,8.91595
21180515,17,3345.29,1921.59,2,6.43624,7.20524,3,24,0,0,0,0,,,,5.82502
21180515,18,3366.21,8958.18,4,42.2073,47.5032,3,24,0,0,1,1,3366.21,8290.77,4,42.8496
21180515,19,3358.51,2725.28,1,6.5422,7.22577,3,24,0,0,0,0,,,,6.42381
59272735,0,3346.42,77.0387,24,4.56559,8.76364,3,24,0,0,0,0,,,,4.26614
59272735,1,3354.87,466.347,8,17.0316,30.6284,3,24,0,0,1,1,3354.87,372.542,8,15.2678
59272735,2,3340.36,923.838,24,54.7499,105.092,3,24,0,0,0,0,,,,6.732
59272735,3,3340.4,1344.09,4,37.9749,62.4208,3,24,0,0,1,1,3340.41,1268.36,4,39.4999
59272735,4,3361.59,1693.35,2,38.6715,55.6074,3,24,0,0,1,1,3361.59,1709.88,1.5,39.5394
59272735,5,3361.52,226.944,2,5.18277,7.45252,3,24,0,0,0,0,,,,5.27682
59272735,6,3354.22,169.167,24,10.0254,19.2438,3,24,0,0,1,1,3354.19,253.656,24,15.42
59272735,7,3355.76,79.9661,16,3.74134,7.42738,3,24,0,0,0,0,,,,2.36442
59272735,8,3362.94,228.682,24,13.5525,26.014,3,24,0,0,1,1,3362.96,201.912,24,10.9719
59272735,9,3362.36,380.559,1,6.79561,8.83673,3,24,0,0,0,0,,,,6.25495
59272735,10,3361.15,88.792,16,4.15428,8.24715,3,24,0,0,0,0,,,,4.66825
59272735,11,3342.39,197.274,2,4.5052,6.47822,3,24,0,0,0,0,,,,5.51711
59272735,12,3357.47,3271.36,1,58.4166,75.9624,3,24,0,0,1,1,3357.47,2976.51,1,59.1574
59272735,13,3352.89,66.7773,24,3.95746,7.59634,3,24,0,0,0,0,,,,2.97415
59272735,14,3361.03,222.03,8,8.10881,14.5823,3,24,0,0,0,0,,,,9.32894
59272735,15,3343.59,313.049,24,18.5524,35.6114,3,24,0,0,1,1,3343.57,318.59,24,19.2684
59272735,16,3366.63,630.87,1,11.2654,14.6491,3,24,0,0,1,1,3366.63,480.144,1,9.54357
59272735,17,3362.01,165.394,16,7.73824,15.3621,3,24,0,0,0,0,,,,4.64785
59272735,18,3354.99,408.08,8,14.9036,26.8016,3,24,0,0,1,1,3354.98,272.97,8,11.3307
59272735,19,3353.06,276.365,4,7.80819,12.8346,3,24,0,0,1,1,3353.05,292.301,3,8.15318
64037275,0,3354.9,2866.39,16,9.48536,49.0853,1,8,1,0,0,0,,,,2.97467
64037275,1,3364.63,5231.04,24,31.9654,109.711,1.25,10,1,0,0,0,,,,4.65355
64037275,2,3362.93,5900.64,1,9.49977,25.2613,1.25,10,1,0,1,1,3362.93,5667.71,1,10.0487
64037275,3,3346.48,12024.6,1,19.3591,51.4786,1.25,10,1,0,0,0,,,,4.01567
64037275,4,3351.81,12665,4,24.4056,108.44,1.25,10,1,0,1,1,3351.81,13270.6,3,28.2215
64037275,5,3353.07,2834.65,16,9.38032,48.5418,1.25,10,1,0,0,0,,,,4.41571
64037275,6,3351.22,4256.13,4,8.20162,36.4419,1.25,10,1,0,1,1,3351.21,4418.25,1.5,8.26647
64037275,7,3347.24,9824.76,8,21.5207,118.966,1.25,10,1,0,1,1,3347.25,10360.7,6,22.5696
64037275,8,3367.24,15224.6,16,50.3807,260.713,1.25,10,1,0,1,1,3367.06,15951.1,4,32.7925
64037275,9,3361.83,3434.14,8,7.52232,41.5833,1.25,10,1,0,0,0,,,,6.9672
64037275,10,3350.51,8028.24,4,15.4705,68.7395,1.25,10,1,0,1,1,3350.52,8204.85,3,16.9176
64037275,11,3366.52,1923.19,24,11.7521,40.3352,3,24,0,0,0,0,,,,5.0227
64037275,12,3351.83,6700.7,4,12.9123,57.3728,1.25,10,1,0,1,1,3351.83,7366.14,3,15.6742
64037275,13,3365.3,4445.76,24,27.1668,93.2412,1,8,1,0,0,0,,,,5.99383
64037275,14,3361.74,1945.5,16,6.43796,33.3155,1,8,1,0,0,0,,,,2.95938
64037275,15,3361.62,6393.38,8,14.0044,77.4161,1.25,10,1,0,1,1,3361.62,6576.04,6,13.8176
64037275,16,3347.76,8309.75,1,13.3783,35.5749,1.25,10,1,0,1,1,3347.75,7221.82,1,12.8216
64037275,17,3353.49,31291.2,2,55.7478,189.449,1.25,10,1,0,1,1,3353.53,15421.4,6,26.4076
64037275,18,3340.03,4215.6,8,9.23406,51.0458,1.25,10,1,0,0,0,,,,6.03041
64037275,19,3355.13,9736.63,1,15.6755,41.6835,1.25,10,1,0,1,1,3355.13,8111.89,1,14.4814
88730030,0,3349.44,10046,2,19.1735,28.1698,3,24,0,0,1,1,3349.44,8371.72,2,17.5222
88730030,1,3366.29,15012.4,2,28.6523,42.096,3,24,0,0,1,1,3366.29,14721.5,1.5,27.8833
88730030,2,3351.73,7220.35,24,35.3951,70.1359,3,24,0,0,1,1,3351.74,6720.04,24,28.0615
88730030,3,3363.46,836.528,24,4.10077,8.12574,3,24,0,0,0,0,,,,3.27548
88730030,4,3365.96,4944.63,16,17.3515,39.2166,3,24,0,0,1,1,3365.96,4071.95,16,18.4881
88730030,5,3347.04,4446.86,16,15.6048,35.2688,3,24,0,0,1,1,3347.05,5188.27,12,18.9068
88730030,6,3365.11,5899.73,24,28.9213,57.3079,3,24,0,0,1,1,3365.08,4753.79,24,24.6893
88730030,7,3340.76,3066.11,2,5.85191,8.59766,3,24,0,0,1,1,3340.75,3474.5,2,7.33468
88730030,8,3365.46,7679.97,1,12.1505,15.2278,3,24,0,0,1,1,3365.46,5978.36,1,10.4389
88730030,9,3365.47,2259.77,24,11.0777,21.9506,3,24,0,0,0,0,,,,6.09471
88730030,10,3353.26,7420.86,4,17.0722,29.428,3,24,0,0,1,1,3353.26,7410.7,4,18.9514
88730030,11,3348.67,6426.96,1,10.1681,12.7433,3,24,0,0,1,1,3348.67,5285.83,1,9.19731
88730030,12,3351.8,2456.41,24,12.0416,23.8607,3,24,0,0,0,0,,,,6.40097
88730030,13,3351.8,3370.62,16,11.8281,26.7329,3,24,0,0,1,1,3351.78,3599.04,12,10.7211
88730030,14,3363.8,3590.04,24,17.5988,34.8723,3,24,0,0,1,1,3363.79,3369.22,24,14.6524
88730030,15,3353.33,2757.93,4,6.34481,10.9368,3,24,0,0,1,1,3353.32,3021.78,4,7.79639
88730030,16,3349.33,2300.57,24,11.2777,22.3469,3,24,0,0,0,0,,,,6.31655
88730030,17,3347.39,2301.5,24,11.2823,22.3559,3,24,0,0,1,1,3347.44,2339.29,24,13.0397
88730030,18,3363.26,3840.64,1,6.0763,7.61518,3,24,0,0,1,1,3363.26,4341.7,1,7.59512
88730030,19,3349.51,7030.65,4,16.1745,27.8806,3,24,0,0,1,1,3349.51,7232.86,3,16.3581
88770485,0,3348.11,10531.9,1,18.0795,20.0277,3,24,0,0,1,1,3348.11,8747.06,1,16.5849
88770485,1,3340.9,1724.63,16,8.27097,13.1184,3,24,0,0,0,0,,,,4.88891
88770485,2,3364.66,12485.9,16,59.88,94.9743,3,24,0,0,1,1,3364.67,12530.7,12,54.8823
88770485,3,3364.64,13832.3,8,55.8202,74.3983,3,24,0,0,1,1,3364.63,13744.9,6,50.0751
88770485,4,3350.51,7153.13,1,12.2794,13.6026,3,24,0,0,1,1,3350.51,6304.91,1,11.7382
88770485,5,3354.67,8765.11,16,42.0356,66.6718,3,24,0,0,1,1,3354.68,8661.58,8,34.9563
88770485,6,3366.15,7276.04,1,12.4904,13.8363,3,24,0,0,1,1,3366.15,5952.45,1,11.185
88770485,7,3347.71,10966.3,1,18.8252,20.8538,3,24,0,0,1,1,3347.71,8799.45,1,16.5548
88770485,8,3350.49,3230.97,4,9.94458,12.2882,3,24,0,0,1,1,3350.51,3046.96,3,9.56351
88770485,9,3350.53,11257.6,8,45.43,60.55,3,24,0,0,1,1,3350.52,10991.2,6,40.9384
88770485,10,3363.61,1811.08,2,4.30135,4.87053,3,24,0,0,0,0,,,,3.99163
88770485,11,3365.95,1443.82,2,3.4291,3.88286,3,24,0,0,0,0,,,,2.97447
88770485,12,3353.4,2480.64,2,5.89159,6.6712,3,24,0,0,0,0,,,,4.12282
88770485,13,3349.62,2411.63,1,4.1399,4.58601,3,24,0,0,0,0,,,,3.91981
88770485,14,3363.97,9145.23,16,43.8586,69.5632,3,24,0,0,1,1,3363.96,9490.46,12,42.1833
88770485,15,3363.39,3146.53,24,16.7348,29.3132,3,24,0,0,1,1,3363.43,2779.42,24,18.2933
88770485,16,3365.35,10021.6,4,30.8455,38.1147,3,24,0,0,1,1,3365.34,9243.85,3,28.6147
88770485,17,3365.52,1514.89,4,4.66267,5.7615,3,24,0,0,0,0,,,,5.06453
88770485,18,3352.24,12515.1,4,38.5201,47.5979,3,24,0,0,1,1,3352.25,11986.8,3,37.1329
88770485,19,3363.78,14282.7,2,33.9218,38.4105,3,24,0,0,1,1,3363.78,14059.9,1.5,33.2564
99397610,0,3344.21,4740.67,16,57.7806,84.8228,3,24,0,0,1,1,3344.18,4634.26,12,55.4654
99397610,1,3353.45,3686.1,1,16.632,16.4885,3,24,0,0,0,0,,,,8.50618
99397610,2,3353.08,4681.65,4,35.6915,41.8834,3,24,0,0,1,1,3353.07,4291.3,4,35.8952
99397610,3,3349.43,477.405,4,3.63959,4.271,3,24,0,0,0,0,,,,3.44685
99397610,4,3359.16,8588.72,1,38.7531,38.4186,3,24,0,0,1,1,3359.16,7650.8,1,38.2384
99397610,5,3359.16,940.047,16,11.4576,16.8199,3,24,0,0,1,1,3359.21,1021.26,12,11.6035
99397610,6,3364.07,5834.47,8,52.9097,73.8175,3,24,0,0,1,1,3364.07,6005.31,6,56.7006
99397610,7,3351.06,3390.2,1,15.2969,15.1648,3,24,0,0,1,1,3351.05,2910.41,1,14.5256
99397610,8,3365.37,3009.21,2,18.1491,19.0362,3,24,0,0,1,1,3365.37,2741.76,2,18.2544
99397610,9,3359.24,2489.61,24,38.1097,54.5569,3,24,0,0,1,1,3359.25,2311.77,24,33.0193
99397610,10,3345.02,480.776,4,3.66529,4.30116,3,24,0,0,0,0,,,,4.73421
99397610,11,3362.68,629.219,16,7.6691,11.2584,3,24,0,0,0,0,,,,6.11765
99397610,12,3366.72,312.025,16,3.80306,5.58294,3,24,0,0,0,0,,,,2.23683
99397610,13,3343.51,4302.61,8,39.0181,54.4364,3,24,0,0,1,1,3343.53,4191.39,6,39.3065
99397610,14,3340.84,3672.49,24,56.2167,80.4785,3,24,0,0,1,1,3340.85,2843.78,24,48.1103
99397610,15,3362.56,2752.71,1,12.4205,12.3133,3,24,0,0,1,1,3362.56,2433.72,1,12.1519
99397610,16,3359.19,3075.99,24,47.0858,67.4068,3,24,0,0,1,1,3359.21,2836.81,24,40.4342
99397610,17,3354.06,2931.58,2,17.6808,18.5451,3,24,0,0,1,1,3354.05,2508.18,2,16.7442
99397610,18,3357.22,2775.2,8,25.1668,35.1117,3,24,0,0,1,1,3357.21,2915.13,6,27.0605
99397610,19,3341.57,1166.69,24,17.8591,25.5666,3,24,0,0,1,1,3341.45,1086.39,16,13.5007
99817011,0,3364.9,11230.8,2,12.1432,26.6795,3,24,0,0,1,1,3364.89,11635.1,1.5,13.5678
99817011,1,3350.43,11385.5,16,13.8119,76.5006,3,24,0,0,1,1,3350.19,13328.9,1.5,14.6233
99817011,2,3353.33,9484.52,4,10.4504,31.8638,3,24,0,0,1,1,3353.32,8790.47,3,10.7551
99817011,3,3365.54,24867,16,30.1664,167.084,2.5,20,1,0,1,1,3365.52,25153.7,12,31.8894
99817011,4,3363.17,32219.7,8,35.9548,153.08,3,24,0,0,1,1,3363.17,31720.7,6,38.0434
99817011,5,3366.56,8109.81,24,12.2431,66.7372,2,16,1,0,1,1,3366.47,7621.24,16,13.3613
99817011,6,3353.53,13542.5,24,20.4447,111.444,3,24,0,0,1,1,3353.54,11636.9,24,17.0469
99817011,7,3347.36,7589.49,16,9.20691,50.9946,2,16,1,0,0,0,,,,5.98941
99817011,8,3363.02,7640.36,16,9.26861,51.3364,2.5,20,1,0,1,1,3363.05,6174.07,8,8.14138
99817011,9,3347.76,38012.2,8,42.4188,180.601,2.5,20,1,0,1,1,3347.77,38237.2,6,54.1779
99817011,10,3351.38,14178.1,8,15.8218,67.3621,3,24,0,0,1,1,3351.37,14758.9,6,19.4557
99817011,11,3349.75,48833.7,4,53.8066,164.059,3,24,0,0,1,1,3349.75,49480.9,3,58.4982
99817011,12,3349.37,8838.2,1,8.8669,14.8462,3,24,0,0,1,1,3349.37,7877.35,1,8.73642
99817011,13,3367,8420.79,16,10.2154,56.5802,2.5,20,1,0,1,1,3367.13,8333.74,6,11.936
99817011,14,3340.83,8768.29,8,9.78476,41.6593,2.5,20,1,0,1,1,3340.75,7552.77,3,10.4964
99817011,15,3349.08,9882.97,2,10.6859,23.4776,3,24,0,0,1,1,3349.09,8984.57,1,10.1064
99817011,16,3365.37,40811.3,4,44.9672,137.108,2.5,20,1,0,1,1,3365.37,40733.8,3,53.8187
99817011,17,3351.38,41573.4,16,50.4332,279.336,3,24,0,0,1,1,3351.3,42268.5,6,55.3285
99817011,18,3354.27,27825.2,24,42.0068,228.978,3,24,0,0,1,1,3354.01,25414.2,24,39.3536
99817011,19,3353.33,8636.18,8,9.63733,41.0316,3,24,0,0,1,1,3353.3,8028.84,6,10.5105
99899189,0,3366.56,8144.76,1,8.79663,8.40947,3,24,0,0,1,1,3366.56,7166.18,1,8.52898
99899189,1,3365.84,22501.4,8,52.6079,65.712,3,24,0,0,1,1,3365.84,23513,6,56.8314
99899189,2,3364.48,1703.38,8,3.98248,4.97448,3,24,0,0,0,0,,,,3.65813
99899189,3,3352.38,6443.72,2,9.32861,9.40897,3,24,0,0,1,1,3352.38,6472.89,1.5,9.187
99899189,4,3354.14,1735.43,16,4.23338,7.16733,3,24,0,0,0,0,,,,3.28851
99899189,5,3348.52,32790.9,1,35.4153,33.8566,3,24,0,0,1,1,3348.53,30798.4,1,36.9267
99899189,6,3367.05,18542,2,26.8433,27.0746,3,24,0,0,1,1,3367.05,18653.5,1.5,26.5987
99899189,7,3347.63,10845.3,8,25.3563,31.6723,3,24,0,0,1,1,3347.63,10669.9,6,24.8408
99899189,8,3363.59,11808.1,1,12.7532,12.1919,3,24,0,0,1,1,3363.59,9937.8,1,11.8426
99899189,9,3349.03,5679.12,2,8.22169,8.29252,3,24,0,0,1,1,3349.03,4529.55,2,7.24304
99899189,10,3347,47943.7,1,51.7809,49.5019,3,24,0,0,1,1,3347,43182.4,1,51.4323
99899189,11,3351.08,1939.39,4,3.78221,4.00484,3,24,0,0,0,0,,,,4.39463
99899189,12,3340.79,11145.9,4,21.7368,23.0163,3,24,0,0,1,1,3340.78,11964.8,3,23.4083
99899189,13,3353.22,6157.26,24,21.4014,31.1447,3,24,0,0,1,1,3353.3,6608.02,12,17.5815
99899189,14,3352.22,25101.9,8,58.6879,73.3065,3,24,0,0,1,1,3352.21,25258.4,6,56.3298
99899189,15,3353.44,3445.7,8,8.05599,10.0627,3,24,0,0,1,1,3353.46,4597,8,11.0241
99899189,16,3347.18,1398.57,24,4.86115,7.07426,3,24,0,0,0,0,,,,3.58213
99899189,17,3347.94,7157.6,16,17.4602,29.5609,3,24,0,0,1,1,3347.99,7548.35,12,20.1085
99899189,18,3348.42,8769.19,8,20.5022,25.6092,3,24,0,0,1,1,3348.42,8527.12,8,23.2058
99899189,19,3351.31,12701.6,2,18.3882,18.5466,3,24,0,0,1,1,3351.3,11890.8,2,18.9576
99899553,0,3348.08,845.91,4,10.6706,14.0722,3,24,0,0,1,1,3348.07,871.229,4,12.1007
99899553,1,3349.55,3011.66,4,37.9901,50.1007,3,24,0,0,1,1,3349.56,2960.82,3,35.1054
99899553,2,3346.84,2453.44,24,57.0431,99.9745,3,24,0,0,1,1,3346.93,2475.58,16,57.4838
99899553,3,3348.07,1221.83,2,11.878,14.3726,3,24,0,0,1,1,3348.07,1173.57,2,12.7645
99899553,4,3366.76,1981.54,8,33.4184,46.6181,3,24,0,0,1,1,3366.75,1881.02,6,30.0862
99899553,5,3365.53,162.13,16,3.41375,5.39426,3,24,0,0,0,0,,,,3.69349
99899553,6,3366.01,386.415,4,4.87438,6.42825,3,24,0,0,0,0,,,,4.24215
99899553,7,3346.07,2626.17,4,33.1275,43.6879,3,24,0,0,0,0,,,,
99899553,8,3340.28,674.528,4,8.50873,11.2212,3,24,0,0,1,1,3340.27,907.458,3,11.1885
99899553,9,3350.28,186.495,8,3.14521,4.38752,3,24,0,0,0,0,,,,2.94875
99899553,10,3363.5,1343.94,2,13.0651,15.8089,3,24,0,0,1,1,3363.5,1279.43,2,13.5911
99899553,11,3366.73,811.837,24,18.8754,33.0813,3,24,0,0,1,1,3366.78,770.774,12,13.4246
99899553,12,3350.94,4289.85,1,31.5591,35.6821,3,24,0,0,1,1,3350.94,3729.97,1,30.2396
99899553,13,3339.89,604.802,4,7.62918,10.0612,3,24,0,0,0,0,,,,4.83519
99899553,14,3365.31,1756.74,2,17.0781,20.6648,3,24,0,0,1,1,3365.31,1753.95,2,18.9756
99899553,15,3350.94,856.371,16,18.0314,28.4925,3,24,0,0,1,1,3350.92,798.143,12,13.4821
99899553,16,3348.85,2076.74,1,15.278,17.2739,3,24,0,0,1,1,3348.85,1857.78,1,15.06
99899553,17,3347.86,2654.28,4,33.482,44.1555,3,24,0,0,1,1,3347.87,2465.7,4,34.3963
99899553,18,3341.02,810.192,2,7.87627,9.53039,3,24,0,0,0,0,,,,
99899553,19,3364.82,137.745,24,3.20261,5.61294,3,24,0,0,0,0,,,,4.2975
99900334,0,3346.74,9244.5,24,34.548,60.8171,3,24,0,0,1,1,3346.96,9098.15,12,29.3019
99900334,1,3352.13,9866.11,24,36.871,64.9065,3,24,0,0,1,1,3352.23,9479.72,12,24.7936
99900334,2,3362.71,3850.43,24,14.3896,25.331,3,24,0,0,0,0,,,,6.13913
99900334,3,3340.79,4346.8,24,16.2446,28.5965,2.5,20,1,0,0,0,,,,5.59047
99900334,4,3346.65,1154.39,24,4.31411,7.59442,3,24,0,0,0,0,,,,3.92564
99900334,5,3346.56,2042.58,2,3.21771,3.87911,3,24,0,0,0,0,,,,0.664118
99900334,6,3365.23,1722.37,8,4.59727,6.54198,3,24,0,0,0,0,,,,3.46006
99900334,7,3340.74,5612,8,14.9792,21.3157,3,24,0,0,1,1,3340.72,5486.26,6,13.8775
99900334,8,3349.41,1255.38,16,4.14819,6.7433,3,24,0,0,0,0,,,,3.99774
99900334,9,3367.02,8868.58,4,19.6693,23.8189,3,24,0,0,1,1,3367.02,7757.26,4,18.2348
99900334,10,3346.51,10094.6,2,15.9021,19.1708,3,24,0,0,0,0,,,,
99900334,11,3354.61,17540.9,16,57.9608,94.2213,3,24,0,0,1,1,3354.59,18590.3,12,63.1233
99900334,12,3340.02,15561.8,4,34.514,41.7952,3,24,0,0,1,1,3340.02,15041.5,3,32.2207
99900334,13,3348.11,38954.7,1,47.9546,52.3115,3,24,0,0,1,1,3348.12,33356.4,1,45.3663
99900334,14,3340.12,1924.88,2,3.03229,3.65558,3,24,0,0,0,0,,,,2.69441
99900334,15,3350.33,2630.16,24,9.82926,17.3031,3,24,0,0,0,0,,,,4.82236
99900334,16,3353.3,3013.9,2,4.74783,5.72375,3,24,0,0,0,0,,,,5.2992
99900334,17,3348.56,13152.2,16,43.459,70.6471,3,24,0,0,1,1,3348.6,13715.6,12,45.7789
99900334,18,3354.66,12612.8,2,19.869,23.9531,3,24,0,0,1,1,3354.66,12470.9,1.5,20.1743
99900334,19,3363.69,1021.21,24,3.81639,6.71825,3,24,0,0,0,0,,,,4.50109
99971103,0,3367.24,4303.09,2,13.843,16.4558,3,24,0,0,1,1,3367.23,3307.28,2,11.7511
99971103,1,3353,454.151,24,3.99618,6.01629,3,24,0,0,0,0,,,,3.32274
99971103,2,3348.29,1057.53,2,3.40205,4.04417,3,24,0,0,0,0,,,,3.3987
99971103,3,3362.39,3528.59,4,14.1047,19.0833,3,24,0,0,0,0,,,,4.92915
99971103,4,3366.39,3253.22,1,8.17791,8.79704,3,24,0,0,0,0,,,,5.93217
99971103,5,3348.79,3400.12,24,29.9184,45.0425,3,24,0,0,1,1,3348.87,3038.07,16,19.7281
99971103,6,3340.1,2796.25,4,11.1774,15.1227,3,24,0,0,1,1,3340.11,2926.02,3,11.5854
99971103,7,3352.08,9152.32,1,23.007,24.7488,3,24,0,0,1,1,3352.08,8502.73,1,23.7295
99971103,8,3340.43,2966.79,8,15.7443,22.6911,3,24,0,0,1,1,3340.44,2407.36,8,13.5538
99971103,9,3352.82,8345.92,2,26.8487,31.9163,3,24,0,0,1,1,3352.82,8499.17,1.5,27.2766
99971103,10,3352.29,5645.67,8,29.9605,43.1801,3,24,0,0,1,1,3352.3,5432.62,6,25.4068
99971103,11,3354.29,6213.55,8,32.9742,47.5234,3,24,0,0,1,1,3354.29,6015.51,6,30.5541
99971103,12,3354.63,1325.87,24,11.6666,17.5642,3,24,0,0,0,0,,,,3.69425
99971103,13,3365.33,13222.5,1,33.2386,35.755,3,24,0,0,1,1,3365.32,11551.1,1,32.0111
99971103,14,3349.06,3137.35,1,7.88663,8.4837,3,24,0,0,1,1,3349.05,3025.68,1,8.34953
99971103,15,3350.62,1121.78,8,5.95311,8.5798,3,24,0,0,0,0,,,,6.1114
99971103,16,3346.5,14876.7,1,37.3969,40.2281,3,24,0,0,0,0,,,,
99971103,17,3340.96,1552.97,16,10.8115,16.7975,3,24,0,0,0,0,,,,5.06818
99971103,18,3347.18,762.255,8,4.04515,5.83,3,24,0,0,0,0,,,,6.51786
99971103,19,3349.05,4899.05,24,43.1079,64.8994,3,24,0,0,1,1,3349.13,4608.87,16,31.3166
100010119,0,3365.46,10352.1,8,24.7844,35.1404,3,24,0,0,1,1,3365.46,10200.1,6,25.446
100010119,1,3339.83,7704.84,24,34.5135,45.3005,3,24,0,0,1,1,3340.08,7567.41,6,18.5361
100010119,2,3354.79,9029.26,8,21.6173,30.65,3,24,0,0,1,1,3354.77,8817.26,6,22.1227
100010119,3,3354.37,3309.14,1,4.05843,3.97145,3,24,0,0,0,0,,,,3.69597
100010119,4,3348.07,6528.07,1,8.00621,7.83463,3,24,0,0,1,1,3348.08,5224.98,1,7.12239
100010119,5,3367.2,2020.35,16,5.98975,9.69885,3,24,0,0,0,0,,,,4.36461
100010119,6,3366.07,7441.2,8,17.8153,25.2593,3,24,0,0,1,1,3366.07,7202.9,6,17.1714
100010119,7,3352.83,14131.4,1,17.3311,16.9597,3,24,0,0,1,1,3352.83,11625.2,1,15.8717
100010119,8,3367.17,6052.57,1,7.42305,7.26397,3,24,0,0,0,0,,,,6.98506
100010119,9,3340.63,8969.31,4,18.817,21.529,3,24,0,0,1,1,3340.63,8697.2,4,19.0078
100010119,10,3346.84,1501.4,4,3.14982,3.60379,3,24,0,0,0,0,,,,5.83905
100010119,11,3349.27,9195.68,24,41.1917,54.0659,3,24,0,0,1,1,3349.25,8387.83,24,31.3875
100010119,12,3352.27,2219.55,4,4.65645,5.32756,3,24,0,0,0,0,,,,3.86144
100010119,13,3365.29,7657.19,24,34.3001,45.0204,3,24,0,0,1,1,3365.3,6720.1,24,25.2181
100010119,14,3365.24,4315.16,2,6.8609,7.32396,3,24,0,0,0,0,,,,5.65072
100010119,15,3352.23,2303.78,24,10.3197,13.545,3,24,0,0,0,0,,,,4.11116
100010119,16,3349.68,3107.18,16,9.21189,14.9163,3,24,0,0,0,0,,,,6.94819
100010119,17,3350.53,5310.05,1,6.51239,6.37283,3,24,0,0,0,0,,,,6.67308
100010119,18,3347.37,11579,8,27.7217,39.3051,3,24,0,0,1,1,3347.37,12292.9,6,30.0559
100010119,19,3353.48,5212.55,8,12.4796,17.6941,3,24,0,0,1,1,3353.48,5148.24,8,11.8301
100010385,0,3367.08,19111.4,2,59.5941,97.0549,3,24,0,0,1,1,3367.08,19245.8,1.5,62.3573
100010385,1,3352.52,3769.04,2,11.7528,19.1407,3,24,0,0,1,1,3352.53,4031.97,1.5,13.0397
100010385,2,3362.97,2889.49,16,13.5465,41.5043,3,24,0,0,1,1,3362.93,3453.9,12,18.5538
100010385,3,3349.67,4674.51,1,12.7325,16.786,3,24,0,0,1,1,3349.67,3557.04,1,10.7629
100010385,4,3365.74,2094.55,4,7.3231,15.0429,3,24,0,0,1,1,3365.74,2004.05,3,7.41002
100010385,5,3350.7,1856.36,24,11.906,32.6571,3,24,0,0,0,0,,,,5.5546
100010385,6,3365.11,13846.1,8,56.0886,140.632,3,24,0,0,1,1,3365.1,13794.9,6,50.3905
100010385,7,3352.79,4547.02,2,14.1788,23.0916,3,24,0,0,1,1,3352.78,4647.23,1.5,14.8801
100010385,8,3346.55,1727.83,24,11.0817,30.396,3,24,0,0,1,1,3346.79,1833.39,8,7.85503
100010385,9,3348.57,2852.83,1,7.77058,10.2444,3,24,0,0,1,1,3348.57,2625.14,1,7.921
100010385,10,3350.68,846.64,16,3.96922,12.161,3,24,0,0,0,0,,,,3.97223
100010385,11,3349.76,4636.4,2,14.4575,23.5455,3,24,0,0,1,1,3349.77,4186.3,1.5,13.7071
100010385,12,3348.53,11709.9,1,31.8956,42.0499,3,24,0,0,1,1,3348.53,10251.4,1,30.8518
100010385,13,3365.41,5422.87,1,14.7709,19.4733,3,24,0,0,1,1,3365.41,4545.35,1,13.6427
100010385,14,3349.1,3864.54,24,24.7858,67.9852,3,24,0,0,1,1,3349.11,3132.85,24,19.6114
100010385,15,3367.35,2761.32,8,11.1857,28.0461,3,24,0,0,1,1,3367.27,3116.97,3,11.8577
100010385,16,3362.36,4414.31,24,28.3119,77.6568,3,24,0,0,1,1,3362.66,4429.59,8,20.3032
100010385,17,3354.7,2797.36,16,13.1146,40.1809,3,24,0,0,1,1,3354.75,3195.94,8,13.9613
100010385,18,3353.4,7544.95,24,48.3908,132.731,3,24,0,0,1,1,3353.31,7604.35,12,37.2783
100010385,19,3340.34,16845.3,1,45.8835,60.4909,3,24,0,0,1,1,3340.34,14428.4,1,43.5798
103741441,0,3347.33,9812.8,4,29.6893,30.9441,3,24,0,0,1,1,3347.32,8628.65,4,27.6457
103741441,1,3350.69,16844.7,1,24.7953,26.5594,3,24,0,0,1,1,3350.69,14977.6,1,24.1161
103741441,2,3350.64,2771.01,16,12.7705,17.4765,3,24,0,0,1,1,3350.65,2826.9,12,12.238
103741441,3,3340.11,10204.4,16,47.0279,64.3578,3,24,0,0,1,1,3340.14,10968.6,8,49.6175
103741441,4,3340.94,1108.65,8,4.5489,4.9442,3,24,0,0,0,0,,,,4.39606
103741441,5,3350.15,11437.6,16,52.7113,72.1355,3,24,0,0,1,1,3350.16,11222.8,12,46.3706
103741441,6,3340.41,10032.9,4,30.3552,31.6381,3,24,0,0,1,1,3340.41,8574.59,4,27.6843
103741441,7,3352.25,8132.9,24,49.9906,62.8212,3,24,0,0,1,1,3352.25,6869.02,24,37.3679
103741441,8,3363.14,12604.4,8,51.7169,56.2112,3,24,0,0,1,1,3363.14,12802,6,45.1406
103741441,9,3354.23,7144.86,16,32.9279,45.0618,3,24,0,0,1,1,3354.21,7228.75,12,33.3727
103741441,10,3353.85,959.075,16,4.42,6.04878,3,24,0,0,0,0,,,,6.57939
103741441,11,3340.78,31766.3,1,46.7597,50.0866,3,24,0,0,1,1,3340.78,27602.7,1,44.6807
103741441,12,3364.44,4194.57,4,12.691,13.2273,3,24,0,0,1,1,3364.43,3747.06,4,12.1344
103741441,13,3354.68,1659.68,2,3.45451,3.7008,3,24,0,0,0,0,,,,3.83494
103741441,14,3354.01,8462.58,8,34.7226,37.7401,3,24,0,0,1,1,3354.03,9156.07,6,35.1153
103741441,15,3346.43,4700.83,2,9.78442,10.482,3,24,0,0,0,0,,,,
103741441,16,3354,2393.98,1,3.52391,3.77463,3,24,0,0,0,0,,,,5.59346
103741441,17,3339.97,879.366,8,3.6081,3.92166,3,24,0,0,0,0,,,,4.31455
103741441,18,3365.63,2143.33,2,4.46119,4.77925,3,24,0,0,0,0,,,,4.99058
103741441,19,3366.69,623.458,24,3.83222,4.81579,3,24,0,0,0,0,,,,2.68444
115890978,0,3351.66,1337.28,8,7.24968,14.0045,3,24,0,0,0,0,,,,6.47374
115890978,1,3347.99,13411.8,1,39.3428,49.6581,3,24,0,0,1,1,3347.99,12473.9,1,40.6595
115890978,2,3340.82,2353.39,8,12.7583,24.6457,3,24,0,0,1,1,3340.74,2211.5,4,10.9643
115890978,3,3350.19,1074.08,24,7.18345,19.4825,3,24,0,0,0,0,,,,5.66967
115890978,4,3354.93,869.68,8,4.71473,9.10765,3,24,0,0,0,0,,,,-1.8096
115890978,5,3364.23,4931.6,16,29.7278,73.0382,3,24,0,0,1,1,3364.23,4701.07,12,25.5523
115890978,6,3354.17,810.883,16,4.88802,12.0094,3,24,0,0,1,1,3354.31,1730.46,12,11.8103
115890978,7,3349.47,4546.33,24,30.4057,82.4647,3,24,0,0,1,1,3349.6,4090.87,12,30.493
115890978,8,3352.02,2710.59,4,12.2215,20.0723,3,24,0,0,1,1,3352.01,2649.91,3,11.5839
115890978,9,3350.85,7910.88,8,42.8867,82.846,3,24,0,0,1,1,3350.85,8067.09,6,41.7245
115890978,10,3366.78,1587.71,24,10.6186,28.7991,3,24,0,0,0,0,,,,4.70658
115890978,11,3364.49,3975.82,24,26.5902,72.1165,3,24,0,0,1,1,3364.59,3952.23,16,21.2338
115890978,12,3350.7,3870.86,2,14.2447,20.2686,3,24,0,0,1,1,3350.7,3813.21,2,15.5395
115890978,13,3363.88,1031.81,8,5.59368,10.8055,3,24,0,0,0,0,,,,4.59533
115890978,14,3352.51,824.715,4,3.71846,6.10711,3,24,0,0,0,0,,,,4.1033
115890978,15,3365.4,4791.91,8,25.9781,50.1829,3,24,0,0,1,1,3365.4,4890.24,6,23.8003
115890978,16,3364.17,485.779,24,3.24888,8.81143,3,24,0,0,0,0,,,,2.48825
115890978,17,3349.2,4636.74,1,13.6016,17.1678,3,24,0,0,1,1,3349.2,3661.07,1,11.9436
115890978,18,3349.99,1323.64,8,7.17575,13.8617,3,24,0,0,1,1,3350.01,1632.31,6,8.94965
115890978,19,3363.22,6526.25,2,24.0165,34.1728,3,24,0,0,1,1,3363.22,6926.78,1.5,25.5034
122602667,0,3342.96,31865.9,2,5.56264,15.9846,1.25,10,1,0,1,1,3342.96,34954.3,1.5,12.2421
122602667,1,3341.93,50000,4,9.24037,35.4699,3,24,0,0,1,1,3341.95,51870.3,2,9.87546
122602667,2,3347.04,50000,24,9.2297,86.8831,3,24,0,0,1,1,3347.34,49376.9,4,9.46884
122602667,3,3354.75,50000,1,8.12852,17.7349,3,24,0,0,1,1,3354.76,46473.7,1,8.33428
122602667,4,3366.94,50000,4,9.24037,35.4699,3,24,0,0,1,1,3366.94,45993,3,9.15474
122602667,5,3356.45,50000,4,9.24037,35.4699,3,24,0,0,1,1,3356.46,44480.3,3,8.94246
122602667,6,3344.96,50000,1,8.12852,17.7349,3,24,0,0,1,1,3344.96,54632.5,1,9.83463
122602667,7,3342.68,36076.9,4,6.66727,25.5928,3,24,0,0,1,1,3342.64,39290.6,1.5,7.28263
122602667,8,3344.87,50000,8,9.29521,50.162,3,24,0,0,1,1,3344.96,59315.8,2,11.1939
122602667,9,3358.74,30593.3,16,5.56652,43.4056,3,24,0,0,0,0,,,,5.676
122602667,10,3362.52,50000,1,8.12852,17.7349,3,24,0,0,0,0,,,,6.55936
122602667,11,3364,50000,8,9.29521,50.162,3,24,0,0,1,1,3364,48830.4,6,9.9953
122602667,12,3358.56,17239.9,2,3.00947,8.64789,3,24,0,0,0,0,,,,4.02597
122602667,13,3363.11,50000,16,9.09763,70.9397,1.25,10,1,0,1,1,3363.14,51566.4,8,26.6019
122602667,14,3339.81,50000,2,8.72819,25.081,3,24,0,0,0,0,,,,
122602667,15,3357.66,50000,1,8.12852,17.7349,3,24,0,0,1,1,3357.66,52230.5,1,9.39749
122602667,16,3357.32,24575.9,2,4.29005,12.3277,3,24,0,0,0,0,,,,5.61448
122602667,17,3348.73,50000,4,9.24037,35.4699,3,24,0,0,1,1,3348.75,51435.6,1,9.17805
122602667,18,3352.01,50000,16,9.09763,70.9397,1.25,10,1,0,1,1,3352.04,52538.5,8,28.1419
122602667,19,3354.09,50000,16,9.09763,70.9397,3,24,0,0,1,1,3354.18,63157.7,6,13.47
136390698,0,3359.94,2217.58,8,14.0257,33.1468,3,24,0,0,1,1,3359.9,2322.38,4,14.3212
136390698,1,3339.93,3812.09,8,24.1107,56.9804,3,24,0,0,1,1,3339.99,3145.07,4,19.237
136390698,2,3349.69,580.109,4,3.31178,6.13136,3,24,0,0,0,0,,,,3.3094
136390698,3,3345.18,4720.35,8,29.8553,70.5564,3,24,0,0,1,1,3345.16,4635.93,6,29.5041
136390698,4,3347.69,2929.43,2,13.737,21.8935,3,24,0,0,1,1,3347.69,2884.04,1.5,13.4858
136390698,5,3360.37,4901.48,1,18.9925,25.9027,3,24,0,0,1,1,3360.36,1548.14,6,7.98326
136390698,6,3352.79,10429.4,4,59.5405,110.232,3,24,0,0,1,1,3352.8,10109.9,3,60.9058
136390698,7,3340.84,1394,24,9.19601,36.0899,3,24,0,0,1,1,3340.85,1837.22,4,11.1312
136390698,8,3346.77,4955.01,2,23.2356,37.032,3,24,0,0,1,1,3346.77,5007.66,2,26.2805
136390698,9,3349.02,1017.85,4,5.81078,10.758,3,24,0,0,0,0,,,,4.56377
136390698,10,3361.66,3227.35,4,18.4246,34.1109,3,24,0,0,1,1,3361.65,3134.18,3,18.1484
136390698,11,3353.09,1361.99,1,5.2775,7.19763,3,24,0,0,0,0,,,,4.43476
136390698,12,3367.17,1672.15,4,9.54613,17.6735,3,24,0,0,1,1,3367.16,1670.52,3,9.80722
136390698,13,3344.59,9592.46,4,54.7622,101.386,3,24,0,0,1,1,3344.59,9640.39,3,56.4124
136390698,14,3347.82,660.367,24,4.35635,17.0966,3,24,0,0,0,0,,,,3.067
136390698,15,3347.17,810.996,2,3.80302,6.0611,3,24,0,0,0,0,,,,4.11021
136390698,16,3350.26,2352.39,4,13.4295,24.8632,3,24,0,0,1,1,3350.26,2178.65,3,12.9877
136390698,17,3344.3,4322.11,4,24.6744,45.6818,3,24,0,0,1,1,3344.3,4400.27,3,24.964
136390698,18,3353.36,7431.96,4,42.4282,78.5508,3,24,0,0,1,1,3353.36,7241.85,3,42.3176
136390698,19,3340.3,847.173,4,4.83642,8.95405,3,24,0,0,0,0,,,,4.54293
137905221,0,3348.62,11894.1,16,47.3339,46.346,3,24,0,0,1,1,3348.61,10862.7,16,50.145
137905221,1,3363.97,3470.41,8,9.39927,9.56197,3,24,0,0,1,1,3363.98,2544.49,8,7.65299
137905221,2,3365.35,1599.66,8,4.33252,4.40752,3,24,0,0,0,0,,,,4.09734
137905221,3,3352.44,14195.1,8,38.4462,39.1117,3,24,0,0,1,1,3352.44,12836.1,8,34.328
137905221,4,3366.06,20099.6,2,26.5426,27.6901,3,24,0,0,1,1,3366.06,17814.4,2,25.5349
137905221,5,3347.25,14870.7,4,28.2465,28.9722,3,24,0,0,1,1,3347.25,14332.7,4,29.5529
137905221,6,3365.33,2286.63,24,10.7746,10.9125,3,24,0,0,0,0,,,,6.37375
137905221,7,3366.18,4499.13,2,5.94134,6.19819,3,24,0,0,0,0,,,,5.29116
137905221,8,3354.32,5278.15,4,10.0257,10.2833,3,24,0,0,1,1,3354.31,5325.76,4,10.974
137905221,9,3349.39,4163.34,16,16.5685,16.2227,3,24,0,0,1,1,3349.38,3710.74,16,15.2249
137905221,10,3341.04,3468.77,24,16.3448,16.554,3,24,0,0,0,0,,,,5.193
137905221,11,3349.29,33479.1,2,44.2109,46.1222,3,24,0,0,1,1,3349.28,30015.5,2,42.9014
137905221,12,3339.97,1248.26,8,3.3808,3.43932,3,24,0,0,0,0,,,,4.00188
137905221,13,3353.2,25184.4,1,24.5185,24.5331,3,24,0,0,1,1,3353.2,22060.5,1,23.4798
137905221,14,3362.37,20703.5,4,39.3257,40.3361,3,24,0,0,1,1,3362.37,19760.9,4,41.4078
137905221,15,3351.54,1832.34,24,8.63398,8.74445,3,24,0,0,0,0,,,,3.68231
137905221,16,3340.74,9757.56,8,26.4274,26.8848,3,24,0,0,1,1,3340.75,8328.06,8,23.2817
137905221,17,3365.03,3854.74,24,18.1635,18.3959,3,24,0,0,1,1,3365.02,3908.02,24,16.5201
137905221,18,3352.58,2350.16,24,11.0739,11.2156,3,24,0,0,0,0,,,,5.51995
137905221,19,3351.55,889.325,16,3.53917,3.46531,3,24,0,0,0,0,,,,2.81909
137938678,0,3363.17,1799.09,24,4.24183,15.8238,3,24,0,0,0,0,,,,4.87806
137938678,1,3353.45,2601.52,16,4.21941,18.6827,3,24,0,0,0,0,,,,4.54196
137938678,2,3363.63,4428.31,2,6.04651,11.2436,3,24,0,0,0,0,,,,3.72615
137938678,3,3351.36,7319.85,2,9.99467,18.5853,3,24,0,0,1,1,3351.36,7531.38,1.5,10.5305
137938678,4,3367.3,1435.11,24,3.38365,12.6224,3,24,0,0,0,0,,,,2.61527
137938678,5,3352.2,7945.01,24,18.7325,69.88,3,24,0,0,1,1,3352.28,7935.59,16,11.9517
137938678,6,3340.61,2111.07,24,4.9774,18.5678,2.5,20,1,0,0,0,,,,2.34651
137938678,7,3349.18,26417.7,8,39.3704,134.15,3,24,0,0,1,1,3349.21,25833.7,4,44.5209
137938678,8,3363.28,12281.9,1,14.2198,22.0505,3,24,0,0,1,1,3363.28,8474.08,1,10.9499
137938678,9,3351.58,13024.7,1,15.0798,23.3842,3,24,0,0,1,1,3351.57,10625.7,1,13.6533
137938678,10,3349.32,14680.1,4,22.2889,52.7124,3,24,0,0,1,1,3349.32,14322,3,22.6411
137938678,11,3354.26,2364.19,4,3.58957,8.48919,3,24,0,0,0,0,,,,4.14517
137938678,12,3340.42,14132.2,24,33.3204,124.299,1.5,12,1,0,0,0,,,,3.69206
137938678,13,3352.2,4375.23,24,10.3158,38.4821,3,24,0,0,0,0,,,,4.47066
137938678,14,3353.92,2218.46,16,3.59813,15.9318,3,24,0,0,0,0,,,,4.31867
137938678,15,3363.39,8751.44,1,10.1322,15.712,3,24,0,0,1,1,3363.39,6148.06,1,7.94647
137938678,16,3340.63,12525.2,2,17.1022,31.8019,3,24,0,0,1,1,3340.64,11860.5,1.5,16.563
137938678,17,3350.76,39860.6,2,54.4265,101.207,3,24,0,0,1,1,3350.76,39892.4,1.5,55.4512
137938678,18,3349.91,12671.9,2,17.3025,32.1743,3,24,0,0,1,1,3349.91,12785.5,1.5,17.841
137938678,19,3348.59,15809.9,24,37.2761,139.056,3,24,0,0,1,1,3348.54,15357.8,24,37.6875
138240261,0,3358.23,1462.08,2,9.62712,23.6299,3,24,0,0,1,1,3358.23,1302.35,1.5,9.25349
138240261,1,3348.49,495.651,24,22.4479,27.7496,3,24,0,0,1,1,3348.45,372.754,24,17.1785
138240261,2,3354.93,787.14,24,35.6493,44.0689,3,24,0,0,1,1,3354.93,703.249,24,30.8865
138240261,3,3362.59,7014.57,2,46.1876,113.368,3,24,0,0,1,1,3362.59,6905.38,1.5,48.7849
138240261,4,3361.35,2209.48,2,14.5484,35.7092,3,24,0,0,1,1,3361.35,2199.74,1.5,15.5861
138240261,5,3367.05,5560.76,1,32.987,63.549,3,24,0,0,1,1,3367.05,4598.86,1,30.2033
138240261,6,3359.34,1885.14,8,15.0834,60.9345,3,24,0,0,0,0,,,,26.4015
138240261,7,3341.06,1901.7,1,11.2811,21.7329,3,24,0,0,1,1,3341.06,1675.69,1,10.9304
138240261,8,3363.42,2823.09,2,18.5886,45.6261,3,24,0,0,1,1,3363.41,2742.17,1.5,19.4178
138240261,9,3340.2,3595.35,1,21.3279,41.088,3,24,0,0,1,1,3340.2,3271.09,1,21.4411
138240261,10,3367.06,2426.66,2,15.9783,39.2191,3,24,0,0,1,1,3367.05,2253.05,1.5,15.9475
138240261,11,3355.98,1612.26,8,12.9,52.1139,3,24,0,0,0,0,,,,21.6479
138240261,12,3346.8,760.812,1,4.51321,8.69464,3,24,0,0,0,0,,,,4.92827
138240261,13,3353.47,2133.12,1,12.6539,24.3775,3,24,0,0,0,0,,,,6.3215
138240261,14,3366.75,5520.03,8,44.167,178.427,3,24,0,0,0,0,,,,55.6911
138240261,15,3347.81,4468.65,8,35.7547,144.443,3,24,0,0,0,0,,,,61.7873
138240261,16,3353.2,3565.8,8,28.5307,115.259,3,24,0,0,0,0,,,,59.9909
138240261,17,3367.42,3024.64,4,20.5738,69.1319,3,24,0,0,0,0,,,,
138240261,18,3343.66,188.989,16,3.89509,8.63916,3,24,0,0,0,0,,,,4.92246
138240261,19,3346.4,551.003,2,3.62809,8.9052,3,24,0,0,0,0,,,,1.50126
138508361,0,3347.09,3657.4,4,6.55499,6.08693,3,24,0,0,1,1,3347.12,5150.21,3,8.37238
138508361,1,3350.26,44485.1,1,35.6195,37.0178,3,24,0,0,1,1,3350.26,37201.6,1,33.1976
138508361,2,3365.87,2404.41,4,4.30932,4.00161,3,24,0,0,0,0,,,,4.04957
138508361,3,3352.49,763.788,24,3.81666,3.11368,3,24,0,0,0,0,,,,2.54594
138508361,4,3347.89,4968.42,16,16.5654,16.5377,3,24,0,0,1,1,3347.89,3697.5,16,13.0064
138508361,5,3364.71,14185.4,4,25.4239,23.6085,3,24,0,0,1,1,3364.7,12695.4,4,23.677
138508361,6,3340.93,1169.99,16,3.90091,3.89438,3,24,0,0,0,0,,,,2.85
138508361,7,3341.05,50000,1,40.0354,41.607,3,24,0,0,0,0,,,,
138508361,8,3351.72,8264.11,2,9.17001,9.7254,3,24,0,0,1,1,3351.72,8325.08,2,10.2493
138508361,9,3364.82,7506.29,2,8.32912,8.83358,3,24,0,0,1,1,3364.82,7733.67,1.5,8.18129
138508361,10,3353.34,5353.47,4,9.59479,8.90967,3,24,0,0,1,1,3353.34,5214.81,4,10.1523
138508361,11,3350.05,13720.5,1,10.9861,11.4174,3,24,0,0,1,1,3350.05,11182.5,1,9.92526
138508361,12,3347.75,8421.97,4,15.0943,14.0165,3,24,0,0,1,1,3347.74,7071.05,4,13.7373
138508361,13,3364.31,1837.72,4,3.29366,3.05848,3,24,0,0,0,0,,,,2.90142
138508361,14,3351.91,6005.18,4,10.7628,9.99429,3,24,0,0,1,1,3351.9,5652.95,4,11.0245
138508361,15,3363.5,3319.16,16,11.0665,11.048,3,24,0,0,1,1,3363.46,4449.47,12,13.2372
138508361,16,3354.72,5770.14,8,11.9552,13.5809,3,24,0,0,1,1,3354.75,5845.91,6,13.1563
138508361,17,3349.77,5146.16,4,9.22322,8.56464,3,24,0,0,1,1,3349.77,5445.55,3,8.61132
138508361,18,3349.44,16190.8,4,29.0181,26.946,3,24,0,0,1,1,3349.44,14652.7,4,27.8407
138508361,19,3347.89,13285.9,4,23.8118,22.1115,3,24,0,0,1,1,3347.88,11344.3,4,22.1011
138559929,0,3340.53,1856.32,24,14.2976,17.8997,3,24,0,0,1,1,3340.39,4849.92,12,25.8371
138559929,1,3353.17,638.623,24,4.91874,6.15798,3,24,0,0,0,0,,,,3.13678
138559929,2,3365.38,4072.19,2,9.25846,11.3353,3,24,0,0,1,0,3365.38,3436.14,1.5,7.55208
138559929,3,3350.46,9839.55,16,54.355,77.4682,3,24,0,0,1,1,3350.48,8661.95,16,47.1606
138559929,4,3366.43,6154.63,8,25.4381,34.2637,3,24,0,0,1,1,3366.43,6153.67,6,22.4549
138559929,5,3346.69,4507.66,16,24.9009,35.4895,3,24,0,0,1,1,3346.73,4129.39,8,18.4858
138559929,6,3354.34,1146.66,16,6.3343,9.0278,3,24,0,0,0,0,,,,3.09869
138559929,7,3352.25,1124.44,24,8.66053,10.8425,3,24,0,0,0,0,,,,4.10758
138559929,8,3350.31,3402.72,16,18.7971,26.7901,3,24,0,0,1,1,3350.32,3003.69,16,15.6403
138559929,9,3365.73,4507.12,16,24.8979,35.4852,3,24,0,0,1,1,3365.76,3782.35,16,20.8336
138559929,10,3349.82,1921.22,1,3.25173,3.7815,3,24,0,0,0,0,,,,2.698
138559929,11,3350.74,891.415,16,4.9243,7.01823,3,24,0,0,0,0,,,,3.37424
138559929,12,3352.06,906.631,24,6.98296,8.74227,3,24,0,0,0,0,,,,4.23712
138559929,13,3353.24,13897.9,2,31.598,38.6859,3,24,0,0,1,1,3353.25,12840.7,2,31.976
138559929,14,3340.22,9617.18,16,53.1266,75.7174,3,24,0,0,1,1,3340.3,11531.3,12,61.4311
138559929,15,3351.48,1520.2,24,11.7087,14.6587,1.5,12,1,0,0,0,,,,4.77668
138559929,16,3351.62,9236.09,2,20.999,25.7093,3,24,0,0,1,1,3351.62,8951.18,2,22.5635
138559929,17,3348.43,2243.5,2,5.10078,6.24495,3,24,0,0,0,0,,,,5.15565
138559929,18,3340.55,5666.91,24,43.6471,54.6437,3,24,0,0,1,1,3340.39,7063.02,12,37.627
138559929,19,3365.02,9508.06,4,30.4505,37.4291,3,24,0,0,1,1,3365.03,8814.77,4,30.0844
138652867,0,3364.39,944.701,2,6.99054,8.17362,3,24,0,0,1,1,3364.38,874.567,2,7.12998
138652867,1,3354.05,1684.51,4,16.5757,20.6114,3,24,0,0,1,1,3354.05,1677.09,4,17.8915
138652867,2,3351.96,356.466,8,4.33509,6.16833,3,24,0,0,0,0,,,,3.9384
138652867,3,3350.61,867.131,8,10.5454,15.0049,3,24,0,0,1,1,3350.64,935.862,6,10.9716
138652867,4,3351.79,9655.75,1,50.8948,59.0733,3,24,0,0,1,1,3351.79,8326.64,1,48.894
138652867,5,3364.27,150.896,24,3.32649,4.5226,3,24,0,0,0,0,,,,3.57768
138652867,6,3346.15,3281.31,1,17.2955,20.0748,3,24,0,0,0,0,,,,
138652867,7,3346.04,410.507,4,4.03942,5.02291,3,24,0,0,0,0,,,,
138652867,8,3347.45,753.552,1,3.97192,4.61018,3,24,0,0,0,0,,,,2.08771
138652867,9,3346.95,279.127,8,3.39455,4.83005,3,24,0,0,0,0,,,,3.12979
138652867,10,3351.12,196.144,24,4.32399,5.87876,3,24,0,0,0,0,,,,2.75578
138652867,11,3350.77,2294.63,2,16.9797,19.8533,3,24,0,0,1,1,3350.77,2363.49,1.5,16.7752
138652867,12,3365.5,5815.92,2,43.0363,50.3197,3,24,0,0,1,1,3365.5,5184.69,2,41.6494
138652867,13,3354.18,1125.69,16,17.8884,27.5475,3,24,0,0,1,1,3354,929.158,24,19.3686
138652867,14,3349.25,1318.95,2,9.75988,11.4117,3,24,0,0,1,1,3349.25,1378.53,2,11.2119
138652867,15,3347.12,138.381,24,3.0506,4.1475,3,24,0,0,0,0,,,,3.22138
138652867,16,3362.63,465.714,24,10.2666,13.9582,3,24,0,0,0,0,,,,4.00347
138652867,17,3364.15,730.723,2,5.40715,6.32226,3,24,0,0,0,0,,,,6.36632
138652867,18,3366.81,2762.5,1,14.561,16.9008,3,24,0,0,1,1,3366.81,2362.57,1,13.7988
138652867,19,3349.52,5684.94,1,29.965,34.7801,3,24,0,0,1,1,3349.52,5215.43,1,30.2746
141150599,0,3363.14,2632.89,16,13.8757,37.3131,3,24,0,0,1,1,3363.26,2091.9,8,13.3901
141150599,1,3349.32,2862.09,24,18.4222,49.6773,3,24,0,0,1,1,3349.34,3379.65,16,24.3432
141150599,2,3362.62,1349.26,2,4.65965,6.76051,3,24,0,0,0,0,,,,3.71774
141150599,3,3365.61,613.978,24,3.95195,10.6568,3,24,0,0,0,0,,,,3.20301
141150599,4,3362.7,936.583,4,4.14343,6.6366,3,24,0,0,0,0,,,,2.40189
141150599,5,3348.16,4171.08,1,11.7619,14.7781,3,24,0,0,1,1,3348.16,3223.31,1,10.1405
141150599,6,3349.23,695.36,4,3.07626,4.9273,3,24,0,0,0,0,,,,5.25436
141150599,7,3362.56,1088.04,4,4.81347,7.70981,3,24,0,0,0,0,,,,3.31038
141150599,8,3352.56,1630.4,16,8.59239,23.1059,3,24,0,0,0,0,,,,6.24995
141150599,9,3340.18,5178.43,24,33.3316,89.882,3,24,0,0,0,0,,,,1.49582
141150599,10,3364.78,1006.1,4,4.45095,7.12916,3,24,0,0,0,0,,,,4.52358
141150599,11,3354.3,955.821,24,6.15226,16.5902,3,24,0,0,0,0,,,,6.61077
141150599,12,3363.09,734.39,24,4.72699,12.7468,3,24,0,0,0,0,,,,4.19496
141150599,13,3363.47,10459.6,8,57.6694,104.816,3,24,0,0,1,1,3363.48,10664.5,6,60.4326
141150599,14,3364.11,1167.98,4,5.16713,8.27628,3,24,0,0,0,0,,,,6.93908
141150599,15,3363.65,4383.77,8,24.1702,43.9301,3,24,0,0,1,1,3363.67,4750.91,6,26.911
141150599,16,3353.15,6294.85,16,33.1747,89.2102,3,24,0,0,1,1,3353.04,6068.62,8,29.2831
141150599,17,3367.18,4952.52,16,26.1004,70.1868,3,24,0,0,1,1,3367.23,5293.66,6,27.2917
141150599,18,3340.35,10036.8,4,44.4025,71.1202,3,24,0,0,1,1,3340.35,9123.03,4,42.7916
141150599,19,3365.3,5202.07,8,28.6819,52.1303,3,24,0,0,1,1,3365.3,5197.83,6,25.6416
141208287,0,3365.16,1477.5,16,4.26659,6.1222,3,24,0,0,0,0,,,,3.62994
141208287,1,3340.8,23584.9,8,47.8221,69.1033,3,24,0,0,1,1,3340.7,23570.4,2,31.108
141208287,2,3340.09,4241.96,4,7.02027,8.78851,3,24,0,0,0,0,,,,5.59828
141208287,3,3363.12,10416.1,8,21.1202,30.5189,3,24,0,0,1,1,3363.12,9091.47,6,18.4798
141208287,4,3346.08,21339.9,4,35.3166,44.212,3,24,0,0,1,1,3346.15,18126.5,6,29.874
141208287,5,3351.51,1617.22,8,3.27917,4.73842,3,24,0,0,0,0,,,,3.95185
141208287,6,3346.69,10561.1,8,21.4143,30.9438,3,24,0,0,1,1,3346.68,9576.09,6,19.4985
141208287,7,3351.31,4082.05,4,6.75564,8.45722,3,24,0,0,1,1,3351.32,4134.85,4,7.2695
141208287,8,3345.98,16905.4,2,20.1477,24.7662,3,24,0,0,1,1,3345.98,17473.1,2,23.2084
141208287,9,3351.5,968.592,24,3.44547,4.91548,3,24,0,0,0,0,,,,2.91007
141208287,10,3367.19,9946.71,24,35.3824,50.4782,3,24,0,0,1,1,3366.98,9467.63,12,23.86
141208287,11,3351.09,15316.6,1,14.4899,15.8665,3,24,0,0,1,1,3351.09,13034.6,1,13.5859
141208287,12,3352.81,9210.63,16,26.5976,38.1653,3,24,0,0,1,1,3352.82,8110.08,16,21.4656
141208287,13,3365.54,5837.63,24,20.7656,29.6252,3,24,0,0,1,1,3365.45,5870.23,16,13.0418
141208287,14,3366.35,1650.78,16,4.76697,6.84019,3,24,0,0,0,0,,,,2.80479
141208287,15,3346.04,21095.3,8,42.7739,61.8086,3,24,0,0,1,1,3346.13,21068.8,12,45.7374
141208287,16,3354.95,10730.2,16,30.9855,44.4616,3,24,0,0,1,1,3354.76,13070.8,4,24.9841
141208287,17,3340.21,2227.69,4,3.68674,4.61534,3,24,0,0,0,0,,,,4.86718
141208287,18,3345.6,3186.44,4,5.27343,6.60168,3,24,0,0,0,0,,,,5.53152
141208287,19,3362.41,2911.33,16,8.40707,12.0634,3,24,0,0,0,0,,,,4.18675
147672806,0,3366.9,50000,2,1.13013,54.8929,3,24,0,1,0,0,,,,2.66287
147672806,1,3350.22,50000,8,3.01214,109.786,3,24,0,1,1,1,3350.14,32073,12,10.5093
147672806,2,3350.4,50000,4,1.32693,77.6303,3,24,0,1,0,0,,,,5.19187
147672806,3,3354.69,39707.4,16,3.9902,123.3,3,24,0,1,0,0,,,,3.9736
147672806,4,3348.65,50000,8,3.01214,109.786,3,24,0,1,1,1,3348.7,31729.7,12,10.555
147672806,5,3349.86,50000,1,1.1012,38.8152,3,24,0,1,0,0,,,,1.89887
147672806,6,3363.73,50000,24,18.1395,190.155,3,24,0,1,1,1,3363.74,52000.6,12,16.6835
147672806,7,3365.74,8484.56,24,3.07811,32.2676,3,24,0,1,0,0,,,,2.91233
147672806,8,3364.59,50000,8,3.01214,109.786,3,24,0,1,1,1,3364.63,32378.6,12,10.7003
147672806,9,3340.34,50000,2,1.13013,54.8929,3,24,0,1,0,0,,,,2.90554
147672806,10,3367.33,50000,1,1.1012,38.8152,3,24,0,1,0,0,,,,1.06202
147672806,11,3363.17,50000,4,1.32693,77.6303,3,24,0,1,0,0,,,,4.26261
147672806,12,3347.5,50000,4,1.32693,77.6303,3,24,0,1,0,0,,,,2.92596
147672806,13,3346.08,50000,8,3.01214,109.786,3,24,0,1,0,0,,,,2.40229
147672806,14,3346.68,50000,4,1.32693,77.6303,3,24,0,1,0,0,,,,8.8294
147672806,15,3352.67,50000,24,18.1395,190.155,3,24,0,1,1,1,3352.5,53067.6,12,16.8922
147672806,16,3346.86,50000,24,18.1395,190.155,3,24,0,1,1,1,3346.46,61155.3,12,16.0028
147672806,17,3346.03,50000,1,1.1012,38.8152,3,24,0,1,0,0,,,,1.08499
147672806,18,3340.3,50000,8,3.01214,109.786,3,24,0,1,1,1,3340.29,22241.6,12,7.85283
147672806,19,3350.63,50000,24,18.1395,190.155,3,24,0,1,1,1,3350.54,50415.7,12,15.7093
147681047,0,3354.09,14174.3,1,17.6741,19.9186,3,24,0,0,1,1,3354.09,12412,1,17.0569
147681047,1,3363.64,11650.2,1,14.5267,16.3715,3,24,0,0,1,1,3363.64,10766.8,1,14.8701
147681047,2,3348.35,3081.73,24,18.5949,21.2157,3,24,0,0,0,0,,,,4.66559
147681047,3,3352.18,2596.24,1,3.23728,3.64839,3,24,0,0,0,0,,,,2.80541
147681047,4,3353.15,5585.64,2,9.574,11.1005,3,24,0,0,1,1,3353.15,4720.21,2,8.78011
147681047,5,3350.43,27479.7,2,47.1013,54.6115,3,24,0,0,1,1,3350.43,25609.1,2,48.7924
147681047,6,3348.66,11602.5,2,19.8871,23.058,3,24,0,0,1,1,3348.66,10083.9,2,19.2078
147681047,7,3367.4,742.765,24,4.48178,5.11344,3,24,0,0,0,0,,,,1.69108
147681047,8,3351.85,21435.8,2,36.7418,42.6002,3,24,0,0,1,1,3351.85,18782.8,2,34.9834
147681047,9,3363.46,4014.71,1,5.00599,5.64172,3,24,0,0,0,0,,,,5.3942
147681047,10,3353.31,5566.64,24,33.5886,38.3226,3,24,0,0,1,1,3353.21,4468.46,16,24.3898
147681047,11,3340.36,732.45,24,4.41954,5.04243,3,24,0,0,0,0,,,,4.70214
147681047,12,3346.96,1537.32,24,9.27609,10.5835,3,24,0,0,0,0,,,,3.49606
147681047,13,3362.81,28301.3,1,35.2892,39.7707,3,24,0,0,1,1,3362.82,25410.6,1,34.9533
147681047,14,3350.48,1578.51,16,8.43673,8.87286,3,24,0,0,1,1,3350.53,2209.61,16,9.96836
147681047,15,3352.13,4445.69,1,5.54338,6.24735,3,24,0,0,0,0,,,,6.51208
147681047,16,3347.91,9991.16,8,33.1167,39.7116,3,24,0,0,1,1,3347.91,10527.5,6,31.3502
147681047,17,3351.8,678.94,16,3.62876,3.81635,3,24,0,0,0,0,,,,3.46072
147681047,18,3366.61,9868.54,4,23.0238,27.7357,3,24,0,0,1,1,3366.61,8541.69,4,21.3853
147681047,19,3346.98,1778.39,2,3.04823,3.53426,3,24,0,0,0,0,,,,1.29892
147935596,0,3362.66,3265.6,24,14.3244,39.6121,3,24,0,0,1,1,3362.84,2915.88,12,11.9278
147935596,1,3351.47,3580.22,8,12.5462,25.0734,3,24,0,0,1,1,3351.47,3377.67,8,12.2388
147935596,2,3340.81,6329.95,4,19.0148,31.3465,3,24,0,0,1,1,3340.82,6579.28,3,19.6844
147935596,3,3353.43,801.869,24,3.51736,9.72677,3,24,0,0,0,0,,,,2.8481
147935596,4,3364.98,1483,2,3.86789,5.19296,3,24,0,0,0,0,,,,3.51998
147935596,5,3364.18,1074.97,16,4.2903,10.6467,3,24,0,0,0,0,,,,4.29821
147935596,6,3340.55,4276.09,1,8.9797,10.5878,3,24,0,0,1,1,3340.55,4047.07,1,9.34262
147935596,7,3354.42,3539.77,24,15.527,42.9378,3,24,0,0,1,1,3354.45,3498.42,16,14.2289
147935596,8,3346.42,12056.4,24,52.8849,146.246,3,24,0,0,1,1,3346.65,11160,12,46.8556
147935596,9,3367.35,9141.42,8,32.0343,64.0204,3,24,0,0,1,1,3367.29,8911.12,3,26.3273
147935596,10,3347.96,12936,16,51.6288,128.12,3,24,0,0,1,1,3347.98,13299.7,12,52.6303
147935596,11,3366.28,859.354,16,3.42977,8.51121,3,24,0,0,0,0,,,,3.03277
147935596,12,3346.85,2671.9,24,11.7202,32.4104,3,24,0,0,1,1,3346.71,2297.26,12,10.8272
147935596,13,3365.35,17135.2,2,44.6912,60.0017,3,24,0,0,1,1,3365.35,15969.5,2,45.9906
147935596,14,3350.24,7369.1,4,22.1364,36.4925,3,24,0,0,1,1,3350.23,7077.54,3,21.0394
147935596,15,3347.94,1224.54,2,3.19378,4.28792,3,24,0,0,0,0,,,,4.23568
147935596,16,3364.92,11897.6,24,52.1883,144.319,3,24,0,0,1,1,3365.07,11550.2,12,49.6473
147935596,17,3351.67,8274.06,4,24.8548,40.9739,3,24,0,0,1,1,3351.66,8943.97,3,27.1417
147935596,18,3347.21,5519.72,16,22.0298,54.6684,3,24,0,0,1,1,3347.17,4709.75,12,21.406
147935596,19,3347.99,16726.7,4,50.246,82.8321,3,24,0,0,1,1,3347.99,17263.5,3,51.4111
147936872,0,3366.07,1920.51,8,4.63906,7.62917,3,24,0,0,0,0,,,,4.03663
147936872,1,3366.42,6858.31,2,12.1421,13.6222,3,24,0,0,1,1,3366.41,6829.62,2,13.1124
147936872,2,3340.88,15231.6,1,19.8745,21.3925,3,24,0,0,1,1,3340.87,13015.9,1,19.2725
147936872,3,3364.76,15499.6,4,33.4364,43.5378,3,24,0,0,1,1,3364.75,15793.8,3,33.8137
147936872,4,3366.04,12588,2,22.2862,25.0028,3,24,0,0,1,1,3366.04,11112.8,2,21.459
147936872,5,3363.77,25397.3,4,54.7881,71.3402,3,24,0,0,1,1,3363.77,26168,3,56.3488
147936872,6,3366.17,10655,24,38.988,73.312,3,24,0,0,1,1,3366.19,9288.06,24,30.0898
147936872,7,3366.45,4160.8,2,7.36638,8.26434,3,24,0,0,0,0,,,,6.76543
147936872,8,3353.92,28450.9,2,50.3701,56.5103,3,24,0,0,1,1,3353.93,27571.3,1,40.2404
147936872,9,3366.62,6081.71,1,7.93554,8.54166,3,24,0,0,1,1,3366.62,5972.47,1,8.57484
147936872,10,3350.72,9730.89,2,17.2278,19.3279,3,24,0,0,1,1,3350.71,9203.17,2,17.7596
147936872,11,3365.47,2356.53,8,5.6923,9.36127,3,24,0,0,0,0,,,,4.80764
147936872,12,3354.49,3467.52,1,4.52449,4.87008,3,24,0,0,0,0,,,,4.11197
147936872,13,3351.87,14893.3,8,35.9754,59.1634,3,24,0,0,1,1,3351.88,15232.9,6,37.326
147936872,14,3366.8,8953,1,11.6821,12.5743,3,24,0,0,1,1,3366.8,7552.26,1,10.82
147936872,15,3350.88,5493.96,2,9.72663,10.9123,3,24,0,0,1,1,3350.89,4823.86,2,9.28501
147936872,16,3340.46,5140.32,1,6.70719,7.21948,3,24,0,0,0,0,,,,6.70302
147936872,17,3364.4,11397.7,1,14.8719,16.0078,3,24,0,0,1,1,3364.4,11011.1,1,15.9172
147936872,18,3351.08,3206.02,4,6.91616,9.0056,3,24,0,0,0,0,,,,6.62009
147936872,19,3366.2,4030.74,24,14.749,27.7336,1.5,12,1,0,0,0,,,,6.07539
142864729,0,3364.53,9993.38,8,21.4002,31.5036,3,24,0,0,1,1,3364.54,9403.2,6,19.8392
142864729,1,3340.21,3201.93,8,6.85676,10.0939,3,24,0,0,1,1,3340.17,4767.28,6,10.1659
142864729,2,3346.79,15547.8,4,24.1158,34.6579,3,24,0,0,1,1,3346.78,13487.8,4,22.5945
142864729,3,3364.54,3585.14,8,7.67737,11.302,3,24,0,0,0,0,,,,5.23237
142864729,4,3363.48,19463.8,1,17.997,21.6935,3,24,0,0,1,1,3363.48,17814.6,1,18.2366
142864729,5,3355.14,1608.26,8,3.44399,5.06994,3,24,0,0,0,0,,,,3.14288
142864729,6,3364.35,20596,1,19.0439,22.9555,3,24,0,0,1,1,3364.34,18532.4,1,18.9654
142864729,7,3359.68,27784.5,1,25.6907,30.9675,3,24,0,0,1,1,3359.68,26114.9,1,26.7806
142864729,8,3366.46,4655.79,8,9.9701,14.6771,3,24,0,0,1,1,3366.47,4679.67,6,9.41586
142864729,9,3353.51,2239.65,4,3.47387,4.99245,3,24,0,0,0,0,,,,2.83093
142864729,10,3346.6,3756.43,24,12.6864,20.5108,2.5,20,1,0,0,0,,,,5.55157
142864729,11,3363.23,10336.9,8,22.1359,32.5866,3,24,0,0,1,1,3363.24,10333.2,6,20.6077
142864729,12,3345.31,5838.5,1,5.39851,6.50735,3,24,0,0,0,0,,,,
142864729,13,3354.26,18607.5,2,21.7363,29.3296,3,24,0,0,1,1,3354.27,19270.8,1.5,22.7841
142864729,14,3352.55,1206.95,16,3.26352,5.38086,3,24,0,0,0,0,,,,2.78285
142864729,15,3340.6,11088.1,24,37.447,60.543,3,24,0,0,1,1,3340.5,10868.1,16,31.9277
142864729,16,3353.99,13585.1,8,29.0918,42.8264,3,24,0,0,1,1,3354.02,13986.2,6,32.0067
142864729,17,3347.61,48647.4,2,56.8272,76.6791,3,24,0,0,1,1,3347.61,48888.8,1.5,57.8067
142864729,18,3350.72,10590.8,4,16.4271,23.608,3,24,0,0,1,1,3350.73,9352.67,4,15.7583
142864729,19,3353.08,17885.7,2,20.8931,28.1919,3,24,0,0,1,1,3353.09,17391.2,1.5,20.7785
142904912,0,3350.95,6045.82,4,48.9025,49.816,3,24,0,0,1,1,3350.95,6255.34,3,47.6379
142904912,1,3350.62,386.731,8,4.4763,4.50648,3,24,0,0,0,0,,,,3.0985
142904912,2,3347.85,3443.35,2,20.4432,20.0622,3,24,0,0,1,1,3347.85,3117.11,2,20.179
142904912,3,3351.21,637.987,2,3.78773,3.71715,3,24,0,0,0,0,,,,3.96489
142904912,4,3347.55,1822.28,4,14.7397,15.0151,3,24,0,0,1,1,3347.55,1538.72,4,13.8046
142904912,5,3351.86,4288.93,8,49.6431,49.9778,3,24,0,0,1,1,3351.85,3976.02,8,47.6005
142904912,6,3350.56,1483.99,8,17.1768,17.2926,3,24,0,0,1,1,3350.57,1241.04,6,13.9787
142904912,7,3351.22,3328.9,1,14.0735,13.7146,3,24,0,0,1,1,3351.23,3030.02,1,14.1456
142904912,8,3346.62,318.907,24,6.88945,6.43655,3,24,0,0,0,0,,,,3.78828
142904912,9,3352.8,1708.47,8,19.7751,19.9084,3,24,0,0,1,1,3352.81,1621.75,8,19.2586
142904912,10,3340.95,2456.74,1,10.3863,10.1215,3,24,0,0,0,0,,,,
142904912,11,3365.13,6989.27,4,56.5337,57.5898,3,24,0,0,1,1,3365.14,6060.95,4,54.1699
142904912,12,3351.19,7517.38,1,31.781,30.9706,3,24,0,0,1,1,3351.18,6371.36,1,29.8338
142904912,13,3354.4,213.077,24,4.60317,4.30057,3,24,0,0,0,0,,,,2.92528
142904912,14,3366.65,692.073,16,11.0403,11.405,3,24,0,0,0,0,,,,6.20712
142904912,15,3366.58,1464.12,4,11.8427,12.064,3,24,0,0,1,1,3366.57,1504.28,3,11.7987
142904912,16,3352.08,1885.35,4,15.25,15.5348,3,24,0,0,1,1,3352.09,1789.28,3,14.0492
142904912,17,3347.43,293.171,16,4.67679,4.8313,3,24,0,0,0,0,,,,3.29046
142904912,18,3352.05,1951.44,8,22.5874,22.7396,3,24,0,0,1,1,3352.05,1738.71,8,21.6486
142904912,19,3353.96,13237.4,1,55.9635,54.5366,3,24,0,0,1,1,3353.96,11404.2,1,53.5266
142963262,0,3365.39,316.778,4,3.86842,5.2157,3,24,0,0,0,0,,,,4.19924
142963262,1,3351.38,618.186,1,4.39906,5.08917,3,24,0,0,0,0,,,,4.97086
142963262,2,3362.63,849.113,24,20.3169,34.2451,3,24,0,0,1,1,3362.64,863.12,24,23.6474
142963262,3,3359.9,1379.73,24,33.0132,55.6453,3,24,0,0,1,1,3359.94,1475.66,12,27.2723
142963262,4,3365.38,969.19,4,11.8355,15.9576,3,24,0,0,1,1,3365.39,980.668,3,11.4766
142963262,5,3355.64,2668.05,4,32.5817,43.9291,3,24,0,0,1,1,3355.57,1738.63,1,13.6817
142963262,6,3352.84,1357.31,4,16.5751,22.3478,3,24,0,0,1,1,3352.84,1374.87,4,18.4441
142963262,7,3345.43,6497.11,1,46.2339,53.4869,3,24,0,0,1,1,3345.43,5572.27,1,43.6948
142963262,8,3361.18,1762.58,4,21.5242,29.0206,3,24,0,0,1,1,3361.19,1604.14,3,19.2331
142963262,9,3352.22,738.536,4,9.01884,12.1599,3,24,0,0,1,1,3352.21,641.571,4,8.31959
142963262,10,3362.74,2995.72,1,21.3177,24.662,3,24,0,0,1,1,3362.74,2826.44,1,22.2475
142963262,11,3350.33,1346.04,4,16.4375,22.1623,3,24,0,0,1,1,3350.33,1271.98,4,16.8105
142963262,12,3364.81,689.951,24,16.5086,27.826,3,24,0,0,1,1,3364.77,671.216,24,15.951
142963262,13,3349.49,1802.2,8,27.7776,41.9638,3,24,0,0,1,1,3349.5,1754.1,6,25.519
142963262,14,3364.37,1852.84,2,17.4026,21.5715,3,24,0,0,1,1,3364.36,1713.77,2,17.5058
142963262,15,3348.31,394.017,4,4.81165,6.48742,3,24,0,0,0,0,,,,3.89898
142963262,16,3351.05,368.85,24,8.82556,14.8759,3,24,0,0,0,0,,,,4.28122
142963262,17,3349.94,3354.12,1,23.8682,27.6125,3,24,0,0,1,1,3349.94,3106.29,1,24.3927
142963262,18,3366.8,2311.39,4,28.2262,38.0567,3,24,0,0,1,1,3366.8,2239.48,3,26.9369
142963262,19,3346.8,331.364,8,5.10738,7.71575,3,24,0,0,0,0,,,,6.71931
143008310,0,3353.03,4124.38,2,7.19247,9.96634,3,24,0,0,1,1,3353.04,4251.72,1.5,7.43559
143008310,1,3351.37,11604.6,8,30.1621,56.0838,3,24,0,0,1,1,3351.36,11575.3,6,29.1311
143008310,2,3351.3,13814.7,16,42.6004,94.4196,3,24,0,0,1,1,3351.31,13747.6,12,41.0679
143008310,3,3352.52,4402.71,2,7.67785,10.6389,3,24,0,0,1,1,3352.52,4628.69,1.5,8.06773
143008310,4,3366.8,21451.4,8,55.7553,103.672,3,24,0,0,1,1,3366.8,21699.3,6,55.3894
143008310,5,3363.26,31668.8,2,55.227,76.526,3,24,0,0,1,1,3363.25,31586.5,1.5,55.4679
143008310,6,3360.34,1139.55,16,3.51404,7.78853,3,24,0,0,0,0,,,,2.01316
143008310,7,3361.45,4935.57,1,6.94153,8.43333,3,24,0,0,1,1,3361.45,5573.67,1,8.6788
143008310,8,3366.99,3467.09,4,7.36234,11.8483,3,24,0,0,1,1,3367,4131.48,3,8.7255
143008310,9,3346.97,5524.8,24,18.0945,46.247,3,24,0,0,1,1,3347.07,5564.68,16,18.6842
143008310,10,3349.42,31586.7,1,44.4245,53.9717,3,24,0,0,1,1,3349.42,27935.5,1,43.4423
143008310,11,3363.46,1440.73,24,4.71861,12.0601,3,24,0,0,0,0,,,,3.33533
143008310,12,3367.03,2782.62,4,5.90886,9.50923,3,24,0,0,0,0,,,,6.87238
143008310,13,3365.11,10498.1,2,18.3076,25.3682,3,24,0,0,1,1,3365.11,9996.3,1.5,17.5151
143008310,14,3353.29,22380,1,31.4759,38.2403,3,24,0,0,1,1,3353.29,20195.9,1,31.5271
143008310,15,3361.32,2813.55,16,8.67618,19.2299,3,24,0,0,1,1,3361.36,3308.78,12,10.9632
143008310,16,3351.06,5709.47,2,9.9567,13.7966,3,24,0,0,1,1,3351.07,5471.43,1.5,9.62765
143008310,17,3355.55,3671.62,4,7.79666,12.5473,3,24,0,0,0,0,,,,2.6378
143008310,18,3350.49,2461.93,16,7.59188,16.8267,3,24,0,0,0,0,,,,4.69074
143008310,19,3362.59,7765.42,1,10.9215,13.2687,3,24,0,0,1,1,3362.59,5548.69,1,8.63982
142373283,0,3346.68,2496.66,24,6.10946,12.1594,1.5,12,1,0,1,1,3346.64,13415.3,12,26.2737
142373283,1,3350.89,41129.3,4,49.384,81.7766,1.5,12,1,0,1,1,3350.89,40301.3,3,50.2495
142373283,2,3365.53,8618.1,1,7.13818,8.56759,1.5,12,1,0,0,0,,,,5.68441
142373283,3,3364.38,23874.5,8,36.6309,67.1316,1.5,12,1,0,1,1,3364.38,23936.5,6,33.0014
142373283,4,3347.46,32712.5,2,32.9365,45.9913,1.5,12,1,0,1,1,3347.45,33480.9,1.5,35.0574
142373283,5,3340.88,5322.01,24,13.0233,25.9196,1.5,12,1,0,1,0,3340.74,7255.15,8,12.4398
142373283,6,3348.48,15130.3,2,15.2339,21.2721,1.5,12,1,0,1,0,3348.48,14219.9,1.5,15.008
142373283,7,3347.74,9431.06,1,7.81154,9.37579,1.5,12,1,0,1,0,3347.75,9227.89,1,8.52054
142373283,8,3364.54,17540.8,1,14.5287,17.438,1.5,12,1,0,1,0,3364.54,16533.1,1,15.1263
142373283,9,3367.43,10804.2,4,12.9726,21.4818,1.5,12,1,0,0,0,,,,
142373283,10,3340.08,13723.7,24,33.5826,66.838,1.5,12,1,0,1,0,3340.29,7362.26,12,14.1283
142373283,11,3340.53,3527.58,16,6.30687,14.0276,1.5,12,1,0,0,0,,,,4.64782
142373283,12,3347.43,8320.42,1,6.89162,8.27166,1.5,12,1,0,0,0,,,,6.18366
142373283,13,3362.33,5405.87,16,9.66501,21.4967,1.5,12,1,0,0,0,,,,6.68943
142373283,14,3349.53,12681.5,16,22.673,50.4289,2,16,1,0,1,1,3349.52,11542.1,8,14.1531
142373283,15,3360.65,19734.4,8,30.2787,55.4901,1.5,12,1,0,1,1,3360.65,20229.6,6,28.6388
142373283,16,3354.66,37794,2,38.0528,53.1355,1.5,12,1,0,1,1,3354.66,37338.2,1.5,39.0137
142373283,17,3361.35,17333.2,8,26.5945,48.7384,1.5,12,1,0,1,1,3361.36,16708.6,6,24.938
142373283,18,3366.04,47925.8,2,48.254,67.38,1.5,12,1,0,1,1,3366.05,49451.6,1.5,51.7509
142373283,19,3348.55,50000,1,41.4139,49.707,1.5,12,1,0,1,1,3348.55,43329.5,1,39.5513
142384414,0,3348.35,1003.42,4,5.54704,7.18915,3,24,0,0,0,0,,,,4.29859
142384414,1,3349.2,429.828,16,4.18039,6.1591,3,24,0,0,0,0,,,,3.24167
142384414,2,3346.4,666.404,4,3.68395,4.77452,3,24,0,0,0,0,,,,2.51827
142384414,3,3360.93,5600.71,2,22.6124,28.374,3,24,0,0,1,1,3360.93,5318.09,1.5,21.9509
142384414,4,3362.57,2229.44,16,21.683,31.9462,3,24,0,0,1,1,3362.53,1760.57,16,17.4603
142384414,5,3354.72,1118.92,2,4.51754,5.6686,3,24,0,0,0,0,,,,4.6775
142384414,6,3365.42,1346.94,24,18.4945,23.6382,3,24,0,0,0,0,,,,6.25468
142384414,7,3345.86,8949.18,2,36.1316,45.3379,3,24,0,0,1,1,3345.86,8752.15,1.5,35.7073
142384414,8,3340.57,1358.31,2,5.48406,6.8814,3,24,0,0,0,0,,,,4.04839
142384414,9,3340.71,914.461,8,7.19851,9.26559,3,24,0,0,0,0,,,,5.09741
142384414,10,3364.01,2191.34,1,6.7371,7.85006,3,24,0,0,0,0,,,,6.51366
142384414,11,3350.18,5271.28,4,29.1402,37.7667,3,24,0,0,1,1,3350.18,4705.05,4,28.2435
142384414,12,3340.4,809.519,16,7.87318,11.5998,3,24,0,0,0,0,,,,4.73049
142384414,13,3351.43,8327.86,2,33.623,42.1902,3,24,0,0,1,1,3351.43,8487.21,1.5,34.5224
142384414,14,3366.48,7040.6,2,28.4258,35.6687,3,24,0,0,1,1,3366.48,6784.48,1.5,27.8156
142384414,15,3346.41,531.655,24,7.30004,9.33036,3,24,0,0,0,0,,,,6.55416
142384414,16,3362.91,12527.4,2,50.5782,63.4655,3,24,0,0,1,1,3362.91,12373.6,1.5,50.6438
142384414,17,3345.38,576.637,4,3.18772,4.13138,3,24,0,0,0,0,,,,
142384414,18,3365.29,910.112,8,7.16427,9.22152,3,24,0,0,0,0,,,,5.85324
142384414,19,3364.2,727.75,4,4.02308,5.21405,3,24,0,0,0,0,,,,3.11946
142412730,0,3347.9,6404.15,1,5.79492,6.75053,3,24,0,0,0,0,,,,4.90848
142412730,1,3359.54,6169.83,8,12.211,18.3948,3,24,0,0,0,0,,,,4.7377
142412730,2,3345.36,17504.5,8,34.644,52.1881,3,24,0,0,1,1,3345.44,17128.5,4,29.7394
142412730,3,3345.29,2249.29,24,6.42135,11.6152,3,24,0,0,0,0,,,,4.70302
142412730,4,3352.26,18633.2,24,53.1946,96.2206,3,24,0,0,1,1,3352.24,18382.5,16,40.6767
142412730,5,3349.5,3005.1,16,7.06896,12.6705,1.5,12,1,0,0,0,,,,5.99028
142412730,6,3361.62,30532.5,4,47.6197,64.3678,3,24,0,0,1,1,3361.63,27766.5,4,47.4872
142412730,7,3351.66,5934.08,24,16.9408,30.6433,3,24,0,0,1,1,3351.7,5473.19,24,12.742
142412730,8,3347.98,9822.32,2,11.6918,14.6422,3,24,0,0,1,1,3347.99,9613.44,1.5,11.1859
142412730,9,3353.23,8007.92,8,15.8488,23.8749,3,24,0,0,1,1,3353.25,8006.39,6,16.687
142412730,10,3360.53,6886.9,4,10.7411,14.5188,3,24,0,0,1,1,3360.54,7385.44,3,11.2842
142412730,11,3347.93,50000,1,45.2434,52.7043,3,24,0,0,1,1,3347.93,42788.5,1,42.9196
142412730,12,3363.5,27785.1,4,43.3348,58.5759,3,24,0,0,1,1,3363.5,26818.6,3,42.0796
142412730,13,3347.58,11463.4,2,13.6452,17.0885,3,24,0,0,1,1,3347.58,12294.5,2,16.198
142412730,14,3363.22,5354.83,24,15.2871,27.6521,3,24,0,0,1,1,3363.2,4076.7,24,14.8547
142412730,15,3363.37,13161.4,24,37.5736,67.9647,3,24,0,0,1,1,3363.36,10694.2,24,39.5099
142412730,16,3360.87,6519.46,1,5.89925,6.87207,3,24,0,0,1,1,3360.88,7365.21,1,7.39194
142412730,17,3350.29,21995.4,2,26.1818,32.7887,3,24,0,0,1,1,3350.3,19547.9,2,24.9989
142412730,18,3355.27,3374.25,2,4.01646,5.03,3,24,0,0,0,0,,,,3.8225
142412730,19,3345.6,50000,1,45.2434,52.7043,3,24,0,0,1,1,3345.6,44269.4,1,44.3058
142849607,0,3350.47,3405.47,16,11.6181,28.598,3,24,0,0,1,1,3350.48,3316.35,12,11.6999
142849607,1,3366.63,7046.43,1,10.8604,14.7934,3,24,0,0,1,1,3366.63,6444.6,1,10.927
142849607,2,3365.19,1185.92,8,3.35533,7.04204,3,24,0,0,0,0,,,,3.11721
142849607,3,3350.03,7865.17,4,16.5899,33.0245,3,24,0,0,1,1,3350.02,7837.8,3,17.2784
142849607,4,3362.51,7311.45,8,20.6863,43.4157,3,24,0,0,1,1,3362.53,8116.86,4,18.8692
142849607,5,3367.05,4027.58,16,13.7405,33.8222,3,24,0,0,1,1,3366.98,4867.29,12,15.9291
142849607,6,3353.9,17652,8,49.9428,104.818,3,24,0,0,1,1,3353.89,16852,8,48.1166
142849607,7,3341.01,6002.4,8,16.9826,35.6425,3,24,0,0,1,1,3340.89,6848.57,1,11.7676
142849607,8,3349.25,20597.4,8,58.2762,122.308,3,24,0,0,1,1,3349.25,21388.4,6,54.3214
142849607,9,3364.27,20111.3,1,30.9969,42.222,3,24,0,0,1,1,3364.27,18879.4,1,32.5121
142849607,10,3355.04,9215.56,24,33.7522,94.782,3,24,0,0,1,1,3354.8,9029.51,8,26.5664
142849607,11,3363.2,28000.7,1,43.1566,58.7851,3,24,0,0,1,1,3363.21,23347.2,1,39.5
142849607,12,3365.54,3367.08,4,7.10214,14.1378,3,24,0,0,0,0,,,,5.67206
142849607,13,3364.17,9770.23,1,15.0585,20.5118,3,24,0,0,1,1,3364.17,9337.73,1,16.105
142849607,14,3351,16832.6,1,25.9435,35.3386,3,24,0,0,1,1,3351,14203.9,1,23.9404
142849607,15,3351.96,5709.44,24,20.911,58.7215,3,24,0,0,1,1,3352.02,5329.09,16,17.9681
142849607,16,3352.72,1326.07,8,3.75185,7.87425,3,24,0,0,0,0,,,,4.46527
142849607,17,3341.02,2709.22,4,5.71452,11.3755,3,24,0,0,0,0,,,,
142849607,18,3348.09,939.56,24,3.44116,9.66337,3,24,0,0,0,0,,,,2.70172
142849607,19,3365.05,10979.7,8,31.065,65.1981,3,24,0,0,1,1,3365.05,11012.4,6,27.5062
147950002,0,3350.69,17434.4,4,25.2126,34.407,3,24,0,0,1,1,3350.68,15956.4,4,24.9767
147950002,1,3367.05,11360.4,8,22.4984,31.7066,3,24,0,0,1,1,3367.04,11138.4,8,23.3
147950002,2,3365.61,3765.07,24,12.2328,18.2008,3,24,0,0,1,1,3365.53,4427.33,16,11.5751
147950002,3,3347.43,4173,24,13.5582,20.1727,3,24,0,0,1,1,3347.43,2349.1,24,10.0398
147950002,4,3348.72,4799.1,8,9.50427,13.3942,3,24,0,0,1,1,3348.73,5304.43,8,10.3173
147950002,5,3347.9,3670.19,4,5.30762,7.24319,3,24,0,0,0,0,,,,4.71685
147950002,6,3349.48,10741.2,2,12.8332,14.9893,3,24,0,0,1,1,3349.48,11655.5,1.5,13.5027
147950002,7,3350.22,5834.78,8,11.5554,16.2847,3,24,0,0,1,1,3350.21,5218.04,8,10.2674
147950002,8,3366.99,6286.71,16,17.6926,24.8139,3,24,0,0,1,1,3366.98,7166.58,12,16.1835
147950002,9,3367.14,13945.7,8,27.6185,38.9223,3,24,0,0,1,1,3367.14,13243.7,8,28.4672
147950002,10,3349.64,2631.11,16,7.40467,10.3851,3,24,0,0,0,0,,,,5.3431
147950002,11,3348.3,4945.4,4,7.15176,9.75984,3,24,0,0,0,0,,,,6.54396
147950002,12,3354.76,16155.5,2,19.302,22.5448,3,24,0,0,1,1,3354.76,15897.5,2,20.9618
147950002,13,3366.86,2460.2,8,4.87225,6.86636,3,24,0,0,0,0,,,,5.14256
147950002,14,3364.63,14836.9,8,29.3834,41.4094,3,24,0,0,1,1,3364.62,12464,8,27.1438
147950002,15,3364.72,19499.4,16,54.8768,76.965,3,24,0,0,1,1,3364.73,16898.6,16,43.2765
147950002,16,3366.62,4443.6,4,6.42609,8.76954,3,24,0,0,0,0,,,,6.9847
147950002,17,3365.09,50000,1,45.0216,49.338,3,24,0,0,1,1,3365.09,45655.3,1,45.4
147950002,18,3349.43,25863.9,2,30.9012,36.0928,3,24,0,0,1,1,3349.43,23444.1,2,30.3457
147950002,19,3365.29,5660.45,8,11.2101,15.7982,3,24,0,0,1,1,3365.31,5734.17,6,9.93226
147953856,0,3339.99,4029.14,16,18.3822,43.2793,3,24,0,0,1,1,3340.12,4968.06,8,23.206
147953856,1,3352.86,21252.8,2,59.863,80.712,3,24,0,0,1,1,3352.86,18765.6,2,57.7256
147953856,2,3350.77,1916.95,24,9.96551,25.2188,3,24,0,0,0,0,,,,5.34021
147953856,3,3348.56,11161.8,4,38.4996,59.9476,3,24,0,0,1,1,3348.57,11593.4,3,39.4997
147953856,4,3347.23,17107.8,4,59.0089,91.8826,3,24,0,0,1,1,3347.23,16913.7,3,58.0431
147953856,5,3351,1847.04,1,3.76604,4.96004,3,24,0,0,0,0,,,,5.24722
147953856,6,3363.32,1177.01,24,6.11882,15.4843,3,24,0,0,0,0,,,,4.12137
147953856,7,3348.22,7264.13,2,20.461,27.5871,3,24,0,0,1,1,3348.23,6394.37,2,19.5527
147953856,8,3351.06,24350.9,1,49.6503,65.3917,3,24,0,0,1,1,3351.06,21970.2,1,49.4669
147953856,9,3350.98,8014.47,24,41.6643,105.436,3,24,0,0,1,1,3350.99,7400.9,24,35.3608
147953856,10,3366.83,5521.1,24,28.7021,72.6339,3,24,0,0,1,1,3366.75,5336.79,16,19.8478
147953856,11,3340.64,4927.54,2,13.8795,18.7134,3,24,0,0,1,1,3340.64,4224.62,2,12.8651
147953856,12,3366.72,13374,1,27.2689,35.9144,3,24,0,0,1,1,3366.72,11721.1,1,26.1174
147953856,13,3340.55,650.168,24,3.37999,8.55341,3,24,0,0,0,0,,,,3.5203
147953856,14,3363.16,3748.22,8,16.3445,28.4694,3,24,0,0,1,1,3363.18,3467.55,6,14.6789
147953856,15,3353.05,716.21,24,3.72331,9.42224,3,24,0,0,0,0,,,,2.79715
147953856,16,3362.93,949.346,24,4.9353,12.4893,3,24,0,0,0,0,,,,3.04309
147953856,17,3366.96,3769.7,2,10.6182,14.3163,3,24,0,0,1,1,3366.96,3059.78,2,9.45513
147953856,18,3347.67,1390.76,24,7.23007,18.2965,3,24,0,0,0,0,,,,5.04634
147953856,19,3362.66,1849.41,1,3.77086,4.96638,3,24,0,0,0,0,,,,1.13483
148672669,0,3352.69,10122.3,8,18.3677,24.8375,3,24,0,0,1,1,3352.67,9510.3,8,18.3972
148672669,1,3367.48,8087.65,4,11.408,14.0326,3,24,0,0,0,0,,,,
148672669,2,3366.32,3021.01,24,10.0818,12.8393,3,24,0,0,0,0,,,,6.36447
148672669,3,3346.11,14426.7,24,48.145,61.3137,3,24,0,0,1,1,3345.98,13622.2,12,27.6867
148672669,4,3362.44,8816.96,24,29.4241,37.4722,3,24,0,0,1,1,3362.66,9627.89,8,18.7072
148672669,5,3366.6,1446.16,24,4.82615,6.1462,3,24,0,0,0,0,,,,3.11882
148672669,6,3345.92,25210.1,4,35.56,43.7411,3,24,0,0,1,1,3345.93,24198.1,3,35.2566
148672669,7,3351.43,9096.59,16,21.0808,31.5663,3,24,0,0,1,1,3351.41,8081.18,16,20.52
148672669,8,3349.2,915.602,24,3.05557,3.89132,3,24,0,0,0,0,,,,2.14333
148672669,9,3346.58,50000,1,41.1243,43.3765,3,24,0,0,1,1,3346.57,44804.8,1,40.9234
148672669,10,3345.86,5019.06,8,9.1075,12.3155,3,24,0,0,0,0,,,,6.2724
148672669,11,3352.72,7252.97,24,24.2048,30.8252,3,24,0,0,1,1,3352.69,7814.74,16,17.5569
148672669,12,3352.44,11027.9,2,12.3033,13.5298,3,24,0,0,1,1,3352.44,10246,2,12.5673
148672669,13,3351.23,27803,2,31.0185,34.1108,3,24,0,0,1,1,3351.23,24604.9,2,30.1384
148672669,14,3365.33,1597.69,24,5.33184,6.7902,3,24,0,0,0,0,,,,4.31394
148672669,15,3347.79,1480.78,16,3.43161,5.13847,3,24,0,0,0,0,,,,4.16312
148672669,16,3364.32,40527.7,4,57.1662,70.318,3,24,0,0,1,1,3364.31,40452.7,3,57.6938
148672669,17,3350.64,1511.11,24,5.04291,6.42224,3,24,0,0,0,0,,,,3.59877
148672669,18,3340.56,15611.3,16,36.1783,54.1733,3,24,0,0,1,1,3340.49,14573.4,8,28.9437
148672669,19,3363.4,1339.3,16,3.10375,4.64754,3,24,0,0,0,0,,,,2.94464
148675694,0,3364.71,11386.2,4,34.1553,35.8425,3,24,0,0,1,1,3364.71,10971.9,3,32.7782
148675694,1,3364.61,7359.43,1,11.6062,11.5833,3,24,0,0,1,1,3364.61,6158.02,1,10.6765
148675694,2,3365.5,476.267,24,3.25427,3.67235,3,24,0,0,0,0,,,,3.35249
148675694,3,3350.3,7001.98,2,15.3963,15.5856,3,24,0,0,1,1,3350.3,6259.53,2,15.1333
148675694,4,3352.43,758.449,24,5.18239,5.84816,3,24,0,0,0,0,,,,3.62206
148675694,5,3340,11921.9,2,26.2146,26.5368,3,24,0,0,1,1,3340,11156.9,2,27.0336
148675694,6,3365.83,1564.72,2,3.44059,3.48288,3,24,0,0,0,0,,,,4.56091
148675694,7,3364.83,15402.3,4,46.2023,48.4845,3,24,0,0,1,1,3364.82,15204.3,3,45.4614
148675694,8,3352.29,12641.1,1,19.9357,19.8963,3,24,0,0,1,1,3352.29,12036.9,1,20.7738
148675694,9,3350.81,7190.97,16,34.6603,45.2725,3,24,0,0,1,1,3350.82,7126.25,12,31.3087
148675694,10,3340.9,4125.62,16,19.8854,25.9739,3,24,0,0,1,1,3340.7,3165.05,6,12.6607
148675694,11,3348.19,4662.81,1,7.3535,7.33897,3,24,0,0,1,1,3348.19,4704.23,1,8.14201
148675694,12,3350.91,726.123,8,3.16524,3.23253,3,24,0,0,0,0,,,,2.81419
148675694,13,3365.04,1171.98,16,5.64891,7.37848,3,24,0,0,0,0,,,,4.71933
148675694,14,3364.54,12108.9,1,19.0964,19.0586,3,24,0,0,1,1,3364.54,10959.9,1,18.7554
148675694,15,3345.88,1907.44,4,5.72174,6.00437,3,24,0,0,0,0,,,,5.29039
148675694,16,3364.43,6746.43,4,20.2373,21.2369,3,24,0,0,1,1,3364.43,6026.44,4,19.8075
148675694,17,3347.29,485.703,24,3.31875,3.7451,3,24,0,0,0,0,,,,5.23117
148675694,18,3340.11,1361.89,4,4.08525,4.28704,3,24,0,0,0,0,,,,4.96141
148675694,19,3353.42,3705.15,24,25.3168,28.5692,3,24,0,0,1,1,3353.3,3975.5,12,19.154
153919999,0,3348.55,29765.3,1,36.3968,39.8855,3,24,0,0,1,1,3348.55,24296.4,1,33.123
153919999,1,3350.87,2866.27,2,5.21322,5.43172,3,24,0,0,1,1,3350.87,4326.66,1.5,7.48666
153919999,2,3347.24,2183.61,16,9.72367,11.7042,3,24,0,0,0,0,,,,6.54524
153919999,3,3364.69,3208.03,24,15.8369,21.0596,3,24,0,0,1,1,3364.66,3185.73,16,12.0022
153919999,4,3365.8,9296.06,4,22.8997,24.9135,3,24,0,0,1,1,3365.8,8820.61,4,24.0871
153919999,5,3340.98,3459.87,1,4.23071,4.63622,3,24,0,0,0,0,,,,
153919999,6,3364.16,7156.94,16,31.87,38.3612,3,24,0,0,1,1,3364.18,6257.73,16,26.9213
153919999,7,3364.81,26876.5,2,48.8833,50.9322,3,24,0,0,1,1,3364.81,24784.2,2,49.5595
153919999,8,3362.95,3356.7,24,16.5708,22.0355,3,24,0,0,1,1,3363,3709.47,16,18.2228
153919999,9,3367.07,11397.6,4,28.0766,30.5457,3,24,0,0,1,1,3367.07,9791.15,4,26.8408
153919999,10,3339.93,6084.2,4,14.9877,16.3057,3,24,0,0,1,1,3339.96,5404.73,2,10.9134
153919999,11,3346.67,9745.93,8,30.7338,36.938,3,24,0,0,1,1,3346.67,10076.8,6,33.2198
153919999,12,3339.96,9971.91,8,31.4465,37.7945,3,24,0,0,1,1,3340.01,9249.69,4,24.6964
153919999,13,3347.99,2894.28,16,12.8883,15.5134,3,24,0,0,1,1,3348,2473.57,16,10.7578
153919999,14,3340.02,1736.15,8,5.47496,6.58018,3,24,0,0,0,0,,,,2.7347
153919999,15,3351.88,1318.77,8,4.15875,4.99827,3,24,0,0,0,0,,,,3.90776
153919999,16,3348.95,1367.29,24,6.74979,8.97574,3,24,0,0,0,0,,,,3.81869
153919999,17,3349.91,3929.58,8,12.3919,14.8935,3,24,0,0,1,1,3349.91,3885.47,6,11.9734
153919999,18,3349.08,5932.07,2,10.7893,11.2416,3,24,0,0,1,1,3349.07,6307.82,1.5,10.9273
153919999,19,3353,35504.2,1,43.4144,47.5757,3,24,0,0,1,1,3353,31165.2,1,42.2086
153974008,0,3355.39,3324.89,16,14.8219,13.7473,3,24,0,0,1,1,3355.25,3483.81,6,9.32369
153974008,1,3350.74,1318.29,8,3.66634,3.85423,3,24,0,0,0,0,,,,4.18259
153974008,2,3340.04,16937.7,4,34.882,35.0159,3,24,0,0,1,1,3340.04,15960.6,4,36.0032
153974008,3,3364.49,31555.2,2,47.141,46.1283,3,24,0,0,1,1,3364.49,28252.1,2,46.1988
153974008,4,3348.89,1047.04,16,4.66754,4.32915,3,24,0,0,0,0,,,,3.07083
153974008,5,3367.29,1270.81,16,5.6651,5.2544,3,24,0,0,0,0,,,,2.30258
153974008,6,3339.97,1150.46,8,3.19958,3.36355,3,24,0,0,0,0,,,,3.90479
153974008,7,3341.07,6734.11,16,30.0197,27.8433,3,24,0,0,1,1,3340.97,5919.93,8,18.3176
153974008,8,3353.95,12022.4,8,33.436,35.1495,3,24,0,0,1,1,3353.84,10733.9,12,33.257
153974008,9,3353.96,2793.63,2,4.17346,4.08381,3,24,0,0,0,0,,,,4.26599
153974008,10,3363.76,1848.5,8,5.14091,5.40437,3,24,0,0,0,0,,,,3.69453
153974008,11,3340.96,4634.61,2,6.92374,6.775,3,24,0,0,0,0,,,,6.68044
153974008,12,3367.19,17844.6,1,18.6823,18.4454,3,24,0,0,1,1,3367.19,15465.5,1,17.8872
153974008,13,3363.85,14441.2,2,21.574,21.1105,3,24,0,0,1,1,3363.85,12622.6,2,20.6471
153974008,14,3366.85,4415.93,1,4.62322,4.56461,3,24,0,0,0,0,,,,5.36509
153974008,15,3360.44,10055.5,1,10.5275,10.394,3,24,0,0,0,0,,,,3.27353
153974008,16,3348.78,3141.97,1,3.28946,3.24776,3,24,0,0,0,0,,,,2.99615
153974008,17,3348.78,6292.97,8,17.5016,18.3985,3,24,0,0,1,1,3348.79,5888.86,6,16.0558
153974008,18,3363.52,4990.85,8,13.8802,14.5915,3,24,0,0,1,1,3363.51,4785.4,6,13.1247
153974008,19,3346,6757.79,16,30.1252,27.9413,3,24,0,0,1,1,3346.03,6383.33,16,24.5234
154068248,0,3362.06,1871.45,8,6.88128,11.0919,3,24,0,0,1,1,3362.04,2051.1,6,7.12191
154068248,1,3340.14,10184.1,8,37.4469,60.3603,3,24,0,0,1,1,3340.13,9857.75,8,38.0578
154068248,2,3345.71,1956.42,1,3.14505,4.09962,3,24,0,0,0,0,,,,1.20024
154068248,3,3362.66,4459.97,16,19.425,37.3829,3,24,0,0,1,1,3362.69,4609.14,12,16.9886
154068248,4,3365.98,1483.43,4,4.20562,6.21697,3,24,0,0,0,0,,,,4.57771
154068248,5,3353.96,1850.89,16,8.06139,15.514,3,24,0,0,1,1,3353.98,2763.45,12,12.2025
154068248,6,3350.95,12121.2,8,44.5693,71.8408,3,24,0,0,1,1,3350.96,12173.6,6,41.8183
154068248,7,3347.84,27343.6,2,58.836,81.0313,3,24,0,0,1,1,3347.84,24986.9,2,58.9169
154068248,8,3361.29,2782.72,8,10.232,16.4929,3,24,0,0,1,1,3361.29,2744.72,6,9.89295
154068248,9,3346.12,3606.53,4,10.2248,15.1148,3,24,0,0,0,0,,,,4.42907
154068248,10,3361.08,14651.4,4,41.5377,61.4032,3,24,0,0,1,1,3361.08,13927.9,3,40.7321
154068248,11,3350.89,23256.1,2,50.0407,68.9181,3,24,0,0,1,1,3350.88,21164.8,2,49.4227
154068248,12,3351.33,2898.63,1,4.65971,6.074,3,24,0,0,0,0,,,,5.18865
154068248,13,3346.59,1034.92,16,4.5075,8.67459,3,24,0,0,1,1,3346.65,2550.62,12,11.3591
154068248,14,3365.62,9842.99,1,15.8231,20.6257,3,24,0,0,1,1,3365.61,8713.62,1,15.4676
154068248,15,3351.02,1816.8,8,6.68035,10.768,3,24,0,0,0,0,,,,5.11043
154068248,16,3354.21,12654.2,1,20.3423,26.5165,3,24,0,0,1,1,3354.21,11564.8,1,20.5369
154068248,17,3350.89,721.324,24,3.77432,7.40487,3,24,0,0,0,0,,,,2.90324
154068248,18,3339.86,1770,4,5.01806,7.41796,3,24,0,0,0,0,,,,2.26432
154068248,19,3353.79,13535.6,2,29.1249,40.1119,3,24,0,0,1,1,3353.8,5705.74,6,16.1664
154218314,0,3363.45,6232.39,16,48.9809,81.1769,3,24,0,0,1,1,3363.42,6142.7,12,36.1805
154218314,1,3364.94,1579.02,24,16.6536,25.1891,3,24,0,0,0,0,,,,5.53816
154218314,2,3350.94,3539.34,24,37.3287,56.4607,3,24,0,0,1,1,3350.95,3354.72,24,29.8473
154218314,3,3350.66,12551.8,1,34.5495,40.8718,3,24,0,0,1,1,3350.66,11586.1,1,35.4345
154218314,4,3365.75,3071.13,24,32.3906,48.9916,3,24,0,0,1,1,3365.68,3140.72,12,18.478
154218314,5,3349.66,1959.26,1,5.39296,6.37983,3,24,0,0,0,0,,,,5.40295
154218314,6,3348.18,9762.46,8,58.8332,89.9128,3,24,0,0,1,1,3348.18,9044.57,8,60.3145
154218314,7,3340.05,8659.12,4,42.4864,56.3925,3,24,0,0,1,1,3340.05,9191.6,3,44.6328
154218314,8,3351.13,13390.9,1,36.8593,43.6042,3,24,0,0,1,1,3351.14,11984.7,1,36.2085
154218314,9,3346.91,1469.27,8,8.85453,13.5321,3,24,0,0,1,1,3346.93,1362.12,8,8.81655
154218314,10,3350.62,8009.98,2,29.6155,36.8862,3,24,0,0,1,1,3350.62,7034.11,2,28.6217
154218314,11,3352.41,4629.76,2,17.1177,21.3202,3,24,0,0,1,1,3352.41,3735.74,1.5,13.5367
154218314,12,3362.65,3663.87,16,28.7947,47.7219,3,24,0,0,1,1,3362.57,3654.31,8,23.1005
154218314,13,3364.7,492.855,24,5.19804,7.86217,3,24,0,0,0,0,,,,2.94505
154218314,14,3348.2,1636.32,16,12.86,21.313,3,24,0,0,1,1,3348.19,1746.58,16,17.6603
154218314,15,3348.44,12966.6,1,35.6912,42.2224,3,24,0,0,1,1,3348.44,11527,1,34.9829
154218314,16,3353.5,5075.29,16,39.8872,66.1056,3,24,0,0,1,1,3353.44,4998.65,8,31.684
154218314,17,3350.38,4646.64,1,12.7901,15.1306,3,24,0,0,1,1,3350.38,3932.07,1,11.965
154218314,18,3353.06,1079.85,8,6.50771,9.94551,3,24,0,0,1,1,3353.08,1376.42,6,7.64873
154218314,19,3354.67,902.987,4,4.43055,5.8807,3,24,0,0,0,0,,,,5.11887
148840967,0,3352.1,12133.1,1,24.1697,36.9226,0.5,4,1,0,0,0,,,,22.9359
148840967,1,3365.5,11182.2,24,3.16372,166.707,0.5,4,1,0,1,1,3365.79,183275,2,445.229
148840967,2,3367.09,41618,16,17.7849,506.595,0.5,4,1,0,1,0,3367.23,17289.3,1,38.9388
148840967,3,3354.52,3731.95,2,8.57135,16.0609,0.5,4,1,0,0,0,,,,6.20024
148840967,4,3348.7,3330.61,8,8.8903,28.6674,0.5,4,1,0,0,0,,,,3.70361
148840967,5,3366.73,10648.8,2,24.4577,45.8286,0.5,4,1,0,0,0,,,,25.5178
148840967,6,3348.8,17906.6,24,5.06622,266.956,1.25,10,1,0,0,0,,,,187.569
148840967,7,3354.05,4502.39,8,12.0181,38.7532,0.5,4,1,0,1,1,3354.11,184755,2,470.457
148840967,8,3353.22,2346.14,2,5.3885,10.0969,0.5,4,1,0,0,0,,,,4.01854
148840967,9,3351.66,50000,24,14.1462,745.41,0.5,4,1,0,1,0,3351.2,175776,2,441.26
148840967,10,3362.68,5871.08,8,15.6715,50.5339,0.5,4,1,0,0,0,,,,366.658
148840967,11,3354.34,2311.13,2,5.30807,9.94622,0.5,4,1,0,0,0,,,,4.50841
148840967,12,3339.8,4945.86,2,11.3594,21.2851,0.5,4,1,0,0,0,,,,
148840967,13,3352.18,13213.3,1,26.3214,40.2097,0.5,4,1,0,0,0,,,,27.0832
148840967,14,3362.42,50000,16,21.3669,608.625,0.5,4,1,0,0,0,,,,1.14782
148840967,15,3364.66,5747.79,4,14.5081,34.9825,0.5,4,1,0,0,0,,,,10.8803
148840967,16,3350.24,50000,24,14.1462,745.41,0.5,4,1,0,0,0,,,,18.2772
148840967,17,3367.46,18947.7,24,5.36077,282.477,0.5,4,1,0,1,0,3367.25,18099.3,2,43.9079
148840967,18,3365.76,14187.4,24,4.01395,211.508,0.5,4,1,0,1,0,3365.79,182914,2,451.142
148840967,19,3351.88,4056.47,1,8.08066,12.3443,0.5,4,1,0,0,0,,,,7.26833
148968064,0,3364.17,1314.71,1,5.81035,7.50142,3,24,0,0,0,0,,,,3.52125
148968064,1,3365.99,4565.86,16,32.4668,104.207,3,24,0,0,1,1,3365.98,4037.92,16,30.5504
148968064,2,3363.17,11509.7,1,50.867,65.6716,3,24,0,0,1,1,3363.17,10632.8,1,51.9104
148968064,3,3360.97,1161.21,8,6.7249,18.74,3,24,0,0,0,0,,,,6.98094
148968064,4,3351.59,13485.1,1,59.5976,76.9432,3,24,0,0,1,1,3351.59,11650.6,1,56.6075
148968064,5,3348.9,5768.77,8,33.4086,93.0984,3,24,0,0,1,1,3348.92,5917.55,6,37.0962
148968064,6,3362.33,731.76,24,7.2562,20.4545,3,24,0,0,0,0,,,,3.50415
148968064,7,3350.78,2342.07,8,13.5636,37.7971,3,24,0,0,1,1,3350.79,2540.58,6,16.1015
148968064,8,3354.63,1351.99,24,13.4065,37.7916,3,24,0,0,0,0,,,,5.23153
148968064,9,3348.09,11219.8,4,58.7388,128.035,3,24,0,0,1,1,3348.09,11116.3,3,61.4015
148968064,10,3349.39,671.201,24,6.65569,18.7617,3,24,0,0,0,0,,,,4.03066
148968064,11,3363.26,891.972,1,3.94207,5.08939,3,24,0,0,0,0,,,,4.58155
148968064,12,3365.2,3341.6,2,16.4439,26.9639,3,24,0,0,1,1,3365.2,3295.84,1.5,17.0604
148968064,13,3348.36,1478.9,4,7.74247,16.8765,3,24,0,0,1,1,3348.41,1678.11,1,8.0172
148968064,14,3347.38,6829.34,16,48.562,155.867,3,24,0,0,1,1,3347.38,6023.94,16,49.9462
148968064,15,3366.06,532.115,24,5.2765,14.8739,3,24,0,0,0,0,,,,3.74946
148968064,16,3350.87,1307.26,8,7.5707,21.097,3,24,0,0,1,1,3350.87,1535.85,6,9.68569
148968064,17,3349.89,748.976,2,3.68569,6.04362,3,24,0,0,0,0,,,,2.86092
148968064,18,3350.64,12376.7,1,54.6989,70.6187,3,24,0,0,1,1,3350.64,10997.7,1,53.6477
148968064,19,3364.12,784.259,1,3.46604,4.4748,3,24,0,0,0,0,,,,1.85348
153919873,0,3348.24,6430.15,16,12.2911,28.929,3,24,0,0,1,1,3348.18,6374.88,6,9.3751
153919873,1,3362.63,17063,2,18.2046,27.1407,3,24,0,0,1,1,3362.63,14412.2,2,16.9427
153919873,2,3365.86,33711.6,1,29.138,37.9168,3,24,0,0,1,1,3365.86,30660.7,1,29.0367
153919873,3,3364.36,2177.21,16,4.1617,9.79516,3,24,0,0,0,0,,,,3.35293
153919873,4,3353.4,22912.7,1,19.8041,25.7708,3,24,0,0,1,1,3353.4,18664.1,1,17.9304
153919873,5,3362.55,30952.5,16,59.1651,139.254,3,24,0,0,1,1,3362.67,30172.1,8,47.6973
153919873,6,3348.81,5319.38,2,5.67528,8.46113,3,24,0,0,0,0,,,,5.09023
153919873,7,3365.36,19326.6,24,45.7376,106.491,3,24,0,0,1,1,3365.25,19103.3,12,20.0185
153919873,8,3365.27,3041.79,8,4.39652,9.67668,3,24,0,0,0,0,,,,4.29641
153919873,9,3351.82,1744.27,16,3.33413,7.84737,3,24,0,0,0,0,,,,2.7421
153919873,10,3347.42,6227.17,16,11.9031,28.0157,3,24,0,0,0,0,,,,6.50446
153919873,11,3353.22,4620.19,8,6.67789,14.6979,3,24,0,0,0,0,,,,3.84511
153919873,12,3347.35,4782.11,2,5.10206,7.60652,3,24,0,0,0,0,,,,5.40139
153919873,13,3350.64,4586.18,16,8.7664,20.633,2,16,1,0,1,1,3350.61,4293.68,16,9.7962
153919873,14,3354.18,3298.46,24,7.80601,18.1748,3,24,0,0,1,1,3354.11,6664.62,24,15.5667
153919873,15,3354.9,7946.99,4,9.93171,17.8766,3,24,0,0,1,1,3354.89,7432.46,3,9.58605
153919873,16,3366.51,38413.1,8,55.5212,122.201,3,24,0,0,1,1,3366.51,38880,6,54.2147
153919873,17,3366.35,11936.4,16,22.8161,53.7011,3,24,0,0,1,1,3366.34,12315.2,12,17.2786
153919873,18,3340.79,10252.3,2,10.9383,16.3076,3,24,0,0,1,1,3340.79,9730.63,1.5,10.4709
153919873,19,3362.82,27395.4,16,52.3658,123.25,3,24,0,0,1,1,3362.84,26084.6,12,46.2771
153919878,0,3364.27,15900.3,24,51.3071,90.5446,3,24,0,0,1,1,3364.18,16043.2,16,43.6213
153919878,1,3340.84,2862.74,4,4.41375,6.65526,3,24,0,0,0,0,,,,6.30191
153919878,2,3346.14,17031.5,16,41.0372,79.1893,3,24,0,0,0,0,,,,4.60527
153919878,3,3365.6,16634.8,24,53.6774,94.7276,3,24,0,0,1,1,3365.6,14811.8,24,40.4434
153919878,4,3366.75,1445.18,24,4.66331,8.2296,3,24,0,0,0,0,,,,3.51112
153919878,5,3351.06,13263.3,16,31.9577,61.6687,3,24,0,0,1,1,3351.04,12786.7,12,24.6834
153919878,6,3366.71,6419.85,24,20.7156,36.558,3,24,0,0,1,1,3366.48,5188.29,24,18.4765
153919878,7,3367.42,6064.89,16,14.6132,28.1991,3,24,0,0,1,1,3367.26,6027.84,4,10.0532
153919878,8,3366.12,3465.65,1,3.52218,4.02845,3,24,0,0,0,0,,,,3.91213
153919878,9,3366.93,12654.7,24,40.8343,72.0627,3,24,0,0,1,1,3366.81,12591.4,16,31.6107
153919878,10,3350.28,5568.27,24,17.9678,31.7087,1.5,12,1,0,1,1,3350.46,4859.5,12,14.4061
153919878,11,3340.27,23271.2,16,56.0716,108.201,3,24,0,0,1,1,3340.29,23222.5,12,53.8932
153919878,12,3351.01,6666.34,1,6.77506,7.7489,3,24,0,0,0,0,,,,5.34112
153919878,13,3365.49,4043.39,16,9.74247,18.8,3,24,0,0,1,1,3365.51,3978.71,12,8.71775
153919878,14,3363.11,1617.15,16,3.8965,7.51906,3,24,0,0,0,0,,,,4.19027
153919878,15,3349.18,1602.37,24,5.17055,9.12477,3,24,0,0,0,0,,,,3.14633
153919878,16,3340.71,18116.8,8,33.7015,59.5635,3,24,0,0,1,1,3340.72,18173.7,6,33.9219
153919878,17,3365.52,4619.36,16,11.1303,21.478,3,24,0,0,1,1,3365.51,4556.86,12,9.94109
153919878,18,3339.97,9965.44,1,10.128,11.5838,3,24,0,0,1,1,3339.98,8452.11,1,9.4589
153919878,19,3352.74,10511.1,4,16.2059,24.436,3,24,0,0,1,1,3352.74,11897.7,3,18.7494
154485992,0,3364.95,12314.6,8,25.4427,37.261,3,24,0,0,1,1,3364.94,11060.3,8,22.4227
154485992,1,3367.42,1360.03,16,3.48151,5.81967,3,24,0,0,0,0,,,,1.92491
154485992,2,3364.82,1771.69,16,4.5353,7.58119,3,24,0,0,0,0,,,,3.36256
154485992,3,3365.44,17918.4,16,45.8688,76.674,3,24,0,0,1,1,3365.45,17878.5,12,37.6919
154485992,4,3361.23,23244.2,8,48.024,70.3314,3,24,0,0,1,1,3361.23,20247.7,8,44.9157
154485992,5,3351.32,18304,2,21.7357,27.6917,3,24,0,0,1,1,3351.32,16784.2,2,21.9286
154485992,6,3366.26,38123.7,2,45.2713,57.6765,3,24,0,0,1,1,3366.26,33067.8,2,43.3453
154485992,7,3351.72,13611.5,24,40.7425,71.3349,3,24,0,0,1,1,3351.65,13428.4,16,29.4059
154485992,8,3361.79,17930.4,2,21.2921,27.1266,3,24,0,0,1,1,3361.79,16625.9,2,21.6619
154485992,9,3349.93,8447.95,4,12.6181,18.0747,3,24,0,0,1,1,3349.94,9221.85,3,13.7653
154485992,10,3346.67,2915.33,8,6.02326,8.82109,3,24,0,0,0,0,,,,5.35106
154485992,11,3360.89,11803.4,8,24.3867,35.7144,3,24,0,0,1,1,3360.89,9580.99,8,21.5359
154485992,12,3360.99,3845.28,1,3.4683,4.11355,3,24,0,0,0,0,,,,1.01967
154485992,13,3362.67,1860.41,16,4.7624,7.96081,3,24,0,0,0,0,,,,3.43117
154485992,14,3351.33,2324.93,4,3.47258,4.97427,3,24,0,0,0,0,,,,4.33088
154485992,15,3363.54,10959.3,1,9.88484,11.7238,3,24,0,0,1,1,3363.54,9118.39,1,9.06326
154485992,16,3346.98,4295.05,8,8.87384,12.9958,3,24,0,0,1,1,3346.98,4818.59,8,10.9751
154485992,17,3365.24,20742.1,1,18.7086,22.1892,3,24,0,0,1,1,3365.24,17791.1,1,17.6843
154485992,18,3363.82,3380.06,1,3.04869,3.61588,3,24,0,0,0,0,,,,3.07087
154485992,19,3366.29,1281.1,16,3.27946,5.48192,3,24,0,0,0,0,,,,2.0149
154490164,0,3349.15,1050.74,8,12.2078,31.1032,3,24,0,0,1,1,3349.15,1044.28,6,12.4834
154490164,1,3362.95,6801.24,1,44.4456,71.1794,3,24,0,0,1,1,3362.95,6111.93,1,43.7986
154490164,2,3352.33,630.088,16,8.40891,26.3771,3,24,0,0,1,1,3352.36,729.095,12,9.35236
154490164,3,3351.33,1658.39,24,27.1102,85.0274,3,24,0,0,1,1,3351.34,1397.85,24,20.3971
154490164,4,3348.96,487.736,24,7.97315,25.0067,3,24,0,0,0,0,,,,4.36831
154490164,5,3364.46,3571.35,1,23.3385,37.3764,3,24,0,0,1,1,3364.46,3245.07,1,23.2531
154490164,6,3360.95,3688.87,1,24.1065,38.6064,3,24,0,0,1,1,3360.95,3224.6,1,23.1364
154490164,7,3362.1,5122.28,8,59.5125,151.626,3,24,0,0,1,1,3362.1,5164.81,6,60.8532
154490164,8,3349.33,588.607,2,4.7575,8.71176,3,24,0,0,0,0,,,,4.12671
154490164,9,3340.49,331.41,16,4.42287,13.8737,3,24,0,0,1,1,3340.65,988.391,6,12.0175
154490164,10,3346.95,1103.69,1,7.21251,11.5508,3,24,0,0,0,0,,,,6.8267
154490164,11,3347.91,500.784,4,4.95282,10.4821,3,24,0,0,0,0,,,,5.48507
154490164,12,3362.7,2626.1,1,17.1614,27.4838,3,24,0,0,1,1,3362.7,2231.26,1,16.0317
154490164,13,3365.49,473.099,24,7.73387,24.2562,3,24,0,0,0,0,,,,4.31687
154490164,14,3348.23,684.307,8,7.95053,20.2564,3,24,0,0,1,1,3348.22,719.547,6,8.26044
154490164,15,3354.83,1104.23,8,12.8294,32.6867,3,24,0,0,1,1,3354.82,1263.03,6,14.8844
154490164,16,3364.93,273.334,8,3.1757,8.09105,3,24,0,0,0,0,,,,2.66728
154490164,17,3350.73,419.763,24,6.86197,21.5217,3,24,0,0,0,0,,,,4.1152
154490164,18,3350.62,3365.69,16,44.9171,140.896,3,24,0,0,1,1,3350.64,3360.53,12,38.6133
154490164,19,3346.14,4016.46,4,39.7233,84.0696,3,24,0,0,1,1,3346.15,2829.51,6,27.0962
154565321,0,3349.35,715.184,4,3.06925,3.932,3,24,0,0,0,0,,,,3.32871
154565321,1,3353.84,7952.23,1,19.9876,21.8602,3,24,0,0,0,0,,,,4.79814
154565321,2,3347.42,656.264,8,3.28504,5.10258,3,24,0,0,0,0,,,,5.8847
154565321,3,3347.74,2058.12,16,12.319,22.6307,3,24,0,0,1,1,3347.59,2392.37,6,12.1073
154565321,4,3354.79,656.779,24,6.2509,8.84486,3,24,0,0,0,0,,,,3.83769
154565321,5,3352.57,8454.8,1,21.2508,23.2418,3,24,0,0,1,1,3352.57,7844.36,1,21.5738
154565321,6,3363.23,3773.93,1,9.48561,10.3743,3,24,0,0,1,1,3363.23,3883.04,1,10.788
154565321,7,3353.88,11922.5,4,51.1658,65.5484,3,24,0,0,1,1,3353.8,9244.18,6,37.7521
154565321,8,3350.84,2329.57,16,13.9438,25.6155,3,24,0,0,1,1,3350.65,1688.83,24,17.4375
154565321,9,3353.27,1666.38,1,4.18839,4.5808,3,24,0,0,0,0,,,,5.1836
154565321,10,3339.82,3157.4,1,7.93599,8.67951,3,24,0,0,0,0,,,,
154565321,11,3349.22,403.136,24,3.83685,5.42905,3,24,0,0,0,0,,,,2.48825
154565321,12,3347.85,1218.16,1,3.06179,3.34865,3,24,0,0,0,0,,,,2.53193
154565321,13,3348.05,2368.87,4,10.1661,13.0238,3,24,0,0,1,1,3348.04,2260.46,3,9.59432
154565321,14,3350.69,3207.06,16,19.1961,35.2642,3,24,0,0,1,1,3350.62,2210.98,24,22.6965
154565321,15,3352.34,508.525,24,4.83988,6.84831,3,24,0,0,0,0,,,,2.84085
154565321,16,3349.74,6467.1,2,22.2084,25.1415,3,24,0,0,1,1,3349.73,6176.12,1.5,21.0644
154565321,17,3361.48,1590.16,16,9.51798,17.485,3,24,0,0,1,1,3361.46,2004.28,12,10.4786
154565321,18,3361.44,3070.14,8,15.3681,23.8709,3,24,0,0,1,1,3361.45,3307.53,6,15.5935
154565321,19,3349.45,910.23,24,8.66312,12.2581,3,24,0,0,0,0,,,,3.91671
154565945,0,3355.49,3970.22,8,12.4769,23.2358,3,24,0,0,1,1,3355.47,4267.18,6,13.9533
154565945,1,3367.28,6599.45,1,11.0723,13.6555,3,24,0,0,1,1,3367.27,6261.66,1,11.5443
154565945,2,3348.72,5991.04,16,18.3708,49.5862,3,24,0,0,1,1,3348.74,5231.49,12,18.8257
154565945,3,3363.07,3555.28,16,10.9018,29.426,3,24,0,0,1,1,3363.02,3101.17,12,11.2267
154565945,4,3346.96,1084.68,24,3.72767,10.9953,3,24,0,0,0,0,,,,5.24264
154565945,5,3353.04,1320.99,16,4.05065,10.9335,3,24,0,0,0,0,,,,4.49872
154565945,6,3340.41,2155.32,2,4.67378,6.30703,3,24,0,0,0,0,,,,3.62701
154565945,7,3365.15,3597.3,4,9.70712,14.8869,3,24,0,0,1,1,3365.16,3507.87,3,9.17146
154565945,8,3349.24,13763,24,47.2986,139.514,3,24,0,0,1,1,3349.26,13239.6,16,49.3907
154565945,9,3361.72,13649.8,8,42.8964,79.8859,3,24,0,0,1,1,3361.71,14268.9,6,47.3533
154565945,10,3364.55,2577.55,24,8.85816,26.1283,2.5,20,1,0,0,0,,,,5.83596
154565945,11,3354.75,10310.5,2,22.3582,30.1713,3,24,0,0,1,1,3354.75,10486.7,1.5,22.645
154565945,12,3350.78,20979.1,1,35.1979,43.4095,3,24,0,0,1,1,3350.78,19276.3,1,35.6002
154565945,13,3350.23,7727.43,1,12.9648,15.9894,3,24,0,0,1,1,3350.23,6407.16,1,11.8637
154565945,14,3360.95,1923.73,4,5.19107,7.96108,3,24,0,0,0,0,,,,4.05114
154565945,15,3352.79,18002.7,4,48.5793,74.5017,3,24,0,0,1,1,3352.79,18307.2,3,48.9071
154565945,16,3347.78,6114.39,24,21.013,61.9807,3,24,0,0,1,1,3347.56,7141.34,8,23.0756
154565945,17,3340.38,2669.51,2,5.78879,7.81168,3,24,0,0,0,0,,,,5.26285
154565945,18,3340.03,12853.3,4,34.6838,53.1915,3,24,0,0,1,1,3340.02,12770.7,3,34.0967
154565945,19,3364.29,3662.21,4,9.88226,15.1555,3,24,0,0,1,1,3364.29,3330.28,3,8.85849
155856763,0,3352.35,2818.18,16,14.3262,13.3275,3,24,0,0,1,1,3352.52,2275.84,24,17.6567
155856763,1,3365.21,3938.77,2,6.84069,6.5856,3,24,0,0,1,1,3365.21,5171.37,1.5,8.71284
155856763,2,3347.84,3067.48,24,24.4119,17.7667,3,24,0,0,1,1,3347.79,2560.44,24,16.0749
155856763,3,3352.71,7110.86,2,12.3498,11.8893,3,24,0,0,1,1,3352.71,6907.97,2,13.0678
155856763,4,3364.27,19199.5,2,33.3448,32.1014,3,24,0,0,1,1,3364.27,19392.6,1.5,32.0539
155856763,5,3367.05,3574.48,16,18.1709,16.9041,3,24,0,0,1,1,3366.98,3960.52,12,17.48
155856763,6,3362.31,4755.43,24,37.845,27.5432,3,24,0,0,1,1,3362.58,4537.99,8,17.6367
155856763,7,3339.81,36287.3,1,42.287,42.9017,3,24,0,0,0,0,,,,
155856763,8,3348.76,2108.68,16,10.7195,9.97217,3,24,0,0,0,0,,,,5.9028
155856763,9,3351.43,2804.7,1,3.26843,3.31594,3,24,0,0,0,0,,,,2.58523
155856763,10,3363.58,2891.89,2,5.02251,4.83523,3,24,0,0,0,0,,,,4.90158
155856763,11,3347.66,6755.35,16,34.3408,31.9468,3,24,0,0,1,1,3347.64,5731.18,16,26.3635
155856763,12,3364.75,671.559,24,5.34444,3.88964,3,24,0,0,0,0,,,,3.32334
155856763,13,3347.58,941.152,16,4.78435,4.45081,3,24,0,0,0,0,,,,5.50041
155856763,14,3347.6,5878.18,8,21.4953,19.6565,3,24,0,0,1,1,3347.6,4668.83,8,18.9005
155856763,15,3346.8,827.03,16,4.20421,3.91112,3,24,0,0,0,0,,,,3.94013
155856763,16,3350.95,1202.5,24,9.56982,6.96483,3,24,0,0,0,0,,,,4.97249
155856763,17,3353.19,6222.9,2,10.8077,10.4047,3,24,0,0,1,1,3353.19,5941.49,2,11.2325
155856763,18,3340.11,8044.97,2,13.9721,13.4511,3,24,0,0,1,1,3340.11,7330.68,2,13.8765
155856763,19,3365.01,973.162,16,4.94707,4.60219,3,24,0,0,0,0,,,,3.73937
155878440,0,3353.47,412.011,24,4.32846,11.1974,3,24,0,0,0,0,,,,3.14205
155878440,1,3347.72,7651.38,4,53.364,84.8928,3,24,0,0,1,1,3347.72,7678.38,3,52.6523
155878440,2,3349.05,5953.48,2,35.2859,46.7076,3,24,0,0,1,1,3349.05,5026.63,2,33.0446
155878440,3,3354.65,1650.61,24,17.3408,44.8592,3,24,0,0,1,1,3354.4,1271.66,12,11.6333
155878440,4,3366.85,4646.69,16,40.0816,103.111,3,24,0,0,1,1,3366.83,4433.56,12,36.3729
155878440,5,3348.47,1080.85,16,9.32326,23.9843,3,24,0,0,0,0,,,,6.53445
155878440,6,3354.08,7318.53,8,51.3486,114.834,3,24,0,0,1,1,3354.09,7620.73,6,58.5315
155878440,7,3347.96,898.736,2,5.32675,7.05096,3,24,0,0,0,0,,,,4.94542
155878440,8,3348.86,3569.3,4,24.8938,39.6018,3,24,0,0,1,1,3348.85,3340.94,3,24.1384
155878440,9,3340.48,2614.98,16,22.5565,58.0271,3,24,0,0,1,1,3340.48,2126.74,8,16.5836
155878440,10,3365.13,820.709,1,3.81599,4.55292,3,24,0,0,0,0,,,,3.3972
155878440,11,3363.52,614.026,4,4.28248,6.81268,3,24,0,0,0,0,,,,3.89435
155878440,12,3349.05,9458.46,1,43.9783,52.4713,3,24,0,0,1,1,3349.05,8048,1,41.4778
155878440,13,3352.53,2126.64,1,9.88807,11.7976,3,24,0,0,1,1,3352.53,1891.2,1,9.70932
155878440,14,3363.74,4226.43,4,29.4769,46.8927,3,24,0,0,1,1,3363.75,4066.32,3,28.537
155878440,15,3350.61,2748.21,4,19.1672,30.4916,3,24,0,0,1,1,3350.61,2574.54,3,18.4323
155878440,16,3366.14,3525.38,1,16.3917,19.5572,3,24,0,0,1,1,3366.14,3281.03,1,16.9476
155878440,17,3364.53,1481.35,1,6.88772,8.21786,3,24,0,0,0,0,,,,5.24597
155878440,18,3365.88,538.888,24,5.66139,14.6455,3,24,0,0,0,0,,,,4.28034
155878440,19,3363.07,3219.63,8,22.5897,50.5188,3,24,0,0,1,1,3363.08,3365.98,6,26.8845
156199875,0,3367.27,21308.2,2,38.9685,49.9974,3,24,0,0,1,1,3367.27,21552.6,1.5,39.2522
156199875,1,3349.25,3837.77,16,13.2353,25.4697,3,24,0,0,1,1,3349.24,2932.8,16,10.7511
156199875,2,3367.41,3699.84,16,12.7596,24.5544,3,24,0,0,1,1,3367.23,3457.8,6,9.77524
156199875,3,3366.29,1948.46,16,6.71965,12.9311,3,24,0,0,0,0,,,,4.89778
156199875,4,3365,8620.61,4,19.5351,28.6058,3,24,0,0,1,1,3365,9287.27,3,21.4998
156199875,5,3361.74,2472.18,1,3.68638,4.10171,3,24,0,0,0,0,,,,2.09622
156199875,6,3364.11,4171.52,2,7.62889,9.78803,3,24,0,0,1,1,3364.11,4356.89,1.5,7.97337
156199875,7,3341.15,2275.76,2,4.16193,5.33984,3,24,0,0,0,0,,,,5.94028
156199875,8,3360.41,1463.1,24,7.1712,11.8923,3,24,0,0,0,0,,,,4.95493
156199875,9,3366.28,19418.7,1,28.9562,32.2186,3,24,0,0,1,1,3366.28,18363.2,1,30.3602
156199875,10,3365.6,3497.46,1,5.21522,5.80281,3,24,0,0,0,0,,,,6.05398
156199875,11,3355.09,951.292,24,4.66263,7.73224,3,24,0,0,0,0,,,,3.24534
156199875,12,3347.11,1398.8,16,4.82406,9.28332,3,24,0,0,0,0,,,,3.76293
156199875,13,3361.37,4302.15,4,9.74908,14.2758,3,24,0,0,1,1,3361.36,3407.82,4,8.45669
156199875,14,3363.57,13439.4,8,36.096,63.0682,3,24,0,0,1,1,3363.56,13117.2,6,36.5087
156199875,15,3355.54,1078.14,16,3.71819,7.1552,3,24,0,0,0,0,,,,4.03154
156199875,16,3360.77,1227.69,8,3.29738,5.7613,3,24,0,0,0,0,,,,3.28516
156199875,17,3353.26,4836.59,8,12.9903,22.6971,3,24,0,0,1,1,3353.27,4838,6,13.4453
156199875,18,3349.88,9065.83,4,20.544,30.0832,3,24,0,0,1,1,3349.88,8882.08,3,19.977
156199875,19,3339.82,2870.69,24,14.0703,23.3334,3,24,0,0,0,0,,,,5.71003
156409426,0,3363.56,21558.6,8,44.3715,64.0409,3,24,0,0,1,1,3363.54,20543.3,6,42.1761
156409426,1,3341.07,9593.47,2,11.8553,14.249,3,24,0,0,0,0,,,,
156409426,2,3348.54,16250.4,16,43.2139,68.268,3,24,0,0,1,1,3348.51,16315.9,12,38.6909
156409426,3,3349.3,39081.2,2,48.2955,58.0464,3,24,0,0,1,1,3349.3,38664.1,1.5,49.2075
156409426,4,3340.29,2901.23,8,5.97126,8.61826,3,24,0,0,0,0,,,,4.95369
156409426,5,3350.41,29059.8,4,43.6496,61.0401,3,24,0,0,1,1,3350.41,29449.1,3,43.6406
156409426,6,3354.26,2244.41,16,5.96842,9.42874,3,24,0,0,0,0,,,,3.39239
156409426,7,3346.73,6689.89,2,8.26718,9.93634,3,24,0,0,1,1,3346.73,7755.94,1.5,9.92708
156409426,8,3353.25,1979.28,8,4.07371,5.87955,3,24,0,0,0,0,,,,4.6598
156409426,9,3347.65,15846.4,16,42.1394,66.5706,3,24,0,0,1,1,3347.54,10425.6,24,40.8898
156409426,10,3366.23,4248.46,8,8.7441,12.6203,3,24,0,0,1,1,3366.24,3879.94,8,8.85915
156409426,11,3348.1,4253.83,16,11.312,17.8703,3,24,0,0,1,1,3347.95,2937.84,24,11.2765
156409426,12,3352.9,1542.19,8,3.1741,4.58115,3,24,0,0,0,0,,,,3.471
156409426,13,3346.83,41987.7,2,51.8873,62.3634,3,24,0,0,1,1,3346.84,39909,1.5,51.5671
156409426,14,3351.65,4948.9,4,7.43354,10.3952,3,24,0,0,0,0,,,,6.02647
156409426,15,3347.54,10831.3,2,13.3851,16.0875,3,24,0,0,1,1,3347.55,11858.8,1.5,15.1525
156409426,16,3363.72,16233.4,4,24.3836,34.0983,3,24,0,0,1,1,3363.73,14996.3,3,23.0838
156409426,17,3351.19,48427,1,48.2682,50.8604,3,24,0,0,1,1,3351.19,43072.4,1,47.1375
156409426,18,3352.91,2068.53,16,5.50071,8.68987,3,24,0,0,0,0,,,,4.17271
156409426,19,3354.21,5473.02,24,21.2747,28.1595,3,24,0,0,1,1,3354.17,4587.28,24,17.4159
156424624,0,3339.87,27188.8,2,40.4484,54.7657,3,24,0,0,0,0,,,,
156424624,1,3362.94,1963.19,16,5.23869,11.1847,3,24,0,0,0,0,,,,4.48009
156424624,2,3346.86,4033.87,8,8.5269,16.2507,3,24,0,0,1,1,3346.85,5087.42,6,11.0142
156424624,3,3340.14,7590.24,24,27.2616,52.962,3,24,0,0,1,1,3340.29,6994.41,12,19.2324
156424624,4,3353.86,40775.6,1,47.1093,58.0769,3,24,0,0,0,0,,,,17.9613
156424624,5,3367.06,3862.07,2,5.74554,7.77926,3,24,0,0,0,0,,,,4.74903
156424624,6,3352.34,6540.13,8,13.8247,26.3472,3,24,0,0,1,1,3352.33,6155.52,6,13.4973
156424624,7,3351.5,3939.73,2,5.86108,7.9357,3,24,0,0,0,0,,,,5.59711
156424624,8,3348.38,6060.5,8,12.8108,24.415,3,24,0,0,1,1,3348.4,5493.91,6,12.7954
156424624,9,3364.25,1768.96,8,3.73927,7.12634,3,24,0,0,0,0,,,,5.34664
156424624,10,3350.22,6094.1,24,21.888,42.5225,3,24,0,0,1,1,3350.21,5679.49,24,14.6198
156424624,11,3346.78,11399.8,16,30.4199,64.9473,3,24,0,0,1,1,3346.9,10619.3,12,27.9972
156424624,12,3340.35,6601.53,2,9.821,13.2973,3,24,0,0,1,1,3340.35,6348.45,1.5,9.3186
156424624,13,3349.23,20432.3,1,23.606,29.1018,3,24,0,0,1,1,3349.23,19057.5,1,24.4772
156424624,14,3339.93,23623,2,35.1436,47.5833,3,24,0,0,1,1,3339.94,24071.4,1,30.7964
156424624,15,3352.11,4816.8,2,7.16587,9.70235,3,24,0,0,1,1,3352.1,5856.08,1.5,8.61697
156424624,16,3366.69,13498.6,16,36.0203,76.9043,3,24,0,0,1,1,3366.67,12872.3,12,32.6945
156424624,17,3366.69,22345.6,4,40.3718,63.6541,3,24,0,0,1,1,3366.69,21545.9,3,39.5881
156424624,18,3354.01,5319.39,16,14.1946,30.3058,3,24,0,0,1,1,3354.06,7274.38,12,21.1645
156424624,19,3346.73,16086.5,4,29.0635,45.8243,3,24,0,0,1,1,3346.72,17549.7,3,32.6475
157318319,0,3352.1,16671.1,2,16.5963,19.3899,3,24,0,0,1,1,3352.1,15159,2,16.5344
157318319,1,3354.23,2862.82,8,4.84854,6.65941,3,24,0,0,0,0,,,,4.29152
157318319,2,3364.39,4455.67,16,10.8176,14.6578,3,24,0,0,0,0,,,,6.50684
157318319,3,3348.62,21287.8,4,26.4411,35.0152,3,24,0,0,1,1,3348.62,22770.5,3,28.6625
157318319,4,3363.01,12387.4,16,30.0743,40.7508,3,24,0,0,1,1,3363,12059.7,16,29.9874
157318319,5,3350.28,8387.07,2,8.34943,9.75488,3,24,0,0,1,1,3350.28,7991.55,1.5,7.73031
157318319,6,3350.03,19808.1,24,50.2215,79.8076,3,24,0,0,1,1,3350.05,16882.6,24,38.8255
157318319,7,3349.38,17458.6,24,44.2648,70.3416,3,24,0,0,1,1,3349.31,17354.1,16,37.4025
157318319,8,3364.79,9230.93,4,11.4656,15.1835,3,24,0,0,1,1,3364.8,9256.78,3,11.5551
157318319,9,3363.61,10502.4,8,17.787,24.4303,3,24,0,0,1,1,3363.61,8326.72,8,15.7573
157318319,10,3345.72,43083.4,4,53.5131,70.8658,3,24,0,0,0,0,,,,
157318319,11,3354.73,6934.96,8,11.7452,16.1319,3,24,0,0,1,1,3354.69,6716.03,4,9.26793
157318319,12,3345.97,2921.55,24,7.40732,11.7711,3,24,0,0,0,0,,,,3.9009
157318319,13,3351.77,2506.08,4,3.11275,4.12213,3,24,0,0,0,0,,,,4.0269
157318319,14,3364.47,1630.43,16,3.95839,5.36363,3,24,0,0,0,0,,,,2.55071
157318319,15,3365.2,10832.6,24,27.4651,43.645,3,24,0,0,1,1,3365.23,11529.2,16,24.7803
157318319,16,3354.87,16605.5,2,16.531,19.3136,3,24,0,0,0,0,,,,
157318319,17,3350.89,2009.52,8,3.40337,4.67449,3,24,0,0,0,0,,,,3.96987
157318319,18,3367.2,3524.79,2,3.50897,4.09963,3,24,0,0,0,0,,,,3.11035
157318319,19,3366.1,4404.54,24,11.1673,17.7461,3,24,0,0,0,0,,,,6.6249
157348961,0,3365.93,1686.3,8,4.2681,5.738,3,24,0,0,0,0,,,,4.75889
157348961,1,3365.46,8785.69,4,17.2428,21.1391,3,24,0,0,1,1,3365.47,8935.05,3,16.518
157348961,2,3348.04,2148.15,16,8.20628,10.3372,3,24,0,0,0,0,,,,6.0213
157348961,3,3349.99,4585,4,8.99851,11.0319,3,24,0,0,1,0,3350,4038.02,3,7.69345
157348961,4,3363.35,1202.9,24,5.34295,7.08947,3,24,0,0,0,0,,,,6.06694
157348961,5,3340.76,962.088,16,3.67533,4.62972,3,24,0,0,0,0,,,,3.06183
157348961,6,3366.11,2392.45,8,6.05539,8.14082,3,24,0,0,0,0,,,,5.42668
157348961,7,3349.82,1476.17,24,6.55676,8.70006,3,24,0,0,0,0,,,,4.70442
157348961,8,3350.27,12465.1,1,13.0221,14.996,3,24,0,0,1,1,3350.27,11550.3,1,13.2789
157348961,9,3350.7,7495.67,1,7.83059,9.01759,3,24,0,0,0,0,,,,6.31864
157348961,10,3351.29,9110.54,1,9.51762,10.9604,3,24,0,0,1,0,3351.3,7851.62,1,8.93847
157348961,11,3354.01,17771.5,4,34.8782,42.7596,3,24,0,0,1,1,3354,16216.3,4,34.8214
157348961,12,3353.06,791.992,24,3.51782,4.66774,3,24,0,0,0,0,,,,4.04579
157348961,13,3354.16,12580.7,24,55.88,74.1463,3,24,0,0,1,1,3354.01,11890.3,24,52.8965
157348961,14,3352.73,3909.14,4,7.67206,9.4057,3,24,0,0,1,0,3352.74,3927.13,3,7.3613
157348961,15,3348.66,3339.28,16,12.7566,16.0692,3,24,0,0,0,0,,,,6.41196
157348961,16,3365.34,39208.1,1,40.96,47.1689,3,24,0,0,1,1,3365.34,34567.6,1,39.4125
157348961,17,3365.06,4133.74,16,15.7916,19.8922,3,24,0,0,1,1,3365.09,3585.93,16,12.548
157348961,18,3366.85,50000,1,52.2341,60.152,3,24,0,0,1,1,3366.85,44840,1,51.2558
157348961,19,3347.36,2259.48,8,5.71883,7.68835,3,24,0,0,0,0,,,,4.7746
157871632,0,3364.99,7894.04,1,7.08292,7.15206,3,24,0,0,0,0,,,,6.92671
157871632,1,3366.6,12104.1,2,15.5084,15.5088,3,24,0,0,1,1,3366.6,10749.8,2,15.0343
157871632,2,3349.03,17741.8,4,29.6145,32.1483,3,24,0,0,1,1,3349.02,17477.3,3,28.6816
157871632,3,3366.74,1332.37,8,3.08071,3.41429,3,24,0,0,0,0,,,,3.28622
157871632,4,3362.28,7193.27,1,6.45416,6.51715,3,24,0,0,0,0,,,,
157871632,5,3363.35,7864.24,16,26.8316,28.5002,3,24,0,0,1,1,3363.38,7543.87,12,19.6474
157871632,6,3353.1,4728.66,24,17.7425,20.9882,3,24,0,0,1,1,3353.16,5274.27,24,16.5497
157871632,7,3352.21,4822.1,2,6.17833,6.1785,3,24,0,0,0,0,,,,5.35533
157871632,8,3351.47,12453.7,16,42.4903,45.1326,3,24,0,0,1,1,3351.47,12098,12,28.3557
157871632,9,3352.11,25590.8,2,32.7883,32.7892,3,24,0,0,1,1,3352.11,22638,2,31.7244
157871632,10,3354.22,2185.22,4,3.64757,3.95966,3,24,0,0,0,0,,,,4.1457
157871632,11,3346.12,5733.27,16,19.5611,20.7775,3,24,0,0,1,1,3345.91,5204.95,4,9.91442
157871632,12,3347.27,29153.5,1,26.158,26.4133,3,24,0,0,1,1,3347.27,26934.8,1,26.7203
157871632,13,3354.69,2054.12,8,4.74956,5.26384,3,24,0,0,0,0,,,,3.44284
157871632,14,3366.42,4849.81,24,18.1971,21.5259,3,24,0,0,1,1,3366.34,4784.27,16,12.905
157871632,15,3354.12,6401.87,4,10.686,11.6003,3,24,0,0,1,1,3354.13,6166.31,3,9.87029
157871632,16,3365.75,1854.03,16,6.32566,6.71904,3,24,0,0,0,0,,,,4.94771
157871632,17,3349.01,31814.2,4,53.1043,57.6479,3,24,0,0,1,1,3349.02,31275.1,3,51.6049
157871632,18,3340.62,5019.47,1,4.50372,4.54768,3,24,0,0,0,0,,,,3.72116
157871632,19,3350.17,44866,1,40.256,40.6489,3,24,0,0,1,1,3350.17,40484.5,1,40.0575
159214592,0,3352.31,5463.43,2,6.74995,14.1362,3,24,0,0,1,0,3352.29,6036.91,1,7.36278
159214592,1,3353.94,1734.12,24,4.17659,15.543,3,24,0,0,0,0,,,,1.8053
159214592,2,3349.42,23854.1,4,33.6295,87.2861,3,24,0,0,1,1,3349.43,22811.4,3,32.2254
159214592,3,3351.92,31859.7,4,44.9157,116.58,3,24,0,0,1,1,3351.91,32056.1,3,44.9264
159214592,4,3367.34,9451.27,16,21.8542,69.1674,3,24,0,0,1,1,3367.22,9243.99,6,14.2646
159214592,5,3366.28,21813.1,8,34.8532,112.879,3,24,0,0,1,1,3366.27,22117.1,6,32.2713
159214592,6,3354.77,4835.96,2,5.97473,12.5126,3,24,0,0,0,0,,,,6.38844
159214592,7,3348.13,39270.6,2,48.518,101.609,3,24,0,0,1,1,3348.13,44152.9,1.5,59.705
159214592,8,3365.17,39455.4,4,55.6241,144.373,3,24,0,0,1,1,3365.17,39970.8,3,60.5118
159214592,9,3349.98,6805.64,8,10.8741,35.218,3,24,0,0,1,0,3350,5822,6,8.58114
159214592,10,3347.67,19537.2,16,45.176,142.979,3,24,0,0,1,1,3347.85,28081.8,4,43.9639
159214592,11,3349.59,2923.78,1,3.28156,5.34929,3,24,0,0,0,0,,,,3.11407
159214592,12,3365.45,11038,24,26.5848,98.9343,3,24,0,0,1,1,3365.36,10829,16,18.3445
159214592,13,3352.1,20346.3,8,32.5096,105.289,3,24,0,0,1,1,3352.1,20467.2,6,28.7174
159214592,14,3347.66,2388.93,4,3.36791,8.74146,3,24,0,0,0,0,,,,
159214592,15,3340.75,7340.12,24,17.6785,65.79,3,24,0,0,1,1,3340.61,6919.68,16,17.083
159214592,16,3365.33,10278.6,4,14.4908,37.6111,3,24,0,0,1,1,3365.32,10558.3,3,15.445
159214592,17,3341.19,1930.66,16,4.46429,14.1292,3,24,0,0,0,0,,,,2.7199
159214592,18,3367.18,10980.7,24,26.4469,98.4212,3,24,0,0,1,1,3366.97,10444.7,12,18.3179
159214592,19,3354.23,4732.5,4,6.67187,17.317,3,24,0,0,0,0,,,,6.33758
159415769,0,3363.09,1071.42,24,5.64575,6.51547,3,24,0,0,0,0,,,,4.53699
159415769,1,3352.16,20515.7,2,32.9037,36.0148,3,24,0,0,1,1,3352.16,18291.4,2,32.2038
159415769,2,3364.06,33974.1,1,40.2513,42.1724,3,24,0,0,1,1,3364.06,28701.7,1,37.7528
159415769,3,3350.9,4784.49,2,7.67352,8.39906,3,24,0,0,1,1,3350.9,5255.56,1.5,8.31828
159415769,4,3366.94,19918.3,1,23.5985,24.7248,3,24,0,0,1,1,3366.94,16879.4,1,22.0476
159415769,5,3367.18,1438.22,16,5.80546,7.14111,3,24,0,0,0,0,,,,3.66187
159415769,6,3361.62,1896.85,2,3.04224,3.32988,3,24,0,0,0,0,,,,2.97227
159415769,7,3367.18,3705.63,1,4.39029,4.59983,3,24,0,0,0,0,,,,4.62189
159415769,8,3363.86,1084.4,16,4.37722,5.38429,3,24,0,0,0,0,,,,3.45957
159415769,9,3367.46,13475,8,44.3343,47.3102,3,24,0,0,1,1,3367.33,12153.9,1,15.9014
159415769,10,3350.76,11377.9,1,13.4801,14.1235,3,24,0,0,1,1,3350.76,9315.08,1,12.0558
159415769,11,3352.93,8266.36,8,27.1972,29.0228,3,24,0,0,1,1,3352.93,7789.54,8,26.5619
159415769,12,3340.63,10405.9,1,12.3285,12.9169,3,24,0,0,1,1,3340.63,8739.07,1,11.3009
159415769,13,3340.57,2483.49,24,13.0865,15.1024,3,24,0,0,0,0,,,,3.76631
159415769,14,3350.48,2267.23,8,7.45944,7.96015,3,24,0,0,0,0,,,,5.62161
159415769,15,3341.15,2852.14,2,4.57435,5.00686,3,24,0,0,0,0,,,,
159415769,16,3354.34,8353.27,1,9.89665,10.369,3,24,0,0,1,1,3354.34,6759.95,1,8.78419
159415769,17,3348.06,1196.81,16,4.83098,5.94244,3,24,0,0,0,0,,,,5.37047
159415769,18,3363.87,6387.2,16,25.7823,31.714,3,24,0,0,1,1,3363.86,5394.33,16,25.1681
159415769,19,3354.72,7472.01,1,8.85256,9.27507,3,24,0,0,1,1,3354.72,8021.6,1,10.4973
159418581,0,3364.31,357.788,2,3.27756,3.72608,3,24,0,0,0,0,,,,2.71731
159418581,1,3367.45,2184.78,4,28.5373,32.1772,3,24,0,0,0,0,,,,
159418581,2,3347.02,665.708,2,6.0983,6.93281,3,24,0,0,0,0,,,,5.31139
159418581,3,3364.59,213.296,16,4.80375,6.28281,3,24,0,0,0,0,,,,3.75965
159418581,4,3340.43,1515.35,16,34.128,44.6359,3,24,0,0,1,1,3340.45,1386.68,16,33.9826
159418581,5,3364.69,212.369,24,5.53625,7.66138,3,24,0,0,0,0,,,,3.46562
159418581,6,3354.52,4283.74,4,55.9537,63.0905,3,24,0,0,1,1,3354.52,3843.45,4,53.141
159418581,7,3361.08,1121.16,1,7.52161,8.25619,3,24,0,0,0,0,,,,
159418581,8,3362.06,1136.3,8,18.9526,23.6674,3,24,0,0,1,1,3362.07,1146.64,6,19.8339
159418581,9,3340.83,6754.45,1,45.314,49.7394,3,24,0,0,1,1,3340.83,5894.98,1,43.63
159418581,10,3341.19,237.455,24,6.19023,8.56639,3,24,0,0,0,0,,,,2.40869
159418581,11,3349.38,1218.76,8,20.328,25.3849,3,24,0,0,1,1,3349.38,1222.14,6,21.4008
159418581,12,3350.21,118.895,24,3.09949,4.28924,3,24,0,0,0,0,,,,3.40144
159418581,13,3362.68,1880.17,16,42.3443,55.382,3,24,0,0,1,1,3362.68,1924.95,16,53.0425
159418581,14,3351.6,467.851,8,7.80339,9.74459,3,24,0,0,1,1,3351.59,474.351,8,8.07939
159418581,15,3365.32,488.033,2,4.47069,5.08247,3,24,0,0,0,0,,,,3.79648
159418581,16,3366.94,458.549,4,5.98952,6.75347,3,24,0,0,0,0,,,,5.76824
159418581,17,3351.55,202.364,24,5.27545,7.30047,3,24,0,0,0,0,,,,4.80323
159418581,18,3347.76,536.842,2,4.91781,5.59078,3,24,0,0,0,0,,,,6.82194
159418581,19,3361.35,511.525,8,8.53182,10.6542,3,24,0,0,0,0,,,,6.67485
159528163,0,3364.31,470.728,8,3.09715,2.96863,3,24,0,0,0,0,,,,3.43696
159528163,1,3345.9,1499.11,1,3.23071,3.34251,3,24,0,0,0,0,,,,4.48507
159528163,2,3347.17,4129,1,8.89837,9.2063,3,24,0,0,1,0,3347.16,3506.33,1,8.31902
159528163,3,3350.95,326.372,24,3.73417,3.565,3,24,0,0,0,0,,,,2.21527
159528163,4,3346.12,3286.91,4,14.8826,14.6575,3,24,0,0,1,1,3346.15,3194.84,6,16.8596
159528163,5,3361.3,14639.6,2,43.9778,46.162,3,24,0,0,1,1,3361.3,13426.3,2,44.3671
159528163,6,3365.04,4985.86,24,57.0455,54.461,3,24,0,0,1,1,3365.05,4318.86,24,38.8917
159528163,7,3365.17,3864.27,2,11.6084,12.1849,3,24,0,0,1,0,3365.17,4127.83,1.5,11.8345
159528163,8,3340.2,904.879,24,10.3531,9.88408,3,24,0,0,0,0,,,,3.77206
159528163,9,3348.3,8719.43,4,39.4802,38.8829,3,24,0,0,1,1,3348.3,7721.66,4,37.743
159528163,10,3363.15,7338.01,2,22.0436,23.1384,3,24,0,0,1,1,3363.15,6142.45,2,20.5695
159528163,11,3346.65,2011.87,24,23.0187,21.9759,3,24,0,0,1,1,3346.73,1888.87,16,15.0622
159528163,12,3349.68,7559.21,2,22.7081,23.8359,3,24,0,0,1,1,3349.68,7103.81,2,23.2244
159528163,13,3359.89,830.674,24,9.50412,9.07354,3,24,0,0,1,1,3360.12,2176.6,16,18.4761
159528163,14,3340.34,689.881,16,6.4475,6.15282,3,24,0,0,0,0,,,,4.10131
159528163,15,3348.93,441.755,16,4.12856,3.93987,3,24,0,0,0,0,,,,3.29599
159528163,16,3348.97,5033.5,16,47.0422,44.8921,3,24,0,0,1,1,3348.99,4983.52,12,35.3887
159528163,17,3364.01,12802.8,1,27.5912,28.5461,3,24,0,0,1,1,3364.01,11596.3,1,27.6146
159528163,18,3360.79,1726.94,8,11.3624,10.8908,3,24,0,0,0,0,,,,14.1947
159528163,19,3359.57,6393.54,16,59.7528,57.0219,3,24,0,0,1,1,3359.75,5614.6,6,35.0434
159584195,0,3354.39,15599.1,4,37.2996,49.7562,3,24,0,0,1,1,3354.38,15653.1,3,36.6842
159584195,1,3363.84,5603.28,24,28.6293,43.7791,3,24,0,0,1,1,3363.86,5100.74,24,23.3448
159584195,2,3352.85,5962.44,24,30.4644,46.5853,3,24,0,0,1,1,3352.84,5316,24,22.4942
159584195,3,3366.2,1405.99,4,3.36193,4.48469,3,24,0,0,0,0,,,,4.08026
159584195,4,3365.31,21617.6,2,38.1876,48.7574,3,24,0,0,1,1,3365.31,21849.6,1.5,38.6717
159584195,5,3350.11,4566.5,2,8.06676,10.2995,3,24,0,0,1,0,3350.11,4262.64,1.5,7.60302
159584195,6,3340.48,23018.8,4,55.0413,73.423,3,24,0,0,1,1,3340.48,22794.6,3,53.2475
159584195,7,3348.23,14451.3,4,34.555,46.0951,3,24,0,0,1,1,3348.23,13545.2,4,35.5076
159584195,8,3348.43,8410.3,1,11.9623,13.4131,3,24,0,0,1,1,3348.43,8443.74,1,13.2426
159584195,9,3351.27,1017.78,8,3.52158,4.59112,3,24,0,0,0,0,,,,3.95094
159584195,10,3364.99,1168.41,24,5.96985,9.12893,3,24,0,0,0,0,,,,3.22117
159584195,11,3347.18,4284.58,1,6.09412,6.83325,3,24,0,0,0,0,,,,5.66902
159584195,12,3350.14,9106.07,2,16.086,20.5383,3,24,0,0,1,1,3350.14,8834.98,1.5,15.7719
159584195,13,3352.95,7966.73,2,14.0733,17.9686,3,24,0,0,1,1,3352.95,7475.61,1.5,13.2334
159584195,14,3350.42,13725.8,2,24.2468,30.9579,3,24,0,0,1,1,3350.42,13960.1,1.5,24.9647
159584195,15,3362.32,5263.36,1,7.48627,8.39424,3,24,0,0,1,0,3362.32,5808.38,1,9.12911
159584195,16,3348.03,9250.44,2,16.341,20.8639,3,24,0,0,1,1,3348.02,9156.92,2,17.9469
159584195,17,3366.71,1606.19,16,7.02459,10.2465,3,24,0,0,0,0,,,,3.92465
159584195,18,3340.08,2214.12,8,7.66096,9.98769,3,24,0,0,0,0,,,,5.63715
159584195,19,3360.51,5670.65,1,8.06557,9.04381,3,24,0,0,1,0,3360.51,5366.27,1,8.42495
159613131,0,3349.37,32423.2,8,56.0852,78.2356,3,24,0,0,1,1,3349.36,32392.1,6,56.2361
159613131,1,3346.14,8600.74,16,20.6233,29.3494,3,24,0,0,1,1,3346.35,5966.07,24,18.6297
159613131,2,3365.57,30107.4,1,23.7209,25.6848,3,24,0,0,1,1,3365.57,25994.3,1,22.8044
159613131,3,3367.45,3091.07,2,3.20163,3.7293,3,24,0,0,0,0,,,,
159613131,4,3349.06,24222.9,16,58.0828,82.6588,3,24,0,0,1,1,3349.09,23896.3,12,49.0423
159613131,5,3361.81,16549.2,16,39.6826,56.4731,3,24,0,0,1,1,3361.77,16764.7,12,31.7109
159613131,6,3352.29,50000,1,39.3938,42.6554,3,24,0,0,1,1,3352.29,44819.7,1,39.0477
159613131,7,3350.88,4933.58,4,7.41976,8.41775,3,24,0,0,0,0,,,,6.62063
159613131,8,3350.1,19724.6,8,34.1193,47.5945,3,24,0,0,1,1,3350.1,20000.5,6,35.2853
159613131,9,3353.21,1507.86,16,3.61562,5.14546,3,24,0,0,0,0,,,,2.93671
159613131,10,3347.74,17105.6,16,41.0166,58.3716,3,24,0,0,1,1,3347.75,17165.5,12,35.8483
159613131,11,3361.12,17399.4,8,30.0973,41.984,3,24,0,0,1,1,3361.13,18157.7,6,33.3097
159613131,12,3362.61,38622.5,2,40.0039,46.5971,3,24,0,0,1,1,3362.61,37685.3,1.5,40.2274
159613131,13,3364.97,14955.3,4,22.4916,25.5169,3,24,0,0,1,1,3364.97,13512.9,4,22.1218
159613131,14,3346.71,1030.56,24,3.16627,4.3071,3,24,0,0,0,0,,,,5.74295
159613131,15,3347.5,4699.26,16,11.2681,16.0359,3,24,0,0,1,1,3347.54,4039.28,12,8.54807
159613131,16,3362.65,50000,1,39.3938,42.6554,3,24,0,0,1,1,3362.66,45875.4,1,40.0916
159613131,17,3350.76,3483.89,24,10.7038,14.5604,3,24,0,0,0,0,,,,5.13651
159613131,18,3347.98,2178.74,8,3.76876,5.25721,3,24,0,0,0,0,,,,3.91083
159613131,19,3364.53,33212.2,2,34.4,40.0697,3,24,0,0,1,1,3364.53,33455.7,1.5,35.3719
160308419,0,3360.11,316.629,24,3.56211,32.1459,3,24,0,0,0,0,,,,3.43581
160308419,1,3350.24,851.029,16,8.04933,70.5463,3,24,0,0,1,1,3350.21,981.867,12,9.18212
160308419,2,3353.07,2798.19,4,18.641,115.978,3,24,0,0,1,1,3353.08,2829.9,3,19.2171
160308419,3,3361.28,1850.67,4,12.3288,76.706,3,24,0,0,1,1,3361.27,1762.43,3,12.2438
160308419,4,3365.66,8926.96,2,52.9013,261.63,3,24,0,0,1,1,3365.66,8893.94,1.5,55.6273
160308419,5,3345.89,344.311,16,3.25662,28.5418,3,24,0,0,0,0,,,,3.69855
160308419,6,3352.38,5936.59,4,39.5484,246.057,3,24,0,0,1,1,3352.39,5818.88,3,39.5061
160308419,7,3360.68,4774.2,2,28.292,139.922,3,24,0,0,1,1,3360.68,5138.9,1.5,32.9573
160308419,8,3353.31,826.472,4,5.5058,34.2553,3,24,0,0,1,1,3353.31,1047.76,3,7.19113
160308419,9,3365.27,3002.46,1,16.7883,62.2223,3,24,0,0,1,1,3365.27,2807.68,1,17.4147
160308419,10,3341.36,1534.99,1,8.58292,31.8109,3,24,0,0,0,0,,,,
160308419,11,3352.68,1301.11,2,7.71036,38.1326,3,24,0,0,1,1,3352.66,1507.81,1,9.41312
160308419,12,3351.35,5349.17,2,31.6992,156.773,3,24,0,0,1,1,3351.35,5177.51,1.5,32.6162
160308419,13,3363.5,3964.41,1,22.167,82.1575,3,24,0,0,1,1,3363.5,3654.07,1,22.4495
160308419,14,3352.01,3626.65,16,34.3021,300.632,3,24,0,0,1,1,3352.02,3555.64,12,32.5455
160308419,15,3346.99,1207.5,24,13.5845,122.592,3,24,0,0,1,1,3347.04,1210.72,16,11.3147
160308419,16,3349.13,1774.01,8,14.0242,103.985,3,24,0,0,1,1,3349.11,1605.59,6,13.6388
160308419,17,3361.72,3105.7,2,18.4044,91.0215,3,24,0,0,1,1,3361.7,2967.63,1,18.4806
160308419,18,3349.96,1576.15,4,10.5,65.3275,3,24,0,0,1,1,3349.96,1769.79,3,12.201
160308419,19,3347.58,2591.56,8,20.4872,151.906,3,24,0,0,1,1,3347.59,2747.06,6,22.1418
160421191,0,3346.81,13746.9,2,39.6729,44.6286,3,24,0,0,1,1,3346.81,13378,1.5,38.7723
160421191,1,3366.18,3452.05,8,17.1867,22.4139,3,24,0,0,1,1,3366.16,3299.86,8,17.5046
160421191,2,3350.8,4130.03,16,27.2361,37.9234,3,24,0,0,1,1,3350.81,3613.59,16,21.5793
160421191,3,3365.47,3611.91,1,7.87144,8.29146,3,24,0,0,1,1,3365.47,3335.29,1,7.96737
160421191,4,3361.06,15134.6,2,43.678,49.1339,3,24,0,0,1,1,3361.06,14564.4,1.5,42.0529
160421191,5,3348.93,1194,8,5.94454,7.75251,3,24,0,0,1,1,3348.95,1519.5,8,8.08503
160421191,6,3361.11,2360.8,16,15.5687,21.6777,3,24,0,0,1,1,3361.25,2446.88,8,13.2972
160421191,7,3366.37,1238.67,2,3.57475,4.02129,3,24,0,0,0,0,,,,3.15387
160421191,8,3361.58,1340.62,24,12.3496,15.0767,3,24,0,0,0,0,,,,5.99276
160421191,9,3351.09,1383.8,4,5.47036,6.35326,3,24,0,0,0,0,,,,4.80135
160421191,10,3351.99,5149.26,1,11.2218,11.8206,3,24,0,0,1,1,3351.99,4626.93,1,11.1433
160421191,11,3350.74,779.252,8,3.87966,5.05961,3,24,0,0,0,0,,,,3.77913
160421191,12,3362.95,13209.4,1,28.7872,30.3233,3,24,0,0,1,1,3362.95,11950.8,1,28.5248
160421191,13,3347.73,4556.04,1,9.92898,10.4588,3,24,0,0,1,1,3347.72,4073.12,1,9.76167
160421191,14,3366.25,1780.03,8,8.86222,11.5576,3,24,0,0,0,0,,,,6.62495
160421191,15,3340.85,8393.24,16,55.3506,77.0698,3,24,0,0,1,1,3340.7,8607.64,8,46.5566
160421191,16,3349.12,18565.4,2,53.5789,60.2716,3,24,0,0,1,1,3349.11,19226.8,1.5,55.2468
160421191,17,3346.67,957.175,8,4.76548,6.21485,3,24,0,0,0,0,,,,4.56127
160421191,18,3351.77,6441.57,8,32.0706,41.8245,3,24,0,0,1,1,3351.77,6309.28,6,29.4363
160421191,19,3354.8,394.935,24,3.63807,4.44146,3,24,0,0,0,0,,,,4.55405
160421328,0,3354.58,50000,2,0.547647,48.4576,3,24,0,1,0,0,,,,2.89786
160421328,1,3355.04,50000,8,2.51119,96.9152,3,24,0,1,0,0,,,,1.27242
160421328,2,3349.76,50000,4,2.31375,68.5294,3,24,0,1,0,0,,,,6.54083
160421328,3,3365.25,50000,1,0.456489,34.2647,3,24,0,1,0,0,,,,2.51856
160421328,4,3350.82,50000,2,0.547647,48.4576,3,24,0,1,0,0,,,,4.07498
160421328,5,3366.75,50000,4,2.31375,68.5294,3,24,0,1,0,0,,,,3.32164
160421328,6,3347.5,50000,4,2.31375,68.5294,3,24,0,1,0,0,,,,2.26152
160421328,7,3366.83,50000,4,2.31375,68.5294,3,24,0,1,0,0,,,,3.06301
160421328,8,3347.04,50000,16,4.72429,137.059,3,24,0,1,0,0,,,,2.76344
160421328,9,3340.01,50000,1,0.456489,34.2647,3,24,0,1,0,0,,,,0.733038
160421328,10,3362.06,50000,8,2.51119,96.9152,3,24,0,1,1,1,3361.9,15251.1,24,20.6697
160421328,11,3349.34,50000,16,4.72429,137.059,3,24,0,1,1,1,3349.33,29962.5,24,41.8388
160421328,12,3363.96,50000,2,0.547647,48.4576,3,24,0,1,0,0,,,,3.76912
160421328,13,3348.94,50000,8,2.51119,96.9152,3,24,0,1,0,0,,,,18.5321
160421328,14,3346.62,50000,4,2.31375,68.5294,3,24,0,1,0,0,,,,2.53613
160421328,15,3366.14,7148.54,24,11.1121,23.9994,3,24,0,1,1,0,3366.28,7776.58,24,11.8108
160421328,16,3366.35,18908.8,24,29.393,63.4814,3,24,0,1,1,1,3366.3,18555.8,24,22.164
160421328,17,3363,6974.26,24,10.8412,23.4143,3,24,0,1,0,0,,,,5.69181
160421328,18,3352.35,50000,4,2.31375,68.5294,3,24,0,1,0,0,,,,10.1092
160421328,19,3350.03,50000,4,2.31375,68.5294,3,24,0,1,0,0,,,,6.58347
160520966,0,3366.45,9681.28,1,24.611,26.322,3,24,0,0,1,1,3366.45,8533.59,1,23.8224
160520966,1,3363.87,2308.79,1,5.86921,6.27726,3,24,0,0,0,0,,,,4.15457
160520966,2,3361.93,1738,2,5.91867,6.68267,3,24,0,0,0,0,,,,6.16379
160520966,3,3367.32,1598.01,1,4.06232,4.34475,3,24,0,0,0,0,,,,4.25382
160520966,4,3353.05,11961.3,2,40.7337,45.9917,3,24,0,0,1,1,3353.04,10498.2,2,38.81
160520966,5,3351.46,573.501,24,5.53801,7.63882,3,24,0,0,0,0,,,,3.12797
160520966,6,3353.9,1951.04,1,4.95977,5.30459,3,24,0,0,0,0,,,,1.0624
160520966,7,3348.16,13272.1,2,45.1977,51.0319,3,24,0,0,1,1,3348.15,11844.5,2,43.6063
160520966,8,3365.52,1380.55,16,9.68617,15.014,3,24,0,0,0,0,,,,6.06846
160520966,9,3361.76,12734.1,4,54.8507,69.2445,3,24,0,0,1,1,3361.76,10952.9,4,53.7125
160520966,10,3352.46,1690.82,4,7.28299,9.19418,3,24,0,0,1,1,3352.44,2033.75,3,8.70528
160520966,11,3347.2,1731.23,4,7.45705,9.41391,3,24,0,0,1,1,3347.2,1874.81,3,8.09521
160520966,12,3362.46,2798.26,2,9.52937,10.7595,3,24,0,0,1,1,3362.45,3258.46,2,12.0763
160520966,13,3340.04,439.761,16,3.08544,4.78259,3,24,0,0,0,0,,,,3.16553
160520966,14,3354.7,895.435,24,8.64676,11.9269,3,24,0,0,0,0,,,,5.30088
160520966,15,3361.65,6257.04,1,15.9062,17.012,3,24,0,0,1,1,3361.65,4402.89,1,12.3358
160520966,16,3351.46,10831.3,4,46.6545,58.8974,3,24,0,0,1,1,3351.46,9364.11,4,45.1467
160520966,17,3353.14,841.652,8,4.70202,6.47238,3,24,0,0,0,0,,,,4.9921
160520966,18,3365.02,1880.45,16,13.1936,20.4507,3,24,0,0,1,1,3364.99,1920.16,12,11.3867
160520966,19,3365.46,1760.54,8,9.83552,13.5387,3,24,0,0,1,1,3365.47,1778.11,8,10.166
160536102,0,3347.87,2487.7,16,32.4873,59.7906,3,24,0,0,1,1,3347.85,2330.34,12,26.6399
160536102,1,3352.6,1788.75,4,13.5661,21.4958,3,24,0,0,1,1,3352.61,1818.55,3,13.8553
160536102,2,3363.68,480.902,8,4.93523,8.17291,3,24,0,0,0,0,,,,4.49334
160536102,3,3361.35,2624.03,8,26.929,44.5952,3,24,0,0,1,1,3361.45,2561.25,2,17.9218
160536102,4,3366.47,1119.38,4,8.48948,13.4518,3,24,0,0,1,1,3366.47,1458.94,3,11.5548
160536102,5,3347.34,2367.61,24,35.8134,69.6933,3,24,0,0,1,1,3347.32,2402.84,16,31.7461
160536102,6,3355.12,7478.82,4,56.7203,89.8747,3,24,0,0,1,1,3355.11,7651.1,3,59.6445
160536102,7,3363.05,7860.22,4,59.6129,94.4581,3,24,0,0,1,1,3363.04,7854.42,3,59.2133
160536102,8,3365.96,1784.65,24,26.9952,52.533,3,24,0,0,1,1,3365.98,1646.79,24,22.8901
160536102,9,3366.34,4510.51,16,58.9034,108.408,3,24,0,0,1,1,3366.36,4301.44,16,60.3217
160536102,10,3361.78,411.099,4,3.11783,4.94028,3,24,0,0,0,0,,,,3.73943
160536102,11,3364.32,846.702,1,4.27561,5.08751,3,24,0,0,0,0,,,,2.62774
160536102,12,3346.98,881.999,8,9.05147,14.9895,3,24,0,0,1,1,3346.99,817.012,8,9.24806
160536102,13,3347.43,7603.36,4,57.6649,91.3714,3,24,0,0,1,1,3347.44,7678.34,3,58.6722
160536102,14,3362.06,1000.83,16,13.07,24.0544,3,24,0,0,1,1,3362.04,1275.81,12,14.0215
160536102,15,3351.41,2416.17,16,31.5531,58.0713,3,24,0,0,1,1,3351.4,2373.39,12,25.1928
160536102,16,3348.13,1171.81,1,5.91729,7.04094,3,24,0,0,0,0,,,,3.91976
160536102,17,3366.87,7307.76,1,36.9022,43.9096,3,24,0,0,1,1,3366.87,6353.25,1,35.3208
160536102,18,3366.06,9275.27,2,58.1625,78.8163,3,24,0,0,1,1,3366.06,9301.99,1.5,58.388
160536102,19,3349.56,233.465,16,3.04885,5.6112,3,24,0,0,0,0,,,,3.11108
160601145,0,3361.55,8810.39,2,22.2788,27.3308,3,24,0,0,0,0,,,,
160601145,1,3361.87,5181.84,16,25.9477,45.466,3,24,0,0,1,1,3361.96,4891.85,12,26.651
160601145,2,3349.07,2927.58,1,5.54344,6.42171,3,24,0,0,0,0,,,,6.85989
160601145,3,3354.38,840,8,3.21646,5.21154,3,24,0,0,0,0,,,,2.52916
160601145,4,3349.01,3053.32,16,15.2893,26.7901,3,24,0,0,1,1,3349.04,3448.79,12,18.0737
160601145,5,3349.72,2274.7,16,11.3904,19.9584,3,24,0,0,1,1,3349.7,2703.55,12,13.7939
160601145,6,3340.73,2411.01,8,9.23206,14.9585,3,24,0,0,1,1,3340.7,2832.34,6,11.2607
160601145,7,3349.15,5899.11,8,22.5884,36.5994,3,24,0,0,1,1,3349.13,6485.58,6,25.8363
160601145,8,3364.91,2151.23,24,14.5895,23.1172,3,24,0,0,0,0,,,,5.53159
160601145,9,3364.9,3111.29,16,15.5796,27.2987,3,24,0,0,1,1,3364.93,2861.66,12,13.7691
160601145,10,3361.99,773.669,24,5.24696,8.31386,3,24,0,0,0,0,,,,3.47507
160601145,11,3352.55,11697,4,37.9665,51.3155,3,24,0,0,1,1,3352.54,11720.6,3,36.4543
160601145,12,3364.01,2223.03,16,11.1317,19.5051,3,24,0,0,1,1,3364.04,2719.82,12,13.7684
160601145,13,3363.93,808.44,8,3.09561,5.01574,3,24,0,0,0,0,,,,5.4551
160601145,14,3348.99,7089.64,8,27.1471,43.9857,3,24,0,0,1,1,3349,7441.31,6,29.2764
160601145,15,3349.98,2376.74,8,9.10082,14.7458,3,24,0,0,1,1,3349.99,2402.98,6,8.81405
160601145,16,3347.99,10704.4,2,27.0682,33.2062,3,24,0,0,1,1,3347.99,9227.29,2,25.5659
160601145,17,3352.42,2627.44,2,6.644,8.15059,3,24,0,0,0,0,,,,6.56094
160601145,18,3347,1435.2,8,5.49555,8.9043,3,24,0,0,0,0,,,,2.81523
160601145,19,3363.48,1798.93,1,3.40631,3.94599,3,24,0,0,0,0,,,,3.69917
164652107,0,3360.11,2825.22,24,29.9151,52.3258,3,24,0,0,1,1,3360.11,2516.52,24,24.8967
164652107,1,3351.22,2248.29,4,12.996,16.9996,3,24,0,0,1,1,3351.21,2243.66,3,13.4355
164652107,2,3362.21,1086.98,4,6.28319,8.21884,3,24,0,0,0,0,,,,6.60108
164652107,3,3350.1,5279.65,1,18.396,19.9601,3,24,0,0,1,1,3350.1,4757.04,1,18.3298
164652107,4,3346.48,1374.47,2,6.49725,7.34863,3,24,0,0,0,0,,,,2.18529
164652107,5,3347.67,13455,1,46.8813,50.8674,3,24,0,0,1,1,3347.67,11622.8,1,44.8532
164652107,6,3350.62,7442.68,4,43.0216,56.2752,3,24,0,0,1,1,3350.62,7721.44,3,46.0483
164652107,7,3349.26,363.963,24,3.85386,6.74094,3,24,0,0,0,0,,,,3.83072
164652107,8,3366.58,5089.14,2,24.0569,27.2093,3,24,0,0,1,1,3366.58,4919.84,2,25.6964
164652107,9,3351.06,918.759,1,3.20124,3.47343,3,24,0,0,0,0,,,,3.64902
164652107,10,3362.73,2719.14,24,28.7918,50.3609,3,24,0,0,1,1,3362.71,2469.36,24,26.3172
164652107,11,3366.64,1443.93,2,6.82563,7.72005,3,24,0,0,1,1,3366.64,1661.18,2,8.70839
164652107,12,3348.43,898.877,2,4.24908,4.80588,3,24,0,0,0,0,,,,3.76469
164652107,13,3359.82,12362.5,1,43.0748,46.7373,3,24,0,0,1,1,3359.82,10515.5,1,40.5682
164652107,14,3347.9,12865.9,1,44.8288,48.6404,3,24,0,0,1,1,3347.9,11875.5,1,45.8246
164652107,15,3342.18,2760.51,2,13.0492,14.7592,3,24,0,0,1,1,3342.18,2770.83,1.5,12.6165
164652107,16,3345.05,5856.91,8,41.9197,62.6283,3,24,0,0,1,1,3345.03,5736.37,6,40.9603
164652107,17,3354.58,13924.7,1,48.518,52.6433,3,24,0,0,1,1,3354.58,11890.1,1,45.8261
164652107,18,3351.52,4083.74,16,35.6778,61.7554,3,24,0,0,1,1,3351.55,4038.61,12,34.8014
164652107,19,3351.47,729.82,8,5.22354,7.80401,3,24,0,0,0,0,,,,5.63682
166052265,0,3360.48,1184.81,2,6.95423,13.8744,3,24,0,0,0,0,,,,5.90817
166052265,1,3363.84,1788.08,2,10.4951,20.9388,3,24,0,0,1,1,3363.84,1928.68,1.5,11.9101
166052265,2,3360.74,10004.4,2,58.7209,117.154,3,24,0,0,1,1,3360.74,9648.57,1.5,60.79
166052265,3,3354.16,606.923,24,7.09407,24.6202,3,24,0,0,0,0,,,,5.4649
166052265,4,3364.49,2309.32,8,19.6753,54.0855,3,24,0,0,1,1,3364.5,1996.66,8,18.9285
166052265,5,3341.1,7483.53,1,37.6363,61.9666,3,24,0,0,1,1,3341.09,5979.42,1,33.511
166052265,6,3354.92,1037.74,8,8.84152,24.3045,3,24,0,0,1,1,3354.91,1521.74,6,12.3509
166052265,7,3348.12,411.648,24,4.81157,16.6987,3,24,0,0,0,0,,,,5.25713
166052265,8,3347.88,320.456,24,3.74567,12.9995,3,24,0,0,0,0,,,,4.5266
166052265,9,3363.42,972.255,2,5.70664,11.3853,3,24,0,0,0,0,,,,5.53189
166052265,10,3359.89,2529.73,1,12.7226,20.9472,3,24,0,0,1,1,3359.89,2101.84,1,11.7457
166052265,11,3352,1010.77,4,6.85395,16.7391,3,24,0,0,0,0,,,,6.42625
166052265,12,3346.85,691.285,1,3.47663,5.72411,3,24,0,0,0,0,,,,1.92892
166052265,13,3363.38,1005.69,24,11.7551,40.7964,3,24,0,0,1,1,3363.44,1114.03,16,11.4516
166052265,14,3367.18,3641.45,16,40.0521,120.611,3,24,0,0,1,1,3367.11,3724.39,8,34.1371
166052265,15,3364.59,4544.73,8,38.7208,106.44,3,24,0,0,1,1,3364.59,4000.62,8,36.9842
166052265,16,3349.82,5221.86,16,57.4348,172.956,3,24,0,0,1,1,3349.84,5112.2,12,47.6196
166052265,17,3361.88,2280.32,24,26.6537,92.5025,3,24,0,0,1,1,3361.73,2677.24,12,26.2551
166052265,18,3348.57,7411.38,2,43.501,86.7891,3,24,0,0,1,1,3348.57,7464.73,1.5,45.373
166052265,19,3353.01,7247.97,2,42.5419,84.8756,3,24,0,0,1,1,3353.01,7419.92,1.5,45.6444
166087356,0,3354.29,1020.39,24,14.5321,23.1701,3,24,0,0,1,1,3354.11,1016.8,12,11.8674
166087356,1,3340.47,314.337,24,4.47671,7.13768,3,24,0,0,0,0,,,,2.84737
166087356,2,3354.24,335.391,16,4.1009,6.21824,3,24,0,0,0,0,,,,3.72386
166087356,3,3366.26,4254.96,1,19.0947,19.722,3,24,0,0,1,1,3366.25,3961.72,1,19.6976
166087356,4,3367,1503.31,8,16.3189,19.7084,3,24,0,0,1,1,3366.99,1320.63,8,14.691
166087356,5,3349.47,785.65,2,4.62783,5.14992,3,24,0,0,0,0,,,,6.47452
166087356,6,3350.86,392.24,8,4.25789,5.14226,3,24,0,0,0,0,,,,3.72142
166087356,7,3353.02,413.913,4,3.38617,3.83703,3,24,0,0,0,0,,,,3.43406
166087356,8,3367.13,274.125,16,3.35179,5.08236,3,24,0,0,0,0,,,,2.65377
166087356,9,3354.38,798.535,4,6.53272,7.40253,3,24,0,0,0,0,,,,6.71039
166087356,10,3367.1,2936.25,8,31.8739,38.4942,3,24,0,0,1,1,3367.11,2618.57,8,29.8626
166087356,11,3365.74,1230.67,16,15.0477,22.817,3,24,0,0,1,1,3365.71,1178.44,12,13.5778
166087356,12,3352.72,4582.24,1,20.5635,21.239,3,24,0,0,1,1,3352.72,4159.98,1,20.687
166087356,13,3365.3,940.415,8,10.2085,12.3288,3,24,0,0,1,1,3365.28,892.552,6,8.9932
166087356,14,3354.6,243.361,24,3.46589,5.52603,3,24,0,0,0,0,,,,3.06693
166087356,15,3346.62,1184.45,2,6.97692,7.76403,3,24,0,0,1,1,3346.61,1381.47,1.5,8.09838
166087356,16,3366.1,804.94,2,4.74145,5.27637,3,24,0,0,0,0,,,,4.71646
166087356,17,3362.65,12283.9,1,55.1256,56.9366,3,24,0,0,1,1,3362.65,10973.7,1,54.4542
166087356,18,3346.63,6222.39,2,36.6527,40.7877,3,24,0,0,1,1,3346.63,6185.2,1.5,36.2537
166087356,19,3350.51,747.415,2,4.40261,4.89929,3,24,0,0,0,0,,,,4.03474
166088958,0,3348.32,17144.2,2,22.1419,27.1749,2,16,1,0,1,1,3348.32,14744.6,2,20.9425
166088958,1,3366.39,16201.4,24,57.8196,88.9598,1.5,12,1,0,1,1,3366.52,16031.6,12,41.6303
166088958,2,3352.26,16562.1,1,15.6998,18.563,2,16,1,0,1,1,3352.25,14537,1,14.873
166088958,3,3349.38,5539.03,2,7.1537,8.77977,2,16,1,0,1,1,3349.39,5136.71,2,7.25347
166088958,4,3364.7,6592.21,1,6.24902,7.38866,1.5,12,1,0,0,0,,,,5.43042
166088958,5,3363.23,3476.61,1,3.29562,3.89664,2,16,1,0,0,0,,,,1.03873
166088958,6,3347.66,989.825,24,3.53248,5.43499,1.5,12,1,0,0,0,,,,3.57082
166088958,7,3352.15,2821.41,24,10.069,15.4919,1.5,12,1,0,0,0,,,,3.6753
166088958,8,3348.97,7027.3,24,25.079,38.5859,1.5,12,1,0,0,0,,,,6.05732
166088958,9,3351.92,12604.2,2,16.2784,19.9785,2,16,1,0,1,1,3351.92,11196.4,2,15.8032
166088958,10,3366.24,3897.46,16,10.8025,17.4734,1.5,12,1,0,0,0,,,,6.18611
166088958,11,3351.28,5996.36,4,9.65029,13.4416,2,16,1,0,1,1,3351.29,5656.96,3,8.96941
166088958,12,3361.05,6944,2,8.96823,11.0068,2,16,1,0,1,1,3361.05,5749.9,2,8.13215
166088958,13,3362.88,5255.85,16,14.5675,23.5634,2,16,1,0,1,1,3362.87,3667.77,16,11.3279
166088958,14,3349.45,14164,8,30.1344,44.902,1.5,12,1,0,1,1,3349.44,14419.9,6,31.5671
166088958,15,3352.97,5180.47,2,6.69061,8.21143,2,16,1,0,1,1,3352.97,5094.07,2,7.1855
166088958,16,3353.11,5450.71,24,19.4525,29.9291,1.5,12,1,0,0,0,,,,5.43353
166088958,17,3354.52,5835.38,8,12.415,18.499,1.5,12,1,0,1,1,3354.54,9053.28,8,23.0188
166088958,18,3363.32,4537.61,2,5.86036,7.19245,2,16,1,0,0,0,,,,5.40035
166088958,19,3364.03,7081.56,8,15.0663,22.4496,2,16,1,0,1,1,3364.04,8271.15,6,17.936
166176801,0,3346.52,1019.07,16,6.7599,10.5026,3,24,0,0,0,0,,,,6.72402
166176801,1,3349.22,1143.59,16,7.5859,11.7859,3,24,0,0,0,0,,,,5.68507
166176801,2,3351.52,5766.35,8,37.5186,42.0223,3,24,0,0,1,1,3351.52,5752.32,6,33.5555
166176801,3,3352.18,2285.41,24,16.7818,28.8472,3,24,0,0,1,1,3352.13,2571.62,8,15.6699
166176801,4,3345.85,2843.51,1,6.72461,7.32635,3,24,0,0,0,0,,,,5.79076
166176801,5,3359.63,2268.47,4,10.5485,11.6895,3,24,0,0,1,1,3359.65,1745.79,3,7.87583
166176801,6,3347.72,3698.69,8,24.0654,26.9542,3,24,0,0,1,1,3347.7,4379.72,6,27.9556
166176801,7,3353.43,4796.69,24,35.2222,60.5453,3,24,0,0,1,1,3353.18,4844.02,8,30.5543
166176801,8,3350.81,1087.04,16,7.21078,11.2031,3,24,0,0,0,0,,,,5.44065
166176801,9,3359.47,4999.36,4,23.2472,25.7619,3,24,0,0,0,0,,,,
166176801,10,3349.85,2922.78,4,13.591,15.0612,3,24,0,0,1,1,3349.86,2671.44,4,13.4563
166176801,11,3350.6,9147.95,4,42.5383,47.1398,3,24,0,0,1,1,3350.6,8402.27,4,41.9141
166176801,12,3348.13,2071.31,8,13.4769,15.0947,3,24,0,0,1,1,3348.15,2058.46,6,12.1013
166176801,13,3345.47,5684.8,24,41.7436,71.7554,3,24,0,0,1,1,3345.72,5433.78,8,35.5864
166176801,14,3366.38,3811.74,24,27.9897,48.113,3,24,0,0,1,1,3366.37,3358.64,24,25.9336
166176801,15,3353.48,2738.25,16,18.164,28.2206,3,24,0,0,1,1,3353.44,2767.03,8,17.2842
166176801,16,3347.88,3163.92,4,14.7123,16.3038,3,24,0,0,1,1,3347.88,3239.09,4,16.5974
166176801,17,3366.58,8955.2,16,59.4037,92.293,3,24,0,0,1,1,3366.58,9104.04,12,56.6232
166176801,18,3364.74,5788.8,8,37.6647,42.1859,3,24,0,0,1,1,3364.75,5272.62,8,34.2001
166176801,19,3365.01,469.172,24,3.44514,5.92204,3,24,0,0,0,0,,,,2.81855
167403519,0,3360.76,9292.01,2,31.9542,46.2208,3,24,0,0,1,1,3360.76,9624.79,1.5,33.1305
167403519,1,3341.3,1936.61,2,6.65981,9.6332,3,24,0,0,0,0,,,,5.40925
167403519,2,3364.87,15056.6,2,51.7781,74.8954,3,24,0,0,1,1,3364.87,15414.7,1.5,53.5854
167403519,3,3347.67,6378.51,1,17.4735,22.4353,3,24,0,0,1,0,3347.67,5815.17,1,17.6171
167403519,4,3345.73,1063.34,8,4.65843,10.5786,3,24,0,0,1,0,3345.89,3731.17,3,16.0042
167403519,5,3343.12,3165.12,8,13.8662,31.4882,3,24,0,0,1,0,3343.1,2870.67,6,13.3182
167403519,6,3345.63,702.881,24,3.0053,12.1116,3,24,0,0,1,0,3345.91,3921.64,3,16.8757
167403519,7,3365.19,777.874,24,3.32595,13.4038,3,24,0,0,0,0,,,,11.7333
167403519,8,3348.34,1559.97,2,5.36459,7.7597,3,24,0,0,0,0,,,,4.83194
167403519,9,3345.94,713.989,8,3.12795,7.10312,3,24,0,0,1,0,3345.91,4095.52,3,17.3022
167403519,10,3366.37,4116.85,16,18.0167,57.9213,3,24,0,0,1,0,3366.4,3902.64,12,17.8764
167403519,11,3359.26,2608.08,4,10.1851,18.3469,3,24,0,0,1,0,3359.27,2340.03,3,9.89107
167403519,12,3348.58,7624.53,1,20.8868,26.818,3,24,0,0,1,0,3348.57,6490.74,1,19.6275
167403519,13,3360.79,1646.58,2,5.66241,8.19049,3,24,0,0,1,0,3360.79,1907.17,2,7.24507
167403519,14,3346.69,1995.62,24,8.53263,34.3871,3,24,0,0,1,0,3347.04,1764.4,3,7.00201
167403519,15,3340.76,1296.17,8,5.67844,12.8949,3,24,0,0,0,0,,,,5.56292
167403519,16,3357.06,1543.11,4,6.02618,10.8553,3,24,0,0,0,0,,,,5.7791
167403519,17,3349.07,727.23,24,3.10941,12.5311,3,24,0,0,0,0,,,,3.41986
167403519,18,3356.41,1870.5,8,8.19455,18.6086,3,24,0,0,1,0,3356.42,2086.51,3,8.54132
167403519,19,3341.81,1804.7,2,6.20617,8.97703,3,24,0,0,0,0,,,,14.3842
167558581,0,3354.53,4840.07,16,22.8428,88.5512,3,24,0,0,1,1,3354.5,4921.63,12,23.9669
167558581,1,3344.4,5246.67,2,18.6711,33.9376,3,24,0,0,1,1,3344.4,5967.13,1.5,22.2205
167558581,2,3357.48,2611.09,4,10.2178,23.8855,3,24,0,0,1,1,3357.48,2947.94,3,12.1134
167558581,3,3343.92,6685.98,24,31.5623,149.814,3,24,0,0,1,1,3343.97,6888.29,16,37.4021
167558581,4,3359.22,726.058,24,3.42748,16.269,3,24,0,0,0,0,,,,3.4446
167558581,5,3361.07,982.441,2,3.49617,6.35483,3,24,0,0,0,0,,,,4.4043
167558581,6,3367.09,11658,24,55.0333,261.222,3,24,0,0,1,1,3366.94,11404,12,55.6486
167558581,7,3361.96,953.765,2,3.39412,6.16934,3,24,0,0,0,0,,,,3.78825
167558581,8,3366.31,4421.23,24,20.8712,99.0676,3,24,0,0,1,1,3366.23,4710.96,16,22.9605
167558581,9,3340.33,2488.58,16,11.7449,45.5296,3,24,0,0,1,1,3340.32,2639.51,12,13.0431
167558581,10,3353.79,640.971,24,3.02581,14.3624,3,24,0,0,0,0,,,,4.94345
167558581,11,3343.69,3661.1,24,17.2828,82.035,3,24,0,0,1,1,3343.77,3659.82,16,19.357
167558581,12,3345.53,8674.54,2,30.8697,56.1105,3,24,0,0,1,1,3345.53,8695.84,1.5,32.2019
167558581,13,3359.54,10981,1,34.9387,50.2254,3,24,0,0,1,1,3359.54,9778.81,1,34.5051
167558581,14,3358.51,1719.1,8,7.63034,22.2397,3,24,0,0,1,1,3358.48,1672.41,6,7.54016
167558581,15,3355.57,3105.13,24,14.6583,69.5774,3,24,0,0,1,1,3355.68,2744.62,16,13.5791
167558581,16,3345.09,8756.69,24,41.3375,196.213,3,24,0,0,1,1,3344.95,8809.61,12,43.4202
167558581,17,3355,2663.38,24,12.5729,59.6789,3,24,0,0,1,1,3354.91,2200.29,16,10.8158
167558581,18,3352.12,2904.28,8,12.8908,37.5721,3,24,0,0,1,1,3352.12,3139.44,6,14.5495
167558581,19,3350.12,7811.71,2,27.7992,50.5293,3,24,0,0,1,1,3350.12,7493.43,1.5,27.7711
188980548,0,3340.63,5173.68,16,53.1511,76.3131,3,24,0,0,1,1,3340.64,4732.23,16,51.1773
188980548,1,3348.04,522.695,24,7.38553,9.44264,3,24,0,0,0,0,,,,4.22184
188980548,2,3354.44,1288.8,8,9.60321,13.4422,3,24,0,0,1,1,3354.44,1070.56,8,8.8714
188980548,3,3343.29,1834.32,1,5.27108,6.76418,3,24,0,0,0,0,,,,6.37387
188980548,4,3364.35,2408.98,2,8.70755,12.5628,3,24,0,0,1,1,3364.36,2103.17,1.5,7.62012
188980548,5,3344.61,1501.56,16,15.426,22.1484,3,24,0,0,1,1,3344.57,1316.01,16,13.4796
188980548,6,3349.11,375.962,16,3.86239,5.54554,3,24,0,0,0,0,,,,4.06072
188980548,7,3367.32,709.041,8,5.28325,7.3953,3,24,0,0,0,0,,,,2.16687
188980548,8,3344.63,1671.13,4,7.67388,12.3248,3,24,0,0,1,1,3344.66,2025.4,2,8.08574
188980548,9,3362.55,2504.34,2,9.05225,13.0601,3,24,0,0,1,1,3362.56,2281.87,1,7.25702
188980548,10,3340.03,9838.16,2,35.5612,51.306,3,24,0,0,1,1,3340.03,10435.3,1.5,37.9215
188980548,11,3345.48,2013.14,24,28.4452,36.3681,3,24,0,0,1,1,3345.48,1884.67,24,27.5207
188980548,12,3344.51,8604.32,2,31.1014,44.8716,3,24,0,0,1,1,3344.51,8051.82,1.5,29.31
188980548,13,3339.98,1066.81,4,4.89879,7.86783,3,24,0,0,0,0,,,,5.54662
188980548,14,3366.64,5709.42,1,16.4065,21.0539,3,24,0,0,1,1,3366.64,4760.31,1,15.1696
188980548,15,3348.56,1490.98,2,5.38932,7.77545,3,24,0,0,0,0,,,,5.73563
188980548,16,3354.62,2299.09,16,23.6193,33.9121,3,24,0,0,1,1,3354.64,2106.91,16,22.4053
188980548,17,3351.75,4010.09,4,18.4144,29.5749,3,24,0,0,1,1,3351.74,4034.79,3,18.1139
188980548,18,3347.75,4475.17,4,20.55,33.0049,3,24,0,0,1,1,3347.75,3878.3,4,19.2752
188980548,19,3362.22,1603.22,8,11.946,16.7216,3,24,0,0,1,1,3362.19,1611.32,8,13.0965
193712550,0,3357.18,2961.22,16,33.5933,137.908,3,24,0,0,1,1,3357.01,1864.8,24,35.065
193712550,1,3343.26,689.218,24,12.1323,39.3115,3,24,0,0,1,1,3343.24,552.323,24,10.4293
193712550,2,3342.21,1783.91,2,11.154,29.3727,3,24,0,0,1,1,3342.21,1783.07,1.5,12.0356
193712550,3,3355.91,3103.78,16,35.2105,144.547,3,24,0,0,1,1,3356.1,1740.55,24,34.1548
193712550,4,3354.15,4528.68,4,31.3529,105.453,3,24,0,0,1,1,3354.14,4657.85,3,33.629
193712550,5,3364.6,508.189,4,3.51829,11.8335,3,24,0,0,0,0,,,,3.68498
193712550,6,3345.71,1392.93,24,24.5197,79.4495,3,24,0,0,1,1,3345.78,1266.63,24,21.5033
193712550,7,3343.43,5051.17,16,57.3024,235.239,3,24,0,0,1,1,3343.25,2958.5,24,57.1824
193712550,8,3344.98,4692.52,2,29.3404,77.2643,3,24,0,0,1,1,3344.98,4873.44,1.5,33.2431
193712550,9,3351.54,1756.57,8,12.9513,57.8453,3,24,0,0,1,1,3351.48,1614.69,4,12.4512
193712550,10,3362.5,568.218,2,3.55284,9.35595,3,24,0,0,0,0,,,,4.24934
193712550,11,3345.44,5221.33,16,59.2328,243.164,3,24,0,0,1,1,3345.26,3182.92,24,59.1755
193712550,12,3351.79,1054.95,2,6.59614,17.3701,3,24,0,0,1,1,3351.79,1053.46,1.5,7.15693
193712550,13,3362.11,1256.47,2,7.85621,20.6883,3,24,0,0,1,1,3362.11,1048.57,1.5,7.17928
193712550,14,3360.99,466.435,16,5.29142,21.7225,3,24,0,0,0,0,,,,4.6878
193712550,15,3349.17,285.132,16,3.23465,13.279,3,24,0,0,0,0,,,,4.73277
193712550,16,3364.91,1215.73,1,7.1487,14.1545,3,24,0,0,0,0,,,,6.51514
193712550,17,3341.95,969.301,1,5.69965,11.2854,3,24,0,0,0,0,,,,6.92213
193712550,18,3364.96,2461.75,8,18.1506,81.0674,3,24,0,0,1,1,3364.95,2275.43,6,18.0858
193712550,19,3347.63,898.679,4,6.22173,20.9263,3,24,0,0,0,0,,,,6.19351
195483127,0,3361.19,3222.49,16,27.0235,66.9394,3,24,0,0,1,1,3361.1,3240.16,8,27.5816
195483127,1,3361.42,317.234,24,3.01268,8.07077,3,24,0,0,0,0,,,,2.70538
195483127,2,3343.79,704.239,24,6.68796,17.9166,3,24,0,0,0,0,,,,5.37817
195483127,3,3340.21,958.352,16,8.03665,19.9074,3,24,0,0,0,0,,,,6.48096
195483127,4,3358.38,912.125,1,4.00701,4.73679,3,24,0,0,0,0,,,,6.94544
195483127,5,3351.67,4221.71,24,40.0924,107.405,3,24,0,0,1,1,3351.75,4223.37,16,32.9095
195483127,6,3355.32,4775.85,1,20.9806,24.8017,3,24,0,0,1,1,3355.32,4137.44,1,20.0734
195483127,7,3356.35,968.407,8,7.9517,14.2244,3,24,0,0,1,1,3356.34,907.511,6,7.85596
195483127,8,3349.04,10552,1,46.3556,54.7981,3,24,0,0,1,1,3349.04,9537.98,1,46.3015
195483127,9,3341.51,1145.82,4,7.90008,11.9008,3,24,0,0,1,1,3341.54,1203.04,2,7.45891
195483127,10,3351.64,3030.75,2,17.136,22.2585,3,24,0,0,1,1,3351.64,2962.81,1.5,16.6542
195483127,11,3364.02,5533.59,24,52.551,140.781,3,24,0,0,1,1,3364.03,5187.23,24,54.7885
195483127,12,3347.7,5093.88,8,41.8264,74.821,3,24,0,0,1,1,3347.7,5008.25,6,43.7807
195483127,13,3344.64,7514.05,1,33.0096,39.0215,3,24,0,0,1,1,3344.64,6868.2,1,33.4564
195483127,14,3349.8,3433.6,4,23.6736,35.6623,3,24,0,0,1,1,3349.8,3606.89,3,25.382
195483127,15,3367.43,9719.64,2,54.9551,71.3831,3,24,0,0,0,0,,,,
195483127,16,3360.54,959.908,1,4.21693,4.98494,3,24,0,0,0,0,,,,5.26608
195483127,17,3342.95,1038.24,24,9.85988,26.414,3,24,0,0,0,0,,,,6.36754
195483127,18,3365.43,765.522,8,6.28579,11.2443,3,24,0,0,0,0,,,,6.325
195483127,19,3361.43,2103.9,1,9.24253,10.9258,3,24,0,0,1,1,3361.43,1854.59,1,9.00427
198408550,0,3361.1,50000,2,9.22276,85.3613,3,24,0,1,0,0,,,,26.3219
198408550,1,3348.57,18251.5,24,41.8377,107.939,3,24,0,1,1,1,3348.58,16834.1,24,39.7013
198408550,2,3351.09,44552.9,8,54.2003,152.124,3,24,0,1,1,1,3351.06,46363.3,4,54.1957
198408550,3,3359.85,41862.9,4,45.5898,101.073,3,24,0,1,1,1,3359.85,39474.9,4,47.1396
198408550,4,3358.66,39301.6,2,7.24938,67.0966,3,24,0,1,1,1,3358.63,19182.8,4,22.6936
198408550,5,3366.18,7518.75,8,9.14685,25.6724,3,24,0,1,1,1,3366.2,9743.02,4,11.3245
198408550,6,3365.84,50000,1,12.1059,60.3595,3,24,0,1,1,1,3365.84,58619.5,1,15.7372
198408550,7,3358.34,3493.55,16,4.64324,16.8695,3,24,0,1,0,0,,,,5.71484
198408550,8,3343.73,8361.97,8,10.1727,28.5516,3,24,0,1,1,1,3343.78,10741.3,4,12.5296
198408550,9,3342.69,45998,2,8.48457,78.5289,3,24,0,1,0,0,,,,26.8121
198408550,10,3362.95,26102.2,24,59.8338,154.369,3,24,0,1,1,1,3362.97,23156.6,24,53.0871
198408550,11,3345.11,3509.8,16,4.66483,16.948,3,24,0,1,0,0,,,,6.66536
198408550,12,3343.25,33920.7,1,8.21279,40.9487,3,24,0,1,1,1,3343.26,44615.2,1,11.9237
198408550,13,3341.46,50000,2,9.22276,85.3613,3,24,0,1,1,1,3341.48,32077.6,3,28.749
198408550,14,3361.59,50000,1,12.1059,60.3595,3,24,0,1,1,1,3361.6,13084.3,4,15.5491
198408550,15,3349.15,9230.98,4,10.0528,22.2871,3,24,0,1,1,1,3349.13,9542.46,4,11.3645
198408550,16,3359.08,7526.24,16,10.003,36.3425,3,24,0,1,1,1,3358.92,9000.28,4,10.2533
198408550,17,3366.87,2662.53,16,3.53873,12.8567,3,24,0,1,0,0,,,,4.90023
198408550,18,3352.01,50000,1,12.1059,60.3595,3,24,0,1,0,0,,,,15.3071
198408550,19,3366.31,3407.29,24,7.81049,20.1507,3,24,0,1,0,0,,,,5.2848
198458701,0,3354.5,10318.1,8,35.4822,41.676,3,24,0,0,1,1,3354.5,10406.8,6,33.1035
198458701,1,3361.7,6073.04,1,8.31491,8.67256,3,24,0,0,1,1,3361.7,6350.52,1,9.69571
198458701,2,3345.26,3741.51,1,5.12269,5.34303,3,24,0,0,1,1,3345.26,3910.51,1.5,7.12806
198458701,3,3366,25783.7,1,35.3018,36.8203,3,24,0,0,1,1,3365.99,21253.9,1,32.3765
198458701,4,3341.03,809.203,16,3.8787,4.6223,3,24,0,0,0,0,,,,3.28404
198458701,5,3348.52,17693.5,4,45.8551,50.5341,3,24,0,0,1,1,3348.52,15676.9,4,44.5404
198458701,6,3365.94,8293.05,1,11.3544,11.8428,3,24,0,0,1,1,3365.94,8085.44,1,12.3359
198458701,7,3341.53,24625.2,2,46.3145,49.7319,3,24,0,0,1,1,3341.53,21115.2,2,44.1842
198458701,8,3340.5,7400.17,1,10.132,10.5678,3,24,0,0,1,1,3340.5,5633.76,1,8.55581
198458701,9,3349.13,12295.8,1,16.8348,17.5589,3,24,0,0,1,1,3349.13,10732.3,1,16.3114
198458701,10,3350.82,2296.5,16,11.0077,13.118,3,24,0,0,1,1,3350.83,2044.84,16,9.34049
198458701,11,3355.16,3488.28,4,9.04036,9.96282,3,24,0,0,1,1,3355.17,3176.96,4,9.07307
198458701,12,3350.48,7703.39,1,10.5471,11.0008,3,24,0,0,1,1,3350.48,7953.36,1,12.0984
198458701,13,3360.63,3069.32,1,4.20236,4.38311,3,24,0,0,0,0,,,,2.8499
198458701,14,3341.72,6006.71,16,28.7916,34.3113,3,24,0,0,1,1,3341.75,5691.25,16,23.4385
198458701,15,3362.77,11494,1,15.737,16.4139,3,24,0,0,1,1,3362.76,10793.1,1,16.4271
198458701,16,3346.81,740.624,24,3.96644,5.18137,3,24,0,0,0,0,,,,4.94246
198458701,17,3361.16,3534.25,1,4.83892,5.04706,3,24,0,0,0,0,,,,3.69557
198458701,18,3347.3,673.465,24,3.60677,4.71152,3,24,0,0,0,0,,,,5.19163
198458701,19,3361.36,13821.5,8,47.5297,55.8265,3,24,0,0,1,1,3361.35,12774.5,8,47.0671
198488458,0,3350.65,1840.86,2,3.11423,5.08345,1.25,10,1,0,0,0,,,,4.11412
198488458,1,3361.54,21927,2,37.0944,60.5502,1.25,10,1,0,1,1,3361.54,21582.6,1.5,37.8663
198488458,2,3341.24,11707.7,24,44.4288,111.995,1.25,10,1,0,1,1,3340.91,8509.19,6,20.0946
198488458,3,3354.29,3815.59,24,14.4795,36.4998,1.25,10,1,0,0,0,,,,4.57622
198488458,4,3345.88,38973.2,1,57.9343,76.1006,1.25,10,1,0,1,1,3345.89,33868,1,55.5958
198488458,5,3362.76,2701.66,8,6.11411,14.921,1.25,10,1,0,0,0,,,,5.71169
198488458,6,3345.4,18793,16,51.9421,146.784,1.25,10,1,0,1,1,3345.57,16704.5,4,35.7189
198488458,7,3348.52,4510.1,8,10.2068,24.9088,1.5,12,1,0,1,1,3348.53,6354.73,6,11.665
198488458,8,3349.33,32179.1,1,47.8348,62.8343,1.25,10,1,0,1,1,3349.33,29224.2,1,48.3804
198488458,9,3364.66,1275.77,24,4.84133,12.2039,1.25,10,1,0,0,0,,,,2.42956
198488458,10,3345.42,3907.87,16,10.801,30.5226,1.25,10,1,0,0,0,,,,2.61251
198488458,11,3366.81,15367.4,1,22.8439,30.007,1.25,10,1,0,1,1,3366.81,13717.6,1,22.5014
198488458,12,3353.22,11256.8,1,16.7335,21.9806,1.25,10,1,0,1,1,3353.21,9499.96,1,15.5522
198488458,13,3360.08,7127.09,16,19.6987,55.6666,1.25,10,1,0,1,1,3360.01,7083.21,8,15.9069
198488458,14,3367.32,28783.1,4,56.0333,112.406,1.25,10,1,0,1,1,3367.29,28800.6,2,53.3203
198488458,15,3349.46,30586.1,2,51.7433,84.4619,1.25,10,1,0,1,1,3349.46,29644.4,1.5,53.9237
198488458,16,3345.85,934.932,24,3.54791,8.94351,1.25,10,1,0,0,0,,,,2.78705
198488458,17,3352.06,1113.16,24,4.22426,10.6484,1.25,10,1,0,0,0,,,,2.19376
198488458,18,3367.36,2020.71,4,3.93379,7.89143,1.25,10,1,0,0,0,,,,3.24491
198488458,19,3352.79,12060.3,24,45.7669,115.368,1.5,12,1,0,1,1,3352.37,10541.5,1,14.5444
198509611,0,3360.54,21062.3,1,21.104,23.3193,3,24,0,0,1,1,3360.54,17741.2,1,19.6401
198509611,1,3363.02,1488.83,24,6.83729,8.07534,3,24,0,0,0,0,,,,4.95239
198509611,2,3363.16,34870.4,2,49.1637,54.5986,3,24,0,0,1,1,3363.16,32003,2,49.5974
198509611,3,3363.69,8083.59,24,37.123,43.845,3,24,0,0,1,1,3363.67,6885.03,24,31.8541
198509611,4,3347,3379.82,2,4.7652,5.29198,3,24,0,0,0,0,,,,4.30671
198509611,5,3364.79,2425.18,2,3.41926,3.79725,3,24,0,0,0,0,,,,3.77263
198509611,6,3362.68,1053.18,24,4.83663,5.71241,3,24,0,0,0,0,,,,4.11626
198509611,7,3340.45,5404.82,1,5.41553,5.98399,3,24,0,0,0,0,,,,5.25429
198509611,8,3351.45,2784.53,2,3.92591,4.35991,3,24,0,0,0,0,,,,3.3351
198509611,9,3347.3,1434.82,8,4.085,4.49317,3,24,0,0,0,0,,,,4.55131
198509611,10,3360.7,1889.85,24,8.67893,10.2504,3,24,0,0,0,0,,,,6.53525
198509611,11,3355.45,5906.01,24,27.1227,32.0339,3,24,0,0,1,1,3355.19,6401.8,12,24.679
198509611,12,3349.72,5929.72,24,27.2316,32.1625,3,24,0,0,1,1,3349.66,5842.22,16,21.0611
198509611,13,3360.55,4627.73,8,13.1754,14.4918,3,24,0,0,1,1,3360.59,4738.17,6,12.0566
198509611,14,3347.08,1529.31,8,4.35402,4.78906,3,24,0,0,0,0,,,,3.3498
198509611,15,3353.24,3373.95,4,6.987,7.471,3,24,0,0,1,1,3353.26,3626.71,4,8.22976
198509611,16,3353.41,18798.8,8,53.521,58.8687,3,24,0,0,1,1,3353.44,18692.5,8,53.9639
198509611,17,3352.46,2687.35,16,10.2777,11.9013,3,24,0,0,1,1,3352.45,2881.85,12,9.29593
198509611,18,3349.52,2157.25,2,3.04151,3.37773,3,24,0,0,0,0,,,,2.1145
198509611,19,3361.21,3754.37,16,14.3585,16.6268,3,24,0,0,1,1,3361.17,2855.94,16,11.1148
199661358,0,3354.36,3151.55,4,6.49251,7.23441,3,24,0,0,0,0,,,,6.47474
199661358,1,3361.67,15335.9,1,16.9324,17.6019,3,24,0,0,1,1,3361.67,13820.1,1,16.9018
199661358,2,3365.22,4836.67,8,12.3129,15.7014,3,24,0,0,1,1,3365.23,4920.78,8,13.8707
199661358,3,3359.25,1735.35,16,5.32955,7.96703,3,24,0,0,0,0,,,,3.94976
199661358,4,3348.1,5949.9,24,22.9199,33.4552,3,24,0,0,1,1,3348.12,5438.22,24,21.7911
199661358,5,3348.04,20304.1,8,51.6891,65.914,3,24,0,0,1,1,3348.04,20452.5,6,49.9704
199661358,6,3354.13,1348.48,8,3.43289,4.37762,3,24,0,0,0,0,,,,2.73898
199661358,7,3364.7,16880.5,8,42.9734,54.7997,3,24,0,0,1,1,3364.7,17490.1,6,43.8891
199661358,8,3359.02,1576.52,24,6.07299,8.86448,3,24,0,0,0,0,,,,3.56415
199661358,9,3339.84,15359.7,2,23.4234,24.9314,3,24,0,0,0,0,,,,
199661358,10,3343.58,7162.28,8,18.2333,23.2512,3,24,0,0,1,1,3343.58,6691.32,8,18.257
199661358,11,3347.46,16185.3,8,41.2036,52.5429,3,24,0,0,1,1,3347.46,17109.2,6,42.7111
199661358,12,3366.29,1515.96,24,5.83969,8.52394,3,24,0,0,0,0,,,,3.19172
199661358,13,3343.34,8679.57,24,33.435,48.8037,3,24,0,0,1,1,3343.36,8468.11,24,33.0705
199661358,14,3364.39,3503.3,8,8.9185,11.3729,3,24,0,0,1,1,3364.39,3182.07,8,8.62779
199661358,15,3354.98,3310.09,16,10.1658,15.1967,3,24,0,0,1,1,3354.99,3745.14,12,11.3464
199661358,16,3348.4,7983.32,8,20.3235,25.9165,3,24,0,0,1,1,3348.42,8199.58,6,20.1355
199661358,17,3347.61,17404.5,1,19.2163,19.9761,3,24,0,0,1,1,3347.61,13623.4,1,16.6331
199661358,18,3341.51,12254.6,2,18.6881,19.8912,3,24,0,0,1,1,3341.51,10817.7,2,18.273
199661358,19,3345.95,2169.66,24,8.35785,12.1996,3,24,0,0,0,0,,,,6.18119
202381616,0,3351.22,813.654,4,4.4202,6.19614,3,24,0,0,0,0,,,,4.07403
202381616,1,3359.62,1533.58,16,14.416,23.357,3,24,0,0,1,1,3359.64,3361.13,3,19.6274
202381616,2,3340.02,3149.37,16,29.605,47.9662,3,24,0,0,1,1,3340.12,3338.38,8,25.7863
202381616,3,3352.86,1046.4,8,7.14106,11.2692,3,24,0,0,0,0,,,,5.72718
202381616,4,3348.22,3617.08,24,40.2348,67.4707,3,24,0,0,1,1,3348.23,3364.71,24,37.7245
202381616,5,3349.98,10173.9,1,35.9637,38.7383,3,24,0,0,1,1,3349.98,8562.81,1,33.3906
202381616,6,3365.54,1479.26,1,5.22903,5.63244,3,24,0,0,0,0,,,,2.81451
202381616,7,3363.03,1315.04,24,14.628,24.53,3,24,0,0,1,1,3363.04,1333.63,24,15.6412
202381616,8,3354.47,2784.01,2,13.0522,14.9912,3,24,0,0,1,1,3354.47,2540.97,2,13.1277
202381616,9,3350.37,5619.28,8,38.3483,60.517,3,24,0,0,1,1,3350.37,5620.25,6,37.0788
202381616,10,3352.66,1373.8,2,6.44077,7.39758,3,24,0,0,0,0,,,,5.77297
202381616,11,3353.15,10443.2,4,56.7327,79.5267,3,24,0,0,1,1,3353.15,10391.2,3,60.0608
202381616,12,3340.86,880.429,1,3.11222,3.35232,3,24,0,0,0,0,,,,1.95659
202381616,13,3363.73,6002.76,8,40.9653,64.6468,3,24,0,0,1,1,3363.74,5821.7,6,38.5612
202381616,14,3340.19,11411,2,53.4982,61.4456,3,24,0,0,1,1,3340.18,10269.1,2,52.9747
202381616,15,3363.83,3645.93,16,34.2728,55.529,3,24,0,0,1,1,3363.82,3441.87,12,28.3496
202381616,16,3349.5,6275.6,16,58.9924,95.5799,3,24,0,0,1,1,3349.5,5603.77,16,46.3622
202381616,17,3348.3,919.417,2,4.3105,4.95084,3,24,0,0,0,0,,,,6.41992
202381616,18,3351.74,4684.99,16,44.0402,71.3543,3,24,0,0,1,1,3351.71,4581.95,12,37.0026
202381616,19,3347.08,1346.53,24,14.9782,25.1174,3,24,0,0,1,1,3347.08,1079.34,24,12.1723
202508765,0,3360.85,4819.16,24,44.688,37.8842,3,24,0,0,1,1,3361.01,4656.41,16,35.5879
202508765,1,3366.44,3411.87,2,6.78706,7.74263,3,24,0,0,1,1,3366.45,4372.48,1,7.39113
202508765,2,3350.91,1714.2,4,4.80952,5.50138,3,24,0,0,0,0,,,,4.22701
202508765,3,3361.55,924.131,8,4.00195,4.1943,3,24,0,0,0,0,,,,5.51753
202508765,4,3360.84,1211.61,4,3.3994,3.88841,3,24,0,0,0,0,,,,5.05766
202508765,5,3362.79,1359.97,24,12.611,10.691,3,24,0,0,0,0,,,,6.15444
202508765,6,3362.4,8742.12,4,24.5278,28.0561,3,24,0,0,1,1,3362.4,8928.62,3,23.9588
202508765,7,3354.31,2341.16,2,4.65714,5.31284,3,24,0,0,0,0,,,,4.76618
202508765,8,3364.89,15113.6,2,30.0646,34.2976,3,24,0,0,1,1,3364.89,13828.5,2,30.0656
202508765,9,3351.03,855.197,8,3.70343,3.88143,3,24,0,0,0,0,,,,2.65226
202508765,10,3361.61,1560.17,8,6.7563,7.08104,3,24,0,0,1,1,3361.68,1447.79,12,10.2349
202508765,11,3348.56,15460.3,4,43.3769,49.6166,3,24,0,0,1,1,3348.56,13574.6,4,40.7941
202508765,12,3345.9,1013.19,16,7.36747,6.50328,3,24,0,0,1,1,3346.08,2547.02,8,10.9227
202508765,13,3365.66,12271.9,8,53.1433,55.6976,3,24,0,0,1,1,3365.66,11115.4,8,49.8144
202508765,14,3365.58,2960.29,24,27.4507,23.2713,3,24,0,0,1,1,3365.57,2747.86,24,18.8667
202508765,15,3362.49,2361.57,24,21.8987,18.5646,3,24,0,0,1,1,3362.53,2029.46,16,15.2366
202508765,16,3361.44,16871.2,4,47.3356,54.1448,3,24,0,0,1,1,3361.44,15269.5,4,45.7956
202508765,17,3352.21,3063.81,1,4.71566,4.91635,3,24,0,0,0,0,,,,3.85994
202508765,18,3364.93,5394.35,8,23.3602,24.483,3,24,0,0,1,1,3364.93,4944.96,8,21.4206
202508765,19,3354.6,2600.16,4,7.29527,8.34469,3,24,0,0,0,0,,,,5.21624
219011340,0,3349.09,37155.3,1,39.4675,42.2449,3,24,0,0,1,1,3349.09,33573.7,1,39.3663
219011340,1,3360.44,874.46,16,3.61091,3.97698,3,24,0,0,0,0,,,,2.57856
219011340,2,3366.13,9261.51,4,18.9914,21.0604,3,24,0,0,1,1,3366.14,8462.75,4,18.7351
219011340,3,3365.85,18420.3,4,37.7721,41.887,3,24,0,0,1,1,3365.85,16337.7,4,35.9849
219011340,4,3353.98,1701.67,8,4.26286,5.47236,3,24,0,0,0,0,,,,3.19634
219011340,5,3350.31,3450.82,2,5.06693,5.5487,3,24,0,0,0,0,,,,5.0226
219011340,6,3366.5,6511.89,1,6.91714,7.40391,3,24,0,0,0,0,,,,5.8106
219011340,7,3340.33,947.786,24,4.59212,5.27922,3,24,0,0,0,0,,,,2.91867
219011340,8,3348.72,15176.1,4,31.1198,34.5099,3,24,0,0,1,1,3348.72,13868.8,4,30.7229
219011340,9,3349.44,676.744,24,3.27889,3.7695,3,24,0,0,0,0,,,,4.12539
219011340,10,3339.86,4279,16,17.6693,19.4606,3,24,0,0,0,0,,,,5.11865
219011340,11,3345.84,15917.4,1,16.908,18.0979,3,24,0,0,1,1,3345.84,12605.3,1,14.8291
219011340,12,3360.81,812.228,16,3.35393,3.69396,3,24,0,0,0,0,,,,2.44233
219011340,13,3340.6,1641.32,24,7.95235,9.14223,3,24,0,0,0,0,,,,3.29717
219011340,14,3364.32,8693.65,4,17.827,19.769,3,24,0,0,1,1,3364.32,8085.73,4,17.7416
219011340,15,3347.63,2228.58,24,10.7977,12.4133,3,24,0,0,0,0,,,,6.55177
219011340,16,3351.9,775.586,24,3.75779,4.32006,3,24,0,0,0,0,,,,3.41273
219011340,17,3340.16,4771.35,24,23.1177,26.5767,2.5,20,1,0,0,0,,,,4.44866
219011340,18,3360.76,635.073,24,3.07699,3.53739,3,24,0,0,0,0,,,,2.21217
219011340,19,3340.79,10478.6,16,43.2691,47.6557,3,24,0,0,1,1,3340.65,10420.6,6,25.9507
219011914,0,3348.4,19474.8,8,53.6959,345.81,1.5,12,1,0,1,1,3348.41,19811.7,6,48.9991
219011914,1,3339.95,21906.3,16,59.5403,550.109,1.5,12,1,0,1,1,3340.04,23277.8,6,70.0474
219011914,2,3363.03,12712.6,4,31.8481,159.619,1.5,12,1,0,1,1,3363.03,12063.8,3,31.1516
219011914,3,3367.15,4195.08,1,9.05494,26.3366,1.5,12,1,0,0,0,,,,5.8607
219011914,4,3361.62,1768.19,16,4.80587,44.4027,1.5,12,1,0,0,0,,,,3.21778
219011914,5,3364.93,3690.47,16,10.0305,92.6748,1.5,12,1,0,0,0,,,,6.73828
219011914,6,3353.05,3766.67,1,8.13025,23.6471,1.5,12,1,0,0,0,,,,5.98984
219011914,7,3347.25,1464.89,4,3.66991,18.3931,1.5,12,1,0,0,0,,,,2.49171
219011914,8,3351.37,2628.14,24,6.99086,80.8302,1.5,12,1,0,0,0,,,,4.29097
219011914,9,3361.29,7384.48,2,17.7197,65.5624,1.5,12,1,0,1,1,3361.29,6744.24,1.5,17.2188
219011914,10,3360.68,4378.96,24,11.6481,134.678,1.5,12,1,0,0,0,,,,4.02997
219011914,11,3351.37,7336.35,16,19.9399,184.23,1.5,12,1,0,1,1,3351.27,8605.06,8,23.3055
219011914,12,3364.57,7191.34,16,19.5457,180.588,1.5,12,1,0,1,1,3364.38,8316.51,4,20.7127
219011914,13,3346.85,17386.9,2,41.7212,154.368,1.5,12,1,0,1,1,3346.84,17540.8,1.5,45.4651
219011914,14,3350.74,5770.05,2,13.8457,51.2289,1.5,12,1,0,1,1,3350.74,5933.59,1.5,16.2208
219011914,15,3351.27,2428.25,16,6.59988,60.978,1.5,12,1,0,0,0,,,,4.83902
219011914,16,3348.49,3532.45,2,8.4764,31.3625,1.5,12,1,0,1,1,3348.49,3778.13,1.5,9.59495
219011914,17,3353,2743.77,2,6.5839,24.3603,1.5,12,1,0,0,0,,,,5.5537
219011914,18,3340.01,2133.49,1,4.60506,13.394,1.5,12,1,0,0,0,,,,6.85695
219011914,19,3348.22,21125.4,2,50.692,187.56,1.5,12,1,0,1,1,3348.22,21240.2,1.5,51.2242
219462361,0,3354.4,13155.8,4,22.7136,70.3324,3,24,0,1,1,1,3354.41,12037.4,4,22.3096
219462361,1,3364.43,6178.82,4,10.6678,33.0327,3,24,0,1,1,1,3364.43,6690.51,4,12.743
219462361,2,3363.19,20031.6,1,15.9844,53.5457,3,24,0,1,1,1,3363.19,18290.6,1,16.2815
219462361,3,3352.78,12785.9,8,28.3046,96.6683,3,24,0,1,1,1,3352.77,11805.2,8,27.4864
219462361,4,3355.68,19512.3,16,56.1412,208.63,3,24,0,1,1,1,3355.49,19471.2,4,36.7122
219462361,5,3353.8,24601.8,8,54.462,186.003,3,24,0,1,1,1,3353.8,24522.1,6,39.8991
219462361,6,3349.09,6137.27,8,13.5863,46.4012,3,24,0,1,1,1,3349.1,5547.82,8,12.4288
219462361,7,3364.23,2083.74,16,5.99539,22.2799,3,24,0,1,0,0,,,,5.11038
219462361,8,3355.61,9749.15,1,7.77941,26.0601,3,24,0,1,0,0,,,,
219462361,9,3353.1,9471.14,2,10.2718,35.8036,3,24,0,1,1,1,3353.09,9719.3,1.5,10.2538
219462361,10,3361.19,4140.52,24,21.4972,54.2213,3,24,0,1,1,1,3361.34,2139.98,24,12.856
219462361,11,3349.2,14845.9,8,32.8651,112.244,3,24,0,1,1,1,3349.2,13130.4,8,29.7638
219462361,12,3361.53,27887,1,22.2526,74.5436,3,24,0,1,1,1,3361.53,24726.9,1,21.8414
219462361,13,3345.79,10171.9,16,29.2669,108.761,3,24,0,1,1,1,3345.84,10875.3,8,26.275
219462361,14,3365.55,1555.34,16,4.47506,16.63,3,24,0,1,0,0,,,,4.20602
219462361,15,3354.76,1819.48,16,5.23506,19.4543,3,24,0,1,0,0,,,,3.84898
219462361,16,3364.14,9755.53,16,28.0689,104.309,3,24,0,1,1,1,3364.14,5763.13,24,24.7719
219462361,17,3362.61,21540,2,23.361,81.4273,3,24,0,1,1,1,3362.61,19762.7,2,23.4821
219462361,18,3340.12,8165.07,2,8.85535,30.8663,3,24,0,1,1,1,3340.12,7034.43,2,8.27623
219462361,19,3352.05,6209.98,8,13.7473,46.9509,3,24,0,1,1,1,3352.07,5427.1,8,12.6613
219741120,0,3363.55,11796.3,1,10.7146,10.9045,3,24,0,0,1,0,3363.54,9680.66,1,9.75387
219741120,1,3362.7,15791.3,1,14.3432,14.5975,3,24,0,0,1,0,3362.7,12698.8,1,12.7009
219741120,2,3348.48,5971.22,1,5.42366,5.51981,3,24,0,0,0,0,,,,6.46593
219741120,3,3362,3132.43,4,5.33692,5.79126,3,24,0,0,0,0,,,,5.85368
219741120,4,3347.8,48164,1,43.7474,44.523,3,24,0,0,1,1,3347.8,42494.7,1,42.7028
219741120,5,3354.25,8096.83,2,10.2031,10.585,3,24,0,0,1,0,3354.25,9417.24,1.5,11.7246
219741120,6,3349.53,6621.95,8,17.3752,17.3138,3,24,0,0,1,0,3349.52,6040.95,8,16.6115
219741120,7,3353.34,1339.74,16,6.28794,4.95383,3,24,0,0,0,0,,,,4.78859
219741120,8,3348.04,1292.31,8,3.39086,3.37889,3,24,0,0,0,0,,,,3.60881
219741120,9,3340.22,1404.84,16,6.59348,5.19455,3,24,0,0,1,1,3340.29,11594.6,12,50.9515
219741120,10,3347.19,50000,1,45.415,46.2202,3,24,0,0,1,1,3347.19,44875.2,1,45.019
219741120,11,3367,4378.76,4,7.46037,8.09549,3,24,0,0,0,0,,,,5.78723
219741120,12,3365.93,3016.5,2,3.80122,3.94349,3,24,0,0,0,0,,,,3.89437
219741120,13,3354.39,19076.7,1,17.3274,17.6346,3,24,0,0,1,0,3354.39,17413.3,1,17.4848
219741120,14,3360.97,1820.72,16,8.54538,6.73231,3,24,0,0,0,0,,,,5.91198
219741120,15,3352.41,5580.39,24,41.7907,25.2716,3,24,0,0,1,0,3352.42,5034.33,24,31.2756
219741120,16,3364.89,6674.59,1,6.06253,6.17001,3,24,0,0,0,0,,,,5.42258
219741120,17,3354.09,5016.56,1,4.55654,4.63732,3,24,0,0,0,0,,,,3.75419
219741120,18,3351.19,22060.8,1,20.0378,20.3931,3,24,0,0,1,0,3351.19,18967.7,1,19.094
219741120,19,3347.39,2223.01,16,10.4335,8.21985,3,24,0,0,1,0,3347.4,2110.92,16,9.71451
219743853,0,3365.8,10742.4,8,39.3033,42.4805,3,24,0,0,1,1,3365.81,10828.3,6,36.2482
219743853,1,3360.41,10165.9,2,17.8274,20.1005,3,24,0,0,0,0,,,,
219743853,2,3349.9,10636.6,4,28.2936,29.7425,3,24,0,0,1,1,3349.9,9901.44,4,28.0754
219743853,3,3364.34,2099.49,16,9.03067,11.7413,3,24,0,0,0,0,,,,5.48002
219743853,4,3347.87,8380.01,2,14.6955,16.5693,3,24,0,0,1,1,3347.88,8548.66,1.5,14.1228
219743853,5,3340.43,11146.8,8,40.7829,44.0797,3,24,0,0,1,1,3340.42,9920.98,8,39.5386
219743853,6,3347.25,6445.23,16,27.7233,36.0448,3,24,0,0,1,1,3347.23,6881.26,12,31.9056
219743853,7,3361.42,9322.86,24,47.9927,63.8557,3,24,0,0,1,1,3361.43,8831.01,24,46.6023
219743853,8,3361.1,5471.19,4,14.5535,15.2988,3,24,0,0,1,1,3361.11,5065.41,4,14.418
219743853,9,3364.39,3603.55,16,15.5002,20.1528,3,24,0,0,1,1,3364.39,3279.82,12,14.3889
219743853,10,3366.93,22265.7,1,28.0472,31.1301,3,24,0,0,1,1,3366.93,20308.3,1,28.1714
219743853,11,3348.17,12860.3,8,47.0522,50.8557,3,24,0,0,1,1,3348.18,12761.9,6,44.5154
219743853,12,3346.45,3409.71,16,14.6664,19.0688,3,24,0,0,1,1,3346.65,2604.55,6,9.27346
219743853,13,3367.18,3963.06,8,14.4997,15.6718,3,24,0,0,1,1,3367.16,4276.54,6,14.9654
219743853,14,3367.32,1962.71,8,7.18101,7.7615,3,24,0,0,0,0,,,,4.24084
219743853,15,3361.93,17801.8,2,31.218,35.1985,3,24,0,0,1,1,3361.93,16601.1,2,32.1238
219743853,16,3354.33,4342.92,24,22.3567,29.7462,3,24,0,0,1,1,3354.17,4271.11,12,20.6856
219743853,17,3366.07,4108.86,2,7.20545,8.1242,3,24,0,0,0,0,,,,6.7849
219743853,18,3361.37,6159.64,8,22.5364,24.3582,3,24,0,0,1,1,3361.36,6513.15,6,22.1502
219743853,19,3350.5,37987,1,47.8508,53.1104,3,24,0,0,1,1,3350.49,32579.1,1,45.5673
219751333,0,3358.52,4294.36,8,23.9617,32.6955,3,24,0,0,1,1,3358.53,3799.96,8,22.779
219751333,1,3346.14,1922.15,1,4.63957,5.17406,3,24,0,0,0,0,,,,3.49437
219751333,2,3359.8,8959.01,2,28.8423,34.1051,3,24,0,0,1,1,3359.81,9447.17,1.5,30.101
219751333,3,3350.64,1179.54,8,6.58159,8.98052,3,24,0,0,0,0,,,,5.43681
219751333,4,3357.51,9250.73,4,37.195,49.8024,3,24,0,0,1,1,3357.51,9386.82,3,37.9381
219751333,5,3360.98,832.65,16,4.70269,8.96534,3,24,0,0,0,0,,,,2.98291
219751333,6,3350.29,3137.16,1,7.57229,8.44464,3,24,0,0,1,1,3350.29,2974.61,1,7.92588
219751333,7,3356.24,2238.1,16,12.6405,24.0982,3,24,0,0,1,1,3356.22,1801.97,12,11.8586
219751333,8,3351.47,2870.97,8,16.0194,21.8583,3,24,0,0,1,1,3351.48,3018.11,6,15.8121
219751333,9,3351.15,4124.51,1,9.95548,11.1024,3,24,0,0,1,1,3351.15,3741.96,1,9.97358
219751333,10,3340.59,16138.1,2,51.9544,61.4344,3,24,0,0,1,1,3340.59,14419,2,50.91
219751333,11,3339.97,1741.86,1,4.20439,4.68875,3,24,0,0,0,0,,,,4.0967
219751333,12,3367.06,4312.1,1,10.4083,11.6074,3,24,0,0,1,1,3367.06,4097.55,1,10.921
219751333,13,3354.02,2414.3,4,9.70734,12.9977,3,24,0,0,1,1,3354.04,2438.51,3,9.92837
219751333,14,3343.34,6218.74,16,35.1226,66.9586,3,24,0,0,1,1,3343.37,7051.94,8,46.602
219751333,15,3351.48,2377.28,4,9.55849,12.7984,3,24,0,0,1,1,3351.49,2630.57,3,10.5724
219751333,16,3361.52,742.322,24,4.86789,9.78909,3,24,0,0,0,0,,,,3.65861
219751333,17,3354.46,1147.61,4,4.61424,6.17827,3,24,0,0,0,0,,,,4.23488
219751333,18,3358.88,8278.21,24,54.2856,109.166,3,24,0,0,1,1,3358.88,7298.45,24,57.2121
219751333,19,3352.22,2979.5,16,16.8278,32.0809,3,24,0,0,1,1,3352.25,3269.27,12,19.9763
219796227,0,3344.8,953.966,4,3.26085,3.52131,3,24,0,0,0,0,,,,5.91523
219796227,1,3352.92,7838.93,16,39.2422,57.8707,3,24,0,0,1,1,3352.93,7992.8,12,38.5698
219796227,2,3345.14,1938.8,2,4.90049,5.06045,3,24,0,0,0,0,,,,6.44342
219796227,3,3349.67,2912.31,1,5.35979,5.37501,3,24,0,0,0,0,,,,4.44756
219796227,4,3341.04,16655.8,1,30.6532,30.7403,3,24,0,0,1,1,3341.04,13409.5,1,27.3538
219796227,5,3359.8,9630.68,4,32.9197,35.5491,3,24,0,0,1,1,3359.8,8229.81,4,31.2205
219796227,6,3345.41,10337.8,24,59.7028,93.4704,3,24,0,0,1,1,3345.4,9252.69,24,53.0993
219796227,7,3359.47,2222.04,4,7.5954,8.20208,3,24,0,0,1,1,3359.47,2215.33,4,8.39438
219796227,8,3348.77,8207.53,8,32.3243,42.8449,3,24,0,0,1,1,3348.76,8128.48,6,33.4243
219796227,9,3358.59,20838.4,2,52.671,54.3903,3,24,0,0,1,1,3358.59,18903.1,2,53.0985
219796227,10,3360.6,1269.43,8,4.99949,6.62668,3,24,0,0,0,0,,,,4.33896
219796227,11,3357.74,2301.93,2,5.81834,6.00827,3,24,0,0,0,0,,,,4.69037
219796227,12,3354.57,5874.48,8,23.1358,30.6659,3,24,0,0,1,1,3354.56,5857.31,6,23.9762
219796227,13,3363.91,2885.82,8,11.3654,15.0645,3,24,0,0,1,1,3363.91,3134.69,6,12.7266
219796227,14,3362.76,9906.85,1,18.2325,18.2842,3,24,0,0,1,1,3362.76,8264.31,1,16.9048
219796227,15,3357.64,11437.9,4,39.0971,42.22,3,24,0,0,1,1,3357.67,10498.3,2,29.2747
219796227,16,3361.29,10236.6,16,51.2448,75.5711,3,24,0,0,1,1,3361.28,10490.2,12,49.304
219796227,17,3362.63,3067.87,4,10.4866,11.3242,3,24,0,0,1,1,3362.65,3314.99,3,10.7794
219796227,18,3349.85,5298.11,1,9.75059,9.77828,3,24,0,0,1,1,3349.85,4051.5,1,8.25348
219796227,19,3350.52,3351.55,1,6.16816,6.18568,3,24,0,0,1,1,3350.53,3720.76,1,7.60754
219809968,0,3355.99,2551.49,1,6.04061,9.0441,3,24,0,0,0,0,,,,6.53435
219809968,1,3360.77,5790.31,16,20.9498,82.0981,3,24,0,0,1,1,3360.76,5223.64,12,19.6936
219809968,2,3357.74,9337.81,24,43.2028,162.152,3,24,0,0,1,1,3357.55,8341.99,24,36.0225
219809968,3,3354.9,11497.9,16,41.6004,163.024,3,24,0,0,1,1,3354.88,11427.1,12,40.3789
219809968,4,3366.08,5199.46,1,12.3096,18.4302,3,24,0,0,1,1,3366.08,4512.18,1,11.8249
219809968,5,3343.8,6760.67,4,19.0137,47.9282,3,24,0,0,1,1,3343.8,6681.42,3,20.0282
219809968,6,3343.69,1710.66,1,4.04995,6.06366,3,24,0,0,0,0,,,,4.5092
219809968,7,3361.74,3850.61,4,10.8294,27.298,3,24,0,0,1,1,3361.74,4689.44,3,14.6952
219809968,8,3359.16,1056.42,16,3.8222,14.9784,3,24,0,0,0,0,,,,4.79435
219809968,9,3352.86,4802.47,24,22.2194,83.3954,3,24,0,0,1,1,3352.84,4262.19,24,20.9261
219809968,10,3340.04,1071.97,16,3.87847,15.199,3,24,0,0,0,0,,,,2.43362
219809968,11,3364.49,2213.43,16,8.00835,31.3832,3,24,0,0,1,1,3364.52,2457.76,16,10.13
219809968,12,3344.96,8711.1,16,31.5174,123.511,3,24,0,0,1,1,3344.99,8748.48,12,29.1781
219809968,13,3358.41,8615.64,1,20.3974,30.5393,3,24,0,0,1,1,3358.42,7429.33,1,19.4789
219809968,14,3344.33,18307.5,1,43.3427,64.8935,3,24,0,0,1,1,3344.33,16161.5,1,42.4474
219809968,15,3353.97,2344.36,8,7.03816,23.504,3,24,0,0,1,1,3353.98,3031.11,1.5,8.69793
219809968,16,3343.2,2395.97,2,6.3882,12.0107,3,24,0,0,0,0,,,,
219809968,17,3365.49,6699.99,2,17.8637,33.5862,3,24,0,0,1,1,3365.49,6393.25,1.5,18.5774
219809968,18,3363.44,7078.53,8,21.2509,70.9675,3,24,0,0,1,1,3363.45,6584.25,6,21.9602
219809968,19,3345.24,6768.35,4,19.0353,47.9827,3,24,0,0,1,1,3345.23,6828.58,3,20.5115
219814681,0,3352.09,1804.21,4,4.02318,4.6709,3,24,0,0,0,0,,,,3.53046
219814681,1,3349.31,1653.11,24,8.14261,10.4831,3,24,0,0,0,0,,,,5.18587
219814681,2,3367.19,6274.04,4,13.9903,16.2427,3,24,0,0,1,1,3367.2,6325.77,3,13.83
219814681,3,3363.72,19986.5,8,53.7568,73.1753,3,24,0,0,1,1,3363.71,20348.4,6,57.9741
219814681,4,3358.58,1080.42,24,5.32176,6.85144,3,24,0,0,0,0,,,,3.57143
219814681,5,3340.59,3240.32,8,8.71533,11.8636,3,24,0,0,1,1,3340.6,3385.6,6,9.25197
219814681,6,3348.56,1462.02,24,7.20135,9.2713,3,24,0,0,0,0,,,,4.61082
219814681,7,3353.55,7239.33,1,8.78516,9.37089,3,24,0,0,0,0,,,,1.06084
219814681,8,3352.28,6599.13,2,10.9067,12.0805,3,24,0,0,1,1,3352.28,7350.54,1.5,12.1315
219814681,9,3355.32,17028.4,4,37.9712,44.0845,3,24,0,0,1,1,3355.31,17201.3,3,37.3158
219814681,10,3360.38,5051.19,4,11.2635,13.0769,3,24,0,0,1,1,3360.37,3182.03,6,7.19501
219814681,11,3358.05,24146.2,2,39.9074,44.2024,3,24,0,0,1,1,3358.05,24741.7,1.5,41.0215
219814681,12,3358.98,15929.5,4,35.5208,41.2396,3,24,0,0,1,1,3358.98,15372.8,3,33.9654
219814681,13,3355.63,11920,4,26.5801,30.8594,3,24,0,0,1,1,3355.63,11295.8,3,24.7313
219814681,14,3341.64,14622.2,8,39.3287,53.5354,3,24,0,0,1,1,3341.6,13623.9,6,38.4636
219814681,15,3345.26,7906.69,16,27.9468,40.939,3,24,0,0,1,1,3345.26,7437.62,16,29.0783
219814681,16,3341.18,9128.97,24,44.9659,57.8908,3,24,0,0,1,1,3341.1,9700.14,16,37.2914
219814681,17,3365.44,1985.56,8,5.34048,7.26961,3,24,0,0,0,0,,,,4.35346
219814681,18,3359.28,9575.64,24,47.166,60.7234,3,24,0,0,1,1,3359.26,8625.96,24,35.5335
219814681,19,3340.19,1102.1,24,5.42855,6.98893,3,24,0,0,0,0,,,,3.21063
229402137,0,3347.1,12927.7,24,29.1358,117.59,3,24,0,0,1,1,3347.09,11784.3,24,25.7349
229402137,1,3353.4,2939.3,24,6.62444,26.7359,3,24,0,0,0,0,,,,2.64186
229402137,2,3359.79,12705.1,16,23.527,94.3593,3,24,0,0,1,1,3359.96,11581.6,12,20.0056
229402137,3,3363.53,9876.64,1,11.1676,18.3381,3,24,0,0,1,1,3363.53,9549.01,1,11.894
229402137,4,3354.89,41443.4,4,55.2154,153.897,3,24,0,0,1,1,3354.89,41407.3,3,58.4916
229402137,5,3346,1919.15,16,3.55382,14.2532,3,24,0,0,0,0,,,,4.83823
229402137,6,3366.86,12454.7,8,19.4686,65.4067,3,24,0,0,1,1,3366.85,11988.4,6,18.6922
229402137,7,3354.6,6085.44,1,6.88085,11.2989,3,24,0,0,1,1,3354.6,6885.9,1,8.65849
229402137,8,3348.53,8661.27,2,10.5495,22.7427,3,24,0,0,1,1,3348.55,7823.86,1,9.84482
229402137,9,3353.06,8794.77,4,11.7173,32.6587,3,24,0,0,1,1,3353.05,8029.69,3,11.4593
229402137,10,3340.49,4079.78,16,7.55481,30.3,3,24,0,0,0,0,,,,3.94973
229402137,11,3365.56,13428.2,4,17.8905,49.8647,3,24,0,0,1,1,3365.56,12931.9,3,18.2114
229402137,12,3340.12,38336,1,43.3468,71.1791,3,24,0,0,1,1,3340.12,32920.9,1,40.9322
229402137,13,3361.91,13906.8,8,21.7386,73.0328,3,24,0,0,1,1,3361.91,14137,6,21.1719
229402137,14,3347.59,10726.1,24,24.1739,97.5644,3,24,0,0,1,1,3347.59,8679.79,24,20.3306
229402137,15,3366.57,21113.4,1,23.8731,39.2017,3,24,0,0,1,1,3366.57,19292.2,1,23.878
229402137,16,3349.95,20539.2,1,23.2238,38.1354,3,24,0,0,1,1,3349.95,17686.9,1,22.0405
229402137,17,3353.42,17308.6,4,23.0604,64.2744,3,24,0,0,1,1,3353.4,14247.4,1.5,18.6745
229402137,18,3366.29,7055.48,24,15.9013,64.1767,3,24,0,0,1,1,3366.31,6789.53,24,13.9704
229402137,19,3340.02,16578.1,24,37.3629,150.794,3,24,0,0,1,1,3340.12,16003.4,8,26.1672
229404898,0,3356.87,1397.57,2,8.79912,16.7207,3,24,0,0,1,1,3356.88,1400.92,1,8.62825
229404898,1,3348.72,635.165,4,4.47338,10.7469,3,24,0,0,0,0,,,,4.30837
229404898,2,3340.63,1800.82,8,13.8936,43.0906,3,24,0,0,1,1,3340.6,1470.81,6,11.9285
229404898,3,3351.57,1184.98,2,7.4607,14.1773,3,24,0,0,1,1,3351.59,1356.58,1,8.36889
229404898,4,3349.03,1982.41,1,10.9969,16.7711,3,24,0,0,1,1,3349.03,1876.42,1,11.5544
229404898,5,3363.38,565.141,8,4.36015,13.5229,3,24,0,0,0,0,,,,6.30875
229404898,6,3344.26,700.477,1,3.8857,5.92599,3,24,0,0,0,0,,,,3.15653
229404898,7,3364.57,7690.2,1,42.6592,65.0585,3,24,0,0,1,1,3364.56,6658.96,1,40.7589
229404898,8,3351.23,2710.8,8,20.9143,64.8649,3,24,0,0,1,1,3351.22,2518.46,6,20.2743
229404898,9,3360.98,4976.53,4,35.049,84.2022,3,24,0,0,1,1,3360.99,5006.44,3,36.0172
229404898,10,3363.61,1438.13,16,12.0534,48.6658,3,24,0,0,1,1,3363.42,1075.18,24,14.6679
229404898,11,3341.45,1867.12,2,11.7554,22.3384,3,24,0,0,1,1,3341.44,2000.53,1.5,13.2978
229404898,12,3362.54,3226.25,8,24.891,77.1986,3,24,0,0,1,1,3362.55,3212.59,6,25.7388
229404898,13,3346.66,6800.49,16,56.9973,230.127,3,24,0,0,1,1,3346.65,6653.35,12,57.98
229404898,14,3349.37,4665.98,8,35.9988,111.649,3,24,0,0,1,1,3349.38,4894.98,6,40.2153
229404898,15,3352.38,1312.17,2,8.26146,15.699,3,24,0,0,1,1,3352.38,1158.83,1.5,7.70237
229404898,16,3367.01,4239.27,4,29.8566,71.7278,3,24,0,0,1,1,3367,4374.09,3,31.7038
229404898,17,3360.66,6902.95,8,53.2573,165.176,3,24,0,0,1,1,3360.66,6964.78,6,56.9365
229404898,18,3356.16,9662.84,1,53.6018,81.7469,3,24,0,0,1,1,3356.16,8498.17,1,52.5601
229404898,19,3354.34,2462.78,4,17.345,41.6699,3,24,0,0,1,1,3354.34,2343.98,3,17.4939
229411482,0,3351.47,1302.26,8,5.65672,15.2395,3,24,0,0,0,0,,,,5.79495
229411482,1,3352.6,1608.68,8,6.98774,18.8253,3,24,0,0,0,0,,,,6.2241
229411482,2,3364.92,9066.02,24,43.8774,183.76,3,24,0,0,1,1,3364.81,9676.42,6,44.2317
229411482,3,3339.95,4130.1,4,17.7617,34.1758,3,24,0,0,1,1,3339.98,4057.14,2,15.7382
229411482,4,3363.96,2755.61,16,11.4067,45.6043,3,24,0,0,1,1,3363.85,2171.32,6,10.9044
229411482,5,3361.38,2028.94,24,9.81957,41.1247,3,24,0,0,0,0,,,,6.62347
229411482,6,3352.6,2172.49,4,9.34287,17.9769,3,24,0,0,1,1,3352.6,1898.85,3,8.23545
229411482,7,3346.04,2322.81,2,8.21942,13.5912,3,24,0,0,1,1,3346.02,2190.96,1,7.36725
229411482,8,3361.81,8793.11,2,31.115,51.45,3,24,0,0,1,1,3361.81,8772.8,1.5,32.3364
229411482,9,3347.56,3417.01,4,14.695,28.2751,3,24,0,0,1,1,3347.56,3409.61,3,14.5861
229411482,10,3340.62,1492.58,4,6.41891,12.3508,3,24,0,0,0,0,,,,6.23841
229411482,11,3351.71,7646.42,2,27.0573,44.7405,3,24,0,0,1,1,3351.71,7720.9,1.5,28.3267
229411482,12,3340.21,3375.37,1,10.1525,13.9653,3,24,0,0,1,1,3340.21,3237.91,1,10.7512
229411482,13,3361.58,2397.52,8,10.4143,28.0566,3,24,0,0,1,1,3361.56,2055.23,6,10.0992
229411482,14,3346.82,15465.5,2,54.7257,90.4914,3,24,0,0,1,1,3346.83,15270.6,1.5,56.7219
229411482,15,3364.35,7408.12,24,35.8535,150.156,3,24,0,0,1,1,3364.36,6368.52,24,34.3883
229411482,16,3354.37,1572.29,8,6.82967,18.3994,3,24,0,0,0,0,,,,5.92815
229411482,17,3359.91,1399.22,1,4.2086,5.78915,3,24,0,0,0,0,,,,4.91072
229411482,18,3344.92,1532.4,8,6.65643,17.9327,3,24,0,0,0,0,,,,4.23347
229411482,19,3348.91,1925.17,4,8.27926,15.9304,3,24,0,0,1,1,3348.92,1946.92,3,8.20295
229487838,0,3354.2,818.037,24,3.9911,30.1343,3,24,0,0,0,0,,,,2.40562
229487838,1,3355.23,7187.07,16,27.4534,216.17,3,24,0,0,1,1,3355.2,7502.61,12,28.9153
229487838,2,3359.2,2014.98,4,6.4289,30.3028,3,24,0,0,0,0,,,,5.32556
229487838,3,3342.77,730.542,24,3.56422,26.9113,3,24,0,0,0,0,,,,3.62953
229487838,4,3352.4,7437.9,8,25.3776,158.19,3,24,0,0,1,1,3352.39,7724.74,6,27.4338
229487838,5,3342.03,1423.49,4,4.54171,21.4075,3,24,0,0,0,0,,,,5.88619
229487838,6,3344.28,1677.27,16,6.40691,50.4483,3,24,0,0,0,0,,,,6.5212
229487838,7,3344.37,1399.51,4,4.4652,21.0469,3,24,0,0,0,0,,,,6.33573
229487838,8,3341.39,2526.73,2,7.85586,26.8693,3,24,0,0,1,1,3341.4,2446.19,1.5,8.26868
229487838,9,3364.72,3640.46,2,11.3186,38.7128,3,24,0,0,1,1,3364.72,4096.99,1.5,14.1195
229487838,10,3352.4,13420.6,16,51.2643,403.658,3,24,0,0,1,1,3352.42,13663,12,52.3336
229487838,11,3351.39,3465.72,8,11.8248,73.7091,3,24,0,0,1,1,3351.4,3692.41,6,13.0885
229487838,12,3352.68,4200.87,4,13.4031,63.1761,3,24,0,0,1,1,3352.65,4279.36,1,14.3389
229487838,13,3366,2280.15,1,6.95645,17.1453,3,24,0,0,0,0,,,,6.1958
229487838,14,3342.08,7946.09,16,30.3527,238.999,3,24,0,0,1,1,3342.06,8098.02,12,31.253
229487838,15,3365.45,5957.96,2,18.5239,63.3571,3,24,0,0,1,1,3365.44,5814.08,1,19.6539
229487838,16,3353.5,872.795,24,4.25826,32.1515,3,24,0,0,0,0,,,,3.19088
229487838,17,3343.4,16731.4,1,51.0455,125.81,3,24,0,0,1,1,3343.4,14911.6,1,50.0918
229487838,18,3364.93,2319.66,24,11.3173,85.4503,3,24,0,0,1,1,3364.92,2776.91,24,15.6472
229487838,19,3354.25,6184.29,1,18.8675,46.5021,3,24,0,0,1,1,3354.25,5086.23,1,17.2745
229582778,0,3354.11,34828.2,2,30.8199,159.798,3,24,0,1,1,1,3354.11,35207,1.5,33.8594
229582778,1,3346.67,10276.1,4,10.0177,66.6778,3,24,0,1,1,1,3346.67,10562.6,3,10.7069
229582778,2,3344.43,30108.7,1,25.9404,97.6826,3,24,0,1,1,1,3344.43,26664.7,1,25.3981
229582778,3,3341.95,17494.5,16,35.5618,227.032,3,24,0,1,1,1,3341.97,17462,12,34.1725
229582778,4,3361.07,19920.8,8,28.8574,182.801,3,24,0,1,1,1,3361.06,18833.1,8,30.1714
229582778,5,3364.21,50000,1,43.0779,162.216,3,24,0,1,1,1,3364.21,42197.7,1,40.4846
229582778,6,3364.33,27741.2,1,23.9006,90.0014,3,24,0,1,1,1,3364.33,24873.9,1,23.6122
229582778,7,3366.87,26822.8,2,23.7359,123.068,3,24,0,1,1,1,3366.87,26264.5,1.5,25.3359
229582778,8,3359.44,10750.7,1,9.26237,34.8789,3,24,0,1,1,1,3359.44,9456.3,1,9.01534
229582778,9,3341.59,6324.95,8,9.16233,58.0399,3,24,0,1,1,1,3341.59,4997.69,8,7.81508
229582778,10,3364.1,2401.02,24,7.08867,38.1615,3,24,0,1,0,0,,,,4.5499
229582778,11,3355.94,18275.1,16,37.1485,237.162,3,24,0,1,1,1,3355.92,18143.5,12,35.7373
229582778,12,3360.07,2417.98,24,7.13874,38.4311,3,24,0,1,0,0,,,,5.05155
229582778,13,3350.89,4111.04,8,5.95525,37.7243,3,24,0,1,0,0,,,,4.36547
229582778,14,3364.91,17356,4,16.9196,112.617,3,24,0,1,1,1,3364.92,17461.6,3,17.5625
229582778,15,3367.33,13766.7,1,11.8608,44.6636,3,24,0,1,1,1,3367.33,11688.3,1,11.1628
229582778,16,3346.45,12017.6,1,10.3539,38.9891,3,24,0,1,0,0,,,,3.65614
229582778,17,3348.55,50000,4,48.7428,324.433,3,24,0,1,1,1,3348.54,49452.3,3,49.6501
229582778,18,3350.24,1782.67,24,5.26308,28.3335,3,24,0,1,0,0,,,,3.98211
229582778,19,3347.56,3451.17,16,7.01531,44.7869,3,24,0,1,0,0,,,,4.7127
229714508,0,3355.26,837.028,1,3.07834,3.37013,3,24,0,0,0,0,,,,3.68965
229714508,1,3351.69,515.043,24,9.5819,10.1591,3,24,0,0,0,0,,,,5.71415
229714508,2,3348.93,2075.32,1,7.63241,8.35588,3,24,0,0,1,1,3348.92,1856.27,1,7.56175
229714508,3,3347.91,4069.67,1,14.967,16.3857,3,24,0,0,1,1,3347.9,3718.08,1,15.1399
229714508,4,3345.47,893.873,2,4.46277,5.08976,3,24,0,0,0,0,,,,4.56918
229714508,5,3354.81,3550.81,2,17.7279,20.2185,3,24,0,0,1,1,3354.81,3164.8,2,17.4589
229714508,6,3345.43,5508.11,2,27.4999,31.3635,3,24,0,0,1,1,3345.43,4868.23,2,26.8326
229714508,7,3366.88,3909.56,2,19.519,22.2613,3,24,0,0,1,1,3366.88,3367.55,2,18.5382
229714508,8,3360.99,984.683,2,4.91616,5.60684,3,24,0,0,0,0,,,,6.68977
229714508,9,3357.95,2264.73,8,21.487,25.791,3,24,0,0,1,1,3357.97,2049.24,8,20.7794
229714508,10,3343.88,406.096,16,5.53461,6.54026,3,24,0,0,0,0,,,,3.99073
229714508,11,3361.21,3947.84,4,25.6079,31.7904,3,24,0,0,1,1,3361.2,3537.99,4,25.3588
229714508,12,3353.12,3381.15,4,21.932,27.2271,3,24,0,0,1,1,3353.11,2885.65,4,20.6908
229714508,13,3347.08,235.407,24,4.37953,4.64335,3,24,0,0,0,0,,,,2.92784
229714508,14,3344.88,4732.73,1,17.4056,19.0554,3,24,0,0,1,1,3344.88,4319.21,1,17.5627
229714508,15,3342.08,247.723,24,4.60865,4.88628,3,24,0,0,0,0,,,,3.75747
229714508,16,3357.23,724.588,24,13.4803,14.2924,3,24,0,0,1,1,3357.19,630.173,24,11.8156
229714508,17,3352.4,3957.51,8,37.5475,45.0686,3,24,0,0,1,1,3352.4,3572.87,8,35.6942
229714508,18,3340.59,1907.75,8,18.1001,21.7256,3,24,0,0,1,1,3340.58,1763.63,8,17.5716
229714508,19,3344.63,1669.89,4,10.8319,13.447,3,24,0,0,1,1,3344.64,1758.05,4,12.8558
230027370,0,3362.31,5184.26,16,40.0138,67.7454,3,24,0,0,1,1,3362.3,5227.15,12,42.58
230027370,1,3350.45,525.276,8,3.52591,4.85362,3,24,0,0,0,0,,,,3.66241
230027370,2,3366.03,554.689,24,5.61376,8.87744,3,24,0,0,0,0,,,,4.70454
230027370,3,3350.39,4052.38,24,41.0124,64.8558,3,24,0,0,1,1,3350.37,3706.51,24,30.1275
230027370,4,3353.1,1383.8,2,5.58988,6.39324,3,24,0,0,0,0,,,,6.62547
230027370,5,3364.93,3326.52,4,16.7524,21.7347,3,24,0,0,1,1,3364.94,2945.76,3,15.1589
230027370,6,3347.32,2457.5,8,16.4959,22.7076,3,24,0,0,1,1,3347.32,2583.96,6,16.5334
230027370,7,3346.65,4072.98,8,27.3398,37.6349,3,24,0,0,1,1,3346.65,4005.65,6,26.116
230027370,8,3361.3,1658.97,16,12.8045,21.6787,3,24,0,0,1,1,3361.33,1560.66,12,12.5491
230027370,9,3348.56,435.26,24,4.40508,6.96606,3,24,0,0,0,0,,,,2.96235
230027370,10,3347.59,2960.77,1,8.54559,9.67246,3,24,0,0,1,1,3347.58,2811.53,1,9.00121
230027370,11,3363.05,653.022,4,3.28863,4.26669,3,24,0,0,0,0,,,,4.06722
230027370,12,3352.28,902.362,4,4.54431,5.89582,3,24,0,0,0,0,,,,4.97626
230027370,13,3365.68,5618.61,8,37.7148,51.9167,3,24,0,0,1,1,3365.69,5193.59,8,36.4822
230027370,14,3365.88,1672.69,4,8.42368,10.9289,3,24,0,0,1,1,3365.87,2071.49,3,10.5101
230027370,15,3340.54,5865.05,24,59.3576,93.8665,3,24,0,0,1,1,3340.6,5892.28,16,48.2721
230027370,16,3349.43,2475.36,2,9.99926,11.4363,3,24,0,0,1,1,3349.42,2350.2,2,10.4008
230027370,17,3349.25,1476.86,4,7.4375,9.64947,3,24,0,0,0,0,,,,6.90422
230027370,18,3362.07,1733.53,4,8.73007,11.3265,3,24,0,0,1,1,3362.07,1856.39,4,10.3963
230027370,19,3352.16,691.574,8,4.64218,6.39024,3,24,0,0,0,0,,,,3.36432
230071379,0,3366.97,1156.29,24,21.9639,26.9918,3,24,0,0,1,1,3366.97,1159.81,12,15.9977
230071379,1,3347.35,10422.7,2,55.8917,70.2352,3,24,0,0,1,1,3347.36,10349.8,1.5,56.1031
230071379,2,3354.26,9889.32,2,53.0313,66.6408,3,24,0,0,1,1,3354.26,9993.83,1.5,53.9286
230071379,3,3349.9,1267.94,24,24.0847,29.5981,3,24,0,0,1,1,3349.93,1137.68,24,17.8101
230071379,4,3346.66,1219.05,2,6.53714,8.21477,3,24,0,0,1,1,3346.66,1725.66,1.5,9.37351
230071379,5,3363.87,169.057,24,3.21127,3.94638,3,24,0,0,0,0,,,,3.02852
230071379,6,3352.5,3158.41,1,13.0595,15.0497,3,24,0,0,1,1,3352.5,2880.96,1,13.1251
230071379,7,3347.76,3145.85,24,59.7558,73.4349,3,24,0,0,1,1,3347.75,2813.28,24,57.5866
230071379,8,3367.2,1115.81,1,4.61368,5.31677,3,24,0,0,0,0,,,,5.08194
230071379,9,3352.31,2062.99,2,11.0628,13.9018,3,24,0,0,1,1,3352.31,1692.54,1.5,9.05255
230071379,10,3365.21,284.642,16,3.97209,5.42523,3,24,0,0,0,0,,,,3.92721
230071379,11,3351,491.437,4,3.70513,4.68335,3,24,0,0,0,0,,,,3.89456
230071379,12,3354.8,536.328,24,10.1876,12.5197,3,24,0,0,0,0,,,,3.00278
230071379,13,3340.08,8697.36,2,46.6395,58.6086,3,24,0,0,1,1,3340.08,8338.03,1.5,44.8275
230071379,14,3366.18,10474,2,56.1669,70.581,3,24,0,0,1,1,3366.18,10589.6,1.5,56.5291
230071379,15,3366.46,945.619,16,13.1958,18.0233,3,24,0,0,1,1,3366.4,935.293,12,12.4977
230071379,16,3347.48,3788.57,2,20.3162,25.5299,3,24,0,0,1,1,3347.48,3792.39,1.5,20.2169
230071379,17,3366.04,2753.77,16,38.4279,52.4863,3,24,0,0,1,1,3366.06,2726.37,12,36.5306
230071379,18,3352.79,587.541,16,8.19894,11.1984,3,24,0,0,0,0,,,,4.92384
230071379,19,3365.8,971.866,2,5.21162,6.54908,3,24,0,0,0,0,,,,3.45244
232621474,0,3354.18,8385.51,24,55.2606,53.9807,3,24,0,0,1,1,3354.12,8435.55,24,51.2269
232621474,1,3354.76,15674.6,2,26.9491,29.1284,3,24,0,0,1,1,3354.76,15398.5,1.5,26.8798
232621474,2,3346.67,2015.06,8,6.74653,7.48924,3,24,0,0,0,0,,,,6.67411
232621474,3,3349.56,11617.1,8,38.8946,43.1763,3,24,0,0,1,1,3349.56,10703.7,8,37.8115
232621474,4,3353.55,3720.97,2,6.39739,6.91472,3,24,0,0,0,0,,,,2.74949
232621474,5,3367.25,24191.7,4,58.8067,63.577,3,24,0,0,1,1,3367.25,22041.4,4,58.7244
232621474,6,3340.26,1772.56,16,9.52132,9.31675,3,24,0,0,0,0,,,,3.39726
232621474,7,3352.83,1604.32,16,8.61762,8.43247,3,24,0,0,0,0,,,,4.4166
232621474,8,3358.52,4305.53,16,23.1272,22.6303,3,24,0,0,1,1,3358.53,3809.46,16,20.021
232621474,9,3344.98,3760.68,1,4.84784,4.94163,3,24,0,0,0,0,,,,5.46135
232621474,10,3346.15,853.843,16,4.58642,4.48788,3,24,0,0,0,0,,,,3.40813
232621474,11,3351.03,3693.2,8,12.365,13.7262,3,24,0,0,1,1,3351.02,3341.26,8,11.5011
232621474,12,3341.36,8429.7,1,10.8666,11.0768,3,24,0,0,0,0,,,,
232621474,13,3351,8048.4,8,26.9464,29.9129,3,24,0,0,1,1,3351,7298.16,8,25.1491
232621474,14,3351.16,3876.61,16,20.8233,20.3759,3,24,0,0,1,1,3351.16,3586.56,16,18.8544
232621474,15,3362.44,7012.03,16,37.6652,36.8559,3,24,0,0,1,1,3362.43,6775.77,16,41.9146
232621474,16,3356.48,8124.48,8,27.2012,30.1956,3,24,0,0,0,0,,,,22.8946
232621474,17,3347.88,8121.24,4,19.7416,21.343,3,24,0,0,1,1,3347.88,7559.4,4,19.9217
232621474,18,3347.89,2412.78,16,12.9603,12.6818,3,24,0,0,1,1,3347.84,2420.56,16,13.4765
232621474,19,3360.89,6318.68,24,41.6402,40.6758,3,24,0,0,1,1,3360.88,5477.93,24,36.2414
232622805,0,3349.59,14551.3,1,16.047,53.3249,2,16,1,0,1,1,3349.59,13549.1,1,16.6917
232622805,1,3367.34,21369.2,24,39.5545,383.638,2,16,1,0,1,1,3366.99,19805.3,3,26.3727
232622805,2,3353.07,4451.04,2,5.07675,23.0678,2,16,1,0,0,0,,,,6.11066
232622805,3,3359.87,12655.6,2,14.4347,65.5882,2,16,1,0,1,1,3359.87,12691.7,1.5,15.5842
232622805,4,3341.01,28359.7,4,32.4884,207.855,2,16,1,0,1,1,3341.01,31453,3,40.7906
232622805,5,3365.96,1954.33,24,3.61747,35.0858,2,16,1,0,0,0,,,,2.73559
232622805,6,3366.44,11663.3,16,17.7139,170.966,2,16,1,0,1,1,3366.44,12895.3,16,20.1563
232622805,7,3344.49,5303.87,4,6.07602,38.8733,2,16,1,0,0,0,,,,5.40358
232622805,8,3340.83,22062.7,1,24.3304,80.8513,2,16,1,0,1,1,3340.83,21339.7,1,26.2251
232622805,9,3366.58,6722.13,16,10.2094,98.5362,2,16,1,0,1,1,3366.58,7861.35,16,12.311
232622805,10,3348.23,39524.1,1,43.5866,144.841,2,16,1,0,1,1,3348.23,34854.5,1,42.4914
232622805,11,3345.69,15483.1,16,23.5154,226.959,2,16,1,0,1,1,3345.65,15370.3,12,21.7336
232622805,12,3347.01,3422.96,16,5.19871,50.1753,2,16,1,0,0,0,,,,6.30058
232622805,13,3349.44,3248.1,1,3.58196,11.903,2,16,1,0,0,0,,,,5.2509
232622805,14,3350.83,4795.85,24,8.87716,86.0994,2,16,1,0,0,0,,,,3.05806
232622805,15,3362.29,14297.2,4,16.3786,104.787,2,16,1,0,1,1,3362.3,12713.2,3,16.4958
232622805,16,3364.21,7303.59,1,8.0543,26.7649,2,16,1,0,1,1,3364.21,6336.34,1,7.69345
232622805,17,3348.38,6003.12,16,9.1174,87.9966,2,16,1,0,0,0,,,,5.50833
232622805,18,3364.23,3034.34,8,3.58956,31.4512,2,16,1,0,0,0,,,,3.09742
232622805,19,3354.92,5715.35,16,8.68034,83.7782,2,16,1,0,0,0,,,,6.01305
232966688,0,3347.82,16085.2,4,28.9922,33.2518,3,24,0,0,1,1,3347.83,16412.7,3,28.973
232966688,1,3360.81,6730.18,1,6.62197,6.95641,3,24,0,0,0,0,,,,5.57315
232966688,2,3352.69,30250.1,2,41.386,44.2181,3,24,0,0,1,1,3352.69,26955.4,2,40.4443
232966688,3,3348.82,14259.2,16,43.4343,58.9539,3,24,0,0,1,1,3348.83,11985,16,39.2011
232966688,4,3340.24,21832.7,8,46.0757,63.8278,3,24,0,0,1,1,3340.25,21542.7,6,44.1241
232966688,5,3351.79,2360.31,24,8.72834,11.9518,3,24,0,0,0,0,,,,5.03936
232966688,6,3366.65,2735.12,24,10.1144,13.8497,3,24,0,0,0,0,,,,4.2676
232966688,7,3364.94,1976.9,8,4.17205,5.77947,3,24,0,0,0,0,,,,4.66315
232966688,8,3362.54,29418.8,1,28.9458,30.4077,3,24,0,0,1,1,3362.54,26310,1,28.4824
232966688,9,3351.51,6876.51,2,9.40796,10.0517,3,24,0,0,1,1,3351.5,6237.63,2,9.34951
232966688,10,3361.16,2082.35,4,3.75325,4.30469,3,24,0,0,0,0,,,,5.89975
232966688,11,3355.29,2623.06,16,7.99,10.8449,3,24,0,0,0,0,,,,6.37255
232966688,12,3366.4,17415.6,16,53.0491,72.0041,3,24,0,0,1,1,3366.41,15805.6,16,44.9066
232966688,13,3363.89,10074.3,2,13.7829,14.7261,3,24,0,0,1,1,3363.88,8906.8,1.5,11.9471
232966688,14,3359.78,13492.7,1,13.2758,13.9463,3,24,0,0,1,1,3359.78,12128.3,1,13.1583
232966688,15,3361.96,10422.8,1,10.2553,10.7732,3,24,0,0,1,1,3361.96,9491.77,1,10.2494
232966688,16,3366.63,6477.07,2,8.86147,9.46786,3,24,0,0,1,1,3366.64,6404.62,1.5,8.44152
232966688,17,3363.67,2259.1,4,4.07182,4.67007,3,24,0,0,0,0,,,,4.50828
232966688,18,3347.06,3285.71,2,4.49528,4.80289,3,24,0,0,0,0,,,,3.7794
232966688,19,3366.79,1322.52,16,4.02849,5.46792,3,24,0,0,0,0,,,,3.87615
232974575,0,3339.81,2554.2,16,7.16585,12.3109,3,24,0,0,0,0,,,,3.5567
232974575,1,3340.75,10923.3,1,11.7955,13.1622,3,24,0,0,1,1,3340.75,7742.97,1,9.24998
232974575,2,3346.7,2468.99,8,5.57236,8.41468,3,24,0,0,0,0,,,,6.3721
232974575,3,3345.88,5053.93,1,5.45748,6.08979,3,24,0,0,0,0,,,,5.99372
232974575,4,3340.09,3609.33,2,4.93662,6.15057,3,24,0,0,0,0,,,,5.08514
232974575,5,3354.05,4112.37,1,4.44074,4.95525,3,24,0,0,0,0,,,,4.47673
232974575,6,3347.77,9616.85,4,18.543,23.1759,3,24,0,0,1,1,3347.78,10822.9,3,20.4782
232974575,7,3361.48,1336.51,24,4.16186,7.88956,3,24,0,0,0,0,,,,4.60253
232974575,8,3353.33,6250.58,2,8.54915,10.6514,3,24,0,0,1,1,3353.33,5720.38,2,8.53148
232974575,9,3363.62,4527.51,24,14.0985,26.7263,3,24,0,0,0,0,,,,6.76797
232974575,10,3340.93,15025.8,2,20.5513,25.605,3,24,0,0,1,1,3340.93,14053.3,2,21.4533
232974575,11,3354.58,2873.65,16,8.06208,13.8506,3,24,0,0,0,0,,,,5.68665
232974575,12,3365.57,4321.69,16,12.1246,20.8299,3,24,0,0,1,1,3365.54,4207.26,12,10.0371
232974575,13,3360.68,1829.42,4,3.52746,4.40877,3,24,0,0,0,0,,,,4.07683
232974575,14,3353.43,16293.1,4,31.4161,39.2652,3,24,0,0,0,0,,,,22.7062
232974575,15,3350.26,6883.72,4,13.2731,16.5892,3,24,0,0,1,1,3350.25,7062.47,3,13.0367
232974575,16,3339.81,2004.05,8,4.52302,6.83009,3,24,0,0,0,0,,,,2.21904
232974575,17,3350.6,3485.06,1,3.76334,4.19937,3,24,0,0,0,0,,,,5.35572
232974575,18,3355.34,6947.05,24,21.6328,41.009,3,24,0,0,1,1,3355.16,7244.2,8,17.0395
232974575,19,3362.87,3427.39,4,6.60864,8.25976,3,24,0,0,0,0,,,,5.78672
232980508,0,3348.7,13407.5,4,41.0306,59.0439,3,24,0,0,1,1,3348.7,12878.1,3,40.2849
232980508,1,3366.07,5825.33,16,29.2959,51.3071,3,24,0,0,1,1,3366.03,5874.77,12,24.3422
232980508,2,3363,1847.75,8,7.12213,11.5076,3,24,0,0,0,0,,,,5.55139
232980508,3,3352.96,5899.55,8,22.7397,36.7419,3,24,0,0,1,1,3352.93,5868.66,6,21.6941
232980508,4,3361.77,589.852,24,3.87185,6.36276,3,24,0,0,0,0,,,,3.40336
232980508,5,3348.41,3175.64,24,20.8453,34.2558,3,24,0,0,1,1,3348.38,2699.94,24,17.5804
232980508,6,3365.68,824.613,16,4.14702,7.26285,3,24,0,0,0,0,,,,3.55628
232980508,7,3350.51,9390.31,16,47.2244,82.7061,3,24,0,0,1,1,3350.54,9502.37,12,40.2362
232980508,8,3349.88,4982.88,4,15.249,21.9436,3,24,0,0,1,1,3349.88,4936.99,3,15.1786
232980508,9,3359.94,6764.4,1,13.303,14.8945,3,24,0,0,1,1,3359.94,5329.82,1,11.6942
232980508,10,3366.26,3823.83,24,25.1001,41.2479,3,24,0,0,1,1,3366.28,3417.58,24,19.2929
232980508,11,3346.92,6035.12,4,18.4691,26.5775,3,24,0,0,1,1,3346.93,5552.96,3,17.2781
232980508,12,3365.69,7453.72,1,14.6587,16.4123,3,24,0,0,1,1,3365.69,6911.01,1,14.943
232980508,13,3353.45,3156.9,4,9.66098,13.9023,3,24,0,0,1,1,3353.52,2832.77,6,8.91261
232980508,14,3363.87,7080.03,8,27.2899,44.0938,3,24,0,0,1,1,3363.86,6973.87,6,27.2553
232980508,15,3347.07,2226.15,8,8.58066,13.8643,3,24,0,0,0,0,,,,6.96455
232980508,16,3349.59,8058.73,1,15.8485,17.7445,3,24,0,0,1,1,3349.59,7252.92,1,15.7455
232980508,17,3353.32,679.797,24,4.46227,7.33301,3,24,0,0,0,0,,,,3.39444
232980508,18,3366.52,30023.6,1,59.0451,66.1088,3,24,0,0,1,1,3366.52,26720.8,1,58.009
232980508,19,3355.07,2973.05,4,9.09834,13.0927,3,24,0,0,0,0,,,,
232984594,0,3364.67,4551.05,16,15.5026,20.4647,3,24,0,0,1,1,3364.69,4247.2,12,10.4719
232984594,1,3361.34,5757.95,16,19.6137,25.8918,3,24,0,0,1,1,3361.37,4656.32,12,15.4165
232984594,2,3347.48,7724.98,1,8.08245,8.68423,3,24,0,0,1,1,3347.48,6204.21,1,7.20562
232984594,3,3364.02,10401.3,24,42.0627,57.2831,3,24,0,0,1,1,3364.02,10694.8,16,32.1945
232984594,4,3365.32,34598.6,2,48.7044,55.0057,3,24,0,0,1,1,3365.32,34840.5,1.5,47.4303
232984594,5,3366.19,7544.28,4,14.0812,16.9622,3,24,0,0,1,1,3366.19,8668.14,3,16.1271
232984594,6,3340.71,1394.05,24,5.63754,7.67747,3,24,0,0,0,0,,,,2.86978
232984594,7,3350.87,8046.48,16,27.4093,36.1826,3,24,0,0,1,1,3350.86,7110.5,16,24.0675
232984594,8,3353.94,3652.27,2,5.14129,5.80647,3,24,0,0,0,0,,,,6.09178
232984594,9,3365.31,18974.4,1,19.8525,21.3306,3,24,0,0,1,1,3365.31,16173,1,18.7089
232984594,10,3361.53,4729.44,2,6.65763,7.51898,3,24,0,0,1,1,3361.53,4866.84,2,7.49627
232984594,11,3361.94,11576.6,2,16.2964,18.4048,3,24,0,0,1,1,3361.95,12350.8,1.5,17.0143
232984594,12,3340.26,25801,4,48.1571,58.0098,3,24,0,0,1,1,3340.26,24499.6,4,50.2999
232984594,13,3350.4,8265.24,24,33.4246,45.5192,3,24,0,0,1,1,3350.38,6970.9,24,29.8079
232984594,14,3347,38437,1,40.2156,43.2099,3,24,0,0,1,1,3347,34764.1,1,40.4548
232984594,15,3346.81,12464,24,50.4044,68.6431,3,24,0,0,1,1,3346.97,12583.8,12,36.8472
232984594,16,3366.44,6728.95,8,15.5544,21.3957,3,24,0,0,1,1,3366.43,7077.15,6,15.4919
232984594,17,3352.73,5014.67,4,9.35978,11.2747,3,24,0,0,1,1,3352.73,4925.68,3,9.17442
232984594,18,3346.59,3471.34,4,6.47918,7.80479,3,24,0,0,0,0,,,,6.02596
232984594,19,3364.56,828.967,24,3.35234,4.56538,3,24,0,0,0,0,,,,2.50362
232984719,0,3350.08,2984.41,24,14.6637,17.1547,3,24,0,0,1,1,3350.06,3169.74,24,15.75
232984719,1,3350.77,4174.4,8,11.3585,13.8535,3,24,0,0,1,1,3350.78,3847.57,8,10.7113
232984719,2,3349.97,2676.91,24,13.1529,15.3872,3,24,0,0,1,1,3349.97,2930.21,24,14.3365
232984719,3,3361.72,13757.2,1,14.6495,16.1418,3,24,0,0,1,1,3361.72,13124.1,1,15.3675
232984719,4,3361.42,7186.69,4,14.3115,16.8647,3,24,0,0,1,1,3361.43,6938.72,4,15.2159
232984719,5,3354.46,5176.17,4,10.3078,12.1467,3,24,0,0,1,1,3354.46,4689.97,3,9.11872
232984719,6,3349.19,5215.83,1,5.55411,6.1199,3,24,0,0,0,0,,,,5.73034
232984719,7,3366.58,8931.04,8,24.3012,29.6393,3,24,0,0,1,1,3366.58,8060.16,8,22.8705
232984719,8,3348.98,21945.4,8,59.713,72.8297,3,24,0,0,1,1,3348.97,19349.3,8,60.5737
232984719,9,3361.34,8060.75,4,16.0521,18.9159,3,24,0,0,1,1,3361.35,7360.15,3,14.5678
232984719,10,3354.3,1494.87,24,7.34498,8.59272,3,24,0,0,0,0,,,,6.23262
232984719,11,3350.6,36431.6,2,53.2451,60.4525,3,24,0,0,1,1,3350.6,32382.8,2,51.4229
232984719,12,3362.54,2753.31,2,4.02398,4.56867,3,24,0,0,0,0,,,,4.58387
232984719,13,3363.66,33051.6,2,48.3052,54.8439,3,24,0,0,1,1,3363.66,29755.9,2,47.3689
232984719,14,3361.08,903.902,16,3.34316,4.24231,3,24,0,0,0,0,,,,3.23143
232984719,15,3365.7,24782.1,1,26.3893,29.0776,3,24,0,0,1,1,3365.7,22107.2,1,25.9447
232984719,16,3340.34,8202.96,8,22.3201,27.223,3,24,0,0,1,1,3340.35,8405.42,8,25.3886
232984719,17,3353.3,2486.28,24,12.2162,14.2914,3,24,0,0,0,0,,,,6.02338
232984719,18,3363.27,2780.13,16,10.2825,13.048,3,24,0,0,0,0,,,,6.30035
232984719,19,3340.69,1046.69,24,5.14287,6.01652,3,24,0,0,0,0,,,,3.54405
233073292,0,3362.19,15439.7,1,26.2004,27.9886,3,24,0,0,1,1,3362.19,13358.4,1,25.0764
233073292,1,3353.55,11175.2,4,33.7284,40.516,3,24,0,0,1,1,3353.53,5370.53,6,16.2561
233073292,2,3359.26,4215.67,24,26.9658,37.4382,3,24,0,0,1,1,3359.27,4156.1,24,26.4377
233073292,3,3342.37,9627.46,16,51.7266,69.8094,3,24,0,0,1,1,3342.38,8584.13,16,39.1758
233073292,4,3363.36,3508.91,8,13.6263,17.9912,3,24,0,0,1,1,3363.38,3366.19,6,13.0209
233073292,5,3362.77,7068.47,4,21.3338,25.627,3,24,0,0,1,1,3362.77,6249.69,4,20.4517
233073292,6,3359.86,7118.94,8,27.6453,36.5009,3,24,0,0,1,1,3359.85,6889.02,6,26.7672
233073292,7,3361.07,34298.7,1,58.2031,62.1756,3,24,0,0,1,1,3361.06,29590,1,55.7898
233073292,8,3364.15,3923.7,1,6.65831,7.11276,3,24,0,0,0,0,,,,5.51688
233073292,9,3350.63,17185.5,1,29.1629,31.1534,3,24,0,0,1,1,3350.63,15140.9,1,28.4358
233073292,10,3366.96,663.624,24,4.24491,5.89346,3,24,0,0,0,0,,,,2.66392
233073292,11,3359.69,10568,4,31.896,38.3148,3,24,0,0,1,1,3359.69,10036.4,4,33.0603
233073292,12,3358.13,4095.38,16,22.0037,29.696,3,24,0,0,1,1,3358.14,3898.05,16,20.7817
233073292,13,3352.87,8948.79,8,34.7512,45.883,3,24,0,0,1,1,3352.86,8273.74,6,31.552
233073292,14,3347.84,5949.84,2,13.1935,15.2533,3,24,0,0,1,1,3347.83,6522.4,1.5,14.4168
233073292,15,3354.04,3129.15,16,16.8124,22.6897,3,24,0,0,1,1,3353.99,3382,16,17.3054
233073292,16,3348.35,10652.1,8,41.3656,54.6162,3,24,0,0,1,1,3348.35,10429,6,38.6081
233073292,17,3362.48,21907.2,2,48.578,56.1621,3,24,0,0,1,1,3362.48,21978.7,1.5,48.5279
233073292,18,3354.77,5701.93,8,22.1425,29.2354,3,24,0,0,1,1,3354.76,4788.15,8,20.6034
233073292,19,3353.3,3386.44,16,18.1947,24.5553,3,24,0,0,1,1,3353.33,3268.8,16,16.5238
233076404,0,3348.27,7483.8,24,55.2937,62.6573,3,24,0,0,1,1,3348.26,6988.28,24,54.6523
233076404,1,3360.85,2979.29,8,13.0418,14.4013,3,24,0,0,1,1,3360.83,2136.28,8,10.1672
233076404,2,3353.55,9058.29,2,20.0811,21.893,3,24,0,0,1,1,3353.52,2606.78,6,8.54032
233076404,3,3367.17,16689.9,2,36.9995,40.3379,3,24,0,0,1,1,3367.17,16548.5,1.5,36.516
233076404,4,3341.14,30804.6,1,50.9812,52.6453,3,24,0,0,1,1,3341.14,28106,1,51.5722
233076404,5,3346.67,11677.6,4,34.9125,39.9142,3,24,0,0,1,1,3346.67,9985.32,4,33.0046
233076404,6,3365.36,14698.8,4,43.9449,50.2406,3,24,0,0,1,1,3365.36,13429.2,4,43.9181
233076404,7,3363.8,2408.33,1,3.98575,4.11584,3,24,0,0,0,0,,,,4.15623
233076404,8,3364.24,1917.94,4,5.73407,6.55555,3,24,0,0,0,0,,,,5.67637
233076404,9,3350.21,2183.13,4,6.52689,7.46196,3,24,0,0,1,1,3350.2,2305.59,4,7.64057
233076404,10,3364.91,2095.97,8,9.1751,10.1315,3,24,0,0,0,0,,,,6.91043
233076404,11,3349.53,1183.68,16,6.8175,8.09167,3,24,0,0,0,0,,,,4.88176
233076404,12,3360.52,9427.48,1,15.6023,16.1116,3,24,0,0,1,1,3360.52,8445.3,1,15.4004
233076404,13,3363.2,3641.27,24,26.9034,30.4861,3,24,0,0,1,1,3363.22,3434.61,24,23.7217
233076404,14,3340.31,1601.77,4,4.78879,5.47485,3,24,0,0,0,0,,,,3.73993
233076404,15,3345.23,2011.32,16,11.5844,13.7495,3,24,0,0,1,1,3345.19,2503.24,12,14.4599
233076404,16,3360.7,5049.95,24,37.3113,42.2801,3,24,0,0,1,1,3360.65,4740.66,24,31.5336
233076404,17,3340.38,3821.3,16,22.0091,26.1225,3,24,0,0,1,1,3340.38,3369.74,12,19.7799
233076404,18,3361.88,2951.58,24,21.8076,24.7117,3,24,0,0,1,1,3361.89,2625.21,24,18.3971
233076404,19,3362.38,6241.67,24,46.1163,52.2577,3,24,0,0,1,1,3362.4,5755.73,24,39.978
233151393,0,3354.15,6194.4,2,26.0302,29.4672,3,24,0,0,1,1,3354.15,5714.69,2,26.3217
233151393,1,3344.89,1221.06,24,15.1165,20.1218,3,24,0,0,1,1,3344.87,1360.98,24,16.9011
233151393,2,3349.87,2645.87,4,14.061,17.8001,3,24,0,0,1,1,3349.88,2615.99,3,13.3929
233151393,3,3351.64,4385.74,2,18.4298,20.8633,3,24,0,0,1,1,3351.65,4305.64,1.5,17.492
233151393,4,3348.87,2512.48,4,13.3522,16.9028,3,24,0,0,1,1,3348.87,2635.43,4,15.6525
233151393,5,3352.96,4046.03,8,30.1262,38.4946,3,24,0,0,1,1,3352.96,3541.12,8,28.6039
233151393,6,3357.4,4871.83,16,49.0871,65.5507,3,24,0,0,1,1,3357.4,4272.62,16,44.2745
233151393,7,3362.98,526.319,24,6.51571,8.6732,3,24,0,0,0,0,,,,4.34729
233151393,8,3348.41,1226.57,8,9.13287,11.6698,3,24,0,0,1,1,3348.4,1319.29,6,8.84888
233151393,9,3345.54,1897.35,8,14.1274,18.0517,3,24,0,0,1,1,3345.55,2044.3,8,16.5963
233151393,10,3358.94,5830.06,1,17.5608,19.6109,3,24,0,0,1,1,3358.94,5035.98,1,16.7331
233151393,11,3346.52,3618.66,8,26.944,34.4285,3,24,0,0,1,1,3346.5,3119.71,8,23.5201
233151393,12,3359.1,4996,8,37.1995,47.5327,3,24,0,0,1,1,3359.1,4435.83,8,35.4977
233151393,13,3366.79,1368.28,8,10.188,13.0181,3,24,0,0,1,1,3366.79,1269.4,8,10.1312
233151393,14,3342.45,1091.92,4,5.80281,7.3459,3,24,0,0,0,0,,,,4.45888
233151393,15,3355.23,10885.2,4,57.8475,73.2303,3,24,0,0,1,1,3355.23,9881.78,4,56.9727
233151393,16,3366.46,1558.32,8,11.603,14.8261,3,24,0,0,1,1,3366.47,1263.21,8,10.1016
233151393,17,3354.4,793.622,24,9.82488,13.0781,3,24,0,0,0,0,,,,6.90856
233151393,18,3357.08,328.751,16,3.3124,4.42336,3,24,0,0,0,0,,,,2.75259
233151393,19,3348.14,7293.44,2,30.6486,34.6955,3,24,0,0,1,1,3348.14,7500.03,1.5,30.6419
233156706,0,3346.11,11741.9,2,35.6187,45.8764,3,24,0,0,1,1,3346.15,5967.56,6,21.4598
233156706,1,3360.08,1724.46,24,12.8118,23.3397,3,24,0,0,0,0,,,,6.65615
233156706,2,3360.6,1134.44,8,4.76945,8.86465,3,24,0,0,0,0,,,,3.92961
233156706,3,3354.41,5007.39,24,37.2021,67.7726,3,24,0,0,1,1,3354.48,4847.99,16,28.9154
233156706,4,3343.32,7859.93,16,45.1815,86.8592,3,24,0,0,1,1,3343.45,7627.82,8,34.9354
233156706,5,3358.55,587.97,24,4.36828,7.95789,3,24,0,0,0,0,,,,3.04912
233156706,6,3362.09,3770.88,1,9.05025,10.4179,3,24,0,0,1,1,3362.08,2943.39,1,7.77541
233156706,7,3366.44,1440.5,24,10.7021,19.4965,3,24,0,0,0,0,,,,6.7498
233156706,8,3364.05,645.782,24,4.79779,8.74034,3,24,0,0,0,0,,,,3.00857
233156706,9,3346.13,1448.38,2,4.39364,5.65894,3,24,0,0,0,0,,,,3.39562
233156706,10,3347.6,7578.9,8,31.8636,59.2227,3,24,0,0,1,1,3347.6,7559.76,6,32.5789
233156706,11,3365.25,14611.9,2,44.3248,57.0898,3,24,0,0,1,1,3365.24,14597.7,1.5,45.1562
233156706,12,3348.31,1919.35,4,6.96131,10.6053,3,24,0,0,1,1,3348.3,2025.24,3,7.55826
233156706,13,3352.82,7491.76,2,22.7261,29.2709,3,24,0,0,1,1,3352.82,7590.3,1.5,23.3697
233156706,14,3364.37,1170.43,16,6.728,12.9343,3,24,0,0,0,0,,,,5.51527
233156706,15,3362.2,2309.67,24,17.1595,31.2602,3,24,0,0,1,1,3362.2,2373.59,24,16.7544
233156706,16,3340.82,1060.23,4,3.84536,5.85825,3,24,0,0,0,0,,,,2.62398
233156706,17,3349.19,2779.24,2,8.43075,10.8587,3,24,0,0,1,1,3349.19,2486.21,1.5,7.6993
233156706,18,3352.2,15896.2,4,57.6541,87.8337,3,24,0,0,1,1,3352.21,15746.3,3,58.3126
233156706,19,3356.22,548.77,16,3.15451,6.0644,3,24,0,0,0,0,,,,6.42705
233162061,0,3351.84,11147.1,4,47.7222,102.684,3,24,0,1,1,1,3351.83,10254.1,4,47.5848
233162061,1,3348.42,2932.36,1,4.42918,13.5061,3,24,0,1,0,0,,,,4.5953
233162061,2,3365.71,2650.18,2,6.49912,17.2624,3,24,0,1,0,0,,,,6.71047
233162061,3,3365.54,8201.35,8,55.4775,106.842,3,24,0,1,1,1,3365.55,8333.8,6,54.698
233162061,4,3349.15,790.764,8,5.34907,10.3015,3,24,0,1,0,0,,,,5.79501
233162061,5,3353.08,5156.76,1,7.78901,23.7513,3,24,0,1,1,1,3353.09,5134.74,1,8.63547
233162061,6,3366.33,1217.66,4,5.21294,11.2167,3,24,0,1,0,0,,,,4.25672
233162061,7,3347.72,7560.9,2,18.5419,49.2492,3,24,0,1,1,1,3347.73,7108.28,2,19.2695
233162061,8,3367.36,2782.09,2,6.8226,18.1216,3,24,0,1,0,0,,,,5.72528
233162061,9,3346.43,332.243,16,3.98915,6.12106,3,24,0,1,0,0,,,,3.04532
233162061,10,3352.66,8918,4,38.179,82.1501,3,24,0,1,1,1,3352.65,5723.86,6,38.136
233162061,11,3348.63,2772.07,1,4.18707,12.7678,3,24,0,1,0,0,,,,5.59033
233162061,12,3349.85,4745.31,16,56.9756,87.425,3,24,0,1,1,1,3349.87,4358.02,16,48.899
233162061,13,3348.73,1289.45,24,17.8564,29.0951,3,24,0,1,1,1,3348.82,1269.32,16,12.0363
233162061,14,3366.21,1474.88,2,3.6169,9.6069,3,24,0,1,0,0,,,,3.52616
233162061,15,3340.19,1343.83,24,18.6095,30.3223,3,24,0,1,0,0,,,,3.74211
233162061,16,3353.47,22106.4,1,33.3906,101.819,3,24,0,1,0,0,,,,18.2632
233162061,17,3349.56,13037.5,4,55.8152,120.098,3,24,0,1,1,1,3349.57,11687.6,4,53.7669
233162061,18,3364.16,2074.97,4,8.88318,19.114,3,24,0,1,1,1,3364.13,1773.62,4,8.28849
233162061,19,3350.43,1904.41,8,12.8823,24.8094,3,24,0,1,1,1,3350.41,1706.02,8,11.8099
233170442,0,3350.03,11673.7,8,37.1018,44.0638,3,24,0,0,1,1,3350.02,10834.4,8,35.7726
233170442,1,3340.87,2520.93,16,8.95847,13.4571,3,24,0,0,0,0,,,,6.24962
233170442,2,3363.26,8123.01,24,32.0107,53.1071,3,24,0,0,1,1,3363.23,7336.03,24,35.4569
233170442,3,3355.28,1219.85,8,3.87699,4.60448,3,24,0,0,1,1,3355.24,4435.96,6,13.8289
233170442,4,3349.57,1134.97,8,3.60722,4.28409,3,24,0,0,0,0,,,,2.80173
233170442,5,3345.31,19371.8,1,22.6327,25.8523,3,24,0,0,0,0,,,,
233170442,6,3354.71,5466.17,16,19.4248,29.1792,3,24,0,0,1,1,3354.61,4252.63,8,13.7954
233170442,7,3364.37,4638.42,24,18.2788,30.3253,3,24,0,0,1,1,3364.41,4444.35,24,19.5355
233170442,8,3351.22,24479.4,1,28.6001,32.6686,3,24,0,0,1,1,3351.22,22210.5,1,28.5255
233170442,9,3361.45,3715.97,16,13.2052,19.8364,3,24,0,0,1,1,3361.36,3562.69,8,10.4129
233170442,10,3365.68,3762.19,2,5.83547,7.10045,3,24,0,0,0,0,,,,4.03215
233170442,11,3365.84,14402.4,2,22.3394,27.1819,3,24,0,0,1,1,3365.84,13955.6,1.5,21.4572
233170442,12,3347.05,7402.61,16,26.3062,39.5162,3,24,0,0,1,1,3347.16,6987.11,8,22.8078
233170442,13,3341.23,2659.24,2,4.1247,5.01882,3,24,0,0,0,0,,,,
233170442,14,3345.55,19457.9,4,42.1275,51.9345,3,24,0,0,1,1,3345.55,17677.3,4,42.1124
233170442,15,3340.06,2848.03,1,3.32745,3.80079,3,24,0,0,0,0,,,,3.56697
233170442,16,3346.55,4096.59,2,6.35416,7.73157,3,24,0,0,1,0,3346.56,5996.77,1.5,9.42094
233170442,17,3340.75,10817.1,8,34.3796,40.8307,3,24,0,0,1,1,3340.76,8863.08,8,29.6759
233170442,18,3365.62,9697.46,4,20.9956,25.8832,3,24,0,0,1,1,3365.63,8124.28,4,18.8691
233170442,19,3352.21,15133.5,16,53.7789,80.7846,3,24,0,0,1,1,3352.23,14847.9,12,51.8814
233172888,0,3355.12,765.076,16,4.54083,6.61162,3,24,0,0,0,0,,,,3.50325
233172888,1,3351.61,3947.33,2,10.6198,12.0604,3,24,0,0,1,0,3351.61,3664.79,1.5,9.40728
233172888,2,3360.35,442.227,24,3.00497,4.68052,3,24,0,0,0,0,,,,3.2867
233172888,3,3361.37,7967.69,8,39.2695,48.6878,3,24,0,0,1,1,3361.36,7273.34,8,37.9894
233172888,4,3347.68,8359.89,4,30.6805,36.1221,3,24,0,0,1,1,3347.68,8360.89,3,29.493
233172888,5,3362.79,20112.9,2,54.1113,61.4515,3,24,0,0,1,1,3362.79,17836.2,2,52.4496
233172888,6,3352.59,1877.37,16,11.1424,16.2238,3,24,0,0,1,0,3352.55,1646.29,12,7.48625
233172888,7,3351.49,17934.8,2,48.2515,54.7968,3,24,0,0,1,1,3351.49,15704.8,2,46.4635
233172888,8,3341.16,8306.13,1,15.7345,17.9449,3,24,0,0,0,0,,,,
233172888,9,3363.59,1288.68,4,4.7294,5.56823,3,24,0,0,0,0,,,,4.31391
233172888,10,3355.28,18956.5,1,35.9097,40.9544,3,24,0,0,1,1,3355.27,12484,1,26.2845
233172888,11,3364.52,9266.49,16,54.9979,80.0789,3,24,0,0,1,1,3364.53,9434.65,12,60.7775
233172888,12,3347.94,16370.5,2,44.0429,50.0173,3,24,0,0,1,1,3347.94,14475.9,2,42.7508
233172888,13,3347.02,1733.31,24,11.778,18.3453,3,24,0,0,0,0,,,,5.1362
233172888,14,3351.01,6007.08,4,22.0457,25.9559,3,24,0,0,1,1,3351,5766.43,3,20.917
233172888,15,3363.02,5591.57,24,37.9952,59.181,3,24,0,0,1,1,3363.09,5368.93,12,32.0759
233172888,16,3352.04,1543.62,4,5.66504,6.66982,3,24,0,0,0,0,,,,5.86457
233172888,17,3340.68,1421.82,4,5.21802,6.14352,3,24,0,0,1,0,3340.7,2315.53,4,9.66534
233172888,18,3363.05,7718.85,4,28.3279,33.3523,3,24,0,0,1,1,3363.05,6704.5,4,27.1428
233172888,19,3361.29,687.359,8,3.38772,4.20021,3,24,0,0,0,0,,,,3.19943
233501543,0,3367.01,1145.25,2,5.05318,25.3379,3,24,0,1,0,0,,,,6.16913
233501543,1,3340.1,1477.23,24,17.4948,113.217,3,24,0,1,1,1,3340.17,1574.17,8,14.8754
233501543,2,3351.35,469.547,24,5.56082,35.9867,3,24,0,1,0,0,,,,3.40179
233501543,3,3361.6,932.733,1,3.40517,14.592,3,24,0,1,0,0,,,,6.01845
233501543,4,3361.84,8729.28,1,31.8683,136.564,3,24,0,1,1,1,3361.84,7946.78,1,32.1671
233501543,5,3351.35,7377.23,2,32.5506,163.217,3,24,0,1,1,1,3351.35,7531.23,1.5,37.1906
233501543,6,3362.05,9251.82,1,33.776,144.739,3,24,0,1,1,1,3362.04,8306.32,1,33.4511
233501543,7,3348.82,5594.43,4,42.0845,175.043,3,24,0,1,1,1,3348.81,5081.33,4,40.8711
233501543,8,3353,1798.04,1,6.56418,28.1292,3,24,0,1,0,0,,,,5.93876
233501543,9,3364.85,3938.67,16,40.9879,246.472,3,24,0,1,1,1,3364.82,3775.62,12,40.669
233501543,10,3363.4,6600.29,1,24.096,103.257,3,24,0,1,1,1,3363.4,5938.09,1,24.1229
233501543,11,3361.95,2589.51,1,9.45362,40.5112,3,24,0,1,1,1,3361.95,2234.16,1,9.00447
233501543,12,3347.38,835.85,2,3.68803,18.4927,3,24,0,1,0,0,,,,4.16413
233501543,13,3348,7611.78,1,27.7887,119.081,3,24,0,1,1,1,3348,6917.61,1,27.8172
233501543,14,3363.08,1238.17,2,5.4632,27.3939,3,24,0,1,0,0,,,,5.9775
233501543,15,3361.08,774.245,4,5.82431,24.2251,3,24,0,1,0,0,,,,3.68978
233501543,16,3364.55,2127.22,8,18.283,94.1272,3,24,0,1,1,1,3364.53,1803.5,8,17.0915
233501543,17,3354.04,912.997,16,9.50112,57.133,3,24,0,1,1,1,3354.04,1208.33,12,12.818
233501543,18,3352.09,7963.11,1,29.0713,124.578,3,24,0,1,1,1,3352.09,7216.31,1,29.2559
233501543,19,3340.3,14153.1,1,51.6693,221.416,3,24,0,1,1,1,3340.3,12444.2,1,50.3272
233547680,0,3364.47,12202.8,24,22.1984,151.93,2.5,20,1,0,1,0,3364.67,11807.1,8,16.9947
233547680,1,3347.35,5110.62,4,6.79879,25.9766,2.5,20,1,0,1,0,3347.35,5175.42,3,7.5815
233547680,2,3353.8,3870.21,16,5.79097,39.3436,2.5,20,1,0,1,0,3354.01,6971,3,10.4501
233547680,3,3354.59,4654.31,4,6.19174,23.6572,2.5,20,1,0,1,0,3354.56,5392.22,1.5,7.41166
233547680,4,3347.78,15406.1,16,23.052,156.614,2.5,20,1,0,1,1,3347.81,16125.8,12,26.1811
233547680,5,3353.94,6792.56,4,9.03632,34.5257,2.5,20,1,0,1,0,3353.94,9681.4,2,14.0791
233547680,6,3348.37,11070.2,8,15.5496,79.5753,2.5,20,1,0,1,0,3348.34,12219.6,4,18.4344
233547680,7,3365.11,10480,1,12.4409,26.6343,2.5,20,1,0,1,0,3365.11,10467.5,1,13.7508
233547680,8,3359.81,35984.3,16,53.843,365.807,2.5,20,1,0,1,1,3359.79,38002.5,12,66.4754
233547680,9,3353.19,18064,8,25.3734,129.849,2.5,20,1,0,1,1,3353.2,17495.3,6,26.0482
233547680,10,3349.65,44278.3,4,58.9046,225.061,2.5,20,1,0,1,1,3349.65,44172,3,62.0825
233547680,11,3361.82,13892.5,8,19.5139,99.8627,2.5,20,1,0,1,1,3361.83,13486.3,6,21.9051
233547680,12,3365.45,32442.5,24,59.0169,403.924,2,16,1,0,1,1,3365.38,33319.1,16,63.5874
233547680,13,3364.48,6579.73,4,8.75318,33.4439,2.5,20,1,0,1,0,3364.5,6671.38,1.5,9.29318
233547680,14,3350.6,4866.42,16,7.28159,49.4708,2.5,20,1,0,0,0,,,,6.34798
233547680,15,3351.23,4257.1,16,6.36987,43.2766,2.5,20,1,0,0,0,,,,5.46955
233547680,16,3365.7,44908,2,57.6391,161.405,2.5,20,1,0,1,1,3365.7,44714.1,1.5,61.4789
233547680,17,3359.35,4663.43,2,5.98547,16.761,2.5,20,1,0,1,0,3359.35,5754.25,1,7.53869
233547680,18,3364.25,22854,1,27.13,58.0819,2.5,20,1,0,1,1,3364.25,19044.6,1,25.1705
233547680,19,3365.44,5612.59,24,10.21,69.8792,2,16,1,0,0,0,,,,6.37419
233611973,0,3367.39,5486.36,2,26.5501,34.3863,3,24,0,0,0,0,,,,
233611973,1,3358.59,563.055,16,4.57684,9.98154,3,24,0,0,0,0,,,,4.76764
233611973,2,3361.24,6121.39,1,23.2428,27.1292,3,24,0,0,1,1,3361.24,5613.86,1,23.673
233611973,3,3366.3,762.33,16,6.19665,13.5142,3,24,0,0,0,0,,,,4.97038
233611973,4,3363.77,2020.56,16,16.4243,35.8194,3,24,0,0,1,1,3363.76,2086.45,12,18.2266
233611973,5,3349.61,3648.77,8,27.0318,45.7381,3,24,0,0,1,1,3349.6,3613.49,6,26.7417
233611973,6,3354.15,627.272,2,3.03555,3.93149,3,24,0,0,0,0,,,,3.90952
233611973,7,3340.91,1268.83,16,10.3138,22.4931,3,24,0,0,1,1,3340.91,1349.65,12,11.3436
233611973,8,3363.01,12208.1,1,46.354,54.1046,3,24,0,0,1,1,3363.01,11174.5,1,47.0131
233611973,9,3359.22,5608.23,1,21.2944,24.8549,3,24,0,0,1,1,3359.22,5385.99,1,22.7956
233611973,10,3366.37,7221.47,16,58.7002,128.018,3,24,0,0,1,1,3366.38,7229.64,12,59.9294
233611973,11,3345.64,8985.71,2,43.4844,56.3189,3,24,0,0,1,1,3345.64,8803.86,1.5,41.4588
233611973,12,3363.4,1326.84,1,5.03799,5.88036,3,24,0,0,0,0,,,,5.59986
233611973,13,3362.66,532.357,8,3.94396,6.67321,3,24,0,0,0,0,,,,3.6744
233611973,14,3366.95,8828.37,2,42.723,55.3327,3,24,0,0,1,1,3366.95,8638.47,1.5,41.6503
233611973,15,3351.23,3058.27,24,27.6443,66.4,3,24,0,0,1,1,3351.3,3257.49,16,27.9773
233611973,16,3346.85,7516.34,2,36.3737,47.1094,3,24,0,0,1,1,3346.85,7604.67,1.5,36.5499
233611973,17,3359.45,11114.4,2,53.7858,69.6607,3,24,0,0,1,1,3359.45,10928,1.5,52.6822
233611973,18,3352.63,2159.01,16,17.5497,38.2738,3,24,0,0,1,1,3352.65,2074.72,12,17.8066
233611973,19,3353.21,1495.22,4,9.30706,13.2532,3,24,0,0,1,1,3353.19,1518.25,2,8.05889
233756168,0,3352.53,280.45,24,3.65151,4.61786,3,24,0,0,0,0,,,,3.92524
233756168,1,3340.49,9872.03,1,32.1623,33.1808,3,24,0,0,1,1,3340.49,8973.65,1,32.3779
233756168,2,3367.17,647.682,8,5.2141,6.15725,3,24,0,0,0,0,,,,4.49588
233756168,3,3354.6,1730.83,1,5.6389,5.81747,3,24,0,0,0,0,,,,4.28282
233756168,4,3340.81,3120.49,2,13.5051,14.8326,3,24,0,0,1,1,3340.81,2758.06,2,13.0611
233756168,5,3359.81,314.702,16,3.68864,4.23097,3,24,0,0,0,0,,,,2.08009
233756168,6,3363.57,1124.76,2,4.86782,5.34631,3,24,0,0,0,0,,,,5.47049
233756168,7,3348.18,1097.12,16,12.8594,14.7501,3,24,0,0,1,1,3348.17,1051.79,16,12.8855
233756168,8,3365.36,2444.98,16,28.6577,32.8712,3,24,0,0,1,1,3365.35,2308.77,16,28.6012
233756168,9,3365.29,1823.18,16,21.3695,24.5115,3,24,0,0,1,1,3365.3,1730.64,16,21.5436
233756168,10,3341.65,429.761,16,5.03724,5.77786,3,24,0,0,0,0,,,,5.01386
233756168,11,3359.96,5856,8,47.1432,55.6706,3,24,0,0,1,1,3360.06,5313.54,12,47.8682
233756168,12,3365.94,12049.1,1,39.255,40.4981,3,24,0,0,1,1,3365.94,10818.8,1,39.1891
233756168,13,3360.06,5465.66,1,17.8067,18.3706,3,24,0,0,0,0,,,,5.49299
233756168,14,3359.62,794.37,16,9.31084,10.6798,3,24,0,0,0,0,,,,5.31762
233756168,15,3347.34,10963,2,47.4464,52.1103,3,24,0,0,1,1,3347.34,9780.92,2,46.3773
233756168,16,3360.1,6066.22,1,19.7633,20.3891,3,24,0,0,1,1,3360.09,1230.74,6,7.07063
233756168,17,3350.88,1572.08,1,5.12171,5.2839,3,24,0,0,0,0,,,,5.24967
233756168,18,3354.49,4479.45,2,19.3865,21.2922,3,24,0,0,1,1,3354.49,4880.01,1.5,20.4935
233756168,19,3348.88,289.804,24,3.7733,4.77189,3,24,0,0,0,0,,,,3.32219
237198562,0,3350.37,5537.8,8,35.5567,42.1388,3,24,0,0,1,1,3350.38,5415.32,6,34.6331
237198562,1,3354.94,990.213,2,3.73328,3.76741,3,24,0,0,0,0,,,,4.50307
237198562,2,3348.72,418.121,16,3.42028,4.49948,3,24,0,0,0,0,,,,3.58726
237198562,3,3359.51,4210.84,2,15.8756,16.0208,3,24,0,0,1,1,3359.51,3832.11,2,15.888
237198562,4,3344.64,5279.54,8,33.8985,40.1736,3,24,0,0,1,1,3344.62,5444.43,6,34.6271
237198562,5,3365.61,1472.54,24,14.8132,19.4076,3,24,0,0,1,1,3365.6,1166.19,24,13.5554
237198562,6,3343.01,6994.14,2,26.3691,26.6102,3,24,0,0,1,1,3343,6363.88,2,26.4708
237198562,7,3356.17,12091,2,45.5851,46.0019,3,24,0,0,1,1,3356.17,10635.9,2,44.0646
237198562,8,3351.42,1708.59,8,10.9704,13.0012,3,24,0,0,1,1,3351.44,1733.29,6,10.889
237198562,9,3358.98,3648.89,4,18.1162,19.6332,3,24,0,0,1,1,3358.99,3634.21,3,18.0203
237198562,10,3350.17,4015.23,2,15.1381,15.2766,3,24,0,0,1,1,3350.17,3415.54,2,14.2006
237198562,11,3346.63,11640.2,4,57.7916,62.631,3,24,0,0,1,1,3346.63,11856,3,59.0391
237198562,12,3364.5,1255.78,24,12.6328,16.5508,3,24,0,0,1,1,3364.54,1049.32,24,11.74
237198562,13,3341.61,6512.29,16,53.2712,70.0799,3,24,0,0,1,1,3341.58,6429.4,12,47.2572
237198562,14,3366.63,1590.95,4,7.89879,8.56023,3,24,0,0,1,1,3366.64,1600.22,4,8.78066
237198562,15,3366.82,8561.56,4,42.5068,46.0662,3,24,0,0,1,1,3366.81,8850.15,3,43.9972
237198562,16,3354.23,6322.25,2,23.836,24.0539,3,24,0,0,1,1,3354.23,5572.32,2,23.1389
237198562,17,3358.95,10601.7,4,52.6359,57.0436,3,24,0,0,1,1,3358.95,9166.72,4,50.3057
237198562,18,3355.44,5725.06,2,21.5845,21.7819,3,24,0,0,1,1,3355.44,5205.63,2,21.5774
237198562,19,3346.58,7287.57,4,36.1816,39.2114,3,24,0,0,1,1,3346.58,7408,3,37.0553
240180387,0,3341.41,401.7,24,3.92666,9.05718,3,24,0,0,0,0,,,,2.40064
240180387,1,3365.55,6440.05,16,56.8772,118.559,3,24,0,0,1,1,3365.55,5739.72,16,51.9308
240180387,2,3354.12,2333.58,8,15.1066,30.3776,3,24,0,0,1,1,3354.1,2354.04,6,15.1679
240180387,3,3346.48,6229.79,2,27.4843,40.5484,3,24,0,0,0,0,,,,13.1038
240180387,4,3361.99,3657.19,1,12.8902,16.8319,3,24,0,0,1,1,3361.99,3132.91,1,12.2137
240180387,5,3347.35,4345.21,2,19.17,28.2821,3,24,0,0,1,1,3347.35,4265.26,1.5,18.8212
240180387,6,3345.2,7319,2,32.2896,47.6378,3,24,0,0,1,1,3345.19,6384.92,2,30.8776
240180387,7,3352.46,11630.7,1,40.9938,53.5292,3,24,0,0,1,1,3352.46,10675.8,1,41.7192
240180387,8,3339.86,1136.54,1,4.00587,5.23082,3,24,0,0,0,0,,,,
240180387,9,3351.5,1194.7,16,10.5513,21.994,3,24,0,0,1,1,3351.48,1080.11,16,9.46965
240180387,10,3358.49,4001.51,24,39.1152,90.2226,3,24,0,0,1,1,3358.48,3774.94,24,37.6138
240180387,11,3356.26,1449.26,4,7.55743,13.3402,3,24,0,0,1,1,3356.27,1707.52,3,9.22862
240180387,12,3357.76,6246.32,16,55.1662,114.992,3,24,0,0,1,1,3357.76,5460.04,16,56.4954
240180387,13,3367.23,503.531,24,4.92206,11.3532,3,24,0,0,0,0,,,,3.58988
240180387,14,3349.12,832.181,2,3.67137,5.41649,3,24,0,0,0,0,,,,2.16787
240180387,15,3349.47,11520.2,2,50.824,74.9823,3,24,0,0,1,1,3349.46,11395.2,1.5,50.5483
240180387,16,3350.87,2538.47,8,16.4329,33.0448,3,24,0,0,1,1,3350.88,2486.86,6,15.1945
240180387,17,3359.31,652.511,16,5.76284,12.0125,3,24,0,0,0,0,,,,4.7433
240180387,18,3347.42,5607.83,24,54.817,126.44,3,24,0,0,1,1,3347.5,5663.64,16,47.711
240180387,19,3356.32,2575.29,24,25.1736,58.0653,3,24,0,0,1,1,3356.3,2876.59,16,28.3891
253054288,0,3363.65,4358.45,1,7.14216,7.53308,3,24,0,0,0,0,,,,6.92506
253054288,1,3349.16,1039.02,16,4.95801,7.18331,3,24,0,0,0,0,,,,4.09213
253054288,2,3354.56,1209.28,16,5.77045,8.3604,3,24,0,0,0,0,,,,4.87502
253054288,3,3346.75,1879.27,1,3.07954,3.24809,3,24,0,0,0,0,,,,4.00429
253054288,4,3366.08,12016.3,16,57.3393,83.0749,3,24,0,0,1,1,3366.09,10998.3,16,48.3378
253054288,5,3349.38,2516.19,1,4.12326,4.34894,3,24,0,0,0,0,,,,4.41391
253054288,6,3364.02,4506.61,16,21.5047,31.1566,3,24,0,0,1,1,3364.02,4356.29,16,25.1872
253054288,7,3340.66,1648.99,16,7.86864,11.4003,3,24,0,0,0,0,,,,4.56618
253054288,8,3346.13,5428.86,4,15.5487,18.7663,3,24,0,0,1,1,3346.15,4051,6,11.8259
253054288,9,3349.88,13320.8,8,49.9048,65.1202,3,24,0,0,1,1,3349.87,12367.6,8,50.6089
253054288,10,3363.35,8958.66,4,25.6583,30.968,3,24,0,0,1,1,3363.36,9055.25,3,25.398
253054288,11,3353.52,3370.02,16,16.0811,23.2988,3,24,0,0,1,1,3353.44,3552.85,8,13.7066
253054288,12,3345.85,1139.56,8,4.26921,5.57084,3,24,0,0,0,0,,,,3.7414
253054288,13,3353.5,1009.1,16,4.81522,6.97644,3,24,0,0,0,0,,,,5.01605
253054288,14,3349.48,16508.5,1,27.0523,28.5329,3,24,0,0,1,1,3349.48,14390.8,1,25.8565
253054288,15,3362.76,1043.32,24,6.62794,8.83413,3,24,0,0,0,0,,,,2.92579
253054288,16,3363.8,5585.97,8,20.9272,27.3076,3,24,0,0,1,1,3363.81,5510.4,8,23.3199
253054288,17,3349.78,10868.4,1,17.81,18.7848,3,24,0,0,1,1,3349.78,10721.2,1,19.679
253054288,18,3362.4,2338.63,1,3.83229,4.04205,3,24,0,0,0,0,,,,4.57925
253054288,19,3365.84,1202.67,16,5.73889,8.31467,3,24,0,0,0,0,,,,4.57399
256299260,0,3366.32,2960.26,2,19.2223,22.1582,3,24,0,0,1,1,3366.32,3033.65,1.5,19.6784
256299260,1,3341.59,1921.31,2,12.4759,14.3815,3,24,0,0,1,1,3341.58,1821.09,1.5,11.8331
256299260,2,3344.96,1883.94,16,30.0139,39.8857,3,24,0,0,1,1,3344.95,1937.34,16,33.1423
256299260,3,3341.94,733.252,1,3.62523,3.88099,3,24,0,0,0,0,,,,3.69736
256299260,4,3358.51,254.585,8,3.10215,3.81125,3,24,0,0,0,0,,,,4.00324
256299260,5,3352.53,1761.05,8,21.4586,26.3637,3,24,0,0,1,1,3352.51,1645.71,6,19.2842
256299260,6,3352.57,3263.38,2,21.1906,24.4272,3,24,0,0,1,1,3352.57,3374.69,1.5,21.982
256299260,7,3355.03,9372.32,1,46.3372,49.6063,3,24,0,0,1,1,3355.03,8285.61,1,45.3951
256299260,8,3366.88,646.379,8,7.87621,9.67658,3,24,0,0,0,0,,,,6.6241
256299260,9,3357.38,886.352,2,5.75547,6.63454,3,24,0,0,0,0,,,,6.55775
256299260,10,3349.91,1685.2,1,8.33174,8.91954,3,24,0,0,1,1,3349.91,1481.78,1,8.10523
256299260,11,3344.71,2471.63,1,12.2199,13.082,3,24,0,0,1,1,3344.71,2506.21,1,13.7643
256299260,12,3348.97,3792.6,1,18.7508,20.0737,3,24,0,0,1,1,3348.97,3321.53,1,18.2339
256299260,13,3357.99,7856.73,1,38.8441,41.5845,3,24,0,0,1,1,3357.99,7101.73,1,38.8928
256299260,14,3345.07,651.596,4,5.82856,6.8976,3,24,0,0,0,0,,,,6.04444
256299260,15,3364.1,7445.15,2,48.3446,55.7286,3,24,0,0,1,1,3364.1,7644.34,1.5,50.1604
256299260,16,3360.35,2578,1,12.7458,13.645,3,24,0,0,0,0,,,,5.31954
256299260,17,3351.04,172.273,24,3.54922,4.46696,3,24,0,0,0,0,,,,2.81247
256299260,18,3360.62,593.501,8,7.23188,8.88497,3,24,0,0,1,1,3360.62,726.317,6,8.4983
256299260,19,3349.2,2075.11,1,10.2595,10.9833,3,24,0,0,1,1,3349.2,1714.57,1,9.40672
235675158,0,3339.83,2871.99,8,11.2416,15.7021,3,24,0,0,1,1,3339.95,2983.7,2,7.87065
235675158,1,3351.28,7989.29,8,31.2719,43.6802,3,24,0,0,1,1,3351.3,7918.52,6,28.5655
235675158,2,3355.21,8931.46,2,21.3706,24.4157,3,24,0,0,1,1,3355.2,7528.01,2,19.8323
235675158,3,3356.3,16816.9,4,50.7693,65.0138,3,24,0,0,1,1,3356.3,16469.6,3,50.2944
235675158,4,3340.9,998.862,16,6.18927,7.72318,3,24,0,0,0,0,,,,4.13627
235675158,5,3348.2,19845.7,2,47.4855,54.2517,3,24,0,0,1,1,3348.2,18426.2,2,48.3226
235675158,6,3364.28,1820.66,2,4.35634,4.97707,3,24,0,0,0,0,,,,3.1714
235675158,7,3358.24,6798.7,24,51.7229,64.3817,3,24,0,0,1,1,3358.26,5773.26,24,44.2448
235675158,8,3355.32,1795.39,4,5.4202,6.94096,3,24,0,0,0,0,,,,5.31445
235675158,9,3365.13,20432.5,2,48.8894,55.8556,3,24,0,0,1,1,3365.13,18297,2,48.0317
235675158,10,3341.07,11600.5,2,27.7569,31.712,3,24,0,0,1,1,3341.07,10219.2,2,26.7818
235675158,11,3352.82,1566.12,2,3.7473,4.28125,3,24,0,0,0,0,,,,3.30767
235675158,12,3351.73,1886.2,2,4.51316,5.15623,3,24,0,0,0,0,,,,5.28973
235675158,13,3352.42,3549.95,16,21.9966,27.4482,3,24,0,0,1,1,3352.4,3254.26,16,18.5783
235675158,14,3340.36,10086.8,4,30.4515,38.9954,3,24,0,0,1,1,3340.36,10037.6,3,30.1447
235675158,15,3356.64,4050.67,16,25.0993,31.3198,3,24,0,0,1,1,3356.67,4074.01,16,28.6109
235675158,16,3361.87,2958.61,1,5.52784,5.71898,3,24,0,0,0,0,,,,5.99763
235675158,17,3340.61,1707.59,16,10.5808,13.2031,3,24,0,0,1,1,3340.56,1586.06,16,10.3942
235675158,18,3347.68,5489.84,4,16.5736,21.2237,3,24,0,0,1,1,3347.68,5162.33,3,15.6854
235675158,19,3343.49,4020.69,2,9.62042,10.9912,3,24,0,0,1,1,3343.49,3575.13,1.5,8.33004
235717600,0,3365.74,5817,24,45.7996,43.7537,3,24,0,0,1,1,3365.77,5179.18,24,36.6968
235717600,1,3362.35,3640.45,2,6.73303,7.90461,3,24,0,0,1,1,3362.34,3503.37,2,7.13848
235717600,2,3363.05,6066.7,16,35.0067,37.2582,3,24,0,0,1,1,3363.07,5356.08,16,29.6329
235717600,3,3353.41,7554.69,24,59.4811,56.8241,3,24,0,0,1,1,3353.4,6272.82,24,41.9664
235717600,4,3364.21,1197.72,24,9.43017,9.00892,3,24,0,0,0,0,,,,4.78996
235717600,5,3351.14,4614.04,24,36.3282,34.7054,3,24,0,0,1,1,3351.1,3944.93,24,27.0425
235717600,6,3341.12,7328.25,24,57.6982,55.1208,3,24,0,0,1,1,3340.84,8066.91,8,31.2062
235717600,7,3348.68,6028.48,1,8.6068,9.25588,3,24,0,0,1,1,3348.68,5333.79,1,8.43756
235717600,8,3364.04,4573.56,24,36.0095,34.4009,3,24,0,0,1,1,3364.05,4404.52,24,31.4505
235717600,9,3362.92,3475.77,24,27.3661,26.1437,3,24,0,0,1,1,3362.94,3116.12,24,19.6911
235717600,10,3362.24,577.928,16,3.33482,3.54931,3,24,0,0,0,0,,,,3.14406
235717600,11,3354.96,1707.63,8,6.24967,7.41562,3,24,0,0,0,0,,,,4.79087
235717600,12,3361.08,3641.29,8,13.3266,15.8128,3,24,0,0,0,0,,,,5.94852
235717600,13,3365.31,997.721,16,5.75715,6.12744,3,24,0,0,0,0,,,,3.49856
235717600,14,3362.76,3677.89,2,6.80227,7.98591,3,24,0,0,0,0,,,,6.71842
235717600,15,3349.59,9624.41,16,55.5357,59.1077,3,24,0,0,1,1,3349.6,9589.8,12,45.2759
235717600,16,3353.37,11038.5,2,20.4158,23.9682,3,24,0,0,1,1,3353.38,10237.4,1.5,19.118
235717600,17,3348.68,11910.4,4,30.2672,36.5734,3,24,0,0,1,1,3348.68,10463.1,4,28.8145
235717600,18,3346.55,4199.37,8,15.3691,18.2364,3,24,0,0,1,1,3346.61,5393.23,4,15.1997
235717600,19,3350.27,577.465,24,4.54662,4.34352,3,24,0,0,0,0,,,,2.92398
236815239,0,3350.38,12198.6,2,39.3894,102.518,3,24,0,0,1,1,3350.38,12134.4,1.5,40.7955
236815239,1,3349.65,2924.73,16,10.9293,69.5219,3,24,0,0,1,0,3349.76,2686.88,8,10.4489
236815239,2,3358.94,7514.97,16,28.0825,178.634,3,24,0,0,1,1,3358.95,8173.1,12,33.0476
236815239,3,3366.42,1785.31,16,6.67148,42.4375,3,24,0,0,0,0,,,,5.14319
236815239,4,3350.26,1846.71,24,8.51607,53.7627,3,24,0,0,0,0,,,,4.51871
236815239,5,3361.13,1975.47,4,6.67214,23.4789,3,24,0,0,0,0,,,,6.44225
236815239,6,3365.37,9311.89,16,34.7973,221.347,3,24,0,0,1,1,3365.36,9318.17,12,35.875
236815239,7,3354.67,816.521,16,3.05124,19.409,3,24,0,0,0,0,,,,1.80734
236815239,8,3366.95,4265.49,8,15.2907,71.6952,3,24,0,0,1,1,3366.99,4569.62,3,16.527
236815239,9,3364.21,12372.9,24,57.0573,360.207,3,24,0,0,1,1,3364.06,12532.7,12,44.921
236815239,10,3365.91,17526.4,4,59.1951,208.304,3,24,0,0,1,1,3365.91,17267.9,3,63.9663
236815239,11,3363.72,838.788,16,3.13444,19.9383,3,24,0,0,0,0,,,,3.53117
236815239,12,3365.67,5639.04,1,16.1823,33.5106,3,24,0,0,1,0,3365.67,4611.62,1,14.6147
236815239,13,3364.93,5604.04,8,20.0891,94.1937,3,24,0,0,1,1,3364.88,5722.29,4,21.0532
236815239,14,3351.26,2939.5,2,9.49168,24.7038,3,24,0,0,1,0,3351.26,3140.71,1.5,10.5223
236815239,15,3358.45,1194.09,1,3.42668,7.09601,3,24,0,0,0,0,,,,2.17018
236815239,16,3362.75,9775.28,16,36.529,232.362,3,24,0,0,1,1,3362.65,9817.48,8,37.0844
236815239,17,3339.89,1975.96,24,9.11211,57.5255,3,24,0,0,1,1,3340.26,3891.42,3,14.393
236815239,18,3346.01,16398.7,4,55.3863,194.901,3,24,0,0,1,1,3346.01,15947.5,2,57.6601
236815239,19,3366.59,981.495,8,3.51841,16.4972,3,24,0,0,0,0,,,,3.76851
237198023,0,3358.46,3186.13,24,8.81465,34.9142,1.5,12,1,0,0,0,,,,4.76914
237198023,1,3352.44,2841.1,2,5.43549,8.98739,1.5,12,1,0,0,0,,,,4.9466
237198023,2,3352.72,27217.3,4,56.7891,121.761,1.5,12,1,0,1,1,3352.72,26709.3,3,58.5727
237198023,3,3357.66,13197.7,16,33.0516,118.084,1.5,12,1,0,1,1,3357.67,14561.9,12,37.1095
237198023,4,3356.37,8756.65,16,21.9297,78.3484,1.5,12,1,0,1,1,3356.22,11340.8,6,26.8618
237198023,5,3342.7,7087.47,4,14.7881,31.7069,1.5,12,1,0,1,1,3342.7,7018.12,3,14.9878
237198023,6,3357.63,6303.63,4,13.1526,28.2002,1.5,12,1,0,1,1,3357.63,6899.48,3,15.3248
237198023,7,3357.19,5348.36,16,13.3942,47.8534,1.5,12,1,0,1,1,3357.15,6503.89,12,16.7279
237198023,8,3351.4,3193.73,24,8.83566,34.9974,1.5,12,1,0,0,0,,,,5.85784
237198023,9,3359.35,2039.9,1,3.33675,4.5629,1.5,12,1,0,0,0,,,,2.90081
237198023,10,3349.2,13073.4,8,29.1797,82.7115,1.5,12,1,0,1,1,3349.2,12777.2,6,28.863
237198023,11,3358.5,2065.6,8,4.61041,13.0685,1.5,12,1,0,0,0,,,,4.85195
237198023,12,3340.28,5208.2,1,8.51927,11.6498,1.5,12,1,0,1,1,3340.29,4442.04,1,8.02098
237198023,13,3367.11,1587.77,16,3.97634,14.2063,1.5,12,1,0,0,0,,,,2.37376
237198023,14,3342.88,6804.78,1,11.1309,15.2211,1.5,12,1,0,1,1,3342.88,6018.86,1,10.7806
237198023,15,3356.11,2001.1,16,5.01144,17.9044,1.5,12,1,0,0,0,,,,4.41225
237198023,16,3364.75,1654.73,2,3.16578,5.2345,1.5,12,1,0,0,0,,,,4.17242
237198023,17,3343.89,18512.9,4,38.6272,82.8202,1.5,12,1,0,1,1,3343.88,18941.8,3,41.2238
237198023,18,3347.34,10162.5,2,19.4425,32.1474,1.5,12,1,0,1,1,3347.35,10294.2,1.5,20.6653
237198023,19,3362.56,3799.26,2,7.26862,12.0184,1.5,12,1,0,0,0,,,,6.66878
257047579,0,3347.26,6492.38,16,23.5453,34.5165,3,24,0,0,1,1,3347.28,6636.18,12,22.6545
257047579,1,3348.11,10413.2,4,22.1465,27.6807,3,24,0,0,1,1,3348.11,10574,3,22.1512
257047579,2,3363.87,6728.34,24,32.4012,43.8103,3,24,0,0,1,1,3363.79,7349.51,16,25.2923
257047579,3,3350.51,16749.7,2,27.6646,31.4835,3,24,0,0,1,1,3350.51,14999.8,2,26.973
257047579,4,3353.02,24295.5,4,51.671,64.5831,3,24,0,0,1,1,3353.01,25233.3,3,54.7411
257047579,5,3351.82,3592.38,1,4.39968,4.77468,3,24,0,0,0,0,,,,3.56227
257047579,6,3348.31,1860.83,16,6.74848,9.89301,3,24,0,0,0,0,,,,5.34942
257047579,7,3365.38,20122.5,8,59.6683,75.6467,3,24,0,0,1,1,3365.38,17925.2,8,52.3597
257047579,8,3348.63,23676,1,28.9966,31.4681,3,24,0,0,1,1,3348.63,22532.2,1,30.4013
257047579,9,3366.74,6966.35,24,33.5473,45.36,3,24,0,0,1,1,3366.68,7088.52,16,24.847
257047579,10,3352.16,10430.1,8,30.9279,39.21,3,24,0,0,1,1,3352.16,9233.53,8,29.6916
257047579,11,3352.56,9847.48,2,16.2646,18.5098,3,24,0,0,1,1,3352.56,9927.01,1.5,15.8606
257047579,12,3353.83,5229.9,2,8.63798,9.8304,3,24,0,0,0,0,,,,5.3426
257047579,13,3362.46,20186.9,1,24.7235,26.8307,3,24,0,0,1,1,3362.45,15749.2,1,21.3131
257047579,14,3351.81,28048,1,34.3512,37.2791,3,24,0,0,1,1,3351.81,24544,1,33.2389
257047579,15,3354.06,793.963,24,3.82343,5.16974,3,24,0,0,0,0,,,,2.52854
257047579,16,3365.14,2601.7,4,5.53321,6.91591,3,24,0,0,0,0,,,,6.39961
257047579,17,3339.96,7727.42,16,28.0243,41.0825,3,24,0,0,1,1,3340.12,6038.85,8,20.3921
257047579,18,3339.96,6077.37,8,18.0209,22.8467,3,24,0,0,1,1,3340.01,5479.47,4,12.9667
257047579,19,3364.56,7912.9,24,38.1055,51.5233,3,24,0,0,1,1,3364.56,7867.12,16,24.6591
269266639,0,3366.86,7953.94,4,16.8264,88.3529,3,24,0,0,1,1,3366.89,7822.88,2,18.1142
269266639,1,3344.84,2008.86,16,4.57116,44.629,3,24,0,0,0,0,,,,5.62995
269266639,2,3366.87,1534.64,4,3.24651,17.0469,3,24,0,0,0,0,,,,3.26826
269266639,3,3364.58,6273.23,2,13.3535,49.2736,3,24,0,0,1,1,3364.58,6003.64,1.5,13.8266
269266639,4,3354.29,16036.5,4,33.925,178.135,3,24,0,0,1,1,3354.31,16581.1,2,38.6959
269266639,5,3353.39,16366.3,16,37.2416,363.596,3,24,0,0,1,1,3353.19,16073.6,2,37.7529
269266639,6,3364.73,8276.65,8,17.4876,130.019,3,24,0,0,1,1,3364.8,8058.54,2,18.379
269266639,7,3365.69,17850.2,16,40.6182,396.563,3,24,0,0,1,1,3365.79,18030.8,8,44.1032
269266639,8,3348.41,7645.07,2,16.2736,60.0488,3,24,0,0,1,1,3348.41,7967.09,1.5,18.2958
269266639,9,3349.37,19180.7,1,39.4247,106.53,3,24,0,0,1,1,3349.37,16723.8,1,38.1895
269266639,10,3361.71,26639.4,8,56.2858,418.483,3,24,0,0,1,1,3361.8,27018.8,2,60.1235
269266639,11,3358.01,14201.6,24,34.1853,386.412,3,24,0,0,1,1,3358.08,14477.4,16,34.9963
269266639,12,3349.66,9063.03,4,19.1727,100.673,3,24,0,0,1,1,3349.68,9100.6,2,21.1388
269266639,13,3356.08,5656.67,2,12.041,44.4308,3,24,0,0,1,1,3356.09,5281.66,1,12.0223
269266639,14,3347.27,5189.13,2,11.0458,40.7585,3,24,0,0,1,1,3347.28,5328.07,1.5,12.2559
269266639,15,3358.61,3115.71,2,6.63223,24.4726,3,24,0,0,0,0,,,,6.93315
269266639,16,3362.46,25465.2,2,54.2064,200.019,3,24,0,0,1,1,3362.46,25798.1,1.5,59.5053
269266639,17,3357.64,10038.4,16,22.8423,223.013,3,24,0,0,1,1,3357.6,10486.2,6,24.3607
269266639,18,3367.02,3368.52,16,7.66508,74.8354,3,24,0,0,0,0,,,,6.54499
269266639,19,3349.94,8393.54,1,17.2524,46.618,3,24,0,0,1,1,3349.94,7346.63,1,16.6925
272745733,0,3347.98,4545.05,8,53.1184,45.2511,3,24,0,0,1,1,3347.98,4243.18,8,52.0435
272745733,1,3351.47,1441.17,4,9.58596,10.1459,3,24,0,0,1,1,3351.47,1395,4,10.147
272745733,2,3362.78,3792.37,2,17.527,18.8786,3,24,0,0,1,1,3362.78,4003.93,1.5,17.9877
272745733,3,3354.2,2263.48,2,10.461,11.2677,3,24,0,0,1,1,3354.2,2303.36,2,11.8295
272745733,4,3363.89,1509.11,24,31.5378,26.0238,3,24,0,0,1,1,3363.88,1300.84,24,25.2477
272745733,5,3348.04,1462.81,8,17.096,14.564,3,24,0,0,1,1,3348.04,1447.83,8,18.0416
272745733,6,3362,383.203,16,6.28073,5.39554,3,24,0,0,1,1,3362.09,482.543,16,7.83407
272745733,7,3346.03,600.749,16,9.84631,8.45859,3,24,0,0,0,0,,,,
272745733,8,3353.86,359.25,8,4.19858,3.57674,3,24,0,0,0,0,,,,3.07261
272745733,9,3348.19,3208.95,8,37.5033,31.9487,3,24,0,0,1,1,3348.19,3000.2,8,37.0933
272745733,10,3353.8,1095.96,16,17.9628,15.4312,3,24,0,0,1,1,3353.84,1083.53,12,12.8209
272745733,11,3347.49,152.579,24,3.18864,2.63114,3,24,0,0,0,0,,,,3.0718
272745733,12,3364.92,2954.23,2,13.6534,14.7063,3,24,0,0,1,1,3364.93,2964.05,2,15.184
272745733,13,3364.55,1543.84,1,5.27181,5.43436,3,24,0,0,0,0,,,,4.7796
272745733,14,3362.19,291.316,16,4.77468,4.10175,3,24,0,0,0,0,,,,6.69637
272745733,15,3365.86,4970.48,8,58.0905,49.4868,3,24,0,0,1,1,3365.87,4499,8,51.9595
272745733,16,3360.8,165.06,24,3.44948,2.84638,3,24,0,0,0,0,,,,2.50595
272745733,17,3365.77,2753.23,2,12.7244,13.7057,3,24,0,0,1,1,3365.77,2506.53,2,12.9425
272745733,18,3352.01,508.473,24,10.6262,8.76837,3,24,0,0,0,0,,,,5.40189
272745733,19,3347.17,2160.77,24,45.1564,37.2614,3,24,0,0,1,1,3347.2,1812.83,24,38.9879
272760312,0,3362.63,370.077,8,3.8724,4.93477,3,24,0,0,0,0,,,,3.55015
272760312,1,3362.23,5465.77,2,31.9671,36.4416,3,24,0,0,1,1,3362.23,4913.76,2,31.2041
272760312,2,3340.35,769.146,4,5.90392,7.2522,3,24,0,0,0,0,,,,4.84089
272760312,3,3365.55,1894.62,24,44.9298,43.758,3,24,0,0,1,1,3365.53,1698.38,24,26.0249
272760312,4,3362.41,7375.01,2,43.1335,49.1709,3,24,0,0,1,1,3362.41,6314.81,2,40.2876
272760312,5,3351.14,3369.97,1,14.0981,15.8875,3,24,0,0,1,1,3351.14,2469.69,1,11.4302
272760312,6,3348.1,697.229,2,4.07782,4.64859,3,24,0,0,0,0,,,,4.62305
272760312,7,3361.64,309.333,24,7.33567,7.14436,3,24,0,0,0,0,,,,5.81185
272760312,8,3350.83,1996.8,8,20.894,26.6262,3,24,0,0,1,1,3350.81,1788.63,8,19.2293
272760312,9,3364.92,9685.01,2,56.6438,64.5722,3,24,0,0,1,1,3364.93,8736.67,2,55.3172
272760312,10,3365.92,222.235,16,3.48801,4.19085,3,24,0,0,0,0,,,,2.06511
272760312,11,3353.22,2277.81,2,13.322,15.1867,3,24,0,0,1,1,3353.21,1847.29,2,11.8515
272760312,12,3365.72,562.151,4,4.31504,5.30046,3,24,0,0,0,0,,,,3.7859
272760312,13,3365.1,303.077,8,3.17133,4.04137,3,24,0,0,0,0,,,,3.10337
272760312,14,3367,713.232,2,4.17141,4.75528,3,24,0,0,0,0,,,,3.3902
272760312,15,3366.22,2052.8,8,21.48,27.373,3,24,0,0,1,1,3366.23,1885.39,8,20.8191
272760312,16,3348.07,616.804,8,6.4541,8.22475,3,24,0,0,0,0,,,,6.04142
272760312,17,3366.06,5637.16,4,43.2705,53.1522,3,24,0,0,1,1,3366.06,5482.07,3,41.6565
272760312,18,3362.37,300.094,8,3.14012,4.00159,3,24,0,0,0,0,,,,1.8323
272760312,19,3346.71,706.523,2,4.13217,4.71055,3,24,0,0,0,0,,,,4.13465
276051021,0,3343.53,947.449,24,12.5173,25.2013,3,24,0,0,1,1,3343.51,993.721,16,12.369
276051021,1,3358.27,5571.49,2,37.0303,42.7807,3,24,0,0,1,1,3358.27,5626.41,1.5,38.206
276051021,2,3365.24,610.846,16,7.387,13.2664,3,24,0,0,0,0,,,,5.55235
276051021,3,3358.07,610.548,1,3.0786,3.31498,3,24,0,0,0,0,,,,3.11067
276051021,4,3364.48,4465.43,16,54.0007,96.9804,3,24,0,0,1,1,3364.48,4547.1,12,56.5421
276051021,5,3365.16,7459.95,2,49.5817,57.2812,3,24,0,0,1,1,3365.16,7364.36,1.5,49.9775
276051021,6,3355.78,2770.34,8,29.1283,42.5441,3,24,0,0,1,1,3355.79,2832.07,6,29.5713
276051021,7,3353.12,1102.2,8,11.5889,16.9265,3,24,0,0,1,1,3353.11,1186.98,6,12.5926
276051021,8,3348.46,600.805,1,3.02947,3.26208,3,24,0,0,0,0,,,,4.95715
276051021,9,3363.83,726.848,1,3.66502,3.94643,3,24,0,0,0,0,,,,4.01202
276051021,10,3350,3028.24,4,25.72,32.8838,3,24,0,0,1,1,3350,2834.81,4,26.3347
276051021,11,3359.9,550.819,4,4.6783,5.98136,3,24,0,0,0,0,,,,4.25077
276051021,12,3345.56,3484.53,4,29.5954,37.8387,3,24,0,0,1,1,3345.56,3323.24,4,31.3364
276051021,13,3350.69,1183.3,1,5.96662,6.42476,3,24,0,0,0,0,,,,6.8166
276051021,14,3342.56,2237,1,11.2797,12.1458,3,24,0,0,1,1,3342.55,1721.8,1,9.6648
276051021,15,3345.96,3415.75,2,22.7024,26.2279,3,24,0,0,1,1,3345.96,3298.4,1.5,22.4635
276051021,16,3344.39,2063.86,2,13.7172,15.8473,3,24,0,0,1,1,3344.39,1881.1,1.5,12.8463
276051021,17,3361.73,1054.42,1,5.31677,5.725,3,24,0,0,0,0,,,,5.15156
276051021,18,3359.46,1172.62,8,12.3294,18.008,3,24,0,0,1,1,3359.45,1209.02,6,12.6624
276051021,19,3353.26,1331.21,8,13.9968,20.4434,3,24,0,0,1,1,3353.25,1414.34,6,15.3058
276380682,0,3352.22,808.049,4,5.59597,6.65962,3,24,0,0,0,0,,,,5.05605
276380682,1,3348.03,6041.63,1,23.0726,24.8964,3,24,0,0,1,1,3348.03,5505.82,1,23.1239
276380682,2,3346.03,3530.92,2,18.1389,20.5771,3,24,0,0,1,1,3346.02,3820.2,1,16.1193
276380682,3,3346.46,4974.09,16,57.015,81.989,3,24,0,0,1,1,3346.5,4662.89,8,49.5562
276380682,4,3363.02,418.696,8,4.32568,4.88007,3,24,0,0,0,0,,,,4.76623
276380682,5,3349.9,13351.5,1,50.9884,55.0187,3,24,0,0,1,1,3349.9,11169.8,1,47.0614
276380682,6,3345.11,15576.8,1,59.4871,64.1892,3,24,0,0,1,1,3345.11,14190.6,1,59.7221
276380682,7,3353,327.413,16,3.75293,5.39682,3,24,0,0,0,0,,,,3.53625
276380682,8,3366.49,296.543,24,4.70658,5.98653,3,24,0,0,0,0,,,,3.15096
276380682,9,3364.21,784.365,8,8.10352,9.14208,3,24,0,0,1,1,3364.22,766.387,8,8.29422
276380682,10,3364.4,642.407,8,6.63691,7.48751,3,24,0,0,0,0,,,,5.63529
276380682,11,3345.92,633.935,8,6.54938,7.38876,3,24,0,0,1,1,3345.92,872.246,6,8.55263
276380682,12,3340.3,2392.86,8,24.7214,27.8897,3,24,0,0,1,1,3340.29,2123.58,8,23.1047
276380682,13,3354.02,3184.43,2,16.359,18.5579,3,24,0,0,1,1,3354.01,3289.91,1.5,16.9248
276380682,14,3340.68,470.301,8,4.85883,5.48155,3,24,0,0,0,0,,,,4.49659
276380682,15,3356.22,3660.26,4,25.3484,30.1665,3,24,0,0,1,1,3356.21,3438.32,4,26.406
276380682,16,3340.5,1031.62,24,16.3734,20.8261,3,24,0,0,1,1,3340.46,985.187,16,12.1205
276380682,17,3349.2,1661.06,16,19.0397,27.3796,3,24,0,0,1,1,3349.14,1695.9,8,17.991
276380682,18,3354.79,213.485,24,3.38833,4.30979,3,24,0,0,0,0,,,,3.16074
276380682,19,3361.47,468.954,16,5.37533,7.72987,3,24,0,0,0,0,,,,6.83528
284184634,0,3359.5,1541.49,24,14.0052,17.7856,3,24,0,0,1,1,3359.83,1534.53,6,9.17474
284184634,1,3339.93,10606.2,2,35.1757,35.326,3,24,0,0,1,1,3339.94,11028.9,1,29.1348
284184634,2,3352.64,1639.39,24,14.8947,18.9152,3,24,0,0,1,1,3352.67,1717.09,24,14.8039
284184634,3,3353.3,920.864,8,5.51604,6.13426,3,24,0,0,0,0,,,,5.9456
284184634,4,3361.39,337.894,24,3.06994,3.8986,3,24,0,0,0,0,,,,3.27738
284184634,5,3340.45,4666.56,2,15.4768,15.5429,3,24,0,0,1,1,3340.45,3898.5,2,14.1805
284184634,6,3350.78,8783.35,4,40.7184,41.3725,3,24,0,0,1,1,3350.78,7675.92,4,39.7977
284184634,7,3348.07,2334.17,16,16.949,21.9894,3,24,0,0,1,1,3348.04,2381.99,12,16.0207
284184634,8,3354.27,4340.87,16,31.5202,40.8939,3,24,0,0,1,1,3354.27,4175.07,12,30.5211
284184634,9,3350.95,3828.07,4,17.7464,18.0315,3,24,0,0,1,1,3350.96,3275.91,4,16.8214
284184634,10,3347.75,3084.94,4,14.3013,14.5311,3,24,0,0,1,1,3347.75,3168.2,3,14.1021
284184634,11,3361.05,3331.85,16,24.1934,31.3882,3,24,0,0,1,1,3361.02,3471.96,12,21.9296
284184634,12,3347.12,1785.06,16,12.9618,16.8165,3,24,0,0,1,1,3347.05,1768.67,12,11.8112
284184634,13,3346.9,10197.3,1,24.2889,24.0163,3,24,0,0,1,1,3346.9,8889.99,1,23.4672
284184634,14,3352.94,729.374,4,3.38128,3.43559,3,24,0,0,0,0,,,,4.46023
284184634,15,3359.61,8837.86,4,40.9711,41.6293,3,24,0,0,1,1,3359.64,5999.82,2,21.8158
284184634,16,3367.28,1046.41,16,7.59828,9.85792,3,24,0,0,0,0,,,,4.37553
284184634,17,3339.82,8148.44,1,19.4088,19.1909,3,24,0,0,0,0,,,,
284184634,18,3364.04,917.626,8,5.49664,6.11269,3,24,0,0,0,0,,,,5.59194
284184634,19,3363.44,1242.74,16,9.02383,11.7074,3,24,0,0,1,1,3363.53,1491.32,12,10.3527
284627208,0,3351.25,1756.91,4,6.14381,6.0449,3,24,0,0,0,0,,,,6.55603
284627208,1,3354.76,6392,4,22.3525,21.9926,3,24,0,0,1,1,3354.7,5148.14,1.5,12.1102
284627208,2,3350.55,2505.15,2,6.14642,6.09479,3,24,0,0,0,0,,,,6.76337
284627208,3,3367.14,1249.67,16,8.45066,8.59934,3,24,0,0,0,0,,,,5.49627
284627208,4,3348.73,2664.84,8,12.6805,12.9666,3,24,0,0,1,1,3348.71,2676.98,6,12.7703
284627208,5,3354.56,1749.5,2,4.29241,4.25635,3,24,0,0,0,0,,,,4.29729
284627208,6,3362.65,2636.1,8,12.5437,12.8268,3,24,0,0,1,1,3362.68,2624.35,6,12.4936
284627208,7,3362.5,876.105,8,4.16888,4.26296,3,24,0,0,0,0,,,,2.56286
284627208,8,3348.64,5589.15,8,26.5956,27.1957,3,24,0,0,1,1,3348.64,5735.06,6,27.2634
284627208,9,3365.86,5157.57,24,48.3155,43.4671,3,24,0,0,1,1,3365.86,4584.64,24,43.8334
284627208,10,3366.92,1563.17,2,3.83526,3.80304,3,24,0,0,0,0,,,,3.76016
284627208,11,3353.48,9714.83,1,15.868,16.7126,3,24,0,0,0,0,,,,8.17305
284627208,12,3366.48,3097.72,1,5.05975,5.32908,3,24,0,0,0,0,,,,4.75693
284627208,13,3365.42,2460.76,4,8.60515,8.46661,3,24,0,0,0,0,,,,6.88569
284627208,14,3365.42,3632.61,8,17.2855,17.6756,3,24,0,0,1,1,3365.43,3509.82,6,15.7768
284627208,15,3363.55,2516.33,16,17.0162,17.3156,3,24,0,0,1,1,3363.53,2695.88,12,15.3447
284627208,16,3347.5,884.032,4,3.09141,3.04164,3,24,0,0,0,0,,,,4.81265
284627208,17,3367.14,6448.08,1,10.5322,11.0928,3,24,0,0,1,1,3367.14,6282.84,1,11.3135
284627208,18,3347.45,18611.5,1,30.3998,32.0179,3,24,0,0,1,1,3347.46,16556.2,1,30.0192
284627208,19,3348.36,2382.34,8,11.3362,11.592,3,24,0,0,1,1,3348.38,2562.59,6,11.8396
288107809,0,3352.54,775.914,24,6.31085,12.1073,3,24,0,0,0,0,,,,3.07523
288107809,1,3367.25,4946.22,8,24.5022,44.5601,3,24,0,0,1,1,3367.22,4777.83,6,22.2445
288107809,2,3366.05,1289.35,2,3.73967,5.80781,3,24,0,0,0,0,,,,3.86791
288107809,3,3355.43,7870.66,4,28.0203,50.1382,3,24,0,0,0,0,,,,
288107809,4,3361.95,671.008,24,5.45761,10.4703,3,24,0,0,0,0,,,,3.39741
288107809,5,3363.47,2906.53,4,10.3475,18.5154,3,24,0,0,1,1,3363.47,3032.94,3,10.5632
288107809,6,3362.19,1274.79,4,4.53836,8.12073,3,24,0,0,0,0,,,,4.07092
288107809,7,3363.26,14880.7,1,37.3567,47.3969,3,24,0,0,1,1,3363.26,12965.3,1,35.9682
288107809,8,3339.9,591.238,16,4.14483,7.53269,3,24,0,0,0,0,,,,5.49631
288107809,9,3361.32,1250.14,4,4.45062,7.96373,3,24,0,0,0,0,,,,3.6413
288107809,10,3350.51,3388.68,24,27.5617,52.8767,3,24,0,0,1,1,3350.5,3132.88,24,20.6302
288107809,11,3347.59,1689.72,2,4.90092,7.61126,3,24,0,0,0,0,,,,5.0931
288107809,12,3352.26,10065.9,4,35.8356,64.1226,3,24,0,0,1,1,3352.25,10234.1,3,35.4667
288107809,13,3363.56,15123.8,4,53.8423,96.343,3,24,0,0,1,1,3363.56,15387.5,3,53.6349
288107809,14,3365.53,906.889,24,7.37614,14.151,3,24,0,0,0,0,,,,5.03393
288107809,15,3367.03,751.267,8,3.72157,6.76811,3,24,0,0,0,0,,,,2.48742
288107809,16,3353.83,4835.09,8,23.9517,43.5589,3,24,0,0,1,1,3353.82,4847.6,8,21.2737
288107809,17,3363.08,4827.13,2,14.0008,21.7436,3,24,0,0,1,1,3363.09,4853.39,1.5,14.853
288107809,18,3351.44,818.805,16,5.74018,10.432,3,24,0,0,0,0,,,,4.92868
288107809,19,3354.06,3864.93,8,19.1458,34.8189,3,24,0,0,1,1,3354.07,4408.02,6,20.8544
288242739,0,3348.59,3313.83,24,11.7827,26.717,3,24,0,0,0,0,,,,5.21183
288242739,1,3355.27,13863.8,8,35.3175,64.5329,3,24,0,0,1,1,3355.25,13680.3,4,33.8989
288242739,2,3352.12,4850.67,24,17.2471,39.1074,3,24,0,0,1,1,3352.12,5526.98,24,25.1995
288242739,3,3362.35,7298.08,24,25.9492,58.8392,3,24,0,0,1,1,3362.27,7704.7,16,22.5778
288242739,4,3355.34,2835.62,1,3.97795,4.6666,3,24,0,0,0,0,,,,
288242739,5,3353.36,1529.16,4,3.49345,5.0331,3,24,0,0,0,0,,,,2.96715
288242739,6,3363.68,9831.92,16,32.1569,64.7218,3,24,0,0,1,1,3363.68,9317.99,16,31.4223
288242739,7,3364.88,9421.01,16,30.813,62.0169,3,24,0,0,1,1,3364.86,8813.35,12,26.8074
288242739,8,3363.57,12891.6,4,29.4515,42.4315,3,24,0,0,1,1,3363.57,13042,3,28.8928
288242739,9,3360.96,2254.83,4,5.15128,7.42157,3,24,0,0,0,0,,,,
288242739,10,3348.35,2452.17,1,3.44002,4.03555,3,24,0,0,0,0,,,,4.07883
288242739,11,3361.06,8178.1,4,18.6833,26.9175,3,24,0,0,1,1,3361.09,6137.66,3,14.2794
288242739,12,3349.21,19921.5,1,27.9469,32.785,3,24,0,0,1,1,3349.21,17047.4,1,26.4534
288242739,13,3365.52,3123.53,1,4.38184,5.14042,3,24,0,0,0,0,,,,5.35379
288242739,14,3354.7,6478.89,8,16.5046,30.1577,3,24,0,0,1,1,3354.68,6778.21,6,18.0727
288242739,15,3366.31,2059.04,2,3.75256,4.79216,3,24,0,0,0,0,,,,3.406
288242739,16,3366.43,4699.86,1,6.59319,7.73459,3,24,0,0,0,0,,,,6.28223
288242739,17,3350.09,5021.59,2,9.15177,11.6871,3,24,0,0,1,1,3350.09,5167.29,1.5,9.30536
288242739,18,3361.22,3784.02,16,12.3763,24.9095,3,24,0,0,0,0,,,,6.37352
288242739,19,3350.77,8530.04,8,21.7298,39.7053,3,24,0,0,1,1,3350.77,8335.38,6,22.1509
298074766,0,3362.19,1877.1,8,3.96533,8.84134,3,24,0,0,0,0,,,,3.30403
298074766,1,3355.06,2311.99,16,5.52939,15.4004,3,24,0,0,0,0,,,,5.8649
298074766,2,3353.21,3807.18,16,9.10529,25.36,3,24,0,0,1,1,3353.18,3993.5,12,10.2257
298074766,3,3345.68,2362.95,8,4.9917,11.1298,3,24,0,0,1,1,3345.69,4145.38,8,9.66319
298074766,4,3365.55,10439.6,16,24.9674,69.5391,3,24,0,0,1,1,3365.57,10354.8,12,24.1478
298074766,5,3341.01,12373.9,8,26.1397,58.2827,3,24,0,0,1,1,3341.01,12946.5,8,31.1868
298074766,6,3346.66,16154.4,2,23.8015,38.0444,3,24,0,0,1,1,3346.66,15725.8,1.5,24.7375
298074766,7,3346.49,16329.5,2,24.0595,38.4569,3,24,0,0,0,0,,,,5.74129
298074766,8,3346.47,2746.06,2,4.04599,6.46713,3,24,0,0,0,0,,,,-1.68665
298074766,9,3366.27,17701.1,8,37.3932,83.3742,3,24,0,0,1,1,3366.28,18049,6,36.4867
298074766,10,3346.4,26821.5,2,39.5183,63.1662,3,24,0,0,1,1,3346.42,4690.84,6,7.6634
298074766,11,3365.97,23150.6,24,55.4611,188.866,3,24,0,0,1,1,3365.88,23500.1,12,51.5378
298074766,12,3352.9,22986.8,16,54.9753,153.117,3,24,0,0,1,1,3352.9,23635.5,12,59.1856
298074766,13,3346.58,3770.7,24,9.03331,30.7619,3,24,0,0,0,0,,,,6.08055
298074766,14,3362.32,3350.35,16,8.01273,22.3171,3,24,0,0,1,1,3362.35,3804.09,12,9.27262
298074766,15,3351.11,5302.55,16,12.6816,35.3209,3,24,0,0,1,1,3351.07,4991.36,12,11.1204
298074766,16,3362.72,28019.1,2,41.2827,65.9865,3,24,0,0,1,1,3362.73,28522.1,1.5,44.9464
298074766,17,3365.66,24207.1,24,57.992,197.485,2,16,1,0,1,1,3365.73,24215.6,16,68.2642
298074766,18,3352.92,5083.29,24,12.1778,41.4703,3,24,0,0,1,1,3352.86,5758.02,12,14.1619
298074766,19,3364.51,5156.02,8,10.892,24.2855,3,24,0,0,1,1,3364.52,5345.89,6,10.7173
302749381,0,3347.66,5022.87,24,38.0188,46.7129,3,24,0,0,1,1,3347.69,4773.43,24,33.3588
302749381,1,3348.93,2199.18,24,16.6459,20.4525,3,24,0,0,1,1,3348.98,2364.1,16,13.6595
302749381,2,3365.06,25993.6,1,49.5982,49.3452,3,24,0,0,1,1,3365.06,23302.2,1,48.848
302749381,3,3354.98,15533.3,1,29.639,29.4879,3,24,0,0,0,0,,,,
302749381,4,3362.64,6771.14,2,19.0577,18.1784,3,24,0,0,1,1,3362.64,5663.28,2,17.6894
302749381,5,3366.86,4035.04,24,30.5418,37.5261,3,24,0,0,1,1,3366.78,3823.96,16,24.4075
302749381,6,3340.83,788.445,4,3.18822,2.99351,3,24,0,0,0,0,,,,2.40379
302749381,7,3354.46,1946.56,8,9.77655,10.4518,3,24,0,0,1,1,3354.46,1917.48,6,9.5357
302749381,8,3362.6,2566.21,1,4.89657,4.8716,3,24,0,0,0,0,,,,3.86176
302749381,9,3353.17,9907.12,8,49.7582,53.1951,3,24,0,0,1,1,3353.17,9803.14,6,48.9212
302749381,10,3352.18,579.555,24,4.38673,5.38989,3,24,0,0,0,0,,,,3.5722
302749381,11,3350.95,1599.65,8,8.0342,8.58914,3,24,0,0,1,1,3350.94,1851.32,6,9.30724
302749381,12,3365.43,1785.4,16,10.8183,13.5574,3,24,0,0,1,1,3365.44,1879.8,16,12.4344
302749381,13,3364.94,3918.13,24,29.6569,36.4388,3,24,0,0,1,1,3364.94,3691.25,24,30.6197
302749381,14,3346.5,4411.32,1,8.41722,8.37429,3,24,0,0,0,0,,,,
302749381,15,3364.96,3989.98,2,11.23,10.7119,3,24,0,0,1,1,3364.96,3761.64,2,11.5104
302749381,16,3339.89,13748.6,4,55.5949,52.1996,3,24,0,0,1,1,3339.95,10748.3,1.5,28.5844
302749381,17,3352.82,4204.83,8,21.1186,22.5773,3,24,0,0,1,1,3352.82,4242.77,6,20.7249
302749381,18,3363.73,3581.07,1,6.83301,6.79816,3,24,0,0,0,0,,,,6.38156
302749381,19,3349.69,678.148,24,5.13299,6.30681,3,24,0,0,0,0,,,,3.31913
302756871,0,3366.52,1565.9,8,3.89256,3.93603,3,24,0,0,0,0,,,,4.58918
302756871,1,3353.36,3395.1,8,8.4396,8.53386,3,24,0,0,1,0,3353.47,3541.27,12,9.56975
302756871,2,3339.97,5853.98,1,4.58859,5.20235,3,24,0,0,0,0,,,,6.5351
302756871,3,3349.03,5079.05,1,3.98116,4.51368,3,24,0,0,0,0,,,,3.27602
302756871,4,3353.99,35949.2,1,28.1784,31.9476,3,24,0,0,1,1,3353.99,33019.1,1,28.7039
302756871,5,3363.95,34956.6,2,39.6301,43.9332,3,24,0,0,1,1,3363.95,29375.3,2,36.7961
302756871,6,3364.95,933.798,24,4.54004,4.06544,3,24,0,0,0,0,,,,3.97888
302756871,7,3350.01,5511.59,16,19.0732,19.5923,3,24,0,0,1,1,3350,5331.74,12,15.2695
302756871,8,3340.73,25077.5,4,38.9281,44.5721,3,24,0,0,1,1,3340.73,22770.4,4,38.6702
302756871,9,3350,20501.6,1,16.0699,18.2195,3,24,0,0,1,1,3350,19804.6,1,17.0973
302756871,10,3364.62,33712.1,1,26.4249,29.9595,3,24,0,0,1,1,3364.62,30232.4,1,25.921
302756871,11,3352.12,3857.86,8,9.58996,9.69706,3,24,0,0,1,0,3352.11,3405.27,8,8.3169
302756871,12,3347.37,7625.41,4,11.837,13.5532,3,24,0,0,0,0,,,,10.9848
302756871,13,3348.66,4679.24,16,16.1928,16.6335,3,24,0,0,1,1,3348.67,4332.14,16,11.9751
302756871,14,3354.58,4503.65,24,21.8963,19.6073,3,24,0,0,0,0,,,,4.08872
302756871,15,3365.49,2547.29,16,8.81505,9.05496,3,24,0,0,1,0,3365.4,3144.26,8,8.19271
302756871,16,3362.54,3036.39,24,14.7627,13.2194,3,24,0,0,0,0,,,,4.93671
302756871,17,3354.2,2074.01,16,7.17724,7.37258,3,24,0,0,0,0,,,,4.6304
302756871,18,3366.18,13043.2,1,10.2238,11.5913,3,24,0,0,1,0,3366.18,10923.2,1,9.32905
302756871,19,3347.06,5440.28,16,18.8264,19.3388,3,24,0,0,1,1,3346.96,3899.97,24,18.5818
310782060,0,3363.51,5705.66,16,19.8216,50.944,3,24,0,0,1,1,3363.5,5241.08,12,20.4032
310782060,1,3364.28,4034.39,8,13.3584,25.4712,3,24,0,0,1,1,3364.32,4047.62,4,13.1604
310782060,2,3348.46,1257.51,4,3.60527,5.61396,3,24,0,0,0,0,,,,3.3902
310782060,3,3339.84,14043.7,8,46.5006,88.6653,3,24,0,0,1,1,3339.95,14219.3,1.5,34.1562
310782060,4,3350.17,2058.9,2,4.75393,6.49946,3,24,0,0,0,0,,,,5.88162
310782060,5,3351.14,900.366,16,3.12789,8.03907,3,24,0,0,0,0,,,,3.18091
310782060,6,3353.95,8657.78,16,30.0773,77.3024,3,24,0,0,1,1,3354.01,7817.23,12,31.9615
310782060,7,3340.09,7826.25,16,27.1886,69.878,3,24,0,0,1,1,3340.2,7340.44,8,26.4289
310782060,8,3347.92,10951.8,24,52.5742,119.762,3,24,0,0,1,1,3347.92,9534.11,24,49.2521
310782060,9,3352.9,7787.58,16,27.0542,69.5327,3,24,0,0,1,1,3352.91,7954.37,12,28.4098
310782060,10,3364.56,16971.6,8,56.1952,107.151,3,24,0,0,1,1,3364.56,17187.1,6,60.6845
310782060,11,3350.05,3562.08,4,10.2124,15.9023,3,24,0,0,1,1,3350.06,3537.72,3,10.2087
310782060,12,3367.37,5372.23,8,17.7882,33.9177,3,24,0,0,1,1,3367.29,5151.68,3,15.2535
310782060,13,3350.99,2421.41,8,8.0176,15.2876,3,24,0,0,0,0,,,,6.83572
310782060,14,3367.04,2704.93,4,7.75498,12.0757,3,24,0,0,1,1,3367.05,2666.66,3,7.97404
310782060,15,3348.52,5089.11,4,14.5904,22.7195,3,24,0,0,1,1,3348.51,5145.32,3,14.9694
310782060,16,3363.55,8068.04,2,18.6288,25.4689,3,24,0,0,1,1,3363.55,7541.63,1.5,18.2932
310782060,17,3354.86,1924.15,16,6.68452,17.1801,3,24,0,0,0,0,,,,6.80287
310782060,18,3340.22,19846.2,1,37.4687,44.2999,3,24,0,0,1,1,3340.21,17263.9,1,35.9498
310782060,19,3349.18,26754.5,1,50.5114,59.7206,3,24,0,0,1,1,3349.18,23013.7,1,48.2157
311114954,0,3365.78,6070.57,1,6.00817,6.50256,3,24,0,0,0,0,,,,6.95993
311114954,1,3340.33,9214.12,4,16.3046,19.7396,3,24,0,0,1,1,3340.34,9165.62,3,15.7585
311114954,2,3361.06,13337.2,8,27.8523,40.4078,3,24,0,0,1,1,3361.04,14374,6,30.6385
311114954,3,3349.43,1474.5,16,4.16694,6.31769,3,24,0,0,0,0,,,,3.06566
311114954,4,3365,4589.76,8,9.58487,13.9056,3,24,0,0,1,1,3365.02,4927.1,6,10.046
311114954,5,3366.76,4490.44,16,12.69,19.2399,3,24,0,0,1,1,3366.75,4260.23,16,11.7474
311114954,6,3364.85,4830.7,8,10.088,14.6356,3,24,0,0,1,1,3364.82,4564.6,6,9.26277
311114954,7,3352.65,4966.79,1,4.91573,5.32023,3,24,0,0,0,0,,,,5.04102
311114954,8,3365.83,44771.8,1,44.3116,47.9578,3,24,0,0,1,1,3365.84,40400.4,1,43.6611
311114954,9,3362.18,9737.14,24,36.8299,51.0966,3,24,0,0,1,1,3362.2,8003.38,24,31.018
311114954,10,3364.28,13073.2,16,36.9451,56.0141,3,24,0,0,1,1,3364.26,13013.2,12,29.9538
311114954,11,3360.64,6106.36,1,6.04359,6.5409,3,24,0,0,1,1,3360.65,5832.85,2,9.33478
311114954,12,3351.09,1782.17,16,5.03642,7.63595,3,24,0,0,0,0,,,,4.46882
311114954,13,3351.11,7205.86,2,10.215,10.9158,3,24,0,0,1,1,3351.11,7274.98,2,11.3251
311114954,14,3352.02,19271.2,8,40.2444,58.3861,3,24,0,0,1,1,3352.02,19499.2,6,39.927
311114954,15,3366.39,50000,1,49.486,53.5581,3,24,0,0,1,1,3366.38,43833.4,1,47.5646
311114954,16,3365.79,19562,1,19.361,20.9541,3,24,0,0,1,1,3365.79,17868.8,1,19.3437
311114954,17,3350.28,2550.54,8,5.32633,7.72738,3,24,0,0,0,0,,,,6.23463
311114954,18,3362.34,32822.6,1,32.4852,35.1583,3,24,0,0,1,1,3362.34,29148.6,1,31.7067
311114954,19,3347.28,9418.74,1,9.32192,10.089,3,24,0,0,1,1,3347.28,7909.14,1,8.65935
311578380,0,3351.67,1980.37,24,22.5417,22.7889,3,24,0,0,1,1,3351.6,1867.58,16,18.0213
311578380,1,3347.5,1434.24,2,4.75157,4.76438,3,24,0,0,0,0,,,,3.93728
311578380,2,3349.03,2549.44,2,8.4462,8.46896,3,24,0,0,1,1,3349.03,2122.1,2,7.87866
311578380,3,3348.28,273.268,24,3.11048,3.14459,3,24,0,0,0,0,,,,4.65372
311578380,4,3346.85,904.401,4,4.25323,4.24875,3,24,0,0,0,0,,,,2.08258
311578380,5,3350.67,10183,4,47.8889,47.8384,3,24,0,0,1,1,3350.67,9411.86,4,48.1055
311578380,6,3347.44,2112.82,2,6.9997,7.01856,3,24,0,0,1,1,3347.43,2796.76,1.5,8.61382
311578380,7,3362.36,16146.1,1,36.8368,37.9261,3,24,0,0,1,1,3362.37,15046.9,1,37.9924
311578380,8,3351.94,2369.41,4,11.1429,11.1312,3,24,0,0,1,1,3351.94,2477.4,3,11.0073
311578380,9,3355.18,9714.74,2,32.1845,32.2713,3,24,0,0,0,0,,,,
311578380,10,3364.87,1898.14,4,8.92657,8.91717,3,24,0,0,1,1,3364.87,2422.13,3,10.9085
311578380,11,3348.4,1649.86,8,11.0889,10.9613,3,24,0,0,1,1,3348.3,1115.41,12,11.3854
311578380,12,3364.32,1757,2,5.82087,5.83656,3,24,0,0,0,0,,,,6.14877
311578380,13,3340.67,1200.96,4,5.6479,5.64196,3,24,0,0,0,0,,,,3.66643
311578380,14,3350.01,932.642,16,9.03764,8.76285,3,24,0,0,1,1,3349.98,1150.15,12,11.3199
311578380,15,3365.37,7677.49,4,36.1058,36.0678,3,24,0,0,1,1,3365.37,6535.61,4,34.0539
311578380,16,3366.32,4576.41,1,10.4409,10.7497,3,24,0,0,1,1,3366.32,3884.17,1,9.69825
311578380,17,3363.25,5656.15,16,54.8101,53.1436,3,24,0,0,1,1,3363.21,5631.87,12,45.852
311578380,18,3351.99,2768.22,1,6.3156,6.50236,3,24,0,0,0,0,,,,6.3571
311578380,19,3349.62,673.611,4,3.16787,3.16453,3,24,0,0,0,0,,,,3.81795
272786046,0,3347.16,10117.4,4,14.0747,19.75,1.5,12,1,0,1,1,3347.16,11011,4,16.3694
272786046,1,3347.87,4206.72,2,4.51531,5.80664,1.5,12,1,0,0,0,,,,4.80924
272786046,2,3353.4,19849.5,8,40.3904,54.7974,1.5,12,1,0,1,1,3353.5,19818.5,12,39.6272
272786046,3,3351.03,6045.35,1,4.94942,5.90048,1.5,12,1,0,0,0,,,,4.97528
272786046,4,3346.43,50000,1,40.9358,48.8018,1.5,12,1,0,0,0,,,,
272786046,5,3349.13,12060.7,1,9.87427,11.7717,1.5,12,1,0,1,1,3349.13,9658.6,1,8.66779
272786046,6,3365.6,4387.45,4,6.10351,8.56462,1.5,12,1,0,0,0,,,,4.99313
272786046,7,3365.29,6097,4,8.48172,11.9018,1.5,12,1,0,1,1,3365.29,6145.01,3,8.32303
272786046,8,3362.08,6604,4,9.18703,12.8915,1.5,12,1,0,1,1,3362.08,6730.18,4,10.3594
272786046,9,3363.63,3528.64,4,4.9088,6.88816,1.5,12,1,0,0,0,,,,5.44264
272786046,10,3366,9582.19,24,37.4,45.818,2,16,1,0,1,1,3366.1,9332.43,16,19.1659
272786046,11,3353.17,20972.1,2,22.5105,28.9482,1.5,12,1,0,1,1,3353.17,21311.8,1.5,22.4455
272786046,12,3366.45,22197.9,2,23.8262,30.6403,1.5,12,1,0,1,1,3366.45,22125.4,1.5,23.5209
272786046,13,3352.97,5221.47,1,4.2749,5.09635,1.5,12,1,0,0,0,,,,4.1427
272786046,14,3346.76,2859.55,4,3.978,5.58204,1.5,12,1,0,0,0,,,,5.11802
272786046,15,3352.64,4501.31,4,6.26191,8.78688,1.5,12,1,0,0,0,,,,6.12573
272786046,16,3347.49,2859.4,2,3.06915,3.9469,1.5,12,1,0,0,0,,,,4.38607
272786046,17,3364.63,50000,1,40.9358,48.8018,1.5,12,1,0,1,1,3364.63,43781.1,1,39.3721
272786046,18,3350.7,3899.1,4,5.42415,7.61132,1.5,12,1,0,0,0,,,,5.708
272786046,19,3363.02,4165.42,8,8.47594,11.4993,1.5,12,1,0,0,0,,,,6.54939
272786438,0,3363.15,2598.6,8,6.72378,11.4216,3,24,0,0,0,0,,,,6.34918
272786438,1,3364.19,27494.6,2,45.9411,60.4235,3,24,0,0,1,1,3364.19,25271.8,2,46.4124
272786438,2,3349.87,4992.41,24,15.3711,38.0065,3,24,0,0,1,1,3349.97,5179.24,12,14.7647
272786438,3,3354.84,2615.83,4,5.45498,8.12983,3,24,0,0,1,1,3354.81,4742.54,2,8.75698
272786438,4,3351.51,22937.1,16,58.3219,142.574,3,24,0,0,1,1,3351.5,22678.3,12,59.8055
272786438,5,3366.46,8123.01,8,21.018,35.703,3,24,0,0,1,1,3366.45,8221.83,6,20.8234
272786438,6,3346.89,2019.88,4,4.2122,6.27766,3,24,0,0,0,0,,,,6.02901
272786438,7,3351.46,9423.02,2,15.745,20.7084,3,24,0,0,1,1,3351.45,8694.43,2,15.7521
272786438,8,3364.77,5763.36,4,12.0188,17.9122,3,24,0,0,1,1,3364.77,5515.92,4,12.3604
272786438,9,3347.62,1342.98,24,4.13491,10.224,3,24,0,0,0,0,,,,3.40859
272786438,10,3352.29,2024.31,8,5.23782,8.89741,3,24,0,0,0,0,,,,4.10105
272786438,11,3362.48,9034.52,16,22.9719,56.1574,3,24,0,0,1,1,3362.45,10465.7,8,27.8059
272786438,12,3353.8,4396.34,8,11.3754,19.3232,3,24,0,0,0,0,,,,3.25262
272786438,13,3361.53,7632.66,16,19.4075,47.4437,3,24,0,0,1,1,3361.59,6947.01,8,19.7641
272786438,14,3361.7,7073.72,4,14.7514,21.9847,3,24,0,0,1,1,3361.71,6312.96,3,13.515
272786438,15,3350.31,1655.67,16,4.20986,10.2915,3,24,0,0,0,0,,,,4.6858
272786438,16,3349.82,3070.46,2,5.13047,6.74779,3,24,0,0,0,0,,,,4.7558
272786438,17,3349.8,3455.8,1,4.21661,5.37021,3,24,0,0,0,0,,,,3.74431
272786438,18,3363.91,1442.79,4,3.00876,4.48411,3,24,0,0,0,0,,,,1.03258
272786438,19,3347.19,5569,8,14.4096,24.4774,3,24,0,0,1,1,3347.22,3615.35,6,10.1736
273744928,0,3345.97,1564.57,4,5.43703,12.9832,0.75,6,1,0,0,0,,,,1.48164
273744928,1,3339.83,30019.5,24,51.2337,610.192,0.75,6,1,0,0,0,,,,12.8998
273744928,2,3345.1,1052.14,4,3.65628,8.73093,0.75,6,1,0,0,0,,,,2.87327
273744928,3,3357.91,7781.4,8,23.2103,91.3189,0.75,6,1,0,0,0,,,,17.9464
273744928,4,3359.87,10272,8,30.6392,120.548,0.75,6,1,0,0,0,,,,16.9511
273744928,5,3361.13,1026.5,8,3.06182,12.0465,0.75,6,1,0,0,0,,,,3.30926
273744928,6,3340.72,1241.51,1,3.29235,5.15121,0.75,6,1,0,0,0,,,,3.38327
273744928,7,3353.43,1238.8,1,3.28516,5.13997,0.75,6,1,0,0,0,,,,
273744928,8,3343.81,2862.18,2,9.23481,16.7946,0.75,6,1,0,0,0,,,,10.6493
273744928,9,3361.42,1766.9,4,6.14017,14.6623,0.75,6,1,0,0,0,,,,11.3675
273744928,10,3342.37,1536.83,4,5.34065,12.7531,0.75,6,1,0,0,0,,,,3.8995
273744928,11,3365.28,11756,4,40.8532,97.5544,0.75,6,1,0,1,0,3365.28,11323,3,42.2672
273744928,12,3345.74,6710.01,24,11.4519,136.391,0.75,6,1,0,0,0,,,,19.2807
273744928,13,3343,34145.3,16,44.5984,566.694,0.75,6,1,0,0,0,,,,15.7611
273744928,14,3347.81,5183.29,24,8.84623,105.358,0.5,4,1,0,0,0,,,,13.3099
273744928,15,3353.36,4586.91,8,13.6818,53.8299,0.75,6,1,0,0,0,,,,6.88413
273744928,16,3346.46,17519.4,2,56.5263,102.8,0.75,6,1,0,0,0,,,,24.9642
273744928,17,3341.88,13692.2,16,17.8839,227.243,0.75,6,1,0,0,0,,,,9.63984
273744928,18,3350.31,1524.93,1,4.04395,6.32716,0.75,6,1,0,0,0,,,,2.96764
273744928,19,3360.47,40530.4,16,52.9382,672.665,0.75,6,1,0,0,0,,,,6.03014
274269480,0,3350.76,5285.42,8,19.2499,19.173,3,24,0,0,1,1,3350.74,5454.56,6,19.2796
274269480,1,3352.7,699.078,24,3.39042,4.39234,3,24,0,0,0,0,,,,3.56558
274269480,2,3366.38,8980.13,4,21.6528,23.0344,3,24,0,0,1,1,3366.39,8250.15,4,21.7294
274269480,3,3364.57,7736.73,4,18.6547,19.845,3,24,0,0,1,1,3364.55,5499.07,6,20.9577
274269480,4,3350.22,25024.1,2,40.9676,45.3877,3,24,0,0,1,1,3350.22,25727.9,1.5,41.3314
274269480,5,3354.07,9642.47,1,11.3729,12.3667,3,24,0,0,1,1,3354.07,8014.09,1,10.495
274269480,6,3366.2,10517.5,4,25.3596,26.9778,3,24,0,0,1,1,3366.19,10349.7,4,28.4671
274269480,7,3340.33,13903.3,2,22.7615,25.2173,3,24,0,0,1,1,3340.32,12399.5,2,22.0649
274269480,8,3350.97,13784.1,16,55.2798,70.7137,3,24,0,0,1,1,3350.97,12527.5,16,53.8049
274269480,9,3364.97,23635.4,1,27.8771,30.313,3,24,0,0,1,1,3364.98,20166.6,1,26.368
274269480,10,3365.99,6773.99,1,7.98964,8.68778,3,24,0,0,0,0,,,,6.99289
274269480,11,3339.95,6503.85,4,15.682,16.6826,3,24,0,0,1,1,3339.98,6737.48,3,14.9907
274269480,12,3353.19,3620.24,2,5.92679,6.56624,3,24,0,0,0,0,,,,5.13523
274269480,13,3365.32,9635.78,2,15.775,17.477,3,24,0,0,1,1,3365.32,8272.71,1.5,13.3222
274269480,14,3362.66,5964.94,2,9.76536,10.819,3,24,0,0,1,1,3362.66,6061.56,2,10.8909
274269480,15,3350.17,17522,4,42.2489,44.9448,3,24,0,0,1,1,3350.16,16162.5,4,43.1824
274269480,16,3349.41,5295.46,4,12.7683,13.5831,3,24,0,0,1,1,3349.41,5261.01,4,14.2489
274269480,17,3352.41,1945.56,8,7.08588,7.05756,3,24,0,0,0,0,,,,5.24803
274269480,18,3362.64,13494.1,8,49.1466,48.9502,3,24,0,0,1,1,3362.65,13770.4,6,54.3884
274269480,19,3365.66,14005.7,8,51.01,50.8061,3,24,0,0,1,1,3365.65,14076.3,6,49.367
318252070,0,3367.25,432.296,24,5.30425,10.1455,3,24,0,0,0,0,,,,2.14659
318252070,1,3365.71,1971.61,1,8.60687,9.44511,3,24,0,0,1,1,3365.71,1957.76,1,9.42597
318252070,2,3346.85,1670.15,24,20.4927,39.1966,3,24,0,0,1,1,3347.04,1520.86,12,16.0698
318252070,3,3353.46,1394.66,8,11.6446,18.8973,3,24,0,0,1,1,3353.49,1605.03,8,12.6672
318252070,4,3340.8,1864.43,1,8.139,8.93167,3,24,0,0,1,1,3340.8,1924.04,1,9.28253
318252070,5,3367.16,4368.75,2,25.5112,29.5978,3,24,0,0,1,1,3367.16,3975.16,1.5,23.0286
318252070,6,3341.04,1838.5,24,22.5584,43.1476,3,24,0,0,1,1,3340.75,1682.75,8,15.1117
318252070,7,3352.03,890.073,16,10.0417,17.0558,3,24,0,0,1,1,3352.04,896.953,16,10.4099
318252070,8,3367.13,939.59,8,7.84506,12.7312,3,24,0,0,0,0,,,,4.67115
318252070,9,3366.8,3787.74,24,46.4755,88.8942,3,24,0,0,1,1,3366.73,3522.06,16,44.635
318252070,10,3364.87,3666.54,24,44.9883,86.0497,3,24,0,0,1,1,3364.84,3739.34,16,33.2129
318252070,11,3351.13,497.593,4,3.33515,4.76751,3,24,0,0,0,0,,,,4.65023
318252070,12,3354.43,792.159,1,3.4581,3.7949,3,24,0,0,0,0,,,,1.90612
318252070,13,3366.46,1119.61,1,4.88757,5.36358,3,24,0,0,0,0,,,,4.62713
318252070,14,3363.03,6165.48,1,26.9149,29.5362,3,24,0,0,1,1,3363.03,5490.58,1,26.6289
318252070,15,3365.3,4098.42,4,27.4699,39.2676,3,24,0,0,1,1,3365.29,4235.25,3,28.9599
318252070,16,3346.48,1380.27,4,9.25135,13.2246,3,24,0,0,0,0,,,,5.04776
318252070,17,3363,847.108,1,3.69798,4.05813,3,24,0,0,0,0,,,,2.63237
318252070,18,3353.22,592.124,8,4.94392,8.02316,3,24,0,0,0,0,,,,3.74108
318252070,19,3365.21,2155.55,4,14.4477,20.6526,3,24,0,0,1,1,3365.21,2326.12,3,15.8049
318252698,0,3352.09,33638.6,4,44.9998,53.9948,3,24,0,0,1,1,3352.09,33874.2,3,43.1484
318252698,1,3352.17,3727.05,4,4.98582,5.98244,3,24,0,0,0,0,,,,4.8648
318252698,2,3349.63,32213.5,1,23.1807,25.8536,3,24,0,0,1,1,3349.63,26893.4,1,21.4199
318252698,3,3352.78,9865.45,1,7.09915,7.91772,3,24,0,0,0,0,,,,5.58612
318252698,4,3365.04,6621.89,16,12.5675,21.2582,3,24,0,0,1,1,3365.06,7136.07,12,12.2853
318252698,5,3350.35,11362.6,1,8.17651,9.11931,3,24,0,0,1,1,3350.35,10776.6,1,8.51912
318252698,6,3350.39,45157.8,2,48.2469,51.2544,3,24,0,0,1,1,3350.39,40903.3,2,48.2555
318252698,7,3363.26,5066.27,2,5.41284,5.75025,3,24,0,0,0,0,,,,6.951
318252698,8,3352.9,6201.93,2,6.62618,7.03923,3,24,0,0,0,0,,,,6.0438
318252698,9,3354.9,1829.07,24,3.88878,7.1915,3,24,0,0,0,0,,,,2.76796
318252698,10,3364.83,26833.5,8,43.1356,60.9124,3,24,0,0,1,1,3364.82,27116.4,6,45.15
318252698,11,3354.07,23521.4,2,25.1305,26.697,3,24,0,0,1,1,3354.07,22327.9,2,26.475
318252698,12,3353.52,20755.9,16,39.392,66.6324,3,24,0,0,1,1,3353.45,20914.2,8,32.8931
318252698,13,3354.28,7028.29,2,7.50907,7.97716,3,24,0,0,1,1,3354.28,6574.05,2,7.79216
318252698,14,3366.38,10176.2,2,10.8723,11.5501,3,24,0,0,1,1,3366.38,11321.8,1.5,11.2071
318252698,15,3365.26,1784.23,16,3.38624,5.7279,3,24,0,0,0,0,,,,3.85131
318252698,16,3362.92,24866.6,16,47.1934,79.8287,3,24,0,0,1,1,3362.91,25578.1,12,47.9777
318252698,17,3347.38,19004.5,8,30.5502,43.1404,3,24,0,0,1,1,3347.37,16708.8,6,28.2025
318252698,18,3364.87,21827.5,8,35.0883,49.5487,3,24,0,0,1,1,3364.89,22274.5,6,35.9284
318252698,19,3340.88,34042,8,54.7235,77.2758,2,16,1,0,1,1,3340.81,31689.1,3,45.5969
318275039,0,3354.4,2893.1,8,8.42909,16.0474,3,24,0,0,1,1,3354.56,2902.37,12,10.4759
318275039,1,3349.45,1589.95,16,5.91012,12.4722,3,24,0,0,0,0,,,,2.97078
318275039,2,3354.44,7241.85,8,21.0992,40.169,3,24,0,0,1,1,3354.44,7136.97,8,23.0782
318275039,3,3347.01,1010.08,16,3.75465,7.92345,3,24,0,0,0,0,,,,4.39977
318275039,4,3367.25,4981.34,24,24.9145,47.8574,3,24,0,0,1,1,3366.99,4596.78,8,13.2171
318275039,5,3339.91,6224.69,16,23.1382,48.8286,3,24,0,0,1,1,3340.05,7941.78,6,21.9114
318275039,6,3365.27,4304.49,8,12.5412,23.8761,3,24,0,0,1,1,3365.26,3696.53,8,10.2166
318275039,7,3367.2,2672.01,24,13.3642,25.6709,3,24,0,0,0,0,,,,5.87867
318275039,8,3348.61,13899.4,16,51.6663,109.031,3,24,0,0,1,1,3348.61,12215.7,16,44.7936
318275039,9,3349.04,2525.71,24,12.6325,24.2653,3,24,0,0,0,0,,,,3.33007
318275039,10,3349.62,7861.84,8,22.9056,43.608,3,24,0,0,1,1,3349.63,6847.25,8,19.1177
318275039,11,3347.71,22855.2,2,38.4229,63.3866,3,24,0,0,1,1,3347.71,19945.2,2,37.4445
318275039,12,3363.83,10293.5,24,51.4833,98.8927,3,24,0,0,1,1,3363.82,8648.17,24,34.7002
318275039,13,3340.76,9451,8,27.5357,52.4227,3,24,0,0,1,1,3340.76,8060.33,6,21.2288
318275039,14,3352,6064.1,16,22.5413,47.569,3,24,0,0,1,1,3352.01,5829.1,16,19.2
318275039,15,3347.11,12601.5,1,16.9623,24.7126,3,24,0,0,1,1,3347.11,11546.6,1,17.2086
318275039,16,3362.7,5281.46,16,19.6321,41.4296,3,24,0,0,1,1,3362.79,5650.54,12,20.5193
318275039,17,3347.05,5262.36,1,7.08345,10.32,3,24,0,0,1,1,3347.05,5245.53,1,7.84529
318275039,18,3350.32,14967,4,31.1436,58.7033,3,24,0,0,1,1,3350.32,15355.6,3,31.1212
318275039,19,3350.44,14399.1,2,24.2069,39.9343,3,24,0,0,1,1,3350.44,14194.6,1.5,23.2104
318275887,0,3349.4,1706.36,2,5.55065,6.46718,3,24,0,0,0,0,,,,5.80968
318275887,1,3353.53,480.245,24,6.59154,6.30519,3,24,0,0,0,0,,,,3.66847
318275887,2,3363.66,1425.83,1,3.49085,3.82117,3,24,0,0,0,0,,,,4.21763
318275887,3,3340.31,614.98,16,6.29783,6.59251,3,24,0,0,0,0,,,,5.05404
318275887,4,3349.4,2914.67,2,9.48117,11.0467,3,24,0,0,1,1,3349.4,3016.58,1.5,9.78051
318275887,5,3348.63,413.631,24,5.67724,5.43061,3,24,0,0,0,0,,,,5.16823
318275887,6,3364.53,766.367,4,3.29836,4.10768,3,24,0,0,0,0,,,,3.15449
318275887,7,3353.06,737.112,4,3.17245,3.95087,3,24,0,0,0,0,,,,3.10913
318275887,8,3354.46,7051.86,8,53.9042,53.4538,3,24,0,0,1,1,3354.46,6157.59,8,50.1457
318275887,9,3348.4,3127.56,4,13.4607,16.7635,3,24,0,0,1,1,3348.39,2794.86,4,13.3037
318275887,10,3353.06,7463.88,4,32.1237,40.0059,3,24,0,0,1,1,3353.05,7368.48,3,31.1254
318275887,11,3366.18,8295.49,1,20.3098,22.2317,3,24,0,0,1,1,3366.19,7718.3,1,20.7821
318275887,12,3349.19,2477.81,2,8.0601,9.39101,3,24,0,0,1,1,3349.19,2527.51,1.5,8.17643
318275887,13,3363.98,379.212,16,3.8834,4.0651,3,24,0,0,0,0,,,,4.12136
318275887,14,3362.92,1418.74,16,14.5289,15.2087,3,24,0,0,1,1,3362.96,1314.93,12,12.9075
318275887,15,3363.64,540.881,16,5.539,5.79818,3,24,0,0,0,0,,,,5.29959
318275887,16,3347.46,2259.24,16,23.1362,24.2187,3,24,0,0,1,1,3347.48,2390.61,12,22.4439
318275887,17,3354.77,2042.33,2,6.64353,7.74052,3,24,0,0,0,0,,,,5.75626
318275887,18,3367.05,2059.6,2,6.69972,7.80599,3,24,0,0,0,0,,,,5.59296
318275887,19,3340.41,7833.49,1,19.1787,20.9935,3,24,0,0,1,1,3340.41,6958.54,1,18.6987
318355361,0,3365.71,882.793,4,3.2474,3.99731,3,24,0,0,0,0,,,,3.6118
318355361,1,3366.21,2785.08,2,7.8456,8.91726,3,24,0,0,1,1,3366.21,2953.02,1.5,7.99382
318355361,2,3366.7,5426.85,1,10.8804,12.2865,3,24,0,0,1,1,3366.71,5777.42,1,12.9247
318355361,3,3364.59,6974.82,16,50.3831,63.1644,3,24,0,0,1,1,3364.6,6918.43,12,34.7446
318355361,4,3348.71,818.004,16,5.90891,7.40789,3,24,0,0,0,0,,,,4.06451
318355361,5,3365.34,2038.6,1,4.08722,4.61542,3,24,0,0,0,0,,,,3.46719
318355361,6,3354.01,12655.7,4,46.5546,57.3054,3,24,0,0,1,1,3354.01,12439.8,3,44.9338
318355361,7,3367.23,1837.32,24,16.0142,20.3784,3,24,0,0,1,1,3366.98,2193.51,12,15.7868
318355361,8,3349.1,1158.81,16,8.37075,10.4942,3,24,0,0,0,0,,,,5.7671
318355361,9,3363.29,1098.56,4,4.04109,4.97429,3,24,0,0,0,0,,,,5.31395
318355361,10,3351.37,955.916,8,4.61774,6.1213,3,24,0,0,0,0,,,,2.78261
318355361,11,3362.42,1796.96,16,12.9804,16.2733,3,24,0,0,0,0,,,,5.3258
318355361,12,3340.01,5267.58,1,10.561,11.9259,3,24,0,0,1,1,3340.01,4196.07,1,9.38166
318355361,13,3366.44,2804.63,2,7.90068,8.97986,3,24,0,0,1,1,3366.44,2447.24,2,7.60655
318355361,14,3346.92,5338.89,2,15.0397,17.094,3,24,0,0,1,1,3346.92,5357.5,2,16.885
318355361,15,3367.12,353.864,24,3.0843,3.92483,3,24,0,0,0,0,,,,4.00332
318355361,16,3363.84,1283.43,24,11.1864,14.235,3,24,0,0,1,1,3363.8,1657.43,24,12.8564
318355361,17,3364.2,19002.2,2,53.5295,60.8413,3,24,0,0,1,1,3364.21,17457,2,54.4352
318355361,18,3364.41,2777.97,1,5.5696,6.28937,3,24,0,0,0,0,,,,5.56454
318355361,19,3340.91,6394.6,2,18.0137,20.4742,3,24,0,0,0,0,,,,
320323295,0,3354.58,12134.4,4,32.8567,35.84,3,24,0,0,1,1,3354.59,10273.8,4,30.327
320323295,1,3350.18,2783.56,8,9.89309,11.627,3,24,0,0,1,1,3350.21,2866.9,6,9.75941
320323295,2,3349.58,16786.3,4,45.4529,49.58,3,24,0,0,1,1,3349.58,15372.7,4,43.9485
320323295,3,3346.75,1442.52,24,8.49828,10.4364,3,24,0,0,0,0,,,,5.75111
320323295,4,3347.85,12932.2,2,25.0926,27.0091,3,24,0,0,1,1,3347.85,11993.1,2,25.8953
320323295,5,3347.07,5376.17,4,14.5573,15.8791,3,24,0,0,1,1,3347.07,4605.68,4,13.6123
320323295,6,3352.38,9381.38,8,33.3425,39.1862,3,24,0,0,1,1,3352.39,9225.35,6,31.8284
320323295,7,3364.13,789.601,24,4.65176,5.71262,3,24,0,0,0,0,,,,3.96788
320323295,8,3363.97,10363.6,8,36.8335,43.289,3,24,0,0,1,1,3363.97,10201.8,6,35.8751
320323295,9,3366.79,5422.76,24,31.947,39.2326,3,24,0,0,1,1,3366.79,5458.49,16,30.4994
320323295,10,3340.32,1219.64,8,4.33476,5.09448,3,24,0,0,0,0,,,,3.89157
320323295,11,3350.75,13354.2,8,47.4623,55.7807,3,24,0,0,1,1,3350.76,13359.5,6,46.7721
320323295,12,3347.66,16270.9,4,44.0574,48.0578,3,24,0,0,1,1,3347.66,14577.3,4,42.1485
320323295,13,3348.67,2051.76,2,3.98106,4.28513,3,24,0,0,0,0,,,,3.39104
320323295,14,3363.32,5115.56,2,9.92579,10.6839,3,24,0,0,1,1,3363.32,5575.84,1.5,10.4312
320323295,15,3367.03,548.938,24,3.23395,3.97147,3,24,0,0,0,0,,,,2.56483
320323295,16,3350,16373.8,8,58.1944,68.3937,3,24,0,0,1,1,3350.01,16299,6,54.8124
320323295,17,3366.41,2189.47,2,4.24825,4.57272,3,24,0,0,0,0,,,,4.44573
320323295,18,3364.38,1920.31,2,3.726,4.01058,3,24,0,0,0,0,,,,3.76057
320323295,19,3366.76,13059.8,2,25.34,27.2755,3,24,0,0,1,1,3366.76,13353.2,1.5,24.8667
329173917,0,3355.04,2324.99,16,6.90656,13.2247,3,24,0,0,0,0,,,,5.3143
329173917,1,3359.24,5505.24,4,11.4034,15.657,3,24,0,0,1,1,3359.24,5971.51,3,12.2305
329173917,2,3361.54,4644.41,1,6.02236,6.6044,3,24,0,0,1,1,3361.54,5166.95,1,7.43643
329173917,3,3354.17,15794.9,24,56.5088,110.033,3,24,0,0,1,1,3354.12,15890.8,24,55.3968
329173917,4,3340.79,15369,8,39.7293,61.815,3,24,0,0,1,1,3340.81,14837.6,6,37.98
329173917,5,3352.17,10579.1,1,13.7178,15.0436,3,24,0,0,1,1,3352.17,8662.7,1,12.4266
329173917,6,3361.64,33697.2,1,43.6948,47.9177,3,24,0,0,1,1,3361.65,30272.5,1,43.4335
329173917,7,3347.08,7413.27,24,26.5223,51.6438,3,24,0,0,1,1,3347.15,7875.38,16,23.7762
329173917,8,3342.68,1874.94,16,5.56963,10.6647,3,24,0,0,0,0,,,,5.2649
329173917,9,3354.08,8529.76,4,17.6683,24.2588,3,24,0,0,1,1,3354.08,9379.93,3,19.4159
329173917,10,3350.38,1541.65,16,4.57958,8.76897,3,24,0,0,0,0,,,,4.39855
329173917,11,3360.45,11683.2,4,24.2003,33.2274,3,24,0,0,1,1,3360.38,8068.27,8,18.231
329173917,12,3347.47,15957.7,2,26.7915,32.0914,3,24,0,0,1,1,3347.47,15083.5,2,27.9343
329173917,13,3361.7,1879.88,4,3.89392,5.34641,3,24,0,0,0,0,,,,4.20284
329173917,14,3364.15,17692.5,4,36.6477,50.3178,3,24,0,0,1,1,3364.15,18075.9,3,37.5114
329173917,15,3348.38,1178.76,24,4.21723,8.21174,3,24,0,0,0,0,,,,3.28801
329173917,16,3363.77,2054.12,4,4.25485,5.84197,3,24,0,0,0,0,,,,5.34592
329173917,17,3342.62,1909.37,8,4.93577,7.67959,3,24,0,0,0,0,,,,6.21745
329173917,18,3361.22,1785.52,8,4.61561,7.18145,3,24,0,0,0,0,,,,5.3407
329173917,19,3342.46,3129.73,4,6.48284,8.90103,3,24,0,0,0,0,,,,6.32121
336435374,0,3365.27,13499.6,16,59.3653,280.283,3,24,0,1,1,1,3365.24,13556.2,12,110.331
336435374,1,3342.65,4736.82,8,10.9661,69.5422,3,24,0,1,1,1,3342.6,3043.18,12,26.7735
336435374,2,3341.86,9460.96,16,41.6052,196.432,3,24,0,1,1,1,3341.83,9483.12,12,78.6997
336435374,3,3349.5,12480.2,4,13.6421,129.559,3,24,0,1,0,0,,,,34.1803
336435374,4,3345.49,43055.4,1,10.6126,223.483,3,24,0,1,0,0,,,,31.2132
336435374,5,3352.2,50000,1,12.3243,259.53,3,24,0,1,0,0,,,,32.359
336435374,6,3343.28,21689.3,2,20.6924,159.213,3,24,0,1,0,0,,,,29.5446
336435374,7,3358.31,2806.65,4,3.06796,29.1364,3,24,0,1,0,0,,,,6.28336
336435374,8,3359.37,4601.32,16,20.2346,95.5344,3,24,0,1,1,1,3359.37,4640.65,12,40.003
336435374,9,3346.58,9296.97,4,10.1625,96.5136,3,24,0,1,0,0,,,,29.6396
336435374,10,3358.27,10698,16,47.0451,222.115,3,24,0,1,1,1,3358.28,10633.2,12,89.3832
336435374,11,3359.64,29051.9,1,7.16089,150.797,3,24,0,1,0,0,,,,19.0546
336435374,12,3348.65,17543.2,2,16.7368,128.778,3,24,0,1,0,0,,,,23.7606
336435374,13,3366.1,377.452,24,4.40571,9.59809,3,24,0,1,0,0,,,,3.32449
336435374,14,3342.99,1273.76,16,5.60146,26.4463,3,24,0,1,1,1,3343.01,1481.98,12,12.9999
336435374,15,3352.3,50000,1,12.3243,259.53,3,24,0,1,0,0,,,,32.8577
336435374,16,3346.16,1326.76,16,5.83454,27.5468,3,24,0,1,1,1,3346.12,1236.1,12,8.42126
336435374,17,3361.88,8964.82,2,8.55275,65.8072,3,24,0,1,0,0,,,,10.5893
336435374,18,3353.29,2091.66,24,24.4143,53.1879,3,24,0,1,1,1,3353.2,1889.02,24,21.6168
336435374,19,3351.37,17586.9,2,16.7785,129.098,3,24,0,1,0,0,,,,23.2186
357388535,0,3362.62,1414.18,24,10.4714,14.2198,3,24,0,0,0,0,,,,5.79238
357388535,1,3347.14,3044.31,8,12.0305,17.6732,3,24,0,0,1,1,3347.13,3049.13,8,13.6378
357388535,2,3366.32,1309.21,16,7.365,10.7486,3,24,0,0,0,0,,,,5.10235
357388535,3,3362.31,1985.84,8,7.84768,11.5285,3,24,0,0,0,0,,,,6.711
357388535,4,3349.36,774.4,16,4.3564,6.35781,3,24,0,0,0,0,,,,3.76924
357388535,5,3349.84,24688.1,1,46.4508,50.6722,3,24,0,0,1,1,3349.84,21675,1,45.2336
357388535,6,3366.47,8754.35,2,22.2947,25.411,3,24,0,0,1,1,3366.47,8241.68,1.5,19.8624
357388535,7,3353.14,1708.33,4,5.1442,7.01269,3,24,0,0,0,0,,,,6.42968
357388535,8,3350.52,3504.47,8,13.849,20.3446,3,24,0,0,1,1,3350.51,3190.32,8,13.1215
357388535,9,3347.86,3873.13,8,15.3059,22.4849,3,24,0,0,1,1,3347.85,3324.58,8,14.1414
357388535,10,3351.76,6661.43,1,12.5335,13.6726,3,24,0,0,1,1,3351.76,6106.57,1,12.7097
357388535,11,3346.65,2167.31,24,16.0479,21.7926,3,24,0,0,1,1,3346.73,2904.15,16,20.4283
357388535,12,3340.49,12785.9,1,24.0569,26.2431,3,24,0,0,1,1,3340.49,11220.9,1,23.1546
357388535,13,3351.6,838.784,8,3.31472,4.86942,3,24,0,0,0,0,,,,2.88337
357388535,14,3360.97,870.85,16,4.89898,7.14967,3,24,0,0,0,0,,,,3.73973
357388535,15,3363.44,4042.81,1,7.60658,8.29786,3,24,0,0,0,0,,,,6.88219
357388535,16,3363.74,5189.37,8,20.5074,30.126,3,24,0,0,1,1,3363.74,4923.82,8,21.6718
357388535,17,3365.17,1528.99,2,3.89387,4.43815,3,24,0,0,0,0,,,,3.69704
357388535,18,3365.34,3418.6,4,10.2942,14.0333,3,24,0,0,1,1,3365.35,3198.2,3,9.99625
357388535,19,3361.01,23080.8,1,43.4266,47.3732,3,24,0,0,1,1,3361.01,20394.9,1,42.2755
364695238,0,3349.98,283.67,24,7.37329,13.915,3,24,0,0,0,0,,,,5.30362
364695238,1,3341.3,1294.84,16,29.4234,51.8611,3,24,0,0,1,1,3341.28,1087.16,16,25.2216
364695238,2,3363.28,1108.28,4,14.8088,22.1945,3,24,0,0,1,1,3363.26,1134.48,3,15.0029
364695238,3,3348.71,1283.75,8,22.5004,36.3572,3,24,0,0,1,1,3348.72,1113.77,8,20.7131
364695238,4,3341.8,638.947,8,11.1989,18.0957,3,24,0,0,1,1,3341.83,519.016,6,8.84186
364695238,5,3360.04,3163.32,4,42.268,63.3487,3,24,0,0,1,1,3360.09,3184.11,6,43.745
364695238,6,3361.34,292.157,24,7.59391,14.3313,3,24,0,0,0,0,,,,4.74648
364695238,7,3365.76,251.457,8,4.4073,7.12152,3,24,0,0,0,0,,,,4.01981
364695238,8,3361.9,475.308,8,8.33075,13.4612,3,24,0,0,1,1,3361.89,493.617,6,8.28397
364695238,9,3340.84,1866.8,1,16.1884,18.6923,3,24,0,0,1,1,3340.85,1435.37,1,13.7753
364695238,10,3354.61,1278.76,8,22.4129,36.2159,3,24,0,0,1,1,3354.61,1331.81,6,21.7242
364695238,11,3359.91,343.381,16,7.80282,13.7531,3,24,0,0,1,1,3359.98,475.21,16,10.3568
364695238,12,3347.38,782.857,24,20.3484,38.4019,3,24,0,0,1,1,3347.36,751.386,24,20.1963
364695238,13,3359.69,220.9,24,5.74174,10.8359,3,24,0,0,0,0,,,,5.20672
364695238,14,3355.89,223.573,8,3.91857,6.33182,3,24,0,0,0,0,,,,3.35405
364695238,15,3340.46,993.415,4,13.2739,19.8942,3,24,0,0,1,1,3340.46,995.408,4,14.5784
364695238,16,3351.15,888.049,24,23.0826,43.5619,3,24,0,0,1,1,3351.15,775.049,24,19.3319
364695238,17,3358.37,457.815,1,3.97005,4.58411,3,24,0,0,0,0,,,,4.27506
364695238,18,3343.28,195.407,8,3.42491,5.53413,3,24,0,0,0,0,,,,4.59748
364695238,19,3358.16,228.789,4,3.05706,4.58174,3,24,0,0,0,0,,,,3.41349
371519846,0,3348.83,4115.07,24,18.1401,20.1254,3,24,0,0,1,1,3348.87,3885.29,24,14.7962
371519846,1,3349.76,17213.2,4,28.7436,34.368,3,24,0,0,1,1,3349.76,17274,3,27.6586
371519846,2,3350.21,690.616,24,3.04438,3.37757,3,24,0,0,0,0,,,,4.15435
371519846,3,3364.87,7943.74,2,10.1013,11.2151,3,24,0,0,1,1,3364.87,8019.3,1.5,10.0875
371519846,4,3351.21,10838.3,16,36.4418,43.2798,3,24,0,0,1,1,3351.23,10593.1,12,33.7744
371519846,5,3347.27,2407.93,16,8.09621,9.61537,3,24,0,0,1,1,3347.07,3286.58,12,12.1565
371519846,6,3366.8,5146.94,24,22.6888,25.1719,3,24,0,0,1,1,3366.75,5243.93,16,16.7164
371519846,7,3347.99,11098,4,18.532,22.1583,3,24,0,0,1,1,3348,10217.2,3,17.1265
371519846,8,3339.88,1500.2,16,5.04412,5.99059,3,24,0,0,0,0,,,,2.72066
371519846,9,3348.5,3704.77,24,16.3314,18.1188,3,24,0,0,1,1,3348.54,3224.25,24,13.6404
371519846,10,3353.21,10852.6,24,47.8406,53.0764,3,24,0,0,1,1,3353.08,10867.4,12,32.5235
371519846,11,3347.32,5416.83,2,6.88805,7.64755,3,24,0,0,0,0,,,,6.93302
371519846,12,3351.95,2736.25,8,6.49635,7.72614,3,24,0,0,0,0,,,,6.29321
371519846,13,3347.33,3792.37,1,3.58908,3.78593,3,24,0,0,0,0,,,,3.17376
371519846,14,3340.15,1775.29,16,5.96908,7.08912,3,24,0,0,0,0,,,,2.84016
371519846,15,3347.7,12789.5,16,43.0023,51.0713,3,24,0,0,1,1,3347.72,11440.7,12,38.1164
371519846,16,3340.76,13343.8,2,16.9679,18.8389,3,24,0,0,1,1,3340.76,12912.5,1.5,16.1636
371519846,17,3340.23,8654,8,20.5462,24.4356,3,24,0,0,1,1,3340.22,7479.4,8,19.0717
371519846,18,3352.98,4671.51,2,5.94029,6.59529,3,24,0,0,0,0,,,,5.7213
371519846,19,3347.62,1822.95,8,4.32802,5.14733,3,24,0,0,0,0,,,,2.25045
371767818,0,3346.51,5982.47,2,6.65394,8.59587,1,8,1,0,0,0,,,,7.09851
371767818,1,3350.08,7123.75,1,6.0434,7.23774,1,8,1,0,0,0,,,,5.07514
371767818,2,3350.85,13578.2,2,15.1022,19.5097,1,8,1,0,1,1,3350.85,12721.5,2,15.4854
371767818,3,3353.79,5553.59,1,4.71136,5.64245,1,8,1,0,0,0,,,,4.7178
371767818,4,3350.19,8266.96,24,34.7962,41.1477,1.25,10,1,0,0,0,,,,4.79009
371767818,5,3350.28,12952.3,4,19.3699,26.3191,1,8,1,0,1,1,3350.28,12864.6,3,18.6257
371767818,6,3349.64,3638.95,8,7.01909,10.4572,1,8,1,0,0,0,,,,6.33215
371767818,7,3364.18,38044.7,4,56.895,77.3069,1,8,1,0,1,1,3364.18,37414.8,3,54.1051
371767818,8,3340.21,25861.1,2,28.7638,37.1584,1,8,1,0,1,1,3340.21,23806.5,2,28.7858
371767818,9,3351.24,4911.44,16,16.368,19.9601,1,8,1,0,0,0,,,,4.11897
371767818,10,3355.37,1663.04,16,5.54231,6.75861,1,8,1,0,0,0,,,,1.62111
371767818,11,3366.83,10919.5,24,45.9609,54.3503,1,8,1,0,0,0,,,,5.29599
371767818,12,3353.24,5771.99,16,19.2359,23.4574,1.5,12,1,0,0,0,,,,4.07145
371767818,13,3353.08,2490.63,24,10.4832,12.3968,1.5,12,1,0,0,0,,,,2.40563
371767818,14,3365.45,968.004,16,3.226,3.93397,1,8,1,0,0,0,,,,2.62565
371767818,15,3348.41,10853,4,16.2304,22.0533,1,8,1,0,1,1,3348.41,10702,3,15.5203
371767818,16,3350.01,989.758,16,3.2985,4.02238,1,8,1,0,0,0,,,,2.8486
371767818,17,3347.05,28321.4,2,31.5001,40.6934,1,8,1,0,1,1,3347.05,24802,2,30.2969
371767818,18,3361.26,12916.3,16,43.0452,52.4919,1,8,1,0,1,1,3361.38,10645.3,8,19.9263
371767818,19,3348.32,6315.73,2,7.0246,9.07471,1,8,1,0,0,0,,,,4.86519
341706867,0,3349.56,17140,1,21.9639,23.6274,3,24,0,0,1,1,3349.57,15172.1,1,21.4954
341706867,1,3365.84,4651.93,24,17.2857,31.4156,3,24,0,0,1,1,3365.58,4449.31,8,11.531
341706867,2,3340.49,2195.43,8,5.88306,8.55993,3,24,0,0,0,0,,,,4.89511
341706867,3,3352.56,17001.6,2,29.531,33.1444,3,24,0,0,1,1,3352.57,15358,2,28.9248
341706867,4,3363.82,12744.9,24,47.3574,86.069,3,24,0,0,1,1,3363.82,11521,24,39.1398
341706867,5,3365.73,11030.2,4,24.145,30.4103,3,24,0,0,1,1,3365.73,10569.6,3,23.2373
341706867,6,3354.67,8198.17,4,17.9457,22.6023,3,24,0,0,1,1,3354.66,7960.7,3,17.3837
341706867,7,3350.08,40717.9,1,52.1776,56.1295,3,24,0,0,1,1,3350.08,34497.2,1,48.8415
341706867,8,3365.11,1940.79,4,4.24836,5.35075,3,24,0,0,0,0,,,,2.98165
341706867,9,3348.28,4060.18,8,10.88,15.8306,3,24,0,0,1,1,3348.28,5117.31,6,15.0332
341706867,10,3363.19,10429.6,8,27.9482,40.665,3,24,0,0,1,1,3363.18,11035.6,6,33.4153
341706867,11,3340.9,8272.38,1,10.6006,11.4035,3,24,0,0,1,1,3340.91,8059.47,1,11.4166
341706867,12,3362.48,8468.21,2,14.7089,16.5087,3,24,0,0,1,1,3362.48,7783.76,2,14.6992
341706867,13,3352.41,3335.94,8,8.93929,13.0068,3,24,0,0,1,1,3352.43,3593.99,6,9.39998
341706867,14,3364.17,4176.4,8,11.1915,16.2837,3,24,0,0,1,1,3364.18,3726.16,6,10.4796
341706867,15,3348.1,3939.07,1,5.0477,5.43001,3,24,0,0,0,0,,,,5.3938
341706867,16,3367.05,6944.88,16,20.0725,38.294,3,24,0,0,1,1,3366.96,7666.62,8,22.3844
341706867,17,3353.05,3312.64,4,7.25132,9.13294,3,24,0,0,1,1,3353.05,3885.69,3,8.61192
341706867,18,3362.33,5265.67,16,15.2192,29.0349,3,24,0,0,1,1,3362.31,5024.64,8,14.4315
341706867,19,3351.75,6373.22,2,11.07,12.4245,3,24,0,0,1,1,3351.75,5680.75,2,10.6741
351293256,0,3347.99,10639.1,4,12.6077,101.342,0.5,4,1,1,1,1,3347.99,9838.27,3,11.8613
351293256,1,3366.09,3477.42,16,13.0772,66.2478,0.5,4,1,1,0,0,,,,4.10396
351293256,2,3362.26,1616.86,24,12.6994,37.7253,0.5,4,1,1,0,0,,,,2.23578
351293256,3,3347.99,3337.93,16,12.5526,63.5904,0.5,4,1,1,0,0,,,,2.92915
351293256,4,3354.98,3259.24,8,4.4679,43.9051,0.5,4,1,1,0,0,,,,2.0685
351293256,5,3359.93,3417.58,16,12.8521,65.1077,0.5,4,1,1,0,0,,,,2.56184
351293256,6,3346.11,10150.3,2,10.7091,68.3675,0.5,4,1,1,0,0,,,,
351293256,7,3340.17,3205.52,24,25.1774,74.7927,0.5,4,1,1,0,0,,,,1.77052
351293256,8,3347.26,5112.19,4,6.05814,48.6957,0.5,4,1,1,0,0,,,,4.12875
351293256,9,3351.94,10625,16,39.9562,202.415,0.5,4,1,1,0,0,,,,4.04825
351293256,10,3364.97,5502.89,4,6.52114,52.4173,0.5,4,1,1,0,0,,,,3.95684
351293256,11,3364.58,17751.4,2,18.7286,119.564,0.5,4,1,1,1,1,3364.58,19553.4,1.5,22.5304
351293256,12,3359.17,2620.13,8,3.59178,35.2957,0.5,4,1,1,0,0,,,,1.08765
351293256,13,3361.29,3964.06,8,5.43409,53.3997,0.5,4,1,1,0,0,,,,4.17335
351293256,14,3365.01,45577.1,4,54.0106,434.141,0.5,4,1,1,1,1,3365.01,44555.2,3,54.0297
351293256,15,3349.68,11868,8,16.2692,159.874,0.5,4,1,1,0,0,,,,6.21842
351293256,16,3355.19,8349.31,16,31.3984,159.061,0.5,4,1,1,0,0,,,,3.28208
351293256,17,3348.41,3072.14,2,3.24126,20.6924,0.5,4,1,1,0,0,,,,3.08047
351293256,18,3351.35,37635,4,44.5989,358.489,0.5,4,1,1,1,1,3351.35,40320.8,3,48.6162
351293256,19,3340.89,10429.9,1,10.7405,49.6746,0.5,4,1,1,1,1,3340.89,8814.74,1,9.96308
355937768,0,3361.2,1383.89,24,4.94333,11.1513,3,24,0,0,0,0,,,,3.64984
355937768,1,3362.14,5621.04,16,13.6579,36.9825,3,24,0,0,1,1,3362.12,5948.09,12,13.0167
355937768,2,3350.98,5421.9,8,10.5632,25.2241,3,24,0,0,1,1,3350.98,5238.35,6,9.94381
355937768,3,3349.55,3248.51,4,5.35177,10.6865,3,24,0,0,0,0,,,,6.41768
355937768,4,3339.96,23041.8,4,37.9602,75.7994,3,24,0,0,1,1,3339.97,23218.4,2,37.6897
355937768,5,3354.15,2771.38,2,4.07624,6.44661,3,24,0,0,0,0,,,,2.53032
355937768,6,3341.22,9846.8,2,14.483,22.905,3,24,0,0,1,1,3341.21,7798.83,1,10.2767
355937768,7,3340.72,6065.66,16,14.7382,39.9078,3,24,0,0,1,1,3340.7,8525.65,12,20.9117
355937768,8,3365.9,19526.6,4,32.1691,64.2355,3,24,0,0,1,1,3365.9,19096.6,3,32.9293
355937768,9,3362.17,36748.8,1,43.4469,60.4454,3,24,0,0,1,1,3362.17,31997.5,1,41.3086
355937768,10,3350.7,32507.2,2,47.8126,75.616,3,24,0,0,1,1,3350.7,32465.4,1.5,48.9518
355937768,11,3339.99,4776.74,16,11.6064,31.4276,3,24,0,0,0,0,,,,5.32465
355937768,12,3353.94,9368.38,2,13.7793,21.7921,3,24,0,0,1,1,3353.94,8160.26,1.5,12.7085
355937768,13,3349.27,36332.5,2,53.439,84.5142,3,24,0,0,1,1,3349.27,36419.2,1.5,54.9752
355937768,14,3364.77,11963.2,1,14.1437,19.6774,3,24,0,0,1,1,3364.77,9689.02,1,12.6319
355937768,15,3347.73,10716.8,24,38.2809,86.3552,3,24,0,0,1,1,3347.73,9850.75,24,36.8595
355937768,16,3364.45,1509.3,24,5.39131,12.1619,3,24,0,0,0,0,,,,3.14419
355937768,17,3362.23,22416.2,8,43.6723,104.286,3,24,0,0,1,1,3362.22,22341.3,6,41.893
355937768,18,3364.34,31503,2,46.3356,73.2803,3,24,0,0,1,1,3364.34,32679.2,1.5,50.2671
355937768,19,3366.86,4149.83,4,6.83664,13.6515,3,24,0,0,1,1,3366.89,5102.81,2,8.22343
356784638,0,3346.07,5340.17,1,11.6756,70.2946,3,24,0,1,0,0,,,,3.67126
356784638,1,3349.99,1363.77,8,13.0898,50.7752,3,24,0,1,1,1,3349.98,1266.55,8,12.7551
356784638,2,3340.07,1070.16,8,10.2717,39.8438,3,24,0,1,1,1,3340.12,1103.95,8,12.0738
356784638,3,3351.79,14039.3,1,30.6953,184.805,3,24,0,1,1,1,3351.81,6076.01,2,31.4132
356784638,4,3351.79,1238.7,4,7.69451,32.6109,3,24,0,1,0,0,,,,5.65826
356784638,5,3355.23,1001.21,2,4.66203,18.6383,3,24,0,1,0,0,,,,4.41795
356784638,6,3340.46,852.562,8,8.18313,31.7423,3,24,0,1,0,0,,,,6.61078
356784638,7,3353.53,1019.93,2,4.74921,18.9869,3,24,0,1,0,0,,,,2.23684
356784638,8,3345.59,1629.46,16,23.5866,85.7969,3,24,0,1,1,1,3345.71,1169.71,12,17.4175
356784638,9,3361.31,526.355,4,3.26959,13.8572,3,24,0,1,0,0,,,,3.25184
356784638,10,3355.26,262.131,24,5.42057,16.9041,3,24,0,1,0,0,,,,3.36979
356784638,11,3359.9,2491.92,8,23.9181,92.7781,1,8,1,0,1,1,3360.01,1695.89,8,19.3255
356784638,12,3363.95,16919.4,1,36.9921,222.716,3,24,0,1,1,1,3363.93,7480.04,2,38.5907
356784638,13,3351.34,2653.58,16,38.4108,139.72,3,24,0,1,1,1,3351.36,2710.47,12,37.153
356784638,14,3362.55,707.511,24,14.6305,45.6253,3,24,0,1,1,1,3362.57,683.878,24,12.6145
356784638,15,3347.07,733.214,24,15.162,47.2828,3,24,0,1,1,1,3347.06,925.706,24,19.3874
356784638,16,3364.25,674.786,16,9.76756,35.5298,3,24,0,1,1,1,3364.25,743.203,12,9.90285
356784638,17,3345.6,1537.18,16,22.2508,80.938,3,24,0,1,1,1,3345.71,1039.26,12,15.5932
356784638,18,3351.03,1895.14,1,4.14349,24.9464,3,24,0,1,0,0,,,,6.177
356784638,19,3362.72,2125.15,24,43.9457,137.045,3,24,0,1,1,1,3362.72,1946.94,24,33.8116
376848517,0,3348.95,1872.63,2,4.93351,5.5403,3,24,0,0,0,0,,,,3.45279
376848517,1,3349.98,6474.15,1,12.2484,13.5441,3,24,0,0,1,1,3349.98,5449.78,1,11.4905
376848517,2,3349.42,8220.01,24,53.0455,84.2449,3,24,0,0,1,1,3349.43,7058.66,24,42.9281
376848517,3,3354.5,24606.9,1,46.5535,51.4781,3,24,0,0,1,1,3354.49,21057,1,44.1324
376848517,4,3354.37,1302.02,4,4.57538,5.44771,3,24,0,0,0,0,,,,3.32581
376848517,5,3341.43,17731,2,46.7127,52.4581,3,24,0,0,1,1,3341.43,16051.5,2,46.2848
376848517,6,3345.48,4346.72,2,11.4516,12.86,3,24,0,0,1,1,3345.47,5043.94,1.5,12.459
376848517,7,3340.58,844.256,8,3.41365,4.99557,3,24,0,0,0,0,,,,4.05512
376848517,8,3360.92,6177.73,4,21.7089,25.8479,3,24,0,0,1,1,3360.92,5270.32,4,20.1856
376848517,9,3363.04,20292.3,1,38.3908,42.4519,3,24,0,0,1,1,3363.04,18637.6,1,39.1631
376848517,10,3354.55,1338.4,24,8.63698,13.7169,3,24,0,0,0,0,,,,3.49041
376848517,11,3361.95,7136.22,2,18.8006,21.113,3,24,0,0,1,1,3361.95,5364.26,2,15.7669
376848517,12,3347.12,8697.7,16,44.2473,72.7831,3,24,0,0,1,1,3347.1,8647.72,12,41.82
376848517,13,3362.44,741.479,24,4.78492,7.59924,3,24,0,0,0,0,,,,4.0898
376848517,14,3351.89,1865.36,16,9.48955,15.6095,3,24,0,0,0,0,,,,6.85943
376848517,15,3362.19,6921.32,16,35.2104,57.9182,3,24,0,0,1,1,3362.22,6939.36,12,33.6352
376848517,16,3342.08,663.299,16,3.37436,5.55054,3,24,0,0,0,0,,,,2.45635
376848517,17,3360.57,3215.86,16,16.3599,26.9106,3,24,0,0,1,1,3360.59,3475.31,12,17.2456
376848517,18,3358.05,3558.65,8,14.389,21.057,3,24,0,0,1,1,3358.04,4205.4,6,18.9845
376848517,19,3360.73,1253.16,4,4.40369,5.24328,3,24,0,0,0,0,,,,3.91755
377390474,0,3349.48,5011.12,4,20.8412,28.5637,3,24,0,0,1,1,3349.5,5184.03,3,21.6558
377390474,1,3363.72,4907.12,2,16.549,19.7784,3,24,0,0,1,1,3363.72,5010.44,1.5,17.3163
377390474,2,3350.45,5909.24,1,15.3008,16.8415,3,24,0,0,1,1,3350.46,4959.45,1,14.2428
377390474,3,3365.24,3133.91,8,14.7573,25.2628,3,24,0,0,1,1,3365.22,2827.1,6,13.4081
377390474,4,3367.23,1785.7,24,10.831,24.9324,3,24,0,0,0,0,,,,6.1566
377390474,5,3365.91,2973.54,8,14.0022,23.97,3,24,0,0,1,1,3365.89,3036.27,6,14.2254
377390474,6,3354.65,1976.74,1,5.11836,5.63377,3,24,0,0,0,0,,,,6.23882
377390474,7,3366.73,1602.57,2,5.40459,6.45926,3,24,0,0,0,0,,,,5.6341
377390474,8,3349,1732.52,24,10.5085,24.1899,3,24,0,0,0,0,,,,6.81686
377390474,9,3353.04,8152.43,2,27.4936,32.8588,3,24,0,0,1,1,3353.04,8211.32,1.5,28.1398
377390474,10,3340.12,5914.59,4,24.5987,33.7136,3,24,0,0,1,1,3340.13,5836.78,3,24.203
377390474,11,3346.46,663.401,24,4.02381,9.26257,3,24,0,0,0,0,,,,2.97916
377390474,12,3351.88,3367.49,8,15.8572,27.1457,3,24,0,0,1,1,3351.86,3689.56,6,18.1924
377390474,13,3353.07,2000.17,4,8.31866,11.4011,3,24,0,0,1,1,3353.07,1959.89,4,8.62427
377390474,14,3353.23,2845.98,24,17.2621,39.7363,3,24,0,0,1,1,3353.1,2907.89,8,14.5664
377390474,15,3347.06,6067.94,24,36.8047,84.7222,3,24,0,0,1,1,3347.08,5868.41,16,30.7627
377390474,16,3364.09,1028.68,4,4.27825,5.86353,3,24,0,0,0,0,,,,5.99396
377390474,17,3363.23,760.929,4,3.16469,4.33735,3,24,0,0,0,0,,,,2.67674
377390474,18,3366.2,6353.32,16,34.1429,72.4288,3,24,0,0,1,1,3366.22,6626.94,12,33.8591
377390474,19,3351.29,788.469,8,3.71284,6.35594,3,24,0,0,0,0,,,,3.22647
383675933,0,3365.52,2330.96,4,9.23405,14.7759,3,24,0,0,1,1,3365.52,2214.85,3,8.83472
383675933,1,3349.95,3783.45,1,9.8293,11.9916,3,24,0,0,1,1,3349.95,2902.58,1,8.35229
383675933,2,3353.19,2903.73,8,13.9163,26.0311,3,24,0,0,1,1,3353.2,3287.44,6,16.9109
383675933,3,3364.6,454.803,24,3.30693,7.06186,3,24,0,0,0,0,,,,2.71062
383675933,4,3364.58,893.057,8,4.28003,8.00598,3,24,0,0,0,0,,,,4.6004
383675933,5,3359.57,8183.61,24,59.5041,127.069,3,24,0,0,1,1,3359.56,7766.32,24,58.6998
383675933,6,3349.95,744.843,16,4.63277,9.44311,3,24,0,0,0,0,,,,3.89468
383675933,7,3346.47,5227.07,2,17.2324,23.4295,3,24,0,0,0,0,,,,9.26997
383675933,8,3358.27,3649.61,16,22.6998,46.2697,3,24,0,0,1,1,3358.25,3466.25,12,21.0945
383675933,9,3365.9,15191.2,2,50.0818,68.0922,3,24,0,0,1,1,3365.9,15065.7,1.5,49.1618
383675933,10,3343.44,2105.27,24,15.3077,32.6892,3,24,0,0,1,1,3343.7,2376.44,8,12.6326
383675933,11,3361.56,4736.5,4,18.7636,30.0246,3,24,0,0,1,1,3361.56,4924.83,3,19.956
383675933,12,3358.41,910.742,16,5.66463,11.5464,3,24,0,0,0,0,,,,3.68255
383675933,13,3339.87,2396.25,24,17.4234,37.2073,3,24,0,0,0,0,,,,5.9287
383675933,14,3357.65,11232.2,2,37.03,50.3467,3,24,0,0,1,1,3357.65,10469.1,1.5,34.5364
383675933,15,3349.47,1616.32,1,4.19915,5.12291,3,24,0,0,0,0,,,,3.24584
383675933,16,3360.37,5141.45,2,16.9501,23.0457,3,24,0,0,1,1,3360.37,1852.72,6,7.48733
383675933,17,3357.73,2215.41,1,5.75559,7.02174,3,24,0,0,0,0,,,,5.22116
383675933,18,3343.88,8123.82,4,32.1824,51.4969,3,24,0,0,1,1,3343.88,8327.09,3,33.5419
383675933,19,3340.37,1108.41,4,4.39095,7.02621,3,24,0,0,0,0,,,,3.61347
393859270,0,3340.25,2607.46,2,4.74633,4.79147,3,24,0,0,0,0,,,,4.0822
393859270,1,3366.35,8341.83,16,35.7952,43.3568,3,24,0,0,1,1,3366.41,4873.14,24,31.8476
393859270,2,3352.69,18972.2,2,34.535,34.8634,3,24,0,0,1,1,3352.69,17534.8,2,35.211
393859270,3,3346.4,8170.15,4,19.1199,21.2323,3,24,0,0,1,1,3346.43,4332.38,6,10.9856
393859270,4,3363.49,1345.7,24,8.96064,8.56626,3,24,0,0,0,0,,,,5.72956
393859270,5,3340.79,5392.29,16,23.1386,28.0265,3,24,0,0,1,1,3340.7,5281.7,6,16.501
393859270,6,3345.86,13066.7,16,56.0698,67.9145,3,24,0,0,1,1,3345.98,12470.7,12,49.7574
393859270,7,3366.29,1462.94,16,6.27753,7.60364,3,24,0,0,0,0,,,,3.7335
393859270,8,3350.22,1711.26,8,5.71802,6.28921,3,24,0,0,0,0,,,,4.82226
393859270,9,3354.8,7798.62,4,18.2504,20.2667,3,24,0,0,1,1,3354.81,7052.28,3,16.6552
393859270,10,3365.77,7445.09,4,17.423,19.348,3,24,0,0,1,1,3365.77,7132.43,3,16.6828
393859270,11,3340.76,1562.56,8,5.22116,5.74271,3,24,0,0,0,0,,,,4.37113
393859270,12,3363.48,12576.5,16,53.9661,65.3664,3,24,0,0,1,1,3363.5,12507.3,12,48.7213
393859270,13,3350.88,956.474,16,4.10427,4.97129,3,24,0,0,0,0,,,,5.07777
393859270,14,3365.93,5586.67,16,23.9727,29.0368,3,24,0,0,1,1,3365.93,5314.02,12,20.0081
393859270,15,3353.92,801.098,24,5.33427,5.09949,3,24,0,0,0,0,,,,3.27722
393859270,16,3363.2,12045.1,16,51.686,62.6045,3,24,0,0,1,1,3363.17,11816.7,12,44.0313
393859270,17,3351.49,6915.55,2,12.5883,12.708,3,24,0,0,1,1,3351.5,5812.15,2,11.5143
393859270,18,3362.59,863.58,24,5.75031,5.49723,3,24,0,0,0,0,,,,3.36853
393859270,19,3352.36,6488.32,8,21.6802,23.8459,3,24,0,0,1,1,3352.36,6794.17,6,20.2316
394090031,0,3364.53,38821.1,1,49.9401,60.8119,3,24,0,0,1,1,3364.53,33747,1,48.0659
394090031,1,3361.5,3509.99,1,4.51532,5.49829,3,24,0,0,0,0,,,,5.53253
394090031,2,3356.67,1471.44,8,3.40241,6.51943,3,24,0,0,0,0,,,,3.65928
394090031,3,3351.69,3188.23,8,7.37211,14.1259,3,24,0,0,1,1,3351.68,3574.12,6,8.49963
394090031,4,3358.92,1026.25,24,3.00316,7.87551,3,24,0,0,0,0,,,,2.35872
394090031,5,3356.13,19841.9,8,45.8803,87.9123,3,24,0,0,1,1,3356.13,20357.2,6,48.264
394090031,6,3356.87,1623.34,24,4.75047,12.4577,3,24,0,0,0,0,,,,3.34164
394090031,7,3355.74,4058.92,4,7.80494,12.7163,3,24,0,0,1,1,3355.74,6155.14,3,12.1525
394090031,8,3356.85,27304.9,1,35.1255,42.7721,3,24,0,0,1,1,3356.85,22027.1,1,31.4389
394090031,9,3357.95,2522.32,8,5.83235,11.1755,3,24,0,0,0,0,,,,6.30105
394090031,10,3350.45,14049.8,1,18.0739,22.0085,3,24,0,0,1,1,3350.45,11699.8,1,16.7121
394090031,11,3347.67,11054.4,4,21.2566,34.6326,3,24,0,0,1,1,3347.67,10869.4,3,21.5488
394090031,12,3344.81,19230.8,2,30.6837,42.6024,3,24,0,0,1,1,3344.81,17338.8,2,30.7003
394090031,13,3351.74,17428.3,8,40.2994,77.2187,3,24,0,0,1,1,3351.72,17662.2,6,41.9409
394090031,14,3364.69,6925.42,16,17.1616,43.3938,3,24,0,0,1,1,3364.71,6914.97,12,16.4555
394090031,15,3346.11,5761.82,4,11.0795,18.0514,3,24,0,0,1,1,3346.15,4295.25,6,8.13615
394090031,16,3342.75,15903,1,20.4579,24.9115,3,24,0,0,1,1,3342.74,13010.9,1,18.6186
394090031,17,3351.11,1900.29,4,3.65409,5.95347,3,24,0,0,0,0,,,,4.16848
394090031,18,3340.89,2375.3,2,3.78991,5.26205,3,24,0,0,0,0,,,,3.81397
394090031,19,3350.42,4666.79,8,10.791,20.6768,3,24,0,0,1,1,3350.4,4207.81,6,9.98981
394119307,0,3360.43,308.695,24,4.51844,3.99383,3,24,0,0,1,1,3360.4,625.368,24,10.3314
394119307,1,3341.62,2977.48,4,14.7387,15.7265,3,24,0,0,1,1,3341.61,2787.48,4,15.2313
394119307,2,3356.62,2797.79,2,10.2362,10.4492,3,24,0,0,1,1,3356.62,3482.4,1.5,12.3655
394119307,3,3346.57,12227.1,1,32.3887,32.2908,3,24,0,0,1,1,3346.57,11539.7,1,33.8083
394119307,4,3358.22,3431.7,8,26.9947,25.6335,3,24,0,0,1,1,3358.22,3000.56,8,25.0722
394119307,5,3344.92,2307.6,16,27.9543,24.3766,3,24,0,0,1,1,3344.93,2143.56,16,24.6429
394119307,6,3353.98,300.774,24,4.40249,3.89134,3,24,0,0,0,0,,,,2.00499
394119307,7,3344.18,8023.49,2,29.3555,29.9662,3,24,0,0,1,1,3344.17,7226.21,2,29.1258
394119307,8,3362.99,2287.74,24,33.4861,29.5982,3,24,0,0,1,1,3362.94,2027.28,24,27.8577
394119307,9,3354.9,891.535,8,7.01305,6.65943,3,24,0,0,0,0,,,,6.00791
394119307,10,3360.99,4160.58,8,32.7282,31.0779,3,24,0,0,1,1,3360.99,3684.43,8,31.3657
394119307,11,3362.07,1870.12,1,4.9538,4.93882,3,24,0,0,0,0,,,,3.97341
394119307,12,3343.73,517.496,16,6.26897,5.46664,3,24,0,0,0,0,,,,4.57767
394119307,13,3357.03,1469.27,24,21.5061,19.0091,3,24,0,0,1,1,3356.99,1524.02,24,20.0648
394119307,14,3366.77,4699.14,16,56.9256,49.64,3,24,0,0,1,1,3366.76,4113.98,16,55.3679
394119307,15,3352.39,17749.8,1,47.0179,46.8757,3,24,0,0,1,1,3352.39,16136,1,47.4145
394119307,16,3367.14,857.958,24,12.5581,11.1001,3,24,0,0,0,0,,,,5.51911
394119307,17,3360.9,1770.63,2,6.47817,6.61296,3,24,0,0,0,0,,,,5.95643
394119307,18,3357.58,6153.09,8,48.4019,45.9613,3,24,0,0,1,1,3357.56,5528.98,8,45.1044
394119307,19,3340.61,1959.28,4,9.69855,10.3486,3,24,0,0,1,1,3340.61,1738.55,4,9.49284
400407348,0,3364.65,15624.1,24,30.3829,256.606,3,24,0,0,1,1,3364.57,15906.8,8,28.6107
400407348,1,3356.03,25881.1,16,44.2199,347.063,3,24,0,0,1,1,3355.92,26649.8,8,51.5936
400407348,2,3345.93,32020.9,16,54.7103,429.398,3,24,0,0,1,1,3345.83,32329.9,8,61.9089
400407348,3,3350.7,27628.3,24,53.7265,453.76,3,24,0,0,1,1,3350.7,24504.4,24,49.0969
400407348,4,3362.62,5600.92,24,10.8916,91.9879,3,24,0,0,1,1,3362.77,6256.27,8,11.685
400407348,5,3348.39,14980.7,8,26.5297,142.05,3,24,0,0,1,1,3348.4,15152.4,6,31.7912
400407348,6,3365.04,15352.1,1,23.4758,51.4675,3,24,0,0,1,1,3365.03,12912.8,1,21.749
400407348,7,3354.11,8336.82,8,14.7639,79.0517,3,24,0,0,1,1,3354.09,7651.77,6,14.9415
400407348,8,3347.9,7773.73,24,15.1169,127.673,3,24,0,0,1,1,3347.72,7229.09,8,13.7849
400407348,9,3344.12,15548.2,1,23.7758,52.125,3,24,0,0,1,1,3344.12,13800.3,1,23.4021
400407348,10,3355.05,3352.16,1,5.126,11.238,3,24,0,0,0,0,,,,5.68053
400407348,11,3362.36,7334.58,4,12.534,49.178,3,24,0,0,1,1,3362.37,7885.18,2,13.9304
400407348,12,3354.42,3309.53,24,6.43577,54.3548,3,24,0,0,0,0,,,,3.69838
400407348,13,3344.21,22034.8,24,42.8492,361.893,3,24,0,0,1,1,3344.26,22294.5,16,37.2084
400407348,14,3356.3,5571.46,24,10.8344,91.504,3,24,0,0,1,1,3356.13,6111.06,8,11.3741
400407348,15,3360.55,7712.76,2,12.4545,36.5671,3,24,0,0,1,1,3360.56,8384.76,1.5,14.5981
400407348,16,3362.29,3211.44,1,4.91081,10.7663,3,24,0,0,0,0,,,,4.9776
400407348,17,3349.49,3943.23,1,6.02985,13.2196,3,24,0,0,0,0,,,,6.77699
400407348,18,3361.64,2048.86,16,3.50064,27.475,3,24,0,0,0,0,,,,2.48274
400407348,19,3359.85,14151.8,16,24.1794,189.774,3,24,0,0,1,1,3359.78,13427.7,8,26.3233
417848551,0,3350.15,2115.81,8,9.99837,12.7883,3,24,0,0,1,1,3350.13,2019.77,6,8.73423
417848551,1,3363.93,382.267,24,3.57311,4.00188,3,24,0,0,0,0,,,,3.18459
417848551,2,3364.66,1914.5,16,12.4335,16.3646,3,24,0,0,0,0,,,,6.59859
417848551,3,3350.88,1405.96,2,3.84111,4.24893,3,24,0,0,0,0,,,,4.76183
417848551,4,3351.99,5692.48,1,11.8176,12.1645,3,24,0,0,1,1,3351.98,5334.17,1,12.1061
417848551,5,3364.75,2270.61,2,6.20336,6.86198,3,24,0,0,1,1,3364.75,2510.14,2,7.54887
417848551,6,3362.69,607.53,16,3.94553,5.19301,3,24,0,0,0,0,,,,3.5329
417848551,7,3346.55,641.417,16,4.1656,5.48266,3,24,0,0,0,0,,,,4.88276
417848551,8,3366,669.418,16,4.34746,5.72201,3,24,0,0,0,0,,,,3.83231
417848551,9,3348.64,2118.41,24,19.8012,22.1772,3,24,0,0,1,1,3348.62,2289.41,24,19.7032
417848551,10,3346.88,1545.58,1,3.20863,3.3028,3,24,0,0,0,0,,,,2.81742
417848551,11,3363.22,982.473,16,6.38055,8.39792,3,24,0,0,0,0,,,,4.40983
417848551,12,3351.98,1250.12,8,5.90749,7.55593,3,24,0,0,0,0,,,,4.74509
417848551,13,3346.41,10555.2,8,49.8789,63.7971,3,24,0,0,1,1,3346.55,8133.53,1,18.674
417848551,14,3354.08,2007.2,16,13.0355,17.157,3,24,0,0,1,1,3353.91,1431.68,24,11.5118
417848551,15,3350.38,5521.76,4,19.3484,23.5993,3,24,0,0,1,1,3350.37,5532.36,3,19.223
417848551,16,3362.44,6703.18,2,18.3132,20.2576,3,24,0,0,1,1,3362.44,6797.42,1.5,17.8624
417848551,17,3351.86,7093.11,8,33.5188,42.8719,3,24,0,0,1,1,3351.86,6343.56,8,30.4698
417848551,18,3365.5,4373.6,8,20.6676,26.4348,3,24,0,0,1,1,3365.5,4391.54,6,19.9745
417848551,19,3363.87,384.123,24,3.59046,4.0213,3,24,0,0,0,0,,,,3.23435
417867258,0,3362.98,1343.61,16,4.83447,6.49136,3,24,0,0,0,0,,,,2.26703
417867258,1,3347.03,10358,8,22.5333,35.3853,3,24,0,0,1,1,3347.11,10615.6,4,19.5792
417867258,2,3354.79,8586.37,16,30.8947,41.4831,3,24,0,0,1,1,3354.66,7582.13,12,21.7322
417867258,3,3353.55,14894.5,4,25.1371,35.9796,3,24,0,0,1,1,3353.53,9073.97,6,14.5868
417867258,4,3347.64,30718.6,2,38.739,52.4708,3,24,0,0,1,1,3347.64,29220.6,1.5,37.6244
417867258,5,3350.13,4728.76,8,10.2871,16.1545,3,24,0,0,1,1,3350.15,4858.59,6,9.27655
417867258,6,3354.58,32449.4,4,54.7643,78.3859,3,24,0,0,1,1,3354.57,29060.8,4,51.7172
417867258,7,3351.97,48090.6,1,47.8061,58.0846,3,24,0,0,1,1,3351.97,43108.3,1,47.2071
417867258,8,3347.22,12627.9,4,21.3119,30.5043,3,24,0,0,1,1,3347.22,11558.7,4,21.1245
417867258,9,3362.36,9264.12,1,9.20932,11.1894,3,24,0,0,0,0,,,,
417867258,10,3365.58,3325.29,2,4.1935,5.67996,3,24,0,0,0,0,,,,4.62023
417867258,11,3363.49,6609.53,1,6.57044,7.98311,3,24,0,0,1,1,3363.49,7056.45,1,7.82009
417867258,12,3351.54,2976.76,16,10.7107,14.3815,2,16,1,0,0,0,,,,5.1217
417867258,13,3340.3,7640.51,2,9.63541,13.0508,3,24,0,0,1,1,3340.3,7406.61,1.5,9.32332
417867258,14,3362.5,30250.7,1,30.0718,36.5374,3,24,0,0,1,1,3362.5,27957.1,1,30.9097
417867258,15,3354.87,1593.68,16,5.73425,7.69951,3,24,0,0,0,0,,,,4.22991
417867258,16,3347.18,6771.78,4,11.4286,16.3581,3,24,0,0,1,1,3347.18,6714.36,4,12.248
417867258,17,3354.03,2384.27,16,8.57888,11.5191,3,24,0,0,0,0,,,,6.26934
417867258,18,3362.79,6832.81,8,14.8644,23.3424,3,24,0,0,1,1,3362.78,5793.69,6,11.7859
417867258,19,3366.47,7575.23,2,9.55309,12.9393,3,24,0,0,1,1,3366.48,7124.63,1.5,9.02058
424384535,0,3364.9,960.287,8,5.02653,5.2816,3,24,0,0,0,0,,,,3.63872
424384535,1,3358.84,8694.61,2,22.3932,23.9103,3,24,0,0,1,1,3358.84,8231.05,2,23.4691
424384535,2,3362.41,1221.88,8,6.3958,6.72037,3,24,0,0,0,0,,,,6.66945
424384535,3,3357.66,31749.4,1,57.7433,61.7384,3,24,0,0,1,1,3357.65,26351.8,1,53.2612
424384535,4,3361.43,4157.14,2,10.7068,11.4322,3,24,0,0,1,1,3361.43,3913.63,2,11.0643
424384535,5,3346.13,5112.32,24,46.1527,48.7016,3,24,0,0,1,1,3346.15,4188.27,24,34.5572
424384535,6,3357.65,20833.1,2,53.6565,57.2914,3,24,0,0,1,1,3357.65,18036.2,2,51.2974
424384535,7,3350.46,20188.1,2,51.995,55.5175,3,24,0,0,1,1,3350.47,18189.8,2,51.529
424384535,8,3345.57,31241.4,1,56.8194,60.7505,3,24,0,0,1,1,3345.57,28100.2,1,56.8148
424384535,9,3346.81,9376.92,1,17.054,18.2339,3,24,0,0,1,1,3346.81,8739.24,1,17.6529
424384535,10,3345.77,556.499,16,3.95494,4.32857,3,24,0,0,0,0,,,,5.26107
424384535,11,3341.73,4980.84,2,12.8283,13.6974,3,24,0,0,1,1,3341.73,4177.03,2,11.8474
424384535,12,3365.05,8989.81,8,47.0562,49.4442,3,24,0,0,1,1,3365.05,7859.58,8,44.3496
424384535,13,3343.71,4638.32,1,8.43582,9.01946,3,24,0,0,1,1,3343.71,4084.61,1,8.21566
424384535,14,3347.16,2879.77,1,5.2375,5.59986,3,24,0,0,0,0,,,,6.20312
424384535,15,3341.76,25627.2,1,46.6087,49.8334,3,24,0,0,1,1,3341.75,22326,1,45.002
424384535,16,3357.7,21206.5,1,38.5687,41.2371,3,24,0,0,1,1,3357.7,19227.5,1,38.7458
424384535,17,3344.13,2261.78,4,8.25288,8.79632,3,24,0,0,1,1,3344.16,1706.52,6,8.74201
424384535,18,3360.75,5664.02,16,40.2531,44.0559,3,24,0,0,1,1,3360.76,5794.86,12,39.1399
424384535,19,3349.45,9128.91,1,16.6029,17.7517,3,24,0,0,1,1,3349.45,7547.92,1,15.1528
445807748,0,3339.93,894.849,16,3.32776,4.23274,3,24,0,0,0,0,,,,2.5691
445807748,1,3350.07,2885.12,1,3.15798,3.41174,3,24,0,0,0,0,,,,2.80898
445807748,2,3353.9,1914.18,4,4.17949,4.52716,3,24,0,0,0,0,,,,2.22042
445807748,3,3363.62,12894.2,16,47.9507,60.9909,3,24,0,0,1,1,3363.6,13232.6,12,44.1755
445807748,4,3363.37,8777.43,2,13.1921,14.6789,3,24,0,0,1,1,3363.37,8364.77,2,13.879
445807748,5,3340.23,11942.3,1,13.0717,14.1221,3,24,0,0,1,1,3340.23,10047.3,1,12.1963
445807748,6,3367.2,3964.61,2,5.95866,6.63022,3,24,0,0,0,0,,,,5.79763
445807748,7,3351.08,1436.36,4,3.1362,3.39708,3,24,0,0,0,0,,,,4.46696
445807748,8,3352.75,3199.52,8,8.16063,10.7014,3,24,0,0,1,1,3352.73,3174.28,6,8.66697
445807748,9,3363,10919.1,16,40.6057,51.6485,3,24,0,0,1,1,3363.01,9565.23,16,37.8032
445807748,10,3352.17,8192.9,16,30.4677,38.7534,3,24,0,0,1,1,3352.18,7126.81,16,24.1872
445807748,11,3353.95,2246.12,16,8.35285,10.6244,3,24,0,0,0,0,,,,4.56022
445807748,12,3348.89,14192.7,8,36.1996,47.4703,3,24,0,0,1,1,3348.89,13870.9,6,36.2538
445807748,13,3346.54,3806.24,4,8.31066,9.00198,3,24,0,0,0,0,,,,3.91429
445807748,14,3340.87,33175.3,1,36.3128,39.2307,3,24,0,0,0,0,,,,
445807748,15,3351.2,20274.2,8,51.711,67.8112,3,24,0,0,1,1,3351.19,20726,6,54.31
445807748,16,3363.09,1374.33,8,3.50533,4.59671,3,24,0,0,0,0,,,,3.03976
445807748,17,3365.95,11471.9,4,25.0482,27.1318,3,24,0,0,1,1,3365.94,10281.9,4,23.5625
445807748,18,3354.63,868.507,16,3.2298,4.10814,3,24,0,0,0,0,,,,2.53035
445807748,19,3363.78,4306.98,24,21.8287,24.9512,3,24,0,0,1,1,3363.75,4075.7,24,21.7897
445836579,0,3364.47,7349.16,8,26.7959,31.8072,3,24,0,0,1,1,3364.46,7769.12,6,26.9688
445836579,1,3367.01,2074.49,16,9.11439,12.6974,2.5,20,1,0,0,0,,,,4.89302
445836579,2,3351.95,786.339,24,3.51986,5.89464,3,24,0,0,0,0,,,,3.40951
445836579,3,3346.95,17884.7,2,34.9531,38.7025,3,24,0,0,1,1,3346.96,18671.2,1.5,35.8155
445836579,4,3363.22,11806.5,2,23.0741,25.5493,3,24,0,0,1,1,3363.23,10955.3,1.5,21.0177
445836579,5,3349.41,3279.8,4,9.29747,10.0373,3,24,0,0,1,1,3349.41,2995.65,4,8.98846
445836579,6,3348.49,4209.42,4,11.9327,12.8823,3,24,0,0,1,1,3348.5,3965.57,4,11.9457
445836579,7,3363.97,1697.71,4,4.81261,5.19559,3,24,0,0,0,0,,,,5.10143
445836579,8,3366.04,30187.8,1,42.6651,46.1928,3,24,0,0,1,1,3366.04,26449.9,1,41.1547
445836579,9,3348.26,11879.1,8,43.3125,51.4126,3,24,0,0,1,1,3348.27,10453.5,8,42.161
445836579,10,3352.07,1894.78,8,6.90857,8.20059,3,24,0,0,1,1,3352.07,2347.53,6,7.93143
445836579,11,3366.07,14646.1,1,20.6996,22.4111,3,24,0,0,1,1,3366.07,13113.4,1,20.4259
445836579,12,3348.76,6767.59,4,19.1846,20.7112,3,24,0,0,1,1,3348.76,6079.97,4,18.763
445836579,13,3366.39,13085.8,4,37.0951,40.0471,3,24,0,0,1,1,3366.39,13422.9,3,35.5794
445836579,14,3351.02,7325.54,2,14.3167,15.8525,3,24,0,0,1,1,3351.02,6592.06,1.5,12.4986
445836579,15,3362.88,38810.7,1,54.852,59.3873,3,24,0,0,1,1,3362.88,34944,1,54.0667
445836579,16,3365.92,2821.36,8,10.287,12.2108,3,24,0,0,1,1,3365.93,2925.61,6,9.47021
445836579,17,3353.18,5346.74,16,23.4912,32.7259,3,24,0,0,1,1,3353.18,4698.86,12,21.6123
445836579,18,3352.06,4077.2,2,7.96828,8.82305,3,24,0,0,1,1,3352.06,3867.22,2,8.41063
445836579,19,3350.71,10841.3,24,48.5285,81.2696,3,24,0,0,1,1,3350.76,10610.1,16,42.4124
445837001,0,3353.09,12209.1,1,10.7762,11.4894,3,24,0,0,1,0,3353.09,10989.9,1,10.725
445837001,1,3362.93,16800.2,1,14.8285,15.8099,3,24,0,0,1,1,3362.93,15812.6,1,15.4422
445837001,2,3363.89,33638.7,2,40.9413,44.768,3,24,0,0,1,1,3363.89,29837.4,2,39.4945
445837001,3,3347.87,1591.58,24,6.14603,7.33748,3,24,0,0,0,0,,,,2.87089
445837001,4,3351.29,12741.9,1,11.2465,11.9908,3,24,0,0,1,0,3351.29,11661.4,1,11.3524
445837001,5,3350.51,2870.15,16,10.0044,10.8038,3,24,0,0,1,0,3350.46,3317.96,12,10.189
445837001,6,3349.67,14901.1,1,13.1522,14.0226,3,24,0,0,1,1,3349.66,14464.5,1,14.1257
445837001,7,3365.49,4674.1,16,16.2924,17.5942,3,24,0,0,1,1,3365.46,4984.86,12,12.1877
445837001,8,3353,4451.8,1,3.92933,4.18937,3,24,0,0,0,0,,,,4.10753
445837001,9,3363.28,11250.4,1,9.92999,10.5871,3,24,0,0,1,0,3363.28,10477.2,1,10.2307
445837001,10,3347.08,12996,1,11.4708,12.2299,3,24,0,0,1,1,3347.07,13046.5,1,12.7852
445837001,11,3349.08,3145.49,24,12.1466,14.5013,3,24,0,0,1,0,3349.13,2911.44,24,9.89096
445837001,12,3346.42,2575.33,4,4.13781,4.84704,3,24,0,0,0,0,,,,2.38798
445837001,13,3365.32,50000,1,44.1319,47.0525,3,24,0,0,1,1,3365.32,44801.5,1,43.7246
445837001,14,3366.96,1942.05,8,3.99504,5.16915,3,24,0,0,0,0,,,,2.79256
445837001,15,3347.49,1185.64,16,4.13276,4.46299,3,24,0,0,0,0,,,,4.12103
445837001,16,3345.87,1807.31,24,6.97908,8.33202,3,24,0,0,0,0,,,,4.72603
445837001,17,3364.88,13165.2,4,21.1527,24.7783,3,24,0,0,1,1,3364.88,13037.8,3,20.7517
445837001,18,3350.59,2364.04,24,9.12897,10.8987,3,24,0,0,0,0,,,,5.44452
445837001,19,3354.31,9600.93,4,15.4259,18.0699,3,24,0,0,0,0,,,,9.30427
453431056,0,3348.09,5036.76,8,53.9366,85.2038,3,24,0,0,1,1,3348.09,5131.68,6,53.5958
453431056,1,3347.12,3003.7,2,19.2277,25.4058,3,24,0,0,1,1,3347.12,2953.48,1.5,18.1723
453431056,2,3362.52,2320.07,8,24.8447,39.2472,3,24,0,0,1,1,3362.53,2307.45,6,23.609
453431056,3,3363.37,1406.37,2,9.00269,11.8954,3,24,0,0,1,1,3363.37,1412.84,2,9.89645
453431056,4,3355.07,9198.63,2,58.8837,77.8038,3,24,0,0,1,1,3355.07,8119.32,2,56.692
453431056,5,3348.13,2245.72,1,10.458,13.4313,3,24,0,0,1,1,3348.12,2342.06,1,12.1197
453431056,6,3351.02,2699.16,2,17.2783,22.83,3,24,0,0,1,1,3351.02,2592.08,2,17.998
453431056,7,3347.35,600.796,4,5.0874,7.18654,3,24,0,0,0,0,,,,5.67159
453431056,8,3352.18,1380.98,16,19.7918,33.0378,3,24,0,0,1,1,3352.19,1324.02,16,17.3476
453431056,9,3354.99,694.485,16,9.95316,16.6144,3,24,0,0,0,0,,,,5.3243
453431056,10,3349.6,446.423,4,3.7802,5.33998,3,24,0,0,0,0,,,,4.8021
453431056,11,3340.49,852.476,4,7.21856,10.1971,3,24,0,0,0,0,,,,5.57205
453431056,12,3353.01,1678.32,4,14.2116,20.0755,3,24,0,0,1,1,3353,1328.37,4,12.535
453431056,13,3350.52,447.436,8,4.79141,7.56901,3,24,0,0,0,0,,,,5.01138
453431056,14,3341.12,2163.14,8,23.1642,36.5925,3,24,0,0,0,0,,,,5.66478
453431056,15,3347.13,725.627,4,6.14443,8.67972,3,24,0,0,0,0,,,,6.14809
453431056,16,3351.37,1215.04,1,5.65828,7.26697,3,24,0,0,0,0,,,,5.47184
453431056,17,3339.97,629.873,8,6.74506,10.6552,3,24,0,0,0,0,,,,6.11774
453431056,18,3340.15,226.588,16,3.24739,5.42075,3,24,0,0,0,0,,,,2.83008
453431056,19,3354.22,829.115,1,3.86107,4.95881,3,24,0,0,0,0,,,,4.08552
459223196,0,3348.7,2084.87,8,17.2309,20.4356,3,24,0,0,1,1,3348.72,2028.32,6,16.0553
459223196,1,3355.13,7130.95,8,58.9354,69.8967,3,24,0,0,1,1,3355.13,7048.63,6,58.892
459223196,2,3349.33,1366.93,4,8.27707,9.47416,3,24,0,0,1,1,3349.34,1371.93,3,7.41829
459223196,3,3351.05,9192.68,1,29.7704,31.8571,3,24,0,0,1,1,3351.05,8199.72,1,29.3056
459223196,4,3340.63,5490.04,1,17.7794,19.0256,3,24,0,0,1,1,3340.64,4423.02,1,15.8689
459223196,5,3363.27,569.145,16,5.25488,7.88945,3,24,0,0,0,0,,,,3.67412
459223196,6,3346.16,3083.77,1,9.98675,10.6868,3,24,0,0,0,0,,,,1.96702
459223196,7,3361.32,3440.8,4,20.8348,23.8481,3,24,0,0,1,1,3361.32,3090.06,4,20.3269
459223196,8,3351.12,2088.04,4,12.6435,14.4721,3,24,0,0,1,1,3351.13,2195.59,4,14.5906
459223196,9,3367.17,957.399,1,3.10053,3.31785,3,24,0,0,0,0,,,,3.70581
459223196,10,3349.78,629.643,4,3.81263,4.36404,3,24,0,0,0,0,,,,3.45176
459223196,11,3359.96,2406.2,1,7.79244,8.33864,3,24,0,0,1,1,3359.96,2544.29,1,9.15299
459223196,12,3360.07,2510.32,24,23.128,42.6186,3,24,0,0,1,1,3359.96,2211.03,12,19.6557
459223196,13,3364.12,5537.8,4,33.5326,38.3823,3,24,0,0,1,1,3364.13,5115.72,4,33.8974
459223196,14,3352.96,5301.67,24,48.8452,90.0083,3,24,0,0,1,1,3353.09,5190.24,12,50.3783
459223196,15,3366.27,1482.36,8,12.2514,14.53,3,24,0,0,1,1,3366.27,1496.45,6,11.6071
459223196,16,3352.32,881.455,24,8.121,14.9648,3,24,0,0,0,0,,,,5.34164
459223196,17,3360.56,16739.2,1,54.2098,58.0096,3,24,0,0,1,1,3360.56,14391.7,1,51.792
459223196,18,3346.98,2659.23,1,8.61187,9.21551,3,24,0,0,1,1,3346.98,2589.55,1,9.29768
459223196,19,3353.26,1532.32,24,14.1175,26.0147,3,24,0,0,1,1,3353.28,1471.42,12,13.7762
459800461,0,3349.51,3294.66,2,5.32374,4.99624,3,24,0,0,0,0,,,,6.46922
459800461,1,3365.95,24038.2,4,51.8516,51.5526,3,24,0,0,1,1,3365.95,21505.4,4,49.839
459800461,2,3347.38,11727,16,50.931,50.2995,3,24,0,0,1,1,3347.39,10138.3,16,48.259
459800461,3,3339.9,6634.15,2,10.7199,10.0605,3,24,0,0,0,0,,,,5.03742
459800461,4,3345.89,2278.77,4,4.91543,4.88708,3,24,0,0,0,0,,,,3.09732
459800461,5,3348.45,3836.36,1,4.35174,4.11375,3,24,0,0,0,0,,,,4.64921
459800461,6,3364.32,32265,2,52.136,48.9288,3,24,0,0,1,1,3364.32,28125.3,2,50.3445
459800461,7,3366.48,17160.9,4,37.0169,36.8035,3,24,0,0,1,1,3366.48,17607.2,3,36.0927
459800461,8,3364.45,3037.51,4,6.55207,6.51428,3,24,0,0,0,0,,,,5.44199
459800461,9,3362.25,1524.79,4,3.28905,3.27008,3,24,0,0,0,0,,,,
459800461,10,3348.79,5071.12,8,15.3158,15.3804,3,24,0,0,1,1,3348.78,4947.29,8,16.2904
459800461,11,3352.58,15981.4,4,34.4727,34.2739,3,24,0,0,1,1,3352.57,15106.7,4,35.3662
459800461,12,3340.11,43288.6,1,49.104,46.4186,3,24,0,0,1,1,3340.12,37747.4,1,47.2125
459800461,13,3352.35,4999.23,24,27.7315,26.262,3,24,0,0,1,1,3352.29,5330.09,16,22.5806
459800461,14,3354.3,14046.8,4,30.2997,30.125,3,24,0,0,1,1,3354.3,15057.4,3,31.4275
459800461,15,3352.81,7999.91,16,34.7442,34.3134,3,24,0,0,1,1,3352.82,7680.43,16,32.9326
459800461,16,3347.51,3076.91,8,9.29284,9.33206,3,24,0,0,0,0,,,,6.22085
459800461,17,3364.96,6869.36,16,29.8341,29.4642,3,24,0,0,1,1,3364.94,6208.99,16,25.1705
459800461,18,3366.15,2455.04,4,5.29564,5.2651,3,24,0,0,0,0,,,,6.56212
459800461,19,3349.08,8614.89,8,26.0186,26.1284,3,24,0,0,1,1,3349.07,7273.73,8,23.7851
462547893,0,3340.11,13242.5,2,23.6005,24.9127,3,24,0,0,1,1,3340.11,14178.6,1.5,25.6856
462547893,1,3365.16,2535.24,8,7.12886,9.53891,3,24,0,0,0,0,,,,5.98981
462547893,2,3361.89,4437.42,2,7.90825,8.34795,3,24,0,0,1,1,3361.89,4451.14,1.5,8.00998
462547893,3,3340.03,921.213,24,4.44688,6.00344,3,24,0,0,0,0,,,,3.08851
462547893,4,3340.66,3198.41,16,11.2441,17.0188,3,24,0,0,1,1,3340.61,3303.63,16,12.568
462547893,5,3348.88,3996.5,24,19.2919,26.0447,3,24,0,0,1,1,3348.91,3845.27,24,21.1795
462547893,6,3363.56,1845.22,8,5.18859,6.94269,3,24,0,0,0,0,,,,5.01886
462547893,7,3363.76,992.858,16,3.49044,5.28301,3,24,0,0,0,0,,,,2.89088
462547893,8,3352.03,2025.01,4,4.78968,5.38754,3,24,0,0,0,0,,,,4.47928
462547893,9,3363.93,2475.54,4,5.85532,6.58619,3,24,0,0,0,0,,,,5.22789
462547893,10,3366.51,1314.99,8,3.69763,4.94769,3,24,0,0,0,0,,,,4.04534
462547893,11,3349.67,24717.7,1,32.5663,32.8808,3,24,0,0,1,1,3349.67,21287,1,31.1634
462547893,12,3340.17,1876.79,2,3.34477,3.53074,3,24,0,0,0,0,,,,3.43877
462547893,13,3340.24,1631.12,16,5.73427,8.67921,3,24,0,0,0,0,,,,3.70586
462547893,14,3354.55,16777.6,16,58.9822,89.2736,3,24,0,0,1,1,3354.54,15310.9,16,54.759
462547893,15,3348.57,2117.86,2,3.77439,3.98424,3,24,0,0,0,0,,,,4.31426
462547893,16,3366.79,2082.37,4,4.92537,5.54017,3,24,0,0,0,0,,,,5.12326
462547893,17,3347.16,4080.16,2,7.27155,7.67584,3,24,0,0,0,0,,,,6.83478
462547893,18,3349.47,21953.9,4,51.9268,58.4084,3,24,0,0,1,1,3349.47,21862.4,3,50.9626
462547893,19,3364.74,6495.94,16,22.8368,34.565,3,24,0,0,1,1,3364.75,6367.72,12,19.5205
462551433,0,3352.5,7813.11,16,51.5842,63.9656,3,24,0,0,1,1,3352.47,7877.53,12,45.4896
462551433,1,3355.41,1020.65,24,8.66524,10.234,3,24,0,0,0,0,,,,4.37267
462551433,2,3346.99,3757.11,16,24.8054,30.7593,3,24,0,0,1,1,3347,3362.48,12,21.1427
462551433,3,3349.81,1632.6,8,8.17518,9.45119,3,24,0,0,1,1,3349.81,1737.46,8,9.72693
462551433,4,3363.13,3567.4,1,6.6876,7.30154,3,24,0,0,0,0,,,,5.78428
462551433,5,3350.18,551.734,16,3.64269,4.51703,3,24,0,0,0,0,,,,3.79664
462551433,6,3346.75,9277.74,4,31.8072,37.9783,3,24,0,0,1,1,3346.74,8265.64,4,31.5137
462551433,7,3351.06,10022.9,4,34.3618,41.0285,3,24,0,0,1,1,3351.06,9190.75,4,34.6633
462551433,8,3350.11,5038.46,4,17.2735,20.6248,3,24,0,0,1,1,3350.12,4552.24,4,16.6839
462551433,9,3363.21,1327.42,8,6.64703,7.68452,3,24,0,0,0,0,,,,5.62683
462551433,10,3349.6,15484.2,1,29.0274,31.6922,3,24,0,0,1,1,3349.6,13901.1,1,28.6201
462551433,11,3365.33,2395.69,8,11.9964,13.8688,3,24,0,0,1,1,3365.34,2525.53,6,12.1063
462551433,12,3362.27,5040.22,16,33.2768,41.2641,3,24,0,0,1,1,3362.27,5252.46,12,30.1823
462551433,13,3362.5,3314,1,6.21256,6.78289,3,24,0,0,1,1,3362.5,3853.6,1,7.9811
462551433,14,3361.46,9254.28,8,46.3405,53.5735,3,24,0,0,1,1,3361.45,9386.2,6,44.428
462551433,15,3352.91,3334.27,4,11.431,13.6488,3,24,0,0,1,1,3352.91,3268.5,4,12.0439
462551433,16,3363.3,4498.93,2,11.1158,13.0223,3,24,0,0,1,1,3363.31,5026.26,1.5,12.2484
462551433,17,3366.09,3834.63,24,32.5557,38.4496,3,24,0,0,1,1,3366.11,3481.82,24,25.5774
462551433,18,3353.26,7915.37,1,14.8385,16.2007,3,24,0,0,1,1,3353.26,8086.6,1,16.6224
462551433,19,3362,662.392,8,3.31691,3.83463,3,24,0,0,0,0,,,,3.87348
462552277,0,3365.92,8680.49,2,32.9631,52.6116,3,24,0,0,1,1,3365.92,8490.75,1.5,34.2411
462552277,1,3348.86,6854.18,16,37.626,117.5,3,24,0,0,1,1,3348.84,6569.34,12,33.5411
462552277,2,3348.19,9084.99,2,34.4991,55.0633,3,24,0,0,1,1,3348.19,8889.41,1.5,35.2203
462552277,3,3366.87,17033.1,1,56.2936,72.9989,3,24,0,0,1,1,3366.87,15422.9,1,56.1759
462552277,4,3366.9,5982.53,2,22.7179,36.2595,3,24,0,0,1,1,3366.91,6093.97,1.5,24.337
462552277,5,3340.26,900.784,24,5.06316,18.9125,3,24,0,0,0,0,,,,3.55485
462552277,6,3367.26,5580.25,2,21.1903,33.8214,3,24,0,0,1,1,3367.26,5935.14,1.5,23.8579
462552277,7,3364.93,11220.5,8,50.9038,136.013,3,24,0,0,1,1,3364.94,11154.2,6,48.6312
462552277,8,3364.59,665.255,24,3.73929,13.9674,3,24,0,0,0,0,,,,3.95404
462552277,9,3350.56,855.345,4,3.55765,7.33152,3,24,0,0,0,0,,,,4.84498
462552277,10,3363.22,7630.15,2,28.9746,46.2457,3,24,0,0,1,1,3363.22,7004.39,1.5,28.2712
462552277,11,3364.5,1122.46,24,6.30916,23.5667,3,24,0,0,0,0,,,,5.1164
462552277,12,3353.18,10932.2,8,49.596,132.518,3,24,0,0,1,1,3353.2,11385.8,6,50.9189
462552277,13,3354.86,2020.75,2,7.67353,12.2476,3,24,0,0,0,0,,,,6.98183
462552277,14,3350.03,1060.26,2,4.0262,6.42613,3,24,0,0,0,0,,,,6.28077
462552277,15,3361.23,1657.22,4,6.89288,14.2047,3,24,0,0,1,1,3361.21,2087.72,1.5,8.33999
462552277,16,3361.45,720.911,24,4.05212,15.1359,3,24,0,0,0,0,,,,3.07856
462552277,17,3363.86,801.399,24,4.50453,16.8258,3,24,0,0,0,0,,,,5.15869
462552277,18,3349.97,6769.83,24,38.0521,142.137,3,24,0,0,1,1,3349.9,7325.43,16,46.6755
462552277,19,3351.24,1739.41,1,5.74867,7.45461,3,24,0,0,0,0,,,,4.14748
462616850,0,3339.83,50000,1,6.18409,89.5638,0.5,4,1,1,0,0,,,,
462616850,1,3355.18,45638.3,24,9.59635,400.495,0.5,4,1,1,1,1,3354.8,238862,1,32.961
462616850,2,3345.02,50000,2,5.61071,126.662,0.5,4,1,1,0,0,,,,32.347
462616850,3,3353.15,50000,8,1.91263,253.325,0.5,4,1,1,1,1,3353.16,246869,1,33.0118
462616850,4,3345.4,50000,24,10.5135,438.771,0.5,4,1,1,0,0,,,,30.3968
462616850,5,3353.14,50000,2,5.61071,126.662,0.5,4,1,1,1,1,3353.15,266410,1,36.7443
462616850,6,3344.43,32260.3,2,3.62006,81.7232,0.5,4,1,1,0,0,,,,3.65452
462616850,7,3361.67,50000,8,1.91263,253.325,0.5,4,1,1,0,0,,,,0.274593
462616850,8,3354.12,50000,4,5.40922,179.128,0.5,4,1,1,0,0,,,,8.65298
462616850,9,3354.54,50000,1,6.18409,89.5638,0.5,4,1,1,0,0,,,,5.75416
462616850,10,3348.74,50000,4,5.40922,179.128,0.5,4,1,1,0,0,,,,5.5247
462616850,11,3360.11,17077.7,16,7.67135,122.364,0.5,4,1,1,0,0,,,,12.103
462616850,12,3345.1,50000,8,1.91263,253.325,0.5,4,1,1,0,0,,,,30.1682
462616850,13,3340.3,50000,1,6.18409,89.5638,0.5,4,1,1,0,0,,,,5.67056
462616850,14,3351.95,50000,8,1.91263,253.325,0.5,4,1,1,0,0,,,,-0.0390285
462616850,15,3359.77,50000,24,10.5135,438.771,0.5,4,1,1,0,0,,,,31.1402
462616850,16,3355.77,50000,2,5.61071,126.662,0.5,4,1,1,0,0,,,,
462616850,17,3348.59,30320.4,16,13.62,217.249,0.5,4,1,1,0,0,,,,27.5404
462616850,18,3361.38,18864.5,24,3.96663,165.544,0.5,4,1,1,1,1,3361.36,229990,1,31.5042
462616850,19,3366.45,28067.8,2,3.14961,71.1026,0.5,4,1,1,0,0,,,,3.1489
