key,tic,trial,t0,depth_ppm,duration_h,expected_snr,recovered,plausible,detected,det_snr,dbic_alt,dbic_box,best_alt,shape_strict_box,edge_lc,edge_pixels,centroid,neighbours,pixel_confirm,pixel_snr_ratio,pixel_depth_ratio,fpp_value,nfpp_value,shape,duration,edge,pixels,asteroid,catalogue,fpp
1042983_0,1042983,0,1873.33,2800.38,4,7.54657,1,False,True,7.22609,6.24415,-5.59854,flare_decay,False,True,True,True,True,True,1.07148,0.998737,,,False,False,True,True,,True,
1042983_1,1042983,1,1876.08,2054.66,2,4.14601,0,False,,,,,,,,,,,,,,,,,,,,,,
1042983_2,1042983,2,1876.62,6663,8,27.3115,1,True,True,25.2957,100.023,14.7252,flare_decay,True,True,False,True,True,True,1.08145,1.16276,,,True,True,True,True,,True,
1042983_3,1042983,3,1887,3316.05,16,21.8835,1,True,True,9.30858,-6.91555,-3.20198,step,False,False,True,True,True,True,0.988204,0.946332,,,False,True,True,True,,True,
1042983_4,1042983,4,1873.31,4383.47,4,11.8127,1,False,True,10.9052,12.0537,0.182243,flare_decay,True,True,True,True,True,True,0.839114,0.86809,,,True,True,True,True,True,True,
1042983_5,1042983,5,1883.7,3858.9,1,6.02185,0,False,,,,,,,,,,,,,,,,,,,,,,
1042983_6,1042983,6,1888.54,2246.14,1,3.50513,0,False,,,,,,,,,,,,,,,,,,,,,,
1042983_7,1042983,7,1877.33,5950.67,2,12.0076,1,False,True,11.1972,14.3324,-4.00001,flare_decay,True,True,True,True,True,True,0.636911,0.776752,,,True,False,True,True,,True,
1042983_8,1042983,8,1894.06,1864.13,4,5.02352,0,False,,,,,,,,,,,,,,,,,,,,,,
1042983_9,1042983,9,1881.47,867.252,16,5.72322,0,True,,,,,,,,,,,,,,,,,,,,,,
1042983_10,1042983,10,1897.33,1398.09,4,3.76762,0,False,,,,,,,,,,,,,,,,,,,,,,
1042983_11,1042983,11,1876.08,1106.57,16,7.30252,0,True,,,,,,,,,,,,,,,,,,,,,,
1042983_12,1042983,12,1894.85,8127.17,4,21.9014,1,False,True,23.2518,36.7573,-5.81632,flare_decay,True,True,True,True,True,True,0.961816,0.822208,,,True,False,True,True,,True,
1042983_13,1042983,13,1876.83,977.417,24,8.014,0,True,,,,,,,,,,,,,,,,,,,,,,
1042983_14,1042983,14,1896.43,871.929,8,3.57401,0,True,,,,,,,,,,,,,,,,,,,,,,
1042983_15,1042983,15,1876.06,27604.8,1,43.0776,1,False,True,36.7904,75.2161,181.984,flare_decay,True,True,True,True,True,True,0.762983,0.501321,,,True,False,True,True,,True,
1042983_16,1042983,16,1887.97,6124.65,2,12.3586,1,False,True,14.2836,54.6984,3.49009,flare_decay,True,True,True,True,True,True,1.08232,0.869155,,,True,False,True,True,,True,
1042983_17,1042983,17,1894.16,5323.69,8,21.8217,1,True,True,21.0842,81.2376,-6.15548,flare_decay,False,True,True,True,True,True,0.861286,0.821143,,,True,True,True,True,True,True,
1042983_18,1042983,18,1887.89,13736.4,2,27.718,1,False,True,27.5835,215.581,-14.721,flare_decay,False,True,True,True,True,True,0.971798,0.807237,,,True,False,True,True,,True,
1042983_19,1042983,19,1887.95,1677.37,2,3.38468,0,False,,,,,,,,,,,,,,,,,,,,,,
3716195_0,3716195,0,1873.22,29887.2,1,44.3394,1,False,True,49.6243,711.602,-3.21222,flare_decay,True,False,True,True,True,True,0.797666,0.715671,,,True,False,True,True,,True,
3716195_1,3716195,1,1895.89,4069.63,8,17.3112,1,True,True,16.5114,57.4322,0.75806,flare_decay,True,True,True,True,True,True,0.589932,0.880942,,,True,True,True,True,,True,
3716195_2,3716195,2,1876.39,2746.53,2,5.39813,0,False,,,,,,,,,,,,,,,,,,,,,,
3716195_3,3716195,3,1879.95,11709.4,1,17.3716,1,False,True,19.0361,57.3456,-2.95596,flare_decay,True,True,True,True,True,True,2.60422,0.634919,,,True,False,True,True,,True,
3716195_4,3716195,4,1881.87,2681.25,16,16.6517,1,True,True,17.0855,32.0908,8.14544,step,True,True,True,True,True,True,0.470307,0.514025,,,True,True,True,True,,True,
3716195_5,3716195,5,1889.6,19809.8,1,29.3889,1,False,True,19.0318,-0.871483,153.883,flare_decay,False,True,True,True,True,True,0.979791,0.729095,,,False,False,True,True,,True,
3716195_6,3716195,6,1897.08,765.01,8,3.25416,0,True,,,,,,,,,,,,,,,,,,,,,,
3716195_7,3716195,7,1889.75,719.766,16,4.47006,0,True,,,,,,,,,,,,,,,,,,,,,,
3716195_8,3716195,8,1879.22,971.704,16,6.0347,0,True,,,,,,,,,,,,,,,,,,,,,,
3716195_9,3716195,9,1878.97,32869.6,1,48.7639,1,False,True,53.9022,646.919,-3.61406,flare_decay,True,True,True,True,True,True,1.3326,0.590994,,,True,False,True,True,,True,
3716195_10,3716195,10,1892.04,18256.5,1,27.0846,1,False,True,24.7065,34.2038,11.5726,flare_decay,True,True,True,True,True,True,0.848472,0.747912,,,True,False,True,True,,True,
3716195_11,3716195,11,1878.56,12752.8,1,18.9194,1,False,True,14.4234,19.3343,30.3978,flare_decay,True,True,True,True,True,True,1.50261,0.613171,1,0,True,True,True,True,,True,False
3716195_12,3716195,12,1897.35,2522.47,8,10.7299,1,True,True,11.5865,21.6383,-5.81133,flare_decay,True,True,False,True,True,False,0.237728,0.37502,,,True,True,True,False,,True,
3716195_13,3716195,13,1872.37,5442.94,4,16.1154,1,True,True,14.3672,38.0102,-5.38228,flare_decay,True,True,True,True,True,True,0.791134,1.08826,0.157784,0,True,True,True,True,True,True,True
3716195_14,3716195,14,1897.62,1303.27,24,9.24225,0,True,,,,,,,,,,,,,,,,,,,,,,
3716195_15,3716195,15,1889.66,2583.5,1,3.83277,0,False,,,,,,,,,,,,,,,,,,,,,,
3716195_16,3716195,16,1877.89,8662.49,16,53.7978,1,True,True,55.8232,553.281,74.6303,flare_decay,True,True,True,True,True,True,0.828534,0.91567,,,True,True,True,True,,True,
3716195_17,3716195,17,1895,4734.94,1,7.02456,0,False,,,,,,,,,,,,,,,,,,,,,,
3716195_18,3716195,18,1881.06,1546.67,2,3.03988,0,False,,,,,,,,,,,,,,,,,,,,,,
3716195_19,3716195,19,1873.72,5762.8,16,35.7894,1,True,True,33.3342,257.852,0.236054,flare_decay,True,True,True,True,True,True,0.676398,0.887203,,,True,True,True,True,True,True,
3908570_0,3908570,0,1896.45,3784.94,8,8.11693,0,True,,,,,,,,,,,,,,,,,,,,,,
3908570_1,3908570,1,1894.02,20132,4,29.9773,1,True,True,28.0478,143.996,-5.06154,flare_decay,True,True,True,True,True,True,1.19728,0.853325,,,True,True,True,True,,True,
3908570_2,3908570,2,1871,3218.64,24,13.3222,0,True,,,,,,,,,,,,,,,,,,,,,,
3908570_3,3908570,3,1871.45,4385.77,8,9.40542,1,True,True,9.78956,10.0357,-6.54842,flare_decay,False,True,True,True,True,True,0.807735,0.685035,0.186299,0.178218,True,True,True,True,,True,False
3908570_4,3908570,4,1873.18,6627.6,1,4.62794,0,False,,,,,,,,,,,,,,,,,,,,,,
3908570_5,3908570,5,1894.97,11702.4,8,25.0962,1,True,True,24.0898,141.629,17.424,flare_decay,True,True,True,True,True,True,1.15155,0.849672,1.03471e-06,3.5244e-08,True,True,True,True,,True,True
3908570_6,3908570,6,1881.08,50000,1,34.9142,1,False,True,25.4109,4.00607,190.645,flare_decay,False,True,True,True,True,True,1.29857,0.534744,,,False,True,True,True,,True,
3908570_7,3908570,7,1887.7,4860.97,16,14.651,1,True,True,14.1044,28.4882,0.225232,flare_decay,True,True,True,True,True,True,0.9683,0.911348,,,True,True,True,True,,True,
3908570_8,3908570,8,1880.35,14522.1,8,31.143,1,True,True,29.2681,124.069,4.8151,flare_decay,True,True,True,True,True,True,1.38765,0.836005,,,True,True,True,True,,True,
3908570_9,3908570,9,1891.08,3103.78,16,9.35482,0,True,,,,,,,,,,,,,,,,,,,,,,
3908570_10,3908570,10,1882.39,1795.17,8,3.84981,0,True,,,,,,,,,,,,,,,,,,,,,,
3908570_11,3908570,11,1871.04,8277.56,24,34.2614,1,True,True,19.1335,45.6584,46.1389,step,True,False,False,True,True,False,,,,,True,True,False,False,,True,
3908570_12,3908570,12,1888.97,4805.06,8,10.3046,1,True,True,11.1373,7.31701,-2.4136,flare_decay,False,True,True,True,True,True,0.883052,0.799632,,,False,True,True,True,,True,
3908570_13,3908570,13,1888.62,10125.1,1,7.07017,0,False,,,,,,,,,,,,,,,,,,,,,,
3908570_14,3908570,14,1888.1,13819.9,1,9.65021,0,False,,,,,,,,,,,,,,,,,,,,,,
3908570_15,3908570,15,1883.58,3139.12,24,12.9931,0,True,,,,,,,,,,,,,,,,,,,,,,
3908570_16,3908570,16,1889.68,50000,1,34.9142,1,False,True,33.5304,232.444,17.0121,flare_decay,True,True,True,True,True,True,1.48857,0.442248,,,True,True,True,True,True,True,
3908570_17,3908570,17,1889.58,38177,2,39.3436,1,False,True,37.9312,164.584,-14.5139,flare_decay,False,True,True,True,True,True,0.987769,0.82595,,,True,False,True,True,,True,
3908570_18,3908570,18,1894.16,9546.98,1,6.6665,0,False,,,,,,,,,,,,,,,,,,,,,,
3908570_19,3908570,19,1888.68,8700.75,4,12.9557,1,True,True,11.2689,22.7323,-3.20529,flare_decay,True,True,True,True,True,True,1.06708,0.916578,,,True,True,True,True,True,True,
4843442_0,4843442,0,1897.12,3102.89,16,16.4161,1,True,True,14.208,14.4912,3.73836,flare_decay,True,True,False,True,True,False,1.89631,2.94652,,,True,True,True,False,,True,
4843442_1,4843442,1,1887.31,1543.73,24,9.51631,0,True,,,,,,,,,,,,,,,,,,,,,,
4843442_2,4843442,2,1873.31,5602.55,8,21.8871,1,True,True,20.6547,72.3296,5.47022,flare_decay,True,True,True,True,True,True,0.652427,0.752724,,,True,True,True,True,,True,
4843442_3,4843442,3,1871.93,2640.82,16,13.9715,1,True,True,12.6509,30.7412,-0.249484,flare_decay,True,True,True,True,False,True,0.523827,0.914637,,,True,True,True,False,,True,
4843442_4,4843442,4,1880.89,2067.83,16,10.94,1,True,True,12.9127,17.0986,-3.07615,flare_decay,True,True,True,True,False,True,0.428051,0.535619,,,True,True,True,False,,True,
4843442_5,4843442,5,1891.66,789.591,16,4.17739,0,True,,,,,,,,,,,,,,,,,,,,,,
4843442_6,4843442,6,1890.95,2299.89,2,4.18751,0,False,,,,,,,,,,,,,,,,,,,,,,
4843442_7,4843442,7,1895.2,29316.7,2,53.3782,1,False,True,54.2282,522.208,78.3885,flare_decay,True,True,True,True,True,True,1.19994,0.819951,,,True,False,True,True,,True,
4843442_8,4843442,8,1888.35,1252.15,8,4.89171,0,True,,,,,,,,,,,,,,,,,,,,,,
4843442_9,4843442,9,1880,7957.3,1,10.7101,0,False,,,,,,,,,,,,,,,,,,,,,,
4843442_10,4843442,10,1880.77,41024.5,1,55.2169,1,False,True,60.1559,762.353,0.955185,flare_decay,True,True,True,True,True,True,2.37491,0.538888,,,True,False,True,True,,True,
4843442_11,4843442,11,1877,597.8,16,3.1627,0,True,,,,,,,,,,,,,,,,,,,,,,
4843442_12,4843442,12,1887.08,3217.77,24,19.8359,1,True,True,15.4669,-3.70926,0.298069,step,False,False,False,True,True,False,-0.16737,-74.4323,,,False,True,False,False,,True,
4843442_13,4843442,13,1896.12,794.49,16,4.20331,0,True,,,,,,,,,,,,,,,,,,,,,,
4843442_14,4843442,14,1880.43,1487.05,24,9.1669,0,True,,,,,,,,,,,,,,,,,,,,,,
4843442_15,4843442,15,1878.68,12368.6,1,16.6475,1,False,True,15.4633,111.774,12.0851,flare_decay,True,True,True,True,True,True,0.765095,0.55484,,,True,False,True,True,,True,
4843442_16,4843442,16,1893.85,9544.07,2,17.3773,1,False,True,18.042,30.3402,-5.33233,flare_decay,True,True,True,True,True,True,0.854499,0.827782,,,True,False,True,True,,True,
4843442_17,4843442,17,1876.89,4668.79,1,6.28395,0,False,,,,,,,,,,,,,,,,,,,,,,
4843442_18,4843442,18,1873.97,771.622,16,4.08232,0,True,,,,,,,,,,,,,,,,,,,,,,
4843442_19,4843442,19,1879.68,1169.86,4,3.0147,0,True,,,,,,,,,,,,,,,,,,,,,,
4893189_0,4893189,0,1878.68,3438.57,4,9.25846,1,True,False,,,,,,,,,,,,,,,,,,,,,
4893189_1,4893189,1,1872.58,7706.61,16,53.2827,1,True,True,49.6792,351.798,26.2366,flare_decay,True,True,True,True,True,True,0.559785,0.862872,,,True,True,True,True,True,True,
4893189_2,4893189,2,1878.43,9054.23,2,17.4832,1,False,True,16.4021,49.187,-1.24694,flare_decay,True,True,True,True,True,True,1.25103,0.876803,,,True,False,True,True,,True,
4893189_3,4893189,3,1890.18,674.631,24,5.43541,0,True,,,,,,,,,,,,,,,,,,,,,,
4893189_4,4893189,4,1894.25,9810.67,8,40.4793,1,True,True,38.5546,205.448,4.41385,flare_decay,True,True,True,True,True,True,0.418328,0.810744,,,True,True,True,True,,True,
4893189_5,4893189,5,1883.35,4311.08,2,8.32446,0,False,,,,,,,,,,,,,,,,,,,,,,
4893189_6,4893189,6,1892.27,825.224,8,3.40492,0,True,,,,,,,,,,,,,,,,,,,,,,
4893189_7,4893189,7,1876.68,1014.59,24,8.17438,1,True,True,9.49176,-6.25786,-2.65223,flare_decay,False,True,False,True,True,False,-0.319187,-0.932226,,,False,True,True,False,,True,
4893189_8,4893189,8,1882.04,21361.8,1,29.6708,1,False,True,27.953,104.754,16.2112,flare_decay,True,True,True,True,True,True,0.455676,0.57947,,,True,False,True,True,,True,
4893189_9,4893189,9,1889.35,3723.08,16,25.741,1,True,True,22.8449,66.4896,14.278,flare_decay,True,True,True,True,True,True,0.320626,0.625397,,,True,True,True,True,,True,
4893189_10,4893189,10,1895.58,1301.77,4,3.50507,0,True,,,,,,,,,,,,,,,,,,,,,,
4893189_11,4893189,11,1874.89,1239.89,24,9.98959,0,True,,,,,,,,,,,,,,,,,,,,,,
4893189_12,4893189,12,1895.22,8214.14,2,15.861,1,False,True,16.2886,58.1241,4.37989,flare_decay,True,True,True,True,True,True,0.344753,0.803104,,,True,False,True,True,,True,
4893189_13,4893189,13,1887.08,4415.94,8,18.2204,1,True,True,10.1351,-5.7514,-2.25489,step,False,False,True,True,True,True,1.05052,1.93786,,,False,True,True,True,,True,
4893189_14,4893189,14,1878.04,5187.88,8,21.4055,1,True,True,21.9455,69.4375,-9.89348,flare_decay,False,True,True,True,True,True,0.608306,0.72997,,,True,True,True,True,,True,
4893189_15,4893189,15,1890.5,4041.6,24,32.5626,1,True,True,25.5558,100.719,25.0744,flare_decay,True,True,True,True,True,True,0.630538,0.900108,,,True,True,True,True,,True,
4893189_16,4893189,16,1889.08,2703.32,8,11.1541,1,True,True,11.7694,9.83559,-3.11339,step,False,True,True,True,True,True,0.380236,0.668585,,,False,True,True,True,,True,
4893189_17,4893189,17,1888.04,815.006,8,3.36276,0,True,,,,,,,,,,,,,,,,,,,,,,
4893189_18,4893189,18,1879.06,19903,1,27.6445,1,False,True,24.399,12.4365,54.0806,flare_decay,True,True,True,True,True,True,1.1152,0.529488,,,True,False,True,True,,True,
4893189_19,4893189,19,1895.91,4268.56,1,5.92887,0,False,,,,,,,,,,,,,,,,,,,,,,
4896021_0,4896021,0,1888.04,2419.31,16,22.854,1,True,True,21.6113,72.6148,-1.42719,flare_decay,True,True,True,True,False,True,0.545329,1.01467,,,True,True,True,False,,True,
4896021_1,4896021,1,1879.66,1001.8,24,11.9947,0,True,,,,,,,,,,,,,,,,,,,,,,
4896021_2,4896021,2,1874.14,3275.35,16,30.9407,1,True,True,30.427,192.45,56.6196,flare_decay,True,True,True,True,True,True,0.763186,0.907971,,,True,True,True,True,,True,
4896021_3,4896021,3,1881.29,2439.85,2,8.48953,1,False,True,8.30393,15.1783,-4.41298,flare_decay,True,True,True,True,True,True,2.52537,0.983155,,,True,False,True,True,,True,
4896021_4,4896021,4,1877.14,5555.97,8,38.47,1,True,True,36.9972,138.12,13.6782,flare_decay,True,True,False,True,True,False,0.261319,0.780855,,,True,True,True,False,,True,
4896021_5,4896021,5,1897.7,538.008,8,3.72521,0,True,,,,,,,,,,,,,,,,,,,,,,
4896021_6,4896021,6,1878.27,1223.87,24,14.6536,1,True,True,14.4121,32.3821,-10.1789,flare_decay,False,True,True,True,True,True,0.871185,0.896993,,,True,True,True,True,,True,
4896021_7,4896021,7,1889.16,7627.75,4,39.7822,1,True,True,38.3445,204.094,113.059,flare_decay,True,True,True,True,True,True,0.911629,0.885552,,,True,True,True,True,,True,
4896021_8,4896021,8,1897.31,1938.82,24,23.2138,1,True,True,16.0582,-4.53745,-0.106629,step,False,False,False,True,True,False,,,,,False,True,False,False,,True,
4896021_9,4896021,9,1896.1,989.769,4,5.1621,0,True,,,,,,,,,,,,,,,,,,,,,,
4896021_10,4896021,10,1891.58,640.93,16,6.05455,0,True,,,,,,,,,,,,,,,,,,,,,,
4896021_11,4896021,11,1891.89,321.466,24,3.84897,0,True,,,,,,,,,,,,,,,,,,,,,,
4896021_12,4896021,12,1879.7,6954.33,4,36.27,1,True,True,34.8865,384.202,122.038,flare_decay,True,True,True,True,True,True,0.609765,0.908357,,,True,True,True,True,,True,
4896021_13,4896021,13,1880.56,1137.54,4,5.93276,0,True,,,,,,,,,,,,,,,,,,,,,,
4896021_14,4896021,14,1881.37,3221.34,4,16.8008,1,True,True,14.4112,34.1779,12.8073,flare_decay,True,True,True,True,True,True,0.974929,0.903841,,,True,True,True,True,True,True,
4896021_15,4896021,15,1872.35,722.922,4,3.77037,0,True,,,,,,,,,,,,,,,,,,,,,,
4896021_16,4896021,16,1871.37,2460.93,24,29.4652,1,True,True,23.7019,108.502,4.74701,flare_decay,True,False,True,True,True,True,0.731123,1.08956,,,True,True,True,True,True,True,
4896021_17,4896021,17,1878.27,3613.92,24,43.2701,1,True,True,40.4987,332.186,48.6657,flare_decay,True,True,True,True,True,True,0.943182,0.930806,,,True,True,True,True,,True,
4896021_18,4896021,18,1874.06,1696.21,8,11.7447,1,True,True,11.3494,9.01065,-3.81321,flare_decay,False,True,True,True,True,True,0.978614,1.00059,,,False,True,True,True,,True,
4896021_19,4896021,19,1889.77,1287.99,8,8.91816,1,True,True,7.74512,-1.41579,-1.72143,step,False,True,True,True,True,True,0.627843,0.531131,,,False,True,True,True,,True,
4972171_0,4972171,0,1882.89,1388.88,8,3.84478,0,True,,,,,,,,,,,,,,,,,,,,,,
4972171_1,4972171,1,1883.54,17643.3,2,28.7302,1,False,True,29.9743,104.247,42.0839,flare_decay,True,True,True,True,True,True,1.02237,0.905175,,,True,False,True,True,,True,
4972171_2,4972171,2,1876.37,6450.42,4,14.0839,1,True,True,13.99,105.673,33.5627,flare_decay,True,True,True,True,True,True,1.30323,0.868124,,,True,True,True,True,True,True,
4972171_3,4972171,3,1880.85,18293.6,1,21.9499,1,False,True,13.5042,11.3173,209.695,flare_decay,True,True,True,True,True,True,2.79708,0.577466,,,True,False,True,True,,True,
4972171_4,4972171,4,1874.87,5560.46,16,18.9429,1,True,True,18.0356,76.7153,-7.28962,flare_decay,False,True,True,True,True,True,1.13632,0.82959,,,True,True,True,True,,True,
4972171_5,4972171,5,1872.7,16282,2,26.5135,1,False,True,26.4468,125.887,16.7838,flare_decay,True,True,True,True,True,True,1.50769,0.840427,,,True,False,True,True,,True,
4972171_6,4972171,6,1870.7,3156.93,1,3.78791,0,False,,,,,,,,,,,,,,,,,,,,,,
4972171_7,4972171,7,1891.89,2614.62,8,7.23795,0,True,,,,,,,,,,,,,,,,,,,,,,
4972171_8,4972171,8,1874.95,6155.78,1,7.38614,0,False,,,,,,,,,,,,,,,,,,,,,,
4972171_9,4972171,9,1875.04,3320.71,2,5.40742,0,False,,,,,,,,,,,,,,,,,,,,,,
4972171_10,4972171,10,1896.45,2992.82,24,12.0154,1,True,True,9.53708,36.8401,16.1244,step,True,True,False,False,True,False,-0.24413,-0.229334,,,True,True,True,False,,True,
4972171_11,4972171,11,1876.56,2621.46,8,7.25689,0,True,,,,,,,,,,,,,,,,,,,,,,
4972171_12,4972171,12,1887.83,7918.95,4,17.2902,1,True,True,16.7024,73.8321,33.9747,flare_decay,True,True,True,True,True,True,1.06682,0.834212,,,True,True,True,True,,True,
4972171_13,4972171,13,1891.72,972.565,16,3.31325,0,True,,,,,,,,,,,,,,,,,,,,,,
4972171_14,4972171,14,1889,4489.9,8,12.4292,1,True,True,12.1774,19.5828,-5.35877,flare_decay,True,True,True,True,True,True,2.59548,0.947276,,,True,True,True,True,,True,
4972171_15,4972171,15,1878.7,2013.62,24,8.08417,0,True,,,,,,,,,,,,,,,,,,,,,,
4972171_16,4972171,16,1892,20464,2,33.3235,1,False,True,31.6151,85.0407,7.85316,flare_decay,True,True,True,True,True,True,0.701711,0.840213,,,True,False,True,True,,True,
4972171_17,4972171,17,1892.06,15726.9,8,43.5363,1,True,True,43.5687,251.793,25.2582,flare_decay,True,True,True,True,True,True,1.31865,0.878302,,,True,True,True,True,True,True,
4972171_18,4972171,18,1893.12,14386.9,1,17.2625,1,False,True,10.8478,4.00416,81.3411,flare_decay,False,True,True,True,True,True,2.04156,0.51491,,,False,True,True,True,,True,
4972171_19,4972171,19,1897.72,13385.8,24,53.7408,1,True,True,38.648,-0.27598,3.74937,step,False,False,False,True,True,False,,,,,False,True,False,False,,True,
8247372_0,8247372,0,1880.41,6380.47,4,14.0037,1,False,True,12.0355,38.797,13.9329,flare_decay,True,True,True,True,True,True,0.918162,0.981136,,,True,False,True,True,,True,
8247372_1,8247372,1,1875.02,9690.64,16,53.9322,1,True,True,50.2844,264.363,38.9444,flare_decay,True,True,True,True,True,True,0.676082,0.874071,,,True,True,True,True,,True,
8247372_2,8247372,2,1892.64,710.048,16,3.9517,0,True,,,,,,,,,,,,,,,,,,,,,,
8247372_3,8247372,3,1894.04,5441.79,1,5.85803,0,False,,,,,,,,,,,,,,,,,,,,,,
8247372_4,8247372,4,1871.41,967.862,8,3.41485,0,True,,,,,,,,,,,,,,,,,,,,,,
8247372_5,8247372,5,1872.54,1594.27,4,3.49906,0,False,,,,,,,,,,,,,,,,,,,,,,
8247372_6,8247372,6,1891.93,35270.4,1,37.9682,1,False,True,35.1231,158.103,16.4516,flare_decay,True,True,True,True,True,True,1.22728,0.449332,,,True,True,True,True,,True,
8247372_7,8247372,7,1890.83,16093,8,56.7799,1,True,True,55.9863,312.955,12.1568,flare_decay,True,True,True,True,True,True,0.664306,0.866205,,,True,True,True,True,,True,
8247372_8,8247372,8,1894.62,3591.21,2,5.63449,0,False,,,,,,,,,,,,,,,,,,,,,,
8247372_9,8247372,9,1896.12,5339.41,8,18.8387,1,True,True,17.8348,45.539,-1.469,step,True,True,True,True,True,True,0.598144,0.721985,,,True,True,True,True,True,True,
8247372_10,8247372,10,1887.89,5860.82,1,6.30911,0,False,,,,,,,,,,,,,,,,,,,,,,
8247372_11,8247372,11,1881.22,6507.92,2,10.2107,1,False,True,10.1166,36.2008,-5.13597,flare_decay,True,True,True,True,True,True,2.33215,0.683516,,,True,False,True,True,,True,
8247372_12,8247372,12,1882.22,3678.12,16,20.4702,1,True,True,19.5849,53.9486,9.26395,flare_decay,True,True,True,True,True,True,0.549849,1.27389,,,True,True,True,True,True,True,
8247372_13,8247372,13,1882.31,18079.7,2,28.3665,1,False,True,26.3954,110.937,8.1227,flare_decay,True,True,True,True,True,True,0.652852,0.913994,,,True,False,True,True,,True,
8247372_14,8247372,14,1882.62,5491.35,1,5.91138,0,False,,,,,,,,,,,,,,,,,,,,,,
8247372_15,8247372,15,1894.83,3121.88,4,6.85181,1,False,True,7.07316,3.07052,-2.36612,flare_decay,False,True,True,True,True,True,1.13183,0.98449,,,False,False,True,True,,True,
8247372_16,8247372,16,1880.47,8165.88,8,28.8112,1,True,True,26.9984,74.6271,12.7354,flare_decay,True,True,True,True,True,True,0.650584,0.888234,,,True,True,True,True,,True,
8247372_17,8247372,17,1877.95,6713.73,16,37.3645,1,True,True,35.0889,124.711,14.7192,flare_decay,True,True,True,True,True,True,0.71804,0.910389,,,True,True,True,True,,True,
8247372_18,8247372,18,1887.14,1248.69,16,6.94945,0,True,,,,,,,,,,,,,,,,,,,,,,
8247372_19,8247372,19,1880.58,7032.08,4,15.4338,1,False,True,15.5276,39.9258,-6.7317,flare_decay,False,True,True,True,True,True,1.12042,0.866311,,,True,False,True,True,,True,
8884142_0,8884142,0,1889.6,15410.4,1,35.2735,1,False,True,21.2134,5.06366,279.515,flare_decay,False,True,True,True,True,True,0.737666,0.683966,,,False,False,True,True,,True,
8884142_1,8884142,1,1887.41,1884.55,24,19.8153,1,True,True,13.5108,14.2332,1.89116,step,True,True,True,True,True,True,0.505906,2.35172,,,True,True,True,True,,True,
8884142_2,8884142,2,1893.81,538.228,8,3.32123,0,True,,,,,,,,,,,,,,,,,,,,,,
8884142_3,8884142,3,1880.08,3065.11,8,18.9138,1,True,True,19.352,86.9452,2.44108,flare_decay,True,True,True,True,True,True,1.21648,1.06999,,,True,True,True,True,,True,
8884142_4,8884142,4,1895,2683,24,28.2107,1,True,True,26.5568,170.142,14.9183,flare_decay,True,True,True,True,True,True,0.72758,1.38545,,,True,True,True,True,True,True,
8884142_5,8884142,5,1870.83,1381.16,8,8.52269,0,True,,,,,,,,,,,,,,,,,,,,,,
8884142_6,8884142,6,1887.5,5615.28,16,51.8341,1,True,True,45.4487,373.768,69.5975,flare_decay,True,True,False,True,True,False,0.284893,1.81773,,,True,True,True,False,,True,
8884142_7,8884142,7,1891.93,926.111,2,3.02444,0,False,,,,,,,,,,,,,,,,,,,,,,
8884142_8,8884142,8,1875.16,3717.5,1,8.50916,0,False,,,,,,,,,,,,,,,,,,,,,,
8884142_9,8884142,9,1876.25,9631.21,8,59.4311,1,True,True,59.7485,837.744,51.3352,flare_decay,True,True,True,True,True,True,0.435217,1.03295,,,True,True,True,True,,True,
8884142_10,8884142,10,1891.25,1178.78,8,7.27385,0,True,,,,,,,,,,,,,,,,,,,,,,
8884142_11,8884142,11,1882.02,5207.34,16,48.0685,1,True,True,47.3197,477.558,12.2092,flare_decay,True,True,True,True,True,True,0.451493,0.783118,,,True,True,True,True,True,True,
8884142_12,8884142,12,1875.1,14487,2,47.3108,1,False,True,44.3093,188.602,-18.6252,flare_decay,False,True,True,True,True,True,0.520734,0.899253,,,True,False,True,True,,True,
8884142_13,8884142,13,1872.66,1341.21,24,14.1023,1,True,True,12.6636,45.7157,0.014944,step,True,True,True,True,True,True,0.610494,0.802139,0.000123002,7.24264e-05,True,True,True,True,True,True,True
8884142_14,8884142,14,1880.75,4844.86,24,50.9418,1,True,True,47.4774,464.942,14.4732,flare_decay,True,True,True,True,True,True,0.515,0.777616,,,True,True,True,True,,True,
8884142_15,8884142,15,1886.97,2297.21,8,14.1754,0,True,,,,,,,,,,,,,,,,,,,,,,
8884142_16,8884142,16,1890.72,327.642,24,3.44503,0,True,,,,,,,,,,,,,,,,,,,,,,
8884142_17,8884142,17,1874.08,15481.7,1,35.4369,1,False,True,24.3301,11.0232,260.567,flare_decay,True,True,True,True,True,True,0.903518,0.797871,,,True,False,True,True,,True,
8884142_18,8884142,18,1888.27,5125.08,1,11.731,0,False,,,,,,,,,,,,,,,,,,,,,,
8884142_19,8884142,19,1876.7,4657.13,8,28.7377,1,True,True,27.2875,142.666,21.0236,flare_decay,True,True,False,True,True,True,0.625995,1.19078,,,True,True,True,True,,True,
11908027_0,11908027,0,1897.74,8101.69,4,25.0944,0,True,,,,,,,,,,,,,,,,,,,,,,
11908027_1,11908027,1,1881.18,6076.15,16,43.9312,1,True,True,38.2945,280.451,30.592,flare_decay,True,True,True,True,True,True,1.04095,0.876587,,,True,True,True,True,,True,
11908027_2,11908027,2,1888.85,1026.17,8,4.66103,1,True,True,8.08975,5.31736,-3.55286,flare_decay,False,True,True,True,True,True,0.878665,0.819758,,,False,True,True,True,,True,
11908027_3,11908027,3,1872.45,591.346,24,5.90761,0,True,,,,,,,,,,,,,,,,,,,,,,
11908027_4,11908027,4,1890.68,7562.78,4,23.4252,1,True,True,23.6908,52.9871,24.1273,flare_decay,True,True,True,True,True,True,0.788503,0.832581,,,True,True,True,True,,True,
11908027_5,11908027,5,1888.87,1648.92,2,3.84272,0,False,,,,,,,,,,,,,,,,,,,,,,
11908027_6,11908027,6,1882.08,2110.47,1,3.52168,0,False,,,,,,,,,,,,,,,,,,,,,,
11908027_7,11908027,7,1883.04,9143.27,1,15.2572,1,False,True,18.2564,46.1809,-3.01005,flare_decay,True,False,True,True,True,True,0.939061,0.428647,,,True,True,True,True,,True,
11908027_8,11908027,8,1876.26,2659.45,24,26.5682,1,True,True,21.8307,79.8265,-6.57376,flare_decay,False,True,False,True,True,True,1.4454,1.84108,,,True,True,True,True,,True,
11908027_9,11908027,9,1876.83,2896.71,1,4.83368,0,False,,,,,,,,,,,,,,,,,,,,,,
11908027_10,11908027,10,1897.72,6211.77,2,14.4762,0,False,,,,,,,,,,,,,,,,,,,,,,
11908027_11,11908027,11,1871.93,14033,2,32.703,1,False,True,33.5607,235.715,-0.402327,flare_decay,True,True,True,True,True,True,0.931108,0.88056,,,True,False,True,True,,True,
11908027_12,11908027,12,1883.41,1521.02,16,10.9971,1,True,True,10.0626,-1.03313,6.06398,flare_decay,False,True,False,True,True,False,0.016669,0.0293901,,,False,True,True,False,,True,
11908027_13,11908027,13,1894.16,3057.82,2,7.12607,1,False,True,7.50757,4.25271,-4.39548,flare_decay,False,True,True,True,True,True,1.13648,0.708032,,,False,False,True,True,,True,
11908027_14,11908027,14,1889.29,1971.6,1,3.28997,0,False,,,,,,,,,,,,,,,,,,,,,,
11908027_15,11908027,15,1872.24,854.73,8,3.88233,0,True,,,,,,,,,,,,,,,,,,,,,,
11908027_16,11908027,16,1894.04,3102.93,24,30.9986,1,True,True,23.2643,119.83,20.905,flare_decay,True,True,True,True,True,True,0.882743,0.879881,,,True,True,True,True,,True,
11908027_17,11908027,17,1876.97,13168.4,2,30.6883,1,False,True,27.5885,135.043,18.3153,flare_decay,True,True,True,True,True,True,0.920271,0.924807,,,True,False,True,True,,True,
11908027_18,11908027,18,1892.39,1173.04,8,5.32814,0,True,,,,,,,,,,,,,,,,,,,,,,
11908027_19,11908027,19,1888.56,3721.63,4,11.5275,1,True,True,11.7725,18.7463,-2.70472,flare_decay,True,True,True,True,True,True,0.624433,0.825564,,,True,True,True,True,,True,
16779940_0,16779940,0,1871.68,1204.92,8,3.77708,0,True,,,,,,,,,,,,,,,,,,,,,,
16779940_1,16779940,1,1871,964.052,24,5.15314,0,True,,,,,,,,,,,,,,,,,,,,,,
16779940_2,16779940,2,1878.81,1068.49,24,5.7114,0,True,,,,,,,,,,,,,,,,,,,,,,
16779940_3,16779940,3,1890.56,1086.89,24,5.80975,0,True,,,,,,,,,,,,,,,,,,,,,,
16779940_4,16779940,4,1881.7,10288.5,16,45.8124,1,True,True,46.726,319.51,36.5607,flare_decay,True,True,True,True,True,True,0.732313,0.844224,,,True,True,True,True,,True,
16779940_5,16779940,5,1877.35,7279.82,2,12.4692,1,False,True,10.8381,10.3679,-2.75408,flare_decay,True,True,True,True,True,True,1.32142,0.805597,,,True,False,True,True,,True,
16779940_6,16779940,6,1890.89,5073.38,24,27.1187,1,True,True,20.4436,122.945,-1.44394,flare_decay,True,True,True,True,True,True,1.03761,0.952304,,,True,True,True,True,,True,
16779940_7,16779940,7,1883.64,1127.95,16,5.02252,0,True,,,,,,,,,,,,,,,,,,,,,,
16779940_8,16779940,8,1883.08,8162.45,16,36.3456,1,True,True,32.197,153.344,16.1349,flare_decay,True,True,False,True,True,True,0.555283,0.925248,,,True,True,True,True,True,True,
16779940_9,16779940,9,1880.79,9573.58,4,20.2101,1,True,True,22.256,60.7708,28.9326,flare_decay,True,True,True,True,True,True,1.25938,0.951303,,,True,True,True,True,True,True,
16779940_10,16779940,10,1894.12,8380.78,8,26.2714,1,True,True,24.9608,173.784,37.5691,flare_decay,True,True,True,True,True,True,0.813606,0.895085,,,True,True,True,True,,True,
16779940_11,16779940,11,1877.02,3411.16,16,15.1892,1,True,True,10.7017,17.8221,-0.647847,flare_decay,True,True,False,True,False,False,-0.0269524,-0.0346341,,,True,True,True,False,,True,
16779940_12,16779940,12,1873.27,9264.97,8,29.0431,1,True,True,27.6263,123.548,14.6163,flare_decay,True,True,True,True,True,True,0.856083,0.876966,,,True,True,True,True,,True,
16779940_13,16779940,13,1871.79,2120.67,24,11.3356,0,True,,,,,,,,,,,,,,,,,,,,,,
16779940_14,16779940,14,1878.18,31651.2,2,54.2137,1,False,True,51.0877,307.325,40.8695,flare_decay,True,True,True,True,True,True,1.4972,0.907358,,,True,False,True,True,,True,
16779940_15,16779940,15,1871.29,1110.04,16,4.94277,0,True,,,,,,,,,,,,,,,,,,,,,,
16779940_16,16779940,16,1881.25,34920.6,1,41.9109,1,False,True,46.4783,118.87,-3.01962,flare_decay,True,True,True,True,True,True,0.650778,0.624449,,,True,True,True,True,,True,
16779940_17,16779940,17,1882.85,4471.13,8,14.0158,1,True,True,12.9206,27.8905,-1.75057,flare_decay,True,True,False,True,True,True,1.53832,1.77441,,,True,True,True,True,,True,
16779940_18,16779940,18,1878.66,15613,1,18.7383,1,False,True,15.7811,71.5509,44.6298,flare_decay,True,True,True,True,True,True,1.41821,0.711652,,,True,False,True,True,,True,
16779940_19,16779940,19,1895.45,1374.48,16,6.12025,1,True,True,8.27008,5.6485,-1.39138,flare_decay,False,True,False,True,True,False,0.125709,0.255253,,,False,True,True,False,,True,
16814334_0,16814334,0,1878,544.588,4,3.8888,0,True,,,,,,,,,,,,,,,,,,,,,,
16814334_1,16814334,1,1889.45,660.711,4,4.71802,1,True,True,7.12439,49.0255,13.3888,flare_decay,True,True,True,True,True,True,1.70085,1.82471,0.0232701,0,True,True,True,True,,True,True
16814334_2,16814334,2,1887.08,5185.53,2,34.6854,0,False,,,,,,,,,,,,,,,,,,,,,,
16814334_3,16814334,3,1877.08,493.944,16,4.71042,0,True,,,,,,,,,,,,,,,,,,,,,,
16814334_4,16814334,4,1894.02,4422.24,8,35.1945,1,True,True,35.5394,1424.76,440.082,flare_decay,True,True,True,True,True,True,0.44344,0.805915,,,True,True,True,True,,True,
16814334_5,16814334,5,1877.72,1672.79,8,13.313,1,True,True,13.6977,177.895,45.2353,flare_decay,True,True,True,True,True,True,1.01947,1.30356,,,True,True,True,True,,True,
16814334_6,16814334,6,1889.31,635.427,8,5.05707,0,True,,,,,,,,,,,,,,,,,,,,,,
16814334_7,16814334,7,1896.39,348.225,16,3.32079,0,True,,,,,,,,,,,,,,,,,,,,,,
16814334_8,16814334,8,1880.95,1937.55,8,15.42,1,True,True,14.9948,388.952,41.1519,flare_decay,True,True,True,True,True,True,0.962707,0.913077,,,True,True,True,True,,True,
16814334_9,16814334,9,1879.87,9023.57,1,53.7071,1,False,True,29.5082,121.575,1340.55,flare_decay,True,True,True,True,True,True,0.554851,0.478359,,,True,True,True,True,True,True,
16814334_10,16814334,10,1894.93,2392.25,2,16.0015,1,False,True,18.4365,52.4935,-2.13392,flare_decay,True,True,True,True,True,True,0.55794,0.993343,,,True,False,True,True,,True,
16814334_11,16814334,11,1888.7,9693.26,1,57.693,1,False,True,59.3776,501.412,18.6539,flare_decay,True,True,False,True,True,False,0.218017,0.558345,,,True,True,True,False,,True,
16814334_12,16814334,12,1892.47,1459.38,16,13.9172,1,True,True,10.0102,292.152,26.4588,flare_decay,True,True,True,True,True,True,0.729487,0.63276,,,True,True,True,True,True,True,
16814334_13,16814334,13,1887.95,1571.21,16,14.9836,1,True,True,14.0331,223.9,21.6314,flare_decay,True,True,True,True,True,True,0.656049,1.5042,,,True,True,True,True,True,True,
16814334_14,16814334,14,1873.58,2120.52,4,15.1422,1,True,True,17.9132,303.248,-24.8489,flare_decay,False,True,True,True,True,True,0.72318,0.813732,,,True,True,True,True,True,True,
16814334_15,16814334,15,1881.91,1191.65,1,7.09252,0,False,,,,,,,,,,,,,,,,,,,,,,
16814334_16,16814334,16,1877.41,4621.19,16,44.0693,1,True,True,38.3315,3542.53,249.307,flare_decay,True,True,True,True,True,True,1.20686,0.723519,,,True,True,True,True,,True,
16814334_17,16814334,17,1877.95,2670.87,2,17.8651,1,False,True,18.0914,101.651,16.5252,flare_decay,True,True,True,True,True,True,2.90583,0.889679,,,True,False,True,True,,True,
16814334_18,16814334,18,1891.58,698.525,8,5.55923,0,True,,,,,,,,,,,,,,,,,,,,,,
16814334_19,16814334,19,1882.91,1189.99,1,7.08268,0,False,,,,,,,,,,,,,,,,,,,,,,
27068212_0,27068212,0,1895.02,771.777,16,5.44016,0,True,,,,,,,,,,,,,,,,,,,,,,
27068212_1,27068212,1,1881.31,8042.73,8,37.3281,1,True,True,37.5215,213.612,-1.34786,flare_decay,True,True,True,True,True,True,0.688379,0.85136,,,True,True,True,True,,True,
27068212_2,27068212,2,1872.1,18098,2,40.9378,1,False,True,38.2942,288.918,-5.55781,flare_decay,True,True,True,True,True,True,1.20753,0.849711,,,True,False,True,True,,True,
27068212_3,27068212,3,1891.66,9146.97,2,20.6905,1,False,True,18.7779,34.1393,-5.22983,flare_decay,True,True,True,True,True,True,1.17877,0.92868,,,True,False,True,True,,True,
27068212_4,27068212,4,1877.64,12505.8,4,40.0995,1,True,True,39.2989,376.927,192.509,flare_decay,True,True,True,True,True,True,0.847307,0.899142,,,True,True,True,True,,True,
27068212_5,27068212,5,1883.91,5328.53,16,37.5601,1,True,True,21.9612,-4.49927,-0.761605,step,False,False,False,True,True,False,,,,,False,True,False,False,,True,
27068212_6,27068212,6,1889.39,3072,16,21.6541,1,True,True,20.3785,79.6874,2.82516,flare_decay,True,True,True,True,True,True,0.649777,0.85139,,,True,True,True,True,,True,
27068212_7,27068212,7,1879.89,1004.43,16,7.08011,0,True,,,,,,,,,,,,,,,,,,,,,,
27068212_8,27068212,8,1888.43,488.291,16,3.4419,0,True,,,,,,,,,,,,,,,,,,,,,,
27068212_9,27068212,9,1872.87,422.16,24,3.5451,0,True,,,,,,,,,,,,,,,,,,,,,,
27068212_10,27068212,10,1887.56,1070.9,4,3.43379,0,True,,,,,,,,,,,,,,,,,,,,,,
27068212_11,27068212,11,1891.18,823.552,16,5.80511,0,True,,,,,,,,,,,,,,,,,,,,,,
27068212_12,27068212,12,1883.62,7100.18,4,22.7665,1,True,True,22.2008,89.9775,25.6649,flare_decay,True,True,True,True,True,True,1.25024,0.961629,,,True,True,True,True,,True,
27068212_13,27068212,13,1892.29,2639.71,16,18.607,1,True,True,15.6637,25.8077,6.78687,flare_decay,True,True,True,True,True,True,0.666957,0.777639,,,True,True,True,True,True,True,
27068212_14,27068212,14,1881.35,1451.09,4,4.65288,0,True,,,,,,,,,,,,,,,,,,,,,,
27068212_15,27068212,15,1894.62,6571.65,4,21.0718,1,True,True,19.0371,72.6895,-10.4158,flare_decay,False,True,True,True,True,True,0.693083,0.881962,,,True,True,True,True,,True,
27068212_16,27068212,16,1883.64,1702.35,16,11.9996,1,True,True,9.45336,-5.36105,-1.3006,step,False,False,False,True,True,False,0.134955,0.202498,,,False,True,False,False,,True,
27068212_17,27068212,17,1878.1,725.63,24,6.09349,0,True,,,,,,,,,,,,,,,,,,,,,,
27068212_18,27068212,18,1881.06,1046.29,4,3.35489,0,True,,,,,,,,,,,,,,,,,,,,,,
27068212_19,27068212,19,1894.39,6876.46,24,57.7452,1,True,True,51.1008,569.01,6.06371,flare_decay,True,True,True,True,True,True,1.0189,1.00073,,,True,True,True,True,True,True,
39065382_0,39065382,0,1893.79,2979.3,8,8.2496,1,True,True,7.917,7.20063,-4.8288,flare_decay,False,True,True,True,True,True,0.692119,0.906091,,,False,True,True,True,,True,
39065382_1,39065382,1,1877.43,7585.45,4,15.7132,1,False,True,14.7137,29.1502,-8.71729,flare_decay,False,True,True,True,True,True,1.01244,0.811307,,,True,False,True,True,,True,
39065382_2,39065382,2,1875.2,11769.5,4,24.3806,1,False,True,23.9268,142.619,30.0948,flare_decay,True,True,True,True,True,True,1.51803,0.943611,,,True,False,True,True,,True,
39065382_3,39065382,3,1889.2,2457.62,16,9.07584,0,True,,,,,,,,,,,,,,,,,,,,,,
39065382_4,39065382,4,1875.62,27438.8,2,39.9026,1,False,True,40.8611,185.639,-17.7822,flare_decay,False,True,True,True,True,True,1.11987,0.842389,,,True,False,True,True,,True,
39065382_5,39065382,5,1887.97,1543.31,8,4.27339,0,True,,,,,,,,,,,,,,,,,,,,,,
39065382_6,39065382,6,1873.45,8610.33,2,12.5215,1,False,True,13.8433,28.0681,4.36289,flare_decay,True,True,True,True,True,True,1.19252,0.860215,,,True,False,True,True,,True,
39065382_7,39065382,7,1881.72,11490.8,1,12.7745,1,False,True,13.7697,38.8018,-2.13196,flare_decay,True,True,True,True,True,True,0.883303,0.490976,,,True,True,True,True,,True,
39065382_8,39065382,8,1895.91,13478.9,4,27.9215,1,False,True,27.9594,91.491,27.9197,flare_decay,True,True,True,True,True,True,1.41675,0.944344,,,True,False,True,True,,True,
39065382_9,39065382,9,1871.91,10293.7,8,28.503,1,True,True,28.5795,158.788,12.9471,flare_decay,True,True,True,True,True,True,1.17988,0.940462,,,True,True,True,True,,True,
39065382_10,39065382,10,1873.85,12455.2,24,58.8904,1,True,True,51.7605,613.379,59.1238,flare_decay,True,True,True,True,True,True,1.09827,0.894171,,,True,True,True,True,,True,
39065382_11,39065382,11,1890.37,3216.66,8,8.90683,1,True,True,11.2156,8.22206,-0.511842,flare_decay,False,True,True,True,True,True,0.912668,1.03748,,,False,True,True,True,,True,
39065382_12,39065382,12,1874.72,18855.4,4,39.0589,1,False,True,37.1147,369.946,143.869,flare_decay,True,True,True,True,True,True,1.14961,0.930997,,,True,False,True,True,,True,
39065382_13,39065382,13,1883.1,17563,4,36.3816,1,False,True,36.4232,218.081,-26.2678,flare_decay,False,True,False,True,True,True,0.765191,0.760129,,,True,False,True,True,,True,
39065382_14,39065382,14,1888.37,11404.1,2,16.5843,1,False,True,18.5527,21.6537,-7.10108,flare_decay,False,True,True,True,True,True,0.636832,0.990941,,,True,False,True,True,,True,
39065382_15,39065382,15,1873.56,20280.7,2,29.493,1,False,True,29.8349,73.0676,-0.373275,flare_decay,True,True,True,True,True,True,0.789274,0.841385,,,True,False,True,True,,True,
39065382_16,39065382,16,1871.75,13525,2,19.6685,1,False,True,20.4161,23.7431,9.86508,flare_decay,True,True,True,True,True,True,1.19819,0.93168,,,True,False,True,True,,True,
39065382_17,39065382,17,1888.95,1777.8,24,8.40576,0,True,,,,,,,,,,,,,,,,,,,,,,
39065382_18,39065382,18,1897.62,16793.9,2,24.4223,1,False,True,21.3632,115.132,-16.3288,flare_decay,False,False,False,True,True,True,1.09034,0.896279,,,True,False,False,True,,True,
39065382_19,39065382,19,1895.68,6104.28,1,6.78625,0,False,,,,,,,,,,,,,,,,,,,,,,
39084962_0,39084962,0,1886.93,531.261,1,3.56221,0,False,,,,,,,,,,,,,,,,,,,,,,
39084962_1,39084962,1,1891.27,379.184,8,4.76129,0,True,,,,,,,,,,,,,,,,,,,,,,
39084962_2,39084962,2,1889.83,2779.56,4,28.6346,1,False,True,28.7178,346.001,-45.604,flare_decay,False,True,True,True,True,True,0.471885,1.04933,,,True,False,True,True,,True,
39084962_3,39084962,3,1875.33,2048.64,1,13.7366,1,False,True,10.9113,-1.16895,3.28181,flare_decay,False,True,True,True,True,True,0.494192,0.616107,,,False,True,True,True,,True,
39084962_4,39084962,4,1892.68,1286.59,1,8.62682,0,False,,,,,,,,,,,,,,,,,,,,,,
39084962_5,39084962,5,1872.77,374.73,2,3.00201,0,False,,,,,,,,,,,,,,,,,,,,,,
39084962_6,39084962,6,1889.97,264.479,8,3.32097,0,True,,,,,,,,,,,,,,,,,,,,,,
39084962_7,39084962,7,1871.54,2415.83,16,38.6093,1,True,True,35.9949,962.821,67.3418,flare_decay,True,False,False,True,True,False,0.259582,0.669252,,,True,True,False,False,,True,
39084962_8,39084962,8,1888.58,3324.41,8,41.7435,1,True,True,40.456,667.33,122.693,flare_decay,True,True,True,True,True,True,0.379309,0.736565,,,True,True,True,True,,True,
39084962_9,39084962,9,1883.56,427.167,4,4.40061,0,False,,,,,,,,,,,,,,,,,,,,,,
39084962_10,39084962,10,1892.35,535.232,16,8.55397,1,True,True,8.24165,33.0782,-2.92347,flare_decay,True,True,False,True,True,False,0.141738,0.240498,,,True,True,True,False,,True,
39084962_11,39084962,11,1891.33,3166.52,1,21.2322,1,False,True,17.9218,1.30693,115.259,flare_decay,False,True,False,True,True,False,0.230424,0.730099,,,False,True,True,False,,True,
39084962_12,39084962,12,1877.58,2510.61,8,31.5249,1,True,True,29.4555,495.668,49.902,flare_decay,True,True,True,True,True,True,0.454427,0.939707,,,True,True,True,True,,True,
39084962_13,39084962,13,1883.72,358.253,4,3.69066,0,False,,,,,,,,,,,,,,,,,,,,,,
39084962_14,39084962,14,1879.12,361.726,24,6.88361,0,True,,,,,,,,,,,,,,,,,,,,,,
39084962_15,39084962,15,1871.18,505.061,1,3.38654,0,False,,,,,,,,,,,,,,,,,,,,,,
39084962_16,39084962,16,1887.89,1678.33,4,17.2899,1,False,True,19.165,84.5897,42.9624,flare_decay,True,True,False,True,True,False,0.217129,0.664318,,,True,False,True,False,,True,
39084962_17,39084962,17,1870.54,6088.09,2,48.7724,0,False,,,,,,,,,,,,,,,,,,,,,,
39084962_18,39084962,18,1896.87,1252.24,8,15.724,1,True,True,15.3192,188.341,33.122,flare_decay,True,True,True,True,True,True,0.342937,2.06321,,,True,True,True,True,,True,
39084962_19,39084962,19,1890.02,265.594,16,4.24468,0,True,,,,,,,,,,,,,,,,,,,,,,
39085498_0,39085498,0,1882.52,1216.31,16,9.50425,0,True,,,,,,,,,,,,,,,,,,,,,,
39085498_1,39085498,1,1887.43,5224.59,4,16.1192,1,False,True,14.9141,17.627,-2.26831,flare_decay,True,True,True,True,True,True,0.692235,0.890937,,,True,False,True,True,,True,
39085498_2,39085498,2,1894,4051.5,24,38.011,1,True,True,36.9966,192.889,11.6208,flare_decay,True,True,True,True,True,True,0.586148,0.929214,,,True,True,True,True,,True,
39085498_3,39085498,3,1882.72,1810.15,1,3.17747,0,False,,,,,,,,,,,,,,,,,,,,,,
39085498_4,39085498,4,1893.25,7033.33,16,54.9585,1,True,True,51.683,316.344,21.2603,flare_decay,True,True,True,True,True,True,0.786678,0.906413,,,True,True,True,True,,True,
39085498_5,39085498,5,1874.24,2239.07,16,17.4961,1,True,True,17.4541,28.7491,3.98467,flare_decay,True,True,True,True,True,True,0.604119,0.782681,,,True,True,True,True,True,True,
39085498_6,39085498,6,1889.16,10436.6,4,32.1995,1,False,True,34.2041,95.9918,81.049,flare_decay,True,True,True,True,True,True,1.15291,0.922215,,,True,False,True,True,,True,
39085498_7,39085498,7,1881.12,15461.8,4,47.7035,1,False,True,48.3135,503.273,337.108,flare_decay,True,True,True,True,True,True,0.782469,0.901376,,,True,False,True,True,,True,
39085498_8,39085498,8,1880.54,13758.8,1,24.1517,1,False,True,25.0457,54.8543,2.96212,flare_decay,True,True,True,True,True,True,0.93881,0.644854,,,True,False,True,True,,True,
39085498_9,39085498,9,1892.77,570.395,8,3.02927,0,True,,,,,,,,,,,,,,,,,,,,,,
39085498_10,39085498,10,1894.85,321.876,24,3.01983,0,True,,,,,,,,,,,,,,,,,,,,,,
39085498_11,39085498,11,1888.5,17214.3,4,53.1102,1,False,True,53.0697,336.009,4.24884,flare_decay,True,True,True,True,True,True,0.687213,0.879017,,,True,False,True,True,,True,
39085498_12,39085498,12,1876.89,20150.2,2,47.2353,1,False,True,44.7527,324.131,-2.09607,flare_decay,True,False,False,True,True,True,1.47311,0.927625,,,True,False,False,True,,True,
39085498_13,39085498,13,1889.37,3468.91,4,10.7024,1,False,True,12.5866,6.22811,1.6354,flare_decay,False,True,True,True,True,True,0.446302,0.740907,,,False,False,True,True,,True,
39085498_14,39085498,14,1892.77,7268.01,8,38.5991,1,True,True,37.7484,168.805,5.49761,flare_decay,True,False,True,True,True,True,0.679426,0.917155,,,True,True,True,True,True,True,
39085498_15,39085498,15,1872.62,7112.24,16,55.5751,1,True,True,54.5869,340.721,32.2141,flare_decay,True,True,True,True,True,True,0.661568,0.931693,,,True,True,True,True,,True,
39085498_16,39085498,16,1874.06,6066.67,2,14.2213,1,False,True,14.9706,-0.409801,-6.26313,flare_decay,False,True,True,True,True,True,1.37537,0.890224,,,False,False,True,True,,True,
39085498_17,39085498,17,1890.68,3748.65,4,11.5655,1,False,True,10.5939,10.0983,-5.64649,flare_decay,True,True,True,True,True,True,0.582952,0.984406,,,True,False,True,True,,True,
39085498_18,39085498,18,1875.93,8395.98,8,44.5896,1,True,True,43.3973,228.105,31.1345,flare_decay,True,True,True,True,True,True,0.781896,0.913131,1,0,True,True,True,True,,True,False
39085498_19,39085498,19,1894.68,4608.31,8,24.4739,1,True,True,22.1941,67.6627,1.30088,flare_decay,True,True,True,True,True,True,0.555511,1.02869,,,True,True,True,True,,True,
23972248_0,23972248,0,1888.93,1303.7,16,11.4141,1,True,True,12.4584,229.881,38.3316,flare_decay,True,True,True,True,True,True,0.729365,0.668935,2.71289e-06,1.214e-09,True,True,True,True,,True,True
23972248_1,23972248,1,1872.89,5529.69,2,36.026,1,False,True,37.1505,901.831,-56.3031,flare_decay,False,True,True,True,True,True,0.74084,0.933726,,,True,False,True,True,,True,
23972248_2,23972248,2,1888.24,760.633,4,5.21523,0,True,,,,,,,,,,,,,,,,,,,,,,
23972248_3,23972248,3,1882.68,767.742,16,6.7217,1,True,True,7.02781,-16.6814,28.0687,flare_decay,False,True,True,True,True,True,0.631978,1.01984,,,False,True,True,True,,True,
23972248_4,23972248,4,1873.62,4893.68,1,28.4645,1,False,True,16.4986,56.5561,895.922,flare_decay,True,True,True,True,True,True,2.29753,0.605983,,,True,False,True,True,,True,
23972248_5,23972248,5,1880.99,4630.89,8,35.7029,1,True,True,35.1543,2029.15,196.317,flare_decay,True,True,True,True,True,True,2.24076,0.9002,,,True,True,True,True,,True,
23972248_6,23972248,6,1890.2,2149.76,8,16.5741,1,True,True,15.9242,238.918,17.8552,flare_decay,True,True,True,True,True,True,1.50221,1.01267,,,True,True,True,True,,True,
23972248_7,23972248,7,1879.39,2059.46,1,11.979,1,False,True,8.76162,11.0827,60.8738,flare_decay,True,True,True,True,True,True,2.17452,0.631152,,,True,True,True,True,,True,
23972248_8,23972248,8,1875.27,1264.67,16,11.0724,1,True,True,14.3966,416.534,63.8322,flare_decay,True,True,True,True,True,True,0.830728,0.559995,,,True,True,True,True,True,True,
23972248_9,23972248,9,1889.7,1559.78,8,12.0255,1,True,True,12.7352,187.558,23.2583,flare_decay,True,True,True,True,True,True,1.33434,0.981505,,,True,True,True,True,True,True,
23972248_10,23972248,10,1882.89,2221.31,2,14.4718,1,False,True,14.7032,133.225,-3.51077,flare_decay,True,True,False,True,True,True,0.986098,1.69809,,,True,False,True,True,,True,
23972248_11,23972248,11,1888.95,1010.4,8,7.7899,1,True,True,8.99124,59.8255,-9.84495,flare_decay,False,True,True,True,True,True,1.2549,0.996484,0.00808964,0.00146869,True,True,True,True,,True,True
23972248_12,23972248,12,1876.29,977.428,16,8.55754,1,True,True,7.83526,127.664,1.55562,step,True,False,False,True,True,False,2.64253,3.36374,,,True,True,False,False,,True,
23972248_13,23972248,13,1888.22,947.326,8,7.30362,0,True,,,,,,,,,,,,,,,,,,,,,,
23972248_14,23972248,14,1882.56,1142.9,4,7.83618,1,True,True,9.69031,20.23,-10.053,flare_decay,False,True,True,True,True,True,0.455008,1.04347,0.14738,0.116111,True,True,True,True,,True,False
23972248_15,23972248,15,1875.24,3544.78,1,20.6185,1,False,True,25.7304,310.872,-2.91809,flare_decay,True,True,True,True,True,True,0.814169,0.771368,,,True,False,True,True,,True,
23972248_16,23972248,16,1890.74,757.194,16,6.62936,0,True,,,,,,,,,,,,,,,,,,,,,,
23972248_17,23972248,17,1881.16,3280.97,24,37.4689,1,True,True,29.855,4090.98,412.445,flare_decay,True,True,True,True,True,True,0.747668,0.678354,,,True,True,True,True,True,True,
23972248_18,23972248,18,1890.83,3260.42,4,22.3549,1,False,True,25.2548,715.613,-69.7018,flare_decay,False,True,True,True,True,True,0.700485,0.925588,,,True,False,True,True,,True,
23972248_19,23972248,19,1871.77,748.392,4,5.1313,0,True,,,,,,,,,,,,,,,,,,,,,,
23974047_0,23974047,0,1894.1,6019.42,16,23.6419,1,True,True,22.0168,75.6083,10.1394,flare_decay,True,True,True,True,True,True,0.817569,0.757428,,,True,True,True,True,,True,
23974047_1,23974047,1,1882.47,20239.9,8,54.185,1,True,True,51.1782,362.892,49.2475,flare_decay,True,True,True,True,True,True,0.829547,0.923726,2.58455e-10,0,True,True,True,True,True,True,True
23974047_2,23974047,2,1873.06,3864.74,1,3.77746,0,False,,,,,,,,,,,,,,,,,,,,,,
23974047_3,23974047,3,1876.33,5993.16,24,31.7129,1,True,True,28.9792,252.739,15.0967,flare_decay,True,True,True,True,True,True,1.42314,1.2067,,,True,True,True,True,,True,
23974047_4,23974047,4,1875.97,2376.02,16,9.33208,0,True,,,,,,,,,,,,,,,,,,,,,,
23974047_5,23974047,5,1891.62,50000,1,48.8709,1,False,True,29.1315,35.7006,596.328,flare_decay,True,True,False,True,True,True,0.921577,0.488717,,,True,True,True,True,,True,
23974047_6,23974047,6,1887.56,14340.9,2,19.9668,1,False,True,18.4916,64.3837,12.5284,flare_decay,True,True,True,True,True,True,0.892851,0.773512,,,True,True,True,True,,True,
23974047_7,23974047,7,1879.06,4003.44,16,15.7239,1,True,True,14.5754,45.3688,-1.71239,flare_decay,True,True,True,True,True,True,0.851906,0.920307,,,True,True,True,True,,True,
23974047_8,23974047,8,1891.43,2248.63,2,3.13076,0,False,,,,,,,,,,,,,,,,,,,,,,
23974047_9,23974047,9,1871.7,25034.5,1,24.4692,1,False,True,26.8014,135.195,6.78304,flare_decay,True,True,True,True,True,True,0.866464,0.552831,,,True,True,True,True,True,True,
23974047_10,23974047,10,1896.7,7199.37,8,19.2737,1,True,True,18.5531,56.7989,-0.54161,flare_decay,True,True,True,True,True,True,0.632518,1.15582,,,True,True,True,True,,True,
23974047_11,23974047,11,1893.29,28871.2,2,40.1973,1,False,True,40.1436,263.556,94.0534,flare_decay,True,True,True,True,True,True,0.845705,0.911071,,,True,False,True,True,,True,
23974047_12,23974047,12,1891.93,4345.49,24,22.9943,1,True,True,20.3927,43.5134,0.685846,flare_decay,True,False,False,True,True,True,0.60957,0.80856,,,True,True,False,True,,True,
23974047_13,23974047,13,1875.29,1430.69,16,5.61918,0,True,,,,,,,,,,,,,,,,,,,,,,
23974047_14,23974047,14,1881.27,15153.7,16,59.5179,1,True,True,54.4284,549.638,32.726,flare_decay,True,True,True,True,True,True,0.948648,0.880937,,,True,True,True,True,True,True,
23974047_15,23974047,15,1894.6,21780.4,1,21.2885,1,False,True,14.0006,6.15696,86.2641,flare_decay,False,True,True,True,True,True,1.23305,0.773776,,,False,False,True,True,,True,
23974047_16,23974047,16,1879.62,1186.84,8,3.17734,0,True,,,,,,,,,,,,,,,,,,,,,,
23974047_17,23974047,17,1894.31,8969.9,4,18.0258,1,True,True,15.4079,21.0753,-7.31297,flare_decay,False,True,True,True,True,True,0.631325,0.870626,,,True,True,True,True,True,True,
23974047_18,23974047,18,1895.93,1430.84,16,5.61976,0,True,,,,,,,,,,,,,,,,,,,,,,
23974047_19,23974047,19,1892.95,2163.26,2,3.01191,0,False,,,,,,,,,,,,,,,,,,,,,,
27065357_0,27065357,0,1879.33,19822.9,4,48.0843,1,False,True,46.2726,443.459,-16.9739,flare_decay,False,True,True,True,True,True,1.45656,0.839265,,,True,False,True,True,,True,
27065357_1,27065357,1,1880.87,939.492,16,4.81108,0,True,,,,,,,,,,,,,,,,,,,,,,
27065357_2,27065357,2,1895.56,1951.3,16,9.99251,1,True,True,10.6681,20.8628,-3.19118,flare_decay,True,True,True,True,True,True,0.619603,0.72896,4.30954e-06,5.94247e-08,True,True,True,True,True,True,True
27065357_3,27065357,3,1872.72,615.41,16,3.15148,0,True,,,,,,,,,,,,,,,,,,,,,,
27065357_4,27065357,4,1897.52,25122.3,1,27.4566,1,False,True,27.5401,244.881,44.6375,flare_decay,True,True,True,True,True,True,1.25644,0.627603,,,True,False,True,True,,True,
27065357_5,27065357,5,1894.54,4997.4,2,7.71752,1,False,True,8.80375,-0.348859,-4.15444,flare_decay,False,True,True,True,True,True,1.24851,0.982629,,,False,False,True,True,,True,
27065357_6,27065357,6,1893.29,42100.8,1,46.0126,1,False,True,40.8121,73.9248,90.1344,flare_decay,True,True,True,True,True,True,0.891784,0.491824,,,True,True,True,True,True,True,
27065357_7,27065357,7,1897.45,4660.82,24,35.9445,1,True,True,23.1389,-12.5936,-8.16279,step,False,False,False,True,True,False,,,,,False,True,False,False,,True,
27065357_8,27065357,8,1896.93,11216.8,8,39.8741,1,True,True,39.2284,525.575,108.877,flare_decay,True,True,True,True,True,True,0.496615,1.0617,,,True,True,True,True,,True,
27065357_9,27065357,9,1895.45,8383.96,1,9.16295,0,False,,,,,,,,,,,,,,,,,,,,,,
27065357_10,27065357,10,1874.04,2896.9,24,22.341,1,True,True,17.6485,53.2463,-6.79444,flare_decay,False,True,True,True,True,True,0.534198,0.68582,,,True,True,True,True,True,True,
27065357_11,27065357,11,1896.93,11106.6,8,39.4822,1,True,True,38.8468,515.353,107.372,flare_decay,True,True,True,True,True,True,0.497236,1.06311,,,True,True,True,True,True,True,
27065357_12,27065357,12,1880.95,24389.5,4,59.1614,1,False,True,57.0742,296.277,73.1288,flare_decay,True,True,True,True,True,True,0.643702,0.878448,,,True,False,True,True,,True,
27065357_13,27065357,13,1883.06,15804.7,8,56.1833,1,True,True,51.7107,425.481,31.4028,flare_decay,True,True,True,True,True,True,0.615762,0.735098,,,True,True,True,True,,True,
27065357_14,27065357,14,1890.52,6879.1,1,7.51827,0,False,,,,,,,,,,,,,,,,,,,,,,
27065357_15,27065357,15,1883.31,9047.26,1,9.88789,0,False,,,,,,,,,,,,,,,,,,,,,,
27065357_16,27065357,16,1894.22,8968.71,8,31.8825,1,True,True,31.0065,145.017,10.6681,flare_decay,True,True,True,True,True,True,0.543657,0.817709,,,True,True,True,True,,True,
27065357_17,27065357,17,1893.47,5976.33,4,14.4967,1,False,True,14.2012,8.3912,0.917219,flare_decay,False,True,True,True,True,True,0.944177,0.968068,,,False,False,True,True,,True,
27065357_18,27065357,18,1890.08,13363.9,2,20.6379,1,False,True,19.059,54.9277,1.28949,flare_decay,True,True,True,True,True,True,1.4931,0.892956,,,True,False,True,True,,True,
27065357_19,27065357,19,1876.39,787.102,16,4.0307,0,True,,,,,,,,,,,,,,,,,,,,,,
27066166_0,27066166,0,1893.16,43556.9,1,37.1233,1,False,True,32.0444,227.963,48.0603,flare_decay,True,True,False,True,True,False,2.00086,0.393638,,,True,True,True,False,,True,
27066166_1,27066166,1,1876.54,1448.96,24,6.32818,0,True,,,,,,,,,,,,,,,,,,,,,,
27066166_2,27066166,2,1871.91,4144.82,4,6.36214,0,True,,,,,,,,,,,,,,,,,,,,,,
27066166_3,27066166,3,1892.72,15846.7,4,24.3242,1,True,True,25.686,116.47,21.6924,flare_decay,True,True,True,True,True,True,1.01956,0.912691,,,True,True,True,True,,True,
27066166_4,27066166,4,1891.83,1048.61,24,4.57968,0,True,,,,,,,,,,,,,,,,,,,,,,
27066166_5,27066166,5,1871.79,50000,1,42.6147,1,False,True,41.7913,201.916,36.994,flare_decay,True,True,True,True,True,True,0.677261,0.440579,,,True,True,True,True,,True,
27066166_6,27066166,6,1880.62,1361.76,24,5.94734,0,True,,,,,,,,,,,,,,,,,,,,,,
27066166_7,27066166,7,1895.25,11271,16,36.2764,1,True,True,35.5378,267.636,27.0648,flare_decay,True,True,True,True,True,True,0.850063,0.857886,,,True,True,True,True,,True,
27066166_8,27066166,8,1881.2,2435.75,24,10.6379,0,True,,,,,,,,,,,,,,,,,,,,,,
27066166_9,27066166,9,1883.5,4547.38,24,19.8602,1,True,True,13.5132,-10.1871,-5.47755,step,False,False,False,True,True,True,0.896175,1.50632,,,False,True,False,True,,True,
27066166_10,27066166,10,1874.77,8072.06,16,25.9805,1,True,True,23.777,95.2902,8.58005,flare_decay,True,True,True,True,True,True,0.663136,0.815724,,,True,True,True,True,,True,
27066166_11,27066166,11,1879.93,30299.7,1,25.8243,1,False,True,25.8606,234.526,28.598,flare_decay,True,True,True,True,True,True,0.584668,0.419886,,,True,True,True,True,,True,
27066166_12,27066166,12,1879.12,2655.03,24,11.5955,0,True,,,,,,,,,,,,,,,,,,,,,,
27066166_13,27066166,13,1892.77,4493.04,24,19.6228,1,True,True,16.9453,78.8182,10.5512,flare_decay,True,True,True,True,True,True,0.834526,0.821187,,,True,True,True,True,,True,
27066166_14,27066166,14,1889.54,8287.01,2,9.35015,1,False,True,9.27683,5.58788,-4.65356,flare_decay,False,True,True,True,True,True,0.582055,0.872421,,,False,False,True,True,,True,
27066166_15,27066166,15,1878.16,16975.2,8,34.3915,1,True,True,33.5127,299.85,33.1193,flare_decay,True,True,True,True,True,True,0.943794,0.850968,,,True,True,True,True,,True,
27066166_16,27066166,16,1871.41,9945.05,24,43.4339,1,True,True,32.7024,289.915,18.3909,step,True,False,True,True,True,True,1.09484,1.03621,,,True,True,True,True,,True,
27066166_17,27066166,17,1881.41,32484.8,4,49.8629,1,True,True,49.6458,387.501,186.647,flare_decay,True,True,True,True,True,True,1.19977,0.876815,,,True,True,True,True,,True,
27066166_18,27066166,18,1878.68,774.306,24,3.3817,0,True,,,,,,,,,,,,,,,,,,,,,,
27066166_19,27066166,19,1888.79,4239.83,2,4.78376,0,False,,,,,,,,,,,,,,,,,,,,,,
17123659_0,17123659,0,1890.62,652.562,8,4.17035,0,True,,,,,,,,,,,,,,,,,,,,,,
17123659_1,17123659,1,1875.22,12976.3,1,31.3147,1,False,True,35.5782,257.506,-1.7366,flare_decay,True,True,True,True,True,True,0.893895,0.716994,,,True,False,True,True,,True,
17123659_2,17123659,2,1879.95,8378.9,8,53.5473,1,True,True,50.4025,468.474,62.499,flare_decay,True,True,True,True,True,True,0.812503,1.00136,,,True,True,True,True,,True,
17123659_3,17123659,3,1876.39,7420.47,4,34.4741,1,True,True,32.7039,152.269,-26.154,flare_decay,False,True,True,True,True,True,0.66711,0.935626,,,True,True,True,True,,True,
17123659_4,17123659,4,1874.68,4360.48,4,20.258,1,True,True,19.8341,93.5901,23.6523,flare_decay,True,True,True,True,True,True,0.665382,0.997638,,,True,True,True,True,,True,
17123659_5,17123659,5,1890.64,7499.3,2,24.9218,1,False,True,24.2304,36.1522,-7.21108,flare_decay,False,True,True,True,True,True,0.797133,0.902418,,,True,False,True,True,,True,
17123659_6,17123659,6,1876.89,394.457,16,3.97862,0,True,,,,,,,,,,,,,,,,,,,,,,
17123659_7,17123659,7,1875.89,1218.68,2,4.04994,0,False,,,,,,,,,,,,,,,,,,,,,,
17123659_8,17123659,8,1880.47,2029.45,2,6.7443,1,False,True,8.10395,6.7968,-3.78976,flare_decay,False,True,True,True,True,True,0.894082,0.877305,,,False,False,True,True,,True,
17123659_9,17123659,9,1880.12,7446.7,2,24.747,1,False,True,22.6346,71.0958,-4.88357,flare_decay,True,True,True,True,True,True,1.34995,0.882141,,,True,False,True,True,,True,
17123659_10,17123659,10,1890.83,1607.85,16,16.2173,1,True,True,16.5111,33.2976,0.910825,flare_decay,True,True,True,True,True,True,0.568607,0.989901,0.0806395,0,True,True,True,True,,True,True
17123659_11,17123659,11,1894.45,5305.39,1,12.8031,0,False,,,,,,,,,,,,,,,,,,,,,,
17123659_12,17123659,12,1897.62,1219.43,2,4.05244,0,False,,,,,,,,,,,,,,,,,,,,,,
17123659_13,17123659,13,1877.93,1666.73,16,16.8111,1,True,True,15.6028,56.1941,0.59499,flare_decay,True,True,True,True,True,True,1.00176,1.03911,,,True,True,True,True,,True,
17123659_14,17123659,14,1876.22,940.173,2,3.1244,0,False,,,,,,,,,,,,,,,,,,,,,,
17123659_15,17123659,15,1895.39,3662.11,1,8.83747,0,False,,,,,,,,,,,,,,,,,,,,,,
17123659_16,17123659,16,1878.35,3094.41,16,31.2112,1,True,True,28.003,142.465,-7.27925,flare_decay,False,True,True,True,False,True,0.776262,0.99196,,,True,True,True,False,,True,
17123659_17,17123659,17,1896.24,1755.48,4,8.15563,1,True,True,8.20113,14.3772,-2.03253,flare_decay,True,True,False,True,True,False,0.15273,0.394455,,,True,True,True,False,,True,
17123659_18,17123659,18,1882.62,1718.17,1,4.14631,0,False,,,,,,,,,,,,,,,,,,,,,,
17123659_19,17123659,19,1878.22,8085.11,1,19.5111,1,False,True,21.3936,105.467,-0.880533,flare_decay,True,True,True,True,True,True,0.686783,0.715881,0.999974,0,True,True,True,True,,True,False
17193738_0,17193738,0,1889.14,5456.91,1,4.24295,0,False,,,,,,,,,,,,,,,,,,,,,,
17193738_1,17193738,1,1889.12,45117.4,4,51.5998,1,False,True,51.1381,1134.38,598.15,flare_decay,True,True,True,True,True,True,1.37139,0.956941,,,True,True,True,True,,True,
17193738_2,17193738,2,1874.64,7295.84,16,10.8008,1,True,True,9.36617,109.027,9.48292,flare_decay,True,True,True,True,True,True,2.01136,0.903435,,,True,True,True,True,,True,
17193738_3,17193738,3,1896.66,2061.71,24,3.50983,0,True,,,,,,,,,,,,,,,,,,,,,,
17193738_4,17193738,4,1875.08,4332.35,16,6.41361,0,True,,,,,,,,,,,,,,,,,,,,,,
17193738_5,17193738,5,1873.95,33408.9,2,31.0563,1,False,True,29.3174,299.04,53.0056,flare_decay,True,True,True,True,True,True,5.39825,0.968844,,,True,False,True,True,,True,
17193738_6,17193738,6,1878.39,41457.6,4,47.4142,1,True,True,47.3937,1433.87,712.616,flare_decay,True,True,True,True,True,True,1.53901,0.949597,,,True,True,True,True,,True,
17193738_7,17193738,7,1894.75,8861.48,24,15.0857,1,True,True,12.2861,165.366,-6.31641,flare_decay,False,True,True,True,True,True,2.62479,1.07607,,,True,True,True,True,,True,
17193738_8,17193738,8,1872.27,41304.8,4,47.2395,1,True,True,47.626,1162.35,-103.533,flare_decay,False,True,True,True,True,True,1.41236,0.962813,,,True,True,True,True,,True,
17193738_9,17193738,9,1872.12,5760.65,24,9.80687,1,True,True,9.36777,94.6953,113.82,step,True,True,True,True,True,True,1.81507,0.946534,-3.77476e-15,0,True,True,True,True,,True,True
17193738_10,17193738,10,1883.04,3639.38,4,4.16229,0,True,,,,,,,,,,,,,,,,,,,,,,
17193738_11,17193738,11,1873.41,39137.8,16,57.9396,1,True,True,51.9488,3036.59,16.7181,flare_decay,True,True,True,True,True,True,2.34057,0.920683,,,True,True,True,True,True,True,
17193738_12,17193738,12,1892.83,6686.52,2,6.21568,0,False,,,,,,,,,,,,,,,,,,,,,,
17193738_13,17193738,13,1891.31,23894.2,24,40.6773,1,True,True,34.2776,1297.6,111.578,flare_decay,True,True,True,True,True,True,2.25015,1.01616,,,True,True,True,True,,True,
17193738_14,17193738,14,1889.22,24165.4,16,35.7745,1,True,True,35.0262,1009.02,58.8829,flare_decay,True,True,True,True,True,True,2.11851,0.978819,,,True,True,True,True,,True,
17193738_15,17193738,15,1873.83,15603.8,2,14.5051,1,False,True,13.1668,43.1327,5.06881,flare_decay,True,True,True,True,True,True,2.11645,0.891449,,,True,False,True,True,,True,
17193738_16,17193738,16,1888.97,6809.19,16,10.0803,1,True,True,10.5391,91.6254,9.30558,flare_decay,True,True,True,True,True,True,2.41089,1.05119,,,True,True,True,True,,True,
17193738_17,17193738,17,1891.83,4669.47,8,6.02009,0,True,,,,,,,,,,,,,,,,,,,,,,
17193738_18,17193738,18,1890.89,2752.92,8,3.54919,0,True,,,,,,,,,,,,,,,,,,,,,,
17193738_19,17193738,19,1890.52,5942.66,24,10.1167,1,True,True,10.9142,46.7374,26.3956,flare_decay,True,True,True,True,True,True,2.21445,1.16915,,,True,True,True,True,True,True,
21449467_0,21449467,0,1893.27,7491.51,2,28.044,1,False,True,29.4414,522.231,203.624,flare_decay,True,True,True,True,True,True,0.978859,0.95329,,,True,False,True,True,,True,
21449467_1,21449467,1,1874.18,1342.8,24,6.76714,0,True,,,,,,,,,,,,,,,,,,,,,,
21449467_2,21449467,2,1897.54,8866.49,8,38.6307,1,True,True,24.3985,2328.06,754.759,flare_decay,True,False,False,True,True,False,,,,,True,True,False,False,,True,
21449467_3,21449467,3,1889.87,3235.98,1,11.3501,0,False,,,,,,,,,,,,,,,,,,,,,,
21449467_4,21449467,4,1897.39,920.115,24,4.63698,0,True,,,,,,,,,,,,,,,,,,,,,,
21449467_5,21449467,5,1897.12,12553.8,16,57.3591,1,True,True,59.5244,10167.9,1358.94,flare_decay,True,True,True,True,True,True,3.04656,1.3129,,,True,True,True,True,,True,
21449467_6,21449467,6,1893.16,3929.69,1,13.7833,1,False,True,9.8544,34.1421,35.635,flare_decay,True,True,True,True,True,True,0.577841,0.578065,,,True,False,True,True,,True,
21449467_7,21449467,7,1890.02,3693.82,4,14.7462,1,True,True,14.8014,306.672,0.19023,flare_decay,True,True,True,True,True,True,0.827632,0.849015,,,True,True,True,True,,True,
21449467_8,21449467,8,1875.58,6462.59,4,25.7996,1,True,True,25.4452,1106.81,-102.989,flare_decay,False,True,True,True,True,True,0.739194,0.898939,,,True,True,True,True,,True,
21449467_9,21449467,9,1889.56,10613,16,48.4913,1,True,True,50.0245,5052.54,755.006,flare_decay,True,True,True,True,True,True,1.35677,0.911097,,,True,True,True,True,,True,
21449467_10,21449467,10,1891.77,4374.08,8,19.0576,1,True,True,20.1559,497.605,38.9319,flare_decay,True,True,False,True,True,True,1.53651,0.984046,,,True,True,True,True,,True,
21449467_11,21449467,11,1880.7,680.208,16,3.10792,0,True,,,,,,,,,,,,,,,,,,,,,,
21449467_12,21449467,12,1880.79,7528.3,8,32.8003,1,True,True,37.3273,2732.61,236.928,flare_decay,True,True,True,True,True,True,1.40941,1.0195,,,True,True,True,True,,True,
21449467_13,21449467,13,1871.35,1032.85,8,4.50004,0,True,,,,,,,,,,,,,,,,,,,,,,
21449467_14,21449467,14,1872.1,5062.6,8,22.0574,1,True,True,21.8105,1351.44,67.9713,flare_decay,True,True,True,True,True,True,1.17251,1.06858,,,True,True,True,True,,True,
21449467_15,21449467,15,1876.31,6449.55,16,29.4684,1,True,True,29.3805,2882.52,273.417,flare_decay,True,True,True,True,True,True,1.24734,1.36679,,,True,True,True,True,,True,
21449467_16,21449467,16,1875.35,7406.1,16,33.8389,1,True,True,37.3145,4058.94,565.006,flare_decay,True,True,True,True,True,True,1.23095,1.02047,,,True,True,True,True,,True,
21449467_17,21449467,17,1895.62,4905.46,4,19.5833,1,True,True,22.1769,893.083,542.544,flare_decay,True,True,True,True,True,True,0.430871,0.937199,,,True,True,True,True,True,True,
21449467_18,21449467,18,1874.91,5389.68,16,24.6258,1,True,True,30.5616,2726.38,362.432,flare_decay,True,True,True,True,True,True,1.18766,0.952619,,,True,True,True,True,,True,
21449467_19,21449467,19,1894.66,859.394,1,3.0143,0,False,,,,,,,,,,,,,,,,,,,,,,
21501610_0,21501610,0,1876.43,8160.15,24,49.265,1,True,True,43.1701,311.045,23.4117,flare_decay,True,True,False,True,True,True,0.928627,1.23494,,,True,True,True,True,,True,
21501610_1,21501610,1,1875.27,2435.78,2,3.4623,0,False,,,,,,,,,,,,,,,,,,,,,,
21501610_2,21501610,2,1881.02,14654.3,1,14.4174,1,False,True,15.6824,58.3912,-3.74191,flare_decay,True,True,True,True,True,True,0.806513,0.569211,,,True,False,True,True,,True,
21501610_3,21501610,3,1871.66,1517.04,16,7.64,0,True,,,,,,,,,,,,,,,,,,,,,,
21501610_4,21501610,4,1876.08,8234.99,16,41.4725,1,True,True,35.4604,203.782,-3.01157,flare_decay,True,True,True,True,True,True,0.782228,1.22882,,,True,True,True,True,,True,
21501610_5,21501610,5,1877.95,41827.4,2,59.4548,1,False,True,56.6095,696.312,159.388,flare_decay,True,True,True,True,True,True,0.751677,0.918745,,,True,False,True,True,,True,
21501610_6,21501610,6,1875.25,2113.63,8,6.25905,0,True,,,,,,,,,,,,,,,,,,,,,,
21501610_7,21501610,7,1877.81,5388.82,2,7.65984,1,False,True,7.3885,25.2966,-0.446585,flare_decay,True,True,True,True,True,True,0.614402,0.830649,,,True,False,True,True,,True,
21501610_8,21501610,8,1879.35,25742.1,4,51.5828,1,True,True,51.5284,292.15,-53.0097,flare_decay,False,True,True,True,True,True,1.24565,0.937114,,,True,True,True,True,,True,
21501610_9,21501610,9,1895.87,14967,8,44.3214,1,True,True,42.3383,297.666,6.13176,flare_decay,True,True,True,True,True,True,0.51044,0.894233,,,True,True,True,True,,True,
21501610_10,21501610,10,1892.97,18218.5,8,53.9501,1,True,True,51.7465,845.431,135.431,flare_decay,True,True,True,True,True,True,1.05234,0.909077,,,True,True,True,True,,True,
21501610_11,21501610,11,1892.25,7926.02,16,39.9165,1,True,True,36.8775,183.38,3.98745,flare_decay,True,True,True,True,True,True,0.653624,0.9248,,,True,True,True,True,,True,
21501610_12,21501610,12,1877.06,2272.19,16,11.4431,1,True,True,10.5042,10.182,-5.2955,step,True,True,False,True,True,False,0.0282108,0.0469788,,,True,True,True,False,,True,
21501610_13,21501610,13,1880.81,5969.42,8,17.6771,1,True,True,17.8196,43.0785,6.58225,flare_decay,True,True,True,True,True,True,0.839656,0.833319,,,True,True,True,True,,True,
21501610_14,21501610,14,1896.64,6219.06,1,6.11855,0,False,,,,,,,,,,,,,,,,,,,,,,
21501610_15,21501610,15,1877.12,6573.67,8,19.4665,1,True,True,18.7602,45.0441,-19.2292,flare_decay,False,True,True,True,True,True,0.431401,0.86196,,,True,True,True,True,True,True,
21501610_16,21501610,16,1890.16,50000,1,49.1919,1,False,True,40.0897,348.421,181.27,flare_decay,True,True,True,True,True,True,2.45449,0.45422,1,0,True,True,True,True,True,True,False
21501610_17,21501610,17,1892.83,19713.6,8,58.3774,1,True,True,54.3509,555.059,31.2094,flare_decay,True,True,True,True,True,True,0.779791,0.944285,,,True,True,True,True,,True,
21501610_18,21501610,18,1887.62,2733.32,24,16.5018,1,True,True,13.31,26.6853,-2.99119,step,True,True,False,True,True,False,1.26688,3.1574,,,True,True,True,False,,True,
21501610_19,21501610,19,1889.93,4866.9,16,24.5103,1,True,True,21.9372,54.0485,1.65728,flare_decay,True,True,True,True,True,True,0.52839,0.837573,,,True,True,True,True,,True,
39733052_0,39733052,0,1894.54,4966.23,24,28.7451,1,True,True,21.9082,99.9976,-6.49894,flare_decay,False,True,True,True,True,True,1.15341,0.918363,,,True,True,True,True,,True,
39733052_1,39733052,1,1886.04,9995.66,16,42.2541,1,True,True,45.2423,210.751,110.757,flare_decay,True,True,True,True,True,True,0.673963,0.836503,,,True,True,True,True,,True,
39733052_2,39733052,2,1871.29,23990.5,2,34.3703,1,False,True,27.6013,48.2132,53.9999,flare_decay,True,False,True,True,True,True,0.897207,0.67118,,,True,False,True,True,,True,
39733052_3,39733052,3,1876.91,9972.04,2,14.2866,1,False,True,13.7908,20.6839,5.54789,flare_decay,True,False,True,True,True,True,0.490017,0.71296,,,True,False,True,True,,True,
39733052_4,39733052,4,1896.18,7883.87,1,8.20274,0,False,,,,,,,,,,,,,,,,,,,,,,
39733052_5,39733052,5,1893.29,2181.5,4,4.57907,0,True,,,,,,,,,,,,,,,,,,,,,,
39733052_6,39733052,6,1886.79,9097.12,1,9.46507,0,False,,,,,,,,,,,,,,,,,,,,,,
39733052_7,39733052,7,1885.29,2981.95,8,8.91623,0,True,,,,,,,,,,,,,,,,,,,,,,
39733052_8,39733052,8,1885.39,2571.65,8,7.6894,0,True,,,,,,,,,,,,,,,,,,,,,,
39733052_9,39733052,9,1893.83,8030.99,4,16.8575,1,True,True,16.6601,83.1677,40.3623,flare_decay,True,True,True,True,True,True,1.30246,0.830962,,,True,True,True,True,,True,
39733052_10,39733052,10,1897.74,10584.3,8,31.6479,1,True,True,13.449,-2.73182,45.9192,step,False,False,False,True,True,False,,,,,False,True,False,False,,True,
39733052_11,39733052,11,1873.2,15607.9,8,46.6687,1,True,True,44.6803,642.885,47.179,flare_decay,True,True,True,True,True,True,1.24808,0.840135,,,True,True,True,True,,True,
39733052_12,39733052,12,1885.16,6500.35,16,27.4786,1,True,True,16.7611,-6.55935,-2.82168,step,False,False,False,True,True,True,0.539144,0.411023,,,False,True,False,True,,True,
39733052_13,39733052,13,1892.08,10496.6,8,31.3857,1,True,True,35.784,140.717,10.5943,flare_decay,True,True,True,True,True,True,1.12847,0.823181,,,True,True,True,True,,True,
39733052_14,39733052,14,1880.95,3006.98,1,3.1286,0,False,,,,,,,,,,,,,,,,,,,,,,
39733052_15,39733052,15,1882.58,3541.46,2,5.07371,0,False,,,,,,,,,,,,,,,,,,,,,,
39733052_16,39733052,16,1876.58,13495,1,14.0408,1,False,True,13.1218,2.8562,15.734,flare_decay,False,False,True,True,True,True,1.18133,0.607486,,,False,False,True,True,,True,
39733052_17,39733052,17,1889.33,29899.3,2,42.8356,1,False,True,39.4519,241.671,-9.60323,flare_decay,False,True,True,True,True,True,1.4114,0.819657,,,True,False,True,True,,True,
39733052_18,39733052,18,1882.6,5857.8,8,17.5152,1,True,True,15.597,21.7484,1.72583,flare_decay,True,True,True,True,True,True,0.829904,1.12236,,,True,True,True,True,True,True,
39733052_19,39733052,19,1877.68,1290.29,8,3.85806,0,True,,,,,,,,,,,,,,,,,,,,,,
56839025_0,56839025,0,1872.1,2403.16,8,6.53276,0,True,,,,,,,,,,,,,,,,,,,,,,
56839025_1,56839025,1,1875.08,5646.76,8,15.3502,1,True,True,14.7612,54.0161,11.1579,step,True,True,True,True,True,True,0.986139,0.880473,,,True,True,True,True,,True,
56839025_2,56839025,2,1886.97,17783.6,4,36.6528,0,True,,,,,,,,,,,,,,,,,,,,,,
56839025_3,56839025,3,1892.41,9607.01,24,52.4858,1,True,True,50.4705,372.858,32.1863,flare_decay,True,True,True,True,True,True,0.87119,0.790815,,,True,True,True,True,,True,
56839025_4,56839025,4,1889.93,9857.82,1,9.26484,0,False,,,,,,,,,,,,,,,,,,,,,,
56839025_5,56839025,5,1879.66,1944.17,8,5.28504,0,True,,,,,,,,,,,,,,,,,,,,,,
56839025_6,56839025,6,1881.56,5045.54,4,10.3991,1,True,True,9.4653,-0.53241,-2.20334,step,False,True,True,True,True,True,1.07725,0.908916,,,False,True,True,True,,True,
56839025_7,56839025,7,1883.68,12375.7,4,25.5067,1,True,True,24.8318,143.908,22.7696,flare_decay,True,True,True,True,True,True,1.98457,0.873857,,,True,True,True,True,,True,
56839025_8,56839025,8,1893.7,9895.88,24,54.064,1,True,True,54.8718,329.384,8.14467,flare_decay,True,True,True,True,True,True,0.721978,0.868201,,,True,True,True,True,True,True,
56839025_9,56839025,9,1896.08,7896.93,16,32.4408,1,True,True,28.7537,80.8791,5.60891,flare_decay,True,True,True,True,True,True,0.81259,0.807404,,,True,True,True,True,,True,
56839025_10,56839025,10,1883.95,15760.8,1,14.8127,0,False,,,,,,,,,,,,,,,,,,,,,,
56839025_11,56839025,11,1881.08,12334.9,1,11.5929,0,False,,,,,,,,,,,,,,,,,,,,,,
56839025_12,56839025,12,1871.95,4734.27,4,9.75752,1,True,True,8.22183,2.4873,-2.79043,step,False,True,True,True,True,True,1.01695,0.992618,,,False,True,True,True,,True,
56839025_13,56839025,13,1878.39,2302.27,4,4.74508,0,True,,,,,,,,,,,,,,,,,,,,,,
56839025_14,56839025,14,1882.41,31148.2,1,29.2745,1,False,True,22.0063,112.765,104.11,flare_decay,True,True,True,True,True,True,1.0148,0.596666,1,0,True,True,True,True,,True,False
56839025_15,56839025,15,1895.43,1151.01,8,3.12891,0,True,,,,,,,,,,,,,,,,,,,,,,
56839025_16,56839025,16,1880.31,10857.3,1,10.2042,1,False,True,10.5008,1.68737,2.01971,flare_decay,False,True,True,True,True,True,1.05825,0.524415,,,False,False,True,True,,True,
56839025_17,56839025,17,1881.33,42545.6,1,39.9863,1,False,True,30.472,18.7562,91.119,flare_decay,True,True,True,True,True,True,1.01666,0.453376,1,0,True,True,True,True,True,True,False
56839025_18,56839025,18,1877.43,11921.1,1,11.204,1,False,True,10.9301,25.2551,-1.0936,flare_decay,True,True,True,True,True,True,1.4556,0.461551,,,True,False,True,True,,True,
56839025_19,56839025,19,1890.87,2307.39,4,4.75563,0,True,,,,,,,,,,,,,,,,,,,,,,
66682808_0,66682808,0,1871.16,10226.5,1,14.9822,1,False,False,,,,,,,,,,,,,,,,,,,,,
66682808_1,66682808,1,1892.72,2116.54,4,6.1073,0,True,,,,,,,,,,,,,,,,,,,,,,
66682808_2,66682808,2,1888.43,12607,8,52.5395,1,True,True,51.503,335.601,15.6022,flare_decay,True,True,True,True,True,True,0.553963,0.936197,,,True,True,True,True,,True,
66682808_3,66682808,3,1886.35,4363.04,1,6.39199,0,False,,,,,,,,,,,,,,,,,,,,,,
66682808_4,66682808,4,1886.39,2631.2,16,15.0488,1,True,True,12.1963,20.8403,-4.56279,flare_decay,True,True,True,True,True,True,0.656029,0.842241,,,True,True,True,True,,True,
66682808_5,66682808,5,1872.66,925.359,8,3.85641,0,True,,,,,,,,,,,,,,,,,,,,,,
66682808_6,66682808,6,1879.66,2087.42,1,3.05815,0,False,,,,,,,,,,,,,,,,,,,,,,
66682808_7,66682808,7,1882.81,8877.64,1,13.006,1,False,True,12.8223,4.25691,2.50543,flare_decay,False,True,True,True,True,True,0.549252,0.576944,,,False,True,True,True,,True,
66682808_8,66682808,8,1880.95,704.555,24,6.16224,0,True,,,,,,,,,,,,,,,,,,,,,,
66682808_9,66682808,9,1895.77,2296.32,2,4.6201,0,False,,,,,,,,,,,,,,,,,,,,,,
66682808_10,66682808,10,1877.7,3602.23,8,15.0122,1,True,True,15.4247,29.311,2.87748,flare_decay,True,True,True,True,True,True,0.903133,1.09063,,,True,True,True,True,,True,
66682808_11,66682808,11,1878.24,4812.54,4,13.8866,1,True,True,13.022,33.3334,-5.14609,flare_decay,True,True,True,True,True,True,0.464976,0.863145,0.0807339,8.3351e-11,True,True,True,True,,True,True
66682808_12,66682808,12,1882.68,1857.21,8,7.73985,0,True,,,,,,,,,,,,,,,,,,,,,,
66682808_13,66682808,13,1876.85,674.587,24,5.90013,0,True,,,,,,,,,,,,,,,,,,,,,,
66682808_14,66682808,14,1893.18,5455.34,4,15.7414,1,True,True,15.4415,16.9394,1.94819,flare_decay,True,True,True,True,True,True,0.800174,0.820315,,,True,True,True,True,,True,
66682808_15,66682808,15,1883.27,1837.95,4,5.30342,0,True,,,,,,,,,,,,,,,,,,,,,,
66682808_16,66682808,16,1880.54,19689.6,4,56.8143,1,True,True,55.8498,575.433,-27.0141,flare_decay,False,True,True,True,True,True,0.801095,0.947192,,,True,True,True,True,,True,
66682808_17,66682808,17,1880.72,408.666,24,3.57432,0,True,,,,,,,,,,,,,,,,,,,,,,
66682808_18,66682808,18,1881.14,8885.75,4,25.6399,1,True,True,23.0852,403.262,190.32,flare_decay,True,True,True,True,True,True,0.828237,0.845374,,,True,True,True,True,,True,
66682808_19,66682808,19,1871.24,2426.7,16,13.8792,1,True,True,10.0491,-1.81894,-3.68887,step,False,False,True,True,True,True,0.72875,1.496,,,False,True,True,True,,True,
67399880_0,67399880,0,1878.64,10070.3,2,17.9096,1,False,True,17.0695,40.4837,-3.15171,flare_decay,True,True,True,True,True,True,0.958863,0.947712,,,True,False,True,True,,True,
67399880_1,67399880,1,1897.25,5750.07,4,14.5453,1,False,True,12.9325,37.0554,-1.68729,flare_decay,True,True,True,True,True,True,1.30657,1.13982,,,True,False,True,True,,True,
67399880_2,67399880,2,1893.25,718.193,16,3.98428,0,True,,,,,,,,,,,,,,,,,,,,,,
67399880_3,67399880,3,1897.77,7051.18,8,26.6268,1,True,True,10.074,-12.1307,82.3288,step,False,False,False,True,True,False,,,,,False,True,False,False,,True,
67399880_4,67399880,4,1891.6,7038.16,1,9.55481,0,False,,,,,,,,,,,,,,,,,,,,,,
67399880_5,67399880,5,1889.62,16671.5,4,42.172,1,False,True,39.6956,376.725,216.542,flare_decay,True,True,True,True,True,True,0.645236,0.867024,,,True,False,True,True,,True,
67399880_6,67399880,6,1895.93,7394.54,24,54.1687,1,True,True,51.6135,420.192,52.5428,flare_decay,True,True,True,True,True,True,0.375678,0.751709,,,True,True,True,True,True,True,
67399880_7,67399880,7,1874.41,1089.53,8,4.11431,0,True,,,,,,,,,,,,,,,,,,,,,,
67399880_8,67399880,8,1897.08,835.117,16,4.63293,0,True,,,,,,,,,,,,,,,,,,,,,,
67399880_9,67399880,9,1872.74,32953.5,2,58.6063,1,False,True,59.0691,2096.7,248.808,flare_decay,True,True,True,True,True,True,1.5873,0.836066,,,True,False,True,True,,True,
67399880_10,67399880,10,1873.35,9178.34,8,34.6594,1,True,True,32.2255,267.248,68.663,flare_decay,True,True,True,True,True,True,0.957998,0.969597,,,True,True,True,True,True,True,
67399880_11,67399880,11,1894.62,817.309,16,4.53414,0,True,,,,,,,,,,,,,,,,,,,,,,
67399880_12,67399880,12,1873.39,38471.8,1,52.2283,1,False,True,34.6885,146.863,576.556,flare_decay,True,True,True,True,True,True,1.01134,0.596888,,,True,False,True,True,,True,
67399880_13,67399880,13,1880.91,1412.34,24,10.3461,0,True,,,,,,,,,,,,,,,,,,,,,,
67399880_14,67399880,14,1875.2,2334.7,24,17.1028,1,True,True,12.8922,23.3935,-4.09659,flare_decay,True,True,True,True,True,True,0.536571,0.555754,,,True,True,True,True,True,True,
67399880_15,67399880,15,1879.16,17729.7,1,24.0693,1,False,True,19.2706,43.7574,48.7029,flare_decay,True,True,True,True,True,True,0.671743,0.457605,,,True,True,True,True,,True,
67399880_16,67399880,16,1887.1,5103.8,4,12.9105,1,False,True,12.8682,32.5966,-2.6445,flare_decay,True,True,True,True,True,True,1.0431,0.835643,,,True,False,True,True,,True,
67399880_17,67399880,17,1888.81,13025.3,2,23.1649,1,False,True,21.8118,71.5948,4.33551,flare_decay,True,True,True,True,True,True,1.70754,0.902759,,,True,False,True,True,,True,
67399880_18,67399880,18,1880.77,16033.1,4,40.5571,1,False,True,38.8208,461.936,-11.3712,flare_decay,False,True,True,True,True,True,2.82979,0.902794,,,True,False,True,True,,True,
67399880_19,67399880,19,1874.1,10771.3,4,27.2469,1,False,True,24.7289,167.787,74.2998,flare_decay,True,True,True,True,True,True,1.61626,0.917045,,,True,False,True,True,,True,
88047680_0,88047680,0,1881.81,2025.07,16,13.3091,1,True,True,11.4176,14.5414,-7.65033,flare_decay,False,True,True,True,True,True,0.497407,0.574838,,,True,True,True,True,,True,
88047680_1,88047680,1,1870.54,7964.54,1,13.6943,0,False,,,,,,,,,,,,,,,,,,,,,,
88047680_2,88047680,2,1896.14,3121.12,16,20.5125,1,True,True,19.7912,91.1922,-2.36196,flare_decay,True,True,False,True,True,False,0.115919,0.27461,,,True,True,True,False,,True,
88047680_3,88047680,3,1893.04,11761.4,1,20.2227,1,False,True,18.0487,18.3996,7.19106,flare_decay,True,True,True,True,True,True,1.57349,0.73112,,,True,False,True,True,,True,
88047680_4,88047680,4,1889.83,3862.86,2,9.58854,1,False,True,8.92646,7.66727,1.47083,flare_decay,False,True,True,True,True,True,1.16354,0.957053,,,False,False,True,True,,True,
88047680_5,88047680,5,1876.52,28084.7,1,48.289,1,False,True,52.3577,325.618,9.35284,flare_decay,True,True,True,True,True,True,1.39233,0.749383,,,True,False,True,True,,True,
88047680_6,88047680,6,1888.79,451.814,24,3.86891,0,True,,,,,,,,,,,,,,,,,,,,,,
88047680_7,88047680,7,1896.39,9704.2,1,16.6855,1,False,True,11.7917,27.281,87.0601,flare_decay,True,True,True,True,True,True,1.02213,0.630056,,,True,False,True,True,,True,
88047680_8,88047680,8,1874.14,708.351,24,6.06566,0,True,,,,,,,,,,,,,,,,,,,,,,
88047680_9,88047680,9,1874.02,5378.42,8,23.7682,1,True,True,24.0898,171.437,1.75257,flare_decay,True,True,True,True,True,True,0.869658,0.925798,,,True,True,True,True,,True,
88047680_10,88047680,10,1877.5,1504.61,2,3.73481,0,False,,,,,,,,,,,,,,,,,,,,,,
88047680_11,88047680,11,1897.66,6441.37,8,28.4655,1,True,True,21.7201,-3.51154,-0.0150349,step,False,False,False,True,True,False,,,,,False,True,False,False,,True,
88047680_12,88047680,12,1872.04,1056.59,4,3.66621,0,True,,,,,,,,,,,,,,,,,,,,,,
88047680_13,88047680,13,1897.06,2490.92,1,4.28291,0,False,,,,,,,,,,,,,,,,,,,,,,
88047680_14,88047680,14,1896.22,3869.87,24,33.138,1,True,True,28.2904,221.84,14.2241,flare_decay,True,True,False,True,True,False,0.222652,0.490911,,,True,True,True,False,,True,
88047680_15,88047680,15,1888.52,2752.77,16,18.0917,1,True,True,17.7708,44.856,-5.56247,flare_decay,True,True,True,True,True,True,0.780556,0.816558,,,True,True,True,True,True,True,
88047680_16,88047680,16,1883.97,6934.48,16,45.5746,1,True,True,24.2023,7.9566,11.483,step,False,False,False,True,True,False,,,,,False,True,False,False,,True,
88047680_17,88047680,17,1876.97,1382.05,16,9.08308,0,True,,,,,,,,,,,,,,,,,,,,,,
88047680_18,88047680,18,1874.93,367.15,24,3.14393,0,True,,,,,,,,,,,,,,,,,,,,,,
88047680_19,88047680,19,1894.72,1078.54,8,4.76625,0,True,,,,,,,,,,,,,,,,,,,,,,
88770648_0,88770648,0,1870.52,2061.23,1,3.19139,0,False,,,,,,,,,,,,,,,,,,,,,,
88770648_1,88770648,1,1872.41,2707.78,2,5.9673,0,False,,,,,,,,,,,,,,,,,,,,,,
88770648_2,88770648,2,1894.47,4525.62,8,16.7648,1,True,True,16.6625,111.919,0.287339,flare_decay,True,True,True,True,True,True,1.13514,1.0163,,,True,True,True,True,True,True,
88770648_3,88770648,3,1876.66,808.952,24,7.12866,0,True,,,,,,,,,,,,,,,,,,,,,,
88770648_4,88770648,4,1893.14,5318.15,1,8.23407,0,False,,,,,,,,,,,,,,,,,,,,,,
88770648_5,88770648,5,1893.62,1434.92,8,5.31556,0,True,,,,,,,,,,,,,,,,,,,,,,
88770648_6,88770648,6,1895.43,665.829,16,3.85561,0,True,,,,,,,,,,,,,,,,,,,,,,
88770648_7,88770648,7,1887.2,3494.23,1,5.41011,0,False,,,,,,,,,,,,,,,,,,,,,,
88770648_8,88770648,8,1881.31,906.731,16,5.25059,0,True,,,,,,,,,,,,,,,,,,,,,,
88770648_9,88770648,9,1890.58,4490.13,4,12.653,1,False,True,13.7885,34.2784,17.3712,flare_decay,True,True,True,True,True,True,0.373007,0.831574,,,True,False,True,True,,True,
88770648_10,88770648,10,1877.06,2425.07,24,21.3702,1,True,True,22.5357,68.5521,0.325073,flare_decay,True,True,False,True,False,False,0.274469,0.793709,,,True,True,True,False,,True,
88770648_11,88770648,11,1874.08,14699.1,1,22.7586,1,False,True,19.0025,26.7275,19.3189,flare_decay,True,True,True,True,True,True,1.71879,0.591119,,,True,True,True,True,,True,
88770648_12,88770648,12,1897.02,1870.14,24,16.4801,0,True,,,,,,,,,,,,,,,,,,,,,,
88770648_13,88770648,13,1873.18,2804.71,1,4.34252,0,False,,,,,,,,,,,,,,,,,,,,,,
88770648_14,88770648,14,1874.18,1913.59,8,7.08873,0,True,,,,,,,,,,,,,,,,,,,,,,
88770648_15,88770648,15,1897.12,4575.24,1,7.08383,0,False,,,,,,,,,,,,,,,,,,,,,,
88770648_16,88770648,16,1871.04,3699.72,4,10.4257,0,False,,,,,,,,,,,,,,,,,,,,,,
88770648_17,88770648,17,1876.93,5941.23,2,13.093,1,False,True,11.9489,5.8744,-4.67789,flare_decay,False,True,True,True,True,True,1.1369,1.07097,,,False,False,True,True,,True,
88770648_18,88770648,18,1888.02,3282.45,16,19.0076,1,True,True,19.2492,71.7363,1.80904,flare_decay,True,True,True,True,True,True,0.568068,0.90766,,,True,True,True,True,,True,
88770648_19,88770648,19,1890.85,1365.17,8,5.05716,0,True,,,,,,,,,,,,,,,,,,,,,,
98369631_0,98369631,0,1883.97,1956.42,2,3.78356,0,False,,,,,,,,,,,,,,,,,,,,,,
98369631_1,98369631,1,1892.95,15387.2,4,40.7079,1,True,True,39.1119,362.128,155.095,flare_decay,True,True,True,True,True,True,1.61825,0.738337,,,True,True,True,True,,True,
98369631_2,98369631,2,1889.52,20070.1,1,29.719,1,False,True,31.9149,88.8342,0.0706053,flare_decay,True,True,False,True,True,False,1.41145,0.390852,,,True,True,True,False,,True,
98369631_3,98369631,3,1870.79,6491,1,9.61159,0,False,,,,,,,,,,,,,,,,,,,,,,
98369631_4,98369631,4,1890.79,1101.68,8,4.03424,0,True,,,,,,,,,,,,,,,,,,,,,,
98369631_5,98369631,5,1881.45,2025.5,16,11.4763,1,True,True,10.6891,-6.5538,-4.15327,flare_decay,False,True,True,True,True,True,0.809009,0.633039,,,False,True,True,True,,True,
98369631_6,98369631,6,1877.56,429.547,24,3.29521,0,True,,,,,,,,,,,,,,,,,,,,,,
98369631_7,98369631,7,1874.62,14475.5,8,53.0078,1,True,True,50.159,359.6,67.2659,flare_decay,True,True,True,True,True,True,0.647364,0.718764,,,True,True,True,True,,True,
98369631_8,98369631,8,1894.77,3235.19,24,24.8183,1,True,True,22.212,33.0353,-2.00501,flare_decay,True,True,True,True,True,True,0.930624,0.685067,,,True,True,True,True,,True,
98369631_9,98369631,9,1891.12,2720.53,4,7.19735,1,True,True,8.04216,11.861,3.70809,flare_decay,True,True,True,True,True,True,0.867111,0.649899,0.24675,0.170182,True,True,True,True,,True,False
98369631_10,98369631,10,1893,2576.53,24,19.7655,1,True,True,15.0597,65.3987,-2.45186,flare_decay,True,True,True,True,True,True,1.14851,0.780511,,,True,True,True,True,True,True,
98369631_11,98369631,11,1875.56,2436.84,1,3.60836,0,False,,,,,,,,,,,,,,,,,,,,,,
98369631_12,98369631,12,1881.79,3209.9,1,4.75308,0,False,,,,,,,,,,,,,,,,,,,,,,
98369631_13,98369631,13,1882.89,11884.1,4,31.4403,1,True,True,33.1591,224.065,-0.236522,flare_decay,True,True,False,True,True,True,1.17382,0.942771,,,True,True,True,True,True,True,
98369631_14,98369631,14,1878.89,2577.29,8,9.43775,1,True,True,10.4051,20.325,-4.68622,step,True,True,True,True,True,True,1.2253,0.783796,,,True,True,True,True,,True,
98369631_15,98369631,15,1895.62,8098.53,1,11.992,1,False,True,8.68156,16.8544,136.473,flare_decay,True,True,False,True,True,False,1.37451,0.318292,,,True,False,True,False,,True,
98369631_16,98369631,16,1883.27,5545.49,8,20.307,1,True,True,18.4738,66.4419,13.3865,flare_decay,True,True,True,True,True,True,0.462497,0.555323,,,True,True,True,True,True,True,
98369631_17,98369631,17,1897.29,2341.42,1,3.46707,0,False,,,,,,,,,,,,,,,,,,,,,,
98369631_18,98369631,18,1876.18,2890.34,1,4.27989,0,False,,,,,,,,,,,,,,,,,,,,,,
98369631_19,98369631,19,1876.79,1024.15,16,5.80274,0,True,,,,,,,,,,,,,,,,,,,,,,
99761611_0,99761611,0,1887.81,1883.73,16,11.8699,1,True,True,10.0122,24.4019,-6.00426,flare_decay,False,True,True,True,True,True,0.79675,1.13647,,,True,True,True,True,,True,
99761611_1,99761611,1,1897.39,702.104,24,6.60676,0,True,,,,,,,,,,,,,,,,,,,,,,
99761611_2,99761611,2,1875.85,12344.3,1,21.427,1,False,True,15.8295,-1.13324,80.8848,flare_decay,False,True,True,True,True,True,0.841005,0.484378,,,False,True,True,True,,True,
99761611_3,99761611,3,1894.93,1418.86,16,8.94059,1,True,True,12.2655,20.9333,-0.929854,flare_decay,True,True,True,True,True,True,0.679422,0.921544,0.917549,0.917195,True,True,True,True,,True,False
99761611_4,99761611,4,1888.22,1700.7,4,5.62109,0,True,,,,,,,,,,,,,,,,,,,,,,
99761611_5,99761611,5,1872.47,2078.63,1,3.60806,0,False,,,,,,,,,,,,,,,,,,,,,,
99761611_6,99761611,6,1887.49,2640.76,2,6.91926,0,False,,,,,,,,,,,,,,,,,,,,,,
99761611_7,99761611,7,1882.93,8011.1,8,34.4444,1,True,True,31.3227,313.146,26.8655,flare_decay,True,True,True,True,True,True,0.928459,0.871903,,,True,True,True,True,,True,
99761611_8,99761611,8,1896.83,2210.77,8,9.50538,1,True,True,13.4218,2.22201,-1.61377,flare_decay,False,True,True,True,True,True,1.17715,1.58423,,,False,True,True,True,,True,
99761611_9,99761611,9,1895.79,14899.4,2,39.0391,1,False,True,36.0899,185.454,70.1061,flare_decay,True,True,True,True,True,True,1.04698,0.739912,,,True,False,True,True,,True,
99761611_10,99761611,10,1890.06,13401.6,4,44.2946,1,True,True,47.7645,293.322,-15.4077,flare_decay,False,True,True,True,True,True,0.649847,0.636176,,,True,True,True,True,,True,
99761611_11,99761611,11,1892.91,6063.46,16,38.2075,1,True,True,43.8227,428.671,27.4324,flare_decay,True,False,True,True,True,True,0.620108,0.706128,,,True,True,True,True,,True,
99761611_12,99761611,12,1873.43,2951.79,4,9.75616,1,True,True,9.83322,12.9633,2.5624,flare_decay,True,True,True,True,True,True,0.480726,0.491242,,,True,True,True,True,True,True,
99761611_13,99761611,13,1877.47,614.588,16,3.87268,0,True,,,,,,,,,,,,,,,,,,,,,,
99761611_14,99761611,14,1881.58,3334.95,16,21.0144,1,True,True,19.4185,90.3064,-1.53676,flare_decay,True,True,True,True,True,True,0.66118,0.483394,,,True,True,True,True,True,True,
99761611_15,99761611,15,1873.14,1667.82,2,4.37,0,False,,,,,,,,,,,,,,,,,,,,,,
99761611_16,99761611,16,1878.22,4155.2,8,17.8656,1,True,True,16.9804,145.23,20.3924,flare_decay,True,True,True,True,True,True,0.565001,0.607247,,,True,True,True,True,,True,
99761611_17,99761611,17,1877.45,8513.79,2,22.3076,1,False,True,20.8934,88.7397,5.72635,flare_decay,True,True,True,True,True,True,0.910858,0.643776,,,True,False,True,True,,True,
99761611_18,99761611,18,1871.79,12579.3,4,41.5767,1,True,True,45.898,453.122,-30.6392,flare_decay,False,True,True,True,True,True,0.680543,0.707218,,,True,True,True,True,,True,
99761611_19,99761611,19,1893.1,3718.44,2,9.74298,1,False,True,8.72556,4.33217,-0.265922,flare_decay,False,True,False,True,True,False,0.334644,0.431785,,,False,False,True,False,,True,
86271128_0,86271128,0,1875.7,31474.4,2,34.4354,1,False,True,30.9214,93.0647,7.55645,flare_decay,True,True,True,True,True,True,1.05478,0.783344,,,True,False,True,True,,True,
86271128_1,86271128,1,1875.16,11231.1,4,16.5657,1,True,True,16.0746,45.8092,-6.02396,flare_decay,False,True,True,True,True,True,1.24688,0.839918,,,True,True,True,True,True,True,
86271128_2,86271128,2,1879.62,22313.7,1,16.7084,1,False,True,11.7969,-0.64144,35.6938,flare_decay,False,True,True,True,True,True,0.883145,0.536397,,,False,False,True,True,,True,
86271128_3,86271128,3,1896.33,11554.6,2,12.6416,1,False,True,12.1308,45.718,1.78466,flare_decay,True,True,True,True,True,True,0.605981,0.746919,,,True,False,True,True,,True,
86271128_4,86271128,4,1889.22,5691.74,2,6.22721,0,False,,,,,,,,,,,,,,,,,,,,,,
86271128_5,86271128,5,1875.22,33948.3,1,25.4204,1,False,True,24.8961,130.667,5.33421,flare_decay,True,True,True,True,True,True,0.779521,0.519226,,,True,True,True,True,True,True,
86271128_6,86271128,6,1888.68,3897.87,2,4.26457,0,False,,,,,,,,,,,,,,,,,,,,,,
86271128_7,86271128,7,1894.64,14248.3,4,21.0161,1,True,True,20.3904,84.6977,50.2895,flare_decay,True,True,True,True,True,True,0.820888,0.800262,,,True,True,True,True,,True,
86271128_8,86271128,8,1876.18,31436.8,4,46.3689,1,True,True,42.867,194.573,90.1775,flare_decay,True,True,True,True,True,True,1.05982,0.806104,,,True,True,True,True,,True,
86271128_9,86271128,9,1878.58,907.655,16,3.00041,0,True,,,,,,,,,,,,,,,,,,,,,,
86271128_10,86271128,10,1888.08,8804.68,2,9.63301,1,False,True,9.37486,27.3093,10.034,flare_decay,True,True,True,True,True,True,0.825639,0.77083,0.650525,0.0518161,True,True,True,True,,True,False
86271128_11,86271128,11,1873.37,4517.25,1,3.3825,0,False,,,,,,,,,,,,,,,,,,,,,,
86271128_12,86271128,12,1882.58,2041.96,8,4.13738,0,True,,,,,,,,,,,,,,,,,,,,,,
86271128_13,86271128,13,1891.93,1799.27,16,5.94781,1,True,True,10.9643,9.95122,-0.757244,step,False,True,True,True,True,True,0.638184,0.804991,,,False,True,True,True,,True,
86271128_14,86271128,14,1881.6,1910.92,8,3.87186,0,True,,,,,,,,,,,,,,,,,,,,,,
86271128_15,86271128,15,1873.99,10918.5,16,36.0931,1,True,True,31.9848,160.229,44.0423,flare_decay,True,True,True,True,True,True,0.79205,0.715107,,,True,True,True,True,,True,
86271128_16,86271128,16,1879.18,5098.58,24,22.415,1,True,True,18.5297,45.5957,3.03455,flare_decay,True,True,True,True,True,True,0.838399,0.915286,,,True,True,True,True,,True,
86271128_17,86271128,17,1896.79,15038.1,16,49.711,1,True,True,48.6399,300.398,-12.2211,flare_decay,False,True,True,True,True,True,1.17564,1.00733,,,True,True,True,True,,True,
86271128_18,86271128,18,1883.45,5262.13,24,23.134,1,True,True,18.5288,16.4714,7.34194,step,True,False,False,True,True,True,1.18296,1.39338,,,True,True,False,True,,True,
86271128_19,86271128,19,1896.93,2802.39,4,4.13349,0,True,,,,,,,,,,,,,,,,,,,,,,
86299661_0,86299661,0,1871.56,2611.2,2,6.2398,1,False,True,8.32002,-4.78788,-2.31775,flare_decay,False,True,True,True,True,True,0.796122,0.713674,,,False,False,True,True,,True,
86299661_1,86299661,1,1879.39,13764.1,4,39.2212,1,True,True,41.5085,515.512,288.389,flare_decay,True,True,True,True,True,True,1.10905,0.846507,,,True,True,True,True,,True,
86299661_2,86299661,2,1881.41,4117.47,24,17.3461,1,True,True,18.3621,271.614,29.6648,flare_decay,True,True,True,True,False,True,1.01405,0.609377,,,True,True,True,False,,True,
86299661_3,86299661,3,1892.85,8726.1,16,34.1362,1,True,True,30.9415,978.415,18.94,flare_decay,True,True,True,True,True,True,2.02971,0.857561,,,True,True,True,True,True,True,
86299661_4,86299661,4,1875.14,14152.6,2,33.8193,1,False,True,35.0249,370.603,-50.893,flare_decay,False,True,True,True,True,True,1.75397,0.795482,,,True,False,True,True,,True,
86299661_5,86299661,5,1872.41,1315.87,4,3.74962,0,True,,,,,,,,,,,,,,,,,,,,,,
86299661_6,86299661,6,1890.95,1885.03,8,6.5098,0,True,,,,,,,,,,,,,,,,,,,,,,
86299661_7,86299661,7,1897.56,2452.82,1,4.56378,0,False,,,,,,,,,,,,,,,,,,,,,,
86299661_8,86299661,8,1894.2,5381.63,8,18.5851,1,True,True,18.5972,180.407,39.3157,flare_decay,True,True,True,True,True,True,1.22337,0.792043,,,True,True,True,True,,True,
86299661_9,86299661,9,1888.39,16244.8,2,38.8191,1,False,True,40.6695,323.86,-19.7967,flare_decay,False,True,True,True,True,True,7.4196,0.82288,,,True,False,True,True,,True,
86299661_10,86299661,10,1877.37,5756.78,1,10.7112,0,False,,,,,,,,,,,,,,,,,,,,,,
86299661_11,86299661,11,1893.85,2013.28,24,8.48159,0,True,,,,,,,,,,,,,,,,,,,,,,
86299661_12,86299661,12,1896.72,7060.25,24,29.7435,1,True,True,34.2275,1300.1,159.384,flare_decay,True,True,True,True,True,True,1.68787,1.01249,,,True,True,True,True,True,True,
86299661_13,86299661,13,1879.01,14000.7,2,33.4565,1,False,True,32.2897,274.783,21.3268,flare_decay,True,True,True,True,True,True,0.690583,0.765769,,,True,False,True,True,,True,
86299661_14,86299661,14,1871.06,3798.34,24,16.0017,1,True,True,14.9648,-15.5839,0.128852,step,False,False,False,True,True,False,0.193595,0.595046,,,False,True,False,False,,True,
86299661_15,86299661,15,1880.2,2535.86,4,7.226,1,True,True,7.27357,20.0371,7.71135,flare_decay,True,True,True,True,True,True,1.27382,0.72046,0.0869161,0,True,True,True,True,,True,True
86299661_16,86299661,16,1894.47,2854.06,8,9.8563,1,True,True,9.78999,26.1747,-1.42225,flare_decay,True,True,True,True,True,True,2.10429,1.0964,,,True,True,True,True,True,True,
86299661_17,86299661,17,1887.91,13921.8,4,39.6706,1,True,True,41.4209,521.093,309.513,flare_decay,True,True,True,True,True,True,1.29744,0.826287,,,True,True,True,True,,True,
86299661_18,86299661,18,1879.7,3806.59,1,7.08263,0,False,,,,,,,,,,,,,,,,,,,,,,
86299661_19,86299661,19,1894.58,2813.77,8,9.71716,1,True,True,9.72132,80.203,-0.712157,flare_decay,True,True,True,True,True,True,1.69064,1.03762,,,True,True,True,True,,True,
86379258_0,86379258,0,1891.35,5397.62,1,35.5585,1,False,True,28.8807,35.1529,82.5083,flare_decay,True,True,False,True,True,True,0.956262,0.591168,,,True,True,True,True,True,True,
86379258_1,86379258,1,1878.24,1660.87,24,34.161,1,True,True,29.8378,797.867,65.0552,flare_decay,True,True,True,True,True,True,0.793168,1.03064,,,True,True,True,True,,True,
86379258_2,86379258,2,1883.41,516.251,1,3.40096,0,False,,,,,,,,,,,,,,,,,,,,,,
86379258_3,86379258,3,1892.14,2496.42,16,43.283,1,True,True,38.8004,805.05,86.641,flare_decay,True,False,True,True,True,True,0.494818,0.818986,,,True,True,True,True,,True,
86379258_4,86379258,4,1894.66,2053.78,2,18.1884,1,False,True,22.3725,128.43,1.31166,flare_decay,True,True,True,True,True,True,0.734087,0.765365,,,True,False,True,True,,True,
86379258_5,86379258,5,1881.18,723.457,16,12.5433,1,True,True,10.2956,79.5594,0.127298,flare_decay,True,True,True,True,False,True,0.47771,0.488892,,,True,True,True,False,,True,
86379258_6,86379258,6,1886.99,3925.44,2,34.7639,0,False,,,,,,,,,,,,,,,,,,,,,,
86379258_7,86379258,7,1883.04,1741.58,1,11.4732,0,False,,,,,,,,,,,,,,,,,,,,,,
86379258_8,86379258,8,1888.74,5925.73,2,52.4787,1,False,True,52.9582,934.495,221.451,flare_decay,True,True,True,True,True,True,0.642306,0.971199,,,True,False,True,True,,True,
86379258_9,86379258,9,1879.26,338.254,16,5.86464,0,True,,,,,,,,,,,,,,,,,,,,,,
86379258_10,86379258,10,1876.43,1536.2,24,31.5969,1,True,True,32.3419,740.242,46.7493,flare_decay,True,True,True,True,False,True,1.60736,1.70921,,,True,True,True,False,,True,
86379258_11,86379258,11,1891.39,700.351,2,6.20236,1,False,True,7.3755,0.336077,-8.1674,flare_decay,False,True,False,True,True,True,0.434031,1.03014,,,False,False,True,True,,True,
86379258_12,86379258,12,1872.29,266.015,24,5.47145,0,True,,,,,,,,,,,,,,,,,,,,,,
86379258_13,86379258,13,1876.04,1037.71,24,21.3437,1,True,True,22.5457,383.024,61.7507,flare_decay,True,True,True,True,True,True,1.77384,1.82854,,,True,True,True,True,,True,
86379258_14,86379258,14,1877.68,4061.55,4,44.3848,1,False,True,43.8257,632.703,361.039,flare_decay,True,True,True,True,True,True,0.966102,0.982546,,,True,False,True,True,,True,
86379258_15,86379258,15,1890.43,2235.54,8,31.3587,1,True,True,29.7337,294.635,7.69535,flare_decay,True,True,True,True,True,True,0.75266,1.10393,,,True,True,True,True,True,True,
86379258_16,86379258,16,1871.29,2103.38,1,13.8567,1,False,True,16.3848,56.9366,-3.66294,flare_decay,True,False,False,True,True,False,0.174435,0.405544,,,True,False,False,False,,True,
86379258_17,86379258,17,1871.7,1005.71,16,17.4369,1,True,True,17.7054,140.451,22.3035,flare_decay,True,True,True,True,True,True,0.325805,0.877122,,,True,True,True,True,,True,
86379258_18,86379258,18,1873.08,544.157,1,3.5848,0,False,,,,,,,,,,,,,,,,,,,,,,
86379258_19,86379258,19,1887.31,349.45,4,3.8188,0,False,,,,,,,,,,,,,,,,,,,,,,
87952286_0,87952286,0,1881.41,2960.06,8,5.13709,0,True,,,,,,,,,,,,,,,,,,,,,,
87952286_1,87952286,1,1890.81,12123.6,16,27.0463,1,True,True,10.8693,141.138,19.9693,flare_decay,True,True,True,True,True,True,0.507072,1.09601,,,True,True,True,True,,True,
87952286_2,87952286,2,1887.83,23909.7,4,39.1637,1,True,True,45.5606,2751.48,-314.734,flare_decay,False,True,True,True,True,True,3.04553,0.912239,,,True,True,True,True,True,True,
87952286_3,87952286,3,1879.5,7222.86,8,12.535,0,True,,,,,,,,,,,,,,,,,,,,,,
87952286_4,87952286,4,1881.43,7161.46,4,11.7304,1,True,True,8.85449,194.792,154.739,flare_decay,True,False,True,True,True,True,4.47021,1.07504,,,True,True,True,True,,True,
87952286_5,87952286,5,1880.33,14956.4,4,24.4984,1,True,True,22.8881,1201,-187.007,flare_decay,False,False,True,True,True,True,1.41225,0.944867,,,True,True,True,True,,True,
87952286_6,87952286,6,1874.27,8213.49,1,12.708,1,False,True,14.4806,36.7304,-1.35243,flare_decay,True,False,True,True,True,True,0.91487,0.835128,,,True,False,True,True,,True,
87952286_7,87952286,7,1876.12,4714.02,1,7.2936,0,False,,,,,,,,,,,,,,,,,,,,,,
87952286_8,87952286,8,1872.93,3003.34,4,4.91942,0,True,,,,,,,,,,,,,,,,,,,,,,
87952286_9,87952286,9,1876.37,10502.2,16,23.4291,0,True,,,,,,,,,,,,,,,,,,,,,,
87952286_10,87952286,10,1879.7,2306.13,2,3.67248,0,False,,,,,,,,,,,,,,,,,,,,,,
87952286_11,87952286,11,1880.39,23267.5,4,38.1118,1,True,True,36.6115,2397.63,2834.5,flare_decay,True,False,True,True,True,True,2.62817,0.977289,,,True,True,True,True,True,True,
87952286_12,87952286,12,1890.04,1218.28,24,4.10205,0,True,,,,,,,,,,,,,,,,,,,,,,
87952286_13,87952286,13,1889.08,9596.27,1,14.8475,1,False,True,10.1939,0.78993,81.1995,flare_decay,False,True,True,True,True,True,1.46162,0.495329,,,False,True,True,True,,True,
87952286_14,87952286,14,1883.37,26473.3,2,42.1585,0,False,,,,,,,,,,,,,,,,,,,,,,
87952286_15,87952286,15,1893.52,24877,16,55.4976,1,True,True,18.2454,-21.2481,159.257,flare_decay,False,False,True,True,True,True,0.522367,0.945689,,,False,True,True,True,,True,
87952286_16,87952286,16,1892.18,1895.74,2,3.01895,0,False,,,,,,,,,,,,,,,,,,,,,,
87952286_17,87952286,17,1881.79,5875.99,8,10.1976,0,True,,,,,,,,,,,,,,,,,,,,,,
87952286_18,87952286,18,1890.5,6770.37,2,10.7817,1,False,True,7.29772,83.7836,12.7537,flare_decay,True,False,True,True,True,True,1.83913,1.1531,,,True,False,True,True,,True,
87952286_19,87952286,19,1870.47,7044.95,4,11.5395,0,True,,,,,,,,,,,,,,,,,,,,,,
101576494_0,101576494,0,1881.08,1685.22,8,9.71847,1,True,True,9.75524,20.5986,11.9931,flare_decay,True,True,True,True,True,True,0.778178,0.663542,,,True,True,True,True,,True,
101576494_1,101576494,1,1871.04,3073.05,2,9.88709,1,False,True,7.8718,-5.51025,1.63264,flare_decay,False,False,False,True,True,False,0.105012,0.152094,,,False,False,False,False,,True,
101576494_2,101576494,2,1895.52,3783.65,2,12.1734,1,False,True,12.5185,50.5719,9.02278,flare_decay,True,True,True,True,True,True,0.442322,0.671462,,,True,False,True,True,,True,
101576494_3,101576494,3,1882.18,1423.97,16,10.0206,1,True,True,10.2293,27.755,-2.42387,step,True,True,True,True,True,True,0.47081,1.44593,,,True,True,True,True,True,True,
101576494_4,101576494,4,1891.89,1349,8,7.77953,0,True,,,,,,,,,,,,,,,,,,,,,,
101576494_5,101576494,5,1896.95,1249.43,2,4.01986,0,False,,,,,,,,,,,,,,,,,,,,,,
101576494_6,101576494,6,1871.41,718.103,4,3.09927,0,True,,,,,,,,,,,,,,,,,,,,,,
101576494_7,101576494,7,1879.91,1067.58,4,4.60759,0,True,,,,,,,,,,,,,,,,,,,,,,
101576494_8,101576494,8,1872.68,2742.78,24,25.5623,1,True,True,22.1623,190.311,6.77367,flare_decay,True,True,True,True,True,True,0.623896,0.75425,,,True,True,True,True,,True,
101576494_9,101576494,9,1881.2,4643.42,24,43.276,1,True,True,38.7556,682.921,30.4758,flare_decay,True,True,False,True,True,False,0.296943,0.523957,,,True,True,True,False,,True,
101576494_10,101576494,10,1873.77,4794.92,8,27.6517,1,True,True,27.5313,171.785,7.76357,flare_decay,True,True,True,True,True,True,0.774852,0.852585,,,True,True,True,True,,True,
101576494_11,101576494,11,1879.06,977.583,24,9.11092,0,True,,,,,,,,,,,,,,,,,,,,,,
101576494_12,101576494,12,1881.35,2278.79,8,13.1415,1,True,True,13.05,64.9498,10.5064,flare_decay,True,True,True,True,True,True,0.634781,0.762004,,,True,True,True,True,,True,
101576494_13,101576494,13,1888.02,5685.81,2,18.2933,1,False,True,16.7584,37.8224,13.1064,flare_decay,True,True,True,True,True,True,0.55454,0.849546,,,True,False,True,True,,True,
101576494_14,101576494,14,1875.7,3083.66,24,28.7393,1,True,True,29.2371,318.956,35.5887,flare_decay,True,True,True,True,True,True,1.66063,1.72721,,,True,True,True,True,True,True,
101576494_15,101576494,15,1897.6,870.974,16,6.12914,0,True,,,,,,,,,,,,,,,,,,,,,,
101576494_16,101576494,16,1876.25,4765.97,16,33.5386,1,True,True,35.6507,463.561,26.68,flare_decay,True,True,False,True,True,True,1.64496,1.8172,,,True,True,True,True,True,True,
101576494_17,101576494,17,1881.18,2394.83,16,16.8527,1,True,True,17.2055,153.755,-2.10316,flare_decay,True,True,True,True,True,True,0.417251,0.532967,,,True,True,True,True,True,True,
101576494_18,101576494,18,1872.22,4773.37,1,11.3895,1,False,True,14.626,64.9006,-2.74159,flare_decay,True,True,True,True,True,True,0.738603,0.573156,,,True,True,True,True,,True,
101576494_19,101576494,19,1883.25,3530.99,4,15.2395,1,True,True,16.1002,34.1341,-0.338075,flare_decay,True,True,True,True,True,True,1.22606,0.891108,,,True,True,True,True,,True,
103604024_0,103604024,0,1891.89,12838.2,16,38.0385,1,True,True,35.8856,328.888,16.1424,flare_decay,True,True,True,True,True,True,0.961483,0.838555,,,True,True,True,True,,True,
103604024_1,103604024,1,1873.24,3488.99,24,12.9429,1,True,True,9.1389,13.2675,-4.70895,flare_decay,True,True,True,True,True,True,0.908678,0.841831,,,True,True,True,True,True,True,
103604024_2,103604024,2,1885.66,6129.93,4,9.00445,1,True,True,8.94149,9.36056,-1.78877,flare_decay,False,True,True,True,True,True,0.46957,0.523667,,,False,True,True,True,,True,
103604024_3,103604024,3,1885.97,1476.27,16,4.37404,0,True,,,,,,,,,,,,,,,,,,,,,,
103604024_4,103604024,4,1882.33,19039.4,2,21.2849,1,False,True,20.3839,56.8921,1.04423,flare_decay,True,True,True,True,True,True,1.14866,0.819879,,,True,False,True,True,,True,
103604024_5,103604024,5,1872.83,9593.28,4,14.0919,1,True,True,16.1126,44.96,-10.6466,flare_decay,False,True,True,True,True,True,0.645244,0.804064,,,True,True,True,True,,True,
103604024_6,103604024,6,1873.39,14137.9,8,32.9462,1,True,True,30.5152,125.139,20.3111,flare_decay,True,True,True,True,True,True,0.788482,0.809964,,,True,True,True,True,,True,
103604024_7,103604024,7,1896.45,1543.41,8,3.59669,0,True,,,,,,,,,,,,,,,,,,,,,,
103604024_8,103604024,8,1880.18,8328.31,8,19.4079,1,True,True,19.2244,66.6931,5.31635,flare_decay,True,True,True,True,True,True,1.25637,0.85402,,,True,True,True,True,True,True,
103604024_9,103604024,9,1895.47,3337.59,8,7.77777,0,True,,,,,,,,,,,,,,,,,,,,,,
103604024_10,103604024,10,1887.12,9016.91,8,21.0126,1,True,True,14.3313,11.9484,-1.23378,step,True,False,True,True,True,True,0.579304,0.821083,,,True,True,True,True,,True,
103604024_11,103604024,11,1882.79,2065.98,16,6.1213,0,True,,,,,,,,,,,,,,,,,,,,,,
103604024_12,103604024,12,1897.45,3287.84,16,9.74157,0,True,,,,,,,,,,,,,,,,,,,,,,
103604024_13,103604024,13,1889.33,19363.1,2,21.6468,1,False,True,20.2834,21.4527,7.40725,flare_decay,True,True,True,True,True,True,1.30189,0.839788,,,True,False,True,True,,True,
103604024_14,103604024,14,1871.97,3246.44,2,3.62933,0,False,,,,,,,,,,,,,,,,,,,,,,
103604024_15,103604024,15,1887.47,4983.16,8,11.6125,1,True,True,10.8274,7.49072,-1.98952,flare_decay,False,True,True,True,True,True,0.729131,1.00206,,,False,True,True,True,,True,
103604024_16,103604024,16,1881.93,1586.1,24,5.88386,0,True,,,,,,,,,,,,,,,,,,,,,,
103604024_17,103604024,17,1872.1,34483.9,2,38.5509,1,False,True,39.2721,131.107,15.8024,flare_decay,True,True,True,True,True,True,0.993963,0.797611,,,True,False,True,True,,True,
103604024_18,103604024,18,1871.35,18560.6,2,20.7496,1,False,True,20.8036,77.0081,18.7636,flare_decay,True,False,True,True,True,True,0.644778,0.814452,,,True,False,True,True,,True,
103604024_19,103604024,19,1895.37,25188.7,4,37.0005,1,True,True,36.2523,253.996,-44.7469,flare_decay,False,True,True,True,True,True,1.37853,0.816338,,,True,True,True,True,,True,
103691893_0,103691893,0,1894.78,44973,1,36.5376,1,False,True,41.7243,618.677,0.419712,flare_decay,True,True,True,True,True,True,1.45619,0.57801,,,True,False,True,True,,True,
103691893_1,103691893,1,1886.14,17677.3,16,27.2524,1,True,True,23.654,18.6874,22.4941,step,True,False,True,True,True,True,1.5115,0.782952,,,True,True,True,True,,True,
103691893_2,103691893,2,1875.76,50000,1,40.6217,1,False,True,44.435,784.303,-3.15108,flare_decay,True,True,True,True,True,True,0.978865,0.51145,1,0,True,True,True,True,,True,False
103691893_3,103691893,3,1872.49,6675.92,1,5.42374,0,False,,,,,,,,,,,,,,,,,,,,,,
103691893_4,103691893,4,1890.56,16000.2,1,12.9991,1,False,True,14.6038,37.9769,-3.39178,flare_decay,True,True,True,True,True,True,1.39457,0.681589,,,True,False,True,True,,True,
103691893_5,103691893,5,1890.99,30193.2,4,33.4664,1,True,True,36.2414,634.497,230.128,flare_decay,True,True,True,True,True,True,1.72419,0.838012,,,True,True,True,True,True,True,
103691893_6,103691893,6,1888.81,4791.08,8,6.3554,0,True,,,,,,,,,,,,,,,,,,,,,,
103691893_7,103691893,7,1879.2,10980.6,16,16.9284,1,True,True,15.0241,341.404,23.6492,flare_decay,True,True,True,True,True,True,2.45673,0.865537,,,True,True,True,True,True,True,
103691893_8,103691893,8,1895.41,4287.78,16,6.61032,1,True,True,9.3529,30.3611,22.5539,flare_decay,True,True,True,True,True,True,1.93659,1.05079,1,1,True,True,True,True,,True,False
103691893_9,103691893,9,1875.01,20830.1,4,23.0882,1,True,True,26.0322,364.659,116.6,flare_decay,True,True,True,True,True,True,1.17256,0.803437,,,True,True,True,True,,True,
103691893_10,103691893,10,1895.51,20961.2,8,27.8052,1,True,True,28.097,1214.79,103.564,flare_decay,True,True,True,True,True,True,2.68059,0.880452,,,True,True,True,True,,True,
103691893_11,103691893,11,1873.76,6676.97,1,5.42459,0,False,,,,,,,,,,,,,,,,,,,,,,
103691893_12,103691893,12,1879.95,50000,1,40.6217,1,False,True,33.5434,324.735,186.854,flare_decay,True,True,True,True,True,True,1.05358,0.407694,,,True,False,True,True,,True,
103691893_13,103691893,13,1871.06,4430.23,16,6.82993,0,True,,,,,,,,,,,,,,,,,,,,,,
103691893_14,103691893,14,1895.03,2488.48,8,3.30099,0,True,,,,,,,,,,,,,,,,,,,,,,
103691893_15,103691893,15,1879.81,14320.4,4,15.8729,1,True,True,17.1186,117.738,-25.4877,flare_decay,False,True,True,True,True,True,12.7916,0.836731,,,True,True,True,True,,True,
103691893_16,103691893,16,1878.41,7728.08,8,10.2514,1,True,True,9.96677,171.645,34.4105,step,True,True,True,True,True,True,1.62503,0.760342,,,True,True,True,True,True,True,
103691893_17,103691893,17,1894.85,48345.8,1,39.2777,1,False,True,35.5273,128.54,112.125,flare_decay,True,True,False,True,True,False,10.1304,0.38002,,,True,True,True,False,,True,
103691893_18,103691893,18,1881.16,4324.6,16,6.66708,0,True,,,,,,,,,,,,,,,,,,,,,,
103691893_19,103691893,19,1896.6,3735.79,1,3.03508,0,False,,,,,,,,,,,,,,,,,,,,,,
105575400_0,105575400,0,1879.24,5454.72,16,52.8833,1,True,True,56.8907,609.105,63.7315,flare_decay,True,True,True,True,True,True,0.733889,0.902938,,,True,True,True,True,,True,
105575400_1,105575400,1,1895.04,1925.27,2,8.76654,1,False,True,8.11232,5.63789,0.654263,flare_decay,False,True,True,True,True,True,0.881023,0.956529,,,False,True,True,True,,True,
105575400_2,105575400,2,1885.58,324.349,24,3.88856,0,True,,,,,,,,,,,,,,,,,,,,,,
105575400_3,105575400,3,1886.22,1743.21,8,13.9081,1,True,True,16.6927,34.9003,0.527942,flare_decay,True,True,True,True,True,True,0.697867,1.07449,,,True,True,True,True,,True,
105575400_4,105575400,4,1893.68,665.239,4,4.03402,0,True,,,,,,,,,,,,,,,,,,,,,,
105575400_5,105575400,5,1881.49,3810,8,30.398,1,True,True,28.6399,414.425,57.8329,flare_decay,True,True,True,True,True,True,1.07326,0.936699,,,True,True,True,True,,True,
105575400_6,105575400,6,1874.27,4858.36,2,22.1221,1,False,True,21.6514,27.2225,7.1599,flare_decay,True,True,True,True,True,True,0.690241,0.938914,,,True,False,True,True,,True,
105575400_7,105575400,7,1881.02,2816.17,1,8.93896,0,False,,,,,,,,,,,,,,,,,,,,,,
105575400_8,105575400,8,1895.33,773.831,4,4.69252,0,True,,,,,,,,,,,,,,,,,,,,,,
105575400_9,105575400,9,1882.24,11829.2,1,37.5476,1,False,True,40.2775,448.17,-2.75921,flare_decay,True,True,True,True,True,True,0.850977,0.714546,,,True,False,True,True,,True,
105575400_10,105575400,10,1890.72,3581.31,2,16.3072,1,False,True,15.6958,58.9911,3.22274,flare_decay,True,True,True,True,True,True,0.395643,0.818287,,,True,False,True,True,,True,
105575400_11,105575400,11,1888.06,2134.23,8,17.0279,1,True,True,15.9818,60.4306,15.436,flare_decay,True,True,True,True,True,True,0.788749,1.0132,0.0895876,0,True,True,True,True,,True,True
105575400_12,105575400,12,1882.39,3592.9,4,21.7874,1,True,True,22.4398,210.384,-1.66188,flare_decay,True,True,True,True,True,True,0.740184,0.853492,,,True,True,True,True,,True,
105575400_13,105575400,13,1890.79,9725.56,1,30.8704,1,False,True,32.5197,80.9412,2.9835,flare_decay,True,True,True,True,True,True,0.791382,0.777689,,,True,False,True,True,,True,
105575400_14,105575400,14,1880.89,830.702,16,8.05363,1,True,True,11.0177,53.3427,-1.68648,flare_decay,True,True,True,True,True,True,0.433613,0.586421,0.1161,0,True,True,True,True,,True,True
105575400_15,105575400,15,1890.2,1046.2,4,6.34417,1,True,True,7.44617,-3.41441,-3.93127,flare_decay,False,True,True,True,True,True,0.558339,0.898847,,,False,True,True,True,,True,
105575400_16,105575400,16,1882.66,1123.28,4,6.8116,0,True,,,,,,,,,,,,,,,,,,,,,,
105575400_17,105575400,17,1897.18,3001.53,4,18.2013,1,True,True,18.2116,29.3939,-4.58574,flare_decay,True,True,True,True,True,True,0.5584,1.177,,,True,True,True,True,True,True,
105575400_18,105575400,18,1893.29,2026.19,8,16.1659,1,True,True,15.5558,75.4779,-7.02842,flare_decay,False,True,True,True,True,True,1.01249,1.17062,,,True,True,True,True,True,True,
105575400_19,105575400,19,1873.18,304.696,24,3.65294,0,True,,,,,,,,,,,,,,,,,,,,,,
115810753_0,115810753,0,1871.22,1730.54,4,4.35195,0,True,,,,,,,,,,,,,,,,,,,,,,
115810753_1,115810753,1,1892.16,39827.2,1,49.7135,1,False,True,38.6743,310.306,335.87,flare_decay,True,True,True,True,True,True,0.514385,0.654404,,,True,False,True,True,,True,
115810753_2,115810753,2,1891.95,1891.51,8,6.49392,1,True,True,7.63602,5.35888,1.86115,step,False,True,True,True,True,True,0.614251,0.684032,,,False,True,True,True,,True,
115810753_3,115810753,3,1888.06,32716,1,40.8371,1,False,True,38.2904,84.1641,64.1003,flare_decay,True,True,True,True,True,True,0.665719,0.676596,,,True,False,True,True,,True,
115810753_4,115810753,4,1893.12,3405.86,16,16.5373,1,True,True,14.28,40.1151,19.2388,flare_decay,True,True,True,True,True,True,0.640854,0.872748,,,True,True,True,True,,True,
115810753_5,115810753,5,1881.27,557.539,24,3.52109,0,True,,,,,,,,,,,,,,,,,,,,,,
115810753_6,115810753,6,1894.43,25395.6,2,44.6892,1,False,True,41.3555,370.438,13.4627,flare_decay,True,True,True,True,True,True,0.881738,0.915902,,,True,False,True,True,,True,
115810753_7,115810753,7,1879.02,1861.3,8,6.39021,1,True,True,7.73449,-1.50905,1.01086,flare_decay,False,True,True,True,True,True,0.597735,0.825554,,,False,True,True,True,,True,
115810753_8,115810753,8,1891.6,23054.5,2,40.5695,1,False,True,38.3259,185.407,-4.82117,flare_decay,True,True,False,True,True,True,7.14538,0.967052,,,True,False,True,True,,True,
115810753_9,115810753,9,1883.08,2133.52,2,3.7544,0,False,,,,,,,,,,,,,,,,,,,,,,
115810753_10,115810753,10,1872.74,2565.56,24,16.2026,1,True,True,13.4847,40.1582,4.25709,flare_decay,True,True,True,True,True,True,0.753772,0.867926,,,True,True,True,True,,True,
115810753_11,115810753,11,1886.16,4996.88,2,8.79311,1,False,True,7.8319,0.921726,-5.45063,flare_decay,False,False,True,True,True,True,0.915778,0.835544,,,False,False,True,True,,True,
115810753_12,115810753,12,1882.54,8958.79,24,56.5785,1,True,True,52.3079,506.163,22.2015,flare_decay,True,True,True,True,True,True,1.38103,1.29177,-6.66134e-15,0,True,True,True,True,,True,True
115810753_13,115810753,13,1891.77,1052.66,16,5.11127,0,True,,,,,,,,,,,,,,,,,,,,,,
115810753_14,115810753,14,1886.31,6369.32,16,30.9265,1,True,True,27.8962,205.353,18.0797,flare_decay,True,True,True,True,True,True,0.773439,1.06927,,,True,True,True,True,True,True,
115810753_15,115810753,15,1874.12,878.819,24,5.55011,0,True,,,,,,,,,,,,,,,,,,,,,,
115810753_16,115810753,16,1870.87,1238.8,16,6.01504,0,True,,,,,,,,,,,,,,,,,,,,,,
115810753_17,115810753,17,1889.12,2020.98,8,6.93843,1,True,True,7.33791,-1.19354,-2.58459,step,False,True,True,True,True,True,0.68924,0.699831,,,False,True,True,True,,True,
115810753_18,115810753,18,1885.83,6890.3,16,33.4562,1,True,True,34.8525,292.706,7.54673,flare_decay,True,False,True,True,True,True,0.707577,0.9269,,,True,True,True,True,,True,
115810753_19,115810753,19,1891.33,1247.07,8,4.28145,0,True,,,,,,,,,,,,,,,,,,,,,,
117123701_0,117123701,0,1874.29,1291.35,2,7.94445,1,False,True,7.90068,13.4526,-3.36545,flare_decay,True,True,True,True,True,True,0.717307,0.865299,,,True,False,True,True,,True,
117123701_1,117123701,1,1880.25,482.698,16,8.33189,0,True,,,,,,,,,,,,,,,,,,,,,,
117123701_2,117123701,2,1894.25,4759.51,1,21.8722,1,False,True,23.5504,105.121,-3.52792,flare_decay,True,True,False,True,True,False,0.251151,0.584732,,,True,False,True,False,,True,
117123701_3,117123701,3,1896.18,414.692,16,7.15803,0,True,,,,,,,,,,,,,,,,,,,,,,
117123701_4,117123701,4,1883.6,4522.51,8,49.9073,1,True,True,53.1739,600.91,114.168,flare_decay,True,True,False,True,True,False,0.210787,1.00472,,,True,True,True,False,,True,
117123701_5,117123701,5,1881,3054.13,1,14.0352,0,False,,,,,,,,,,,,,,,,,,,,,,
117123701_6,117123701,6,1871,4676.44,8,51.6059,1,True,True,16.4313,222.392,114.895,flare_decay,True,False,True,True,True,True,1.64988,1.13957,,,True,True,True,True,True,True,
117123701_7,117123701,7,1893.47,2205.46,1,10.1351,0,False,,,,,,,,,,,,,,,,,,,,,,
117123701_8,117123701,8,1890.77,1445.28,2,8.89144,1,False,True,7.99677,39.5156,2.26461,flare_decay,True,True,False,True,True,False,0.328704,0.944684,,,True,False,True,False,,True,
117123701_9,117123701,9,1893.2,659.335,1,3.02996,0,False,,,,,,,,,,,,,,,,,,,,,,
117123701_10,117123701,10,1878.45,906.313,1,4.16494,0,False,,,,,,,,,,,,,,,,,,,,,,
117123701_11,117123701,11,1875.58,455.084,4,3.52723,0,True,,,,,,,,,,,,,,,,,,,,,,
117123701_12,117123701,12,1873.68,2422.28,16,41.8112,1,True,True,38.0319,601.58,41.5593,flare_decay,True,True,True,True,True,True,0.425718,0.811588,,,True,True,True,True,True,True,
117123701_13,117123701,13,1889.77,2294.47,4,17.7838,1,True,True,17.7093,45.1539,-3.09344,flare_decay,True,True,True,True,True,True,0.328623,0.890611,,,True,True,True,True,,True,
117123701_14,117123701,14,1896.83,2840.36,16,49.0276,1,True,True,45.4162,326.048,24.1028,flare_decay,True,True,True,True,True,True,0.879813,1.85619,,,True,True,True,True,,True,
117123701_15,117123701,15,1887.64,1758.57,1,8.08149,0,False,,,,,,,,,,,,,,,,,,,,,,
117123701_16,117123701,16,1895.85,196.567,16,3.39296,0,True,,,,,,,,,,,,,,,,,,,,,,
117123701_17,117123701,17,1883.39,178.729,16,3.08505,0,True,,,,,,,,,,,,,,,,,,,,,,
117123701_18,117123701,18,1874.66,423.765,24,9.40395,0,True,,,,,,,,,,,,,,,,,,,,,,
117123701_19,117123701,19,1880.35,516.189,24,11.455,0,True,,,,,,,,,,,,,,,,,,,,,,
117274480_0,117274480,0,1883.43,3351.8,4,7.15174,0,False,,,,,,,,,,,,,,,,,,,,,,
117274480_1,117274480,1,1872.22,2421.75,8,7.0382,0,True,,,,,,,,,,,,,,,,,,,,,,
117274480_2,117274480,2,1883.02,12735,8,37.0111,1,True,True,33.9928,392.639,-12.1508,flare_decay,False,True,True,True,True,True,0.759741,0.841466,,,True,True,True,True,True,True,
117274480_3,117274480,3,1873.31,11135.5,2,16.9163,1,False,True,17.1381,50.5282,-0.526231,flare_decay,True,True,True,True,True,True,0.997527,0.894073,,,True,False,True,True,,True,
117274480_4,117274480,4,1895.56,2837.24,24,16.8518,1,True,True,14.1706,57.0984,-10.2191,flare_decay,False,True,False,True,True,False,0.253358,0.47696,,,True,True,True,False,,True,
117274480_5,117274480,5,1888.25,1593.23,16,7.62557,0,True,,,,,,,,,,,,,,,,,,,,,,
117274480_6,117274480,6,1878.77,5728.21,16,27.4165,1,True,True,24.8952,133.049,2.59796,flare_decay,True,True,True,True,True,True,1.0038,1.03096,,,True,True,True,True,,True,
117274480_7,117274480,7,1873.41,30943.8,2,47.0076,1,False,True,48.0315,404.354,8.02805,flare_decay,True,True,True,True,True,True,0.892482,0.931567,,,True,False,True,True,,True,
117274480_8,117274480,8,1879.08,22613.7,1,26.4898,1,False,True,17.5425,-6.69038,144.344,flare_decay,False,True,True,True,True,True,1.25668,0.718492,,,False,False,True,True,,True,
117274480_9,117274480,9,1893.14,949.378,16,4.54394,0,True,,,,,,,,,,,,,,,,,,,,,,
117274480_10,117274480,10,1872.04,3023.15,24,17.956,1,True,True,16.5089,25.3184,-4.75252,step,True,True,True,True,True,True,0.469562,0.815566,,,True,True,True,True,,True,
117274480_11,117274480,11,1889.27,1188.86,24,7.06126,0,True,,,,,,,,,,,,,,,,,,,,,,
117274480_12,117274480,12,1874.56,7568.87,8,21.997,1,True,True,24.9427,39.7347,17.9751,flare_decay,True,True,True,True,True,True,0.714191,0.877678,,,True,True,True,True,,True,
117274480_13,117274480,13,1896.66,5149.8,8,14.9666,1,True,True,14.353,32.8158,4.00452,flare_decay,True,True,True,True,True,True,1.42713,1.27788,,,True,True,True,True,,True,
117274480_14,117274480,14,1892.1,7564.27,8,21.9837,1,True,True,19.9941,165.164,21.878,step,True,True,True,True,True,True,1.15337,0.917815,,,True,True,True,True,True,True,
117274480_15,117274480,15,1888.75,12171.1,8,35.3724,1,True,True,30.2348,60.8956,2.55247,flare_decay,True,True,True,True,True,True,1.58948,0.999079,,,True,True,True,True,,True,
117274480_16,117274480,16,1879.64,6772.14,24,40.2232,1,True,True,33.5443,310.813,46.1914,flare_decay,True,True,True,True,True,True,1.02054,0.939591,,,True,True,True,True,True,True,
117274480_17,117274480,17,1874.35,24872.5,2,37.7846,1,False,True,37.5977,174.487,-15.6755,flare_decay,False,True,True,True,True,True,1.86171,0.888718,,,True,False,True,True,,True,
117274480_18,117274480,18,1888.08,5483.95,8,15.9377,1,True,True,14.1927,81.4974,15.11,flare_decay,True,True,True,True,True,True,1.49216,0.973114,,,True,True,True,True,,True,
117274480_19,117274480,19,1896.5,691.924,24,4.10969,0,True,,,,,,,,,,,,,,,,,,,,,,
117295845_0,117295845,0,1894.31,8590.17,16,20.5978,1,True,True,19.431,184.932,7.4799,flare_decay,True,True,True,True,True,True,1.26597,0.876964,,,True,True,True,True,,True,
117295845_1,117295845,1,1883.68,3997.18,2,4.59615,0,False,,,,,,,,,,,,,,,,,,,,,,
117295845_2,117295845,2,1882.22,2588.77,4,3.84061,0,True,,,,,,,,,,,,,,,,,,,,,,
117295845_3,117295845,3,1891.62,1509.42,16,3.61933,0,True,,,,,,,,,,,,,,,,,,,,,,
117295845_4,117295845,4,1878.93,2083.14,4,3.09048,0,True,,,,,,,,,,,,,,,,,,,,,,
117295845_5,117295845,5,1888.39,50000,1,42.4148,1,False,True,31.2858,147.404,175.36,flare_decay,True,True,True,True,True,True,1.0832,0.538429,,,True,True,True,True,True,True,
117295845_6,117295845,6,1889.7,2351.97,16,5.63964,0,True,,,,,,,,,,,,,,,,,,,,,,
117295845_7,117295845,7,1873.27,4672.57,2,5.37275,0,False,,,,,,,,,,,,,,,,,,,,,,
117295845_8,117295845,8,1872.1,6882.91,4,10.2113,1,True,True,9.51054,33.1967,2.99865,flare_decay,True,True,True,True,True,True,1.14964,0.718303,0.527414,0,True,True,True,True,,True,False
117295845_9,117295845,9,1878.08,2443.65,16,5.85947,0,True,,,,,,,,,,,,,,,,,,,,,,
117295845_10,117295845,10,1877.04,2610.47,8,4.97356,0,True,,,,,,,,,,,,,,,,,,,,,,
117295845_11,117295845,11,1883.39,3584.04,8,6.82845,0,True,,,,,,,,,,,,,,,,,,,,,,
117295845_12,117295845,12,1880.2,11683.6,4,17.3334,1,True,True,16.7518,33.5099,4.10988,flare_decay,True,True,True,True,True,True,0.719591,0.885417,,,True,True,True,True,True,True,
117295845_13,117295845,13,1879.16,10312.2,2,11.8575,1,False,True,11.1358,7.59978,-2.49304,flare_decay,False,True,True,True,True,True,0.897828,0.706236,,,False,False,True,True,,True,
117295845_14,117295845,14,1874.47,2611.08,2,3.00235,0,False,,,,,,,,,,,,,,,,,,,,,,
117295845_15,117295845,15,1883.72,2791.92,2,3.21028,0,False,,,,,,,,,,,,,,,,,,,,,,
117295845_16,117295845,16,1887,3977.3,8,7.57771,0,True,,,,,,,,,,,,,,,,,,,,,,
117295845_17,117295845,17,1871.43,5431.04,4,8.0573,0,True,,,,,,,,,,,,,,,,,,,,,,
117295845_18,117295845,18,1870.95,3512.72,2,4.0391,0,False,,,,,,,,,,,,,,,,,,,,,,
117295845_19,117295845,19,1895.6,1797.11,8,3.42392,0,True,,,,,,,,,,,,,,,,,,,,,,
117417119_0,117417119,0,1874.58,1654.09,1,4.98602,0,False,,,,,,,,,,,,,,,,,,,,,,
117417119_1,117417119,1,1888.35,9398.49,2,36.4082,1,False,True,37.5606,228.41,-34.6216,flare_decay,False,True,True,True,True,True,0.958214,0.892975,,,True,False,True,True,,True,
117417119_2,117417119,2,1881.43,883.944,4,4.57177,0,True,,,,,,,,,,,,,,,,,,,,,,
117417119_3,117417119,3,1888.06,7510.65,1,22.6399,1,False,True,18.2065,3.24855,45.4906,flare_decay,False,True,True,True,True,True,0.737071,0.756278,,,False,False,True,True,,True,
117417119_4,117417119,4,1875.58,11306.3,1,34.0813,1,False,True,24.1896,-0.517019,238.141,flare_decay,False,True,True,True,True,True,0.621073,0.59844,,,False,True,True,True,,True,
117417119_5,117417119,5,1873.04,3683.85,24,35.5536,1,True,True,30.2448,685.201,30.9501,flare_decay,True,True,True,True,True,True,0.955222,0.845712,,,True,True,True,True,,True,
117417119_6,117417119,6,1879.91,2571.41,4,13.2994,1,True,True,14.6921,7.3978,-2.6532,flare_decay,False,False,True,True,True,True,0.935205,1.02028,,,False,True,True,True,,True,
117417119_7,117417119,7,1888,3122.46,2,12.0959,1,False,True,10.6286,15.5412,0.660254,flare_decay,True,True,True,True,True,True,0.658068,0.959832,,,True,False,True,True,,True,
117417119_8,117417119,8,1877.66,1001.02,24,9.66104,0,True,,,,,,,,,,,,,,,,,,,,,,
117417119_9,117417119,9,1887.85,11505.5,1,34.6817,1,False,True,19.4114,7.0012,222.397,flare_decay,False,True,True,True,True,True,0.803561,0.537255,,,False,True,True,True,,True,
117417119_10,117417119,10,1879.72,1737.8,24,16.7718,1,True,True,14.3372,127.173,8.22856,flare_decay,True,True,True,True,True,True,0.969825,0.69201,,,True,True,True,True,,True,
117417119_11,117417119,11,1893.6,4327.22,1,13.0438,0,False,,,,,,,,,,,,,,,,,,,,,,
117417119_12,117417119,12,1874.93,460.361,24,4.44303,0,True,,,,,,,,,,,,,,,,,,,,,,
117417119_13,117417119,13,1880.06,10533.7,4,54.4803,1,True,True,38.756,208.218,21.0805,flare_decay,True,True,True,True,True,True,0.580344,0.915147,,,True,False,True,True,,True,
117417119_14,117417119,14,1875.64,1993.16,24,19.2364,1,True,True,20.5624,134.232,24.6897,flare_decay,True,True,True,True,True,True,0.770022,0.959317,,,True,True,True,True,True,True,
117417119_15,117417119,15,1894.45,4364.4,8,28.8294,1,True,True,28.2305,112.083,11.5404,flare_decay,True,True,True,True,True,True,0.71876,1.03182,,,True,True,True,True,True,True,
117417119_16,117417119,16,1877.1,2398.79,24,23.1511,1,True,True,16.6991,227.028,9.18143,flare_decay,True,True,True,True,False,True,0.471944,0.654224,,,True,True,True,False,,True,
117417119_17,117417119,17,1880.41,3539.48,4,18.3062,1,True,True,19.2821,175.843,-11.7348,flare_decay,False,True,True,True,True,True,0.712992,0.885829,,,True,True,True,True,,True,
117417119_18,117417119,18,1895.95,455.062,16,3.54707,0,True,,,,,,,,,,,,,,,,,,,,,,
117417119_19,117417119,19,1889.1,3649.58,1,11.0012,1,False,True,7.47486,3.59742,24.7507,flare_decay,False,True,True,True,True,True,1.52201,0.962123,,,False,False,True,True,,True,
117506876_0,117506876,0,1883.56,806.492,8,4.05892,0,True,,,,,,,,,,,,,,,,,,,,,,
117506876_1,117506876,1,1879.47,5980.84,8,30.1004,1,True,True,29.9798,187.917,15.1647,flare_decay,True,True,True,True,True,True,0.799264,0.854401,,,True,True,True,True,True,True,
117506876_2,117506876,2,1889.25,1366.71,8,6.87839,0,True,,,,,,,,,,,,,,,,,,,,,,
117506876_3,117506876,3,1883.43,13926.2,1,24.9165,1,False,True,24.4449,218.851,9.78025,flare_decay,True,True,True,True,True,True,1.71367,0.640165,,,True,False,True,True,,True,
117506876_4,117506876,4,1887.12,1704.26,16,11.975,1,True,True,10.0905,-6.95935,-2.934,step,False,False,True,True,True,True,0.596807,1.48048,,,False,True,True,True,,True,
117506876_5,117506876,5,1887.91,8036.63,1,14.3789,1,False,True,10.953,9.80682,9.06688,flare_decay,False,True,True,True,True,True,1.4885,0.674692,,,False,False,True,True,,True,
117506876_6,117506876,6,1882.33,1117.98,4,4.0753,0,True,,,,,,,,,,,,,,,,,,,,,,
117506876_7,117506876,7,1882.58,1333.77,8,6.7126,0,True,,,,,,,,,,,,,,,,,,,,,,
117506876_8,117506876,8,1878.72,8184.4,4,29.834,1,True,True,29.2333,281.586,96.5459,flare_decay,True,True,True,True,True,True,0.931227,0.896989,,,True,True,True,True,True,True,
117506876_9,117506876,9,1895.08,13717.9,4,50.005,1,True,True,48.9954,366.616,-42.137,flare_decay,False,True,True,True,True,True,0.566796,0.920231,,,True,True,True,True,True,True,
117506876_10,117506876,10,1892,26067.5,1,46.6394,1,False,True,51.4279,713.449,-0.509125,flare_decay,True,True,True,True,True,True,1.06973,0.772765,,,True,False,True,True,,True,
117506876_11,117506876,11,1893.87,11414.7,2,30.2902,1,False,True,27.347,104.225,-20.1168,flare_decay,False,True,True,True,True,True,2.30987,0.883189,,,True,False,True,True,,True,
117506876_12,117506876,12,1887.93,3471.2,16,24.3903,1,True,True,19.3691,82.8168,21.2571,flare_decay,True,True,True,True,True,True,0.748522,1.01744,,,True,True,True,True,,True,
117506876_13,117506876,13,1881.45,1445.72,4,5.27,0,True,,,,,,,,,,,,,,,,,,,,,,
117506876_14,117506876,14,1893.06,2468.6,4,8.99862,1,True,True,8.67754,4.55849,-5.13338,flare_decay,False,True,True,True,True,True,0.627717,0.968913,,,False,True,True,True,,True,
117506876_15,117506876,15,1876.68,462.312,24,3.72608,0,True,,,,,,,,,,,,,,,,,,,,,,
117506876_16,117506876,16,1870.64,1962.76,2,5.20839,0,False,,,,,,,,,,,,,,,,,,,,,,
117506876_17,117506876,17,1896.62,665.549,24,5.3641,0,True,,,,,,,,,,,,,,,,,,,,,,
117506876_18,117506876,18,1875.64,2560.98,24,20.6406,1,True,True,18.4732,45.2747,1.90625,flare_decay,True,True,True,True,False,True,0.563452,1.14852,,,True,True,True,False,,True,
117506876_19,117506876,19,1879.31,648.301,8,3.26277,0,True,,,,,,,,,,,,,,,,,,,,,,
126239657_0,126239657,0,1892.6,154.539,24,3.3745,0,True,,,,,,,,,,,,,,,,,,,,,,
126239657_1,126239657,1,1895.14,1690.78,4,10.6983,1,False,True,11.1147,97.2253,35.7735,flare_decay,True,True,True,True,True,True,1.17254,1.31559,,,True,False,True,True,,True,
126239657_2,126239657,2,1877.97,652.247,1,3.01612,0,False,,,,,,,,,,,,,,,,,,,,,,
126239657_3,126239657,3,1888.58,158.004,16,3.02589,0,True,,,,,,,,,,,,,,,,,,,,,,
126239657_4,126239657,4,1879.25,1834.6,24,40.0601,1,True,True,39.7724,645.429,46.5066,flare_decay,True,True,True,True,True,True,0.409861,0.823755,,,True,True,True,True,,True,
126239657_5,126239657,5,1881.08,167.502,24,3.65756,0,True,,,,,,,,,,,,,,,,,,,,,,
126239657_6,126239657,6,1879.39,1734.39,4,10.9742,1,False,True,9.39455,72.5409,20.0733,flare_decay,True,True,True,True,True,True,1.16161,1.10696,,,True,False,True,True,,True,
126239657_7,126239657,7,1877.66,246.374,16,4.71824,0,True,,,,,,,,,,,,,,,,,,,,,,
126239657_8,126239657,8,1872.22,1122.7,1,5.19161,0,False,,,,,,,,,,,,,,,,,,,,,,
126239657_9,126239657,9,1888.1,1896.42,4,11.9994,1,False,True,11.7,93.9692,56.8568,flare_decay,True,True,True,True,True,True,0.392491,0.985218,,,True,False,True,True,,True,
126239657_10,126239657,10,1874.77,738.233,2,4.05732,0,False,,,,,,,,,,,,,,,,,,,,,,
126239657_11,126239657,11,1877.95,7349.05,1,33.9835,1,False,True,37.5234,570.522,-1.05106,flare_decay,True,True,True,True,True,True,0.495027,0.591586,,,True,False,True,True,,True,
126239657_12,126239657,12,1871.68,178.927,24,3.90703,0,True,,,,,,,,,,,,,,,,,,,,,,
126239657_13,126239657,13,1893.14,2017.87,8,20.3777,1,True,True,20.2142,255.903,27.7893,flare_decay,True,True,False,True,True,False,0.229541,0.605547,,,True,True,True,False,,True,
126239657_14,126239657,14,1894.12,546.636,24,11.9363,1,True,True,11.9513,60.9442,0.0700096,flare_decay,True,True,False,True,False,False,0.125739,0.39253,,,True,True,True,False,,True,
126239657_15,126239657,15,1878.52,763.075,24,16.6625,1,True,True,15.0369,100.449,40.9487,flare_decay,True,True,False,True,True,False,0.274229,0.581808,,,True,True,True,False,,True,
126239657_16,126239657,16,1894.04,1363.78,16,26.1174,1,True,True,24.1328,258.896,8.47612,flare_decay,True,True,False,True,False,False,0.114231,0.382461,,,True,True,True,False,,True,
126239657_17,126239657,17,1875.54,681.052,2,3.74305,0,False,,,,,,,,,,,,,,,,,,,,,,
126239657_18,126239657,18,1872.14,401.51,8,4.05472,0,True,,,,,,,,,,,,,,,,,,,,,,
126239657_19,126239657,19,1876.31,1223.09,4,7.73904,1,False,True,9.47674,54.6268,-5.2188,flare_decay,True,True,True,True,True,True,0.575672,0.98687,,,True,False,True,True,,True,
126276724_0,126276724,0,1893.6,1956.64,24,13.7734,1,True,True,13.5294,18.8248,-8.90545,flare_decay,False,True,True,True,True,True,0.504854,0.826598,,,True,True,True,True,,True,
126276724_1,126276724,1,1871.52,631.735,16,3.30565,0,True,,,,,,,,,,,,,,,,,,,,,,
126276724_2,126276724,2,1891.72,20300,2,34.0218,1,False,True,31.5895,164.618,37.1045,flare_decay,True,True,True,True,True,True,0.894563,0.924904,,,True,False,True,True,,True,
126276724_3,126276724,3,1890.93,1496.01,24,10.5308,1,True,True,10.861,5.27269,-8.05143,flare_decay,False,True,True,True,True,True,0.533232,0.682513,,,False,True,True,True,,True,
126276724_4,126276724,4,1874.29,2320.93,2,3.88978,0,False,,,,,,,,,,,,,,,,,,,,,,
126276724_5,126276724,5,1892.27,5211.01,24,36.6818,1,True,True,28.8814,136.992,10.7469,flare_decay,True,True,True,True,True,True,0.938337,0.943396,,,True,True,True,True,,True,
126276724_6,126276724,6,1880.91,14716.2,4,36.4076,1,True,True,34.6623,142.215,72.9486,flare_decay,True,True,True,True,True,True,1.26758,0.995121,,,True,True,True,True,True,True,
126276724_7,126276724,7,1877.16,18493,4,45.7514,1,True,True,43.9369,334.15,118.687,flare_decay,True,True,True,True,True,True,1.31994,0.950132,,,True,True,True,True,,True,
126276724_8,126276724,8,1897.35,6222.27,4,15.3938,1,True,True,17.7984,96.9171,-16.9059,flare_decay,False,True,True,True,True,True,0.734743,0.740257,,,True,True,True,True,True,True,
126276724_9,126276724,9,1891.02,3227.38,1,3.66147,0,False,,,,,,,,,,,,,,,,,,,,,,
126276724_10,126276724,10,1893.27,4176.51,16,21.8542,1,True,True,19.0484,41.9136,6.15356,flare_decay,True,True,True,True,True,True,0.700158,1.0722,,,True,True,True,True,,True,
126276724_11,126276724,11,1893.31,15360.8,1,17.4268,1,False,True,13.4277,5.90311,25.3392,flare_decay,False,True,True,True,True,True,1.41611,0.74302,,,False,False,True,True,,True,
126276724_12,126276724,12,1897.14,10845.2,4,26.8308,1,True,True,28.1033,112.498,57.781,flare_decay,True,True,True,True,True,True,0.784093,1.07761,,,True,True,True,True,,True,
126276724_13,126276724,13,1875.54,11120,2,18.6367,1,False,True,16.9658,33.6853,6.57467,flare_decay,True,True,True,True,True,True,1.11102,0.94621,,,True,False,True,True,,True,
126276724_14,126276724,14,1878.66,13590.6,2,22.7772,1,False,True,20.2023,67.0786,0.636698,flare_decay,True,True,True,True,True,True,1.50196,0.920969,,,True,False,True,True,,True,
126276724_15,126276724,15,1895.2,2818.85,4,6.9738,0,True,,,,,,,,,,,,,,,,,,,,,,
126276724_16,126276724,16,1873.64,9080.77,1,10.3021,0,False,,,,,,,,,,,,,,,,,,,,,,
126276724_17,126276724,17,1873.27,25883.7,1,29.3651,1,False,True,29.8118,123.59,9.01769,flare_decay,True,True,True,True,True,True,1.62468,0.608685,,,True,False,True,True,,True,
126276724_18,126276724,18,1876.02,32018,2,53.6607,1,False,True,52.3629,260.856,103.256,flare_decay,True,True,True,True,True,True,0.724304,0.946518,,,True,False,True,True,,True,
126276724_19,126276724,19,1871.77,2730.31,24,19.2194,1,True,True,15.5292,24.309,4.41099,flare_decay,True,True,True,True,False,True,0.966496,1.9507,,,True,True,True,False,,True,
137801529_0,137801529,0,1872.31,2482.66,8,51.1537,1,True,True,47.523,757.912,53.1904,flare_decay,True,True,True,True,True,True,0.556055,0.941076,,,True,True,True,True,,True,
137801529_1,137801529,1,1892.72,1574.42,8,32.4399,1,True,True,33.0523,188.485,10.3218,flare_decay,True,False,True,True,True,True,0.358197,0.877093,,,True,True,True,True,,True,
137801529_2,137801529,2,1877.12,1248.23,4,18.6416,1,False,True,17.1095,39.0066,-2.88525,flare_decay,True,True,True,True,True,True,0.408164,0.935914,,,True,False,True,True,,True,
137801529_3,137801529,3,1892.01,1239.34,1,10.2539,0,False,,,,,,,,,,,,,,,,,,,,,,
137801529_4,137801529,4,1889.93,716.966,8,14.7727,1,True,True,10.8635,22.0975,0.472415,flare_decay,True,True,False,True,True,False,0.147649,0.51549,,,True,True,True,False,,True,
137801529_5,137801529,5,1886.2,950.044,8,19.5751,1,True,True,17.6876,88.8952,21.078,flare_decay,True,False,True,True,True,True,0.419198,1.07118,,,True,True,True,True,,True,
137801529_6,137801529,6,1890.74,456.383,24,16.4927,1,True,True,12.157,47.0101,-2.67735,flare_decay,True,True,True,True,True,True,1.01855,2.00371,,,True,True,True,True,,True,
137801529_7,137801529,7,1890.54,657.594,16,19.7829,1,True,True,18.2289,68.209,-1.78273,flare_decay,True,True,True,True,True,True,0.384807,1.06705,,,True,True,True,True,,True,
137801529_8,137801529,8,1885.56,1610.91,4,24.0581,1,False,True,24.5592,82.0143,-13.6678,flare_decay,False,True,True,True,True,True,0.390531,0.869245,,,True,False,True,True,,True,
137801529_9,137801529,9,1874.04,626.557,24,22.6424,1,True,True,17.9925,150.646,9.63472,step,True,True,True,True,False,True,0.62764,0.575413,,,True,True,True,False,,True,
137801529_10,137801529,10,1875.49,383.988,8,7.91185,1,True,True,8.64862,18.8055,1.62713,flare_decay,True,True,False,True,False,False,-0.0862134,-0.109698,,,True,True,True,False,,True,
137801529_11,137801529,11,1880.93,207.182,4,3.09415,0,False,,,,,,,,,,,,,,,,,,,,,,
137801529_12,137801529,12,1895.68,897.699,4,13.4066,1,False,True,13.842,33.5519,14.7737,flare_decay,True,True,False,True,True,False,0.177423,0.837826,,,True,False,True,False,,True,
137801529_13,137801529,13,1871.22,1992.87,1,16.4884,1,False,True,16.6234,38.9714,10.2722,flare_decay,True,False,True,True,True,True,0.322417,0.842417,,,True,True,True,True,True,True,
137801529_14,137801529,14,1894.72,2928.56,2,32.2307,1,False,True,32.0284,295.472,27.4566,flare_decay,True,True,True,True,True,True,0.321245,0.787109,,,True,False,True,True,,True,
137801529_15,137801529,15,1882.04,754.479,24,27.2653,1,True,True,25.8666,238.042,28.1394,flare_decay,True,True,True,True,True,True,1.64222,1.95258,,,True,True,True,True,True,True,
137801529_16,137801529,16,1888.2,168.817,8,3.47838,0,True,,,,,,,,,,,,,,,,,,,,,,
137801529_17,137801529,17,1880.35,524.006,16,15.7641,1,True,True,17.6039,63.067,4.76056,step,True,True,True,True,True,True,0.565527,1.02224,,,True,True,True,True,True,True,
137801529_18,137801529,18,1880.79,1705.77,8,35.1463,1,True,True,33.5045,189.347,-4.97885,flare_decay,True,True,True,True,True,True,0.598235,0.868086,,,True,True,True,True,,True,
137801529_19,137801529,19,1887.66,3760.87,1,31.1161,1,False,True,19.4644,23.432,190.4,flare_decay,True,False,False,True,True,False,0.266632,0.463587,,,True,True,False,False,,True,
138577481_0,138577481,0,1877.76,6198.72,1,8.28057,0,False,,,,,,,,,,,,,,,,,,,,,,
138577481_1,138577481,1,1879.16,2926.22,4,6.88911,1,False,True,8.47169,2.95529,-4.30014,flare_decay,False,True,True,True,True,True,0.83933,0.836616,,,False,False,True,True,,True,
138577481_2,138577481,2,1889.99,13155.8,24,44.2592,1,True,True,38.6813,496.081,40.1696,flare_decay,True,True,True,True,True,True,1.29885,0.890066,,,True,True,True,True,,True,
138577481_3,138577481,3,1872.99,4792.17,24,16.122,1,True,True,13.7674,56.084,0.652931,flare_decay,True,True,True,True,True,True,1.29781,0.884683,,,True,True,True,True,,True,
138577481_4,138577481,4,1875.49,10105.1,8,26.1349,1,True,True,26.9103,140.083,23.7519,flare_decay,True,True,True,True,True,True,0.856485,0.804357,,,True,True,True,True,True,True,
138577481_5,138577481,5,1882.51,5259.87,1,7.02641,0,False,,,,,,,,,,,,,,,,,,,,,,
138577481_6,138577481,6,1890.28,1268.44,24,4.26733,0,True,,,,,,,,,,,,,,,,,,,,,,
138577481_7,138577481,7,1880.08,3473.9,8,8.98456,1,True,True,10.2644,8.02425,-3.58836,flare_decay,False,True,True,True,True,True,0.887331,0.988473,,,False,True,True,True,,True,
138577481_8,138577481,8,1877.51,23921.9,1,31.9561,1,False,True,40.3855,103.382,-2.0274,flare_decay,True,True,True,True,True,True,1.01958,0.56177,,,True,True,True,True,,True,
138577481_9,138577481,9,1882.43,11115,8,28.7468,1,True,True,30.0365,117.263,13.7234,flare_decay,True,True,True,True,True,True,1.08456,0.934164,,,True,True,True,True,True,True,
138577481_10,138577481,10,1880.41,43591.2,1,58.2314,1,False,True,37.4791,46.7087,648.945,flare_decay,True,True,True,True,True,True,0.990121,0.425287,1,0,True,True,True,True,True,True,False
138577481_11,138577481,11,1873.87,12645.4,4,29.7706,1,False,True,35.7435,58.7637,-12.5618,flare_decay,False,True,True,True,True,True,0.756814,0.893917,,,True,False,True,True,,True,
138577481_12,138577481,12,1878.16,1831.84,2,4.15314,0,False,,,,,,,,,,,,,,,,,,,,,,
138577481_13,138577481,13,1892.81,2734.82,8,7.07309,1,True,True,7.55887,1.23997,4.10939,step,False,True,True,True,True,True,0.81736,0.760589,,,False,True,True,True,,True,
138577481_14,138577481,14,1889.06,19944.7,2,45.2185,1,False,True,50.5314,64.5837,14.8063,flare_decay,True,True,True,True,True,True,0.570872,0.794613,,,True,False,True,True,,True,
138577481_15,138577481,15,1876.51,5412.27,24,18.2082,1,True,True,16.0465,-3.09458,-1.06306,step,False,False,False,True,True,False,0.128597,0.299669,,,False,True,False,False,,True,
138577481_16,138577481,16,1891.08,1990.08,2,4.51191,0,False,,,,,,,,,,,,,,,,,,,,,,
138577481_17,138577481,17,1871.76,8214.18,16,23.6728,1,True,True,24.5297,177.124,6.54623,flare_decay,True,True,True,True,True,True,1.63686,0.871492,,,True,True,True,True,,True,
138577481_18,138577481,18,1891.76,6169.08,4,14.5236,1,False,True,16.9236,23.4652,4.57369,flare_decay,True,True,True,True,True,True,1.07097,0.895128,,,True,False,True,True,,True,
138577481_19,138577481,19,1882.99,2776.61,2,6.29512,1,False,True,7.79885,-1.74,-3.62486,flare_decay,False,False,False,True,True,False,0.629546,0.396311,,,False,True,False,False,,True,
142276475_0,142276475,0,1882.47,13519.1,2,28.6494,1,False,True,26.5421,98.73,-2.15259,flare_decay,True,True,True,True,True,True,0.874701,0.738419,,,True,False,True,True,,True,
142276475_1,142276475,1,1888.45,7561.32,16,41.616,1,True,True,38.7164,432.728,35.5692,flare_decay,True,True,True,True,True,True,0.952376,0.752987,,,True,True,True,True,,True,
142276475_2,142276475,2,1888.12,2214.14,4,6.57652,0,True,,,,,,,,,,,,,,,,,,,,,,
142276475_3,142276475,3,1872.51,6873.72,16,37.8316,1,True,True,34.545,382.308,28.9795,flare_decay,True,True,True,True,True,True,0.99677,0.697115,,,True,True,True,True,,True,
142276475_4,142276475,4,1891.7,4594.51,24,30.8695,1,True,True,30.4248,179.675,16.9754,flare_decay,True,True,True,True,True,True,0.988831,0.797297,,,True,True,True,True,True,True,
142276475_5,142276475,5,1878.45,3441.63,8,14.2327,1,True,True,12.7903,32.1552,0.53111,flare_decay,True,True,True,True,True,True,1.23925,0.731536,,,True,True,True,True,,True,
142276475_6,142276475,6,1896.64,25827.9,2,54.734,1,False,True,50.7187,247.825,-9.56099,flare_decay,False,True,True,True,True,True,1.11368,0.774105,,,True,False,True,True,,True,
142276475_7,142276475,7,1888.28,6731.31,24,45.2263,1,True,True,39.7276,484.026,30.0033,flare_decay,True,True,True,True,True,True,1.0073,0.738711,,,True,True,True,True,,True,
142276475_8,142276475,8,1895.08,13642.2,4,40.5206,1,True,True,43.2228,216.656,-13.5985,flare_decay,False,True,True,True,True,True,1.16794,0.733667,,,True,True,True,True,,True,
142276475_9,142276475,9,1870.99,2429.72,2,5.14902,0,False,,,,,,,,,,,,,,,,,,,,,,
142276475_10,142276475,10,1883.41,8116.47,2,17.2003,1,False,True,15.9717,61.5356,-3.89553,flare_decay,True,True,True,True,True,True,0.946613,0.764499,,,True,False,True,True,,True,
142276475_11,142276475,11,1889.01,1817.91,16,10.0054,1,True,True,9.68906,3.75819,-6.72049,flare_decay,False,True,False,True,False,False,0.263411,0.203667,,,False,True,True,False,,True,
142276475_12,142276475,12,1895.62,457.552,24,3.07419,0,True,,,,,,,,,,,,,,,,,,,,,,
142276475_13,142276475,13,1876.64,6914.77,8,28.5957,1,True,True,25.687,125.165,7.50927,flare_decay,True,True,True,True,True,True,1.03272,0.851416,,,True,True,True,True,,True,
142276475_14,142276475,14,1875.28,3770.36,8,15.5922,1,True,True,14.9311,30.709,0.979197,flare_decay,True,True,True,True,True,True,0.728605,0.714365,,,True,True,True,True,,True,
142276475_15,142276475,15,1892.78,27870.3,1,42.2188,1,False,True,46.4292,331.776,-2.92858,flare_decay,True,True,True,True,True,True,0.849023,0.552062,,,True,False,True,True,,True,
142276475_16,142276475,16,1887.1,1576.97,2,3.34189,0,False,,,,,,,,,,,,,,,,,,,,,,
142276475_17,142276475,17,1876.6,24509.8,2,51.9407,1,False,True,48.9494,384.488,106.454,flare_decay,True,False,False,True,True,True,2.18052,0.797498,,,True,False,False,True,,True,
142276475_18,142276475,18,1896.85,2702.24,2,5.72654,0,False,,,,,,,,,,,,,,,,,,,,,,
142276475_19,142276475,19,1888.35,1117.57,24,7.50868,0,True,,,,,,,,,,,,,,,,,,,,,,
142276524_0,142276524,0,1888.74,1127.55,1,3.27533,0,False,,,,,,,,,,,,,,,,,,,,,,
142276524_1,142276524,1,1892.41,2172.3,24,29.2326,1,True,True,28.1826,158.773,12.5933,flare_decay,True,True,True,True,True,True,0.366469,0.625535,,,True,True,True,True,,True,
142276524_2,142276524,2,1879.95,6600.61,8,54.3186,1,True,True,56.0681,630.197,52.2325,flare_decay,True,True,True,True,True,True,0.597835,0.930612,,,True,True,True,True,,True,
142276524_3,142276524,3,1885.97,1634.41,16,18.325,1,True,True,15.7007,16.3151,-3.19356,flare_decay,True,True,True,True,True,True,0.438939,0.596825,,,True,True,True,True,True,True,
142276524_4,142276524,4,1876.39,1780.23,4,10.3852,1,False,True,10.2932,10.4097,4.49907,flare_decay,True,True,True,True,True,True,0.65833,1.15627,,,True,False,True,True,,True,
142276524_5,142276524,5,1873.83,5378.2,8,44.259,1,True,True,42.4231,205.263,1.30678,flare_decay,True,True,True,True,True,True,0.702807,0.872409,,,True,True,True,True,,True,
142276524_6,142276524,6,1872.2,1618.36,8,13.318,1,True,True,14.8636,33.5431,-6.13857,flare_decay,False,True,True,True,True,True,0.768416,0.998845,0.000188039,0,True,True,True,True,,True,True
142276524_7,142276524,7,1890.08,2360.44,4,13.77,1,False,True,12.1158,2.45717,-4.89557,flare_decay,False,True,False,True,True,False,0.207198,0.697193,,,False,False,True,False,,True,
142276524_8,142276524,8,1896.89,4028.29,16,45.1651,1,True,True,42.6989,324.505,13.886,flare_decay,True,True,True,True,True,True,0.868292,1.37034,,,True,True,True,True,,True,
142276524_9,142276524,9,1880.28,20602.3,1,59.8459,1,False,True,64.5666,659.993,-0.361281,flare_decay,True,True,True,True,True,True,0.96822,0.569907,,,True,True,True,True,,True,
142276524_10,142276524,10,1890.03,428.413,8,3.52555,0,True,,,,,,,,,,,,,,,,,,,,,,
142276524_11,142276524,11,1897.2,547.36,24,7.36582,0,True,,,,,,,,,,,,,,,,,,,,,,
142276524_12,142276524,12,1896.08,13751.7,1,39.9463,1,False,True,43.934,166.589,-2.45866,flare_decay,True,True,True,True,True,True,0.466361,0.680067,,,True,False,True,True,,True,
142276524_13,142276524,13,1875.91,9202.22,1,26.7308,1,False,True,18.8955,-5.04227,175.516,flare_decay,False,True,True,True,True,True,1.10583,0.58049,,,False,False,True,True,,True,
142276524_14,142276524,14,1892.45,477.058,8,3.92587,0,True,,,,,,,,,,,,,,,,,,,,,,
142276524_15,142276524,15,1895.7,1500.59,16,16.8246,1,True,True,15.8735,42.3635,0.926106,flare_decay,True,True,True,True,True,True,0.428234,0.775001,,,True,True,True,True,True,True,
142276524_16,142276524,16,1896.22,6305.18,4,36.7822,1,False,True,35.9092,181.478,97.1967,flare_decay,True,True,True,True,True,True,0.867046,0.882662,,,True,False,True,True,,True,
142276524_17,142276524,17,1890.72,3026.39,8,24.9051,1,True,True,26.5808,143.059,16.7004,flare_decay,True,True,False,True,True,False,0.26405,0.67765,,,True,True,True,False,,True,
142276524_18,142276524,18,1883.47,1233,2,5.0619,0,False,,,,,,,,,,,,,,,,,,,,,,
142276524_19,142276524,19,1886.41,879.585,24,11.8366,1,True,True,10.9998,24.4099,-1.6535,flare_decay,True,True,False,True,True,False,-0.0459919,-0.126758,,,True,True,True,False,,True,
126317854_0,126317854,0,1875.54,804.693,16,4.05148,0,True,,,,,,,,,,,,,,,,,,,,,,
126317854_1,126317854,1,1894.22,1289.87,24,8.42517,0,True,,,,,,,,,,,,,,,,,,,,,,
126317854_2,126317854,2,1892.97,4551.94,16,22.9181,1,True,True,21.2809,64.0821,-0.0684907,flare_decay,True,False,True,True,True,True,0.579764,0.828257,,,True,True,True,True,,True,
126317854_3,126317854,3,1896.52,3136.95,2,4.55185,0,False,,,,,,,,,,,,,,,,,,,,,,
126317854_4,126317854,4,1893.02,7250.21,1,7.20178,0,False,,,,,,,,,,,,,,,,,,,,,,
126317854_5,126317854,5,1871.81,3075.79,4,6.09884,0,True,,,,,,,,,,,,,,,,,,,,,,
126317854_6,126317854,6,1870.52,6094.73,16,30.6858,0,True,,,,,,,,,,,,,,,,,,,,,,
126317854_7,126317854,7,1871.47,929.024,16,4.67746,0,True,,,,,,,,,,,,,,,,,,,,,,
126317854_8,126317854,8,1874.37,22433.3,1,22.2834,1,False,True,12.7607,12.8642,93.989,flare_decay,True,True,True,True,True,True,1.09946,0.666605,,,True,False,True,True,,True,
126317854_9,126317854,9,1871.6,16269.4,4,32.2598,1,True,True,30.1411,283.505,-50.627,flare_decay,False,True,True,True,True,True,0.804491,0.908613,,,True,True,True,True,True,True,
126317854_10,126317854,10,1890.64,9457.38,4,18.7526,1,True,True,19.5163,66.9418,20.0771,flare_decay,True,True,True,True,True,True,0.909634,0.834236,,,True,True,True,True,,True,
126317854_11,126317854,11,1893.75,10217,16,51.4405,1,True,True,47.5777,229.304,-0.718348,flare_decay,True,True,True,True,True,True,0.624388,0.88527,,,True,True,True,True,,True,
126317854_12,126317854,12,1871.37,4023.2,2,5.83784,0,False,,,,,,,,,,,,,,,,,,,,,,
126317854_13,126317854,13,1880.93,1436.37,8,4.49307,0,True,,,,,,,,,,,,,,,,,,,,,,
126317854_14,126317854,14,1883.6,2037.47,24,13.3084,0,True,,,,,,,,,,,,,,,,,,,,,,
126317854_15,126317854,15,1890.12,23754,1,23.5953,1,False,True,13.8617,10.8742,175.472,flare_decay,True,True,True,True,True,True,1.60113,0.502332,,,True,True,True,True,,True,
126317854_16,126317854,16,1887.62,7778.55,16,39.1635,1,True,True,39.8235,128.533,16.734,flare_decay,True,True,True,True,True,True,0.800287,1.09274,,,True,True,True,True,,True,
126317854_17,126317854,17,1882.37,11705.8,2,16.9857,1,False,True,14.6481,26.369,-6.00055,flare_decay,False,True,True,True,True,True,0.604852,0.941079,,,True,False,True,True,,True,
126317854_18,126317854,18,1894.37,11469.8,1,11.3932,0,False,,,,,,,,,,,,,,,,,,,,,,
126317854_19,126317854,19,1892.75,2339.49,24,15.2811,1,True,True,14.0702,29.8838,-6.71864,step,False,True,True,True,True,True,0.415241,0.622937,,,True,True,True,True,,True,
126323774_0,126323774,0,1883.6,48015.2,2,30.7784,1,False,True,32.6454,852.033,-143.089,flare_decay,False,True,True,True,True,True,3.3422,0.896003,,,True,False,True,True,,True,
126323774_1,126323774,1,1872.5,43580.5,8,31.733,1,True,True,31.5989,2068.19,143.665,flare_decay,True,True,True,True,True,True,4.33814,0.914293,,,True,True,True,True,True,True,
126323774_2,126323774,2,1879.02,28024.6,4,20.1187,1,True,True,20.7896,667.171,-34.4813,flare_decay,False,True,True,True,True,True,2.9309,0.919045,,,True,True,True,True,,True,
126323774_3,126323774,3,1871.54,11107.1,8,8.0876,1,True,True,11.3317,59.1561,20.868,step,True,False,True,True,True,True,2.74622,0.821326,0.967763,0.967762,True,True,True,True,True,True,False
126323774_4,126323774,4,1896.02,10154.6,4,7.28997,1,True,True,8.82498,40.1072,-7.06482,flare_decay,False,True,True,True,True,True,3.01716,0.944574,0.0429942,0.00980008,True,True,True,True,,True,True
126323774_5,126323774,5,1879.18,8351.43,8,6.08105,0,True,,,,,,,,,,,,,,,,,,,,,,
126323774_6,126323774,6,1883.12,11718.1,16,9.6173,1,True,True,10.9597,-11.7258,6.46416,flare_decay,False,True,False,True,True,True,0.914711,0.798536,,,False,True,True,True,,True,
126323774_7,126323774,7,1882.81,9922.49,24,9.36191,1,True,True,9.51644,28.7448,233.59,ramp,True,True,False,True,True,True,4.29592,0.925267,4.00791e-13,3.94965e-13,True,True,True,True,True,True,True
126323774_8,126323774,8,1871.08,40453.4,2,25.9312,0,False,,,,,,,,,,,,,,,,,,,,,,
126323774_9,126323774,9,1889.2,8940.74,16,7.33788,0,True,,,,,,,,,,,,,,,,,,,,,,
126323774_10,126323774,10,1883.16,18428.3,24,17.3872,1,True,True,16.26,-65.2554,63.0857,flare_decay,False,True,False,True,True,True,1.16094,0.849483,,,False,True,True,True,,True,
126323774_11,126323774,11,1878.39,18190.3,8,13.2452,1,True,True,39.1634,-222.376,358.692,flare_decay,False,False,False,True,True,False,-0.491111,-0.127829,,,False,True,False,False,,True,
126323774_12,126323774,12,1880.14,21507,4,15.4398,1,True,True,15.5918,422.387,244.195,flare_decay,True,True,True,True,True,True,3.83876,0.898794,,,True,True,True,True,,True,
126323774_13,126323774,13,1875.56,20010.6,4,14.3655,1,True,True,12.1318,265.064,177.917,flare_decay,True,True,True,True,True,True,3.27862,0.940515,,,True,True,True,True,,True,
126323774_14,126323774,14,1877.85,28432.9,1,16.4805,1,False,True,12.0996,16.8735,205.548,flare_decay,True,True,True,True,True,True,2.53367,0.557096,,,True,False,True,True,,True,
126323774_15,126323774,15,1886.95,46489.4,2,29.8004,0,False,,,,,,,,,,,,,,,,,,,,,,
126323774_16,126323774,16,1894.41,9903.64,2,6.34838,0,False,,,,,,,,,,,,,,,,,,,,,,
126323774_17,126323774,17,1892.45,50000,2,32.0507,1,False,True,34.2985,785.84,172.083,flare_decay,True,False,False,True,True,True,1.59608,0.89991,,,True,False,False,True,,True,
126323774_18,126323774,18,1877.79,50000,4,35.8948,1,True,True,40.3344,1852.05,-181.4,flare_decay,False,True,True,True,True,True,2.13882,0.90979,,,True,True,True,True,True,True,
126323774_19,126323774,19,1888.02,9154.96,2,5.86846,0,False,,,,,,,,,,,,,,,,,,,,,,
137675195_0,137675195,0,1883.37,851.997,24,5.30846,0,True,,,,,,,,,,,,,,,,,,,,,,
137675195_1,137675195,1,1894.18,8289.59,8,26.9005,1,True,True,28.5006,82.1997,-0.704168,flare_decay,True,True,True,True,True,True,0.650068,0.842074,0.0139694,0,True,True,True,True,,True,True
137675195_2,137675195,2,1881.12,10394,8,33.7296,1,True,True,31.3918,238.539,-3.1085,flare_decay,True,True,True,True,True,True,0.577811,0.886698,,,True,True,True,True,,True,
137675195_3,137675195,3,1897.37,1982.88,4,4.27558,0,True,,,,,,,,,,,,,,,,,,,,,,
137675195_4,137675195,4,1878.6,4087.12,2,6.29616,0,False,,,,,,,,,,,,,,,,,,,,,,
137675195_5,137675195,5,1876.91,11571.7,8,37.5512,1,True,True,34.3991,443.041,11.3211,flare_decay,True,True,True,True,True,True,1.23004,0.835376,,,True,True,True,True,,True,
137675195_6,137675195,6,1873.24,6518.2,8,21.1522,1,True,True,18.5887,37.8816,-6.00424,flare_decay,False,True,True,True,True,True,1.06859,0.916029,,,True,True,True,True,,True,
137675195_7,137675195,7,1878.41,15683.6,8,50.8949,1,True,True,46.7902,556.582,72.2594,flare_decay,True,True,True,True,True,True,0.972297,0.910015,1,0,True,True,True,True,,True,False
137675195_8,137675195,8,1881.02,1579.8,4,3.40644,0,True,,,,,,,,,,,,,,,,,,,,,,
137675195_9,137675195,9,1879.74,5571.48,8,18.08,1,True,True,18.2225,67.5954,0.768595,flare_decay,True,True,True,True,True,True,0.632474,0.889001,,,True,True,True,True,True,True,
137675195_10,137675195,10,1875.45,897.391,24,5.59129,0,True,,,,,,,,,,,,,,,,,,,,,,
137675195_11,137675195,11,1878.14,7457.56,8,24.2005,1,True,True,22.1333,86.9682,-4.76837,flare_decay,True,True,True,True,True,True,0.874089,0.86449,,,True,True,True,True,,True,
137675195_12,137675195,12,1885.79,3711.07,16,17.3335,1,True,True,13.6781,-8.9556,-5.29204,step,False,False,True,True,True,True,1.11221,1.16599,,,False,True,True,True,,True,
137675195_13,137675195,13,1871.81,4757.15,2,7.32833,1,False,True,7.15687,9.25203,-0.951647,flare_decay,False,True,True,True,True,True,1.21828,0.90983,,,False,False,True,True,,True,
137675195_14,137675195,14,1882.56,4201.9,16,19.6261,1,True,True,21.293,82.9512,0.644899,flare_decay,True,True,True,True,True,True,1.34973,1.20631,,,True,True,True,True,,True,
137675195_15,137675195,15,1871.22,14229,4,30.6813,1,False,True,27.4609,63.4463,40.3781,flare_decay,True,False,True,True,True,True,0.761307,0.996434,,,True,False,True,True,,True,
137675195_16,137675195,16,1888.29,5786.89,2,8.91462,1,False,True,8.26612,-1.31323,-2.25417,flare_decay,False,True,True,True,True,True,0.7201,0.943225,,,False,False,True,True,,True,
137675195_17,137675195,17,1887.72,2638.82,1,3.13274,0,False,,,,,,,,,,,,,,,,,,,,,,
137675195_18,137675195,18,1897.08,18832.9,4,40.6084,1,False,True,39.9875,223.177,-11.3785,flare_decay,False,True,True,True,True,True,0.798695,0.923973,,,True,False,True,True,,True,
137675195_19,137675195,19,1894.85,18230.9,1,21.6433,1,False,True,16.5714,15.3547,35.2649,flare_decay,True,True,True,True,True,True,0.772954,0.625123,,,True,False,True,True,,True,
137711367_0,137711367,0,1873.93,5151.71,2,10.9921,1,False,True,10.917,17.8545,-6.28479,flare_decay,False,True,True,True,True,True,1.55572,0.877503,,,True,False,True,True,,True,
137711367_1,137711367,1,1875.18,733.341,8,3.20633,0,True,,,,,,,,,,,,,,,,,,,,,,
137711367_2,137711367,2,1876.12,1599.78,8,6.99462,0,True,,,,,,,,,,,,,,,,,,,,,,
137711367_3,137711367,3,1878.39,7734.08,16,50.7171,1,True,True,47.6374,304.07,15.4778,flare_decay,True,True,True,True,True,True,0.819896,0.937035,,,True,True,True,True,True,True,
137711367_4,137711367,4,1879.74,4540.35,24,34.5325,1,True,True,34.7548,276.034,25.6491,flare_decay,True,True,True,True,True,True,0.993665,0.897027,,,True,True,True,True,,True,
137711367_5,137711367,5,1875.16,10717.3,2,22.8674,1,False,True,23.0796,157.533,1.28997,flare_decay,True,True,True,True,True,True,2.12655,0.88398,,,True,False,True,True,,True,
137711367_6,137711367,6,1876.89,747.646,24,5.68636,0,True,,,,,,,,,,,,,,,,,,,,,,
137711367_7,137711367,7,1896.87,831.81,24,6.32649,0,True,,,,,,,,,,,,,,,,,,,,,,
137711367_8,137711367,8,1874.95,12983.7,2,27.7031,1,False,True,27.3692,203.467,15.048,flare_decay,True,True,True,True,True,True,1.22392,0.903096,,,True,False,True,True,,True,
137711367_9,137711367,9,1880.74,2401.22,4,7.12264,0,False,,,,,,,,,,,,,,,,,,,,,,
137711367_10,137711367,10,1894.95,761.655,24,5.79291,0,True,,,,,,,,,,,,,,,,,,,,,,
137711367_11,137711367,11,1875.06,5909.54,8,25.8379,1,True,True,25.6601,91.8865,3.58224,flare_decay,True,True,True,True,True,True,0.927611,0.887615,,,True,True,True,True,True,True,
137711367_12,137711367,12,1881.58,1317.34,8,5.75969,0,True,,,,,,,,,,,,,,,,,,,,,,
137711367_13,137711367,13,1894.81,877.001,16,5.75103,0,True,,,,,,,,,,,,,,,,,,,,,,
137711367_14,137711367,14,1887.37,1300.34,8,5.68536,1,True,True,8.03208,-3.67674,-0.281366,flare_decay,False,True,True,True,True,True,0.936249,1.31803,,,False,True,True,True,,True,
137711367_15,137711367,15,1874.58,17865,1,26.5811,1,False,True,22.2671,21.1528,75.1111,flare_decay,True,True,True,True,True,True,0.769297,0.404318,,,True,True,True,True,,True,
137711367_16,137711367,16,1878.6,4756.6,8,20.7969,1,True,True,18.7918,64.2235,1.54624,flare_decay,True,True,True,True,True,True,1.24874,1.04931,,,True,True,True,True,True,True,
137711367_17,137711367,17,1880.31,4265.11,8,18.648,1,True,True,18.0821,102.106,-1.12871,flare_decay,True,True,True,True,True,True,0.89772,0.870227,,,True,True,True,True,,True,
137711367_18,137711367,18,1888.6,1997.26,2,4.26154,0,False,,,,,,,,,,,,,,,,,,,,,,
137711367_19,137711367,19,1880.39,2335.92,8,10.2132,1,True,True,8.90494,6.56965,-7.62531,flare_decay,False,True,True,True,True,True,1.44098,1.03271,,,False,True,True,True,,True,
142276581_0,142276581,0,1893.18,644.854,24,3.43138,0,True,,,,,,,,,,,,,,,,,,,,,,
142276581_1,142276581,1,1893.2,4509.98,2,6.71391,0,False,,,,,,,,,,,,,,,,,,,,,,
142276581_2,142276581,2,1876.95,2599.23,8,7.04263,1,True,True,7.2609,4.59446,-4.83898,flare_decay,False,True,False,True,True,False,0.506324,0.395757,,,False,True,True,False,,True,
142276581_3,142276581,3,1880.7,3454.68,16,14.2541,1,True,True,14.2687,39.9586,-2.85134,flare_decay,True,True,True,True,True,True,1.0218,0.875195,,,True,True,True,True,True,True,
142276581_4,142276581,4,1873.72,2356.03,8,6.38367,0,True,,,,,,,,,,,,,,,,,,,,,,
142276581_5,142276581,5,1890.1,4367.21,8,11.833,1,True,True,11.7925,29.5193,-2.04481,flare_decay,True,True,True,True,True,True,0.717943,0.839094,,,True,True,True,True,,True,
142276581_6,142276581,6,1890.53,3402.21,24,18.1038,1,True,True,14.726,27.3771,-4.80255,flare_decay,True,True,True,True,True,True,1.10246,1.08903,,,True,True,True,True,,True,
142276581_7,142276581,7,1873.53,3513.17,8,9.51893,1,True,True,11.4684,24.5882,-3.56993,flare_decay,True,True,True,True,True,True,0.765008,0.986076,,,True,True,True,True,True,True,
142276581_8,142276581,8,1882.45,2333.8,8,6.32343,0,True,,,,,,,,,,,,,,,,,,,,,,
142276581_9,142276581,9,1896.51,35996.5,1,33.9422,1,False,True,36.8877,182.149,-2.51856,flare_decay,True,True,True,True,True,True,1.04663,0.497188,,,True,True,True,True,True,True,
142276581_10,142276581,10,1881.2,3057.39,24,16.2689,1,True,True,14.8076,49.8183,-2.83031,flare_decay,True,True,True,True,True,True,0.698765,0.718495,,,True,True,True,True,,True,
142276581_11,142276581,11,1879.78,2695.42,8,7.30324,0,True,,,,,,,,,,,,,,,,,,,,,,
142276581_12,142276581,12,1882.12,15665.8,4,31.0429,1,True,True,30.1255,157.687,-22.0545,flare_decay,False,True,True,True,True,True,1.07997,0.914095,,,True,True,True,True,,True,
142276581_13,142276581,13,1893.97,21511,8,58.284,1,True,True,55.237,480.263,41.9076,flare_decay,True,True,True,True,True,True,1.02266,0.925576,,,True,True,True,True,True,True,
142276581_14,142276581,14,1879.41,10109.9,1,9.53297,0,False,,,,,,,,,,,,,,,,,,,,,,
142276581_15,142276581,15,1872.83,5209.55,2,7.75535,1,False,True,8.35396,-9.24004,-4.46934,flare_decay,False,True,True,True,True,True,1.80619,0.874194,,,False,False,True,True,,True,
142276581_16,142276581,16,1877.97,11300.5,16,46.6261,1,True,True,47.706,294.403,29.747,flare_decay,True,True,True,True,True,True,0.765855,0.964202,,,True,True,True,True,,True,
142276581_17,142276581,17,1885.58,882.647,16,3.64182,0,True,,,,,,,,,,,,,,,,,,,,,,
142276581_18,142276581,18,1881.99,1526.86,4,3.02557,0,True,,,,,,,,,,,,,,,,,,,,,,
142276581_19,142276581,19,1889.43,7462.86,8,20.2206,1,True,True,21.1346,46.0067,1.02538,flare_decay,True,True,True,True,True,True,0.948692,0.98262,,,True,True,True,True,,True,
142372116_0,142372116,0,1874.03,11367.4,2,26.5696,1,False,True,27.2329,171.11,47.1128,flare_decay,True,True,True,True,True,True,1.81767,0.97991,,,True,False,True,True,,True,
142372116_1,142372116,1,1887.47,2154.42,4,6.14963,0,True,,,,,,,,,,,,,,,,,,,,,,
142372116_2,142372116,2,1892.31,1843.8,1,3.53187,0,False,,,,,,,,,,,,,,,,,,,,,,
142372116_3,142372116,3,1879.91,4058.28,16,16.4175,1,True,True,17.0668,237.057,3.55224,flare_decay,True,True,True,True,True,True,1.49385,0.875315,,,True,True,True,True,,True,
142372116_4,142372116,4,1871.05,6861.98,2,16.0389,1,False,True,14.5736,54.5917,1.98891,flare_decay,True,False,True,True,True,True,4.73272,0.612955,,,True,False,True,True,,True,
142372116_5,142372116,5,1885.99,3693.24,1,7.07454,0,False,,,,,,,,,,,,,,,,,,,,,,
142372116_6,142372116,6,1875.58,3937.92,1,7.54323,0,False,,,,,,,,,,,,,,,,,,,,,,
142372116_7,142372116,7,1876.2,4183.08,8,13.8847,1,True,True,13.0447,83.473,14.8837,flare_decay,True,True,True,True,True,True,1.26872,1.09563,,,True,True,True,True,True,True,
142372116_8,142372116,8,1876.64,5583.64,1,10.6957,0,False,,,,,,,,,,,,,,,,,,,,,,
142372116_9,142372116,9,1878.22,1689.4,16,6.83435,1,True,True,7.84355,20.5879,-5.47177,step,True,True,True,True,True,True,0.996175,0.522719,5.42068e-11,0,True,True,True,True,,True,True
142372116_10,142372116,10,1874.8,930.654,16,3.7649,0,True,,,,,,,,,,,,,,,,,,,,,,
142372116_11,142372116,11,1892.12,1401.02,16,5.66773,0,True,,,,,,,,,,,,,,,,,,,,,,
142372116_12,142372116,12,1878.81,2693.42,1,5.15935,0,False,,,,,,,,,,,,,,,,,,,,,,
142372116_13,142372116,13,1875.16,6655.73,16,26.9254,1,True,True,32.9321,769.384,115.62,flare_decay,True,True,True,True,True,True,1.17465,0.821237,,,True,True,True,True,,True,
142372116_14,142372116,14,1897.68,2007.92,24,7.95307,0,True,,,,,,,,,,,,,,,,,,,,,,
142372116_15,142372116,15,1887.37,16690.5,4,47.6419,1,True,True,49.8958,505.346,-65.1987,flare_decay,False,False,True,True,True,True,0.930317,0.91731,,,True,True,True,True,,True,
142372116_16,142372116,16,1888.81,9243.41,2,21.6052,1,False,True,22.8347,54.8473,15.9016,flare_decay,True,True,True,True,True,True,1.13381,0.91425,,,True,False,True,True,,True,
142372116_17,142372116,17,1875.97,2806.1,16,11.3519,1,True,True,10.4557,177.584,20.0726,flare_decay,True,True,True,True,True,True,0.940722,1.57234,0.0154604,0,True,True,True,True,True,True,True
142372116_18,142372116,18,1877.12,1477.9,8,4.90553,0,True,,,,,,,,,,,,,,,,,,,,,,
142372116_19,142372116,19,1878.93,2470.48,24,9.78521,0,True,,,,,,,,,,,,,,,,,,,,,,
142445544_0,142445544,0,1893.62,1855.15,16,4.74858,0,True,,,,,,,,,,,,,,,,,,,,,,
142445544_1,142445544,1,1873.43,19952.3,2,34.807,1,False,True,36.3343,506.049,-25.0724,flare_decay,False,True,True,True,True,True,1.09296,0.762057,,,True,False,True,True,,True,
142445544_2,142445544,2,1874.22,5622.7,8,12.804,1,True,True,11.6201,94.3974,7.93849,flare_decay,True,True,True,True,True,True,1.56035,0.71086,,,True,True,True,True,,True,
142445544_3,142445544,3,1876.14,5627.84,16,14.4054,1,True,True,13.8066,216.08,51.8555,flare_decay,True,True,True,True,True,True,2.12797,1.0812,,,True,True,True,True,,True,
142445544_4,142445544,4,1896.43,3119.13,4,6.27527,1,True,True,7.73844,17.5903,6.38308,flare_decay,True,True,True,True,True,True,0.876814,0.722449,0.0477046,0,True,True,True,True,,True,True
142445544_5,142445544,5,1892.14,3815.01,16,9.76517,1,True,True,11.4307,237.507,45.4825,step,True,False,False,True,True,True,0.911104,0.669257,,,True,True,False,True,,True,
142445544_6,142445544,6,1896.18,9124.6,4,18.3575,1,True,True,21.1029,426.808,238.168,flare_decay,True,True,True,True,True,True,0.810342,0.723057,,,True,True,True,True,,True,
142445544_7,142445544,7,1874.47,18990.2,8,43.2444,1,True,True,41.0288,2036.44,185.382,flare_decay,True,True,True,True,True,True,1.88743,0.777463,,,True,True,True,True,,True,
142445544_8,142445544,8,1891.06,2415.75,2,4.2143,0,False,,,,,,,,,,,,,,,,,,,,,,
142445544_9,142445544,9,1893.95,6735.87,24,17.973,0,True,,,,,,,,,,,,,,,,,,,,,,
142445544_10,142445544,10,1890.56,16008.9,2,27.9277,1,False,True,31.6381,429.479,147.689,flare_decay,True,True,True,True,True,True,0.91472,0.809763,,,True,False,True,True,,True,
142445544_11,142445544,11,1879.72,2273.25,16,5.81879,0,True,,,,,,,,,,,,,,,,,,,,,,
142445544_12,142445544,12,1892.62,2057.95,2,3.59012,0,False,,,,,,,,,,,,,,,,,,,,,,
142445544_13,142445544,13,1897.66,11269.2,1,17.4305,0,False,,,,,,,,,,,,,,,,,,,,,,
142445544_14,142445544,14,1879.74,26262.7,8,59.8054,1,True,True,56.9602,5053.19,413.814,flare_decay,True,True,True,True,True,True,1.52284,0.784811,,,True,True,True,True,True,True,
142445544_15,142445544,15,1885.85,2387.29,2,4.16465,0,False,,,,,,,,,,,,,,,,,,,,,,
142445544_16,142445544,16,1879.62,32867.9,1,50.8383,1,False,True,37.6738,50.9232,546.078,flare_decay,True,True,True,True,True,True,0.6818,0.621854,,,True,False,True,True,,True,
142445544_17,142445544,17,1881.41,1515.93,8,3.45207,0,True,,,,,,,,,,,,,,,,,,,,,,
142445544_18,142445544,18,1889.31,22649.4,8,51.5771,1,True,True,53.7616,1773.32,118.94,flare_decay,True,True,True,True,True,True,1.92038,0.776583,,,True,True,True,True,,True,
142445544_19,142445544,19,1875.37,4643.42,24,12.3898,0,True,,,,,,,,,,,,,,,,,,,,,,
142619613_0,142619613,0,1879.14,30852.6,4,34.5854,1,False,True,39.4635,2381.66,-393.064,flare_decay,False,True,True,True,True,True,5.3115,0.901653,,,True,False,True,True,,True,
142619613_1,142619613,1,1886.51,30136.2,1,31.8372,1,False,True,31.1044,1067.99,55.737,flare_decay,True,True,True,True,True,True,1.17354,0.703532,,,True,False,True,True,,True,
142619613_2,142619613,2,1877.93,47189.6,4,52.8989,1,False,True,59.8352,21470.1,13674.6,flare_decay,True,True,True,True,True,True,3.56227,0.909256,,,True,False,True,True,,True,
142619613_3,142619613,3,1882.08,18929.3,1,19.9977,1,False,True,22.8496,432.57,0.736533,flare_decay,True,True,True,True,True,True,3.00074,0.599991,,,True,True,True,True,,True,
142619613_4,142619613,4,1894.99,11764.3,24,16.7757,1,True,True,13.4128,2971.19,204.444,flare_decay,True,True,True,True,True,True,6.26097,1.06051,,,True,True,True,True,,True,
142619613_5,142619613,5,1883.51,11307.9,2,12.2914,1,False,True,12.3838,562.931,67.6947,flare_decay,True,True,True,True,True,True,1.64069,0.923541,,,True,False,True,True,,True,
142619613_6,142619613,6,1882.45,11545.5,16,15.4562,1,True,True,22.4336,3014.66,372.838,flare_decay,True,True,True,True,True,True,2.58661,0.87283,0,0,True,True,True,True,True,True,True
142619613_7,142619613,7,1878.18,8050.47,8,9.59463,1,True,True,10.4516,1104.09,3287.62,flare_decay,True,True,True,True,True,True,4.7495,0.893549,2.29161e-12,0,True,True,True,True,True,True,True
142619613_8,142619613,8,1878.06,6025.2,2,6.54927,1,False,True,7.3284,145.641,33.332,flare_decay,True,True,True,True,True,True,2.52773,0.751556,,,True,False,True,True,,True,
142619613_9,142619613,9,1872.26,25378.7,4,28.4492,1,False,True,32.4806,4357.83,1748.67,flare_decay,True,True,True,True,True,True,2.92612,0.916809,,,True,False,True,True,,True,
142619613_10,142619613,10,1873.49,5445.68,2,5.91935,0,False,,,,,,,,,,,,,,,,,,,,,,
142619613_11,142619613,11,1894.01,38762.8,1,40.9508,1,False,True,39.5151,1716.01,138.456,flare_decay,True,True,True,True,True,True,2.77307,0.679728,,,True,False,True,True,,True,
142619613_12,142619613,12,1873.16,11921.1,24,16.9993,1,True,True,17.9837,4807.46,484.878,flare_decay,True,True,True,True,True,True,5.02476,0.818861,,,True,True,True,True,,True,
142619613_13,142619613,13,1896.76,5649.74,2,6.14116,1,False,True,7.88956,125.256,24.067,flare_decay,True,True,True,True,True,True,1.48686,0.8145,,,True,False,True,True,,True,
142619613_14,142619613,14,1881.62,9914.93,1,10.4746,0,False,,,,,,,,,,,,,,,,,,,,,,
142619613_15,142619613,15,1881.1,4208.98,24,6.00194,0,True,,,,,,,,,,,,,,,,,,,,,,
142619613_16,142619613,16,1882.58,17433.4,1,18.4175,1,False,True,20.9474,309.885,-0.756978,flare_decay,True,True,True,True,True,True,1.68591,0.560852,,,True,True,True,True,True,True,
142619613_17,142619613,17,1877.74,46572.6,4,52.2073,1,False,True,59.6623,27633.5,12245.4,flare_decay,True,True,True,True,True,True,2.40269,0.922558,,,True,False,True,True,,True,
142619613_18,142619613,18,1879.87,22011.7,1,23.2541,1,False,True,21.0801,122.509,99.5737,flare_decay,True,True,True,True,True,True,1.40861,0.516235,,,True,False,True,True,,True,
142619613_19,142619613,19,1888.14,5241.21,1,5.53704,0,False,,,,,,,,,,,,,,,,,,,,,,
142749921_0,142749921,0,1894.35,1473.96,16,4.49115,0,True,,,,,,,,,,,,,,,,,,,,,,
142749921_1,142749921,1,1874.31,2729.07,1,3.60645,0,False,,,,,,,,,,,,,,,,,,,,,,
142749921_2,142749921,2,1877.22,6624.41,1,8.75413,0,False,,,,,,,,,,,,,,,,,,,,,,
142749921_3,142749921,3,1897.51,12140.3,4,24.6619,1,True,True,29.5578,327.386,127.037,flare_decay,True,True,True,True,True,True,0.6316,0.816902,,,True,True,True,True,,True,
142749921_4,142749921,4,1874.41,4013.38,1,5.30367,0,False,,,,,,,,,,,,,,,,,,,,,,
142749921_5,142749921,5,1881.47,3000.68,8,6.95485,0,True,,,,,,,,,,,,,,,,,,,,,,
142749921_6,142749921,6,1895.18,1609.63,4,3.26981,0,True,,,,,,,,,,,,,,,,,,,,,,
142749921_7,142749921,7,1890.68,11066,4,22.4796,1,True,True,22.6554,155.668,-24.959,flare_decay,False,True,True,True,False,True,1.15979,0.848831,,,True,True,True,False,,True,
142749921_8,142749921,8,1878.78,34965.8,1,46.2072,1,False,True,49.9889,855.492,-2.24524,flare_decay,True,True,True,True,True,True,0.636473,0.602462,,,True,False,True,True,,True,
142749921_9,142749921,9,1874.49,6774.98,16,20.6433,1,True,True,16.9193,226.341,20.7893,flare_decay,True,True,True,True,True,True,2.28658,0.977682,,,True,True,True,True,True,True,
142749921_10,142749921,10,1888.33,970.285,24,3.41654,0,True,,,,,,,,,,,,,,,,,,,,,,
142749921_11,142749921,11,1892.68,3577.41,4,7.26716,1,True,True,8.90868,11.2346,1.60655,flare_decay,True,False,False,True,True,True,1.45312,0.898057,,,True,True,False,True,,True,
142749921_12,142749921,12,1872.51,38647.4,1,51.0725,1,False,True,52.7092,891.688,12.9548,flare_decay,True,True,True,True,True,True,1.14322,0.651134,,,True,False,True,True,,True,
142749921_13,142749921,13,1889.1,8873.83,16,27.0385,1,True,True,21.5619,522.509,28.5687,flare_decay,True,True,True,True,True,True,2.3961,0.835224,,,True,True,True,True,True,True,
142749921_14,142749921,14,1897.22,8540.87,8,19.7956,1,True,True,24.6038,177.031,10.9046,flare_decay,True,True,True,True,True,True,1.11323,0.902346,,,True,True,True,True,,True,
142749921_15,142749921,15,1893.58,3323.81,1,4.3924,0,False,,,,,,,,,,,,,,,,,,,,,,
142749921_16,142749921,16,1876.91,4082.18,2,6.98619,1,False,True,7.87072,13.8947,-5.85714,flare_decay,True,True,True,True,True,True,2.96451,0.766379,,,True,False,True,True,,True,
142749921_17,142749921,17,1886.95,3973.7,1,5.25123,0,False,,,,,,,,,,,,,,,,,,,,,,
142749921_18,142749921,18,1881.37,3214.01,2,5.50042,0,False,,,,,,,,,,,,,,,,,,,,,,
142749921_19,142749921,19,1888.39,3003.01,24,10.5741,0,True,,,,,,,,,,,,,,,,,,,,,,
142751884_0,142751884,0,1892.37,1611.25,16,5.57086,0,True,,,,,,,,,,,,,,,,,,,,,,
142751884_1,142751884,1,1874.76,646.579,24,3.20026,0,True,,,,,,,,,,,,,,,,,,,,,,
142751884_2,142751884,2,1880.31,18759.5,1,15.8929,1,False,True,16.7872,47.2235,-3.47401,flare_decay,True,True,True,True,True,True,0.672435,0.767249,,,True,False,True,True,,True,
142751884_3,142751884,3,1889.93,4241.67,1,3.59351,0,False,,,,,,,,,,,,,,,,,,,,,,
142751884_4,142751884,4,1897.76,10383,2,12.5721,0,False,,,,,,,,,,,,,,,,,,,,,,
142751884_5,142751884,5,1894.78,3461.68,2,4.1915,0,False,,,,,,,,,,,,,,,,,,,,,,
142751884_6,142751884,6,1873.03,11949.1,4,20.2017,1,True,True,17.806,20.8777,-0.554801,flare_decay,True,True,True,True,True,True,0.674226,0.82099,,,True,True,True,True,,True,
142751884_7,142751884,7,1887.43,22500.2,4,38.0397,1,True,True,38.2933,194.786,-9.66041,flare_decay,False,True,True,True,True,True,0.853865,0.917985,,,True,True,True,True,,True,
142751884_8,142751884,8,1872.49,15147.6,1,12.8329,1,False,True,13.5841,12.2728,0.028026,flare_decay,True,True,True,True,True,True,1.60954,0.789677,,,True,False,True,True,,True,
142751884_9,142751884,9,1885.45,7429.49,2,8.99582,1,False,True,9.64461,0.385042,-3.65593,flare_decay,False,True,True,True,True,True,1.05292,0.7836,,,False,False,True,True,,True,
142751884_10,142751884,10,1891.35,12867,16,44.4873,1,True,True,36.1595,254.238,25.7819,flare_decay,True,True,True,True,True,True,1.47105,0.942315,,,True,True,True,True,True,True,
142751884_11,142751884,11,1874.35,3888.38,1,3.2942,0,False,,,,,,,,,,,,,,,,,,,,,,
142751884_12,142751884,12,1885.97,12045,24,59.6171,1,True,True,60.6085,441.201,31.8656,flare_decay,True,True,True,True,False,True,0.830503,1.04169,,,True,True,True,False,,True,
142751884_13,142751884,13,1894.2,1212.84,24,6.00297,0,True,,,,,,,,,,,,,,,,,,,,,,
142751884_14,142751884,14,1896.31,6692.34,1,5.66969,0,False,,,,,,,,,,,,,,,,,,,,,,
142751884_15,142751884,15,1881.43,25620.9,4,43.3157,1,True,True,42.0197,419.183,-70.6937,flare_decay,False,True,True,True,True,True,1.66054,0.900311,,,True,True,True,True,,True,
142751884_16,142751884,16,1886.66,18209.6,8,42.0617,1,True,True,41.2003,268.416,35.7395,flare_decay,True,True,True,True,True,True,0.816867,0.868368,,,True,True,True,True,,True,
142751884_17,142751884,17,1875.16,7561.53,2,9.15571,1,False,True,8.47588,26.2255,-5.20083,flare_decay,True,True,True,True,True,True,0.97375,0.783426,,,True,False,True,True,,True,
142751884_18,142751884,18,1881.56,8379.25,16,28.971,1,True,True,30.2636,121.377,-0.640335,flare_decay,True,True,True,True,True,True,0.884395,0.927129,0.00378083,0,True,True,True,True,,True,True
142751884_19,142751884,19,1894.89,849.283,24,4.20355,0,True,,,,,,,,,,,,,,,,,,,,,,
142849485_0,142849485,0,1885.16,11370.7,8,20.9965,1,True,True,11.1064,-3.62186,9.95352,step,False,False,False,True,True,False,,,,,False,True,False,False,,True,
142849485_1,142849485,1,1878.74,16994,8,31.3802,1,True,True,31.2438,218.796,7.78008,flare_decay,True,True,True,True,True,True,1.44113,0.884609,,,True,True,True,True,,True,
142849485_2,142849485,2,1877.7,23093.5,4,33.3376,1,True,True,34.2288,162.04,58.5221,flare_decay,True,True,True,True,True,True,0.676381,0.804827,,,True,True,True,True,True,True,
142849485_3,142849485,3,1875.47,9398.14,4,13.5671,1,True,True,12.1461,38.7928,5.46111,flare_decay,True,True,True,True,True,True,0.987347,0.794197,,,True,True,True,True,True,True,
142849485_4,142849485,4,1893.53,1546.79,24,5.6288,0,True,,,,,,,,,,,,,,,,,,,,,,
142849485_5,142849485,5,1877.1,19286.5,4,27.8419,1,True,True,27.344,123.234,-16.4927,flare_decay,False,True,True,True,True,True,2.06649,0.845765,,,True,True,True,True,,True,
142849485_6,142849485,6,1888.95,8126.27,4,11.731,1,True,True,13.889,17.9398,-4.05561,flare_decay,True,True,True,True,True,True,0.827277,0.766167,,,True,True,True,True,,True,
142849485_7,142849485,7,1879.97,2756.01,16,7.73703,0,True,,,,,,,,,,,,,,,,,,,,,,
142849485_8,142849485,8,1895.18,4094.89,8,7.56139,1,True,True,7.66258,3.36633,-4.50349,step,False,True,True,True,True,True,1.06134,0.841675,,,False,True,True,True,,True,
142849485_9,142849485,9,1871.74,3980.57,16,11.1748,1,True,True,11.1481,17.6654,-4.73955,flare_decay,True,True,True,True,True,True,1.0053,0.990447,0.0381423,0.00739978,True,True,True,True,True,True,True
142849485_10,142849485,10,1895.06,13564.3,1,11.3142,0,False,,,,,,,,,,,,,,,,,,,,,,
142849485_11,142849485,11,1872.41,10741.6,24,39.089,1,True,True,33.9459,257.777,23.7196,flare_decay,True,True,True,True,True,True,1.22682,0.892437,,,True,True,True,True,,True,
142849485_12,142849485,12,1885.31,14598.8,4,21.0748,1,True,True,21.1592,31.6079,-6.77399,flare_decay,False,True,True,True,True,True,1.04635,0.832805,,,True,True,True,True,,True,
142849485_13,142849485,13,1893.99,4971.72,24,18.0922,1,True,True,13.7267,60.311,8.36783,flare_decay,True,True,True,True,True,True,0.885332,0.767588,,,True,True,True,True,,True,
142849485_14,142849485,14,1890.76,32225.3,2,35.504,1,False,True,34.7504,330.286,65.1949,flare_decay,True,True,True,True,True,True,1.23968,0.713735,,,True,False,True,True,,True,
142849485_15,142849485,15,1882.58,14543.2,8,26.8546,1,True,True,29.884,104.406,0.60885,flare_decay,True,True,True,True,True,True,0.782725,0.82595,,,True,True,True,True,,True,
142849485_16,142849485,16,1887.49,5170.2,16,14.5145,1,True,True,13.0759,25.2133,-4.82798,flare_decay,True,True,True,True,True,True,1.35007,1.27534,,,True,True,True,True,,True,
142849485_17,142849485,17,1892.64,8745.8,24,31.8262,1,True,True,27.6699,322.43,4.51999,flare_decay,True,True,True,True,True,True,0.949424,0.745753,,,True,True,True,True,,True,
142849485_18,142849485,18,1875.51,17477.9,1,14.5786,1,False,True,14.9281,42.3306,-3.86739,flare_decay,True,True,True,True,True,True,1.3957,0.456124,,,True,False,True,True,,True,
142849485_19,142849485,19,1874.74,884.99,24,3.2205,0,True,,,,,,,,,,,,,,,,,,,,,,
142862936_0,142862936,0,1891.31,346.426,24,10.3672,0,True,,,,,,,,,,,,,,,,,,,,,,
142862936_1,142862936,1,1871.62,2014.78,1,17.5977,1,False,True,14.1843,5.48274,9.21489,flare_decay,False,True,False,True,True,False,0.290911,0.339706,,,False,True,True,False,,True,
142862936_2,142862936,2,1893.76,274.727,2,3.18761,0,False,,,,,,,,,,,,,,,,,,,,,,
142862936_3,142862936,3,1872.39,1513.97,16,38.5513,1,True,True,35.1671,471.751,54.8818,flare_decay,True,True,True,True,True,True,0.546797,0.966223,,,True,True,True,True,True,True,
142862936_4,142862936,4,1883.76,785.881,1,6.8641,0,False,,,,,,,,,,,,,,,,,,,,,,
142862936_5,142862936,5,1885.41,1259.83,8,22.6448,1,True,True,21.4248,92.5867,10.1161,flare_decay,True,True,True,True,True,True,0.314016,0.808975,,,True,True,True,True,True,True,
142862936_6,142862936,6,1894.35,727.956,2,8.44636,1,False,True,9.89734,8.86827,1.43129,flare_decay,False,True,True,True,True,True,0.450807,0.7518,,,False,False,True,True,,True,
142862936_7,142862936,7,1888.95,344.334,24,10.3046,1,True,True,11.0387,45.0189,7.88349,flare_decay,True,True,False,True,False,False,-0.194876,-0.539884,,,True,True,True,False,,True,
142862936_8,142862936,8,1875.76,508.748,8,9.1445,1,True,True,10.4397,32.5547,-0.529456,flare_decay,True,True,True,True,True,True,0.627429,0.986893,0.00183171,1.58893e-11,True,True,True,True,True,True,True
142862936_9,142862936,9,1874.08,391.788,1,3.42198,0,False,,,,,,,,,,,,,,,,,,,,,,
142862936_10,142862936,10,1893.1,759.723,16,19.3453,1,True,True,17.1921,176.083,13.5761,flare_decay,True,True,False,True,True,False,0.254074,0.789686,,,True,True,True,False,,True,
142862936_11,142862936,11,1893.47,535.088,4,7.4271,1,True,True,7.3908,18.7298,5.4003,flare_decay,True,True,True,True,True,True,0.407849,1.54781,0.0206249,3.54782e-07,True,True,True,True,,True,True
142862936_12,142862936,12,1894.91,1185.58,2,13.7561,1,False,True,15.4495,34.6465,-1.11548,flare_decay,True,True,False,True,True,False,0.239428,0.68797,,,True,False,True,False,,True,
142862936_13,142862936,13,1874.14,445.519,1,3.89128,0,False,,,,,,,,,,,,,,,,,,,,,,
142862936_14,142862936,14,1886.22,513.668,16,13.0798,1,True,True,14.7731,62.6354,26.1392,flare_decay,True,True,False,True,True,False,0.178683,0.604372,,,True,True,True,False,,True,
142862936_15,142862936,15,1879.58,486.504,2,5.64483,0,False,,,,,,,,,,,,,,,,,,,,,,
142862936_16,142862936,16,1896.53,181.979,24,5.44592,0,True,,,,,,,,,,,,,,,,,,,,,,
142862936_17,142862936,17,1871.14,1327.41,4,18.4246,1,True,True,14.9109,31.8722,-7.0834,flare_decay,False,False,True,True,True,True,0.502774,1.68631,,,True,False,True,True,,True,
142862936_18,142862936,18,1888.12,1105.56,16,28.1516,1,True,True,28.1222,265.565,37.6975,flare_decay,True,True,False,True,True,False,0.266473,0.948113,,,True,True,True,False,,True,
142862936_19,142862936,19,1893.01,2945.62,8,52.9461,1,True,True,51.9381,1323.85,114.29,flare_decay,True,True,False,True,True,False,0.231253,0.847056,,,True,True,True,False,,True,
143008035_0,143008035,0,1872.45,3166.37,16,26.6269,1,True,True,26.6577,69.1577,7.71025,flare_decay,True,True,True,True,True,True,0.506204,0.853164,,,True,True,True,True,,True,
143008035_1,143008035,1,1897.72,2614.27,1,4.15362,0,False,,,,,,,,,,,,,,,,,,,,,,
143008035_2,143008035,2,1888.45,9606.92,2,21.9508,1,False,True,22.2589,57.4386,-12.7875,flare_decay,False,True,True,True,True,True,0.973522,0.890459,,,True,False,True,True,,True,
143008035_3,143008035,3,1889.03,12579.9,1,19.9872,1,False,True,21.2406,98.2411,-2.88995,flare_decay,True,True,True,True,True,True,0.799631,0.697809,,,True,False,True,True,,True,
143008035_4,143008035,4,1882.81,10266.3,8,52.2564,1,True,True,51.3741,304.661,12.2401,flare_decay,True,True,True,True,True,True,0.610295,1.17481,1.39376e-06,0,True,True,True,True,,True,True
143008035_5,143008035,5,1889.64,3862.89,2,8.82628,0,False,,,,,,,,,,,,,,,,,,,,,,
143008035_6,143008035,6,1886.18,21285.1,2,48.6342,1,False,True,46.3459,320.367,-43.5038,flare_decay,False,False,True,True,False,True,0.996218,0.898982,,,True,False,True,False,,True,
143008035_7,143008035,7,1885.56,2849.57,1,4.52747,0,False,,,,,,,,,,,,,,,,,,,,,,
143008035_8,143008035,8,1891.18,384.392,24,4.41925,0,True,,,,,,,,,,,,,,,,,,,,,,
143008035_9,143008035,9,1879.91,1322.62,4,4.13451,0,True,,,,,,,,,,,,,,,,,,,,,,
143008035_10,143008035,10,1894.74,801.765,24,9.21767,0,True,,,,,,,,,,,,,,,,,,,,,,
143008035_11,143008035,11,1886.14,4354.65,4,13.6127,1,True,True,11.7751,20.0739,-6.31512,flare_decay,False,True,True,True,True,True,1.104,0.934146,,,True,True,True,True,True,True,
143008035_12,143008035,12,1888.35,1737.85,2,3.97079,0,False,,,,,,,,,,,,,,,,,,,,,,
143008035_13,143008035,13,1882.2,2905.08,2,6.63779,0,False,,,,,,,,,,,,,,,,,,,,,,
143008035_14,143008035,14,1875.51,800.346,16,6.73032,0,True,,,,,,,,,,,,,,,,,,,,,,
143008035_15,143008035,15,1871.49,844.599,16,7.10247,0,True,,,,,,,,,,,,,,,,,,,,,,
143008035_16,143008035,16,1896.22,6012.87,8,30.606,1,True,True,31.6065,202.019,25.8364,flare_decay,True,True,True,True,False,True,0.677016,0.861193,,,True,True,True,False,,True,
143008035_17,143008035,17,1897.26,12618,1,20.0477,1,False,True,21.0654,32.8327,-3.01653,flare_decay,True,True,True,True,True,True,0.952784,0.758773,,,True,False,True,True,,True,
143008035_18,143008035,18,1890.03,3602.95,24,41.4222,1,True,True,35.8739,156.084,17.2808,flare_decay,True,True,True,True,True,True,0.563807,0.926289,,,True,True,True,True,,True,
143008035_19,143008035,19,1895.58,12464.8,2,28.4808,1,False,True,26.5168,123.439,42.4282,flare_decay,True,True,True,True,True,True,1.07961,0.996962,,,True,False,True,True,,True,
147576203_0,147576203,0,1882.35,3203.46,4,7.41079,1,False,True,9.1802,9.07415,-7.72116,flare_decay,False,True,True,True,True,True,0.711111,0.734264,,,False,False,True,True,,True,
147576203_1,147576203,1,1880.49,17167.1,4,39.7139,1,False,True,39.3307,629.964,178.767,flare_decay,True,True,True,True,True,True,1.16586,0.781816,,,True,False,True,True,,True,
147576203_2,147576203,2,1886.24,4389.67,16,24.7635,0,True,,,,,,,,,,,,,,,,,,,,,,
147576203_3,147576203,3,1874.58,7807.44,4,18.0615,1,False,True,17.224,37.3032,1.0073,flare_decay,True,True,True,True,True,True,1.28053,0.702735,,,True,False,True,True,,True,
147576203_4,147576203,4,1892.31,1430.34,8,4.79729,0,True,,,,,,,,,,,,,,,,,,,,,,
147576203_5,147576203,5,1893.68,2826.1,24,20.161,1,True,True,17.665,33.5354,-7.67633,flare_decay,False,True,True,True,True,True,0.667078,0.87773,,,True,True,True,True,,True,
147576203_6,147576203,6,1889.28,590.758,16,3.33265,0,True,,,,,,,,,,,,,,,,,,,,,,
147576203_7,147576203,7,1874.2,1761.64,24,12.5673,0,True,,,,,,,,,,,,,,,,,,,,,,
147576203_8,147576203,8,1894.2,1053.25,16,5.94168,0,True,,,,,,,,,,,,,,,,,,,,,,
147576203_9,147576203,9,1883.56,6273.72,4,14.5134,1,False,True,13.1326,26.5549,3.76451,flare_decay,True,True,True,True,True,True,1.35832,0.865525,,,True,False,True,True,,True,
147576203_10,147576203,10,1881.26,3779.08,16,21.3189,1,True,True,19.0585,111.344,-9.29814,flare_decay,False,True,True,True,True,True,1.24798,0.77035,,,True,True,True,True,True,True,
147576203_11,147576203,11,1896.83,8124.52,24,57.9592,1,True,True,54.1317,423.881,43.1269,flare_decay,True,True,True,True,True,True,0.711263,1.04517,,,True,True,True,True,,True,
147576203_12,147576203,12,1881.29,27906.4,2,45.8263,1,False,True,45.1769,506.503,101.977,flare_decay,True,True,True,True,True,True,0.848557,0.701592,,,True,False,True,True,,True,
147576203_13,147576203,13,1881.1,6718.25,8,22.5326,1,True,True,21.3968,84.5454,32.3311,flare_decay,True,True,True,True,True,True,0.702443,0.735273,,,True,True,True,True,True,True,
147576203_14,147576203,14,1872.66,3570.92,24,25.4744,1,True,True,24.1486,134.352,4.94093,flare_decay,True,True,False,True,True,False,0.289349,0.529365,,,True,True,True,False,,True,
147576203_15,147576203,15,1894.83,2618.2,24,18.6779,1,True,True,17.0544,59.039,-9.71288,flare_decay,False,True,True,True,True,True,0.731926,0.943606,,,True,True,True,True,,True,
147576203_16,147576203,16,1873.16,31699.1,2,52.0543,1,False,True,50.9745,469.075,-49.1613,flare_decay,False,True,True,True,True,True,0.870156,0.74797,,,True,False,True,True,,True,
147576203_17,147576203,17,1878.68,6600.74,8,22.1385,1,True,True,21.5624,61.6591,-7.35325,flare_decay,False,True,True,True,True,True,0.816055,0.906897,0.233137,0,True,True,True,True,,True,True
147576203_18,147576203,18,1896.47,2899.06,24,20.6815,1,True,True,18.926,20.9136,-8.75552,flare_decay,False,True,True,True,True,True,0.5525,0.934762,,,True,True,True,True,True,True,
147576203_19,147576203,19,1892.22,7471.22,24,53.2986,1,True,True,50.7212,471.152,20.2676,flare_decay,True,True,True,True,True,True,0.638468,0.815096,,,True,True,True,True,True,True,
147623616_0,147623616,0,1874.39,21414.6,8,58.4056,1,True,True,58.0979,485.619,36.6741,flare_decay,True,True,True,True,True,True,1.55178,0.880231,,,True,True,True,True,True,True,
147623616_1,147623616,1,1895.85,10155.1,2,12.3817,1,False,True,12.9079,24.1986,-3.356,flare_decay,True,True,True,True,True,True,0.841663,0.797548,,,True,False,True,True,,True,
147623616_2,147623616,2,1886.35,16186.3,1,15.142,0,False,,,,,,,,,,,,,,,,,,,,,,
147623616_3,147623616,3,1876.6,2463.54,4,4.53904,0,True,,,,,,,,,,,,,,,,,,,,,,
147623616_4,147623616,4,1894.76,1102.47,8,3.00684,0,True,,,,,,,,,,,,,,,,,,,,,,
147623616_5,147623616,5,1874.51,7936.5,4,14.6229,1,True,True,14.8818,58.0347,-0.562684,flare_decay,True,True,True,True,True,True,0.992725,0.881192,,,True,True,True,True,,True,
147623616_6,147623616,6,1871.49,19127.8,2,23.3218,1,False,True,20.9371,161.312,21.9381,flare_decay,True,True,True,True,True,True,1.35894,0.899351,,,True,False,True,True,,True,
147623616_7,147623616,7,1882.93,5137.15,24,28.0225,1,True,True,25.2768,46.4679,-5.41925,flare_decay,True,True,True,True,True,True,0.807957,1.08362,,,True,True,True,True,,True,
147623616_8,147623616,8,1873.93,29358,1,27.4638,1,False,True,14.2397,20.1705,183.28,flare_decay,True,True,False,True,True,False,1.30418,0.394998,,,True,True,True,False,,True,
147623616_9,147623616,9,1876.06,13968.6,2,17.0314,1,False,True,17.4931,48.5957,-2.49587,flare_decay,True,True,True,True,True,True,1.42853,0.813006,,,True,False,True,True,,True,
147623616_10,147623616,10,1889.51,5115.94,8,13.9531,1,True,True,12.5171,22.2715,-1.97583,flare_decay,True,True,True,True,True,True,0.992787,0.911939,,,True,True,True,True,True,True,
147623616_11,147623616,11,1887.66,1744.91,4,3.21497,0,True,,,,,,,,,,,,,,,,,,,,,,
147623616_12,147623616,12,1879.72,7842.01,2,9.56145,1,False,True,11.0296,11.0111,-1.71696,flare_decay,True,True,True,True,True,True,0.560179,0.754594,,,True,False,True,True,,True,
147623616_13,147623616,13,1882.74,1257.45,16,4.7636,0,True,,,,,,,,,,,,,,,,,,,,,,
147623616_14,147623616,14,1896.99,10812,8,29.4885,1,True,True,28.3519,121.762,20.2401,flare_decay,True,True,True,True,True,True,0.993328,0.931798,,,True,True,True,True,,True,
147623616_15,147623616,15,1873.03,3654.64,1,3.41883,0,False,,,,,,,,,,,,,,,,,,,,,,
147623616_16,147623616,16,1877.24,3694.93,2,4.50509,0,False,,,,,,,,,,,,,,,,,,,,,,
147623616_17,147623616,17,1893.91,2554.09,24,13.9323,1,True,True,13.798,15.8117,-8.87049,flare_decay,False,True,True,True,True,True,0.692436,0.811477,,,True,True,True,True,,True,
147623616_18,147623616,18,1874.14,680.102,24,3.70987,0,True,,,,,,,,,,,,,,,,,,,,,,
147623616_19,147623616,19,1881.37,10892.5,8,29.7078,1,True,True,28.7745,143.502,6.6836,flare_decay,True,True,True,True,True,True,0.802899,0.907263,,,True,True,True,True,,True,
147643474_0,147643474,0,1870.95,2866.01,1,6.51527,0,False,,,,,,,,,,,,,,,,,,,,,,
147643474_1,147643474,1,1875.01,7506.07,4,33.2763,1,True,True,32.9253,293.151,126.526,flare_decay,True,True,True,True,True,True,0.685751,0.919546,,,True,True,True,True,,True,
147643474_2,147643474,2,1873.26,12169,4,53.9483,1,True,True,53.7983,996.885,319.695,flare_decay,True,False,True,True,True,True,1.13694,0.913131,1.64509e-05,0,True,True,True,True,,True,True
147643474_3,147643474,3,1888.68,3583.78,16,34.7001,1,True,True,37.6592,176.567,1.91494,flare_decay,True,True,True,True,True,True,0.655717,0.814088,,,True,True,True,True,True,True,
147643474_4,147643474,4,1887.7,1316.07,2,4.21586,0,False,,,,,,,,,,,,,,,,,,,,,,
147643474_5,147643474,5,1890.51,768.456,24,11.894,1,True,True,11.1919,6.6381,-4.02663,flare_decay,False,True,True,True,True,True,0.464849,0.853066,,,False,True,True,True,,True,
147643474_6,147643474,6,1891.58,908.6,4,4.02805,0,True,,,,,,,,,,,,,,,,,,,,,,
147643474_7,147643474,7,1885.78,8090.98,2,25.9184,1,False,True,24.1787,89.6809,18.1831,flare_decay,True,True,True,True,True,True,1.28735,0.936622,,,True,False,True,True,,True,
147643474_8,147643474,8,1874.89,294.003,24,4.55053,0,True,,,,,,,,,,,,,,,,,,,,,,
147643474_9,147643474,9,1887.74,794.993,16,7.69755,0,True,,,,,,,,,,,,,,,,,,,,,,
147643474_10,147643474,10,1876.87,1480.64,24,22.917,1,True,True,20.5801,16.4345,4.62897,flare_decay,True,True,False,True,True,True,0.479669,0.873966,,,True,True,True,True,True,True,
147643474_11,147643474,11,1876.91,1592.37,24,24.6464,1,True,True,22.2755,19.0034,0.885745,flare_decay,True,True,False,True,True,False,0.251366,0.578569,,,True,True,True,False,,True,
147643474_12,147643474,12,1892.56,2205.75,2,7.06582,0,False,,,,,,,,,,,,,,,,,,,,,,
147643474_13,147643474,13,1871.93,757.091,8,4.62627,0,True,,,,,,,,,,,,,,,,,,,,,,
147643474_14,147643474,14,1878.1,5206.18,1,11.8352,1,False,True,10.1508,2.311,4.95001,flare_decay,False,True,True,True,True,True,1.64526,0.728555,,,False,False,True,True,,True,
147643474_15,147643474,15,1881.91,13519.2,2,43.307,1,False,True,40.7446,479.256,-53.0282,flare_decay,False,True,True,True,True,True,0.826927,0.898652,,,True,False,True,True,,True,
147643474_16,147643474,16,1877.01,1425.88,24,22.0695,1,True,True,19.6932,7.84147,1.42908,flare_decay,False,True,False,True,True,False,0.214942,0.49411,,,False,True,True,False,,True,
147643474_17,147643474,17,1889.14,2968.3,1,6.74782,0,False,,,,,,,,,,,,,,,,,,,,,,
147643474_18,147643474,18,1888.18,1798.68,1,4.08893,0,False,,,,,,,,,,,,,,,,,,,,,,
147643474_19,147643474,19,1889.64,536.055,8,3.27562,0,True,,,,,,,,,,,,,,,,,,,,,,
147670819_0,147670819,0,1890.66,13776.3,1,12.4944,1,False,True,7.49855,-2.16975,17.6244,flare_decay,False,True,True,True,True,True,2.65248,0.854119,,,False,False,True,True,,True,
147670819_1,147670819,1,1879.97,10272.9,1,9.31699,0,False,,,,,,,,,,,,,,,,,,,,,,
147670819_2,147670819,2,1875.47,4180.19,16,12.8599,1,True,True,14.3612,52.1252,1.73523,flare_decay,True,True,True,True,True,True,1.16506,0.788094,,,True,True,True,True,True,True,
147670819_3,147670819,3,1878.01,22210.6,1,20.1439,1,False,True,21.3429,85.0263,-1.95408,flare_decay,True,True,True,True,True,True,1.16872,0.462823,,,True,True,True,True,,True,
147670819_4,147670819,4,1887.18,14940.1,2,19.7462,1,False,True,19.6433,58.5491,1.29889,flare_decay,True,True,True,True,True,True,1.61342,0.872267,,,True,False,True,True,,True,
147670819_5,147670819,5,1886.83,12155.6,8,28.1408,1,True,True,27.4153,111.079,38.9534,flare_decay,True,True,True,True,True,True,0.945357,0.914822,,,True,True,True,True,,True,
147670819_6,147670819,6,1886.39,40180.2,1,36.4413,1,False,True,27.3587,4.86024,169.676,flare_decay,False,True,True,True,True,True,0.91195,0.667009,,,False,False,True,True,,True,
147670819_7,147670819,7,1893.81,6191.07,1,5.61497,0,False,,,,,,,,,,,,,,,,,,,,,,
147670819_8,147670819,8,1890.28,6615.61,8,15.3155,1,True,True,15.3849,44.8263,0.207214,flare_decay,True,True,True,True,True,True,0.906837,1.02857,,,True,True,True,True,,True,
147670819_9,147670819,9,1897.41,14961.4,8,34.6362,1,True,True,32.1755,127.665,16.2104,step,True,True,True,True,True,True,0.835304,0.924345,,,True,True,True,True,True,True,
147670819_10,147670819,10,1893.12,10064,1,9.12748,0,False,,,,,,,,,,,,,,,,,,,,,,
147670819_11,147670819,11,1880.43,4580.13,8,10.6032,1,True,True,9.43798,6.0478,-0.864193,flare_decay,False,True,True,True,True,True,1.42555,1.03552,,,False,True,True,True,,True,
147670819_12,147670819,12,1895.93,7271.37,4,12.5999,1,True,True,12.1621,24.9754,15.1379,flare_decay,True,True,True,True,True,True,0.621692,0.868203,,,True,True,True,True,,True,
147670819_13,147670819,13,1887.22,17345.5,16,53.3615,1,True,True,53.4872,625.825,36.7215,flare_decay,True,True,True,True,True,True,0.814072,0.949816,,,True,True,True,True,True,True,
147670819_14,147670819,14,1895.01,2606.86,16,8.01972,1,True,True,8.88675,6.27921,-7.73963,flare_decay,False,True,True,True,True,True,0.859212,0.98604,,,False,True,True,True,,True,
147670819_15,147670819,15,1879.78,1573.79,8,3.64339,0,True,,,,,,,,,,,,,,,,,,,,,,
147670819_16,147670819,16,1872.97,15206.3,1,13.7913,1,False,True,13.4852,53.4616,13.7695,flare_decay,True,False,True,True,True,True,1.04167,0.49949,,,True,False,True,True,,True,
147670819_17,147670819,17,1895.91,6299.46,1,5.71327,0,False,,,,,,,,,,,,,,,,,,,,,,
147670819_18,147670819,18,1872.47,7782.69,24,35.9872,1,True,True,30.9971,218.291,28.6126,flare_decay,True,True,True,True,True,True,0.933438,0.980356,,,True,True,True,True,,True,
147670819_19,147670819,19,1885.93,4410.86,16,13.5695,1,True,True,14.1881,41.8441,6.90526,flare_decay,True,True,True,True,True,True,0.678401,0.633184,,,True,True,True,True,,True,
147937349_0,147937349,0,1877.93,1631.36,24,13.9619,1,True,True,12.4811,13.9422,0.238653,flare_decay,True,True,True,True,True,True,0.55113,0.809837,,,True,True,True,True,,True,
147937349_1,147937349,1,1891.22,619.317,16,3.57093,0,True,,,,,,,,,,,,,,,,,,,,,,
147937349_2,147937349,2,1895.39,5871.58,24,50.2516,1,True,True,41.9263,125.362,-2.95904,flare_decay,True,True,True,True,True,True,0.580748,0.917845,,,True,True,True,True,,True,
147937349_3,147937349,3,1889.6,1138.81,24,9.74643,0,True,,,,,,,,,,,,,,,,,,,,,,
147937349_4,147937349,4,1880.37,17138.4,4,41.0588,1,True,True,41.6338,207.082,-19.2966,flare_decay,False,True,True,True,True,True,1.68553,0.862436,,,True,True,True,True,,True,
147937349_5,147937349,5,1888.31,7859.18,4,18.8284,1,True,True,18.0999,38.1998,-10.2407,flare_decay,False,True,True,True,True,True,0.81989,0.899776,,,True,True,True,True,True,True,
147937349_6,147937349,6,1878.08,2277.38,4,5.45597,0,True,,,,,,,,,,,,,,,,,,,,,,
147937349_7,147937349,7,1872.28,5330.56,4,12.7705,1,True,True,13.5198,8.70322,2.3405,flare_decay,False,True,True,True,True,True,0.954838,0.821169,,,False,True,True,True,,True,
147937349_8,147937349,8,1878.1,1069.03,8,3.93596,0,True,,,,,,,,,,,,,,,,,,,,,,
147937349_9,147937349,9,1878.08,4614.09,24,39.4894,1,True,True,33.5351,96.7409,-6.71422,flare_decay,False,True,True,True,True,True,0.679779,0.933239,,,True,True,True,True,,True,
147937349_10,147937349,10,1882.64,4225.49,2,7.26865,0,False,,,,,,,,,,,,,,,,,,,,,,
147937349_11,147937349,11,1886.14,7255.28,4,17.3816,1,True,True,14.6132,20.9231,8.16169,flare_decay,True,True,True,True,True,True,0.839192,0.842698,,,True,True,True,True,,True,
147937349_12,147937349,12,1894.35,1511.38,8,5.56458,0,True,,,,,,,,,,,,,,,,,,,,,,
147937349_13,147937349,13,1872.24,2132.28,8,7.85063,0,True,,,,,,,,,,,,,,,,,,,,,,
147937349_14,147937349,14,1887.99,18178.6,2,31.2706,1,False,True,29.0031,237.718,30.8388,flare_decay,True,True,True,True,True,True,0.957109,0.913207,,,True,False,True,True,,True,
147937349_15,147937349,15,1895.83,4672.51,16,26.9413,1,True,True,27.4217,57.654,-0.863602,flare_decay,True,True,True,True,True,True,0.435519,0.752649,,,True,True,True,True,True,True,
147937349_16,147937349,16,1888.72,2811.1,24,24.0587,1,True,True,20.3646,40.5376,1.00653,step,True,True,True,True,True,True,0.476008,0.767956,,,True,True,True,True,,True,
147937349_17,147937349,17,1882.74,15141,4,36.2736,1,True,True,35.8903,134.579,69.0413,flare_decay,True,True,True,True,True,True,1.00184,0.854466,,,True,True,True,True,True,True,
147937349_18,147937349,18,1872.35,2822.44,4,6.76176,1,True,True,8.20959,4.03798,-1.80166,step,False,True,True,True,True,True,0.480045,0.417759,,,False,True,True,True,,True,
147937349_19,147937349,19,1888.35,1490.63,16,8.59488,0,True,,,,,,,,,,,,,,,,,,,,,,
147994981_0,147994981,0,1887.97,11399.4,4,18.6819,1,True,True,17.6369,70.3887,15.2725,flare_decay,True,True,True,True,True,True,1.36691,0.931624,,,True,True,True,True,True,True,
147994981_1,147994981,1,1886.6,20207.9,8,46.3124,1,True,True,44.2098,484.45,18.814,flare_decay,True,True,True,True,True,True,0.977167,0.870377,,,True,True,True,True,,True,
147994981_2,147994981,2,1876.68,17172.9,16,51.3872,1,True,True,49.7393,653.96,71.4943,flare_decay,True,True,True,True,True,True,1.63183,0.855348,,,True,True,True,True,True,True,
147994981_3,147994981,3,1872.08,2625.54,8,6.01719,0,True,,,,,,,,,,,,,,,,,,,,,,
147994981_4,147994981,4,1887.39,2224.58,8,5.09826,1,True,True,7.77042,8.03224,-4.56422,flare_decay,False,True,True,True,True,True,0.609655,0.698135,,,False,True,True,True,,True,
147994981_5,147994981,5,1871.99,41582.9,1,35.3121,1,False,True,31.5723,370.251,45.019,flare_decay,True,True,True,True,True,True,2.59036,0.455593,,,True,True,True,True,True,True,
147994981_6,147994981,6,1875.1,11145.9,1,9.46506,0,False,,,,,,,,,,,,,,,,,,,,,,
147994981_7,147994981,7,1880.1,42648.7,1,36.2171,1,False,True,35.4753,100.634,51.9377,flare_decay,True,True,True,True,True,True,1.25218,0.515474,,,True,False,True,True,,True,
147994981_8,147994981,8,1880.66,2837.61,2,3.35733,0,False,,,,,,,,,,,,,,,,,,,,,,
147994981_9,147994981,9,1880.06,50000,1,42.4598,1,False,True,45.788,397.672,-0.61124,flare_decay,True,True,True,True,True,True,1.91834,0.585844,,,True,True,True,True,,True,
147994981_10,147994981,10,1880.85,5708.84,1,4.84793,0,False,,,,,,,,,,,,,,,,,,,,,,
147994981_11,147994981,11,1873.53,9948.75,24,31.8153,1,True,True,31.8929,310.815,6.58273,flare_decay,True,True,True,True,True,True,1.27384,0.771445,,,True,True,True,True,True,True,
147994981_12,147994981,12,1871.06,17687.8,24,56.5641,1,True,True,44.6303,397.323,279.061,step,True,False,False,True,True,False,,,,,True,True,False,False,,True,
147994981_13,147994981,13,1873.39,6951.54,2,8.22474,0,False,,,,,,,,,,,,,,,,,,,,,,
147994981_14,147994981,14,1892.33,5486.91,16,16.4187,1,True,True,14.6559,36.1271,8.59889,flare_decay,True,True,True,True,True,True,1.19456,0.842186,,,True,True,True,True,,True,
147994981_15,147994981,15,1892.37,11431,8,26.1974,1,True,True,24.4922,129.499,3.46409,flare_decay,True,True,True,True,True,True,1.02322,0.867676,,,True,True,True,True,,True,
147994981_16,147994981,16,1878.97,4162.35,16,12.4552,1,True,True,13.7224,23.0099,3.65849,flare_decay,True,True,True,True,True,True,1.12655,0.861733,,,True,True,True,True,,True,
147994981_17,147994981,17,1897.12,23558.2,4,38.6086,1,True,True,37.782,164.144,-27.222,flare_decay,False,True,True,True,True,True,1.1251,0.914808,,,True,True,True,True,,True,
147994981_18,147994981,18,1879.91,3960.9,16,11.8524,1,True,True,12.6629,21.5996,0.224547,flare_decay,True,True,True,True,True,True,0.858045,0.712922,,,True,True,True,True,,True,
147994981_19,147994981,19,1897.35,4894.77,1,4.15662,0,False,,,,,,,,,,,,,,,,,,,,,,
148655028_0,148655028,0,1892.39,914.248,16,7.82327,0,True,,,,,,,,,,,,,,,,,,,,,,
148655028_1,148655028,1,1870.49,16427.3,1,28.325,0,False,,,,,,,,,,,,,,,,,,,,,,
148655028_2,148655028,2,1871.43,1711.44,16,14.6448,1,True,True,16.7524,32.2565,-8.73475,flare_decay,False,True,True,True,True,True,0.611315,1.00946,,,True,True,True,True,,True,
148655028_3,148655028,3,1885.1,7398.91,4,28.7915,0,True,,,,,,,,,,,,,,,,,,,,,,
148655028_4,148655028,4,1874.41,390.406,24,4.13947,0,True,,,,,,,,,,,,,,,,,,,,,,
148655028_5,148655028,5,1875.18,538.415,16,4.60725,0,True,,,,,,,,,,,,,,,,,,,,,,
148655028_6,148655028,6,1890.33,3129.77,8,17.2956,1,True,True,16.0772,38.6894,-5.17609,flare_decay,True,True,True,True,True,True,0.615911,1.0861,,,True,True,True,True,True,True,
148655028_7,148655028,7,1883.35,4232.48,24,44.8769,1,True,True,45.1845,200.725,43.1696,flare_decay,True,True,False,True,True,False,0.195248,0.581332,,,True,True,True,False,,True,
148655028_8,148655028,8,1879.22,4614.73,24,48.9299,1,True,True,42.527,353.688,70.1217,flare_decay,True,True,True,True,True,True,0.718515,0.977972,,,True,True,True,True,,True,
148655028_9,148655028,9,1894.47,1336.56,4,5.20096,0,True,,,,,,,,,,,,,,,,,,,,,,
148655028_10,148655028,10,1873.37,1439.89,16,12.3212,1,True,True,10.4126,15.7099,0.103347,step,True,True,True,True,True,True,0.53004,0.847208,,,True,True,True,True,True,True,
148655028_11,148655028,11,1886.93,1947.6,16,16.6657,1,True,True,17.4206,15.557,-2.46411,flare_decay,True,True,True,True,True,True,0.520288,1.05478,,,True,True,True,True,,True,
148655028_12,148655028,12,1878.87,2204.99,8,12.1851,1,True,True,11.1634,9.8835,-0.593866,flare_decay,False,True,True,True,True,True,0.747487,1.20368,,,False,True,True,True,,True,
148655028_13,148655028,13,1880.66,10377.4,8,57.3471,1,True,True,54.0902,435.782,63.053,flare_decay,True,True,True,True,True,True,0.619169,0.940963,2.80442e-11,0,True,True,True,True,,True,True
148655028_14,148655028,14,1886.29,1362.84,8,7.53127,0,True,,,,,,,,,,,,,,,,,,,,,,
148655028_15,148655028,15,1880.66,6993.11,8,38.6449,1,True,True,36.3971,181.568,26.2349,flare_decay,True,True,True,True,True,True,0.675425,0.940708,,,True,True,True,True,,True,
148655028_16,148655028,16,1888.04,21551.8,1,37.1609,1,False,True,38.0985,146.005,-1.79918,flare_decay,True,True,True,True,True,True,0.922834,0.535095,,,True,True,True,True,,True,
148655028_17,148655028,17,1883.93,1370.74,2,3.34467,0,False,,,,,,,,,,,,,,,,,,,,,,
148655028_18,148655028,18,1870.66,1540.12,2,3.75796,0,False,,,,,,,,,,,,,,,,,,,,,,
148655028_19,148655028,19,1878.89,8643.31,8,47.7642,1,True,True,45.421,340.137,40.5385,flare_decay,True,True,True,True,True,True,0.719619,1.00873,,,True,True,True,True,,True,
149917001_0,149917001,0,1877.95,3395.38,16,6.51122,0,True,,,,,,,,,,,,,,,,,,,,,,
149917001_1,149917001,1,1876.37,10109,1,13.4504,1,False,True,11.1145,3.24636,75.1144,flare_decay,False,True,True,True,True,True,1.43584,0.7155,,,False,False,True,True,,True,
149917001_2,149917001,2,1876.83,3273.95,8,5.46832,0,True,,,,,,,,,,,,,,,,,,,,,,
149917001_3,149917001,3,1876.41,23487.8,4,38.5098,1,True,True,41.8316,1550.94,1042.26,flare_decay,True,True,True,True,True,True,2.60408,0.944198,,,True,True,True,True,,True,
149917001_4,149917001,4,1874.64,11528.5,24,22.9886,1,True,True,21.0149,1752.45,85.4147,flare_decay,True,True,True,True,True,True,3.0313,0.934893,,,True,True,True,True,,True,
149917001_5,149917001,5,1897.45,1592.46,24,3.17547,0,True,,,,,,,,,,,,,,,,,,,,,,
149917001_6,149917001,6,1887.6,3618.63,24,7.21576,0,True,,,,,,,,,,,,,,,,,,,,,,
149917001_7,149917001,7,1888.33,4426.14,4,7.25697,1,True,True,7.62227,22.8625,0.111338,flare_decay,True,True,True,True,True,True,2.02837,1.03846,0.0723008,0.0434747,True,True,True,True,True,True,True
149917001_8,149917001,8,1875.04,6082.77,24,12.1294,1,True,True,10.8911,654.452,12.8523,step,True,True,True,True,True,True,2.29571,0.757881,0,3.83232e-18,True,True,True,True,,True,True
149917001_9,149917001,9,1890.89,2160.29,8,3.60824,0,True,,,,,,,,,,,,,,,,,,,,,,
149917001_10,149917001,10,1871.87,10294.8,1,13.6976,0,False,,,,,,,,,,,,,,,,,,,,,,
149917001_11,149917001,11,1880.26,25148,16,48.2256,1,True,True,48.7552,7222.77,589.485,flare_decay,True,True,True,True,True,True,3.57016,0.991914,0,0,True,True,True,True,,True,True
149917001_12,149917001,12,1883.33,2535.1,4,4.15648,0,True,,,,,,,,,,,,,,,,,,,,,,
149917001_13,149917001,13,1892.83,16199.7,8,27.0575,1,True,True,27.6768,979.805,81.4302,flare_decay,True,True,True,True,True,True,2.38834,0.955628,,,True,True,True,True,,True,
149917001_14,149917001,14,1890.22,2033.38,16,3.89936,0,True,,,,,,,,,,,,,,,,,,,,,,
149917001_15,149917001,15,1889.08,16924.7,1,22.5189,1,False,True,20.9559,108.556,57.1217,flare_decay,True,True,True,True,True,True,1.55222,0.479731,,,True,True,True,True,,True,
149917001_16,149917001,16,1887.83,11615.4,4,19.0442,1,True,True,20.3463,602.227,-56.5739,flare_decay,False,True,True,True,True,True,1.27669,0.913,,,True,True,True,True,,True,
149917001_17,149917001,17,1883.49,2152.21,24,4.29162,0,True,,,,,,,,,,,,,,,,,,,,,,
149917001_18,149917001,18,1876.16,6816.51,24,13.5925,1,True,True,15.246,837.087,76.2552,flare_decay,True,True,True,True,True,True,3.52376,0.872311,,,True,True,True,True,,True,
149917001_19,149917001,19,1896.45,3898.93,8,6.5122,0,True,,,,,,,,,,,,,,,,,,,,,,
150279329_0,150279329,0,1889.93,1846.21,4,3.46032,0,True,,,,,,,,,,,,,,,,,,,,,,
150279329_1,150279329,1,1894.93,18407,2,24.8725,1,False,True,24.8667,65.5918,2.04766,flare_decay,True,True,True,True,True,True,0.66771,0.935807,,,True,False,True,True,,True,
150279329_2,150279329,2,1896.2,15671,2,21.1754,1,False,True,18.8468,111.037,18.8261,flare_decay,True,True,True,True,True,True,1.09982,0.984573,,,True,False,True,True,,True,
150279329_3,150279329,3,1881.7,8385.65,4,15.7171,1,True,True,14.866,79.8647,-6.25124,flare_decay,False,True,True,True,True,True,1.84718,0.945663,0.0218015,0,True,True,True,True,,True,True
150279329_4,150279329,4,1897.12,2043.79,16,6.82262,0,True,,,,,,,,,,,,,,,,,,,,,,
150279329_5,150279329,5,1882.2,3844.43,8,9.8051,1,True,True,8.54511,13.8035,6.9361,flare_decay,True,True,True,True,True,True,0.958721,0.709581,0.80862,0,True,True,True,True,,True,False
150279329_6,150279329,6,1889.12,15052.2,24,57.9047,1,True,True,54.3623,1303.35,98.3022,flare_decay,True,True,True,True,True,True,1.33819,0.904165,,,True,True,True,True,True,True,
150279329_7,150279329,7,1887.02,10375.5,2,14.0199,1,False,True,12.9566,21.9905,-0.0989154,flare_decay,True,True,True,True,True,True,0.906824,0.86593,,,True,False,True,True,,True,
150279329_8,150279329,8,1897.47,6453.03,4,12.0948,1,True,True,11.06,40.45,13.6052,step,True,True,True,True,True,True,0.413249,0.843246,,,True,True,True,True,,True,
150279329_9,150279329,9,1886.64,5246.32,16,17.5134,1,True,True,18.8107,107.558,22.0953,step,True,True,True,True,True,True,1.11215,1.1748,,,True,True,True,True,,True,
150279329_10,150279329,10,1897.39,17355.6,16,57.9368,1,True,True,49.5471,371.436,32.6826,flare_decay,True,False,False,True,True,False,,,,,True,True,False,False,,True,
150279329_11,150279329,11,1888.14,1012.74,24,3.89592,0,True,,,,,,,,,,,,,,,,,,,,,,
150279329_12,150279329,12,1882.45,4900.13,2,6.6213,0,False,,,,,,,,,,,,,,,,,,,,,,
150279329_13,150279329,13,1875.06,9107.83,1,9.11752,0,False,,,,,,,,,,,,,,,,,,,,,,
150279329_14,150279329,14,1880.58,1038.18,16,3.46568,0,True,,,,,,,,,,,,,,,,,,,,,,
150279329_15,150279329,15,1877.93,34410.1,1,34.4467,1,False,True,26.7449,153.389,98.1453,flare_decay,True,True,True,True,True,True,0.863988,0.651071,,,True,False,True,True,,True,
150279329_16,150279329,16,1886.24,1974.47,24,7.59563,0,True,,,,,,,,,,,,,,,,,,,,,,
150279329_17,150279329,17,1895.31,2607.44,16,8.70423,1,True,True,9.53324,27.0596,2.59135,flare_decay,True,True,True,True,True,True,1.21033,1.07768,0.00537297,0,True,True,True,True,True,True,True
150279329_18,150279329,18,1886.43,31924.9,4,59.8365,1,True,True,58.3575,436.404,206.203,flare_decay,True,True,True,True,True,True,1.63871,0.927051,,,True,True,True,True,True,True,
150279329_19,150279329,19,1889.93,18684.4,4,35.0199,1,True,True,35.613,393.2,175.396,flare_decay,True,True,True,True,True,True,0.985448,0.918902,,,True,True,True,True,,True,
150326968_0,150326968,0,1896.85,3761.93,24,28.1974,1,True,True,28.4122,125.982,12.2651,flare_decay,True,True,True,True,True,True,0.905662,1.21608,,,True,True,True,True,,True,
150326968_1,150326968,1,1881.39,3314.53,16,23.6706,1,True,True,20.8609,67.9895,-9.28256,flare_decay,False,True,True,True,True,True,0.495625,0.678289,,,True,True,True,True,,True,
150326968_2,150326968,2,1891.62,2559.23,16,18.2767,1,True,True,19.9598,50.8226,8.47561,flare_decay,True,True,True,True,True,True,0.881481,0.799321,,,True,True,True,True,,True,
150326968_3,150326968,3,1889.33,2737.18,2,6.19558,1,False,True,8.06875,-7.25561,3.2067,flare_decay,False,True,True,True,True,True,0.459927,0.702736,,,False,False,True,True,,True,
150326968_4,150326968,4,1895.78,4995.64,2,11.3076,1,False,True,10.1389,25.8761,0.850468,flare_decay,True,True,True,True,True,True,0.919122,0.916537,,,True,False,True,True,,True,
150326968_5,150326968,5,1895.81,22370,2,50.6343,1,False,True,48.814,345.107,123.768,flare_decay,True,True,True,True,True,True,0.903493,0.885656,,,True,False,True,True,,True,
150326968_6,150326968,6,1881.45,16122.4,4,54.3728,1,False,True,52.4487,224.388,124.48,flare_decay,True,True,True,True,True,True,0.50781,0.873642,,,True,False,True,True,,True,
150326968_7,150326968,7,1877.64,5207.7,8,26.8483,1,True,True,24.5098,187.087,3.13242,flare_decay,True,True,True,True,True,True,0.838362,0.894979,,,True,True,True,True,,True,
150326968_8,150326968,8,1882.78,4745.48,1,8.44558,0,False,,,,,,,,,,,,,,,,,,,,,,
150326968_9,150326968,9,1879.6,3875.41,1,6.8971,0,False,,,,,,,,,,,,,,,,,,,,,,
150326968_10,150326968,10,1873.91,403.492,24,3.02436,0,True,,,,,,,,,,,,,,,,,,,,,,
150326968_11,150326968,11,1889.1,15887.2,2,35.9605,1,False,True,35.8436,135.984,27.5563,flare_decay,True,True,True,True,True,True,0.964039,0.854225,,,True,False,True,True,,True,
150326968_12,150326968,12,1889.89,3258.47,1,5.79913,0,False,,,,,,,,,,,,,,,,,,,,,,
150326968_13,150326968,13,1895.49,905.486,8,4.66823,0,True,,,,,,,,,,,,,,,,,,,,,,
150326968_14,150326968,14,1880.7,2889.44,2,6.54024,0,False,,,,,,,,,,,,,,,,,,,,,,
150326968_15,150326968,15,1878.62,457.067,16,3.26413,0,True,,,,,,,,,,,,,,,,,,,,,,
150326968_16,150326968,16,1876.95,1159.08,16,8.27753,0,True,,,,,,,,,,,,,,,,,,,,,,
150326968_17,150326968,17,1877.7,1394.6,2,3.15667,0,False,,,,,,,,,,,,,,,,,,,,,,
150326968_18,150326968,18,1880.41,11292.9,8,58.2206,1,True,True,56.1341,429.759,49.4936,flare_decay,True,True,True,True,True,True,0.904925,0.887584,,,True,True,True,True,,True,
150326968_19,150326968,19,1883.6,4071.57,24,30.5183,1,True,True,25.4642,-4.87352,-0.4427,step,False,False,False,True,True,False,0.149721,0.170478,,,False,True,False,False,,True,
153976875_0,153976875,0,1877.2,6619.51,8,21.9351,1,True,True,20.2255,97.1586,2.78254,flare_decay,True,True,True,True,True,True,1.02714,1.04263,,,True,True,True,True,,True,
153976875_1,153976875,1,1886.97,16896,4,38.165,1,True,True,38.0159,146.728,62.7432,flare_decay,True,True,True,True,True,True,1.07592,0.90426,0.101792,0,True,True,True,True,,True,True
153976875_2,153976875,2,1871.55,6196.02,24,47.5594,1,True,True,36.483,187.353,24.0336,flare_decay,True,False,True,True,True,True,0.63011,0.927053,,,True,True,True,True,True,True,
153976875_3,153976875,3,1883.97,7928.52,16,43.7906,1,True,True,21.1829,11.9616,16.8961,flare_decay,True,False,False,True,True,False,,,,,True,True,False,False,,True,
153976875_4,153976875,4,1890.95,9577.62,1,11.88,0,False,,,,,,,,,,,,,,,,,,,,,,
153976875_5,153976875,5,1876.12,4362.01,1,5.41062,0,False,,,,,,,,,,,,,,,,,,,,,,
153976875_6,153976875,6,1894.62,1714.48,4,3.87269,0,True,,,,,,,,,,,,,,,,,,,,,,
153976875_7,153976875,7,1888.26,4361.41,1,5.40987,0,False,,,,,,,,,,,,,,,,,,,,,,
153976875_8,153976875,8,1890.33,26741,2,42.7956,1,False,True,42.3328,161.026,49.0397,flare_decay,True,True,True,True,True,True,0.770627,0.985214,,,True,False,True,True,,True,
153976875_9,153976875,9,1879.64,2158.79,24,16.5704,1,True,True,13.7504,6.48944,3.05794,flare_decay,False,True,True,True,True,True,0.92056,1.02591,,,False,True,True,True,,True,
153976875_10,153976875,10,1881.01,4625.75,4,10.4487,1,True,True,11.1925,15.503,-1.97581,flare_decay,True,True,True,True,True,True,1.26867,0.895722,,,True,True,True,True,True,True,
153976875_11,153976875,11,1895.93,1750.87,16,9.67035,1,True,True,8.88778,9.76478,-4.93451,flare_decay,False,True,True,True,True,True,0.568238,0.713747,,,False,True,True,True,,True,
153976875_12,153976875,12,1878.49,15329.2,1,19.0142,1,False,True,16.1102,52.8633,8.7873,flare_decay,True,True,True,True,True,True,1.40616,0.579303,,,True,True,True,True,True,True,
153976875_13,153976875,13,1874.93,5018.88,16,27.7202,1,True,True,25.0026,87.2115,5.5271,flare_decay,True,True,True,True,True,True,0.5541,0.839177,,,True,True,True,True,,True,
153976875_14,153976875,14,1886.24,4933.47,4,11.1438,1,True,True,12.3477,13.4968,0.490553,flare_decay,True,False,True,True,True,True,1.27494,0.864398,0.231602,0,True,True,True,True,True,True,True
153976875_15,153976875,15,1895.78,18360.7,2,29.384,1,False,True,28.0148,72.2873,13.4767,flare_decay,True,True,True,True,True,True,0.619463,1.01419,,,True,False,True,True,,True,
153976875_16,153976875,16,1888.08,26801.9,2,42.8932,1,False,True,41.004,260.549,112.446,flare_decay,True,True,True,True,True,True,0.821966,0.976291,,,True,False,True,True,,True,
153976875_17,153976875,17,1877.45,4208.77,8,13.9466,1,True,True,13.4583,19.9449,1.98768,flare_decay,True,True,True,True,True,True,0.729704,0.940454,,,True,True,True,True,,True,
153976875_18,153976875,18,1877.35,2933.35,8,9.72025,1,True,True,9.73416,40.4663,-2.26876,step,True,True,True,True,True,True,0.9114,1.0415,,,True,True,True,True,,True,
153976875_19,153976875,19,1881.12,4957.47,2,7.93383,1,False,True,8.01044,-3.41271,-4.58329,flare_decay,False,True,True,True,True,True,8.04842,1.00432,,,False,False,True,True,,True,
154067469_0,154067469,0,1878.8,450.006,4,4.7147,0,True,,,,,,,,,,,,,,,,,,,,,,
154067469_1,154067469,1,1881.18,1757.28,1,10.0202,0,False,,,,,,,,,,,,,,,,,,,,,,
154067469_2,154067469,2,1892.28,227.022,24,5.29393,0,True,,,,,,,,,,,,,,,,,,,,,,
154067469_3,154067469,3,1893.7,776.668,1,4.42865,0,False,,,,,,,,,,,,,,,,,,,,,,
154067469_4,154067469,4,1870.78,4516.93,4,47.3239,0,True,,,,,,,,,,,,,,,,,,,,,,
154067469_5,154067469,5,1874.78,2279.61,16,44.6251,1,True,True,45.0932,431.485,8.00775,flare_decay,True,True,True,True,True,True,0.537637,0.857934,,,True,True,True,True,True,True,
154067469_6,154067469,6,1888.91,1179.98,4,12.3626,1,True,True,11.7274,29.762,-7.95251,flare_decay,False,True,True,True,True,True,0.876094,1.57691,,,True,True,True,True,,True,
154067469_7,154067469,7,1892.01,177.955,24,4.14974,0,True,,,,,,,,,,,,,,,,,,,,,,
154067469_8,154067469,8,1889.24,576.708,4,6.04216,0,True,,,,,,,,,,,,,,,,,,,,,,
154067469_9,154067469,9,1889.6,271.47,24,6.33043,0,True,,,,,,,,,,,,,,,,,,,,,,
154067469_10,154067469,10,1892.85,213.311,16,4.17572,0,True,,,,,,,,,,,,,,,,,,,,,,
154067469_11,154067469,11,1894.24,412.933,24,9.62921,0,True,,,,,,,,,,,,,,,,,,,,,,
154067469_12,154067469,12,1877.74,603.544,8,9.12936,1,True,True,10.9334,38.947,-4.09766,flare_decay,True,True,True,True,True,True,0.507481,1.25091,,,True,True,True,True,,True,
154067469_13,154067469,13,1893.43,337.775,8,5.10927,0,True,,,,,,,,,,,,,,,,,,,,,,
154067469_14,154067469,14,1889.45,1078.83,24,25.1572,1,True,True,23.1546,186.509,5.55602,flare_decay,True,True,False,True,True,False,-0.0232737,-0.0847131,,,True,True,True,False,,True,
154067469_15,154067469,15,1896.1,2006.87,2,15.5448,1,False,True,12.7484,19.254,0.228608,flare_decay,True,True,True,True,True,True,0.305655,0.63058,,,True,False,True,True,,True,
154067469_16,154067469,16,1886.03,538.865,2,4.17395,0,False,,,,,,,,,,,,,,,,,,,,,,
154067469_17,154067469,17,1872.1,747.263,16,14.6282,1,True,True,12.9845,70.7955,10.461,step,True,True,True,True,True,True,0.562107,1.01331,,,True,True,True,True,,True,
154067469_18,154067469,18,1895.24,1358.55,1,7.74659,0,False,,,,,,,,,,,,,,,,,,,,,,
154067469_19,154067469,19,1872.91,533.573,24,12.4424,0,True,,,,,,,,,,,,,,,,,,,,,,
154071118_0,154071118,0,1882.7,5856.99,2,38.1888,1,False,True,34.862,258.417,-22.4751,flare_decay,False,True,True,True,True,True,0.422284,0.871853,,,True,False,True,True,,True,
154071118_1,154071118,1,1875.91,1430.42,2,9.32666,1,False,True,8.76402,3.93519,-1.84429,flare_decay,False,True,True,True,True,True,0.444447,0.70031,,,False,False,True,True,,True,
154071118_2,154071118,2,1887.39,2037.99,1,10.6055,0,False,,,,,,,,,,,,,,,,,,,,,,
154071118_3,154071118,3,1874.83,3328.98,4,26.6527,1,False,True,26.4524,138.102,2.96106,flare_decay,True,True,True,True,True,True,0.560376,0.914452,,,True,False,True,True,,True,
154071118_4,154071118,4,1890.76,231.456,24,3.88242,0,True,,,,,,,,,,,,,,,,,,,,,,
154071118_5,154071118,5,1893.33,1405.35,1,7.31335,0,False,,,,,,,,,,,,,,,,,,,,,,
154071118_6,154071118,6,1888.24,3717.62,1,19.3462,1,False,True,15.3331,53.6148,13.6774,flare_decay,True,True,False,True,True,False,0.266054,0.665904,,,True,False,True,False,,True,
154071118_7,154071118,7,1888.22,2543.12,16,33.7847,1,True,True,31.7681,451.818,33.8489,flare_decay,True,True,True,True,True,True,0.447157,1.00134,,,True,True,True,True,True,True,
154071118_8,154071118,8,1874.91,2072.8,8,20.766,1,True,True,21.5636,199.52,47.1147,flare_decay,True,True,True,True,True,True,0.529778,0.825254,,,True,True,True,True,,True,
154071118_9,154071118,9,1887.18,436.659,4,3.49601,0,False,,,,,,,,,,,,,,,,,,,,,,
154071118_10,154071118,10,1888.22,375.433,24,6.29747,0,True,,,,,,,,,,,,,,,,,,,,,,
154071118_11,154071118,11,1879.91,408.343,24,6.8495,0,True,,,,,,,,,,,,,,,,,,,,,,
154071118_12,154071118,12,1885.55,4191.01,2,27.3262,1,False,True,25.744,168.991,15.5301,flare_decay,True,True,True,True,True,True,0.340718,0.832328,,,True,False,True,True,,True,
154071118_13,154071118,13,1891.64,1998.65,24,33.5251,1,True,True,28.666,376.953,2.29927,flare_decay,True,True,False,True,True,True,0.559588,0.916793,,,True,True,True,True,True,True,
154071118_14,154071118,14,1896.91,3772.58,2,24.598,1,False,True,26.65,58.7369,-7.81591,flare_decay,False,True,True,True,True,True,0.492255,0.968514,,,True,False,True,True,,True,
154071118_15,154071118,15,1875.12,1036.68,24,17.3892,1,True,True,17.3444,125.778,20.7475,flare_decay,True,True,False,True,True,False,-0.000106994,-0.000186607,,,True,True,True,False,,True,
154071118_16,154071118,16,1882.47,2813.94,1,14.6435,1,False,True,8.32815,2.61725,33.436,flare_decay,False,True,True,True,True,True,0.777038,0.64192,,,False,True,True,True,,True,
154071118_17,154071118,17,1879.1,2249.26,2,14.6656,1,False,True,14.4851,43.4966,-0.907837,flare_decay,True,True,True,True,True,True,0.808184,0.824824,,,True,False,True,True,,True,
154071118_18,154071118,18,1880.14,3637.05,8,36.4372,1,True,True,36.6174,439.046,67.6706,flare_decay,True,True,True,True,True,True,1.14346,1.01363,,,True,True,True,True,,True,
154071118_19,154071118,19,1894.12,2281.41,1,11.8723,0,False,,,,,,,,,,,,,,,,,,,,,,
154474646_0,154474646,0,1882.68,5071.41,4,17.8343,1,True,True,16.8816,33.6901,21.6835,flare_decay,True,True,True,True,True,True,0.979508,0.862098,,,True,True,True,True,,True,
154474646_1,154474646,1,1880.7,6975.67,4,24.5308,1,True,True,22.7373,51.7347,29.3374,flare_decay,True,True,True,True,True,True,1.13456,0.860447,,,True,True,True,True,,True,
154474646_2,154474646,2,1885.55,4887.42,16,37.7249,1,True,True,18.0957,4.52463,5.05222,step,False,False,True,True,True,True,0.366317,0.827543,,,False,True,True,True,,True,
154474646_3,154474646,3,1895.78,3842.76,24,39.0366,1,True,True,32.4975,186.548,45.7916,flare_decay,True,True,False,True,True,False,0.244376,0.56815,,,True,True,True,False,,True,
154474646_4,154474646,4,1895.6,8692.78,8,47.9936,1,True,True,44.4421,361.461,16.5253,flare_decay,True,True,True,True,True,True,0.725547,0.929001,,,True,True,True,True,,True,
154474646_5,154474646,5,1893.37,3853.29,24,39.1435,1,True,True,32.3411,166.069,4.16673,flare_decay,True,True,True,True,True,True,0.584915,0.961255,,,True,True,True,True,,True,
154474646_6,154474646,6,1892.35,8855.17,1,14.8067,1,False,True,14.2098,54.1406,-3.06381,flare_decay,True,False,False,True,True,True,2.08167,0.484295,,,True,True,False,True,,True,
154474646_7,154474646,7,1879.45,898.113,24,9.12346,0,True,,,,,,,,,,,,,,,,,,,,,,
154474646_8,154474646,8,1872.93,2338.13,8,12.909,1,True,True,11.7952,25.7663,2.12602,flare_decay,True,True,True,True,True,True,0.709824,0.747687,,,True,True,True,True,True,True,
154474646_9,154474646,9,1893.62,1575.69,8,8.69953,0,True,,,,,,,,,,,,,,,,,,,,,,
154474646_10,154474646,10,1882.05,10932.1,4,38.4443,1,True,True,38.461,156.868,49.4747,flare_decay,True,True,True,True,True,True,1.45226,0.930153,,,True,True,True,True,,True,
154474646_11,154474646,11,1876.64,10352.8,1,17.3109,1,False,True,12.0806,-1.63549,56.5656,flare_decay,False,True,True,True,True,True,0.770337,0.796117,,,False,True,True,True,,True,
154474646_12,154474646,12,1891.49,978.817,24,9.94328,1,True,True,8.95091,10.1757,-4.71564,flare_decay,True,True,True,True,True,True,1.01131,1.50647,,,True,True,True,True,,True,
154474646_13,154474646,13,1891.58,690.63,16,5.33081,0,True,,,,,,,,,,,,,,,,,,,,,,
154474646_14,154474646,14,1890.49,17050.9,2,41.4507,1,False,True,42.0056,294.999,30.5776,flare_decay,True,True,True,True,True,True,0.672203,0.916709,,,True,False,True,True,,True,
154474646_15,154474646,15,1882.51,2440.45,1,4.08067,0,False,,,,,,,,,,,,,,,,,,,,,,
154474646_16,154474646,16,1874.14,5229.04,8,28.87,1,True,True,27.1087,137.797,48.3432,flare_decay,True,True,True,True,True,True,0.892218,0.955734,,,True,True,True,True,,True,
154474646_17,154474646,17,1897.18,5811.94,16,44.861,1,True,True,44.5638,203.853,24.4559,flare_decay,True,True,True,True,True,True,0.582056,1.13363,,,True,True,True,True,True,True,
154474646_18,154474646,18,1877.74,4637.79,8,25.6057,1,True,True,23.3555,84.6338,14.4957,flare_decay,True,True,True,True,True,True,0.625626,0.974946,,,True,True,True,True,,True,
154474646_19,154474646,19,1888.97,1705.9,2,4.14703,0,False,,,,,,,,,,,,,,,,,,,,,,
154550497_0,154550497,0,1887.6,3375.16,24,30.258,1,True,True,24.7634,72.2932,-6.61829,flare_decay,False,True,True,True,True,True,0.787479,2.08767,,,True,True,True,True,,True,
154550497_1,154550497,1,1875.47,2529.81,24,22.6796,1,True,True,23.6898,39.4881,-0.394749,flare_decay,True,True,True,True,True,True,0.478752,0.888817,,,True,True,True,True,True,True,
154550497_2,154550497,2,1894.8,14583.3,2,25.9775,1,False,True,26.4826,145.646,11.2597,flare_decay,True,True,True,True,True,True,0.728035,0.884924,,,True,False,True,True,,True,
154550497_3,154550497,3,1871.78,784.117,8,3.13858,0,True,,,,,,,,,,,,,,,,,,,,,,
154550497_4,154550497,4,1887.8,5092.47,24,45.6536,1,True,True,36.9017,190.403,3.38544,flare_decay,True,True,True,True,True,True,0.594071,1.54833,,,True,True,True,True,,True,
154550497_5,154550497,5,1883.12,3116.07,8,12.4726,1,True,True,11.9359,-1.69002,0.856681,flare_decay,False,True,False,True,True,False,0.264362,0.381807,,,False,True,True,False,,True,
154550497_6,154550497,6,1880.28,22017.8,1,27.6039,1,False,True,31.2513,158.423,-2.07737,flare_decay,True,True,True,True,True,True,0.631632,0.742128,,,True,False,True,True,,True,
154550497_7,154550497,7,1881.62,5796.16,1,7.26669,0,False,,,,,,,,,,,,,,,,,,,,,,
154550497_8,154550497,8,1873.7,41961.1,1,52.607,1,False,True,33.8958,109.818,681.591,flare_decay,True,True,True,True,True,True,1.07282,0.676517,,,True,True,True,True,,True,
154550497_9,154550497,9,1881.37,5121.22,4,12.4457,1,True,True,12.3598,14.114,-2.79389,flare_decay,True,True,True,True,True,True,0.670549,0.914784,,,True,True,True,True,,True,
154550497_10,154550497,10,1876.51,16250.3,2,28.9469,1,False,True,25.2799,153.64,29.2848,flare_decay,True,True,True,True,True,True,0.953968,0.987411,,,True,False,True,True,,True,
154550497_11,154550497,11,1871.97,588.611,16,3.75826,0,True,,,,,,,,,,,,,,,,,,,,,,
154550497_12,154550497,12,1886.24,3557.17,16,22.7124,1,True,True,22.3518,51.9945,-1.374,flare_decay,True,True,True,True,True,True,0.369118,0.810944,,,True,True,True,True,,True,
154550497_13,154550497,13,1895.28,4431.5,24,39.728,1,True,True,31.7862,71.5779,5.932,flare_decay,True,True,True,True,True,True,0.608907,1.2028,,,True,True,True,True,,True,
154550497_14,154550497,14,1889.95,9323.94,1,11.6895,0,False,,,,,,,,,,,,,,,,,,,,,,
154550497_15,154550497,15,1894.24,13209.3,8,52.8727,1,True,True,51.9485,323.969,13.3814,flare_decay,True,True,True,True,True,True,0.631313,0.874893,,,True,True,True,True,,True,
154550497_16,154550497,16,1878.7,7396.29,1,9.27279,0,False,,,,,,,,,,,,,,,,,,,,,,
154550497_17,154550497,17,1895.53,43879.1,1,55.0116,1,False,True,58.5172,452.978,-2.35428,flare_decay,True,True,True,True,True,True,0.497543,0.45599,,,True,True,True,True,,True,
154550497_18,154550497,18,1897.7,4911.39,8,19.6587,1,True,True,8.8027,-29.9549,-21.2105,step,False,False,False,True,True,False,,,,,False,True,False,False,,True,
154550497_19,154550497,19,1877.6,1291.69,4,3.1391,0,True,,,,,,,,,,,,,,,,,,,,,,
154550582_0,154550582,0,1882.47,6227.68,16,21.7386,1,True,True,19.8381,113.61,2.05352,flare_decay,True,True,True,True,True,True,0.885179,1.25277,,,True,True,True,True,,True,
154550582_1,154550582,1,1888.51,7536.01,2,10.7577,1,True,True,10.582,6.44029,4.48047,flare_decay,False,True,True,True,True,True,0.614788,0.61763,,,False,True,True,True,,True,
154550582_2,154550582,2,1889.93,50000,1,51.1539,1,False,True,28.4831,44.336,597.524,flare_decay,True,True,True,True,True,True,0.956162,0.510818,,,True,False,True,True,,True,
154550582_3,154550582,3,1876.89,4147.89,2,5.92116,0,True,,,,,,,,,,,,,,,,,,,,,,
154550582_4,154550582,4,1870.99,28011.8,4,56.0753,0,True,,,,,,,,,,,,,,,,,,,,,,
154550582_5,154550582,5,1875.47,18592.6,1,19.0217,1,False,True,14.7264,59.4453,46.8524,flare_decay,True,True,True,True,True,True,0.858883,0.461607,,,True,True,True,True,,True,
154550582_6,154550582,6,1891.2,32576.5,1,33.3283,1,False,True,23.7653,65.1137,213.319,flare_decay,True,True,True,True,True,True,0.705205,0.752315,,,True,False,True,True,,True,
154550582_7,154550582,7,1888.2,6587.96,24,25.96,1,True,True,26.8711,176.083,-5.53315,flare_decay,True,True,True,True,False,True,0.560335,0.925668,,,True,True,True,False,,True,
154550582_8,154550582,8,1875.05,1633.76,16,5.70286,0,True,,,,,,,,,,,,,,,,,,,,,,
154550582_9,154550582,9,1879.87,1218.89,24,4.80307,0,True,,,,,,,,,,,,,,,,,,,,,,
154550582_10,154550582,10,1887.16,10232,1,10.4681,0,False,,,,,,,,,,,,,,,,,,,,,,
154550582_11,154550582,11,1888.18,2064.4,8,5.65663,0,True,,,,,,,,,,,,,,,,,,,,,,
154550582_12,154550582,12,1888.2,47923.9,1,49.0299,1,False,True,32.5296,78.6975,356.231,flare_decay,True,True,True,True,True,True,0.807929,0.686043,,,True,True,True,True,,True,
154550582_13,154550582,13,1893.14,6571.85,16,22.9399,1,True,True,22.1988,127.304,9.79985,flare_decay,True,True,True,True,True,True,0.709781,1.03127,0.376236,1.65046e-38,True,True,True,True,,True,True
154550582_14,154550582,14,1882.91,1971.15,24,7.76738,0,True,,,,,,,,,,,,,,,,,,,,,,
154550582_15,154550582,15,1878.26,8597.25,4,17.2103,1,True,True,17.0871,46.259,2.70952,flare_decay,True,True,True,True,False,True,0.516372,0.784583,,,True,True,True,False,,True,
154550582_16,154550582,16,1894.28,1680.83,4,3.36476,0,True,,,,,,,,,,,,,,,,,,,,,,
154550582_17,154550582,17,1895.05,50000,1,51.1539,1,False,True,55.7539,800.684,4.86345,flare_decay,True,True,True,True,True,True,1.44016,0.623638,,,True,True,True,True,True,True,
154550582_18,154550582,18,1886.47,1388.83,24,5.47273,0,True,,,,,,,,,,,,,,,,,,,,,,
154550582_19,154550582,19,1892.87,1712.85,24,6.74953,0,True,,,,,,,,,,,,,,,,,,,,,,
155179116_0,155179116,0,1887.24,6646.63,16,42.6475,1,True,True,35.6678,116.693,6.20203,flare_decay,True,True,True,True,True,True,0.919308,1.20706,,,True,True,True,True,,True,
155179116_1,155179116,1,1881.93,12424.1,8,47.1866,1,True,True,45.4565,289.199,10.8839,flare_decay,True,True,True,True,True,True,0.893981,0.990048,,,True,True,True,True,,True,
155179116_2,155179116,2,1890.16,3083.25,2,4.95505,0,False,,,,,,,,,,,,,,,,,,,,,,
155179116_3,155179116,3,1879.2,2695.09,1,3.2362,0,False,,,,,,,,,,,,,,,,,,,,,,
155179116_4,155179116,4,1897.49,9810.09,8,37.2587,1,True,True,30.8888,54.4356,-3.12523,step,True,True,True,True,True,True,0.762479,0.93857,,,True,True,True,True,,True,
155179116_5,155179116,5,1875.43,1866.98,16,11.9793,1,True,True,10.6059,0.0975882,-0.828298,step,False,True,True,True,True,True,0.4068,0.712859,,,False,True,True,True,,True,
155179116_6,155179116,6,1891.31,5293.91,16,33.9679,1,True,True,27.7669,137.366,9.41748,flare_decay,True,True,True,True,True,True,0.7527,1.03298,,,True,True,True,True,,True,
155179116_7,155179116,7,1891.26,8871.24,2,14.2569,1,False,True,13.4979,87.8128,5.86746,flare_decay,True,True,True,True,True,True,0.826882,0.855709,,,True,False,True,True,,True,
155179116_8,155179116,8,1895.18,13424,1,16.1192,1,False,True,9.16954,3.64785,61.5889,flare_decay,False,True,True,True,True,True,1.39122,0.6103,,,False,True,True,True,,True,
155179116_9,155179116,9,1882.26,6210.6,2,9.98098,0,False,,,,,,,,,,,,,,,,,,,,,,
155179116_10,155179116,10,1897.43,2270.5,16,14.5685,0,True,,,,,,,,,,,,,,,,,,,,,,
155179116_11,155179116,11,1881.2,21547.2,1,25.8734,1,False,True,18.4895,70.8936,121.357,flare_decay,True,True,True,True,True,True,1.40413,0.558523,,,True,True,True,True,True,True,
155179116_12,155179116,12,1877.6,12344.3,1,14.8227,1,False,True,12.8375,10.5717,17.2344,flare_decay,True,True,True,True,True,True,1.75766,0.436661,1,0,True,True,True,True,,True,False
155179116_13,155179116,13,1875.47,2076,2,3.33631,0,False,,,,,,,,,,,,,,,,,,,,,,
155179116_14,155179116,14,1872.58,1822.58,4,4.38582,0,True,,,,,,,,,,,,,,,,,,,,,,
155179116_15,155179116,15,1887.41,1354.57,4,3.25962,0,True,,,,,,,,,,,,,,,,,,,,,,
155179116_16,155179116,16,1881.47,1828.86,16,11.7347,1,True,True,10.5579,4.12682,-2.06798,step,False,True,True,True,True,True,0.455338,0.728076,,,False,True,True,True,,True,
155179116_17,155179116,17,1873.68,2042.93,2,3.28316,0,False,,,,,,,,,,,,,,,,,,,,,,
155179116_18,155179116,18,1879.7,4482.41,4,10.7864,1,True,True,9.85277,17.4191,-4.16212,flare_decay,True,True,True,True,True,True,1.13248,0.924571,0.179581,0,True,True,True,True,,True,True
155179116_19,155179116,19,1889.01,4150.79,1,4.98417,0,False,,,,,,,,,,,,,,,,,,,,,,
155230093_0,155230093,0,1888.72,2937.43,24,14.1629,1,True,True,13.8227,12.8208,-9.43618,flare_decay,False,True,True,True,False,True,0.3768,0.417945,,,True,True,True,False,,True,
155230093_1,155230093,1,1888.64,2892.28,8,6.34684,0,True,,,,,,,,,,,,,,,,,,,,,,
155230093_2,155230093,2,1893.16,29278.8,1,24.5662,1,False,True,18.7709,64.2464,101.586,flare_decay,True,True,True,True,True,True,0.910625,0.637641,,,True,True,True,True,,True,
155230093_3,155230093,3,1887.95,1848.49,8,4.05635,0,True,,,,,,,,,,,,,,,,,,,,,,
155230093_4,155230093,4,1897,50000,1,41.9522,1,False,True,45.3388,834.216,-3.82109,flare_decay,True,True,True,True,True,True,1.19071,0.557962,,,True,False,True,True,,True,
155230093_5,155230093,5,1889.64,5276.4,24,25.4403,1,True,True,21.9232,57.5182,18.132,flare_decay,True,True,True,True,True,True,0.567673,0.810801,,,True,True,True,True,,True,
155230093_6,155230093,6,1871.45,3274.05,2,3.82398,0,False,,,,,,,,,,,,,,,,,,,,,,
155230093_7,155230093,7,1875.14,29307.6,1,24.5904,1,False,True,17.1432,30.3107,74.4284,flare_decay,True,True,True,True,True,True,12.7698,0.564589,,,True,True,True,True,,True,
155230093_8,155230093,8,1872.62,19769.9,8,43.3833,1,True,True,39.8796,378.845,16.8185,flare_decay,True,True,True,True,True,True,1.11959,0.887471,,,True,True,True,True,,True,
155230093_9,155230093,9,1880.95,2134.62,4,3.40317,0,False,,,,,,,,,,,,,,,,,,,,,,
155230093_10,155230093,10,1878.02,1328.35,16,4.47336,0,True,,,,,,,,,,,,,,,,,,,,,,
155230093_11,155230093,11,1874.77,1155,24,5.56887,0,True,,,,,,,,,,,,,,,,,,,,,,
155230093_12,155230093,12,1881.18,1087.26,16,3.66148,0,True,,,,,,,,,,,,,,,,,,,,,,
155230093_13,155230093,13,1874.02,1708.65,8,3.74949,0,True,,,,,,,,,,,,,,,,,,,,,,
155230093_14,155230093,14,1877.85,22158.7,8,48.6253,1,True,True,49.0735,508.745,86.1405,flare_decay,True,True,True,True,True,True,1.21975,0.987057,,,True,True,True,True,True,True,
155230093_15,155230093,15,1877.91,22572.5,1,18.9394,1,False,True,16.6613,100.143,38.0994,flare_decay,True,True,True,True,True,True,0.913737,0.50281,,,True,True,True,True,,True,
155230093_16,155230093,16,1874.33,3298.03,24,15.9015,1,True,True,20.2794,62.2843,-3.66449,flare_decay,True,True,True,True,False,True,0.4043,0.644392,,,True,True,True,False,,True,
155230093_17,155230093,17,1889.16,17955.2,8,39.401,1,True,True,39.1056,306.28,8.9493,flare_decay,True,True,True,True,True,True,1.12613,0.924085,,,True,True,True,True,True,True,
155230093_18,155230093,18,1875.1,5320.18,2,6.21379,0,False,,,,,,,,,,,,,,,,,,,,,,
155230093_19,155230093,19,1871.79,5720.55,1,4.79979,0,False,,,,,,,,,,,,,,,,,,,,,,
155638931_0,155638931,0,1881.35,2006.72,4,5.40048,0,False,,,,,,,,,,,,,,,,,,,,,,
155638931_1,155638931,1,1886.05,6415.16,24,39.161,1,True,True,28.1298,1.32002,5.41436,step,False,False,True,True,True,True,0.571153,0.566471,,,False,True,True,True,,True,
155638931_2,155638931,2,1890.74,1069.23,24,6.52707,0,True,,,,,,,,,,,,,,,,,,,,,,
155638931_3,155638931,3,1894.49,5511.65,16,25.7072,1,True,True,27.8982,252.668,42.7263,flare_decay,True,True,True,True,True,True,0.719022,1.07275,,,True,True,True,True,True,True,
155638931_4,155638931,4,1897.39,846.067,24,5.16476,0,True,,,,,,,,,,,,,,,,,,,,,,
155638931_5,155638931,5,1880.89,1531.73,8,5.833,0,True,,,,,,,,,,,,,,,,,,,,,,
155638931_6,155638931,6,1895.26,11020,1,16.5353,1,False,True,15.4561,81.5819,11.8419,flare_decay,True,True,True,True,True,True,0.510707,0.602837,,,True,False,True,True,,True,
155638931_7,155638931,7,1880.05,5854.79,1,8.78504,0,False,,,,,,,,,,,,,,,,,,,,,,
155638931_8,155638931,8,1894.39,2159.35,2,4.47696,0,False,,,,,,,,,,,,,,,,,,,,,,
155638931_9,155638931,9,1897.14,711.074,16,3.31656,0,True,,,,,,,,,,,,,,,,,,,,,,
155638931_10,155638931,10,1886.55,3750.13,1,5.62702,0,False,,,,,,,,,,,,,,,,,,,,,,
155638931_11,155638931,11,1882.3,617.801,24,3.77132,0,True,,,,,,,,,,,,,,,,,,,,,,
155638931_12,155638931,12,1889.85,807.814,8,3.07626,0,True,,,,,,,,,,,,,,,,,,,,,,
155638931_13,155638931,13,1893.76,3988.62,16,18.6035,1,True,True,16.813,74.4,16.9972,flare_decay,True,True,True,True,True,True,0.544931,0.805899,,,True,True,True,True,True,True,
155638931_14,155638931,14,1871.58,5199.63,4,13.9933,1,False,True,12.5401,12.4958,-1.80235,flare_decay,True,True,True,True,True,True,0.850395,0.857037,,,True,False,True,True,,True,
155638931_15,155638931,15,1896.28,1082.03,16,5.04677,0,True,,,,,,,,,,,,,,,,,,,,,,
155638931_16,155638931,16,1882.37,1287,24,7.8564,0,True,,,,,,,,,,,,,,,,,,,,,,
155638931_17,155638931,17,1893.89,4976.32,2,10.3174,1,False,True,10.4758,24.4687,-0.830226,flare_decay,True,True,True,True,True,True,0.599926,0.794851,,,True,False,True,True,,True,
155638931_18,155638931,18,1872.85,15877.9,2,32.9195,1,False,True,32.9352,211.154,62.0102,flare_decay,True,True,True,True,True,True,1.06677,0.932428,,,True,False,True,True,,True,
155638931_19,155638931,19,1896.7,14101.8,8,53.7014,1,True,True,57.4785,452.776,48.9903,flare_decay,True,True,True,True,True,True,0.907979,0.942475,,,True,True,True,True,,True,
156139747_0,156139747,0,1878.41,1751.65,1,3.33019,0,False,,,,,,,,,,,,,,,,,,,,,,
156139747_1,156139747,1,1891.74,5710.84,8,30.0936,1,True,True,29.4337,158.52,44.6902,flare_decay,True,True,True,True,True,True,0.860133,1.04315,,,True,True,True,True,True,True,
156139747_2,156139747,2,1875.53,1547.39,4,5.62543,0,False,,,,,,,,,,,,,,,,,,,,,,
156139747_3,156139747,3,1883.78,2629.27,8,13.8551,1,True,True,11.8438,17.1449,8.83382,flare_decay,True,False,False,True,True,False,,,,,True,True,False,False,,True,
156139747_4,156139747,4,1872.01,3370.09,16,24.1144,1,True,True,21.4328,147.583,3.15348,flare_decay,True,True,True,True,True,True,0.984745,1.07294,,,True,True,True,True,,True,
156139747_5,156139747,5,1889.24,1332.24,16,9.53276,1,True,True,8.33471,13.0756,-5.64985,flare_decay,True,True,True,True,True,True,0.592309,0.717739,4.92985e-06,0,True,True,True,True,,True,True
156139747_6,156139747,6,1877.08,1577.16,4,5.73367,0,False,,,,,,,,,,,,,,,,,,,,,,
156139747_7,156139747,7,1886.49,1879.4,24,16.559,1,True,True,17.3745,51.0069,13.0599,step,True,True,True,True,True,True,0.381162,0.632325,,,True,True,True,True,,True,
156139747_8,156139747,8,1894.68,753.633,16,5.39256,0,True,,,,,,,,,,,,,,,,,,,,,,
156139747_9,156139747,9,1875.95,1636.37,24,14.4177,1,True,True,14.213,22.7028,1.41523,flare_decay,True,True,True,True,True,True,0.874867,1.11871,,,True,True,True,True,,True,
156139747_10,156139747,10,1874.93,2807.11,1,5.33682,0,False,,,,,,,,,,,,,,,,,,,,,,
156139747_11,156139747,11,1886.16,2733.58,4,9.93775,1,False,True,9.60016,21.4277,-4.95346,flare_decay,True,True,True,True,True,True,0.782932,0.932354,,,True,False,True,True,,True,
156139747_12,156139747,12,1882.22,1286.04,4,4.6753,0,False,,,,,,,,,,,,,,,,,,,,,,
156139747_13,156139747,13,1871.56,421.422,16,3.01545,0,True,,,,,,,,,,,,,,,,,,,,,,
156139747_14,156139747,14,1890.1,3452.35,4,12.5508,1,False,True,13.7393,19.1818,-12.3857,flare_decay,False,True,True,True,True,True,0.769397,0.774194,,,True,False,True,True,,True,
156139747_15,156139747,15,1872.03,11351.2,1,21.5806,1,False,True,24.316,101.974,-1.05033,flare_decay,True,True,True,True,True,True,0.620861,0.772594,,,True,False,True,True,,True,
156139747_16,156139747,16,1892.97,2317.29,16,16.5812,1,True,True,14.8775,49.7857,-11.8079,flare_decay,False,False,True,True,True,True,0.72423,0.896936,,,True,True,True,True,,True,
156139747_17,156139747,17,1878.53,2546.3,1,4.84097,0,False,,,,,,,,,,,,,,,,,,,,,,
156139747_18,156139747,18,1875.47,1605.67,24,14.1472,1,True,True,14.1923,48.2397,-2.40741,flare_decay,True,True,True,True,True,True,0.669501,0.721661,,,True,True,True,True,,True,
156139747_19,156139747,19,1894.85,1272.96,4,4.62776,0,False,,,,,,,,,,,,,,,,,,,,,,
157317004_0,157317004,0,1874.74,14037.4,2,17.0991,1,False,True,15.3625,26.924,-3.75342,flare_decay,True,True,True,True,True,True,0.911716,0.909553,,,True,False,True,True,,True,
157317004_1,157317004,1,1891.43,3393.17,16,10.675,1,True,True,11.5188,23.0875,0.960433,flare_decay,True,True,True,True,True,True,1.27704,1.00579,,,True,True,True,True,True,True,
157317004_2,157317004,2,1889.85,3785.73,16,11.91,1,True,True,10.1875,19.2859,-5.83997,step,True,True,True,True,True,True,1.38669,0.858026,,,True,True,True,True,,True,
157317004_3,157317004,3,1890.74,3573.65,4,5.51484,0,True,,,,,,,,,,,,,,,,,,,,,,
157317004_4,157317004,4,1895.89,8559.26,4,13.2086,1,True,True,14.1463,60.0066,-7.98368,flare_decay,False,True,True,True,True,True,0.623892,0.769277,,,True,True,True,True,True,True,
157317004_5,157317004,5,1882.58,11178.1,24,42.2454,1,True,True,43.3649,408.637,50.0361,flare_decay,True,True,True,True,True,True,1.3182,1.03204,,,True,True,True,True,,True,
157317004_6,157317004,6,1882.81,13601.1,4,20.9892,1,True,True,21.378,77.8107,5.4369,flare_decay,True,False,False,True,True,True,1.77041,1.05329,,,True,True,False,True,,True,
157317004_7,157317004,7,1893.49,5493.57,8,11.3585,1,True,True,11.2095,34.5277,-1.64935,flare_decay,True,True,True,True,True,True,1.16282,0.859138,,,True,True,True,True,True,True,
157317004_8,157317004,8,1888.1,22815.9,1,19.9595,1,False,True,19.4407,7.46431,1.08743,flare_decay,False,True,True,True,True,True,0.552796,0.561363,,,False,False,True,True,,True,
157317004_9,157317004,9,1893.2,2847.31,16,8.95774,0,True,,,,,,,,,,,,,,,,,,,,,,
157317004_10,157317004,10,1886.62,9148.34,4,14.1177,1,True,True,12.5209,61.9127,2.97213,flare_decay,True,True,True,True,True,True,0.756735,0.81702,,,True,True,True,True,True,True,
157317004_11,157317004,11,1879.74,2245.1,16,7.06315,0,True,,,,,,,,,,,,,,,,,,,,,,
157317004_12,157317004,12,1891.53,24760.7,4,38.2106,1,True,True,39.7927,400.052,-17.3932,flare_decay,False,True,True,True,True,True,1.3024,0.822435,,,True,True,True,True,,True,
157317004_13,157317004,13,1889.06,9778.61,8,20.2182,1,True,True,19.0076,69.777,9.93839,flare_decay,True,True,True,True,True,True,0.597902,0.900846,,,True,True,True,True,,True,
157317004_14,157317004,14,1873.74,3426.02,4,5.28702,0,True,,,,,,,,,,,,,,,,,,,,,,
157317004_15,157317004,15,1882.45,3884.22,2,4.7314,0,False,,,,,,,,,,,,,,,,,,,,,,
157317004_16,157317004,16,1870.64,3191.62,24,12.062,0,True,,,,,,,,,,,,,,,,,,,,,,
157317004_17,157317004,17,1875.01,4505.51,4,6.95288,0,True,,,,,,,,,,,,,,,,,,,,,,
157317004_18,157317004,18,1889.58,13835,1,12.103,0,False,,,,,,,,,,,,,,,,,,,,,,
157317004_19,157317004,19,1890.95,21109.3,4,32.5757,1,True,True,31.3278,235.384,-48.0359,flare_decay,False,True,True,True,True,True,0.928753,0.867785,,,True,True,True,True,True,True,
157758473_0,157758473,0,1883.41,608.558,1,6.25893,0,False,,,,,,,,,,,,,,,,,,,,,,
157758473_1,157758473,1,1888.2,1022.08,4,18.6569,1,True,True,20.7367,38.7409,-3.73888,flare_decay,True,True,False,True,True,False,0.255127,0.805311,,,True,True,True,False,,True,
157758473_2,157758473,2,1871.56,550.588,8,13.011,1,True,True,12.3554,50.7845,2.71669,step,True,True,False,True,True,False,-0.0828526,-0.472586,,,True,True,True,False,,True,
157758473_3,157758473,3,1896.93,199.438,4,3.64054,0,True,,,,,,,,,,,,,,,,,,,,,,
157758473_4,157758473,4,1882.85,1258.44,4,22.9715,1,True,True,21.6191,49.0873,-13.3654,flare_decay,False,True,False,True,True,True,2.68992,1.45416,,,True,True,True,True,,True,
157758473_5,157758473,5,1880.53,220.238,8,5.20448,0,True,,,,,,,,,,,,,,,,,,,,,,
157758473_6,157758473,6,1888.16,483.433,1,4.97205,0,False,,,,,,,,,,,,,,,,,,,,,,
157758473_7,157758473,7,1870.78,1038.73,24,37.3872,1,True,True,16.3218,-41.6698,-8.89056,step,False,False,False,True,True,False,0.701739,3.73668,,,False,True,False,False,,True,
157758473_8,157758473,8,1880.95,129.861,16,3.66194,0,True,,,,,,,,,,,,,,,,,,,,,,
157758473_9,157758473,9,1893.89,1483.63,24,53.4008,1,True,True,45.2902,838.769,108.088,flare_decay,True,True,False,True,True,False,0.205985,0.665769,,,True,True,True,False,,True,
157758473_10,157758473,10,1883.85,2053.8,8,48.5336,1,True,True,37.554,87.176,90.7024,step,True,False,False,True,True,False,,,,,True,True,False,False,,True,
157758473_11,157758473,11,1880.37,1737.29,16,48.9898,1,True,True,45.6147,1135.68,64.7073,flare_decay,True,True,True,True,True,True,0.623506,0.913136,,,True,True,True,True,,True,
157758473_12,157758473,12,1896.78,4846.76,1,49.8482,1,False,True,54.4549,290.686,-2.43712,flare_decay,True,True,False,True,True,False,0.149205,0.71099,,,True,False,True,False,,True,
157758473_13,157758473,13,1896.49,131.045,24,4.71672,0,True,,,,,,,,,,,,,,,,,,,,,,
157758473_14,157758473,14,1872.6,177.156,8,4.1864,0,True,,,,,,,,,,,,,,,,,,,,,,
157758473_15,157758473,15,1875.45,2372.69,2,31.9814,1,False,True,32.176,393.408,26.8274,flare_decay,True,True,True,True,True,True,0.603903,0.809509,,,True,False,True,True,,True,
157758473_16,157758473,16,1883.37,225.289,4,4.11241,0,True,,,,,,,,,,,,,,,,,,,,,,
157758473_17,157758473,17,1876.85,1173.39,4,21.4189,1,True,True,20.5903,103.558,68.1823,flare_decay,True,True,False,True,True,False,0.259536,0.46301,,,True,True,True,False,,True,
157758473_18,157758473,18,1876.24,696.597,1,7.1644,0,False,,,,,,,,,,,,,,,,,,,,,,
157758473_19,157758473,19,1875.83,1086.98,8,25.6866,1,True,True,28.4219,130.219,3.02015,flare_decay,True,True,True,True,True,True,0.815809,0.873882,,,True,True,True,True,,True,
157775551_0,157775551,0,1886.12,7131,24,16.1537,1,True,True,16.4374,368.052,3.30189,flare_decay,True,True,True,True,False,True,1.23396,0.679481,,,True,True,True,False,,True,
157775551_1,157775551,1,1889.85,47265,1,50.3983,1,False,True,47.4116,473.869,101.896,flare_decay,True,True,True,True,True,True,0.629959,0.54268,,,True,False,True,True,,True,
157775551_2,157775551,2,1873.08,23749.4,8,42.99,1,True,True,40.5743,705.713,59.7861,flare_decay,True,True,True,True,True,True,2.3993,0.884779,,,True,True,True,True,,True,
157775551_3,157775551,3,1886.28,13302,24,30.1327,1,True,True,29.0084,1449.02,58.168,flare_decay,True,True,True,True,False,True,1.59158,0.73048,,,True,True,True,False,,True,
157775551_4,157775551,4,1881.51,18400.5,8,33.3077,1,True,True,36.2835,714.11,98.652,flare_decay,True,True,True,True,True,True,2.2801,0.845315,,,True,True,True,True,,True,
157775551_5,157775551,5,1873.97,2919.91,2,3.83878,0,False,,,,,,,,,,,,,,,,,,,,,,
157775551_6,157775551,6,1888.22,3729.47,24,8.44829,1,True,True,8.27003,39.4394,46.5235,ramp,True,True,True,True,True,True,1.70797,1.19784,9.2335e-08,1.38719e-08,True,True,True,True,,True,True
157775551_7,157775551,7,1880.28,1669.06,8,3.02125,0,True,,,,,,,,,,,,,,,,,,,,,,
157775551_8,157775551,8,1873.74,4233.74,1,4.5144,0,False,,,,,,,,,,,,,,,,,,,,,,
157775551_9,157775551,9,1897.45,4620.86,16,9.08043,0,True,,,,,,,,,,,,,,,,,,,,,,
157775551_10,157775551,10,1880.97,26033,2,34.2254,1,False,True,34.7952,333.732,17.747,flare_decay,True,True,True,True,True,True,1.58067,0.849578,,,True,False,True,True,,True,
157775551_11,157775551,11,1892.18,2967.16,2,3.9009,0,False,,,,,,,,,,,,,,,,,,,,,,
157775551_12,157775551,12,1881.91,3734.09,2,4.90918,0,False,,,,,,,,,,,,,,,,,,,,,,
157775551_13,157775551,13,1896.68,31904.5,2,41.9445,1,False,True,42.4517,245.372,-32.7096,flare_decay,False,True,True,True,True,True,1.48523,0.824683,,,True,False,True,True,,True,
157775551_14,157775551,14,1891.28,25688.3,24,58.1913,1,True,True,44.3519,4099.76,395.754,flare_decay,True,True,True,True,True,True,2.67368,0.853038,,,True,True,True,True,,True,
157775551_15,157775551,15,1885.74,12299.6,2,16.1701,1,False,True,16.4291,50.0866,11.2423,flare_decay,True,True,True,True,True,True,1.22209,0.887985,,,True,False,True,True,,True,
157775551_16,157775551,16,1878.7,16625.2,24,37.6608,1,True,True,30.4838,1294.87,83.3977,flare_decay,True,True,True,True,True,True,2.633,0.858763,,,True,True,True,True,,True,
157775551_17,157775551,17,1896.85,3470.8,1,3.70088,0,False,,,,,,,,,,,,,,,,,,,,,,
157775551_18,157775551,18,1893.43,9955.55,24,22.5521,1,True,True,20.7508,745.145,38.573,flare_decay,True,True,True,True,True,True,2.08698,0.824298,,,True,True,True,True,,True,
157775551_19,157775551,19,1896.91,7889.25,1,8.41224,0,False,,,,,,,,,,,,,,,,,,,,,,
158013683_0,158013683,0,1890.74,4257.86,8,14.283,1,True,True,13.4545,25.9263,-9.63482,flare_decay,False,True,True,True,True,True,0.743386,0.829322,,,True,True,True,True,True,True,
158013683_1,158013683,1,1887.22,3165.77,1,3.3409,0,False,,,,,,,,,,,,,,,,,,,,,,
158013683_2,158013683,2,1887.43,873.6,16,4.56267,0,True,,,,,,,,,,,,,,,,,,,,,,
158013683_3,158013683,3,1895.97,1519.89,8,5.09846,0,True,,,,,,,,,,,,,,,,,,,,,,
158013683_4,158013683,4,1875.26,12479.3,4,27.3153,1,True,True,25.4038,90.5786,60.5413,flare_decay,True,True,True,True,True,True,1.08689,0.932853,,,True,True,True,True,,True,
158013683_5,158013683,5,1880.53,5246.39,16,27.4011,1,True,True,26.5365,94.8065,2.05,flare_decay,True,True,True,True,True,True,0.882353,1.00548,,,True,True,True,True,,True,
158013683_6,158013683,6,1890.51,8243.38,1,8.6994,0,False,,,,,,,,,,,,,,,,,,,,,,
158013683_7,158013683,7,1873.8,2978.11,2,4.5745,0,False,,,,,,,,,,,,,,,,,,,,,,
158013683_8,158013683,8,1894.14,9334.95,16,48.7549,1,True,True,47.9477,339.472,12.1827,flare_decay,True,True,True,True,True,True,0.614689,0.88523,,,True,True,True,True,True,True,
158013683_9,158013683,9,1890.97,11897.6,8,39.9106,1,True,True,37.2398,166.096,12.346,flare_decay,True,True,True,True,True,True,0.804214,0.965378,,,True,True,True,True,,True,
158013683_10,158013683,10,1890.01,20144.1,2,30.9421,1,False,True,29.3424,152.765,18.424,flare_decay,True,True,True,True,True,True,0.548397,0.980179,,,True,False,True,True,,True,
158013683_11,158013683,11,1878.93,9671.04,16,50.5103,1,True,True,47.8671,233.031,8.3657,flare_decay,True,True,True,True,True,True,0.624149,0.958578,,,True,True,True,True,,True,
158013683_12,158013683,12,1895.18,3305.88,24,21.8954,1,True,True,17.5394,50.9146,2.78643,flare_decay,True,True,True,True,True,True,0.749267,1.1978,,,True,True,True,True,,True,
158013683_13,158013683,13,1892.47,1509.8,16,7.88545,0,True,,,,,,,,,,,,,,,,,,,,,,
158013683_14,158013683,14,1875.76,37385.9,2,57.4262,1,False,True,54.5467,413.991,31.4524,flare_decay,True,True,True,True,True,True,0.672409,0.931302,,,True,False,True,True,,True,
158013683_15,158013683,15,1880.99,22064.9,4,48.2967,1,True,True,45.465,381.501,178.473,flare_decay,True,True,True,True,True,True,0.792521,0.932282,,,True,True,True,True,,True,
158013683_16,158013683,16,1894.2,1171.75,8,3.93064,0,True,,,,,,,,,,,,,,,,,,,,,,
158013683_17,158013683,17,1879.93,6239.56,24,41.3255,1,True,True,36.9055,168.773,22.8806,flare_decay,True,True,True,True,True,True,0.705552,0.888451,,,True,True,True,True,,True,
158013683_18,158013683,18,1875.03,15968.3,4,34.9521,1,True,True,34.0547,227.976,80.3806,flare_decay,True,True,True,True,True,True,0.730529,0.89314,,,True,True,True,True,True,True,
158013683_19,158013683,19,1888.01,4147.3,16,21.6607,1,True,True,20.2837,53.95,10.5092,flare_decay,True,True,True,True,True,True,0.858129,0.960246,,,True,True,True,True,,True,
159213279_0,159213279,0,1894.28,2040.27,4,3.49689,0,True,,,,,,,,,,,,,,,,,,,,,,
159213279_1,159213279,1,1878.51,9695.3,4,16.6171,1,True,True,15.953,54.5124,22.0766,flare_decay,True,True,True,True,True,True,1.75546,0.989727,,,True,True,True,True,,True,
159213279_2,159213279,2,1877.14,7326.37,24,25.6578,0,True,,,,,,,,,,,,,,,,,,,,,,
159213279_3,159213279,3,1881.97,18511.9,16,58.3699,1,True,True,43.8734,922.155,80.8971,flare_decay,True,True,True,True,True,True,1.43746,1.02896,,,True,True,True,True,,True,
159213279_4,159213279,4,1895.07,1917.22,24,6.71433,0,True,,,,,,,,,,,,,,,,,,,,,,
159213279_5,159213279,5,1892.14,1907.71,8,4.14248,0,True,,,,,,,,,,,,,,,,,,,,,,
159213279_6,159213279,6,1881.37,9427.37,16,29.7254,1,True,True,18.5093,277.888,17.8204,flare_decay,True,True,True,True,True,True,1.64969,0.998055,,,True,True,True,True,,True,
159213279_7,159213279,7,1871.2,2586.96,4,4.43388,0,True,,,,,,,,,,,,,,,,,,,,,,
159213279_8,159213279,8,1880.95,3535.16,4,6.05903,0,True,,,,,,,,,,,,,,,,,,,,,,
159213279_9,159213279,9,1895.05,15259.3,1,15.4447,0,False,,,,,,,,,,,,,,,,,,,,,,
159213279_10,159213279,10,1892.3,41807.2,1,42.3152,1,False,True,44.8664,395.888,-1.33622,flare_decay,True,True,True,True,True,True,3.23085,0.756204,,,True,False,True,True,,True,
159213279_11,159213279,11,1893.74,6871.96,24,24.0664,0,True,,,,,,,,,,,,,,,,,,,,,,
159213279_12,159213279,12,1874.28,31141.9,1,31.5203,1,False,True,30.6723,309.266,13.1988,flare_decay,True,True,True,True,True,True,1.77312,0.735384,,,True,False,True,True,,True,
159213279_13,159213279,13,1886.82,12077,1,12.2237,1,False,True,14.65,52.7759,-2.75348,flare_decay,True,True,True,True,True,True,0.555088,0.855689,,,True,False,True,True,,True,
159213279_14,159213279,14,1878.58,9843.65,2,12.519,1,False,True,13.1078,18.6185,1.18956,flare_decay,True,True,True,True,True,True,0.900311,0.798484,,,True,False,True,True,,True,
159213279_15,159213279,15,1893.62,2235.33,24,7.82838,0,True,,,,,,,,,,,,,,,,,,,,,,
159213279_16,159213279,16,1877.6,15081.4,4,25.8485,1,True,True,24.9796,128.67,-13.0873,flare_decay,False,True,True,True,True,True,2.15583,1.01867,,,True,True,True,True,,True,
159213279_17,159213279,17,1893.89,28206.8,2,35.873,1,False,True,35.339,159.187,16.0169,flare_decay,True,True,True,True,True,True,1.74396,1.00606,,,True,False,True,True,,True,
159213279_18,159213279,18,1886.3,4405.75,8,9.56682,1,True,True,8.0307,6.97019,-3.93262,step,False,True,True,True,True,True,0.91285,1.10364,,,False,True,True,True,,True,
159213279_19,159213279,19,1894.62,33041.3,1,33.4428,1,False,True,35.0478,83.7808,1.56299,flare_decay,True,True,True,True,True,True,1.12899,0.673892,,,True,False,True,True,,True,
159214239_0,159214239,0,1876.41,1024.52,4,10.3618,1,True,False,,,,,,,,,,,,,,,,,,,,,
159214239_1,159214239,1,1870.64,1702.76,8,25.2058,0,True,,,,,,,,,,,,,,,,,,,,,,
159214239_2,159214239,2,1885.62,431.779,2,3.32687,0,False,,,,,,,,,,,,,,,,,,,,,,
159214239_3,159214239,3,1874.51,4848.07,1,27.8141,1,False,True,23.346,209.82,30.1467,flare_decay,True,True,True,True,True,True,0.785428,0.571353,,,True,False,True,True,,True,
159214239_4,159214239,4,1885.45,896.905,2,6.91068,1,False,True,7.69008,4.22132,-2.84758,flare_decay,False,True,False,True,True,False,0.298605,0.615537,,,False,False,True,False,,True,
159214239_5,159214239,5,1892.97,2374.49,4,24.0151,1,True,True,23.842,82.259,45.387,flare_decay,True,True,True,True,True,True,0.52429,1.14177,,,True,True,True,True,,True,
159214239_6,159214239,6,1878.01,359.741,4,3.63834,0,True,,,,,,,,,,,,,,,,,,,,,,
159214239_7,159214239,7,1893.05,557.817,2,4.298,0,False,,,,,,,,,,,,,,,,,,,,,,
159214239_8,159214239,8,1871.45,2190.44,2,16.8774,1,False,True,17.6395,17.7705,-6.41635,flare_decay,False,True,True,True,True,True,0.918487,1.04466,,,True,False,True,True,,True,
159214239_9,159214239,9,1888.45,2843.17,16,54.2998,1,True,True,49.6696,643.665,59.68,flare_decay,True,True,False,True,True,False,0.229754,0.696432,,,True,True,True,False,,True,
159214239_10,159214239,10,1895.32,2059.36,4,20.828,1,True,True,21.2923,34.2104,4.79914,flare_decay,True,True,False,True,True,False,0.23038,0.947168,,,True,True,True,False,,True,
159214239_11,159214239,11,1878.51,524.794,16,10.0227,1,True,True,10.8529,22.3,0.102046,flare_decay,True,True,True,True,True,True,0.630943,0.859831,,,True,True,True,True,True,True,
159214239_12,159214239,12,1877.51,2642.63,16,50.4698,1,True,True,49.0795,438.112,19.1166,flare_decay,True,True,True,True,True,True,0.362964,1.21147,,,True,True,True,True,True,True,
159214239_13,159214239,13,1873.62,580.565,2,4.47327,0,False,,,,,,,,,,,,,,,,,,,,,,
159214239_14,159214239,14,1891.95,1953.1,4,19.7533,1,True,True,18.4165,98.371,52.0202,flare_decay,True,True,True,True,True,True,0.402852,0.804906,,,True,True,True,True,,True,
159214239_15,159214239,15,1883.95,1075.11,24,28.0787,1,True,True,15.8646,-0.097203,4.42878,flare_decay,False,False,False,True,True,False,-0.00326385,-0.00718466,,,False,True,False,False,,True,
159214239_16,159214239,16,1886.85,662.133,8,9.80145,1,True,True,12.1465,10.7943,2.233,step,True,True,False,True,True,False,0.0400906,0.148989,,,True,True,True,False,,True,
159214239_17,159214239,17,1882.85,887.502,4,8.97602,1,True,True,8.72674,39.5375,-5.3662,flare_decay,True,True,False,True,True,False,7.16074,2.61175,,,True,True,True,False,,True,
159214239_18,159214239,18,1877.43,2764.64,16,52.8001,1,True,True,51.0424,511.801,47.7959,flare_decay,True,True,True,True,True,True,0.327651,1.196,,,True,True,True,True,,True,
159214239_19,159214239,19,1892.85,362.243,4,3.66365,0,True,,,,,,,,,,,,,,,,,,,,,,
159419061_0,159419061,0,1879.3,3857.53,4,12.7975,1,True,True,12.2415,32.1818,-2.88796,flare_decay,True,True,True,True,True,True,0.654678,0.987609,,,True,True,True,True,,True,
159419061_1,159419061,1,1873.39,1541.41,2,3.42209,0,False,,,,,,,,,,,,,,,,,,,,,,
159419061_2,159419061,2,1874.39,2809.64,4,9.32112,1,True,True,11.1038,8.19262,-2.17767,flare_decay,False,True,True,True,True,True,0.635931,0.651853,,,False,True,True,True,,True,
159419061_3,159419061,3,1871.82,1957.84,2,4.34661,0,False,,,,,,,,,,,,,,,,,,,,,,
159419061_4,159419061,4,1894.1,4210.93,1,6.41933,0,False,,,,,,,,,,,,,,,,,,,,,,
159419061_5,159419061,5,1883.7,1061.78,16,8.27854,0,True,,,,,,,,,,,,,,,,,,,,,,
159419061_6,159419061,6,1883.05,7151.84,1,10.9026,0,False,,,,,,,,,,,,,,,,,,,,,,
159419061_7,159419061,7,1871.74,1708.72,24,18.1955,1,True,True,15.7115,3.16269,-3.62885,flare_decay,False,True,False,True,True,False,0.191912,0.427155,,,False,True,True,False,,True,
159419061_8,159419061,8,1887.14,4017.04,8,20.3515,1,True,True,19.5415,43.333,5.68802,flare_decay,True,True,True,True,True,True,0.423944,1.15958,,,True,True,True,True,,True,
159419061_9,159419061,9,1890.32,7825.03,8,39.6438,1,True,True,38.3872,233.469,28.3571,flare_decay,True,True,True,True,True,True,0.865808,0.97985,,,True,True,True,True,,True,
159419061_10,159419061,10,1890.78,1037.79,4,3.44293,0,True,,,,,,,,,,,,,,,,,,,,,,
159419061_11,159419061,11,1876.7,3155.79,2,7.00617,0,False,,,,,,,,,,,,,,,,,,,,,,
159419061_12,159419061,12,1888.91,2723.12,4,9.03407,1,True,True,9.13314,4.08933,-3.76311,flare_decay,False,True,True,True,True,True,0.670746,1.01334,,,False,True,True,True,,True,
159419061_13,159419061,13,1897.7,501.033,24,5.33529,0,True,,,,,,,,,,,,,,,,,,,,,,
159419061_14,159419061,14,1871.99,1987.89,16,15.4992,1,True,True,13.8389,6.48884,-2.5512,flare_decay,False,True,True,True,True,True,0.516673,0.79812,,,False,True,True,True,,True,
159419061_15,159419061,15,1874.76,1099.04,16,8.56901,1,True,True,11.3958,14.215,-4.33708,flare_decay,True,True,False,True,True,False,0.191093,0.238025,,,True,True,True,False,,True,
159419061_16,159419061,16,1877.51,16538.2,1,25.2116,1,False,True,23.7247,125.606,49.6084,flare_decay,True,True,True,True,True,True,3.82226,0.447368,,,True,True,True,True,True,True,
159419061_17,159419061,17,1895.39,1465.64,2,3.25387,0,False,,,,,,,,,,,,,,,,,,,,,,
159419061_18,159419061,18,1873.01,9452.14,4,31.358,1,True,True,31.289,207.468,-15.8442,flare_decay,False,True,True,True,True,True,0.816493,0.85096,,,True,True,True,True,True,True,
159419061_19,159419061,19,1878.43,6812.25,4,22.6,1,True,True,21.4083,71.3931,-14.77,flare_decay,False,True,True,True,True,True,0.603129,0.886287,,,True,True,True,True,,True,
159463997_0,159463997,0,1888.6,4120.1,16,42.6085,1,True,True,39.0259,159.611,8.29144,flare_decay,True,True,True,True,True,True,0.435714,0.787871,,,True,True,True,True,,True,
159463997_1,159463997,1,1882.2,8315.58,1,18.9694,1,False,False,,,,,,,,,,,,,,,,,,,,,
159463997_2,159463997,2,1876.22,7009.3,4,32.4219,1,True,True,30.9669,76.6036,-5.2731,flare_decay,True,True,True,True,True,True,0.951539,0.909039,,,True,True,True,True,True,True,
159463997_3,159463997,3,1878.95,994.786,8,6.53609,0,True,,,,,,,,,,,,,,,,,,,,,,
159463997_4,159463997,4,1897.22,1087.55,8,7.14557,0,True,,,,,,,,,,,,,,,,,,,,,,
159463997_5,159463997,5,1878.03,1381.15,4,6.38858,0,True,,,,,,,,,,,,,,,,,,,,,,
159463997_6,159463997,6,1875.82,3282.52,4,15.1835,1,True,True,15.9646,25.8056,12.9731,flare_decay,True,True,True,True,True,True,0.740456,0.891422,,,True,True,True,True,,True,
159463997_7,159463997,7,1878.8,3250.82,8,21.359,1,True,True,19.8684,61.9849,-1.98692,flare_decay,True,True,True,True,True,True,0.856041,1.06102,,,True,True,True,True,True,True,
159463997_8,159463997,8,1896.97,1641.2,2,5.19225,0,False,,,,,,,,,,,,,,,,,,,,,,
159463997_9,159463997,9,1897.26,1720.16,1,3.92401,0,False,,,,,,,,,,,,,,,,,,,,,,
159463997_10,159463997,10,1891.39,2907.73,2,9.1992,1,False,True,8.00253,-1.53799,-5.67344,flare_decay,False,True,False,True,True,True,0.74971,0.922781,,,False,False,True,True,,True,
159463997_11,159463997,11,1894.7,1149.35,8,7.55165,0,True,,,,,,,,,,,,,,,,,,,,,,
159463997_12,159463997,12,1880.78,874.705,8,5.74711,0,True,,,,,,,,,,,,,,,,,,,,,,
159463997_13,159463997,13,1888.53,466.227,8,3.06327,0,True,,,,,,,,,,,,,,,,,,,,,,
159463997_14,159463997,14,1894.91,466.811,8,3.06711,0,True,,,,,,,,,,,,,,,,,,,,,,
159463997_15,159463997,15,1878.41,1843.61,8,12.1132,1,True,True,9.18445,-2.62447,-5.27219,step,False,True,True,True,True,True,0.531661,0.912524,,,False,True,True,True,,True,
159463997_16,159463997,16,1882.07,4553.54,4,21.0627,1,True,True,20.033,28.152,21.6278,flare_decay,True,True,True,True,True,True,0.586231,0.877672,,,True,True,True,True,,True,
159463997_17,159463997,17,1876.64,614.698,16,6.35698,0,True,,,,,,,,,,,,,,,,,,,,,,
159463997_18,159463997,18,1873.78,1017.5,16,10.5226,1,True,True,9.8839,13.6275,-5.54562,step,True,True,True,True,True,True,0.62498,0.824986,,,True,True,True,True,,True,
159463997_19,159463997,19,1893.05,5376.5,16,55.6017,1,True,True,49.82,349.513,33.683,flare_decay,True,True,True,True,True,True,0.455646,0.934356,,,True,True,True,True,True,True,
159546179_0,159546179,0,1871.37,15900.2,1,20.0627,1,False,True,18.3028,63.8853,102.282,flare_decay,True,False,True,True,True,True,1.72164,0.455965,,,True,True,True,True,,True,
159546179_1,159546179,1,1895.74,33291.9,1,42.0075,1,False,True,37.7831,2650.46,270.283,flare_decay,True,True,True,True,True,True,2.10614,0.493462,,,True,False,True,True,,True,
159546179_2,159546179,2,1891.81,18994.4,24,33.7158,1,True,True,29.3785,14420.2,910.302,flare_decay,True,True,True,True,True,True,3.4892,0.990486,,,True,True,True,True,True,True,
159546179_3,159546179,3,1885.45,4979.19,8,7.23417,1,True,True,9.36062,315.047,-2.62192,flare_decay,True,True,True,True,True,True,3.00107,0.84712,0.00464497,0.00464497,True,True,True,True,,True,True
159546179_4,159546179,4,1882.78,5043.71,16,7.88592,0,True,,,,,,,,,,,,,,,,,,,,,,
159546179_5,159546179,5,1889.28,2080.25,8,3.02235,0,True,,,,,,,,,,,,,,,,,,,,,,
159546179_6,159546179,6,1882.47,11923.1,1,15.0445,1,False,True,11.7888,204.634,140.455,flare_decay,True,True,True,True,True,True,3.87854,0.733917,,,True,False,True,True,,True,
159546179_7,159546179,7,1888.08,3451.9,2,4.68506,0,False,,,,,,,,,,,,,,,,,,,,,,
159546179_8,159546179,8,1872.87,4715.52,1,5.95001,0,False,,,,,,,,,,,,,,,,,,,,,,
159546179_9,159546179,9,1880.2,2843.31,16,4.44556,0,True,,,,,,,,,,,,,,,,,,,,,,
159546179_10,159546179,10,1880.83,24067.5,8,34.9672,1,True,True,33.9491,5799.93,375.64,flare_decay,True,True,True,True,True,True,8.36036,0.948899,,,True,True,True,True,,True,
159546179_11,159546179,11,1890.76,34999.4,2,47.5027,1,False,True,52.017,5208.4,1316.22,flare_decay,True,True,True,True,True,True,2.27463,0.933153,,,True,False,True,True,,True,
159546179_12,159546179,12,1880.14,11974.4,8,17.3973,1,True,True,18.2644,2254.6,63.7321,flare_decay,True,True,True,True,True,True,6.85038,0.977487,,,True,True,True,True,True,True,
159546179_13,159546179,13,1873.78,2579.46,16,4.03303,0,True,,,,,,,,,,,,,,,,,,,,,,
159546179_14,159546179,14,1896.41,4567.06,1,5.76268,0,False,,,,,,,,,,,,,,,,,,,,,,
159546179_15,159546179,15,1891.56,32848.5,1,41.448,1,False,True,48.0647,3681.73,-3.06118,flare_decay,True,False,True,True,True,True,3.13255,0.576352,,,True,False,True,True,,True,
159546179_16,159546179,16,1881.26,11735.7,2,15.9282,1,False,True,16.7371,1432.59,328.94,flare_decay,True,True,True,True,True,True,6.79672,0.915985,,,True,False,True,True,,True,
159546179_17,159546179,17,1894.66,10656.5,16,16.6616,1,True,True,12.8573,1989.83,173.944,step,True,True,True,True,True,True,6.7026,0.916163,,,True,True,True,True,,True,
159546179_18,159546179,18,1890.91,4413.7,24,7.83446,1,True,True,11.0657,1584.28,883.975,flare_decay,True,True,True,True,True,True,4.66426,1.01856,1,1.24959e-78,True,True,True,True,True,True,False
159546179_19,159546179,19,1878.89,6617.35,4,9.15433,1,True,True,12.001,405.938,-65.7397,flare_decay,False,True,True,True,True,True,4.79183,0.954666,0.287468,0.286539,True,True,True,True,,True,False
160553166_0,160553166,0,1892.68,1054.65,16,11.5686,1,True,True,10.9277,37.4013,-7.89089,flare_decay,False,True,True,True,True,True,0.718776,0.746619,,,True,True,True,True,True,True,
160553166_1,160553166,1,1877.41,3037.93,4,18.169,1,True,True,16.5703,78.2083,-8.91456,flare_decay,False,True,True,True,True,True,0.824161,0.636691,,,True,True,True,True,True,True,
160553166_2,160553166,2,1886.72,2679.43,1,9.57663,0,False,,,,,,,,,,,,,,,,,,,,,,
160553166_3,160553166,3,1873.39,7895.29,8,57.8409,1,True,True,56.1248,1531.18,435.663,flare_decay,True,True,True,True,True,True,0.924391,0.843737,,,True,True,True,True,True,True,
160553166_4,160553166,4,1888.97,1024.42,24,15.5179,1,True,True,19.0401,162.007,12.0204,flare_decay,True,True,False,True,False,False,0.151934,0.207423,,,True,True,True,False,,True,
160553166_5,160553166,5,1879.1,674.869,2,3.07459,0,False,,,,,,,,,,,,,,,,,,,,,,
160553166_6,160553166,6,1890.99,2397.98,4,14.3416,1,True,True,15.4028,141.928,46.5821,flare_decay,True,True,True,True,True,True,0.945751,0.875445,,,True,True,True,True,True,True,
160553166_7,160553166,7,1887.01,1189.91,4,7.1165,1,True,True,8.33018,7.9594,3.56782,flare_decay,False,True,True,True,True,True,0.48886,0.641573,,,False,True,True,True,,True,
160553166_8,160553166,8,1871.93,753.419,16,8.26435,0,True,,,,,,,,,,,,,,,,,,,,,,
160553166_9,160553166,9,1883.68,2537.28,24,38.4345,1,True,True,23.3776,16.6419,21.0728,step,True,False,False,True,True,False,,,,,True,True,False,False,,True,
160553166_10,160553166,10,1873.16,2437.67,1,8.71256,0,False,,,,,,,,,,,,,,,,,,,,,,
160553166_11,160553166,11,1871.41,2166.17,8,15.8694,1,True,True,15.5249,149.401,19.8172,flare_decay,True,True,True,True,True,True,0.769384,0.778804,,,True,True,True,True,True,True,
160553166_12,160553166,12,1878.07,665.992,4,3.98311,0,True,,,,,,,,,,,,,,,,,,,,,,
160553166_13,160553166,13,1876.32,2529.01,2,11.5218,1,False,True,11.2666,34.7278,2.34837,flare_decay,True,True,True,True,True,True,1.2242,0.85354,,,True,False,True,True,,True,
160553166_14,160553166,14,1877.97,1628.8,16,17.8665,1,True,True,16.3865,99.179,17.6635,flare_decay,True,True,True,True,True,True,1.10296,0.854359,,,True,True,True,True,True,True,
160553166_15,160553166,15,1875.72,1045.1,24,15.8311,1,True,True,13.2877,94.6386,1.98541,step,True,True,True,True,False,True,0.633534,0.735346,,,True,True,True,False,,True,
160553166_16,160553166,16,1895.91,7587.83,2,34.5689,1,False,True,33.9057,276.647,60.4381,flare_decay,True,True,True,True,True,True,0.584208,0.813968,,,True,False,True,True,,True,
160553166_17,160553166,17,1890.47,7838.25,2,35.7098,1,False,True,34.7111,393.793,-35.6421,flare_decay,False,True,True,True,True,True,1.68226,0.76074,,,True,False,True,True,,True,
160553166_18,160553166,18,1875.91,848.139,16,9.30335,1,True,True,9.71723,49.488,-6.39917,flare_decay,False,True,True,True,True,True,1.02523,1.23854,,,True,True,True,True,True,True,
160553166_19,160553166,19,1888.97,571.092,4,3.41553,0,True,,,,,,,,,,,,,,,,,,,,,,
160619012_0,160619012,0,1887.72,18835.5,2,49.1235,1,False,True,46.2814,163.967,-7.03035,flare_decay,False,True,True,True,True,True,0.682069,0.870162,,,True,False,True,True,,True,
160619012_1,160619012,1,1895.57,1382.7,4,4.74161,0,True,,,,,,,,,,,,,,,,,,,,,,
160619012_2,160619012,2,1896.57,1170.38,4,4.01351,0,True,,,,,,,,,,,,,,,,,,,,,,
160619012_3,160619012,3,1880.18,1615.13,8,7.08435,0,True,,,,,,,,,,,,,,,,,,,,,,
160619012_4,160619012,4,1873.12,2787.36,4,9.55856,1,True,True,11.5374,11.9921,-1.56994,flare_decay,True,True,True,True,True,True,2.50023,0.891148,0.163426,0.00571756,True,True,True,True,,True,True
160619012_5,160619012,5,1883.64,9900.12,16,58.9035,1,True,True,47.3645,280.806,65.793,flare_decay,True,False,False,True,True,False,,,,,True,True,False,False,,True,
160619012_6,160619012,6,1877.99,11236.8,2,29.3057,1,False,True,27.3976,146.861,-15.0701,flare_decay,False,True,True,True,True,True,1.01048,0.913326,,,True,False,True,True,,True,
160619012_7,160619012,7,1877.76,1596.86,4,5.47602,0,True,,,,,,,,,,,,,,,,,,,,,,
160619012_8,160619012,8,1890.43,4564.11,8,20.0192,1,True,True,19.8582,67.1574,9.75077,flare_decay,True,True,True,True,True,True,0.78739,1.05086,,,True,True,True,True,,True,
160619012_9,160619012,9,1885.66,12933.3,4,44.3514,1,True,True,42.9666,114.244,-7.38429,flare_decay,False,True,True,True,True,True,0.938126,0.946095,,,True,True,True,True,,True,
160619012_10,160619012,10,1875.37,24925.8,1,47.9707,1,False,True,50.88,241.194,0.0901296,flare_decay,True,True,True,True,True,True,0.735072,0.607935,,,True,True,True,True,True,True,
160619012_11,160619012,11,1887.22,6831.85,2,17.8176,1,False,True,16.4089,13.1223,-6.77227,flare_decay,False,True,True,True,True,True,0.573651,1.13065,,,True,False,True,True,,True,
160619012_12,160619012,12,1882.95,907.921,16,5.40193,0,True,,,,,,,,,,,,,,,,,,,,,,
160619012_13,160619012,13,1880.03,1485.32,2,3.87374,0,False,,,,,,,,,,,,,,,,,,,,,,
160619012_14,160619012,14,1888.07,4093.51,4,14.0377,1,True,True,13.7741,35.0589,0.338726,flare_decay,True,True,True,True,True,True,0.677189,0.897081,,,True,True,True,True,,True,
160619012_15,160619012,15,1889.53,1745.45,4,5.98558,0,True,,,,,,,,,,,,,,,,,,,,,,
160619012_16,160619012,16,1895.97,763.905,16,4.54507,0,True,,,,,,,,,,,,,,,,,,,,,,
160619012_17,160619012,17,1897.22,3118.36,4,10.6936,1,True,True,12.1902,35.6765,18.855,flare_decay,True,True,True,True,True,True,0.633674,1.07659,,,True,True,True,True,True,True,
160619012_18,160619012,18,1891.35,2128.86,16,12.6662,1,True,True,12.6047,38.1654,0.665367,flare_decay,True,True,True,True,True,True,1.38994,1.3224,,,True,True,True,True,,True,
160619012_19,160619012,19,1882.7,1607.79,2,4.19316,0,False,,,,,,,,,,,,,,,,,,,,,,
165530429_0,165530429,0,1874.05,8012.92,16,10.2953,1,True,True,9.08764,62.6127,135.959,ramp,True,True,True,True,True,True,3.40881,0.969991,,,True,True,True,True,,True,
165530429_1,165530429,1,1882.11,2950.8,16,3.79128,0,True,,,,,,,,,,,,,,,,,,,,,,
165530429_2,165530429,2,1888.45,10590.9,8,11.4138,1,True,True,12.3248,62.749,159.515,flare_decay,True,True,True,True,True,True,2.54855,0.90932,0.447197,5.26339e-08,True,True,True,True,,True,True
165530429_3,165530429,3,1894.86,29112.7,1,23.2619,1,False,True,27.5781,293.716,-3.54969,flare_decay,True,True,True,True,True,True,2.34541,0.653223,,,True,False,True,True,,True,
165530429_4,165530429,4,1891.2,4576.89,16,5.88053,0,True,,,,,,,,,,,,,,,,,,,,,,
165530429_5,165530429,5,1882.91,7639.26,16,9.81515,0,True,,,,,,,,,,,,,,,,,,,,,,
165530429_6,165530429,6,1895.05,48154.8,4,47.7148,1,False,True,49.0149,1043.66,492.015,flare_decay,True,True,True,True,True,True,1.85921,0.902328,,,True,True,True,True,,True,
165530429_7,165530429,7,1880.64,50000,8,53.8849,1,True,True,59.6376,3399.53,94.4327,flare_decay,True,True,True,True,True,True,2.96545,0.968802,,,True,True,True,True,,True,
165530429_8,165530429,8,1894.09,32164.2,4,31.8703,1,False,True,32.3012,902.97,319.319,flare_decay,True,True,True,True,True,True,2.42779,0.893389,,,True,True,True,True,,True,
165530429_9,165530429,9,1880.7,7841.63,1,6.26568,0,False,,,,,,,,,,,,,,,,,,,,,,
165530429_10,165530429,10,1896.47,13889.8,2,12.5735,1,False,True,13.6955,26.0984,-6.64324,flare_decay,False,True,True,True,True,True,1.65287,0.969057,,,True,False,True,True,,True,
165530429_11,165530429,11,1873.74,22811.8,8,24.5843,1,True,True,24.2915,640.629,45.7622,flare_decay,True,True,True,True,True,True,3.17752,0.957429,,,True,True,True,True,,True,
165530429_12,165530429,12,1877.74,28650.2,2,25.9351,1,False,True,28.3942,175.316,-21.1953,flare_decay,False,True,True,True,True,True,2.65178,0.899482,,,True,False,True,True,,True,
165530429_13,165530429,13,1873.05,22441.8,16,28.834,1,True,True,22.9422,1388.99,86.7176,flare_decay,True,True,True,True,True,True,1.85898,0.896128,,,True,True,True,True,,True,
165530429_14,165530429,14,1871.22,50000,2,45.2615,1,False,True,47.036,568.152,-55.5729,flare_decay,False,False,True,True,True,True,2.09601,0.949494,,,True,False,True,True,,True,
165530429_15,165530429,15,1889.01,37370.9,2,33.8293,1,False,True,35.7451,512.932,-42.0163,flare_decay,False,True,True,True,True,True,1.37298,0.860464,,,True,False,True,True,,True,
165530429_16,165530429,16,1886.55,41347.7,2,37.4292,1,False,True,38.5601,713.397,29.6972,flare_decay,True,True,True,True,True,True,1.46553,0.860177,,,True,False,True,True,,True,
165530429_17,165530429,17,1896.66,50000,8,53.8849,1,True,True,55.4651,3300.45,87.544,flare_decay,True,True,True,True,True,True,1.89526,0.910536,1,0,True,True,True,True,,True,False
165530429_18,165530429,18,1875.05,3809.28,24,6.61891,0,True,,,,,,,,,,,,,,,,,,,,,,
165530429_19,165530429,19,1894.7,6406.7,4,6.34816,1,True,True,7.83069,33.6439,2.42916,flare_decay,True,True,True,True,True,True,1.53316,0.802258,,,True,False,True,True,,True,
165890849_0,165890849,0,1874.56,23330.7,4,29.5699,1,True,True,52.8288,360.947,-36.0953,flare_decay,False,True,True,True,True,True,0.672234,0.949217,,,True,True,True,True,True,True,
165890849_1,165890849,1,1873.81,34778,2,24.1533,1,False,True,38.2725,333.001,9.43681,flare_decay,True,True,True,True,True,True,1.0271,0.881407,,,True,False,True,True,,True,
165890849_2,165890849,2,1895.77,3244.26,4,4.11186,1,True,True,9.02168,11.0168,-1.65234,flare_decay,True,True,True,True,True,True,0.704437,0.909556,0.540099,0.0589364,True,True,True,True,True,True,False
165890849_3,165890849,3,1893.7,6120.66,8,16.1044,1,True,True,22.889,114.585,22.9787,flare_decay,True,True,True,True,True,True,0.460326,0.867689,,,True,True,True,True,,True,
165890849_4,165890849,4,1887.62,50000,1,30.2735,1,False,True,17.6841,311.565,1600.47,flare_decay,True,True,True,True,True,True,1.38525,0.507755,,,True,True,True,True,True,True,
165890849_5,165890849,5,1887.81,1214.89,24,8.69682,0,True,,,,,,,,,,,,,,,,,,,,,,
165890849_6,165890849,6,1897.06,50000,2,34.725,0,False,,,,,,,,,,,,,,,,,,,,,,
165890849_7,165890849,7,1873.43,6012.9,1,3.64063,0,False,,,,,,,,,,,,,,,,,,,,,,
165890849_8,165890849,8,1876.81,1573.45,24,11.2636,0,True,,,,,,,,,,,,,,,,,,,,,,
165890849_9,165890849,9,1881.68,1500.36,24,10.7403,0,True,,,,,,,,,,,,,,,,,,,,,,
165890849_10,165890849,10,1892.25,47538.7,2,33.0156,1,False,True,54.0155,648.941,203.734,flare_decay,True,True,True,True,True,True,0.979772,0.816908,,,True,False,True,True,,True,
165890849_11,165890849,11,1877.02,19255.3,4,24.4046,1,True,True,46.9031,439.723,-22.0206,flare_decay,False,True,True,True,True,True,0.850664,0.885488,,,True,True,True,True,,True,
165890849_12,165890849,12,1876.41,38071.6,4,48.2529,1,True,True,85.4922,1580.56,775.779,flare_decay,True,True,True,True,True,True,0.731252,0.935589,,,True,True,True,True,False,True,
165890849_13,165890849,13,1876.02,10124.3,16,41.9256,1,True,True,50.748,620.071,17.0882,flare_decay,True,True,True,True,True,True,0.592954,1.1239,,,True,True,True,True,,True,
165890849_14,165890849,14,1897.37,50000,2,34.725,0,False,,,,,,,,,,,,,,,,,,,,,,
165890849_15,165890849,15,1895.45,14111.2,1,8.5439,0,False,,,,,,,,,,,,,,,,,,,,,,
165890849_16,165890849,16,1873.41,50000,1,30.2735,1,False,True,27.332,1219.3,322.067,flare_decay,True,True,True,True,True,True,2.5961,0.617997,,,True,False,True,True,,True,
165890849_17,165890849,17,1881.02,26692.6,1,16.1616,0,False,,,,,,,,,,,,,,,,,,,,,,
165890849_18,165890849,18,1872.04,35498.2,2,24.6535,1,False,True,42.1296,309.5,61.4603,flare_decay,True,True,True,True,True,True,0.96007,0.900232,,,True,False,True,True,,True,
165890849_19,165890849,19,1874.56,2408.63,24,17.2423,1,True,True,15.121,17.3466,-8.49576,flare_decay,False,True,False,True,False,False,0.251863,0.43766,,,True,True,True,False,,True,
166556000_0,166556000,0,1890.29,1464.1,4,9.08712,1,False,True,9.21061,0.351727,7.15053,flare_decay,False,True,True,True,True,True,0.828592,1.36343,,,False,False,True,True,,True,
166556000_1,166556000,1,1887.06,3041.91,24,39.527,1,True,True,25.7021,-2.15145,1.6987,step,False,False,True,True,True,True,0.527503,1.69455,,,False,True,True,True,,True,
166556000_2,166556000,2,1878.58,2030.4,2,9.51769,1,False,True,10.0972,27.7734,-5.83134,flare_decay,True,True,True,True,True,True,0.485351,0.870272,,,True,False,True,True,,True,
166556000_3,166556000,3,1896.33,8214.49,2,38.5063,1,False,True,36.2562,179.618,-1.84542,flare_decay,True,True,True,True,True,True,0.491622,0.85408,,,True,False,True,True,,True,
166556000_4,166556000,4,1878.12,2142.98,16,20.1334,1,True,True,18.6863,114.64,5.03616,flare_decay,True,True,True,True,True,True,0.573388,0.873628,,,True,True,True,True,,True,
166556000_5,166556000,5,1894.89,572.46,4,3.55305,0,False,,,,,,,,,,,,,,,,,,,,,,
166556000_6,166556000,6,1883.56,632.378,8,4.63164,0,True,,,,,,,,,,,,,,,,,,,,,,
166556000_7,166556000,7,1879.97,6100.32,4,37.8625,1,False,True,36.5905,306.726,95.4875,flare_decay,True,True,True,True,True,True,0.774078,1.14266,,,True,False,True,True,,True,
166556000_8,166556000,8,1879.39,2039.98,16,19.1657,1,True,True,18.0788,156.05,0.320025,flare_decay,True,True,True,True,True,True,0.523919,0.664683,,,True,True,True,True,,True,
166556000_9,166556000,9,1875.02,13745.1,1,43.8202,1,False,True,44.7605,163.379,-1.27201,flare_decay,True,True,True,True,True,True,0.517981,0.725854,,,True,False,True,True,,True,
166556000_10,166556000,10,1893.45,1803.16,24,23.4305,1,True,True,22.3849,83.4908,5.90423,flare_decay,True,True,True,True,True,True,0.306877,0.789589,,,True,True,True,True,,True,
166556000_11,166556000,11,1890.45,523.077,16,4.91433,0,True,,,,,,,,,,,,,,,,,,,,,,
166556000_12,166556000,12,1875.79,4970.21,2,23.2984,1,False,True,21.6769,39.8528,0.564453,flare_decay,True,True,True,True,True,True,0.647402,1.01772,,,True,False,True,True,,True,
166556000_13,166556000,13,1872.81,699.794,16,6.57459,0,True,,,,,,,,,,,,,,,,,,,,,,
166556000_14,166556000,14,1883.79,1675.26,2,7.85295,1,False,True,8.29111,1.23083,-2.91611,flare_decay,False,True,True,True,True,True,0.397371,1.08879,,,False,False,True,True,,True,
166556000_15,166556000,15,1875.68,1697.65,4,10.5367,1,False,True,9.89732,11.7888,1.66305,flare_decay,True,True,True,True,True,True,0.386656,0.849934,,,True,False,True,True,,True,
166556000_16,166556000,16,1878.85,3464.62,8,25.3754,1,True,True,25.8044,162.396,-0.663599,flare_decay,True,True,True,True,True,True,1.01066,1.25839,,,True,True,True,True,,True,
166556000_17,166556000,17,1892.85,7697.03,2,36.0806,1,False,True,34.2351,171.196,-19.4229,flare_decay,False,True,True,True,True,True,0.471974,0.982691,,,True,False,True,True,,True,
166556000_18,166556000,18,1876.08,4830.68,1,15.4005,1,False,True,10.7508,-1.43606,6.89414,flare_decay,False,True,True,True,True,True,0.388184,0.632455,,,False,False,True,True,,True,
166556000_19,166556000,19,1875.72,2130.51,8,15.6042,1,True,True,14.9076,53.7867,3.31284,flare_decay,True,True,True,True,True,True,0.359191,0.937392,,,True,True,True,True,,True,
172533365_0,172533365,0,1879.68,19984,4,50.5321,1,False,True,49.1405,261.442,101.358,flare_decay,True,True,True,True,True,True,0.791374,0.938123,,,True,False,True,True,,True,
172533365_1,172533365,1,1874.5,11273.4,1,13.3312,1,False,True,15.8982,50.6594,-3.72369,flare_decay,True,True,True,True,True,True,0.803141,0.599416,,,True,False,True,True,,True,
172533365_2,172533365,2,1882.16,10226,8,38.7384,1,True,True,35.8495,300.434,13.9927,flare_decay,True,True,True,True,True,True,0.87246,0.979164,,,True,True,True,True,True,True,
172533365_3,172533365,3,1891.12,3894.43,4,9.84754,1,False,True,8.70798,2.56929,-0.772091,flare_decay,False,True,True,True,True,True,0.898634,0.881754,,,False,False,True,True,,True,
172533365_4,172533365,4,1871.6,9146.6,1,10.8162,0,False,,,,,,,,,,,,,,,,,,,,,,
172533365_5,172533365,5,1895.04,5483.06,8,20.7711,1,True,True,22.6878,130.577,8.9606,flare_decay,True,True,True,True,True,True,0.738056,0.853295,,,True,True,True,True,True,True,
172533365_6,172533365,6,1895.81,980.068,16,5.87766,0,True,,,,,,,,,,,,,,,,,,,,,,
172533365_7,172533365,7,1888.5,610.994,24,5.3513,0,True,,,,,,,,,,,,,,,,,,,,,,
172533365_8,172533365,8,1892.56,11301,8,42.8108,1,True,True,36.985,242.805,24.5462,flare_decay,True,False,True,True,True,True,0.871049,0.940788,,,True,True,True,True,True,True,
172533365_9,172533365,9,1880,6801.15,4,17.1975,1,False,True,18.9048,71.3831,5.35615,flare_decay,True,True,True,True,True,True,0.93049,1.02162,,,True,False,True,True,,True,
172533365_10,172533365,10,1887.27,2436.85,4,6.16187,0,False,,,,,,,,,,,,,,,,,,,,,,
172533365_11,172533365,11,1883.93,20101.5,4,50.8291,0,False,,,,,,,,,,,,,,,,,,,,,,
172533365_12,172533365,12,1872.72,1191.29,16,7.14437,0,True,,,,,,,,,,,,,,,,,,,,,,
172533365_13,172533365,13,1883.22,3321.11,24,29.0874,1,True,True,21.538,34.2295,4.47003,step,True,True,False,True,True,False,0.142801,0.502107,,,True,True,True,False,,True,
172533365_14,172533365,14,1873.83,4430.31,2,7.36775,1,False,True,7.34806,-2.88185,-1.04925,flare_decay,False,True,True,True,True,True,1.65173,0.88702,,,False,False,True,True,,True,
172533365_15,172533365,15,1871.47,6316.2,8,23.9272,1,True,True,24.6336,98.3078,0.941717,flare_decay,True,True,True,True,True,True,0.835412,0.84737,,,True,True,True,True,,True,
172533365_16,172533365,16,1879.97,9285.35,1,10.9803,0,False,,,,,,,,,,,,,,,,,,,,,,
172533365_17,172533365,17,1892.66,3734.89,1,4.41666,0,False,,,,,,,,,,,,,,,,,,,,,,
172533365_18,172533365,18,1872.39,827.275,8,3.13391,0,True,,,,,,,,,,,,,,,,,,,,,,
172533365_19,172533365,19,1877.64,12054.5,1,14.2549,1,False,True,10.4063,6.5635,19.6534,flare_decay,False,True,True,True,True,True,1.07832,0.595974,,,False,True,True,True,,True,
188829441_0,188829441,0,1873.05,7320.33,2,39.3938,1,False,True,37.8522,221.765,11.0191,flare_decay,True,False,True,True,True,True,1.36645,0.892626,,,True,False,True,True,,True,
188829441_1,188829441,1,1887.45,6671.79,1,26.9741,1,False,True,24.6563,18.9563,53.1625,flare_decay,True,False,True,True,True,True,0.330872,0.440124,,,True,False,True,True,,True,
188829441_2,188829441,2,1890.01,6609.21,4,44.8809,1,True,True,44.5286,1078.65,732.858,flare_decay,True,True,True,True,True,True,0.70529,0.835568,,,True,True,True,True,True,True,
188829441_3,188829441,3,1871.41,1875.6,2,10.0934,1,False,True,10.5075,27.5047,-1.02245,flare_decay,True,False,True,True,True,True,0.637079,0.863393,,,True,False,True,True,,True,
188829441_4,188829441,4,1897.3,1731.51,8,13.3642,1,True,True,15.922,31.2213,2.10213,flare_decay,True,True,True,True,True,True,0.574027,0.863547,,,True,True,True,True,,True,
188829441_5,188829441,5,1895.55,524.62,8,4.04914,0,True,,,,,,,,,,,,,,,,,,,,,,
188829441_6,188829441,6,1888.39,5239.02,8,40.436,1,True,True,41.9318,887.245,72.1516,flare_decay,True,True,True,True,True,True,0.639048,0.88605,,,True,True,True,True,True,True,
188829441_7,188829441,7,1886.78,4473.87,1,18.0879,1,False,True,11.3405,31.194,82.5516,flare_decay,True,True,True,True,True,True,0.63331,0.957449,,,True,True,True,True,,True,
188829441_8,188829441,8,1880.3,9200.38,1,37.1972,1,False,True,31.7354,278.043,206.671,flare_decay,True,True,True,True,True,True,0.948885,0.470416,1,0,True,True,True,True,,True,False
188829441_9,188829441,9,1892.22,8488.29,1,34.3182,1,False,True,25.655,45.8416,195.421,flare_decay,True,True,True,True,True,True,0.482815,0.419829,,,True,True,True,True,True,True,
188829441_10,188829441,10,1889.18,303.374,24,3.63773,0,True,,,,,,,,,,,,,,,,,,,,,,
188829441_11,188829441,11,1895.3,1195.48,24,14.3349,1,True,True,11.9107,130.994,3.13535,flare_decay,True,True,True,True,True,True,1.02616,1.31949,,,True,True,True,True,,True,
188829441_12,188829441,12,1890.3,1324.13,16,13.6192,1,True,True,14.1699,32.7002,12.0606,flare_decay,True,True,True,True,True,True,0.793042,0.869998,,,True,True,True,True,,True,
188829441_13,188829441,13,1890.53,981.173,2,5.28011,0,False,,,,,,,,,,,,,,,,,,,,,,
188829441_14,188829441,14,1873.24,584.993,16,6.01687,0,True,,,,,,,,,,,,,,,,,,,,,,
188829441_15,188829441,15,1875.86,6793.35,8,52.4326,1,True,True,53.026,802.914,69.2882,flare_decay,True,True,True,True,True,True,0.730384,0.951869,,,True,True,True,True,,True,
188829441_16,188829441,16,1892.22,643.373,8,4.96571,0,True,,,,,,,,,,,,,,,,,,,,,,
188829441_17,188829441,17,1892.61,329.931,24,3.95616,0,True,,,,,,,,,,,,,,,,,,,,,,
188829441_18,188829441,18,1875.7,503.477,4,3.41894,0,True,,,,,,,,,,,,,,,,,,,,,,
188829441_19,188829441,19,1889.72,3756.88,4,25.5117,1,True,True,24.5834,167.262,94.7764,flare_decay,True,True,True,True,True,True,0.552032,0.900129,,,True,True,True,True,,True,
198209789_0,198209789,0,1892.49,19821.4,16,35.3744,1,True,True,31.4549,599.792,67.1706,step,True,True,True,True,True,True,3.65618,0.94272,,,True,True,True,True,,True,
198209789_1,198209789,1,1883.45,4661.04,16,8.31835,1,True,True,8.59148,91.0248,7.73612,flare_decay,True,True,True,True,True,True,2.29884,0.702929,2.71593e-08,1.48106e-27,True,True,True,True,,True,True
198209789_2,198209789,2,1882.43,10009.2,2,12.9204,1,False,True,11.9083,21.0189,-1.04221,flare_decay,True,True,True,True,True,True,1.39975,0.952654,,,True,False,True,True,,True,
198209789_3,198209789,3,1883.22,36308.8,2,46.8693,1,False,True,47.4891,486.25,-51.3783,flare_decay,False,True,True,True,True,True,0.986456,0.893901,,,True,False,True,True,,True,
198209789_4,198209789,4,1885.37,4029.1,24,8.42636,0,True,,,,,,,,,,,,,,,,,,,,,,
198209789_5,198209789,5,1876.18,4840.29,16,8.63825,1,True,True,12.1382,114.005,21.5235,flare_decay,True,True,True,True,True,True,2.18425,0.987426,0.558192,0,True,True,True,True,,True,False
198209789_6,198209789,6,1892.12,2466.29,8,4.18506,0,True,,,,,,,,,,,,,,,,,,,,,,
198209789_7,198209789,7,1896.37,9892.34,4,15.5983,1,True,True,17.3739,46.5643,1.52652,flare_decay,True,True,True,True,True,True,1.05057,0.943014,,,True,True,True,True,True,True,
198209789_8,198209789,8,1890.91,2060.46,24,4.3092,0,True,,,,,,,,,,,,,,,,,,,,,,
198209789_9,198209789,9,1877.82,9449.24,4,14.8997,1,True,True,12.9439,255.092,52.6149,flare_decay,True,True,True,True,True,True,3.00814,0.9364,0.00545399,0,True,True,True,True,,True,True
198209789_10,198209789,10,1886.76,18626.7,24,38.9555,1,True,True,33.2855,-96.8509,29.2283,step,False,True,True,True,True,True,0.346763,0.880167,,,False,True,True,True,,True,
198209789_11,198209789,11,1888.18,8686.54,1,9.06329,0,False,,,,,,,,,,,,,,,,,,,,,,
198209789_12,198209789,12,1887.72,1889.12,16,3.37142,0,True,,,,,,,,,,,,,,,,,,,,,,
198209789_13,198209789,13,1890.18,10391.1,16,18.5446,1,True,True,19.058,317.661,19.5943,flare_decay,True,True,True,True,True,True,2.01786,0.893437,,,True,True,True,True,,True,
198209789_14,198209789,14,1886.24,20080.2,1,20.9511,1,False,True,12.8029,24.277,132.197,flare_decay,True,False,True,True,True,True,1.39829,0.575131,0.999997,0,True,True,True,True,,True,False
198209789_15,198209789,15,1873.62,20523.7,16,36.6278,1,True,True,34.479,1942.24,84.7643,flare_decay,True,True,True,True,True,True,2.11267,0.959895,,,True,True,True,True,,True,
198209789_16,198209789,16,1888.26,1892.5,24,3.95792,0,True,,,,,,,,,,,,,,,,,,,,,,
198209789_17,198209789,17,1895.45,17895.3,16,31.937,1,True,True,31.9401,1585.25,108.347,flare_decay,True,True,True,True,True,True,1.62334,0.971109,,,True,True,True,True,True,True,
198209789_18,198209789,18,1873.8,2788.75,24,5.83233,0,True,,,,,,,,,,,,,,,,,,,,,,
198209789_19,198209789,19,1895.3,5506.51,16,9.82721,1,True,True,8.78962,94.2535,4.05998,flare_decay,True,True,True,True,True,True,2.23811,0.963714,2.25176e-08,1.41045e-35,True,True,True,True,,True,True
198210748_0,198210748,0,1887.59,1036.76,16,5.12021,0,True,,,,,,,,,,,,,,,,,,,,,,
198210748_1,198210748,1,1882.76,7016.87,1,7.05699,0,False,,,,,,,,,,,,,,,,,,,,,,
198210748_2,198210748,2,1872.99,5180.45,2,7.71689,1,False,True,8.14218,1.93677,-4.30481,flare_decay,False,False,True,True,True,True,0.80005,0.84369,,,False,False,True,True,,True,
198210748_3,198210748,3,1880.09,2236.6,8,7.69602,0,True,,,,,,,,,,,,,,,,,,,,,,
198210748_4,198210748,4,1895.45,10835,16,53.5105,1,True,True,50.9914,229.412,17.4707,flare_decay,True,True,True,True,True,True,0.456844,0.939749,,,True,True,True,True,True,True,
198210748_5,198210748,5,1890.78,6352.13,24,43.6975,1,True,True,37.7142,135.794,-8.81418,flare_decay,False,True,True,True,True,True,0.593588,0.972237,,,True,True,True,True,,True,
198210748_6,198210748,6,1877.66,1668.36,16,8.23948,1,True,True,8.33919,-0.141087,-5.06494,step,False,True,True,True,True,True,0.747805,1.24,,,False,True,True,True,,True,
198210748_7,198210748,7,1881.47,18818.4,1,18.926,1,False,True,11.3707,-1.23887,33.5581,flare_decay,False,True,True,True,True,True,1.45229,0.537624,,,False,True,True,True,,True,
198210748_8,198210748,8,1885.66,23385.3,1,23.519,1,False,True,21.8753,17.7489,0.230343,flare_decay,True,True,True,True,True,True,0.950655,0.547974,,,True,False,True,True,,True,
198210748_9,198210748,9,1877.59,683.777,16,3.37695,0,True,,,,,,,,,,,,,,,,,,,,,,
198210748_10,198210748,10,1891.93,1616.39,8,5.56191,0,True,,,,,,,,,,,,,,,,,,,,,,
198210748_11,198210748,11,1881.41,11160.9,2,16.6255,1,False,True,14.7228,19.1758,-1.02998,flare_decay,True,True,True,True,True,True,0.800075,1.01476,,,True,False,True,True,,True,
198210748_12,198210748,12,1886.37,39095.1,1,39.3185,1,False,True,42.5402,201.749,-2.58814,flare_decay,True,True,True,True,True,True,3.92174,0.723638,,,True,False,True,True,,True,
198210748_13,198210748,13,1873.3,2978.03,4,6.33856,0,True,,,,,,,,,,,,,,,,,,,,,,
198210748_14,198210748,14,1888.53,776.006,24,5.33829,0,True,,,,,,,,,,,,,,,,,,,,,,
198210748_15,198210748,15,1874.03,11534.4,1,11.6003,0,False,,,,,,,,,,,,,,,,,,,,,,
198210748_16,198210748,16,1891.93,5088.3,4,10.8301,1,True,True,12.399,23.2024,-5.56147,flare_decay,True,True,True,True,True,True,0.39851,0.673842,,,True,True,True,True,True,True,
198210748_17,198210748,17,1881.93,3782.18,8,13.0143,1,True,True,12.7869,13.1037,-2.09318,flare_decay,True,True,True,True,False,True,0.47944,0.541222,,,True,True,True,False,,True,
198210748_18,198210748,18,1870.7,3844.56,1,3.86654,0,False,,,,,,,,,,,,,,,,,,,,,,
198210748_19,198210748,19,1883.01,977.98,24,6.7277,0,True,,,,,,,,,,,,,,,,,,,,,,
198488028_0,198488028,0,1877.08,7231.36,4,54.8806,1,False,True,52.9443,227.359,-18.0159,flare_decay,False,True,False,True,True,False,0.242982,0.942787,,,True,False,True,False,,True,
198488028_1,198488028,1,1894.47,1732.73,8,16.341,1,True,True,16.4937,58.9026,10.1745,flare_decay,True,True,True,True,True,True,0.423751,1.50522,,,True,True,True,True,,True,
198488028_2,198488028,2,1882.43,3058.1,16,40.45,1,True,True,38.085,419.362,56.2876,flare_decay,True,True,True,True,True,True,0.926512,1.66767,,,True,True,True,True,,True,
198488028_3,198488028,3,1881.62,4532,4,34.3945,1,False,True,34.9468,202.836,-16.3953,flare_decay,False,True,True,True,True,True,0.495843,0.851869,,,True,False,True,True,,True,
198488028_4,198488028,4,1879.16,7683,4,58.3082,1,False,True,56.6561,1051.23,-156.353,flare_decay,False,True,True,True,True,True,0.538449,0.915211,,,True,False,True,True,,True,
198488028_5,198488028,5,1873.76,244.632,16,3.23579,0,True,,,,,,,,,,,,,,,,,,,,,,
198488028_6,198488028,6,1877.01,954.211,8,8.99896,0,True,,,,,,,,,,,,,,,,,,,,,,
198488028_7,198488028,7,1877.62,1448.15,8,13.6572,1,True,True,12.1081,18.6718,-0.572766,flare_decay,True,True,True,True,True,True,0.377463,1.35778,,,True,True,True,True,,True,
198488028_8,198488028,8,1878.16,1636.39,24,27.671,1,True,True,26.4867,153.812,10.433,flare_decay,True,True,True,True,True,True,0.370818,1.07516,,,True,True,True,True,True,True,
198488028_9,198488028,9,1893.26,8285.65,2,46.3248,1,False,True,45.466,430.243,36.2429,flare_decay,True,True,False,True,True,False,0.170237,0.823448,,,True,False,True,False,,True,
198488028_10,198488028,10,1895.62,678.789,16,8.97846,1,True,True,8.73533,12.3503,-0.8939,flare_decay,True,True,False,True,True,False,0.276966,0.874208,,,True,True,True,False,,True,
198488028_11,198488028,11,1888.76,968.477,2,5.41472,0,False,,,,,,,,,,,,,,,,,,,,,,
198488028_12,198488028,12,1885.78,3658.76,1,15.5663,1,False,True,16.0055,62.7272,-0.57194,flare_decay,True,True,False,True,True,False,0.251989,0.738755,,,True,False,True,False,,True,
198488028_13,198488028,13,1878.76,5999.03,4,45.5282,1,False,True,45.081,489.104,213.161,flare_decay,True,True,True,True,True,True,0.403655,0.924338,,,True,False,True,True,,True,
198488028_14,198488028,14,1893.1,3941.02,16,52.1286,1,True,True,47.8821,1130.29,72.8764,flare_decay,True,True,False,True,True,False,0.247833,0.904366,,,True,True,True,False,,True,
198488028_15,198488028,15,1882.72,604.607,16,7.99724,1,True,True,9.03155,20.8146,-7.37932,step,False,True,False,True,True,False,1.82116,4.94376,,,True,True,True,False,,True,
198488028_16,198488028,16,1874.62,6698.75,2,37.4524,1,False,True,37.7875,347.769,41.5103,flare_decay,True,True,True,True,True,True,0.819346,0.9523,,,True,False,True,True,,True,
198488028_17,198488028,17,1878.6,7157.75,1,30.4529,1,False,True,32.5258,177.239,-0.466058,flare_decay,True,True,True,True,True,True,0.615678,0.617696,,,True,True,True,True,True,True,
198488028_18,198488028,18,1872.68,1188.55,2,6.64511,1,False,True,7.41565,5.92885,-3.644,flare_decay,False,True,False,True,True,False,0.277902,0.571818,,,False,False,True,False,,True,
198488028_19,198488028,19,1892.72,6541.38,1,27.8305,1,False,True,21.4913,54.0627,90.3989,flare_decay,True,True,True,True,True,True,0.353211,0.520681,,,True,True,True,True,,True,
198556820_0,198556820,0,1890.37,2361.63,2,6.60197,0,False,,,,,,,,,,,,,,,,,,,,,,
198556820_1,198556820,1,1891.66,1824.48,4,5.98293,0,True,,,,,,,,,,,,,,,,,,,,,,
198556820_2,198556820,2,1890.12,1346.04,24,6.17314,0,True,,,,,,,,,,,,,,,,,,,,,,
198556820_3,198556820,3,1875.14,3914.58,16,15.1545,1,True,True,14.7045,278.374,20.1822,flare_decay,True,True,True,True,True,True,0.905748,0.7535,,,True,True,True,True,True,True,
198556820_4,198556820,4,1885.78,4147.36,1,9.20598,0,False,,,,,,,,,,,,,,,,,,,,,,
198556820_5,198556820,5,1871.87,13485.3,2,37.6983,1,False,True,37.2616,215.149,102.63,flare_decay,True,True,True,True,True,True,1.10102,0.949088,,,True,False,True,True,,True,
198556820_6,198556820,6,1876.49,12168.2,4,39.9028,1,True,True,43.3582,527.994,372.865,flare_decay,True,True,False,True,True,False,0.279819,1.17321,,,True,True,True,False,,True,
198556820_7,198556820,7,1873.82,1289.81,4,4.22962,0,True,,,,,,,,,,,,,,,,,,,,,,
198556820_8,198556820,8,1880.49,5899.86,4,19.3472,1,True,True,20.3159,118.551,-17.0251,flare_decay,False,True,True,True,True,True,3.34272,0.944733,,,True,True,True,True,,True,
198556820_9,198556820,9,1883.7,3688.64,16,14.2798,1,True,True,15.7046,13.8156,17.823,step,True,False,False,True,True,False,,,,,True,True,False,False,,True,
198556820_10,198556820,10,1877.59,855.93,8,3.15386,0,True,,,,,,,,,,,,,,,,,,,,,,
198556820_11,198556820,11,1877.39,5881.9,8,21.6731,1,True,True,21.3546,240.738,84.4537,flare_decay,True,True,True,True,True,True,1.03167,0.9319,,,True,True,True,True,,True,
198556820_12,198556820,12,1873.2,9986.63,8,36.7979,1,True,True,38.6443,1140.28,202.021,flare_decay,True,True,True,True,True,True,1.22528,0.954575,,,True,True,True,True,,True,
198556820_13,198556820,13,1886.68,1503.59,16,5.82083,0,True,,,,,,,,,,,,,,,,,,,,,,
198556820_14,198556820,14,1873.34,4575.39,8,16.859,1,True,True,18.9819,161.711,-7.39419,flare_decay,False,True,True,True,True,True,1.15312,0.91497,,,True,True,True,True,,True,
198556820_15,198556820,15,1871.84,5110.2,2,14.2856,1,False,True,14.699,124.994,8.01807,flare_decay,True,True,True,True,True,True,1.04942,0.952497,,,True,False,True,True,,True,
198556820_16,198556820,16,1887.07,3157.32,1,7.00836,0,False,,,,,,,,,,,,,,,,,,,,,,
198556820_17,198556820,17,1885.87,4200.75,4,13.7753,1,True,True,16.2077,57.2667,-12.9592,flare_decay,False,False,True,True,True,True,0.984868,0.889703,,,True,True,True,True,,True,
198556820_18,198556820,18,1872.7,1541.71,4,5.05566,0,True,,,,,,,,,,,,,,,,,,,,,,
198556820_19,198556820,19,1894.05,1569.44,8,5.78295,0,True,,,,,,,,,,,,,,,,,,,,,,
199523459_0,199523459,0,1880.51,221.731,24,9.74716,0,True,,,,,,,,,,,,,,,,,,,,,,
199523459_1,199523459,1,1894.7,1805.79,1,12.4433,0,False,,,,,,,,,,,,,,,,,,,,,,
199523459_2,199523459,2,1878.7,6004.93,1,41.3785,1,False,True,27.7469,7.01635,357.807,flare_decay,False,True,True,True,True,True,0.732623,0.674046,,,False,False,True,True,,True,
199523459_3,199523459,3,1886.26,1669.17,16,54.8843,1,True,True,49.8935,295.631,18.2592,flare_decay,True,True,False,True,True,False,0.094789,0.599576,,,True,True,True,False,,True,
199523459_4,199523459,4,1872.37,239.202,24,10.5152,0,True,,,,,,,,,,,,,,,,,,,,,,
199523459_5,199523459,5,1871.8,739.836,24,32.5227,1,True,True,28.1179,61.8586,10.9485,step,True,True,False,True,True,False,-0.00300598,-0.0240305,,,True,True,True,False,,True,
199523459_6,199523459,6,1888.24,1330.99,8,26.4513,1,True,True,28.0119,135.442,29.9942,flare_decay,True,True,False,True,True,False,0.288688,0.856042,,,True,True,True,False,,True,
199523459_7,199523459,7,1889.45,685.301,16,22.5336,1,True,True,19.502,44.7778,9.87797,flare_decay,True,True,False,True,True,False,0.112299,0.462919,,,True,True,True,False,,True,
199523459_8,199523459,8,1885.41,3617.03,2,34.867,0,False,,,,,,,,,,,,,,,,,,,,,,
199523459_9,199523459,9,1880.34,4134.02,1,28.4865,1,False,True,32.4294,258.823,3.746,flare_decay,True,True,True,True,True,True,0.58639,0.804071,,,True,False,True,True,,True,
199523459_10,199523459,10,1877.45,1052.31,24,46.2587,1,True,True,41.877,295.533,15.4558,flare_decay,True,True,True,True,True,True,0.330405,1.13333,,,True,True,True,True,True,True,
199523459_11,199523459,11,1876.2,767.775,4,10.7818,1,True,True,11.0589,18.1661,-2.01001,flare_decay,True,True,True,True,True,True,0.736856,1.05969,,,True,True,True,True,,True,
199523459_12,199523459,12,1883.95,1819.71,1,12.5391,0,False,,,,,,,,,,,,,,,,,,,,,,
199523459_13,199523459,13,1891.07,1682,16,55.3062,1,True,True,54.3292,375.787,24.4723,flare_decay,True,True,True,True,True,True,0.394394,1.366,,,True,True,True,True,True,True,
199523459_14,199523459,14,1879.72,1284.84,1,8.85355,0,False,,,,,,,,,,,,,,,,,,,,,,
199523459_15,199523459,15,1894.24,1139.32,1,7.85075,0,False,,,,,,,,,,,,,,,,,,,,,,
199523459_16,199523459,16,1876.03,4251.52,1,29.2961,1,False,True,23.0298,127.864,46.3661,flare_decay,True,True,True,True,True,True,0.687452,0.72274,,,True,False,True,True,,True,
199523459_17,199523459,17,1888.47,537.535,4,7.54854,1,True,True,7.5331,6.10987,-2.14478,step,False,True,False,True,True,False,0.289668,0.690062,,,False,True,True,False,,True,
199523459_18,199523459,18,1886.35,857.087,16,28.1821,1,True,True,23.7928,84.2569,1.955,flare_decay,True,True,False,True,True,False,0.0259628,0.161175,,,True,True,True,False,,True,
199523459_19,199523459,19,1880.43,138.37,24,6.08267,0,True,,,,,,,,,,,,,,,,,,,,,,
199524563_0,199524563,0,1886.3,3959.09,24,29.7607,1,True,True,29.4345,154.364,5.85991,flare_decay,True,True,True,True,True,True,0.330996,0.671746,,,True,True,True,True,True,True,
199524563_1,199524563,1,1883.26,2218.28,16,13.0216,1,True,True,12.7061,14.7793,-0.704209,step,True,True,False,True,True,False,-0.0028622,-0.00609835,,,True,True,True,False,,True,
199524563_2,199524563,2,1889.91,3592.21,2,6.18172,0,False,,,,,,,,,,,,,,,,,,,,,,
199524563_3,199524563,3,1878.22,12305,4,29.484,1,True,True,28.287,116.52,-23.7388,flare_decay,False,True,True,True,True,True,0.918371,0.972495,,,True,True,True,True,,True,
199524563_4,199524563,4,1891.78,649.396,24,4.88154,0,True,,,,,,,,,,,,,,,,,,,,,,
199524563_5,199524563,5,1896.72,5586.07,16,32.7909,1,True,True,34.7349,156.634,35.4014,flare_decay,True,True,True,True,True,True,0.601277,0.908461,,,True,True,True,True,,True,
199524563_6,199524563,6,1873.32,5346,16,31.3817,1,True,True,28.7175,94.1952,8.51519,flare_decay,True,True,True,True,True,True,0.809044,0.925223,,,True,True,True,True,,True,
199524563_7,199524563,7,1889.64,9065.33,16,53.2146,1,True,True,46.5771,219.732,21.3106,flare_decay,True,True,True,True,True,True,0.643221,0.897939,,,True,True,True,True,True,True,
199524563_8,199524563,8,1874.87,5061.66,2,8.71044,1,False,True,8.36416,1.62968,-0.754589,flare_decay,False,True,True,True,True,True,1.36526,0.967106,,,False,False,True,True,,True,
199524563_9,199524563,9,1874.28,1841.78,16,10.8115,0,True,,,,,,,,,,,,,,,,,,,,,,
199524563_10,199524563,10,1880.24,946.036,16,5.55335,0,True,,,,,,,,,,,,,,,,,,,,,,
199524563_11,199524563,11,1896.1,28864.5,2,49.672,1,False,True,50.2286,215.492,37.6072,flare_decay,True,True,True,True,True,True,0.886643,0.809575,,,True,False,True,True,,True,
199524563_12,199524563,12,1875.53,3657.8,16,21.4718,1,True,True,19.1044,31.9972,15.4069,flare_decay,True,True,True,True,True,True,0.432312,0.616804,,,True,True,True,True,True,True,
199524563_13,199524563,13,1879.37,10453,1,12.5295,1,False,True,15.6171,42.1555,4.05162,flare_decay,True,True,True,True,True,True,0.78408,0.789965,,,True,False,True,True,,True,
199524563_14,199524563,14,1891.49,5784.41,1,6.93348,0,False,,,,,,,,,,,,,,,,,,,,,,
199524563_15,199524563,15,1875.01,3793.78,8,12.5667,1,True,True,13.8148,35.721,-4.10838,flare_decay,True,True,True,True,True,True,0.992605,0.885751,,,True,True,True,True,True,True,
199524563_16,199524563,16,1888.37,1992.65,24,14.9788,1,True,True,12.1746,-0.0786521,7.3859,flare_decay,False,True,True,True,True,True,0.404588,0.756014,,,False,True,True,True,,True,
199524563_17,199524563,17,1890.05,2698.27,24,20.2831,1,True,True,17.916,41.1154,13.7783,flare_decay,True,True,True,True,True,True,0.478808,0.743837,,,True,True,True,True,,True,
199524563_18,199524563,18,1880.18,3590.61,24,26.9908,1,True,True,24.0297,70.284,2.57918,flare_decay,True,True,True,True,True,True,0.567763,0.741764,,,True,True,True,True,,True,
199524563_19,199524563,19,1895.72,18874,1,22.6233,1,False,True,12.027,8.60065,144.258,flare_decay,False,True,True,True,True,True,1.3737,0.470106,,,False,True,True,True,,True,
202380743_0,202380743,0,1872.8,2237.63,8,38.5628,1,True,True,39.8483,4075.05,361.79,flare_decay,True,True,True,True,True,True,0.401673,0.68151,,,True,True,True,True,,True,
202380743_1,202380743,1,1873.47,843.956,16,17.477,1,True,True,16.3499,1232.93,42.0512,flare_decay,True,True,True,True,True,True,0.372893,0.476333,,,True,True,True,True,,True,
202380743_2,202380743,2,1880.01,313.028,4,5.26843,1,True,True,7.76437,53.1741,-17.2278,flare_decay,False,True,True,True,True,True,0.887802,1.92573,0.017329,0,True,True,True,True,True,True,True
202380743_3,202380743,3,1893.37,2299.91,8,39.6363,1,True,True,41.6388,1302.73,134.261,flare_decay,True,True,False,True,True,False,0.192828,0.853353,,,True,True,True,False,,True,
202380743_4,202380743,4,1895.76,1616.04,4,27.1988,1,True,True,28.6713,546.044,207.999,flare_decay,True,True,False,True,True,False,0.163363,0.550144,,,True,True,True,False,,True,
202380743_5,202380743,5,1878.45,824.951,1,11.2966,1,False,True,7.9552,5.93447,173.476,flare_decay,False,True,False,True,True,False,0.228335,0.497743,,,False,False,True,False,,True,
202380743_6,202380743,6,1888.14,1602.42,16,33.1835,1,True,True,32.3593,1302.4,90.1072,flare_decay,True,True,False,True,True,False,0.202249,0.713207,,,True,True,True,False,,True,
202380743_7,202380743,7,1890.6,4284.52,1,58.6706,1,False,True,60.2777,621.804,52.9363,flare_decay,True,True,False,True,True,False,0.0761487,0.344456,,,True,True,True,False,,True,
202380743_8,202380743,8,1891.68,146.174,24,3.37441,0,True,,,,,,,,,,,,,,,,,,,,,,
202380743_9,202380743,9,1895.37,481.94,2,7.40188,1,True,True,9.29909,11.0674,-1.72079,flare_decay,True,True,False,True,True,False,0.341061,2.79248,,,True,False,True,False,,True,
202380743_10,202380743,10,1876.78,1166.17,8,20.0976,1,True,True,20.4735,1794.1,228.787,flare_decay,True,True,False,True,True,False,-0.221636,-1.07983,,,True,True,True,False,,True,
202380743_11,202380743,11,1877.55,315.139,24,7.27494,0,True,,,,,,,,,,,,,,,,,,,,,,
202380743_12,202380743,12,1890.33,147.394,16,3.0523,0,True,,,,,,,,,,,,,,,,,,,,,,
202380743_13,202380743,13,1893.01,1475.42,1,20.2038,1,False,True,18.3737,122.444,11.8968,flare_decay,True,True,False,True,True,False,0.090881,0.453703,,,True,False,True,False,,True,
202380743_14,202380743,14,1890.95,470.946,2,7.23302,1,True,True,9.1024,10.9587,-0.354497,flare_decay,True,True,False,True,True,False,0.00607472,0.0775243,,,True,True,True,False,,True,
202380743_15,202380743,15,1891.05,163.97,16,3.39557,0,True,,,,,,,,,,,,,,,,,,,,,,
202380743_16,202380743,16,1889.62,408.835,8,7.04577,1,True,True,8.71227,53.0454,6.25784,flare_decay,True,True,False,True,True,False,0.207972,0.908289,,,True,True,True,False,,True,
202380743_17,202380743,17,1877.93,1014.53,16,21.0093,1,True,True,20.2462,2039.6,145.073,flare_decay,True,True,True,True,True,True,0.418725,0.808975,,,True,True,True,True,,True,
202380743_18,202380743,18,1897.37,401.695,24,9.27306,1,True,True,12.7484,-2.77614,1.68976,step,False,False,False,True,True,False,,,,,False,True,False,False,,True,
202380743_19,202380743,19,1885.97,273.405,1,3.7439,0,False,,,,,,,,,,,,,,,,,,,,,,
219738319_0,219738319,0,1892.01,7448.54,1,10.1076,0,False,,,,,,,,,,,,,,,,,,,,,,
219738319_1,219738319,1,1895.3,1701.17,24,5.92338,0,True,,,,,,,,,,,,,,,,,,,,,,
219738319_2,219738319,2,1892.07,2610.22,16,8.21967,0,True,,,,,,,,,,,,,,,,,,,,,,
219738319_3,219738319,3,1895.2,3860.46,24,13.4419,1,True,True,13.3791,112.881,12.9598,flare_decay,True,True,True,True,True,True,2.14294,1.20042,,,True,True,True,True,,True,
219738319_4,219738319,4,1893.66,13543,1,18.3778,1,False,True,15.6747,6.32363,29.6045,flare_decay,False,True,True,True,True,True,0.903696,0.528473,,,False,True,True,True,,True,
219738319_5,219738319,5,1881.91,30009.4,1,40.7226,1,False,True,36.9507,125.493,89.7879,flare_decay,True,True,True,True,True,True,2.18853,0.570586,,,True,False,True,True,,True,
219738319_6,219738319,6,1886.59,8806.76,4,19.2626,1,True,True,20.9135,157.314,21.4008,flare_decay,True,True,True,True,True,True,1.31177,0.890732,,,True,True,True,True,,True,
219738319_7,219738319,7,1883.16,17814.2,16,56.0975,1,True,True,53.702,2060.62,136.228,flare_decay,True,True,True,True,True,True,1.28601,0.881565,,,True,True,True,True,,True,
219738319_8,219738319,8,1873.53,4350.47,1,5.90356,0,False,,,,,,,,,,,,,,,,,,,,,,
219738319_9,219738319,9,1874.16,8987.78,4,19.6586,1,True,True,19.5062,205.998,123.683,flare_decay,True,True,True,True,True,True,1.02042,0.934258,,,True,True,True,True,,True,
219738319_10,219738319,10,1888.3,1104.4,16,3.47778,0,True,,,,,,,,,,,,,,,,,,,,,,
219738319_11,219738319,11,1881.53,12562.9,2,20.6579,1,False,True,22.2502,223.956,22.5927,flare_decay,True,True,True,True,True,True,4.24334,0.923004,,,True,False,True,True,,True,
219738319_12,219738319,12,1888.51,3020.19,16,9.51069,1,True,True,8.60942,20.3048,1.78,ramp,True,True,True,True,False,True,1.00975,0.681424,,,True,True,True,False,,True,
219738319_13,219738319,13,1872.18,14349.8,8,40.1485,1,True,True,39.5128,267.993,57.4161,flare_decay,True,True,True,True,True,True,1.34062,0.953812,,,True,True,True,True,True,True,
219738319_14,219738319,14,1894.68,1300.23,8,3.63783,0,True,,,,,,,,,,,,,,,,,,,,,,
219738319_15,219738319,15,1886.97,1197.34,24,4.16906,0,True,,,,,,,,,,,,,,,,,,,,,,
219738319_16,219738319,16,1877.47,7120.79,4,15.575,1,True,True,16.0531,46.1843,-10.406,flare_decay,False,True,True,True,True,True,0.898256,0.90285,,,True,True,True,True,,True,
219738319_17,219738319,17,1896.76,5408.25,4,11.8292,1,True,True,12.8478,34.4433,16.1164,flare_decay,True,True,True,True,True,True,1.10669,0.920547,0.0239432,0,True,True,True,True,,True,True
219738319_18,219738319,18,1883.47,11323.4,8,31.681,1,True,True,31.4169,469.619,46.1164,flare_decay,True,True,True,True,True,True,1.97096,0.96703,,,True,True,True,True,,True,
219738319_19,219738319,19,1883.84,20704.4,8,57.9276,1,True,True,47.9759,-0.0872948,3.43907,step,False,False,False,True,True,False,,,,,False,True,False,False,,True,
219752116_0,219752116,0,1888.3,170.771,24,4.21814,0,True,,,,,,,,,,,,,,,,,,,,,,
219752116_1,219752116,1,1890.89,219.686,24,5.42637,0,True,,,,,,,,,,,,,,,,,,,,,,
219752116_2,219752116,2,1874.68,775.391,2,5.3639,0,False,,,,,,,,,,,,,,,,,,,,,,
219752116_3,219752116,3,1890.68,10384.8,1,47.5952,1,False,True,42.7033,141.135,92.6745,flare_decay,True,True,True,True,True,True,0.30028,0.496493,,,True,True,True,True,True,True,
219752116_4,219752116,4,1886.57,1103.95,24,27.2683,1,True,True,25.4267,110.711,-3.97986,flare_decay,True,True,False,True,True,False,0.0431077,0.244147,,,True,True,True,False,,True,
219752116_5,219752116,5,1881.03,1273.49,24,31.4558,1,True,True,25.4181,146.239,17.5889,flare_decay,True,True,False,True,True,False,0.199358,0.448268,,,True,True,True,False,,True,
219752116_6,219752116,6,1876.64,306.971,24,7.58236,0,True,,,,,,,,,,,,,,,,,,,,,,
219752116_7,219752116,7,1888.34,133.546,24,3.29867,0,True,,,,,,,,,,,,,,,,,,,,,,
219752116_8,219752116,8,1878.66,3298.36,16,59.8254,1,True,True,53.1806,636.998,73.3004,flare_decay,True,True,True,True,True,True,0.546518,0.945517,,,True,True,True,True,,True,
219752116_9,219752116,9,1875.74,710.263,2,4.91337,0,False,,,,,,,,,,,,,,,,,,,,,,
219752116_10,219752116,10,1894.53,1069.89,8,14.0897,1,True,True,14.1289,42.6443,-2.47933,flare_decay,True,True,True,True,True,True,0.449858,1.62946,,,True,True,True,True,,True,
219752116_11,219752116,11,1875.8,3263.17,4,31.9648,1,True,True,30.8832,122.706,-9.02286,flare_decay,False,True,True,True,True,True,0.355786,0.924341,,,True,False,True,True,,True,
219752116_12,219752116,12,1885.86,1428.79,8,18.8162,1,True,True,19.1442,42.4204,3.95048,flare_decay,True,True,True,True,True,True,0.474965,0.989062,,,True,True,True,True,,True,
219752116_13,219752116,13,1882.03,367.83,4,3.60312,0,True,,,,,,,,,,,,,,,,,,,,,,
219752116_14,219752116,14,1887.43,644.687,16,11.6933,1,True,True,12.8113,19.4275,3.71449,flare_decay,True,True,False,True,True,False,0.841673,3.8495,,,True,True,True,False,,True,
219752116_15,219752116,15,1878.05,638.316,8,8.40619,1,True,True,8.02012,3.23611,-3.27317,step,False,True,True,True,True,True,0.443427,0.899327,,,False,True,True,True,,True,
219752116_16,219752116,16,1892.16,6637.41,2,45.9155,1,False,True,43.5588,160.126,47.8793,flare_decay,True,True,True,True,True,True,0.392039,1.01599,,,True,False,True,True,,True,
219752116_17,219752116,17,1885.64,2009.54,16,36.4488,1,True,True,28.952,13.0639,17.0892,step,True,False,False,True,True,False,0.175226,0.600091,,,True,True,False,False,,True,
219752116_18,219752116,18,1889.3,1305.94,4,12.7925,1,True,True,14.4367,41.4404,7.1326,flare_decay,True,True,False,True,True,False,0.167426,0.641932,,,True,True,True,False,,True,
219752116_19,219752116,19,1896.8,216.313,16,3.92346,0,True,,,,,,,,,,,,,,,,,,,,,,
219805109_0,219805109,0,1896.8,14647.4,1,26.4882,1,False,True,23.591,362.395,54.9556,flare_decay,True,True,True,True,True,True,0.316556,0.540037,,,True,False,True,True,,True,
219805109_1,219805109,1,1895.62,11803.9,16,49.8287,1,True,True,57.8492,2565.99,58.2572,flare_decay,True,True,True,True,True,True,0.604808,0.688462,0.999836,0,True,True,True,True,True,True,False
219805109_2,219805109,2,1877.14,1313.57,8,3.91481,0,True,,,,,,,,,,,,,,,,,,,,,,
219805109_3,219805109,3,1886.18,14140.1,2,30.3431,1,False,True,29.6859,406.063,29.4865,flare_decay,True,False,True,True,True,True,0.3735,0.638527,,,True,False,True,True,,True,
219805109_4,219805109,4,1883.01,2649.36,16,11.184,1,True,True,13.9741,71.3316,-4.69555,flare_decay,True,True,True,True,False,True,0.388626,0.554839,,,True,True,True,False,,True,
219805109_5,219805109,5,1890.2,22762.1,4,59.9623,1,False,True,59.697,1966.57,-167.741,flare_decay,False,True,True,True,True,True,0.792029,0.727977,,,True,False,True,True,,True,
219805109_6,219805109,6,1887.55,2751.54,16,11.6153,1,True,True,14.1045,91.5839,1.94237,flare_decay,True,True,True,True,True,True,0.762224,1.70327,,,True,True,True,True,,True,
219805109_7,219805109,7,1891.62,477.326,24,3.43035,0,True,,,,,,,,,,,,,,,,,,,,,,
219805109_8,219805109,8,1877.95,5838,8,17.3989,1,True,True,17.2834,326.562,0.934007,flare_decay,True,True,True,True,True,True,0.920549,0.709854,,,True,True,True,True,,True,
219805109_9,219805109,9,1880.8,1894.83,8,5.64714,0,True,,,,,,,,,,,,,,,,,,,,,,
219805109_10,219805109,10,1883.37,4965.64,24,35.6861,1,True,True,22.5335,367.309,48.2575,flare_decay,True,True,True,True,True,True,0.441347,0.43093,,,True,True,True,True,True,True,
219805109_11,219805109,11,1874.53,643.542,24,4.62488,0,True,,,,,,,,,,,,,,,,,,,,,,
219805109_12,219805109,12,1893.43,3385.36,24,24.3292,1,True,True,24.1031,334.632,16.3103,flare_decay,True,True,True,True,False,True,0.594,0.670025,,,True,True,True,False,,True,
219805109_13,219805109,13,1874.34,18109.4,2,38.8608,1,False,True,39.7536,899.415,127.336,flare_decay,True,True,True,True,True,True,1.15917,0.613257,,,True,False,True,True,,True,
219805109_14,219805109,14,1875.64,2261.29,1,4.0893,0,False,,,,,,,,,,,,,,,,,,,,,,
219805109_15,219805109,15,1892.7,1451.54,24,10.4316,1,True,True,8.07745,14.6176,18.7596,flare_decay,True,True,True,True,True,True,0.594182,0.753883,,,True,True,True,True,True,True,
219805109_16,219805109,16,1872.64,16318.1,1,29.5096,1,False,True,32.4936,594.677,-3.43931,flare_decay,True,True,True,True,True,True,1.78834,0.420297,,,True,True,True,True,True,True,
219805109_17,219805109,17,1885.53,1550.46,8,4.62082,0,True,,,,,,,,,,,,,,,,,,,,,,
219805109_18,219805109,18,1893.49,1575.98,2,3.38188,0,False,,,,,,,,,,,,,,,,,,,,,,
219805109_19,219805109,19,1871.68,5313.65,4,13.9977,1,False,True,13.346,52.6063,-4.11879,flare_decay,True,True,True,True,True,True,0.616413,0.731458,,,True,False,True,True,,True,
219895693_0,219895693,0,1877.18,573.01,16,4.5215,0,True,,,,,,,,,,,,,,,,,,,,,,
219895693_1,219895693,1,1886.16,3962.56,4,14.5158,1,True,True,10.496,6.72724,-4.90616,flare_decay,False,True,True,True,True,True,1.15038,1.05358,,,False,True,True,True,,True,
219895693_2,219895693,2,1897.49,19061,2,48.8049,1,False,True,48.2067,156.198,-21.1645,flare_decay,False,True,True,True,True,True,0.97254,0.919769,,,True,False,True,True,,True,
219895693_3,219895693,3,1874.18,638.314,16,5.03681,0,True,,,,,,,,,,,,,,,,,,,,,,
219895693_4,219895693,4,1876.3,922.319,8,4.93641,0,True,,,,,,,,,,,,,,,,,,,,,,
219895693_5,219895693,5,1886.12,13491.5,4,49.4226,1,True,True,42.4716,337.055,7.99356,flare_decay,True,True,True,True,True,True,1.17976,1.04252,,,True,True,True,True,True,True,
219895693_6,219895693,6,1883.68,2841.76,1,5.25024,0,False,,,,,,,,,,,,,,,,,,,,,,
219895693_7,219895693,7,1876.41,6939.64,16,54.7593,1,True,True,63.2855,530.788,25.3907,flare_decay,True,True,False,True,True,True,0.46637,1.38774,,,True,True,True,True,True,True,
219895693_8,219895693,8,1892.39,934.2,24,11.7828,0,True,,,,,,,,,,,,,,,,,,,,,,
219895693_9,219895693,9,1893.32,463.263,16,3.65551,0,True,,,,,,,,,,,,,,,,,,,,,,
219895693_10,219895693,10,1877.37,14413,2,36.9041,1,False,True,35.4316,233.437,49.9587,flare_decay,True,True,True,True,True,True,0.587861,0.828041,,,True,False,True,True,,True,
219895693_11,219895693,11,1875.68,8732.27,1,16.1331,1,False,True,13.7461,10.0067,11.473,flare_decay,True,True,True,True,True,True,0.51657,0.459741,,,True,False,True,True,,True,
219895693_12,219895693,12,1893.76,3685.87,2,9.43755,1,False,True,8.62097,7.80912,2.94585,flare_decay,False,True,True,True,True,True,1.09314,1.04729,,,False,False,True,True,,True,
219895693_13,219895693,13,1882.26,12126.8,1,22.4046,1,False,True,14.758,31.6783,52.3826,flare_decay,True,True,True,True,True,True,1.49301,0.58906,,,True,True,True,True,True,True,
219895693_14,219895693,14,1882.99,12993.3,2,33.2688,1,False,True,27.6057,88.2792,-1.24697,flare_decay,True,False,True,True,True,True,0.759091,0.706989,,,True,False,True,True,,True,
219895693_15,219895693,15,1889.78,2687.38,8,14.3833,1,True,True,14.6181,37.0578,6.44555,flare_decay,True,True,True,True,True,True,1.07658,1.04339,,,True,True,True,True,True,True,
219895693_16,219895693,16,1888.41,1964.35,16,15.5003,1,True,True,14.2014,17.1137,-2.25505,flare_decay,True,True,True,True,True,True,0.668375,0.838136,,,True,True,True,True,True,True,
219895693_17,219895693,17,1872.3,1965.84,4,7.20134,1,True,True,7.19066,1.05109,-4.75606,flare_decay,False,True,True,True,True,True,0.973471,1.03645,,,False,False,True,True,,True,
219895693_18,219895693,18,1894.7,720.648,24,9.08931,0,True,,,,,,,,,,,,,,,,,,,,,,
219895693_19,219895693,19,1893.41,3426.79,1,6.33109,0,False,,,,,,,,,,,,,,,,,,,,,,
229485998_0,229485998,0,1888.22,1880.11,16,4.36116,0,True,,,,,,,,,,,,,,,,,,,,,,
229485998_1,229485998,1,1897.09,6560.99,4,11.3776,1,True,True,11.0264,32.1101,-10.6077,flare_decay,False,True,True,True,True,True,1.22902,0.760694,0.0193178,1.71406e-16,True,True,True,True,,True,True
229485998_2,229485998,2,1886.76,16646.5,2,23.1235,1,False,True,24.6547,132.157,-7.33009,flare_decay,False,True,True,True,True,True,0.830935,0.876376,,,True,False,True,True,,True,
229485998_3,229485998,3,1894.28,2624.53,8,5.15298,0,True,,,,,,,,,,,,,,,,,,,,,,
229485998_4,229485998,4,1892.47,18407.4,16,42.6984,1,True,True,36.2888,1763.41,82.1384,flare_decay,True,True,True,True,True,True,1.53791,0.861123,,,True,True,True,True,,True,
229485998_5,229485998,5,1885.97,23971.2,8,47.0648,1,True,True,50.5767,1005.76,341.291,flare_decay,True,True,True,True,True,True,1.62879,0.90781,,,True,True,True,True,,True,
229485998_6,229485998,6,1880.05,3361.09,2,4.66886,0,False,,,,,,,,,,,,,,,,,,,,,,
229485998_7,229485998,7,1894.78,1731.73,8,3.40006,0,True,,,,,,,,,,,,,,,,,,,,,,
229485998_8,229485998,8,1877.43,2421.83,16,5.61775,0,True,,,,,,,,,,,,,,,,,,,,,,
229485998_9,229485998,9,1891.38,7095.19,16,16.4582,1,True,True,14.0701,172.83,9.72089,flare_decay,True,True,True,True,True,True,1.58991,0.992323,,,True,True,True,True,True,True,
229485998_10,229485998,10,1895.3,3129.74,16,7.25983,0,True,,,,,,,,,,,,,,,,,,,,,,
229485998_11,229485998,11,1896.05,4455.94,2,6.18972,0,False,,,,,,,,,,,,,,,,,,,,,,
229485998_12,229485998,12,1882.78,2618.84,1,3.00049,0,False,,,,,,,,,,,,,,,,,,,,,,
229485998_13,229485998,13,1882.07,25198.4,4,43.6973,1,True,True,43.9477,493.732,253.177,flare_decay,True,True,True,True,True,True,1.20599,0.867489,,,True,True,True,True,,True,
229485998_14,229485998,14,1890.86,1447.59,16,3.35788,0,True,,,,,,,,,,,,,,,,,,,,,,
229485998_15,229485998,15,1880.24,5904.01,8,11.5919,1,True,True,11.5639,59.5207,3.40598,flare_decay,True,True,True,True,True,True,1.37928,0.940797,1.05899e-05,0,True,True,True,True,True,True,True
229485998_16,229485998,16,1897.28,8942.47,1,10.2457,0,False,,,,,,,,,,,,,,,,,,,,,,
229485998_17,229485998,17,1892.34,16651.8,8,32.694,1,True,True,33.3613,735.759,88.847,flare_decay,True,True,True,True,True,True,1.1112,0.886335,,,True,True,True,True,,True,
229485998_18,229485998,18,1881.63,1449.54,16,3.36238,0,True,,,,,,,,,,,,,,,,,,,,,,
229485998_19,229485998,19,1881.3,10200.8,4,17.6896,1,True,True,16.2955,75.2157,60.9368,flare_decay,True,True,True,True,True,True,2.28548,0.883884,,,True,True,True,True,True,True,
229539085_0,229539085,0,1882.95,6123.5,4,11.8248,1,True,True,11.6285,6.5607,-4.74424,flare_decay,False,False,True,True,True,True,0.783931,0.992832,,,False,True,True,True,,True,
229539085_1,229539085,1,1883.53,1860.13,24,9.33348,0,True,,,,,,,,,,,,,,,,,,,,,,
229539085_2,229539085,2,1878.95,10294.1,2,14.2615,1,False,True,12.0884,23.6843,-3.16737,flare_decay,True,True,True,True,True,True,0.984521,1.06226,,,True,False,True,True,,True,
229539085_3,229539085,3,1886.51,7992.45,2,11.0728,1,False,True,12.18,42.3535,-5.35212,flare_decay,True,True,True,True,True,True,0.802239,0.889926,,,True,False,True,True,,True,
229539085_4,229539085,4,1877.8,23811.3,4,45.981,1,True,True,46.7676,261.75,87.8447,flare_decay,True,True,True,True,True,True,2.06855,0.906003,,,True,True,True,True,,True,
229539085_5,229539085,5,1895.22,10913.7,1,10.9102,0,False,,,,,,,,,,,,,,,,,,,,,,
229539085_6,229539085,6,1873.16,3929.27,24,19.7157,1,True,True,16.9488,33.0079,-1.24876,flare_decay,True,True,True,True,False,True,1.13453,0.869934,,,True,True,True,False,,True,
229539085_7,229539085,7,1879.12,9236.86,8,25.9623,1,True,True,24.6189,103.426,9.13974,flare_decay,True,True,True,True,True,True,0.951482,1.01289,,,True,True,True,True,,True,
229539085_8,229539085,8,1873.41,1754.64,4,3.38832,0,True,,,,,,,,,,,,,,,,,,,,,,
229539085_9,229539085,9,1897.7,20797.4,8,58.4559,1,True,True,33.2361,41.8029,199.261,step,True,False,False,True,True,False,,,,,True,True,False,False,,True,
229539085_10,229539085,10,1872.78,3161.57,8,8.88632,1,True,True,9.23831,20.9705,3.32477,flare_decay,True,True,True,True,False,True,0.756945,0.835124,,,True,True,True,False,,True,
229539085_11,229539085,11,1876.2,10281.7,16,43.3022,1,True,True,42.4554,220.023,19.6197,flare_decay,True,True,True,True,True,True,0.929358,1.08041,,,True,True,True,True,,True,
229539085_12,229539085,12,1890.3,1050.59,24,5.27148,0,True,,,,,,,,,,,,,,,,,,,,,,
229539085_13,229539085,13,1897.6,35154.9,1,35.1433,1,False,True,38.8733,241.789,4.71245,flare_decay,True,True,True,True,True,True,0.784176,0.801342,,,True,False,True,True,,True,
229539085_14,229539085,14,1886.26,1048.11,24,5.25906,0,True,,,,,,,,,,,,,,,,,,,,,,
229539085_15,229539085,15,1873.91,30990.2,4,59.8439,1,True,True,57.0968,635.057,-105.665,flare_decay,False,True,True,True,True,True,0.933555,0.902934,1,1.69715e-105,True,True,True,True,,True,False
229539085_16,229539085,16,1877.3,6588.63,24,33.0594,1,True,True,34.6828,236.193,19.6183,flare_decay,True,True,False,True,True,True,0.79408,0.860771,,,True,True,True,True,True,True,
229539085_17,229539085,17,1892.62,1514.33,8,4.25639,0,True,,,,,,,,,,,,,,,,,,,,,,
229539085_18,229539085,18,1886.22,10221,2,14.1603,1,False,True,14.0928,38.5173,-2.40808,flare_decay,True,False,True,True,True,True,0.663334,0.828489,,,True,False,True,True,,True,
229539085_19,229539085,19,1881.93,5542.17,8,15.5776,1,True,True,15.8943,44.7125,5.84406,flare_decay,True,True,True,True,True,True,0.940348,0.83153,,,True,True,True,True,True,True,
229966577_0,229966577,0,1896.24,1076.05,24,33.4198,1,True,True,33.6299,291.274,77.3081,flare_decay,True,True,False,True,True,False,0.115915,0.36082,,,True,True,True,False,,True,
229966577_1,229966577,1,1872.74,2909.67,4,38.551,1,False,True,38.8519,206.621,-34.009,flare_decay,False,True,True,True,True,True,0.532852,0.875005,,,True,False,True,True,,True,
229966577_2,229966577,2,1882.84,1680.36,2,16.7557,1,False,True,17.0578,25.9528,-5.1815,flare_decay,True,True,True,True,True,True,0.50368,1.07426,,,True,False,True,True,,True,
229966577_3,229966577,3,1872.57,247.429,24,7.68459,0,True,,,,,,,,,,,,,,,,,,,,,,
229966577_4,229966577,4,1889.26,206.981,16,5.46137,0,True,,,,,,,,,,,,,,,,,,,,,,
229966577_5,229966577,5,1883.78,976.678,8,18.0797,1,True,True,12.126,31.1274,-3.94351,flare_decay,True,False,False,True,True,False,,,,,True,True,False,False,,True,
229966577_6,229966577,6,1891.43,2317.14,8,42.8935,1,True,True,40.2287,296.111,10.3517,flare_decay,True,True,False,True,True,False,0.239198,0.841335,,,True,True,True,False,,True,
229966577_7,229966577,7,1890.41,2782.3,1,18.9048,1,False,True,21.5209,40.6985,-3.70882,flare_decay,True,True,False,True,True,False,0.250459,0.65781,,,True,True,True,False,,True,
229966577_8,229966577,8,1886.74,720.865,4,9.55094,1,False,True,9.24059,-0.151466,1.53998,flare_decay,False,True,True,True,True,True,0.364213,1.48075,,,False,False,True,True,,True,
229966577_9,229966577,9,1891.03,163.973,16,4.32658,0,True,,,,,,,,,,,,,,,,,,,,,,
229966577_10,229966577,10,1892.7,491.092,2,4.89692,0,False,,,,,,,,,,,,,,,,,,,,,,
229966577_11,229966577,11,1895.32,1057.79,4,14.015,1,False,True,13.9653,18.9694,7.1775,flare_decay,True,True,False,True,True,False,0.226728,1.00853,,,True,False,True,False,,True,
229966577_12,229966577,12,1891.74,1666.18,16,43.9637,1,True,True,40.0619,254.61,33.3439,flare_decay,True,True,False,True,True,False,0.281209,0.876693,,,True,True,True,False,,True,
229966577_13,229966577,13,1886.86,8712.79,1,59.2006,1,False,True,65.654,739.237,3.57486,flare_decay,True,True,False,True,True,False,0.193334,0.634442,,,True,False,True,False,,True,
229966577_14,229966577,14,1886.61,3088.82,8,57.1785,1,True,True,54.7397,956.256,130.067,flare_decay,True,True,False,True,True,False,0.178222,0.828807,,,True,True,True,False,,True,
229966577_15,229966577,15,1888.38,913.651,24,28.376,1,True,True,24.9128,147.476,-2.88496,flare_decay,True,True,False,True,True,False,0.0634534,0.326482,,,True,True,True,False,,True,
229966577_16,229966577,16,1892.76,334.283,16,8.82034,0,True,,,,,,,,,,,,,,,,,,,,,,
229966577_17,229966577,17,1889.51,267.778,16,7.06554,0,True,,,,,,,,,,,,,,,,,,,,,,
229966577_18,229966577,18,1895.59,3341.79,2,33.3227,1,False,True,31.1329,130.459,27.3133,flare_decay,True,True,False,True,True,False,0.0924651,0.685267,,,True,False,True,False,,True,
229966577_19,229966577,19,1872.47,3595.25,1,24.4285,1,False,True,20.1309,0.881655,23.7222,flare_decay,False,True,False,True,True,False,0.517275,0.325545,,,False,True,True,False,,True,
229966858_0,229966858,0,1883.49,2232.28,1,5.83175,0,False,,,,,,,,,,,,,,,,,,,,,,
229966858_1,229966858,1,1891.59,6165.11,4,28.3158,1,True,True,29.0565,140.329,54.1425,flare_decay,True,True,True,True,True,True,0.660517,0.990403,0.00380684,3.05368e-07,True,True,True,True,,True,True
229966858_2,229966858,2,1895.2,1085.34,24,16.0613,1,True,True,20.1282,50.4717,-5.56357,flare_decay,True,True,True,True,True,True,0.63269,1.48938,,,True,True,True,True,,True,
229966858_3,229966858,3,1874.07,1784.97,24,26.4148,1,True,True,24.2615,93.0186,3.93649,flare_decay,True,True,True,True,False,True,0.570456,0.830497,,,True,True,True,False,,True,
229966858_4,229966858,4,1874.7,5743.96,16,59.3312,1,True,True,54.3499,538,16.5644,flare_decay,True,True,True,True,True,True,0.696387,0.928691,,,True,True,True,True,,True,
229966858_5,229966858,5,1879.8,664.571,16,6.86456,0,True,,,,,,,,,,,,,,,,,,,,,,
229966858_6,229966858,6,1881.51,5996.73,1,15.6663,1,False,True,9.1578,0.495201,52.6638,flare_decay,False,True,True,True,True,True,1.20941,0.541853,,,False,True,True,True,,True,
229966858_7,229966858,7,1880.41,2532.38,1,6.61576,0,False,,,,,,,,,,,,,,,,,,,,,,
229966858_8,229966858,8,1895.74,274.711,24,4.06531,0,True,,,,,,,,,,,,,,,,,,,,,,
229966858_9,229966858,9,1887.93,5596.24,8,37.4604,1,True,True,34.7724,285.786,21.0782,flare_decay,True,True,True,True,True,True,0.612346,0.969486,,,True,True,True,True,,True,
229966858_10,229966858,10,1880.55,754.581,24,11.1667,0,True,,,,,,,,,,,,,,,,,,,,,,
229966858_11,229966858,11,1881.91,1026.32,2,3.38554,0,False,,,,,,,,,,,,,,,,,,,,,,
229966858_12,229966858,12,1887.55,2700.39,16,27.8932,1,True,True,23.3753,140.371,19.0187,flare_decay,True,True,True,True,True,True,0.656368,1.55273,,,True,True,True,True,,True,
229966858_13,229966858,13,1879.63,1633.51,16,16.873,1,True,True,18.9009,97.0489,0.529087,flare_decay,True,True,True,True,True,True,0.435526,0.637481,,,True,True,True,True,,True,
229966858_14,229966858,14,1878.05,5931.56,8,39.705,1,True,True,38.2443,463.67,72.7638,flare_decay,True,True,True,True,True,True,0.815259,0.918735,,,True,True,True,True,True,True,
229966858_15,229966858,15,1893.16,2665.62,24,39.4471,1,True,True,32.0769,256.377,12.8083,flare_decay,True,True,True,True,True,True,0.601521,1.00764,,,True,True,True,True,,True,
229966858_16,229966858,16,1888.3,685.418,8,4.58809,0,True,,,,,,,,,,,,,,,,,,,,,,
229966858_17,229966858,17,1883.45,1153.73,2,3.80582,0,False,,,,,,,,,,,,,,,,,,,,,,
229966858_18,229966858,18,1875.66,255.867,24,3.78644,0,True,,,,,,,,,,,,,,,,,,,,,,
229966858_19,229966858,19,1878.93,807.321,4,3.70795,0,True,,,,,,,,,,,,,,,,,,,,,,
202424851_0,202424851,0,1872.14,8766.22,8,25.6624,1,True,True,23.5233,56.6909,-5.11008,flare_decay,True,True,True,True,True,True,0.660209,0.925177,,,True,True,True,True,True,True,
202424851_1,202424851,1,1871.99,7916.11,2,11.355,1,False,True,10.1586,18.04,-1.65105,flare_decay,True,True,True,True,True,True,0.99224,0.993044,,,True,False,True,True,,True,
202424851_2,202424851,2,1891.12,12488.6,1,12.5515,0,False,,,,,,,,,,,,,,,,,,,,,,
202424851_3,202424851,3,1890.82,15554.1,4,30.3439,1,True,True,30.4566,102.269,7.97735,flare_decay,True,True,True,True,True,True,0.817834,0.943006,,,True,True,True,True,True,True,
202424851_4,202424851,4,1889.18,1535.19,24,8.26219,0,True,,,,,,,,,,,,,,,,,,,,,,
202424851_5,202424851,5,1896.43,20826.5,2,29.8738,1,False,True,29.7896,192.56,-20.2329,flare_decay,False,True,True,True,True,True,1.3674,0.891446,,,True,False,True,True,,True,
202424851_6,202424851,6,1894.39,37449,2,53.7175,1,False,True,50.4551,263.859,43.4123,flare_decay,True,True,True,True,True,True,0.750796,0.901378,,,True,False,True,True,,True,
202424851_7,202424851,7,1882.22,50000,1,50.252,1,False,True,31.2591,83.74,579.248,flare_decay,True,True,True,True,True,True,2.21917,0.500501,,,True,True,True,True,True,True,
202424851_8,202424851,8,1873.62,5226,8,15.2987,1,True,True,16.9666,33.1702,-4.72354,flare_decay,True,True,True,True,True,True,0.761454,0.948783,,,True,True,True,True,True,True,
202424851_9,202424851,9,1874.93,21427.4,4,41.8019,1,True,True,41.2655,336.338,162.093,flare_decay,True,True,True,True,True,True,0.793024,0.958825,,,True,True,True,True,True,True,
202424851_10,202424851,10,1871.28,5768.07,4,11.2527,1,True,True,10.5567,27.1142,-0.679298,flare_decay,True,False,True,True,True,True,1.80286,1.06411,,,True,True,True,True,True,True,
202424851_11,202424851,11,1876.89,6711.07,8,19.6462,1,True,True,19.0784,45.8987,2.32548,flare_decay,True,True,True,True,True,True,0.660087,0.751484,,,True,True,True,True,,True,
202424851_12,202424851,12,1877.03,9379.07,1,9.42634,0,False,,,,,,,,,,,,,,,,,,,,,,
202424851_13,202424851,13,1882.2,2696.1,24,14.5101,1,True,True,16.6394,18.5825,-3.18582,flare_decay,True,True,True,True,True,True,0.787701,1.21571,,,True,True,True,True,True,True,
202424851_14,202424851,14,1871.85,3545.83,1,3.56371,0,False,,,,,,,,,,,,,,,,,,,,,,
202424851_15,202424851,15,1881.85,7299.22,2,10.4701,1,False,True,11.7345,2.38604,-0.757393,flare_decay,False,True,True,True,True,True,0.699739,0.798164,,,False,False,True,True,,True,
202424851_16,202424851,16,1887.82,4199.41,24,22.6007,1,True,True,21.8702,38.3054,3.63284,flare_decay,True,True,True,True,True,True,0.961761,1.04572,,,True,True,True,True,,True,
202424851_17,202424851,17,1893.39,10343.3,4,20.1784,1,True,True,18.9505,36.9304,-8.14782,flare_decay,False,True,True,True,True,True,0.797004,0.934714,,,True,True,True,True,,True,
202424851_18,202424851,18,1878.8,2920.86,4,5.69818,0,True,,,,,,,,,,,,,,,,,,,,,,
202424851_19,202424851,19,1876.18,5957.02,4,11.6213,1,True,True,10.5226,27.088,-5.56201,flare_decay,True,True,True,True,True,True,0.735557,0.930926,,,True,True,True,True,,True,
202440908_0,202440908,0,1871.16,1906.16,16,5.65102,1,True,True,7.95744,-5.89052,3.52242,step,False,True,False,True,True,False,0.314065,0.473867,,,False,False,True,False,,True,
202440908_1,202440908,1,1896.51,9703.73,8,28.5217,1,True,True,26.556,869.14,103.641,flare_decay,True,True,True,True,True,True,1.85663,0.915538,,,True,True,True,True,,True,
202440908_2,202440908,2,1885.3,2327.61,4,6.30456,1,False,True,10.7291,23.9422,-1.28538,flare_decay,True,True,True,True,True,True,0.3972,0.684876,,,True,False,True,True,,True,
202440908_3,202440908,3,1889.32,1916.71,1,4.03892,0,False,,,,,,,,,,,,,,,,,,,,,,
202440908_4,202440908,4,1885.47,8081.81,4,21.8904,1,False,True,26.0691,194.332,126.089,flare_decay,True,True,True,True,True,True,1.26527,0.884095,,,True,False,True,True,,True,
202440908_5,202440908,5,1880.76,1074.16,8,3.15722,0,True,,,,,,,,,,,,,,,,,,,,,,
202440908_6,202440908,6,1877.28,4669.4,24,13.1083,0,True,,,,,,,,,,,,,,,,,,,,,,
202440908_7,202440908,7,1895.24,2048.38,1,4.31638,0,False,,,,,,,,,,,,,,,,,,,,,,
202440908_8,202440908,8,1892.47,9039.62,1,19.0484,1,False,True,13.8521,38.7567,136.12,flare_decay,True,False,True,True,True,True,1.08037,0.64867,,,True,False,True,True,,True,
202440908_9,202440908,9,1886.87,2278.1,24,6.39527,0,True,,,,,,,,,,,,,,,,,,,,,,
202440908_10,202440908,10,1893.95,7239.44,1,15.2551,1,False,True,8.59263,2.53082,109.35,flare_decay,False,True,True,True,True,True,1.32036,0.543458,,,False,True,True,True,,True,
202440908_11,202440908,11,1897.53,13891,16,41.1814,1,True,True,38.3543,1216.37,232.2,flare_decay,True,True,False,True,True,False,0.195064,0.382965,,,True,True,True,False,,True,
202440908_12,202440908,12,1882.47,1502.19,8,4.41532,0,True,,,,,,,,,,,,,,,,,,,,,,
202440908_13,202440908,13,1875.41,2122,16,6.2909,0,True,,,,,,,,,,,,,,,,,,,,,,
202440908_14,202440908,14,1877.26,1177.46,4,3.18927,0,False,,,,,,,,,,,,,,,,,,,,,,
202440908_15,202440908,15,1888.51,3363.55,8,9.88631,1,True,True,12.977,124.323,49.5781,flare_decay,True,True,True,True,True,True,1.69612,0.976903,,,True,True,True,True,,True,
202440908_16,202440908,16,1876.82,5876.35,16,17.4211,1,True,True,16.0945,442.121,56.6476,flare_decay,True,True,True,True,True,True,0.725798,0.539009,3.03968e-10,0,True,True,True,True,True,True,True
202440908_17,202440908,17,1891.87,1122.29,16,3.32714,0,True,,,,,,,,,,,,,,,,,,,,,,
202440908_18,202440908,18,1877.68,2839.81,4,7.6919,1,False,True,8.55698,95.7561,63.1033,flare_decay,True,True,True,True,True,True,2.2026,1.01887,,,True,False,True,True,,True,
202440908_19,202440908,19,1896.53,1955.46,1,4.12058,0,False,,,,,,,,,,,,,,,,,,,,,,
219733793_0,219733793,0,1872.57,16464.3,24,53.661,1,True,True,53.5327,62831.6,12253.5,flare_decay,True,True,True,True,True,True,4.22332,0.875497,0,0,True,True,True,True,,True,True
219733793_1,219733793,1,1891.82,10758.2,2,26.9141,1,True,True,29.3678,5618.13,719.966,flare_decay,True,True,True,True,True,True,2.28061,0.890559,,,True,True,True,True,True,True,
219733793_2,219733793,2,1877.16,2089.67,16,6.73888,0,True,,,,,,,,,,,,,,,,,,,,,,
219733793_3,219733793,3,1876.8,5671.26,8,16.2886,1,True,True,16.1789,2448.29,146.744,flare_decay,True,True,True,True,True,True,2.20617,0.793104,,,True,True,True,True,,True,
219733793_4,219733793,4,1883.3,9505.18,1,23.0504,1,True,True,26.702,916.911,3.48411,flare_decay,True,True,True,True,True,True,1.5324,0.593821,,,True,True,True,True,,True,
219733793_5,219733793,5,1895.07,1179.65,24,3.84475,0,True,,,,,,,,,,,,,,,,,,,,,,
219733793_6,219733793,6,1887.93,7392.74,24,24.0946,1,True,True,22.3512,5095.77,494.663,flare_decay,True,True,True,True,True,True,1.79798,1.14116,,,True,True,True,True,,True,
219733793_7,219733793,7,1882.05,1296.88,24,4.22684,0,True,,,,,,,,,,,,,,,,,,,,,,
219733793_8,219733793,8,1880.43,13385.7,1,32.4608,1,True,True,25.8544,27.4873,2273.47,flare_decay,True,True,True,True,True,True,2.11738,0.602202,,,True,True,True,True,,True,
219733793_9,219733793,9,1880.57,3787.14,2,9.4744,1,True,True,13.1891,643.596,70.4665,flare_decay,True,True,True,True,True,True,8.26062,0.887532,,,True,True,True,True,,True,
219733793_10,219733793,10,1897.07,4505.39,1,10.9257,0,True,,,,,,,,,,,,,,,,,,,,,,
219733793_11,219733793,11,1886.64,16805.1,1,40.753,1,True,True,36.8528,732.655,510.29,flare_decay,True,True,True,True,True,True,1.21201,0.415906,,,True,True,True,True,,True,
219733793_12,219733793,12,1878.3,4340.57,1,10.526,0,True,,,,,,,,,,,,,,,,,,,,,,
219733793_13,219733793,13,1875.14,3265.14,24,10.6418,0,True,,,,,,,,,,,,,,,,,,,,,,
219733793_14,219733793,14,1878.01,1422.53,2,3.5588,0,True,,,,,,,,,,,,,,,,,,,,,,
219733793_15,219733793,15,1877.97,1502.94,8,4.31664,0,True,,,,,,,,,,,,,,,,,,,,,,
219733793_16,219733793,16,1892.41,18857.2,1,45.7295,1,True,True,36.5519,821.181,2895.24,flare_decay,True,False,False,True,True,False,0.865919,0.379527,,,True,True,False,False,,True,
219733793_17,219733793,17,1887.72,16237.8,2,40.6225,1,True,True,43.4242,1983.8,-206.954,flare_decay,False,True,True,True,True,True,0.943116,0.842984,,,True,True,True,True,,True,
219733793_18,219733793,18,1895.72,1739.98,2,4.35296,0,True,,,,,,,,,,,,,,,,,,,,,,
219733793_19,219733793,19,1889.8,18021.4,8,51.76,1,True,True,51.6702,23440.4,2383.91,flare_decay,True,True,True,True,True,True,2.02557,0.873255,,,True,True,True,True,True,True,
219734156_0,219734156,0,1888.82,1972.06,4,4.88253,0,True,,,,,,,,,,,,,,,,,,,,,,
219734156_1,219734156,1,1879.82,1275.11,8,4.61605,0,True,,,,,,,,,,,,,,,,,,,,,,
219734156_2,219734156,2,1878.55,2432.76,2,4.45998,0,False,,,,,,,,,,,,,,,,,,,,,,
219734156_3,219734156,3,1872.26,2194.46,2,4.0231,0,False,,,,,,,,,,,,,,,,,,,,,,
219734156_4,219734156,4,1888.49,8959.94,1,11.2654,0,False,,,,,,,,,,,,,,,,,,,,,,
219734156_5,219734156,5,1881.97,9360.1,8,33.8847,1,True,True,32.2058,252.768,53.9623,flare_decay,True,True,True,True,True,True,0.829678,0.814,,,True,True,True,True,,True,
219734156_6,219734156,6,1891.66,2186.15,16,11.2798,1,True,True,10.0539,18.6223,-6.23267,flare_decay,False,True,True,True,True,True,0.853851,0.794153,,,True,True,True,True,,True,
219734156_7,219734156,7,1896.37,1237.49,4,3.06385,0,True,,,,,,,,,,,,,,,,,,,,,,
219734156_8,219734156,8,1873.45,4941.9,2,9.05999,1,False,True,7.94593,12.922,-3.78004,flare_decay,True,True,True,True,True,True,0.486064,0.748064,,,True,False,True,True,,True,
219734156_9,219734156,9,1880.62,2952.32,16,15.233,1,True,True,14.1127,28.0725,-2.05346,flare_decay,True,True,True,True,True,True,0.830961,0.853191,,,True,True,True,True,,True,
219734156_10,219734156,10,1880.74,3573.14,2,6.55064,0,False,,,,,,,,,,,,,,,,,,,,,,
219734156_11,219734156,11,1894.7,8290.49,1,10.4237,0,False,,,,,,,,,,,,,,,,,,,,,,
219734156_12,219734156,12,1886.03,1046.22,8,3.78746,0,True,,,,,,,,,,,,,,,,,,,,,,
219734156_13,219734156,13,1885.64,4655.83,8,16.8547,1,True,True,15.8852,17.292,-1.98692,flare_decay,True,True,True,True,False,True,0.548355,0.616427,,,True,True,True,False,,True,
219734156_14,219734156,14,1881.28,3207.92,16,16.5517,1,True,True,16.4181,40.1073,4.93046,flare_decay,True,True,True,True,True,True,0.654068,0.67766,,,True,True,True,True,True,True,
219734156_15,219734156,15,1895.91,8438.6,8,30.5488,1,True,True,29.2442,175.951,13.0923,flare_decay,True,True,True,True,True,True,0.923869,0.839334,,,True,True,True,True,,True,
219734156_16,219734156,16,1871.16,681.515,24,4.83521,0,True,,,,,,,,,,,,,,,,,,,,,,
219734156_17,219734156,17,1881.99,2438.56,24,17.3011,1,True,True,14.3346,20.2421,0.273221,flare_decay,True,True,True,True,False,True,0.852596,0.831405,,,True,True,True,False,,True,
219734156_18,219734156,18,1885.39,15164.6,1,19.0665,0,False,,,,,,,,,,,,,,,,,,,,,,
219734156_19,219734156,19,1876.82,27912.2,1,35.0942,1,False,True,39.9428,198.582,-3.66846,flare_decay,True,False,False,True,True,True,0.887714,0.528735,,,True,True,False,True,,True,
230061650_0,230061650,0,1881.76,6742.48,16,40.6404,1,True,True,37.6955,448.871,14.2329,flare_decay,True,True,True,True,True,True,0.684581,0.753832,,,True,True,True,True,True,True,
230061650_1,230061650,1,1893.93,3192.87,24,23.2173,1,True,True,19.2871,42.5552,-10.427,flare_decay,False,True,True,True,True,True,0.815233,0.804544,,,True,True,True,True,True,True,
230061650_2,230061650,2,1887.6,3656.2,1,5.16561,0,False,,,,,,,,,,,,,,,,,,,,,,
230061650_3,230061650,3,1887.95,11437.4,8,42.0391,1,True,True,41.952,223.751,9.14641,flare_decay,True,True,True,True,True,True,1.08116,0.823382,,,True,True,True,True,,True,
230061650_4,230061650,4,1897.45,4748.62,8,17.4539,1,True,True,15.4227,60.043,6.09765,step,True,True,True,True,True,True,0.803919,0.729422,,,True,True,True,True,,True,
230061650_5,230061650,5,1885.18,4005.21,24,29.1243,1,True,True,14.6211,-4.57757,-0.570236,step,False,False,False,True,True,True,2.1276,0.946866,,,False,True,False,True,,True,
230061650_6,230061650,6,1871.2,2499.11,16,15.0635,0,True,,,,,,,,,,,,,,,,,,,,,,
230061650_7,230061650,7,1889.89,40785.2,1,57.6228,1,False,True,52.8001,269.42,191.827,flare_decay,True,True,True,True,True,True,1.72083,0.513619,,,True,False,True,True,,True,
230061650_8,230061650,8,1874.41,2131.93,1,3.01207,0,False,,,,,,,,,,,,,,,,,,,,,,
230061650_9,230061650,9,1889.35,1658.62,8,6.0964,0,True,,,,,,,,,,,,,,,,,,,,,,
230061650_10,230061650,10,1890.49,1197.65,8,4.40206,0,True,,,,,,,,,,,,,,,,,,,,,,
230061650_11,230061650,11,1887.2,9259.26,4,23.0808,1,False,True,22.0075,69.0185,-7.95964,flare_decay,False,True,True,True,True,True,0.975343,0.848136,,,True,False,True,True,,True,
230061650_12,230061650,12,1883.32,3339.46,24,24.2832,1,True,True,25.5187,138.138,-2.84954,flare_decay,True,True,True,True,True,True,0.498395,0.568017,,,True,True,True,True,,True,
230061650_13,230061650,13,1870.53,1250.29,24,9.09161,0,True,,,,,,,,,,,,,,,,,,,,,,
230061650_14,230061650,14,1894.99,458.522,24,3.33419,0,True,,,,,,,,,,,,,,,,,,,,,,
230061650_15,230061650,15,1896.53,1408.64,16,8.49062,0,True,,,,,,,,,,,,,,,,,,,,,,
230061650_16,230061650,16,1885.64,4202.48,4,10.4756,1,False,True,11.5169,12.29,-1.49533,flare_decay,True,True,True,True,True,True,1.28239,0.792997,,,True,False,True,True,,True,
230061650_17,230061650,17,1872.24,4559.96,1,6.44247,0,False,,,,,,,,,,,,,,,,,,,,,,
230061650_18,230061650,18,1886.26,6850.58,8,25.1799,1,True,True,27.2514,120.569,10.5579,flare_decay,True,True,True,True,True,True,1.3927,0.829723,,,True,True,True,True,,True,
230061650_19,230061650,19,1870.7,2682.34,16,16.1679,0,True,,,,,,,,,,,,,,,,,,,,,,
230072516_0,230072516,0,1885.82,798.023,24,4.44875,0,True,,,,,,,,,,,,,,,,,,,,,,
230072516_1,230072516,1,1891.43,1125.92,24,6.27665,0,True,,,,,,,,,,,,,,,,,,,,,,
230072516_2,230072516,2,1879.72,3276.37,8,9.49311,1,True,True,8.90179,22.3513,-2.81959,step,True,True,True,True,True,True,1.02775,0.850491,,,True,True,True,True,,True,
230072516_3,230072516,3,1895.64,24199.7,1,28.0929,1,False,True,27.3007,39.2734,6.3221,flare_decay,True,True,True,True,True,True,1.2329,0.713551,,,True,False,True,True,,True,
230072516_4,230072516,4,1892.8,12916.2,1,14.9941,1,False,True,15.3695,27.2559,-1.89249,flare_decay,True,True,True,True,True,True,2.85252,0.579564,,,True,True,True,True,,True,
230072516_5,230072516,5,1879.55,3798.16,4,8.85287,1,True,True,9.0461,29.4087,2.73349,flare_decay,True,True,True,True,True,True,1.20116,0.634546,0.255249,0.0540636,True,True,True,True,True,True,True
230072516_6,230072516,6,1883.37,31253.7,1,36.2817,1,False,True,41.0951,266.147,-1.23845,flare_decay,True,True,True,True,True,True,2.24165,0.609895,,,True,False,True,True,,True,
230072516_7,230072516,7,1888.43,2078.05,8,6.02104,0,True,,,,,,,,,,,,,,,,,,,,,,
230072516_8,230072516,8,1894.66,4030.2,24,22.4672,1,True,True,17.1969,75.3412,-1.67783,flare_decay,True,True,True,True,True,True,1.12437,1.2957,,,True,True,True,True,True,True,
230072516_9,230072516,9,1879.28,7565.78,4,17.6346,1,True,True,16.919,60.0423,23.3623,flare_decay,True,True,True,True,True,True,1.55488,1.00511,,,True,True,True,True,,True,
230072516_10,230072516,10,1890.76,15919.4,2,27.292,1,False,True,25.1933,80.6414,-13.0874,flare_decay,False,True,True,True,True,True,0.716818,0.90563,,,True,False,True,True,,True,
230072516_11,230072516,11,1877.12,1180.8,16,5.13797,0,True,,,,,,,,,,,,,,,,,,,,,,
230072516_12,230072516,12,1893.01,7625.51,2,13.0731,1,False,True,12.119,8.926,-1.95951,flare_decay,False,True,True,True,True,True,1.21645,0.973107,,,False,False,True,True,,True,
230072516_13,230072516,13,1872.8,28325.1,2,48.5602,1,False,True,46.7405,471.358,66.5417,flare_decay,True,True,True,True,True,True,0.680833,0.91124,,,True,False,True,True,,True,
230072516_14,230072516,14,1871.41,9498.78,16,41.3316,1,True,True,34.609,203.809,-1.58377,flare_decay,True,True,True,True,True,True,0.721255,0.920517,,,True,True,True,True,,True,
230072516_15,230072516,15,1879.3,6121.09,8,17.7356,1,True,True,16.8056,58.2939,-0.472664,flare_decay,True,True,True,True,True,True,1.5149,0.960178,,,True,True,True,True,,True,
230072516_16,230072516,16,1871.62,4888.71,1,5.67519,0,False,,,,,,,,,,,,,,,,,,,,,,
230072516_17,230072516,17,1872.05,2482.04,24,13.8367,1,True,True,13.7674,52.7669,0.548579,flare_decay,True,True,True,True,True,True,0.835376,0.761152,,,True,True,True,True,,True,
230072516_18,230072516,18,1879.14,4847.39,24,27.0228,1,True,True,21.6224,118.429,-10.5626,flare_decay,False,True,True,True,True,True,1.16281,0.973813,,,True,True,True,True,,True,
230072516_19,230072516,19,1882.2,2680.46,24,14.9428,1,True,True,11.3412,34.1458,3.88244,flare_decay,True,True,True,True,True,True,1.60616,1.44303,,,True,True,True,True,,True,
230083297_0,230083297,0,1890.78,4268.97,16,34.8695,1,True,True,33.9944,177.932,10.5366,flare_decay,True,True,True,True,True,True,0.747868,0.880321,,,True,True,True,True,,True,
230083297_1,230083297,1,1893.22,1233.09,24,11.0245,1,True,True,11.2904,14.6198,-1.66999,step,True,True,True,True,True,True,0.782023,1.15351,,,True,True,True,True,,True,
230083297_2,230083297,2,1876.12,2605.15,2,8.02144,1,False,True,8.85981,18.3821,6.60589,flare_decay,True,True,True,True,True,True,0.637105,0.771091,0.78932,0.00126675,True,True,True,True,,True,False
230083297_3,230083297,3,1894.95,3024.45,2,9.31249,1,False,True,9.15663,6.72178,-3.439,flare_decay,False,True,True,True,True,True,1.50151,1.02881,,,False,False,True,True,,True,
230083297_4,230083297,4,1893.74,341.405,24,3.05236,0,True,,,,,,,,,,,,,,,,,,,,,,
230083297_5,230083297,5,1879.37,7387.55,8,44.1734,1,True,True,42.3593,137.973,36.854,flare_decay,True,True,True,True,True,True,0.754643,0.945189,,,True,True,True,True,True,True,
230083297_6,230083297,6,1877.78,819.961,8,4.90291,0,True,,,,,,,,,,,,,,,,,,,,,,
230083297_7,230083297,7,1894.12,7109.28,16,58.0696,1,True,True,54.0808,506.756,13.9325,flare_decay,True,True,True,True,True,True,0.361692,0.759846,,,True,True,True,True,,True,
230083297_8,230083297,8,1874.78,1151.19,8,6.88344,0,True,,,,,,,,,,,,,,,,,,,,,,
230083297_9,230083297,9,1882.32,10708.8,4,46.6261,1,True,True,49.0416,310.984,91.1695,flare_decay,True,True,True,True,True,True,9.16434,0.980137,,,True,True,True,True,,True,
230083297_10,230083297,10,1883.95,368.15,16,3.0071,0,True,,,,,,,,,,,,,,,,,,,,,,
230083297_11,230083297,11,1895.89,1004.57,4,4.37392,0,True,,,,,,,,,,,,,,,,,,,,,,
230083297_12,230083297,12,1881.37,836.767,16,6.83483,0,True,,,,,,,,,,,,,,,,,,,,,,
230083297_13,230083297,13,1896.43,2766.29,24,24.7322,1,True,True,24.6138,122.498,11.1191,flare_decay,True,True,True,True,True,True,0.562068,0.786627,,,True,True,True,True,,True,
230083297_14,230083297,14,1874.87,6567.38,1,15.2076,1,False,True,15.3566,31.3362,-3.38423,flare_decay,True,True,True,True,True,True,0.582756,0.799899,,,True,False,True,True,,True,
230083297_15,230083297,15,1894.12,3509.1,2,10.8048,1,False,True,11.009,18.0394,0.273631,flare_decay,True,True,True,True,True,True,0.503541,0.812309,,,True,False,True,True,,True,
230083297_16,230083297,16,1871.24,6045.3,4,26.3213,1,True,True,23.5082,167.874,-22.6424,flare_decay,False,False,True,True,True,True,0.66938,0.923626,,,True,True,True,True,,True,
230083297_17,230083297,17,1891.37,557.808,24,4.98713,0,True,,,,,,,,,,,,,,,,,,,,,,
230083297_18,230083297,18,1879.93,5347.37,2,16.4649,1,False,True,16.2928,14.5178,-2.02914,flare_decay,True,True,True,True,True,True,1.00684,0.865074,,,True,False,True,True,,True,
230083297_19,230083297,19,1888.76,1519.45,1,3.51848,0,False,,,,,,,,,,,,,,,,,,,,,,
230088174_0,230088174,0,1895.8,4927.05,8,12.815,1,True,True,13.7327,44.9488,-1.14187,flare_decay,True,True,True,True,True,True,0.972149,0.946376,,,True,True,True,True,,True,
230088174_1,230088174,1,1889.01,1952.69,16,7.38981,0,True,,,,,,,,,,,,,,,,,,,,,,
230088174_2,230088174,2,1874.91,2316.64,8,6.02547,0,True,,,,,,,,,,,,,,,,,,,,,,
230088174_3,230088174,3,1873.41,6303.97,24,30.9843,1,True,True,24.3413,319.116,5.44328,flare_decay,True,True,True,True,True,True,0.896514,0.877313,,,True,True,True,True,,True,
230088174_4,230088174,4,1895.85,7527.18,8,19.5778,1,True,True,20.653,109.544,30.5427,flare_decay,True,True,True,True,True,True,0.922819,0.946971,,,True,True,True,True,True,True,
230088174_5,230088174,5,1875.95,3352.11,24,16.4758,1,True,True,14.5284,68.7019,-9.76768,flare_decay,False,True,True,True,True,True,1.18424,1.22591,,,True,True,True,True,,True,
230088174_6,230088174,6,1874.35,1681.97,4,3.44195,0,False,,,,,,,,,,,,,,,,,,,,,,
230088174_7,230088174,7,1871.68,8900.05,2,12.7134,1,False,True,11.6046,13.8089,-5.26224,flare_decay,True,True,True,True,True,True,1.10192,0.970287,,,True,False,True,True,,True,
230088174_8,230088174,8,1891.72,13372.2,2,19.1018,1,False,True,19.6063,112.683,-4.38424,flare_decay,True,True,True,True,True,True,0.622926,0.822863,,,True,False,True,True,,True,
230088174_9,230088174,9,1890.39,5964.36,8,15.513,1,True,True,14.4076,43.8776,-3.4805,flare_decay,True,True,True,True,True,True,0.907708,0.974232,,,True,True,True,True,,True,
230088174_10,230088174,10,1889.6,3030.31,2,4.3287,0,False,,,,,,,,,,,,,,,,,,,,,,
230088174_11,230088174,11,1892.45,12803.4,16,48.4537,1,True,True,48.5294,467.625,83.0585,flare_decay,True,True,True,True,True,True,0.805729,0.881579,,,True,True,True,True,,True,
230088174_12,230088174,12,1874.26,37412.9,2,53.4432,1,False,True,50.3584,681.757,-23.1417,flare_decay,False,True,True,True,True,True,1.22446,0.875388,,,True,False,True,True,,True,
230088174_13,230088174,13,1871.2,984.174,24,4.83726,0,True,,,,,,,,,,,,,,,,,,,,,,
230088174_14,230088174,14,1885.53,5560.44,24,27.3298,1,True,True,18.766,-11.685,-7.60745,step,False,False,True,True,True,True,0.39429,0.576101,,,False,True,True,True,,True,
230088174_15,230088174,15,1871.01,2221.6,2,3.17348,0,False,,,,,,,,,,,,,,,,,,,,,,
230088174_16,230088174,16,1887.95,41348.1,1,43.2755,1,False,True,28.7118,-0.115336,427.073,flare_decay,False,True,True,True,True,True,0.572275,0.627527,,,False,True,True,True,,True,
230088174_17,230088174,17,1881.43,5932.11,8,15.4291,1,True,True,14.1127,17.6228,23.8046,flare_decay,True,True,True,True,True,True,1.05296,0.927825,,,True,True,True,True,True,True,
230088174_18,230088174,18,1893.78,2307.26,24,11.3403,0,True,,,,,,,,,,,,,,,,,,,,,,
230088174_19,230088174,19,1878.66,11501.8,1,12.0379,0,False,,,,,,,,,,,,,,,,,,,,,,
232540945_0,232540945,0,1876.2,7532.25,4,30.4705,1,True,True,30.5701,93.6723,-17.7653,flare_decay,False,True,True,True,True,True,1.12524,0.894924,,,True,True,True,True,,True,
232540945_1,232540945,1,1874.45,4301.83,24,44.7631,1,True,True,43.4898,261.293,10.711,flare_decay,True,True,True,True,True,True,0.917831,0.898559,,,True,True,True,True,True,True,
232540945_2,232540945,2,1896.45,2677.42,24,27.8601,1,True,True,23.9944,61.1897,6.07131,flare_decay,True,True,True,True,True,True,0.605445,0.918972,,,True,True,True,True,,True,
232540945_3,232540945,3,1894.51,1120.83,4,4.53416,0,True,,,,,,,,,,,,,,,,,,,,,,
232540945_4,232540945,4,1893.95,2280.6,16,18.0389,1,True,True,17.891,38.7014,0.0382608,flare_decay,True,True,True,True,True,True,0.696024,0.848384,,,True,True,True,True,,True,
232540945_5,232540945,5,1891.66,2913.12,4,11.7846,1,True,True,11.6149,28.6308,-0.811778,flare_decay,True,True,True,True,True,True,0.996029,0.863621,,,True,True,True,True,True,True,
232540945_6,232540945,6,1889.07,3407.96,2,9.88421,1,False,True,10.1024,2.922,-0.911519,flare_decay,False,True,True,True,True,True,0.682997,0.803864,,,False,False,True,True,,True,
232540945_7,232540945,7,1895.91,3559.85,2,10.3247,1,False,True,9.50239,3.72645,-1.51417,flare_decay,False,True,True,True,True,True,1.01927,0.808576,,,False,False,True,True,,True,
232540945_8,232540945,8,1885.89,7074.48,8,41.7159,1,True,True,40.6392,262.86,54.1966,flare_decay,True,True,True,True,True,True,0.732645,0.962609,,,True,True,True,True,,True,
232540945_9,232540945,9,1876.43,2553.96,4,10.3316,1,True,True,8.31209,2.17865,-5.55077,flare_decay,False,True,True,True,True,True,1.59064,1.00522,,,False,True,True,True,,True,
232540945_10,232540945,10,1895.22,591.179,24,6.15158,0,True,,,,,,,,,,,,,,,,,,,,,,
232540945_11,232540945,11,1887.32,13983.4,4,56.5675,1,True,True,55.519,607.57,134.426,flare_decay,True,True,True,True,True,True,0.555614,0.973652,,,True,True,True,True,,True,
232540945_12,232540945,12,1877.85,5108.76,16,40.409,1,True,True,37.2935,287.498,17.7365,flare_decay,True,True,True,True,True,True,0.998301,0.964598,,,True,True,True,True,,True,
232540945_13,232540945,13,1881.89,3262.61,24,33.9494,1,True,True,32.2929,141.059,2.69755,flare_decay,True,True,True,True,True,True,0.851471,0.892968,,,True,True,True,True,True,True,
232540945_14,232540945,14,1894.62,5296.6,16,41.8948,1,True,True,41.1617,275.537,21.5192,flare_decay,True,True,True,True,True,True,0.89779,0.990263,,,True,True,True,True,,True,
232540945_15,232540945,15,1893.89,974.083,8,5.74386,0,True,,,,,,,,,,,,,,,,,,,,,,
232540945_16,232540945,16,1874.64,1856.82,8,10.9491,1,True,True,11.3316,17.5886,2.62173,flare_decay,True,True,True,True,True,True,1.1315,0.91763,,,True,True,True,True,,True,
232540945_17,232540945,17,1886.7,1593.81,2,4.62256,0,False,,,,,,,,,,,,,,,,,,,,,,
232540945_18,232540945,18,1890.14,4430.56,2,12.8501,1,False,True,14.6875,9.97184,2.80963,flare_decay,False,True,True,True,True,True,0.997947,0.95546,,,False,False,True,True,,True,
232540945_19,232540945,19,1896.53,522.483,24,5.43675,0,True,,,,,,,,,,,,,,,,,,,,,,
232601781_0,232601781,0,1886.53,4615.55,8,13.7944,1,True,True,13.7158,29.1285,7.92662,flare_decay,True,True,True,True,True,True,0.584194,0.728712,0.0455304,0,True,True,True,True,,True,True
232601781_1,232601781,1,1881.14,2237.58,8,6.68739,1,True,True,9.50324,12.78,-9.17064,flare_decay,False,True,True,True,True,True,0.721984,0.821677,0.00241345,7.42358e-17,True,True,True,True,,True,True
232601781_2,232601781,2,1885.51,15404.5,8,46.0391,1,True,True,41.7444,234.237,45.2183,step,True,False,True,True,False,True,0.88341,0.919644,,,True,True,True,False,,True,
232601781_3,232601781,3,1889.01,915.822,16,3.93008,0,True,,,,,,,,,,,,,,,,,,,,,,
232601781_4,232601781,4,1875.76,1890.21,24,12.5061,0,True,,,,,,,,,,,,,,,,,,,,,,
232601781_5,232601781,5,1873.18,32133.6,2,46.7139,1,False,True,46.9114,230.045,16.0673,flare_decay,True,False,True,True,True,True,2.15643,0.891635,,,True,False,True,True,,True,
232601781_6,232601781,6,1889.95,1138.78,24,7.53449,0,True,,,,,,,,,,,,,,,,,,,,,,
232601781_7,232601781,7,1886.89,2003.98,16,8.59972,0,True,,,,,,,,,,,,,,,,,,,,,,
232601781_8,232601781,8,1880.24,2933.56,24,19.4092,1,True,True,16.8412,51.9958,5.34084,flare_decay,True,True,True,True,True,True,0.557372,0.805529,,,True,True,True,True,,True,
232601781_9,232601781,9,1896.74,15775.8,2,22.9339,1,False,True,22.2031,117.972,-3.19319,flare_decay,True,True,True,True,True,True,0.88504,0.876224,,,True,False,True,True,,True,
232601781_10,232601781,10,1886.76,3388.87,24,22.4217,1,True,True,16.1229,11.6122,-2.65212,flare_decay,True,True,True,True,False,True,0.491063,1.03273,,,True,True,True,False,,True,
232601781_11,232601781,11,1885.49,738.62,16,3.16965,0,True,,,,,,,,,,,,,,,,,,,,,,
232601781_12,232601781,12,1886.14,14769.6,2,21.4711,1,False,True,20.6419,61.0497,16.3399,flare_decay,True,False,True,True,True,True,0.658197,0.777697,,,True,False,True,True,,True,
232601781_13,232601781,13,1888.82,3147.86,4,7.03614,0,True,,,,,,,,,,,,,,,,,,,,,,
232601781_14,232601781,14,1887.01,2018.64,8,6.03306,0,True,,,,,,,,,,,,,,,,,,,,,,
232601781_15,232601781,15,1879.68,6070.33,16,26.0497,1,True,True,24.3575,169.837,37.2308,flare_decay,True,True,True,True,True,True,0.843408,0.853652,,,True,True,True,True,True,True,
232601781_16,232601781,16,1882.45,1729.22,8,5.16806,0,True,,,,,,,,,,,,,,,,,,,,,,
232601781_17,232601781,17,1886.03,3040.58,24,20.1172,1,True,True,15.9326,26.9032,1.82158,step,True,True,False,True,False,False,0.293139,0.467438,,,True,True,True,False,,True,
232601781_18,232601781,18,1891.8,956.07,24,6.32561,0,True,,,,,,,,,,,,,,,,,,,,,,
232601781_19,232601781,19,1883.84,24492.4,4,54.7458,1,True,True,36.3298,509.063,205.184,flare_decay,True,False,False,True,False,False,,,,,True,True,False,False,,True,
232626902_0,232626902,0,1885.97,2753.96,24,31.2227,1,True,True,20.0482,11.3056,16.0061,step,True,False,True,True,False,True,0.425923,0.640164,,,True,True,True,False,,True,
232626902_1,232626902,1,1879.26,926.831,24,10.5078,0,True,,,,,,,,,,,,,,,,,,,,,,
232626902_2,232626902,2,1880.14,2503.66,24,28.385,1,True,True,27.2376,112.89,12.0715,flare_decay,True,True,True,True,True,True,0.580416,0.722187,,,True,True,True,True,,True,
232626902_3,232626902,3,1892.14,366.319,24,4.1531,0,True,,,,,,,,,,,,,,,,,,,,,,
232626902_4,232626902,4,1888.39,3779.97,8,19.279,1,True,True,20.3386,95.1474,6.54415,flare_decay,True,True,True,True,True,True,0.771488,0.925221,,,True,True,True,True,True,True,
232626902_5,232626902,5,1895.3,4751.06,4,16.9591,1,False,True,16.7905,63.2687,19.1666,flare_decay,True,True,True,True,True,True,0.887037,0.950112,,,True,False,True,True,,True,
232626902_6,232626902,6,1875.84,2170.18,4,7.74655,0,False,,,,,,,,,,,,,,,,,,,,,,
232626902_7,232626902,7,1888.36,21132.4,1,40.9929,1,False,True,45.1504,372.273,-2.51431,flare_decay,True,True,True,True,True,True,0.463036,0.786578,,,True,False,True,True,,True,
232626902_8,232626902,8,1872.7,4593.14,4,16.3954,1,False,True,18.0063,45.5773,-5.17989,flare_decay,True,True,True,True,True,True,0.987689,0.925875,,,True,False,True,True,,True,
232626902_9,232626902,9,1879.76,1104.83,2,3.00596,0,False,,,,,,,,,,,,,,,,,,,,,,
232626902_10,232626902,10,1878.36,2734.14,24,30.998,1,True,True,24.0655,114.742,0.465197,flare_decay,True,True,True,True,True,True,0.918296,1.05595,,,True,True,True,True,,True,
232626902_11,232626902,11,1888.66,2691.39,16,20.9211,1,True,True,18.9618,70.8376,-4.55373,flare_decay,True,True,True,True,False,True,0.469651,0.767376,,,True,True,True,False,,True,
232626902_12,232626902,12,1881.36,15936.3,4,56.8852,1,False,True,56.0384,442.063,121.387,flare_decay,True,True,True,True,True,True,0.827375,0.989997,,,True,False,True,True,,True,
232626902_13,232626902,13,1873.99,1291.41,4,4.60976,0,False,,,,,,,,,,,,,,,,,,,,,,
232626902_14,232626902,14,1877.45,16049,4,57.2875,1,False,True,57.9912,883.416,-127.132,flare_decay,False,True,True,True,True,True,1.00691,0.930639,,,True,False,True,True,,True,
232626902_15,232626902,15,1882.61,7114.02,1,13.7999,1,False,True,15.021,31.5144,-3.62365,flare_decay,True,True,True,True,True,True,0.588851,0.550339,,,True,True,True,True,,True,
232626902_16,232626902,16,1888.43,9307.99,2,25.3246,1,False,True,25.3344,61.4862,11.8047,flare_decay,True,True,True,True,True,True,1.04448,0.939361,,,True,False,True,True,,True,
232626902_17,232626902,17,1874.2,765.07,16,5.94717,0,True,,,,,,,,,,,,,,,,,,,,,,
232626902_18,232626902,18,1892.34,11537.5,1,22.3805,1,False,True,22.5582,74.7238,3.82733,flare_decay,True,True,True,True,True,True,0.434328,0.648669,,,True,True,True,True,True,True,
232626902_19,232626902,19,1882.99,500.347,16,3.88938,0,True,,,,,,,,,,,,,,,,,,,,,,
232635112_0,232635112,0,1887.34,486.775,24,4.27246,0,True,,,,,,,,,,,,,,,,,,,,,,
232635112_1,232635112,1,1882.26,18697.5,1,33.3168,1,False,True,19.3868,28.7872,316.65,flare_decay,True,True,True,True,True,True,1.95842,0.57383,,,True,True,True,True,,True,
232635112_2,232635112,2,1877.95,2165.23,1,3.85819,0,False,,,,,,,,,,,,,,,,,,,,,,
232635112_3,232635112,3,1881.49,703.941,24,6.17854,0,True,,,,,,,,,,,,,,,,,,,,,,
232635112_4,232635112,4,1892.95,26930.6,1,47.9872,1,False,True,42.4543,46.6382,75.1798,flare_decay,True,True,True,True,True,True,0.524144,0.548561,,,True,False,True,True,,True,
232635112_5,232635112,5,1895.82,3108.25,16,20.2574,1,True,True,22.5669,111.364,31.3572,flare_decay,True,True,True,True,True,True,0.572451,0.720184,0.000189732,0.000189732,True,True,True,True,True,True,True
232635112_6,232635112,6,1879.2,6173.62,2,14.8383,1,False,True,14.4675,54.6838,4.2676,flare_decay,True,True,True,True,True,True,2.38283,0.957678,,,True,False,True,True,,True,
232635112_7,232635112,7,1890.61,3767.48,16,24.5538,1,True,True,24.4596,124.87,-0.766256,flare_decay,True,True,True,True,True,True,0.770464,0.97181,,,True,True,True,True,,True,
232635112_8,232635112,8,1891.41,4094.14,16,26.6827,1,True,True,24.2843,97.4946,-11.4214,flare_decay,False,True,True,True,True,True,0.640809,1.06481,,,True,True,True,True,,True,
232635112_9,232635112,9,1895.53,6255.32,16,40.7677,1,True,True,42.8652,321.662,39.8471,flare_decay,True,True,True,True,True,True,0.769131,0.882281,,,True,True,True,True,,True,
232635112_10,232635112,10,1879.36,9351.36,8,46.7355,1,True,True,44.8806,517.486,54.3475,flare_decay,True,True,True,True,True,True,1.06042,0.939077,,,True,True,True,True,True,True,
232635112_11,232635112,11,1874.34,4227.08,8,21.1258,1,True,True,22.2511,40.2035,5.08646,flare_decay,True,True,True,True,True,True,1.00185,0.907463,,,True,True,True,True,,True,
232635112_12,232635112,12,1873.47,1974.2,8,9.86648,1,True,True,9.72534,3.54286,-6.81444,step,False,True,True,True,True,True,0.85928,0.969922,,,False,True,True,True,,True,
232635112_13,232635112,13,1883.13,1018.2,8,5.08867,0,True,,,,,,,,,,,,,,,,,,,,,,
232635112_14,232635112,14,1874.95,1022.28,16,6.66246,0,True,,,,,,,,,,,,,,,,,,,,,,
232635112_15,232635112,15,1896.22,694.23,24,6.09331,0,True,,,,,,,,,,,,,,,,,,,,,,
232635112_16,232635112,16,1874.28,17494.3,1,31.1728,1,False,True,19.5733,49.6802,237.154,flare_decay,True,True,True,True,True,True,1.12609,0.554174,,,True,True,True,True,True,True,
232635112_17,232635112,17,1871.53,1351.07,16,8.8053,0,True,,,,,,,,,,,,,,,,,,,,,,
232635112_18,232635112,18,1893.66,7749.93,16,50.5085,1,True,True,50.6243,430.801,34.2976,flare_decay,True,True,True,True,True,True,0.645631,0.941267,,,True,True,True,True,,True,
232635112_19,232635112,19,1887.24,2229.56,24,19.569,1,True,True,18.1228,54.297,-3.73596,flare_decay,True,True,True,True,True,True,1.1034,1.81657,,,True,True,True,True,True,True,
233086473_0,233086473,0,1894.68,34325.9,1,34.5033,1,False,True,32.7258,78.0001,61.4913,flare_decay,True,True,True,True,True,True,0.823002,0.48582,,,True,False,True,True,,True,
233086473_1,233086473,1,1880.24,25124,24,46.3013,1,True,True,9.06368,43.6011,1.935,flare_decay,True,True,False,True,True,False,0.0317788,0.0379712,,,True,True,True,False,,True,
233086473_2,233086473,2,1882.82,21941.4,8,33.8078,1,True,True,35.2219,1099.43,-7.07269,flare_decay,False,True,True,True,True,True,1.23832,0.770058,,,True,True,True,True,,True,
233086473_3,233086473,3,1888.51,4123,1,4.14431,0,False,,,,,,,,,,,,,,,,,,,,,,
233086473_4,233086473,4,1879.14,15971.2,24,29.4336,1,True,True,17.3006,1.16805,25.4975,step,False,True,True,True,True,True,0.408489,0.453775,,,False,True,True,True,,True,
233086473_5,233086473,5,1892.49,35650.5,2,43.9373,1,False,True,38.77,263.622,-3.58431,flare_decay,True,False,False,True,True,True,0.62533,0.499868,,,True,False,False,True,,True,
233086473_6,233086473,6,1891.43,1706.22,24,3.14442,0,True,,,,,,,,,,,,,,,,,,,,,,
233086473_7,233086473,7,1896.72,6412.91,4,8.76071,0,True,,,,,,,,,,,,,,,,,,,,,,
233086473_8,233086473,8,1881.7,6928.05,24,12.7678,0,True,,,,,,,,,,,,,,,,,,,,,,
233086473_9,233086473,9,1886.28,33071.2,16,57.0842,1,True,True,63.1923,2740.71,118.83,flare_decay,True,True,True,True,True,True,1.1521,0.799226,,,True,True,True,True,,True,
233086473_10,233086473,10,1874.59,7291.53,8,11.235,1,True,True,10.3986,91.7533,5.06587,step,True,True,True,True,True,True,1.30003,0.71952,,,True,True,True,True,True,True,
233086473_11,233086473,11,1887.84,14369.8,1,14.444,0,False,,,,,,,,,,,,,,,,,,,,,,
233086473_12,233086473,12,1872.64,8611.07,8,13.2681,1,True,True,13.4305,126.113,43.32,flare_decay,True,True,True,True,True,True,1.78393,0.65648,,,True,True,True,True,True,True,
233086473_13,233086473,13,1878.57,2347.36,24,4.32599,0,True,,,,,,,,,,,,,,,,,,,,,,
233086473_14,233086473,14,1888.8,2714.35,24,5.00232,0,True,,,,,,,,,,,,,,,,,,,,,,
233086473_15,233086473,15,1871.64,6807.41,8,10.489,1,True,True,10.6634,72.5341,22.6049,flare_decay,True,True,True,True,True,True,1.16557,0.6942,,,True,True,True,True,True,True,
233086473_16,233086473,16,1892.95,18656,8,28.7457,1,True,True,28.455,586.352,65.8443,flare_decay,True,True,True,True,True,True,1.3078,0.698773,,,True,True,True,True,,True,
233086473_17,233086473,17,1886.86,6363.49,24,11.7274,0,True,,,,,,,,,,,,,,,,,,,,,,
233086473_18,233086473,18,1888.41,3770.28,2,4.64667,0,False,,,,,,,,,,,,,,,,,,,,,,
233086473_19,233086473,19,1880.36,9295.98,8,14.3235,1,True,True,14.6017,150.506,10.9971,flare_decay,True,True,True,True,True,True,1.70458,0.756688,,,True,True,True,True,,True,
233154249_0,233154249,0,1878.32,8165.55,2,14.7743,1,False,True,14.7335,47.0803,5.02743,flare_decay,True,True,True,True,True,True,1.20124,0.755739,,,True,False,True,True,,True,
233154249_1,233154249,1,1880.93,1762.75,16,9.01032,1,True,True,9.75201,10.7302,-3.41647,flare_decay,True,True,True,True,False,True,0.701238,0.659544,,,True,True,True,False,,True,
233154249_2,233154249,2,1880.76,854.902,8,3.11233,0,True,,,,,,,,,,,,,,,,,,,,,,
233154249_3,233154249,3,1882.11,3598.91,24,24.0954,1,True,True,20.0292,50.1877,0.217642,flare_decay,True,True,True,True,True,True,0.625335,0.981442,0.0274264,0,True,True,True,True,,True,True
233154249_4,233154249,4,1871.22,1648.8,8,6.00256,0,True,,,,,,,,,,,,,,,,,,,,,,
233154249_5,233154249,5,1880.91,6995.67,1,9.31117,0,False,,,,,,,,,,,,,,,,,,,,,,
233154249_6,233154249,6,1886.43,9660.73,4,26.5494,1,True,True,27.4021,77.9583,-26.8374,flare_decay,False,True,True,True,True,True,0.53769,0.753954,,,True,True,True,True,,True,
233154249_7,233154249,7,1873.57,508.501,24,3.40452,0,True,,,,,,,,,,,,,,,,,,,,,,
233154249_8,233154249,8,1893.8,5927.8,24,39.6878,1,True,True,31.403,217.371,54.1945,flare_decay,True,True,True,True,True,True,0.516493,0.705,,,True,True,True,True,True,True,
233154249_9,233154249,9,1891.11,3965.85,8,14.4379,1,True,True,14.9729,42.3088,3.12208,step,True,True,True,True,True,True,0.551828,0.801049,,,True,True,True,True,,True,
233154249_10,233154249,10,1895.57,930.556,8,3.38775,0,True,,,,,,,,,,,,,,,,,,,,,,
233154249_11,233154249,11,1880.16,1384.25,4,3.80418,0,True,,,,,,,,,,,,,,,,,,,,,,
233154249_12,233154249,12,1878.01,17220,2,31.1569,1,False,True,28.1404,188.05,-18.2561,flare_decay,False,True,True,True,True,True,0.976608,0.79779,,,True,False,True,True,,True,
233154249_13,233154249,13,1875.39,4933.22,16,25.2162,1,True,True,24.1034,69.923,7.7426,flare_decay,True,True,True,True,False,True,0.61325,0.605709,,,True,True,True,False,,True,
233154249_14,233154249,14,1892.76,1066.92,24,7.14322,0,True,,,,,,,,,,,,,,,,,,,,,,
233154249_15,233154249,15,1889.18,4482.69,4,12.3192,1,True,True,11.0859,13.8466,-6.32671,flare_decay,False,True,True,True,False,True,0.531368,0.792983,,,True,True,True,False,,True,
233154249_16,233154249,16,1896.2,5391.62,16,27.5594,1,True,True,23.6375,161.158,21.6487,flare_decay,True,True,True,True,True,True,0.571775,0.680676,,,True,True,True,True,,True,
233154249_17,233154249,17,1870.95,13882,1,18.4768,0,False,,,,,,,,,,,,,,,,,,,,,,
233154249_18,233154249,18,1883.28,4678.18,1,6.22662,0,False,,,,,,,,,,,,,,,,,,,,,,
233154249_19,233154249,19,1881.3,1015.96,24,6.80204,0,True,,,,,,,,,,,,,,,,,,,,,,
233162452_0,233162452,0,1893.95,708.037,4,3.72392,0,True,,,,,,,,,,,,,,,,,,,,,,
233162452_1,233162452,1,1895.6,8870.74,4,46.6557,1,True,True,45.7754,882.563,-132.338,flare_decay,False,True,False,True,True,False,0.267497,0.750069,,,True,True,True,False,,True,
233162452_2,233162452,2,1876.03,863.205,8,6.09957,0,True,,,,,,,,,,,,,,,,,,,,,,
233162452_3,233162452,3,1888.99,523.161,8,3.69676,0,True,,,,,,,,,,,,,,,,,,,,,,
233162452_4,233162452,4,1894.04,5061.36,16,54.296,1,True,True,52.2152,529.132,26.327,flare_decay,True,True,True,True,True,True,0.502453,0.730291,,,True,True,True,True,,True,
233162452_5,233162452,5,1872.62,3166.32,24,40.1416,1,True,True,40.3441,316.37,14.9787,flare_decay,True,True,True,True,True,True,0.445386,0.649781,,,True,True,True,True,,True,
233162452_6,233162452,6,1878.14,433.93,16,4.655,0,True,,,,,,,,,,,,,,,,,,,,,,
233162452_7,233162452,7,1897.31,375.23,16,4.0253,0,True,,,,,,,,,,,,,,,,,,,,,,
233162452_8,233162452,8,1879.83,821.717,8,5.80641,0,True,,,,,,,,,,,,,,,,,,,,,,
233162452_9,233162452,9,1874.22,3333.36,24,42.2593,1,True,True,40.7762,345.523,20.1886,flare_decay,True,True,True,True,True,True,0.440058,0.618025,,,True,True,True,True,,True,
233162452_10,233162452,10,1888.72,2308.69,8,16.3137,1,True,True,14.8643,15.7218,-3.04336,flare_decay,True,True,True,True,True,True,0.597233,0.737328,,,True,True,True,True,,True,
233162452_11,233162452,11,1881.01,2843.77,4,14.9568,1,True,True,14.4163,11.3567,4.80156,flare_decay,True,True,True,True,True,True,0.998981,0.915187,0.108809,9.12912e-05,True,True,True,True,,True,True
233162452_12,233162452,12,1871.51,432.112,24,5.47818,0,True,,,,,,,,,,,,,,,,,,,,,,
233162452_13,233162452,13,1894.58,6752.75,1,18.6717,1,False,True,18.8571,16.5091,5.37021,flare_decay,True,True,False,True,True,False,0.537833,0.336711,,,True,True,True,False,,True,
233162452_14,233162452,14,1875.99,4242.81,24,53.789,1,True,True,51.6339,484.87,12.4146,flare_decay,True,True,True,True,True,True,1.10272,1.50608,,,True,True,True,True,True,True,
233162452_15,233162452,15,1894.93,462.069,24,5.85796,0,True,,,,,,,,,,,,,,,,,,,,,,
233162452_16,233162452,16,1886.79,3046.88,16,32.6855,1,True,True,29.7913,103.271,-13.0517,flare_decay,False,False,False,True,True,False,0.247076,0.676683,,,True,True,False,False,,True,
233162452_17,233162452,17,1891.54,1784.64,16,19.1448,1,True,True,18.2668,27.2347,-3.63053,flare_decay,True,True,False,True,True,True,0.640549,0.991528,,,True,True,True,True,,True,
233162452_18,233162452,18,1889.18,1179.85,2,4.58652,0,False,,,,,,,,,,,,,,,,,,,,,,
233162452_19,233162452,19,1875.89,9088.5,4,47.801,1,True,True,46.0917,280.447,-28.395,flare_decay,False,True,True,True,True,True,0.595792,0.743034,,,True,True,True,True,,True,
233188961_0,233188961,0,1889.26,10921.5,1,13.8802,1,False,True,11.173,20.1383,2.43705,flare_decay,True,False,True,True,True,True,1.24638,0.66402,,,True,False,True,True,,True,
233188961_1,233188961,1,1871.01,2285.62,8,7.7321,0,True,,,,,,,,,,,,,,,,,,,,,,
233188961_2,233188961,2,1880.05,3955.02,4,10.1691,1,True,True,11.2362,3.86398,1.08848,flare_decay,False,True,True,True,True,True,0.856133,0.919434,,,False,True,True,True,,True,
233188961_3,233188961,3,1873.43,936.529,8,3.16822,0,True,,,,,,,,,,,,,,,,,,,,,,
233188961_4,233188961,4,1871.62,3558.98,24,27.8841,1,True,True,20.508,86.649,-2.99112,flare_decay,True,True,True,True,True,True,0.556249,0.883453,,,True,True,True,True,,True,
233188961_5,233188961,5,1892.14,4352.83,4,11.192,1,True,True,10.2948,3.58702,-4.05999,flare_decay,False,True,True,True,True,True,0.877366,0.836431,,,False,True,True,True,,True,
233188961_6,233188961,6,1881.47,20553.6,4,52.8475,1,True,True,50.6474,279.574,-46.6648,flare_decay,False,True,True,True,True,True,1.33878,0.971819,,,True,True,True,True,True,True,
233188961_7,233188961,7,1880.3,4935.01,8,16.6948,1,True,True,17.5428,17.8603,-2.13263,flare_decay,True,True,True,True,True,True,0.767401,0.920349,,,True,True,True,True,,True,
233188961_8,233188961,8,1888.18,17528.5,2,31.0165,1,False,True,29.314,143.243,-3.41585,flare_decay,True,True,True,True,True,True,1.52397,0.987794,,,True,False,True,True,,True,
233188961_9,233188961,9,1887.76,6442.74,16,34.8713,1,True,True,34.0596,329.582,15.1889,flare_decay,True,True,True,True,True,True,0.790539,1.09376,,,True,True,True,True,,True,
233188961_10,233188961,10,1888.01,2673.07,4,6.87299,1,True,True,7.53169,-4.13464,-2.99752,flare_decay,False,True,True,True,True,True,0.720307,0.80895,,,False,True,True,True,,True,
233188961_11,233188961,11,1880.55,30088.9,1,38.2402,1,False,True,40.6782,100.519,-2.44274,flare_decay,True,True,True,True,True,True,1.27259,0.687016,,,True,True,True,True,,True,
233188961_12,233188961,12,1886.16,33721.8,1,42.8572,1,False,True,33.6009,17.636,89.4938,flare_decay,True,False,True,True,True,True,0.764427,0.541174,,,True,True,True,True,,True,
233188961_13,233188961,13,1878.22,3238.87,16,17.5304,1,True,True,17.0241,79.9509,9.07931,flare_decay,True,True,True,True,True,True,0.987567,0.945821,,,True,True,True,True,,True,
233188961_14,233188961,14,1874.82,1863.3,24,14.5986,1,True,True,10.8928,21.8624,3.72108,step,True,True,True,True,True,True,0.43949,0.660253,,,True,True,True,True,,True,
233188961_15,233188961,15,1881.93,33006,2,58.4037,1,False,True,56.6673,339.03,-14.3874,flare_decay,False,True,True,True,True,True,1.1232,0.914945,,,True,False,True,True,,True,
233188961_16,233188961,16,1894.22,1871.14,4,4.81107,0,True,,,,,,,,,,,,,,,,,,,,,,
233188961_17,233188961,17,1872.85,1639.83,4,4.21633,0,True,,,,,,,,,,,,,,,,,,,,,,
233188961_18,233188961,18,1878.95,2713.14,24,21.257,1,True,True,18.64,31.8466,-5.45466,flare_decay,True,True,True,True,True,True,0.789409,1.07232,,,True,True,True,True,,True,
233188961_19,233188961,19,1893.47,3343.24,8,11.31,1,True,True,13.6953,45.4379,2.4544,step,True,True,True,True,True,True,1.38019,1.03238,,,True,True,True,True,,True,
233199619_0,233199619,0,1873.99,5385.72,24,43.4581,1,True,True,39.4543,829.018,52.7186,flare_decay,True,True,True,True,True,True,1.07825,0.945727,,,True,True,True,True,,True,
233199619_1,233199619,1,1873.74,2161.28,8,10.3649,1,True,True,9.70893,14.2902,-2.79074,flare_decay,True,True,True,True,True,True,0.897039,0.913198,,,True,True,True,True,,True,
233199619_2,233199619,2,1888.32,13658.3,4,53.112,1,True,True,51.7418,564.57,222.653,flare_decay,True,True,True,True,True,True,0.869059,0.973849,,,True,True,True,True,True,True,
233199619_3,233199619,3,1885.99,470.62,24,3.7975,0,True,,,,,,,,,,,,,,,,,,,,,,
233199619_4,233199619,4,1892.59,513.499,24,4.1435,0,True,,,,,,,,,,,,,,,,,,,,,,
233199619_5,233199619,5,1896.24,6035.26,1,13.7366,1,False,True,8.00192,14.8453,121.886,flare_decay,True,True,False,True,True,False,0.9333,0.372078,,,True,True,True,False,,True,
233199619_6,233199619,6,1897.45,861.845,8,4.13318,0,True,,,,,,,,,,,,,,,,,,,,,,
233199619_7,233199619,7,1874.32,14079.1,1,32.0448,1,False,True,33.3055,246.385,16.9793,flare_decay,True,True,True,True,True,True,1.13126,0.676879,,,True,True,True,True,,True,
233199619_8,233199619,8,1894.47,2834.5,16,18.7623,1,True,True,17.8772,271.308,35.36,flare_decay,True,True,True,True,True,True,0.871271,0.985171,,,True,True,True,True,True,True,
233199619_9,233199619,9,1895.89,6163.8,1,14.0292,1,False,True,16.1009,26.8805,-1.38087,flare_decay,True,True,True,True,True,True,0.583924,0.765328,,,True,False,True,True,,True,
233199619_10,233199619,10,1890.59,1359.8,4,5.28777,0,True,,,,,,,,,,,,,,,,,,,,,,
233199619_11,233199619,11,1874.28,828.451,4,3.22154,0,True,,,,,,,,,,,,,,,,,,,,,,
233199619_12,233199619,12,1879.3,4781.57,4,18.5938,1,True,True,19.7402,110.28,33.6223,flare_decay,True,True,True,True,True,True,0.866116,0.973112,,,True,True,True,True,,True,
233199619_13,233199619,13,1871.87,806.257,8,3.86659,0,True,,,,,,,,,,,,,,,,,,,,,,
233199619_14,233199619,14,1886.8,820.93,16,5.43396,0,True,,,,,,,,,,,,,,,,,,,,,,
233199619_15,233199619,15,1882.93,1029.09,4,4.00175,0,True,,,,,,,,,,,,,,,,,,,,,,
233199619_16,233199619,16,1890.78,4704.29,16,31.139,1,True,True,32.3938,303.027,62.2837,flare_decay,True,True,True,True,True,True,0.579554,0.949545,,,True,True,True,True,True,True,
233199619_17,233199619,17,1880.07,1912.97,4,7.43883,1,True,True,8.85156,17.9158,2.70409,flare_decay,True,True,True,True,True,True,0.967725,0.805615,0.174155,3.0581e-10,True,True,True,True,True,True,True
233199619_18,233199619,18,1893.28,3152.11,8,15.1167,1,True,True,14.1312,61.5657,-1.1482,flare_decay,True,True,True,True,True,True,0.654984,1.05179,,,True,True,True,True,,True,
233199619_19,233199619,19,1894.87,542.818,24,4.38008,0,True,,,,,,,,,,,,,,,,,,,,,,
233431545_0,233431545,0,1871.41,10547.8,1,19.4374,1,False,True,13.815,39.5225,26.5386,flare_decay,True,False,True,True,True,True,0.621623,0.580759,,,True,True,True,True,,True,
233431545_1,233431545,1,1893.6,945.785,16,6.68273,0,True,,,,,,,,,,,,,,,,,,,,,,
233431545_2,233431545,2,1888.64,7104.95,1,13.093,1,False,True,8.86766,3.77971,19.1088,flare_decay,False,True,True,True,True,True,1.1266,1.0012,,,False,False,True,True,,True,
233431545_3,233431545,3,1877.87,5499.41,8,26.5081,1,True,True,25.7579,198.536,23.3107,flare_decay,True,True,True,True,True,True,1.29094,0.995553,,,True,True,True,True,True,True,
233431545_4,233431545,4,1871.22,9989.49,1,18.4086,1,False,True,21.2206,89.0546,-3.41694,flare_decay,True,False,True,True,True,True,0.556331,0.571965,,,True,True,True,True,True,True,
233431545_5,233431545,5,1890.7,861.393,24,7.11311,0,True,,,,,,,,,,,,,,,,,,,,,,
233431545_6,233431545,6,1891.91,16961.2,4,59.7273,1,True,True,58.6101,1132.68,670.026,flare_decay,True,True,True,True,True,True,1.05969,0.86872,,,True,True,True,True,,True,
233431545_7,233431545,7,1895.75,514.68,24,4.25006,0,True,,,,,,,,,,,,,,,,,,,,,,
233431545_8,233431545,8,1890.77,1194.39,16,8.43933,0,True,,,,,,,,,,,,,,,,,,,,,,
233431545_9,233431545,9,1872.7,1208.16,8,5.82352,0,True,,,,,,,,,,,,,,,,,,,,,,
233431545_10,233431545,10,1895.7,8174.81,4,28.7868,1,True,True,27.6157,435.095,151.882,flare_decay,True,True,True,True,True,True,0.807013,0.886086,,,True,True,True,True,,True,
233431545_11,233431545,11,1897.14,5404.09,24,44.6253,1,True,True,38.9695,374.297,14.4157,flare_decay,True,True,False,True,True,True,1.52571,1.50473,,,True,True,True,True,,True,
233431545_12,233431545,12,1880.89,6891.46,2,18.113,1,False,True,16.5314,45.9358,6.21672,flare_decay,True,True,True,True,True,True,0.984618,0.898152,,,True,False,True,True,,True,
233431545_13,233431545,13,1871.62,2427.07,2,6.37913,0,False,,,,,,,,,,,,,,,,,,,,,,
233431545_14,233431545,14,1890.56,858.397,16,6.06526,0,True,,,,,,,,,,,,,,,,,,,,,,
233431545_15,233431545,15,1878.27,3913.66,4,13.7816,1,True,True,14.7212,56.7855,-5.06476,flare_decay,True,True,True,True,True,True,0.652746,0.941079,,,True,True,True,True,,True,
233431545_16,233431545,16,1882.75,9337.83,4,32.8823,1,True,True,32.1518,177.446,-8.75619,flare_decay,False,True,True,True,True,True,0.374647,0.969159,,,True,True,True,True,,True,
233431545_17,233431545,17,1889.39,15170.9,2,39.8741,1,False,True,38.4363,168.518,-11.8878,flare_decay,False,True,True,True,True,True,0.487222,0.833758,,,True,False,True,True,,True,
233431545_18,233431545,18,1877.95,3460.9,8,16.6821,1,True,True,15.6015,50.3855,1.17262,flare_decay,True,True,True,True,True,True,1.27553,1.06967,,,True,True,True,True,,True,
233431545_19,233431545,19,1893.58,1062.55,8,5.12167,0,True,,,,,,,,,,,,,,,,,,,,,,
233568566_0,233568566,0,1871.32,8974.83,8,47.3488,1,True,True,46.0086,280.602,30.9943,flare_decay,True,False,True,True,True,True,0.546396,1.01508,,,True,True,True,True,,True,
233568566_1,233568566,1,1893.45,10769.7,1,24.1503,1,False,True,21.7352,17.5039,28.9036,flare_decay,True,True,True,True,True,True,1.12619,0.600208,,,True,False,True,True,,True,
233568566_2,233568566,2,1879.7,449.836,24,3.92496,0,True,,,,,,,,,,,,,,,,,,,,,,
233568566_3,233568566,3,1888.14,3754.36,8,19.807,1,True,True,20.9064,86.2683,7.81441,flare_decay,True,True,True,True,True,True,0.726119,1.01472,,,True,True,True,True,True,True,
233568566_4,233568566,4,1896.14,17312,2,52.0582,1,False,True,52.4515,234.487,80.6054,flare_decay,True,True,True,True,True,True,0.628365,0.854584,,,True,False,True,True,,True,
233568566_5,233568566,5,1892.26,2919.28,16,19.8643,1,True,True,21.0189,107.371,1.85708,flare_decay,True,True,True,True,True,True,1.03238,0.887179,,,True,True,True,True,True,True,
233568566_6,233568566,6,1887.61,848.052,16,5.77058,0,True,,,,,,,,,,,,,,,,,,,,,,
233568566_7,233568566,7,1879.95,3344.83,24,29.1846,1,True,True,25.1139,343.702,62.0036,flare_decay,True,True,True,True,True,True,1.12672,0.803664,,,True,True,True,True,,True,
233568566_8,233568566,8,1892.03,8632.02,16,58.7367,1,True,True,55.3336,864.523,47.556,flare_decay,True,True,True,True,True,True,1.19278,0.924174,,,True,True,True,True,,True,
233568566_9,233568566,9,1886.72,2487.55,24,21.7046,1,True,True,19.6208,100.213,5.55551,flare_decay,True,True,True,True,True,True,0.611054,1.09801,,,True,True,True,True,,True,
233568566_10,233568566,10,1878.01,410.577,24,3.58241,0,True,,,,,,,,,,,,,,,,,,,,,,
233568566_11,233568566,11,1880.61,1565.99,2,4.70902,0,False,,,,,,,,,,,,,,,,,,,,,,
233568566_12,233568566,12,1887.18,6614.12,2,19.889,1,False,True,20.1846,60.4105,22.3818,flare_decay,True,True,True,True,True,True,0.78532,1.02964,,,True,False,True,True,,True,
233568566_13,233568566,13,1888.78,1983.47,8,10.4643,1,True,True,11.2846,21.7298,-2.70427,flare_decay,True,True,True,True,True,True,0.808326,1.00568,,,True,True,True,True,,True,
233568566_14,233568566,14,1875.39,4157.5,4,17.0036,1,False,True,16.0005,49.1774,-8.04962,flare_decay,False,True,True,True,True,True,0.767996,0.916271,,,True,False,True,True,,True,
233568566_15,233568566,15,1886.7,1815.16,8,9.5763,1,True,True,8.75564,19.4257,-3.05784,step,True,True,True,True,True,True,1.27457,1.24029,,,True,True,True,True,,True,
233568566_16,233568566,16,1890.86,1335.92,24,11.6563,1,True,True,9.3304,46.7828,-9.17169,flare_decay,False,True,True,True,False,True,1.69931,1.38039,,,True,True,True,False,,True,
233568566_17,233568566,17,1874.09,6833.52,2,20.5488,1,False,True,19.0828,140.121,8.01094,flare_decay,True,True,True,True,True,True,1.07773,0.952537,,,True,False,True,True,,True,
233568566_18,233568566,18,1874.16,7204.48,1,16.1555,1,False,True,17.2585,23.8189,-1.41595,flare_decay,True,True,True,True,True,True,0.744808,0.660269,,,True,True,True,True,True,True,
233568566_19,233568566,19,1895.16,602.675,16,4.10091,0,True,,,,,,,,,,,,,,,,,,,,,,
233719467_0,233719467,0,1872.18,34526.7,2,55.2304,1,False,True,53.7522,331.043,74.0937,flare_decay,True,True,True,True,True,True,1.44242,0.944063,,,True,False,True,True,,True,
233719467_1,233719467,1,1889.53,4149.55,16,12.4237,1,True,True,11.7698,101.323,2.39301,flare_decay,True,True,True,True,True,True,1.17528,0.911172,,,True,True,True,True,,True,
233719467_2,233719467,2,1879.8,1274.25,24,4.29222,0,True,,,,,,,,,,,,,,,,,,,,,,
233719467_3,233719467,3,1883.09,10889.6,8,27.9315,1,True,True,28.087,385.232,46.7606,flare_decay,True,True,True,True,True,True,1.09485,0.807685,,,True,True,True,True,,True,
233719467_4,233719467,4,1878.09,12340.1,8,31.6522,1,True,True,33.78,147.683,22.5885,flare_decay,True,True,True,True,True,True,1.0311,0.887892,,,True,True,True,True,True,True,
233719467_5,233719467,5,1896.18,3363.22,4,7.09399,1,True,True,8.88242,12.339,-3.52255,flare_decay,True,True,True,True,True,True,0.755952,0.835589,0.360264,0.0871514,True,True,True,True,True,True,True
233719467_6,233719467,6,1896.7,42668.5,1,48.4603,1,False,True,41.6474,82.0072,155.221,flare_decay,True,True,True,True,True,True,0.74291,0.502591,,,True,False,True,True,,True,
233719467_7,233719467,7,1885.78,15384.6,8,39.4611,1,True,True,38.7359,175.258,22.8258,flare_decay,True,True,True,True,True,True,0.661364,0.935733,,,True,True,True,True,,True,
233719467_8,233719467,8,1888.28,5628.28,16,16.8509,1,True,True,16.6545,96.9589,3.00704,flare_decay,True,True,True,True,True,True,1.1595,0.936724,3.37942e-08,6.31619e-18,True,True,True,True,True,True,True
233719467_9,233719467,9,1892.7,3161.9,16,9.46667,1,True,True,11.4336,27.1912,-1.521,flare_decay,True,True,True,True,True,True,0.79508,0.82595,,,True,True,True,True,,True,
233719467_10,233719467,10,1892.7,1765.87,24,5.94822,0,True,,,,,,,,,,,,,,,,,,,,,,
233719467_11,233719467,11,1895.89,3188.87,24,10.7415,1,True,True,12.9444,62.072,14.8439,flare_decay,True,True,True,True,True,True,1.01267,0.728999,2.85218e-06,2.81816e-06,True,True,True,True,True,True,True
233719467_12,233719467,12,1873.78,30990.4,2,49.5735,1,False,True,47.8674,474.504,-31.0753,flare_decay,False,True,True,True,True,True,1.3394,0.87504,,,True,False,True,True,,True,
233719467_13,233719467,13,1893.3,5488.58,8,14.0781,1,True,True,13.7612,21.6665,-3.66276,flare_decay,True,True,True,True,True,True,1.12142,1.17812,,,True,True,True,True,True,True,
233719467_14,233719467,14,1895.3,12444.4,1,14.1336,1,False,True,13.6568,75.5144,11.9722,flare_decay,True,True,True,True,True,True,0.96671,0.406832,,,True,True,True,True,,True,
233719467_15,233719467,15,1879.32,2451.63,24,8.25813,0,True,,,,,,,,,,,,,,,,,,,,,,
233719467_16,233719467,16,1877.01,21298.4,8,54.6301,1,True,True,51.7842,788.537,12.4277,flare_decay,True,True,True,True,False,True,1.15561,0.901345,,,True,True,True,False,,True,
233719467_17,233719467,17,1872.78,9883.24,8,25.3503,1,True,True,23.2857,146.128,1.71901,flare_decay,True,True,True,True,True,True,1.01744,0.9644,,,True,True,True,True,,True,
233719467_18,233719467,18,1891.09,19300,1,21.9197,1,False,True,22.7331,85.1188,-0.552448,flare_decay,True,True,True,True,True,True,1.16832,0.602595,,,True,False,True,True,,True,
233719467_19,233719467,19,1872.89,1463.19,4,3.08629,0,True,,,,,,,,,,,,,,,,,,,,,,
230088867_0,230088867,0,1881.07,1828.35,16,8.20092,0,True,,,,,,,,,,,,,,,,,,,,,,
230088867_1,230088867,1,1886.8,4909.59,24,53.207,0,True,,,,,,,,,,,,,,,,,,,,,,
230088867_2,230088867,2,1889.03,8629.19,8,27.4607,1,True,True,31.083,502.491,121.232,flare_decay,True,True,True,True,True,True,1.3566,0.908045,,,True,True,True,True,,True,
230088867_3,230088867,3,1889.72,2178.63,24,23.6106,0,True,,,,,,,,,,,,,,,,,,,,,,
230088867_4,230088867,4,1894.8,4804.54,1,8.87205,0,False,,,,,,,,,,,,,,,,,,,,,,
230088867_5,230088867,5,1887.95,9888.88,1,18.2607,1,False,True,13.2977,-5.71296,103.019,flare_decay,False,True,True,True,True,True,0.935378,0.694368,,,False,False,True,True,,True,
230088867_6,230088867,6,1875.16,1188.5,16,5.33096,0,True,,,,,,,,,,,,,,,,,,,,,,
230088867_7,230088867,7,1880.84,3321.78,8,10.5709,0,True,,,,,,,,,,,,,,,,,,,,,,
230088867_8,230088867,8,1880.78,8406.51,16,37.7069,1,True,True,10.1903,60.591,5.87896,flare_decay,True,True,True,True,True,True,0.403034,0.856824,,,True,False,True,True,,True,
230088867_9,230088867,9,1883.66,4275.66,1,7.89542,0,False,,,,,,,,,,,,,,,,,,,,,,
230088867_10,230088867,10,1879.72,5852.45,1,10.8071,0,False,,,,,,,,,,,,,,,,,,,,,,
230088867_11,230088867,11,1894.01,3881.21,8,12.3512,0,True,,,,,,,,,,,,,,,,,,,,,,
230088867_12,230088867,12,1882.45,1987.77,1,3.67061,0,False,,,,,,,,,,,,,,,,,,,,,,
230088867_13,230088867,13,1880.14,1198.57,16,5.3761,0,True,,,,,,,,,,,,,,,,,,,,,,
230088867_14,230088867,14,1890.87,4799.29,8,15.2728,0,True,,,,,,,,,,,,,,,,,,,,,,
230088867_15,230088867,15,1888.74,30466,1,56.2584,1,False,True,37.5494,388.421,1535.54,flare_decay,True,True,True,True,True,True,5.07445,0.640046,,,True,True,True,True,,True,
230088867_16,230088867,16,1891.22,21809.3,1,40.2729,1,False,True,23.56,114.974,1479.81,flare_decay,True,True,True,True,True,True,0.822002,0.613793,,,True,False,True,True,,True,
230088867_17,230088867,17,1893.76,2936.51,8,9.34485,0,True,,,,,,,,,,,,,,,,,,,,,,
230088867_18,230088867,18,1873.95,24937.8,4,59.3867,1,True,True,59.7632,6103.62,-773.594,flare_decay,False,True,True,True,True,True,5.3051,0.912601,,,True,True,True,True,,True,
230088867_19,230088867,19,1886.05,1342.64,16,6.0223,0,True,,,,,,,,,,,,,,,,,,,,,,
230376925_0,230376925,0,1893.76,50000,8,4.18758,0,True,,,,,,,,,,,,,,,,,,,,,,
230376925_1,230376925,1,1871.41,50000,8,4.18758,0,True,,,,,,,,,,,,,,,,,,,,,,
230376925_2,230376925,2,1889.07,50000,1,8.41746,0,False,,,,,,,,,,,,,,,,,,,,,,
230376925_3,230376925,3,1878.8,38081.3,2,5.81422,0,False,,,,,,,,,,,,,,,,,,,,,,
230376925_4,230376925,4,1877.97,50000,24,6.62649,0,True,,,,,,,,,,,,,,,,,,,,,,
230376925_5,230376925,5,1885.93,50000,2,7.63396,0,False,,,,,,,,,,,,,,,,,,,,,,
230376925_6,230376925,6,1894.72,45318.4,24,6.00604,0,True,,,,,,,,,,,,,,,,,,,,,,
230376925_7,230376925,7,1878.13,19960.6,2,3.04757,0,False,,,,,,,,,,,,,,,,,,,,,,
230376925_8,230376925,8,1872.3,44293.3,2,6.76267,0,False,,,,,,,,,,,,,,,,,,,,,,
230376925_9,230376925,9,1896.84,50000,8,4.18758,1,True,True,33.6718,12534.3,6682.31,flare_decay,True,True,True,True,True,True,6.38136,0.92066,,,True,False,True,True,,True,
230376925_10,230376925,10,1871.47,22111.8,2,3.37601,0,False,,,,,,,,,,,,,,,,,,,,,,
230376925_11,230376925,11,1873.24,50000,1,8.41746,0,False,,,,,,,,,,,,,,,,,,,,,,
230376925_12,230376925,12,1892.97,28306.6,4,3.79517,0,False,,,,,,,,,,,,,,,,,,,,,,
230376925_13,230376925,13,1888.63,50000,24,6.62649,1,True,True,29.5223,5671.23,3703.54,flare_decay,True,True,True,True,True,True,2.88187,0.924171,,,True,False,True,True,,True,
230376925_14,230376925,14,1897.32,50000,2,7.63396,0,False,,,,,,,,,,,,,,,,,,,,,,
230376925_15,230376925,15,1894.3,50000,8,4.18758,0,True,,,,,,,,,,,,,,,,,,,,,,
230376925_16,230376925,16,1890.84,50000,16,4.5496,0,True,,,,,,,,,,,,,,,,,,,,,,
230376925_17,230376925,17,1870.66,40031.3,8,3.35269,0,True,,,,,,,,,,,,,,,,,,,,,,
230376925_18,230376925,18,1892.07,50000,1,8.41746,0,False,,,,,,,,,,,,,,,,,,,,,,
230376925_19,230376925,19,1873.14,50000,8,4.18758,0,True,,,,,,,,,,,,,,,,,,,,,,
230378540_0,230378540,0,1875.57,4465.05,24,22.6463,1,True,True,20.707,131.173,-11.7689,flare_decay,False,True,True,True,True,True,1.05348,0.834162,,,True,True,True,True,True,True,
230378540_1,230378540,1,1871.3,816.092,16,3.42635,0,True,,,,,,,,,,,,,,,,,,,,,,
230378540_2,230378540,2,1881.2,1189.97,4,3.50618,0,True,,,,,,,,,,,,,,,,,,,,,,
230378540_3,230378540,3,1878.22,2000.57,24,10.1467,1,True,True,10.3354,4.57728,-1.06434,step,False,True,True,True,True,True,1.06063,0.983746,,,False,True,True,True,,True,
230378540_4,230378540,4,1897.55,1530.73,16,6.42675,0,True,,,,,,,,,,,,,,,,,,,,,,
230378540_5,230378540,5,1873.22,1890.98,16,7.93925,0,True,,,,,,,,,,,,,,,,,,,,,,
230378540_6,230378540,6,1875.24,811.9,24,4.11787,0,True,,,,,,,,,,,,,,,,,,,,,,
230378540_7,230378540,7,1871.47,1229.82,4,3.62359,0,True,,,,,,,,,,,,,,,,,,,,,,
230378540_8,230378540,8,1875.53,3337.85,1,5.1673,0,False,,,,,,,,,,,,,,,,,,,,,,
230378540_9,230378540,9,1876.51,5151.16,24,26.1261,1,True,True,22.0939,172.157,-5.05681,flare_decay,True,True,True,True,True,True,1.54866,0.983413,,,True,True,True,True,,True,
230378540_10,230378540,10,1897.3,2504.61,16,10.5155,1,True,True,11.3953,3.48448,-1.02165,step,False,True,True,True,True,True,0.716507,0.830628,,,False,True,True,True,,True,
230378540_11,230378540,11,1890.59,7076.08,16,29.7088,1,True,True,29.3257,272.891,9.32146,flare_decay,True,True,True,True,True,True,0.825542,0.902032,,,True,True,True,True,True,True,
230378540_12,230378540,12,1872.32,8604.94,16,36.1277,1,True,True,40.5299,358.446,26.6489,flare_decay,True,True,True,True,True,True,0.864551,0.814886,,,True,True,True,True,True,True,
230378540_13,230378540,13,1872.66,1725.28,2,3.65062,0,False,,,,,,,,,,,,,,,,,,,,,,
230378540_14,230378540,14,1882.47,2197.55,16,9.22635,1,True,True,9.4988,12.7543,8.23896,step,True,True,True,True,True,True,1.33114,1.18851,,,True,True,True,True,True,True,
230378540_15,230378540,15,1886.66,6270.21,1,9.70687,0,False,,,,,,,,,,,,,,,,,,,,,,
230378540_16,230378540,16,1892.93,18312.1,1,28.3489,1,False,True,28.8896,108.471,-1.64275,flare_decay,True,True,True,True,True,True,1.5613,0.707949,,,True,False,True,True,,True,
230378540_17,230378540,17,1875.43,4739.23,2,10.028,1,False,True,10.2037,12.4827,0.527524,flare_decay,True,True,True,True,True,True,1.04494,0.68209,,,True,False,True,True,,True,
230378540_18,230378540,18,1880.13,10892.1,1,16.8619,1,False,True,18.517,19.4414,-0.876813,flare_decay,True,True,True,True,True,True,1.14824,0.783267,,,True,False,True,True,,True,
230378540_19,230378540,19,1880.8,6064.29,2,12.8318,1,False,True,12.863,42.2649,15.1515,flare_decay,True,True,True,True,True,True,0.685487,0.714132,,,True,False,True,True,,True,
232540775_0,232540775,0,1895.89,6615.92,1,5.73744,0,False,,,,,,,,,,,,,,,,,,,,,,
232540775_1,232540775,1,1892.49,4517.35,16,15.7037,1,True,True,13.3762,21.3679,-3.79464,flare_decay,True,True,True,True,True,True,1.07479,0.89385,,,True,True,True,True,True,True,
232540775_2,232540775,2,1894.6,6375.46,2,7.51911,0,False,,,,,,,,,,,,,,,,,,,,,,
232540775_3,232540775,3,1895.35,12345.3,16,42.9162,1,True,True,41.8114,461.573,34.9716,flare_decay,True,True,True,True,True,True,0.923549,0.95056,,,True,True,True,True,,True,
232540775_4,232540775,4,1879.66,4009.18,8,10.137,1,True,True,11.1373,26.7743,-6.32408,step,False,True,True,True,True,True,1.07134,0.797648,0.0270175,0,True,True,True,True,,True,True
232540775_5,232540775,5,1886.66,1779.01,24,7.48728,1,True,True,12.7966,10.4341,-4.65854,flare_decay,True,True,True,True,True,True,0.715966,1.04795,0.00666612,0,True,True,True,True,,True,True
232540775_6,232540775,6,1872.66,18819.3,4,32.7183,1,True,True,30.9412,244.037,-14.9096,flare_decay,False,True,True,True,True,True,1.72639,0.916388,,,True,True,True,True,,True,
232540775_7,232540775,7,1887.53,15021.4,2,17.716,1,False,True,13.4119,28.9944,-3.31263,flare_decay,True,False,True,True,True,True,2.1962,0.710623,0.999902,0,True,True,True,True,,True,False
232540775_8,232540775,8,1885.6,5205.44,8,13.1616,1,True,True,10.6741,10.7642,-3.21543,flare_decay,True,True,True,True,True,True,0.660645,0.800279,,,True,True,True,True,,True,
232540775_9,232540775,9,1879.97,20452.4,2,24.1212,1,False,True,23.9451,230.155,-9.6597,flare_decay,False,True,True,True,True,True,1.47866,0.878228,,,True,False,True,True,,True,
232540775_10,232540775,10,1896.78,947.436,24,3.98746,0,True,,,,,,,,,,,,,,,,,,,,,,
232540775_11,232540775,11,1873.51,2168.29,24,9.12564,0,True,,,,,,,,,,,,,,,,,,,,,,
232540775_12,232540775,12,1887.74,5578.74,24,23.4791,1,True,True,19.844,111.456,-7.42284,flare_decay,False,True,True,True,True,True,0.70502,0.939352,,,True,True,True,True,True,True,
232540775_13,232540775,13,1890.93,9474.24,24,39.874,1,True,True,39.3945,302.537,17.3568,flare_decay,True,True,False,True,True,True,0.755172,0.954975,,,True,True,True,True,,True,
232540775_14,232540775,14,1872.39,27140.9,2,32.0096,1,False,True,31.2655,92.1012,13.753,flare_decay,True,True,True,True,True,True,1.29346,0.951372,,,True,False,True,True,,True,
232540775_15,232540775,15,1880.82,2755.97,2,3.25034,0,False,,,,,,,,,,,,,,,,,,,,,,
232540775_16,232540775,16,1874.74,2757.96,2,3.25269,0,False,,,,,,,,,,,,,,,,,,,,,,
232540775_17,232540775,17,1872.78,5106.94,16,17.7533,1,True,True,15.2819,66.7078,-2.7273,flare_decay,True,True,True,True,True,True,0.812625,0.807228,,,True,True,True,True,,True,
232540775_18,232540775,18,1890.47,2188.58,16,7.6082,1,True,True,10.1299,16.7711,-2.02339,flare_decay,True,True,True,True,True,True,0.398788,0.655511,0.00538848,0,True,True,True,True,,True,True
232540775_19,232540775,19,1887.6,50000,1,43.3608,1,False,True,49.1957,648.084,-1.46952,flare_decay,True,False,True,True,True,True,2.10346,0.656525,,,True,False,True,True,,True,
241259503_0,241259503,0,1894.64,1028.28,24,7.10833,0,True,,,,,,,,,,,,,,,,,,,,,,
241259503_1,241259503,1,1896.1,1537.94,8,5.91337,0,True,,,,,,,,,,,,,,,,,,,,,,
241259503_2,241259503,2,1882.29,816.645,16,4.36475,0,True,,,,,,,,,,,,,,,,,,,,,,
241259503_3,241259503,3,1882.93,3448.13,1,3.92907,0,False,,,,,,,,,,,,,,,,,,,,,,
241259503_4,241259503,4,1882.64,48393.8,1,55.1438,1,False,True,38.9601,195.612,446.477,flare_decay,True,True,True,True,True,True,0.844285,0.574069,,,True,True,True,True,True,True,
241259503_5,241259503,5,1877.77,2373.58,24,16.4082,1,True,True,13.2846,1.94883,-7.3404,flare_decay,False,True,False,True,True,False,0.180422,0.469599,,,False,True,True,False,,True,
241259503_6,241259503,6,1883.93,2103.51,16,11.2427,0,True,,,,,,,,,,,,,,,,,,,,,,
241259503_7,241259503,7,1892.77,542.435,24,3.74978,0,True,,,,,,,,,,,,,,,,,,,,,,
241259503_8,241259503,8,1890.66,25556.9,1,29.1215,1,False,True,23.1257,125.879,103.059,flare_decay,True,True,True,True,True,True,0.98787,0.524881,,,True,True,True,True,,True,
241259503_9,241259503,9,1878.25,21267.5,4,48.0335,1,True,True,50.3467,259.966,-5.34407,flare_decay,True,True,True,True,True,True,1.14244,0.870481,,,True,True,True,True,True,True,
241259503_10,241259503,10,1892.22,6433.13,2,10.1657,1,False,True,10.3246,29.451,3.87494,flare_decay,True,True,True,True,True,True,0.694343,0.920065,,,True,False,True,True,,True,
241259503_11,241259503,11,1876.89,6819.49,2,10.7763,1,False,True,9.04109,12.0303,-2.00462,flare_decay,True,False,False,True,True,True,0.594298,0.740434,,,True,False,False,True,,True,
241259503_12,241259503,12,1873.81,38594.1,1,43.9771,1,False,True,39.2733,68.0538,76.6205,flare_decay,True,True,True,True,True,True,1.52262,0.533264,,,True,True,True,True,,True,
241259503_13,241259503,13,1897.08,4293.29,16,22.9465,1,True,True,21.8554,69.6752,-0.0338139,flare_decay,True,True,True,True,True,True,1.24788,1.60176,1.16514e-07,0,True,True,True,True,,True,True
241259503_14,241259503,14,1894.31,2359.29,4,5.32855,0,True,,,,,,,,,,,,,,,,,,,,,,
241259503_15,241259503,15,1892.77,32873.9,1,37.4591,1,False,True,42.2372,591.38,-2.49613,flare_decay,True,True,True,True,True,True,1.05756,0.690331,,,True,False,True,True,,True,
241259503_16,241259503,16,1895.27,12761.4,8,49.0677,1,True,True,47.3958,422.124,22.1322,flare_decay,True,True,True,True,True,True,0.638575,0.866257,,,True,True,True,True,,True,
241259503_17,241259503,17,1892.93,1299.67,24,8.98445,0,True,,,,,,,,,,,,,,,,,,,,,,
241259503_18,241259503,18,1880.54,582.629,24,4.02764,0,True,,,,,,,,,,,,,,,,,,,,,,
241259503_19,241259503,19,1871.39,4620.88,1,5.2654,0,False,,,,,,,,,,,,,,,,,,,,,,
256324054_0,256324054,0,1886.68,740.628,8,3.92731,0,True,,,,,,,,,,,,,,,,,,,,,,
256324054_1,256324054,1,1882.91,703.13,24,6.6595,0,True,,,,,,,,,,,,,,,,,,,,,,
256324054_2,256324054,2,1873.32,2546.78,1,5.56003,0,False,,,,,,,,,,,,,,,,,,,,,,
256324054_3,256324054,3,1878.78,7065.82,1,15.4259,1,False,True,9.39809,13.2147,34.5641,flare_decay,True,True,True,True,True,True,0.892342,0.605673,,,True,True,True,True,,True,
256324054_4,256324054,4,1877.82,1629.85,2,4.86929,0,False,,,,,,,,,,,,,,,,,,,,,,
256324054_5,256324054,5,1871.47,2924.54,24,27.699,1,True,True,21.457,77.807,8.7113,step,True,False,True,True,True,True,0.909801,1.30654,,,True,True,True,True,,True,
256324054_6,256324054,6,1877.45,4922.82,4,19.6012,1,True,True,18.4661,108.154,-16.8404,flare_decay,False,True,True,True,True,True,1.34036,0.873654,0.0271983,0,True,True,True,True,,True,True
256324054_7,256324054,7,1892.3,1333.7,8,7.07218,0,True,,,,,,,,,,,,,,,,,,,,,,
256324054_8,256324054,8,1896.55,6426.77,8,34.0791,1,True,True,32.0952,376.321,5.78952,flare_decay,True,True,True,True,True,True,0.678767,0.92089,,,True,True,True,True,,True,
256324054_9,256324054,9,1879.99,10876.7,8,57.6757,1,True,True,56.0062,1280.82,130.257,flare_decay,True,True,True,True,True,True,1.48745,0.919699,,,True,True,True,True,True,True,
256324054_10,256324054,10,1885.55,1915.36,4,7.62639,0,True,,,,,,,,,,,,,,,,,,,,,,
256324054_11,256324054,11,1871.61,1436.64,2,4.29205,0,False,,,,,,,,,,,,,,,,,,,,,,
256324054_12,256324054,12,1896.38,7560.42,16,53.0772,1,True,True,47.2098,1305.21,114.279,flare_decay,True,True,True,True,True,True,1.00436,0.906453,,,True,True,True,True,,True,
256324054_13,256324054,13,1881.51,2870.2,8,15.2197,1,True,True,14.5984,74.1791,2.49686,flare_decay,True,True,True,True,True,True,1.01927,0.892533,,,True,True,True,True,,True,
256324054_14,256324054,14,1877.88,1240.31,2,3.70552,0,False,,,,,,,,,,,,,,,,,,,,,,
256324054_15,256324054,15,1888.28,1972.97,4,7.85579,1,True,True,8.8884,17.2236,-11.2862,step,False,True,True,True,True,True,1.38085,1.01615,0.0843348,0,True,True,True,True,True,True,True
256324054_16,256324054,16,1881.72,2649.68,4,10.5503,1,True,True,11.6426,40.0697,-6.10966,flare_decay,False,True,True,True,True,True,1.20504,0.77719,0.0878741,0,True,True,True,True,,True,True
256324054_17,256324054,17,1878.16,4088.4,24,38.7221,1,True,True,34.2278,502.117,91.5946,flare_decay,True,True,True,True,True,True,1.02862,0.949461,,,True,True,True,True,,True,
256324054_18,256324054,18,1871.34,2775.02,24,26.2829,1,True,True,16.1792,26.02,-4.28596,step,True,False,True,True,True,True,1.1642,0.9678,,,True,True,True,True,,True,
256324054_19,256324054,19,1880.53,1030.24,24,9.75766,0,True,,,,,,,,,,,,,,,,,,,,,,
258392219_0,258392219,0,1891.68,4986.98,24,43.2425,1,True,True,38.2301,217.913,22.3788,flare_decay,True,True,True,True,True,True,0.766725,0.930987,,,True,True,True,True,True,True,
258392219_1,258392219,1,1876.8,7558.6,16,36.0893,1,True,True,35.6965,435.74,58.4453,flare_decay,True,True,True,True,True,True,1.03889,0.846364,,,True,True,True,True,,True,
258392219_2,258392219,2,1872.7,10152.4,1,14.5273,1,False,True,13.224,10.9713,4.73112,flare_decay,True,True,True,True,True,True,0.847132,0.432096,,,True,True,True,True,,True,
258392219_3,258392219,3,1895.01,5952.91,1,8.51815,0,False,,,,,,,,,,,,,,,,,,,,,,
258392219_4,258392219,4,1896.53,6066.24,2,11.1737,1,False,True,12.8219,7.47301,-4.14978,flare_decay,False,True,True,True,True,True,0.660852,0.775734,,,False,False,True,True,,True,
258392219_5,258392219,5,1877.34,3272.12,8,10.0597,1,True,True,9.35899,4.9266,-2.95317,flare_decay,False,True,True,True,True,True,1.15007,1.14882,,,False,True,True,True,,True,
258392219_6,258392219,6,1877.22,2574.42,24,22.323,1,True,True,16.46,62.0517,0.680354,step,True,True,True,True,False,True,1.24614,1.39612,,,True,True,True,False,,True,
258392219_7,258392219,7,1882.95,1317.58,4,3.18247,0,False,,,,,,,,,,,,,,,,,,,,,,
258392219_8,258392219,8,1871.51,13282.2,8,40.8344,1,True,True,38.8477,639.815,51.8662,flare_decay,True,True,True,True,True,True,0.910975,0.844094,,,True,True,True,True,,True,
258392219_9,258392219,9,1891.38,9160.14,8,28.1617,1,True,True,30.0322,213.004,31.6324,flare_decay,True,True,True,True,True,True,0.969907,0.957162,,,True,True,True,True,,True,
258392219_10,258392219,10,1886.26,670.607,16,3.20188,0,True,,,,,,,,,,,,,,,,,,,,,,
258392219_11,258392219,11,1886.34,30905.1,1,44.2228,1,False,True,44.4829,471.458,24.4428,flare_decay,True,True,True,True,True,True,1.30961,0.651185,,,True,False,True,True,,True,
258392219_12,258392219,12,1885.68,4075.14,2,7.50617,0,False,,,,,,,,,,,,,,,,,,,,,,
258392219_13,258392219,13,1876.49,16757.4,4,40.4755,1,False,True,41.7204,267.652,217.464,flare_decay,True,True,True,True,True,True,0.697509,0.941415,,,True,False,True,True,,True,
258392219_14,258392219,14,1880.74,29759.4,1,42.5834,1,False,True,30.1154,6.78234,724.634,flare_decay,False,True,True,True,True,True,1.29905,0.591294,,,False,True,True,True,,True,
258392219_15,258392219,15,1874.89,11004.4,2,20.2694,1,False,True,19.5356,108.04,12.5334,flare_decay,True,True,True,True,True,True,1.08216,0.84853,,,True,False,True,True,,True,
258392219_16,258392219,16,1876.64,395.558,24,3.42991,0,True,,,,,,,,,,,,,,,,,,,,,,
258392219_17,258392219,17,1882.99,838.548,24,7.27112,0,True,,,,,,,,,,,,,,,,,,,,,,
258392219_18,258392219,18,1879.93,7218.65,4,17.4358,1,False,True,15.6608,35.708,-12.7606,flare_decay,False,True,True,True,True,True,1.03585,0.900148,,,True,False,True,True,,True,
258392219_19,258392219,19,1880.78,3893.85,24,33.7639,1,True,True,25.4512,191.28,4.65135,flare_decay,True,True,True,True,True,True,0.859772,0.856695,,,True,True,True,True,,True,
258827811_0,258827811,0,1889.03,21083.2,4,51.4398,1,True,True,48.4426,253.571,148.608,flare_decay,True,True,True,True,True,True,1.09792,0.950589,,,True,True,True,True,,True,
258827811_1,258827811,1,1896.51,21494.1,4,52.4422,1,True,True,48.9808,885.065,614.756,flare_decay,True,True,True,True,True,True,1.05989,0.902265,,,True,True,True,True,True,True,
258827811_2,258827811,2,1893.61,9199.96,4,22.4465,1,True,True,22.5542,79.9561,17.3932,flare_decay,True,True,True,True,True,True,2.02849,1.06297,,,True,True,True,True,,True,
258827811_3,258827811,3,1874.24,15990.6,2,26.7288,1,False,True,25.6024,165.046,-16.5948,flare_decay,False,True,True,True,True,True,1.58274,0.862267,,,True,False,True,True,,True,
258827811_4,258827811,4,1877.09,1410.73,24,10.2195,0,True,,,,,,,,,,,,,,,,,,,,,,
258827811_5,258827811,5,1878.24,12338.9,2,20.625,1,False,True,18.8175,59.1585,-5.12627,flare_decay,True,True,True,True,True,True,0.786693,0.910664,,,True,False,True,True,,True,
258827811_6,258827811,6,1892.34,3332.22,8,11.0694,1,True,True,9.50353,15.7559,-1.01927,flare_decay,True,False,True,True,True,True,0.784945,0.79551,,,True,True,True,True,,True,
258827811_7,258827811,7,1896.91,9818.4,8,32.6162,1,True,True,31.892,196.817,-4.75192,flare_decay,True,True,True,True,True,True,0.773454,0.9666,,,True,True,True,True,True,True,
258827811_8,258827811,8,1879.47,12069.4,4,29.4476,1,True,True,29.351,128.475,-19.0272,flare_decay,False,True,True,True,True,True,0.579783,0.874768,,,True,True,True,True,,True,
258827811_9,258827811,9,1889.47,3574.57,2,5.97502,0,False,,,,,,,,,,,,,,,,,,,,,,
258827811_10,258827811,10,1880.34,2068.45,8,6.87127,0,True,,,,,,,,,,,,,,,,,,,,,,
258827811_11,258827811,11,1883.78,2568.73,1,3.12424,0,False,,,,,,,,,,,,,,,,,,,,,,
258827811_12,258827811,12,1881.78,9310.22,2,15.5624,1,False,True,16.2498,31.9538,0.585485,flare_decay,True,True,True,True,True,True,0.733077,0.859116,,,True,False,True,True,,True,
258827811_13,258827811,13,1874.97,632.225,16,3.40461,0,True,,,,,,,,,,,,,,,,,,,,,,
258827811_14,258827811,14,1892.16,2774.8,16,14.9427,1,True,True,11.6289,20.9775,0.447868,flare_decay,True,False,True,True,False,True,0.60689,0.713779,,,True,True,True,False,,True,
258827811_15,258827811,15,1887.47,4380.94,1,5.32836,0,False,,,,,,,,,,,,,,,,,,,,,,
258827811_16,258827811,16,1872.99,22375.7,4,54.5933,1,True,True,52.1866,377.798,-66.3418,flare_decay,False,True,True,True,True,True,0.906418,0.91788,1,1.16684e-90,True,True,True,True,True,True,False
258827811_17,258827811,17,1896.68,3502.6,24,25.3732,1,True,True,23.4902,62.7079,-0.560072,flare_decay,True,True,True,True,True,True,0.431682,0.942867,,,True,True,True,True,True,True,
258827811_18,258827811,18,1880.03,11078.7,1,13.4745,1,False,True,9.74304,17.9645,28.8427,flare_decay,True,True,True,True,True,True,1.40214,0.544334,1,0.670685,True,True,True,True,,True,False
258827811_19,258827811,19,1890.61,11103.9,4,27.0917,1,True,True,26.6135,207.099,67.3632,flare_decay,True,True,True,True,True,True,0.555614,0.833319,,,True,True,True,True,,True,
233721162_0,233721162,0,1886.86,2884.72,1,3.8154,0,False,,,,,,,,,,,,,,,,,,,,,,
233721162_1,233721162,1,1880.32,16430.9,1,21.7319,1,False,True,21.4106,121.271,13.8666,flare_decay,True,True,True,True,True,True,0.589705,0.582413,,,True,False,True,True,,True,
233721162_2,233721162,2,1894.59,987.313,24,3.53301,0,True,,,,,,,,,,,,,,,,,,,,,,
233721162_3,233721162,3,1892.43,10412.7,16,30.755,1,True,True,27.6028,717.673,35.1029,flare_decay,True,True,True,True,True,True,1.35065,0.982197,,,True,True,True,True,,True,
233721162_4,233721162,4,1887.14,4434.39,4,9.62043,1,True,True,11.3902,56.5414,0.138104,flare_decay,True,True,True,True,True,True,1.51553,1.26601,,,True,True,True,True,,True,
233721162_5,233721162,5,1897.7,4031.86,4,8.74714,0,True,,,,,,,,,,,,,,,,,,,,,,
233721162_6,233721162,6,1890.95,15651.8,16,46.2294,1,True,True,40.6195,1057.37,99.6991,flare_decay,True,True,True,True,True,True,1.52841,1.02482,,,True,True,True,True,,True,
233721162_7,233721162,7,1871.41,1033.65,24,3.69883,0,True,,,,,,,,,,,,,,,,,,,,,,
233721162_8,233721162,8,1880.91,15437.6,16,45.5966,1,True,True,41.4623,1345.5,125.677,flare_decay,True,True,True,True,True,True,1.46079,0.886607,,,True,True,True,True,,True,
233721162_9,233721162,9,1889.05,2599.55,8,5.90117,0,True,,,,,,,,,,,,,,,,,,,,,,
233721162_10,233721162,10,1875.7,2059.34,2,3.60635,0,False,,,,,,,,,,,,,,,,,,,,,,
233721162_11,233721162,11,1886.49,1013.59,24,3.62703,0,True,,,,,,,,,,,,,,,,,,,,,,
233721162_12,233721162,12,1878.18,21862.5,1,28.9158,1,False,True,27.0658,35.4121,21.8709,flare_decay,True,True,True,True,True,True,0.555068,0.556942,,,True,True,True,True,True,True,
233721162_13,233721162,13,1888.03,6281.72,8,14.26,1,True,True,14.7525,68.5722,22.8968,flare_decay,True,True,True,True,True,True,0.849924,0.901415,,,True,True,True,True,,True,
233721162_14,233721162,14,1874.66,18385.7,16,54.3043,1,True,True,50.527,1478.37,127.351,flare_decay,True,True,True,True,True,True,1.70438,0.859029,,,True,True,True,True,True,True,
233721162_15,233721162,15,1889.11,15254.6,8,34.6291,1,True,True,36.2952,294.023,32.487,flare_decay,True,True,True,True,True,True,1.64344,0.991614,,,True,True,True,True,True,True,
233721162_16,233721162,16,1894.99,6241.38,16,18.4346,1,True,True,15.9997,172.627,5.30244,flare_decay,True,True,True,True,True,True,1.02171,1.15082,,,True,True,True,True,,True,
233721162_17,233721162,17,1888.78,2741.64,1,3.62616,0,False,,,,,,,,,,,,,,,,,,,,,,
233721162_18,233721162,18,1891.3,11351.2,16,33.5271,1,True,True,28.5233,423.8,43.2378,flare_decay,True,True,True,True,True,True,1.76238,1.01609,,,True,True,True,True,,True,
233721162_19,233721162,19,1881.05,7397.93,4,16.0498,1,True,True,15.2253,70.232,19.2938,flare_decay,True,True,True,True,True,True,1.7238,0.831946,,,True,True,True,True,,True,
235682498_0,235682498,0,1876.57,4206.67,4,17.291,1,True,True,16.6306,71.4604,16.9118,flare_decay,True,True,True,True,True,True,0.926301,1.11431,,,True,True,True,True,,True,
235682498_1,235682498,1,1886.78,748.451,8,4.3687,0,True,,,,,,,,,,,,,,,,,,,,,,
235682498_2,235682498,2,1875.45,3167.19,1,7.1891,0,False,,,,,,,,,,,,,,,,,,,,,,
235682498_3,235682498,3,1891.78,7068.4,16,55.1692,1,True,True,52.605,612.633,14.1545,flare_decay,True,True,True,True,True,True,0.958701,0.938017,,,True,True,True,True,True,True,
235682498_4,235682498,4,1879.53,2718.6,24,31.8895,1,True,True,27.2878,126.126,-8.14956,flare_decay,False,True,True,True,True,True,0.780339,0.786241,,,True,True,True,True,True,True,
235682498_5,235682498,5,1881.66,2554.84,24,29.9686,1,True,True,27.0747,133.771,25.2685,flare_decay,True,True,True,True,True,True,0.344186,0.511216,,,True,True,True,True,,True,
235682498_6,235682498,6,1888.74,2974.95,8,17.3647,1,True,True,16.2864,30.5027,-0.876129,flare_decay,True,True,True,True,True,True,0.446647,0.735819,,,True,True,True,True,True,True,
235682498_7,235682498,7,1886.26,1125.37,2,3.47254,0,False,,,,,,,,,,,,,,,,,,,,,,
235682498_8,235682498,8,1890.49,2223.22,2,6.86015,0,False,,,,,,,,,,,,,,,,,,,,,,
235682498_9,235682498,9,1881.41,1794.5,2,5.53725,0,False,,,,,,,,,,,,,,,,,,,,,,
235682498_10,235682498,10,1882.7,13542.2,4,55.6635,1,True,True,56.189,628.474,403.38,flare_decay,True,True,True,True,True,True,0.627843,0.842154,,,True,True,True,True,,True,
235682498_11,235682498,11,1889.43,504.903,24,5.92259,0,True,,,,,,,,,,,,,,,,,,,,,,
235682498_12,235682498,12,1874.82,498.394,16,3.88999,0,True,,,,,,,,,,,,,,,,,,,,,,
235682498_13,235682498,13,1877.62,22909.1,1,52.0007,1,False,True,56.0047,297.563,-3.86959,flare_decay,True,True,True,True,True,True,1.53623,0.643661,,,True,False,True,True,,True,
235682498_14,235682498,14,1880.93,9873.51,2,30.4665,1,False,True,28.9898,130.59,-11.9636,flare_decay,False,True,True,True,True,True,0.742742,0.865719,,,True,False,True,True,,True,
235682498_15,235682498,15,1891.64,1957.96,8,11.4286,1,True,True,14.1157,18.6997,-1.84573,flare_decay,True,True,True,True,True,True,0.693183,0.881192,0.378123,0.349813,True,True,True,True,True,True,False
235682498_16,235682498,16,1887.09,2024.23,16,15.7992,1,True,True,20.279,25.3039,18.6563,flare_decay,True,True,True,True,True,True,1.10749,1.31935,,,True,True,True,True,,True,
235682498_17,235682498,17,1894.2,6749.49,16,52.6801,1,True,True,48.7053,550.802,77.587,flare_decay,True,True,True,True,True,True,0.884926,0.815914,6.32827e-15,2.36885e-52,True,True,True,True,,True,True
235682498_18,235682498,18,1880.28,5777.01,16,45.0898,1,True,True,44.7676,572.961,57.3952,flare_decay,True,True,True,True,True,True,1.10954,0.909611,,,True,True,True,True,,True,
235682498_19,235682498,19,1889.82,559.158,16,4.36425,0,True,,,,,,,,,,,,,,,,,,,,,,
237252491_0,237252491,0,1895.26,11281.4,2,16.659,1,False,True,18.1852,23.6662,-3.74191,flare_decay,True,True,True,True,True,True,3.28697,0.936869,,,True,False,True,True,,True,
237252491_1,237252491,1,1872.24,19286.7,4,41.1867,1,False,True,40.4054,134.692,86.9029,flare_decay,True,True,True,True,True,True,0.804344,0.957516,,,True,False,True,True,,True,
237252491_2,237252491,2,1889.34,36893.5,1,36.2372,1,False,True,40.3253,99.7914,-3.855,flare_decay,True,True,True,True,True,True,0.740038,0.52666,,,True,False,True,True,,True,
237252491_3,237252491,3,1877.62,2803.07,2,4.13923,0,False,,,,,,,,,,,,,,,,,,,,,,
237252491_4,237252491,4,1881.57,9852.51,16,38.8403,1,True,True,34.9389,94.7914,23.6955,flare_decay,True,True,True,True,True,True,0.681211,0.934448,,,True,True,True,True,,True,
237252491_5,237252491,5,1895.11,6530.3,2,9.64317,1,False,True,9.26473,4.35619,-3.04687,flare_decay,False,True,True,True,True,True,0.793267,0.891279,,,False,False,True,True,,True,
237252491_6,237252491,6,1883.24,15328.2,1,15.0555,1,False,True,10.4964,-0.757475,27.8254,flare_decay,False,True,True,True,True,True,1.05051,0.627061,,,False,True,True,True,,True,
237252491_7,237252491,7,1883.45,9245.3,24,46.7126,1,True,True,42.3611,52.1249,8.24435,flare_decay,True,False,False,True,False,True,0.439479,0.792913,,,True,True,False,False,,True,
237252491_8,237252491,8,1883.87,6177.81,16,24.354,1,True,True,16.4166,-7.1845,-3.4233,step,False,False,False,True,True,False,,,,,False,True,False,False,,True,
237252491_9,237252491,9,1897.55,10209.7,24,51.5852,1,True,True,32.0169,3.2717,7.31475,step,False,False,False,True,True,False,,,,,False,True,False,False,,True,
237252491_10,237252491,10,1890.49,2003.01,24,10.1203,0,True,,,,,,,,,,,,,,,,,,,,,,
237252491_11,237252491,11,1872.78,3789.49,1,3.72207,0,False,,,,,,,,,,,,,,,,,,,,,,
237252491_12,237252491,12,1892.89,32552.2,1,31.973,1,False,True,36.1962,309.882,4.03693,flare_decay,True,True,True,True,True,True,1.04545,0.505465,,,True,True,True,True,,True,
237252491_13,237252491,13,1883.05,3293.87,16,12.985,1,True,True,17.1789,9.51829,-5.49863,flare_decay,False,True,True,True,True,True,0.648409,1.08884,,,False,True,True,True,,True,
237252491_14,237252491,14,1872.16,3078.06,4,6.5732,0,False,,,,,,,,,,,,,,,,,,,,,,
237252491_15,237252491,15,1882.91,50000,1,49.1105,1,False,True,49.3646,116.333,14.1922,flare_decay,True,True,True,True,True,True,0.989888,0.497004,,,True,False,True,True,,True,
237252491_16,237252491,16,1897.41,3755.69,16,14.8056,1,True,True,11.5185,-2.57633,0.337726,step,False,False,False,True,True,False,,,,,False,True,False,False,,True,
237252491_17,237252491,17,1876.05,2222.39,24,11.2288,0,True,,,,,,,,,,,,,,,,,,,,,,
237252491_18,237252491,18,1876.01,12719.5,1,12.4932,1,False,True,8.58096,-0.741815,19.1847,flare_decay,False,True,True,True,True,True,0.799381,0.619646,,,False,True,True,True,,True,
237252491_19,237252491,19,1877.01,1661.71,4,3.54859,0,False,,,,,,,,,,,,,,,,,,,,,,
239198554_0,239198554,0,1879.93,6443.11,4,9.8896,1,True,True,10.2863,43.8259,-1.3493,flare_decay,True,True,True,True,True,True,1.77781,0.938962,0.0127641,0,True,True,True,True,,True,True
239198554_1,239198554,1,1896.31,40084.8,1,38.9996,1,False,True,31.5565,54.8413,279.507,flare_decay,True,True,True,True,True,True,1.63631,0.430417,,,True,True,True,True,,True,
239198554_2,239198554,2,1896.87,35381.2,2,43.0103,1,False,True,42.7195,464.286,-40.323,flare_decay,False,True,True,True,True,True,0.773569,0.91981,,,True,False,True,True,,True,
239198554_3,239198554,3,1873.83,6828.89,8,13.4513,0,True,,,,,,,,,,,,,,,,,,,,,,
239198554_4,239198554,4,1878.04,3449.19,16,19.8275,0,True,,,,,,,,,,,,,,,,,,,,,,
239198554_5,239198554,5,1893.06,7014.81,8,13.8176,0,True,,,,,,,,,,,,,,,,,,,,,,
239198554_6,239198554,6,1890.58,2235.08,16,12.8483,0,True,,,,,,,,,,,,,,,,,,,,,,
239198554_7,239198554,7,1883.58,3132.58,2,3.80805,0,False,,,,,,,,,,,,,,,,,,,,,,
239198554_8,239198554,8,1879.66,16350.1,8,32.2058,0,True,,,,,,,,,,,,,,,,,,,,,,
239198554_9,239198554,9,1882.79,11157.2,4,17.1253,1,True,True,15.4698,88.8829,59.6798,flare_decay,True,True,True,True,True,True,3.05617,1.08021,,,True,True,True,True,,True,
239198554_10,239198554,10,1891.54,20046.2,1,19.5035,1,False,True,17.2148,17.7698,12.9318,flare_decay,True,True,True,True,True,True,1.47401,0.652148,,,True,True,True,True,,True,
239198554_11,239198554,11,1887.2,7406.25,2,9.00322,1,False,True,10.7208,54.0974,18.8129,flare_decay,True,True,True,True,True,True,1.45488,0.932094,0.837382,0,True,True,True,True,True,True,False
239198554_12,239198554,12,1880.54,33529,1,32.6212,1,False,True,30.9755,94.7048,23.9776,flare_decay,True,True,True,True,True,True,1.40593,0.572228,,,True,False,True,True,,True,
239198554_13,239198554,13,1874.04,20292.7,4,31.1475,1,True,True,25.9928,534.563,-69.4377,flare_decay,False,True,True,True,True,True,1.63389,1.00148,,,True,True,True,True,,True,
239198554_14,239198554,14,1892.14,18761.7,1,18.2537,1,False,True,13.7136,26.0486,48.955,flare_decay,True,True,True,True,True,True,1.70046,0.820238,,,True,False,True,True,,True,
239198554_15,239198554,15,1876.6,749.58,24,6.01265,0,True,,,,,,,,,,,,,,,,,,,,,,
239198554_16,239198554,16,1897.45,13514.2,8,26.6199,1,True,True,21.821,185.285,22.9642,flare_decay,True,True,True,True,True,True,1.15354,0.920521,,,True,True,True,True,True,True,
239198554_17,239198554,17,1890.22,5792.83,16,33.2998,0,True,,,,,,,,,,,,,,,,,,,,,,
239198554_18,239198554,18,1875.39,24778.3,1,24.1075,1,False,True,19.3165,95.0398,157.506,flare_decay,True,True,True,True,True,True,0.98308,0.781405,,,True,False,True,True,,True,
239198554_19,239198554,19,1892.93,2905.07,24,23.3026,0,True,,,,,,,,,,,,,,,,,,,,,,
258954395_0,258954395,0,1879.7,7515.93,4,14.5606,1,False,True,14.327,43.8087,-3.97666,flare_decay,True,True,True,True,True,True,1.10788,0.82253,,,True,False,True,True,,True,
258954395_1,258954395,1,1873.91,37282.9,2,53.9911,1,False,True,52.3235,285.169,94.7409,flare_decay,True,True,True,True,True,True,1.93277,0.901438,,,True,False,True,True,,True,
258954395_2,258954395,2,1875.78,22139.2,4,42.8901,1,False,True,40.6303,374.115,265.22,flare_decay,True,True,True,True,True,True,0.993513,0.904778,,,True,False,True,True,,True,
258954395_3,258954395,3,1893.97,3137.24,2,4.54318,0,False,,,,,,,,,,,,,,,,,,,,,,
258954395_4,258954395,4,1889.53,10751.3,16,38.683,1,True,True,35.33,511.746,51.5174,flare_decay,True,True,True,True,True,True,0.997375,0.894801,,,True,True,True,True,,True,
258954395_5,258954395,5,1894.18,1243.57,16,4.47435,0,True,,,,,,,,,,,,,,,,,,,,,,
258954395_6,258954395,6,1883.82,32656.3,1,36.4041,1,False,True,32.0855,279.82,26.9105,flare_decay,True,True,True,True,True,True,1.01049,0.44039,,,True,True,True,True,True,True,
258954395_7,258954395,7,1896.43,6592.09,4,12.7708,1,False,True,13.0114,55.3984,23.5626,flare_decay,True,True,True,True,True,True,1.12295,0.881696,,,True,False,True,True,,True,
258954395_8,258954395,8,1872.91,1210.66,16,4.35595,0,True,,,,,,,,,,,,,,,,,,,,,,
258954395_9,258954395,9,1890.78,742.675,24,3.53526,0,True,,,,,,,,,,,,,,,,,,,,,,
258954395_10,258954395,10,1893.93,9381.02,2,13.5851,1,False,True,13.0121,58.159,5.46837,flare_decay,True,True,True,True,True,True,0.792737,0.850371,,,True,False,True,True,,True,
258954395_11,258954395,11,1873.86,36820.2,2,53.3211,1,False,True,52.0591,649.728,52.7492,flare_decay,True,True,True,True,True,True,1.16503,0.797551,,,True,False,True,True,,True,
258954395_12,258954395,12,1876.36,1572.09,24,7.4834,0,True,,,,,,,,,,,,,,,,,,,,,,
258954395_13,258954395,13,1877.78,2647.17,24,12.601,0,True,,,,,,,,,,,,,,,,,,,,,,
258954395_14,258954395,14,1883.47,6302.37,2,9.12676,1,False,True,8.34809,7.95256,-7.4901,flare_decay,False,True,True,True,True,True,0.791849,0.77939,,,False,False,True,True,,True,
258954395_15,258954395,15,1881.07,2697.61,4,5.22606,0,False,,,,,,,,,,,,,,,,,,,,,,
258954395_16,258954395,16,1873.99,24755.1,4,47.9579,1,False,True,46.3887,319.532,-54.7523,flare_decay,False,True,True,True,True,True,2.50381,0.877325,,,True,False,True,True,,True,
258954395_17,258954395,17,1871.41,25768.2,2,37.3162,0,False,,,,,,,,,,,,,,,,,,,,,,
258954395_18,258954395,18,1872.84,1814.65,24,8.63803,0,True,,,,,,,,,,,,,,,,,,,,,,
258954395_19,258954395,19,1879.78,4626.7,16,16.6468,1,True,True,15.4197,109.69,2.16969,flare_decay,True,True,True,True,True,True,1.11564,0.823617,,,True,True,True,True,,True,
258954488_0,258954488,0,1896.49,495.901,16,6.84182,0,True,,,,,,,,,,,,,,,,,,,,,,
258954488_1,258954488,1,1882.8,232.931,24,3.43029,0,True,,,,,,,,,,,,,,,,,,,,,,
258954488_2,258954488,2,1880.36,3911.18,16,53.9614,1,True,True,53.3808,451.79,40.2754,flare_decay,True,True,True,True,False,True,0.534746,0.87364,,,True,True,True,False,,True,
258954488_3,258954488,3,1886.3,5239.02,1,19.1339,0,False,,,,,,,,,,,,,,,,,,,,,,
258954488_4,258954488,4,1882.16,3941.56,2,19.6557,1,False,True,18.5579,30.1687,5.526,flare_decay,True,True,True,True,True,True,0.617958,0.902417,,,True,False,True,True,,True,
258954488_5,258954488,5,1877.28,5755.51,8,55.8039,1,True,True,55.7646,760.826,91.7611,flare_decay,True,True,True,True,True,True,0.410125,1.13086,,,True,True,True,True,,True,
258954488_6,258954488,6,1883.89,1771.15,24,26.0831,1,True,True,15.5943,-10.3209,-6.27789,step,False,False,False,True,False,False,,,,,False,True,False,False,,True,
258954488_7,258954488,7,1891.64,1246.38,1,4.55202,0,False,,,,,,,,,,,,,,,,,,,,,,
258954488_8,258954488,8,1896.47,6073.26,1,22.1808,1,False,True,15.526,-5.3264,37.893,flare_decay,False,True,True,True,True,True,0.894744,0.478959,,,False,True,True,True,,True,
258954488_9,258954488,9,1886.8,2050.46,16,28.2896,1,True,True,24.5926,120.909,-0.441257,flare_decay,True,True,True,True,True,True,0.342356,1.15359,,,True,True,True,True,,True,
258954488_10,258954488,10,1880.03,597.58,24,8.80034,0,True,,,,,,,,,,,,,,,,,,,,,,
258954488_11,258954488,11,1874.28,367.435,8,3.56255,0,True,,,,,,,,,,,,,,,,,,,,,,
258954488_12,258954488,12,1896.14,1418.17,16,19.566,1,True,True,16.5572,57.2488,11.0567,flare_decay,True,True,False,True,False,False,0.165321,0.303338,,,True,True,True,False,,True,
258954488_13,258954488,13,1890.59,257.045,24,3.7854,0,True,,,,,,,,,,,,,,,,,,,,,,
258954488_14,258954488,14,1888.36,3905.84,24,57.5199,1,True,True,53.3864,685.941,88.9829,flare_decay,True,True,False,True,False,False,0.287195,0.903469,,,True,True,True,False,,True,
258954488_15,258954488,15,1890.45,1419.12,24,20.8988,1,True,True,22.3111,114.506,2.12697,flare_decay,True,True,True,True,False,True,0.512388,0.856973,,,True,True,True,False,,True,
258954488_16,258954488,16,1873.93,2263.02,1,8.26501,0,False,,,,,,,,,,,,,,,,,,,,,,
258954488_17,258954488,17,1887.2,1949.61,16,26.8982,1,True,True,26.3623,108.603,-7.47283,flare_decay,False,True,True,True,True,True,0.571414,2.03085,,,True,True,True,True,True,True,
258954488_18,258954488,18,1888.47,473.586,16,6.53394,0,True,,,,,,,,,,,,,,,,,,,,,,
258954488_19,258954488,19,1881.41,412.712,24,6.07786,0,True,,,,,,,,,,,,,,,,,,,,,,
259129875_0,259129875,0,1879.34,8140.37,16,54.1991,0,True,,,,,,,,,,,,,,,,,,,,,,
259129875_1,259129875,1,1895.41,446.04,24,7.24973,0,True,,,,,,,,,,,,,,,,,,,,,,
259129875_2,259129875,2,1886.36,7948.64,1,13.499,1,False,True,15.9764,53.5671,-2.34034,flare_decay,True,True,True,True,True,True,1.25512,0.638617,,,True,True,True,True,,False,
259129875_3,259129875,3,1873.14,3279.08,16,21.8323,0,True,,,,,,,,,,,,,,,,,,,,,,
259129875_4,259129875,4,1889.2,3952.17,1,6.71191,0,False,,,,,,,,,,,,,,,,,,,,,,
259129875_5,259129875,5,1872.09,195.124,24,3.17145,0,True,,,,,,,,,,,,,,,,,,,,,,
259129875_6,259129875,6,1882.3,4124.42,1,7.00443,0,False,,,,,,,,,,,,,,,,,,,,,,
259129875_7,259129875,7,1871.32,13412.7,2,25.7065,0,False,,,,,,,,,,,,,,,,,,,,,,
259129875_8,259129875,8,1895.39,2959.24,8,9.8665,0,True,,,,,,,,,,,,,,,,,,,,,,
259129875_9,259129875,9,1891.55,13915.8,4,32.2165,1,False,True,34.413,695.631,-40.4182,flare_decay,False,True,True,True,True,True,0.946207,0.859443,,,True,False,True,True,,False,
259129875_10,259129875,10,1880.51,10557,1,17.9287,1,False,True,9.78593,32.0989,270.436,flare_decay,True,True,True,True,True,True,2.38191,0.507259,,,True,True,True,True,True,False,
259129875_11,259129875,11,1892.7,6787.14,16,45.1892,0,True,,,,,,,,,,,,,,,,,,,,,,
259129875_12,259129875,12,1875.36,2037.27,8,6.79251,0,True,,,,,,,,,,,,,,,,,,,,,,
259129875_13,259129875,13,1872.91,5564.95,2,10.6657,1,False,True,10.2757,92.7458,-0.948951,flare_decay,True,True,True,True,True,True,0.764677,0.855424,,,True,False,True,True,,False,
259129875_14,259129875,14,1888.01,1043.86,24,16.9664,0,True,,,,,,,,,,,,,,,,,,,,,,
259129875_15,259129875,15,1892.99,6294.77,8,20.9876,0,True,,,,,,,,,,,,,,,,,,,,,,
259129875_16,259129875,16,1893.99,16942.5,4,39.2237,1,False,True,38.4419,1362.54,863.575,flare_decay,True,True,True,True,True,True,1.04557,0.903934,,,True,False,True,True,,False,
259129875_17,259129875,17,1878.61,16717.9,4,38.7036,1,False,True,40.4907,1865.81,330.341,flare_decay,True,True,True,True,True,True,2.13129,0.940496,,,True,False,True,True,,False,
259129875_18,259129875,18,1888.16,2180.69,1,3.70344,0,False,,,,,,,,,,,,,,,,,,,,,,
259129875_19,259129875,19,1877.39,7604.57,1,12.9147,0,False,,,,,,,,,,,,,,,,,,,,,,
259238680_0,259238680,0,1886.55,1696.42,16,14.7881,1,True,True,11.5294,16.7344,-3.01448,flare_decay,True,True,False,True,False,False,0.223312,0.492433,,,True,True,True,False,,True,
259238680_1,259238680,1,1891.78,5836.97,2,15.1365,1,False,True,12.0722,16.8794,3.32301,flare_decay,True,True,True,True,True,True,1.34521,0.97026,,,True,False,True,True,,True,
259238680_2,259238680,2,1877.7,18344.6,2,47.5714,1,False,True,42.2616,112.17,1.32359,flare_decay,True,True,True,True,True,True,0.933843,0.897165,,,True,False,True,True,,True,
259238680_3,259238680,3,1881.59,11645.6,2,30.1995,1,False,True,27.9099,89.5374,24.4804,flare_decay,True,True,True,True,True,True,0.95303,0.934522,,,True,False,True,True,,True,
259238680_4,259238680,4,1889.2,2454.37,8,14.6025,1,True,True,14.0247,24.4266,1.3282,flare_decay,True,True,True,True,True,True,0.744288,0.628609,,,True,True,True,True,,True,
259238680_5,259238680,5,1886.49,22551.5,1,38.0808,1,False,True,21.8057,41.2268,683.872,flare_decay,True,True,True,True,True,True,7.47437,0.487575,,,True,True,True,True,,True,
259238680_6,259238680,6,1894.72,2738.16,4,10.7207,1,True,True,10.0757,0.655852,-5.43992,flare_decay,False,True,True,True,True,True,0.694371,0.98967,,,False,True,True,True,,True,
259238680_7,259238680,7,1875.51,4182.85,8,24.8864,1,True,True,22.56,18.8423,-7.8301,flare_decay,False,True,True,True,False,True,0.617752,1.03195,,,True,True,True,False,,True,
259238680_8,259238680,8,1890.26,1475.67,4,5.77767,0,True,,,,,,,,,,,,,,,,,,,,,,
259238680_9,259238680,9,1871.14,17252.4,2,44.739,1,False,True,23.0534,87.9673,62.1043,flare_decay,True,False,True,True,True,True,0.894469,1.02716,,,True,False,True,True,,True,
259238680_10,259238680,10,1874.78,814.205,4,3.18785,0,True,,,,,,,,,,,,,,,,,,,,,,
259238680_11,259238680,11,1875.14,4814.58,4,18.8505,1,True,True,18.4668,24.0099,3.76458,flare_decay,True,True,True,True,True,True,1.21915,0.895029,,,True,True,True,True,,True,
259238680_12,259238680,12,1873.99,9180.97,4,35.9462,1,True,True,34.924,113.966,72.2585,flare_decay,True,True,True,True,True,True,0.719361,0.930119,,,True,True,True,True,True,True,
259238680_13,259238680,13,1894.64,842.769,24,9.36499,0,True,,,,,,,,,,,,,,,,,,,,,,
259238680_14,259238680,14,1880.99,3981.19,1,6.72269,0,False,,,,,,,,,,,,,,,,,,,,,,
259238680_15,259238680,15,1873.51,2175.73,8,12.9447,1,True,True,12.8176,3.40036,-2.98932,flare_decay,False,True,True,True,True,True,0.663151,0.894972,,,False,True,True,True,,True,
259238680_16,259238680,16,1881.3,464.147,16,4.0461,0,True,,,,,,,,,,,,,,,,,,,,,,
259238680_17,259238680,17,1877.97,13290.1,4,52.0345,1,True,True,49.0527,307.61,-30.8105,flare_decay,False,True,True,True,True,True,0.722659,0.951666,,,True,True,True,True,True,True,
259238680_18,259238680,18,1871.84,13349.8,2,34.6188,1,False,True,33.6957,150.377,49.8378,flare_decay,True,True,True,True,True,True,0.781557,0.932747,,,True,False,True,True,,True,
259238680_19,259238680,19,1881.07,6559.44,2,17.01,1,False,True,16.1232,58.5178,8.24088,flare_decay,True,True,True,True,True,True,2.21327,0.930129,,,True,False,True,True,,True,
264172597_0,264172597,0,1874.57,8276.48,1,10.865,0,False,,,,,,,,,,,,,,,,,,,,,,
264172597_1,264172597,1,1880.3,9723.42,8,32.0484,1,True,True,30.5998,212.258,38.7017,flare_decay,True,True,True,True,True,True,1.10276,0.916428,,,True,True,True,True,True,True,
264172597_2,264172597,2,1878.86,2766.5,24,15.6465,1,True,True,13.8879,77.0455,0.148058,flare_decay,True,True,True,True,True,True,1.12207,1.13455,,,True,True,True,True,,True,
264172597_3,264172597,3,1889.07,3440.41,1,4.51643,0,False,,,,,,,,,,,,,,,,,,,,,,
264172597_4,264172597,4,1896.78,10956.7,1,14.3835,1,False,True,10.0409,2.13545,12.9578,flare_decay,False,True,True,True,True,True,0.982802,0.630315,,,False,True,True,True,,True,
264172597_5,264172597,5,1889.82,3351.68,8,11.0471,1,True,True,10.3916,17.0373,-1.16571,step,True,True,True,True,True,True,0.851194,0.98659,,,True,True,True,True,True,True,
264172597_6,264172597,6,1896.95,4397.63,16,21.1274,1,True,True,30.6881,112.184,-6.21534,flare_decay,False,True,True,True,True,True,0.603842,1.03335,,,True,True,True,True,,True,
264172597_7,264172597,7,1879.91,8458.71,8,27.8799,1,True,True,27.7239,147.185,8.85288,flare_decay,True,True,True,True,True,True,1.10375,0.963548,,,True,True,True,True,,True,
264172597_8,264172597,8,1882.14,1645.27,16,7.90434,0,True,,,,,,,,,,,,,,,,,,,,,,
264172597_9,264172597,9,1893.74,1116.88,8,3.68125,0,True,,,,,,,,,,,,,,,,,,,,,,
264172597_10,264172597,10,1875.43,1721.37,4,3.95016,0,True,,,,,,,,,,,,,,,,,,,,,,
264172597_11,264172597,11,1890.03,4665.79,1,6.12505,0,False,,,,,,,,,,,,,,,,,,,,,,
264172597_12,264172597,12,1880.26,7029.29,4,16.1306,1,True,True,16.1381,59.8901,-9.12972,flare_decay,False,True,True,True,True,True,0.839898,0.859873,,,True,True,True,True,,True,
264172597_13,264172597,13,1880.51,3313.54,16,15.9192,1,True,True,15.5874,39.3724,-5.92057,flare_decay,True,True,True,True,True,True,1.33128,0.944313,,,True,True,True,True,,True,
264172597_14,264172597,14,1876.49,18323.3,4,42.0479,1,True,True,40.041,402.349,-33.8357,flare_decay,False,True,True,True,True,True,0.848884,0.94037,,,True,True,True,True,True,True,
264172597_15,264172597,15,1890.3,21575.4,2,35.3582,1,False,True,35.9842,138.3,3.61868,flare_decay,True,True,True,True,True,True,1.07958,0.925249,,,True,False,True,True,,True,
264172597_16,264172597,16,1889.05,835.472,24,4.72519,0,True,,,,,,,,,,,,,,,,,,,,,,
264172597_17,264172597,17,1882.76,4798.98,16,23.0556,1,True,True,27.1942,132.45,18.4047,flare_decay,True,True,True,True,True,True,1.08698,1.02946,,,True,True,True,True,,True,
264172597_18,264172597,18,1875.64,10680.5,1,14.021,1,False,True,15.6122,78.7127,-1.74538,flare_decay,True,True,True,True,True,True,2.24335,0.762038,,,True,False,True,True,,True,
264172597_19,264172597,19,1878.93,9019.15,2,14.7807,1,False,True,14.0101,21.4382,18.502,flare_decay,True,True,True,True,True,True,0.792537,0.916064,,,True,False,True,True,,True,
264218926_0,264218926,0,1873.74,26094,4,57.2751,1,False,True,56.7985,1077.42,-74.1705,flare_decay,False,True,True,True,True,True,1.44334,0.874836,,,True,False,True,True,,True,
264218926_1,264218926,1,1887.76,2812.21,8,8.17333,0,True,,,,,,,,,,,,,,,,,,,,,,
264218926_2,264218926,2,1882.07,6748.08,8,19.6124,1,True,True,19.204,65.5905,3.66666,flare_decay,True,True,True,True,True,True,0.915149,0.761356,,,True,True,True,True,,True,
264218926_3,264218926,3,1895.47,14525.8,1,18.6401,1,False,True,13.9706,5.54488,33.7702,flare_decay,False,True,True,True,True,True,0.732383,0.488214,,,False,True,True,True,,True,
264218926_4,264218926,4,1879.16,3189.52,1,4.09294,0,False,,,,,,,,,,,,,,,,,,,,,,
264218926_5,264218926,5,1888.32,1446.68,4,3.17539,0,True,,,,,,,,,,,,,,,,,,,,,,
264218926_6,264218926,6,1875.61,25814,4,56.6605,1,False,True,57.4575,656.754,171.316,flare_decay,True,True,True,True,True,True,0.802711,0.915236,,,True,False,True,True,,True,
264218926_7,264218926,7,1895.34,13595.2,16,55.2852,1,True,True,53.032,848.145,54.3267,flare_decay,True,True,True,True,True,True,0.746608,0.972963,,,True,True,True,True,,True,
264218926_8,264218926,8,1874.47,4023.36,2,6.85559,0,False,,,,,,,,,,,,,,,,,,,,,,
264218926_9,264218926,9,1878.55,7745.53,8,22.5114,1,True,True,21.5796,240.469,15.7848,flare_decay,True,True,True,True,True,True,1.4263,0.987447,0.014768,0,True,True,True,True,True,True,True
264218926_10,264218926,10,1889.2,4226.89,1,5.42414,0,False,,,,,,,,,,,,,,,,,,,,,,
264218926_11,264218926,11,1896.05,9131.27,24,43.8213,1,True,True,42.1244,583.215,67.6305,flare_decay,True,True,True,True,True,True,0.682154,0.763281,,,True,True,True,True,True,True,
264218926_12,264218926,12,1891.2,19250.2,1,24.7027,1,False,True,20.1208,13.3358,47.0377,flare_decay,True,True,True,True,True,True,0.770441,0.414721,,,True,True,True,True,True,True,
264218926_13,264218926,13,1874.2,14780,2,25.1843,1,False,True,23.6391,83.6672,-11.6333,flare_decay,False,True,True,True,True,True,2.11393,0.884856,,,True,False,True,True,,True,
264218926_14,264218926,14,1879.32,22335.2,1,28.6616,1,False,True,26.926,177.912,25.6473,flare_decay,True,True,True,True,True,True,0.937757,0.478511,,,True,True,True,True,True,True,
264218926_15,264218926,15,1881.28,3171.27,1,4.06952,0,False,,,,,,,,,,,,,,,,,,,,,,
264218926_16,264218926,16,1872.05,3358.65,24,16.1183,1,True,True,15.6203,70.1142,-2.3438,step,True,True,True,True,True,True,1.15316,1.72808,,,True,True,True,True,,True,
264218926_17,264218926,17,1893.95,3360.09,16,13.6639,1,True,True,11.9484,33.096,-9.0256,flare_decay,False,True,True,True,True,True,0.434707,0.473508,,,True,True,True,True,True,True,
264218926_18,264218926,18,1893.43,1739.45,24,8.3477,0,True,,,,,,,,,,,,,,,,,,,,,,
264218926_19,264218926,19,1878.76,2014.83,2,3.43316,0,False,,,,,,,,,,,,,,,,,,,,,,
272747174_0,272747174,0,1886.8,1443.94,24,9.63405,0,True,,,,,,,,,,,,,,,,,,,,,,
272747174_1,272747174,1,1882.07,4186.71,16,23.7579,1,True,True,21.9185,80.7239,-3.92893,flare_decay,True,True,True,True,True,True,0.740013,0.776043,,,True,True,True,True,,True,
272747174_2,272747174,2,1874.74,20344.5,4,44.2956,1,False,True,44.7515,800.577,459.437,flare_decay,True,True,True,True,True,True,1.61014,0.81942,,,True,False,True,True,,True,
272747174_3,272747174,3,1880.26,5605.41,1,8.37509,0,False,,,,,,,,,,,,,,,,,,,,,,
272747174_4,272747174,4,1870.87,6760.29,1,10.1006,0,False,,,,,,,,,,,,,,,,,,,,,,
272747174_5,272747174,5,1879.93,2415.63,16,13.7078,1,True,True,10.6547,5.13315,-4.2369,step,False,True,True,True,True,True,0.632727,0.811162,,,False,True,True,True,,True,
272747174_6,272747174,6,1897.01,3688.28,24,24.6084,1,True,True,19.7293,62.8104,4.14088,flare_decay,True,True,True,True,True,True,0.871772,1.0457,,,True,True,True,True,True,True,
272747174_7,272747174,7,1892.93,9275.74,8,29.647,1,True,True,30.1831,183.744,30.7186,flare_decay,True,True,True,True,True,True,0.948728,0.823896,,,True,True,True,True,,True,
272747174_8,272747174,8,1875.43,5256.03,1,7.85307,0,False,,,,,,,,,,,,,,,,,,,,,,
272747174_9,272747174,9,1881.55,2330.45,24,15.5489,1,True,True,16.9824,30.4615,-2.27155,flare_decay,True,True,True,True,True,True,0.482548,0.506396,,,True,True,True,True,,True,
272747174_10,272747174,10,1892.16,3171.28,2,5.66001,0,False,,,,,,,,,,,,,,,,,,,,,,
272747174_11,272747174,11,1885.62,6521.25,2,11.6389,1,False,True,11.6635,19.4467,2.44294,flare_decay,True,True,True,True,True,True,2.82881,0.85301,,,True,False,True,True,,True,
272747174_12,272747174,12,1893.68,1526.65,16,8.66313,1,True,True,8.97368,2.57719,-4.34106,step,False,True,True,True,True,True,0.91449,1.01684,,,False,True,True,True,,True,
272747174_13,272747174,13,1880.45,35612.6,1,53.209,1,False,True,31.9372,17.8684,387.204,flare_decay,True,True,True,True,True,True,1.15933,0.424498,,,True,True,True,True,,True,
272747174_14,272747174,14,1886.85,1195.46,16,6.78379,0,True,,,,,,,,,,,,,,,,,,,,,,
272747174_15,272747174,15,1881.89,512.563,24,3.41985,0,True,,,,,,,,,,,,,,,,,,,,,,
272747174_16,272747174,16,1886.68,5867.34,8,18.7531,1,True,True,18.3037,89.3586,-5.96838,flare_decay,True,True,True,True,True,True,0.718644,0.803344,0.016576,0,True,True,True,True,True,True,True
272747174_17,272747174,17,1886.3,12736,1,19.029,1,False,True,19.1412,39.3989,0.92048,flare_decay,True,True,True,True,True,True,0.838927,0.546373,,,True,False,True,True,,True,
272747174_18,272747174,18,1887.12,3845.53,8,12.291,1,True,True,12.4648,28.7586,6.98867,flare_decay,True,True,True,True,True,True,0.809572,0.829697,,,True,True,True,True,True,True,
272747174_19,272747174,19,1887.45,12905.6,2,23.0335,1,False,True,24.0834,91.4875,-9.56182,flare_decay,False,False,True,True,True,True,1.15312,0.773105,,,True,False,True,True,,True,
280034711_0,280034711,0,1885.91,1616.43,1,4.61287,0,False,,,,,,,,,,,,,,,,,,,,,,
280034711_1,280034711,1,1879.34,686.095,4,3.6978,0,True,,,,,,,,,,,,,,,,,,,,,,
280034711_2,280034711,2,1889.3,2105.96,4,11.3503,1,True,True,11.4441,21.0012,5.92773,step,True,True,True,True,True,True,0.457619,0.610309,,,True,True,True,True,,True,
280034711_3,280034711,3,1876.24,2235.64,4,12.0493,1,True,True,10.2259,6.48429,0.219967,flare_decay,False,True,True,True,True,True,2.21874,0.892351,,,False,True,True,True,,True,
280034711_4,280034711,4,1874.22,1605.1,2,6.36911,1,False,True,7.28007,3.29124,-4.70723,flare_decay,False,True,True,True,True,True,0.579939,0.92678,,,False,False,True,True,,True,
280034711_5,280034711,5,1881.43,1381.34,16,15.3847,1,True,True,15.6083,72.3988,-4.11566,flare_decay,True,True,True,True,True,True,0.607206,0.655178,,,True,True,True,True,,True,
280034711_6,280034711,6,1885.91,3836.2,4,20.6757,1,True,True,23.6665,75.1115,-13.4993,flare_decay,False,True,False,True,True,False,0.203162,0.730798,,,True,True,True,False,,True,
280034711_7,280034711,7,1879.39,1625.55,1,4.6389,0,False,,,,,,,,,,,,,,,,,,,,,,
280034711_8,280034711,8,1896.03,8406.73,1,23.9907,1,False,True,17.2425,75.6407,141.148,flare_decay,True,True,True,True,True,True,0.831958,0.745424,,,True,False,True,True,,True,
280034711_9,280034711,9,1880.41,3156.92,16,35.1602,1,True,True,32.4918,189.672,30.9568,flare_decay,True,True,True,True,True,True,0.713846,0.875003,,,True,True,True,True,,True,
280034711_10,280034711,10,1886.03,3005.22,4,16.197,1,True,True,17.0866,38.3174,0.0482947,flare_decay,True,True,True,True,True,True,0.35941,0.872682,,,True,True,True,True,,True,
280034711_11,280034711,11,1877.36,1614.17,8,11.8263,1,True,True,11.3919,42.9126,-3.79554,step,True,True,True,True,True,True,1.41346,1.15142,,,True,True,True,True,True,True,
280034711_12,280034711,12,1882.99,726.567,24,10.8862,0,True,,,,,,,,,,,,,,,,,,,,,,
280034711_13,280034711,13,1891.05,434.295,16,4.83695,0,True,,,,,,,,,,,,,,,,,,,,,,
280034711_14,280034711,14,1882.28,4064.09,2,16.1265,1,False,True,15.1026,52.2242,-2.23238,flare_decay,True,True,True,True,True,True,1.75206,0.994629,,,True,False,True,True,,True,
280034711_15,280034711,15,1876.64,433.758,16,4.83097,0,True,,,,,,,,,,,,,,,,,,,,,,
280034711_16,280034711,16,1881.49,5187.43,1,14.8036,1,False,True,8.69085,1.50387,75.2246,flare_decay,False,True,True,True,True,True,1.26587,0.622122,,,False,False,True,True,,True,
280034711_17,280034711,17,1892.36,451.101,16,5.02413,0,True,,,,,,,,,,,,,,,,,,,,,,
280034711_18,280034711,18,1891.8,8442.5,4,45.5019,1,True,True,45.9697,321.262,149.011,flare_decay,True,True,True,True,True,True,0.346199,0.865181,,,True,True,True,True,,True,
280034711_19,280034711,19,1892.39,2991.26,8,21.9157,1,True,True,21.8679,48.4302,-0.653854,flare_decay,True,True,True,True,True,True,0.323655,0.889275,,,True,True,True,True,,True,
285002773_0,285002773,0,1875.49,2430.63,1,19.1341,1,False,True,21.3469,101.474,-3.17494,flare_decay,True,True,True,True,True,True,0.417765,0.566598,,,True,False,True,True,,True,
285002773_1,285002773,1,1883.64,531.153,1,4.18128,0,False,,,,,,,,,,,,,,,,,,,,,,
285002773_2,285002773,2,1882.41,217.631,24,6.26314,0,True,,,,,,,,,,,,,,,,,,,,,,
285002773_3,285002773,3,1897.56,2309.65,16,48.9045,1,True,True,41.2277,0.147418,4.15475,step,False,False,False,True,True,False,,,,,False,True,False,False,,True,
285002773_4,285002773,4,1879.51,172.171,24,4.95485,0,True,,,,,,,,,,,,,,,,,,,,,,
285002773_5,285002773,5,1888.01,3688.28,1,29.0344,1,False,True,30.4997,238.433,-1.45477,flare_decay,True,True,False,True,True,False,0.2086,0.765906,,,True,False,True,False,,True,
285002773_6,285002773,6,1880.35,495.764,16,10.4973,1,True,True,10.9505,85.6309,21.2488,flare_decay,True,True,True,True,True,True,0.698698,0.983562,,,True,True,True,True,True,True,
285002773_7,285002773,7,1878.83,616.203,2,6.38963,0,False,,,,,,,,,,,,,,,,,,,,,,
285002773_8,285002773,8,1885.26,489.595,2,5.07679,0,False,,,,,,,,,,,,,,,,,,,,,,
285002773_9,285002773,9,1873.76,1083.56,8,19.2134,1,True,True,17.3881,293.202,20.5258,flare_decay,True,True,True,True,True,True,1.05935,0.920592,,,True,True,True,True,,True,
285002773_10,285002773,10,1891.49,410.642,24,11.8177,0,True,,,,,,,,,,,,,,,,,,,,,,
285002773_11,285002773,11,1891.18,887.241,16,18.7864,1,True,True,18.6199,80.272,-5.74389,flare_decay,True,True,True,True,True,True,0.801374,1.63372,,,True,True,True,True,,True,
285002773_12,285002773,12,1873.54,1852.2,2,19.2061,1,False,True,19.7975,191.675,20.3558,flare_decay,True,True,False,True,True,False,0.28444,0.990533,,,True,False,True,False,,True,
285002773_13,285002773,13,1886.85,266.606,24,7.67258,0,True,,,,,,,,,,,,,,,,,,,,,,
285002773_14,285002773,14,1878.79,414.588,24,11.9313,1,True,True,13.9119,62.2345,3.45769,flare_decay,True,True,True,True,True,True,0.794491,1.58776,,,True,True,True,True,,True,
285002773_15,285002773,15,1874.14,447.268,1,3.52093,0,False,,,,,,,,,,,,,,,,,,,,,,
285002773_16,285002773,16,1893.56,1382.51,4,18.2352,1,True,True,17.6237,54.9066,-6.16275,flare_decay,False,True,True,True,True,True,0.350346,1.1927,,,True,True,True,True,,True,
285002773_17,285002773,17,1895.41,338.723,8,6.00616,1,True,True,7.37967,-7.90623,-3.78888,flare_decay,False,True,True,True,True,True,0.453257,2.29918,,,False,False,True,True,,True,
285002773_18,285002773,18,1886.26,2354.71,4,31.0584,1,True,True,34.1133,195.971,73.1666,flare_decay,True,False,True,True,True,True,0.616822,1.2044,,,True,True,True,True,,True,
285002773_19,285002773,19,1878.31,818.625,4,10.7976,1,True,True,12.4745,27.0412,4.10911,flare_decay,True,True,False,True,True,False,0.289174,0.645611,,,True,True,True,False,,True,
286752451_0,286752451,0,1897.1,1781.23,2,7.49817,1,False,True,7.64464,-0.200631,-2.22253,flare_decay,False,True,True,True,True,True,0.927997,0.933147,,,False,False,True,True,,True,
286752451_1,286752451,1,1896.93,299.88,24,4.36815,0,True,,,,,,,,,,,,,,,,,,,,,,
286752451_2,286752451,2,1887.58,848.179,2,3.57044,0,False,,,,,,,,,,,,,,,,,,,,,,
286752451_3,286752451,3,1891.12,663.781,16,7.63539,1,True,True,9.3822,-1.50504,-3.6214,flare_decay,False,True,True,True,True,True,1.21655,1.71931,,,False,True,True,True,,True,
286752451_4,286752451,4,1889.58,626.575,16,7.20741,0,True,,,,,,,,,,,,,,,,,,,,,,
286752451_5,286752451,5,1877.91,1314.56,2,5.53369,0,False,,,,,,,,,,,,,,,,,,,,,,
286752451_6,286752451,6,1896.89,2534.36,16,29.1524,1,True,True,28.1142,146.357,-6.63436,flare_decay,False,True,True,True,True,True,1.41908,2.03488,,,True,True,True,True,,True,
286752451_7,286752451,7,1877.16,675.98,24,9.84655,0,True,,,,,,,,,,,,,,,,,,,,,,
286752451_8,286752451,8,1880.2,267.807,16,3.08055,0,True,,,,,,,,,,,,,,,,,,,,,,
286752451_9,286752451,9,1874.72,2622.28,2,11.0386,1,False,True,10.7463,45.2815,-1.12749,flare_decay,True,True,True,True,True,True,1.65338,0.990795,,,True,False,True,True,,True,
286752451_10,286752451,10,1877.18,2128.66,2,8.96066,1,False,True,8.85336,4.1152,1.08815,flare_decay,False,True,True,True,True,True,0.971164,0.890434,,,False,True,True,True,,True,
286752451_11,286752451,11,1892.95,1405.63,16,16.1688,1,True,True,15.4558,74.0775,1.69208,flare_decay,True,False,False,True,True,True,0.545253,0.839844,,,True,True,False,True,,True,
286752451_12,286752451,12,1880.68,359.54,8,3.24813,0,True,,,,,,,,,,,,,,,,,,,,,,
286752451_13,286752451,13,1873,2180.39,8,19.6979,1,True,True,18.4456,28.0764,-5.74118,flare_decay,True,True,True,True,True,True,0.708247,0.937961,,,True,True,True,True,,True,
286752451_14,286752451,14,1883.33,3248.87,4,19.4392,1,False,True,19.1666,29.9156,18.1459,flare_decay,True,True,True,True,True,True,0.606859,1.02662,,,True,False,True,True,,True,
286752451_15,286752451,15,1880.39,937.893,24,13.6617,1,True,True,12.6802,25.6787,-7.22769,flare_decay,False,True,True,True,True,True,0.452823,0.560795,,,True,True,True,True,,True,
286752451_16,286752451,16,1897.18,2156.6,2,9.07829,1,False,True,8.2566,9.19656,2.69228,flare_decay,False,True,False,True,True,False,0.342469,0.821885,,,False,False,True,False,,True,
286752451_17,286752451,17,1873.89,1518.13,4,9.08356,1,False,True,8.28364,11.4202,-4.0211,flare_decay,True,True,True,True,True,True,0.499333,0.921827,,,True,False,True,True,,True,
286752451_18,286752451,18,1872,2307.94,16,26.5479,1,True,True,27.2103,62.6238,1.33937,flare_decay,True,True,True,True,True,True,0.690066,1.05801,,,True,True,True,True,,True,
286752451_19,286752451,19,1871.41,234.526,24,3.41618,0,True,,,,,,,,,,,,,,,,,,,,,,
289715962_0,289715962,0,1891.31,10269.3,1,21.2187,1,False,True,20.9958,58.0445,-1.13637,flare_decay,True,True,False,True,True,True,3.81614,0.865187,,,True,False,True,True,,True,
289715962_1,289715962,1,1883.41,3528.48,16,25.6192,1,True,True,23.322,118.649,-7.1757,flare_decay,False,True,True,True,True,True,0.319182,0.571895,,,True,True,True,True,,True,
289715962_2,289715962,2,1878.49,4378.42,2,12.702,1,False,True,12.8288,51.5592,4.45399,flare_decay,True,True,True,True,True,True,0.636757,0.857071,,,True,False,True,True,,True,
289715962_3,289715962,3,1895.81,2796.54,1,5.77827,0,False,,,,,,,,,,,,,,,,,,,,,,
289715962_4,289715962,4,1897.16,3256.23,1,6.72809,0,False,,,,,,,,,,,,,,,,,,,,,,
289715962_5,289715962,5,1894.14,18279.6,1,37.7698,1,False,True,21.2789,42.7372,449.532,flare_decay,True,True,True,True,True,True,1.01801,0.43993,,,True,True,True,True,True,True,
289715962_6,289715962,6,1878.79,4863.63,4,18.634,1,True,True,20.3529,44.7679,-26.7301,flare_decay,False,True,True,True,True,True,0.729917,0.907654,,,True,True,True,True,,True,
289715962_7,289715962,7,1873.7,13879.2,1,28.6776,1,False,True,23.7999,238.708,67.8862,flare_decay,True,True,False,True,True,False,0.730252,0.399327,,,True,True,True,False,,True,
289715962_8,289715962,8,1895.68,3438.46,8,18.0185,1,True,True,17.2489,31.3769,1.18911,flare_decay,True,True,True,True,True,True,0.961442,1.02946,,,True,True,True,True,,True,
289715962_9,289715962,9,1879.62,2000.87,1,4.13425,0,False,,,,,,,,,,,,,,,,,,,,,,
289715962_10,289715962,10,1893.35,2850.18,24,29.6827,1,True,True,23.4229,107.55,-6.07818,flare_decay,False,True,True,True,True,True,0.529414,0.871389,,,True,True,True,True,,True,
289715962_11,289715962,11,1882.31,8511.51,1,17.5867,1,False,True,19.9472,67.5479,0.142871,flare_decay,True,True,True,True,True,True,1.33635,0.598242,,,True,False,True,True,,True,
289715962_12,289715962,12,1888.99,1130.78,24,11.7763,1,True,True,15.0029,20.5446,-4.38138,step,True,True,False,True,True,False,0.12415,0.250716,,,True,True,True,False,,True,
289715962_13,289715962,13,1876.1,894.933,4,3.42875,0,True,,,,,,,,,,,,,,,,,,,,,,
289715962_14,289715962,14,1870.54,5562.36,2,16.1367,0,False,,,,,,,,,,,,,,,,,,,,,,
289715962_15,289715962,15,1888.14,668.256,8,3.50186,0,True,,,,,,,,,,,,,,,,,,,,,,
289715962_16,289715962,16,1887.62,620.377,16,4.50436,0,True,,,,,,,,,,,,,,,,,,,,,,
289715962_17,289715962,17,1887.1,15312.6,1,31.6393,1,False,True,24.1024,27.3247,113.693,flare_decay,True,True,True,True,True,True,0.606847,0.595357,,,True,False,True,True,,True,
289715962_18,289715962,18,1891.97,4570.38,8,23.9501,1,True,True,24.6461,128.631,15.0814,flare_decay,True,True,True,True,True,True,1.35521,0.932444,0.0656844,0,True,True,True,True,,True,True
289715962_19,289715962,19,1897.41,601.943,8,3.15436,0,True,,,,,,,,,,,,,,,,,,,,,,
302331733_0,302331733,0,1879.16,3607.25,16,21.3854,1,True,True,19.3999,95.3716,1.88028,flare_decay,True,True,True,True,True,True,0.931928,1.02152,,,True,True,True,True,True,True,
302331733_1,302331733,1,1897.66,1489.36,2,3.23986,0,False,,,,,,,,,,,,,,,,,,,,,,
302331733_2,302331733,2,1895.87,16322.8,4,48.0717,1,True,True,48.946,341.092,-35.8941,flare_decay,False,True,True,True,True,True,0.740078,1.00101,,,True,True,True,True,,True,
302331733_3,302331733,3,1893.47,22791.7,2,49.5797,1,False,True,47.5057,696.761,168.567,flare_decay,True,True,True,True,True,True,0.765611,0.952074,,,True,False,True,True,,True,
302331733_4,302331733,4,1892.97,1540.98,24,12.1195,0,True,,,,,,,,,,,,,,,,,,,,,,
302331733_5,302331733,5,1894.22,3701.59,4,10.9014,1,True,True,11.9666,17.3687,12.9304,flare_decay,True,True,True,True,True,True,0.99568,0.868376,,,True,True,True,True,,True,
302331733_6,302331733,6,1882.2,731.026,8,3.1978,0,True,,,,,,,,,,,,,,,,,,,,,,
302331733_7,302331733,7,1883.56,11638.3,8,50.9107,1,True,True,49.1877,860.739,296.106,flare_decay,True,True,True,True,True,True,0.751855,0.985185,,,True,True,True,True,,True,
302331733_8,302331733,8,1873.79,837.982,16,4.96794,0,True,,,,,,,,,,,,,,,,,,,,,,
302331733_9,302331733,9,1890.01,12910.7,2,28.0851,1,False,True,26.7777,250.159,17.7127,flare_decay,True,True,True,True,True,True,1.75826,0.845825,,,True,False,True,True,,True,
302331733_10,302331733,10,1885.74,13181.6,8,57.6616,1,True,True,56.5461,441.592,36.9756,flare_decay,True,True,True,True,True,True,1.16559,0.99156,,,True,True,True,True,,True,
302331733_11,302331733,11,1878.74,1208.3,4,3.55852,0,True,,,,,,,,,,,,,,,,,,,,,,
302331733_12,302331733,12,1896.58,5300.39,16,31.4232,1,True,True,30.1175,173.561,15.6522,flare_decay,True,True,True,True,True,True,0.512422,1.05741,,,True,True,True,True,,True,
302331733_13,302331733,13,1894.56,5685.53,4,16.7443,1,True,True,17.2826,36.1317,-7.15527,flare_decay,False,True,True,True,True,True,0.739893,1.08885,,,True,True,True,True,,True,
302331733_14,302331733,14,1894.14,2355.46,2,5.12392,0,False,,,,,,,,,,,,,,,,,,,,,,
302331733_15,302331733,15,1889.06,4735.72,4,13.947,1,True,True,13.1788,15.4064,4.18683,flare_decay,True,True,True,True,True,True,0.698382,1.09539,,,True,True,True,True,,True,
302331733_16,302331733,16,1871.47,3234.43,24,25.4381,1,True,True,18.187,76.036,23.7653,flare_decay,True,False,True,True,True,True,0.834184,1.06348,,,True,True,True,True,True,True,
302331733_17,302331733,17,1887.26,11365.5,8,49.7173,1,True,True,51.8385,412.221,53.3407,flare_decay,True,True,True,True,True,True,0.690766,1.10773,,,True,True,True,True,True,True,
302331733_18,302331733,18,1889.01,32753.4,1,52.6683,1,False,True,57.4129,321.334,-2.71605,flare_decay,True,True,True,True,True,True,0.700702,0.635099,,,True,True,True,True,,True,
302331733_19,302331733,19,1877.97,6290.78,4,18.5268,1,True,True,20.5105,41.6992,16.9735,flare_decay,True,True,True,True,True,True,0.758736,1.01007,,,True,True,True,True,True,True,
302583380_0,302583380,0,1872.04,842.887,24,4.7772,0,True,,,,,,,,,,,,,,,,,,,,,,
302583380_1,302583380,1,1895.52,7405.45,24,41.9716,1,True,True,33.2349,388.286,32.2097,flare_decay,True,True,True,True,True,True,0.614449,0.862802,,,True,True,True,True,,True,
302583380_2,302583380,2,1881.97,1119.28,16,4.0732,0,True,,,,,,,,,,,,,,,,,,,,,,
302583380_3,302583380,3,1874.18,8989.87,2,14.1693,1,False,True,13.7034,37.1146,-1.19582,flare_decay,True,True,True,True,True,True,1.33455,0.872916,,,True,False,True,True,,True,
302583380_4,302583380,4,1872.29,1222.35,24,6.92788,0,True,,,,,,,,,,,,,,,,,,,,,,
302583380_5,302583380,5,1882.16,17944.6,1,21.2772,1,False,True,16.1197,32.5253,40.2162,flare_decay,True,True,True,True,True,True,1.08778,0.507106,,,True,True,True,True,True,True,
302583380_6,302583380,6,1883.72,7134.73,16,25.9641,1,True,True,21.2562,2.30215,6.3452,step,False,False,False,True,True,True,0.842039,0.846559,,,False,True,False,True,,True,
302583380_7,302583380,7,1882.87,6645.48,16,24.1837,1,True,True,22.0603,111.717,7.09219,flare_decay,True,True,False,True,True,True,1.39665,1.19923,,,True,True,True,True,,True,
302583380_8,302583380,8,1882.25,3180.99,1,3.77176,0,False,,,,,,,,,,,,,,,,,,,,,,
302583380_9,302583380,9,1897.16,28885.2,1,34.2497,1,False,True,28.1748,246.584,208.636,flare_decay,True,True,True,True,True,True,0.490436,0.460736,,,True,True,True,True,True,True,
302583380_10,302583380,10,1891.04,3753.75,8,10.8676,1,True,True,11.6319,19.4863,-5.38549,flare_decay,True,True,True,True,True,True,0.901486,0.970564,,,True,True,True,True,True,True,
302583380_11,302583380,11,1893.79,1886.84,16,6.86642,0,True,,,,,,,,,,,,,,,,,,,,,,
302583380_12,302583380,12,1891.16,1083.57,8,3.13708,0,True,,,,,,,,,,,,,,,,,,,,,,
302583380_13,302583380,13,1883.75,1495.43,24,8.4756,0,True,,,,,,,,,,,,,,,,,,,,,,
302583380_14,302583380,14,1878.06,42940.5,1,50.9153,1,False,True,41.5125,40.0131,194.763,flare_decay,True,True,True,True,True,True,0.712326,0.438464,,,True,True,True,True,,True,
302583380_15,302583380,15,1876.54,44453.2,1,52.709,1,False,True,50.588,134.455,65.2633,flare_decay,True,True,True,True,True,True,1.21559,0.552183,,,True,True,True,True,,True,
302583380_16,302583380,16,1888.56,2681.34,1,3.17932,0,False,,,,,,,,,,,,,,,,,,,,,,
302583380_17,302583380,17,1895.12,1522.27,24,8.62773,0,True,,,,,,,,,,,,,,,,,,,,,,
302583380_18,302583380,18,1880.2,6678.06,2,10.5256,1,False,True,9.64948,18.8211,2.3955,flare_decay,True,True,True,True,True,True,1.11776,0.774126,,,True,False,True,True,,True,
302583380_19,302583380,19,1882.1,2711.13,8,7.84907,1,True,True,7.85124,3.63115,-4.23974,flare_decay,False,True,True,True,True,True,1.78138,1.15686,,,False,True,True,True,,True,
302757535_0,302757535,0,1895.33,1129.65,16,6.32791,0,True,,,,,,,,,,,,,,,,,,,,,,
302757535_1,302757535,1,1891.62,1798.18,24,12.7213,0,True,,,,,,,,,,,,,,,,,,,,,,
302757535_2,302757535,2,1893.81,2683.95,4,6.14959,0,True,,,,,,,,,,,,,,,,,,,,,,
302757535_3,302757535,3,1879.22,10728.5,8,38.9489,1,True,True,37.3753,250.426,66.1134,flare_decay,True,True,True,True,True,True,0.992366,0.924303,,,True,True,True,True,,True,
302757535_4,302757535,4,1876.04,2803.26,24,19.8318,1,True,True,16.8909,20.6344,0.254228,flare_decay,True,True,True,True,True,True,1.23667,1.64188,,,True,True,True,True,,True,
302757535_5,302757535,5,1885.87,1966.94,4,4.50675,0,True,,,,,,,,,,,,,,,,,,,,,,
302757535_6,302757535,6,1875.51,10327,4,23.6617,1,True,True,23.949,82.7425,10.6092,flare_decay,True,True,True,True,True,True,1.06499,0.933422,,,True,True,True,True,,True,
302757535_7,302757535,7,1880.6,29833.9,1,32.8645,1,False,True,26.9719,40.0713,122.488,flare_decay,True,True,True,True,True,True,5.71033,0.746235,,,True,False,True,True,,True,
302757535_8,302757535,8,1881.16,9539.78,4,21.858,1,True,True,20.6373,65.6817,-11.3299,flare_decay,False,True,True,True,True,True,0.485942,0.929358,,,True,True,True,True,,True,
302757535_9,302757535,9,1874.26,3644.63,24,25.7841,1,True,True,21.6869,78.4422,16.3535,flare_decay,True,True,True,True,True,True,0.805448,0.783607,,,True,True,True,True,,True,
302757535_10,302757535,10,1894.12,34767.3,2,52.1748,1,False,True,49.2985,590.251,-18.6646,flare_decay,False,True,True,True,True,True,0.892985,0.935621,,,True,False,True,True,,True,
302757535_11,302757535,11,1885.31,6457.9,16,36.1751,1,True,True,21.0415,-0.778043,2.93553,step,False,False,False,True,True,False,0.249711,0.352022,,,False,True,False,False,,True,
302757535_12,302757535,12,1895.35,22269.4,2,33.4195,1,False,True,32.6632,149.697,-4.46502,flare_decay,True,True,True,True,True,True,1.90106,0.909151,,,True,False,True,True,,True,
302757535_13,302757535,13,1870.7,7727.81,1,8.51282,0,False,,,,,,,,,,,,,,,,,,,,,,
302757535_14,302757535,14,1877.51,1578.36,8,5.73008,0,True,,,,,,,,,,,,,,,,,,,,,,
302757535_15,302757535,15,1890.76,12781.1,2,19.1804,1,False,True,18.983,99.8763,2.94239,flare_decay,True,True,True,True,True,True,1.29721,0.827169,,,True,False,True,True,,True,
302757535_16,302757535,16,1875.7,2026.93,4,4.64421,0,True,,,,,,,,,,,,,,,,,,,,,,
302757535_17,302757535,17,1890.06,2731.75,2,4.09949,0,False,,,,,,,,,,,,,,,,,,,,,,
302757535_18,302757535,18,1889.7,1585.24,8,5.75508,0,True,,,,,,,,,,,,,,,,,,,,,,
302757535_19,302757535,19,1877.87,5462.67,4,12.5163,1,True,True,11.137,-6.47037,-10.7588,flare_decay,False,True,True,True,True,True,1.05529,1.05582,,,False,True,True,True,,True,
307988415_0,307988415,0,1896.31,6045.34,8,17.4138,1,True,True,15.1329,53.6398,-10.413,flare_decay,False,True,True,True,True,True,0.38445,0.593359,,,True,True,True,True,True,True,
307988415_1,307988415,1,1891.62,12222.3,8,35.2066,1,True,True,37.6961,261.621,-0.0941025,flare_decay,True,True,True,True,True,True,0.636122,0.958122,,,True,True,True,True,True,True,
307988415_2,307988415,2,1874.97,2472.92,16,10.4264,1,True,True,10.0628,23.0757,-2.26165,flare_decay,True,True,True,True,True,True,0.683319,0.699456,,,True,True,True,True,,True,
307988415_3,307988415,3,1876.83,2456.13,4,4.90341,0,False,,,,,,,,,,,,,,,,,,,,,,
307988415_4,307988415,4,1872.81,14111.9,1,14.311,1,False,True,12.255,3.42063,3.51928,flare_decay,False,True,True,True,True,True,1.36781,0.52249,,,False,True,True,True,,True,
307988415_5,307988415,5,1893.77,570.847,24,3.11587,0,True,,,,,,,,,,,,,,,,,,,,,,
307988415_6,307988415,6,1872.41,13222.7,4,26.3978,1,False,True,26.4888,118.482,110.384,flare_decay,True,True,True,True,True,True,0.801472,0.884177,,,True,False,True,True,,True,
307988415_7,307988415,7,1883.2,8431.05,8,24.2859,1,True,True,21.5,171.727,-0.0888883,flare_decay,True,True,False,True,True,True,0.633779,0.855277,,,True,True,True,True,,True,
307988415_8,307988415,8,1878.6,6156.95,24,33.6066,1,True,True,27.3085,137.794,8.10809,flare_decay,True,False,True,True,True,True,0.693127,1.02509,,,True,True,True,True,,True,
307988415_9,307988415,9,1889.08,3636.08,16,15.3306,1,True,True,13.0932,15.8027,-2.69766,flare_decay,True,True,True,True,True,True,0.684248,0.829295,,,True,True,True,True,,True,
307988415_10,307988415,10,1891.72,1455.04,8,4.19127,0,True,,,,,,,,,,,,,,,,,,,,,,
307988415_11,307988415,11,1876.52,10587,4,21.1359,1,False,True,20.457,71.1113,-19.5004,flare_decay,False,True,True,True,True,True,0.887666,1.35525,,,True,False,True,True,,True,
307988415_12,307988415,12,1890.16,10585.7,4,21.1332,1,False,True,22.4107,60.2325,32.2827,flare_decay,True,True,True,True,True,True,0.737242,0.897889,,,True,False,True,True,,True,
307988415_13,307988415,13,1881.06,27871.8,4,55.6431,1,False,True,53.4121,434.725,-71.2435,flare_decay,False,True,True,True,True,True,0.93804,0.921675,,,True,False,True,True,,True,
307988415_14,307988415,14,1897.6,30586.4,1,31.018,1,False,True,16.1527,24.1911,361.501,flare_decay,True,True,True,True,True,True,1.03959,0.543842,,,True,False,True,True,,True,
307988415_15,307988415,15,1893.06,4815.32,16,20.3026,1,True,True,18.1226,73.2587,-0.746002,flare_decay,True,True,True,True,True,True,0.892319,0.949534,,,True,True,True,True,,True,
307988415_16,307988415,16,1879.37,18965.1,8,54.6294,1,True,True,51.9421,504.071,13.9852,flare_decay,True,True,True,True,True,True,0.856731,0.926696,,,True,True,True,True,,True,
307988415_17,307988415,17,1895.52,26579.3,4,53.0628,1,False,True,52.7184,417.669,-88.6611,flare_decay,False,True,True,True,True,True,0.758607,0.954211,,,True,False,True,True,,True,
307988415_18,307988415,18,1878.54,15257.4,8,43.9494,1,True,True,42.8126,430.444,48.4984,flare_decay,True,True,True,True,True,True,1.25976,0.964653,,,True,True,True,True,,True,
307988415_19,307988415,19,1873.79,972.878,16,4.10189,0,True,,,,,,,,,,,,,,,,,,,,,,
309753213_0,309753213,0,1889.22,13530.2,24,50.9815,1,True,True,43.7396,885.68,63.8799,flare_decay,True,True,True,True,True,True,1.05936,0.871384,,,True,True,True,True,,True,
309753213_1,309753213,1,1879.24,15548.9,1,18.7881,1,False,True,21.3401,99.8903,-3.43465,flare_decay,True,True,True,True,True,True,4.87856,0.703379,,,True,False,True,True,,True,
309753213_2,309753213,2,1896.95,13162.3,24,49.5951,1,True,True,48.6876,683.337,68.9535,step,True,True,True,True,True,True,0.973292,1.13711,,,True,True,True,True,,True,
309753213_3,309753213,3,1875.62,2775.51,2,4.63491,0,False,,,,,,,,,,,,,,,,,,,,,,
309753213_4,309753213,4,1889.37,4535.11,2,7.5733,1,False,True,7.57245,6.0142,-2.5242,flare_decay,False,True,True,True,True,True,2.92032,0.775467,,,False,False,True,True,,True,
309753213_5,309753213,5,1877.99,5754.82,1,6.95371,0,False,,,,,,,,,,,,,,,,,,,,,,
309753213_6,309753213,6,1891.33,5592.04,24,21.0706,1,True,True,21.2499,234.73,11.8435,flare_decay,True,True,True,True,True,True,1.47567,0.907968,,,True,True,True,True,,True,
309753213_7,309753213,7,1892.6,9302.87,4,20.143,1,True,True,19.9872,80.4905,-7.98728,flare_decay,False,False,True,True,True,True,1.19474,0.964891,,,True,True,True,True,,True,
309753213_8,309753213,8,1889.04,1934.47,24,7.28901,0,True,,,,,,,,,,,,,,,,,,,,,,
309753213_9,309753213,9,1882.12,1601.9,16,5.75329,0,True,,,,,,,,,,,,,,,,,,,,,,
309753213_10,309753213,10,1894.37,7224.69,4,15.6433,1,True,True,14.4851,31.0727,-8.66851,flare_decay,False,True,True,True,True,True,0.882941,0.85819,,,True,True,True,True,,True,
309753213_11,309753213,11,1892.18,5301.99,16,19.0423,1,True,True,18.5125,162.099,11.3629,flare_decay,True,True,True,True,True,True,1.31384,0.873128,,,True,True,True,True,,True,
309753213_12,309753213,12,1881.49,6815.98,2,11.3822,1,False,True,10.5169,15.5622,-2.49288,flare_decay,True,True,True,True,True,True,3.34659,0.845363,,,True,False,True,True,,True,
309753213_13,309753213,13,1880.52,6499.1,4,14.0722,1,True,True,15.2271,92.3161,7.97749,flare_decay,True,True,True,True,True,True,1.09086,0.890203,0.122149,9.20825e-08,True,True,True,True,True,True,True
309753213_14,309753213,14,1877.39,15723.9,24,59.247,1,True,True,56.5753,1610.25,108.181,flare_decay,True,True,True,True,True,True,1.87935,0.87425,,,True,True,True,True,,True,
309753213_15,309753213,15,1881.49,4468.14,8,11.864,1,True,True,10.7205,25.4244,-0.197086,flare_decay,True,True,True,True,True,True,1.05486,0.934961,,,True,True,True,True,True,True,
309753213_16,309753213,16,1886.27,6009.96,2,10.0362,0,False,,,,,,,,,,,,,,,,,,,,,,
309753213_17,309753213,17,1895.56,11706.3,16,42.0436,1,True,True,35.6748,503.408,6.64849,flare_decay,True,True,True,True,True,True,0.94726,0.863832,,,True,True,True,True,,True,
309753213_18,309753213,18,1871.39,2945.74,4,6.37827,0,True,,,,,,,,,,,,,,,,,,,,,,
309753213_19,309753213,19,1878.06,4849.67,1,5.85999,0,False,,,,,,,,,,,,,,,,,,,,,,
316385754_0,316385754,0,1870.66,24045,2,35.2369,0,False,,,,,,,,,,,,,,,,,,,,,,
316385754_1,316385754,1,1897.22,3894.93,8,10.7242,1,True,True,11.3081,1.3715,-9.61147,flare_decay,False,True,True,True,True,True,0.778106,0.985967,,,False,True,True,True,,True,
316385754_2,316385754,2,1897.35,16688.3,4,35.1032,1,True,True,34.0367,112.654,-15.8041,flare_decay,False,True,True,True,True,True,0.770762,0.748881,,,True,True,True,True,,True,
316385754_3,316385754,3,1881.99,21197,8,58.363,1,True,True,57.7434,340.036,3.96499,flare_decay,True,True,True,True,True,True,0.835826,0.813927,0.966157,0,True,True,True,True,,True,False
316385754_4,316385754,4,1886.31,2060.21,4,4.33359,0,True,,,,,,,,,,,,,,,,,,,,,,
316385754_5,316385754,5,1881.01,1611.33,4,3.38937,0,True,,,,,,,,,,,,,,,,,,,,,,
316385754_6,316385754,6,1871.62,17676.1,4,37.181,1,True,True,35.2997,152.731,-15.9181,flare_decay,False,True,True,True,True,True,0.593459,0.815781,,,True,True,True,True,,True,
316385754_7,316385754,7,1885.12,18210.1,2,26.6862,0,False,,,,,,,,,,,,,,,,,,,,,,
316385754_8,316385754,8,1872.2,8072.54,24,50.0847,1,True,True,50.2898,367.449,26.6335,flare_decay,True,True,True,True,True,True,0.623604,0.793116,,,True,True,True,True,,True,
316385754_9,316385754,9,1892.24,1609.95,4,3.38647,0,True,,,,,,,,,,,,,,,,,,,,,,
316385754_10,316385754,10,1873.06,2512.56,16,10.1594,1,True,True,8.44878,5.01893,-4.14342,flare_decay,False,True,True,True,True,True,1.06595,1.0305,,,False,True,True,True,,True,
316385754_11,316385754,11,1874.41,25047,4,52.6855,1,True,True,52.464,428.566,-57.2828,flare_decay,False,True,True,True,True,True,1.26792,0.815451,,,True,True,True,True,,True,
316385754_12,316385754,12,1890.56,4739.43,24,29.405,1,True,True,25.0307,57.67,-2.32802,flare_decay,True,True,True,True,True,True,0.786593,1.04724,,,True,True,True,True,,True,
316385754_13,316385754,13,1881.16,1646.12,8,4.53237,0,True,,,,,,,,,,,,,,,,,,,,,,
316385754_14,316385754,14,1872.56,6136.81,8,16.8969,1,True,True,17.3882,41.7613,-3.39427,flare_decay,True,True,True,True,True,True,0.853247,0.791073,,,True,True,True,True,,True,
316385754_15,316385754,15,1894.91,23277.9,1,23.5633,1,False,True,13.2328,9.98418,117.719,flare_decay,False,True,True,True,True,True,0.672842,0.406638,,,False,True,True,True,,True,
316385754_16,316385754,16,1890.39,5348.77,2,7.8384,1,False,True,8.58657,14.7915,-5.11565,flare_decay,True,True,True,True,True,True,0.925697,0.649487,,,True,False,True,True,,True,
316385754_17,316385754,17,1882.72,2158.98,2,3.16389,0,False,,,,,,,,,,,,,,,,,,,,,,
316385754_18,316385754,18,1893.62,7248.98,4,15.248,1,True,True,14.8327,10.5361,-6.70579,flare_decay,False,True,True,True,True,True,0.816285,0.935819,,,True,True,True,True,True,True,
316385754_19,316385754,19,1878.33,6377.97,8,17.5609,1,True,True,17.617,22.4609,0.128435,flare_decay,True,True,True,True,True,True,0.767072,0.925681,,,True,True,True,True,True,True,
316386112_0,316386112,0,1875.99,3576.89,24,36.8092,1,True,True,37.4344,193.33,12.83,flare_decay,True,True,True,True,True,True,0.952272,1.51907,,,True,True,True,True,,True,
316386112_1,316386112,1,1885.53,3862.77,2,9.83403,1,False,True,10.3293,14.8857,-1.64618,flare_decay,True,True,True,True,True,True,0.408665,0.620743,,,True,False,True,True,,True,
316386112_2,316386112,2,1875.14,3342.06,8,17.1142,1,True,True,15.3578,65.4438,7.95786,flare_decay,True,True,True,True,True,True,0.800122,0.955339,,,True,True,True,True,,True,
316386112_3,316386112,3,1888.33,6071.63,16,54.6883,1,True,True,49.7515,549.902,15.4177,flare_decay,True,True,True,True,True,True,0.5838,0.830808,9.64354e-09,8.15718e-15,True,True,True,True,,True,True
316386112_4,316386112,4,1876.7,7272.07,4,27.1629,1,True,True,23.2451,21.8812,23.8916,flare_decay,True,True,False,True,True,True,0.91787,0.957942,,,True,True,True,True,,True,
316386112_5,316386112,5,1872.83,3157.14,24,32.4896,1,True,True,27.9613,58.7817,-7.58605,flare_decay,False,True,True,True,True,True,0.652755,0.786064,,,True,True,True,True,,True,
316386112_6,316386112,6,1874.83,2142.25,2,5.45384,0,False,,,,,,,,,,,,,,,,,,,,,,
316386112_7,316386112,7,1871.18,2158.62,16,19.4431,1,True,True,10.799,13.2284,-4.45426,step,True,False,True,True,True,True,0.418627,0.483844,,,True,True,True,True,,True,
316386112_8,316386112,8,1881.01,10256.4,4,38.31,1,True,True,37.8322,196.377,52.0601,flare_decay,True,True,True,True,True,True,1.12373,0.890421,,,True,True,True,True,,True,
316386112_9,316386112,9,1895.12,4066.51,4,15.1894,1,True,True,13.8202,23.0853,5.42714,flare_decay,True,True,True,True,True,True,0.309406,0.725631,,,True,True,True,True,,True,
316386112_10,316386112,10,1872.24,595.826,8,3.05113,0,True,,,,,,,,,,,,,,,,,,,,,,
316386112_11,316386112,11,1882.62,15772.1,4,58.9125,1,True,True,55.9097,360.14,-46.6862,flare_decay,False,True,True,True,True,True,0.668118,0.860457,,,True,True,True,True,,True,
316386112_12,316386112,12,1873.22,8138.13,1,14.9429,1,False,True,13.8192,30.9801,-0.307264,flare_decay,True,False,False,True,True,False,0.744332,0.387262,,,True,False,False,False,,True,
316386112_13,316386112,13,1877.95,1749.08,24,17.9995,1,True,True,16.4835,36.2316,4.45768,flare_decay,True,True,False,True,False,False,0.277953,0.60922,,,True,True,True,False,,True,
316386112_14,316386112,14,1885.91,2233.07,4,8.34104,1,True,True,8.19911,5.14015,-2.39768,flare_decay,False,True,False,True,True,False,0.252215,0.476508,,,False,True,True,False,,True,
316386112_15,316386112,15,1874.49,3200.14,8,16.3874,1,True,True,18.5889,92.4918,7.31549,flare_decay,True,True,True,True,True,True,0.786348,0.755607,,,True,True,True,True,,True,
316386112_16,316386112,16,1875.89,832.504,16,7.49852,0,True,,,,,,,,,,,,,,,,,,,,,,
316386112_17,316386112,17,1894.39,470.208,16,4.23525,0,True,,,,,,,,,,,,,,,,,,,,,,
316386112_18,316386112,18,1893.53,3957.63,1,7.26683,0,False,,,,,,,,,,,,,,,,,,,,,,
316386112_19,316386112,19,1885.95,1625.48,2,4.13823,0,False,,,,,,,,,,,,,,,,,,,,,,
316419540_0,316419540,0,1879.6,4363.63,4,24.7746,1,False,True,25.8384,101.604,-3.94672,flare_decay,True,True,True,True,True,True,1.47726,0.86296,,,True,False,True,True,,True,
316419540_1,316419540,1,1889.1,3959.92,16,35.6071,1,True,True,33.0982,459.732,29.4183,flare_decay,True,True,True,True,True,True,0.905047,0.83763,,,True,True,True,True,,True,
316419540_2,316419540,2,1881.85,4274.62,24,43.7027,1,True,True,44.8602,694.784,60.905,flare_decay,True,True,True,True,True,True,0.377147,0.873141,,,True,True,True,True,,True,
316419540_3,316419540,3,1896.76,1368.02,16,12.3011,1,True,True,11.0245,29.0427,-6.58071,flare_decay,False,True,True,True,True,True,1.43052,1.3057,,,True,True,True,True,,True,
316419540_4,316419540,4,1876.16,1167.72,4,6.62977,0,False,,,,,,,,,,,,,,,,,,,,,,
316419540_5,316419540,5,1893.16,8683.35,1,25.6955,1,False,True,20.1727,9.51507,77.2736,flare_decay,False,True,True,True,True,True,0.406199,0.545306,,,False,True,True,True,,True,
316419540_6,316419540,6,1881.16,1075.29,2,4.33799,0,False,,,,,,,,,,,,,,,,,,,,,,
316419540_7,316419540,7,1877.37,331.53,24,3.38948,0,True,,,,,,,,,,,,,,,,,,,,,,
316419540_8,316419540,8,1871.68,1333.57,24,13.6341,1,True,True,12.1333,50.63,0.24191,flare_decay,True,True,True,True,True,True,1.42239,1.29535,,,True,True,True,True,True,True,
316419540_9,316419540,9,1896.99,2844.63,24,29.0829,1,True,True,26.7025,270.878,32.5927,flare_decay,True,True,True,True,True,True,0.899991,1.09761,,,True,True,True,True,True,True,
316419540_10,316419540,10,1882.82,2853.92,2,11.5135,1,False,True,10.9172,10.5007,-2.84726,flare_decay,True,True,True,True,True,True,0.340576,1.32104,,,True,False,True,True,,True,
316419540_11,316419540,11,1872.6,1019.36,1,3.01646,0,False,,,,,,,,,,,,,,,,,,,,,,
316419540_12,316419540,12,1892.41,1608.14,16,14.4602,1,True,True,12.9284,60.7756,-0.00681435,flare_decay,True,True,True,True,True,True,0.656503,0.799495,1.26294e-10,1.26301e-10,True,True,True,True,,True,True
316419540_13,316419540,13,1890.24,1087.35,1,3.21765,0,False,,,,,,,,,,,,,,,,,,,,,,
316419540_14,316419540,14,1874.74,1489.8,24,15.2314,1,True,True,13.5634,94.4826,-5.97015,flare_decay,True,True,True,True,True,True,0.413649,0.529231,,,True,True,True,True,True,True,
316419540_15,316419540,15,1888.55,4114.16,8,30.0097,1,True,True,29.6165,240.891,25.6447,flare_decay,True,True,True,True,True,True,0.706853,0.841021,,,True,True,True,True,,True,
316419540_16,316419540,16,1890.51,4610.72,1,13.6439,0,False,,,,,,,,,,,,,,,,,,,,,,
316419540_17,316419540,17,1896.87,1592.83,24,16.2847,1,True,True,14.3755,70.9458,1.5994,step,True,True,True,True,True,True,0.934263,1.23029,,,True,True,True,True,True,True,
316419540_18,316419540,18,1871.35,1807.68,4,10.2632,1,False,True,10.1697,13.3438,1.64274,flare_decay,True,False,True,True,True,True,0.39556,0.717846,,,True,True,True,True,True,True,
316419540_19,316419540,19,1892.1,13057.1,1,38.638,1,False,True,41.9386,552.811,-3.63875,flare_decay,True,True,True,True,True,True,0.698603,0.552658,,,True,True,True,True,,True,
316450929_0,316450929,0,1882.1,580.468,24,4.30189,0,True,,,,,,,,,,,,,,,,,,,,,,
316450929_1,316450929,1,1880.1,8427.59,2,19.4901,1,False,True,19.3793,24.3933,4.58069,flare_decay,True,True,True,True,True,True,0.569543,0.84442,,,True,False,True,True,,True,
316450929_2,316450929,2,1888.08,20163.8,1,32.5287,1,False,True,36.1243,184.609,0.681044,flare_decay,True,True,True,True,True,True,1.32775,0.582433,,,True,True,True,True,,True,
316450929_3,316450929,3,1875.2,4351.74,24,32.251,1,True,True,28.5324,236.981,18.73,flare_decay,True,True,True,True,True,True,0.526979,0.681665,6.55594e-07,0,True,True,True,True,,True,True
316450929_4,316450929,4,1892.85,495.965,24,3.67563,0,True,,,,,,,,,,,,,,,,,,,,,,
316450929_5,316450929,5,1897.08,23350.2,1,37.669,1,False,True,42.8647,480.048,-1.6348,flare_decay,True,True,True,True,True,True,2.14294,0.595295,,,True,False,True,True,,True,
316450929_6,316450929,6,1890.47,7388.65,8,30.8601,1,True,True,30.7081,249.313,35.805,flare_decay,True,True,True,True,True,True,1.02397,0.940906,,,True,True,True,True,True,True,
316450929_7,316450929,7,1893.22,3813.3,8,15.927,1,True,True,14.6922,21.7162,-2.01772,flare_decay,True,True,True,True,True,True,0.94202,0.843121,,,True,True,True,True,,True,
316450929_8,316450929,8,1889.22,2831.33,24,20.9832,1,True,True,17.989,43.8823,22.9473,flare_decay,True,True,True,True,True,True,0.75448,0.738206,,,True,True,True,True,,True,
316450929_9,316450929,9,1873.87,648.515,24,4.80618,0,True,,,,,,,,,,,,,,,,,,,,,,
316450929_10,316450929,10,1888.03,3414.38,16,19.9513,1,True,True,18.9828,73.3541,4.94261,flare_decay,True,True,True,True,True,True,0.744018,0.937024,,,True,True,True,True,,True,
316450929_11,316450929,11,1881.66,2943.87,16,17.2019,1,True,True,15.7032,46.0837,5.86907,flare_decay,True,True,True,True,True,True,0.816093,0.717267,2.35551e-07,0,True,True,True,True,,True,True
316450929_12,316450929,12,1888.91,855.398,24,6.33941,0,True,,,,,,,,,,,,,,,,,,,,,,
316450929_13,316450929,13,1889.97,6016.06,24,44.5854,1,True,True,43.7331,350.994,19.6553,flare_decay,True,True,True,True,True,True,0.634221,0.867052,,,True,True,True,True,,True,
316450929_14,316450929,14,1887.37,10168.7,8,42.4716,1,True,True,43.4933,314.432,26.0009,flare_decay,True,True,True,True,True,True,0.735436,0.974086,,,True,True,True,True,True,True,
316450929_15,316450929,15,1876.51,1725.09,2,3.98955,0,False,,,,,,,,,,,,,,,,,,,,,,
316450929_16,316450929,16,1883.1,4433.95,16,25.9089,1,True,True,24.8506,85.0036,-2.42336,flare_decay,True,True,True,True,True,True,0.70066,0.793176,,,True,True,True,True,,True,
316450929_17,316450929,17,1888.26,4104.46,24,30.4184,1,True,True,26.9568,158.802,18.0882,flare_decay,True,True,True,True,True,True,0.626198,0.906218,0.00328022,0,True,True,True,True,,True,True
316450929_18,316450929,18,1895.12,1421.64,2,3.28776,0,False,,,,,,,,,,,,,,,,,,,,,,
316450929_19,316450929,19,1882.53,5031.52,24,37.2889,1,True,True,37.4337,390.099,28.5674,flare_decay,True,True,True,True,True,True,1.33711,1.14408,,,True,True,True,True,,True,
318217149_0,318217149,0,1883.04,1056.41,24,4.34818,0,True,,,,,,,,,,,,,,,,,,,,,,
318217149_1,318217149,1,1870.95,15413.7,1,12.1889,0,False,,,,,,,,,,,,,,,,,,,,,,
318217149_2,318217149,2,1880.56,50000,1,39.5394,1,False,True,38.0414,58.072,47.2571,flare_decay,True,True,True,True,True,True,2.24928,0.64593,,,True,False,True,True,,True,
318217149_3,318217149,3,1881.27,8249.5,24,33.9549,1,True,True,32.55,185.397,5.3699,flare_decay,True,True,True,True,True,True,0.561263,0.743869,,,True,True,True,True,True,True,
318217149_4,318217149,4,1894.97,8610.82,8,18.0322,1,True,True,17.1792,46.8512,7.30769,flare_decay,True,True,True,True,True,True,0.70111,0.787724,,,True,True,True,True,,True,
318217149_5,318217149,5,1872.95,4649.96,16,14.6087,1,True,True,12.7282,13.517,0.921531,flare_decay,True,True,True,True,True,True,0.977428,0.973273,,,True,True,True,True,,True,
318217149_6,318217149,6,1879.62,5270.21,16,16.5574,1,True,True,14.3005,26.3592,2.99428,flare_decay,True,True,True,True,True,True,0.877722,0.778199,,,True,True,True,True,True,True,
318217149_7,318217149,7,1872.33,4030.31,16,12.662,1,True,True,11.7873,28.6937,3.08403,flare_decay,True,True,True,True,True,True,0.617769,0.863817,,,True,True,True,True,,True,
318217149_8,318217149,8,1888.1,5274.52,2,5.62224,0,False,,,,,,,,,,,,,,,,,,,,,,
318217149_9,318217149,9,1874.77,28734.2,2,30.6286,1,False,True,30.9553,97.5247,16.1071,flare_decay,True,True,True,True,True,True,0.923537,0.80977,,,True,False,True,True,,True,
318217149_10,318217149,10,1897.31,18211.2,1,14.4012,1,False,True,12.3113,13.8523,1.46714,flare_decay,True,True,True,True,True,True,0.894466,0.408972,,,True,True,True,True,,True,
318217149_11,318217149,11,1871.68,11116.7,8,23.28,1,True,True,23.9744,172.224,10.9891,flare_decay,True,True,True,True,True,True,0.931569,0.878257,,,True,True,True,True,True,True,
318217149_12,318217149,12,1876.2,37323.2,2,39.7838,1,False,True,38.5501,240.781,50.3733,flare_decay,True,True,True,True,True,True,1.13108,0.922738,,,True,False,True,True,,True,
318217149_13,318217149,13,1872.6,11753.9,2,12.5288,1,False,True,12.2577,28.1275,-4.46571,flare_decay,True,True,True,True,True,True,0.765412,0.843281,,,True,False,True,True,,True,
318217149_14,318217149,14,1897.33,5091.92,24,20.9583,0,True,,,,,,,,,,,,,,,,,,,,,,
318217149_15,318217149,15,1887.87,3490.93,24,14.3686,1,True,True,13.0675,26.6297,-6.29679,step,False,True,True,True,True,True,0.873707,2.09077,0.0898934,0,True,True,True,True,,True,True
318217149_16,318217149,16,1875.24,8081.72,1,6.39092,0,False,,,,,,,,,,,,,,,,,,,,,,
318217149_17,318217149,17,1886.49,7412.94,1,5.86206,0,False,,,,,,,,,,,,,,,,,,,,,,
318217149_18,318217149,18,1892.56,11356,2,12.1047,1,False,True,10.2278,8.35323,1.08693,flare_decay,False,False,True,True,True,True,0.668811,0.831503,,,False,True,True,True,,True,
318217149_19,318217149,19,1883.62,2354.63,4,3.47639,0,True,,,,,,,,,,,,,,,,,,,,,,
318357271_0,318357271,0,1875.41,9843.17,4,19.2377,1,False,True,19.4392,46.9536,24.4433,flare_decay,True,True,True,True,True,True,1.35307,0.923121,,,True,False,True,True,,True,
318357271_1,318357271,1,1871.29,1294.65,8,3.4071,0,True,,,,,,,,,,,,,,,,,,,,,,
318357271_2,318357271,2,1879.37,8159.83,24,46.1062,1,True,True,45.8071,245.638,33.0572,flare_decay,True,True,True,True,True,True,0.961498,0.95348,,,True,True,True,True,,True,
318357271_3,318357271,3,1887.06,10366.3,2,15.4229,1,False,True,15.4643,49.3749,5.72122,flare_decay,True,True,True,True,True,True,1.451,0.930254,,,True,False,True,True,,True,
318357271_4,318357271,4,1889.85,6254.72,8,16.4604,1,True,True,16.5138,74.8322,3.43181,flare_decay,True,True,True,True,False,True,0.647273,1.00956,,,True,True,True,False,,True,
318357271_5,318357271,5,1887.79,8200.73,4,16.0277,1,False,True,16.0424,70.5963,-7.28473,flare_decay,False,True,True,True,True,True,0.972328,0.844755,,,True,False,True,True,,True,
318357271_6,318357271,6,1897.08,7499.39,2,11.1576,1,False,True,12.1798,83.1413,18.8788,flare_decay,True,True,True,True,True,True,1.18055,1.09381,,,True,False,True,True,,True,
318357271_7,318357271,7,1872.58,8630.79,16,30.7537,1,True,True,28.6365,259.77,5.83122,flare_decay,True,True,True,True,False,True,1.28368,0.951335,,,True,True,True,False,,True,
318357271_8,318357271,8,1881.14,997.428,24,5.63585,0,True,,,,,,,,,,,,,,,,,,,,,,
318357271_9,318357271,9,1871.04,8705.23,8,22.9093,1,True,True,16.5339,30.0981,-1.11606,flare_decay,True,False,True,True,True,True,1.58528,0.931066,,,True,True,True,True,True,True,
318357271_10,318357271,10,1886.54,4810.42,1,5.15321,0,False,,,,,,,,,,,,,,,,,,,,,,
318357271_11,318357271,11,1875.06,14481,2,21.5448,1,False,True,22.1156,48.2503,13.1259,flare_decay,True,True,True,True,False,True,1.56355,0.959753,,,True,False,True,False,,True,
318357271_12,318357271,12,1873.33,2590.2,16,9.22952,0,True,,,,,,,,,,,,,,,,,,,,,,
318357271_13,318357271,13,1895.14,3180.74,1,3.40739,0,False,,,,,,,,,,,,,,,,,,,,,,
318357271_14,318357271,14,1896.87,4548.49,24,25.7007,1,True,True,26.0405,50.627,7.11473,flare_decay,True,True,True,True,False,True,1.07411,1.50362,,,True,True,True,False,,True,
318357271_15,318357271,15,1875.33,2253.42,4,4.40413,0,False,,,,,,,,,,,,,,,,,,,,,,
318357271_16,318357271,16,1870.95,4007.62,16,14.2801,1,True,True,9.09589,-0.842285,-2.27116,step,False,False,True,True,True,True,1.5056,0.829803,,,False,True,True,True,,True,
318357271_17,318357271,17,1891.29,16003.2,8,42.1153,1,True,True,42.6114,162.842,7.90211,flare_decay,True,True,True,True,True,True,0.920893,1.05421,,,True,True,True,True,,True,
318357271_18,318357271,18,1891.81,9913.62,1,10.6201,0,False,,,,,,,,,,,,,,,,,,,,,,
318357271_19,318357271,19,1881.93,2096.18,24,11.8443,1,True,True,12.8791,14.5646,-6.54459,flare_decay,False,True,True,True,True,True,0.800528,1.01018,,,True,True,True,True,,True,
328583989_0,328583989,0,1882.7,3266.47,24,25.3233,1,True,True,24.5155,34.4819,-9.37495,flare_decay,False,True,True,True,False,True,0.872152,1.39671,,,True,True,True,False,,True,
328583989_1,328583989,1,1887.41,1002.69,8,3.79622,0,True,,,,,,,,,,,,,,,,,,,,,,
328583989_2,328583989,2,1895.2,2925.19,2,5.34379,0,False,,,,,,,,,,,,,,,,,,,,,,
328583989_3,328583989,3,1878.37,7435.54,2,13.5834,1,False,True,13.6798,21.6313,-1.97067,flare_decay,True,True,True,True,True,True,0.932517,0.851172,,,True,False,True,True,,True,
328583989_4,328583989,4,1896.93,20323.6,4,53.712,1,True,True,53.0243,800.087,414.017,flare_decay,True,True,True,True,True,True,1.32677,0.931985,0.779693,0,True,True,True,True,True,True,False
328583989_5,328583989,5,1875.58,4354.01,2,7.954,1,False,True,7.13077,0.63957,-4.03071,flare_decay,False,True,True,True,True,True,1.29408,0.762361,,,False,False,True,True,,True,
328583989_6,328583989,6,1890.74,4346.19,24,33.6939,1,True,True,28.2827,117.164,10.2944,flare_decay,True,True,True,True,True,True,0.86469,0.972914,,,True,True,True,True,,True,
328583989_7,328583989,7,1896.06,23180.7,1,30.6027,1,False,True,31.102,164.349,0.0218432,flare_decay,True,True,True,True,True,True,1.53322,0.67699,,,True,False,True,True,,True,
328583989_8,328583989,8,1882.24,1562.44,24,12.1128,1,True,True,10.3751,10.5331,-5.77861,step,True,True,True,True,False,True,0.956415,1.34587,,,True,True,True,False,,True,
328583989_9,328583989,9,1896.1,2873.26,1,3.79323,0,False,,,,,,,,,,,,,,,,,,,,,,
328583989_10,328583989,10,1872.7,1290.94,4,3.41175,0,True,,,,,,,,,,,,,,,,,,,,,,
328583989_11,328583989,11,1891.99,13162.1,1,17.3763,1,False,True,18.976,61.4613,-3.36882,flare_decay,True,True,True,True,True,True,2.17038,0.63003,,,True,True,True,True,,True,
328583989_12,328583989,12,1894.58,5520.66,16,33.655,1,True,True,35.4713,264.494,54.171,flare_decay,True,True,True,True,True,True,0.843012,0.997848,,,True,True,True,True,,True,
328583989_13,328583989,13,1883.85,2418.31,1,3.1926,0,False,,,,,,,,,,,,,,,,,,,,,,
328583989_14,328583989,14,1895.64,2807.45,24,21.7647,1,True,True,17.7331,74.8416,-4.30586,flare_decay,True,True,True,True,False,True,0.391349,0.618203,,,True,True,True,False,,True,
328583989_15,328583989,15,1896.51,1554.41,16,9.47603,0,True,,,,,,,,,,,,,,,,,,,,,,
328583989_16,328583989,16,1873.89,23227.7,2,42.4328,1,False,True,41.1175,358.905,-34.408,flare_decay,False,True,True,True,True,True,0.939634,0.841056,,,True,False,True,True,,True,
328583989_17,328583989,17,1890.81,19473.4,1,25.7084,1,False,True,26.2286,195.065,24.5371,flare_decay,True,True,True,True,True,True,1.19604,0.650223,,,True,False,True,True,,True,
328583989_18,328583989,18,1872.72,38610.8,1,50.9733,1,False,True,50.9603,739.695,18.6141,flare_decay,True,True,True,True,True,True,1.39834,0.627695,,,True,False,True,True,,True,
328583989_19,328583989,19,1896.64,2527.31,2,4.61694,0,False,,,,,,,,,,,,,,,,,,,,,,
332477706_0,332477706,0,1872.01,37567.2,1,44.3967,1,False,True,28.3606,39.3311,311.245,flare_decay,True,True,True,True,True,True,1.64956,0.475033,,,True,True,True,True,,True,
332477706_1,332477706,1,1894.7,7029.65,4,14.801,1,True,True,16.5749,85.7146,-9.04502,flare_decay,False,True,True,True,True,True,1.27231,0.735584,,,True,True,True,True,,True,
332477706_2,332477706,2,1882.05,1143.75,24,5.53366,0,True,,,,,,,,,,,,,,,,,,,,,,
332477706_3,332477706,3,1888.18,2847.01,2,4.32508,0,False,,,,,,,,,,,,,,,,,,,,,,
332477706_4,332477706,4,1876.43,5137.34,8,15.4042,1,True,True,14.3166,29.9949,-5.47247,flare_decay,True,True,True,True,True,True,1.4823,0.996633,,,True,True,True,True,True,True,
332477706_5,332477706,5,1893.11,13512.8,2,20.5282,1,False,True,20.1781,90.5918,-5.2292,flare_decay,True,True,True,True,True,True,1.29637,0.759176,,,True,False,True,True,,True,
332477706_6,332477706,6,1890.01,2531.34,8,7.59015,1,True,True,7.58735,10.9872,0.806894,flare_decay,True,True,True,True,True,True,1.13667,0.651295,0.168649,0.139516,True,True,True,True,,True,False
332477706_7,332477706,7,1887.55,1953.07,8,5.85623,0,True,,,,,,,,,,,,,,,,,,,,,,
332477706_8,332477706,8,1876.51,26069.9,2,39.6045,1,False,True,38.7382,287.232,-23.7507,flare_decay,False,True,True,True,True,True,0.947952,0.776931,,,True,False,True,True,,True,
332477706_9,332477706,9,1872.24,3815.01,4,8.03255,0,True,,,,,,,,,,,,,,,,,,,,,,
332477706_10,332477706,10,1882.82,2692.15,8,8.07233,1,True,True,9.78963,15.8876,-4.08325,flare_decay,True,True,True,True,True,True,1.24112,0.994985,0.413941,0.403041,True,True,True,True,,True,False
332477706_11,332477706,11,1892.14,4892.32,16,21.1501,1,True,True,17.817,106.258,12.9885,flare_decay,True,False,True,True,True,True,0.79363,0.708135,,,True,True,True,True,,True,
332477706_12,332477706,12,1886.22,6505.25,24,31.4734,1,True,True,26.3465,202.138,2.90741,step,True,True,True,True,True,True,0.984141,0.835576,,,True,True,True,True,,True,
332477706_13,332477706,13,1886.11,1929.05,24,9.33306,0,True,,,,,,,,,,,,,,,,,,,,,,
332477706_14,332477706,14,1879.64,11815.3,2,17.9495,1,False,True,19.0831,71.045,9.50223,flare_decay,True,True,True,True,True,True,0.819034,0.78538,,,True,False,True,True,,True,
332477706_15,332477706,15,1896.59,10610.4,16,45.8701,1,True,True,43.8947,368.486,21.7755,flare_decay,True,True,True,True,True,True,0.932234,0.767988,,,True,True,True,True,True,True,
332477706_16,332477706,16,1875.24,38520.4,1,45.5231,1,False,True,27.4638,8.63114,492.182,flare_decay,False,True,True,True,True,True,2.3093,0.556051,,,False,False,True,True,,True,
332477706_17,332477706,17,1894.51,1111.44,24,5.37734,0,True,,,,,,,,,,,,,,,,,,,,,,
332477706_18,332477706,18,1875.53,8915.04,4,18.7707,1,True,True,19.7696,50.277,36.5413,flare_decay,True,True,True,True,True,True,1.01123,0.722985,,,True,True,True,True,,True,
332477706_19,332477706,19,1893.49,1027.46,8,3.0808,0,True,,,,,,,,,,,,,,,,,,,,,,
335661307_0,335661307,0,1892.35,1152.41,24,17.3127,1,True,True,15.0068,61.1409,1.20626,flare_decay,True,True,False,True,True,False,0.225227,0.479824,,,True,True,True,False,,True,
335661307_1,335661307,1,1875.76,1305.18,1,3.89019,0,False,,,,,,,,,,,,,,,,,,,,,,
335661307_2,335661307,2,1875.89,896.661,24,13.4706,1,True,True,13.0093,9.30019,-3.00072,step,False,True,True,True,True,True,0.550257,1.28243,,,False,True,True,True,,True,
335661307_3,335661307,3,1889.91,4144.67,16,51.3623,1,True,True,49.1842,262.133,41.0971,flare_decay,True,True,True,True,True,True,0.316484,0.8665,,,True,True,True,True,,True,
335661307_4,335661307,4,1888.62,1197.28,16,14.8371,1,True,True,17.7601,16.6142,3.29841,flare_decay,True,True,False,True,True,False,0.177467,0.401462,,,True,True,True,False,,True,
335661307_5,335661307,5,1883.35,3703.57,24,55.639,1,True,True,52.1452,228.854,28.9108,flare_decay,True,True,False,True,False,False,0.0777001,0.170497,,,True,True,True,False,,True,
335661307_6,335661307,6,1891.1,3294.67,24,49.496,1,True,True,41.4353,381.902,14.3187,flare_decay,True,True,True,True,True,True,0.417829,0.916325,,,True,True,True,True,,True,
335661307_7,335661307,7,1871.01,1466.14,2,5.92418,0,False,,,,,,,,,,,,,,,,,,,,,,
335661307_8,335661307,8,1890.78,1559.92,8,13.5515,1,True,True,12.489,7.4662,-3.80797,flare_decay,False,True,False,True,True,False,0.154125,0.542395,,,False,True,True,False,,True,
335661307_9,335661307,9,1877.85,1124.7,24,16.8964,1,True,True,19.9267,59.1809,-9.36944,flare_decay,False,True,True,True,True,True,0.515876,1.19738,,,True,True,True,True,,True,
335661307_10,335661307,10,1881.08,4015.1,4,22.9176,1,True,True,24.4837,83.2677,3.5144,flare_decay,True,True,True,True,True,True,0.717491,0.861978,,,True,True,True,True,,True,
335661307_11,335661307,11,1878.55,3859.3,16,47.8258,1,True,True,46.012,385.833,22.4426,flare_decay,True,True,True,True,True,True,0.546906,0.894326,,,True,True,True,True,,True,
335661307_12,335661307,12,1875.95,542.179,24,8.14519,0,True,,,,,,,,,,,,,,,,,,,,,,
335661307_13,335661307,13,1883.3,717.307,4,4.09429,0,True,,,,,,,,,,,,,,,,,,,,,,
335661307_14,335661307,14,1878.37,611.338,8,5.31087,0,True,,,,,,,,,,,,,,,,,,,,,,
335661307_15,335661307,15,1892.39,2428.19,16,30.091,1,True,True,29.2053,194.378,15.2624,flare_decay,True,True,True,True,True,True,0.344267,0.722013,,,True,True,True,True,True,True,
335661307_16,335661307,16,1891.03,1437.64,8,12.4892,1,True,True,12.4919,20.4048,-8.82578,flare_decay,False,True,True,True,True,True,0.473573,0.728004,,,True,True,True,True,True,True,
335661307_17,335661307,17,1874.7,1948.83,24,29.2774,1,True,True,29.9105,100.183,1.43485,flare_decay,True,True,False,True,True,False,0.285705,0.54808,,,True,True,True,False,,True,
335661307_18,335661307,18,1888.95,2980.92,4,17.0147,1,True,True,16.6684,30.259,-10.3292,flare_decay,False,True,True,True,True,True,0.584168,0.981674,,,True,True,True,True,,True,
335661307_19,335661307,19,1875.28,3959.33,2,15.9983,1,False,True,17.4281,52.4291,18.579,flare_decay,True,True,True,True,True,True,0.455589,0.768145,,,True,False,True,True,,True,
341649643_0,341649643,0,1871.7,4232.54,1,7.20664,0,False,,,,,,,,,,,,,,,,,,,,,,
341649643_1,341649643,1,1871.81,5557.78,24,36.0553,1,True,True,34.8275,471.534,32.8783,flare_decay,True,True,True,True,True,True,0.694924,1.0116,,,True,True,True,True,,True,
341649643_2,341649643,2,1891.62,2186.6,2,5.32945,0,False,,,,,,,,,,,,,,,,,,,,,,
341649643_3,341649643,3,1881.33,15775.8,4,49.5777,1,True,True,48.9291,264.865,-34.1371,flare_decay,False,True,True,True,True,True,0.983299,0.991923,,,True,True,True,True,,True,
341649643_4,341649643,4,1876.6,2292.5,8,9.45727,1,True,True,8.34939,3.72217,-1.67435,flare_decay,False,True,False,True,True,True,1.60455,1.74495,,,False,True,True,True,,True,
341649643_5,341649643,5,1889.66,7784.67,8,32.1142,1,True,True,31.5168,550.756,43.7577,flare_decay,True,True,True,True,True,True,1.27901,0.965631,,,True,True,True,True,,True,
341649643_6,341649643,6,1878.49,7428.29,16,40.9696,1,True,True,38.7393,530.33,30.8179,flare_decay,True,True,True,True,True,True,0.890501,0.996393,,,True,True,True,True,,True,
341649643_7,341649643,7,1878.22,6505.73,2,15.8566,1,False,True,14.5777,53.9558,20.5432,flare_decay,True,True,True,True,True,True,1.3977,0.953161,,,True,False,True,True,,True,
341649643_8,341649643,8,1882.7,2357.32,1,4.01375,0,False,,,,,,,,,,,,,,,,,,,,,,
341649643_9,341649643,9,1897.08,3749.86,1,6.3848,0,False,,,,,,,,,,,,,,,,,,,,,,
341649643_10,341649643,10,1879.45,3993.91,8,16.4761,1,True,True,15.0251,54.2256,0.959741,flare_decay,True,True,True,True,True,True,0.953196,0.870769,,,True,True,True,True,,True,
341649643_11,341649643,11,1896.41,502.935,24,3.26272,0,True,,,,,,,,,,,,,,,,,,,,,,
341649643_12,341649643,12,1890.26,6036.59,24,39.1616,1,True,True,33.9853,898.423,245.063,flare_decay,True,True,True,True,True,True,1.14992,0.953588,,,True,True,True,True,True,True,
341649643_13,341649643,13,1880.95,701.775,16,3.87054,0,True,,,,,,,,,,,,,,,,,,,,,,
341649643_14,341649643,14,1890.79,738.38,8,3.04605,0,True,,,,,,,,,,,,,,,,,,,,,,
341649643_15,341649643,15,1883.58,1775.29,2,4.32695,0,False,,,,,,,,,,,,,,,,,,,,,,
341649643_16,341649643,16,1873.08,4398.76,1,7.48966,0,False,,,,,,,,,,,,,,,,,,,,,,
341649643_17,341649643,17,1877.49,2996.14,16,16.5248,1,True,True,19.825,120.445,9.15722,flare_decay,True,True,True,True,True,True,0.45712,0.792595,,,True,True,True,True,,True,
341649643_18,341649643,18,1891.95,758.183,16,4.18164,0,True,,,,,,,,,,,,,,,,,,,,,,
341649643_19,341649643,19,1879.81,20349.9,1,34.6492,1,False,True,37.4739,175.66,2.4099,flare_decay,True,True,True,True,True,True,2.19933,0.67865,0.999999,0,True,True,True,True,,True,False
355126793_0,355126793,0,1894.89,5897.2,4,9.2529,1,False,True,8.79805,18.3476,-7.58073,step,False,True,True,True,True,True,0.687232,1.1118,,,True,False,True,True,,True,
355126793_1,355126793,1,1897.29,2052.33,16,6.15099,0,True,,,,,,,,,,,,,,,,,,,,,,
355126793_2,355126793,2,1892.12,13594,24,55.4198,1,True,True,44.2427,572.047,74.4545,flare_decay,True,True,True,True,True,True,1.24903,0.949339,,,True,True,True,True,,True,
355126793_3,355126793,3,1873.85,50000,1,40.3843,1,False,True,25.0671,8.7445,549.301,flare_decay,False,True,True,True,True,True,0.916222,0.59116,,,False,False,True,True,,True,
355126793_4,355126793,4,1877.35,9174.08,2,10.3611,1,False,True,8.58008,10.3572,-5.65455,flare_decay,True,True,True,True,True,True,0.881928,0.969953,,,True,False,True,True,,True,
355126793_5,355126793,5,1878.06,19404.6,8,39.0586,1,True,True,37.6107,274.537,2.541,flare_decay,True,True,True,True,True,True,1.37769,0.974398,,,True,True,True,True,,True,
355126793_6,355126793,6,1882.47,3229.4,4,5.06703,0,False,,,,,,,,,,,,,,,,,,,,,,
355126793_7,355126793,7,1890.87,19530.5,8,39.3119,1,True,True,39.495,235.864,38.3562,flare_decay,True,True,True,True,True,True,0.822765,0.943974,,,True,True,True,True,True,True,
355126793_8,355126793,8,1873.62,6627.14,1,5.35265,0,False,,,,,,,,,,,,,,,,,,,,,,
355126793_9,355126793,9,1880.68,23995.3,8,48.299,1,True,True,47.1341,957.918,75.6265,flare_decay,True,True,True,True,True,True,0.905735,0.981208,,,True,True,True,True,True,True,
355126793_10,355126793,10,1878.95,2974.23,8,5.98668,0,True,,,,,,,,,,,,,,,,,,,,,,
355126793_11,355126793,11,1881.6,40938.1,2,46.2351,1,False,True,46.5808,291.682,-33.588,flare_decay,False,True,True,True,True,True,1.18369,0.906552,,,True,False,True,True,,True,
355126793_12,355126793,12,1892.2,3555.75,4,5.5791,0,False,,,,,,,,,,,,,,,,,,,,,,
355126793_13,355126793,13,1896.83,14195.5,2,16.0323,1,False,True,16.4668,16.8758,-3.88948,flare_decay,True,True,True,True,True,True,0.77848,0.917579,,,True,False,True,True,,True,
355126793_14,355126793,14,1876.47,4402.74,8,8.86205,1,True,True,9.28033,12.2254,-1.3503,step,True,True,True,True,True,True,1.13745,1.20561,0.0668546,2.92686e-10,True,True,True,True,True,True,True
355126793_15,355126793,15,1888.45,4310.87,4,6.76391,1,False,True,7.10013,-5.06507,-3.4669,flare_decay,False,True,True,True,True,True,0.917267,0.916493,,,False,False,True,True,,True,
355126793_16,355126793,16,1880.12,4573.55,16,13.7072,1,True,True,11.7135,28.6408,5.10025,flare_decay,True,True,True,True,True,True,0.964959,1.19154,,,True,True,True,True,,True,
355126793_17,355126793,17,1878.91,7603.44,24,30.9977,1,True,True,28.3961,195.149,15.7858,flare_decay,True,True,True,True,True,True,0.87191,0.965489,,,True,True,True,True,True,True,
355126793_18,355126793,18,1890.91,1206.6,24,4.91907,0,True,,,,,,,,,,,,,,,,,,,,,,
355126793_19,355126793,19,1880.35,1102.83,16,3.30527,0,True,,,,,,,,,,,,,,,,,,,,,,
356340854_0,356340854,0,1876.95,3090.41,16,18.2459,1,True,True,16.2442,21.6413,1.14904,flare_decay,True,True,True,True,True,True,0.626333,0.887117,,,True,True,True,True,True,True,
356340854_1,356340854,1,1879.68,4304.43,24,31.3401,1,True,True,27.3799,154.768,18.759,flare_decay,True,True,True,True,True,True,0.766781,0.821445,,,True,True,True,True,True,True,
356340854_2,356340854,2,1879.24,1791.3,2,3.30538,0,False,,,,,,,,,,,,,,,,,,,,,,
356340854_3,356340854,3,1891.97,6790.23,8,24.5104,1,True,True,23.2755,188.805,5.79502,flare_decay,True,True,True,True,True,True,0.981607,0.829052,,,True,True,True,True,,True,
356340854_4,356340854,4,1889.49,2641.07,24,19.2294,1,True,True,16.947,64.3451,6.51703,flare_decay,True,True,True,True,True,True,0.728631,0.594919,,,True,True,True,True,,True,
356340854_5,356340854,5,1888.99,2304.8,24,16.781,1,True,True,14.478,34.7689,6.77345,flare_decay,True,True,True,True,True,True,0.417426,0.463895,,,True,True,True,True,,True,
356340854_6,356340854,6,1883.32,11395.2,8,41.1329,1,True,True,40.4107,386.138,78.6568,flare_decay,True,True,True,True,True,True,0.887889,0.86131,,,True,True,True,True,,True,
356340854_7,356340854,7,1887.2,4686.98,16,27.6721,1,True,True,25.2804,50.1925,0.548794,flare_decay,True,True,True,True,True,True,1.18618,1.2479,,,True,True,True,True,True,True,
356340854_8,356340854,8,1879.32,15559.4,8,56.1643,1,True,True,53.2822,448.938,47.9791,flare_decay,True,True,True,True,True,True,1.12126,0.904031,,,True,True,True,True,True,True,
356340854_9,356340854,9,1890.74,4164.15,2,7.68386,0,False,,,,,,,,,,,,,,,,,,,,,,
356340854_10,356340854,10,1885.45,1287.41,8,4.64711,0,True,,,,,,,,,,,,,,,,,,,,,,
356340854_11,356340854,11,1882.47,14332.7,8,51.736,1,True,True,48.9157,510.195,37.5544,flare_decay,True,True,True,True,True,True,0.811399,0.900401,,,True,True,True,True,,True,
356340854_12,356340854,12,1875.82,23091.2,2,42.6088,1,False,True,40.9502,179.432,26.4108,flare_decay,True,True,True,True,True,True,0.817187,0.875799,,,True,False,True,True,,True,
356340854_13,356340854,13,1889.01,4915.18,24,35.787,1,True,True,31.5255,169.806,19.7469,flare_decay,True,True,True,True,True,True,0.664661,0.664347,,,True,True,True,True,,True,
356340854_14,356340854,14,1888.68,1899.76,8,6.85748,0,True,,,,,,,,,,,,,,,,,,,,,,
356340854_15,356340854,15,1880.99,18592,2,34.3066,1,False,True,36.5533,176.82,2.26988,flare_decay,True,True,True,True,True,True,2.02779,0.856074,,,True,False,True,True,,True,
356340854_16,356340854,16,1875.8,2754.87,1,3.56922,0,False,,,,,,,,,,,,,,,,,,,,,,
356340854_17,356340854,17,1886.38,6040.48,8,21.8041,1,True,True,22.7887,72.6465,11.8722,flare_decay,True,True,True,True,True,True,0.564439,0.790764,0.117438,2.09003e-60,True,True,True,True,True,True,True
356340854_18,356340854,18,1880.84,11723.1,1,15.1885,1,False,True,14.4272,51.5306,-1.13382,flare_decay,True,True,True,True,True,True,0.844367,0.71948,,,True,False,True,True,,True,
356340854_19,356340854,19,1882.86,1492.28,16,8.81047,0,True,,,,,,,,,,,,,,,,,,,,,,
356821512_0,356821512,0,1893.89,6267.78,4,17.2346,1,True,True,16.6288,38.9974,-13.0416,flare_decay,False,True,True,True,True,True,0.835316,0.879518,,,True,True,True,True,True,True,
356821512_1,356821512,1,1878.84,5381.73,4,14.7982,1,True,True,15.6098,15.6287,6.25052,flare_decay,True,True,True,True,True,True,2.93412,1.05324,0.109396,3.08919e-05,True,True,True,True,,True,True
356821512_2,356821512,2,1881.22,4827.8,8,18.5682,1,True,True,19.005,61.4845,8.83928,flare_decay,True,True,True,True,True,True,0.89264,0.884126,,,True,True,True,True,,True,
356821512_3,356821512,3,1889.84,1840.28,2,3.66441,0,False,,,,,,,,,,,,,,,,,,,,,,
356821512_4,356821512,4,1889.91,20521.7,4,56.4288,1,True,True,55.842,366.092,-61.1116,flare_decay,False,True,True,True,True,True,0.608244,0.921552,,,True,True,True,True,,True,
356821512_5,356821512,5,1887.18,14632.3,8,56.2772,1,True,True,54.3595,301.714,16.0414,flare_decay,True,True,True,True,True,True,0.639212,1.00897,,,True,True,True,True,,True,
356821512_6,356821512,6,1871.93,1510.67,24,10.2126,0,True,,,,,,,,,,,,,,,,,,,,,,
356821512_7,356821512,7,1873.01,4095.48,24,27.6869,1,True,True,24.9863,159.24,2.99521,flare_decay,True,True,True,True,True,True,0.906481,0.805886,,,True,True,True,True,,True,
356821512_8,356821512,8,1888.97,20511.4,4,56.4007,1,True,True,56.9956,907.702,606.136,flare_decay,True,True,True,True,True,True,0.875402,0.933198,,,True,True,True,True,,True,
356821512_9,356821512,9,1872.32,2138.22,24,14.4551,1,True,True,11.7262,13.8015,-6.85056,step,False,True,True,True,True,True,0.358011,0.499408,,,True,True,True,True,,True,
356821512_10,356821512,10,1872.51,1875.96,16,9.70368,0,True,,,,,,,,,,,,,,,,,,,,,,
356821512_11,356821512,11,1891.22,10777.1,4,29.6339,1,True,True,30.371,167.766,-29.9342,flare_decay,False,True,True,True,True,True,0.647662,0.934775,,,True,True,True,True,True,True,
356821512_12,356821512,12,1874.87,2257.74,1,3.05831,0,False,,,,,,,,,,,,,,,,,,,,,,
356821512_13,356821512,13,1887.7,3242.72,24,21.9219,1,True,True,16.7313,60.6049,1.39207,flare_decay,True,True,True,True,True,True,1.4892,2.13461,,,True,True,True,True,True,True,
356821512_14,356821512,14,1880.37,2244.88,1,3.04088,0,False,,,,,,,,,,,,,,,,,,,,,,
356821512_15,356821512,15,1874.95,2137.08,8,8.21942,1,True,True,7.409,3.36494,-2.55931,flare_decay,False,True,True,True,True,True,1.01849,0.973074,,,False,True,True,True,,True,
356821512_16,356821512,16,1875.09,972.9,8,3.74187,0,True,,,,,,,,,,,,,,,,,,,,,,
356821512_17,356821512,17,1879.09,3696.96,4,10.1656,1,True,True,11.256,1.51907,6.26007,flare_decay,False,True,True,True,True,True,0.946209,0.690894,,,False,True,True,True,,True,
356821512_18,356821512,18,1886.78,1582.17,16,8.18403,1,True,True,9.91632,-3.50407,-5.87631,step,False,True,True,True,True,True,0.422538,0.641157,,,False,True,True,True,,True,
356821512_19,356821512,19,1875.39,8983.98,2,17.8891,1,False,True,19.2416,77.103,19.0746,flare_decay,True,True,True,True,True,True,1.32451,0.892816,,,True,False,True,True,,True,
357157880_0,357157880,0,1879.47,9008.75,1,18.5878,1,False,True,15.6543,222.211,16.4926,flare_decay,True,True,True,True,True,True,1.32503,0.65608,,,True,False,True,True,,True,
357157880_1,357157880,1,1876.33,6473.56,8,15.3069,1,True,True,14.0831,600.638,104.179,flare_decay,True,True,True,True,True,True,0.829202,1.2678,,,True,True,True,True,,True,
357157880_2,357157880,2,1876.14,4650.78,1,9.59598,0,False,,,,,,,,,,,,,,,,,,,,,,
357157880_3,357157880,3,1886.06,1683.86,2,3.78871,0,False,,,,,,,,,,,,,,,,,,,,,,
357157880_4,357157880,4,1892.74,1391.55,4,3.22212,0,False,,,,,,,,,,,,,,,,,,,,,,
357157880_5,357157880,5,1889.72,5582.28,8,13.1995,1,True,True,13.4129,294.202,11.3087,flare_decay,True,True,True,True,True,True,3.34907,0.999839,,,True,True,True,True,,True,
357157880_6,357157880,6,1882.76,3249.73,4,7.52472,0,False,,,,,,,,,,,,,,,,,,,,,,
357157880_7,357157880,7,1885.87,15373.7,1,31.7206,1,False,True,21.783,-2.69698,373.472,flare_decay,False,True,True,True,True,True,1.51925,0.778622,,,False,False,True,True,,True,
357157880_8,357157880,8,1893.95,3317.89,1,6.84581,0,False,,,,,,,,,,,,,,,,,,,,,,
357157880_9,357157880,9,1877.85,2145.62,8,5.07337,1,True,True,7.52858,52.0289,23.6097,flare_decay,True,True,True,True,True,True,2.27968,1.17942,7.41964e-05,0,True,True,True,True,,True,True
357157880_10,357157880,10,1881.14,13993.2,8,33.0872,1,True,True,35.6506,5280.37,974.421,flare_decay,True,True,True,True,True,True,3.49465,0.958533,,,True,True,True,True,True,True,
357157880_11,357157880,11,1879.91,1990.34,1,4.10668,0,False,,,,,,,,,,,,,,,,,,,,,,
357157880_12,357157880,12,1896.79,11861.1,24,35.0021,1,True,True,29.4225,3784.61,-3034.72,flare_decay,False,True,True,True,True,True,3.83749,1.07792,,,True,True,True,True,True,True,
357157880_13,357157880,13,1877.14,10554.3,24,31.1456,1,True,True,32.1908,3782.58,440.639,flare_decay,True,True,True,True,True,True,2.16962,0.819475,,,True,True,True,True,,True,
357157880_14,357157880,14,1879.7,4904.77,4,11.357,1,False,True,10.9655,111.187,58.4939,flare_decay,True,True,True,True,True,True,2.72807,0.932326,,,True,False,True,True,,True,
357157880_15,357157880,15,1895.26,5709.96,8,13.5014,1,True,True,14.9844,461.813,37.4308,flare_decay,True,True,True,True,True,True,1.83831,0.928747,,,True,True,True,True,True,True,
357157880_16,357157880,16,1878.51,3175.09,4,7.3519,1,False,True,7.53157,110.349,51.1099,flare_decay,True,True,True,True,True,True,1.97417,0.995471,,,True,False,True,True,,True,
357157880_17,357157880,17,1883.22,5547.5,16,13.9014,1,True,True,15.3556,819.397,118.583,flare_decay,True,True,True,True,True,True,1.3962,0.741753,,,True,True,True,True,,True,
357157880_18,357157880,18,1890.85,3154.05,24,9.30759,1,True,True,10.2916,726.598,166.867,flare_decay,True,True,True,True,True,True,3.51691,1.11414,9.88098e-15,0,True,True,True,True,,True,True
357157880_19,357157880,19,1878.29,14280.3,4,33.0659,1,False,True,36.2239,1402.98,-19.6874,flare_decay,False,True,True,True,True,True,2.09021,0.917536,,,True,False,True,True,,True,
366119074_0,366119074,0,1896.93,2507.39,8,14.8644,1,True,True,13.6265,75.5315,-8.20031,flare_decay,False,True,True,True,True,True,0.791415,0.900058,,,True,True,True,True,True,True,
366119074_1,366119074,1,1890.97,8089.31,2,24.8564,1,False,True,24.8798,185.586,20.446,flare_decay,True,True,True,True,True,True,0.491119,0.807252,,,True,False,True,True,,True,
366119074_2,366119074,2,1887.53,1069.59,16,7.3142,1,True,True,11.479,3.97858,-1.57797,flare_decay,False,True,True,True,True,True,0.867181,1.6324,,,False,True,True,True,,True,
366119074_3,366119074,3,1870.66,3864.21,8,22.9079,0,True,,,,,,,,,,,,,,,,,,,,,,
366119074_4,366119074,4,1883.07,12765.1,2,39.224,1,False,True,38.4634,466.619,13.51,flare_decay,True,False,False,True,True,True,0.403578,0.721321,,,True,False,False,True,,True,
366119074_5,366119074,5,1893.66,1697.68,1,3.90864,0,False,,,,,,,,,,,,,,,,,,,,,,
366119074_6,366119074,6,1893.74,6764.18,2,20.7846,1,False,True,19.9163,75.2634,0.347761,flare_decay,True,True,True,True,True,True,0.88673,0.672177,,,True,False,True,True,,True,
366119074_7,366119074,7,1886.07,2332.69,8,13.8287,1,True,True,11.9926,9.74196,-2.22112,flare_decay,False,True,True,True,True,True,0.91481,0.938279,,,False,True,True,True,,True,
366119074_8,366119074,8,1892.41,23656.7,1,54.4659,1,False,True,62.2651,352.544,-3.81524,flare_decay,True,False,False,True,True,True,1.26659,0.476842,,,True,True,False,True,,True,
366119074_9,366119074,9,1874.05,1195.69,4,4.84824,0,True,,,,,,,,,,,,,,,,,,,,,,
366119074_10,366119074,10,1876.63,1632.91,24,13.9776,1,True,True,12.0219,1.55149,-2.79834,step,False,True,False,True,False,False,-0.147141,-0.239317,,,False,True,True,False,,True,
366119074_11,366119074,11,1895.22,6380.44,1,14.69,1,False,True,12.7776,3.18923,12.7444,flare_decay,False,True,True,True,True,True,0.998694,0.674059,,,False,False,True,True,,True,
366119074_12,366119074,12,1894.86,11995.3,4,48.638,1,True,True,47.5701,368.658,99.2939,flare_decay,True,True,True,True,True,True,0.857411,0.84178,,,True,True,True,True,,True,
366119074_13,366119074,13,1875.63,7452.88,16,50.9654,1,True,True,50.0952,649.671,33.8575,flare_decay,True,True,True,True,True,True,0.678495,0.708094,,,True,True,True,True,,True,
366119074_14,366119074,14,1880.95,2850.09,4,11.5564,1,True,True,10.6181,41.0561,15.6966,flare_decay,True,True,True,True,True,True,2.53581,0.887852,,,True,True,True,True,,True,
366119074_15,366119074,15,1892.86,5506.72,2,16.9208,1,False,True,16.2404,70.0702,7.59717,flare_decay,True,True,True,True,True,True,1.37726,0.957309,,,True,False,True,True,,True,
366119074_16,366119074,16,1879.93,2794.95,2,8.58817,1,False,True,9.0511,2.14905,-2.00181,flare_decay,False,True,True,True,True,True,0.581497,0.857642,,,False,False,True,True,,True,
366119074_17,366119074,17,1875.91,2783.86,1,6.4094,0,False,,,,,,,,,,,,,,,,,,,,,,
366119074_18,366119074,18,1889.97,1035.28,2,3.18117,0,False,,,,,,,,,,,,,,,,,,,,,,
366119074_19,366119074,19,1872.18,12903.7,2,39.65,1,False,True,38.4165,259.175,105.461,flare_decay,True,True,True,True,True,True,0.61286,0.858876,,,True,False,True,True,,True,
367656696_0,367656696,0,1891.05,14186.2,2,44.3338,1,False,True,45.1849,844.559,181.979,flare_decay,True,True,True,True,True,True,0.915715,0.882373,,,True,False,True,True,,True,
367656696_1,367656696,1,1882.24,2153.86,4,8.18589,1,False,True,8.85544,0.856109,-9.88619,flare_decay,False,True,True,True,True,True,5.41267,0.993843,,,False,False,True,True,,True,
367656696_2,367656696,2,1894.72,615.302,16,3.36708,0,True,,,,,,,,,,,,,,,,,,,,,,
367656696_3,367656696,3,1882.76,6139.65,8,28.2833,1,True,True,27.7689,591.548,69.7972,flare_decay,True,True,True,True,True,True,1.89554,1.06436,,,True,True,True,True,True,True,
367656696_4,367656696,4,1895.33,4989.18,8,22.9835,1,True,True,22.656,223.537,26.8894,flare_decay,True,True,True,True,True,True,1.01261,0.949368,,,True,True,True,True,True,True,
367656696_5,367656696,5,1883.39,4158.37,2,12.9954,1,False,True,12.1918,21.5986,-6.06891,flare_decay,False,True,True,True,True,True,1.12058,0.974605,,,True,False,True,True,,True,
367656696_6,367656696,6,1881.16,1323.42,8,6.09657,0,True,,,,,,,,,,,,,,,,,,,,,,
367656696_7,367656696,7,1879.14,2453.94,2,7.66886,1,False,True,8.413,35.7074,-3.33228,flare_decay,True,True,True,True,True,True,1.30813,0.810789,,,True,False,True,True,,True,
367656696_8,367656696,8,1882.05,800.275,4,3.0415,0,False,,,,,,,,,,,,,,,,,,,,,,
367656696_9,367656696,9,1872.87,4124.79,4,15.6765,1,False,True,15.2005,68.2074,-7.43199,flare_decay,False,True,True,True,True,True,0.573577,0.867883,,,True,False,True,True,,True,
367656696_10,367656696,10,1871.66,2386.93,1,5.82493,0,False,,,,,,,,,,,,,,,,,,,,,,
367656696_11,367656696,11,1879.55,482.008,24,3.32545,0,True,,,,,,,,,,,,,,,,,,,,,,
367656696_12,367656696,12,1875.24,7317.55,2,22.8682,1,False,True,22.745,159.869,-2.13815,flare_decay,True,True,True,True,True,True,2.13677,0.928898,,,True,False,True,True,,True,
367656696_13,367656696,13,1882.6,9351.82,8,43.0807,1,True,True,42.6831,1219.88,148.423,flare_decay,True,True,True,True,True,True,1.22542,0.984773,,,True,True,True,True,,True,
367656696_14,367656696,14,1895.2,4802.02,8,22.1213,1,True,True,21.6764,193.289,9.2702,flare_decay,True,True,True,True,True,True,1.19742,0.965861,,,True,True,True,True,,True,
367656696_15,367656696,15,1874.24,4973.36,4,18.9016,1,False,True,19.8,102.126,54.4761,flare_decay,True,True,True,True,True,True,1.38825,0.862396,,,True,False,True,True,,True,
367656696_16,367656696,16,1875.01,1499.31,24,10.344,1,True,True,11.3713,132.02,11.3251,step,True,True,True,True,False,True,0.5858,0.413659,,,True,True,True,False,,True,
367656696_17,367656696,17,1894.1,1694.01,2,5.29399,0,False,,,,,,,,,,,,,,,,,,,,,,
367656696_18,367656696,18,1896.74,4267.78,24,29.4442,1,True,True,25.4557,592.076,54.8893,flare_decay,True,True,True,True,True,True,1.74694,1.11123,,,True,True,True,True,,True,
367656696_19,367656696,19,1882.93,7077.13,2,22.1169,1,False,True,20.1164,120.161,-26.6677,flare_decay,False,True,False,True,True,True,1.08833,1.00813,,,True,False,True,True,,True,
416536102_0,416536102,0,1883.81,3668.72,4,6.84909,0,True,,,,,,,,,,,,,,,,,,,,,,
416536102_1,416536102,1,1893.79,3661.8,4,6.83617,0,True,,,,,,,,,,,,,,,,,,,,,,
416536102_2,416536102,2,1879.6,7452.71,16,29.7711,1,True,True,27.1401,73.7743,8.93304,flare_decay,True,True,True,True,False,True,0.79896,0.856132,,,True,True,True,False,,True,
416536102_3,416536102,3,1886.85,7033.54,1,6.37527,0,False,,,,,,,,,,,,,,,,,,,,,,
416536102_4,416536102,4,1890.04,3215.82,24,16.8911,1,True,True,15.912,8.02069,1.61992,flare_decay,False,True,True,True,True,True,0.764908,0.924006,,,False,True,True,True,,True,
416536102_5,416536102,5,1881.16,2111.69,16,8.4355,1,True,True,8.44624,5.19112,-2.66443,step,False,True,True,True,True,True,0.466656,0.608649,,,False,True,True,True,,True,
416536102_6,416536102,6,1894.91,18734.8,2,26.3518,1,False,True,23.7336,30.1562,-10.0328,flare_decay,False,True,True,True,True,True,1.05054,0.951201,,,True,False,True,True,,True,
416536102_7,416536102,7,1879.95,4350.33,4,8.12159,1,True,True,9.43264,8.78896,0.434471,flare_decay,False,True,True,True,True,True,1.01881,1.13916,,,False,True,True,True,,True,
416536102_8,416536102,8,1872.68,8510.66,24,44.7022,1,True,True,41.0213,205.045,18.1032,flare_decay,True,True,True,True,False,True,0.706558,0.898964,,,True,True,True,False,,True,
416536102_9,416536102,9,1877.45,9020.11,2,12.6874,1,False,True,11.5321,14.2917,-7.67738,flare_decay,False,True,True,True,True,True,1.04592,0.894873,,,True,False,True,True,,True,
416536102_10,416536102,10,1882.99,18917,1,17.1465,1,False,True,10.0104,-0.41709,53.3242,flare_decay,False,False,True,True,True,True,0.608111,0.5974,,,False,True,True,True,,True,
416536102_11,416536102,11,1892.49,12103,1,10.9703,1,False,True,13.5049,17.5331,-3.56093,flare_decay,True,False,True,True,True,True,0.712917,0.663143,,,True,False,True,True,,True,
416536102_12,416536102,12,1887.64,2382.69,4,4.44822,0,True,,,,,,,,,,,,,,,,,,,,,,
416536102_13,416536102,13,1883.95,1163.76,8,3.26903,0,True,,,,,,,,,,,,,,,,,,,,,,
416536102_14,416536102,14,1871.7,9946.4,16,39.7325,1,True,True,37.9979,153.77,7.50058,flare_decay,True,True,True,True,True,True,0.565294,0.855586,,,True,True,True,True,,True,
416536102_15,416536102,15,1883.7,7342.77,8,20.626,1,True,True,16.4038,25.2125,-4.48931,flare_decay,True,True,True,True,True,True,0.832085,1.05049,,,True,True,True,True,,True,
416536102_16,416536102,16,1880.16,3173.95,16,12.6789,1,True,True,14.1289,18.8589,-3.79401,flare_decay,True,True,True,True,True,True,1.15621,1.08806,,,True,True,True,True,,True,
416536102_17,416536102,17,1883.18,7688.01,2,10.8137,1,False,True,11.6553,6.25232,-3.55523,flare_decay,False,True,True,True,True,True,0.363774,0.725209,,,False,False,True,True,,True,
416536102_18,416536102,18,1877.99,1323.4,8,3.71744,0,True,,,,,,,,,,,,,,,,,,,,,,
416536102_19,416536102,19,1895.16,14515.9,16,57.9862,1,True,True,57.2547,480.714,39.669,flare_decay,True,True,True,True,True,True,0.773757,1.01202,,,True,True,True,True,True,True,
417921309_0,417921309,0,1885.76,5526.75,8,32.2806,1,True,True,31.7366,247.765,39.7297,flare_decay,True,True,True,True,True,True,0.774323,0.912483,,,True,True,True,True,,True,
417921309_1,417921309,1,1893.1,7257.99,1,17.5904,1,False,True,15.9503,17.6599,-0.894311,flare_decay,True,True,True,True,True,True,0.763402,0.639974,,,True,True,True,True,,True,
417921309_2,417921309,2,1883.91,2884.08,16,25.3304,1,True,True,16.7938,11.5395,15.2772,step,True,False,False,True,True,False,,,,,True,True,False,False,,True,
417921309_3,417921309,3,1876.58,1187.25,24,14.4368,1,True,True,17.6138,30.2808,-1.69185,flare_decay,True,True,True,True,True,True,1.40478,2.23521,1.03465e-07,1.03097e-07,True,True,True,True,,True,True
417921309_4,417921309,4,1878.64,4543.96,2,15.0042,1,False,True,15.2906,39.0941,0.671935,flare_decay,True,True,True,True,True,True,0.714333,0.843407,,,True,False,True,True,,True,
417921309_5,417921309,5,1880.74,7654.86,2,25.2764,1,False,True,22.5392,94.6194,1.96134,flare_decay,True,True,True,True,True,True,1.46456,0.915034,,,True,False,True,True,,True,
417921309_6,417921309,6,1889.53,7495.28,8,43.7784,1,True,True,44.7669,319.463,21.3472,flare_decay,True,True,True,True,True,True,0.774372,0.913952,,,True,True,True,True,True,True,
417921309_7,417921309,7,1874.7,453.165,24,5.51043,0,True,,,,,,,,,,,,,,,,,,,,,,
417921309_8,417921309,8,1887.39,2261.33,2,7.46691,1,False,True,7.22826,13.4095,-2.70782,flare_decay,True,False,True,True,True,True,0.876678,1.12202,,,True,False,True,True,,True,
417921309_9,417921309,9,1887.78,3377.82,1,8.18642,0,False,,,,,,,,,,,,,,,,,,,,,,
417921309_10,417921309,10,1891.31,2166.41,24,26.3432,1,True,True,21.5238,120.555,2.5581,flare_decay,True,True,True,True,True,True,0.868053,1.20983,,,True,True,True,True,,True,
417921309_11,417921309,11,1887.78,3698.51,1,8.96366,0,False,,,,,,,,,,,,,,,,,,,,,,
417921309_12,417921309,12,1889.33,826.44,8,4.82707,0,True,,,,,,,,,,,,,,,,,,,,,,
417921309_13,417921309,13,1893.89,1403.58,16,12.3274,1,True,True,10.8349,18.7727,-7.70063,flare_decay,False,True,True,True,True,True,0.776882,0.699805,1.36938e-06,1.49584e-08,True,True,True,True,,True,True
417921309_14,417921309,14,1889.35,6286.65,16,55.2146,1,True,True,51.2161,553.303,89.9026,flare_decay,True,True,True,True,True,True,0.609588,0.828688,,,True,True,True,True,,True,
417921309_15,417921309,15,1886.45,1573.82,2,5.19676,0,False,,,,,,,,,,,,,,,,,,,,,,
417921309_16,417921309,16,1887.45,4710.05,24,57.2736,1,True,True,50.9709,651.015,45.7095,flare_decay,True,True,True,True,True,True,0.702675,1.37991,,,True,True,True,True,,True,
417921309_17,417921309,17,1895.33,3571.14,24,43.4246,1,True,True,36.1911,291.758,48.0963,flare_decay,True,True,True,True,True,True,0.584512,0.956888,,,True,True,True,True,,True,
417921309_18,417921309,18,1890.53,2020.76,8,11.8028,1,True,True,11.8486,12.9929,2.89662,flare_decay,True,True,True,True,True,True,0.600156,0.9872,,,True,True,True,True,,True,
417921309_19,417921309,19,1875.51,1860.82,4,8.13209,0,True,,,,,,,,,,,,,,,,,,,,,,
445837214_0,445837214,0,1891.26,16859.1,16,25.8008,1,True,True,25.3638,479.073,39.6451,flare_decay,True,True,True,True,True,True,1.78618,1.1247,,,True,True,True,True,,True,
445837214_1,445837214,1,1897.66,35969.9,24,57.1423,1,True,True,53.7545,169.841,173.866,step,True,False,False,True,True,False,,,,,True,True,False,False,,True,
445837214_2,445837214,2,1897.53,9364.34,2,8.73647,1,False,True,10.3803,20.1394,1.98585,flare_decay,True,True,True,True,True,True,2.58777,0.76452,0.429575,0,True,True,True,True,,True,True
445837214_3,445837214,3,1886.41,10925.9,8,14.1874,1,True,True,13.5821,71.5163,1.92439,flare_decay,True,True,True,True,True,True,1.2339,0.986723,,,True,True,True,True,True,True,
445837214_4,445837214,4,1887.06,3091,4,3.33569,0,True,,,,,,,,,,,,,,,,,,,,,,
445837214_5,445837214,5,1881.81,7858.42,8,10.2042,1,True,True,14.8158,59.5064,4.35139,step,True,True,True,True,True,True,1.11189,0.727407,,,True,True,True,True,,True,
445837214_6,445837214,6,1879.81,3365.41,24,5.34633,0,True,,,,,,,,,,,,,,,,,,,,,,
445837214_7,445837214,7,1889.78,8346.06,24,13.2586,0,True,,,,,,,,,,,,,,,,,,,,,,
445837214_8,445837214,8,1877.58,21228,24,33.723,1,True,True,29.0879,2038.91,193.594,flare_decay,True,True,True,True,True,True,2.65381,0.894903,,,True,True,True,True,True,True,
445837214_9,445837214,9,1874.78,2815.03,4,3.03787,0,True,,,,,,,,,,,,,,,,,,,,,,
445837214_10,445837214,10,1870.78,6241.86,2,5.82335,0,False,,,,,,,,,,,,,,,,,,,,,,
445837214_11,445837214,11,1885.62,7482.57,16,11.4511,1,True,True,13.4006,97.3602,7.04452,flare_decay,True,True,True,True,True,True,1.42993,1.19269,,,True,True,True,True,True,True,
445837214_12,445837214,12,1885.95,5645.76,16,8.64012,0,True,,,,,,,,,,,,,,,,,,,,,,
445837214_13,445837214,13,1878.6,16039.5,2,14.9641,1,False,True,14.9193,175.792,46.867,flare_decay,True,True,True,True,True,True,1.01675,0.856891,,,True,False,True,True,,True,
445837214_14,445837214,14,1886.91,13790,4,14.8816,1,True,True,15.6025,28.9855,-22.683,flare_decay,False,True,True,True,True,True,1.01292,0.802333,,,True,True,True,True,,True,
445837214_15,445837214,15,1882.74,35254.2,24,56.0052,1,True,True,59.9362,4211.47,373.952,flare_decay,True,True,True,True,True,True,1.6005,0.793511,,,True,True,True,True,,True,
445837214_16,445837214,16,1890.22,29750.4,4,32.1054,1,True,True,33.9536,427.312,193.711,flare_decay,True,True,True,True,True,True,1.91185,0.911961,,,True,True,True,True,True,True,
445837214_17,445837214,17,1894.12,5084.19,1,4.05854,0,False,,,,,,,,,,,,,,,,,,,,,,
445837214_18,445837214,18,1877.35,45142,1,36.0354,1,False,True,34.3704,223.803,52.5774,flare_decay,True,True,True,True,True,True,1.0478,0.547097,,,True,False,True,True,,True,
445837214_19,445837214,19,1885.47,5375.41,2,5.015,0,False,,,,,,,,,,,,,,,,,,,,,,
446168841_0,446168841,0,1878.66,1334.09,8,7.08561,0,True,,,,,,,,,,,,,,,,,,,,,,
446168841_1,446168841,1,1889.53,2643,2,6.93138,0,False,,,,,,,,,,,,,,,,,,,,,,
446168841_2,446168841,2,1885.97,1689.44,24,18.3332,1,True,True,11.7393,-2.33998,-3.20405,step,False,False,True,True,False,True,0.603169,1.10098,,,False,True,True,False,,True,
446168841_3,446168841,3,1891.14,432.574,16,3.56726,0,True,,,,,,,,,,,,,,,,,,,,,,
446168841_4,446168841,4,1876.43,3191.57,16,26.3196,1,True,True,24.5847,113.149,7.98948,flare_decay,True,True,True,True,True,True,0.852895,1.0015,,,True,True,True,True,,True,
446168841_5,446168841,5,1891.1,2154.83,1,3.98681,0,False,,,,,,,,,,,,,,,,,,,,,,
446168841_6,446168841,6,1881.87,6650.14,1,12.3039,1,False,True,11.1536,2.53743,6.27643,flare_decay,False,True,True,True,True,True,3.28238,0.758301,,,False,True,True,True,,True,
446168841_7,446168841,7,1877.16,1634.64,4,6.11867,0,True,,,,,,,,,,,,,,,,,,,,,,
446168841_8,446168841,8,1873.2,586.252,8,3.1137,0,True,,,,,,,,,,,,,,,,,,,,,,
446168841_9,446168841,9,1889.6,12782.4,2,33.5225,1,False,True,31.7974,161.638,49.7594,flare_decay,True,True,True,True,True,True,0.574562,0.916645,,,True,False,True,True,,True,
446168841_10,446168841,10,1873.45,426.507,16,3.51723,0,True,,,,,,,,,,,,,,,,,,,,,,
446168841_11,446168841,11,1882.3,22014.5,1,40.7306,1,False,True,45.0809,247.146,-1.22773,flare_decay,True,True,True,True,True,True,0.894095,0.786913,,,True,False,True,True,,True,
446168841_12,446168841,12,1896.1,435.029,16,3.58751,0,True,,,,,,,,,,,,,,,,,,,,,,
446168841_13,446168841,13,1893.22,4314.19,24,46.8159,1,True,True,40.2957,201.889,4.70904,flare_decay,True,True,True,True,True,True,0.471382,1.02075,,,True,True,True,True,,True,
446168841_14,446168841,14,1872.47,9310.31,8,49.4489,1,True,True,46.758,384.588,36.5751,flare_decay,True,True,True,True,False,True,0.675291,0.887436,,,True,True,True,False,,True,
446168841_15,446168841,15,1882.66,4889.05,1,9.04559,0,False,,,,,,,,,,,,,,,,,,,,,,
446168841_16,446168841,16,1883.41,1740.53,2,4.56463,0,False,,,,,,,,,,,,,,,,,,,,,,
446168841_17,446168841,17,1877.58,9534.16,2,25.0037,1,False,True,24.8625,207.728,60.1093,flare_decay,True,True,True,True,True,True,1.03325,0.945045,,,True,False,True,True,,True,
446168841_18,446168841,18,1886.74,2757.17,4,10.3204,1,True,True,10.2757,10.5985,-1.09123,flare_decay,True,True,True,True,True,True,1.5013,1.29056,,,True,True,True,True,True,True,
446168841_19,446168841,19,1886.49,2922.42,24,31.713,1,True,True,25.7999,80.5539,5.60498,step,True,True,True,True,False,True,0.370631,0.944928,,,True,True,True,False,,True,
371494820_0,371494820,0,1874.14,1688.39,8,9.40656,1,True,True,10.9142,18.8288,4.07015,step,True,True,True,True,True,True,0.761806,0.825889,,,True,True,True,True,,True,
371494820_1,371494820,1,1895.72,10908.2,1,20.7025,1,False,True,20.3462,136.861,3.30256,flare_decay,True,True,True,True,True,True,0.601808,0.547903,,,True,False,True,True,,True,
371494820_2,371494820,2,1887.39,5260.39,8,29.3074,1,True,True,27.3921,151.643,32.4595,flare_decay,True,True,True,True,True,True,0.579379,1.2706,,,True,True,True,True,,True,
371494820_3,371494820,3,1897.33,7578.21,8,42.2207,1,True,True,41.7892,291.94,30.487,flare_decay,True,True,False,True,True,False,0.299234,0.767476,,,True,True,True,False,,True,
371494820_4,371494820,4,1885.83,8277.36,2,22.296,1,False,True,22.2727,76.6327,-5.93517,flare_decay,True,True,True,True,True,True,0.506188,0.94954,,,True,False,True,True,,True,
371494820_5,371494820,5,1886.39,684.657,8,3.81445,0,True,,,,,,,,,,,,,,,,,,,,,,
371494820_6,371494820,6,1880.39,10684.4,1,20.2777,1,False,True,10.2237,16.474,172.237,flare_decay,True,True,True,True,True,True,1.40971,0.54327,,,True,True,True,True,,True,
371494820_7,371494820,7,1872.68,3008.44,1,5.70969,0,False,,,,,,,,,,,,,,,,,,,,,,
371494820_8,371494820,8,1876.68,3634.71,8,20.2502,1,True,True,19.4032,57.2347,-0.328113,flare_decay,True,True,False,True,True,True,0.847511,1.38979,,,True,True,True,True,,True,
371494820_9,371494820,9,1872.7,4524.56,2,12.1874,1,False,True,12.2536,19.6049,1.0212,flare_decay,True,True,True,True,True,True,0.786893,0.736675,,,True,False,True,True,,True,
371494820_10,371494820,10,1878.64,1202.58,8,6.69999,1,True,True,8.16485,18.1756,-0.870159,flare_decay,True,True,True,True,True,True,1.39754,1.29727,0.0109334,0,True,True,True,True,,True,True
371494820_11,371494820,11,1879.12,2014.53,16,17.1064,1,True,True,14.5749,45.2894,1.78875,flare_decay,True,True,True,True,True,True,0.791241,1.03789,6.38041e-11,0,True,True,True,True,,True,True
371494820_12,371494820,12,1886.04,3789.89,1,7.19278,0,False,,,,,,,,,,,,,,,,,,,,,,
371494820_13,371494820,13,1892.91,18780.2,1,35.6428,1,False,True,24.0041,51.4836,144.772,flare_decay,True,True,True,True,True,True,0.581604,0.565569,,,True,True,True,True,,True,
371494820_14,371494820,14,1895.37,665.937,24,7.56057,0,True,,,,,,,,,,,,,,,,,,,,,,
371494820_15,371494820,15,1889.43,9217.35,2,24.828,1,False,True,23.3736,72.7097,2.45353,flare_decay,True,True,True,True,True,True,0.743272,0.970977,,,True,False,True,True,,True,
371494820_16,371494820,16,1891.43,3653.5,8,20.3549,1,True,True,18.7405,76.5595,3.34027,flare_decay,True,True,True,True,True,True,0.621148,1.06531,,,True,True,True,True,,True,
371494820_17,371494820,17,1870.87,8611.31,2,23.1956,0,False,,,,,,,,,,,,,,,,,,,,,,
371494820_18,371494820,18,1888.6,2201.63,8,12.266,1,True,True,12.4585,13.3945,1.98557,flare_decay,True,True,True,True,True,True,0.564085,0.692172,,,True,True,True,True,True,True,
371494820_19,371494820,19,1882.47,9596.12,8,53.4632,1,True,True,50.6238,405.103,44.1556,flare_decay,True,True,True,True,True,True,0.625862,0.996978,,,True,True,True,True,True,True,
373656136_0,373656136,0,1877.77,4532.67,2,8.91525,1,False,True,10.6677,4.06492,2.05714,flare_decay,False,True,True,True,True,True,1.09075,0.900526,,,False,False,True,True,,True,
373656136_1,373656136,1,1889.91,1525.75,16,11.2686,1,True,True,13.2189,2.38495,-5.80872,flare_decay,False,True,True,True,True,True,0.442094,0.666996,,,False,True,True,True,,True,
373656136_2,373656136,2,1894.81,5713.69,1,8.59469,0,False,,,,,,,,,,,,,,,,,,,,,,
373656136_3,373656136,3,1873.87,1260.56,8,5.32412,0,True,,,,,,,,,,,,,,,,,,,,,,
373656136_4,373656136,4,1887.54,2856.67,8,12.0654,1,True,True,11.7964,6.21396,0.763383,flare_decay,False,True,True,True,True,True,0.753175,1.06978,,,False,True,True,True,,True,
373656136_5,373656136,5,1885.95,8619.78,2,16.9542,1,False,True,13.9371,18.8325,-0.802402,flare_decay,True,False,True,True,True,True,0.910784,1.03225,,,True,False,True,True,,True,
373656136_6,373656136,6,1885.1,3664.55,24,41.1932,1,True,True,16.4875,-5.9619,-1.95457,step,False,False,False,True,True,False,,,,,False,True,False,False,,True,
373656136_7,373656136,7,1896.18,8253.19,2,16.2331,1,False,True,14.9656,17.8989,-4.13795,flare_decay,True,True,True,True,True,True,0.711063,0.938585,,,True,False,True,True,,True,
373656136_8,373656136,8,1887.39,13010.4,1,19.5707,1,False,True,11.5646,8.31304,87.7493,flare_decay,False,False,True,True,True,True,1.47446,0.722425,,,False,True,True,True,,True,
373656136_9,373656136,9,1873.77,3486.18,4,9.83897,1,True,True,8.72795,4.07709,-4.55409,flare_decay,False,True,True,True,True,True,0.713522,0.845547,,,False,True,True,True,,True,
373656136_10,373656136,10,1872.72,2891.18,1,4.34898,0,False,,,,,,,,,,,,,,,,,,,,,,
373656136_11,373656136,11,1885.2,4867.6,4,13.7377,1,True,True,10.0552,8.22589,-8.26302,step,False,False,True,True,True,True,1.2487,0.799381,,,False,True,True,True,,True,
373656136_12,373656136,12,1893.27,1457.77,4,4.11423,0,True,,,,,,,,,,,,,,,,,,,,,,
373656136_13,373656136,13,1890.56,1581.41,2,3.11045,0,False,,,,,,,,,,,,,,,,,,,,,,
373656136_14,373656136,14,1875.66,13212.6,4,37.2896,1,True,True,36.4644,229.199,106.492,flare_decay,True,True,True,True,True,True,0.90916,0.890486,,,True,True,True,True,,True,
373656136_15,373656136,15,1881.27,22749.6,2,44.7459,1,False,True,42.383,223.118,51.1861,flare_decay,True,True,True,True,True,True,0.866537,0.853922,,,True,False,True,True,,True,
373656136_16,373656136,16,1872.87,17654.1,1,26.5557,1,False,True,18.2873,-1.85439,86.556,flare_decay,False,True,True,True,True,True,0.959082,0.576139,,,False,False,True,True,,True,
373656136_17,373656136,17,1891.85,267.378,24,3.0056,0,True,,,,,,,,,,,,,,,,,,,,,,
373656136_18,373656136,18,1891.08,8722.76,4,24.6181,1,True,True,24.8072,77.3837,45.6878,flare_decay,True,True,True,True,True,True,0.516809,0.830761,,,True,True,True,True,,True,
373656136_19,373656136,19,1871.83,1221.24,16,9.01969,0,True,,,,,,,,,,,,,,,,,,,,,,
376849001_0,376849001,0,1891.14,43563.4,1,18.8371,1,False,True,18.07,956.156,-3.69573,flare_decay,True,True,True,True,True,True,0.848065,0.513775,,,True,False,True,True,,True,
376849001_1,376849001,1,1889.95,15333.6,8,9.87687,0,True,,,,,,,,,,,,,,,,,,,,,,
376849001_2,376849001,2,1887.93,50000,8,32.2066,0,True,,,,,,,,,,,,,,,,,,,,,,
376849001_3,376849001,3,1880.53,5741.96,4,3.10799,0,False,,,,,,,,,,,,,,,,,,,,,,
376849001_4,376849001,4,1873.01,5088.6,16,9.06416,0,True,,,,,,,,,,,,,,,,,,,,,,
376849001_5,376849001,5,1871.28,27182.4,2,12.8218,1,False,True,13.3399,475.05,-3.30812,flare_decay,True,True,True,True,True,True,7.12618,0.611703,,,True,False,True,True,,True,
376849001_6,376849001,6,1882.49,1692.38,16,3.01459,0,True,,,,,,,,,,,,,,,,,,,,,,
376849001_7,376849001,7,1895.22,21903,4,11.8556,1,False,True,15.071,401.024,1.96869,flare_decay,True,True,True,True,True,True,0.921899,0.867717,,,True,False,True,True,,True,
376849001_8,376849001,8,1879.74,27510.8,2,12.9767,1,False,True,16.4417,127.932,45.2262,flare_decay,True,True,True,True,True,True,2.04409,0.821207,,,True,False,True,True,,True,
376849001_9,376849001,9,1872.91,22697.7,16,40.4307,0,True,,,,,,,,,,,,,,,,,,,,,,
376849001_10,376849001,10,1881.74,9788.94,16,17.4367,0,True,,,,,,,,,,,,,,,,,,,,,,
376849001_11,376849001,11,1876.16,50000,4,27.0638,1,False,True,25.8093,2727.16,-406.311,flare_decay,False,True,True,True,True,True,1.66538,0.955054,,,True,False,True,True,,True,
376849001_12,376849001,12,1881.76,29407.8,2,13.8715,1,False,True,15.8743,587.366,32.2919,flare_decay,True,True,True,True,True,True,2.0774,0.884675,,,True,False,True,True,,True,
376849001_13,376849001,13,1886.78,2012.71,24,5.00331,0,True,,,,,,,,,,,,,,,,,,,,,,
376849001_14,376849001,14,1892.7,4636.83,24,11.5265,0,True,,,,,,,,,,,,,,,,,,,,,,
376849001_15,376849001,15,1879.72,3674.58,16,6.54541,0,True,,,,,,,,,,,,,,,,,,,,,,
376849001_16,376849001,16,1878.11,42426.6,2,20.0124,1,False,True,16.7996,543.084,157.243,flare_decay,True,False,True,True,True,True,1.48524,0.868417,,,True,False,True,True,,True,
376849001_17,376849001,17,1883.28,11005.7,16,19.6041,0,True,,,,,,,,,,,,,,,,,,,,,,
376849001_18,376849001,18,1892.74,14866.6,2,7.01249,1,False,True,8.06097,97.6248,2.84026,flare_decay,True,True,True,True,True,True,1.88598,0.814897,,,True,False,True,True,,True,
376849001_19,376849001,19,1892.01,1818.23,24,4.51986,0,True,,,,,,,,,,,,,,,,,,,,,,
377783305_0,377783305,0,1876.57,10727.4,4,24.9982,1,False,True,25.2836,111.315,43.9158,flare_decay,True,True,False,True,True,True,0.640012,0.849112,,,True,False,True,True,,True,
377783305_1,377783305,1,1871.16,2055.01,1,3.02225,0,False,,,,,,,,,,,,,,,,,,,,,,
377783305_2,377783305,2,1896.93,1333.42,24,6.17569,0,True,,,,,,,,,,,,,,,,,,,,,,
377783305_3,377783305,3,1874.59,5639.27,8,16.7346,1,True,True,17.0637,107.96,-1.52618,flare_decay,True,True,True,True,True,True,1.63441,0.752775,,,True,True,True,True,,True,
377783305_4,377783305,4,1887.55,699.297,24,3.23876,0,True,,,,,,,,,,,,,,,,,,,,,,
377783305_5,377783305,5,1874.14,6877.42,1,10.1145,1,False,True,10.7799,1.54077,2.87962,flare_decay,False,True,True,True,True,True,1.45587,0.674326,,,False,True,True,True,,True,
377783305_6,377783305,6,1894.09,3037.47,8,9.0137,1,True,True,8.41244,11.0294,-2.19931,step,True,True,True,True,True,True,0.609741,0.622711,,,True,True,True,True,,True,
377783305_7,377783305,7,1883.66,2192.63,2,4.33793,0,False,,,,,,,,,,,,,,,,,,,,,,
377783305_8,377783305,8,1889.7,4428.73,2,8.76186,1,False,True,8.62273,2.77798,-3.76943,flare_decay,False,True,True,True,True,True,2.9359,0.762617,,,False,False,True,True,,True,
377783305_9,377783305,9,1886.18,25116.4,1,36.9382,1,False,True,37.9209,114.468,22.7242,flare_decay,True,True,True,True,True,True,0.496832,0.531432,,,True,False,True,True,,True,
377783305_10,377783305,10,1883.95,19993.6,2,39.5556,0,False,,,,,,,,,,,,,,,,,,,,,,
377783305_11,377783305,11,1873.64,8805.36,2,17.4206,1,False,True,16.2329,35.0205,11.6244,flare_decay,True,True,True,True,True,True,1.10433,0.730006,,,True,False,True,True,,True,
377783305_12,377783305,12,1889.07,8337.13,1,12.2612,1,False,True,11.8941,27.2737,-0.0664249,flare_decay,True,True,False,True,True,False,0.780566,0.39039,,,True,True,True,False,,True,
377783305_13,377783305,13,1897.53,11645.8,1,17.1272,1,False,True,10.3832,5.00049,52.0219,flare_decay,False,True,True,True,True,True,9.16951,0.554999,,,False,False,True,True,,True,
377783305_14,377783305,14,1874.84,3514.16,2,6.95245,1,False,True,8.62784,6.00187,-2.63684,flare_decay,False,True,True,True,True,True,1.77255,0.645009,,,False,False,True,True,,True,
377783305_15,377783305,15,1886.39,15024,2,29.7236,1,False,True,28.2441,77.7959,7.38418,flare_decay,True,True,True,True,True,True,1.1044,0.678321,,,True,False,True,True,,True,
377783305_16,377783305,16,1876.78,12986.9,1,19.0995,1,False,True,10.9095,20.5151,59.887,flare_decay,True,True,False,True,True,True,1.20975,0.550641,,,True,False,True,True,,True,
377783305_17,377783305,17,1881.72,21622.6,1,31.7999,1,False,True,24.3203,12.1903,209.497,flare_decay,True,True,True,True,True,True,2.84837,0.602657,,,True,False,True,True,,True,
377783305_18,377783305,18,1890.76,12111.4,2,23.9613,1,False,True,23.8703,115.142,0.909404,flare_decay,True,True,True,True,True,True,1.91635,0.720542,,,True,False,True,True,,True,
377783305_19,377783305,19,1892.61,10912.9,1,16.0493,1,False,True,15.5472,73.4477,-0.378445,flare_decay,True,False,False,True,True,True,0.770413,0.750785,,,True,False,False,True,,True,
383677732_0,383677732,0,1886.72,1290.87,8,11.3322,1,True,True,10.8,48.2717,-2.01176,flare_decay,True,True,False,True,True,False,0.130356,0.480197,,,True,True,True,False,,True,
383677732_1,383677732,1,1889.84,1137.78,16,13.9639,1,True,True,12.5354,45.9512,-2.54456,flare_decay,True,True,False,True,True,False,0.277875,0.63067,,,True,True,True,False,,True,
383677732_2,383677732,2,1893.34,606.527,4,3.69551,0,False,,,,,,,,,,,,,,,,,,,,,,
383677732_3,383677732,3,1875.01,3761.28,2,18.0027,1,False,True,19.1824,82.1259,-10.62,flare_decay,False,True,True,True,True,True,0.870184,0.911685,,,True,False,True,True,,True,
383677732_4,383677732,4,1872.91,2535.08,8,22.2548,1,True,True,22.118,66.5918,-0.70793,flare_decay,True,True,True,True,True,True,0.366668,0.888154,,,True,True,True,True,,True,
383677732_5,383677732,5,1886.74,1256.07,8,11.0267,1,True,True,10.5177,35.5341,-0.663832,flare_decay,True,True,False,True,True,False,0.133505,0.494976,,,True,True,True,False,,True,
383677732_6,383677732,6,1889.91,1659.28,4,10.1098,1,False,True,11.0646,13.6708,-2.70179,flare_decay,True,True,False,True,True,False,0.245786,0.523318,,,True,False,True,False,,True,
383677732_7,383677732,7,1885.86,7962.08,1,29.8584,1,False,True,30.9774,163.35,-3.69278,flare_decay,True,True,True,True,True,True,0.373938,0.540526,,,True,False,True,True,,True,
383677732_8,383677732,8,1892.45,1528.41,24,22.3275,1,True,True,21.3187,171.79,20.6795,flare_decay,True,True,False,True,True,False,0.0472336,0.143598,,,True,True,True,False,,True,
383677732_9,383677732,9,1875.99,5274.14,8,46.3003,1,True,True,44.929,281.237,22.2669,flare_decay,True,True,True,True,True,True,0.767126,1.00709,,,True,True,True,True,,True,
383677732_10,383677732,10,1876.89,3348.71,4,20.4034,1,False,True,21.9772,163.201,-8.32153,flare_decay,False,True,True,True,True,True,0.302214,0.931585,,,True,False,True,True,,True,
383677732_11,383677732,11,1881.03,867.86,2,4.15385,0,False,,,,,,,,,,,,,,,,,,,,,,
383677732_12,383677732,12,1897.57,1181.5,4,7.19875,0,False,,,,,,,,,,,,,,,,,,,,,,
383677732_13,383677732,13,1891.16,813.064,4,4.95392,0,False,,,,,,,,,,,,,,,,,,,,,,
383677732_14,383677732,14,1875.09,5518.38,4,33.623,1,False,True,34.6099,153.252,40.4543,flare_decay,True,True,True,True,True,True,0.893193,0.938889,,,True,False,True,True,,True,
383677732_15,383677732,15,1887.28,466.323,8,4.09372,0,True,,,,,,,,,,,,,,,,,,,,,,
383677732_16,383677732,16,1893.8,7100.47,2,33.9851,1,False,True,33.4458,156.751,10.2464,flare_decay,True,True,True,True,True,True,0.462859,0.961938,,,True,False,True,True,,True,
383677732_17,383677732,17,1886.14,2890.01,16,35.4688,1,True,True,28.6875,216.577,35.0231,flare_decay,True,True,False,True,True,False,0.222262,0.641096,,,True,True,True,False,,True,
383677732_18,383677732,18,1892.91,910.128,1,3.41304,0,False,,,,,,,,,,,,,,,,,,,,,,
383677732_19,383677732,19,1871.22,2000.9,8,17.5654,1,True,True,13.1872,49.1371,3.15019,flare_decay,True,False,True,True,True,True,0.558784,1.67926,,,True,True,True,True,True,True,
385451069_0,385451069,0,1888.08,4985.34,24,35.0615,1,True,True,36.49,174.316,15.9388,flare_decay,True,True,True,True,True,True,0.530438,1.05227,,,True,True,True,True,,True,
385451069_1,385451069,1,1873.43,26689.3,1,35.1143,1,False,True,28.6143,148.093,70.7435,flare_decay,True,True,True,True,True,True,0.952885,0.463495,,,True,False,True,True,,True,
385451069_2,385451069,2,1887.29,5979.47,16,33.9029,1,True,True,31.1211,146.293,25.3611,flare_decay,True,True,True,True,True,True,0.769074,1.15805,0.584933,3.45765e-39,True,True,True,True,,True,False
385451069_3,385451069,3,1871.02,4202.2,16,23.826,1,True,True,15.5293,15.5791,6.32728,step,True,False,True,True,False,True,1.63179,1.15812,,,True,True,True,False,,True,
385451069_4,385451069,4,1883.22,8087.49,16,45.8551,1,True,True,43.6743,172.903,12.9101,flare_decay,True,True,True,True,False,True,0.892735,0.808621,,,True,True,True,False,,True,
385451069_5,385451069,5,1880.31,31937.5,1,42.0192,1,False,True,41.532,119.825,5.33162,flare_decay,True,True,True,True,True,True,0.820404,0.595325,,,True,False,True,True,,True,
385451069_6,385451069,6,1883.72,30462.6,2,55.6228,1,False,True,55.9594,1443.94,256.559,flare_decay,True,True,True,True,True,True,0.804615,0.800074,,,True,False,True,True,,True,
385451069_7,385451069,7,1880.49,7543.99,8,31.7016,1,True,True,29.9232,75.786,-2.78004,flare_decay,True,True,True,True,True,True,0.979323,0.91828,,,True,True,True,True,True,True,
385451069_8,385451069,8,1893.99,3169.85,16,17.9726,1,True,True,16.1922,39.845,4.81072,flare_decay,True,True,True,True,True,True,0.505499,0.703158,,,True,True,True,True,,True,
385451069_9,385451069,9,1878.49,673.387,16,3.81802,0,True,,,,,,,,,,,,,,,,,,,,,,
385451069_10,385451069,10,1871.04,22915.5,1,30.1492,0,False,,,,,,,,,,,,,,,,,,,,,,
385451069_11,385451069,11,1880.99,1362.46,24,9.5821,0,True,,,,,,,,,,,,,,,,,,,,,,
385451069_12,385451069,12,1876.99,595.461,24,4.18784,0,True,,,,,,,,,,,,,,,,,,,,,,
385451069_13,385451069,13,1885.35,23374.2,2,42.6798,0,False,,,,,,,,,,,,,,,,,,,,,,
385451069_14,385451069,14,1893.12,5821.45,8,24.4631,1,True,True,23.2804,58.6603,-0.759347,flare_decay,True,True,True,True,True,True,0.549002,0.735044,0.322987,8.97441e-20,True,True,True,True,,True,True
385451069_15,385451069,15,1875.29,13812.9,2,25.2215,1,False,True,26.6066,69.9192,25.8751,flare_decay,True,True,True,True,True,True,1.17984,0.814535,,,True,False,True,True,,True,
385451069_16,385451069,16,1896.56,1078.67,4,3.01398,0,False,,,,,,,,,,,,,,,,,,,,,,
385451069_17,385451069,17,1896.85,2702.48,16,15.3227,1,True,True,15.448,5.44026,-3.41655,flare_decay,False,True,True,True,True,True,0.912404,1.34244,,,False,True,True,True,,True,
385451069_18,385451069,18,1878.87,9248.3,2,16.8868,1,False,True,17.4608,12.2807,-5.6794,flare_decay,True,True,True,True,True,True,0.7526,0.764814,,,True,False,True,True,,True,
385451069_19,385451069,19,1895.91,5762.32,24,40.526,1,True,True,31.8718,202.992,11.0102,flare_decay,True,True,True,True,False,True,0.517024,0.689545,,,True,True,True,False,,True,
389968964_0,389968964,0,1880.95,1548.56,4,7.59063,1,True,True,8.32188,0.754895,-4.07456,flare_decay,False,True,True,True,True,True,0.970565,0.930353,,,False,True,True,True,,True,
389968964_1,389968964,1,1875.32,6066.47,8,42.8909,1,True,True,40.3566,202.59,28.9852,flare_decay,True,True,True,True,True,True,1.05043,0.888941,,,True,True,True,True,,True,
389968964_2,389968964,2,1878.16,5554.05,16,55.4687,1,True,True,56.7466,336.308,53.1372,flare_decay,True,True,True,True,True,True,0.60325,0.871977,,,True,True,True,True,,True,
389968964_3,389968964,3,1873.82,8897.7,4,43.6141,1,True,True,41.2827,674.817,387.087,flare_decay,True,True,True,True,True,True,0.789414,0.854099,8.43769e-15,0,True,True,True,True,,True,True
389968964_4,389968964,4,1881.51,1753.71,2,5.93369,0,False,,,,,,,,,,,,,,,,,,,,,,
389968964_5,389968964,5,1879.47,5383.55,16,53.7659,1,True,True,47.4724,371.299,35.2107,flare_decay,True,True,True,True,True,True,0.935551,0.857884,,,True,True,True,True,True,True,
389968964_6,389968964,6,1882.38,4977.99,4,24.4008,1,True,True,24.5831,103.761,25.9283,flare_decay,True,True,True,True,True,True,1.43405,0.914038,,,True,True,True,True,,True,
389968964_7,389968964,7,1883.34,1903.45,1,4.82382,0,False,,,,,,,,,,,,,,,,,,,,,,
389968964_8,389968964,8,1877.34,3841.47,2,12.9976,1,False,True,11.5619,36.7878,6.95018,flare_decay,True,True,True,True,True,True,0.853664,0.699225,,,True,True,True,True,,True,
389968964_9,389968964,9,1882.59,1732.6,2,5.86225,0,False,,,,,,,,,,,,,,,,,,,,,,
389968964_10,389968964,10,1897.03,4051.25,2,13.7074,1,False,True,13.772,39.0586,-5.53153,flare_decay,True,True,True,True,True,True,0.539328,0.832483,,,True,False,True,True,,True,
389968964_11,389968964,11,1879.88,2473.79,2,8.37008,1,False,True,8.95839,9.76952,-6.55709,flare_decay,False,True,True,True,True,True,0.556875,0.706471,,,False,False,True,True,,True,
389968964_12,389968964,12,1883.82,15442,1,39.1339,0,False,,,,,,,,,,,,,,,,,,,,,,
389968964_13,389968964,13,1878.59,3887.73,16,38.827,1,True,True,39.9624,173.617,-3.14737,flare_decay,True,True,True,True,True,True,0.609593,0.918079,,,True,True,True,True,,True,
389968964_14,389968964,14,1878.05,2018.28,16,20.1567,1,True,True,21.4777,70.1266,15.2653,flare_decay,True,True,True,True,True,True,0.585362,0.876907,,,True,True,True,True,,True,
389968964_15,389968964,15,1892.72,466.969,16,4.66366,0,True,,,,,,,,,,,,,,,,,,,,,,
389968964_16,389968964,16,1886.11,343.875,16,3.43431,0,True,,,,,,,,,,,,,,,,,,,,,,
389968964_17,389968964,17,1889.72,3484.71,1,8.83115,0,False,,,,,,,,,,,,,,,,,,,,,,
389968964_18,389968964,18,1887.61,4079.44,8,28.8423,1,True,True,26.3614,166.404,31.623,flare_decay,True,True,True,True,True,True,0.750108,0.864378,,,True,True,True,True,True,True,
389968964_19,389968964,19,1877.97,2119.13,1,5.37043,0,False,,,,,,,,,,,,,,,,,,,,,,
416193162_0,416193162,0,1894.86,7577.37,1,7.18973,0,False,,,,,,,,,,,,,,,,,,,,,,
416193162_1,416193162,1,1881.28,3359.28,24,19.3638,0,True,,,,,,,,,,,,,,,,,,,,,,
416193162_2,416193162,2,1889.16,5988.44,8,8.43232,0,True,,,,,,,,,,,,,,,,,,,,,,
416193162_3,416193162,3,1897.26,17531.4,8,24.6859,0,True,,,,,,,,,,,,,,,,,,,,,,
416193162_4,416193162,4,1895.2,4260.66,4,5.19971,1,True,True,11.209,58.6025,225.857,flare_decay,True,True,True,True,True,True,0.755306,0.55426,1,0.201869,True,True,True,True,,True,False
416193162_5,416193162,5,1889.2,34450.6,1,32.6882,1,False,True,27.2721,81.0563,413.707,flare_decay,True,True,True,True,True,True,1.82325,0.509137,,,True,True,True,True,,True,
416193162_6,416193162,6,1887.99,50000,1,47.4421,1,False,True,27.6753,88.1645,1266.75,flare_decay,True,True,True,True,True,True,1.51702,0.499294,,,True,True,True,True,,True,
416193162_7,416193162,7,1881.47,23736.7,2,25.1758,1,False,True,29.9873,360.734,25.8582,flare_decay,True,True,True,True,True,True,1.71699,0.907143,,,True,False,True,True,,True,
416193162_8,416193162,8,1890.36,49682.4,2,52.6945,1,False,True,52.6096,3878.98,725.037,flare_decay,True,False,True,True,True,True,4.07829,1.02483,,,True,False,True,True,,True,
416193162_9,416193162,9,1887.2,1318.83,16,5.17032,0,True,,,,,,,,,,,,,,,,,,,,,,
416193162_10,416193162,10,1876.99,26558.4,2,28.1685,1,False,True,29.5118,763.601,-87.1221,flare_decay,False,True,True,True,True,True,1.53283,0.871887,,,True,False,True,True,,True,
416193162_11,416193162,11,1879.95,20159.7,1,19.1284,1,False,True,15.1499,15.9982,125.457,flare_decay,True,True,True,True,True,True,2.94847,0.478649,,,True,True,True,True,,True,
416193162_12,416193162,12,1871.28,8505.66,2,9.02132,0,False,,,,,,,,,,,,,,,,,,,,,,
416193162_13,416193162,13,1894.61,8458.89,4,10.3233,1,True,True,11.977,389.307,107.512,step,True,True,True,True,True,True,1.7275,1.18489,6.6364e-05,1.78866e-30,True,True,True,True,,True,True
416193162_14,416193162,14,1879.26,6870.58,8,9.67447,0,True,,,,,,,,,,,,,,,,,,,,,,
416193162_15,416193162,15,1891.18,6728.14,24,38.7828,0,True,,,,,,,,,,,,,,,,,,,,,,
416193162_16,416193162,16,1878.89,3003.69,8,4.2295,0,True,,,,,,,,,,,,,,,,,,,,,,
416193162_17,416193162,17,1883.7,6454.47,24,37.2053,0,True,,,,,,,,,,,,,,,,,,,,,,
416193162_18,416193162,18,1879.66,1592.35,16,6.24259,0,True,,,,,,,,,,,,,,,,,,,,,,
416193162_19,416193162,19,1889.82,1763.02,24,10.1625,0,True,,,,,,,,,,,,,,,,,,,,,,
450298100_0,450298100,0,1880.95,4400.44,16,17.5366,1,True,True,17.7509,163.734,19.1404,flare_decay,True,True,True,True,True,True,0.88357,0.752415,,,True,True,True,True,,True,
450298100_1,450298100,1,1880.2,17362.8,8,52.2372,1,True,True,49.853,1405.32,152.253,flare_decay,True,True,True,True,True,True,1.13167,0.911582,,,True,True,True,True,True,True,
450298100_2,450298100,2,1873.31,4199.8,16,16.737,1,True,True,15.0303,79.8315,1.40675,flare_decay,True,True,True,True,True,True,1.69257,0.906167,,,True,True,True,True,True,True,
450298100_3,450298100,3,1878.54,14410.6,8,43.3555,1,True,True,41.098,400.686,16.7247,flare_decay,True,True,True,True,True,True,1.49978,0.910254,,,True,True,True,True,,True,
450298100_4,450298100,4,1880.58,11586.8,24,57.9873,1,True,True,47.58,1265.35,85.8796,flare_decay,True,True,True,True,True,True,0.759646,0.853926,,,True,True,True,True,,True,
450298100_5,450298100,5,1890.16,3882.23,24,19.429,1,True,True,15.1259,60.7364,12.9133,flare_decay,True,True,True,True,True,True,0.762084,0.855441,,,True,True,True,True,,True,
450298100_6,450298100,6,1887.97,16329.2,2,29.4694,1,False,True,28.4617,327.422,45.2018,flare_decay,True,True,True,True,True,True,1.08129,0.955022,,,True,False,True,True,,True,
450298100_7,450298100,7,1891.37,6591.9,2,11.8964,1,False,True,10.7731,22.3744,-5.19062,flare_decay,True,True,False,True,True,True,0.598752,1.24613,,,True,False,True,True,,True,
450298100_8,450298100,8,1873.06,8954.23,1,11.3411,1,False,True,11.1475,-0.116506,-1.20666,flare_decay,False,False,True,True,True,True,0.819693,0.557605,,,False,False,True,True,,True,
450298100_9,450298100,9,1880.41,8112,2,14.6397,1,False,True,12.9837,49.1205,4.74105,flare_decay,True,True,True,True,True,True,1.05749,0.890573,,,True,False,True,True,,True,
450298100_10,450298100,10,1877.27,12762.5,1,16.1645,1,False,True,18.2794,73.7491,-3.30301,flare_decay,True,True,True,True,True,True,0.809216,0.561747,,,True,True,True,True,,True,
450298100_11,450298100,11,1887.12,7388.36,24,36.9757,1,True,True,23.7658,1.83924,5.89968,step,False,False,False,True,True,False,0.497344,2.92702,,,False,True,False,False,,True,
450298100_12,450298100,12,1897.1,3986.19,24,19.9493,1,True,True,16.1755,78.1745,14.3867,step,True,True,True,True,True,True,1.37325,1.61987,2.9865e-14,2.33451e-14,True,True,True,True,True,True,True
450298100_13,450298100,13,1896.31,7005.05,16,27.9164,1,True,True,28.2292,343.493,54.3971,flare_decay,True,True,True,True,True,True,0.585087,0.712035,,,True,True,True,True,,True,
450298100_14,450298100,14,1894.35,40301.4,1,51.0443,1,False,True,31.9398,14.6847,493.051,flare_decay,True,True,True,True,True,True,0.617412,0.553385,,,True,True,True,True,True,True,
450298100_15,450298100,15,1886.95,7458.57,1,9.44675,0,False,,,,,,,,,,,,,,,,,,,,,,
450298100_16,450298100,16,1876.79,1586.51,4,3.76019,0,False,,,,,,,,,,,,,,,,,,,,,,
450298100_17,450298100,17,1893.75,1324.75,8,3.9856,0,True,,,,,,,,,,,,,,,,,,,,,,
450298100_18,450298100,18,1888.1,12425.1,4,29.4487,1,False,True,27.8537,149.591,108.466,flare_decay,True,True,True,True,True,True,0.918668,0.934195,,,True,False,True,True,,True,
450298100_19,450298100,19,1887.22,1434.4,8,4.31551,0,True,,,,,,,,,,,,,,,,,,,,,,
453443836_0,453443836,0,1897.22,6394.28,16,18.736,1,True,True,16.6477,68.9648,-5.21621,flare_decay,True,True,True,True,True,True,1.08401,1.07024,,,True,True,True,True,,True,
453443836_1,453443836,1,1874.68,9236.78,8,20.2466,1,True,True,19.6293,170.471,27.8168,flare_decay,True,True,True,True,True,True,1.24968,0.975688,,,True,True,True,True,True,True,
453443836_2,453443836,2,1890.83,17045,4,27.7403,1,True,True,25.6299,143.794,-16.1946,flare_decay,False,True,True,True,True,True,0.982548,0.920371,,,True,True,True,True,,True,
453443836_3,453443836,3,1871.85,40116.9,2,45.1623,1,False,True,45.1792,457.261,-39.8321,flare_decay,False,True,True,True,True,True,1.22374,0.901885,,,True,False,True,True,,True,
453443836_4,453443836,4,1873.47,23767.4,4,38.6808,1,True,True,37.7475,589.884,190.129,flare_decay,True,True,True,True,True,True,1.98266,0.90303,,,True,True,True,True,,True,
453443836_5,453443836,5,1889.16,1218.27,24,4.8506,0,True,,,,,,,,,,,,,,,,,,,,,,
453443836_6,453443836,6,1877.1,6952.91,8,15.2404,1,True,True,12.9804,43.8943,11.913,flare_decay,True,True,True,True,True,True,0.691707,0.880748,,,True,True,True,True,True,True,
453443836_7,453443836,7,1887.41,7697.17,1,6.6775,0,False,,,,,,,,,,,,,,,,,,,,,,
453443836_8,453443836,8,1878.77,4917.07,2,5.53547,0,False,,,,,,,,,,,,,,,,,,,,,,
453443836_9,453443836,9,1883.22,39164.8,2,44.0904,1,False,True,44.3513,849.372,141.778,flare_decay,True,True,True,True,True,True,0.979977,0.926673,,,True,False,True,True,,True,
453443836_10,453443836,10,1877.06,7654.11,16,22.4275,1,True,True,20.6057,177.155,6.5242,flare_decay,True,True,False,True,True,True,0.90251,0.768504,,,True,True,True,True,,True,
453443836_11,453443836,11,1880.56,12597.9,1,10.929,0,False,,,,,,,,,,,,,,,,,,,,,,
453443836_12,453443836,12,1881.72,24071.6,4,39.1759,1,True,True,37.675,532.19,132.028,flare_decay,True,True,True,True,True,True,1.16056,0.873914,,,True,True,True,True,,True,
453443836_13,453443836,13,1876.22,24271,4,39.5004,1,True,True,40.1833,507.337,146.637,flare_decay,True,True,True,True,True,True,0.996218,0.933238,,,True,True,True,True,,True,
453443836_14,453443836,14,1897.33,19334.6,8,42.3804,1,True,True,40.574,468.336,79.7205,flare_decay,True,True,True,True,True,True,1.38502,0.891705,,,True,True,True,True,,True,
453443836_15,453443836,15,1882.74,2932.4,16,8.59229,1,True,True,10.2031,31.3936,-0.733582,flare_decay,True,True,True,True,True,True,1.75571,1.64388,0.0218773,0,True,True,True,True,,True,True
453443836_16,453443836,16,1880.74,2840.46,24,11.3094,1,True,True,13.4645,58.1368,1.20296,flare_decay,True,True,True,True,True,True,0.559326,0.529567,,,True,True,True,True,,True,
453443836_17,453443836,17,1877.56,1487.4,24,5.92214,0,True,,,,,,,,,,,,,,,,,,,,,,
453443836_18,453443836,18,1883.16,12849.1,24,51.1591,1,True,True,40.9582,458.146,71.4706,flare_decay,True,True,True,True,True,True,0.627633,0.92042,,,True,True,True,True,,True,
453443836_19,453443836,19,1896.81,4229.37,1,3.66909,0,False,,,,,,,,,,,,,,,,,,,,,,
458483522_0,458483522,0,1886.99,2792,4,8.02529,1,False,True,7.35585,4.97197,-4.64155,step,False,True,False,True,True,False,0.0207245,0.0403594,,,False,False,True,False,,True,
458483522_1,458483522,1,1874.45,12383,8,47.8909,1,True,True,45.0193,244.784,-2.24754,flare_decay,True,True,True,True,True,True,1.44992,0.918281,,,True,True,True,True,,True,
458483522_2,458483522,2,1874.8,1640.13,4,4.71437,0,False,,,,,,,,,,,,,,,,,,,,,,
458483522_3,458483522,3,1881.16,18172.7,4,52.2354,1,False,True,50.6448,318.072,-49.2405,flare_decay,False,True,True,True,True,True,0.92525,0.895796,,,True,False,True,True,,True,
458483522_4,458483522,4,1878.6,7266.55,4,20.8868,1,False,True,21.8387,77.1652,0.990194,flare_decay,True,True,True,True,True,True,1.10896,0.936673,,,True,False,True,True,,True,
458483522_5,458483522,5,1888.28,2976.1,1,3.76995,0,False,,,,,,,,,,,,,,,,,,,,,,
458483522_6,458483522,6,1881.12,1787.93,24,13.7778,1,True,True,10.9555,15.8196,-5.23034,step,True,True,False,True,False,False,0.036648,0.059683,,,True,True,True,False,,True,
458483522_7,458483522,7,1888.72,6387.86,1,8.09176,0,False,,,,,,,,,,,,,,,,,,,,,,
458483522_8,458483522,8,1897.49,2620.99,24,20.1973,1,True,True,15.1864,-7.17635,-2.74554,step,False,False,False,True,True,False,,,,,False,True,False,False,,True,
458483522_9,458483522,9,1883.8,3761.34,8,14.5469,1,True,True,11.0088,-1.8765,-1.9629,step,False,False,False,True,True,False,,,,,False,True,False,False,,True,
458483522_10,458483522,10,1887.39,690.297,24,5.31941,0,True,,,,,,,,,,,,,,,,,,,,,,
458483522_11,458483522,11,1888.82,17106.4,4,49.1703,1,False,True,47.5425,411.062,115.336,flare_decay,True,True,True,True,True,True,1.37196,0.922289,,,True,False,True,True,,True,
458483522_12,458483522,12,1896.24,7002.06,2,13.237,1,False,True,10.9705,18.8562,-1.91905,flare_decay,True,True,True,True,True,True,0.956034,0.875471,,,True,False,True,True,,True,
458483522_13,458483522,13,1885.47,2689,1,3.40627,0,False,,,,,,,,,,,,,,,,,,,,,,
458483522_14,458483522,14,1897.68,1250.87,4,3.59547,0,False,,,,,,,,,,,,,,,,,,,,,,
458483522_15,458483522,15,1888.26,34223.1,1,43.3518,1,False,True,33.6015,463.95,288.675,flare_decay,True,True,True,True,True,True,0.462917,0.453418,,,True,True,True,True,,True,
458483522_16,458483522,16,1872.87,907.537,16,5.12914,0,True,,,,,,,,,,,,,,,,,,,,,,
458483522_17,458483522,17,1872.09,3933.05,8,15.211,1,True,True,13.6273,23.7261,-5.24818,step,True,True,True,True,True,True,0.766525,1.00502,,,True,True,True,True,True,True,
458483522_18,458483522,18,1873.34,19835.5,1,25.1264,1,False,True,27.8985,157.358,-3.08463,flare_decay,True,True,True,True,True,True,0.764196,0.584698,,,True,False,True,True,,True,
458483522_19,458483522,19,1873.2,10479.7,4,30.1228,1,False,True,30.2366,136.07,74.278,flare_decay,True,False,True,True,True,True,0.770194,0.859897,,,True,False,True,True,,True,
459768423_0,459768423,0,1876.14,1746.18,4,6.11378,0,True,,,,,,,,,,,,,,,,,,,,,,
459768423_1,459768423,1,1896.06,4722.31,4,16.5339,1,True,True,14.889,26.1312,20.5037,flare_decay,True,True,True,True,True,True,1.02707,0.954496,,,True,True,True,True,,True,
459768423_2,459768423,2,1875.14,1741.29,4,6.09666,0,True,,,,,,,,,,,,,,,,,,,,,,
459768423_3,459768423,3,1877.54,13481.9,2,33.0476,1,False,True,33.607,248.981,50.8998,flare_decay,True,True,True,True,True,True,1.92614,0.93357,,,True,False,True,True,,True,
459768423_4,459768423,4,1877.56,2298.7,1,4.14226,0,False,,,,,,,,,,,,,,,,,,,,,,
459768423_5,459768423,5,1887.26,10008.1,1,18.0346,1,False,True,18.7036,66.9082,-3.37275,flare_decay,True,True,True,True,True,True,0.918301,0.832616,,,True,False,True,True,,True,
459768423_6,459768423,6,1875.2,18780.4,1,33.8423,1,False,True,29.9124,183.923,29.1294,flare_decay,True,True,True,True,True,True,1.08906,0.514615,,,True,False,True,True,,True,
459768423_7,459768423,7,1883.22,7338.43,16,54.3838,1,True,True,48.6929,388.886,11.6226,flare_decay,True,True,True,True,True,True,0.571335,0.898885,,,True,True,True,True,,True,
459768423_8,459768423,8,1891.06,5975.57,2,14.6476,1,False,True,14.3758,23.9146,2.78725,flare_decay,True,True,True,True,True,True,0.663787,0.932712,,,True,False,True,True,,True,
459768423_9,459768423,9,1895.72,341.932,24,3.50959,0,True,,,,,,,,,,,,,,,,,,,,,,
459768423_10,459768423,10,1887.64,407.622,24,4.18384,0,True,,,,,,,,,,,,,,,,,,,,,,
459768423_11,459768423,11,1871.04,9840.36,8,47.1529,1,True,True,17.7091,-103.067,12.7364,step,False,False,True,True,True,True,0.301684,1.46055,,,False,True,True,True,,True,
459768423_12,459768423,12,1893.56,1504.4,4,5.26725,0,True,,,,,,,,,,,,,,,,,,,,,,
459768423_13,459768423,13,1875.79,453.076,24,4.65037,0,True,,,,,,,,,,,,,,,,,,,,,,
459768423_14,459768423,14,1871.99,523.681,16,3.88091,0,True,,,,,,,,,,,,,,,,,,,,,,
459768423_15,459768423,15,1893.49,10103.4,8,48.4135,1,True,True,47.2225,896.261,81.5859,flare_decay,True,True,True,True,True,True,0.822742,0.998126,,,True,True,True,True,True,True,
459768423_16,459768423,16,1895.29,1836.44,2,4.50157,0,False,,,,,,,,,,,,,,,,,,,,,,
459768423_17,459768423,17,1872.35,3306.04,1,5.95748,0,False,,,,,,,,,,,,,,,,,,,,,,
459768423_18,459768423,18,1877.89,1736.14,4,6.0786,1,True,True,7.89017,16.2591,-3.84349,flare_decay,True,True,True,True,True,True,0.729774,0.660917,0.0365305,0,True,True,True,True,,True,True
459768423_19,459768423,19,1896.04,410.369,24,4.21203,0,True,,,,,,,,,,,,,,,,,,,,,,
459976614_0,459976614,0,1872.28,923.152,24,4.6327,0,True,,,,,,,,,,,,,,,,,,,,,,
459976614_1,459976614,1,1889.22,16630,4,27.8225,1,True,True,26.3362,194.729,138.849,flare_decay,True,True,True,True,True,True,1.37261,0.915352,,,True,True,True,True,True,True,
459976614_2,459976614,2,1881.49,15632.7,8,36.9804,1,True,True,35.4649,182.284,25.3215,flare_decay,True,True,True,True,True,True,0.886116,1.01053,0.0002341,6.5628e-25,True,True,True,True,,True,True
459976614_3,459976614,3,1897.2,3693.38,24,18.5347,1,True,True,16.0886,4.92592,-3.19095,step,False,False,False,True,True,False,,,,,False,True,False,False,,True,
459976614_4,459976614,4,1877.07,2667.77,4,4.46326,0,True,,,,,,,,,,,,,,,,,,,,,,
459976614_5,459976614,5,1873.8,11188.6,24,56.1481,1,True,True,51.6055,363.14,18.1046,flare_decay,True,True,True,True,True,True,0.726597,0.917265,,,True,True,True,True,,True,
459976614_6,459976614,6,1876.41,2006.09,16,8.39874,1,True,True,8.19161,6.13874,-3.82765,step,False,True,False,True,True,True,1.63326,1.8409,,,False,True,True,True,,True,
459976614_7,459976614,7,1890.39,7959.76,16,33.3245,1,True,True,31.5193,135.921,1.57887,flare_decay,True,True,True,True,True,True,0.666757,0.979342,,,True,True,True,True,,True,
459976614_8,459976614,8,1889.3,3098.9,4,5.18454,0,True,,,,,,,,,,,,,,,,,,,,,,
459976614_9,459976614,9,1895.3,14655,2,18.4875,1,False,True,17.4231,37.7903,-0.236326,flare_decay,True,True,True,True,True,True,0.647572,1.01882,,,True,False,True,True,,True,
459976614_10,459976614,10,1896.91,6578.26,24,33.012,1,True,True,28.6642,93.7733,32.3561,step,True,True,True,True,True,True,0.864602,0.97805,,,True,True,True,True,,True,
459976614_11,459976614,11,1877.99,4129.26,16,17.2877,1,True,True,18.7347,55.3573,16.8218,flare_decay,True,True,True,True,True,True,0.632875,0.825019,,,True,True,True,True,,True,
459976614_12,459976614,12,1873.55,1580.26,8,3.73823,0,True,,,,,,,,,,,,,,,,,,,,,,
459976614_13,459976614,13,1879.16,8930.57,8,21.126,1,True,True,20.2683,62.6355,9.49332,flare_decay,True,True,True,True,True,True,1.35339,1.04407,,,True,True,True,True,True,True,
459976614_14,459976614,14,1881.7,10784.5,4,18.0427,1,True,True,16.8694,35.208,21.2318,flare_decay,True,True,True,True,True,True,1.34241,0.998003,,,True,True,True,True,,True,
459976614_15,459976614,15,1873.86,12911.5,1,11.59,0,False,,,,,,,,,,,,,,,,,,,,,,
459976614_16,459976614,16,1872.53,47388.8,1,42.5386,1,False,True,34.8592,185.154,148.38,flare_decay,True,True,True,True,True,True,1.73511,0.433608,,,True,True,True,True,,True,
459976614_17,459976614,17,1889.95,3397.67,4,5.68439,0,True,,,,,,,,,,,,,,,,,,,,,,
459976614_18,459976614,18,1894.91,31458.9,4,52.6316,1,True,True,51.2114,228.904,-35.4679,flare_decay,False,True,True,True,True,True,1.40087,0.956851,,,True,True,True,True,,True,
459976614_19,459976614,19,1880.45,1892.97,8,4.47796,0,True,,,,,,,,,,,,,,,,,,,,,,
459980063_0,459980063,0,1888.93,1300.83,2,8.51561,1,False,True,7.15887,8.42909,-3.29458,flare_decay,False,True,True,True,True,True,1.46544,1.08418,,,False,False,True,True,,True,
459980063_1,459980063,1,1887.97,1135.65,8,14.8796,1,True,True,12.8769,20.7071,-5.6,flare_decay,True,True,False,True,True,False,0.283926,1.0295,,,True,True,True,False,,True,
459980063_2,459980063,2,1886.51,2071.14,4,19.4627,1,True,True,21.047,31.2385,29.3797,flare_decay,True,True,False,True,True,False,0.104816,0.658388,,,True,True,True,False,,True,
459980063_3,459980063,3,1894.47,1237.7,1,6.04157,0,False,,,,,,,,,,,,,,,,,,,,,,
459980063_4,459980063,4,1897.07,290.957,24,6.98741,0,True,,,,,,,,,,,,,,,,,,,,,,
459980063_5,459980063,5,1881.12,3056.04,8,40.0411,1,True,True,39.2677,236.845,22.0112,flare_decay,True,True,True,True,True,True,0.523229,0.950936,,,True,True,True,True,,True,
459980063_6,459980063,6,1893.32,341.333,4,3.20753,0,True,,,,,,,,,,,,,,,,,,,,,,
459980063_7,459980063,7,1874.26,2469.34,1,12.0535,1,False,True,8.71431,4.45335,51.6773,flare_decay,False,True,True,True,True,True,0.76916,0.774712,,,False,False,True,True,,True,
459980063_8,459980063,8,1873.66,363.272,16,7.88716,0,True,,,,,,,,,,,,,,,,,,,,,,
459980063_9,459980063,9,1872.49,570.246,2,3.733,0,False,,,,,,,,,,,,,,,,,,,,,,
459980063_10,459980063,10,1892.97,891.912,1,4.35367,0,False,,,,,,,,,,,,,,,,,,,,,,
459980063_11,459980063,11,1872.57,331.46,4,3.11475,0,True,,,,,,,,,,,,,,,,,,,,,,
459980063_12,459980063,12,1876.32,1250.9,2,8.1888,1,False,True,8.1137,9.11597,-6.34262,flare_decay,False,True,False,True,True,False,0.221556,1.04724,,,False,False,True,False,,True,
459980063_13,459980063,13,1892.07,842.043,1,4.11024,0,False,,,,,,,,,,,,,,,,,,,,,,
459980063_14,459980063,14,1893.62,2710.01,16,58.8383,1,True,True,53.048,274.177,11.6281,flare_decay,True,True,False,True,True,False,0.224063,1.09073,,,True,True,True,False,,True,
459980063_15,459980063,15,1888.62,875.395,2,5.73061,0,False,,,,,,,,,,,,,,,,,,,,,,
459980063_16,459980063,16,1881.01,1258.59,8,16.4904,1,True,True,15.7421,40.7841,-3.73737,flare_decay,True,True,True,True,True,True,0.534597,0.911082,,,True,True,True,True,,True,
459980063_17,459980063,17,1896.82,1196.31,1,5.83954,0,False,,,,,,,,,,,,,,,,,,,,,,
459980063_18,459980063,18,1872.61,1959.76,8,25.6773,1,True,True,25.7118,185.126,10.0412,flare_decay,True,True,False,True,True,False,0.219343,0.537775,,,True,True,True,False,,True,
459980063_19,459980063,19,1879.2,1505.25,1,7.34754,0,False,,,,,,,,,,,,,,,,,,,,,,
459983045_0,459983045,0,1875.03,1614.97,16,7.1534,0,True,,,,,,,,,,,,,,,,,,,,,,
459983045_1,459983045,1,1883.45,4371.49,24,21.3354,1,True,True,16.7571,-2.54947,0.0276758,step,False,False,False,True,False,False,,,,,False,True,False,False,,True,
459983045_2,459983045,2,1874.8,22080.2,4,45.9719,1,True,True,45.1925,352.141,134.562,flare_decay,True,True,True,True,True,True,1.27712,0.922752,,,True,True,True,True,,True,
459983045_3,459983045,3,1894.16,1429.45,24,6.97654,0,True,,,,,,,,,,,,,,,,,,,,,,
459983045_4,459983045,4,1875.62,10222.6,1,10.6721,0,False,,,,,,,,,,,,,,,,,,,,,,
459983045_5,459983045,5,1872.34,1736.24,4,3.61493,0,True,,,,,,,,,,,,,,,,,,,,,,
459983045_6,459983045,6,1878.64,3028.99,24,14.7832,1,True,True,13.6148,9.6661,-3.84568,flare_decay,False,True,True,True,True,True,1.02319,1.02605,,,False,True,True,True,,True,
459983045_7,459983045,7,1873.8,4114.93,4,8.56747,0,True,,,,,,,,,,,,,,,,,,,,,,
459983045_8,459983045,8,1889.91,6178.72,2,9.29504,1,False,True,8.49162,-4.61375,-4.74518,flare_decay,False,False,True,True,True,True,1.01825,0.98313,,,False,False,True,True,,True,
459983045_9,459983045,9,1890.76,8943.05,1,9.3363,0,False,,,,,,,,,,,,,,,,,,,,,,
459983045_10,459983045,10,1888.14,4310.52,8,12.9364,1,True,True,12.5603,12.6096,-5.95855,flare_decay,True,True,True,True,True,True,0.850356,1.00502,,,True,True,True,True,,True,
459983045_11,459983045,11,1882.26,6113.43,24,29.8371,1,True,True,28.6467,139.655,2.95386,flare_decay,True,True,True,True,True,True,1.16616,0.948806,,,True,True,True,True,,True,
459983045_12,459983045,12,1892.03,910.705,24,4.44476,0,True,,,,,,,,,,,,,,,,,,,,,,
459983045_13,459983045,13,1882.01,6469.72,4,13.4703,1,True,True,13.1838,5.47388,-1.00977,flare_decay,False,True,True,True,True,True,0.898744,0.876362,,,False,True,True,True,,True,
459983045_14,459983045,14,1893.3,11248.6,2,16.9219,1,False,True,16.2375,46.1334,8.12875,flare_decay,True,True,True,True,True,True,0.869296,0.871326,,,True,False,True,True,,True,
459983045_15,459983045,15,1873.16,15757.8,4,32.8085,1,True,True,28.8096,209.46,19.3471,flare_decay,True,True,True,True,True,True,0.977298,0.92395,0.109242,2.88687e-14,True,True,True,True,,True,True
459983045_16,459983045,16,1886.68,2707.91,8,8.12679,0,True,,,,,,,,,,,,,,,,,,,,,,
459983045_17,459983045,17,1878.72,50000,1,52.1987,1,False,True,33.4848,10.1591,737.296,flare_decay,True,True,True,True,True,True,2.41177,0.648898,,,True,False,True,True,,True,
459983045_18,459983045,18,1895.01,27283.1,1,28.4828,1,False,True,18.3512,37.6211,86.6538,flare_decay,True,True,True,True,True,True,1.17786,0.550053,,,True,True,True,True,,True,
459983045_19,459983045,19,1879.12,2613.55,16,11.5765,1,True,True,13.66,14.4932,-1.79684,flare_decay,True,True,True,True,True,True,1.13186,1.01318,,,True,True,True,True,True,True,
462544114_0,462544114,0,1872.01,658.099,24,4.11045,0,True,,,,,,,,,,,,,,,,,,,,,,
462544114_1,462544114,1,1882.1,43142.6,1,42.1513,1,False,True,44.1471,132.138,6.59295,flare_decay,True,True,True,True,True,True,1.63516,0.604953,,,True,False,True,True,,True,
462544114_2,462544114,2,1874.93,4773.79,16,22.6515,1,True,True,22.4251,50.2189,1.53205,flare_decay,True,True,True,True,True,True,0.629537,0.839831,,,True,True,True,True,,True,
462544114_3,462544114,3,1886.91,9883.11,4,18.3075,1,True,True,17.6617,44.5445,22.2054,flare_decay,True,True,True,True,True,True,1.74626,0.894587,,,True,True,True,True,,True,
462544114_4,462544114,4,1892.33,9157.35,1,8.94695,0,False,,,,,,,,,,,,,,,,,,,,,,
462544114_5,462544114,5,1892.55,25970.3,1,25.3736,1,False,True,15.4771,0.3542,131.997,flare_decay,False,False,False,True,True,True,1.40572,0.598876,,,False,True,False,True,,True,
462544114_6,462544114,6,1881.74,14980,1,14.6358,1,False,True,13.7922,27.9446,27.9523,flare_decay,True,True,True,True,True,True,3.02644,0.537837,,,True,True,True,True,,True,
462544114_7,462544114,7,1897.05,50000,1,48.8512,1,False,True,53.6742,404.453,-3.6209,flare_decay,True,True,True,True,True,True,1.30696,0.548327,,,True,False,True,True,,True,
462544114_8,462544114,8,1887.64,1815.53,16,8.61465,0,True,,,,,,,,,,,,,,,,,,,,,,
462544114_9,462544114,9,1886.76,7648.94,1,7.4732,0,False,,,,,,,,,,,,,,,,,,,,,,
462544114_10,462544114,10,1872.39,5535.57,24,34.5749,1,True,True,33.531,70.181,-9.25664,flare_decay,False,True,True,True,True,True,0.556865,0.847905,,,True,True,True,True,,True,
462544114_11,462544114,11,1885.49,10161.8,1,9.92828,0,False,,,,,,,,,,,,,,,,,,,,,,
462544114_12,462544114,12,1893.39,3400.87,16,16.137,1,True,True,15.1814,43.2182,-7.0324,flare_decay,False,True,True,True,True,True,0.792632,0.931809,,,True,True,True,True,,True,
462544114_13,462544114,13,1872.22,2789.66,24,17.4241,1,True,True,17.0359,9.81433,-6.3395,flare_decay,False,True,True,True,True,True,0.559554,0.7693,,,False,True,True,True,,True,
462544114_14,462544114,14,1887.6,5373.84,1,5.25037,0,False,,,,,,,,,,,,,,,,,,,,,,
462544114_15,462544114,15,1883.58,13096.8,2,17.6718,1,False,True,16.2847,45.1998,13.3546,flare_decay,True,True,True,True,True,True,0.69862,0.928275,,,True,False,True,True,,True,
462544114_16,462544114,16,1882.8,4531.58,2,6.11454,0,False,,,,,,,,,,,,,,,,,,,,,,
462544114_17,462544114,17,1890.55,2793.68,16,13.2559,1,True,True,14.2165,8.72598,-1.95011,flare_decay,False,True,True,True,True,True,0.764832,0.883616,,,False,True,True,True,,True,
462544114_18,462544114,18,1895.05,30036.5,4,55.6398,1,True,True,55.1294,872.718,299.683,flare_decay,True,True,True,True,True,True,0.823545,0.933632,,,True,True,True,True,,True,
462544114_19,462544114,19,1878.64,24737.3,4,45.8235,1,True,True,44.816,478.303,-40.4649,flare_decay,False,True,True,True,True,True,1.16989,0.917637,,,True,True,True,True,,True,
