name,tic,disposition,period_d,depth_ppm,checks,confidence,evidence,in_lc_sample,sectors
CTOI 102625324.01,102625324,PC,9.17642,12320.6,gaia_orbit;odd_even,high,Gaia NSS SB1 orbit P = 9.176 d; companion 0.32 M_sun (SB1 mass function (sin i = 1)) | odd and even transits differ by 57.0 sigma (1704 vs 13526 ppm),True,"9,10,36,63,99"
CTOI 1030389830.01,1030389830,PC,0.687697,75410,gaia_orbit;secondary;size,high,"Gaia eclipsing binary (photometric): P = 0.6877 d | secondary eclipse at phase 0.592: 36555 ppm (30% of the transit depth), SNR 18.1, 15 sigma deeper than a planet could make it | implied size 2.3 Jupiter radii: too big for a planet",True,65
CTOI 115115136.01,115115136,PC,3.97083,970209,gaia_orbit;odd_even,high,Gaia NSS SB1 orbit P = 3.961 d; companion 0.24 M_sun (SB1 mass function (sin i = 1)) | odd and even transits differ by 32.3 sigma (7202 vs 11185 ppm),True,"1,27,68,105"
CTOI 11799874.01,11799874,PC,4.25811,6177.35,gaia_orbit,high,Gaia NSS SB1 orbit P = 4.258 d; companion 0.14 M_sun (SB1 mass function (sin i = 1)),True,"20,60,73"
CTOI 118389230.01,118389230,PC,3.75747,11489,gaia_orbit;odd_even,high,Gaia NSS SB1 orbit P = 3.758 d; companion 0.16 M_sun (SB1 mass function (sin i = 1)) | odd and even transits differ by 13.0 sigma (9455 vs 5871 ppm),True,"18,58,85"
CTOI 121420805.01,121420805,PC,1.72014,392062,gaia_orbit;size,high,Gaia eclipsing binary (photometric): P = 1.7169 d | implied size 8.7 Jupiter radii: too big for a planet,True,"1,28,68"
CTOI 121420805.02,121420805,PC,1.71806,938253,gaia_orbit;size,high,Gaia eclipsing binary (photometric): P = 1.7169 d | implied size 2.8 Jupiter radii: too big for a planet,True,"1,28,68"
CTOI 126945917.02,126945917,PC,1.34236,642623,gaia_orbit;odd_even;secondary;size,high,"Gaia NSS SB1 orbit P = 1.341 d; companion 0.16 M_sun (SB1 mass function (sin i = 1)); Gaia eclipsing binary (photometric): P = 1.3411 d | odd and even transits differ by 367.1 sigma (81552 vs 131348 ppm) | secondary eclipse at phase 0.469: 171025 ppm (167% of the transit depth), SNR 1318.1, 52 sigma deeper than a planet could make it | implied size 10.9 Jupiter radii: too big for a planet",True,"1,27,28,68,95,105"
CTOI 135230723.01,135230723,PC,6.77601,26328,gaia_orbit,high,Gaia NSS SB1 orbit P = 6.779 d; companion 0.16 M_sun (SB1 mass function (sin i = 1)),True,"24,25,51,52,78"
CTOI 136886352.01,136886352,PC,2.72234,4876,gaia_orbit,high,Gaia NSS SB1 orbit P = 2.722 d; companion 0.56 M_sun (SB1 mass function (sin i = 1)),True,"2,29,42,69,70"
CTOI 138854818.01,138854818,PC,5.789,9692,gaia_orbit;odd_even,high,Gaia NSS SB1 orbit P = 5.788 d; companion 0.15 M_sun (SB1 mass function (sin i = 1)) | odd and even transits differ by 10.1 sigma (2638 vs 4704 ppm),True,"6,32,98"
CTOI 138941853.01,138941853,PC,11.5902,9257,gaia_orbit;odd_even;size,high,Gaia NSS SB1 orbit P = 11.602 d; companion 0.20 M_sun (SB1 mass function (sin i = 1)) | odd and even transits differ by 7.1 sigma (8161 vs -1208 ppm) | implied size 1.8 Jupiter radii: too big for a planet on a 12-day orbit,True,"6,32"
CTOI 140736015.01,140736015,PC,7.3135,22800,gaia_orbit;odd_even;size,high,Gaia NSS SB2 orbit P = 7.313 d; companion 1.45 M_sun (SB2 mass ratio (K1/K2)) | odd and even transits differ by 71.0 sigma (11712 vs 6918 ppm) | implied size 3.5 Jupiter radii: too big for a planet,True,"19,25,26,52,53,59,60,73,79"
CTOI 141268467.01,141268467,PC,4.18056,555471,gaia_orbit;secondary;size,high,"Gaia NSS SB2 orbit P = 4.181 d; companion 1.17 M_sun (SB2 mass ratio (K1/K2)) | secondary eclipse at phase 0.522: 135857 ppm (66% of the transit depth), SNR 14394.8, 12460 sigma deeper than a planet could make it | implied size 12.5 Jupiter radii: too big for a planet",True,"1,2,4,5,6,7,8,9,10,11,12,27,28,29,30,31,32,34,35,36,37,38,39,61,62,64,65,66,67,68,69,87,88,89,90,93,94,95,96,97"
CTOI 141268467.02,141268467,PC,4.175,537411,gaia_orbit;size,high,Gaia NSS SB2 orbit P = 4.181 d; companion 1.17 M_sun (SB2 mass ratio (K1/K2)) | implied size 12.8 Jupiter radii: too big for a planet,True,"1,2,4,5,6,7,8,9,10,11,12,27,28,29,31,32,34,35,36,37,38,39,61,62,64,65,66,67,68,69,87,88,89,90,93,94,95,96,97"
CTOI 144462697.01,144462697,PC,1.23333,580757,gaia_orbit;size,high,Gaia eclipsing binary (photometric): P = 1.2340 d | implied size 10.0 Jupiter radii: too big for a planet,True,"1,68"
CTOI 144462697.02,144462697,PC,1.23542,915975,gaia_orbit;size,high,Gaia eclipsing binary (photometric): P = 1.2340 d | implied size 4.5 Jupiter radii: too big for a planet,True,"1,68"
CTOI 152223725.01,152223725,PC,4.43194,106080,gaia_orbit;size,high,Gaia eclipsing binary (photometric): P = 4.4365 d | implied size 5.3 Jupiter radii: too big for a planet,True,"1,27"
CTOI 152223725.02,152223725,PC,4.44028,547074,gaia_orbit;size,high,Gaia eclipsing binary (photometric): P = 4.4365 d | implied size 12.0 Jupiter radii: too big for a planet,True,"1,27"
CTOI 153734545.01,153734545,PC,3.2196,34969,gaia_orbit;size,high,Gaia NSS SB2 orbit P = 6.438 d (transit period = half Gaia's); companion 1.69 M_sun (SB2 mass ratio (K1/K2)) | implied size 4.8 Jupiter radii: too big for a planet,True,"7,8,34"
CTOI 153735144.01,153735144,PC,3.7785,31684,gaia_orbit;size,high,Gaia NSS SB1 orbit P = 3.779 d; companion 0.29 M_sun (SB1 mass function (sin i = 1)) | implied size 2.6 Jupiter radii: too big for a planet,True,8
CTOI 155916287.01,155916287,PC,6.05313,27696,gaia_orbit,high,Gaia NSS SB1 orbit P = 6.053 d; companion 0.71 M_sun (SB1 mass function (sin i = 1)),True,"16,23,24,50,51,77"
CTOI 167005326.01,167005326,PC,0.7204,60000,gaia_orbit;centroid,high,Gaia eclipsing binary (photometric): P = 0.7204 d | the star's image shifts during transit (15.6 sigma; the dimming source would be ~4131 arcsec away),True,"1,2,3,4,6,7,8,9,10,11,12,13,27,28,29,30,31,32,33,34,36,37,38,39,62,63,64,65,66,67,68,69,87,89,90,93,94,95,96"
CTOI 176871438.01,176871438,PC,15.1383,9306.94,gaia_orbit;centroid;size,high,Gaia NSS SB1 orbit P = 15.135 d; companion 0.22 M_sun (SB1 mass function (sin i = 1)) | the star's image shifts during transit (15.0 sigma; the dimming source would be ~2194 arcsec away) | implied size 2.4 Jupiter radii: too big for a planet on a 15-day orbit,True,"1,3,4,5,6,7,8,9,10,11,13,27,28,29,30,31,33,34,35,36,37,38,39,61,62,63,64,65,66,67,68,69,87,88,89,90,93,94,95,96,97,98"
CTOI 190736332.01,190736332,PC,2.46278,33470,gaia_orbit;secondary;size,high,"Gaia NSS SB1 orbit P = 2.463 d; companion 0.19 M_sun (SB1 mass function (sin i = 1)) | secondary eclipse at phase 0.482: 1819 ppm (6% of the transit depth), SNR 14.3, 7 sigma deeper than a planet could make it | implied size 2.0 Jupiter radii: too big for a planet",True,"15,16,56"
CTOI 192831602.01,192831602,PC,19.5799,8110,gaia_orbit,high,Gaia NSS SB1 orbit P = 39.144 d (transit period = half Gaia's); companion 0.39 M_sun (SB1 mass function (sin i = 1)),True,"5,6,32,33"
CTOI 198358825.01,198358825,PC,23.4995,46590.1,gaia_orbit;size,high,Gaia NSS SB1 orbit P = 23.519 d; companion 0.31 M_sun (SB1 mass function (sin i = 1)) | implied size 3.2 Jupiter radii: too big for a planet on a 23-day orbit,True,"16,17,19,20,22,23,24,25,26,40,47,49,50,51,52,53,54,56,57,59,60,73,76,77,78,79,80,81,83,84,85,86"
CTOI 204327008.02,204327008,PC,0.321528,77584.8,secondary;centroid;size,high,"secondary eclipse at phase 0.421: 6373 ppm (637311580% of the transit depth), SNR 53.1, 53 sigma deeper than a planet could make it | the star's image shifts during transit (5.5 sigma; the dimming source would be ~423 arcsec away) | implied size 2.7 Jupiter radii: too big for a planet",True,"2,29,69"
CTOI 204497617.01,204497617,PC,1.59028,789737,gaia_orbit;size,high,Gaia eclipsing binary (photometric): P = 0.7947 d (transit period = 2x Gaia's) | implied size 4.5 Jupiter radii: too big for a planet,True,"1,28,68"
CTOI 207080350.01,207080350,PC,9.10556,335069,gaia_orbit;odd_even;size,high,Gaia NSS SB2 orbit P = 9.108 d; companion 1.46 M_sun (SB2 mass ratio (K1/K2)); Gaia eclipsing binary (photometric): P = 9.1070 d | odd and even transits differ by 1964.1 sigma (131555 vs 6630 ppm) | implied size 11.7 Jupiter radii: too big for a planet,True,"1,28,68,105,106"
CTOI 214299966.01,214299966,PC,3.06806,985476,gaia_orbit;odd_even,high,Gaia NSS SB1 orbit P = 3.067 d; companion 0.27 M_sun (SB1 mass function (sin i = 1)) | odd and even transits differ by 22.5 sigma (3821 vs 5626 ppm),True,"1,28,68,106"
CTOI 21818238.01,21818238,PC,10.4429,2.18564,gaia_orbit,high,Gaia NSS SB1 orbit P = 10.448 d; companion 0.26 M_sun (SB1 mass function (sin i = 1)),True,"8,9,35,62,89,99"
CTOI 219201178.01,219201178,PC,2.41679,5.79758,gaia_orbit;centroid;size,high,Gaia NSS SB1 orbit P = 2.417 d; companion 0.57 M_sun (SB1 mass function (sin i = 1)) | the star's image shifts during transit (20.6 sigma; the dimming source would be ~63 arcsec away) | implied size 2.0 Jupiter radii: too big for a planet,True,"1,4,5,6,7,8,11,28,31,32,33,34,35,38,61,65,66,67,68,69,87,88,93,94,95,96,98"
CTOI 219308281.01,219308281,PC,2.86042,161729,gaia_orbit;size,high,Gaia eclipsing binary (photometric): P = 2.8574 d | implied size 4.3 Jupiter radii: too big for a planet,True,"1,27,67"
CTOI 219308281.02,219308281,PC,2.85139,748742,gaia_orbit;size,high,Gaia eclipsing binary (photometric): P = 2.8574 d | implied size 9.3 Jupiter radii: too big for a planet,True,"1,27,67"
CTOI 219322317.01,219322317,PC,8.546,41339,gaia_orbit;odd_even;size,high,Gaia NSS SB1 orbit P = 8.544 d; companion 0.33 M_sun (SB1 mass function (sin i = 1)) | odd and even transits differ by 15.7 sigma (10643 vs 7422 ppm) | implied size 3.5 Jupiter radii: too big for a planet,True,"1,27,28,67,68,102,103,104,105"
CTOI 220523550.01,220523550,PC,13.5236,997792,gaia_orbit,high,Gaia NSS SB1 orbit P = 13.491 d; companion 0.28 M_sun (SB1 mass function (sin i = 1)),True,"1,2,3,28,29,30,68,69,95,97"
CTOI 220523550.02,220523550,PC,13.4951,956667,gaia_orbit;size,high,Gaia NSS SB1 orbit P = 13.491 d; companion 0.28 M_sun (SB1 mass function (sin i = 1)) | implied size 3.0 Jupiter radii: too big for a planet on a 13-day orbit,True,"1,2,3,28,29,30,68,69,95,97"
CTOI 220567625.01,220567625,PC,19.4444,953178,gaia_orbit;size,high,Gaia NSS SB1 orbit P = 19.427 d; companion 0.50 M_sun (SB1 mass function (sin i = 1)) | implied size 5.9 Jupiter radii: too big for a planet on a 19-day orbit,True,"1,3,28,29,30,68,69,95,97"
CTOI 225336886.01,225336886,PC,2.17082,29.6006,gaia_orbit;size,high,Gaia eclipsing binary (photometric): P = 2.1712 d | implied size 2.9 Jupiter radii: too big for a planet,True,39
CTOI 231714759.02,231714759,PC,5.45972,413268,gaia_orbit;odd_even;secondary;size,high,"Gaia eclipsing binary (photometric): P = 5.4612 d | odd and even transits differ by 490.9 sigma (246391 vs 148198 ppm) | secondary eclipse at phase 0.599: 31786 ppm (18% of the transit depth), SNR 436.2, 71 sigma deeper than a planet could make it | implied size 34.4 Jupiter radii: too big for a planet",True,"1,28,68"
CTOI 233126177.01,233126177,PC,65.945,19000,gaia_orbit;secondary;size,high,"Gaia NSS SB1 orbit P = 66.441 d; companion 0.17 M_sun (SB1 mass function (sin i = 1)) | secondary eclipse at phase 0.570: 687 ppm (4% of the transit depth), SNR 17.5, 17 sigma deeper than a planet could make it | implied size 2.2 Jupiter radii: too big for a planet on a 66-day orbit",True,"14,15,16,17,18,19,20,21,22,23,24,25,26,41,48,49,51,52,53,54,55,56,57,58,59,73,75,76,77,78,79,80,81,82,83,84,85,86"
CTOI 234518605.01,234518605,PC,5.67905,57524.4,gaia_orbit;secondary;size,high,"Gaia NSS SB1 orbit P = 5.680 d; no mass estimate | secondary eclipse at phase 0.418: 3176 ppm (5% of the transit depth), SNR 45.3, 45 sigma deeper than a planet could make it | implied size 2.4 Jupiter radii: too big for a planet",True,"1,2,68,69,103,104"
CTOI 235009317.01,235009317,PC,7.45833,22028.8,gaia_orbit,high,Gaia NSS SB1 orbit P = 7.457 d; companion 0.59 M_sun (SB1 mass function (sin i = 1)),True,"1,28,68,102,103,104,105"
CTOI 235009317.02,235009317,PC,7.45278,3441.28,gaia_orbit,high,Gaia NSS SB1 orbit P = 7.457 d; companion 0.59 M_sun (SB1 mass function (sin i = 1)),True,"1,28,68,102,103,104,105"
CTOI 237332597.01,237332597,PC,2.92986,9505.26,gaia_orbit;odd_even,high,Gaia NSS SB1 orbit P = 2.927 d; companion 0.50 M_sun (SB1 mass function (sin i = 1)) | odd and even transits differ by 410.9 sigma (22866 vs 12983 ppm),True,"1,28,68"
CTOI 237332597.02,237332597,PC,2.93056,129270,gaia_orbit;size,high,Gaia NSS SB1 orbit P = 2.927 d; companion 0.50 M_sun (SB1 mass function (sin i = 1)) | implied size 5.1 Jupiter radii: too big for a planet,True,"1,28,68"
CTOI 237342298.01,237342298,PC,2.69208,31191.4,gaia_orbit;size,high,Gaia NSS SB1 orbit P = 2.692 d; companion 0.23 M_sun (SB1 mass function (sin i = 1)) | implied size 2.0 Jupiter radii: too big for a planet,True,"3,4,5,30,31,97"
CTOI 25226885.01,25226885,PC,1.63125,883417,gaia_orbit;odd_even;size,high,Gaia eclipsing binary (photometric): P = 1.6321 d | odd and even transits differ by 106.7 sigma (71876 vs 51885 ppm) | implied size 3.7 Jupiter radii: too big for a planet,True,"1,28"
CTOI 25226885.02,25226885,PC,1.63056,984582,gaia_orbit;odd_even,high,Gaia eclipsing binary (photometric): P = 1.6321 d | odd and even transits differ by 23.4 sigma (12435 vs 7641 ppm),True,"1,28"
CTOI 257483992.01,257483992,PC,8.78671,22753,gaia_orbit;size,high,Gaia NSS SB1 orbit P = 8.788 d; companion 0.21 M_sun (SB1 mass function (sin i = 1)) | implied size 2.5 Jupiter radii: too big for a planet,True,"3,30"
CTOI 264485594.01,264485594,PC,7.17004,7160,gaia_orbit,high,Gaia NSS SB1 orbit P = 7.168 d; companion 0.65 M_sun (SB1 mass function (sin i = 1)),True,"6,32"
CTOI 265489698.01,265489698,PC,1.15625,84032.3,gaia_orbit;centroid;size,high,Gaia eclipsing binary (photometric): P = 1.1555 d | the star's image shifts during transit (5.2 sigma; the dimming source would be ~10117 arcsec away) | implied size 6.4 Jupiter radii: too big for a planet,True,"1,27,67"
CTOI 265489698.02,265489698,PC,1.15347,21857.7,gaia_orbit;secondary;size,high,"Gaia eclipsing binary (photometric): P = 1.1555 d | secondary eclipse at phase 0.583: 37750 ppm (809% of the transit depth), SNR 531.4, 435 sigma deeper than a planet could make it | implied size 3.3 Jupiter radii: too big for a planet",True,"1,27,67"
CTOI 266996791.01,266996791,PC,2.12639,860077,gaia_orbit;odd_even;size,high,Gaia eclipsing binary (photometric): P = 2.1237 d | odd and even transits differ by 1129.2 sigma (224239 vs 486544 ppm) | implied size 33.1 Jupiter radii: too big for a planet,True,"1,28,68"
CTOI 266996791.02,266996791,PC,2.12292,119055,gaia_orbit;size,high,Gaia eclipsing binary (photometric): P = 2.1237 d | implied size 12.3 Jupiter radii: too big for a planet,True,"1,28,68"
CTOI 268290940.01,268290940,PC,9.30672,43121.8,gaia_orbit;odd_even;size,high,Gaia NSS SB2 orbit P = 9.305 d; companion 1.24 M_sun (SB2 mass ratio (K1/K2)) | odd and even transits differ by 275.2 sigma (3855 vs 16163 ppm) | implied size 3.1 Jupiter radii: too big for a planet,True,"7,8,9,34,35,36,61,62,88,89"
CTOI 272357134.01,272357134,PC,4.1875,1354.4,gaia_orbit;odd_even,high,Gaia NSS SB1 orbit P = 4.197 d; companion 0.24 M_sun (SB1 mass function (sin i = 1)) | odd and even transits differ by 5.8 sigma (177 vs 131 ppm),True,"1,2,3,4,5,6,7,8,9,10,12,13,27,28,29,30,31,32,33,34,35,36,37,38,39,62,63,64,65,66,67,87,89,90,93,94,96,97,98"
CTOI 272357134.02,272357134,PC,4.19583,16962,gaia_orbit;size,high,Gaia NSS SB1 orbit P = 4.197 d; companion 0.24 M_sun (SB1 mass function (sin i = 1)) | implied size 3.0 Jupiter radii: too big for a planet,True,"1,2,3,4,5,6,7,8,9,10,12,13,27,28,29,30,31,32,33,34,35,36,37,38,39,62,63,64,65,66,67,69,87,89,90,94,96,97,98"
CTOI 273792220.01,273792220,PC,1.9868,26367.6,gaia_orbit;size,high,Gaia NSS SB2C orbit P = 1.988 d; companion 1.26 M_sun (SB2 mass ratio (K1/K2)) | implied size 2.4 Jupiter radii: too big for a planet,True,"1,2,28,29,68,69,96"
CTOI 273792220.02,273792220,PC,1.98681,53042.6,gaia_orbit;size,high,Gaia NSS SB2C orbit P = 1.988 d; companion 1.26 M_sun (SB2 mass ratio (K1/K2)) | implied size 3.4 Jupiter radii: too big for a planet,True,"1,2,28,29,68,69,96"
CTOI 277649549.01,277649549,PC,14.4882,960283,gaia_orbit;size,high,Gaia NSS SB2 orbit P = 14.491 d; companion 1.38 M_sun (SB2 mass ratio (K1/K2)) | implied size 3.7 Jupiter radii: too big for a planet on a 14-day orbit,True,"1,27,28,67,68,94,95,102,103,104,105"
CTOI 277649549.02,277649549,PC,14.4903,876987,gaia_orbit;size,high,Gaia NSS SB2 orbit P = 14.491 d; companion 1.38 M_sun (SB2 mass ratio (K1/K2)) | implied size 6.5 Jupiter radii: too big for a planet on a 14-day orbit,True,"1,27,28,67,68,94,95,102,103,104,105"
CTOI 278683641.01,278683641,PC,4.25208,14113.6,gaia_orbit;secondary,high,"Gaia NSS SB1 orbit P = 4.242 d; companion 0.55 M_sun (SB1 mass function (sin i = 1)) | secondary eclipse at phase 0.447: 11818 ppm (64% of the transit depth), SNR 1681.6, 1631 sigma deeper than a planet could make it",True,"1,2,3,4,5,6,7,8,9,10,11,12,13,27,28,29,30,31,32,33,34,35,36,37,38,39,61,62,63,64,65,66,67,68,69,87,88,89,90,93,94,95,96,97,98"
CTOI 279322914.01,279322914,PC,18.8689,30777.1,gaia_orbit;secondary;size,high,"Gaia NSS SB1 orbit P = 18.874 d; companion 0.24 M_sun (SB1 mass function (sin i = 1)) | secondary eclipse at phase 0.483: 1107 ppm (4% of the transit depth), SNR 29.6, 28 sigma deeper than a planet could make it | implied size 2.1 Jupiter radii: too big for a planet on a 19-day orbit",True,"1,5,7,8,9,10,11,12,13,27,28,34,35,36,37,38,39,61,62,63,64,65,66,67,69,87,89,90,93,94,95,96,97,98"
CTOI 282502866.01,282502866,PC,7.40066,13455,gaia_orbit,high,Gaia NSS SB2 orbit P = 7.397 d; companion 1.35 M_sun (SB2 mass ratio (K1/K2)),True,"6,33,87"
CTOI 284990199.01,284990199,PC,4.09313,33773.2,odd_even;secondary;centroid;density,high,"odd and even transits differ by 11.1 sigma (-14202 vs -1771 ppm) | secondary eclipse at phase 0.548: 4654 ppm (465375918% of the transit depth), SNR 12.3, 12 sigma deeper than a planet could make it | the star's image shifts during transit (37.0 sigma; the dimming source would be ~68469 arcsec away) | the transit lasts 2.6x longer than any orbit around a star of the catalogued density allows (a blend, or a misclassified star)",True,"14,40,41,54"
CTOI 287351976.01,287351976,PC,1.92431,422767,gaia_orbit;size,high,Gaia NSS EclipsingBinary: P = 1.9219 d; Gaia eclipsing binary (photometric): P = 1.9219 d | implied size 14.4 Jupiter radii: too big for a planet,True,"2,3,5,6,9,10,11,12,13,29,30,32,33,35,36,37,38,39,61,62,63,64,65,66,69"
CTOI 287351976.02,287351976,PC,1.92361,80204.8,gaia_orbit;size,high,Gaia NSS EclipsingBinary: P = 1.9219 d; Gaia eclipsing binary (photometric): P = 1.9219 d | implied size 6.3 Jupiter radii: too big for a planet,True,"2,3,5,6,9,10,11,12,13,29,30,32,33,35,37,38,39,61,62,63,64,65,66,69"
CTOI 295176393.01,295176393,PC,27.2519,4880,gaia_orbit,high,Gaia NSS SB1 orbit P = 27.249 d; companion 0.53 M_sun (SB1 mass function (sin i = 1)),True,"12,13,39,66,93"
CTOI 300903537.01,300903537,PC,5.82361,83073,gaia_orbit;size,high,Gaia NSS SB1 orbit P = 5.822 d; companion 0.20 M_sun (SB1 mass function (sin i = 1)) | implied size 2.2 Jupiter radii: too big for a planet,True,"1,28,68,95"
CTOI 301980639.01,301980639,PC,4.78264,21986,gaia_orbit,high,Gaia NSS SB1 orbit P = 4.783 d; companion 0.30 M_sun (SB1 mass function (sin i = 1)),True,"1,28,68"
CTOI 306635088.01,306635088,PC,17.0004,17069.5,gaia_orbit;size,high,Gaia NSS SB1 orbit P = 17.006 d; companion 0.23 M_sun (SB1 mass function (sin i = 1)) | implied size 2.7 Jupiter radii: too big for a planet on a 17-day orbit,True,"1,2,3,4,5,6,7,8,9,10,11,12,13,27,28,29,30,31,32,33,34,35,36,37,38,39,61,62,63,64,65,66,68,69,87,88,89,90,93,95,96,97,98"
CTOI 318357083.01,318357083,PC,3.24,15883,gaia_orbit,high,Gaia NSS SB1 orbit P = 3.244 d; companion 0.15 M_sun (SB1 mass function (sin i = 1)),True,"21,48,75"
CTOI 318707367.01,318707367,PC,13.9757,12494.6,gaia_orbit,high,Gaia NSS SB1 orbit P = 6.987 d (transit period = 2x Gaia's); companion 0.43 M_sun (SB1 mass function (sin i = 1)),True,"42,43,70"
CTOI 32606889.01,32606889,PC,4.68686,10913,gaia_orbit;size,high,Gaia NSS SB1 orbit P = 4.687 d; companion 0.21 M_sun (SB1 mass function (sin i = 1)) | implied size 2.1 Jupiter radii: too big for a planet,True,"5,6,32,33,98"
CTOI 339502646.01,339502646,PC,15.625,2897,odd_even;centroid,high,odd and even transits differ by 6.8 sigma (-616 vs 2694 ppm) | the star's image shifts during transit (7.5 sigma; the dimming source would be ~49 arcsec away),True,20
CTOI 339533257.01,339533257,PC,13.064,32395.6,size;density,high,"implied size 1.6 Jupiter radii: too big for a planet on a 13-day orbit | the transit lasts 1.5x longer than any orbit around a star of the catalogued density allows (a blend, or a misclassified star)",False,
CTOI 344087362.01,344087362,PC,14.4959,3604,gaia_orbit;size,high,Gaia NSS SB1 orbit P = 14.496 d; companion 0.23 M_sun (SB1 mass function (sin i = 1)) | implied size 2.4 Jupiter radii: too big for a planet on a 14-day orbit,True,"6,7,8,9,33,34,35,36,61,62"
CTOI 350479101.02,350479101,PC,11.9229,961353,gaia_orbit;odd_even;size,high,Gaia NSS SB2C orbit P = 11.918 d; companion 1.40 M_sun (SB2 mass ratio (K1/K2)) | odd and even transits differ by 42.9 sigma (3990 vs 3114 ppm) | implied size 3.6 Jupiter radii: too big for a planet on a 12-day orbit,True,"1,3,4,5,6,7,8,9,10,11,13,27,28,29,30,31,33,34,35,36,37,38,39,61,62,63,64,65,66,67,68,69,87,88,89,90,93,94,95,96"
CTOI 350480660.01,350480660,PC,4.463,26253.3,gaia_orbit,high,Gaia NSS SB1 orbit P = 4.464 d; companion 0.16 M_sun (SB1 mass function (sin i = 1)),True,"1,2,3,4,5,6,7,8,9,10,11,12,13,27,28,30,31,32,33,34,35,36,37,38,39,61,62,63,64,65,66,67,68,69,87,88,89,90,93,94,95,96,97"
CTOI 356435413.01,356435413,PC,27.4796,14077,gaia_orbit,high,Gaia NSS SB1 orbit P = 27.479 d; companion 0.68 M_sun (SB1 mass function (sin i = 1)),True,"25,26,52,53,79"
CTOI 368803791.01,368803791,PC,15.526,22000,gaia_orbit,high,Gaia NSS SB1 orbit P = 7.761 d (transit period = 2x Gaia's); companion 0.19 M_sun (SB1 mass function (sin i = 1)),True,51
CTOI 372909935.01,372909935,PC,3.61247,9689.9,gaia_orbit;odd_even,high,Gaia NSS SB1 orbit P = 3.611 d; companion 0.31 M_sun (SB1 mass function (sin i = 1)) | odd and even transits differ by 9.5 sigma (1338 vs 960 ppm),True,"1,2,4,5,7,8,9,10,11,12,27,28,29,31,32,34,35,36,37,38,39,61,62,63,64,65,68,69,87,88,89,90,95,96"
CTOI 375477302.01,375477302,PC,3.07864,16007.8,gaia_orbit,high,Gaia NSS SB1 orbit P = 3.072 d; companion 0.16 M_sun (SB1 mass function (sin i = 1)),True,"9,63,99"
CTOI 375517114.01,375517114,PC,1.08229,3943.27,secondary;density,high,"secondary eclipse at phase 0.553: 3522 ppm (414% of the transit depth), SNR 16.9, 17 sigma deeper than a planet could make it | the transit lasts 2.6x longer than any orbit around a star of the catalogued density allows (a blend, or a misclassified star)",True,54
CTOI 381543300.01,381543300,PC,3.85571,25734,gaia_orbit;size,high,Gaia NSS SB1 orbit P = 3.855 d; companion 0.26 M_sun (SB1 mass function (sin i = 1)) | implied size 2.4 Jupiter radii: too big for a planet,True,"17,57,84"
CTOI 38850860.01,38850860,PC,8.41707,27330.3,gaia_orbit;odd_even,high,Gaia NSS SB1 orbit P = 8.413 d; companion 0.14 M_sun (SB1 mass function (sin i = 1)) | odd and even transits differ by 56.4 sigma (15612 vs 3481 ppm),True,"27,28,67,68,94,96"
CTOI 39018208.01,39018208,PC,6.64583,996047,gaia_orbit,high,Gaia NSS SB1 orbit P = 6.650 d; companion 0.43 M_sun (SB1 mass function (sin i = 1)),True,"1,2,28,29,68,69,103,104"
CTOI 39018208.02,39018208,PC,6.66042,973306,gaia_orbit;size,high,Gaia NSS SB1 orbit P = 6.650 d; companion 0.43 M_sun (SB1 mass function (sin i = 1)) | implied size 2.4 Jupiter radii: too big for a planet,True,"1,2,28,29,68,69,103,104"
CTOI 406526291.01,406526291,PC,3.50996,2569,gaia_orbit,high,Gaia NSS SB1 orbit P = 3.510 d; companion 0.14 M_sun (SB1 mass function (sin i = 1)),True,"16,17,24"
CTOI 416455230.01,416455230,PC,7.79251,12909,gaia_orbit,high,Gaia NSS SB1 orbit P = 7.799 d; companion 0.13 M_sun (SB1 mass function (sin i = 1)),True,"19,60,73"
CTOI 41896812.01,41896812,PC,1.25903,61315.1,gaia_orbit;secondary;size,high,"Gaia eclipsing binary (photometric): P = 2.5216 d (transit period = half Gaia's) | secondary eclipse at phase 0.574: 177470 ppm (660% of the transit depth), SNR 1030.8, 962 sigma deeper than a planet could make it | implied size 4.3 Jupiter radii: too big for a planet",True,"2,3,29,30,69"
CTOI 41896812.02,41896812,PC,1.26319,333353,gaia_orbit;size,high,Gaia eclipsing binary (photometric): P = 2.5216 d (transit period = half Gaia's) | implied size 10.0 Jupiter radii: too big for a planet,True,"2,3,29,30,69"
CTOI 43785616.01,43785616,PC,17.91,22880,gaia_orbit;secondary;size,high,"Gaia NSS SB1 orbit P = 17.913 d; no mass estimate | secondary eclipse at phase 0.531: 1263 ppm (5% of the transit depth), SNR 9.1, 9 sigma deeper than a planet could make it | implied size 1.8 Jupiter radii: too big for a planet on a 18-day orbit",True,32
CTOI 441422220.01,441422220,PC,3.7,284674,gaia_orbit;secondary;size,high,"Gaia NSS SB1 orbit P = 3.700 d; companion 0.67 M_sun (SB1 mass function (sin i = 1)) | secondary eclipse at phase 0.509: 38632 ppm (19% of the transit depth), SNR 1423.1, 1234 sigma deeper than a planet could make it | implied size 7.6 Jupiter radii: too big for a planet",True,"1,27,67"
CTOI 441422220.02,441422220,PC,3.69931,53418,gaia_orbit;size,high,Gaia NSS SB1 orbit P = 3.700 d; companion 0.67 M_sun (SB1 mass function (sin i = 1)) | implied size 3.3 Jupiter radii: too big for a planet,True,"1,27,67"
CTOI 467113954.01,467113954,PC,7.57084,53110.6,gaia_orbit;odd_even;size,high,Gaia NSS SB1 orbit P = 7.567 d; companion 0.31 M_sun (SB1 mass function (sin i = 1)) | odd and even transits differ by 67.7 sigma (30610 vs 18184 ppm) | implied size 2.8 Jupiter radii: too big for a planet,True,"19,59,60,73"
CTOI 51238317.01,51238317,PC,14.261,14370,gaia_orbit;size,high,Gaia NSS SB1 orbit P = 14.249 d; companion 0.20 M_sun (SB1 mass function (sin i = 1)) | implied size 2.2 Jupiter radii: too big for a planet on a 14-day orbit,True,"20,47,74"
CTOI 52079677.01,52079677,PC,9.03472,966190,gaia_orbit;size,high,Gaia NSS SB1 orbit P = 9.028 d; companion 0.69 M_sun (SB1 mass function (sin i = 1)) | implied size 2.1 Jupiter radii: too big for a planet,True,"1,2,28,29,68,69"
CTOI 52079677.02,52079677,PC,9.04167,990201,gaia_orbit,high,Gaia NSS SB1 orbit P = 9.028 d; companion 0.69 M_sun (SB1 mass function (sin i = 1)),True,"1,2,28,29,68,69"
CTOI 55497281.01,55497281,PC,14.9028,691263,gaia_orbit;secondary;size,high,"Gaia NSS SB2 orbit P = 14.901 d; companion 1.16 M_sun (SB2 mass ratio (K1/K2)) | secondary eclipse at phase 0.548: 96396 ppm (78% of the transit depth), SNR 18055.8, 17634 sigma deeper than a planet could make it | implied size 8.7 Jupiter radii: too big for a planet on a 15-day orbit",True,"1,2,3,4,5,6,8,9,10,11,12,13,27,28,29,30,31,32,33,34,35,36,37,38,39,61,62,63,64,65,66,67,68,69,87,88,89,90,93,95,96,97,98"
CTOI 62573638.01,62573638,PC,4.72245,11836.8,gaia_orbit;odd_even;secondary;size,high,"Gaia NSS SB1 orbit P = 4.716 d; companion 0.34 M_sun (SB1 mass function (sin i = 1)) | odd and even transits differ by 58.7 sigma (1406 vs 2988 ppm) | secondary eclipse at phase 0.429: 10060 ppm (423% of the transit depth), SNR 810.2, 763 sigma deeper than a planet could make it | implied size 2.7 Jupiter radii: too big for a planet",True,"8,34,61"
CTOI 65557265.01,65557265,PC,1.68285,12898,gaia_orbit,high,Gaia eclipsing binary (photometric): P = 3.3657 d (transit period = half Gaia's),True,"57,58,77,78"
CTOI 70663347.01,70663347,PC,8.73364,16731,gaia_orbit;size,high,Gaia NSS SB1 orbit P = 8.731 d; companion 0.19 M_sun (SB1 mass function (sin i = 1)) | implied size 2.4 Jupiter radii: too big for a planet,True,19
CTOI 90083037.01,90083037,PC,9.94145,11364.9,gaia_orbit;secondary;size,high,"Gaia NSS SB1 orbit P = 9.940 d; companion 0.17 M_sun (SB1 mass function (sin i = 1)) | secondary eclipse at phase 0.477: 371 ppm (3% of the transit depth), SNR 18.6, 12 sigma deeper than a planet could make it | implied size 2.2 Jupiter radii: too big for a planet",True,"13,66,104"
CTOI 91369561.02,91369561,PC,3.99306,73995.9,gaia_orbit;odd_even;size,high,Gaia eclipsing binary (photometric): P = 3.9830 d | odd and even transits differ by 14.8 sigma (39037 vs 48927 ppm) | implied size 4.5 Jupiter radii: too big for a planet,True,"1,27,67"
CTOI 91369561.03,91369561,PC,3.99236,503528,gaia_orbit;size,high,Gaia eclipsing binary (photometric): P = 3.9830 d | implied size 11.8 Jupiter radii: too big for a planet,True,"1,27,67"
CTOI 92349924.01,92349924,PC,8.80069,19158.9,gaia_orbit;odd_even;size,high,Gaia NSS SB1 orbit P = 8.799 d; companion 0.63 M_sun (SB1 mass function (sin i = 1)) | odd and even transits differ by 11.4 sigma (4171 vs 5833 ppm) | implied size 2.9 Jupiter radii: too big for a planet,True,"1,27,68,95"
CTOI 92594505.01,92594505,PC,22.8687,78417.6,gaia_orbit;odd_even;secondary;size,high,"Gaia NSS SB2 orbit P = 11.437 d (transit period = 2x Gaia's); companion 1.31 M_sun (SB2 mass ratio (K1/K2)) | odd and even transits differ by 689.0 sigma (58415 vs 28264 ppm) | secondary eclipse at phase 0.504: 46668 ppm (108% of the transit depth), SNR 1876.9, 1862 sigma deeper than a planet could make it | implied size 6.4 Jupiter radii: too big for a planet on a 23-day orbit",True,"1,28,68,95"
CTOI 92866460.01,92866460,PC,19.1605,4438,gaia_orbit,high,Gaia NSS SB1 orbit P = 19.195 d; companion 0.54 M_sun (SB1 mass function (sin i = 1)),True,"1,28,68"
CTOI 98672702.01,98672702,PC,15.1288,15304,gaia_orbit;size,high,Gaia NSS SB1 orbit P = 15.167 d; companion 0.35 M_sun (SB1 mass function (sin i = 1)) | implied size 2.1 Jupiter radii: too big for a planet on a 15-day orbit,True,3
TOI 1059.01,380783252,PC,9.44965,25387.7,gaia_orbit;size,high,Gaia NSS SB1 orbit P = 9.450 d; companion 0.23 M_sun (SB1 mass function (sin i = 1)) | implied size 2.4 Jupiter radii: too big for a planet,True,"13,39,66,93,100,102,103,104"
TOI 1115.01,379286801,APC,4.45199,8483.38,gaia_orbit;odd_even,high,Gaia NSS SB1 orbit P = 4.453 d; companion 0.60 M_sun (SB1 mass function (sin i = 1)) | odd and even transits differ by 14.8 sigma (1928 vs 716 ppm),True,"13,66,93,94,103,104"
TOI 1119.01,261369656,APC,10.9566,3830,gaia_orbit;size,high,Gaia NSS SB1 orbit P = 10.959 d; companion 0.60 M_sun (SB1 mass function (sin i = 1)) | implied size 2.1 Jupiter radii: too big for a planet on a 11-day orbit,True,"13,27,67,94,104,105"
TOI 1153.01,154840461,APC,6.03608,987,gaia_orbit,high,Gaia NSS SB1 orbit P = 6.036 d; companion 0.66 M_sun (SB1 mass function (sin i = 1)),True,"14,19,20,26,40,47,53,59,60,73,74,79,86"
TOI 121.01,207081058,APC,14.7741,15041,gaia_orbit,high,Gaia NSS SB1 orbit P = 14.781 d; companion 0.11 M_sun (SB1 mass function (sin i = 1)),True,"1,28,68,95,105,106"
TOI 1371.01,162130054,APC,5.00952,9323.74,gaia_orbit,high,Gaia NSS SB1 orbit P = 5.010 d; companion 0.18 M_sun (SB1 mass function (sin i = 1)),True,"15,16,56,83"
TOI 1455.01,387259626,APC,3.62314,17749,gaia_orbit;secondary,high,"Gaia NSS SB1 orbit P = 3.623 d; companion 0.15 M_sun (SB1 mass function (sin i = 1)) | secondary eclipse at phase 0.501: 425 ppm (3% of the transit depth), SNR 25.2, 7 sigma deeper than a planet could make it",True,"15,16,17,18,24,25,52,56,58,75,76,77,78,83,85,86"
TOI 1461.01,44631965,APC,3.56859,20260.9,gaia_orbit,high,Gaia NSS SB1 orbit P = 3.568 d; companion 0.17 M_sun (SB1 mass function (sin i = 1)),True,"17,85"
TOI 1553.01,327341626,APC,5.93822,6171,gaia_orbit,high,Gaia NSS SB1 orbit P = 5.938 d; companion 0.38 M_sun (SB1 mass function (sin i = 1)),True,"17,18,58,85"
TOI 162.01,99493790,APC,7.76469,24530,gaia_orbit,high,Gaia NSS SB1 orbit P = 7.765 d; companion 0.13 M_sun (SB1 mass function (sin i = 1)),True,"1,28,92"
TOI 1698.01,190223929,PC,17.042,3520,gaia_orbit;secondary,high,"Gaia NSS SB1 orbit P = 8.521 d (transit period = 2x Gaia's); no mass estimate | secondary eclipse at phase 0.505: 3877 ppm (387718808% of the transit depth), SNR 11.3, 11 sigma deeper than a planet could make it",True,"60,73"
TOI 1951.01,356590734,PC,4.82941,8222.98,gaia_orbit,high,Gaia NSS SB1 orbit P = 4.830 d; companion 0.13 M_sun (SB1 mass function (sin i = 1)),True,"11,39,64,65,66"
TOI 1974.01,295562522,APC,5.43822,7830,gaia_orbit,high,Gaia NSS SB1 orbit P = 5.438 d; companion 0.44 M_sun (SB1 mass function (sin i = 1)),True,"37,38,64,65,99"
TOI 2038.01,235937532,APC,3.73213,3435.55,gaia_orbit,high,Gaia NSS SB1 orbit P = 3.732 d; companion 0.12 M_sun (SB1 mass function (sin i = 1)),True,"18,20,24,25,26,40,47,52,53,58,59,60,73,74,78,79,85,86"
TOI 2159.01,270515566,APC,10.051,9532.87,gaia_orbit,high,Gaia NSS SB1 orbit P = 10.051 d; companion 0.12 M_sun (SB1 mass function (sin i = 1)),True,"25,26,40,51,52,53,78,79,80"
TOI 2349.01,405452527,APC,11.5738,18730,gaia_orbit;size,high,Gaia NSS SB1 orbit P = 11.562 d; companion 0.16 M_sun (SB1 mass function (sin i = 1)) | implied size 2.0 Jupiter radii: too big for a planet on a 12-day orbit,True,"8,35,62,89,99"
TOI 2366.01,39218269,APC,17.187,3130,gaia_orbit,high,Gaia NSS SB1 orbit P = 17.175 d; companion 0.34 M_sun (SB1 mass function (sin i = 1)),True,"6,33,87,98"
TOI 2606.01,355800238,PC,1.45092,7270,gaia_orbit,high,Gaia NSS SB1 orbit P = 1.451 d; companion 0.12 M_sun (SB1 mass function (sin i = 1)),True,"8,9,35,36,37,62,63,64,89,90"
TOI 2819.01,387275908,APC,4.3906,8720.93,gaia_orbit;secondary;size,high,"Gaia NSS SB1 orbit P = 4.391 d; companion 0.56 M_sun (SB1 mass function (sin i = 1)) | secondary eclipse at phase 0.502: 803 ppm (13% of the transit depth), SNR 11.2, 7 sigma deeper than a planet could make it | implied size 2.3 Jupiter radii: too big for a planet",True,"7,33,44,45,46,71,72,87"
TOI 3006.01,386161311,PC,8.61346,12840,gaia_orbit,high,Gaia NSS SB1 orbit P = 8.611 d; companion 0.83 M_sun (SB1 mass function (sin i = 1)),True,"62,63,89,90"
TOI 3010.01,357202877,PC,9.55377,18260,gaia_orbit,high,Gaia NSS SB1 orbit P = 9.543 d; companion 0.20 M_sun (SB1 mass function (sin i = 1)),True,"10,36,62,63,64,89,90"
TOI 3142.01,387791274,PC,1.15366,40190,gaia_orbit,high,Gaia eclipsing binary (photometric): P = 2.3073 d (transit period = half Gaia's),True,"100,101,102"
TOI 3148.01,323980895,PC,4.28144,4910,gaia_orbit,high,Gaia NSS SB1 orbit P = 4.281 d; companion 0.19 M_sun (SB1 mass function (sin i = 1)),True,"38,64,65,66,93"
TOI 3191.01,342375120,PC,4.43679,4940,gaia_orbit;odd_even,high,Gaia NSS SB1 orbit P = 8.879 d (transit period = half Gaia's); companion 1.11 M_sun (SB1 mass function (sin i = 1)) | odd and even transits differ by 5.1 sigma (6116 vs 8744 ppm),True,"65,100,101"
TOI 3241.01,241326434,PC,6.83809,34050,gaia_orbit;secondary,high,"Gaia NSS SB1 orbit P = 6.836 d; companion 0.16 M_sun (SB1 mass function (sin i = 1)) | secondary eclipse at phase 0.451: 1136 ppm (4% of the transit depth), SNR 9.5, 8 sigma deeper than a planet could make it",True,"64,65,99,100,101,102"
TOI 3260.01,370138999,PC,11.452,1500,gaia_orbit,high,Gaia NSS SB1 orbit P = 11.451 d; companion 0.32 M_sun (SB1 mass function (sin i = 1)),True,"1,2,9,13,27,28,29,39,66,67,68,69,89,93,94,95,96"
TOI 3298.01,407772585,PC,3.05379,12440,gaia_orbit,high,Gaia NSS SB1 orbit P = 3.053 d; companion 0.37 M_sun (SB1 mass function (sin i = 1)),True,"66,93,100,101,102,103"
TOI 3501.01,98957720,APC,15.3503,26220,gaia_orbit;size,high,Gaia NSS SB1 orbit P = 15.346 d; companion 0.19 M_sun (SB1 mass function (sin i = 1)) | implied size 1.7 Jupiter radii: too big for a planet on a 15-day orbit,True,"10,37,63,90,101"
TOI 3502.01,452281203,PC,3.4468,3745.68,gaia_orbit,high,Gaia NSS SB1 orbit P = 3.447 d; companion 0.27 M_sun (SB1 mass function (sin i = 1)),True,"37,64,99,100"
TOI 3756.01,67300566,APC,4.42367,10682.2,gaia_orbit,high,Gaia NSS SB1 orbit P = 4.424 d; companion 0.62 M_sun (SB1 mass function (sin i = 1)),True,"59,73,86"
TOI 3904.01,233462817,APC,10.1615,3230,gaia_orbit,high,Gaia NSS SB1 orbit P = 10.160 d; companion 0.54 M_sun (SB1 mass function (sin i = 1)),True,"15,16,22,23,49,50,76,77"
TOI 4338.01,253434221,APC,7.49972,3023.52,gaia_orbit,high,Gaia NSS SB1 orbit P = 7.499 d; companion 0.29 M_sun (SB1 mass function (sin i = 1)),True,"11,38,64,65,99,100,101"
TOI 4400.01,231630147,PC,7.06425,11469.8,gaia_orbit,high,Gaia NSS SB1 orbit P = 7.061 d; companion 0.14 M_sun (SB1 mass function (sin i = 1)),True,"1,27,67,94,95,103,104,105"
TOI 446.01,1449640,APC,3.5018,16196.2,gaia_orbit,high,Gaia NSS SB1 orbit P = 3.502 d; companion 0.16 M_sun (SB1 mass function (sin i = 1)),True,"5,32,98,106"
TOI 4510.01,340458804,PC,194.243,810.998,secondary;centroid,high,"secondary eclipse at phase 0.491: 789 ppm (190% of the transit depth), SNR 14.1, 14 sigma deeper than a planet could make it | the star's image shifts during transit (28.7 sigma; the dimming source would be ~30 arcsec away)",True,"3,7,8,9,10,13,27,30,34,35,36,37,61,62,63,67,68,87,88,89,90,94,95,97"
TOI 4657.01,434110695,PC,8.11567,1807.44,gaia_orbit,high,Gaia NSS SB1 orbit P = 8.111 d; companion 0.60 M_sun (SB1 mass function (sin i = 1)),True,"2,29,69,70,96"
TOI 4792.01,265350422,APC,8.44817,7405,gaia_orbit;secondary,high,"Gaia NSS SB1 orbit P = 8.448 d; companion 0.40 M_sun (SB1 mass function (sin i = 1)) | secondary eclipse at phase 0.500: 895 ppm (13% of the transit depth), SNR 7.6, 7 sigma deeper than a planet could make it",True,"8,34,61,88,99"
TOI 4807.01,174546820,PC,17.6869,10310,gaia_orbit,high,Gaia NSS SB1 orbit P = 17.689 d; companion 0.27 M_sun (SB1 mass function (sin i = 1)),True,"61,88"
TOI 4973.01,397522142,PC,7.94863,6340,gaia_orbit,high,Gaia NSS SB1 orbit P = 7.948 d; companion 0.26 M_sun (SB1 mass function (sin i = 1)),True,"10,37,38,64,65"
TOI 5103.01,366443576,APC,4.98987,1850,gaia_orbit,high,Gaia NSS SB1 orbit P = 4.990 d; companion 0.74 M_sun (SB1 mass function (sin i = 1)),True,"7,34,44,45,46,61,71,72,88"
TOI 5149.01,286094277,PC,27.3715,11052.8,gaia_orbit;size,high,Gaia NSS SB1 orbit P = 27.388 d; companion 0.13 M_sun (SB1 mass function (sin i = 1)) | implied size 1.6 Jupiter radii: too big for a planet on a 27-day orbit,True,"15,16,41,55,56,75,76,82,83"
TOI 5156.01,468889418,PC,22.8524,1265,gaia_orbit;secondary,high,"Gaia NSS SB1 orbit P = 22.853 d; companion 0.20 M_sun (SB1 mass function (sin i = 1)) | secondary eclipse at phase 0.524: 2313 ppm (193% of the transit depth), SNR 24.3, 24 sigma deeper than a planet could make it",True,"5,42,43,44,70,71"
TOI 5197.01,219431828,APC,20.5773,8520,gaia_orbit,high,Gaia NSS SB1 orbit P = 20.573 d; companion 0.39 M_sun (SB1 mass function (sin i = 1)),True,"20,40,47,60,74"
TOI 5200.01,21101556,PC,17.4373,2060,gaia_orbit;odd_even,high,Gaia NSS SB1 orbit P = 17.436 d; companion 0.52 M_sun (SB1 mass function (sin i = 1)) | odd and even transits differ by 5.1 sigma (1802 vs 1443 ppm),True,"14,15,18,21,25,26,40,41,48,51,52,53,54,55,58,59,74,75,78,79,80,81,82,85,86"
TOI 5307.01,369477998,APC,5.29763,3920,gaia_orbit,high,Gaia NSS SB1 orbit P = 5.298 d; companion 0.62 M_sun (SB1 mass function (sin i = 1)),True,"42,43,70"
TOI 5372.01,371470493,PC,11.6271,3550,gaia_orbit,high,Gaia NSS SB1 orbit P = 11.630 d; companion 0.79 M_sun (SB1 mass function (sin i = 1)),True,"18,42,43,44,70,71"
TOI 5379.01,328325110,APC,12.7427,10765,gaia_orbit,high,Gaia NSS SB1 orbit P = 12.744 d; companion 0.50 M_sun (SB1 mass function (sin i = 1)),True,"47,60"
TOI 5394.01,61109252,APC,15.1935,5720,gaia_orbit,high,Gaia NSS SB1 orbit P = 15.195 d; companion 0.40 M_sun (SB1 mass function (sin i = 1)),True,"45,46,48,72"
TOI 5475.01,78601408,APC,10.0532,5160,gaia_orbit,high,Gaia NSS SB1 orbit P = 10.052 d; companion 0.84 M_sun (SB1 mass function (sin i = 1)),True,"44,71,72"
TOI 5677.01,287959034,APC,3.84805,2571.12,gaia_orbit,high,Gaia NSS SB1 orbit P = 3.848 d; companion 0.30 M_sun (SB1 mass function (sin i = 1)),True,"51,91"
TOI 5761.01,428703516,APC,19.5422,4120,gaia_orbit,high,Gaia NSS SB1 orbit P = 19.546 d; companion 0.58 M_sun (SB1 mass function (sin i = 1)),True,"19,25,26,52,73,79,86"
TOI 5860.01,462372373,APC,5.24989,9200,gaia_orbit,high,Gaia NSS SB1 orbit P = 5.248 d; companion 0.27 M_sun (SB1 mass function (sin i = 1)),True,"54,81"
TOI 6111.01,189322727,APC,5.83403,11944,gaia_orbit;secondary,high,"Gaia NSS SB1 orbit P = 5.833 d; companion 0.70 M_sun (SB1 mass function (sin i = 1)) | secondary eclipse at phase 0.499: 2080 ppm (20% of the transit depth), SNR 10.2, 10 sigma deeper than a planet could make it",True,"76,82,83"
TOI 6568.01,253126207,PC,17.4368,15418.7,gaia_orbit;size,high,Gaia NSS SB1 orbit P = 17.432 d; companion 0.13 M_sun (SB1 mass function (sin i = 1)) | implied size 1.7 Jupiter radii: too big for a planet on a 17-day orbit,True,"64,65,99,100,101"
TOI 6611.01,403368444,PC,6.55687,8511,gaia_orbit,high,Gaia NSS SB1 orbit P = 6.569 d; companion 0.12 M_sun (SB1 mass function (sin i = 1)),True,"93,99,100,101,102"
TOI 668.01,102195674,APC,4.37873,30199.3,gaia_orbit,high,Gaia NSS SB1 orbit P = 4.378 d; companion 0.17 M_sun (SB1 mass function (sin i = 1)),True,"9,36,63,90,99"
TOI 6806.01,144327080,APC,23.2491,48641,gaia_orbit;secondary,high,"Gaia NSS SB1 orbit P = 23.229 d; companion 0.16 M_sun (SB1 mass function (sin i = 1)) | secondary eclipse at phase 0.521: 2962 ppm (6% of the transit depth), SNR 30.7, 30 sigma deeper than a planet could make it",True,"68,69,96,103,104,105,106"
TOI 6936.01,63082902,PC,10.2986,4219,gaia_orbit,high,Gaia NSS SB1 orbit P = 10.298 d; companion 1.06 M_sun (SB1 mass function (sin i = 1)),True,"44,45,46"
TOI 7093.01,62867537,APC,2.83719,15303,gaia_orbit,high,Gaia NSS SB1 orbit P = 2.837 d; companion 0.23 M_sun (SB1 mass function (sin i = 1)),True,
TOI 759.01,152147232,APC,4.21357,6400,gaia_orbit,high,Gaia NSS SB1 orbit P = 4.213 d; companion 0.11 M_sun (SB1 mass function (sin i = 1)),True,"10,36,37,63,90,99,100"
TOI 7590.01,148322608,PC,7.33641,3049.81,gaia_orbit,high,Gaia NSS SB1 orbit P = 7.336 d; companion 0.80 M_sun (SB1 mass function (sin i = 1)),True,"6,7,33,34"
TOI 7599.01,142757891,APC,2.34285,3030.85,gaia_orbit,high,Gaia NSS SB1 orbit P = 4.687 d (transit period = half Gaia's); companion 1.22 M_sun (SB1 mass function (sin i = 1)),True,
TOI 764.01,181159386,APC,5.63167,13883.4,gaia_orbit;size,high,Gaia NSS SB1 orbit P = 5.631 d; companion 0.26 M_sun (SB1 mass function (sin i = 1)) | implied size 3.0 Jupiter radii: too big for a planet,True,"10,36,37,63,90,99,100,101"
TOI 7749.01,457542392,PC,20.6448,3830.35,gaia_orbit,high,Gaia NSS SB1 orbit P = 20.667 d; companion 0.27 M_sun (SB1 mass function (sin i = 1)),True,
TOI 7761.01,45636452,PC,26.6556,5008.34,gaia_orbit;size,high,Gaia NSS SB1 orbit P = 26.668 d; companion 0.60 M_sun (SB1 mass function (sin i = 1)) | implied size 1.6 Jupiter radii: too big for a planet on a 27-day orbit,True,
TOI 7863.01,464286189,PC,18.2993,2886.73,gaia_orbit;odd_even,high,Gaia NSS SB1 orbit P = 18.294 d; companion 0.38 M_sun (SB1 mass function (sin i = 1)) | odd and even transits differ by 5.2 sigma (2722 vs 1301 ppm),True,13
TOI 865.01,44797824,APC,0.745579,784.689,gaia_orbit;odd_even,high,Gaia NSS SB2 orbit P = 1.491 d (transit period = half Gaia's); companion 0.92 M_sun (SB2 mass ratio (K1/K2)) | odd and even transits differ by 7.8 sigma (711 vs 1245 ppm),True,"4,5,31,106"
TOI 901.01,214361331,PC,3.23106,2817.12,gaia_orbit,high,Gaia NSS SB1 orbit P = 3.231 d; companion 0.50 M_sun (SB1 mass function (sin i = 1)),True,"12,39,66,93,103,104"
TOI 924.01,382068562,PC,12.1273,19172.5,gaia_orbit;size,high,Gaia NSS SB1 orbit P = 12.122 d; companion 0.29 M_sun (SB1 mass function (sin i = 1)) | implied size 1.8 Jupiter radii: too big for a planet on a 12-day orbit,True,"1,2,3,4,5,6,7,8,9,10,11,12,13,27,28,29,30,31,32,33,34,35,36,37,38,39,61,63,64,65,66,67,68,69,87,88,90,93,94,95,96,97,98"
TOI 948.01,146438872,APC,12.7009,2482.58,gaia_orbit,high,Gaia NSS SB1 orbit P = 12.711 d; companion 0.45 M_sun (SB1 mass function (sin i = 1)),True,"5,98,106"
CTOI 100029948.01,100029948,PC,2.77778,283858,size,medium,implied size 6.0 Jupiter radii: too big for a planet,False,
CTOI 100029948.02,100029948,PC,2.775,456840,size,medium,implied size 7.6 Jupiter radii: too big for a planet,False,
CTOI 101179725.01,101179725,PC,11.7388,17948,size,medium,implied size 2.5 Jupiter radii: too big for a planet on a 12-day orbit,False,
CTOI 102169275.01,102169275,PC,6.54993,22899,size,medium,implied size 2.4 Jupiter radii: too big for a planet,False,
CTOI 102718895.01,102718895,PC,13.9951,1680.17,density,medium,"the transit lasts 1.6x longer than any orbit around a star of the catalogued density allows (a blend, or a misclassified star)",False,
CTOI 102808915.01,102808915,PC,19.6358,7444,size,medium,implied size 2.1 Jupiter radii: too big for a planet on a 20-day orbit,True,"19,59,73,86"
CTOI 106235729.01,106235729,PC,4.05496,134200,size,medium,implied size 7.1 Jupiter radii: too big for a planet,False,
CTOI 1102054331.01,1102054331,PC,11.0237,334.42,density,medium,"the transit lasts 1.7x longer than any orbit around a star of the catalogued density allows (a blend, or a misclassified star)",False,
CTOI 110718787.01,110718787,PC,3.09171,60120.3,size,medium,implied size 2.0 Jupiter radii: too big for a planet,False,
CTOI 11085362.01,11085362,PC,2.04584,21585,size,medium,implied size 2.0 Jupiter radii: too big for a planet,False,
CTOI 115410334.01,115410334,PC,13.424,3550,size,medium,implied size 1.7 Jupiter radii: too big for a planet on a 13-day orbit,False,
CTOI 118391363.01,118391363,PC,0.860268,455.907,density,medium,"the transit lasts 2.0x longer than any orbit around a star of the catalogued density allows (a blend, or a misclassified star)",False,
CTOI 12007147.01,12007147,PC,13.959,4000,density,medium,"the transit lasts 2.6x longer than any orbit around a star of the catalogued density allows (a blend, or a misclassified star)",False,
CTOI 121088960.01,121088960,PC,3.007,325,density,medium,"the transit lasts 3.9x longer than any orbit around a star of the catalogued density allows (a blend, or a misclassified star)",False,
CTOI 122673562.01,122673562,PC,1.2156,1105.47,density,medium,"the transit lasts 3.7x longer than any orbit around a star of the catalogued density allows (a blend, or a misclassified star)",False,
CTOI 123755508.01,123755508,PC,15.2869,16384,size,medium,implied size 1.6 Jupiter radii: too big for a planet on a 15-day orbit,False,
CTOI 125414447.01,125414447,PC,3.7069,52441,size,medium,implied size 2.2 Jupiter radii: too big for a planet,False,
CTOI 126600730.01,126600730,PC,6.2991,10404,size,medium,implied size 2.1 Jupiter radii: too big for a planet,False,
CTOI 126945917.01,126945917,PC,1.34792,871216,size,medium,implied size 6.6 Jupiter radii: too big for a planet,False,
CTOI 130613275.01,130613275,PC,8.47684,6214,size,medium,implied size 2.3 Jupiter radii: too big for a planet,False,
CTOI 133260600.01,133260600,PC,1.42374,142800,size,medium,implied size 3.9 Jupiter radii: too big for a planet,False,
CTOI 13416465.01,13416465,PC,5.57761,79269,size,medium,implied size 5.2 Jupiter radii: too big for a planet,False,
CTOI 135050395.01,135050395,PC,6.76012,21076,gaia_orbit,medium,Gaia NSS SB1 orbit P = 6.760 d; companion 0.10 M_sun (SB1 mass function (sin i = 1)),True,"10,37,64,100,101"
CTOI 137205922.01,137205922,PC,3.30029,7950,size,medium,implied size 2.6 Jupiter radii: too big for a planet,False,
CTOI 138446376.01,138446376,PC,8.37109,15122,size,medium,implied size 2.2 Jupiter radii: too big for a planet,False,
CTOI 13866376.01,13866376,PC,9.39725,5581,size,medium,implied size 2.7 Jupiter radii: too big for a planet,False,
CTOI 138664795.01,138664795,PC,7.39482,14412.5,size,medium,implied size 2.2 Jupiter radii: too big for a planet,True,"21,44,45,48"
CTOI 13875852.01,13875852,PC,8.32997,64876,size,medium,implied size 4.5 Jupiter radii: too big for a planet,False,
CTOI 139468902.01,139468902,PC,0.464583,922.431,density,medium,"the transit lasts 1.8x longer than any orbit around a star of the catalogued density allows (a blend, or a misclassified star)",False,
CTOI 139825840.01,139825840,PC,7.66806,948959,size,medium,implied size 22.1 Jupiter radii: too big for a planet,False,
CTOI 139825840.02,139825840,PC,7.70139,961609,size,medium,implied size 19.2 Jupiter radii: too big for a planet,False,
CTOI 140659980.01,140659980,PC,9.44167,953998,size,medium,implied size 4.4 Jupiter radii: too big for a planet,False,
CTOI 140659980.02,140659980,PC,9.4375,971521,size,medium,implied size 3.4 Jupiter radii: too big for a planet,False,
CTOI 140978827.01,140978827,PC,8.2995,49050,size,medium,implied size 2.1 Jupiter radii: too big for a planet,False,
CTOI 141307678.01,141307678,PC,15.891,12775,size,medium,implied size 2.0 Jupiter radii: too big for a planet on a 16-day orbit,False,
CTOI 141622065.01,141622065,PC,2.95208,851313,size,medium,implied size 5.4 Jupiter radii: too big for a planet,False,
CTOI 141622065.02,141622065,PC,3.00069,826509,size,medium,implied size 5.8 Jupiter radii: too big for a planet,False,
CTOI 141979734.01,141979734,PC,24.5327,3512,size,medium,implied size 1.7 Jupiter radii: too big for a planet on a 25-day orbit,False,
CTOI 143849112.01,143849112,PC,3.0071,395.755,density,medium,"the transit lasts 2.0x longer than any orbit around a star of the catalogued density allows (a blend, or a misclassified star)",False,
CTOI 143924219.01,143924219,PC,2.81806,23708.2,size,medium,implied size 2.9 Jupiter radii: too big for a planet,False,
CTOI 144000467.01,144000467,PC,8.88333,103971,size,medium,implied size 4.8 Jupiter radii: too big for a planet,False,
CTOI 144000467.02,144000467,PC,8.88403,210083,size,medium,implied size 6.8 Jupiter radii: too big for a planet,False,
CTOI 144317256.01,144317256,PC,1.50492,14130,size,medium,implied size 2.0 Jupiter radii: too big for a planet,False,
CTOI 144355325.01,144355325,,1.16848,8425,density,medium,"the transit lasts 2.2x longer than any orbit around a star of the catalogued density allows (a blend, or a misclassified star)",False,
CTOI 144621804.01,144621804,PC,8.821,1280.55,density,medium,"the transit lasts 1.6x longer than any orbit around a star of the catalogued density allows (a blend, or a misclassified star)",False,
CTOI 144995073.01,144995073,PC,20.0207,57600,size,medium,implied size 3.2 Jupiter radii: too big for a planet on a 20-day orbit,False,
CTOI 146652799.01,146652799,PC,19.7785,17540,size,medium,implied size 2.6 Jupiter radii: too big for a planet on a 20-day orbit,False,
CTOI 147069011.01,147069011,PC,7.32814,75650,size,medium,implied size 3.7 Jupiter radii: too big for a planet,False,
CTOI 147426828.01,147426828,PC,1.4618,48841,size,medium,implied size 3.2 Jupiter radii: too big for a planet,False,
CTOI 151628217.01,151628217,PC,1.11117,8911,size,medium,implied size 2.1 Jupiter radii: too big for a planet,False,
CTOI 152366332.01,152366332,PC,8.12407,1275,density,medium,"the transit lasts 2.9x longer than any orbit around a star of the catalogued density allows (a blend, or a misclassified star)",True,"10,36,37,63,90,99,100"
CTOI 156138731.01,156138731,PC,1.329,1000,density,medium,"the transit lasts 1.5x longer than any orbit around a star of the catalogued density allows (a blend, or a misclassified star)",False,
CTOI 157419077.01,157419077,PC,5.52798,1402.97,density,medium,"the transit lasts 1.6x longer than any orbit around a star of the catalogued density allows (a blend, or a misclassified star)",False,
CTOI 157999789.01,157999789,PC,26.1409,29815,size,medium,implied size 2.2 Jupiter radii: too big for a planet on a 26-day orbit,False,
CTOI 158656337.01,158656337,PC,3.62627,22274,size,medium,implied size 2.4 Jupiter radii: too big for a planet,False,
CTOI 159059181.01,159059181,PC,5.2167,26244,size,medium,implied size 2.4 Jupiter radii: too big for a planet,False,
CTOI 159761678.01,159761678,PC,1.44468,1758.26,density,medium,"the transit lasts 4.7x longer than any orbit around a star of the catalogued density allows (a blend, or a misclassified star)",False,
CTOI 159873944.01,159873944,PC,0.520103,1259.52,density,medium,"the transit lasts 2.2x longer than any orbit around a star of the catalogued density allows (a blend, or a misclassified star)",False,
CTOI 159971229.01,159971229,PC,4.58277,758.9,density,medium,"the transit lasts 1.5x longer than any orbit around a star of the catalogued density allows (a blend, or a misclassified star)",False,
CTOI 160268390.01,160268390,PC,4.95875,306.39,density,medium,"the transit lasts 1.6x longer than any orbit around a star of the catalogued density allows (a blend, or a misclassified star)",False,
CTOI 165493409.01,165493409,PC,9.112,5362,gaia_orbit,medium,Gaia NSS SB1 orbit P = 9.111 d; companion 0.10 M_sun (SB1 mass function (sin i = 1)),True,"10,37,63,64,90,100,101"
CTOI 16651258.01,16651258,PC,8.20176,11013,size,medium,implied size 2.1 Jupiter radii: too big for a planet,False,
CTOI 167692429.01,167692429,PC,10.2569,809257,size,medium,implied size 4.7 Jupiter radii: too big for a planet on a 10-day orbit,False,
CTOI 167692429.02,167692429,PC,10.2597,901055,size,medium,implied size 3.4 Jupiter radii: too big for a planet on a 10-day orbit,False,
CTOI 17538651.01,17538651,PC,4.04993,2690,size,medium,implied size 2.1 Jupiter radii: too big for a planet,False,
CTOI 17562202.01,17562202,PC,14.0212,1477.53,density,medium,"the transit lasts 2.2x longer than any orbit around a star of the catalogued density allows (a blend, or a misclassified star)",False,
CTOI 18022314.01,18022314,PC,4.80022,12270,size,medium,implied size 2.4 Jupiter radii: too big for a planet,False,
CTOI 180625612.01,180625612,PC,8.26517,31070,size,medium,implied size 2.2 Jupiter radii: too big for a planet,False,
CTOI 180672438.02,180672438,PC,2.68,8693.64,density,medium,"the transit lasts 2.8x longer than any orbit around a star of the catalogued density allows (a blend, or a misclassified star)",False,
CTOI 181602717.01,181602717,PC,2.4557,60516,size,medium,implied size 3.6 Jupiter radii: too big for a planet,False,
CTOI 184613112.01,184613112,PC,11.3347,1877.08,density,medium,"the transit lasts 2.0x longer than any orbit around a star of the catalogued density allows (a blend, or a misclassified star)",False,
CTOI 185779182.01,185779182,PC,70.0427,52068,size,medium,implied size 1.7 Jupiter radii: too big for a planet on a 70-day orbit,False,
CTOI 188461829.01,188461829,PC,23.0536,33100,size,medium,implied size 1.7 Jupiter radii: too big for a planet on a 23-day orbit,False,
CTOI 190217431.01,190217431,PC,21.7357,41595,size,medium,implied size 2.4 Jupiter radii: too big for a planet on a 22-day orbit,False,
CTOI 1961935435.01,1961935435,PC,2.7707,40897,size,medium,implied size 2.7 Jupiter radii: too big for a planet,False,
CTOI 196352977.01,196352977,PC,20.8484,23093.5,density,medium,"the transit lasts 1.5x longer than any orbit around a star of the catalogued density allows (a blend, or a misclassified star)",False,
CTOI 200093838.01,200093838,PC,0.98897,73609,size,medium,implied size 2.3 Jupiter radii: too big for a planet,False,
CTOI 201234926.01,201234926,PC,14.0944,888382,size,medium,implied size 2.2 Jupiter radii: too big for a planet on a 14-day orbit,False,
CTOI 201256771.01,201256771,PC,3.75486,74742,size,medium,implied size 2.2 Jupiter radii: too big for a planet,False,
CTOI 201256771.02,201256771,PC,3.76667,85965.8,size,medium,implied size 2.4 Jupiter radii: too big for a planet,False,
CTOI 2015243161.01,2015243161,PC,11.5026,105353,size,medium,implied size 5.9 Jupiter radii: too big for a planet on a 12-day orbit,False,
CTOI 202292022.01,202292022,PC,12.9822,1913,size,medium,implied size 2.1 Jupiter radii: too big for a planet on a 13-day orbit,False,
CTOI 204327008.01,204327008,PC,0.320139,98587.2,size,medium,implied size 3.0 Jupiter radii: too big for a planet,False,
CTOI 206241709.01,206241709,PC,8.39311,2427.67,density,medium,"the transit lasts 2.1x longer than any orbit around a star of the catalogued density allows (a blend, or a misclassified star)",False,
CTOI 206544316.02,206544316,PC,0.325,72424.4,density,medium,"the transit lasts 1.8x longer than any orbit around a star of the catalogued density allows (a blend, or a misclassified star)",False,
CTOI 206556127.01,206556127,PC,1.10625,859597,size,medium,implied size 2.0 Jupiter radii: too big for a planet,False,
CTOI 207080350.02,207080350,PC,18.3819,272345,size,medium,implied size 10.6 Jupiter radii: too big for a planet on a 18-day orbit,False,
CTOI 210175389.01,210175389,PC,149.56,15190,size,medium,implied size 1.8 Jupiter radii: too big for a planet on a 150-day orbit,False,
CTOI 211116547.01,211116547,PC,6.9999,18.7115,density,medium,"the transit lasts 14.6x longer than any orbit around a star of the catalogued density allows (a blend, or a misclassified star)",False,
CTOI 211854402.01,211854402,PC,2.34854,105300,size,medium,implied size 4.8 Jupiter radii: too big for a planet,False,
CTOI 21223786.01,21223786,PC,1.52343,9.29873,density,medium,"the transit lasts 2.1x longer than any orbit around a star of the catalogued density allows (a blend, or a misclassified star)",False,
CTOI 216190934.01,216190934,PC,2.67429,13.6743,density,medium,"the transit lasts 2.3x longer than any orbit around a star of the catalogued density allows (a blend, or a misclassified star)",False,
CTOI 219777401.01,219777401,PC,4.6083,5566,density,medium,"the transit lasts 1.8x longer than any orbit around a star of the catalogued density allows (a blend, or a misclassified star)",False,
CTOI 219882262.01,219882262,PC,1.0327,956,odd_even,medium,odd and even transits differ by 27.2 sigma (317 vs 658 ppm),True,"15,16,17,18,19,20,21,22,23,24,25,26,40,41,47,48,49,50,51,52,53,54,55,56,58,59,60,73,74,75,76,77,78,79,80,81,82,83,85,86"
CTOI 220388567.01,220388567,PC,1.82917,690779,size,medium,implied size 15.4 Jupiter radii: too big for a planet,False,
CTOI 220402290.01,220402290,PC,0.783333,19919.8,density,medium,"the transit lasts 2.1x longer than any orbit around a star of the catalogued density allows (a blend, or a misclassified star)",False,
CTOI 220402290.02,220402290,PC,0.722222,39798.7,size,medium,implied size 2.2 Jupiter radii: too big for a planet,False,
CTOI 220474209.02,220474209,PC,0.942361,69863.7,size,medium,implied size 3.0 Jupiter radii: too big for a planet,False,
CTOI 220555302.01,220555302,PC,4.81706,408.947,density,medium,"the transit lasts 1.6x longer than any orbit around a star of the catalogued density allows (a blend, or a misclassified star)",False,
CTOI 220595524.01,220595524,PC,10.7409,17372,size,medium,implied size 2.5 Jupiter radii: too big for a planet on a 11-day orbit,False,
CTOI 22760643.01,22760643,PC,7.58834,0.00116552,density,medium,"the transit lasts 2.8x longer than any orbit around a star of the catalogued density allows (a blend, or a misclassified star)",False,
CTOI 229480555.01,229480555,PC,11.8781,10875,size,medium,implied size 1.6 Jupiter radii: too big for a planet on a 12-day orbit,False,
CTOI 229487733.02,229487733,PC,13.33,0.99853,density,medium,"the transit lasts 2.3x longer than any orbit around a star of the catalogued density allows (a blend, or a misclassified star)",False,
CTOI 229808144.01,229808144,PC,11.6111,62655.2,size,medium,implied size 6.9 Jupiter radii: too big for a planet on a 12-day orbit,False,
CTOI 229808144.02,229808144,PC,11.6076,17089.1,size,medium,implied size 3.6 Jupiter radii: too big for a planet on a 12-day orbit,False,
CTOI 230013820.01,230013820,PC,0.8395,8063,density,medium,"the transit lasts 1.7x longer than any orbit around a star of the catalogued density allows (a blend, or a misclassified star)",False,
CTOI 231714759.01,231714759,PC,5.48611,942020,size,medium,implied size 10.8 Jupiter radii: too big for a planet,False,
CTOI 231860752.01,231860752,PC,0.988889,10410.6,size,medium,implied size 3.2 Jupiter radii: too big for a planet,False,
CTOI 231945429.01,231945429,PC,30.4618,4938,size,medium,implied size 2.4 Jupiter radii: too big for a planet on a 30-day orbit,False,
CTOI 232979712.01,232979712,PC,12.2876,1881.28,density,medium,"the transit lasts 1.5x longer than any orbit around a star of the catalogued density allows (a blend, or a misclassified star)",False,
CTOI 233187772.01,233187772,PC,21.8911,10217,size,medium,implied size 1.9 Jupiter radii: too big for a planet on a 22-day orbit,False,
CTOI 233195052.01,233195052,PC,2.6801,11848,density,medium,"the transit lasts 2.2x longer than any orbit around a star of the catalogued density allows (a blend, or a misclassified star)",False,
CTOI 233629963.01,233629963,PC,1.5907,2004,density,medium,"the transit lasts 2.2x longer than any orbit around a star of the catalogued density allows (a blend, or a misclassified star)",False,
CTOI 233744223.01,233744223,PC,44.5624,14111,size,medium,implied size 2.2 Jupiter radii: too big for a planet on a 45-day orbit,False,
CTOI 236084210.01,236084210,PC,5.3465,33124,size,medium,implied size 3.3 Jupiter radii: too big for a planet,False,
CTOI 236314915.01,236314915,PC,11.9491,467.533,density,medium,"the transit lasts 1.7x longer than any orbit around a star of the catalogued density allows (a blend, or a misclassified star)",False,
CTOI 236325042.01,236325042,PC,10.9714,510.107,density,medium,"the transit lasts 1.6x longer than any orbit around a star of the catalogued density allows (a blend, or a misclassified star)",True,"24,25,51,78"
CTOI 236529353.01,236529353,PC,20.0796,7132.9,size,medium,implied size 1.9 Jupiter radii: too big for a planet on a 20-day orbit,False,
CTOI 236815262.01,236815262,PC,24.6158,31797.2,size,medium,implied size 1.7 Jupiter radii: too big for a planet on a 25-day orbit,False,
CTOI 237214311.01,237214311,PC,37.5215,16361,size,medium,implied size 1.5 Jupiter radii: too big for a planet on a 38-day orbit,False,
CTOI 238229705.01,238229705,PC,31.472,27239.9,size,medium,implied size 3.2 Jupiter radii: too big for a planet on a 31-day orbit,False,
CTOI 238235254.01,238235254,PC,5.5705,16129,size,medium,implied size 4.8 Jupiter radii: too big for a planet,False,
CTOI 238611475.01,238611475,PC,1.53617,104458,size,medium,implied size 4.4 Jupiter radii: too big for a planet,False,
CTOI 238616144.01,238616144,PC,2.46572,25610,size,medium,implied size 2.4 Jupiter radii: too big for a planet,False,
CTOI 242843507.01,242843507,PC,19.303,14525,size,medium,implied size 1.7 Jupiter radii: too big for a planet on a 19-day orbit,False,
CTOI 243278072.01,243278072,PC,26.6728,17528,size,medium,implied size 1.9 Jupiter radii: too big for a planet on a 27-day orbit,False,
CTOI 243611773.01,243611773,PC,0.3781,15359.4,density,medium,"the transit lasts 1.5x longer than any orbit around a star of the catalogued density allows (a blend, or a misclassified star)",False,
CTOI 2490854.01,2490854,PC,5.61308,27294.4,size,medium,implied size 2.1 Jupiter radii: too big for a planet,False,
CTOI 25078924.02,25078924,PC,0.903472,60429.1,size,medium,implied size 2.6 Jupiter radii: too big for a planet,False,
CTOI 251494772.01,251494772,PC,5.30336,14542,size,medium,implied size 4.7 Jupiter radii: too big for a planet,False,
CTOI 251652448.01,251652448,PC,2.38348,1355.7,size,medium,implied size 2.2 Jupiter radii: too big for a planet,False,
CTOI 251840757.01,251840757,PC,1.62177,438.701,density,medium,"the transit lasts 1.8x longer than any orbit around a star of the catalogued density allows (a blend, or a misclassified star)",False,
CTOI 251975224.01,251975224,PC,3.56178,35045,size,medium,implied size 2.7 Jupiter radii: too big for a planet,False,
CTOI 252270806.01,252270806,PC,3.80502,2221.48,density,medium,"the transit lasts 2.8x longer than any orbit around a star of the catalogued density allows (a blend, or a misclassified star)",False,
CTOI 252753599.01,252753599,PC,2.01902,147290,size,medium,implied size 2.2 Jupiter radii: too big for a planet,False,
CTOI 253882372.01,253882372,PC,10.5162,5.4315,density,medium,"the transit lasts 1.7x longer than any orbit around a star of the catalogued density allows (a blend, or a misclassified star)",False,
CTOI 253922296.01,253922296,PC,3.14097,11747.8,size,medium,implied size 2.4 Jupiter radii: too big for a planet,False,
CTOI 257311469.01,257311469,PC,10.4661,873.622,density,medium,"the transit lasts 1.5x longer than any orbit around a star of the catalogued density allows (a blend, or a misclassified star)",False,
CTOI 258548745.01,258548745,PC,3.0632,10899,size,medium,implied size 2.0 Jupiter radii: too big for a planet,False,
CTOI 260167199.01,260167199,PC,17.6348,97411,size,medium,implied size 4.4 Jupiter radii: too big for a planet on a 18-day orbit,False,
CTOI 260502102.01,260502102,PC,7.31528,838733,size,medium,implied size 3.4 Jupiter radii: too big for a planet,False,
CTOI 260502102.02,260502102,PC,7.30972,834260,size,medium,implied size 3.4 Jupiter radii: too big for a planet,False,
CTOI 260504147.01,260504147,PC,4.27569,162544,size,medium,implied size 10.6 Jupiter radii: too big for a planet,False,
CTOI 263074592.01,263074592,PC,8.37639,739561,size,medium,implied size 27.4 Jupiter radii: too big for a planet,False,
CTOI 263074592.02,263074592,PC,8.41319,920311,size,medium,implied size 15.2 Jupiter radii: too big for a planet,False,
CTOI 263078716.01,263078716,PC,2.884,7.6041,centroid,medium,the star's image shifts during transit (15.5 sigma; the dimming source would be ~27 arcsec away),True,"1,13,27,28,66,68,93,95"
CTOI 264051559.01,264051559,PC,5.46384,3770.2,density,medium,"the transit lasts 1.9x longer than any orbit around a star of the catalogued density allows (a blend, or a misclassified star)",False,
CTOI 26412438.01,26412438,PC,1.03418,4430,density,medium,"the transit lasts 1.9x longer than any orbit around a star of the catalogued density allows (a blend, or a misclassified star)",False,
CTOI 264173786.01,264173786,PC,1.631,370.21,density,medium,"the transit lasts 1.7x longer than any orbit around a star of the catalogued density allows (a blend, or a misclassified star)",False,
CTOI 264318873.01,264318873,PC,0.55069,11239,size,medium,implied size 2.0 Jupiter radii: too big for a planet,False,
CTOI 265613590.02,265613590,PC,4.81597,929792,size,medium,implied size 4.0 Jupiter radii: too big for a planet,False,
CTOI 26779146.01,26779146,PC,8.3141,1838.42,density,medium,"the transit lasts 1.7x longer than any orbit around a star of the catalogued density allows (a blend, or a misclassified star)",False,
CTOI 269519402.01,269519402,PC,3.37364,14339,size,medium,implied size 3.0 Jupiter radii: too big for a planet,False,
CTOI 269698422.01,269698422,PC,2.39011,923.6,density,medium,"the transit lasts 2.0x longer than any orbit around a star of the catalogued density allows (a blend, or a misclassified star)",False,
CTOI 270022396.01,270022396,PC,3.77863,120555,size,medium,implied size 6.7 Jupiter radii: too big for a planet,False,
CTOI 270462117.01,270462117,PC,3.93238,9024.76,odd_even,medium,odd and even transits differ by 25.2 sigma (5263 vs 7078 ppm),True,"63,100"
CTOI 270560025.01,270560025,PC,15,4000,density,medium,"the transit lasts 2.2x longer than any orbit around a star of the catalogued density allows (a blend, or a misclassified star)",False,
CTOI 270618239.01,270618239,PC,2.63768,47106,size,medium,implied size 2.1 Jupiter radii: too big for a planet,False,
CTOI 270920839.01,270920839,PC,5.22362,22787,size,medium,implied size 5.4 Jupiter radii: too big for a planet,False,
CTOI 270984673.01,270984673,PC,0.616421,224.573,density,medium,"the transit lasts 2.7x longer than any orbit around a star of the catalogued density allows (a blend, or a misclassified star)",False,
CTOI 271443321.01,271443321,PC,5.97183,154085,size,medium,implied size 14.2 Jupiter radii: too big for a planet,False,
CTOI 271698144.01,271698144,PC,1.25503,1,density,medium,"the transit lasts 3.5x longer than any orbit around a star of the catalogued density allows (a blend, or a misclassified star)",False,
CTOI 271723108.01,271723108,PC,5.76729,8329.64,density,medium,"the transit lasts 6.2x longer than any orbit around a star of the catalogued density allows (a blend, or a misclassified star)",False,
CTOI 271808981.01,271808981,PC,9.86685,746.48,density,medium,"the transit lasts 4.4x longer than any orbit around a star of the catalogued density allows (a blend, or a misclassified star)",False,
CTOI 271808983.01,271808983,PC,28.026,2373.15,density,medium,"the transit lasts 3.0x longer than any orbit around a star of the catalogued density allows (a blend, or a misclassified star)",False,
CTOI 271901181.01,271901181,,11.5452,6742.05,density,medium,"the transit lasts 3.9x longer than any orbit around a star of the catalogued density allows (a blend, or a misclassified star)",False,
CTOI 272230783.01,272230783,,0.674146,1363,density,medium,"the transit lasts 2.2x longer than any orbit around a star of the catalogued density allows (a blend, or a misclassified star)",False,
CTOI 274508785.01,274508785,PC,13.8737,7494,size,medium,implied size 1.9 Jupiter radii: too big for a planet on a 14-day orbit,False,
CTOI 274948663.01,274948663,PC,13.8376,12181,size,medium,implied size 2.1 Jupiter radii: too big for a planet on a 14-day orbit,False,
CTOI 275419866.01,275419866,PC,197.211,5335,size,medium,implied size 2.0 Jupiter radii: too big for a planet on a 197-day orbit,False,
CTOI 275573755.01,275573755,PC,1.64443,2411.38,density,medium,"the transit lasts 3.5x longer than any orbit around a star of the catalogued density allows (a blend, or a misclassified star)",False,
CTOI 27696622.01,27696622,PC,0.592859,393.603,density,medium,"the transit lasts 1.8x longer than any orbit around a star of the catalogued density allows (a blend, or a misclassified star)",False,
CTOI 277869825.01,277869825,PC,13.6858,722.979,density,medium,"the transit lasts 1.8x longer than any orbit around a star of the catalogued density allows (a blend, or a misclassified star)",False,
CTOI 278536652.01,278536652,PC,7.13154,5578,odd_even,medium,odd and even transits differ by 12.1 sigma (5111 vs 1469 ppm),True,"1,68,95"
CTOI 278683641.02,278683641,PC,4.25972,138372,size,medium,implied size 6.0 Jupiter radii: too big for a planet,False,
CTOI 278988794.01,278988794,PC,7.50347,90488.2,size,medium,implied size 3.6 Jupiter radii: too big for a planet,False,
CTOI 278988794.02,278988794,PC,3.80764,40398.5,size,medium,implied size 2.4 Jupiter radii: too big for a planet,False,
CTOI 279314488.01,279314488,PC,1.82986,986120,size,medium,implied size 3.4 Jupiter radii: too big for a planet,False,
CTOI 279314488.02,279314488,PC,1.83542,948068,size,medium,implied size 6.7 Jupiter radii: too big for a planet,False,
CTOI 282830436.01,282830436,PC,5.63674,21960,size,medium,implied size 3.3 Jupiter radii: too big for a planet,False,
CTOI 284611896.01,284611896,PC,8.18,36731,size,medium,implied size 2.6 Jupiter radii: too big for a planet,False,
CTOI 285249796.01,285249796,PC,4.75205,65843,size,medium,implied size 3.7 Jupiter radii: too big for a planet,False,
CTOI 285671982.01,285671982,PC,9.50902,2217,size,medium,implied size 2.1 Jupiter radii: too big for a planet,False,
CTOI 286962972.01,286962972,PC,2.50004,814.257,density,medium,"the transit lasts 1.5x longer than any orbit around a star of the catalogued density allows (a blend, or a misclassified star)",False,
CTOI 287534359.01,287534359,,14.8469,907.49,density,medium,"the transit lasts 1.5x longer than any orbit around a star of the catalogued density allows (a blend, or a misclassified star)",False,
CTOI 287720218.01,287720218,PC,3.45615,5087.69,density,medium,"the transit lasts 3.6x longer than any orbit around a star of the catalogued density allows (a blend, or a misclassified star)",False,
CTOI 287772548.01,287772548,,3.9514,1362.48,density,medium,"the transit lasts 2.3x longer than any orbit around a star of the catalogued density allows (a blend, or a misclassified star)",False,
CTOI 289910047.01,289910047,PC,2.10335,10169,size,medium,implied size 2.0 Jupiter radii: too big for a planet,False,
CTOI 290644615.01,290644615,PC,13,1000,density,medium,"the transit lasts 1.5x longer than any orbit around a star of the catalogued density allows (a blend, or a misclassified star)",False,
CTOI 292319626.01,292319626,PC,1.92424,10620,size,medium,implied size 2.2 Jupiter radii: too big for a planet,False,
CTOI 293274312.01,293274312,PC,4.60264,638.092,density,medium,"the transit lasts 1.6x longer than any orbit around a star of the catalogued density allows (a blend, or a misclassified star)",False,
CTOI 293517846.01,293517846,PC,8.04271,834.863,density,medium,"the transit lasts 1.6x longer than any orbit around a star of the catalogued density allows (a blend, or a misclassified star)",False,
CTOI 294097549.02,294097549,PC,199.535,1390,size,medium,implied size 1.8 Jupiter radii: too big for a planet on a 200-day orbit,True,"3,6,7,8,9,13,29,30,33,34,35,36,39,61,62,63,66,67,69,87,88,89,90,93,94,96"
CTOI 29478974.02,29478974,PC,12.4583,930565,size,medium,implied size 2.0 Jupiter radii: too big for a planet on a 12-day orbit,False,
CTOI 295440174.01,295440174,PC,7.12829,11347.4,size,medium,implied size 2.7 Jupiter radii: too big for a planet,False,
CTOI 297701617.01,297701617,PC,18.5523,45981.6,size,medium,implied size 4.5 Jupiter radii: too big for a planet on a 19-day orbit,False,
CTOI 29786532.01,29786532,PC,1.58788,202164,size,medium,implied size 3.7 Jupiter radii: too big for a planet,False,
CTOI 298247308.01,298247308,PC,9.71809,1617.08,density,medium,"the transit lasts 1.7x longer than any orbit around a star of the catalogued density allows (a blend, or a misclassified star)",False,
CTOI 298292983.01,298292983,PC,1.28156,21268,size,medium,implied size 2.4 Jupiter radii: too big for a planet,False,
CTOI 300362600.01,300362600,PC,11.6556,45369,size,medium,implied size 4.6 Jupiter radii: too big for a planet on a 12-day orbit,False,
CTOI 300560295.01,300560295,PC,10.2889,979561,size,medium,implied size 1.6 Jupiter radii: too big for a planet on a 10-day orbit,False,
CTOI 302186856.01,302186856,PC,2.11062,5599,size,medium,implied size 2.1 Jupiter radii: too big for a planet,True,18
CTOI 302417238.01,302417238,PC,1.42385,36571.4,density,medium,"the transit lasts 2.3x longer than any orbit around a star of the catalogued density allows (a blend, or a misclassified star)",False,
CTOI 302595663.01,302595663,,2.46569,158.03,density,medium,"the transit lasts 1.9x longer than any orbit around a star of the catalogued density allows (a blend, or a misclassified star)",False,
CTOI 303682623.01,303682623,PC,0.68063,24779,size,medium,implied size 2.3 Jupiter radii: too big for a planet,False,
CTOI 303909865.01,303909865,PC,2.13056,792255,size,medium,implied size 6.1 Jupiter radii: too big for a planet,False,
CTOI 303909865.02,303909865,PC,2.125,738131,size,medium,implied size 6.9 Jupiter radii: too big for a planet,False,
CTOI 304371706.01,304371706,PC,0.609861,1054.81,density,medium,"the transit lasts 1.9x longer than any orbit around a star of the catalogued density allows (a blend, or a misclassified star)",False,
CTOI 305436012.01,305436012,PC,1.16158,1461.07,density,medium,"the transit lasts 2.3x longer than any orbit around a star of the catalogued density allows (a blend, or a misclassified star)",False,
CTOI 306385801.01,306385801,PC,7.0178,9400,size,medium,implied size 2.0 Jupiter radii: too big for a planet,False,
CTOI 30654608.01,30654608,PC,2.4955,2304,size,medium,implied size 2.6 Jupiter radii: too big for a planet,False,
CTOI 306667367.01,306667367,PC,10.0491,10100,size,medium,implied size 2.5 Jupiter radii: too big for a planet on a 10-day orbit,False,
CTOI 307210830.04,307210830,PC,1.048,600,density,medium,"the transit lasts 2.0x longer than any orbit around a star of the catalogued density allows (a blend, or a misclassified star)",False,
CTOI 308086497.01,308086497,PC,14.3793,224,density,medium,"the transit lasts 1.6x longer than any orbit around a star of the catalogued density allows (a blend, or a misclassified star)",False,
CTOI 308183430.01,308183430,PC,4.425,500,density,medium,"the transit lasts 1.6x longer than any orbit around a star of the catalogued density allows (a blend, or a misclassified star)",False,
CTOI 308538095.01,308538095,PC,11.693,38158.8,size,medium,implied size 2.6 Jupiter radii: too big for a planet on a 12-day orbit,False,
CTOI 308617923.01,308617923,PC,1.3311,2279,size,medium,implied size 2.1 Jupiter radii: too big for a planet,False,
CTOI 308851582.02,308851582,PC,4.91181,200545,size,medium,implied size 5.0 Jupiter radii: too big for a planet,False,
CTOI 308991822.01,308991822,PC,8.22639,753284,size,medium,implied size 6.3 Jupiter radii: too big for a planet,False,
CTOI 308991822.02,308991822,PC,8.29861,940687,size,medium,implied size 3.1 Jupiter radii: too big for a planet,False,
CTOI 309146836.01,309146836,PC,5.42569,44151.2,size,medium,implied size 6.1 Jupiter radii: too big for a planet,False,
CTOI 309146836.02,309146836,PC,5.43056,25526.9,size,medium,implied size 4.7 Jupiter radii: too big for a planet,False,
CTOI 309234923.01,309234923,PC,21.2553,21739,size,medium,implied size 1.6 Jupiter radii: too big for a planet on a 21-day orbit,False,
CTOI 309658221.01,309658221,PC,7.58681,975626,size,medium,implied size 2.5 Jupiter radii: too big for a planet,False,
CTOI 309658221.02,309658221,PC,7.60104,983896,size,medium,implied size 2.0 Jupiter radii: too big for a planet,False,
CTOI 31054255.01,31054255,PC,0.873831,163641,size,medium,implied size 2.4 Jupiter radii: too big for a planet,False,
CTOI 311236477.01,311236477,PC,3.1329,7910,density,medium,"the transit lasts 1.9x longer than any orbit around a star of the catalogued density allows (a blend, or a misclassified star)",False,
CTOI 311518815.01,311518815,PC,0.986852,16322.7,size,medium,implied size 3.0 Jupiter radii: too big for a planet,False,
CTOI 312191086.01,312191086,PC,13.8347,1869.84,density,medium,"the transit lasts 1.7x longer than any orbit around a star of the catalogued density allows (a blend, or a misclassified star)",False,
CTOI 312353807.01,312353807,PC,4.95028,6603.62,size,medium,implied size 10.9 Jupiter radii: too big for a planet,False,
CTOI 312478085.01,312478085,PC,11.4337,28.3133,density,medium,"the transit lasts 2.3x longer than any orbit around a star of the catalogued density allows (a blend, or a misclassified star)",False,
CTOI 312562292.01,312562292,PC,2.37445,1328.54,density,medium,"the transit lasts 1.9x longer than any orbit around a star of the catalogued density allows (a blend, or a misclassified star)",False,
CTOI 312952410.01,312952410,PC,12.9299,1351.36,density,medium,"the transit lasts 2.3x longer than any orbit around a star of the catalogued density allows (a blend, or a misclassified star)",False,
CTOI 314510981.01,314510981,PC,1.03491,1289.44,density,medium,"the transit lasts 1.8x longer than any orbit around a star of the catalogued density allows (a blend, or a misclassified star)",False,
CTOI 314619655.01,314619655,PC,3.14691,12387.1,density,medium,"the transit lasts 2.3x longer than any orbit around a star of the catalogued density allows (a blend, or a misclassified star)",False,
CTOI 316246231.01,316246231,PC,8.57514,129730,size,medium,implied size 5.6 Jupiter radii: too big for a planet,False,
CTOI 316311726.01,316311726,PC,5.79279,501.186,density,medium,"the transit lasts 1.9x longer than any orbit around a star of the catalogued density allows (a blend, or a misclassified star)",False,
CTOI 316854890.01,316854890,PC,2.20103,1061,size,medium,implied size 2.4 Jupiter radii: too big for a planet,False,
CTOI 317536999.01,317536999,PC,5.8557,31684,size,medium,implied size 3.2 Jupiter radii: too big for a planet,False,
CTOI 31869740.01,31869740,PC,4.4293,3513.1,size,medium,implied size 2.8 Jupiter radii: too big for a planet,False,
CTOI 319916680.01,319916680,PC,3.37458,3230.66,density,medium,"the transit lasts 3.1x longer than any orbit around a star of the catalogued density allows (a blend, or a misclassified star)",False,
CTOI 321340546.01,321340546,PC,3.14211,1490.4,density,medium,"the transit lasts 2.1x longer than any orbit around a star of the catalogued density allows (a blend, or a misclassified star)",False,
CTOI 32150630.01,32150630,PC,1.49444,887356,size,medium,implied size 2.3 Jupiter radii: too big for a planet,False,
CTOI 321555530.01,321555530,PC,4.50519,546.566,density,medium,"the transit lasts 1.5x longer than any orbit around a star of the catalogued density allows (a blend, or a misclassified star)",False,
CTOI 321846837.01,321846837,PC,1.34943,5883.4,density,medium,"the transit lasts 2.0x longer than any orbit around a star of the catalogued density allows (a blend, or a misclassified star)",False,
CTOI 325189919.01,325189919,PC,4.4664,11673.4,size,medium,implied size 2.3 Jupiter radii: too big for a planet,False,
CTOI 325205605.02,325205605,PC,4.25,88362.2,size,medium,implied size 2.9 Jupiter radii: too big for a planet,False,
CTOI 32590805.01,32590805,PC,1.95629,13380,size,medium,implied size 2.1 Jupiter radii: too big for a planet,False,
CTOI 326326832.01,326326832,PC,14.3355,21.2589,density,medium,"the transit lasts 6.9x longer than any orbit around a star of the catalogued density allows (a blend, or a misclassified star)",False,
CTOI 326483210.01,326483210,PC,3.81297,39976,size,medium,implied size 3.6 Jupiter radii: too big for a planet,False,
CTOI 328501601.01,328501601,PC,1.54378,16962.6,density,medium,"the transit lasts 1.8x longer than any orbit around a star of the catalogued density allows (a blend, or a misclassified star)",False,
CTOI 332258412.01,332258412,PC,7.14653,137928,size,medium,implied size 10.2 Jupiter radii: too big for a planet,False,
CTOI 332333258.01,332333258,PC,30.359,10061.3,size,medium,implied size 1.6 Jupiter radii: too big for a planet on a 30-day orbit,False,
CTOI 332350266.01,332350266,PC,10.6746,7642,size,medium,implied size 2.2 Jupiter radii: too big for a planet on a 11-day orbit,False,
CTOI 334949878.01,334949878,PC,19.4784,122088,size,medium,implied size 7.8 Jupiter radii: too big for a planet on a 19-day orbit,False,
CTOI 341840536.01,341840536,PC,2.196,340,density,medium,"the transit lasts 2.7x longer than any orbit around a star of the catalogued density allows (a blend, or a misclassified star)",False,
CTOI 341983711.01,341983711,PC,2.516,14000,density,medium,"the transit lasts 3.0x longer than any orbit around a star of the catalogued density allows (a blend, or a misclassified star)",False,
CTOI 342866210.01,342866210,PC,2.537,122000,density,medium,"the transit lasts 1.8x longer than any orbit around a star of the catalogued density allows (a blend, or a misclassified star)",False,
CTOI 343320735.01,343320735,PC,12.416,113000,density,medium,"the transit lasts 2.8x longer than any orbit around a star of the catalogued density allows (a blend, or a misclassified star)",False,
CTOI 343933335.01,343933335,PC,4.3703,12259.9,density,medium,"the transit lasts 1.6x longer than any orbit around a star of the catalogued density allows (a blend, or a misclassified star)",False,
CTOI 345324572.01,345324572,PC,2.566,36000,density,medium,"the transit lasts 3.6x longer than any orbit around a star of the catalogued density allows (a blend, or a misclassified star)",False,
CTOI 34574105.01,34574105,PC,4.2886,18231.4,size,medium,implied size 2.1 Jupiter radii: too big for a planet,False,
CTOI 347627283.01,347627283,PC,8.9619,600.023,density,medium,"the transit lasts 1.5x longer than any orbit around a star of the catalogued density allows (a blend, or a misclassified star)",False,
CTOI 347702052.01,347702052,PC,4.05291,1176,size,medium,implied size 2.4 Jupiter radii: too big for a planet,False,
CTOI 348608380.01,348608380,PC,16.3026,144360,size,medium,implied size 12.6 Jupiter radii: too big for a planet on a 16-day orbit,False,
CTOI 349309625.01,349309625,PC,1.40602,2383,size,medium,implied size 2.3 Jupiter radii: too big for a planet,False,
CTOI 349518145.01,349518145,PC,4.13958,32442,size,medium,implied size 2.1 Jupiter radii: too big for a planet,False,
CTOI 349647697.01,349647697,PC,0.577083,115256,size,medium,implied size 4.3 Jupiter radii: too big for a planet,False,
CTOI 351518773.01,351518773,PC,8.28396,2179.12,density,medium,"the transit lasts 1.7x longer than any orbit around a star of the catalogued density allows (a blend, or a misclassified star)",False,
CTOI 352915304.01,352915304,PC,3.4929,1420,density,medium,"the transit lasts 2.9x longer than any orbit around a star of the catalogued density allows (a blend, or a misclassified star)",False,
CTOI 352936695.01,352936695,PC,15.1544,2624.5,density,medium,"the transit lasts 1.5x longer than any orbit around a star of the catalogued density allows (a blend, or a misclassified star)",False,
CTOI 355601117.01,355601117,PC,4.15694,993170,size,medium,implied size 2.1 Jupiter radii: too big for a planet,False,
CTOI 355601117.02,355601117,PC,4.15,955597,size,medium,implied size 5.2 Jupiter radii: too big for a planet,False,
CTOI 35655828.01,35655828,PC,8.07298,18676.6,size,medium,implied size 4.3 Jupiter radii: too big for a planet,False,
CTOI 356973763.01,356973763,PC,10.025,10902,size,medium,implied size 2.7 Jupiter radii: too big for a planet on a 10-day orbit,False,
CTOI 357345121.01,357345121,PC,18.5974,49046,size,medium,implied size 2.0 Jupiter radii: too big for a planet on a 19-day orbit,False,
CTOI 357852161.01,357852161,PC,12.7683,6669,density,medium,"the transit lasts 1.5x longer than any orbit around a star of the catalogued density allows (a blend, or a misclassified star)",False,
CTOI 361980044.01,361980044,PC,1.37579,937.526,density,medium,"the transit lasts 1.7x longer than any orbit around a star of the catalogued density allows (a blend, or a misclassified star)",False,
CTOI 364302118.02,364302118,PC,1.34861,955927,size,medium,implied size 2.3 Jupiter radii: too big for a planet,False,
CTOI 36595388.01,36595388,PC,1.73811,67310,size,medium,implied size 4.7 Jupiter radii: too big for a planet,False,
CTOI 366810260.01,366810260,PC,3.71775,36640,size,medium,implied size 4.0 Jupiter radii: too big for a planet,False,
CTOI 36822718.01,36822718,PC,4.4685,1560.46,density,medium,"the transit lasts 1.5x longer than any orbit around a star of the catalogued density allows (a blend, or a misclassified star)",False,
CTOI 373730922.01,373730922,PC,1.99328,2287,size,medium,implied size 2.4 Jupiter radii: too big for a planet,False,
CTOI 377619148.01,377619148,PC,19.8963,139117,size,medium,implied size 18.7 Jupiter radii: too big for a planet on a 20-day orbit,False,
CTOI 378421253.01,378421253,PC,0.75118,33200,density,medium,"the transit lasts 2.8x longer than any orbit around a star of the catalogued density allows (a blend, or a misclassified star)",False,
CTOI 380717159.01,380717159,PC,2.73044,21796.6,density,medium,"the transit lasts 3.5x longer than any orbit around a star of the catalogued density allows (a blend, or a misclassified star)",False,
CTOI 382517745.01,382517745,PC,10.4361,985373,secondary,medium,"secondary eclipse at phase 0.583: 18650 ppm (2506% of the transit depth), SNR 764.8, 610 sigma deeper than a planet could make it",True,"1,2,3,4,5,6,7,8,9,10,11,12,13,27,28,29,30,31,32,33,34,35,37,38,39,61,62,63,64,65,67,68,69,87,88,89,90,94,95,96,97,98"
CTOI 382517745.02,382517745,PC,10.4382,879632,size,medium,implied size 4.1 Jupiter radii: too big for a planet on a 10-day orbit,False,
CTOI 38815574.01,38815574,PC,20.4294,3329,size,medium,implied size 1.7 Jupiter radii: too big for a planet on a 20-day orbit,False,
CTOI 389927567.01,389927567,PC,6.9408,68121,size,medium,implied size 5.7 Jupiter radii: too big for a planet,True,
CTOI 390252502.01,390252502,PC,5.43632,14200,size,medium,implied size 5.2 Jupiter radii: too big for a planet,True,
CTOI 39291805.01,39291805,PC,7.1719,36100,size,medium,implied size 2.1 Jupiter radii: too big for a planet,False,
CTOI 393806946.01,393806946,PC,6.64245,236.584,density,medium,"the transit lasts 1.6x longer than any orbit around a star of the catalogued density allows (a blend, or a misclassified star)",False,
CTOI 394546184.01,394546184,PC,10.0659,28392.6,size,medium,implied size 2.4 Jupiter radii: too big for a planet on a 10-day orbit,False,
CTOI 394585218.01,394585218,PC,3.96667,82762.2,size,medium,implied size 3.2 Jupiter radii: too big for a planet,False,
CTOI 399074535.01,399074535,PC,14.7952,21520.2,size,medium,implied size 1.7 Jupiter radii: too big for a planet on a 15-day orbit,False,
CTOI 399913539.01,399913539,PC,1.2875,26669.3,density,medium,"the transit lasts 2.4x longer than any orbit around a star of the catalogued density allows (a blend, or a misclassified star)",False,
CTOI 401669998.01,401669998,PC,4.51552,557.266,density,medium,"the transit lasts 1.5x longer than any orbit around a star of the catalogued density allows (a blend, or a misclassified star)",False,
CTOI 402998747.01,402998747,PC,0.389236,436.199,density,medium,"the transit lasts 2.1x longer than any orbit around a star of the catalogued density allows (a blend, or a misclassified star)",False,
CTOI 404927661.01,404927661,PC,18.5347,948053,size,medium,implied size 5.5 Jupiter radii: too big for a planet on a 19-day orbit,False,
CTOI 405421924.01,405421924,PC,1.80445,3080,size,medium,implied size 2.2 Jupiter radii: too big for a planet,True,"8,35,62,89"
CTOI 407584737.02,407584737,PC,5.65278,938023,size,medium,implied size 4.7 Jupiter radii: too big for a planet,False,
CTOI 408094816.01,408094816,PC,5.40366,29529,size,medium,implied size 4.4 Jupiter radii: too big for a planet,False,
CTOI 408358709.01,408358709,PC,6.33197,113573,size,medium,implied size 7.4 Jupiter radii: too big for a planet,False,
CTOI 409056122.01,409056122,PC,12.4773,6375,size,medium,implied size 2.4 Jupiter radii: too big for a planet on a 12-day orbit,False,
CTOI 409883914.01,409883914,PC,22.6816,29973,size,medium,implied size 2.1 Jupiter radii: too big for a planet on a 23-day orbit,False,
CTOI 411662605.01,411662605,PC,1.561,3136,density,medium,"the transit lasts 1.5x longer than any orbit around a star of the catalogued density allows (a blend, or a misclassified star)",False,
CTOI 413809436.01,413809436,PC,2.703,54289,size,medium,implied size 3.6 Jupiter radii: too big for a planet,False,
CTOI 417058223.01,417058223,PC,5.47668,120614,size,medium,implied size 7.0 Jupiter radii: too big for a planet,False,
CTOI 417110491.01,417110491,PC,14.175,17916,size,medium,implied size 2.3 Jupiter radii: too big for a planet on a 14-day orbit,False,
CTOI 417136990.01,417136990,PC,21.0751,18004,size,medium,implied size 1.6 Jupiter radii: too big for a planet on a 21-day orbit,False,
CTOI 417734868.01,417734868,PC,11.447,12818,size,medium,implied size 1.6 Jupiter radii: too big for a planet on a 11-day orbit,False,
CTOI 418083937.01,418083937,PC,1.62379,2176,size,medium,implied size 2.2 Jupiter radii: too big for a planet,False,
CTOI 419091401.01,419091401,PC,12.7071,35344,size,medium,implied size 5.2 Jupiter radii: too big for a planet on a 13-day orbit,False,
CTOI 419744996.01,419744996,PC,7.00208,135110,size,medium,implied size 14.2 Jupiter radii: too big for a planet,False,
CTOI 419744996.02,419744996,PC,7.01667,146839,size,medium,implied size 14.9 Jupiter radii: too big for a planet,False,
CTOI 422217871.01,422217871,PC,4.82904,514.884,density,medium,"the transit lasts 2.0x longer than any orbit around a star of the catalogued density allows (a blend, or a misclassified star)",False,
CTOI 424805463.01,424805463,PC,39.1301,22048,size,medium,implied size 2.4 Jupiter radii: too big for a planet on a 39-day orbit,False,
CTOI 42524156.01,42524156,PC,10.013,15625,size,medium,implied size 3.5 Jupiter radii: too big for a planet on a 10-day orbit,False,
CTOI 427943483.01,427943483,PC,6.29812,56805,size,medium,implied size 3.1 Jupiter radii: too big for a planet,False,
CTOI 431605129.01,431605129,PC,4.04,2500,density,medium,"the transit lasts 2.5x longer than any orbit around a star of the catalogued density allows (a blend, or a misclassified star)",False,
CTOI 432110782.01,432110782,PC,1.74047,28678,size,medium,implied size 2.1 Jupiter radii: too big for a planet,False,
CTOI 432564189.01,432564189,PC,3.76061,23180,size,medium,implied size 3.5 Jupiter radii: too big for a planet,False,
CTOI 432925586.01,432925586,PC,2.02366,62610,density,medium,"the transit lasts 1.5x longer than any orbit around a star of the catalogued density allows (a blend, or a misclassified star)",False,
CTOI 434133200.01,434133200,PC,14.131,3810,size,medium,implied size 2.0 Jupiter radii: too big for a planet on a 14-day orbit,False,
CTOI 441422527.01,441422527,PC,0.208333,13014.5,size,medium,implied size 6.7 Jupiter radii: too big for a planet,False,
CTOI 441462348.01,441462348,PC,6.1034,2100,density,medium,"the transit lasts 1.8x longer than any orbit around a star of the catalogued density allows (a blend, or a misclassified star)",False,
CTOI 441697462.01,441697462,PC,11.6205,831.145,density,medium,"the transit lasts 1.6x longer than any orbit around a star of the catalogued density allows (a blend, or a misclassified star)",False,
CTOI 444222135.01,444222135,PC,3.03798,15790,density,medium,"the transit lasts 2.2x longer than any orbit around a star of the catalogued density allows (a blend, or a misclassified star)",False,
CTOI 450330576.01,450330576,PC,3.07046,571.2,density,medium,"the transit lasts 1.5x longer than any orbit around a star of the catalogued density allows (a blend, or a misclassified star)",True,"21,48"
CTOI 450610413.01,450610413,PC,10.678,30976,size,medium,implied size 3.0 Jupiter radii: too big for a planet on a 11-day orbit,False,
CTOI 452709919.01,452709919,PC,13.8552,6544.41,density,medium,"the transit lasts 1.7x longer than any orbit around a star of the catalogued density allows (a blend, or a misclassified star)",False,
CTOI 452954163.01,452954163,PC,5.00212,14971,size,medium,implied size 2.2 Jupiter radii: too big for a planet,False,
CTOI 453372655.01,453372655,PC,0.604491,245.447,density,medium,"the transit lasts 1.7x longer than any orbit around a star of the catalogued density allows (a blend, or a misclassified star)",False,
CTOI 46029346.01,46029346,PC,1.38135,44920,size,medium,implied size 2.3 Jupiter radii: too big for a planet,False,
CTOI 461653423.01,461653423,PC,7.81863,13099,size,medium,implied size 2.1 Jupiter radii: too big for a planet,False,
CTOI 462004618.01,462004618,PC,2.3669,29584,size,medium,implied size 3.3 Jupiter radii: too big for a planet,False,
CTOI 462516465.01,462516465,PC,13.5326,6946,size,medium,implied size 1.6 Jupiter radii: too big for a planet on a 14-day orbit,False,
CTOI 463903016.01,463903016,PC,1.44216,83090,density,medium,"the transit lasts 1.7x longer than any orbit around a star of the catalogued density allows (a blend, or a misclassified star)",False,
CTOI 468154499.01,468154499,PC,13.695,1151.9,density,medium,"the transit lasts 1.5x longer than any orbit around a star of the catalogued density allows (a blend, or a misclassified star)",False,
CTOI 47422767.01,47422767,PC,14.8199,3727.03,density,medium,"the transit lasts 1.5x longer than any orbit around a star of the catalogued density allows (a blend, or a misclassified star)",False,
CTOI 4918918.02,4918918,PC,2.8,8.0592,density,medium,"the transit lasts 2.8x longer than any orbit around a star of the catalogued density allows (a blend, or a misclassified star)",False,
CTOI 4918918.03,4918918,PC,1.94,8160,density,medium,"the transit lasts 2.6x longer than any orbit around a star of the catalogued density allows (a blend, or a misclassified star)",False,
CTOI 4918918.04,4918918,PC,7.78,11680,density,medium,"the transit lasts 2.1x longer than any orbit around a star of the catalogued density allows (a blend, or a misclassified star)",False,
CTOI 4956529.01,4956529,PC,2.18429,2379,size,medium,implied size 2.0 Jupiter radii: too big for a planet,False,
CTOI 50361536.01,50361536,PC,12.9725,107176,size,medium,implied size 8.3 Jupiter radii: too big for a planet on a 13-day orbit,False,
CTOI 5082894.01,5082894,PC,3.72788,680.797,density,medium,"the transit lasts 1.6x longer than any orbit around a star of the catalogued density allows (a blend, or a misclassified star)",False,
CTOI 51961435.01,51961435,PC,2.44655,8637.17,density,medium,"the transit lasts 2.8x longer than any orbit around a star of the catalogued density allows (a blend, or a misclassified star)",False,
CTOI 55404385.01,55404385,PC,2.95,903718,size,medium,implied size 5.7 Jupiter radii: too big for a planet,False,
CTOI 55404385.02,55404385,PC,2.95139,964452,size,medium,implied size 3.5 Jupiter radii: too big for a planet,False,
CTOI 55524055.01,55524055,PC,2.64861,832727,size,medium,implied size 3.2 Jupiter radii: too big for a planet,False,
CTOI 55727842.01,55727842,PC,16.467,15598.5,density,medium,"the transit lasts 3.1x longer than any orbit around a star of the catalogued density allows (a blend, or a misclassified star)",False,
CTOI 56935627.01,56935627,PC,0.83032,56904,size,medium,implied size 2.2 Jupiter radii: too big for a planet,False,
CTOI 5734671.01,5734671,PC,9.23674,1002.07,density,medium,"the transit lasts 1.6x longer than any orbit around a star of the catalogued density allows (a blend, or a misclassified star)",False,
CTOI 602870459.01,602870459,PC,3.12587,110715,size,medium,implied size 4.4 Jupiter radii: too big for a planet,False,
CTOI 61202306.01,61202306,PC,1.2459,2565,size,medium,implied size 2.2 Jupiter radii: too big for a planet,False,
CTOI 645455722.01,645455722,PC,2.76633,36138,size,medium,implied size 3.6 Jupiter radii: too big for a planet,False,
CTOI 645713782.01,645713782,PC,6.85716,100789,size,medium,implied size 2.9 Jupiter radii: too big for a planet,False,
CTOI 65166582.01,65166582,PC,2.0986,69720,size,medium,implied size 2.0 Jupiter radii: too big for a planet,False,
CTOI 65259968.01,65259968,PC,0.408776,3785,size,medium,implied size 2.0 Jupiter radii: too big for a planet,False,
CTOI 70442570.01,70442570,PC,11.5271,862264,size,medium,implied size 13.6 Jupiter radii: too big for a planet on a 12-day orbit,False,
CTOI 70442570.02,70442570,PC,11.5049,956798,size,medium,implied size 7.6 Jupiter radii: too big for a planet on a 12-day orbit,False,
CTOI 705060898.01,705060898,PC,22.9792,65216,size,medium,implied size 2.4 Jupiter radii: too big for a planet on a 23-day orbit,False,
CTOI 70722784.01,70722784,PC,14.4535,15261,size,medium,implied size 1.6 Jupiter radii: too big for a planet on a 14-day orbit,False,
CTOI 71028120.02,71028120,PC,19.582,900,size,medium,implied size 3.0 Jupiter radii: too big for a planet on a 20-day orbit,False,
CTOI 72901569.01,72901569,PC,5.89603,2007.35,density,medium,"the transit lasts 2.0x longer than any orbit around a star of the catalogued density allows (a blend, or a misclassified star)",False,
CTOI 73248090.01,73248090,PC,24.1724,34278.2,size,medium,implied size 3.1 Jupiter radii: too big for a planet on a 24-day orbit,False,
CTOI 74487535.01,74487535,PC,3.0101,5.92,size,medium,implied size 2.2 Jupiter radii: too big for a planet,False,
CTOI 76903841.01,76903841,PC,12.7515,4124.19,size,medium,implied size 11.6 Jupiter radii: too big for a planet on a 13-day orbit,False,
CTOI 77173027.01,77173027,PC,14.5977,10575,size,medium,implied size 1.8 Jupiter radii: too big for a planet on a 15-day orbit,False,
CTOI 77370025.01,77370025,PC,12.3384,28473,size,medium,implied size 2.2 Jupiter radii: too big for a planet on a 12-day orbit,False,
CTOI 80019290.01,80019290,PC,18.466,2298.61,density,medium,"the transit lasts 2.4x longer than any orbit around a star of the catalogued density allows (a blend, or a misclassified star)",False,
CTOI 800254.01,800254,PC,10.752,107540,size,medium,implied size 1.8 Jupiter radii: too big for a planet on a 11-day orbit,False,
CTOI 80317933.01,80317933,PC,3.2098,53824,size,medium,implied size 4.1 Jupiter radii: too big for a planet,False,
CTOI 83839341.01,83839341,PC,5.58771,21437,size,medium,implied size 2.1 Jupiter radii: too big for a planet,False,
CTOI 853388144.01,853388144,PC,1.64526,123810,size,medium,implied size 3.0 Jupiter radii: too big for a planet,False,
CTOI 859480036.01,859480036,PC,2.59584,28270,size,medium,implied size 2.4 Jupiter radii: too big for a planet,False,
CTOI 86184105.01,86184105,PC,9.73511,55113,size,medium,implied size 2.1 Jupiter radii: too big for a planet,False,
CTOI 8963901.01,8963901,PC,0.484722,134753,size,medium,implied size 17.9 Jupiter radii: too big for a planet,False,
CTOI 91369561.01,91369561,PC,0.0770833,8597.71,density,medium,"the transit lasts 1.5x longer than any orbit around a star of the catalogued density allows (a blend, or a misclassified star)",False,
CTOI 92350408.01,92350408,PC,2.95639,12078,size,medium,implied size 2.1 Jupiter radii: too big for a planet,False,
CTOI 92835691.01,92835691,PC,22.3661,45796,size,medium,implied size 4.4 Jupiter radii: too big for a planet on a 22-day orbit,False,
CTOI 92896631.01,92896631,PC,5.63925,36520,size,medium,implied size 3.3 Jupiter radii: too big for a planet,False,
CTOI 93275779.01,93275779,PC,0.913535,23760,density,medium,"the transit lasts 2.1x longer than any orbit around a star of the catalogued density allows (a blend, or a misclassified star)",False,
CTOI 93420346.01,93420346,PC,5.8229,1938,size,medium,implied size 2.2 Jupiter radii: too big for a planet,False,
CTOI 94423678.01,94423678,PC,1.422,48430,density,medium,"the transit lasts 1.9x longer than any orbit around a star of the catalogued density allows (a blend, or a misclassified star)",False,
CTOI 94589619.01,94589619,PC,12.0829,34969,size,medium,implied size 2.7 Jupiter radii: too big for a planet on a 12-day orbit,False,
CTOI 95003423.01,95003423,PC,1.5268,40804,size,medium,implied size 2.2 Jupiter radii: too big for a planet,False,
CTOI 9828063.01,9828063,PC,6.0742,1320.74,density,medium,"the transit lasts 1.8x longer than any orbit around a star of the catalogued density allows (a blend, or a misclassified star)",False,
TOI 1012.01,427508467,APC,0.884182,1890,size,medium,implied size 2.2 Jupiter radii: too big for a planet,False,
TOI 1019.01,341420329,PC,5.2341,20796.9,size,medium,implied size 2.2 Jupiter radii: too big for a planet,False,
TOI 1035.01,361413119,PC,6.07445,5982.52,size,medium,implied size 2.8 Jupiter radii: too big for a planet,False,
TOI 1103.01,351603103,PC,2.94308,4490,size,medium,implied size 4.0 Jupiter radii: too big for a planet,False,
TOI 1137.01,89389197,PC,1.32064,1052.43,size,medium,implied size 3.1 Jupiter radii: too big for a planet,False,
TOI 1192.01,158276040,APC,45.9403,14807,size,medium,implied size 2.5 Jupiter radii: too big for a planet on a 46-day orbit,False,
TOI 1216.01,141527965,PC,4.55418,187.829,density,medium,"the transit lasts 3.5x longer than any orbit around a star of the catalogued density allows (a blend, or a misclassified star)",False,
TOI 1229.01,140760434,APC,31.8132,11479.4,size,medium,implied size 1.9 Jupiter radii: too big for a planet on a 32-day orbit,False,
TOI 1311.01,378159598,APC,6.14071,9589.55,size,medium,implied size 2.6 Jupiter radii: too big for a planet,False,
TOI 1379.01,252490659,APC,1132.02,18121.2,size,medium,implied size 2.7 Jupiter radii: too big for a planet on a 1132-day orbit,False,
TOI 1381.01,275722992,PC,6.56018,2474,size,medium,implied size 2.5 Jupiter radii: too big for a planet,False,
TOI 1433.01,13684720,APC,12.438,107230,size,medium,implied size 1.8 Jupiter radii: too big for a planet on a 12-day orbit,False,
TOI 1564.01,250724252,APC,0.559669,4538,size,medium,implied size 2.2 Jupiter radii: too big for a planet,False,
TOI 1565.01,251384275,PC,1099.26,2970,size,medium,implied size 2.1 Jupiter radii: too big for a planet on a 1099-day orbit,False,
TOI 1642.01,229940491,APC,37.4591,6301.14,size,medium,implied size 1.5 Jupiter radii: too big for a planet on a 37-day orbit,False,
TOI 1653.01,156724719,PC,10.9569,4643,size,medium,implied size 1.9 Jupiter radii: too big for a planet on a 11-day orbit,False,
TOI 1656.01,267694283,APC,1112.76,6669,size,medium,implied size 1.8 Jupiter radii: too big for a planet on a 1113-day orbit,False,
TOI 1787.01,372730331,PC,8.70467,9660,size,medium,implied size 2.6 Jupiter radii: too big for a planet,False,
TOI 1822.01,9392421,APC,9.61366,7000,gaia_orbit,medium,Gaia NSS SB1 orbit P = 9.609 d; companion 0.10 M_sun (SB1 mass function (sin i = 1)),True,"22,48"
TOI 1874.01,232641326,APC,17.8684,11028.2,size,medium,implied size 1.7 Jupiter radii: too big for a planet on a 18-day orbit,False,
TOI 1879.01,243335710,PC,13.7046,10116,size,medium,implied size 1.5 Jupiter radii: too big for a planet on a 14-day orbit,False,
TOI 1958.01,356747847,PC,14.6484,1294.19,size,medium,implied size 1.6 Jupiter radii: too big for a planet on a 15-day orbit,False,
TOI 1985.01,469212332,APC,30.7865,8750,size,medium,implied size 2.1 Jupiter radii: too big for a planet on a 31-day orbit,False,
TOI 2032.01,470159478,APC,17.0097,6380.78,size,medium,implied size 1.8 Jupiter radii: too big for a planet on a 17-day orbit,True,"58,59,60,73,78,79,85,86"
TOI 2055.01,322062001,APC,4.69817,7417,size,medium,implied size 2.8 Jupiter radii: too big for a planet,False,
TOI 2108.01,347538174,APC,6.80265,16385.5,size,medium,implied size 2.5 Jupiter radii: too big for a planet,False,
TOI 2137.01,23059280,APC,14.1503,40979.4,size,medium,implied size 1.7 Jupiter radii: too big for a planet on a 14-day orbit,False,
TOI 224.01,70797900,APC,705.584,101205,size,medium,implied size 1.5 Jupiter radii: too big for a planet on a 706-day orbit,False,
TOI 2251.01,229715760,PC,11.5744,14285.1,size,medium,implied size 1.6 Jupiter radii: too big for a planet on a 12-day orbit,False,
TOI 2271.01,258389327,APC,26.5457,9362.3,size,medium,implied size 2.0 Jupiter radii: too big for a planet on a 27-day orbit,False,
TOI 2296.01,165554103,PC,139.263,403.269,density,medium,"the transit lasts 1.7x longer than any orbit around a star of the catalogued density allows (a blend, or a misclassified star)",False,
TOI 2351.01,290036495,APC,5.25248,22612.3,size,medium,implied size 2.3 Jupiter radii: too big for a planet,False,
TOI 243.01,149010208,APC,3.43731,15018,size,medium,implied size 2.3 Jupiter radii: too big for a planet,True,"2,29,69,96,106"
TOI 2462.01,248434780,APC,12.8643,6907.98,size,medium,implied size 1.6 Jupiter radii: too big for a planet on a 13-day orbit,False,
TOI 2496.01,160328683,PC,1.57468,77503.5,size,medium,implied size 2.0 Jupiter radii: too big for a planet,False,
TOI 2520.01,177414713,PC,2.09441,320,density,medium,"the transit lasts 2.2x longer than any orbit around a star of the catalogued density allows (a blend, or a misclassified star)",False,
TOI 2522.01,148883384,PC,2.09885,350,density,medium,"the transit lasts 1.9x longer than any orbit around a star of the catalogued density allows (a blend, or a misclassified star)",False,
TOI 2557.01,269400980,PC,9.83023,5116.72,size,medium,implied size 2.5 Jupiter radii: too big for a planet,False,
TOI 2594.01,229167359,PC,2.68281,1080,size,medium,implied size 2.1 Jupiter radii: too big for a planet,False,
TOI 2612.01,149572298,PC,13.3572,29950,size,medium,implied size 1.7 Jupiter radii: too big for a planet on a 13-day orbit,False,
TOI 2613.01,52315301,PC,15.2011,35221.1,size,medium,implied size 1.9 Jupiter radii: too big for a planet on a 15-day orbit,False,
TOI 2620.01,394346647,PC,10.3559,18740,size,medium,implied size 1.6 Jupiter radii: too big for a planet on a 10-day orbit,False,
TOI 2640.01,135036669,PC,0.911221,71047.6,density,medium,"the transit lasts 2.0x longer than any orbit around a star of the catalogued density allows (a blend, or a misclassified star)",False,
TOI 2672.01,129372561,APC,10.719,7404.31,size,medium,implied size 2.0 Jupiter radii: too big for a planet on a 11-day orbit,False,
TOI 2745.01,237770757,APC,1.79329,16170,size,medium,implied size 2.0 Jupiter radii: too big for a planet,False,
TOI 2783.01,302976834,PC,2.30441,20290,size,medium,implied size 2.0 Jupiter radii: too big for a planet,False,
TOI 2882.01,142405475,PC,2.00833,1680,density,medium,"the transit lasts 1.6x longer than any orbit around a star of the catalogued density allows (a blend, or a misclassified star)",False,
TOI 2891.01,342167886,PC,17.3077,8880,size,medium,implied size 1.6 Jupiter radii: too big for a planet on a 17-day orbit,False,
TOI 2937.01,18794442,PC,2.01395,5820,size,medium,implied size 2.1 Jupiter radii: too big for a planet,True,"62,89,99"
TOI 2957.01,463469906,PC,1.53149,19629,size,medium,implied size 2.2 Jupiter radii: too big for a planet,False,
TOI 3002.01,402053027,PC,7.79711,23150,size,medium,implied size 2.1 Jupiter radii: too big for a planet,False,
TOI 3038.01,376036292,PC,2.96779,18226.8,size,medium,implied size 2.2 Jupiter radii: too big for a planet,False,
TOI 305.01,102030574,PC,9.94915,22920,size,medium,implied size 2.2 Jupiter radii: too big for a planet,False,
TOI 3056.01,67798337,PC,1.80929,15830,size,medium,implied size 2.1 Jupiter radii: too big for a planet,True,"64,100,101"
TOI 3083.01,405620289,PC,2.15322,6780,size,medium,implied size 2.3 Jupiter radii: too big for a planet,False,
TOI 3091.01,306255021,PC,2.74999,15480,size,medium,implied size 2.0 Jupiter radii: too big for a planet,False,
TOI 3130.01,453396346,PC,0.441517,3910.45,size,medium,implied size 2.8 Jupiter radii: too big for a planet,True,"64,65,90"
TOI 3134.01,448688668,PC,2.23084,10950,size,medium,implied size 2.0 Jupiter radii: too big for a planet,False,
TOI 3143.01,384244834,PC,2.99024,6460,size,medium,implied size 12.5 Jupiter radii: too big for a planet,False,
TOI 3155.01,457272901,APC,4.64922,7880,gaia_orbit,medium,Gaia NSS SB1 orbit P = 4.649 d; companion 0.09 M_sun (SB1 mass function (sin i = 1)),True,"65,99,100,101,102"
TOI 316.01,8988289,APC,13.3238,95718.1,size,medium,implied size 2.6 Jupiter radii: too big for a planet on a 13-day orbit,False,
TOI 3186.01,363632843,PC,3.61309,12550.1,size,medium,implied size 2.1 Jupiter radii: too big for a planet,False,
TOI 3192.01,336613507,PC,2.23503,20880,size,medium,implied size 2.0 Jupiter radii: too big for a planet,False,
TOI 3210.01,318668441,PC,2.23645,17380,size,medium,implied size 2.2 Jupiter radii: too big for a planet,False,
TOI 3234.01,260776145,PC,10.7013,25250,size,medium,implied size 1.7 Jupiter radii: too big for a planet on a 11-day orbit,False,
TOI 3237.01,242389810,PC,3.02714,22110,size,medium,implied size 2.0 Jupiter radii: too big for a planet,False,
TOI 327.01,206669860,PC,10.0551,13107.7,size,medium,implied size 1.8 Jupiter radii: too big for a planet on a 10-day orbit,False,
TOI 334.01,233964642,APC,17.916,9906,size,medium,implied size 1.6 Jupiter radii: too big for a planet on a 18-day orbit,False,
TOI 3340.01,76761591,APC,11.968,9480,size,medium,implied size 2.9 Jupiter radii: too big for a planet on a 12-day orbit,False,
TOI 3374.01,131025778,PC,2.65433,18470,size,medium,implied size 2.1 Jupiter radii: too big for a planet,False,
TOI 3403.01,133107143,PC,11.2205,10721,size,medium,implied size 1.5 Jupiter radii: too big for a planet on a 11-day orbit,False,
TOI 346.01,118327533,PC,16.5631,14010,size,medium,implied size 2.7 Jupiter radii: too big for a planet on a 17-day orbit,False,
TOI 3487.01,301160638,APC,16.0086,14340,size,medium,implied size 1.7 Jupiter radii: too big for a planet on a 16-day orbit,False,
TOI 352.01,47423120,APC,11.6235,44708.7,size,medium,implied size 1.8 Jupiter radii: too big for a planet on a 12-day orbit,False,
TOI 3527.01,355748785,PC,1.75512,7747.17,size,medium,implied size 3.0 Jupiter radii: too big for a planet,False,
TOI 354.01,100097716,APC,3.00021,8545,size,medium,implied size 2.2 Jupiter radii: too big for a planet,False,
TOI 3543.01,275887811,PC,6.48167,12000,size,medium,implied size 2.0 Jupiter radii: too big for a planet,False,
TOI 358.01,321982642,PC,9.10326,14080,size,medium,implied size 2.4 Jupiter radii: too big for a planet,False,
TOI 3640.01,200917197,PC,1.22053,3898,size,medium,implied size 3.9 Jupiter radii: too big for a planet,False,
TOI 365.01,118586896,APC,12.1103,35060,size,medium,implied size 3.0 Jupiter radii: too big for a planet on a 12-day orbit,False,
TOI 3655.01,94609570,APC,3.33257,12600,size,medium,implied size 2.2 Jupiter radii: too big for a planet,False,
TOI 3695.01,203096531,APC,0.604158,4997,size,medium,implied size 2.6 Jupiter radii: too big for a planet,False,
TOI 3697.01,470783598,APC,9.94417,15252,size,medium,implied size 2.0 Jupiter radii: too big for a planet,False,
TOI 3761.01,275703182,PC,25.8945,27610,size,medium,implied size 1.6 Jupiter radii: too big for a planet on a 26-day orbit,False,
TOI 3820.01,95234976,PC,5.42908,7391.61,size,medium,implied size 2.2 Jupiter radii: too big for a planet,False,
TOI 3821.01,88485645,PC,2.59726,9907.48,size,medium,implied size 2.1 Jupiter radii: too big for a planet,False,
TOI 3908.01,165412561,APC,1.4681,18506.5,size,medium,implied size 2.2 Jupiter radii: too big for a planet,False,
TOI 3934.01,375981105,PC,11.7513,7683,size,medium,implied size 1.6 Jupiter radii: too big for a planet on a 12-day orbit,False,
TOI 395.01,38541473,APC,6.06134,15346.2,size,medium,implied size 2.5 Jupiter radii: too big for a planet,False,
TOI 3977.01,116382006,PC,23.2548,9410,density,medium,"the transit lasts 1.6x longer than any orbit around a star of the catalogued density allows (a blend, or a misclassified star)",False,
TOI 4124.01,150761163,PC,3.4138,9850,size,medium,implied size 2.0 Jupiter radii: too big for a planet,False,
TOI 4236.01,36227841,PC,0.40214,3337.17,size,medium,implied size 2.0 Jupiter radii: too big for a planet,False,
TOI 4247.01,286153328,PC,4.35396,41586.5,size,medium,implied size 2.1 Jupiter radii: too big for a planet,False,
TOI 4273.01,133331642,PC,2.9347,11160,size,medium,implied size 2.1 Jupiter radii: too big for a planet,False,
TOI 4345.01,469791892,PC,12.891,15119.4,density,medium,"the transit lasts 3.7x longer than any orbit around a star of the catalogued density allows (a blend, or a misclassified star)",False,
TOI 4389.01,41387532,APC,11.4042,2216.72,size,medium,implied size 1.6 Jupiter radii: too big for a planet on a 11-day orbit,False,
TOI 4404.01,342314656,PC,39.6252,4527.83,size,medium,implied size 1.6 Jupiter radii: too big for a planet on a 40-day orbit,False,
TOI 4432.01,198610218,APC,3.04134,27645.5,size,medium,implied size 2.3 Jupiter radii: too big for a planet,False,
TOI 447.01,14091633,APC,5.52927,17914.5,size,medium,implied size 2.1 Jupiter radii: too big for a planet,False,
TOI 4505.01,150299840,PC,19.4724,7062.88,size,medium,implied size 1.5 Jupiter radii: too big for a planet on a 19-day orbit,False,
TOI 4542.01,4464022,PC,5.91677,28729.1,size,medium,implied size 2.1 Jupiter radii: too big for a planet,False,
TOI 4543.01,435336785,PC,5.77403,4820,size,medium,implied size 2.2 Jupiter radii: too big for a planet,False,
TOI 4622.01,94727308,APC,1.29623,36097.7,density,medium,"the transit lasts 2.0x longer than any orbit around a star of the catalogued density allows (a blend, or a misclassified star)",False,
TOI 472.01,52280468,APC,0.56826,42540,size,medium,implied size 2.2 Jupiter radii: too big for a planet,False,
TOI 4727.01,39824732,PC,7.15165,11740,size,medium,implied size 2.0 Jupiter radii: too big for a planet,False,
TOI 4755.01,267197567,PC,22.7273,6510,size,medium,implied size 1.7 Jupiter radii: too big for a planet on a 23-day orbit,False,
TOI 4958.01,457649900,PC,748.828,2167,size,medium,implied size 1.9 Jupiter radii: too big for a planet on a 749-day orbit,False,
TOI 496.01,88977253,APC,2.76769,22690.3,size,medium,implied size 2.6 Jupiter radii: too big for a planet,False,
TOI 5130.01,75589027,PC,2.16678,282,density,medium,"the transit lasts 1.6x longer than any orbit around a star of the catalogued density allows (a blend, or a misclassified star)",False,
TOI 516.01,318937509,APC,1.04855,34645,density,medium,"the transit lasts 1.9x longer than any orbit around a star of the catalogued density allows (a blend, or a misclassified star)",False,
TOI 527.01,148228019,APC,18.0892,5526.72,size,medium,implied size 2.0 Jupiter radii: too big for a planet on a 18-day orbit,False,
TOI 5360.01,427578289,APC,4.01079,8290,size,medium,implied size 2.2 Jupiter radii: too big for a planet,False,
TOI 5497.01,270679144,PC,11.212,5450,size,medium,implied size 1.5 Jupiter radii: too big for a planet on a 11-day orbit,False,
TOI 5506.01,385312460,PC,19.5863,24300,size,medium,implied size 1.7 Jupiter radii: too big for a planet on a 20-day orbit,False,
TOI 5569.01,267484403,PC,5.40213,6710,size,medium,implied size 2.1 Jupiter radii: too big for a planet,False,
TOI 5597.01,85284138,PC,1.97844,39470,size,medium,implied size 2.0 Jupiter radii: too big for a planet,False,
TOI 565.01,1103432,APC,3.72716,17476.7,size,medium,implied size 2.3 Jupiter radii: too big for a planet,False,
TOI 573.01,296780789,APC,13.5773,156035,size,medium,implied size 1.8 Jupiter radii: too big for a planet on a 14-day orbit,False,
TOI 5775.01,289666986,PC,2.43695,26190,density,medium,"the transit lasts 2.5x longer than any orbit around a star of the catalogued density allows (a blend, or a misclassified star)",False,
TOI 5861.01,11034516,PC,14.3033,26130,size,medium,implied size 1.5 Jupiter radii: too big for a planet on a 14-day orbit,False,
TOI 5913.01,289313987,APC,10.1522,9641,size,medium,implied size 1.7 Jupiter radii: too big for a planet on a 10-day orbit,False,
TOI 5952.01,287643871,PC,45.7139,5549,size,medium,implied size 1.6 Jupiter radii: too big for a planet on a 46-day orbit,False,
TOI 602.01,175176327,APC,11.0999,4867.13,size,medium,implied size 2.5 Jupiter radii: too big for a planet on a 11-day orbit,False,
TOI 6022.02,455947620,PC,1.54545,4280.77,density,medium,"the transit lasts 2.4x longer than any orbit around a star of the catalogued density allows (a blend, or a misclassified star)",False,
TOI 6027.01,368678195,PC,2.84065,57872.8,size,medium,implied size 2.2 Jupiter radii: too big for a planet,False,
TOI 6047.01,115451738,PC,2.08143,16749.5,density,medium,"the transit lasts 2.6x longer than any orbit around a star of the catalogued density allows (a blend, or a misclassified star)",True,"59,71,72,73"
TOI 6051.01,353960022,PC,3.92009,22430,size,medium,implied size 2.0 Jupiter radii: too big for a planet,False,
TOI 6107.01,152245179,PC,3.7899,7609.27,size,medium,implied size 2.1 Jupiter radii: too big for a planet,False,
TOI 6179.01,257056367,PC,19.2445,17453,size,medium,implied size 1.8 Jupiter radii: too big for a planet on a 19-day orbit,False,
TOI 6463.01,180989820,PC,9.87388,4750.33,density,medium,"the transit lasts 1.6x longer than any orbit around a star of the catalogued density allows (a blend, or a misclassified star)",False,
TOI 6482.01,189300053,PC,1483.52,11723,size,medium,implied size 1.6 Jupiter radii: too big for a planet on a 1484-day orbit,False,
TOI 6541.01,457337619,PC,5.89915,275,density,medium,"the transit lasts 1.9x longer than any orbit around a star of the catalogued density allows (a blend, or a misclassified star)",False,
TOI 6702.01,179442778,PC,2.18747,768.889,density,medium,"the transit lasts 3.2x longer than any orbit around a star of the catalogued density allows (a blend, or a misclassified star)",False,
TOI 671.01,151681127,APC,10.197,16111,size,medium,implied size 2.1 Jupiter radii: too big for a planet on a 10-day orbit,False,
TOI 6798.01,290403522,PC,22.3751,6829,density,medium,"the transit lasts 1.6x longer than any orbit around a star of the catalogued density allows (a blend, or a misclassified star)",False,
TOI 6829.01,469967533,PC,23.842,12487,size,medium,implied size 1.5 Jupiter radii: too big for a planet on a 24-day orbit,False,
TOI 6885.01,154067753,PC,11.6515,15415.7,odd_even,medium,odd and even transits differ by 16.6 sigma (7049 vs 3174 ppm),True,"14,15,21,22,41,48,49,75,76"
TOI 6889.01,282794970,PC,10.5466,26790.7,size,medium,implied size 1.7 Jupiter radii: too big for a planet on a 11-day orbit,False,
TOI 7018.01,156512187,PC,20.3159,39235,size,medium,implied size 1.6 Jupiter radii: too big for a planet on a 20-day orbit,False,
TOI 7054.01,62676654,PC,14.7596,16406.6,density,medium,"the transit lasts 1.8x longer than any orbit around a star of the catalogued density allows (a blend, or a misclassified star)",False,
TOI 7081.01,142385671,PC,12.7618,26352,size,medium,implied size 1.5 Jupiter radii: too big for a planet on a 13-day orbit,False,
TOI 709.01,396720998,APC,32.3766,52579.9,density,medium,"the transit lasts 2.9x longer than any orbit around a star of the catalogued density allows (a blend, or a misclassified star)",False,
TOI 7360.01,258822347,PC,30.7331,6436,size,medium,implied size 1.6 Jupiter radii: too big for a planet on a 31-day orbit,False,
TOI 7379.01,427715152,PC,10.9912,18917,size,medium,implied size 1.9 Jupiter radii: too big for a planet on a 11-day orbit,False,
TOI 745.01,444842193,APC,1.07909,572.79,density,medium,"the transit lasts 2.1x longer than any orbit around a star of the catalogued density allows (a blend, or a misclassified star)",False,
TOI 746.01,167418903,PC,10.9803,8276.21,gaia_orbit,medium,Gaia NSS SB1 orbit P = 10.986 d; companion 0.10 M_sun (SB1 mass function (sin i = 1)),True,"4,5,11,12,13,28,29,30,31,32,33,34,35,36,38,39,61,62,64,65,66,67,69,87,88,89,93,94,96,98"
TOI 7481.01,431016234,PC,12.3833,1735.02,density,medium,"the transit lasts 1.7x longer than any orbit around a star of the catalogued density allows (a blend, or a misclassified star)",False,
TOI 7572.01,237664324,APC,11.4961,5108.74,size,medium,implied size 2.0 Jupiter radii: too big for a planet on a 11-day orbit,False,
TOI 7598.01,185620819,PC,13.3173,9486.46,size,medium,implied size 1.9 Jupiter radii: too big for a planet on a 13-day orbit,False,
TOI 760.01,162362398,APC,12.3396,13386.1,size,medium,implied size 2.6 Jupiter radii: too big for a planet on a 12-day orbit,False,
TOI 7672.01,107779737,PC,1.0272,7681.1,size,medium,implied size 2.1 Jupiter radii: too big for a planet,False,
TOI 768.01,229811538,APC,11.5294,25630,size,medium,implied size 1.7 Jupiter radii: too big for a planet on a 12-day orbit,False,
TOI 7754.01,105712339,PC,23.7291,5556.11,size,medium,implied size 1.6 Jupiter radii: too big for a planet on a 24-day orbit,False,
TOI 785.01,374829238,PC,18.6286,570.253,density,medium,"the transit lasts 8.9x longer than any orbit around a star of the catalogued density allows (a blend, or a misclassified star)",False,
TOI 7873.01,229149738,PC,6.3404,7390.85,size,medium,implied size 2.2 Jupiter radii: too big for a planet,False,
TOI 7918.01,290355317,PC,16.1164,6573.58,size,medium,implied size 1.6 Jupiter radii: too big for a planet on a 16-day orbit,False,
TOI 830.01,281924357,PC,15.0405,17981.7,size,medium,implied size 2.1 Jupiter radii: too big for a planet on a 15-day orbit,False,
TOI 850.01,423670610,APC,10.321,58957.4,size,medium,implied size 3.0 Jupiter radii: too big for a planet on a 10-day orbit,False,
TOI 890.01,333607525,APC,3.2023,41820,size,medium,implied size 3.1 Jupiter radii: too big for a planet,False,
TOI 911.01,389070884,APC,8.58418,9234.78,size,medium,implied size 2.4 Jupiter radii: too big for a planet,False,
TOI 917.01,207237016,PC,26.4127,5967.22,size,medium,implied size 2.2 Jupiter radii: too big for a planet on a 26-day orbit,False,
TOI 919.01,150167117,APC,20.0273,17515.7,size,medium,implied size 2.1 Jupiter radii: too big for a planet on a 20-day orbit,False,
CTOI 206544316.04,206544316,PC,0.325694,73851.7,odd_even,low,odd and even transits differ by 8.6 sigma (6128 vs 8545 ppm),True,"1,2,28,29,68,69,95,96,103,104,105"
CTOI 290048573.01,290048573,PC,1.48286,3284.44,secondary,low,"secondary eclipse at phase 0.441: 3879 ppm (220% of the transit depth), SNR 14.5, 14 sigma deeper than a planet could make it",True,"1,28,68"
CTOI 332954788.01,332954788,PC,0.699831,507.4,odd_even,low,odd and even transits differ by 6.8 sigma (509 vs 7 ppm),True,"4,31"
CTOI 63817834.01,63817834,PC,4.5251,864.081,odd_even,low,odd and even transits differ by 5.0 sigma (866 vs 1950 ppm),True,"3,29,30"
TOI 1187.01,372757221,PC,2.5942,907,secondary,low,"secondary eclipse at phase 0.501: 260 ppm (34% of the transit depth), SNR 8.8, 8 sigma deeper than a planet could make it",True,"14,20,21,26,40,41,47,53,60,73,74"
TOI 2229.01,143410850,PC,4.98668,860,centroid,low,the star's image shifts during transit (7.1 sigma; the dimming source would be ~61 arcsec away),True,"13,27,67,94,104,105"
TOI 2390.01,369965258,PC,2.11929,1701.28,odd_even,low,odd and even transits differ by 7.8 sigma (1685 vs 1190 ppm),True,"1,2,28,29,68,69,95,96,102,103,104,105"
TOI 2772.01,435934762,PC,2.85043,23800,secondary,low,"secondary eclipse at phase 0.496: 1512 ppm (7% of the transit depth), SNR 8.8, 9 sigma deeper than a planet could make it",True,98
TOI 2889.01,355796887,PC,3.65791,32300,secondary,low,"secondary eclipse at phase 0.506: 1293 ppm (4% of the transit depth), SNR 9.6, 10 sigma deeper than a planet could make it",True,"62,64,89,90"
TOI 3243.01,209707800,PC,2.05191,10320,secondary,low,"secondary eclipse at phase 0.505: 748 ppm (7% of the transit depth), SNR 10.1, 10 sigma deeper than a planet could make it",True,"65,99,100,101,102"
TOI 3670.01,331854794,APC,2.19478,7174.21,odd_even,low,odd and even transits differ by 6.5 sigma (1412 vs 4152 ppm),True,"58,85"
TOI 4731.01,438368981,PC,1.45537,9810,secondary,low,"secondary eclipse at phase 0.504: 1587 ppm (12% of the transit depth), SNR 10.8, 11 sigma deeper than a planet could make it",True,"71,72,87"
TOI 5706.01,137843225,PC,0.357656,996.708,odd_even,low,odd and even transits differ by 7.1 sigma (-30 vs 167 ppm),True,"15,16,22,23,49,50,76,77"
TOI 6151.01,312289279,PC,1.43548,698,secondary,low,"secondary eclipse at phase 0.521: 321 ppm (79% of the transit depth), SNR 7.6, 3 sigma deeper than a planet could make it",True,"15,55,75,76,82,83"
TOI 801.01,177258735,PC,0.775701,44.1399,odd_even,low,odd and even transits differ by 6.2 sigma (33 vs 56 ppm),True,"1,2,3,4,6,7,8,9,10,11,12,13,27,28,29,30,31,32,33,34,36,37,38,39,61,62,63,64,66,67,68,87,88,89,90,93,94,95,96,97,98"
