sector,t0,depth_ppm,duration_h,expected_snr,measured_snr,recovered,top_ranked,det_t0,det_depth_ppm,det_duration_h,n_events
18,1809.3226930044086,50.0,1.0,0.38896797638975616,1.4645333749884648,False,False,nan,nan,nan,0
73,3296.9689388872753,50.0,1.0,0.43105193181759055,1.2793452977689197,False,False,nan,nan,nan,0
52,2740.5515402375604,50.0,1.0,0.3890096271109546,1.1846478837454104,False,False,nan,nan,nan,0
18,1807.690775307184,50.0,1.0,0.38896797638975616,0.6361050231698863,False,False,nan,nan,nan,0
23,1931.4700638967042,50.0,1.0,0.42372126797214205,1.616164591459329,False,False,nan,nan,nan,0
55,2823.6458423507133,50.0,1.0,0.37070866158070476,-0.5439638702210133,False,False,nan,nan,nan,0
77,3419.270805720657,50.0,1.0,0.43920666477905823,0.3440344417937716,False,False,nan,nan,nan,0
75,3362.487043885523,50.0,1.0,0.22204914619071425,0.7648067794257557,False,False,nan,nan,nan,1
54,2773.083659472587,50.0,1.0,0.37435897821720715,0.7287920269431502,False,False,nan,nan,nan,0
81,3517.138417864965,50.0,1.0,0.47239462219256306,1.647190971448301,False,False,nan,nan,nan,1
54,2779.130884972325,50.0,1.0,0.37435897821720715,-1.381200915242172,False,False,nan,nan,nan,0
22,1924.7727362706946,50.0,1.0,0.4073724794748468,1.4444278675174897,False,False,nan,nan,nan,0
78,3446.053196797218,50.0,1.0,0.1657695811205253,1.6044565794521206,False,False,nan,nan,nan,0
50,2688.261865655692,50.0,1.0,0.4113219867573278,0.4491576050937256,False,False,nan,nan,nan,0
56,2837.4928615654208,50.0,1.0,0.4427291653482322,2.441076604668331,False,False,nan,nan,nan,0
52,2725.7777515784655,50.0,1.0,0.3890096271109546,0.619047115442766,False,False,nan,nan,nan,0
18,1804.8186038943122,50.0,1.0,0.38896797638975616,1.1618225549793995,False,False,nan,nan,nan,0
82,3535.0008169190164,50.0,1.0,0.3938306977021253,1.7415522948334639,False,False,nan,nan,nan,0
81,3528.382804070861,50.0,1.0,0.47239462219256306,0.7141171890667407,False,False,nan,nan,nan,1
26,2026.2853233487865,50.0,1.0,0.3537027823140652,1.6880733772403425,False,False,nan,nan,nan,0
22,1920.7893383059459,50.0,1.0,0.4073724794748468,0.16028627611275728,False,False,nan,nan,nan,0
74,3322.771571678191,50.0,1.0,0.4023491874234903,1.3700871641551375,False,False,nan,nan,nan,0
16,1761.861039653443,50.0,1.0,0.41956801376108266,1.5339418183696072,False,False,nan,nan,nan,0
52,2741.1682143250005,50.0,1.0,0.3890096271109546,1.632779426520049,False,False,nan,nan,nan,0
74,3334.621576658708,50.0,1.0,0.4023491874234903,0.3849253915991638,False,False,nan,nan,nan,0
78,3437.9128020954363,50.0,1.0,0.1657695811205253,-0.4218476575076265,False,False,nan,nan,nan,0
49,2649.3653854941704,50.0,1.0,0.4332855080200618,1.3755460827694659,False,False,nan,nan,nan,0
54,2770.9878280827174,50.0,1.0,0.37435897821720715,0.4566214683362875,False,False,nan,nan,nan,0
56,2829.442973420069,50.0,1.0,0.4427291653482322,0.7489772654355908,False,False,nan,nan,nan,0
77,3417.8749461793363,50.0,1.0,0.43920666477905823,1.8366052968860869,False,False,nan,nan,nan,0
84,3605.0872351400294,50.0,1.0,0.4076101427092154,0.39007545039586955,False,False,nan,nan,nan,0
49,2663.689221059829,50.0,1.0,0.4332855080200618,2.6546899153831083,False,False,nan,nan,nan,0
51,2701.3107037088257,50.0,1.0,0.4284729477948758,1.9041768670422563,False,False,nan,nan,nan,0
83,3568.782333875712,50.0,1.0,0.4407002967004159,0.4947917426737168,False,False,nan,nan,nan,0
16,1748.607107629238,50.0,1.0,0.41956801376108266,1.6479269266149383,False,False,nan,nan,nan,0
79,3456.3894691654473,50.0,1.0,0.4025281026509916,-0.3205258180883723,False,False,nan,nan,nan,0
53,2747.1265977538387,50.0,1.0,0.3161684423122095,2.074869047333294,False,False,nan,nan,nan,0
74,3325.479909491314,50.0,1.0,0.4023491874234903,0.9666183583951772,False,False,nan,nan,nan,0
41,2425.765739499005,50.0,1.0,0.40900443921473684,1.0303163180477177,False,False,nan,nan,nan,0
56,2843.8469138477044,50.0,1.0,0.4427291653482322,2.6160074239190805,False,False,nan,nan,nan,0
84,3593.820781053073,50.0,1.0,0.4076101427092154,1.5123424603593276,False,False,nan,nan,nan,0
21,1893.4528990865201,50.0,1.0,0.41807155506983207,1.220147968914524,False,False,nan,nan,nan,0
60,2957.4439599964976,50.0,1.0,0.47793080099448065,1.2212899598402267,False,False,nan,nan,nan,0
18,1797.21317060468,50.0,1.0,0.38896797638975616,1.4884668321349617,False,False,nan,nan,nan,0
78,3449.3699183402746,50.0,1.0,0.1657695811205253,0.22449662529111772,False,False,nan,nan,nan,0
52,2739.590417675593,50.0,1.0,0.3890096271109546,0.5769684552473375,False,False,nan,nan,nan,0
81,3515.6925860056913,50.0,1.0,0.47239462219256306,1.452371520000415,False,False,nan,nan,nan,1
83,3566.8045848534994,50.0,1.0,0.4407002967004159,0.7150361063974089,False,False,nan,nan,nan,0
24,1974.1624642862375,50.0,1.0,0.42182933450772564,-0.4151096232192615,False,False,nan,nan,nan,0
60,2942.121792718678,50.0,1.0,0.47793080099448065,2.672630915627782,False,False,nan,nan,nan,0
80,3484.6869713015585,50.0,1.0,0.44132369366835356,1.4267936600340432,False,False,nan,nan,nan,0
79,3452.6880386079947,50.0,1.0,0.4025281026509916,1.0285848322429127,False,False,nan,nan,nan,0
79,3472.1354841947873,50.0,1.0,0.4025281026509916,2.248428106172282,False,False,nan,nan,nan,0
78,3446.4226471176753,50.0,1.0,0.1657695811205253,0.26922598395983904,False,False,nan,nan,nan,0
53,2761.880857445658,50.0,1.0,0.3161684423122095,0.5492348224684255,False,False,nan,nan,nan,0
26,2029.8797850472436,50.0,1.0,0.3537027823140652,2.479791546000871,False,False,nan,nan,nan,0
56,2837.9150776920756,50.0,1.0,0.4427291653482322,2.166161022550825,False,False,nan,nan,nan,0
54,2785.2461506424847,50.0,1.0,0.37435897821720715,0.5482478825787509,False,False,nan,nan,nan,0
15,1713.9645407034961,50.0,1.0,0.43572753084223037,2.3324959834515804,False,False,nan,nan,nan,0
25,1987.1640710352397,50.0,1.0,0.4156667221177414,1.8563923201232135,False,False,nan,nan,nan,0
52,2737.1459448494425,50.0,2.0,0.5125032936143554,2.0641879813106017,False,False,nan,nan,nan,0
73,3297.4731023024883,50.0,2.0,0.5791108017662068,3.1806677988656458,False,False,nan,nan,nan,0
81,3522.1342341700342,50.0,2.0,0.6327731976351749,1.7989067733561614,False,False,nan,nan,nan,1
16,1757.5152825491234,50.0,2.0,0.5381385737793587,2.6363099987821648,False,False,nan,nan,nan,0
58,2900.722278187151,50.0,2.0,0.5861090933576852,2.0661622156830397,False,False,nan,nan,nan,0
56,2840.695582680393,50.0,2.0,0.565180640843859,1.638026712345808,False,False,nan,nan,nan,0
18,1804.9130465908759,50.0,2.0,0.5089560427576496,1.247723979327864,False,False,nan,nan,nan,0
79,3458.7158864506355,50.0,2.0,0.5254149695160537,1.8698185376202596,False,False,nan,nan,nan,0
59,2912.8943177424203,50.0,2.0,0.5907594523701702,1.5009975356084326,False,False,nan,nan,nan,0
41,2431.115718211316,50.0,2.0,0.5220381789064852,2.511291114876989,False,False,nan,nan,nan,0
86,3645.278226233685,50.0,2.0,0.5901291705584676,2.8110057954134957,False,False,nan,nan,nan,0
26,2020.0088943772014,50.0,2.0,0.45252829699972336,1.0720634952132564,False,False,nan,nan,nan,0
86,3660.644717466805,50.0,2.0,0.5901291705584676,0.8707569318507413,False,False,nan,nan,nan,0
15,1715.7297982522775,50.0,2.0,0.5705302326178611,2.02326524171203,False,False,nan,nan,nan,0
80,3481.2883445118005,50.0,2.0,0.5689116835448987,1.4864454038032215,False,False,nan,nan,nan,0
81,3513.031479915615,50.0,2.0,0.6327731976351749,4.128206086052463,False,False,nan,nan,nan,1
83,3566.930971843338,50.0,2.0,0.6183236891253691,1.8736588932659324,False,False,nan,nan,nan,0
52,2737.030665763713,50.0,2.0,0.5125032936143554,2.0584255487794256,False,False,nan,nan,nan,0
20,1857.8666781090367,50.0,2.0,0.4938096096147789,3.0417166278083383,False,False,nan,nan,nan,0
54,2790.6072407094657,50.0,2.0,0.4847755699884517,1.8182596260391026,False,False,nan,nan,nan,0
86,3657.83224076782,50.0,2.0,0.5901291705584676,2.130376494069415,False,False,nan,nan,nan,0
51,2702.7287859592475,50.0,2.0,0.5959854265764365,1.6406042967841898,False,False,nan,nan,nan,0
51,2714.2595252373853,50.0,2.0,0.5959854265764365,1.4898764156712003,False,False,nan,nan,nan,0
40,2395.2032358332804,50.0,2.0,0.4195642539738687,1.2981834892520174,False,False,nan,nan,nan,0
41,2420.569930736573,50.0,2.0,0.5220381789064852,1.269979602962941,False,False,nan,nan,nan,0
18,1792.7368650435917,50.0,2.0,0.5089560427576496,2.6171648856089123,False,False,nan,nan,nan,0
78,3447.435163532736,50.0,2.0,0.17573155869412968,0.8700205168979019,False,False,nan,nan,nan,0
74,3325.1701868970645,50.0,2.0,0.503555434571853,0.47039292024341994,False,False,nan,nan,nan,0
75,3345.4535655771556,50.0,2.0,0.24758737412213952,2.17309257507002,False,False,nan,nan,nan,1
83,3572.150342827566,50.0,2.0,0.6183236891253691,1.823635425238686,False,False,nan,nan,nan,0
84,3587.7250630847225,50.0,2.0,0.5078609293622864,2.026634120364404,False,False,nan,nan,nan,0
54,2788.4183593621397,50.0,2.0,0.4847755699884517,0.5618892577181455,False,False,nan,nan,nan,0
54,2781.005886641954,50.0,2.0,0.4847755699884517,2.1123740986068893,False,False,nan,nan,nan,0
22,1909.1850134790352,50.0,2.0,0.5108250421378617,1.7795591075711736,False,False,nan,nan,nan,0
24,1963.4553354746013,50.0,2.0,0.5879231911052218,0.5527767766129247,False,False,nan,nan,nan,0
74,3331.1437906934457,50.0,2.0,0.503555434571853,-0.06562470513626273,False,False,nan,nan,nan,0
59,2920.235890021741,50.0,2.0,0.5907594523701702,1.6627457387498772,False,False,nan,nan,nan,0
85,3615.6078751206646,50.0,2.0,0.497533199510282,2.5132121273369723,False,False,nan,nan,nan,0
41,2422.994918225826,50.0,2.0,0.5220381789064852,2.883888118292021,False,False,nan,nan,nan,0
41,2445.6100456771005,50.0,2.0,0.5220381789064852,1.3088581801010777,False,False,nan,nan,nan,0
49,2662.5530885735543,50.0,2.0,0.6004224025109185,3.0264965120655947,False,False,nan,nan,nan,0
54,2788.5030812750792,50.0,2.0,0.4847755699884517,0.48262955776848654,False,False,nan,nan,nan,0
52,2726.468039402479,50.0,2.0,0.5125032936143554,0.9738265619064055,False,False,nan,nan,nan,0
78,3451.7810701911317,50.0,2.0,0.17573155869412968,2.658939499632314,False,False,nan,nan,nan,0
25,2004.4281874597075,50.0,2.0,0.5644202651747041,2.1679055374776692,False,False,nan,nan,nan,0
25,2003.067060286957,50.0,2.0,0.5644202651747041,0.18401841309960854,False,False,nan,nan,nan,0
79,3465.059030354376,50.0,2.0,0.5254149695160537,1.667958216382665,False,False,nan,nan,nan,0
77,3400.354259035223,50.0,2.0,0.5602994737408604,1.6653559064575305,False,False,nan,nan,nan,0
16,1740.703071952479,50.0,2.0,0.5381385737793587,1.7465557841963555,False,False,nan,nan,nan,0
52,2741.3376608169665,50.0,2.0,0.5125032936143554,0.9829456782423537,False,False,nan,nan,nan,0
20,1853.7986342361176,50.0,2.0,0.4938096096147789,0.06433464084743479,False,False,nan,nan,nan,0
75,3346.632739415918,50.0,2.0,0.24758737412213952,-0.5166939300274251,False,False,nan,nan,nan,1
75,3349.0522025549976,50.0,2.0,0.24758737412213952,0.4882809117975418,False,False,nan,nan,nan,1
79,3467.91183715287,50.0,2.0,0.5254149695160537,2.398056922515776,False,False,nan,nan,nan,0
56,2830.051297786979,50.0,2.0,0.565180640843859,1.7935375708804022,False,False,nan,nan,nan,0
53,2765.532263115827,50.0,2.0,0.37364092118528164,2.0348994299418943,False,False,nan,nan,nan,0
14,1701.8354701262776,50.0,2.0,0.4300259545615046,2.5782674538226464,False,False,nan,nan,nan,0
54,2788.993357295248,50.0,2.0,0.4847755699884517,-0.05502033565180154,False,False,nan,nan,nan,0
73,3296.86338402405,50.0,2.0,0.5791108017662068,1.1433677559087427,False,False,nan,nan,nan,0
40,2408.692161773456,50.0,2.0,0.4195642539738687,1.5561359273984852,False,False,nan,nan,nan,0
21,1886.98340815733,50.0,4.0,0.734871916352317,2.5285349105626187,False,False,nan,nan,nan,0
18,1806.7380138527385,50.0,4.0,0.6186388197830506,2.6804871959039396,False,False,nan,nan,nan,0
60,2941.174576703024,50.0,4.0,0.921809982687052,2.1184272516945,False,False,nan,nan,nan,0
78,3441.805911470084,50.0,4.0,0.1809225339271177,2.074191935520865,False,False,nan,nan,nan,0
79,3453.3838801119123,50.0,4.0,0.6580522418009838,1.0825598862722883,False,False,nan,nan,nan,0
22,1911.843386868014,50.0,4.0,0.6434452110961884,2.681866374800345,False,False,nan,nan,nan,0
22,1907.9822193578161,50.0,4.0,0.6434452110961884,1.368983177705096,False,False,nan,nan,nan,0
73,3292.1537010498787,50.0,4.0,0.7332277600388971,3.5362220955939856,False,False,nan,nan,nan,0
74,3316.9479688808174,50.0,4.0,0.6551670874308796,1.2269168269277273,False,False,nan,nan,nan,0
22,1916.736504337132,50.0,4.0,0.6434452110961884,2.143527753014028,False,False,nan,nan,nan,0
79,3456.006131390207,50.0,4.0,0.6580522418009838,1.2441388133607658,False,False,nan,nan,nan,0
40,2416.815773920679,50.0,4.0,0.5132810153261708,1.7119356269233148,False,False,nan,nan,nan,0
86,3656.593364702524,50.0,4.0,0.8349492192306266,0.17478911084567425,False,False,nan,nan,nan,0
52,2727.9138941105803,50.0,4.0,0.6912631524900428,2.702721731322649,False,False,nan,nan,nan,0
59,2927.6719126423513,50.0,4.0,0.8155611661353961,1.535253144501303,False,False,nan,nan,nan,0
26,2010.8088171558002,50.0,4.0,0.5720668407954814,1.7527561760583106,False,False,nan,nan,nan,0
21,1896.7043225038565,50.0,4.0,0.734871916352317,2.937645355405184,False,False,nan,nan,nan,0
51,2704.066311562402,50.0,4.0,0.7574111974840625,1.5343949342261152,False,False,nan,nan,nan,0
53,2763.757254713998,50.0,4.0,0.42269182199107475,1.5957694142893013,False,False,nan,nan,nan,0
16,1740.4141881993078,50.0,4.0,0.7567074271793555,1.8325302549304945,False,False,nan,nan,nan,0
26,2021.9075243452278,50.0,4.0,0.5720668407954814,1.5343773988839366,False,False,nan,nan,nan,0
73,3297.780044781251,50.0,4.0,0.7332277600388971,3.6641854881795566,False,False,nan,nan,nan,0
52,2741.966835105217,50.0,4.0,0.6912631524900428,1.8273902066452226,False,False,nan,nan,nan,0
21,1886.662573292531,50.0,4.0,0.734871916352317,2.024671183779338,False,False,nan,nan,nan,0
56,2838.30951609704,50.0,4.0,0.6672756664152704,2.521439570390263,False,False,nan,nan,nan,0
79,3457.964488124913,50.0,4.0,0.6580522418009838,1.6051729296774488,False,False,nan,nan,nan,0
85,3620.073074046536,50.0,4.0,0.6220471141343236,1.4966359702095298,False,False,nan,nan,nan,0
56,2839.803933414022,50.0,4.0,0.6672756664152704,2.0168772421494334,False,False,nan,nan,nan,0
81,3516.874529169692,50.0,4.0,0.8847908034440564,2.0783986075133,False,False,nan,nan,nan,1
26,2010.7810391773944,50.0,4.0,0.5720668407954814,2.0025244431467795,False,False,nan,nan,nan,0
49,2660.9683372060954,50.0,4.0,0.7808717642772889,2.370892313089596,False,False,nan,nan,nan,0
14,1704.3160072701673,50.0,4.0,0.5087151912873134,0.9843731051784771,False,False,nan,nan,nan,0
56,2829.0624235457867,50.0,4.0,0.6672756664152704,1.381491240464111,False,False,nan,nan,nan,0
40,2406.6977185912456,50.0,4.0,0.5132810153261708,0.5903847271496523,False,False,nan,nan,nan,0
40,2393.6115626452183,50.0,4.0,0.5132810153261708,1.9816472010638764,False,False,nan,nan,nan,0
73,3307.524407630919,50.0,4.0,0.7332277600388971,0.911709703345245,False,False,nan,nan,nan,0
20,1849.484759953386,50.0,4.0,0.5654939581388425,2.3741102775146303,False,False,nan,nan,nan,0
25,2001.783712093422,50.0,4.0,0.6723433410298952,0.682490361487555,False,False,nan,nan,nan,0
77,3418.6596829991363,50.0,4.0,0.7062557603602609,2.3791871362133414,False,False,nan,nan,nan,0
84,3605.5788928485576,50.0,4.0,0.5919976632586805,3.025949245928697,False,False,nan,nan,nan,0
40,2393.587951442272,50.0,4.0,0.5132810153261708,2.378131419406533,False,False,nan,nan,nan,0
59,2934.880185847211,50.0,4.0,0.8155611661353961,1.8023341804376078,False,False,nan,nan,nan,0
86,3645.511556705973,50.0,4.0,0.8349492192306266,0.90157025580928,False,False,nan,nan,nan,0
24,1956.742724845838,50.0,4.0,0.7593988449288187,2.979074644007612,False,False,nan,nan,nan,0
21,1886.2250713421058,50.0,4.0,0.734871916352317,1.1771751441823797,False,False,nan,nan,nan,0
56,2835.5276104609316,50.0,4.0,0.6672756664152704,2.406159082703297,False,False,nan,nan,nan,0
40,2414.219939846982,50.0,4.0,0.5132810153261708,2.354233223742306,False,False,nan,nan,nan,0
53,2764.3697575714923,50.0,4.0,0.42269182199107475,0.9106158152532079,False,False,nan,nan,nan,0
85,3619.8355778520204,50.0,4.0,0.6220471141343236,2.200036798069146,False,False,nan,nan,nan,0
23,1953.880178083986,50.0,4.0,0.8267308085122185,0.9965984747319234,False,False,nan,nan,nan,0
60,2944.9370566358552,50.0,4.0,0.921809982687052,2.5737266258433866,False,False,nan,nan,nan,0
60,2948.7801023873567,50.0,4.0,0.921809982687052,2.7768880711179564,False,False,nan,nan,nan,0
83,3566.025430059201,50.0,4.0,0.8715644755948008,3.1219788033134024,False,False,nan,nan,nan,0
86,3661.873876332131,50.0,4.0,0.8349492192306266,2.0620221104197367,False,False,nan,nan,nan,0
22,1904.0196720246545,50.0,4.0,0.6434452110961884,1.3004973382450122,False,False,nan,nan,nan,0
55,2798.240535264525,50.0,4.0,0.6361642405856217,2.0509210657397863,False,False,nan,nan,nan,0
40,2402.526880209345,50.0,4.0,0.5132810153261708,2.5920328455628403,False,False,nan,nan,nan,0
85,3635.9186499962457,50.0,4.0,0.6220471141343236,-0.07452546651208342,False,False,nan,nan,nan,0
21,1894.9820809148282,50.0,4.0,0.734871916352317,2.5376656333363266,False,False,nan,nan,nan,0
18,1808.797701439981,50.0,4.0,0.6186388197830506,1.6592325417221159,False,False,nan,nan,nan,0
81,3529.8341853180514,50.0,8.0,1.1424450555086048,2.2510989405232733,False,False,nan,nan,nan,0
24,1979.548664158438,50.0,8.0,1.0427103221298533,3.0043576183479708,False,False,nan,nan,nan,0
20,1856.9083495624684,50.0,8.0,0.6356792925154037,1.3426085337782376,False,False,nan,nan,nan,0
53,2751.6085779484592,50.0,8.0,0.492219201853357,1.8542058396915917,False,False,nan,nan,nan,0
14,1702.0826904894336,50.0,8.0,0.607959471902125,1.8145732325120214,False,False,nan,nan,nan,0
41,2437.9587181577585,50.0,8.0,0.9292485180287201,2.3978242296324748,False,False,nan,nan,nan,0
51,2702.152386143872,50.0,8.0,1.0754393696054725,2.6043925018431264,False,False,nan,nan,nan,0
82,3535.773030524614,50.0,8.0,0.8443119020642528,2.2373523558499224,False,False,nan,nan,nan,0
77,3419.01385636884,50.0,8.0,0.796928048896106,1.8419061924988205,False,False,nan,nan,nan,0
50,2673.5866049616834,50.0,8.0,0.8418990296056553,1.110541271998901,False,False,nan,nan,nan,0
14,1705.043779768526,50.0,8.0,0.607959471902125,2.249600463650606,False,False,nan,nan,nan,0
85,3618.57448772978,50.0,8.0,0.8580267516565695,2.8312381231583688,False,False,nan,nan,nan,0
15,1713.6464888441985,50.0,8.0,1.1153968535844674,2.493688981275899,False,False,nan,nan,nan,0
16,1758.9235902338448,50.0,8.0,1.0462733081141344,1.4440940691098902,False,False,nan,nan,nan,0
83,3563.3588060045095,50.0,8.0,1.1431659713569744,2.6048667550781093,False,False,nan,nan,nan,0
77,3398.6917335151975,50.0,8.0,0.796928048896106,2.8787998160739607,False,False,nan,nan,nan,0
49,2656.5835410574705,50.0,8.0,1.0033346384026747,2.2624345699893182,False,False,nan,nan,nan,0
75,3364.553737437184,50.0,8.0,0.31325953359556064,1.629230339214532,False,False,nan,nan,nan,1
15,1715.0228618536464,50.0,8.0,1.1153968535844674,2.5400611497400516,False,False,nan,nan,nan,0
26,2017.6741511213443,50.0,8.0,0.7708564710395286,1.4399492386312627,False,False,nan,nan,nan,0
86,3659.5141702493183,50.0,8.0,0.9890384254370771,1.7619947215251044,False,False,nan,nan,nan,0
40,2418.0879964014775,50.0,8.0,0.6852064181767117,2.0532228059306674,False,False,nan,nan,nan,0
54,2783.5558828680328,50.0,8.0,0.7380737030042371,1.4743342991911235,False,False,nan,nan,nan,0
52,2724.2805079593004,50.0,8.0,0.8433293660730793,1.4568064497983417,False,False,nan,nan,nan,0
84,3584.8765104839435,50.0,8.0,0.6726908316116861,2.3191001374427445,False,False,nan,nan,nan,0
22,1905.590522964012,50.0,8.0,0.8107577895437861,1.5141790907727397,False,False,nan,nan,nan,0
26,2013.396337216295,50.0,8.0,0.7708564710395286,1.225839860263377,False,False,nan,nan,nan,0
14,1700.374370106658,50.0,8.0,0.607959471902125,1.4713782285543087,False,False,nan,nan,nan,0
85,3616.213419140056,50.0,8.0,0.8580267516565695,1.4720695465818787,False,False,nan,nan,nan,0
26,2023.30614441393,50.0,8.0,0.7708564710395286,2.009067561191298,False,False,nan,nan,nan,0
84,3603.831703182147,50.0,8.0,0.6726908316116861,1.2686459131798677,False,False,nan,nan,nan,0
78,3444.7184538439865,50.0,8.0,0.20144482091357807,1.2251092033540463,False,False,nan,nan,nan,0
51,2699.0884410119997,50.0,8.0,1.0754393696054725,3.0409345751953767,False,False,nan,nan,nan,0
81,3527.842529365063,50.0,8.0,1.1424450555086048,2.297091590061291,False,False,nan,nan,nan,1
14,1701.047976081458,50.0,8.0,0.607959471902125,2.209082164488689,False,False,nan,nan,nan,0
18,1808.6004824284944,50.0,8.0,0.7843658572269657,1.9360150543402423,False,False,nan,nan,nan,0
80,3483.0341855561537,50.0,8.0,0.8126459640272913,2.2179564938503975,False,False,nan,nan,nan,0
52,2723.920780685963,50.0,8.0,0.8433293660730793,1.3980434462653597,False,False,nan,nan,nan,0
56,2851.045408133826,50.0,8.0,0.8098750473255896,1.8419153874845327,False,False,nan,nan,nan,0
16,1747.093242059612,50.0,8.0,1.0462733081141344,2.1805137649435586,False,False,nan,nan,nan,0
86,3646.5629333710704,50.0,8.0,0.9890384254370771,2.522274184344909,False,False,nan,nan,nan,0
20,1854.6069670100615,50.0,8.0,0.6356792925154037,1.4112134250902473,False,False,nan,nan,nan,0
54,2787.5864180560925,50.0,8.0,0.7380737030042371,2.313835157982218,False,False,nan,nan,nan,0
40,2417.6463297054274,50.0,8.0,0.6852064181767117,1.3010428134936556,False,False,nan,nan,nan,0
55,2804.3821527778673,50.0,8.0,0.8057625801934188,1.227314189179659,False,False,nan,nan,nan,0
85,3634.8006084789185,50.0,8.0,0.8580267516565695,2.1656443052576786,False,False,nan,nan,nan,0
54,2770.5169957883672,50.0,8.0,0.7380737030042371,2.1891729614134534,False,False,nan,nan,nan,0
59,2926.9038660046303,50.0,8.0,1.0651654750227446,2.9213417901512404,False,False,nan,nan,nan,0
21,1888.3167487139358,50.0,8.0,1.0501135478479184,2.279744365735328,False,False,nan,nan,nan,0
81,3508.9884365447083,50.0,8.0,1.1424450555086048,2.310635371703091,False,False,nan,nan,nan,1
75,3344.963285204656,50.0,8.0,0.31325953359556064,2.4480690428366407,False,False,nan,nan,nan,1
77,3403.194584883841,50.0,8.0,0.796928048896106,2.416280300257315,False,False,nan,nan,nan,0
14,1709.6020835158195,50.0,8.0,0.607959471902125,0.35880656973836744,False,False,nan,nan,nan,0
22,1916.9365068807933,50.0,8.0,0.8107577895437861,1.8125340104748824,False,False,nan,nan,nan,0
22,1924.919961090946,50.0,8.0,0.8107577895437861,1.4575069562311709,False,False,nan,nan,nan,0
77,3420.0430429132225,50.0,8.0,0.796928048896106,2.477084284660349,False,False,nan,nan,nan,0
51,2703.8024176224026,50.0,8.0,1.0754393696054725,2.5379162310889347,False,False,nan,nan,nan,0
60,2958.892571959264,50.0,8.0,1.2026513546891409,2.4964577999169375,False,False,nan,nan,nan,0
81,3506.9634420012694,50.0,8.0,1.1424450555086048,3.8753833041681878,False,False,nan,nan,nan,1
73,3291.5898181075545,50.0,8.0,0.9586736661409244,1.7939336558457681,False,False,nan,nan,nan,0
26,2031.0270130866531,50.0,16.0,1.1529531263667496,2.940074998781963,False,False,nan,nan,nan,0
25,2004.819858811946,50.0,16.0,1.009652047147426,2.939633604384182,False,False,nan,nan,nan,0
53,2749.594672410949,50.0,16.0,0.5781943868263718,3.236769381870985,False,False,nan,nan,nan,0
41,2434.626804074654,50.0,16.0,1.3092534246807719,2.4424047452441497,False,False,nan,nan,nan,0
78,3445.1559605522075,50.0,16.0,0.27590592230674627,1.287416083139277,False,False,nan,nan,nan,0
84,3607.6177464798016,50.0,16.0,0.7686739356960133,2.8169712733422014,False,False,nan,nan,nan,0
77,3406.4863138510445,50.0,16.0,0.9758044230995019,2.4435334030505933,False,False,nan,nan,nan,0
26,2020.1075064136546,50.0,16.0,1.1529531263667496,1.9175334774897166,False,False,nan,nan,nan,0
20,1851.788916829886,50.0,16.0,0.7890574259811113,1.8772084657098453,False,False,nan,nan,nan,0
84,3593.5874517381703,50.0,16.0,0.7686739356960133,2.0873405719154814,False,False,nan,nan,nan,0
20,1860.2125028835073,50.0,16.0,0.7890574259811113,1.5137670115107393,False,False,nan,nan,nan,0
85,3633.852009557342,50.0,16.0,1.242381416904883,1.919204794769406,False,False,nan,nan,nan,0
26,2021.1158495048576,50.0,16.0,1.1529531263667496,2.855616019630969,False,False,nan,nan,nan,0
55,2803.3918821949183,50.0,16.0,1.065356735923741,3.6023543866142034,False,False,nan,nan,nan,0
25,1989.8891094221678,50.0,16.0,1.009652047147426,4.689230055664039,False,False,nan,nan,nan,0
86,3659.04750743506,50.0,16.0,1.2416931715105564,2.689367473704178,False,False,nan,nan,nan,0
81,3528.1286388353915,50.0,16.0,1.6896788159960139,1.9824478775133094,False,False,nan,nan,nan,1
85,3615.9050916493493,50.0,16.0,1.242381416904883,2.377741065047125,False,False,nan,nan,nan,0
82,3535.070260585689,50.0,16.0,1.0454782405872702,3.1710246648640976,False,False,nan,nan,nan,0
53,2759.2197362167262,50.0,16.0,0.5781943868263718,1.574860452099798,False,False,nan,nan,nan,0
49,2643.1777897983056,50.0,16.0,1.291302675280331,2.699383742555037,False,False,nan,nan,nan,0
23,1951.1815143480906,50.0,16.0,1.5804400675141108,2.0426084351976135,False,False,nan,nan,nan,0
40,2399.129642192014,50.0,16.0,0.9826833169258054,2.33211319120191,False,False,nan,nan,nan,0
84,3587.5514555536083,50.0,16.0,0.7686739356960133,2.8779760718815743,False,False,nan,nan,nan,0
83,3582.473769276311,50.0,16.0,1.578857219390355,3.2177811288280416,False,False,nan,nan,nan,0
59,2915.7914977573555,50.0,16.0,1.312864143838505,3.487809572032228,False,False,nan,nan,nan,0
21,1877.931966227669,50.0,16.0,1.2504558895961808,1.3605329648942093,False,False,nan,nan,nan,0
58,2887.073902466896,50.0,16.0,1.3930557370752792,3.4561078144552124,False,False,nan,nan,nan,0
52,2723.772167499435,50.0,16.0,1.2461297605348205,1.5860483575226862,False,False,nan,nan,nan,0
55,2797.637763421211,50.0,16.0,1.065356735923741,0.9501364205128696,False,False,nan,nan,nan,0
75,3341.077161853024,50.0,16.0,0.3761074820572337,11.403349953463442,True,True,3341.1382703760014,1878.3930196999263,4.0,1
23,1933.1617569584887,50.0,16.0,1.5804400675141108,2.409322895532473,False,False,nan,nan,nan,0
80,3481.1702884082497,50.0,16.0,1.0188376077385275,2.35018826280187,False,False,nan,nan,nan,0
51,2710.324738452236,50.0,16.0,1.5529790604169742,2.038994762035149,False,False,nan,nan,nan,0
55,2815.7723169031574,50.0,16.0,1.065356735923741,1.8814805762028253,False,False,nan,nan,nan,0
79,3463.9256807078414,50.0,16.0,1.0076441303906156,1.8120063057531905,False,False,nan,nan,nan,0
80,3487.742544251069,50.0,16.0,1.0188376077385275,2.76865246089806,False,False,nan,nan,nan,0
86,3649.8712321791295,50.0,16.0,1.2416931715105564,1.3026427458059535,False,False,nan,nan,nan,0
77,3421.3069569720124,50.0,16.0,0.9758044230995019,3.84568844125438,False,False,nan,nan,nan,0
79,3476.6508076125738,50.0,16.0,1.0076441303906156,1.6158136220862642,False,False,nan,nan,nan,0
55,2798.2044244998638,50.0,16.0,1.065356735923741,2.7655974171499746,False,False,nan,nan,nan,0
54,2774.4114373308535,50.0,16.0,0.9401885355630127,3.3646281471203547,False,False,nan,nan,nan,0
82,3539.5813239498602,50.0,16.0,1.0454782405872702,1.3946157450699261,False,False,nan,nan,nan,0
24,1962.1233676849274,50.0,16.0,1.5986090484819675,4.295955568742713,False,False,nan,nan,nan,0
60,2949.742599536895,50.0,16.0,1.4950041936824872,1.6498263269355466,False,False,nan,nan,nan,0
85,3621.474441489419,50.0,16.0,1.242381416904883,2.1342936594257926,False,False,nan,nan,nan,0
26,2011.4310439766966,50.0,16.0,1.1529531263667496,2.7007060480311704,False,False,nan,nan,nan,0
14,1690.159134439076,50.0,16.0,0.7538613730901077,1.8955108442267568,False,False,nan,nan,nan,0
84,3600.3220520702553,50.0,16.0,0.7686739356960133,2.6715674657127213,False,False,nan,nan,nan,0
83,3562.115771308791,50.0,16.0,1.578857219390355,3.338876977239003,False,False,nan,nan,nan,0
18,1810.521285485938,50.0,16.0,1.0370686963579683,1.5656455120143509,False,False,nan,nan,nan,0
18,1791.9688248498626,50.0,16.0,1.0370686963579683,2.154405605907443,False,False,nan,nan,nan,0
50,2690.1327358352046,50.0,16.0,1.2188112762781347,3.677806457789628,False,False,nan,nan,nan,0
74,3316.8521359582105,50.0,16.0,1.005201660963424,2.109361918676204,False,False,nan,nan,nan,0
80,3501.817594513438,50.0,16.0,1.0188376077385275,2.339252564002455,False,False,nan,nan,nan,0
79,3477.698041476675,50.0,16.0,1.0076441303906156,2.7928866956312812,False,False,nan,nan,nan,0
24,1981.7625929772157,50.0,16.0,1.5986090484819675,2.7375690444918743,False,False,nan,nan,nan,0
40,2413.4629952380446,50.0,16.0,0.9826833169258054,2.0026136581642047,False,False,nan,nan,nan,0
58,2904.5444401987247,50.0,16.0,1.3930557370752792,3.563967176450042,False,False,nan,nan,nan,0
60,2956.238404994067,50.0,16.0,1.4950041936824872,3.9863381177225636,False,False,nan,nan,nan,0
59,2931.9329836486268,50.0,24.0,1.4390970608870277,3.73463396069687,False,False,nan,nan,nan,0
77,3397.890333015543,50.0,24.0,1.4041836735444044,2.994999058757204,False,False,nan,nan,nan,0
80,3494.2273070711526,50.0,24.0,1.2489053791692917,1.6862089728595016,False,False,nan,nan,nan,0
40,2405.612997993395,50.0,24.0,1.4854287206016572,1.917964285680939,False,False,nan,nan,nan,0
85,3633.688122859567,50.0,24.0,1.505670307829063,1.811947393805463,False,False,nan,nan,nan,0
80,3492.2259094217807,50.0,24.0,1.2489053791692917,1.848161295022312,False,False,nan,nan,nan,0
79,3463.7520670487693,50.0,24.0,1.1569794956998256,2.2999807792981906,False,False,nan,nan,nan,0
74,3331.35073529202,50.0,24.0,1.1621636956601433,1.9980366063319492,False,False,nan,nan,nan,0
25,1990.5391188268616,50.0,24.0,1.1253600036274929,3.079529307906666,False,False,nan,nan,nan,0
16,1741.6266668028009,50.0,24.0,2.2508879450360304,3.733672678042805,False,False,nan,nan,nan,0
52,2730.2542069686924,50.0,24.0,1.4673494690601052,1.2377412759564632,False,False,nan,nan,nan,0
22,1910.032247834245,50.0,24.0,1.0074335349388341,2.248081349850872,False,False,nan,nan,nan,0
59,2917.4498100241544,50.0,24.0,1.4390970608870277,2.807803261739007,False,False,nan,nan,nan,0
41,2429.354613939118,50.0,24.0,1.7368206133902384,2.893117742995966,False,False,nan,nan,nan,0
54,2779.021162650893,50.0,24.0,1.0899530028071602,2.0273673522997404,False,False,nan,nan,nan,0
77,3401.3417751253655,50.0,24.0,1.4041836735444044,3.2047336417017602,False,False,nan,nan,nan,0
52,2728.4958472738585,50.0,24.0,1.4673494690601052,2.8171149780401326,False,False,nan,nan,nan,0
22,1919.0782023159027,50.0,24.0,1.0074335349388341,3.2853017019386273,False,False,nan,nan,nan,0
24,1963.333111083307,50.0,24.0,1.9021978494509404,3.311825292178025,False,False,nan,nan,nan,0
79,3478.635551920207,50.0,24.0,1.1569794956998256,2.845866578786031,False,False,nan,nan,nan,0
73,3311.341062203344,50.0,24.0,1.757258342731554,2.5385744586429633,False,False,nan,nan,nan,0
81,3520.1953584319035,50.0,24.0,2.388929408763285,1.652678319644364,False,False,nan,nan,nan,1
78,3440.2670017882388,50.0,24.0,0.35307110957583293,1.329894909370821,False,False,nan,nan,nan,0
53,2757.8016772138267,50.0,24.0,0.6988791272907281,2.725608360726976,False,False,nan,nan,nan,0
85,3633.5395137584965,50.0,24.0,1.505670307829063,1.8070480751811595,False,False,nan,nan,nan,0
54,2787.332252390383,50.0,24.0,1.0899530028071602,2.2121591733600936,False,False,nan,nan,nan,0
23,1950.7551175314454,50.0,24.0,2.0389654238603394,3.0460976700853553,False,False,nan,nan,nan,0
56,2840.130315907452,50.0,24.0,0.9979955082522983,1.8738768885434711,False,False,nan,nan,nan,0
78,3445.8601381942144,50.0,24.0,0.35307110957583293,1.6024781558245598,False,False,nan,nan,nan,0
16,1744.7724464586024,50.0,24.0,2.2508879450360304,3.5000581452327104,False,False,nan,nan,nan,0
22,1920.2337744927436,50.0,24.0,1.0074335349388341,2.66209222987116,False,False,nan,nan,nan,0
15,1715.1325828224578,50.0,24.0,1.8872052393928962,2.449129797372132,False,False,nan,nan,nan,0
59,2929.9066120333437,50.0,24.0,1.4390970608870277,4.146084097200309,False,False,nan,nan,nan,0
54,2792.516956872123,50.0,24.0,1.0899530028071602,1.699501746954125,False,False,nan,nan,nan,0
84,3587.3084050352513,50.0,24.0,0.8601996539130026,2.828490251239564,False,False,nan,nan,nan,0
85,3629.4465215485593,50.0,24.0,1.505670307829063,1.1520437320409074,False,False,nan,nan,nan,0
60,2941.356519888216,50.0,24.0,1.78099073970022,3.3106038390338917,False,False,nan,nan,nan,0
60,2957.88007119445,50.0,24.0,1.78099073970022,3.52801702952234,False,False,nan,nan,nan,0
58,2885.3489356116593,50.0,24.0,1.7059605579952557,3.3997762864895886,False,False,nan,nan,nan,0
55,2822.2639133048074,50.0,24.0,1.2404067398666014,4.795791266806697,False,False,nan,nan,nan,0
75,3344.8938404115183,50.0,24.0,0.511946237044126,2.3935028846437825,False,False,nan,nan,nan,1
85,3635.3644903822374,50.0,24.0,1.505670307829063,2.132587702812594,False,False,nan,nan,nan,0
22,1921.8004648946003,50.0,24.0,1.0074335349388341,1.8252263909636148,False,False,nan,nan,nan,0
51,2710.369183597204,50.0,24.0,1.6462883318009855,1.9877491970143863,False,False,nan,nan,nan,0
52,2739.1959685759302,50.0,24.0,1.4673494690601052,2.6398076779618402,False,False,nan,nan,nan,0
86,3659.7766681876114,50.0,24.0,1.2829796372529474,2.193227610601677,False,False,nan,nan,nan,0
84,3609.2302209844233,50.0,24.0,0.8601996539130026,2.9061194153766237,False,False,nan,nan,nan,0
18,1796.029858270096,50.0,24.0,1.1865225443749785,2.2409662504823467,False,False,nan,nan,nan,0
75,3357.698107061816,50.0,24.0,0.511946237044126,2.566024964956872,False,False,nan,nan,nan,1
15,1713.1312170911424,50.0,24.0,1.8872052393928962,4.0059308936328035,False,False,nan,nan,nan,0
55,2814.1348362465365,50.0,24.0,1.2404067398666014,2.327847025976551,False,False,nan,nan,nan,0
22,1904.176618159272,50.0,24.0,1.0074335349388341,2.5816746883684965,False,False,nan,nan,nan,0
20,1858.0611216781615,50.0,24.0,0.8986395554061309,2.9449142004154654,False,False,nan,nan,nan,0
14,1698.4841069676143,50.0,24.0,0.9068399010864877,2.4024288376359544,False,False,nan,nan,nan,0
53,2755.214164441347,50.0,24.0,0.6988791272907281,1.6594541335020745,False,False,nan,nan,nan,0
74,3326.7424084829613,50.0,24.0,1.1621636956601433,2.8208526958201112,False,False,nan,nan,nan,0
75,3361.9703710642993,50.0,24.0,0.511946237044126,2.410103122590067,False,False,nan,nan,nan,1
84,3606.208048298294,50.0,24.0,0.8601996539130026,2.607522679310873,False,False,nan,nan,nan,0
55,2810.9876553798363,50.0,24.0,1.2404067398666014,3.9387984561545286,False,False,nan,nan,nan,0
24,1972.04576511495,50.0,24.0,1.9021978494509404,3.404015072814354,False,False,nan,nan,nan,0
21,1896.00292539888,100.0,1.0,0.8361431101396641,-0.059431177986959065,False,False,nan,nan,nan,0
81,3509.306490984994,100.0,1.0,0.9447892443851261,0.8471893916026364,False,False,nan,nan,nan,1
79,3454.918619145863,100.0,1.0,0.8050562053019832,1.4814599109480984,False,False,nan,nan,nan,0
75,3343.7341130677,100.0,1.0,0.4440982923814285,3.3815994847573085,False,False,nan,nan,nan,1
54,2787.4628074290154,100.0,1.0,0.7487179564344143,1.0491802668739978,False,False,nan,nan,nan,0
75,3351.681395017259,100.0,1.0,0.4440982923814285,1.6180002519488466,False,False,nan,nan,nan,1
84,3605.6955574139974,100.0,1.0,0.8152202854184308,3.1069222219690444,False,False,nan,nan,nan,0
23,1947.9203446869024,100.0,1.0,0.8474425359442841,0.7385828968688474,False,False,nan,nan,nan,0
77,3401.451499177127,100.0,1.0,0.8784133295581165,0.9776152096307297,False,False,nan,nan,nan,0
77,3421.731965581747,100.0,1.0,0.8784133295581165,2.360654595039504,False,False,nan,nan,nan,0
80,3499.662034615174,100.0,1.0,0.8826473873367071,2.4559945502593856,False,False,nan,nan,nan,0
60,2944.5884468973422,100.0,1.0,0.9558616019889613,2.202543406537027,False,False,nan,nan,nan,0
79,3463.327060821567,100.0,1.0,0.8050562053019832,1.5254404156341506,False,False,nan,nan,nan,0
55,2805.0918699251883,100.0,1.0,0.7414173231614095,1.5340137261643216,False,False,nan,nan,nan,0
40,2394.9462903006724,100.0,1.0,0.6899803103179318,1.3515969055058705,False,False,nan,nan,nan,0
85,3616.8134079580836,100.0,1.0,0.7778250862545977,0.5159274630917879,False,False,nan,nan,nan,0
18,1812.5920889787424,100.0,1.0,0.7779359527795123,0.7488687453088846,False,False,nan,nan,nan,0
56,2837.344252539356,100.0,1.0,0.8854583306964644,3.233987752172717,False,False,nan,nan,nan,0
77,3402.555684708614,100.0,1.0,0.8784133295581165,-1.1770933138007313,False,False,nan,nan,nan,0
20,1862.1305544279714,100.0,1.0,0.7947094479927526,1.8104616870029924,False,False,nan,nan,nan,0
22,1915.9101052176602,100.0,1.0,0.8147449589496936,2.7000466923487667,False,False,nan,nan,nan,0
85,3634.988106149044,100.0,1.0,0.7778250862545977,0.9439152394926403,False,False,nan,nan,nan,0
49,2660.0822103175883,100.0,1.0,0.8665710160401237,1.2712373805932464,False,False,nan,nan,nan,0
59,2922.763643223979,100.0,1.0,0.8983036494396981,1.6258844940009256,False,False,nan,nan,nan,0
21,1880.2889227783494,100.0,1.0,0.8361431101396641,1.3518306379296767,False,False,nan,nan,nan,0
73,3312.4396693414865,100.0,1.0,0.8621038636351811,3.0719144593637133,False,False,nan,nan,nan,0
14,1701.0910313100424,100.0,1.0,0.7175212109677065,2.3055941581223327,False,False,nan,nan,nan,0
81,3531.22306786397,100.0,1.0,0.9447892443851261,1.4001591139676461,False,False,nan,nan,nan,1
51,2697.6439712457095,100.0,1.0,0.8569458955897516,0.6094068803408825,False,False,nan,nan,nan,0
26,2031.5242378898754,100.0,1.0,0.7074055646281304,0.5631640959118513,False,False,nan,nan,nan,0
82,3549.8881583816865,100.0,1.0,0.7876613954042506,1.4776312468300783,False,False,nan,nan,nan,0
20,1845.5625629779408,100.0,1.0,0.7947094479927526,1.0929277627675031,False,False,nan,nan,nan,0
53,2759.0711246512724,100.0,1.0,0.632336884624419,1.033253220895544,False,False,nan,nan,nan,0
15,1728.610202371855,100.0,1.0,0.8714550616844607,1.2551484532192991,False,False,nan,nan,nan,0
56,2825.5916456831433,100.0,1.0,0.8854583306964644,2.757645741942152,False,False,nan,nan,nan,0
18,1800.072845742399,100.0,1.0,0.7779359527795123,2.087055669095951,False,False,nan,nan,nan,0
75,3363.4051109466996,100.0,1.0,0.4440982923814285,0.8712111662084877,False,False,nan,nan,nan,1
51,2700.77319376177,100.0,1.0,0.8569458955897516,1.603203024979724,False,False,nan,nan,nan,0
85,3622.1744313623904,100.0,1.0,0.7778250862545977,1.5890449552134107,False,False,nan,nan,nan,0
40,2402.7241033550104,100.0,1.0,0.6899803103179318,2.766110377979846,False,False,nan,nan,nan,0
14,1688.848027556195,100.0,1.0,0.7175212109677065,1.5808719038800332,False,False,nan,nan,nan,0
55,2821.8208624232257,100.0,1.0,0.7414173231614095,1.1008609700232452,False,False,nan,nan,nan,0
77,3419.6305348754377,100.0,1.0,0.8784133295581165,-0.4567857314212863,False,False,nan,nan,nan,0
56,2828.2582690935287,100.0,1.0,0.8854583306964644,2.0509671738775395,False,False,nan,nan,nan,0
50,2691.4549843803084,100.0,1.0,0.8226439735146556,nan,False,False,nan,nan,nan,0
15,1732.2032061645443,100.0,1.0,0.8714550616844607,2.29089407573799,False,False,nan,nan,nan,0
74,3321.1965708695466,100.0,1.0,0.8046983748469806,1.303180339212465,False,False,nan,nan,nan,0
78,3449.451864195224,100.0,1.0,0.3315391622410506,-0.7595416410467425,False,False,nan,nan,nan,0
15,1713.346492346333,100.0,1.0,0.8714550616844607,2.9851865064192817,False,False,nan,nan,nan,0
73,3312.6341127067894,100.0,1.0,0.8621038636351811,nan,False,False,nan,nan,nan,0
14,1700.1604828573866,100.0,1.0,0.7175212109677065,0.6558602301442301,False,False,nan,nan,nan,0
21,1888.7334179055476,100.0,1.0,0.8361431101396641,2.913988421999364,False,False,nan,nan,nan,0
60,2941.2773537653434,100.0,1.0,0.9558616019889613,1.2504795512326035,False,False,nan,nan,nan,0
74,3337.2702014995434,100.0,1.0,0.8046983748469806,2.1416407014666694,False,False,nan,nan,nan,0
81,3507.2203862126985,100.0,1.0,0.9447892443851261,2.142517273570432,False,False,nan,nan,nan,1
25,1989.9807774093367,100.0,1.0,0.8313334442354828,4.631468573234334,False,False,nan,nan,nan,0
52,2724.26384105777,100.0,1.0,0.7780192542219092,0.5562195467074849,False,False,nan,nan,nan,0
81,3527.2133664119924,100.0,1.0,0.9447892443851261,1.4896487524607012,False,False,nan,nan,nan,1
79,3456.5672490263105,100.0,1.0,0.8050562053019832,0.5199156471073023,False,False,nan,nan,nan,0
14,1704.5757276004067,100.0,1.0,0.7175212109677065,2.047153397964398,False,False,nan,nan,nan,0
26,2026.878381639395,100.0,2.0,0.9050565939994467,1.7598065500016056,False,False,nan,nan,nan,0
83,3560.4296893575006,100.0,2.0,1.2366473782507381,2.587046175035309,False,False,nan,nan,nan,0
14,1683.4508238750466,100.0,2.0,0.8600519091230092,nan,False,False,nan,nan,nan,0
21,1871.8736195307042,100.0,2.0,1.0801405529142665,3.182134774760313,False,False,nan,nan,nan,0
80,3495.9036972188856,100.0,2.0,1.1378233670897975,1.6740085077508244,False,False,nan,nan,nan,0
86,3659.8725007873886,100.0,2.0,1.1802583411169352,2.3423274344064593,False,False,nan,nan,nan,0
85,3618.535599508155,100.0,2.0,0.995066399020564,2.3554130043325197,False,False,nan,nan,nan,0
26,2031.4964599667471,100.0,2.0,0.9050565939994467,0.7815655087388621,False,False,nan,nan,nan,0
25,1985.905720615743,100.0,2.0,1.1288405303494082,2.0613436413588357,False,False,nan,nan,nan,0
73,3309.536900065728,100.0,2.0,1.1582216035324135,0.7169292645001942,False,False,nan,nan,nan,0
85,3634.850607855951,100.0,2.0,0.995066399020564,1.6545082944862153,False,False,nan,nan,nan,0
20,1863.186108862912,100.0,2.0,0.9876192192295578,1.8059840582596869,False,False,nan,nan,nan,0
81,3525.1883792420435,100.0,2.0,1.2655463952703498,1.2851626968600156,False,False,nan,nan,nan,1
80,3501.6828719723844,100.0,2.0,1.1378233670897975,2.6268679646921402,False,False,nan,nan,nan,0
52,2719.3526664356277,100.0,2.0,1.0250065872287109,2.498365384719183,False,False,nan,nan,nan,0
52,2725.3235783619198,100.0,2.0,1.0250065872287109,1.887106539134188,False,False,nan,nan,nan,0
20,1845.6361735171656,100.0,2.0,0.9876192192295578,1.5353523150376165,False,False,nan,nan,nan,0
74,3326.3382426121084,100.0,2.0,1.007110869143706,2.2800205725297116,False,False,nan,nan,nan,0
55,2817.4097984498426,100.0,2.0,1.0049628672373436,2.079756077585061,False,False,nan,nan,nan,0
56,2842.7677662983237,100.0,2.0,1.130361281687718,3.1725683135223073,False,False,nan,nan,nan,0
18,1810.8768356928952,100.0,2.0,1.0179120855152992,1.4889360565132432,False,False,nan,nan,nan,0
52,2724.491622052048,100.0,2.0,1.0250065872287109,-0.11438087571235249,False,False,nan,nan,nan,0
80,3498.992589130293,100.0,2.0,1.1378233670897975,1.1410660931291592,False,False,nan,nan,nan,0
15,1714.9589736954208,100.0,2.0,1.1410604652357221,2.982785446963342,False,False,nan,nan,nan,0
14,1688.2660850292343,100.0,2.0,0.8600519091230092,3.046847811105359,False,False,nan,nan,nan,0
18,1807.9421599756954,100.0,2.0,1.0179120855152992,1.9844320832389408,False,False,nan,nan,nan,0
55,2823.7625075755,100.0,2.0,1.0049628672373436,-0.2926044262558384,False,False,nan,nan,nan,0
77,3406.6363168448556,100.0,2.0,1.1205989474817208,1.803085671364805,False,False,nan,nan,nan,0
54,2771.2544942773516,100.0,2.0,0.9695511399769035,1.7642267185611813,False,False,nan,nan,nan,0
16,1754.387564073608,100.0,2.0,1.0762771475587174,1.415199755710486,False,False,nan,nan,nan,0
14,1684.1466548169576,100.0,2.0,0.8600519091230092,2.530743280426007,False,False,nan,nan,nan,0
24,1979.3056043916731,100.0,2.0,1.1758463822104437,3.1715553895646043,False,False,nan,nan,nan,0
52,2737.891786717437,100.0,2.0,1.0250065872287109,0.6788709360175883,False,False,nan,nan,nan,0
51,2698.607876939068,100.0,2.0,1.191970853152873,2.9980622901767853,False,False,nan,nan,nan,0
49,2642.127775803632,100.0,2.0,1.200844805021837,2.0693861375979976,False,False,nan,nan,nan,0
78,3437.50307282288,100.0,2.0,0.35146311738825936,-0.9628269027942974,False,False,nan,nan,nan,0
49,2663.929503331088,100.0,2.0,1.200844805021837,1.2039356947417945,False,False,nan,nan,nan,0
58,2894.923773721632,100.0,2.0,1.1722181867153705,2.8492398310370737,False,False,nan,nan,nan,0
56,2847.1551915552895,100.0,2.0,1.130361281687718,1.5535108038166248,False,False,nan,nan,nan,0
25,2001.265650617099,100.0,2.0,1.1288405303494082,2.6532492968688817,False,False,nan,nan,nan,0
82,3548.2590149633224,100.0,2.0,0.9879592826955957,2.2207419352943276,False,False,nan,nan,nan,0
52,2724.301341586286,100.0,2.0,1.0250065872287109,0.6530281452509881,False,False,nan,nan,nan,0
25,2008.094899870914,100.0,2.0,1.1288405303494082,2.025889006397191,False,False,nan,nan,nan,0
56,2833.6429137423615,100.0,2.0,1.130361281687718,1.713573081331108,False,False,nan,nan,nan,0
51,2710.028900476442,100.0,2.0,1.191970853152873,1.7378247997217764,False,False,nan,nan,nan,0
55,2816.257033585612,100.0,2.0,1.0049628672373436,1.8475882723351411,False,False,nan,nan,nan,0
25,2001.5559317066943,100.0,2.0,1.1288405303494082,2.660057648096952,False,False,nan,nan,nan,0
52,2742.016835711202,100.0,2.0,1.0250065872287109,2.0514451059793424,False,False,nan,nan,nan,0
21,1874.3888996992318,100.0,2.0,1.0801405529142665,3.023060364712431,False,False,nan,nan,nan,0
53,2757.1516763221753,100.0,2.0,0.7472818423705633,1.3995636454608535,False,False,nan,nan,nan,0
74,3323.8771289437313,100.0,2.0,1.007110869143706,1.6297842435202388,False,False,nan,nan,nan,0
83,3571.289244883354,100.0,2.0,1.2366473782507381,3.129918194360275,False,False,nan,nan,nan,0
20,1845.4958968324197,100.0,2.0,0.9876192192295578,2.1521682155237194,False,False,nan,nan,nan,0
86,3644.082408360647,100.0,2.0,1.1802583411169352,2.230744170565354,False,False,nan,nan,nan,0
85,3619.1883662412424,100.0,2.0,0.995066399020564,3.05066292416647,False,False,nan,nan,nan,0
18,1797.0590066294592,100.0,2.0,1.0179120855152992,2.1954817220695393,False,False,nan,nan,nan,0
59,2921.656709340102,100.0,2.0,1.1815189047403405,2.4025126525792633,False,False,nan,nan,nan,0
79,3468.5576756367113,100.0,2.0,1.0508299390321074,1.377873345050386,False,False,nan,nan,nan,0
50,2684.8020788869576,100.0,2.0,1.0839614053726248,1.0384046154703903,False,False,nan,nan,nan,0
85,3621.4008314624157,100.0,2.0,0.995066399020564,1.0989525666953806,False,False,nan,nan,nan,0
21,1881.1208725197466,100.0,4.0,1.469743832704634,1.482738042635074,False,False,nan,nan,nan,0
81,3511.5578726627923,100.0,4.0,1.7695816068881127,0.858430801545699,False,False,nan,nan,nan,1
85,3629.0145845990223,100.0,4.0,1.2440942282686471,0.019887464718068116,False,False,nan,nan,nan,0
59,2919.2734001905314,100.0,4.0,1.6311223322707922,2.1987802857598937,False,False,nan,nan,nan,0
84,3585.3320573784817,100.0,4.0,1.183995326517361,0.24675997129820093,False,False,nan,nan,nan,0
40,2402.072711409651,100.0,4.0,1.0265620306523415,1.8564193735121364,False,False,nan,nan,nan,0
53,2755.409999432409,100.0,4.0,0.8453836439821495,2.110362791210156,False,False,nan,nan,nan,0
21,1876.3833492769782,100.0,4.0,1.469743832704634,3.7216743826296024,False,False,nan,nan,nan,0
18,1805.1797083508548,100.0,4.0,1.2372776395661012,3.4616976876550045,False,False,nan,nan,nan,0
41,2435.519850939881,100.0,4.0,1.3582437184392955,2.5712376182711485,False,False,nan,nan,nan,0
58,2902.4000283480095,100.0,4.0,1.4858311173073246,2.772665591763221,False,False,nan,nan,nan,0
56,2843.25386872657,100.0,4.0,1.3345513328305407,3.513763974036933,False,False,nan,nan,nan,0
58,2901.163937388081,100.0,4.0,1.4858311173073246,2.638860380693779,False,False,nan,nan,nan,0
59,2919.2553448314243,100.0,4.0,1.6311223322707922,2.1261162735475874,False,False,nan,nan,nan,0
25,2004.6170786044092,100.0,4.0,1.3446866820597905,3.4911417411150545,False,False,nan,nan,nan,0
41,2435.0948550012854,100.0,4.0,1.3582437184392955,2.7742402059516555,False,False,nan,nan,nan,0
23,1939.4910358636537,100.0,4.0,1.653461617024437,1.8953091257569066,False,False,nan,nan,nan,0
55,2814.384833219158,100.0,4.0,1.2723284811712434,2.0847728196361346,False,False,nan,nan,nan,0
55,2806.2640838755406,100.0,4.0,1.2723284811712434,1.4679594524460378,False,False,nan,nan,nan,0
85,3623.071640521082,100.0,4.0,1.2440942282686471,1.261877166245808,False,False,nan,nan,nan,0
79,3471.114641595431,100.0,4.0,1.3161044836019675,1.5442063650985562,False,False,nan,nan,nan,0
56,2849.9301475748875,100.0,4.0,1.3345513328305407,2.5995379781808734,False,False,nan,nan,nan,0
20,1866.8444446509945,100.0,4.0,1.130987916277685,3.139948614623998,False,False,nan,nan,nan,0
81,3520.7175776381246,100.0,4.0,1.7695816068881127,2.68380586258348,False,False,nan,nan,nan,1
77,3405.00295160223,100.0,4.0,1.4125115207205219,2.7964589758915595,False,False,nan,nan,nan,0
25,2004.8865262793486,100.0,4.0,1.3446866820597905,3.658833062115049,False,False,nan,nan,nan,0
25,1991.5863564153099,100.0,4.0,1.3446866820597905,2.4464941008061594,False,False,nan,nan,nan,0
55,2819.762550756596,100.0,4.0,1.2723284811712434,1.9859550862261486,False,False,nan,nan,nan,0
50,2677.832521115918,100.0,4.0,1.509472453406824,2.232138238775478,False,False,nan,nan,nan,0
15,1713.520101428898,100.0,4.0,1.5676878231231761,2.313991303992253,False,False,nan,nan,nan,0
16,1740.1864144876506,100.0,4.0,1.513414854358711,2.4934428597320015,False,False,nan,nan,nan,0
82,3555.267254825167,100.0,4.0,1.2786760509987527,3.0251500620188563,False,False,nan,nan,nan,0
80,3481.221677537231,100.0,4.0,1.3828202671086425,2.96323607212296,False,False,nan,nan,nan,0
16,1744.6099491663374,100.0,4.0,1.513414854358711,2.9948321198064978,False,False,nan,nan,nan,0
56,2834.530401666124,100.0,4.0,1.3345513328305407,3.3321793466022616,False,False,nan,nan,nan,0
54,2774.20032616684,100.0,4.0,1.2117802844629633,2.7913867242341985,False,False,nan,nan,nan,0
77,3401.0987155465414,100.0,4.0,1.4125115207205219,1.5798657864366021,False,False,nan,nan,nan,0
16,1757.0458468067816,100.0,4.0,1.513414854358711,1.683642494767938,False,False,nan,nan,nan,0
83,3559.8866431619585,100.0,4.0,1.7431289511896015,3.5412208026085015,False,False,nan,nan,nan,0
52,2739.9904224231277,100.0,4.0,1.3825263049800856,2.3581345237451896,False,False,nan,nan,nan,0
75,3364.132898349036,100.0,4.0,0.5473794030070888,1.1596815031596928,False,False,nan,nan,nan,1
51,2702.1273856722073,100.0,4.0,1.514822394968125,2.9441735229817034,False,False,nan,nan,nan,0
75,3345.2757868318618,100.0,4.0,0.5473794030070888,2.3745432875555013,False,False,nan,nan,nan,1
24,1972.077710038076,100.0,4.0,1.5187976898576374,2.892108903668329,False,False,nan,nan,nan,0
73,3291.755094112807,100.0,4.0,1.4664555200777942,2.4523160423686283,False,False,nan,nan,nan,0
54,2778.985051507197,100.0,4.0,1.2117802844629633,0.9308313720610142,False,False,nan,nan,nan,0
54,2795.094726437697,100.0,4.0,1.2117802844629633,2.8709529350756817,False,False,nan,nan,nan,0
16,1762.3818646521624,100.0,4.0,1.513414854358711,1.6172430698955755,False,False,nan,nan,nan,0
52,2739.007077467346,100.0,4.0,1.3825263049800856,3.238215318138841,False,False,nan,nan,nan,0
51,2701.0481988388,100.0,4.0,1.514822394968125,3.4726005057189795,False,False,nan,nan,nan,0
78,3446.8240424594856,100.0,4.0,0.3618450678542354,2.1165899819227687,False,False,nan,nan,nan,0
21,1890.1556496455582,100.0,4.0,1.469743832704634,2.697581866453744,False,False,nan,nan,nan,0
77,3402.636241672386,100.0,4.0,1.4125115207205219,-0.5109352012786256,False,False,nan,nan,nan,0
84,3602.733113527464,100.0,4.0,1.183995326517361,1.3684393946192392,False,False,nan,nan,nan,0
41,2420.26437704323,100.0,4.0,1.3582437184392955,1.5976349208222738,False,False,nan,nan,nan,0
73,3293.375911339861,100.0,4.0,1.4664555200777942,2.3148741735609697,False,False,nan,nan,nan,0
77,3405.0890643553294,100.0,4.0,1.4125115207205219,2.9963454389545006,False,False,nan,nan,nan,0
53,2747.9391038143767,100.0,4.0,0.8453836439821495,1.0307860847991939,False,False,nan,nan,nan,0
75,3345.5618995148766,100.0,4.0,0.5473794030070888,2.4565465156685633,False,False,nan,nan,nan,1
51,2714.6525874885456,100.0,4.0,1.514822394968125,2.55413220340623,False,False,nan,nan,nan,0
84,3610.1163183451295,100.0,8.0,1.3453816632233722,-0.19431550597625483,False,False,nan,nan,nan,0
85,3628.4798718539173,100.0,8.0,1.716053503313139,1.1790115646424348,False,False,nan,nan,nan,0
23,1951.4829088955105,100.0,8.0,2.1999617594583207,2.5202656029726884,False,False,nan,nan,nan,0
79,3479.478616084565,100.0,8.0,1.5332938625944201,2.6946710216353313,False,False,nan,nan,nan,0
73,3292.1078681892845,100.0,8.0,1.9173473322818488,4.604922939402257,False,False,nan,nan,nan,0
54,2781.057275570699,100.0,8.0,1.4761474060084743,2.971714724437925,False,False,nan,nan,nan,0
81,3515.8092525170355,100.0,8.0,2.2848901110172095,2.4885309532658484,False,False,nan,nan,nan,1
41,2422.0282561875974,100.0,8.0,1.8584970360574402,1.9660559997809819,False,False,nan,nan,nan,0
80,3499.4884232204613,100.0,8.0,1.6252919280545826,2.0913291284044666,False,False,nan,nan,nan,0
15,1719.4186463804192,100.0,8.0,2.2307937071689348,4.226630776299582,False,False,nan,nan,nan,0
53,2755.2947206812473,100.0,8.0,0.984438403706714,2.071047705180823,False,False,nan,nan,nan,0
84,3587.691730437558,100.0,8.0,1.3453816632233722,2.395447613522836,False,False,nan,nan,nan,0
40,2395.582404124204,100.0,8.0,1.3704128363534234,3.4201879009687217,False,False,nan,nan,nan,0
25,2007.2309996821825,100.0,8.0,1.5509673936494217,2.5576144655265725,False,False,nan,nan,nan,0
84,3585.5084427097822,100.0,8.0,1.3453816632233722,1.8404347436851844,False,False,nan,nan,nan,0
60,2943.942616355146,100.0,8.0,2.4053027093782817,0.3564483051215228,False,False,nan,nan,nan,0
23,1936.5604255332987,100.0,8.0,2.1999617594583207,2.241482546868939,False,False,nan,nan,nan,0
23,1940.7660616074336,100.0,8.0,2.1999617594583207,2.654903050321047,False,False,nan,nan,nan,0
86,3656.6739193806266,100.0,8.0,1.9780768508741542,0.636656790402556,False,False,nan,nan,nan,0
75,3353.4272454761053,100.0,8.0,0.6265190671911213,0.4406655002320981,False,False,nan,nan,nan,1
14,1684.899429910933,100.0,8.0,1.21591894380425,2.383704538528165,False,False,nan,nan,nan,0
25,1990.0418894018333,100.0,8.0,1.5509673936494217,5.393383877073215,False,False,nan,nan,nan,0
81,3528.7494687188414,100.0,8.0,2.2848901110172095,2.59904811222505,False,False,nan,nan,nan,1
81,3523.7967221091526,100.0,8.0,2.2848901110172095,3.1463122804829085,False,False,nan,nan,nan,0
56,2843.2858126046767,100.0,8.0,1.6197500946511791,3.4615033527691703,False,False,nan,nan,nan,0
51,2711.72614978054,100.0,8.0,2.150878739210945,2.398141385170739,False,False,nan,nan,nan,0
79,3471.646590819399,100.0,8.0,1.5332938625944201,1.6986570574245714,False,False,nan,nan,nan,0
59,2913.48041966522,100.0,8.0,2.1303309500454892,2.8337884366588226,False,False,nan,nan,nan,0
75,3350.4674936269626,100.0,8.0,0.6265190671911213,1.0710763261915466,False,False,nan,nan,nan,1
77,3405.3474026425515,100.0,8.0,1.593856097792212,3.0564968300447313,False,False,nan,nan,nan,0
82,3542.1438000576304,100.0,8.0,1.6886238041285055,1.9606497201109334,False,False,nan,nan,nan,0
84,3607.1399766711543,100.0,8.0,1.3453816632233722,2.424205567310348,False,False,nan,nan,nan,0
41,2432.2823800617202,100.0,8.0,1.8584970360574402,2.4412707907056515,False,False,nan,nan,nan,0
55,2818.0167362220095,100.0,8.0,1.6115251603868377,2.783938243808575,False,False,nan,nan,nan,0
74,3336.266028936401,100.0,8.0,1.8332048413102613,4.345791093245675,False,False,nan,nan,nan,0
49,2650.098730821979,100.0,8.0,2.0066692768053493,2.242309677181873,False,False,nan,nan,nan,0
51,2715.942887524411,100.0,8.0,2.150878739210945,3.1031046943327354,False,False,nan,nan,nan,0
40,2407.5977178218172,100.0,8.0,1.3704128363534234,3.148898094045784,False,False,nan,nan,nan,0
20,1865.1083310718652,100.0,8.0,1.2713585850308073,1.9890575714016345,False,False,nan,nan,nan,0
50,2675.018576659474,100.0,8.0,1.6837980592113106,2.4138832224458397,False,False,nan,nan,nan,0
58,2895.9293133256756,100.0,8.0,1.9134582563274325,1.9863485264558902,False,False,nan,nan,nan,0
81,3521.3564621091286,100.0,8.0,2.2848901110172095,3.7092350694453478,False,False,nan,nan,nan,1
55,2799.7641327038023,100.0,8.0,1.6115251603868377,3.2715821397890092,False,False,nan,nan,nan,0
14,1690.6049663702313,100.0,8.0,1.21591894380425,3.338640394853679,False,False,nan,nan,nan,0
86,3661.5947113967404,100.0,8.0,1.9780768508741542,2.1021692522476494,False,False,nan,nan,nan,0
60,2956.0384052022137,100.0,8.0,2.4053027093782817,2.782014449140999,False,False,nan,nan,nan,0
50,2671.85323995572,100.0,8.0,1.6837980592113106,3.053172824758647,False,False,nan,nan,nan,0
14,1689.5299697839462,100.0,8.0,1.21591894380425,0.7763742573786189,False,False,nan,nan,nan,0
40,2395.874072053365,100.0,8.0,1.3704128363534234,2.7454242163437876,False,False,nan,nan,nan,0
25,1984.1848648485864,100.0,8.0,1.5509673936494217,1.744129470164891,False,False,nan,nan,nan,0
59,2935.1260177345534,100.0,8.0,2.1303309500454892,2.4499759711377362,False,False,nan,nan,nan,0
74,3324.866019731157,100.0,8.0,1.8332048413102613,1.9878199596142225,False,False,nan,nan,nan,0
51,2700.988475511801,100.0,8.0,2.150878739210945,3.387706201128379,False,False,nan,nan,nan,0
21,1887.3695212208984,100.0,8.0,2.100227095695837,4.848049056529905,False,False,nan,nan,nan,0
56,2825.455536896248,100.0,8.0,1.6197500946511791,2.512449383389209,False,False,nan,nan,nan,0
51,2700.4690215096616,100.0,8.0,2.150878739210945,1.8910613612819898,False,False,nan,nan,nan,0
22,1919.4851525281238,100.0,8.0,1.6215155790875722,2.9020637043412014,False,False,nan,nan,nan,0
55,2814.5820530741407,100.0,8.0,1.6115251603868377,3.1908887912771045,False,False,nan,nan,nan,0
75,3367.057938886863,100.0,8.0,0.6265190671911213,1.4866551636861975,False,False,nan,nan,nan,1
79,3468.747954942003,100.0,8.0,1.5332938625944201,2.8185148934720234,False,False,nan,nan,nan,0
82,3545.868769526313,100.0,16.0,2.0909564811745405,2.929019378747154,False,False,nan,nan,nan,0
86,3659.2766721802705,100.0,16.0,2.4833863430211127,2.945200296408443,False,False,nan,nan,nan,0
73,3311.13689604051,100.0,16.0,2.5649848674611793,2.58533891872006,False,False,nan,nan,nan,0
55,2816.787583155455,100.0,16.0,2.130713471847482,2.9421199059292618,False,False,nan,nan,nan,0
26,2034.247864406386,100.0,16.0,2.3059062527334993,3.46764597561921,False,False,nan,nan,nan,0
60,2958.84534968433,100.0,16.0,2.9900083873649743,2.94112565271074,False,False,nan,nan,nan,0
53,2765.7767087430666,100.0,16.0,1.1563887736527436,2.9961719257815758,False,False,nan,nan,nan,0
16,1741.080843050326,100.0,16.0,3.208836455599727,2.9806525503273864,False,False,nan,nan,nan,0
54,2789.3155783894276,100.0,16.0,1.8803770711260255,3.164456245096412,False,False,nan,nan,nan,0
79,3464.8687499225052,100.0,16.0,2.0152882607812312,2.923045350052959,False,False,nan,nan,nan,0
73,3298.756426888923,100.0,16.0,2.5649848674611793,1.9326632920766333,False,False,nan,nan,nan,0
85,3630.320117945383,100.0,16.0,2.484762833809766,4.185115942084162,False,False,nan,nan,nan,0
51,2717.004017160344,100.0,16.0,3.1059581208339484,1.869479859866031,False,False,nan,nan,nan,0
18,1813.605964658909,100.0,16.0,2.0741373927159366,3.5730186336293936,False,False,nan,nan,nan,0
21,1878.0222443960574,100.0,16.0,2.5009117791923616,2.0309322138957757,False,False,nan,nan,nan,0
80,3498.9717557667873,100.0,16.0,2.037675215477055,3.1975988545232266,False,False,nan,nan,nan,0
85,3631.9062039344963,100.0,16.0,2.484762833809766,2.9325581815961375,False,False,nan,nan,nan,0
60,2945.8898311272783,100.0,16.0,2.9900083873649743,3.172098552238049,False,False,nan,nan,nan,0
14,1685.60914962813,100.0,16.0,1.5077227461802154,2.1920220909210246,False,False,nan,nan,nan,0
40,2391.768500664083,100.0,16.0,1.9653666338516107,2.2325903412383394,False,False,nan,nan,nan,0
54,2790.44335235858,100.0,16.0,1.8803770711260255,2.977363311407345,False,False,nan,nan,nan,0
85,3622.689701745074,100.0,16.0,2.484762833809766,1.8948571302602457,False,False,nan,nan,nan,0
82,3558.88249196536,100.0,16.0,2.0909564811745405,4.696958282923922,False,False,nan,nan,nan,0
81,3519.828693300887,100.0,16.0,3.3793576319920278,1.7886083279494926,False,False,nan,nan,nan,1
41,2446.0183757488826,100.0,16.0,2.6185068493615438,2.8992973403280824,False,False,nan,nan,nan,0
24,1966.2970543167364,100.0,16.0,3.197218096963935,4.5693994902805235,False,False,nan,nan,nan,0
16,1758.1305490337747,100.0,16.0,3.208836455599727,3.8320601124513445,False,False,nan,nan,nan,0
73,3291.2092667280945,100.0,16.0,2.5649848674611793,1.14570402748164,False,False,nan,nan,nan,0
24,1970.913803982296,100.0,16.0,3.197218096963935,2.23854165397962,False,False,nan,nan,nan,0
55,2818.86394925485,100.0,16.0,2.130713471847482,2.8952458620143546,False,False,nan,nan,nan,0
25,2007.6212825016935,100.0,16.0,2.019304094294852,2.5028219220528243,False,False,nan,nan,nan,0
52,2739.908477003961,100.0,16.0,2.492259521069641,2.2457118835040046,False,False,nan,nan,nan,0
24,1956.731613567763,100.0,16.0,3.197218096963935,4.237975987666712,False,False,nan,nan,nan,0
16,1746.5696392881923,100.0,16.0,3.208836455599727,2.6934239517915506,False,False,nan,nan,nan,0
85,3614.96066550408,100.0,16.0,2.484762833809766,4.319475134789383,False,False,nan,nan,nan,0
49,2642.4666691249595,100.0,16.0,2.582605350560662,2.6738483620260505,False,False,nan,nan,nan,0
84,3603.4414329413876,100.0,16.0,1.5373478713920266,3.141469340236712,False,False,nan,nan,nan,0
78,3447.2754386907914,100.0,16.0,0.5518118446134925,1.5176584953057353,False,False,nan,nan,nan,0
73,3309.110512497175,100.0,16.0,2.5649848674611793,3.0925326488344402,False,False,nan,nan,nan,0
14,1703.7674001809526,100.0,16.0,1.5077227461802154,1.7741069071516193,False,False,nan,nan,nan,0
77,3418.8819094188816,100.0,16.0,1.9516088461990038,2.7385318409748685,False,False,nan,nan,nan,0
50,2687.8604690281777,100.0,16.0,2.4376225525562694,2.06598830589463,False,False,nan,nan,nan,0
50,2669.4934772248353,100.0,16.0,2.4376225525562694,3.25881484634704,False,False,nan,nan,nan,0
83,3565.5101602818863,100.0,16.0,3.15771443878071,3.8156844232515654,False,False,nan,nan,nan,0
18,1806.1769125989074,100.0,16.0,2.0741373927159366,2.1525539629792734,False,False,nan,nan,nan,0
24,1978.6444819479293,100.0,16.0,3.197218096963935,3.2374487238064193,False,False,nan,nan,nan,0
52,2718.7151596872327,100.0,16.0,2.492259521069641,1.8109028528066953,False,False,nan,nan,nan,0
85,3623.1035844762296,100.0,16.0,2.484762833809766,3.4286599303568375,False,False,nan,nan,nan,0
25,2002.180938886407,100.0,16.0,2.019304094294852,2.395235076701076,False,False,nan,nan,nan,0
55,2797.8516501687404,100.0,16.0,2.130713471847482,2.1083938891710585,False,False,nan,nan,nan,0
78,3441.551741299026,100.0,16.0,0.5518118446134925,2.391675942386177,False,False,nan,nan,nan,0
74,3337.238256856964,100.0,16.0,2.010403321926848,2.408787267963766,False,False,nan,nan,nan,0
59,2929.40800565152,100.0,16.0,2.62572828767701,3.109949243308626,False,False,nan,nan,nan,0
25,1989.9113319643682,100.0,16.0,2.019304094294852,5.194783470978569,False,False,nan,nan,nan,0
51,2714.942870237369,100.0,16.0,3.1059581208339484,5.010379275596226,False,False,nan,nan,nan,0
55,2805.9446416745636,100.0,16.0,2.130713471847482,2.5141302933974674,False,False,nan,nan,nan,0
78,3449.740758069547,100.0,16.0,0.5518118446134925,0.11653578381021777,False,False,nan,nan,nan,0
83,3567.0601365772095,100.0,16.0,3.15771443878071,3.1907042069793787,False,False,nan,nan,nan,0
75,3357.703662660802,100.0,16.0,0.7522149641144674,2.7956874118063797,False,False,nan,nan,nan,1
52,2728.808351977656,100.0,16.0,2.492259521069641,3.2459710187364523,False,False,nan,nan,nan,0
20,1849.3278163168318,100.0,24.0,1.7972791108122619,2.5550271745145854,False,False,nan,nan,nan,0
56,2849.934314176969,100.0,24.0,1.9959910165045966,3.2043274452957964,False,False,nan,nan,nan,0
82,3538.118838702722,100.0,24.0,2.6301643826433647,2.3005800464167816,False,False,nan,nan,nan,0
74,3316.5326929537464,100.0,24.0,2.3243273913202867,3.955658407193551,False,False,nan,nan,nan,0
73,3295.4536717116407,100.0,24.0,3.514516685463108,2.10313056521159,False,False,nan,nan,nan,0
52,2738.0348439234886,100.0,24.0,2.9346989381202104,2.9220175830913497,False,False,nan,nan,nan,0
51,2714.1442455037404,100.0,24.0,3.292576663601971,2.747432243514525,False,False,nan,nan,nan,0
55,2824.2333346242367,100.0,24.0,2.480813479733203,1.7619488763983597,False,False,nan,nan,nan,0
60,2945.030111840647,100.0,24.0,3.56198147940044,3.195481377827771,False,False,nan,nan,nan,0
78,3441.6684095704572,100.0,24.0,0.7061422191516659,2.415944209093572,False,False,nan,nan,nan,0
55,2800.5724593541495,100.0,24.0,2.480813479733203,2.5899189789488815,False,False,nan,nan,nan,0
20,1858.3055650669628,100.0,24.0,1.7972791108122619,2.9301655719021205,False,False,nan,nan,nan,0
22,1926.4366556074528,100.0,24.0,2.0148670698776683,2.2972266036705222,False,False,nan,nan,nan,0
81,3525.252267707026,100.0,24.0,4.77785881752657,4.025013731939496,False,False,nan,nan,nan,0
77,3406.3446443676216,100.0,24.0,2.808367347088809,2.6910501615820728,False,False,nan,nan,nan,0
16,1746.9835215751461,100.0,24.0,4.501775890072061,3.0827152526639203,False,False,nan,nan,nan,0
54,2794.023896658303,100.0,24.0,2.1799060056143205,2.737794006891828,False,False,nan,nan,nan,0
24,1969.4332268332778,100.0,24.0,3.804395698901881,2.430069496215659,False,False,nan,nan,nan,0
41,2423.4101941048193,100.0,24.0,3.473641226780477,3.3339126803595986,False,False,nan,nan,nan,0
18,1798.275652442753,100.0,24.0,2.373045088749957,3.328260291368795,False,False,nan,nan,nan,0
18,1792.2757631167585,100.0,24.0,2.373045088749957,2.412762531568495,False,False,nan,nan,nan,0
41,2425.1310199387076,100.0,24.0,3.473641226780477,3.15389239372032,False,False,nan,nan,nan,0
56,2825.7360876659327,100.0,24.0,1.9959910165045966,2.561098035842008,False,False,nan,nan,nan,0
40,2403.0227158546804,100.0,24.0,2.9708574412033144,4.088793001414739,False,False,nan,nan,nan,0
85,3629.996512215172,100.0,24.0,3.011340615658126,3.9658371294406627,False,False,nan,nan,nan,0
82,3542.266021212839,100.0,24.0,2.6301643826433647,2.71349218324421,False,False,nan,nan,nan,0
52,2729.2264138402525,100.0,24.0,2.9346989381202104,3.3066694575695523,False,False,nan,nan,nan,0
82,3558.219999775661,100.0,24.0,2.6301643826433647,5.025767257450189,False,False,nan,nan,nan,0
85,3631.938147895177,100.0,24.0,3.011340615658126,3.177779988566205,False,False,nan,nan,nan,0
54,2784.5530988939786,100.0,24.0,2.1799060056143205,2.560390336669844,False,False,nan,nan,nan,0
86,3646.319880542039,100.0,24.0,2.565959274505895,2.939052556259889,False,False,nan,nan,nan,0
41,2443.9586696124675,100.0,24.0,3.473641226780477,4.000038434548862,False,False,nan,nan,nan,0
50,2673.085206758259,100.0,24.0,2.8901127174789263,3.963330157094293,False,False,nan,nan,nan,0
56,2834.292904884052,100.0,24.0,1.9959910165045966,3.2294093997351965,False,False,nan,nan,nan,0
82,3556.9561244004485,100.0,24.0,2.6301643826433647,4.125533081710319,False,False,nan,nan,nan,0
40,2406.0296639309427,100.0,24.0,2.9708574412033144,3.2130945566320905,False,False,nan,nan,nan,0
86,3658.991952353848,100.0,24.0,2.565959274505895,2.9728544130074033,False,False,nan,nan,nan,0
23,1946.189759918448,100.0,24.0,4.077930847720679,2.8563364561325373,False,False,nan,nan,nan,0
59,2929.0163428406245,100.0,24.0,2.8781941217740554,2.993193133923908,False,False,nan,nan,nan,0
14,1688.80080548868,100.0,24.0,1.8136798021729754,1.668707036335684,False,False,nan,nan,nan,0
81,3512.106482254108,100.0,24.0,4.77785881752657,4.262184115109461,False,False,nan,nan,nan,0
40,2399.4601992624785,100.0,24.0,2.9708574412033144,2.7457606920622513,False,False,nan,nan,nan,0
22,1903.8043919538309,100.0,24.0,2.0148670698776683,4.171298265066236,False,False,nan,nan,nan,0
41,2443.3822852228336,100.0,24.0,3.473641226780477,3.7548385031118796,False,False,nan,nan,nan,0
14,1688.50358424393,100.0,24.0,1.8136798021729754,3.0672157320640916,False,False,nan,nan,nan,0
16,1753.2264757718933,100.0,24.0,4.501775890072061,3.242116278617864,False,False,nan,nan,nan,0
25,2004.7156908960112,100.0,24.0,2.2507200072549858,3.818042648878042,False,False,nan,nan,nan,0
58,2904.6527719605338,100.0,24.0,3.4119211159905114,3.915782525170556,False,False,nan,nan,nan,0
60,2947.46621597597,100.0,24.0,3.56198147940044,4.694889040944984,False,False,nan,nan,nan,0
81,3520.088414493177,100.0,24.0,4.77785881752657,2.2394663355891513,False,False,nan,nan,nan,1
85,3635.9561494975005,100.0,24.0,3.011340615658126,1.8074343688055474,False,False,nan,nan,nan,0
58,2901.7167060232255,100.0,24.0,3.4119211159905114,2.9260377694854838,False,False,nan,nan,nan,0
25,2005.2073634799137,100.0,24.0,2.2507200072549858,3.191954036945035,False,False,nan,nan,nan,0
73,3311.1243960705488,100.0,24.0,3.514516685463108,2.5377727937907077,False,False,nan,nan,nan,0
25,2004.6198564153822,100.0,24.0,2.2507200072549858,3.6541537566890545,False,False,nan,nan,nan,0
53,2748.454385567159,100.0,24.0,1.3977582545814562,2.795598155410543,False,False,nan,nan,nan,0
22,1916.1281634278744,100.0,24.0,2.0148670698776683,2.9891361369135385,False,False,nan,nan,nan,0
40,2393.4296174973997,100.0,24.0,2.9708574412033144,2.7820476704189465,False,False,nan,nan,nan,0
51,2711.4122558061913,100.0,24.0,3.292576663601971,5.2499815550794855,False,False,nan,nan,nan,0
40,2417.6393852597157,100.0,24.0,2.9708574412033144,2.3561934954809867,False,False,nan,nan,nan,0
78,3443.5142691685473,200.0,1.0,0.6630783244821012,0.3898086579876162,False,False,nan,nan,nan,0
84,3593.7346714207097,200.0,1.0,1.6304405708368617,2.610112382275722,False,False,nan,nan,nan,0
21,1871.458341852419,200.0,1.0,1.6722862202793283,0.919767568178404,False,False,nan,nan,nan,0
84,3609.5121611262966,200.0,1.0,1.6304405708368617,0.7373331155741142,False,False,nan,nan,nan,0
77,3397.3264361695897,200.0,1.0,1.756826659116233,-0.13243651727804143,False,False,nan,nan,nan,0
26,2011.2379869740223,200.0,1.0,1.4148111292562608,3.235890310893917,False,False,nan,nan,nan,0
15,1715.9547957061932,200.0,1.0,1.7429101233689215,3.3368567405451386,False,False,nan,nan,nan,0
58,2884.876722882556,200.0,1.0,1.7588392620012396,3.040429493752557,False,False,nan,nan,nan,0
86,3648.864298948341,200.0,1.0,1.7111663825290377,1.428094752750939,False,False,nan,nan,nan,0
25,1997.3753304469449,200.0,1.0,1.6626668884709657,2.1813020992335086,False,False,nan,nan,nan,0
79,3458.8908886839477,200.0,1.0,1.6101124106039664,nan,False,False,nan,nan,nan,0
15,1712.318726675757,200.0,1.0,1.7429101233689215,2.2871460791036946,False,False,nan,nan,nan,0
81,3509.1203805255204,200.0,1.0,1.8895784887702523,0.9187780513977664,False,False,nan,nan,nan,1
60,2946.5412181473243,200.0,1.0,1.9117232039779226,3.259799648112687,False,False,nan,nan,nan,0
78,3435.3377540420984,200.0,1.0,0.6630783244821012,3.4198155195689313,False,False,nan,nan,nan,0
83,3576.894697032783,200.0,1.0,1.7628011868016635,2.8328490878155272,False,False,nan,nan,nan,0
52,2725.4166352554716,200.0,1.0,1.5560385084438184,1.2533240584461913,False,False,nan,nan,nan,0
86,3646.5795998529884,200.0,1.0,1.7111663825290377,1.3653278164313156,False,False,nan,nan,nan,0
54,2779.7128299490146,200.0,1.0,1.4974359128688286,2.7218736010767084,False,False,nan,nan,nan,0
24,1966.424834533699,200.0,1.0,1.6873173380309026,0.3702136011125269,False,False,nan,nan,nan,0
21,1870.4750093525645,200.0,1.0,1.6722862202793283,nan,False,False,nan,nan,nan,0
26,2012.9227222833201,200.0,1.0,1.4148111292562608,1.485025961147925,False,False,nan,nan,nan,0
51,2715.117873244866,200.0,1.0,1.7138917911795033,2.6491024371822856,False,False,nan,nan,nan,0
22,1900.1640802676584,200.0,1.0,1.6294899178993871,nan,False,False,nan,nan,nan,0
20,1856.6375177183606,200.0,1.0,1.5894188959855051,0.8060975544336887,False,False,nan,nan,nan,0
26,2021.9769695225307,200.0,1.0,1.4148111292562608,1.6018374310134367,False,False,nan,nan,nan,0
15,1717.5644999223887,200.0,1.0,1.7429101233689215,2.0722782081819537,False,False,nan,nan,nan,0
51,2703.1676832282656,200.0,1.0,1.7138917911795033,3.628100960853019,False,False,nan,nan,nan,0
56,2847.059359780275,200.0,1.0,1.7709166613929288,2.2995899148586467,False,False,nan,nan,nan,0
53,2765.1628168940806,200.0,1.0,1.264673769248838,3.5307638631146694,False,False,nan,nan,nan,0
55,2803.719657574707,200.0,1.0,1.482834646322819,2.6727260047797015,False,False,nan,nan,nan,0
24,1963.9970118218785,200.0,1.0,1.6873173380309026,1.043346002566108,False,False,nan,nan,nan,0
59,2917.6636963391647,200.0,1.0,1.7966072988793962,2.4244891948492864,False,False,nan,nan,nan,0
83,3571.426742984134,200.0,1.0,1.7628011868016635,0.057547041551595096,False,False,nan,nan,nan,0
81,3524.8467148631466,200.0,1.0,1.8895784887702523,1.9943281838403,False,False,nan,nan,nan,1
41,2425.8004615767636,200.0,1.0,1.6360177568589473,1.1481047197497052,False,False,nan,nan,nan,0
77,3401.40010943036,200.0,1.0,1.756826659116233,1.5223340812277557,False,False,nan,nan,nan,0
25,2007.7490619512853,200.0,1.0,1.6626668884709657,1.481382547264004,False,False,nan,nan,nan,0
53,2745.1710293616493,200.0,1.0,1.264673769248838,2.5290088905829258,False,False,nan,nan,nan,0
54,2781.368386901739,200.0,1.0,1.4974359128688286,2.1979256307154578,False,False,nan,nan,nan,0
81,3525.4967105410124,200.0,1.0,1.8895784887702523,2.5617095772532896,False,False,nan,nan,nan,1
23,1932.6534155341992,200.0,1.0,1.6948850718885682,1.962376928525016,False,False,nan,nan,nan,0
59,2913.2498676788423,200.0,1.0,1.7966072988793962,3.5890897421113652,False,False,nan,nan,nan,0
40,2394.41851032529,200.0,1.0,1.3799606206358637,2.3765570456760297,False,False,nan,nan,nan,0
14,1704.7229487539273,200.0,1.0,1.435042421935413,1.848990246608556,False,False,nan,nan,nan,0
18,1790.841070151345,200.0,1.0,1.5558719055590247,3.7797815203583105,False,False,nan,nan,nan,0
84,3588.466714634734,200.0,1.0,1.6304405708368617,1.5745176731828878,False,False,nan,nan,nan,0
80,3480.639730167553,200.0,1.0,1.7652947746734142,3.1201732457460056,False,False,nan,nan,nan,0
21,1873.4152870900718,200.0,1.0,1.6722862202793283,2.27882137921119,False,False,nan,nan,nan,0
75,3358.3995016652975,200.0,1.0,0.888196584762857,0.20821798699066602,False,False,nan,nan,nan,1
53,2749.811340834567,200.0,1.0,1.264673769248838,1.995725259077049,False,False,nan,nan,nan,0
18,1805.1130429069015,200.0,1.0,1.5558719055590247,1.6945125736592328,False,False,nan,nan,nan,0
24,1971.8027059306019,200.0,1.0,1.6873173380309026,2.8753537040408097,False,False,nan,nan,nan,0
74,3336.207695284362,200.0,1.0,1.6093967496939612,1.9242383230802644,False,False,nan,nan,nan,0
54,2770.016996983064,200.0,1.0,1.4974359128688286,nan,False,False,nan,nan,nan,0
26,2031.5950715945726,200.0,1.0,1.4148111292562608,1.0153147647876608,False,False,nan,nan,nan,0
55,2814.209835335099,200.0,1.0,1.482834646322819,3.0950971459195014,False,False,nan,nan,nan,0
52,2724.6263461834487,200.0,1.0,1.5560385084438184,1.570512571704023,False,False,nan,nan,nan,0
83,3578.911327660075,200.0,1.0,1.7628011868016635,3.010162307690386,False,False,nan,nan,nan,0
86,3660.6752728160855,200.0,1.0,1.7111663825290377,1.1408637453845245,False,False,nan,nan,nan,0
26,2016.3560841642059,200.0,2.0,1.8101131879988934,2.1712677279084063,False,False,nan,nan,nan,0
25,2007.4893363423964,200.0,2.0,2.2576810606988165,3.122635275720628,False,False,nan,nan,nan,0
56,2837.792857265986,200.0,2.0,2.260722563375436,4.762136237519681,False,False,nan,nan,nan,0
85,3629.2645802435122,200.0,2.0,1.990132798041128,1.7462587281891522,False,False,nan,nan,nan,0
83,3584.005691078951,200.0,2.0,2.4732947565014762,4.323260626607796,False,False,nan,nan,nan,0
16,1746.3349208409388,200.0,2.0,2.152554295117435,1.8593771071286809,False,False,nan,nan,nan,0
77,3420.1999904400295,200.0,2.0,2.2411978949634417,2.155364939214455,False,False,nan,nan,nan,0
21,1878.7986368782945,200.0,2.0,2.160281105828533,2.7863787765320676,False,False,nan,nan,nan,0
56,2847.5649071470807,200.0,2.0,2.260722563375436,3.294874098250292,False,False,nan,nan,nan,0
20,1858.9430625412508,200.0,2.0,1.9752384384591155,2.1339709489930856,False,False,nan,nan,nan,0
26,2015.4324652050338,200.0,2.0,1.8101131879988934,1.9991860916143263,False,False,nan,nan,nan,0
55,2807.618241058022,200.0,2.0,2.0099257344746873,4.025089482768515,False,False,nan,nan,nan,0
60,2945.3953883043046,200.0,2.0,2.619746789649354,3.903852543140609,False,False,nan,nan,nan,0
80,3481.7647355241115,200.0,2.0,2.275646734179595,3.4422008229031706,False,False,nan,nan,nan,0
81,3507.239830629766,200.0,2.0,2.5310927905406997,2.8147872629424273,False,False,nan,nan,nan,1
77,3401.680669691481,200.0,2.0,2.2411978949634417,2.967593399145992,False,False,nan,nan,nan,0
50,2668.944857201493,200.0,2.0,2.1679228107452495,nan,False,False,nan,nan,nan,0
74,3318.3340751061605,200.0,2.0,2.014221738287412,0.028367890076469362,False,False,nan,nan,nan,0
73,3308.352181878385,200.0,2.0,2.316443207064827,1.7493261054635811,False,False,nan,nan,nan,0
81,3525.4175443938634,200.0,2.0,2.5310927905406997,2.9725628509158604,False,False,nan,nan,nan,1
40,2411.72410607245,200.0,2.0,1.6782570158954748,4.553385726669506,False,False,nan,nan,nan,0
80,3487.723099684603,200.0,2.0,2.275646734179595,2.700691593027988,False,False,nan,nan,nan,0
20,1866.0833321395442,200.0,2.0,1.9752384384591155,3.0359358361995135,False,False,nan,nan,nan,0
21,1887.24729836798,200.0,2.0,2.160281105828533,4.482955541309506,False,False,nan,nan,nan,0
24,1958.9844263538207,200.0,2.0,2.3516927644208874,4.089931084994277,False,False,nan,nan,nan,0
78,3436.8016710949846,200.0,2.0,0.7029262347765187,-0.9577892962874994,False,False,nan,nan,nan,0
73,3307.8494061728297,200.0,2.0,2.316443207064827,2.5407446527843356,False,False,nan,nan,nan,0
16,1742.3238769042352,200.0,2.0,2.152554295117435,0.9384766236987566,False,False,nan,nan,nan,0
79,3466.4507135554104,200.0,2.0,2.101659878064215,1.328142015761364,False,False,nan,nan,nan,0
20,1868.6180614311652,200.0,2.0,1.9752384384591155,3.616958076458501,False,False,nan,nan,nan,0
25,1983.7306924611987,200.0,2.0,2.2576810606988165,nan,False,False,nan,nan,nan,0
84,3584.930676171403,200.0,2.0,2.0314437174491458,2.397172309564837,False,False,nan,nan,nan,0
56,2852.952321523219,200.0,2.0,2.260722563375436,1.3014465003433595,False,False,nan,nan,nan,0
58,2899.4723001662164,200.0,2.0,2.344436373430741,4.297473013125624,False,False,nan,nan,nan,0
50,2670.921279125131,200.0,2.0,2.1679228107452495,4.176703957787887,False,False,nan,nan,nan,0
58,2907.4860666083273,200.0,2.0,2.344436373430741,2.7599753284708006,False,False,nan,nan,nan,0
18,1811.4629381787524,200.0,2.0,2.0358241710305984,3.176647331698558,False,False,nan,nan,nan,0
51,2709.2344437573656,200.0,2.0,2.383941706305746,4.797298506224005,False,False,nan,nan,nan,0
22,1917.567070621088,200.0,2.0,2.043300168551447,1.079891228717241,False,False,nan,nan,nan,0
22,1906.6447022953594,200.0,2.0,2.043300168551447,2.489452315324302,False,False,nan,nan,nan,0
75,3340.9632727891944,200.0,2.0,0.9903494964885581,9.323278683622505,False,False,nan,nan,nan,1
52,2735.8264856430915,200.0,2.0,2.0500131744574217,2.1362873355783636,False,False,nan,nan,nan,0
20,1849.8153138639816,200.0,2.0,1.9752384384591155,1.6544240264900087,False,False,nan,nan,nan,0
41,2438.008717732652,200.0,2.0,2.0881527156259407,2.2678770811224163,False,False,nan,nan,nan,0
86,3660.389163674248,200.0,2.0,2.3605166822338703,1.8346640314227975,False,False,nan,nan,nan,0
23,1929.8255953603034,200.0,2.0,2.3123813122188293,2.5840450651885076,False,False,nan,nan,nan,0
15,1726.9407828181354,200.0,2.0,2.2821209304714443,2.4335023243722236,False,False,nan,nan,nan,0
21,1876.5305719849002,200.0,2.0,2.160281105828533,3.71481534072212,False,False,nan,nan,nan,0
81,3529.4452983816486,200.0,2.0,2.5310927905406997,2.892916868196616,False,False,nan,nan,nan,1
81,3512.3898148409517,200.0,2.0,2.5310927905406997,4.312103999127263,False,False,nan,nan,nan,0
59,2928.098296835296,200.0,2.0,2.363037809480681,1.1185420136908504,False,False,nan,nan,nan,0
22,1915.9226053689154,200.0,2.0,2.043300168551447,3.9607080463721243,False,False,nan,nan,nan,0
55,2807.1654664549537,200.0,2.0,2.0099257344746873,3.616656888806217,False,False,nan,nan,nan,0
77,3417.7777221730626,200.0,2.0,2.2411978949634417,2.8483369413187085,False,False,nan,nan,nan,0
55,2816.91674837617,200.0,2.0,2.0099257344746873,2.9471179613127667,False,False,nan,nan,nan,0
78,3444.4684500499084,200.0,2.0,0.7029262347765187,-0.22948601521963555,False,False,nan,nan,nan,0
25,2003.9865155452464,200.0,2.0,2.2576810606988165,2.790589826662713,False,False,nan,nan,nan,0
75,3367.095439350152,200.0,2.0,0.9903494964885581,1.6047599589806694,False,False,nan,nan,nan,1
21,1881.390318809382,200.0,2.0,2.160281105828533,3.068764702846268,False,False,nan,nan,nan,0
84,3595.4138102087268,200.0,2.0,2.0314437174491458,nan,False,False,nan,nan,nan,0
84,3584.845955474016,200.0,4.0,2.367990653034722,3.8571292500974033,False,False,nan,nan,nan,0
15,1730.6740612202304,200.0,4.0,3.1353756462463522,3.804663071167617,False,False,nan,nan,nan,0
49,2650.395957660016,200.0,4.0,3.1234870571091555,nan,False,False,nan,nan,nan,0
51,2702.7565642660084,200.0,4.0,3.02964478993625,3.1826747591255184,False,False,nan,nan,nan,0
84,3586.526476967065,200.0,4.0,2.367990653034722,3.630637689777796,False,False,nan,nan,nan,0
78,3450.3810469255786,200.0,4.0,0.7236901357084708,0.9210456431278695,False,False,nan,nan,nan,0
73,3296.2828323861536,200.0,4.0,2.9329110401555885,2.213146204928453,False,False,nan,nan,nan,0
21,1889.568145548423,200.0,4.0,2.939487665409268,4.122812068518051,False,False,nan,nan,nan,0
53,2747.593267866827,200.0,4.0,1.690767287964299,1.8189940021849276,False,False,nan,nan,nan,0
49,2663.5739411153063,200.0,4.0,3.1234870571091555,3.8199157083598996,False,False,nan,nan,nan,0
25,1988.5918687135606,200.0,4.0,2.689373364119581,2.651341837260581,False,False,nan,nan,nan,0
74,3319.097962114364,200.0,4.0,2.6206683497235184,4.3991053674563965,False,False,nan,nan,nan,0
84,3607.4371939133825,200.0,4.0,2.367990653034722,4.201825129911832,False,False,nan,nan,nan,0
86,3661.523878500432,200.0,4.0,3.3397968769225064,3.0983666506591097,False,False,nan,nan,nan,0
25,1989.354379534577,200.0,4.0,2.689373364119581,3.231103290837654,False,False,nan,nan,nan,0
41,2431.9573814986275,200.0,4.0,2.716487436878591,3.4854246673711407,False,False,nan,nan,nan,0
82,3552.5339558152878,200.0,4.0,2.5573521019975054,2.7188399897965945,False,False,nan,nan,nan,0
60,2960.4967413273603,200.0,4.0,3.687239930748208,4.260969944434088,False,False,nan,nan,nan,0
60,2946.4481628406693,200.0,4.0,3.687239930748208,2.953716600735435,False,False,nan,nan,nan,0
51,2704.677434143177,200.0,4.0,3.02964478993625,nan,False,False,nan,nan,nan,0
18,1808.6546482110755,200.0,4.0,2.4745552791322023,3.620107395293716,False,False,nan,nan,nan,0
73,3308.4452370745616,200.0,4.0,2.9329110401555885,2.510200396409212,False,False,nan,nan,nan,0
55,2818.3792322733775,200.0,4.0,2.544656962342487,3.3872420937553227,False,False,nan,nan,nan,0
85,3628.710423296399,200.0,4.0,2.4881884565372943,2.691284253555931,False,False,nan,nan,nan,0
52,2723.579109258109,200.0,4.0,2.765052609960171,3.4376635952050383,False,False,nan,nan,nan,0
78,3450.632440146459,200.0,4.0,0.7236901357084708,0.5683839419657021,False,False,nan,nan,nan,0
74,3336.5674195162537,200.0,4.0,2.6206683497235184,3.1873577335628234,False,False,nan,nan,nan,0
81,3527.7036412837456,200.0,4.0,3.5391632137762254,4.212677150444035,False,False,nan,nan,nan,1
54,2772.3822708586026,200.0,4.0,2.4235605689259265,3.0253368735243744,False,False,nan,nan,nan,0
14,1687.0508113269614,200.0,4.0,2.0348607651492534,2.869490605646892,False,False,nan,nan,nan,0
51,2713.0192266071253,200.0,4.0,3.02964478993625,3.3291678235691826,False,False,nan,nan,nan,0
52,2719.0484965209253,200.0,4.0,2.765052609960171,4.078495222242903,False,False,nan,nan,nan,0
23,1954.4357451503681,200.0,4.0,3.306923234048874,5.447626719725041,False,False,nan,nan,nan,0
86,3647.6962547810385,200.0,4.0,3.3397968769225064,3.1933695311138934,False,False,nan,nan,nan,0
79,3470.7604718060825,200.0,4.0,2.632208967203935,3.439604077410566,False,False,nan,nan,nan,0
84,3608.026073156064,200.0,4.0,2.367990653034722,3.4919585447454202,False,False,nan,nan,nan,0
60,2946.7148288097037,200.0,4.0,3.687239930748208,4.451436015369867,False,False,nan,nan,nan,0
60,2945.4217771021126,200.0,4.0,3.687239930748208,3.9877551856826643,False,False,nan,nan,nan,0
41,2436.612896511732,200.0,4.0,2.716487436878591,2.587117447507836,False,False,nan,nan,nan,0
58,2899.3806351652015,200.0,4.0,2.9716622346146493,4.2573013128512,False,False,nan,nan,nan,0
50,2676.274156845347,200.0,4.0,3.018944906813648,3.598029333561463,False,False,nan,nan,nan,0
14,1699.0091028709082,200.0,4.0,2.0348607651492534,3.62903145949668,False,False,nan,nan,nan,0
58,2908.436054542809,200.0,4.0,2.9716622346146493,4.400656171181371,False,False,nan,nan,nan,0
54,2781.5392203351953,200.0,4.0,2.4235605689259265,3.763249874891924,False,False,nan,nan,nan,0
16,1742.826646020663,200.0,4.0,3.026829708717422,2.293339444033133,False,False,nan,nan,nan,0
41,2429.6018351957846,200.0,4.0,2.716487436878591,2.641842969427258,False,False,nan,nan,nan,0
49,2647.966751156236,200.0,4.0,3.1234870571091555,4.400347980481651,False,False,nan,nan,nan,0
78,3436.579444652232,200.0,4.0,0.7236901357084708,0.804372086840862,False,False,nan,nan,nan,0
41,2424.1365797667854,200.0,4.0,2.716487436878591,3.484119129740402,False,False,nan,nan,nan,0
40,2410.251883775425,200.0,4.0,2.053124061304683,2.0183434272015166,False,False,nan,nan,nan,0
15,1717.6811652990966,200.0,4.0,3.1353756462463522,3.1028787485412157,False,False,nan,nan,nan,0
14,1705.3687774353273,200.0,4.0,2.0348607651492534,3.6862458124267174,False,False,nan,nan,nan,0
75,3347.5952462223127,200.0,4.0,1.0947588060141775,2.473440948740449,False,False,nan,nan,nan,1
23,1931.5700654138418,200.0,4.0,3.306923234048874,3.556501126719736,False,False,nan,nan,nan,0
53,2763.0530848284493,200.0,4.0,1.690767287964299,0.5379550664926328,False,False,nan,nan,nan,0
58,2907.0791274475173,200.0,4.0,2.9716622346146493,3.9709619142843238,False,False,nan,nan,nan,0
41,2427.079622995038,200.0,4.0,2.716487436878591,3.7461148868919767,False,False,nan,nan,nan,0
53,2748.8613332088316,200.0,4.0,1.690767287964299,2.7960587997396384,False,False,nan,nan,nan,0
86,3644.850453835567,200.0,4.0,3.3397968769225064,1.7807033682852378,False,False,nan,nan,nan,0
53,2757.479454532705,200.0,4.0,1.690767287964299,2.917286967461165,False,False,nan,nan,nan,0
16,1748.5821080023668,200.0,8.0,4.185093232456538,4.139045350542672,False,False,nan,nan,nan,0
52,2726.352759939503,200.0,8.0,3.373317464292317,2.3702787785036232,False,False,nan,nan,nan,0
20,1843.6695235304853,200.0,8.0,2.5427171700616147,3.9382244944973377,False,False,nan,nan,nan,0
14,1695.874398488723,200.0,8.0,2.4318378876085,2.910647185012576,False,False,nan,nan,nan,0
18,1813.060138294885,200.0,8.0,3.137463428907863,3.1011859940319755,False,False,nan,nan,nan,0
25,2001.6281547551805,200.0,8.0,3.1019347872988434,3.62766817467861,False,False,nan,nan,nan,0
73,3297.855044297694,200.0,8.0,3.8346946645636977,4.891937731883663,False,False,nan,nan,nan,0
82,3536.18135935473,200.0,8.0,3.377247608257011,2.6162591767069023,False,False,nan,nan,nan,0
24,1962.20392463431,200.0,8.0,4.170841288519413,3.9004592290312927,False,False,nan,nan,nan,0
21,1878.1903006938287,200.0,8.0,4.200454191391674,3.9808595996320872,False,False,nan,nan,nan,0
40,2412.4491061685667,200.0,8.0,2.7408256727068467,3.786149812730299,False,False,nan,nan,nan,0
40,2415.497717957757,200.0,8.0,2.7408256727068467,3.411001314062074,False,False,nan,nan,nan,0
78,3450.592161676352,200.0,8.0,0.8057792836543123,0.9719946987479632,False,False,nan,nan,nan,0
18,1813.605964658909,200.0,8.0,3.137463428907863,4.867873564515765,False,False,nan,nan,nan,0
59,2936.3065662503336,200.0,8.0,4.2606619000909784,3.3097832729275365,False,False,nan,nan,nan,0
49,2663.4100491396216,200.0,8.0,4.013338553610699,3.479311269292738,False,False,nan,nan,nan,0
58,2885.033664149593,200.0,8.0,3.826916512654865,4.751660832883547,False,False,nan,nan,nan,0
51,2697.984254911432,200.0,8.0,4.30175747842189,5.563952433708,False,False,nan,nan,nan,0
84,3591.0861080353106,200.0,8.0,2.6907633264467443,2.945039417527445,False,False,nan,nan,nan,0
24,1970.8485252587152,200.0,8.0,4.170841288519413,3.126232480596861,False,False,nan,nan,nan,0
51,2697.2634091664377,200.0,8.0,4.30175747842189,4.2851983533194495,False,False,nan,nan,nan,0
80,3501.8703724179813,200.0,8.0,3.250583856109165,3.2274279254860074,False,False,nan,nan,nan,0
77,3406.729374263295,200.0,8.0,3.187712195584424,3.599723391687626,False,False,nan,nan,nan,0
50,2683.111771560763,200.0,8.0,3.3675961184226213,11.621455370617639,True,True,2683.069803965318,661.45413405445,4.0,1
55,2801.2960647099194,200.0,8.0,3.2230503207736754,4.667803096465499,False,False,nan,nan,nan,0
18,1796.0270805425018,200.0,8.0,3.137463428907863,2.7615772830765346,False,False,nan,nan,nan,0
52,2724.583290017247,200.0,8.0,3.373317464292317,2.309733427603087,False,False,nan,nan,nan,0
18,1810.8921132427492,200.0,8.0,3.137463428907863,3.738810253432708,False,False,nan,nan,nan,0
49,2656.2918698716967,200.0,8.0,4.013338553610699,3.428108452263349,False,False,nan,nan,nan,0
55,2817.154245728302,200.0,8.0,3.2230503207736754,3.4702733428334027,False,False,nan,nan,nan,0
77,3400.7792658765707,200.0,8.0,3.187712195584424,3.4805555551004113,False,False,nan,nan,nan,0
81,3515.318975432086,200.0,8.0,4.569780222034419,4.285195572892474,False,False,nan,nan,nan,1
80,3489.8272804439202,200.0,8.0,3.250583856109165,3.8148489556878618,False,False,nan,nan,nan,0
20,1862.8833313275923,200.0,8.0,2.5427171700616147,2.8093881805258674,False,False,nan,nan,nan,0
15,1730.2379563910324,200.0,8.0,4.4615874143378695,4.79527845498472,False,False,nan,nan,nan,0
15,1715.213137458836,200.0,8.0,4.4615874143378695,4.280064717928738,False,False,nan,nan,nan,0
59,2935.4287937520353,200.0,8.0,4.2606619000909784,4.501658915019209,False,False,nan,nan,nan,0
51,2697.6814718921046,200.0,8.0,4.30175747842189,3.3417602564760616,False,False,nan,nan,nan,0
24,1979.6181098108882,200.0,8.0,4.170841288519413,4.419637334773659,False,False,nan,nan,nan,0
75,3344.0299475800216,200.0,8.0,1.2530381343822425,1.8648933609617133,False,False,nan,nan,nan,1
50,2673.624105663192,200.0,8.0,3.3675961184226213,2.639671555224694,False,False,nan,nan,nan,0
22,1922.8768709186875,200.0,8.0,3.2430311581751443,2.9995252725064208,False,False,nan,nan,nan,0
59,2916.0914937962048,200.0,8.0,4.2606619000909784,5.099028956534055,False,False,nan,nan,nan,0
73,3296.5731081798986,200.0,8.0,3.8346946645636977,3.37282972020096,False,False,nan,nan,nan,0
16,1748.1918361087853,200.0,8.0,4.185093232456538,4.478965995388674,False,False,nan,nan,nan,0
22,1905.9794164457298,200.0,8.0,3.2430311581751443,5.021866334959232,False,False,nan,nan,nan,0
82,3551.7311886744187,200.0,8.0,3.377247608257011,4.410922542131867,False,False,nan,nan,nan,0
20,1865.1333310897378,200.0,8.0,2.5427171700616147,2.8129365731735008,False,False,nan,nan,nan,0
58,2906.918018451596,200.0,8.0,3.826916512654865,4.574275227525597,False,False,nan,nan,nan,0
77,3401.55288976393,200.0,8.0,3.187712195584424,2.9907564894183496,False,False,nan,nan,nan,0
55,2811.969586315205,200.0,8.0,3.2230503207736754,3.3263314358015568,False,False,nan,nan,nan,0
75,3347.7077470727786,200.0,8.0,1.2530381343822425,2.5706592755906494,False,False,nan,nan,nan,1
41,2426.2212931685503,200.0,8.0,3.7169940721148804,3.811678888276759,False,False,nan,nan,nan,0
26,2014.1046763471725,200.0,8.0,3.0834258841581144,2.6485558849931037,False,False,nan,nan,nan,0
15,1733.3212461935227,200.0,8.0,4.4615874143378695,4.6929365018720475,False,False,nan,nan,nan,0
16,1760.1207912724954,200.0,8.0,4.185093232456538,5.4525807839283384,False,False,nan,nan,nan,0
14,1702.1799119819655,200.0,8.0,2.4318378876085,2.9374660045346133,False,False,nan,nan,nan,0
41,2434.293474151816,200.0,8.0,3.7169940721148804,2.699540876468971,False,False,nan,nan,nan,0
26,2022.004747592555,200.0,8.0,3.0834258841581144,2.6479046058276925,False,False,nan,nan,nan,0
52,2732.3264503668915,200.0,8.0,3.373317464292317,4.838049054333748,False,False,nan,nan,nan,0
50,2683.006214212092,200.0,16.0,4.875245105112539,11.332234370513428,True,True,2683.069803965318,649.5488495676738,4.0,1
80,3491.3036802857473,200.0,16.0,4.07535043095411,2.0332191730437508,False,False,nan,nan,nan,0
49,2642.900008244139,200.0,16.0,5.165210701121324,4.325374944686225,False,False,nan,nan,nan,0
49,2642.7833400069485,200.0,16.0,5.165210701121324,3.2077400091379475,False,False,nan,nan,nan,0
22,1925.371358059538,200.0,16.0,3.5784352574448057,2.9221239645379367,False,False,nan,nan,nan,0
18,1800.628392947409,200.0,16.0,4.148274785431873,2.2212886637208276,False,False,nan,nan,nan,0
80,3504.4467688578943,200.0,16.0,4.07535043095411,2.720610241707926,False,False,nan,nan,nan,0
21,1874.7791782670256,200.0,16.0,5.001823558384723,5.299991881805502,False,False,nan,nan,nan,0
49,2655.716861130394,200.0,16.0,5.165210701121324,2.8029544195024,False,False,nan,nan,nan,0
85,3618.024497273435,200.0,16.0,4.969525667619532,3.55609666441537,False,False,nan,nan,nan,0
22,1906.1696965043798,200.0,16.0,3.5784352574448057,6.207659203220493,False,False,nan,nan,nan,0
82,3534.15082634382,200.0,16.0,4.181912962349081,3.4202417387794912,False,False,nan,nan,nan,0
50,2670.7754432713446,200.0,16.0,4.875245105112539,4.5082567569393195,False,False,nan,nan,nan,0
21,1895.6334768148272,200.0,16.0,5.001823558384723,4.457837126811371,False,False,nan,nan,nan,0
14,1689.2077486048004,200.0,16.0,3.015445492360431,2.275985687690344,False,False,nan,nan,nan,0
83,3574.7280711413255,200.0,16.0,6.31542887756142,3.9141935047818373,False,False,nan,nan,nan,0
16,1748.511275728803,200.0,16.0,6.417672911199454,3.5238783083322676,False,False,nan,nan,nan,0
85,3621.2133342440166,200.0,16.0,4.969525667619532,3.4961586520951644,False,False,nan,nan,nan,0
55,2811.995974844104,200.0,16.0,4.261426943694964,3.710646554502083,False,False,nan,nan,nan,0
73,3293.034247879367,200.0,16.0,5.1299697349223585,3.070786768922574,False,False,nan,nan,nan,0
81,3532.9161154451845,200.0,16.0,6.7587152639840555,2.87738288464541,False,False,nan,nan,nan,1
21,1893.0820623296074,200.0,16.0,5.001823558384723,3.4791575975992366,False,False,nan,nan,nan,0
80,3499.1592560426425,200.0,16.0,4.07535043095411,4.664341097294402,False,False,nan,nan,nan,0
49,2649.404275029676,200.0,16.0,5.165210701121324,5.039602478085004,False,False,nan,nan,nan,0
81,3510.0689883823316,200.0,16.0,6.7587152639840555,4.967388120052583,False,False,nan,nan,nan,0
80,3503.666210724702,200.0,16.0,4.07535043095411,4.684170475743307,False,False,nan,nan,nan,0
74,3322.4785158147247,200.0,16.0,4.020806643853696,3.4186799409161277,False,False,nan,nan,nan,0
56,2826.6152396152816,200.0,16.0,3.736875408103737,4.4334506924504815,False,False,nan,nan,nan,0
84,3591.868037962976,200.0,16.0,3.074695742784053,2.5049144243151855,False,False,nan,nan,nan,0
16,1758.1472153963732,200.0,16.0,6.417672911199454,4.747354200421209,False,False,nan,nan,nan,0
73,3306.7494114903343,200.0,16.0,5.1299697349223585,4.335537893656879,False,False,nan,nan,nan,0
16,1757.2166769649864,200.0,16.0,6.417672911199454,4.376921547866557,False,False,nan,nan,nan,0
60,2959.043961028204,200.0,16.0,5.980016774729949,4.917577283440811,False,False,nan,nan,nan,0
80,3484.9758616853633,200.0,16.0,4.07535043095411,4.447875638514262,False,False,nan,nan,nan,0
23,1953.269054616639,200.0,16.0,6.321760270056443,4.226070319062917,False,False,nan,nan,nan,0
55,2808.383513398581,200.0,16.0,4.261426943694964,1.3857218725515432,False,False,nan,nan,nan,0
26,2026.464490835592,200.0,16.0,4.6118125054669985,3.5774600674858323,False,False,nan,nan,nan,0
77,3395.5264097710215,200.0,16.0,3.9032176923980075,4.336448412997647,False,False,nan,nan,nan,0
56,2852.959265839919,200.0,16.0,3.736875408103737,2.084141050931229,False,False,nan,nan,nan,0
26,2016.9824784401428,200.0,16.0,4.6118125054669985,3.4305883788934683,False,False,nan,nan,nan,0
82,3534.9563729724173,200.0,16.0,4.181912962349081,4.922779367322739,False,False,nan,nan,nan,0
50,2677.17417478468,200.0,16.0,4.875245105112539,5.021772133403231,False,False,nan,nan,nan,0
79,3455.1616773951114,200.0,16.0,4.0305765215624625,3.6035671839079138,False,False,nan,nan,nan,0
52,2724.4402324362163,200.0,16.0,4.984519042139282,2.3526052634284618,False,False,nan,nan,nan,0
79,3468.9910124616476,200.0,16.0,4.0305765215624625,3.4476816947065383,False,False,nan,nan,nan,0
54,2779.6822743652956,200.0,16.0,3.760754142252051,4.387954302098877,False,False,nan,nan,nan,0
21,1895.7612560104167,200.0,16.0,5.001823558384723,3.7451254173987123,False,False,nan,nan,nan,0
60,2945.4217771021126,200.0,16.0,5.980016774729949,4.691441551241227,False,False,nan,nan,nan,0
51,2712.7122770685182,200.0,16.0,6.211916241667897,4.3037066361060665,False,False,nan,nan,nan,0
75,3352.6758497452424,200.0,16.0,1.5044299282289348,1.4230443481243418,False,False,nan,nan,nan,1
40,2409.5810504866768,200.0,16.0,3.9307332677032214,3.3046315560446766,False,False,nan,nan,nan,0
73,3306.3896912447394,200.0,16.0,5.1299697349223585,4.475129067246774,False,False,nan,nan,nan,0
16,1748.6737733032905,200.0,16.0,6.417672911199454,3.649449823627107,False,False,nan,nan,nan,0
59,2935.612126021535,200.0,16.0,5.25145657535402,4.021341083181843,False,False,nan,nan,nan,0
55,2805.8099204005107,200.0,16.0,4.261426943694964,3.5998020710361542,False,False,nan,nan,nan,0
56,2830.063797604134,200.0,16.0,3.736875408103737,2.9047023622553367,False,False,nan,nan,nan,0
18,1807.3046707484925,200.0,16.0,4.148274785431873,3.1920368006607722,False,False,nan,nan,nan,0
86,3660.5336071138663,200.0,16.0,4.966772686042225,3.5620757170512065,False,False,nan,nan,nan,0
58,2884.24618033037,200.0,16.0,5.572222948301117,3.668684812060269,False,False,nan,nan,nan,0
86,3648.7795775624904,200.0,16.0,4.966772686042225,4.150958088915123,False,False,nan,nan,nan,0
26,2032.527021027299,200.0,24.0,5.405417744333616,4.517342938373417,False,False,nan,nan,nan,0
77,3419.065246236231,200.0,24.0,5.616734694177618,3.0556784890880677,False,False,nan,nan,nan,0
26,2034.9423134518795,200.0,24.0,5.405417744333616,3.640059551998804,False,False,nan,nan,nan,0
52,2732.3570061853043,200.0,24.0,5.869397876240421,3.672377335428068,False,False,nan,nan,nan,0
77,3417.462438647158,200.0,24.0,5.616734694177618,3.446108875863308,False,False,nan,nan,nan,0
22,1907.3377665510452,200.0,24.0,4.029734139755337,3.229486045356589,False,False,nan,nan,nan,0
49,2663.3044915939927,200.0,24.0,6.998160208150679,3.7467393418963484,False,False,nan,nan,nan,0
75,3350.461938016103,200.0,24.0,2.047784948176504,1.7660082520623792,False,False,nan,nan,nan,1
77,3418.86663135163,200.0,24.0,5.616734694177618,3.431716867090202,False,False,nan,nan,nan,0
50,2676.1644324471895,200.0,24.0,5.780225434957853,4.598043327430442,False,False,nan,nan,nan,0
83,3573.612815084977,200.0,24.0,10.441529648863561,6.346772143785411,False,False,nan,nan,nan,0
21,1890.5250967835673,200.0,24.0,6.45457144846928,4.791809357755506,False,False,nan,nan,nan,0
58,2897.5834473647415,200.0,24.0,6.823842231981023,3.5970750706360923,False,False,nan,nan,nan,0
75,3365.3134703363066,200.0,24.0,2.047784948176504,1.8439596706487302,False,False,nan,nan,nan,1
41,2430.672664375229,200.0,24.0,6.947282453560954,3.0632203785011862,False,False,nan,nan,nan,0
23,1947.4050580758772,200.0,24.0,8.155861695441358,4.628784032710089,False,False,nan,nan,nan,0
50,2675.0505217225304,200.0,24.0,5.780225434957853,3.2354335615099785,False,False,nan,nan,nan,0
74,3323.9715735656305,200.0,24.0,4.648654782640573,4.306777642772794,False,False,nan,nan,nan,0
53,2754.591936868073,200.0,24.0,2.7955165091629124,1.9852273964614024,False,False,nan,nan,nan,0
25,1987.4154633916153,200.0,24.0,4.5014400145099716,4.368182517094075,False,False,nan,nan,nan,0
80,3482.0911258332108,200.0,24.0,4.995621516677167,4.007212111182961,False,False,nan,nan,nan,0
41,2438.107328006802,200.0,24.0,6.947282453560954,4.314326113125336,False,False,nan,nan,nan,0
20,1860.3000026442537,200.0,24.0,3.5945582216245238,2.4694604687434314,False,False,nan,nan,nan,0
77,3417.5138284690697,200.0,24.0,5.616734694177618,3.385043949673817,False,False,nan,nan,nan,0
40,2391.192110224241,200.0,24.0,5.941714882406629,4.152182527193015,False,False,nan,nan,nan,0
82,3541.8438027078664,200.0,24.0,5.260328765286729,2.8844629581006718,False,False,nan,nan,nan,0
79,3456.558915594994,200.0,24.0,4.627917982799302,2.9343620579901355,False,False,nan,nan,nan,0
22,1921.2657344143593,200.0,24.0,4.029734139755337,2.4053274112741505,False,False,nan,nan,nan,0
84,3607.471915558633,200.0,24.0,3.4407986156520103,3.740256169470971,False,False,nan,nan,nan,0
77,3399.8973073782936,200.0,24.0,5.616734694177618,3.603711985319842,False,False,nan,nan,nan,0
83,3576.1655438542007,200.0,24.0,10.441529648863561,5.878348066106782,False,False,nan,nan,nan,0
22,1903.1918855925737,200.0,24.0,4.029734139755337,4.95639264315155,False,False,nan,nan,nan,0
82,3540.5493701648998,200.0,24.0,5.260328765286729,2.7363494477578323,False,False,nan,nan,nan,0
78,3436.7127805236582,200.0,24.0,1.4122844383033317,2.95657505376768,False,False,nan,nan,nan,0
26,2017.0435900797145,200.0,24.0,5.405417744333616,3.344481477530453,False,False,nan,nan,nan,0
26,2027.3242170638284,200.0,24.0,5.405417744333616,3.3269952957989113,False,False,nan,nan,nan,0
83,3582.218217633529,200.0,24.0,10.441529648863561,5.380389152627622,False,False,nan,nan,nan,0
77,3399.1070174813335,200.0,24.0,5.616734694177618,2.668123246636928,False,False,nan,nan,nan,0
85,3623.774406657779,200.0,24.0,6.022681231316252,6.97137858492168,False,False,nan,nan,nan,0
56,2844.7024546257453,200.0,24.0,3.9919820330091933,3.915836715258968,False,False,nan,nan,nan,0
78,3451.4949545862733,200.0,24.0,1.4122844383033317,2.7269325770230846,False,False,nan,nan,nan,0
58,2900.1070110633314,200.0,24.0,6.823842231981023,3.691461610181326,False,False,nan,nan,nan,0
77,3400.047309729453,200.0,24.0,5.616734694177618,4.103759184654529,False,False,nan,nan,nan,0
40,2408.6435506768617,200.0,24.0,5.941714882406629,5.905116894257844,False,False,nan,nan,nan,0
16,1745.462712821414,200.0,24.0,9.003551780144122,6.75225590853244,False,False,nan,nan,nan,0
75,3366.9246038744336,200.0,24.0,2.047784948176504,1.733446869806409,False,False,nan,nan,nan,1
55,2807.254354721539,200.0,24.0,4.961626959466406,5.390404185855745,False,False,nan,nan,nan,0
52,2737.4598373153362,200.0,24.0,5.869397876240421,3.5449772796102637,False,False,nan,nan,nan,0
56,2825.8874739845437,200.0,24.0,3.9919820330091933,3.2005196338045874,False,False,nan,nan,nan,0
55,2807.2640768756946,200.0,24.0,4.961626959466406,5.4409336840432365,False,False,nan,nan,nan,0
74,3336.7813096484297,200.0,24.0,4.648654782640573,3.908303333718459,False,False,nan,nan,nan,0
85,3629.377078299342,200.0,24.0,6.022681231316252,2.0852750161689766,False,False,nan,nan,nan,0
49,2648.92648928741,200.0,24.0,6.998160208150679,3.7641033992110806,False,False,nan,nan,nan,0
22,1924.9880178534981,200.0,24.0,4.029734139755337,3.0233456342790217,False,False,nan,nan,nan,0
81,3528.9883563231947,200.0,24.0,9.55571763505314,4.739769847057757,False,False,nan,nan,nan,0
41,2428.2018407100454,200.0,24.0,6.947282453560954,3.354963410925492,False,False,nan,nan,nan,0
81,3521.6578487989077,200.0,24.0,9.55571763505314,4.780386656646298,False,False,nan,nan,nan,0
75,3353.3453003527725,200.0,24.0,2.047784948176504,2.4353689153843945,False,False,nan,nan,nan,1
52,2736.5001042309623,200.0,24.0,5.869397876240421,6.030564811548768,False,False,nan,nan,nan,0
80,3488.1300467126157,200.0,24.0,4.995621516677167,4.422094520863996,False,False,nan,nan,nan,0
79,3457.501982440584,300.0,1.0,2.41516861590595,3.6720843966969103,False,False,nan,nan,nan,0
50,2689.9091202610116,300.0,1.0,2.467931920543967,2.4063195611173427,False,False,nan,nan,nan,0
85,3634.785330891762,300.0,1.0,2.333475258763793,2.868766269753417,False,False,nan,nan,nan,0
40,2414.5879954913216,300.0,1.0,2.0699409309537957,2.0604944505628446,False,False,nan,nan,nan,0
84,3609.891321938239,300.0,1.0,2.4456608562552926,-0.4852574028758763,False,False,nan,nan,nan,0
14,1701.5771387407988,300.0,1.0,2.1525636329031195,1.7611745849802196,False,False,nan,nan,nan,0
86,3659.3238940136057,300.0,1.0,2.566749573793557,3.3893884686963474,False,False,nan,nan,nan,0
24,1976.212497064492,300.0,1.0,2.530976007046354,3.50647525254381,False,False,nan,nan,nan,0
18,1800.5992267103932,300.0,1.0,2.3338078583385373,-0.2854737722936631,False,False,nan,nan,nan,0
60,2947.7745486927365,300.0,1.0,2.8675848059668843,3.529652188360333,False,False,nan,nan,nan,0
74,3320.2215714612034,300.0,1.0,2.414095124540942,2.805041499930825,False,False,nan,nan,nan,0
59,2928.831622481191,300.0,1.0,2.6949109483190945,2.234919594358935,False,False,nan,nan,nan,0
60,2944.9106678475932,300.0,1.0,2.8675848059668843,3.245655425764178,False,False,nan,nan,nan,0
40,2397.6990801421034,300.0,1.0,2.0699409309537957,3.0294674440327998,False,False,nan,nan,nan,0
53,2759.016957823397,300.0,1.0,1.897010653873257,1.782399914507882,False,False,nan,nan,nan,0
49,2648.27231174623,300.0,1.0,2.599713048120371,3.3556700562731616,False,False,nan,nan,nan,0
26,2015.4921879313808,300.0,1.0,2.1222166938843916,0.6005027695757178,False,False,nan,nan,nan,0
73,3309.7730105041687,300.0,1.0,2.5863115909055434,2.920959349174444,False,False,nan,nan,nan,0
26,2031.7645169311718,300.0,1.0,2.1222166938843916,2.838140836199023,False,False,nan,nan,nan,0
58,2887.4252848644214,300.0,1.0,2.6382588930018596,2.6700930304802264,False,False,nan,nan,nan,0
49,2640.505533589853,300.0,1.0,2.599713048120371,1.3546430238695586,False,False,nan,nan,nan,0
15,1717.6200548634235,300.0,1.0,2.6143651850533822,3.288651847940241,False,False,nan,nan,nan,0
52,2739.4612494815365,300.0,1.0,2.334057762665728,2.013504074073438,False,False,nan,nan,nan,0
20,1864.8361086861182,300.0,1.0,2.384128343978258,3.2079879232940622,False,False,nan,nan,nan,0
24,1959.2955424890051,300.0,1.0,2.530976007046354,1.911271832582429,False,False,nan,nan,nan,0
74,3334.5312985222995,300.0,1.0,2.414095124540942,3.3926971697681374,False,False,nan,nan,nan,0
59,2914.7192902740985,300.0,1.0,2.6949109483190945,2.719256220192047,False,False,nan,nan,nan,0
20,1852.1778044801288,300.0,1.0,2.384128343978258,3.3236089472664703,False,False,nan,nan,nan,0
52,2743.05295918386,300.0,1.0,2.334057762665728,nan,False,False,nan,nan,nan,0
26,2014.8630159780043,300.0,1.0,2.1222166938843916,2.7519204532323163,False,False,nan,nan,nan,0
84,3587.7583957324546,300.0,1.0,2.4456608562552926,3.1150403268855094,False,False,nan,nan,nan,0
14,1691.0382983625948,300.0,1.0,2.1525636329031195,2.6537907510745007,False,False,nan,nan,nan,0
50,2684.5284628935983,300.0,1.0,2.467931920543967,1.815349070976972,False,False,nan,nan,nan,0
82,3557.557506826762,300.0,1.0,2.362984186212752,0.9653941230965823,False,False,nan,nan,nan,0
26,2034.6742560783716,300.0,1.0,2.1222166938843916,2.2552803954365777,False,False,nan,nan,nan,0
60,2940.920411851984,300.0,1.0,2.8675848059668843,1.8701110280057558,False,False,nan,nan,nan,0
84,3587.4306247208883,300.0,1.0,2.4456608562552926,3.9706121040974414,False,False,nan,nan,nan,0
58,2904.8249916989193,300.0,1.0,2.6382588930018596,3.597998377882148,False,False,nan,nan,nan,0
25,1990.6307868277106,300.0,1.0,2.494000332706449,2.339253403564345,False,False,nan,nan,nan,0
53,2766.2114330808463,300.0,1.0,1.897010653873257,3.1495916896291827,False,False,nan,nan,nan,0
24,1973.6805123110225,300.0,1.0,2.530976007046354,3.846085808984944,False,False,nan,nan,nan,0
52,2723.7068888121794,300.0,1.0,2.334057762665728,1.5656254346652798,False,False,nan,nan,nan,0
75,3363.5717797790608,300.0,1.0,1.3322948771442855,1.3008076421460402,False,False,nan,nan,nan,1
58,2887.6419475685175,300.0,1.0,2.6382588930018596,3.410031652377548,False,False,nan,nan,nan,0
21,1881.5000418023765,300.0,1.0,2.5084293304189926,4.087899455046181,False,False,nan,nan,nan,0
54,2784.8350417325623,300.0,1.0,2.2461538693032432,3.7138693956159763,False,False,nan,nan,nan,0
25,1997.0419937242434,300.0,1.0,2.494000332706449,nan,False,False,nan,nan,nan,0
26,2027.6033850529868,300.0,1.0,2.1222166938843916,3.514964173209453,False,False,nan,nan,nan,0
79,3469.4049047357125,300.0,1.0,2.41516861590595,2.825968316384559,False,False,nan,nan,nan,0
14,1710.0631924154625,300.0,1.0,2.1525636329031195,1.6639106784562254,False,False,nan,nan,nan,0
14,1710.1951362513335,300.0,1.0,2.1525636329031195,nan,False,False,nan,nan,nan,0
15,1725.4269169302709,300.0,1.0,2.6143651850533822,2.793010723423924,False,False,nan,nan,nan,0
18,1792.8410296514592,300.0,1.0,2.3338078583385373,3.1615220796771477,False,False,nan,nan,nan,0
74,3333.4937949494074,300.0,1.0,2.414095124540942,1.0603994595226531,False,False,nan,nan,nan,0
20,1868.2347265346111,300.0,1.0,2.384128343978258,3.108895421492098,False,False,nan,nan,nan,0
40,2399.3476987464146,300.0,1.0,2.0699409309537957,3.7270236349590675,False,False,nan,nan,nan,0
26,2021.2936290741084,300.0,1.0,2.1222166938843916,2.78171242320062,False,False,nan,nan,nan,0
22,1910.2169727757923,300.0,1.0,2.444234876849081,1.6855209826439912,False,False,nan,nan,nan,0
23,1930.5547725035194,300.0,1.0,2.5423276078328523,3.417295295460986,False,False,nan,nan,nan,0
49,2657.998841517809,300.0,1.0,2.599713048120371,1.5925647854511946,False,False,nan,nan,nan,0
78,3440.7058965135434,300.0,2.0,1.0543893521647782,1.808872065276532,False,False,nan,nan,nan,0
40,2413.065772939358,300.0,2.0,2.5173855238432123,3.146435114557924,False,False,nan,nan,nan,0
74,3335.8215821370745,300.0,2.0,3.021332607431119,2.9351757678549766,False,False,nan,nan,nan,0
83,3580.0738077833125,300.0,2.0,3.7099421347522146,2.9328944417210847,False,False,nan,nan,nan,0
84,3593.398566128724,300.0,2.0,3.047165576173719,3.8823889537882517,False,False,nan,nan,nan,0
50,2674.668569911297,300.0,2.0,3.2518842161178747,3.3852975042806577,False,False,nan,nan,nan,0
24,1975.8638802970636,300.0,2.0,3.5275391466313315,4.4920480624385695,False,False,nan,nan,nan,0
75,3362.845381623502,300.0,2.0,1.4855242447328372,1.4286463794437685,False,False,nan,nan,nan,1
22,1911.779496946835,300.0,2.0,3.064950252827171,4.210588169580675,False,False,nan,nan,nan,0
24,1979.5375528542222,300.0,2.0,3.5275391466313315,3.2376910720920793,False,False,nan,nan,nan,0
25,1987.8238023914362,300.0,2.0,3.386521591048225,3.729999609032546,False,False,nan,nan,nan,0
58,2907.030516973177,300.0,2.0,3.516654560146112,4.822299532001444,False,False,nan,nan,nan,0
83,3561.9532740814548,300.0,2.0,3.7099421347522146,2.6289153351065595,False,False,nan,nan,nan,0
41,2423.897691927504,300.0,2.0,3.1322290734389115,6.101852429243205,False,False,nan,nan,nan,0
40,2406.1477193038745,300.0,2.0,2.5173855238432123,3.800836372732804,False,False,nan,nan,nan,0
26,2011.8629917157816,300.0,2.0,2.7151697819983402,1.6910856386511497,False,False,nan,nan,nan,0
54,2771.212827678802,300.0,2.0,2.9086534199307104,3.5193423970955724,False,False,nan,nan,nan,0
24,1955.807988322203,300.0,2.0,3.5275391466313315,nan,False,False,nan,nan,nan,0
18,1799.7117402290762,300.0,2.0,3.0537362565458976,4.251477446262739,False,False,nan,nan,nan,0
81,3527.16336671299,300.0,2.0,3.79663918581105,3.2483101009464037,False,False,nan,nan,nan,1
18,1791.6257762577272,300.0,2.0,3.0537362565458976,1.8314309779860958,False,False,nan,nan,nan,0
41,2437.719831307882,300.0,2.0,3.1322290734389115,4.367671591054582,False,False,nan,nan,nan,0
77,3420.379160641415,300.0,2.0,3.3617968424451625,2.5002135846604414,False,False,nan,nan,nan,0
41,2424.267134752868,300.0,2.0,3.1322290734389115,2.788772025976866,False,False,nan,nan,nan,0
14,1686.0202593063439,300.0,2.0,2.580155727369028,3.922318526598053,False,False,nan,nan,nan,0
16,1759.5471902312036,300.0,2.0,3.228831442676152,3.026098927065405,False,False,nan,nan,nan,0
25,2005.3920879397062,300.0,2.0,3.386521591048225,3.1036228450167087,False,False,nan,nan,nan,0
56,2840.298368175954,300.0,2.0,3.391083845063154,4.413648489344559,False,False,nan,nan,nan,0
52,2739.84875407203,300.0,2.0,3.075019761686133,2.6934470485233555,False,False,nan,nan,nan,0
15,1713.0895509136274,300.0,2.0,3.4231813957071666,3.830302985447793,False,False,nan,nan,nan,0
51,2702.5190597501,300.0,2.0,3.5759125594586196,3.4627630307352697,False,False,nan,nan,nan,0
56,2845.6885490627433,300.0,2.0,3.391083845063154,4.943176640161955,False,False,nan,nan,nan,0
58,2889.9044078772163,300.0,2.0,3.516654560146112,2.726962612353725,False,False,nan,nan,nan,0
41,2440.2767544580342,300.0,2.0,3.1322290734389115,2.6365137908657528,False,False,nan,nan,nan,0
23,1944.3619527796923,300.0,2.0,3.4685719683282445,6.212421981560813,False,False,nan,nan,nan,0
55,2817.538963689824,300.0,2.0,3.0148886017120313,3.4296584641350347,False,False,nan,nan,nan,0
75,3352.7591838966705,300.0,2.0,1.4855242447328372,1.1940232500964034,False,False,nan,nan,nan,1
40,2400.697704978763,300.0,2.0,2.5173855238432123,3.443753039527798,False,False,nan,nan,nan,0
51,2699.4315027012353,300.0,2.0,3.5759125594586196,3.173941638529626,False,False,nan,nan,nan,0
60,2943.3037305534453,300.0,2.0,3.9296201844740315,4.306664672260901,False,False,nan,nan,nan,0
73,3308.763291457856,300.0,2.0,3.474664810597241,2.633762574770443,False,False,nan,nan,nan,0
85,3616.159253495092,300.0,2.0,2.9851991970616925,3.1455723269622817,False,False,nan,nan,nan,0
78,3435.7849849002573,300.0,2.0,1.0543893521647782,6.210405802226601,False,False,nan,nan,nan,0
41,2424.4782449491513,300.0,2.0,3.1322290734389115,2.4989678434968274,False,False,nan,nan,nan,0
22,1904.2724525322515,300.0,2.0,3.064950252827171,4.129637278569615,False,False,nan,nan,nan,0
15,1731.1726651942852,300.0,2.0,3.4231813957071666,4.273175359516999,False,False,nan,nan,nan,0
16,1747.112686196672,300.0,2.0,3.228831442676152,2.7347656429123037,False,False,nan,nan,nan,0
74,3339.3535472858243,300.0,2.0,3.021332607431119,4.528225440955849,False,False,nan,nan,nan,0
81,3509.707878487288,300.0,2.0,3.79663918581105,3.6064892468657597,False,False,nan,nan,nan,0
86,3657.6711312415314,300.0,2.0,3.5407750233508057,4.080996662238062,False,False,nan,nan,nan,0
22,1910.7794812311545,300.0,2.0,3.064950252827171,3.0438029439165053,False,False,nan,nan,nan,0
83,3569.3226041982257,300.0,2.0,3.7099421347522146,4.743127369020886,False,False,nan,nan,nan,0
22,1923.5532709446254,300.0,2.0,3.064950252827171,3.5356625546816245,False,False,nan,nan,nan,0
85,3635.6408758114826,300.0,2.0,2.9851991970616925,2.745528591128072,False,False,nan,nan,nan,0
85,3633.940897268965,300.0,2.0,2.9851991970616925,3.2120327091557352,False,False,nan,nan,nan,0
52,2725.1541314865326,300.0,2.0,3.075019761686133,2.7720420436643094,False,False,nan,nan,nan,0
59,2917.197035329444,300.0,2.0,3.544556714221022,3.281084783116031,False,False,nan,nan,nan,0
53,2760.701685935565,300.0,2.0,2.24184552711169,2.7840179434558276,False,False,nan,nan,nan,0
85,3619.370307667706,300.0,2.0,2.9851991970616925,3.125212801969354,False,False,nan,nan,nan,0
25,2003.4712316894431,300.0,2.0,3.386521591048225,5.122024021251091,False,False,nan,nan,nan,0
14,1698.3757744808165,300.0,4.0,3.0522911477238805,3.034927040547514,False,False,nan,nan,nan,0
77,3405.5515732536946,300.0,4.0,4.237534562161566,4.336801842177889,False,False,nan,nan,nan,0
50,2688.367423256672,300.0,4.0,4.528417360220472,3.8948151632662777,False,False,nan,nan,nan,0
49,2658.7363538023237,300.0,4.0,4.685230585663734,4.510064712654187,False,False,nan,nan,nan,0
53,2744.6418599448925,300.0,4.0,2.5361509319464486,1.7481058664003437,False,False,nan,nan,nan,0
55,2798.355811944173,300.0,4.0,3.8169854435137305,4.724656774653808,False,False,nan,nan,nan,0
84,3601.9234075922764,300.0,4.0,3.551985979552084,4.038490289992647,False,False,nan,nan,nan,0
49,2649.7403916950707,300.0,4.0,4.685230585663734,5.094473314550903,False,False,nan,nan,nan,0
59,2918.048414011338,300.0,4.0,4.893366996812377,3.9560997740819324,False,False,nan,nan,nan,0
26,2020.256118927478,300.0,4.0,3.4324010447728894,3.919518177310662,False,False,nan,nan,nan,0
25,2003.9754043025798,300.0,4.0,4.034060046179372,4.105841871698412,False,False,nan,nan,nan,0
18,1810.3837875768907,300.0,4.0,3.7118329186983043,3.3681801585308775,False,False,nan,nan,nan,0
41,2435.403185376172,300.0,4.0,4.074731155317886,5.343098829021252,False,False,nan,nan,nan,0
21,1880.5194797436893,300.0,4.0,4.409231498113902,5.021204727341733,False,False,nan,nan,nan,0
77,3400.326480814751,300.0,4.0,4.237534562161566,4.070983723637749,False,False,nan,nan,nan,0
20,1856.9847380411782,300.0,4.0,3.392963748833055,3.459739291878461,False,False,nan,nan,nan,0
22,1907.6266591556018,300.0,4.0,3.86067126657713,4.278399770151376,False,False,nan,nan,nan,0
52,2732.940344757344,300.0,4.0,4.147578914940257,nan,False,False,nan,nan,nan,0
60,2957.0384044952457,300.0,4.0,5.530859896122313,4.639047984498122,False,False,nan,nan,nan,0
81,3508.073161897218,300.0,4.0,5.308744820664339,4.365917103377629,False,False,nan,nan,nan,0
49,2640.3805321416867,300.0,4.0,4.685230585663734,nan,False,False,nan,nan,nan,0
14,1687.1910886293347,300.0,4.0,3.0522911477238805,2.9739529166284413,False,False,nan,nan,nan,0
59,2934.41768863702,300.0,4.0,4.893366996812377,5.518556627091143,False,False,nan,nan,nan,0
78,3446.096253034612,300.0,4.0,1.0855352035627064,2.4749827093303245,False,False,nan,nan,nan,0
78,3437.2989025198954,300.0,4.0,1.0855352035627064,0.9327886543884345,False,False,nan,nan,nan,0
81,3529.82168537968,300.0,4.0,5.308744820664339,5.6945897300459345,False,False,nan,nan,nan,0
18,1800.3867298711195,300.0,4.0,3.7118329186983043,3.4207343302871145,False,False,nan,nan,nan,0
80,3492.5495227680685,300.0,4.0,4.148460801325927,4.416219432935533,False,False,nan,nan,nan,0
81,3530.863347191562,300.0,4.0,5.308744820664339,6.186136006327601,False,False,nan,nan,nan,1
53,2745.433530869841,300.0,4.0,2.5361509319464486,3.7619475415607604,False,False,nan,nan,nan,0
41,2425.4671296348265,300.0,4.0,4.074731155317886,3.2330733360558233,False,False,nan,nan,nan,0
53,2759.0114022513794,300.0,4.0,2.5361509319464486,2.9124972795177735,False,False,nan,nan,nan,0
53,2748.7016097261676,300.0,4.0,2.5361509319464486,4.299900886982752,False,False,nan,nan,nan,0
40,2410.1143837796862,300.0,4.0,3.0796860919570253,2.3259480483487316,False,False,nan,nan,nan,0
14,1687.2230329657475,300.0,4.0,3.0522911477238805,3.928888326306681,False,False,nan,nan,nan,0
83,3562.056050104373,300.0,4.0,5.229386853568805,5.494160246921848,False,False,nan,nan,nan,0
51,2699.216221069277,300.0,4.0,4.544467184904375,2.889578592843874,False,False,nan,nan,nan,0
18,1799.4395223045676,300.0,4.0,3.7118329186983043,5.076642966357742,False,False,nan,nan,nan,0
55,2801.5696736899777,300.0,4.0,3.8169854435137305,4.0180007182815265,False,False,nan,nan,nan,0
16,1741.5183353645177,300.0,4.0,4.540244563076133,6.353274312671386,False,False,nan,nan,nan,0
73,3310.4646753995503,300.0,4.0,4.399366560233383,5.0495146635050485,False,False,nan,nan,nan,0
22,1907.7599942218717,300.0,4.0,3.86067126657713,4.0323605569580705,False,False,nan,nan,nan,0
41,2429.1823923915044,300.0,4.0,4.074731155317886,4.546021758130745,False,False,nan,nan,nan,0
25,1985.687662151104,300.0,4.0,4.034060046179372,4.139365368748109,False,False,nan,nan,nan,0
55,2806.180751126846,300.0,4.0,3.8169854435137305,4.569290442411364,False,False,nan,nan,nan,0
41,2426.740735484081,300.0,4.0,4.074731155317886,3.2293886946682706,False,False,nan,nan,nan,0
84,3602.1067372030952,300.0,4.0,3.551985979552084,3.346276369968554,False,False,nan,nan,nan,0
51,2699.1884427954333,300.0,4.0,4.544467184904375,3.1994922641820565,False,False,nan,nan,nan,0
79,3477.40776044604,300.0,4.0,3.948313450805903,5.12571790714313,False,False,nan,nan,nan,0
15,1733.1309710329654,300.0,4.0,4.703063469369528,3.163772235865612,False,False,nan,nan,nan,0
74,3316.8688025527877,300.0,4.0,3.931002524585278,3.6795855345577677,False,False,nan,nan,nan,0
77,3397.4056039462007,300.0,4.0,4.237534562161566,4.204905353111453,False,False,nan,nan,nan,0
15,1713.5103793201058,300.0,4.0,4.703063469369528,4.6136897216048585,False,False,nan,nan,nan,0
53,2759.823904889645,300.0,4.0,2.5361509319464486,3.5679227984451596,False,False,nan,nan,nan,0
51,2697.7050834105275,300.0,4.0,4.544467184904375,2.5421691828781214,False,False,nan,nan,nan,0
23,1951.7634697612816,300.0,4.0,4.960384851073311,5.3032839895640915,False,False,nan,nan,nan,0
85,3631.9798139323025,300.0,4.0,3.7322826848059414,4.068253109617327,False,False,nan,nan,nan,0
18,1810.2476785477054,300.0,4.0,3.7118329186983043,3.17528406059949,False,False,nan,nan,nan,0
74,3326.8187971853536,300.0,4.0,3.931002524585278,3.9874920226289388,False,False,nan,nan,nan,0
21,1897.6946127352503,300.0,4.0,4.409231498113902,-0.9302644660531928,False,False,nan,nan,nan,0
52,2719.4235005421174,300.0,8.0,5.059976196438476,5.463724964012274,False,False,nan,nan,nan,0
23,1938.8549123618027,300.0,8.0,6.599885278374963,8.270375234534262,True,True,1938.7867010659543,264.244745912881,12.0,1
16,1745.5363227239466,300.0,8.0,6.2776398486848075,6.842119775023876,False,False,nan,nan,nan,0
53,2767.7447739218887,300.0,8.0,2.953315211120142,3.314447419866793,False,False,nan,nan,nan,0
18,1805.26859561359,300.0,8.0,4.706195143361795,6.1075045831316,False,False,nan,nan,nan,0
83,3579.7113139053185,300.0,8.0,6.858995828141848,8.655023494357266,True,True,3579.7269280422533,342.3644143788253,8.0,1
84,3588.0958888234068,300.0,8.0,4.036144989670117,5.042289264034318,False,False,nan,nan,nan,0
79,3479.241113812367,300.0,8.0,4.599881587783261,5.488900161331728,False,False,nan,nan,nan,0
41,2433.8101459089025,300.0,8.0,5.575491108172321,2.8645016275965434,False,False,nan,nan,nan,0
55,2811.0251548743195,300.0,8.0,4.834575481160513,6.345314757267946,False,False,nan,nan,nan,0
26,2034.432587815398,300.0,8.0,4.625138826237173,5.444118337128047,False,False,nan,nan,nan,0
85,3620.8869502694765,300.0,8.0,5.148160509939418,4.206011517137044,False,False,nan,nan,nan,0
79,3464.0034596265023,300.0,8.0,4.599881587783261,3.7991532736648383,False,False,nan,nan,nan,0
79,3468.0243380496713,300.0,8.0,4.599881587783261,4.323988494502877,False,False,nan,nan,nan,0
53,2747.0807640877138,300.0,8.0,2.953315211120142,4.124423388317951,False,False,nan,nan,nan,0
73,3295.1272853247933,300.0,8.0,5.752041996845547,4.700994482775208,False,False,nan,nan,nan,0
24,1960.6830653795764,300.0,8.0,6.25626193277912,5.241943514712559,False,False,nan,nan,nan,0
86,3643.624081291785,300.0,8.0,5.934230552622464,6.626983765316802,False,False,nan,nan,nan,0
79,3476.954977629709,300.0,8.0,4.599881587783261,4.325375525197378,False,False,nan,nan,nan,0
15,1726.818562440443,300.0,8.0,6.692381121506805,5.296276627354414,False,False,nan,nan,nan,0
58,2892.4307557924053,300.0,8.0,5.7403747689822975,4.663502490060477,False,False,nan,nan,nan,0
73,3296.49671980797,300.0,8.0,5.752041996845547,4.387484534789883,False,False,nan,nan,nan,0
52,2729.4264168579757,300.0,8.0,5.059976196438476,6.231671841617381,False,False,nan,nan,nan,0
79,3469.0076792635577,300.0,8.0,4.599881587783261,4.82690768594897,False,False,nan,nan,nan,0
50,2690.1674587514553,300.0,8.0,5.051394177633933,5.881808506341003,False,False,nan,nan,nan,0
79,3478.3091594329726,300.0,8.0,4.599881587783261,4.423269829212745,False,False,nan,nan,nan,0
77,3402.7015205944654,300.0,8.0,4.781568293376637,2.8601705809142826,False,False,nan,nan,nan,0
78,3440.282279768329,300.0,8.0,1.2086689254814686,1.5722507236347467,False,False,nan,nan,nan,0
26,2021.0450154646803,300.0,8.0,4.625138826237173,3.425335736432088,False,False,nan,nan,nan,0
85,3628.6784794194205,300.0,8.0,5.148160509939418,3.3868919593668303,False,False,nan,nan,nan,0
50,2677.2394538636,300.0,8.0,5.051394177633933,6.7447156584069425,False,False,nan,nan,nan,0
26,2026.9394930355618,300.0,8.0,4.625138826237173,4.807594490747661,False,False,nan,nan,nan,0
41,2435.2281870471375,300.0,8.0,5.575491108172321,7.5336444019288855,True,True,2435.240767671144,370.92578832170636,8.0,1
49,2646.551450619277,300.0,8.0,6.0200078304160485,6.843658129870013,False,False,nan,nan,nan,0
85,3620.307792555841,300.0,8.0,5.148160509939418,3.9951374605214918,False,False,nan,nan,nan,0
16,1746.6932484200784,300.0,8.0,6.2776398486848075,5.614373609253144,False,False,nan,nan,nan,0
55,2799.501634945677,300.0,8.0,4.834575481160513,6.035877077977666,False,False,nan,nan,nan,0
40,2395.1782357269417,300.0,8.0,4.1112385090602706,3.3504290758523614,False,False,nan,nan,nan,0
54,2789.085023638951,300.0,8.0,4.428442218025423,2.9903855482289057,False,False,nan,nan,nan,0
85,3621.0258370557117,300.0,8.0,5.148160509939418,4.16727497557196,False,False,nan,nan,nan,0
81,3511.4870395328453,300.0,8.0,6.8546703330516285,5.642370262315494,False,False,nan,nan,nan,0
78,3444.3934489172657,300.0,8.0,1.2086689254814686,1.409971220282366,False,False,nan,nan,nan,0
78,3448.0198954409157,300.0,8.0,1.2086689254814686,2.7545884187715894,False,False,nan,nan,nan,0
55,2803.6446581218283,300.0,8.0,4.834575481160513,5.433829156524533,False,False,nan,nan,nan,0
55,2819.4931091800777,300.0,8.0,4.834575481160513,4.6543564087162075,False,False,nan,nan,nan,0
85,3634.8450523695687,300.0,8.0,5.148160509939418,4.8196460697537455,False,False,nan,nan,nan,0
22,1916.968451733931,300.0,8.0,4.8645467372627165,4.858747914506697,False,False,nan,nan,nan,0
18,1807.1199516912227,300.0,8.0,4.706195143361795,5.075852447750323,False,False,nan,nan,nan,0
86,3637.0422440947127,300.0,8.0,5.934230552622464,2.5462308313074686,False,False,nan,nan,nan,0
73,3311.7966164608665,300.0,8.0,5.752041996845547,6.663830951755231,False,False,nan,nan,nan,0
81,3515.8078636299438,300.0,8.0,6.8546703330516285,6.345322522539243,False,False,nan,nan,nan,1
18,1812.335148049615,300.0,8.0,4.706195143361795,4.124279377294843,False,False,nan,nan,nan,0
84,3601.459528213252,300.0,8.0,4.036144989670117,4.07631448296598,False,False,nan,nan,nan,0
86,3636.3283665335357,300.0,8.0,5.934230552622464,2.546495598909852,False,False,nan,nan,nan,0
59,2913.059592890335,300.0,8.0,6.390992850136468,6.291886889276568,False,False,nan,nan,nan,0
84,3603.5469864491247,300.0,8.0,4.036144989670117,4.752775250086519,False,False,nan,nan,nan,0
83,3573.6336480101313,300.0,8.0,6.858995828141848,8.843026808009007,True,True,3573.636650264564,346.9278162783754,8.0,1
18,1791.456335274427,300.0,8.0,4.706195143361795,3.0880600303693764,False,False,nan,nan,nan,0
41,2440.040645273048,300.0,8.0,5.575491108172321,6.258611195267225,False,False,nan,nan,nan,0
21,1893.961237269311,300.0,8.0,6.300681287087511,6.666668918385,False,False,nan,nan,nan,0
24,1969.4207266333692,300.0,16.0,9.591654290891805,4.48671523768908,False,False,nan,nan,nan,0
23,1940.2257728041316,300.0,16.0,9.482640405084666,4.663926488677869,False,False,nan,nan,nan,0
52,2718.7332154346363,300.0,16.0,7.476778563208923,2.8550999926027782,False,False,nan,nan,nan,0
58,2904.7236042701556,300.0,16.0,8.358334422451676,6.708038524312871,False,False,nan,nan,nan,0
84,3591.626375746542,300.0,16.0,4.6120436141760806,3.1273832180060914,False,False,nan,nan,nan,0
82,3556.193632905043,300.0,16.0,6.272869443523621,6.248055522237187,False,False,nan,nan,nan,0
86,3647.6365331565407,300.0,16.0,7.450159029063339,4.839376407471965,False,False,nan,nan,nan,0
81,3522.130067534185,300.0,16.0,10.138072895976084,11.666336577766021,True,True,3522.1370529380956,325.98035956419074,12.0,1
16,1744.3752308684782,300.0,16.0,9.626509366799182,9.638501609232758,True,True,1744.4725531928,220.93098026476804,24.0,1
73,3292.617585257848,300.0,16.0,7.694954602383539,6.323348797554119,False,False,nan,nan,nan,0
52,2739.057078054297,300.0,16.0,7.476778563208923,5.307592942735713,False,False,nan,nan,nan,0
21,1883.4097794558788,300.0,16.0,7.502735337577086,4.897102146156624,False,False,nan,nan,nan,0
23,1945.0411301635781,300.0,16.0,9.482640405084666,5.621732049120655,False,False,nan,nan,nan,0
24,1981.4028640172146,300.0,16.0,9.591654290891805,9.834009945710662,True,True,1981.3649325612266,340.5944836451233,12.0,1
16,1761.7110421018103,300.0,16.0,9.626509366799182,6.520359272448935,False,False,nan,nan,nan,0
79,3476.7424752856627,300.0,16.0,6.045864782343694,3.412278194651426,False,False,nan,nan,nan,0
81,3510.867596935566,300.0,16.0,10.138072895976084,12.01461073215247,True,True,3510.859275160482,341.72840593296644,12.0,1
84,3601.773410653113,300.0,16.0,4.6120436141760806,4.172020187550978,False,False,nan,nan,nan,0
85,3634.028396117681,300.0,16.0,7.454288501429298,6.282055227209276,False,False,nan,nan,nan,0
58,2892.823805269772,300.0,16.0,8.358334422451676,5.719807343863245,False,False,nan,nan,nan,0
20,1845.0514559458286,300.0,16.0,4.734344555886668,4.651008826703486,False,False,nan,nan,nan,0
50,2688.0451948039945,300.0,16.0,7.312867657668809,4.305418224885892,False,False,nan,nan,nan,0
54,2781.890609356515,300.0,16.0,5.6411312133780775,4.555523948988984,False,False,nan,nan,nan,0
25,1999.6600770425382,300.0,16.0,6.057912282884556,6.238817023935054,False,False,nan,nan,nan,0
60,2962.2759117081537,300.0,16.0,8.970025162094924,6.6817441070489325,False,False,nan,nan,nan,0
75,3358.098110264067,300.0,16.0,2.256644892343403,3.53291310912338,False,False,nan,nan,nan,1
83,3570.0948160928297,300.0,16.0,9.47314331634213,17.62361724677081,True,True,3569.893594709063,289.2775574986879,24.0,1
84,3592.437472053193,300.0,16.0,4.6120436141760806,4.023736964029378,False,False,nan,nan,nan,0
20,1852.8528026566103,300.0,16.0,4.734344555886668,5.60388712874107,False,False,nan,nan,nan,0
20,1845.476452540665,300.0,16.0,4.734344555886668,4.449988389132589,False,False,nan,nan,nan,0
82,3554.076991596032,300.0,16.0,6.272869443523621,4.129166064226696,False,False,nan,nan,nan,0
24,1978.127806536033,300.0,16.0,9.591654290891805,6.574702622471533,False,False,nan,nan,nan,0
16,1744.6918922443776,300.0,16.0,9.626509366799182,9.702571280350657,True,True,1744.6253309705755,220.3417426403324,24.0,1
75,3349.000813214965,300.0,16.0,2.256644892343403,1.7297243707820817,False,False,nan,nan,nan,1
77,3421.2944567196114,300.0,16.0,5.854826538597012,6.128295393848497,False,False,nan,nan,nan,0
16,1739.1642106685915,300.0,16.0,9.626509366799182,10.826374270312453,True,True,1739.1878309706547,413.59479699841216,12.0,1
84,3600.2539979649196,300.0,16.0,4.6120436141760806,4.30456156328759,False,False,nan,nan,nan,0
54,2781.440609168526,300.0,16.0,5.6411312133780775,5.7571406773952685,False,False,nan,nan,nan,0
52,2737.5431716020285,300.0,16.0,7.476778563208923,4.210091318983667,False,False,nan,nan,nan,0
58,2887.31834238702,300.0,16.0,8.358334422451676,6.64733897072713,False,False,nan,nan,nan,0
60,2956.8967378785956,300.0,16.0,8.970025162094924,9.655057320008751,True,True,2956.725976903081,363.2875293748851,6.0,1
20,1851.8514166220027,300.0,16.0,4.734344555886668,3.5969826229807262,False,False,nan,nan,nan,0
79,3468.7146213404517,300.0,16.0,6.045864782343694,4.273260822843766,False,False,nan,nan,nan,0
21,1871.5708418103586,300.0,16.0,7.502735337577086,5.468637541478071,False,False,nan,nan,nan,0
58,2895.0043280648156,300.0,16.0,8.358334422451676,9.587849040466532,True,True,2894.9503685020204,370.1113928141454,12.0,1
85,3623.231360265015,300.0,16.0,7.454288501429298,5.898151510991292,False,False,nan,nan,nan,0
84,3589.0014261397487,300.0,16.0,4.6120436141760806,3.4268577794007213,False,False,nan,nan,nan,0
52,2724.2041179946373,300.0,16.0,7.476778563208923,3.9284639730936637,False,False,nan,nan,nan,0
58,2887.943330994625,300.0,16.0,8.358334422451676,5.743457292500879,False,False,nan,nan,nan,0
54,2778.4683843821317,300.0,16.0,5.6411312133780775,5.211825415379705,False,False,nan,nan,nan,0
22,1902.4224335087497,300.0,16.0,5.3676528861672095,4.51779483973687,False,False,nan,nan,nan,0
54,2794.819727406932,300.0,16.0,5.6411312133780775,9.024765974024566,True,True,2794.8378305195647,478.07584275802316,12.0,1
23,1938.9354694690746,300.0,16.0,9.482640405084666,12.249832696340972,True,True,1938.9325343992855,389.07655909685064,12.0,1
24,1977.4000165873629,300.0,16.0,9.591654290891805,6.405359788590587,False,False,nan,nan,nan,0
51,2717.0845741183684,300.0,16.0,9.317874362501845,4.153636606657804,False,False,nan,nan,nan,0
25,1986.4223942397018,300.0,16.0,6.057912282884556,4.59857896459257,False,False,nan,nan,nan,0
58,2901.144493269209,300.0,16.0,8.358334422451676,5.523843566320881,False,False,nan,nan,nan,0
86,3660.911382363208,300.0,16.0,7.450159029063339,4.69477811215648,False,False,nan,nan,nan,0
82,3549.8173260422573,300.0,16.0,6.272869443523621,5.8952225811020895,False,False,nan,nan,nan,0
49,2648.6389844961104,300.0,16.0,7.747816051681987,5.121034880581226,False,False,nan,nan,nan,0
20,1853.1819685979947,300.0,24.0,5.391837332436786,5.200636343960153,False,False,nan,nan,nan,0
49,2641.0513734096517,300.0,24.0,10.49724031222602,6.705321007662835,False,False,nan,nan,nan,0
23,1945.0008517436313,300.0,24.0,12.233792543162037,5.578944338100458,False,False,nan,nan,nan,0
49,2664.1906192629613,300.0,24.0,10.49724031222602,3.1377747192161958,False,False,nan,nan,nan,0
53,2767.9864417527583,300.0,24.0,4.193274763744369,2.6682929361338217,False,False,nan,nan,nan,0
73,3290.514830254116,300.0,24.0,10.543550056389325,6.464667236749972,False,False,nan,nan,nan,0
23,1948.6536907848308,300.0,24.0,12.233792543162037,5.982097171170709,False,False,nan,nan,nan,0
56,2833.654024701363,300.0,24.0,5.987973049513791,5.1548185446227786,False,False,nan,nan,nan,0
55,2821.4278109926586,300.0,24.0,7.442440439199609,3.820794278275008,False,False,nan,nan,nan,0
50,2669.4226427288395,300.0,24.0,8.67033815243678,4.684579735020262,False,False,nan,nan,nan,0
40,2417.10882956708,300.0,24.0,8.912572323609945,4.703996372063039,False,False,nan,nan,nan,0
78,3449.461586584926,300.0,24.0,2.1184266574549975,1.646133224376298,False,False,nan,nan,nan,0
83,3562.49770927736,300.0,24.0,15.662294473295344,18.81696378692444,True,True,3562.4838724869487,362.70501572697253,24.0,1
26,2011.679656975123,300.0,24.0,8.108126616500424,4.04388226446313,False,False,nan,nan,nan,0
14,1703.2146264868022,300.0,24.0,5.441039406518927,4.6321999544554275,False,False,nan,nan,nan,0
84,3587.7958949618583,300.0,24.0,5.161197923478015,4.717004596468774,False,False,nan,nan,nan,0
75,3354.613364672536,300.0,24.0,3.0716774222647563,4.337670069351586,False,False,nan,nan,nan,1
16,1760.705503402088,300.0,24.0,13.505327670216184,6.431853661103915,False,False,nan,nan,nan,0
82,3548.134016774049,300.0,24.0,7.890493147930094,5.405736456595823,False,False,nan,nan,nan,0
75,3351.182778687076,300.0,24.0,3.0716774222647563,2.1441944954042698,False,False,nan,nan,nan,1
79,3464.9701402327587,300.0,24.0,6.941876974198954,4.483355548225909,False,False,nan,nan,nan,0
86,3643.0254786330934,300.0,24.0,7.697877823517685,9.151452143861663,True,True,3643.301978629768,425.2041367120814,8.0,1
22,1925.7588651393166,300.0,24.0,6.044601209633005,3.368317102614027,False,False,nan,nan,nan,0
26,2017.6824845275833,300.0,24.0,8.108126616500424,5.308701360786951,False,False,nan,nan,nan,0
79,3456.3880802603444,300.0,24.0,6.941876974198954,4.632346942050526,False,False,nan,nan,nan,0
55,2804.3710417467414,300.0,24.0,7.442440439199609,4.355756526189943,False,False,nan,nan,nan,0
23,1954.1218497249797,300.0,24.0,12.233792543162037,6.281074935712184,False,False,nan,nan,nan,0
23,1931.4728417165563,300.0,24.0,12.233792543162037,12.759586516829406,True,True,1931.4047566216173,311.930426510421,24.0,1
73,3310.5743973609547,300.0,24.0,10.543550056389325,5.3093121344387635,False,False,nan,nan,nan,0
20,1861.5833330894102,300.0,24.0,5.391837332436786,5.115019764140951,False,False,nan,nan,nan,0
56,2848.401004882791,300.0,24.0,5.987973049513791,3.977953043502618,False,False,nan,nan,nan,0
20,1868.2166709105602,300.0,24.0,5.391837332436786,4.09835587618411,False,False,nan,nan,nan,0
59,2933.2913070532836,300.0,24.0,8.634582365322167,6.176619242701684,False,False,nan,nan,nan,0
49,2663.223934519475,300.0,24.0,10.49724031222602,4.871711773771226,False,False,nan,nan,nan,0
60,2941.9023496366876,300.0,24.0,10.685944438201322,6.240765577836497,False,False,nan,nan,nan,0
84,3606.1372162135267,300.0,24.0,5.161197923478015,4.064896662579218,False,False,nan,nan,nan,0
40,2406.4699410823787,300.0,24.0,8.912572323609945,5.380697570986364,False,False,nan,nan,nan,0
50,2683.132605248791,300.0,24.0,8.67033815243678,11.251327129860604,True,True,2683.069803965318,683.3648140301902,4.0,1
85,3634.3728361008984,300.0,24.0,9.034021846974378,6.548937307834457,False,False,nan,nan,nan,0
23,1954.2801863451803,300.0,24.0,12.233792543162037,6.43521904892317,False,False,nan,nan,nan,0
52,2737.8070635197355,300.0,24.0,8.804096814360632,5.929223185024962,False,False,nan,nan,nan,0
78,3442.9892615305107,300.0,24.0,2.1184266574549975,1.9965667619594576,False,False,nan,nan,nan,0
52,2729.869479070103,300.0,24.0,8.804096814360632,4.908747897832011,False,False,nan,nan,nan,0
81,3515.6661971528224,300.0,24.0,14.333576452579711,12.383127774142213,True,True,3515.713441827078,208.64413929266908,24.0,1
26,2018.8811062652626,300.0,24.0,8.108126616500424,6.634795330350664,False,False,nan,nan,nan,0
23,1938.6507417838532,300.0,24.0,12.233792543162037,16.51940192755077,True,True,1938.6269788437344,352.72352703981835,24.0,1
20,1844.773680466347,300.0,24.0,5.391837332436786,4.3605926043581125,False,False,nan,nan,nan,0
75,3343.4938343975023,300.0,24.0,3.0716774222647563,3.9572611262568413,False,False,nan,nan,nan,1
58,2904.5541622796113,300.0,24.0,10.235763347971535,12.89150152654742,True,True,2904.5337018352143,346.50835882638734,24.0,1
75,3352.3244573012703,300.0,24.0,3.0716774222647563,2.700920027942665,False,False,nan,nan,nan,1
23,1953.4148908709662,300.0,24.0,12.233792543162037,5.5686138591529115,False,False,nan,nan,nan,0
80,3496.0536973076237,300.0,24.0,7.493432275015751,4.903583053609749,False,False,nan,nan,nan,0
18,1791.63272056062,300.0,24.0,7.119135266249872,2.9532231888816183,False,False,nan,nan,nan,0
40,2394.943512511235,300.0,24.0,8.912572323609945,4.880580143377555,False,False,nan,nan,nan,0
81,3511.285651231054,300.0,24.0,14.333576452579711,11.04030009406295,True,True,3511.1926084938104,289.96553300352315,16.0,1
26,2034.5506441445725,300.0,24.0,8.108126616500424,4.817379868212663,False,False,nan,nan,nan,0
80,3485.136973643623,300.0,24.0,7.493432275015751,5.294833063606572,False,False,nan,nan,nan,0
50,2678.2283619325763,300.0,24.0,8.67033815243678,4.5301508907304875,False,False,nan,nan,nan,0
73,3311.650783579581,300.0,24.0,10.543550056389325,5.1950363769975345,False,False,nan,nan,nan,0
82,3558.672772391271,300.0,24.0,7.890493147930094,11.830902269675722,True,True,3558.574445061717,516.2095287199443,16.0,1
15,1715.7742421932066,500.0,1.0,4.357275308422304,3.396843154038455,False,False,nan,nan,nan,0
56,2826.5888511601283,500.0,1.0,4.427291653482323,4.741391549699884,False,False,nan,nan,nan,0
49,2643.320847318799,500.0,1.0,4.332855080200619,3.2233613814896365,False,False,nan,nan,nan,0
84,3585.893156965118,500.0,1.0,4.076101427092155,3.450462308456112,False,False,nan,nan,nan,0
21,1875.5902913561627,500.0,1.0,4.180715550698322,3.395623597346972,False,False,nan,nan,nan,0
21,1886.5806284705282,500.0,1.0,4.180715550698322,6.5819723505583285,False,False,nan,nan,nan,0
49,2662.6280899781555,500.0,1.0,4.332855080200619,5.8981057735221425,False,False,nan,nan,nan,0
25,1999.0503481383619,500.0,1.0,4.156667221177415,nan,False,False,nan,nan,nan,0
73,3306.800800106393,500.0,1.0,4.310519318175906,4.647993696324343,False,False,nan,nan,nan,0
79,3456.6408610042763,500.0,1.0,4.025281026509917,3.8082685168691808,False,False,nan,nan,nan,0
54,2791.0211282543355,500.0,1.0,3.743589782172072,3.766382884218247,False,False,nan,nan,nan,0
81,3523.3425586738463,500.0,1.0,4.723946221925631,5.414736301758974,False,False,nan,nan,nan,1
73,3310.5243974793652,500.0,1.0,4.310519318175906,5.615609893291484,False,False,nan,nan,nan,0
60,2961.7050774383474,500.0,1.0,4.779308009944808,5.16513628282429,False,False,nan,nan,nan,0
20,1851.1444747157896,500.0,1.0,3.9735472399637635,3.35742528105012,False,False,nan,nan,nan,0
20,1844.793124747974,500.0,1.0,3.9735472399637635,4.8855660913699905,False,False,nan,nan,nan,0
53,2749.433559999832,500.0,1.0,3.1616844231220953,3.5571611673222865,False,False,nan,nan,nan,0
51,2703.2829632139255,500.0,1.0,4.284729477948759,4.847795131267175,False,False,nan,nan,nan,0
59,2935.517682125558,500.0,1.0,4.491518247198491,5.645417743926016,False,False,nan,nan,nan,0
81,3515.481475190894,500.0,1.0,4.723946221925631,4.505457778920667,False,False,nan,nan,nan,1
41,2440.7461950918655,500.0,1.0,4.0900443921473695,4.197191857401571,False,False,nan,nan,nan,0
20,1857.458346718847,500.0,1.0,3.9735472399637635,3.5397918531474497,False,False,nan,nan,nan,0
51,2698.7898245978317,500.0,1.0,4.284729477948759,4.75848055057215,False,False,nan,nan,nan,0
59,2919.352565998314,500.0,1.0,4.491518247198491,3.6610571096291613,False,False,nan,nan,nan,0
22,1918.3143028549798,500.0,1.0,4.073724794748469,4.4623539747147785,False,False,nan,nan,nan,0
22,1918.7754203076624,500.0,1.0,4.073724794748469,4.842722839954849,False,False,nan,nan,nan,0
21,1881.7903216752252,500.0,1.0,4.180715550698322,3.1460532627485707,False,False,nan,nan,nan,0
79,3457.1853119375264,500.0,1.0,4.025281026509917,6.941490520974708,False,False,nan,nan,nan,0
78,3447.4268300624267,500.0,1.0,1.6576958112052533,2.304649023291042,False,False,nan,nan,nan,0
83,3563.7337998347552,500.0,1.0,4.40700296700416,4.418629994112805,False,False,nan,nan,nan,0
75,3366.003757964178,500.0,1.0,2.2204914619071427,2.492481276210427,False,False,nan,nan,nan,1
78,3437.579463045138,500.0,1.0,1.6576958112052533,-1.1903408649036225,False,False,nan,nan,nan,0
80,3482.4647385740536,500.0,1.0,4.4132369366835364,5.090194120830823,False,False,nan,nan,nan,0
58,2895.900147163286,500.0,1.0,4.3970981550031,4.557497963954459,False,False,nan,nan,nan,0
55,2811.6820902649856,500.0,1.0,3.7070866158070483,3.0038576286366427,False,False,nan,nan,nan,0
15,1725.268585994848,500.0,1.0,4.357275308422304,3.4288653210124784,False,False,nan,nan,nan,0
84,3593.80967013249,500.0,1.0,4.076101427092155,4.199654047687781,False,False,nan,nan,nan,0
26,2035.0145361647492,500.0,1.0,3.5370278231406527,nan,False,False,nan,nan,nan,0
18,1800.7131139276587,500.0,1.0,3.889679763897562,nan,False,False,nan,nan,nan,0
54,2781.7961648888154,500.0,1.0,3.743589782172072,2.679747567263829,False,False,nan,nan,nan,0
84,3593.5027309839784,500.0,1.0,4.076101427092155,3.601314590096219,False,False,nan,nan,nan,0
86,3643.0810333915038,500.0,1.0,4.2779159563225955,nan,False,False,nan,nan,nan,0
77,3406.3043657909834,500.0,1.0,4.392066647790583,5.403405328297629,False,False,nan,nan,nan,0
24,1961.5733582303008,500.0,1.0,4.2182933450772575,6.309304796568883,False,False,nan,nan,nan,0
75,3358.8078385377953,500.0,1.0,2.2204914619071427,1.5918814071973233,False,False,nan,nan,nan,1
59,2913.3248665115584,500.0,1.0,4.491518247198491,5.1618673910793405,False,False,nan,nan,nan,0
59,2936.28573305337,500.0,1.0,4.491518247198491,3.6533350278679957,False,False,nan,nan,nan,0
14,1695.6521764287536,500.0,1.0,3.587606054838533,3.3883851228292445,False,False,nan,nan,nan,0
54,2793.5627869805116,500.0,1.0,3.743589782172072,1.6861823562847946,False,False,nan,nan,nan,0
26,2021.6408548722593,500.0,1.0,3.5370278231406527,3.10595662694645,False,False,nan,nan,nan,0
75,3341.192439810314,500.0,1.0,2.2204914619071427,10.930980275488661,True,True,3341.193825931556,2175.43409930548,1.5,1
79,3472.8535465015375,500.0,1.0,4.025281026509917,3.8735780370700046,False,False,nan,nan,nan,0
75,3359.053674076358,500.0,1.0,2.2204914619071427,2.9440073425024003,False,False,nan,nan,nan,1
77,3419.6388683702203,500.0,1.0,4.392066647790583,2.4211665871559283,False,False,nan,nan,nan,0
83,3570.171203979558,500.0,1.0,4.40700296700416,4.311223056511463,False,False,nan,nan,nan,0
52,2736.601494256444,500.0,1.0,3.8900962711095466,4.9675474253714755,False,False,nan,nan,nan,0
23,1951.8440268494558,500.0,1.0,4.237212679721421,5.3965859672708625,False,False,nan,nan,nan,0
78,3445.8281932471027,500.0,1.0,1.6576958112052533,2.4549872076631796,False,False,nan,nan,nan,0
40,2400.146313534193,500.0,1.0,3.44990155158966,3.7581443756697235,False,False,nan,nan,nan,0
52,2737.0417770007234,500.0,1.0,3.8900962711095466,2.995817558296679,False,False,nan,nan,nan,0
78,3446.546260208341,500.0,2.0,1.757315586941297,2.2111701963834594,False,False,nan,nan,nan,0
84,3609.5288275382213,500.0,2.0,5.078609293622866,4.254242282361284,False,False,nan,nan,nan,0
75,3350.5688835282945,500.0,2.0,2.475873741221396,2.7849154866486585,False,False,nan,nan,nan,1
59,2921.5969876877675,500.0,2.0,5.907594523701704,7.309332953992064,True,True,2921.592939729306,610.1541964808598,1.5,1
60,2959.362017015777,500.0,2.0,6.549366974123386,5.708177329790841,False,False,nan,nan,nan,0
49,2650.1167866639207,500.0,2.0,6.0042240251091865,6.166724492113095,False,False,nan,nan,nan,0
15,1729.5740771332626,500.0,2.0,5.705302326178611,5.320136573374557,False,False,nan,nan,nan,0
54,2781.3419979959194,500.0,2.0,4.847755699884518,4.600262770840599,False,False,nan,nan,nan,0
55,2802.5696660723584,500.0,2.0,5.0248143361867195,3.8855090754162034,False,False,nan,nan,nan,0
59,2931.2052117259245,500.0,2.0,5.907594523701704,6.511697271289739,False,False,nan,nan,nan,0
41,2423.329638914176,500.0,2.0,5.220381789064853,5.3114328640992365,False,False,nan,nan,nan,0
50,2672.240746905349,500.0,2.0,5.419807026863125,1.8066003412226734,False,False,nan,nan,nan,0
49,2657.1127160622145,500.0,2.0,6.0042240251091865,6.719852932312244,False,False,nan,nan,nan,0
20,1862.5694427572687,500.0,2.0,4.938096096147789,5.666034721911968,False,False,nan,nan,nan,0
24,1979.581998071319,500.0,2.0,5.879231911052219,6.696847815446282,False,False,nan,nan,nan,0
77,3400.359814679381,500.0,2.0,5.602994737408605,5.154483215264094,False,False,nan,nan,nan,0
56,2828.261046828579,500.0,2.0,5.65180640843859,6.373255044103918,False,False,nan,nan,nan,0
18,1812.9948613736888,500.0,2.0,5.0895604275764965,4.292049085773704,False,False,nan,nan,nan,0
79,3455.6769609631665,500.0,2.0,5.254149695160538,6.4245585440714414,False,False,nan,nan,nan,0
26,2014.985239223038,500.0,2.0,4.525282969997234,4.930404212953509,False,False,nan,nan,nan,0
50,2674.1157815890274,500.0,2.0,5.419807026863125,5.877411955587289,False,False,nan,nan,nan,0
41,2434.592082203066,500.0,2.0,5.220381789064853,6.167439345483274,False,False,nan,nan,nan,0
22,1923.7352184366923,500.0,2.0,5.108250421378618,5.555092497565129,False,False,nan,nan,nan,0
75,3361.891203475209,500.0,2.0,2.475873741221396,3.824318996280858,False,False,nan,nan,nan,1
22,1919.6045986831805,500.0,2.0,5.108250421378618,6.183262257090355,False,False,nan,nan,nan,0
80,3484.0925238780706,500.0,2.0,5.6891168354489885,4.269672391092207,False,False,nan,nan,nan,0
77,3401.8820619911107,500.0,2.0,5.602994737408605,5.345675972686137,False,False,nan,nan,nan,0
79,3465.8645962004493,500.0,2.0,5.254149695160538,4.635056586968165,False,False,nan,nan,nan,0
79,3455.5352926931296,500.0,2.0,5.254149695160538,5.757193904804162,False,False,nan,nan,nan,0
50,2673.7866087107964,500.0,2.0,5.419807026863125,4.697442489361662,False,False,nan,nan,nan,0
25,1991.450243290942,500.0,2.0,5.644202651747043,5.792557333310902,False,False,nan,nan,nan,0
50,2670.928223689919,500.0,2.0,5.419807026863125,6.093231874983872,False,False,nan,nan,nan,0
75,3354.9717000981714,500.0,2.0,2.475873741221396,5.499304721195153,False,False,nan,nan,nan,1
80,3498.2800881790668,500.0,2.0,5.6891168354489885,5.796017330589443,False,False,nan,nan,nan,0
21,1872.344452932287,500.0,2.0,5.400702764571333,3.9499875466629235,False,False,nan,nan,nan,0
51,2704.045477831228,500.0,2.0,5.959854265764366,6.093429361449838,False,False,nan,nan,nan,0
24,1976.7097274125447,500.0,2.0,5.879231911052219,6.265370271831441,False,False,nan,nan,nan,0
58,2903.756951835741,500.0,2.0,5.861090933576854,6.376001310387914,False,False,nan,nan,nan,0
20,1864.2374974112738,500.0,2.0,4.938096096147789,6.727268336049195,False,False,nan,nan,nan,0
23,1939.8493763211109,500.0,2.0,5.780953280547075,4.764152096862155,False,False,nan,nan,nan,0
52,2739.872365463637,500.0,2.0,5.125032936143556,5.157683717387072,False,False,nan,nan,nan,0
26,2016.0199701842523,500.0,2.0,4.525282969997234,5.3622484182249375,False,False,nan,nan,nan,0
41,2429.1837812749404,500.0,2.0,5.220381789064853,6.240238596991238,False,False,nan,nan,nan,0
22,1904.2960639003652,500.0,2.0,5.108250421378618,5.938169636689502,False,False,nan,nan,nan,0
24,1967.7470826585234,500.0,2.0,5.879231911052219,6.1121815248993,False,False,nan,nan,nan,0
41,2429.9796115038457,500.0,2.0,5.220381789064853,6.207958242806141,False,False,nan,nan,nan,0
75,3347.5327457547987,500.0,2.0,2.475873741221396,3.837750496043149,False,False,nan,nan,nan,1
83,3578.401614368288,500.0,2.0,6.183236891253691,6.5901442292092245,False,False,nan,nan,nan,0
22,1907.6044366456908,500.0,2.0,5.108250421378618,5.6487057874272075,False,False,nan,nan,nan,0
22,1906.6363688592287,500.0,2.0,5.108250421378618,5.535273485429648,False,False,nan,nan,nan,0
49,2642.8833413525135,500.0,2.0,6.0042240251091865,5.25869474026381,False,False,nan,nan,nan,0
14,1691.324408602021,500.0,2.0,4.300259545615047,5.25675903511517,False,False,nan,nan,nan,0
74,3321.621570877984,500.0,2.0,5.035554345718531,4.596729085599273,False,False,nan,nan,nan,0
81,3515.27314216879,500.0,2.0,6.3277319763517506,6.559529682334532,False,False,nan,nan,nan,1
83,3565.5448819613907,500.0,2.0,6.183236891253691,6.935875021494288,False,False,nan,nan,nan,0
55,2817.877848853017,500.0,2.0,5.0248143361867195,5.2542192170900766,False,False,nan,nan,nan,0
16,1761.0054983007344,500.0,2.0,5.381385737793588,5.397270642204139,False,False,nan,nan,nan,0
49,2649.9667842664144,500.0,2.0,6.0042240251091865,4.085983907589172,False,False,nan,nan,nan,0
60,2956.4620159124447,500.0,2.0,6.549366974123386,6.15839237291117,False,False,nan,nan,nan,0
14,1703.7979555116074,500.0,2.0,4.300259545615047,4.389950472821015,False,False,nan,nan,nan,0
60,2962.5620228895727,500.0,4.0,9.218099826870523,nan,False,False,nan,nan,nan,0
53,2759.678071050945,500.0,4.0,4.226918219910748,4.304471754247449,False,False,nan,nan,nan,0
52,2741.108491381893,500.0,4.0,6.912631524900428,8.13921739466588,True,True,2741.101269947271,599.1862502231048,3.0,1
80,3503.3773209453802,500.0,4.0,6.914101335543213,8.301419928352818,True,True,3503.375836322366,562.9485848109894,3.0,1
54,2790.794740098056,500.0,4.0,6.058901422314818,7.703777970431293,True,True,2790.803108297401,634.9761910768352,3.0,1
49,2649.254272532982,500.0,4.0,7.808717642772891,6.852694868121732,False,False,nan,nan,nan,0
78,3435.700261039969,500.0,4.0,1.8092253392711775,6.5977533431097735,False,False,nan,nan,nan,0
75,3340.1521602515572,500.0,4.0,2.7368970150354444,1.6608569847952095,False,False,nan,nan,nan,1
58,2895.3904332632173,500.0,4.0,7.429155586536625,5.812092355758009,False,False,nan,nan,nan,0
53,2755.8961145150956,500.0,4.0,4.226918219910748,2.2836797873073196,False,False,nan,nan,nan,0
54,2780.040608027158,500.0,4.0,6.058901422314818,7.8228217693331805,True,True,2780.060052742002,645.1107810108604,3.0,1
52,2735.354258266421,500.0,4.0,6.912631524900428,nan,False,False,nan,nan,nan,0
78,3444.2087239165116,500.0,4.0,1.8092253392711775,2.8635954214928705,False,False,nan,nan,nan,0
60,2959.781462137716,500.0,4.0,9.218099826870523,8.724220387112204,True,True,2959.781532458592,441.4297299783788,4.0,1
86,3643.703246863404,500.0,4.0,8.349492192306267,8.520205277891629,True,True,3643.70475640754,478.2601602443056,4.0,1
75,3347.1660764164712,500.0,4.0,2.7368970150354444,3.7799545850215486,False,False,nan,nan,nan,1
23,1950.5162242391764,500.0,4.0,8.267308085122187,9.756398847537817,True,True,1950.5228121768946,541.3704700059483,4.0,1
16,1759.274972840312,500.0,4.0,7.5670742717935555,6.945901202458087,False,False,nan,nan,nan,0
78,3452.2324656773694,500.0,4.0,1.8092253392711775,2.861551261924023,False,False,nan,nan,nan,0
73,3310.6618971552216,500.0,4.0,7.332277600388973,7.715763446081891,True,True,3310.6662849908757,517.9489041970365,3.0,1
20,1866.0805543576837,500.0,4.0,5.654939581388426,6.510285179502441,False,False,nan,nan,nan,0
21,1878.6930808093248,500.0,4.0,7.348719163523171,7.8386598938017285,True,True,1878.704176068945,485.59769958114236,4.0,1
20,1852.4611369956344,500.0,4.0,5.654939581388426,7.7943988787575895,True,True,1852.4612014859983,629.6724390972499,3.0,1
77,3400.2792578411777,500.0,4.0,7.0625576036026105,6.301381734650229,False,False,nan,nan,nan,0
80,3495.9120305569995,500.0,4.0,6.914101335543213,7.797520684517316,True,True,3495.9244474335856,535.7282106173477,3.0,1
60,2961.532854834072,500.0,4.0,9.218099826870523,10.148320103634944,True,True,2961.5315324585667,503.09422956872584,4.0,1
51,2701.6412654297014,500.0,4.0,7.574111974840626,7.475279209750871,True,True,2701.635600088311,459.99921083142755,4.0,1
86,3656.235035343919,500.0,4.0,8.349492192306267,7.852476341165782,True,True,3656.2533675184686,425.05431916029744,4.0,1
59,2918.8261828977807,500.0,4.0,8.155611661353962,7.8694048552795275,True,True,2918.822106396013,450.2296637719681,4.0,1
23,1933.060366445205,500.0,4.0,8.267308085122187,9.394128844196105,True,True,1933.0644788438153,519.3855707221297,4.0,1
24,1960.7330662183872,500.0,4.0,7.593988449288188,7.654758621729153,True,True,1960.726043672638,508.5511787280994,3.0,1
77,3396.5208692992687,500.0,4.0,7.0625576036026105,8.243502307512012,True,True,3396.520853549329,528.5170453021932,4.0,1
60,2961.71341078957,500.0,4.0,9.218099826870523,8.431685389880487,True,True,2961.6912546807866,471.4698329172515,3.0,1
78,3441.578130550332,500.0,4.0,1.8092253392711775,3.746784521067732,False,False,nan,nan,nan,0
16,1758.986089112752,500.0,4.0,7.5670742717935555,6.280671697800129,False,False,nan,nan,nan,0
14,1700.4396473848944,500.0,4.0,5.087151912873135,5.4457670176058635,False,False,nan,nan,nan,0
73,3293.107858291316,500.0,4.0,7.332277600388973,5.91538203939935,False,False,nan,nan,nan,0
77,3398.6236769571124,500.0,4.0,7.0625576036026105,9.390484943406063,True,True,3398.6111313270762,631.3091373267533,3.0,1
24,1977.4777956580576,500.0,4.0,7.593988449288188,7.580978695413472,True,True,1977.4621547835056,512.211810069301,3.0,1
86,3646.0240506086266,500.0,4.0,8.349492192306267,6.850884749673275,False,False,nan,nan,nan,0
84,3608.555231409198,500.0,4.0,5.919976632586807,6.728934191740997,False,False,nan,nan,nan,0
78,3436.7377809976947,500.0,4.0,1.8092253392711775,0.8295974500494615,False,False,nan,nan,nan,0
40,2410.0657726705217,500.0,4.0,5.132810153261709,3.713086845535288,False,False,nan,nan,nan,0
86,3660.0655548961245,500.0,4.0,8.349492192306267,8.816472428929147,True,True,3660.065867518413,489.7790828908821,4.0,1
51,2699.7148411329945,500.0,4.0,7.574111974840626,5.963305475541341,False,False,nan,nan,nan,0
85,3619.157811195129,500.0,4.0,6.2204711413432365,7.773085284688788,True,True,3619.1454782034984,702.3552340676767,2.0,1
41,2445.676711818425,500.0,4.0,6.791218592196478,7.64043209853592,True,True,2445.671323226548,510.05554043079553,4.0,1
56,2832.6457052766114,500.0,4.0,6.672756664152705,7.743970256794143,True,True,2832.640262483404,567.4561162814174,3.0,1
14,1691.1660757495767,500.0,4.0,5.087151912873135,6.200281024879357,False,False,nan,nan,nan,0
86,3648.5198578659147,500.0,4.0,8.349492192306267,9.855743696885991,True,True,3648.51725640747,538.6848993841667,4.0,1
74,3320.5076823093464,500.0,4.0,6.5516708743087975,5.907214409736903,False,False,nan,nan,nan,0
78,3448.37545695816,500.0,4.0,1.8092253392711775,2.70985630581533,False,False,nan,nan,nan,0
59,2931.7788181904793,500.0,4.0,8.155611661353962,5.881153484626817,False,False,nan,nan,nan,0
58,2892.921025999995,500.0,4.0,7.429155586536625,6.1632603831932915,False,False,nan,nan,nan,0
77,3420.5930537716727,500.0,4.0,7.0625576036026105,6.950315089268224,False,False,nan,nan,nan,0
81,3511.4537062958193,500.0,4.0,8.847908034440566,8.96096907864205,True,True,3511.442608493807,438.4806478571613,4.0,2
74,3312.9591048435773,500.0,4.0,6.5516708743087975,5.799951774726117,False,False,nan,nan,nan,0
58,2899.136195201784,500.0,4.0,7.429155586536625,8.401420368821992,True,True,2899.144812946404,575.5961892609137,3.0,1
49,2664.200341662843,500.0,4.0,7.808717642772891,3.544563289365553,False,False,nan,nan,nan,0
82,3534.36610177022,500.0,4.0,6.393380254993764,6.267207641101334,False,False,nan,nan,nan,0
23,1933.929824989007,500.0,8.0,10.999808797291605,10.91704362590539,True,True,1933.925589954914,534.6915535909991,8.0,1
83,3572.5808906086754,500.0,8.0,11.431659713569747,12.618905030338203,True,True,3572.581094709024,509.1247264168,8.0,1
75,3363.045384130101,500.0,8.0,3.1325953359556067,2.5990565708541293,False,False,nan,nan,nan,1
78,3435.8391526143764,500.0,8.0,2.014448209135781,16.057373144341533,False,False,nan,nan,nan,1
21,1880.7736480153972,500.0,8.0,10.501135478479187,11.356312060409158,True,True,1880.7666760689149,494.831747647902,8.0,1
41,2440.1420333340384,500.0,8.0,9.292485180287203,10.552065086918647,True,True,2440.136601004406,596.4867748614901,6.0,1
21,1880.1653109290658,500.0,8.0,10.501135478479187,10.53993532271634,True,True,1880.1763982911457,540.1715461251531,6.0,1
24,1960.5719524077708,500.0,8.0,10.427103221298534,9.564005919383389,True,True,1960.60104367264,418.89032287397674,8.0,1
22,1904.7530133874798,500.0,8.0,8.107577895437862,6.40417315118991,False,False,nan,nan,nan,0
56,2836.588707321041,500.0,8.0,8.098750473255897,7.8555917686713554,True,True,2836.5499847055694,536.0605861110106,4.0,1
52,2730.2805962396496,500.0,8.0,8.433293660730794,2.988796874679938,False,False,nan,nan,nan,0
77,3421.0708411032797,500.0,8.0,7.969280488961061,8.639066645843648,True,True,3421.076409104527,522.8496492165202,6.0,1
55,2814.7973282878233,500.0,8.0,8.05762580193419,10.908071464051973,True,True,2814.7891577562405,660.7093364877494,6.0,1
77,3418.0055041391406,500.0,8.0,7.969280488961061,8.576389267790017,True,True,3418.0069646601273,510.3700186425216,8.0,1
20,1868.3972271716796,500.0,8.0,6.356792925154037,6.899505721555676,False,False,nan,nan,nan,0
22,1909.9128016459463,500.0,8.0,8.107577895437862,7.6100915916904475,True,True,1909.9682467041075,556.2198957698721,4.0,1
73,3296.4133870426745,500.0,8.0,9.586736661409246,6.795687659234866,False,False,nan,nan,nan,0
24,1980.3250666880535,500.0,8.0,10.427103221298534,9.64527369985627,True,True,1980.3093770056864,439.1502793591197,8.0,1
16,1743.861350624401,500.0,8.0,10.462733081141348,10.800877686154335,True,True,1743.8544976372534,474.6814087987475,8.0,1
86,3658.805842855811,500.0,8.0,9.890384254370773,8.98122666602244,True,True,3658.767256407321,520.2795265350312,4.0,1
18,1808.924088283232,500.0,8.0,7.843658572269659,6.995753922609516,False,False,nan,nan,nan,0
85,3615.775927449589,500.0,8.0,8.580267516565696,6.411818140901546,False,False,nan,nan,nan,0
51,2703.817695693111,500.0,8.0,10.754393696054727,9.949361265504537,True,True,2703.8022667549462,520.3922966729792,6.0,1
20,1847.4903270330544,500.0,8.0,6.356792925154037,9.162940781911866,True,True,1847.4820348194041,680.0251235914322,6.0,1
22,1904.5085662292854,500.0,8.0,8.107577895437862,8.208340186744856,True,True,1904.4821355930762,512.7249843273399,6.0,1
50,2677.276954610496,500.0,8.0,8.418990296056554,10.078530028949961,True,True,2677.264248409847,621.6185693827119,4.0,1
24,1963.1442188530461,500.0,8.0,10.427103221298534,9.653094411888214,True,True,1963.1427103392696,427.6133070054326,8.0,1
23,1950.5801143030856,500.0,8.0,10.999808797291605,11.809996526728064,True,True,1950.5853121768937,507.0052031438091,8.0,1
23,1952.9287700855386,500.0,8.0,10.999808797291605,10.450466422332433,True,True,1952.918645510193,448.5977085860696,8.0,1
55,2818.88061574211,500.0,8.0,8.05762580193419,6.8159367714953785,False,False,nan,nan,nan,0
60,2944.5106694385145,500.0,8.0,12.026513546891412,11.817211571772571,True,True,2944.52458801437,495.50227445806314,6.0,1
59,2918.348410533487,500.0,8.0,10.651654750227447,10.131159171086104,True,True,2918.3637730626865,452.68933428295634,8.0,1
20,1848.8361522915984,500.0,8.0,6.356792925154037,5.907923556999872,False,False,nan,nan,nan,0
26,2013.4713378258327,500.0,8.0,7.7085647103952875,5.339207379263528,False,False,nan,nan,nan,0
14,1705.1687788692527,500.0,8.0,6.079594719021251,6.605519786526589,False,False,nan,nan,nan,0
54,2779.908663461974,500.0,8.0,7.380737030042373,8.768725263032065,True,True,2779.900330519782,547.8851887248193,8.0,1
84,3589.21531078448,500.0,8.0,6.7269083161168615,4.597396054472726,False,False,nan,nan,nan,0
50,2688.699374161138,500.0,8.0,8.418990296056554,6.89961928321413,False,False,nan,nan,nan,0
60,2946.7939952783313,500.0,8.0,12.026513546891412,14.49141095490354,True,True,2946.8093102365588,581.1238127963322,6.0,1
25,1984.4084788020507,500.0,8.0,7.754836968247109,4.040109864078882,False,False,nan,nan,nan,0
18,1794.1840591782604,500.0,8.0,7.843658572269659,6.5052887691499235,False,False,nan,nan,nan,0
79,3469.131291380648,500.0,8.0,7.666469312972103,8.529469837236082,True,True,3469.1366478329646,541.2864574271567,6.0,1
52,2739.200135291607,500.0,8.0,8.433293660730794,9.214521026944578,True,True,2739.205436613965,544.4427653048587,6.0,1
21,1875.9986258544454,500.0,8.0,10.501135478479187,11.504005513070595,True,True,1875.995842735651,497.87474129596256,8.0,1
50,2689.9966220060123,500.0,8.0,8.418990296056554,10.069930452484597,True,True,2690.0350817429944,700.3056354235136,3.0,1
59,2933.481583540591,500.0,8.0,10.651654750227447,11.54442861104319,True,True,2933.481828618022,560.6467105722095,6.0,1
25,2005.94070574871,500.0,8.0,7.754836968247109,8.282780154218129,True,True,2005.9348579395003,513.6420164514101,6.0,1
16,1743.4766349203276,500.0,8.0,10.462733081141348,12.035211072700067,True,True,1743.5072754150362,515.4089217518429,8.0,1
55,2798.3835894591216,500.0,8.0,8.05762580193419,10.113066207906606,True,True,2798.379435534257,552.0705673480013,8.0,1
81,3529.296688035961,500.0,8.0,11.424450555086048,11.014505056364534,True,True,3529.2967751602137,398.5154703513754,8.0,1
56,2833.7623565530153,500.0,8.0,8.098750473255897,9.09440094284561,True,True,2833.751373594499,565.7119643146797,6.0,1
18,1806.1171914366312,500.0,8.0,7.843658572269659,6.801837432832009,False,False,nan,nan,nan,0
55,2817.7959053071954,500.0,8.0,8.05762580193419,6.508335726926842,False,False,nan,nan,nan,0
59,2914.990119795662,500.0,8.0,10.651654750227447,10.074932133396635,True,True,2914.9887730627356,486.4706808460369,6.0,1
20,1863.3986087309465,500.0,8.0,6.356792925154037,5.280435762526304,False,False,nan,nan,nan,0
21,1896.1904275480097,500.0,8.0,10.501135478479187,11.25202792762096,True,True,1896.1902871798015,464.95470967613693,8.0,1
18,1808.3768749850622,500.0,8.0,7.843658572269659,6.812118639727223,False,False,nan,nan,nan,0
86,3648.653189908107,500.0,8.0,9.890384254370773,11.358973679762437,True,True,3648.6492008519126,569.9425080782321,6.0,1
16,1759.880517693797,500.0,8.0,10.462733081141348,10.271491153452095,True,True,1759.8892198592423,444.0576947021562,8.0,1
22,1915.3045424655568,500.0,8.0,8.107577895437862,6.535920554099717,False,False,nan,nan,nan,0
86,3659.0280631562723,500.0,16.0,12.416931715105566,9.691205258700885,True,True,3659.031145296206,487.6474856652481,12.0,1
15,1731.1240547768014,500.0,16.0,16.15676358053377,13.930196317835296,True,True,1731.1298489501353,400.44933136344474,16.0,1
21,1891.2917693256059,500.0,16.0,12.50455889596181,12.128687229876693,True,True,1891.3013982909838,484.554833653696,12.0,1
59,2918.6456293700508,500.0,16.0,13.128641438385051,11.4870022714562,True,True,2918.7040508404593,506.4434100168817,12.0,1
51,2697.632859943197,500.0,16.0,15.529790604169744,13.133440333343977,True,True,2697.6217111994806,489.463851192837,12.0,1
86,3645.6323885783713,500.0,16.0,12.416931715105566,6.344750375910254,False,False,nan,nan,nan,0
40,2404.372721169677,500.0,16.0,9.826833169258055,2.662390856466205,False,False,nan,nan,nan,0
73,3298.007821081538,500.0,16.0,12.8249243373059,17.88807028831937,True,True,3297.909340546617,426.95441897808104,24.0,1
54,2785.5919822379237,500.0,16.0,9.40188535563013,6.690240394290131,False,False,nan,nan,nan,0
81,3515.8675857749777,500.0,16.0,16.896788159960142,16.90084492369567,True,True,3515.852330715965,389.8215031041677,16.0,1
80,3500.456480479057,500.0,16.0,10.188376077385277,6.3558781503553465,False,False,nan,nan,nan,0
85,3634.6075553431933,500.0,16.0,12.423814169048832,14.224759996518108,True,True,3634.5968670921625,525.8184685239232,16.0,1
79,3457.5533719563437,500.0,16.0,10.076441303906158,12.756171641004157,True,True,3457.518592277578,555.5384865505265,16.0,1
78,3447.6851676557626,500.0,16.0,2.759059223067463,3.2269192781889138,False,False,nan,nan,nan,1
26,2027.4019952090296,500.0,16.0,11.529531263667499,9.283700015992531,True,True,2027.372702216738,397.9242330186258,16.0,1
25,1997.5281097904556,500.0,16.0,10.09652047147426,3.9710753044877145,False,False,nan,nan,nan,0
79,3456.3700244940637,500.0,16.0,10.076441303906158,9.350573171023775,True,True,3456.3519256109284,365.9564104431158,16.0,1
41,2441.368412299908,500.0,16.0,13.09253424680772,11.653670491433946,True,True,2441.3379898932776,430.05869952374746,16.0,1
52,2742.373784473153,500.0,16.0,12.461297605348207,10.073422401083098,True,True,2742.3859921694743,452.2303143385647,16.0,1
14,1701.1632529842439,500.0,16.0,7.538613730901078,6.717165044319949,False,False,nan,nan,nan,0
80,3503.599543849389,500.0,16.0,10.188376077385277,6.5479106812636925,False,False,nan,nan,nan,0
21,1897.3737752639256,500.0,16.0,12.50455889596181,9.587775033846652,True,True,1897.2597316242304,414.2238024523472,8.0,1
50,2675.228302951176,500.0,16.0,12.18811276278135,10.999006379374558,True,True,2675.2156372987656,480.22553387310967,12.0,1
49,2657.332164015411,500.0,16.0,12.913026752803312,17.8526300323509,True,True,2657.3610874729875,463.7635353866627,24.0,1
73,3297.5175464627805,500.0,16.0,12.8249243373059,17.246987248082707,True,True,3297.6385072132875,444.43640331262117,24.0,1
16,1762.195756487338,500.0,16.0,16.044182277998637,12.392105619988723,True,True,1762.1044976369878,538.4189456886498,8.0,1
24,1958.1691356189972,500.0,16.0,15.986090484819677,14.958081015741964,True,True,1958.1635436726754,523.0720036109452,12.0,1
59,2921.323379204528,500.0,16.0,13.128641438385051,15.663864901245555,True,True,2921.3151619515324,594.4666784260587,12.0,1
59,2934.009357861544,500.0,16.0,13.128641438385051,13.73369085524006,True,True,2933.9957175069035,507.3466049011324,16.0,1
18,1796.6451250329026,500.0,16.0,10.370686963579685,10.307027326864004,True,True,1796.6424628412944,553.2255707511454,12.0,1
55,2818.502842043898,500.0,16.0,10.653567359237412,10.8107314302011,True,True,2818.504435533964,553.2607538136901,12.0,1
59,2920.6872743402578,500.0,16.0,13.128641438385051,12.922095469848868,True,True,2920.662384173764,528.8909286423026,12.0,1
59,2936.255177696026,500.0,16.0,13.128641438385051,12.090311711180801,True,True,2936.1832175068716,480.14546301600365,12.0,1
53,2766.1794884803912,500.0,16.0,5.781943868263719,6.33234070968594,False,False,nan,nan,nan,0
78,3439.7906066041774,500.0,16.0,2.759059223067463,1.8339264205553854,False,False,nan,nan,nan,0
25,2004.2420741327885,500.0,16.0,10.09652047147426,9.856823820798306,True,True,2004.2751357173022,502.64873951579546,16.0,1
23,1937.5007202860565,500.0,16.0,15.80440067514111,13.724257921978701,True,True,1937.4742010659734,476.27632709447886,12.0,1
24,1972.2207677422484,500.0,16.0,15.986090484819677,15.957775974119803,True,True,1972.212154783582,535.3017536802997,12.0,1
26,2026.932548558622,500.0,16.0,11.529531263667499,11.022271347088052,True,True,2026.9213133278556,478.1890675490793,16.0,1
84,3606.8330374451903,500.0,16.0,7.6867393569601346,6.073364477308121,False,False,nan,nan,nan,0
85,3614.5606734364324,500.0,16.0,12.423814169048832,9.445806908476092,True,True,3614.7565893146734,678.9767793297443,4.0,1
52,2725.6513608619452,500.0,16.0,12.461297605348207,6.274892806551044,False,False,nan,nan,nan,0
83,3577.226635416842,500.0,16.0,15.788572193903551,15.443739617378432,True,True,3577.4005391533983,321.3087917034738,24.0,1
40,2406.9560516595975,500.0,16.0,9.826833169258055,5.072900826578724,False,False,nan,nan,nan,0
59,2923.1136396568904,500.0,16.0,13.128641438385051,6.586272118002354,False,False,nan,nan,nan,0
53,2745.3307524909355,500.0,16.0,5.781943868263719,6.078881642439817,False,False,nan,nan,nan,0
52,2727.9388944839175,500.0,16.0,12.461297605348207,15.040893432598915,True,True,2727.9484921696844,530.6818276654787,16.0,1
80,3502.3328735742234,500.0,16.0,10.188376077385277,10.464484497019466,True,True,3502.320280766826,548.8979087969828,12.0,1
77,3396.0375289148847,500.0,16.0,9.75804423099502,9.129317958978438,True,True,3396.076409104891,466.9646511707731,12.0,1
81,3515.8981412916805,500.0,16.0,16.896788159960142,16.89365276390128,True,True,3515.893997382631,389.0522028215037,16.0,1
51,2716.569287344568,500.0,16.0,15.529790604169744,14.4475199149132,True,True,2716.600877865871,455.3955628978682,12.0,1
82,3534.6744316816194,500.0,16.0,10.454782405872704,12.246822326729157,True,True,3534.69250061762,643.8772153321672,12.0,1
49,2659.4919222536637,500.0,16.0,12.913026752803312,13.052515379984621,True,True,2659.5069208062896,541.1322097293645,12.0,1
55,2803.6502136368663,500.0,16.0,10.653567359237412,9.362312373541664,True,True,2803.6641577564023,490.0506900674446,12.0,1
55,2820.504209579603,500.0,16.0,10.653567359237412,6.475131049180783,False,False,nan,nan,nan,0
24,1975.7930458185087,500.0,16.0,15.986090484819677,14.702127105685395,True,True,1975.7954881168632,512.1850173464343,12.0,1
77,3421.505572100443,500.0,16.0,9.75804423099502,13.0676872044011,True,True,3421.5139091045207,570.3066060627834,16.0,1
40,2396.5379638516,500.0,16.0,9.826833169258055,6.253908817966049,False,False,nan,nan,nan,0
56,2840.091427780369,500.0,16.0,9.342188520259343,5.96469663735704,False,False,nan,nan,nan,0
51,2713.647014886669,500.0,16.0,15.529790604169744,14.125820703428875,True,True,2713.6356000881365,534.7444299907091,12.0,1
79,3457.5325383687405,500.0,24.0,11.569794956998257,14.97021245259736,True,True,3457.511647833134,551.4206761251187,24.0,1
79,3457.2283680120163,500.0,24.0,11.569794956998257,13.569024980932987,True,True,3457.3241478331365,597.6074514202268,16.0,1
51,2695.8522745048404,500.0,24.0,16.462883318009858,13.18550621207132,True,True,2696.0453223106147,410.2497812766837,16.0,1
41,2445.5239352418835,500.0,24.0,17.368206133902387,15.976442540134414,True,True,2445.511601004328,437.2162202272398,24.0,1
52,2737.8987312419154,500.0,24.0,14.673494690601055,10.489187214993809,True,True,2737.969325502872,454.87418931158606,16.0,1
18,1806.4505188806122,500.0,24.0,11.865225443749788,5.68358901557487,False,False,nan,nan,nan,0
49,2659.3821981396522,500.0,24.0,17.495400520376702,15.46271656495649,True,True,2659.409698584069,448.0079796933848,24.0,1
84,3600.484548617282,500.0,24.0,8.601996539130027,4.696750166594549,False,False,nan,nan,nan,0
18,1800.5103391372083,500.0,24.0,11.865225443749788,5.143560918171861,False,False,nan,nan,nan,0
20,1853.6430788962502,500.0,24.0,8.98639555406131,4.899421146522932,False,False,nan,nan,nan,0
16,1754.895887558277,500.0,24.0,22.508879450360308,20.394819240971003,True,True,1754.8822754148707,424.53195840386746,24.0,1
40,2396.143517673075,500.0,24.0,14.854287206016576,6.697568022083612,False,False,nan,nan,nan,0
14,1704.1715638813664,500.0,24.0,9.068399010864878,4.950021336422109,False,False,nan,nan,nan,0
80,3501.05370390394,500.0,24.0,12.48905379169292,11.563505407041776,True,True,3501.0355585446223,458.31725537904254,24.0,1
16,1746.0807582854397,500.0,24.0,22.508879450360308,19.924484546914798,True,True,1746.090608748332,442.7096079376157,24.0,1
85,3628.854865184678,500.0,24.0,15.056703078290631,3.5415940502854,False,False,nan,nan,nan,0
20,1846.0306149637088,500.0,24.0,8.98639555406131,5.36303233258496,False,False,nan,nan,nan,0
25,2008.6851857270383,500.0,24.0,11.253600036274932,6.542626648291786,False,False,nan,nan,nan,0
22,1924.2074486768956,500.0,24.0,10.074335349388342,10.611215779192957,True,True,1924.2599133705662,587.7815061568498,16.0,1
74,3337.824371672963,500.0,24.0,11.621636956601437,10.061431408781763,True,True,3337.6896610377858,542.1667232268693,12.0,1
80,3488.0828241873214,500.0,24.0,12.48905379169292,12.380088036388024,True,True,3488.1744474336983,572.3514769330826,16.0,1
80,3483.948078729358,500.0,24.0,12.48905379169292,5.7931142967673726,False,False,nan,nan,nan,0
26,2015.3227420578933,500.0,24.0,13.513544360834041,12.083736883015996,True,True,2015.199091105804,509.954445943433,16.0,1
20,1844.7792359753496,500.0,24.0,8.98639555406131,6.141283702832355,False,False,nan,nan,nan,0
22,1902.9724389286857,500.0,24.0,10.074335349388342,11.215431073652894,True,True,1903.0376911486528,542.4093595359724,24.0,1
50,2669.9018173263657,500.0,24.0,14.450563587394635,14.47498088913188,True,True,2669.8892484099542,424.60180546659393,24.0,1
16,1762.2624220942823,500.0,24.0,22.508879450360308,12.412394176129304,True,True,1762.1044976369878,537.1931783295181,8.0,1
18,1792.4132603660116,500.0,24.0,11.865225443749788,10.286653597400889,True,True,1792.4827406191328,401.39876222015727,24.0,1
15,1713.8270422993842,500.0,24.0,18.872052393928968,21.820003230033034,True,True,1713.8242933948316,545.5021660705722,24.0,1
55,2819.5056090467883,500.0,24.0,12.404067398666015,6.356794045770218,False,False,nan,nan,nan,0
77,3406.0751945961874,500.0,24.0,14.041836735444047,6.113993978060511,False,False,nan,nan,nan,0
18,1809.3324150720048,500.0,24.0,11.865225443749788,12.779900866974382,True,True,1809.3438517299985,526.1949547989442,24.0,1
15,1727.589384192311,500.0,24.0,18.872052393928968,14.379913233925215,True,True,1727.6923489501853,483.99840113333175,16.0,1
51,2715.4609347185306,500.0,24.0,16.462883318009858,15.834974406533474,True,True,2715.524488976998,608.039272884867,16.0,1
40,2408.996328362119,500.0,24.0,14.854287206016576,17.72493881817807,True,True,2408.987942294274,529.3019833306628,24.0,1
52,2732.1903381000457,500.0,24.0,14.673494690601055,15.600539261710999,True,True,2732.205436614067,563.9514510577378,16.0,1
84,3604.4275251912613,500.0,24.0,8.601996539130027,5.646056546609757,False,False,nan,nan,nan,0
51,2703.4510219916874,500.0,24.0,16.462883318009858,13.855276351695103,True,True,2703.4203223105073,412.5501581403042,24.0,1
75,3349.988322278036,500.0,24.0,5.119462370441261,3.594724762883431,False,False,nan,nan,nan,1
22,1911.2239325515889,500.0,24.0,10.074335349388342,5.170304738261812,False,False,nan,nan,nan,0
16,1742.2558225260625,500.0,24.0,22.508879450360308,15.206003716488594,True,True,1742.2572754150544,346.0091356348928,24.0,1
51,2713.9525755930745,500.0,24.0,16.462883318009858,14.625185741586094,True,True,2713.9203223103545,551.3397142794577,16.0,1
78,3439.075319272161,500.0,24.0,3.53071109575833,2.027163719476624,False,False,nan,nan,nan,0
51,2698.2606486190216,500.0,24.0,16.462883318009858,12.766836479600281,True,True,2698.3092111994706,498.63916423893903,16.0,1
77,3399.8917517359682,500.0,24.0,14.041836735444047,6.877194665480817,False,False,nan,nan,nan,0
79,3476.466083371155,500.0,24.0,11.569794956998257,4.999227294632857,False,False,nan,nan,nan,0
74,3322.2299044969873,500.0,24.0,11.621636956601437,4.8792904502492265,False,False,nan,nan,nan,0
85,3630.8478871292464,500.0,24.0,15.056703078290631,15.563038453883465,True,True,3630.7704782033293,570.1620317277493,24.0,1
60,2960.1203516580604,500.0,24.0,17.809907397002203,16.54296064253648,True,True,2960.0870880141433,487.72631925183236,24.0,1
82,3535.3522018755557,500.0,24.0,13.150821913216825,15.30839377873115,True,True,3535.3313895065,548.6052286918554,24.0,1
82,3553.328389960474,500.0,24.0,13.150821913216825,5.403417764698629,False,False,nan,nan,nan,0
23,1936.8882091713022,500.0,24.0,20.3896542386034,17.499903571157155,True,True,1936.8630899548712,401.3560511607482,24.0,1
77,3399.359799086477,500.0,24.0,14.041836735444047,5.6089785875033416,False,False,nan,nan,nan,0
52,2737.5223380302245,500.0,24.0,14.673494690601055,11.433181270852149,True,True,2737.427658836213,441.8990494252909,16.0,1
73,3311.2382846828646,500.0,24.0,17.572583427315543,13.522243845619697,True,True,3311.221840546423,459.1711355874433,24.0,1
20,1849.8222582746819,500.0,24.0,8.98639555406131,5.174439815804941,False,False,nan,nan,nan,0
86,3656.411422261725,500.0,24.0,12.829796372529476,6.204991910776271,False,False,nan,nan,nan,0
25,1991.048848493757,500.0,24.0,11.253600036274932,6.228929013907246,False,False,nan,nan,nan,0
41,2435.225409296098,500.0,24.0,17.368206133902387,19.83342977037697,True,True,2435.240767671144,522.2898149918791,24.0,1
26,2026.0519889562581,500.0,24.0,13.513544360834041,13.337045630563063,True,True,2026.0115911056466,577.1633059651538,16.0,1
52,2736.1098221047737,1000.0,1.0,7.780192542219093,6.953394343976444,False,False,nan,nan,nan,0
21,1888.041747115386,1000.0,1.0,8.361431101396644,7.601748708009792,True,True,1888.0444538465867,866.1961732035312,1.0,1
84,3587.3709037372437,1000.0,1.0,8.15220285418431,8.671897592207184,True,True,3587.368182068897,959.4924396032519,1.0,1
41,2438.7712113108823,1000.0,1.0,8.180088784294739,7.412177193499924,True,True,2438.7685454488706,819.3771267562711,1.0,1
59,2929.474671674339,1000.0,1.0,8.983036494396982,8.679410730109737,True,True,2929.4818286180803,873.582342074634,1.0,1
56,2844.192741170434,1000.0,1.0,8.854583306964646,9.431243431231813,True,True,2844.188873594347,960.7796993879517,1.0,1
59,2913.8248588801944,1000.0,1.0,8.983036494396982,8.999315514048925,True,True,2913.822106396086,911.1741807259672,1.0,1
77,3403.6904271607814,1000.0,1.0,8.784133295581166,9.505419100160072,True,True,3403.6944646603356,977.0853427810255,1.0,1
15,1718.964484599868,1000.0,1.0,8.714550616844608,8.840870731531059,True,True,1718.9631822836457,914.3396393000436,1.0,1
52,2723.2582714886726,1000.0,1.0,7.780192542219093,7.970655151392417,True,True,2723.2609921697526,928.8000372022098,1.0,1
86,3645.3948914632806,1000.0,1.0,8.555831912645191,8.876848348358607,True,True,3645.39920085196,934.8502380950825,1.0,1
41,2431.224051121559,1000.0,1.0,8.180088784294739,9.297440145497015,True,True,2431.2268787823136,1025.4337837963774,1.0,1
80,3499.1912005351587,1000.0,1.0,8.826473873367073,8.847917230047528,True,True,3499.1952807668713,902.1753811880935,1.0,1
78,3438.658646803104,1000.0,1.0,3.3153916224105067,3.7070982024199903,False,False,nan,nan,nan,0
81,3528.431414911208,1000.0,1.0,9.447892443851263,9.928428874644062,True,True,3528.4287196046707,910.8929762302265,1.0,1
53,2758.0516776544064,1000.0,1.0,6.323368846244191,5.468440402594092,False,False,nan,nan,nan,0
15,1730.0185151210935,1000.0,1.0,8.714550616844608,7.757224149633431,True,True,1730.0187378390403,802.5827666539069,1.0,1
85,3622.406372489953,1000.0,1.0,7.778250862545978,8.468130880450397,True,True,3622.40936709234,987.2964567033367,1.0,1
55,2811.165430741405,1000.0,1.0,7.414173231614097,8.459490847529914,True,True,2811.164157756293,1028.8343720531038,1.0,1
18,1806.1324689430633,1000.0,1.0,7.779359527795124,5.731183054559414,False,False,nan,nan,nan,0
75,3365.800977297143,1000.0,1.0,4.4409829238142855,3.223859829860024,False,False,nan,nan,nan,1
84,3594.9457622147424,1000.0,1.0,8.15220285418431,8.468616315487699,True,True,3594.9445709576758,935.5060386289786,1.0,1
85,3623.552188319802,1000.0,1.0,7.778250862545978,6.853418868964337,False,False,nan,nan,nan,0
60,2955.543961420211,1000.0,1.0,9.558616019889616,9.044993191115557,True,True,2955.5454213475427,851.8665009771943,1.0,1
86,3658.9211196300676,1000.0,1.0,8.555831912645191,7.879200719559972,True,True,3658.9200341850965,839.7843937852756,1.0,1
20,1844.334795329273,1000.0,1.0,7.947094479927527,9.456293376334832,True,True,1844.3362014861166,1079.7358426891374,1.0,1
51,2704.6538226013554,1000.0,1.0,8.569458955897518,nan,False,False,nan,nan,nan,0
73,3297.636990143302,1000.0,1.0,8.621038636351813,9.148141554986788,True,True,3297.6385072132875,956.2966326022789,1.0,1
55,2821.902806005954,1000.0,1.0,7.414173231614097,5.48783413536804,False,False,nan,nan,nan,0
41,2432.561545338702,1000.0,1.0,8.180088784294739,nan,False,False,nan,nan,nan,0
56,2838.169240515301,1000.0,1.0,8.854583306964646,9.112323035643962,True,True,2838.1680402611014,935.158903671359,1.0,1
85,3635.4186563761073,1000.0,1.0,7.778250862545978,7.295286604041307,True,True,3635.416311536595,848.0714395591505,1.0,1
54,2781.1156089481365,1000.0,1.0,7.487179564344144,7.588492126113357,True,True,2781.1225527419865,911.8953665770961,1.0,1
58,2887.754445522769,1000.0,1.0,8.7941963100062,8.891800861158508,True,True,2887.7489796132363,915.9627380190605,1.0,1
51,2699.39122420106,1000.0,1.0,8.569458955897518,8.142821029241919,True,True,2699.392544532788,859.9384085243079,1.0,1
21,1873.0069533367273,1000.0,1.0,8.361431101396644,8.194882266784893,True,True,1873.002787180139,899.3988375685797,1.0,1
58,2883.25592375484,1000.0,1.0,8.7941963100062,nan,False,False,nan,nan,nan,0
60,2947.3551050987476,1000.0,1.0,9.558616019889616,11.468063848094458,True,True,2947.3509769032175,1070.523900786848,1.0,1
49,2659.868317680441,1000.0,1.0,8.665710160401238,11.552913175602646,True,True,2659.8680319173955,1189.877832019396,1.0,1
55,2817.1111906517795,1000.0,1.0,7.414173231614097,7.972400388076343,True,True,2817.108602200651,966.2297651812793,1.0,1
75,3340.53410544058,1000.0,1.0,4.4409829238142855,3.707292857390784,False,False,nan,nan,nan,1
23,1945.7494749204193,1000.0,1.0,8.474425359442842,7.725498905818597,True,True,1945.7519788436307,827.5382161208304,1.0,1
86,3644.3824043600216,1000.0,1.0,8.555831912645191,7.768393782000715,True,True,3644.3853119630858,818.1998755288873,1.0,1
18,1812.6920876273018,1000.0,1.0,7.779359527795124,5.813995557028677,False,False,nan,nan,nan,0
85,3617.3578424741663,1000.0,1.0,7.778250862545978,7.304332455896071,True,True,3617.360755981302,851.3158549436628,1.0,1
50,2684.656242946947,1000.0,1.0,8.226439735146558,8.224427871191518,True,True,2684.6531372986283,901.6021727159576,1.0,1
23,1937.2784940059137,1000.0,1.0,8.474425359442842,7.306353324734955,True,True,1937.2797566215318,781.0611046057667,1.0,1
50,2684.929858956935,1000.0,1.0,8.226439735146558,7.663696419507793,True,True,2684.930915076402,844.3589691592362,1.0,1
40,2401.9046550647827,1000.0,1.0,6.89980310317932,7.965551590641027,True,True,2401.904608961044,1045.4099154748078,1.0,1
26,2029.3839492485833,1000.0,1.0,7.074055646281305,6.669790275981243,False,False,nan,nan,nan,0
21,1876.5152941560304,1000.0,1.0,8.361431101396644,8.246358029080737,True,True,1876.5166760689767,890.7511539092075,1.0,1
25,2007.2032215488878,1000.0,1.0,8.31333444235483,7.222423853861009,True,True,2007.205691272815,781.7879812339761,1.0,1
84,3595.117981635393,1000.0,1.0,8.15220285418431,8.422224826768591,True,True,3595.1181820687843,933.5100036536419,1.0,1
21,1891.4737152208322,1000.0,1.0,8.361431101396644,7.237551822898045,True,True,1891.4750094020924,893.9186371199594,1.0,1
54,2792.2433466103994,1000.0,1.0,7.487179564344144,8.126170426544212,True,True,2792.2406082973803,978.0580537543807,1.0,1
49,2664.292009996116,1000.0,1.0,8.665710160401238,nan,False,False,nan,nan,nan,0
79,3457.089477452185,1000.0,1.0,8.050562053019833,7.589458069147401,True,True,3457.088036722029,857.3438560169344,1.0,1
75,3348.6063653840943,1000.0,1.0,4.4409829238142855,4.390525793671324,False,False,nan,nan,nan,1
41,2426.3740703179033,1000.0,1.0,8.180088784294739,7.56235829693702,True,True,2426.3727121157176,833.9391867459764,1.0,1
74,3320.7271266026905,1000.0,1.0,8.046983748469808,5.861890848850638,False,False,nan,nan,nan,0
60,2955.2092397691995,1000.0,2.0,13.098733948246773,12.65784000248917,True,True,2955.20514356977,1017.2335633195689,1.5,1
77,3423.4333884035464,1000.0,2.0,11.20598947481721,6.040081631995574,False,False,nan,nan,nan,0
14,1710.0312481185704,1000.0,2.0,8.600519091230094,9.074668416818561,True,True,1710.0286019521993,988.7583086891094,1.5,1
20,1857.1083484988014,1000.0,2.0,9.876192192295578,10.128566622658052,True,True,1857.107034819264,1035.2011068782206,1.5,1
41,2437.3837230890035,1000.0,2.0,10.440763578129706,10.353098713329826,True,True,2437.379656560002,903.211920451478,2.0,1
75,3364.2134549959637,1000.0,2.0,4.951747482442792,4.81251644644217,False,False,nan,nan,nan,1
50,2690.281349918304,1000.0,2.0,10.83961405372625,10.50338290454031,True,True,2690.2850817429908,975.606517236358,1.5,1
40,2396.2074068417883,1000.0,2.0,8.391285079477376,8.754966771659808,True,True,2396.210164516682,1033.3329821760888,1.5,1
50,2682.858989500286,1000.0,2.0,10.83961405372625,nan,False,False,nan,nan,nan,0
73,3310.035509800588,1000.0,2.0,11.582216035324137,10.772288943835802,True,True,3310.0343405464405,946.0082352218772,1.5,1
24,1963.4997807091643,1000.0,2.0,11.758463822104439,11.660492995685312,True,True,1963.5038214503754,917.3445535330335,2.0,1
84,3593.8749467921507,1000.0,2.0,10.157218587245731,10.282452548814002,True,True,3593.875126513247,924.9372006971133,2.0,1
24,1981.9167625693622,1000.0,2.0,11.758463822104439,11.660218351782627,True,True,1981.9135436723298,1038.8732552141798,1.5,1
52,2742.8099007982614,1000.0,2.0,10.250065872287111,11.11544522506654,True,True,2742.8096032805793,1088.8491786570783,1.5,1
84,3608.408011503961,1000.0,2.0,10.157218587245731,11.176408970118654,True,True,3608.4098487352576,1082.1157683120555,1.5,1
58,2905.01804449116,1000.0,2.0,11.722181867153708,12.653285138955324,True,True,2905.0198129463183,1087.6601703913443,1.5,1
85,3619.0411464805743,1000.0,2.0,9.950663990205642,11.473474528986465,True,True,3619.0413115368333,1128.3312454006611,1.5,1
15,1717.3395024163174,1000.0,2.0,11.410604652357222,10.405451559170949,True,True,1717.3381822836693,833.5064898516899,2.0,1
60,2949.3328788612075,1000.0,2.0,13.098733948246773,14.462236645172744,True,True,2949.3370880142998,996.8394186044393,2.0,1
16,1753.212587158436,1000.0,2.0,10.762771475587176,10.095696103029136,True,True,1753.208664303784,924.284378348181,1.5,1
22,1912.1197802465776,1000.0,2.0,10.216500842757236,11.166285233474367,True,True,1912.1140800374096,1130.0705211822212,1.5,1
58,2900.770888469348,1000.0,2.0,11.722181867153708,12.117362668115767,True,True,2900.76981294638,1044.1459921397925,1.5,1
51,2702.763508842727,1000.0,2.0,11.919708531528732,11.257217821308735,True,True,2702.767544532739,865.0426764692272,2.0,1
74,3333.9701853530078,1000.0,2.0,10.071108691437063,10.14944017502625,True,True,3333.974383260062,1023.8332823344508,1.5,1
79,3462.704829559938,1000.0,2.0,10.508299390321076,9.689327814754895,True,True,3462.713036721947,905.0495848024051,1.5,1
51,2701.3954275077836,1000.0,2.0,11.919708531528732,10.300723657911316,True,True,2701.392544532759,799.6847052976923,2.0,1
55,2800.32940577651,1000.0,2.0,10.049628672373439,10.07159520117445,True,True,2800.323879978673,912.4339839765183,2.0,1
51,2698.8939931105506,1000.0,2.0,11.919708531528732,12.05868475480189,True,True,2698.8925445327955,915.1014696218799,2.0,1
55,2820.095880556209,1000.0,2.0,10.049628672373439,10.768516199364152,True,True,2820.094713311719,979.5812161326772,2.0,1
86,3648.7281891771477,1000.0,2.0,11.802583411169353,12.056464449053173,True,True,3648.7255897408004,944.1935847372481,2.0,1
16,1743.4808015161425,1000.0,2.0,10.762771475587176,11.285599629972108,True,True,1743.4794976372589,1029.0475721292848,1.5,1
18,1809.0199200717113,1000.0,2.0,10.179120855152993,9.695787163051694,True,True,1809.0174628411144,880.4348845030539,2.0,1
86,3656.1905914005456,1000.0,2.0,11.802583411169353,10.791477778029373,True,True,3656.197811962914,975.992183398227,1.5,1
22,1900.6376952154496,1000.0,2.0,10.216500842757236,11.404797701008286,True,True,1900.63491337091,1110.4793639585066,1.5,1
86,3646.7920975226784,1000.0,2.0,11.802583411169353,11.235960092801355,True,True,3646.7880897408286,878.0583398200088,2.0,1
20,1846.9111642196092,1000.0,2.0,9.876192192295578,11.524541189456977,True,True,1846.912590374968,1140.858575417868,1.5,1
25,2001.704544519019,1000.0,2.0,11.288405303494086,10.41316950876243,True,True,2001.6987468284508,845.6388580408776,2.0,1
82,3540.546592413421,1000.0,2.0,9.879592826955959,10.06904909655958,True,True,3540.5397228397574,974.265695254505,1.5,1
74,3316.089639578671,1000.0,2.0,10.071108691437063,12.499717925716448,True,True,3316.0854943714335,1116.495077843525,2.0,1
14,1684.3758206670634,1000.0,2.0,8.600519091230094,9.437718806007593,True,True,1684.3688797303505,1038.6170702744182,1.5,1
84,3601.515082623066,1000.0,2.0,10.157218587245731,10.720653297798032,True,True,3601.520959846469,1039.1565606928937,1.5,1
79,3452.9797088101227,1000.0,2.0,10.508299390321076,9.33652866601269,True,True,3452.9769256109776,873.7295642309272,1.5,1
14,1703.468791272235,1000.0,2.0,8.600519091230094,9.019456411710983,True,True,1703.4730463967392,983.4480449411598,1.5,1
18,1794.053506111439,1000.0,2.0,10.179120855152993,10.561625396646162,True,True,1794.0521850635544,1079.0963028512963,1.5,1
55,2813.8917836649957,1000.0,2.0,10.049628672373439,9.66814946633006,True,True,2813.89332442292,993.961129777042,1.5,1
24,1967.1540153224664,1000.0,2.0,11.758463822104439,10.530849464184726,True,True,1967.1565992281,955.8824719711143,1.5,1
73,3297.0314384797416,1000.0,2.0,11.582216035324137,10.640579305348053,True,True,3297.0273961021853,926.5094020147894,1.5,1
50,2669.9115397110554,1000.0,2.0,10.83961405372625,11.33517201670991,True,True,2669.903137298843,1060.0869563940782,1.5,1
52,2739.55430613719,1000.0,2.0,10.250065872287111,10.639816961691388,True,True,2739.545714391738,1034.0316246316124,1.5,1
60,2960.748130776399,1000.0,2.0,13.098733948246773,11.410086891191336,True,True,2960.7537546808003,790.4080778270418,2.0,1
20,1842.823698308317,1000.0,2.0,9.876192192295578,10.7757623589265,True,True,1842.829257041694,1102.3382503488222,1.5,1
56,2830.101297055891,1000.0,2.0,11.30361281687718,10.850070668667454,True,True,2830.1055402612187,955.8389910167936,1.5,1
58,2907.6499533916713,1000.0,2.0,11.722181867153708,11.164028860866903,True,True,2907.64481294628,959.2123357798465,1.5,1
41,2435.103188253823,1000.0,2.0,10.440763578129706,10.579345928996235,True,True,2435.094934337813,1040.7661291569534,1.5,1
74,3317.98824281086,1000.0,2.0,10.071108691437063,11.961515319970912,True,True,3317.981327704739,1206.6239996193444,1.5,1
83,3564.551842129562,1000.0,2.0,12.366473782507382,11.22951888149155,True,True,3564.553316931363,816.7267748623801,2.0,1
79,3469.553517076274,1000.0,2.0,10.508299390321076,10.979238368870924,True,True,3469.5533144996252,1035.4632016050925,1.5,1
21,1890.6556533124226,1000.0,2.0,10.801405529142666,9.983620307451888,True,True,1890.6625094021042,930.5606907101903,1.5,1
23,1946.3717073725174,1000.0,2.0,11.56190656109415,12.941049383011066,True,True,1946.3700343991773,1116.8186509178513,1.5,1
85,3635.268658235758,1000.0,2.0,9.950663990205642,9.497755548911039,True,True,3635.2635337588194,940.5809732942398,1.5,1
82,3546.285431499218,1000.0,4.0,12.786760509987529,10.969206084661014,True,True,3546.2897228396737,774.5883423164132,4.0,1
56,2833.6137474750326,1000.0,4.0,13.34551332830541,13.99356630287629,True,True,2833.6194291500565,1045.891024931542,3.0,1
84,3594.64576714823,1000.0,4.0,11.839953265173614,12.744974712103447,True,True,3594.6529042910133,1043.225857956557,3.0,1
78,3440.818398019637,1000.0,4.0,3.618450678542355,4.192950882372752,False,False,nan,nan,nan,0
77,3399.4986900979507,1000.0,4.0,14.125115207205221,14.724771136402484,True,True,3399.5069646603965,1010.0819843398428,3.0,1
77,3396.306977336296,1000.0,4.0,14.125115207205221,17.27132765156474,True,True,3396.3125202159986,1173.2532297887597,3.0,1
18,1798.011767999171,1000.0,4.0,12.372776395661015,13.348677072649009,True,True,1798.0035739523858,1066.3508738606786,3.0,1
53,2762.030858089682,1000.0,4.0,8.453836439821496,9.63398215948498,True,True,2762.032134525012,1107.294524456981,3.0,1
49,2640.71525827359,1000.0,4.0,15.617435285545781,15.904266710356081,True,True,2640.7221985843407,1022.1755659916183,3.0,1
41,2431.178217967463,1000.0,4.0,13.582437184392957,15.232780786115205,True,True,2431.1852121156476,1015.4558397719061,4.0,1
56,2843.146926181876,1000.0,4.0,13.34551332830541,13.926548573741353,True,True,2843.15415137214,1031.587355256516,3.0,1
25,2000.6864773888562,1000.0,4.0,13.446866820597908,13.38100668955898,True,True,2000.6848579395767,963.0980607138382,3.0,1
60,2958.7536829199503,1000.0,4.0,18.436199653741046,16.959752811028093,True,True,2958.7606991252737,851.0928322273977,4.0,1
55,2819.07922471854,1000.0,4.0,12.723284811712436,11.959573722471172,True,True,2819.0808244228447,858.3678058284231,4.0,1
24,1974.9138650527739,1000.0,4.0,15.187976898576377,14.941042952950289,True,True,1974.9274325613203,997.9180788432217,3.0,1
15,1713.2784375874007,1000.0,4.0,15.676878231231763,17.21302190029571,True,True,1713.2756822837284,1003.2241024476347,4.0,1
81,3520.0606368392,1000.0,4.0,17.695816068881133,15.892555557639895,True,True,3520.0537196047926,768.730107470902,4.0,2
59,2927.9399652256056,1000.0,4.0,16.311223322707924,17.057156057281663,True,True,2927.9332175069917,1081.2382858176254,3.0,1
74,3320.341015786844,1000.0,4.0,13.103341748617595,12.136282239416976,True,True,3320.3354943713716,864.8799618791373,4.0,1
22,1901.1418661720277,1000.0,4.0,12.868904221923769,15.06033133162926,True,True,1901.141857815347,1051.591961876878,4.0,1
81,3511.696761157718,1000.0,4.0,17.695816068881133,16.37325944818017,True,True,3511.706497382692,929.7793980703019,3.0,2
58,2894.8321084292015,1000.0,4.0,14.85831117307325,16.098425216177482,True,True,2894.8253685020222,984.2486634821057,4.0,1
22,1909.9628023745436,1000.0,4.0,12.868904221923769,13.83004021596624,True,True,1909.9751911485519,1081.666958395034,3.0,1
18,1794.4798869048943,1000.0,4.0,12.372776395661015,12.048049641659683,True,True,1794.4757961746593,962.5195343433822,3.0,1
21,1893.2390082114025,1000.0,4.0,14.697438327046342,14.128476996250766,True,True,1893.2388982909556,875.6892176649866,4.0,1
56,2850.9940200378096,1000.0,4.0,13.34551332830541,12.45434873096564,True,True,2850.9874847053593,910.0994670486731,3.0,1
52,2725.3152449088543,1000.0,4.0,13.825263049800856,14.015916546566453,True,True,2725.3165477252783,1061.6877127538442,3.0,1
59,2935.171850800343,1000.0,4.0,16.311223322707924,14.844649413855532,True,True,2935.1693286179975,958.2976171274904,3.0,1
55,2797.554430930844,1000.0,4.0,12.723284811712436,12.583398472385603,True,True,2797.5599910898245,999.7983267794959,3.0,1
40,2416.811607252646,1000.0,4.0,10.265620306523418,10.220499104131324,True,True,2416.8212756274934,992.1173559754174,3.0,1
55,2823.044460426227,1000.0,4.0,12.723284811712436,10.995788293664486,False,False,nan,nan,nan,1
54,2770.198941021684,1000.0,4.0,12.117802844629637,13.184179776445486,True,True,2770.19199718659,1091.995549770682,3.0,1
82,3553.2770017304274,1000.0,4.0,12.786760509987529,11.876655107543199,True,True,3553.2827783951275,972.6330147302453,3.0,1
75,3366.7871020939638,1000.0,4.0,5.473794030070889,5.416433165147205,False,False,nan,nan,nan,1
23,1952.8926582626461,1000.0,4.0,16.534616170244373,15.707006042534399,True,True,1952.89781217686,878.9668335134883,4.0,1
24,1981.5375887485397,1000.0,4.0,15.187976898576377,16.88077313709897,True,True,1981.5315992278909,1011.125662015835,4.0,1
23,1945.3341904157892,1000.0,4.0,16.534616170244373,15.552164773891024,True,True,1945.3283677325257,867.3101959730645,4.0,1
79,3454.12833272813,1000.0,4.0,13.161044836019677,13.287740978667587,True,True,3454.122758944294,1003.9872987920174,3.0,1
16,1759.3152499012392,1000.0,4.0,15.134148543587111,14.478334505968544,True,True,1759.3197754148061,882.3353558160579,4.0,1
16,1754.3361761849783,1000.0,4.0,15.134148543587111,15.162626522058718,True,True,1754.340608748212,915.8127405889641,4.0,1
84,3602.195624294465,1000.0,4.0,11.839953265173614,11.688176318184624,True,True,3602.187626513126,958.3784691352541,3.0,1
53,2754.0433210065794,1000.0,4.0,8.453836439821496,9.870622870292427,True,True,2754.0738011917947,1196.27133348259,2.0,1
60,2949.7537105950237,1000.0,4.0,18.436199653741046,nan,False,False,nan,nan,nan,0
54,2773.716992764393,1000.0,4.0,12.117802844629637,12.463187370555383,True,True,2773.712830519872,1033.8022914634137,3.0,1
73,3308.579958789739,1000.0,4.0,14.664555200777945,15.30234700391155,True,True,3308.5760072131284,1029.0762713510328,3.0,1
75,3343.4382786439724,1000.0,4.0,5.473794030070889,6.597015044105655,False,False,nan,nan,nan,1
75,3361.1731398038696,1000.0,4.0,5.473794030070889,5.053065748023268,False,False,nan,nan,nan,1
22,1922.936594112397,1000.0,4.0,12.868904221923769,11.743055991909692,True,True,1922.9335244816966,929.6684496414773,3.0,1
55,2809.5751708876955,1000.0,4.0,12.723284811712436,14.378278437113519,True,True,2809.5669355340942,1023.5354277882034,4.0,1
75,3354.028638807698,1000.0,4.0,5.473794030070889,6.852594235638495,False,False,nan,nan,nan,1
56,2833.9373541642667,1000.0,4.0,13.34551332830541,12.732901172582382,True,True,2833.9388735944963,871.1869248439808,4.0,1
84,3609.7121580578846,1000.0,4.0,11.839953265173614,10.382462492827557,True,True,3609.715404290794,812.9985027760898,3.0,1
20,1862.215276531889,1000.0,4.0,11.309879162776852,12.456792358100369,True,True,1862.2112014858565,1028.3021889342342,3.0,1
14,1690.0771902545946,1000.0,4.0,10.17430382574627,9.904830795066031,True,True,1690.0911019524895,985.9853597638123,3.0,1
85,3617.4800624966847,1000.0,4.0,12.440942282686473,13.326027912592899,True,True,3617.478811536856,989.6403312931049,4.0,1
49,2644.6041988670154,1000.0,4.0,15.617435285545781,16.863634457576204,True,True,2644.6180319176174,1089.398449695157,3.0,1
75,3352.7411281648688,1000.0,4.0,5.473794030070889,4.8654993586013076,False,False,nan,nan,nan,1
58,2908.61521895796,1000.0,4.0,14.85831117307325,14.706047332298064,True,True,2908.610090724044,917.8139134207388,4.0,1
55,2817.129246006406,1000.0,4.0,12.723284811712436,13.692858829735284,True,True,2817.1363799784285,1094.122154744891,3.0,1
18,1795.2645944739331,1000.0,4.0,12.372776395661015,12.474707999013427,True,True,1795.2466295079814,1004.3575435843494,3.0,1
85,3633.7214557450893,1000.0,8.0,17.160535033131392,15.993898392592696,True,True,3633.714922647731,933.5038935869628,8.0,1
73,3296.020334228921,1000.0,8.0,19.17347332281849,17.902490697803565,True,True,3296.0204516577555,1031.8714404005837,6.0,1
23,1951.749580608514,1000.0,8.0,21.99961759458321,20.45080614971719,True,True,1951.7380899546547,912.996974401178,8.0,1
79,3457.4505929260467,1000.0,8.0,15.332938625944205,18.216465148906302,True,True,3457.4491478331347,1103.4013761641702,6.0,1
58,2900.320896213897,1000.0,8.0,19.13458256327433,19.406924058670782,True,True,2900.318424057498,1024.1514989769387,6.0,1
53,2767.2169935661923,1000.0,8.0,9.844384037067142,8.546446582291885,True,True,2767.226578969381,843.8494497597661,6.0,1
20,1848.912540759249,1000.0,8.0,12.713585850308075,12.737344040900155,True,True,1848.8987014860502,979.0044946212143,6.0,1
18,1807.6018879192418,1000.0,8.0,15.687317144539318,14.731719876628908,True,True,1807.614685063357,981.8920027566614,6.0,1
60,2962.3648006588737,1000.0,8.0,24.053027093782823,23.514482745006823,True,True,2962.3301435696662,933.9249505814588,6.0,1
56,2829.3429749072743,1000.0,8.0,16.197500946511795,16.468309585317023,True,True,2829.3485958167853,1027.5242177229495,6.0,1
52,2723.288827465237,1000.0,8.0,16.866587321461587,18.711701151628322,True,True,2723.267936614197,1074.99131303892,6.0,1
73,3307.5549630453947,1000.0,8.0,19.17347332281849,17.544283411360194,True,True,3307.5690627686986,955.5697435055922,6.0,1
81,3514.5939766400365,1000.0,8.0,22.848901110172097,26.69655100196779,True,True,3514.5953862715387,947.0724750526904,8.0,1
40,2392.594892214103,1000.0,8.0,13.704128363534236,13.202741818655447,True,True,2392.585164516735,896.0836104792296,8.0,1
51,2703.9426980879934,1000.0,8.0,21.508787392109454,20.080739926527027,True,True,2703.941155643833,914.324562430552,8.0,1
77,3419.1388587515617,1000.0,8.0,15.938560977922123,15.407264785285278,True,True,3419.131964660111,925.6417864190284,6.0,1
21,1877.943077386531,1000.0,8.0,21.002270956958373,19.308653246394314,True,True,1877.9402871800671,829.6103405068279,8.0,1
54,2778.2419952974446,1000.0,8.0,14.761474060084746,16.02603307471668,True,True,2778.219774964251,1107.1738110038661,6.0,1
14,1703.4132361273257,1000.0,8.0,12.159189438042501,12.19984627504565,True,True,1703.4036019522957,949.8537409920048,6.0,1
77,3405.0001737715497,1000.0,8.0,15.938560977922123,17.084321281619296,True,True,3404.979186882539,1060.4411376439207,6.0,1
40,2414.5727177097747,1000.0,8.0,13.704128363534236,14.315272969353638,True,True,2414.564331183082,936.2111331547723,8.0,1
15,1719.6505883487541,1000.0,8.0,22.307937071689352,20.24106450374357,True,True,1719.6298489503026,829.7993095179193,8.0,1
79,3478.7202750618044,1000.0,8.0,15.332938625944205,17.67383369137642,True,True,3478.713036721714,1103.348149694356,6.0,1
25,2001.5906543260342,1000.0,8.0,15.509673936494218,15.871766531900072,True,True,2001.60152460623,1037.5567152120402,6.0,1
23,1931.9270153190737,1000.0,8.0,21.99961759458321,21.466979813171786,True,True,1931.9117010660543,934.8962039558317,8.0,1
49,2662.101691273203,1000.0,8.0,20.066692768053496,20.220339807080904,True,True,2662.1180319173627,1019.163133984323,6.0,1
74,3325.782687431825,1000.0,8.0,18.332048413102616,15.674335842337454,True,True,3325.807716593514,1016.8237213148071,8.0,1
26,2013.6324502498908,1000.0,8.0,15.417129420790575,14.163467602854316,True,True,2013.6504799947154,898.8614390475742,6.0,1
26,2013.899119100099,1000.0,8.0,15.417129420790575,15.820027859795553,True,True,2013.907424439156,1040.5783809381571,6.0,1
22,1919.1198695688454,1000.0,8.0,16.215155790875723,19.406399746541688,True,True,1919.1349133706408,1182.5220700265138,6.0,1
20,1843.72368969693,1000.0,8.0,12.713585850308075,14.299978973809411,True,True,1843.7250903750144,1106.351312596558,6.0,1
56,2833.2429192346476,1000.0,8.0,16.197500946511795,14.861626321262628,True,True,2833.2305402611732,927.4044045590143,6.0,1
52,2724.20689581147,1000.0,8.0,16.866587321461587,16.284970724615622,True,True,2724.2054366141833,963.9247675328521,6.0,1
23,1939.6938176598624,1000.0,8.0,21.99961759458321,19.887384072499252,True,True,1939.6964232881633,873.3024155599977,8.0,1
74,3324.1104627208047,1000.0,8.0,18.332048413102616,18.229858812157843,True,True,3324.1202165935388,939.4717859939543,8.0,1
56,2839.835877233047,1000.0,8.0,16.197500946511795,15.289010384539488,True,True,2839.8277624832995,957.001871191785,6.0,1
25,1990.8266230181328,1000.0,8.0,15.509673936494218,13.913428772778492,True,True,1990.823746828609,842.1641689081866,6.0,1
51,2695.9383870207052,1000.0,8.0,21.508787392109454,20.177141087496512,True,True,2695.934211199505,927.5007303797687,8.0,1
74,3330.788234975925,1000.0,8.0,18.332048413102616,17.47504417687001,True,True,3330.7868832601084,910.8552087446932,8.0,1
40,2400.856039048667,1000.0,8.0,13.704128363534236,13.599386681647152,True,True,2400.8629422943923,939.6174831416162,8.0,1
41,2437.696220399011,1000.0,8.0,18.584970360574406,18.358068020333516,True,True,2437.685212115553,1061.9563620494946,6.0,1
78,3436.1849926307186,1000.0,8.0,4.028896418271562,14.355531625640214,False,False,nan,nan,nan,1
51,2695.614770655199,1000.0,8.0,21.508787392109454,19.28505232974916,True,True,2695.6217111995097,972.5751965550487,6.0,1
52,2726.1541459319687,1000.0,8.0,16.866587321461587,17.788517265277726,True,True,2726.135992169711,1017.0368233117329,6.0,1
41,2431.619882887518,1000.0,8.0,18.584970360574406,21.079407787541953,True,True,2431.622712115641,1017.3986460955668,8.0,1
40,2401.410208302,1000.0,8.0,13.704128363534236,11.890105036475443,True,True,2401.4184978499397,776.2228582810892,8.0,1
78,3448.9838006103787,1000.0,8.0,4.028896418271562,5.455513109373761,False,False,nan,nan,nan,0
14,1690.235523086317,1000.0,8.0,12.159189438042501,12.557791191691551,True,True,1690.243879730265,1016.8398562394574,6.0,1
81,3521.3342400473466,1000.0,8.0,22.848901110172097,24.40441679259966,True,True,3521.352330715885,976.7781425720021,6.0,1
23,1946.2480942150764,1000.0,8.0,21.99961759458321,20.180775223398335,True,True,1946.2519788436234,908.5005106100984,8.0,1
21,1871.075008748223,1000.0,8.0,21.002270956958373,19.297431680145635,True,True,1871.0513982912785,877.6591559651794,8.0,1
60,2948.781491273523,1000.0,8.0,24.053027093782823,24.86185869949253,True,True,2948.7676435698636,1029.5271310136848,6.0,1
77,3401.6515025331205,1000.0,8.0,15.938560977922123,16.279479575522817,True,True,3401.6736313270317,1014.6613087561631,6.0,1
81,3516.4689739784385,1000.0,8.0,22.848901110172097,22.25562529043837,True,True,3516.4564973826227,941.2051389015942,6.0,2
77,3397.2778243776424,1000.0,8.0,15.938560977922123,15.110810543795116,True,True,3397.2986313270953,900.1549444119761,6.0,1
18,1809.50185682989,1000.0,8.0,15.687317144539318,16.91872088536086,True,True,1809.5105183966627,1098.3251263639604,6.0,1
80,3504.1884346450906,1000.0,8.0,16.25291928054583,15.957261572052413,True,True,3504.167502989021,979.7725640527325,6.0,1
41,2420.558819691667,1000.0,8.0,18.584970360574406,17.67872101119302,True,True,2420.560212115802,994.44251773403,6.0,1
86,3656.8961392131555,1000.0,8.0,19.780768508741545,19.1181798126868,True,True,3656.906145296237,915.9297736492757,6.0,1
25,2004.1045724999742,1000.0,8.0,15.509673936494218,15.636389991028704,True,True,2004.1154134950823,997.5855127363801,6.0,1
83,3566.7198639086014,1000.0,16.0,31.577144387807103,29.724497559330985,True,True,3566.8310947091077,604.4300486532067,24.0,1
78,3448.5837938090326,1000.0,16.0,5.518118446134926,5.324375280869172,False,False,nan,nan,nan,0
54,2786.8280877802854,1000.0,16.0,18.80377071126026,17.93601603356895,True,True,2786.8447749641255,1029.0964577944717,12.0,1
25,2007.7212838090857,1000.0,16.0,20.19304094294852,16.44711655852476,True,True,2007.7126357172522,969.8173149550656,12.0,1
86,3662.541927385028,1000.0,16.0,24.83386343021113,22.10805536972593,True,True,3662.4408675183786,1044.6179565003854,8.0,1
77,3396.243087516567,1000.0,16.0,19.51608846199004,22.37138749768879,True,True,3396.2500202159995,1005.3659463259369,16.0,1
49,2648.945934056269,1000.0,16.0,25.826053505606623,22.045916230389345,True,True,2648.9513652508876,863.6492434321618,16.0,1
85,3623.854960758456,1000.0,16.0,24.847628338097664,22.24078866806476,True,True,3623.707978203432,1351.7661728399894,6.0,1
55,2800.823846222128,1000.0,16.0,21.307134718474824,18.019643485575006,True,True,2800.8377688675546,1019.7772012751334,12.0,1
79,3462.760385917505,1000.0,16.0,20.152882607812316,15.352850059586883,True,True,3462.8797033886112,959.9810756447517,8.0,1
18,1813.6670750132168,1000.0,16.0,20.74137392715937,19.11851231296277,True,True,1813.5730183966036,1139.1984880103992,8.0,1
23,1929.7839281055014,1000.0,16.0,31.60880135028222,21.48892545597909,True,True,1929.8978121771947,867.3337148365086,8.0,1
16,1748.247390820268,1000.0,16.0,32.08836455599727,31.58097228485368,True,True,1748.2572754149671,917.4159127594672,16.0,1
18,1810.706004918766,1000.0,16.0,20.74137392715937,18.22011866467831,True,True,1810.7327406188672,924.9121582505923,12.0,1
54,2777.964217284595,1000.0,16.0,18.80377071126026,18.030147874754807,True,True,2777.9489416309216,1051.2204497073303,12.0,1
14,1695.8452318408924,1000.0,16.0,15.077227461802156,5.688293041157909,False,False,nan,nan,nan,0
21,1897.2154399214908,1000.0,16.0,25.00911779192362,23.490352720163596,True,True,1897.1763982908983,929.2462057303161,12.0,1
26,2021.6241880316077,1000.0,16.0,23.059062527334998,22.043215297068656,True,True,2021.5879799946,1027.84634484446,12.0,1
14,1685.735538075008,1000.0,16.0,15.077227461802156,14.650481675347786,True,True,1685.7647130636635,1049.8422920084388,12.0,1
23,1930.5603281401675,1000.0,16.0,31.60880135028222,33.84161098326455,True,True,1930.5644788438517,1020.8500022390999,16.0,1
75,3366.2079275176875,1000.0,16.0,7.522149641144676,5.499950145332805,False,False,nan,nan,nan,1
86,3646.0407170813482,1000.0,16.0,24.83386343021113,19.33655866580635,True,True,3646.031145296395,950.130093232844,12.0,1
79,3466.385435134761,1000.0,16.0,20.152882607812316,20.634532295564064,True,True,3466.3380367218942,1061.774145235413,12.0,1
15,1713.052051354109,1000.0,16.0,32.31352716106754,33.822911362210384,True,True,1713.0534600615094,999.8247742009956,16.0,1
56,2836.9581467518824,1000.0,16.0,18.684377040518687,14.66738973389438,True,True,2836.890262483342,801.5450508884095,8.0,1
14,1704.9243361855972,1000.0,16.0,15.077227461802156,14.704002479561693,True,True,1704.94526861894,1066.9508798618137,12.0,1
77,3404.6848900225345,1000.0,16.0,19.51608846199004,17.266301680730706,True,True,3404.6666868825437,873.1400411098373,16.0,1
86,3662.394706230188,1000.0,16.0,24.83386343021113,24.521338259810484,True,True,3662.3228119628247,1025.3546696267595,12.0,1
86,3645.936551631147,1000.0,16.0,24.83386343021113,20.038375324406637,True,True,3645.9408675186187,967.3290994981646,12.0,1
82,3546.5493170388295,1000.0,16.0,20.90956481174541,20.179299885896885,True,True,3546.5466672841144,909.9449487703819,12.0,1
75,3364.202343734023,1000.0,16.0,7.522149641144676,5.2419049739389605,False,False,nan,nan,nan,1
22,1910.768369950441,1000.0,16.0,17.892176287224032,17.12308316262219,True,True,1910.746024481874,938.1879710806896,12.0,1
20,1849.4417046177512,1000.0,16.0,15.78114851962223,15.118611612330639,True,True,1849.4334237082646,1004.0154243779714,12.0,1
51,2714.9900932703695,1000.0,16.0,31.059581208339488,26.27677541421244,True,True,2714.9758778658947,1085.927023736983,12.0,1
81,3515.74814148654,1000.0,16.0,33.793576319920284,36.55578093955562,True,True,3515.7481640492997,846.6570812512384,16.0,1
41,2434.625415199715,1000.0,16.0,26.18506849361544,25.552197861026556,True,True,2434.6366010044862,913.1557461674917,16.0,1
83,3583.8112494874254,1000.0,16.0,31.577144387807103,29.193110277649343,True,True,3583.706094708862,844.9541925762687,16.0,1
24,1960.5136180994405,1000.0,16.0,31.972180969639354,29.272211552147958,True,True,1960.5107658948634,871.6323863547998,16.0,1
75,3348.945257174239,1000.0,16.0,7.522149641144676,5.153604569770339,False,False,nan,nan,nan,1
23,1930.1103216324034,1000.0,16.0,31.60880135028222,31.544248845072406,True,True,1930.1130899549694,889.9954289515206,16.0,1
50,2675.9574839096153,1000.0,16.0,24.3762255255627,25.09177582573142,True,True,2675.9656372987547,972.1325587290189,16.0,1
56,2830.686010789545,1000.0,16.0,18.684377040518687,15.477215485139697,True,True,2830.7097069278766,922.7726263875012,12.0,1
75,3359.7981255361788,1000.0,16.0,7.522149641144676,6.548469481082564,False,False,nan,nan,nan,1
53,2748.3613292873647,1000.0,16.0,11.563887736527438,10.541016710203186,True,True,2748.3863011918775,941.0303958773043,12.0,1
54,2787.883639134329,1000.0,16.0,18.80377071126026,17.618598508889924,True,True,2787.90727496411,1026.6872452909515,12.0,1
49,2645.448655848106,1000.0,16.0,25.826053505606623,21.810137821311834,True,True,2645.4513652509386,959.5337136528896,12.0,1
54,2778.7433846243057,1000.0,16.0,18.80377071126026,17.943605158686385,True,True,2778.7128305197994,957.2320220065477,12.0,1
50,2675.169968484017,1000.0,16.0,24.3762255255627,23.16523776326232,True,True,2675.167026187655,855.6733817727977,16.0,1
40,2411.1282726860636,1000.0,16.0,19.65366633851611,20.899591444522066,True,True,2411.0434978497997,688.3568023680316,24.0,1
53,2755.226664547654,1000.0,16.0,11.563887736527438,10.605245261760217,True,True,2755.1988011917783,990.263904699731,12.0,1
73,3295.75644724234,1000.0,16.0,25.6498486746118,18.789391496498837,True,True,3295.728784991093,993.8060387724365,12.0,1
18,1810.9060019246149,1000.0,16.0,20.74137392715937,19.331867100455188,True,True,1810.9063517299758,1007.7465450717094,12.0,1
16,1753.450082456696,1000.0,16.0,32.08836455599727,29.079893844935953,True,True,1753.4447754148916,867.412876331024,16.0,1
25,1989.3904911613251,1000.0,16.0,20.19304094294852,20.576299801998818,True,True,1989.38624682863,962.5708342332847,16.0,1
15,1732.5865341360316,1000.0,16.0,32.31352716106754,25.919237402309104,True,True,1732.56040450567,890.4932759836256,16.0,1
51,2701.6065425581555,1000.0,16.0,31.059581208339488,24.36959017735408,True,True,2701.6078223105337,874.3623976031647,16.0,1
77,3396.1819755085276,1000.0,16.0,19.51608846199004,22.178182750844044,True,True,3396.2152979937778,1115.0173931056868,12.0,1
56,2839.0970025382117,1000.0,16.0,18.684377040518687,16.195130559694977,True,True,2839.133318038865,860.0899108140592,12.0,1
56,2828.619374682296,1000.0,16.0,18.684377040518687,16.087957658648865,True,True,2828.6055402612405,959.299306862905,8.0,1
85,3618.5342106431244,1000.0,16.0,24.847628338097664,24.13355041751558,True,True,3618.527422647952,938.3686761838072,16.0,1
74,3333.924351864541,1000.0,24.0,23.243273913202874,17.748871581811212,True,True,3333.7799388156204,890.7801465470895,12.0,1
41,2423.318527853555,1000.0,24.0,34.73641226780477,31.28208344650828,True,True,2423.3171565602065,922.2887671295183,24.0,1
26,2030.4978437153034,1000.0,24.0,27.027088721668083,22.41205592299212,True,True,2030.4977022166925,844.8601772907648,24.0,1
83,3582.85709683133,1000.0,24.0,52.20764824431782,45.33472209951922,True,True,3582.831094708875,912.2086605305735,24.0,1
24,1972.2249344716413,1000.0,24.0,38.04395698901882,37.053897566739636,True,True,1972.2399325613594,941.8462487776357,24.0,1
21,1890.283428344755,1000.0,24.0,32.272857242346404,32.88226569690033,True,True,1890.273620513221,897.5668934722665,24.0,1
51,2712.490051175254,1000.0,24.0,32.925766636019716,29.879362570257832,True,True,2712.517544532597,947.4293900254145,16.0,1
74,3339.4077141898583,1000.0,24.0,23.243273913202874,20.206264178046354,True,True,3339.2243832599856,1061.040808958746,8.0,1
54,2778.403106547506,1000.0,24.0,21.799060056143208,19.8685934848907,True,True,2778.4142194086926,916.3829714513676,24.0,1
55,2801.2335651998283,1000.0,24.0,24.80813479733203,22.980809124417238,True,True,2801.254435534215,968.7401537890591,24.0,1
20,1856.9166828507693,1000.0,24.0,17.97279110812262,9.888159053868193,True,True,1857.1625903748188,873.1029945018948,3.0,1
80,3494.1592514145595,1000.0,24.0,24.97810758338584,21.38617300130106,True,True,3494.1813918780554,862.199694242564,24.0,1
78,3437.4044599680633,1000.0,24.0,7.06142219151666,2.59333134380097,False,False,nan,nan,nan,0
52,2736.1584337551067,1000.0,24.0,29.34698938120211,28.717685848007992,True,True,2736.254047725119,1033.8401352156252,16.0,1
41,2420.3504876207007,1000.0,24.0,34.73641226780477,22.570837941133032,True,True,2420.511601004692,919.1212846589044,12.0,1
16,1760.9554991470338,1000.0,24.0,45.017758900720615,38.973586125106394,True,True,1760.9378309703382,913.9226130009151,24.0,1
59,2918.142857354281,1000.0,24.0,28.78194121774056,22.54330739507498,True,True,2918.0651619515797,982.106175284157,16.0,1
25,1985.345990961703,1000.0,24.0,22.507200072549864,15.589805316502932,True,True,1985.6501357175732,1056.4135083670508,6.0,1
84,3586.8181374998007,1000.0,24.0,17.203993078260055,17.210673165453297,True,True,3586.798737624461,959.2290833448009,24.0,1
78,3438.7155920581304,1000.0,24.0,7.06142219151666,3.990772490318639,False,False,nan,nan,nan,0
41,2426.97267898453,1000.0,24.0,34.73641226780477,30.730676665614908,True,True,2426.990767671264,906.3709489455746,24.0,1
80,3480.675841477142,1000.0,24.0,24.97810758338584,22.39186941110959,True,True,3480.702225211585,1063.7159464271729,16.0,1
49,2645.755604953204,1000.0,24.0,34.990801040753404,26.439840261666554,True,True,2645.7708096953784,868.4723560998395,24.0,1
26,2014.871349380985,1000.0,24.0,27.027088721668083,25.25528839071253,True,True,2014.8657577724755,1076.2556501474855,16.0,1
83,3568.9795533546708,1000.0,24.0,52.20764824431782,48.66360792337548,True,True,3568.97692804241,893.9315341685589,24.0,1
51,2702.3551677544165,1000.0,24.0,32.925766636019716,28.2210807231696,True,True,2702.3508778660785,1031.5845630205392,16.0,1
86,3647.129593916827,1000.0,24.0,25.65959274505895,23.88687275422966,True,True,3647.1283675186014,842.2823459833028,24.0,1
41,2428.347673463522,1000.0,24.0,34.73641226780477,28.688079576549026,True,True,2428.324101004578,850.9497170748685,24.0,1
41,2422.2754771930354,1000.0,24.0,34.73641226780477,29.486085686393157,True,True,2422.254656560222,870.673972983756,24.0,1
59,2912.7734863520704,1000.0,24.0,28.78194121774056,30.456525590489555,True,True,2912.8984952849883,1039.8178914473185,16.0,1
24,1960.9094580738565,1000.0,24.0,38.04395698901882,32.35135204419048,True,True,1960.9413214504127,882.050555715925,24.0,1
26,2029.3131155651893,1000.0,24.0,27.027088721668083,26.925040891096973,True,True,2029.3379799944871,946.9086568384727,24.0,1
59,2936.4885094540473,1000.0,24.0,28.78194121774056,20.991801020518178,True,True,2936.2457175068707,951.2177892041072,8.0,1
41,2444.761441163922,1000.0,24.0,34.73641226780477,31.796718606029174,True,True,2444.8102121154493,906.8718382078068,24.0,1
15,1725.1935871247022,1000.0,24.0,37.744104787857935,23.267983969455848,True,True,1725.463182283551,854.7942732730247,12.0,1
79,3466.949329240698,1000.0,24.0,23.139589913996513,19.912658897467626,True,True,3466.956092277441,799.0739630781035,24.0,1
84,3591.294437467905,1000.0,24.0,17.203993078260055,15.793413503854602,True,True,3591.333459846617,891.9070516842634,16.0,1
15,1730.2671226364457,1000.0,24.0,37.744104787857935,34.69084855964872,True,True,1730.2479045057037,1076.622556580891,16.0,1
16,1757.5097270960975,1000.0,24.0,45.017758900720615,34.12477223530086,True,True,1757.4794976370551,902.6047300494387,24.0,1
77,3420.756945925787,1000.0,24.0,28.083673470888094,22.579752586574816,True,True,3420.791686882309,932.4897165071574,24.0,1
53,2766.4669898858815,1000.0,24.0,13.977582545814565,15.124410065096887,True,True,2766.4626900805033,965.4428294195026,24.0,1
22,1910.441976125818,1000.0,24.0,20.148670698776684,16.308604308633885,True,True,1910.1974133707708,998.8767325344637,8.0,1
20,1863.0541645162855,1000.0,24.0,17.97279110812262,14.745850648443913,True,True,1863.0237014858446,966.5270114483957,16.0,1
75,3362.9620497481756,1000.0,24.0,10.238924740882522,5.361213388602231,False,False,nan,nan,nan,1
78,3439.916997162452,1000.0,24.0,7.06142219151666,3.114744314869702,False,False,nan,nan,nan,0
16,1760.988831915988,1000.0,24.0,45.017758900720615,38.68066297292758,True,True,1760.993386525893,913.6786356699405,24.0,1
54,2772.2447709478793,1000.0,24.0,21.799060056143208,17.851864102840842,True,True,2772.1989416310053,808.8643423717315,24.0,1
84,3610.2232610284323,1000.0,24.0,17.203993078260055,6.988773372390198,False,False,nan,nan,nan,0
52,2738.9723548377387,1000.0,24.0,29.34698938120211,25.57380397849149,True,True,2738.9346032806357,1087.9030192898535,16.0,1
15,1713.0992730216644,1000.0,24.0,37.744104787857935,39.787007782932754,True,True,1713.1229045059529,996.6691904757963,24.0,1
26,2026.876992744147,1000.0,24.0,27.027088721668083,23.383188877868708,True,True,2026.8449244389678,888.8365136445656,24.0,1
20,1843.3959149831066,1000.0,24.0,17.97279110812262,15.972636201126884,True,True,1843.4681459305737,954.6278191113057,16.0,1
73,3309.0549571242677,1000.0,24.0,35.145166854631086,21.33776053588284,True,True,3308.9648961020116,1028.337914751668,16.0,1
77,3419.9513744523497,1000.0,24.0,28.083673470888094,21.466678705448675,True,True,3419.9305757712104,796.394660089655,24.0,1
79,3468.384063137929,1000.0,24.0,23.139589913996513,18.928226885813157,True,True,3468.39359227742,870.2784766590603,24.0,1
55,2820.2556010902877,1000.0,24.0,24.80813479733203,21.938988876526494,True,True,2820.2474910894944,898.6503076482411,24.0,1
41,2422.482420637845,1000.0,24.0,34.73641226780477,29.49155596064891,True,True,2422.5046565602183,874.7943382748474,24.0,1
77,3400.4195378555128,1000.0,24.0,28.083673470888094,19.050827840002523,True,True,3400.4375202159385,910.7545975910086,24.0,1
86,3648.247638269161,1000.0,24.0,25.65959274505895,28.640888108102597,True,True,3648.2672564074737,1062.3891764685698,16.0,1
81,3507.5301078598254,1000.0,24.0,47.77858817526571,45.98170525004728,True,True,3507.560664049419,1004.7742473769376,24.0,1
73,3297.116160151977,2000.0,1.0,17.242077272703625,15.826595425077294,True,True,3297.117673879962,1648.8212328462814,1.0,1
53,2750.387734441485,2000.0,1.0,12.646737692488381,11.251503932607676,True,True,2750.3863011918484,1604.1769570394492,1.0,1
85,3621.08555837904,2000.0,1.0,15.556501725091955,16.918798197941054,True,True,3621.0829782034702,1970.314862853121,1.0,1
81,3516.5564738930016,2000.0,1.0,18.895784887702526,17.20150913460666,True,True,3516.5537196048435,1644.34798780765,1.0,2
15,1732.2073727727025,2000.0,1.0,17.429101233689217,17.8560745395058,True,True,1732.2062378390085,1843.7943255238472,1.0,1
22,1906.5780348075382,2000.0,1.0,16.294899178993877,15.718818951364078,True,True,1906.579357815268,1744.90968253138,1.0,1
81,3529.9022405396368,2000.0,1.0,18.895784887702526,18.78533401003023,True,True,3529.9009418268715,1723.77872902173,1.0,1
83,3570.118426893878,2000.0,1.0,17.62801186801664,16.221500861396017,True,True,3570.115816931282,1662.9131037061393,1.0,1
78,3440.2572794373077,2000.0,1.0,6.630783244821013,6.048806821143082,False,False,nan,nan,nan,0
77,3404.6862789375905,2000.0,1.0,17.56826659116233,16.453736407268007,True,True,3404.6875202158767,1681.2527419402054,1.0,1
15,1719.124205098314,2000.0,1.0,17.429101233689217,18.211507210468053,True,True,1719.1229045058656,1882.6685239474357,1.0,1
53,2750.1988439997285,2000.0,1.0,12.646737692488381,11.535680430882307,True,True,2750.198801191851,1650.4194885158863,1.0,1
49,2650.058452403098,2000.0,1.0,17.331420320802476,16.627340635971713,True,True,2650.0555319175382,1733.5268637250433,1.0,1
15,1714.1839826073588,2000.0,1.0,17.429101233689217,18.79983393357013,True,True,1714.1854045059374,1944.3145250857403,1.0,1
78,3440.682285086918,2000.0,1.0,6.630783244821013,7.332442323791209,True,True,3440.6821781547746,1997.3392417934854,1.0,1
59,2927.131641072838,2000.0,1.0,17.966072988793965,16.429399688644892,True,True,2927.134606395892,1652.7953381159866,1.0,1
56,2836.6803727486554,2000.0,1.0,17.70916661392929,15.634183281322477,True,True,2836.681929150012,1592.967565796266,1.0,1
53,2764.7461482395174,2000.0,1.0,12.646737692488381,12.646255705869121,True,True,2764.7474123027505,1807.8713958231351,1.0,1
85,3618.8355943908023,2000.0,1.0,15.556501725091955,14.874615271944005,True,True,3618.832978203503,1724.6371567159322,1.0,1
73,3312.1757817074563,2000.0,1.0,17.242077272703625,18.22145114741995,True,True,3312.1732294352983,1898.4260392417889,1.0,1
14,1702.3118554373275,2000.0,1.0,14.350424219354132,13.825866964140578,True,True,1702.3133241745338,1747.2024602150618,1.0,1
54,2795.3238922393907,2000.0,1.0,14.974359128688288,13.655910376809924,True,True,2795.3239416306687,1647.7913355913495,1.0,1
58,2906.009697309059,2000.0,1.0,17.5883926200124,16.73834276882067,True,True,2906.0128685018594,1716.9414017245588,1.0,1
22,1903.4904997746435,2000.0,1.0,16.294899178993877,17.10770930303355,True,True,1903.4890800375351,1893.023229540062,1.0,1
84,3600.377606443734,2000.0,1.0,16.30440570836862,16.26623956803996,True,True,3600.3751265131523,1801.6723399438874,1.0,1
56,2829.8679671417117,2000.0,1.0,17.70916661392929,17.038804807248205,True,True,2829.869429150111,1746.841393350788,1.0,1
24,1977.634742716997,2000.0,1.0,16.87317338030903,18.26077020603813,True,True,1977.6357658946142,1955.9728925294005,1.0,1
40,2407.5171623191573,2000.0,1.0,13.79960620635864,13.150710663883816,True,True,2407.5157200720732,1720.1301610210146,1.0,1
40,2397.851858608217,2000.0,1.0,13.79960620635864,12.838127418426026,True,True,2397.8559978499916,1681.482064577944,1.0,1
22,1924.8394041115969,2000.0,1.0,16.294899178993877,15.129474786071263,True,True,1924.843246703891,1680.3036326915228,1.0,1
84,3586.961190056609,2000.0,1.0,16.30440570836862,15.803163590200505,True,True,3586.958459846681,1759.3210658499816,1.0,1
49,2655.898808316126,2000.0,1.0,17.331420320802476,17.219379089761727,True,True,2655.9027541396754,1795.8322565393646,1.0,1
50,2686.3979413727243,2000.0,1.0,16.452879470293116,15.559927122570517,True,True,2686.3961928541585,1703.1608506335115,1.0,1
25,1985.940443302781,2000.0,1.0,16.62666888470966,9.92765833475946,False,False,nan,nan,nan,1
41,2436.3351212192965,2000.0,1.0,16.360177568589478,16.960194635726225,True,True,2436.331045448906,1871.2168349484414,1.0,1
22,1922.154637122468,2000.0,1.0,16.294899178993877,16.811983464725483,True,True,1922.1557467039302,1895.2892702291467,1.0,1
14,1684.6008198638026,2000.0,1.0,14.350424219354132,14.02088921958615,True,True,1684.5980463970138,1784.484892204626,1.0,1
54,2783.8419921736872,2000.0,1.0,14.974359128688288,15.030968897136754,True,True,2783.844774964169,1808.9821542147981,1.0,1
26,2016.4560850206365,2000.0,1.0,14.14811129256261,13.342802186316119,True,True,2016.4560355502301,1699.398613597951,1.0,1
16,1755.3681007053103,2000.0,1.0,16.782720550443308,16.746278252327443,True,True,1755.3683865259748,1805.2875669997688,1.0,1
50,2670.7698876200147,2000.0,1.0,16.452879470293116,16.161418892092033,True,True,2670.771192854386,1771.5199280200304,1.0,1
50,2690.3563514195107,2000.0,1.0,16.452879470293116,16.494977261654288,True,True,2690.354526187434,1808.6592726318936,1.0,1
25,2006.9559961800599,2000.0,1.0,16.62666888470966,14.560663766805023,True,True,2006.9556912728187,1628.561361161526,1.0,1
25,1988.7627044600056,2000.0,1.0,16.62666888470966,14.842346961371133,True,True,1988.761246828639,1607.6218598287676,1.0,1
25,1991.7808037447728,2000.0,1.0,16.62666888470966,16.20468154773958,True,True,1991.7820801619284,1766.5403027377763,1.0,1
20,1858.6208415551584,2000.0,1.0,15.894188959855054,14.555599045342767,True,True,1858.620923708131,1719.3530933656098,1.0,1
41,2439.3948172440905,2000.0,1.0,16.360177568589478,15.737163845237433,True,True,2439.3935454488615,1733.5946775293412,1.0,1
54,2780.91838657254,2000.0,1.0,14.974359128688288,17.15167971880416,True,True,2780.9211638531006,2062.3669888897984,1.0,1
53,2747.759935787506,2000.0,1.0,12.646737692488381,11.525644970901407,True,True,2747.7613011918866,1650.8852838852802,1.0,1
75,3344.1174479456454,2000.0,1.0,8.881965847628571,7.057734479656991,True,False,3344.1174370426247,1425.8343687665672,1.0,2
75,3367.477388276766,2000.0,1.0,8.881965847628571,nan,False,False,nan,nan,nan,1
78,3442.504532374131,2000.0,1.0,6.630783244821013,4.432193828577228,False,False,nan,nan,nan,0
40,2415.383829036324,2000.0,1.0,13.79960620635864,14.66849853676813,True,True,2415.3837756275143,1919.2033113113719,1.0,1
25,1995.3530818836796,2000.0,1.0,16.62666888470966,14.673495394465661,True,True,1995.351524606321,1615.3450990359672,1.0,1
78,3450.9560567802578,2000.0,1.0,6.630783244821013,5.482958711980512,False,False,nan,nan,nan,0
84,3586.3959241629377,2000.0,1.0,16.30440570836862,17.24945721326327,True,True,3586.395959846689,1919.8949958377066,1.0,1
83,3562.412988486582,2000.0,1.0,17.62801186801664,17.981803516969975,True,True,3562.4144280425053,1841.4686635297403,1.0,1
58,2908.2916119157658,2000.0,1.0,17.5883926200124,17.874311052487325,True,True,2908.290646279604,1840.0378147903518,1.0,1
73,3311.827171916088,2000.0,1.0,17.242077272703625,17.99863364147906,True,True,3311.826007213081,1879.6644319307609,1.0,1
41,2428.011563690799,2000.0,1.0,16.360177568589478,15.464071711203554,True,True,2428.0116010045826,1707.7036525034378,1.0,1
41,2429.0407262810018,2000.0,2.0,20.881527156259413,20.35945680712129,True,True,2429.0393787823455,1773.3465403418686,2.0,1
74,3324.9604643408343,2000.0,2.0,20.142217382874126,19.645264333007876,True,True,3324.9604943713043,1990.1261558468607,1.5,1
77,3403.141806163549,2000.0,2.0,22.41197894963442,21.612494862426395,True,True,3403.138909104788,1936.5005656262363,1.5,1
40,2395.8310163107326,2000.0,2.0,16.78257015895475,18.09236883576628,True,True,2395.8351645166877,2129.657275816942,1.5,1
56,2850.2537536779996,2000.0,2.0,22.60722563375436,22.64265309397238,True,True,2850.2583180387032,1993.9462456025947,1.5,1
81,3512.3814815292785,2000.0,2.0,25.310927905407002,27.069704124084208,True,True,3512.380108493793,2111.8561872785676,1.5,1
53,2761.8836352353933,2000.0,2.0,14.945636847411269,14.81113268158953,True,True,2761.8793567472367,1896.5552165044498,1.5,1
59,2913.6762500106383,2000.0,2.0,23.630378094806815,23.578602078224208,True,True,2913.6762730627547,1993.38349775589,1.5,1
58,2884.2086811161394,2000.0,2.0,23.444363734307416,22.92018509465181,True,True,2884.207312946621,1963.9613802053045,1.5,1
20,1860.2555583206572,2000.0,2.0,19.752384384591156,18.32439238384063,True,True,1860.259812596996,1809.7350661262822,1.5,1
18,1797.7478835998274,2000.0,2.0,20.358241710305986,19.07186282377071,True,True,1797.746629507945,1718.1490165274704,2.0,1
58,2901.2389361347136,2000.0,2.0,23.444363734307416,23.466822216452538,True,True,2901.2420351685955,1823.9297233941725,2.0,1
52,2723.388828845199,2000.0,2.0,20.500131744574222,21.473020995353814,True,True,2723.392936614195,1894.6040647795132,2.0,1
79,3478.6563854803417,2000.0,2.0,21.016598780642152,21.26198540573513,True,True,3478.6574811661594,1838.1535248707894,2.0,1
82,3552.911728665468,2000.0,2.0,19.759185653911917,20.831375578445943,True,True,3552.907778395133,2027.073473271357,1.5,1
50,2689.2424403735395,2000.0,2.0,21.6792281074525,20.793179920595232,True,True,2689.2434150763393,1754.8631233359943,2.0,1
54,2773.291992773491,2000.0,2.0,19.39102279953807,19.250150798210868,True,True,2773.2961638532115,1930.9010023730582,1.5,1
81,3514.143977492489,2000.0,2.0,25.310927905407002,28.213791059352403,True,True,3514.1439973826564,1993.7064660139297,2.0,1
84,3592.4041393207663,2000.0,2.0,20.314437174491463,21.112672647805084,True,True,3592.402904291046,2045.6408311375972,1.5,1
82,3547.3715278137256,2000.0,2.0,19.759185653911917,19.967726208945777,True,True,3547.3730561729913,1941.6452227044174,1.5,1
53,2751.1502407696908,2000.0,2.0,14.945636847411269,15.005300118464197,True,True,2751.150190080726,1914.4723494603734,1.5,1
80,3481.3439003212534,2000.0,2.0,22.756467341795954,23.34889410414963,True,True,3481.348058544909,1863.2577322096213,2.0,1
53,2752.8808109842043,2000.0,2.0,14.945636847411269,16.166703842138737,True,True,2752.886301191812,2068.7864737946184,1.5,1
56,2832.3734868482647,2000.0,2.0,22.60722563375436,21.412372560591276,True,True,2832.376373594519,1869.6355710830665,1.5,1
73,3296.1411667080542,2000.0,2.0,23.164432070648274,22.89478575566513,True,True,3296.1385072133094,2016.1562093781492,1.5,1
22,1904.7877359981808,2000.0,2.0,20.433001685514473,19.092009481051576,True,True,1904.7876911486273,1860.5578483691643,1.5,1
74,3320.704904393737,2000.0,2.0,20.142217382874126,19.035025849599393,True,True,3320.703549926922,1717.9737193762053,2.0,1
40,2408.6824395541366,2000.0,2.0,16.78257015895475,16.53667413245887,True,True,2408.6754422942786,1951.7116339981999,1.5,1
41,2429.8796118922405,2000.0,2.0,20.881527156259413,22.668093725409392,True,True,2429.879656560111,1953.8931824560568,2.0,1
25,1992.2696999370012,2000.0,2.0,22.57681060698817,22.256818452301616,True,True,1992.2681912730325,1807.9689170643371,2.0,1
74,3326.993796728774,2000.0,2.0,20.142217382874126,19.064757953064092,True,True,3326.995216593497,1726.0500795542534,2.0,1
86,3659.4308375864916,2000.0,2.0,23.605166822338706,22.86779400927775,True,True,3659.433923073978,1792.3959622005034,2.0,1
14,1690.2535785848156,2000.0,2.0,17.201038182460188,17.636828924157193,True,True,1690.2577686191537,1933.243749466519,1.5,1
26,2025.2422631505608,2000.0,2.0,18.101131879988937,18.605666612192486,True,True,2025.2407577723245,2093.1542285551172,1.5,1
25,2008.5462949063165,2000.0,2.0,22.57681060698817,23.007957109077026,True,True,2008.5459690505734,1862.9992429573658,2.0,1
40,2405.8241087193005,2000.0,2.0,16.78257015895475,17.778648352440406,True,True,2405.8212756276534,2096.428592347367,1.5,1
20,1866.5680551920482,2000.0,2.0,19.752384384591156,19.378027934366248,True,True,1866.572312596904,1910.8317488103712,1.5,1
83,3579.4099301597826,2000.0,2.0,24.732947565014765,24.028808186903614,True,True,3579.4074835978136,1766.785957863175,2.0,1
49,2641.4916566020047,2000.0,2.0,24.016896100436746,26.2928832387314,True,True,2641.493031917663,1949.1131212674857,2.0,1
75,3351.9272309369144,2000.0,2.0,9.903494964885583,10.888204947244368,True,True,3351.9229925980667,2127.0756182883233,1.5,2
86,3658.337791517472,2000.0,2.0,23.605166822338706,24.467759084358786,True,True,3658.3367008517716,1888.5372427680402,2.0,1
55,2823.927783239285,2000.0,2.0,20.099257344746878,19.50378589807212,True,True,2823.9280466449964,1775.8967333929343,2.0,1
79,3465.2423661832845,2000.0,2.0,21.016598780642152,21.064764891089787,True,True,3465.240814499688,1971.657941280114,1.5,1
14,1685.0535960302666,2000.0,2.0,17.201038182460188,17.62225484692327,True,True,1685.0563797303405,1923.3800379661407,1.5,1
52,2732.9028444088653,2000.0,2.0,20.500131744574222,nan,False,False,nan,nan,nan,0
15,1713.7159324801821,2000.0,2.0,22.821209304714444,23.245749902694378,True,True,1713.713182283722,2014.0112094299275,1.5,1
75,3361.681478835811,2000.0,2.0,9.903494964885583,10.906408826105169,True,True,3361.679937042369,2237.9053785423303,1.0,2
15,1725.2588639193505,2000.0,2.0,22.821209304714444,22.79790611499098,True,True,1725.2548489502208,1988.8000518382744,1.5,1
16,1756.6402988266066,2000.0,2.0,21.52554295117435,21.24376437346711,True,True,1756.6392198592896,1940.675783074329,1.5,1
80,3502.4356516202633,2000.0,2.0,22.756467341795954,24.201406169744335,True,True,3502.4383363223797,2163.4395894307586,1.5,1
59,2928.4899593369905,2000.0,2.0,23.630378094806815,22.484604443599753,True,True,2928.488773062539,1708.7022872872117,2.0,1
84,3602.147014165778,2000.0,2.0,20.314437174491463,19.784095039508905,True,True,3602.14595984646,1915.7159017642923,1.5,1
52,2738.6945738090258,2000.0,2.0,20.500131744574222,20.40862734042235,True,True,2738.6915477250836,1805.1374886507385,2.0,1
58,2906.1166402940976,2000.0,2.0,23.444363734307416,23.23541381940427,True,True,2906.1170351685246,1991.8546209114932,1.5,1
55,2820.5653200472457,2000.0,2.0,20.099257344746878,20.868360156013228,True,True,2820.566935533934,1884.9582996695424,2.0,1
15,1712.0478965493835,2000.0,2.0,22.821209304714444,21.65817412091857,True,True,1712.0465156170796,1889.4184492628606,1.5,1
18,1804.8505477469896,2000.0,2.0,20.358241710305986,19.494832277319205,True,True,1804.8507961745083,1771.9467909080158,2.0,1
75,3346.957741619655,2000.0,2.0,9.903494964885583,8.867631341150934,True,False,3346.957714820361,1710.514746664798,1.5,2
21,1894.1723504489385,2000.0,2.0,21.602811058285333,23.976985995998415,True,True,1894.1694538464976,1983.2677252694166,2.0,1
77,3417.2513237190274,2000.0,2.0,22.41197894963442,nan,False,False,nan,nan,nan,0
54,2780.361441650673,2000.0,4.0,24.235605689259273,25.311930489970067,True,True,2780.3586638531087,2096.897216682146,3.0,1
14,1686.7591456529774,2000.0,4.0,20.34860765149254,19.92810810171743,True,True,1686.764713063649,1977.421752149925,3.0,1
83,3568.0254001813864,2000.0,4.0,34.86257902379204,34.7428392818568,True,True,3568.0255391535347,2058.6019072871604,3.0,1
75,3360.5661888539703,2000.0,4.0,10.947588060141777,9.515958914746237,True,False,3360.5757703757185,1617.4605396137213,3.0,2
40,2396.2212957915385,2000.0,4.0,20.531240613046837,20.663193296065177,True,True,2396.224053405571,2009.9612213067583,3.0,1
74,3316.728525391321,2000.0,4.0,26.20668349723519,24.34265029144401,True,True,3316.7313277047574,1654.7761008119576,4.0,1
54,2793.3447320974915,2000.0,4.0,24.235605689259273,21.532681666427585,True,True,2793.344774964031,1588.100497697171,4.0,1
75,3361.9773155899225,2000.0,4.0,10.947588060141777,12.473034881272454,True,True,3361.9716037090316,2172.44227078108,3.0,2
18,1794.9548779971572,2000.0,4.0,24.74555279132203,22.34890428294175,True,True,1794.954962841319,1715.742856433975,4.0,1
26,2017.2505363179523,2000.0,4.0,22.882673631819262,22.788396342802788,True,True,2017.2546466613296,1835.9600812581673,4.0,1
23,1954.2857420164546,2000.0,4.0,33.069232340488746,30.665836395031338,True,True,1954.2867010657287,1698.782927868438,4.0,1
22,1919.6059875920246,2000.0,4.0,25.737808443847538,25.80479084530362,True,True,1919.6071355928561,2045.3028955009565,3.0,1
58,2900.118121979314,2000.0,4.0,29.7166223461465,29.96365828191234,True,True,2900.1239796130562,2074.24197695169,3.0,1
23,1936.8882091713022,2000.0,4.0,33.069232340488746,32.52301677695124,True,True,1936.8908677326485,1805.14020712354,4.0,1
59,2918.887293327481,2000.0,4.0,32.62244664541585,31.451596328797,True,True,2918.8846063960123,1792.9016312452484,4.0,1
74,3315.522976019246,2000.0,4.0,26.20668349723519,27.11724298841769,True,True,3315.529938815886,2110.5711977459514,3.0,1
16,1756.747241268339,2000.0,4.0,30.268297087174222,29.558575288401055,True,True,1756.750330970399,1789.2203106889142,4.0,1
59,2913.1595913143424,2000.0,4.0,32.62244664541585,32.60028035474728,True,True,2913.1623841738733,1834.677958564629,4.0,1
83,3559.572759499705,2000.0,4.0,34.86257902379204,21.468215031164732,True,True,3559.615816931435,1826.8711492085224,1.5,1
85,3631.5673202327803,2000.0,4.0,24.881884565372946,24.453433574656174,True,True,3631.5621448699844,1840.9151249203387,4.0,1
86,3662.064152900852,2000.0,4.0,33.397968769225066,31.463056644993767,True,True,3662.065867518384,1745.1352987644498,4.0,1
40,2412.222717246441,2000.0,4.0,20.531240613046837,21.486304908223026,True,True,2412.2309978497824,2083.4196639225825,3.0,1
23,1940.3535531823952,2000.0,4.0,33.069232340488746,30.55281264009221,True,True,1940.3492010659315,1689.659617751802,4.0,1
24,1968.2276479785007,2000.0,4.0,30.375953797152754,21.637814637956208,True,True,1968.1843770058629,1937.2854271817148,1.5,1
82,3544.6048912275824,2000.0,4.0,25.573521019975058,24.216768816254355,True,True,3544.6022228396982,1710.7542904764803,4.0,1
18,1797.4589996748275,2000.0,4.0,24.74555279132203,25.475357310606782,True,True,1797.4688517301713,2052.0766616204614,3.0,1
79,3466.743771863038,2000.0,4.0,26.322089672039354,26.34439210301269,True,True,3466.740814499666,1978.4026776493183,3.0,1
56,2837.1609217479804,2000.0,4.0,26.69102665661082,24.739588888572165,True,True,2837.168040261116,1789.441450211656,3.0,1
26,2025.4936531348683,2000.0,4.0,22.882673631819262,20.96334594564154,True,True,2025.4977022167652,1656.384535702707,4.0,1
60,2960.8356309771584,2000.0,4.0,36.87239930748209,36.57067587837103,True,True,2960.8440324585767,2075.14961370365,3.0,1
59,2936.5787865758352,2000.0,4.0,32.62244664541585,18.127696184564932,True,True,2936.530439729089,1810.7976462457025,1.0,1
80,3481.780013368652,2000.0,4.0,27.656405342172853,29.023378742094792,True,True,3481.778614100458,2019.314449838301,3.0,1
50,2675.8255368634454,2000.0,4.0,30.189449068136486,30.726607755952777,True,True,2675.826748409868,2074.2794340453434,3.0,1
14,1686.6272016595465,2000.0,4.0,20.34860765149254,19.802014567785232,True,True,1686.6188797303178,1965.1801202036534,3.0,1
78,3440.6850629018186,2000.0,4.0,7.23690135708471,8.81701961322399,True,True,3440.6821781547746,2258.6848848881195,3.0,1
21,1878.0027998670307,2000.0,4.0,29.394876654092684,28.385713672279866,True,True,1878.0027871800662,1735.240630650385,4.0,1
26,2014.4269012346938,2000.0,4.0,22.882673631819262,22.637606229164064,True,True,2014.4213133280375,1855.9985615338353,4.0,1
18,1809.1157518656044,2000.0,4.0,24.74555279132203,27.921953614090267,True,True,1809.1146850633352,2238.997578990057,3.0,1
80,3493.0411923462634,2000.0,4.0,27.656405342172853,31.109640421759618,True,True,3493.0355585447387,2127.427943433631,3.0,1
59,2934.9496298810577,2000.0,4.0,32.62244664541585,31.164940878495056,True,True,2934.9471063957785,1769.0899295555034,4.0,1
81,3507.3037194197577,2000.0,4.0,35.391632137762265,35.44674384355546,True,True,3507.303719604978,1822.559634209443,4.0,2
85,3615.2634373494407,2000.0,4.0,24.881884565372946,22.80994077956649,True,True,3615.256589314666,1673.8197049423475,4.0,1
14,1690.68968832851,2000.0,4.0,20.34860765149254,21.914518670927706,True,True,1690.6813797302586,2140.79333316106,3.0,1
77,3396.920874939344,2000.0,4.0,28.250230414410442,28.437321104565797,True,True,3396.923631327101,1962.7323915887914,3.0,1
26,2016.5546969776362,2000.0,4.0,22.882673631819262,22.210017196372736,True,True,2016.5602022168953,1769.424642537985,4.0,1
50,2691.2535915497265,2000.0,4.0,30.189449068136486,28.810282618685907,True,True,2691.257303965199,1952.2876558049118,3.0,1
41,2425.3087969665135,2000.0,4.0,27.164874368785913,26.025950991393707,True,True,2425.310212115733,1746.837896224776,4.0,1
20,1847.4292163177236,2000.0,4.0,22.619758325553704,26.52150886865632,True,True,1847.4334237082937,2205.5723140614186,3.0,1
20,1858.2750096406705,2000.0,4.0,22.619758325553704,23.896791441820138,True,True,1858.2737014859138,1974.772842783642,3.0,1
51,2704.342705700821,2000.0,4.0,30.296447899362505,28.791518561324168,True,True,2704.3369889771607,1940.2350046027639,3.0,1
80,3495.2911968734657,2000.0,4.0,27.656405342172853,28.62685317909212,True,True,3495.285558544706,1947.9275158757903,3.0,1
21,1880.2986450591611,2000.0,4.0,29.394876654092684,29.865672997363955,True,True,1880.3013982911439,1846.1717545459464,4.0,1
40,2414.1366064943477,2000.0,4.0,20.531240613046837,20.213314456880823,True,True,2414.140720071977,1803.345173532244,4.0,1
40,2394.4282325874474,2000.0,4.0,20.531240613046837,22.00575029953101,True,True,2394.4323867389303,2123.1415124143637,3.0,1
77,3403.3612545388683,2000.0,4.0,28.250230414410442,31.58203040374728,True,True,3403.3680757714515,2155.1623302331363,3.0,1
18,1807.5380001119063,2000.0,4.0,24.74555279132203,24.862742463904564,True,True,1807.5313517300249,2018.5794026828667,3.0,1
23,1952.0968094601885,2000.0,4.0,33.069232340488746,33.69018944509994,True,True,1952.0992010657606,1878.165949262715,4.0,1
80,3488.98005232519,2000.0,4.0,27.656405342172853,28.38719460703886,True,True,3488.980002989242,1905.3723289619222,3.0,1
56,2841.0802975204183,2000.0,4.0,26.69102665661082,27.388919001202233,True,True,2841.0777624832813,2017.612593170199,3.0,1
73,3290.9648250369833,2000.0,4.0,29.32911040155589,28.869550862395673,True,True,3290.957951657829,1897.3699442133766,3.0,1
41,2424.3254678327453,2000.0,8.0,37.16994072114881,34.839353668145684,True,True,2424.3241010046363,1983.320993757972,6.0,1
74,3316.1826946584097,2000.0,8.0,36.66409682620523,39.45678485239247,True,True,3316.1827165936543,1950.2690721042802,8.0,1
55,2816.969525564356,2000.0,8.0,32.23050320773676,30.834802408491136,True,True,2816.9697133117643,2036.0001687772508,6.0,1
85,3619.3536412763747,2000.0,8.0,34.321070066262784,33.34671506731881,True,True,3619.3468670923844,1730.7661821710328,8.0,1
14,1701.1979749431182,2000.0,8.0,24.318378876085003,28.440132836822748,True,True,1701.1744352856615,2117.3169130311985,6.0,1
14,1684.5813754887656,2000.0,8.0,24.318378876085003,23.669264395898413,True,True,1684.5702686192365,1981.3427862120109,6.0,1
86,3660.780827665996,2000.0,8.0,39.56153701748309,39.133081742749624,True,True,3660.788089740625,1999.623672333069,6.0,1
75,3363.6426140398708,2000.0,8.0,12.530381343822427,13.645585114706874,True,True,3363.6521592645627,2157.885567298164,6.0,2
16,1740.5461302951137,2000.0,8.0,41.85093232456539,39.68592389921726,True,True,1740.5558865261903,1766.2651033133407,8.0,1
40,2391.3004438279154,2000.0,8.0,27.408256727068473,31.555322225256546,True,True,2391.3004422945314,2012.2208557888382,8.0,1
82,3534.8105412716536,2000.0,8.0,33.772476082570115,34.136326195879306,True,True,3534.8036117287297,1945.2253674583285,8.0,1
56,2849.041272551119,2000.0,8.0,32.39500189302359,31.801789483028863,True,True,2849.0499847053875,1949.5318181784733,6.0,1
77,3399.683415164828,2000.0,8.0,31.877121955844245,32.45723580118119,True,True,3399.680575771505,2021.1799301346964,6.0,1
53,2758.110011102156,2000.0,8.0,19.688768074134284,19.873494185984697,True,True,2758.101578969514,1973.2483500520957,6.0,1
78,3441.9906362586457,2000.0,8.0,8.057792836543124,9.33209822710186,True,True,3441.980789265867,2290.373643044409,6.0,1
26,2030.2297868041976,2000.0,8.0,30.83425884158115,30.67540381586873,True,True,2030.2199244389187,1966.828505498112,6.0,1
82,3546.156266373097,2000.0,8.0,33.772476082570115,31.345043449040972,True,True,3546.157778395231,1677.7430833599428,8.0,1
15,1725.126921457662,2000.0,8.0,44.615874143378704,34.85541928466686,True,True,1725.1715156168887,2079.499500894175,4.0,1
82,3558.972768535225,2000.0,8.0,33.772476082570115,36.397173834171376,True,True,3558.9702783950447,2174.9899971321574,6.0,1
50,2671.3476754522576,2000.0,8.0,33.67596118422622,36.19587146816592,True,True,2671.340637298822,2111.7112696701815,6.0,1
58,2905.823588753356,2000.0,8.0,38.26916512654866,39.02263256117903,True,True,2905.839257390751,1971.499075044084,6.0,1
84,3585.6542730485608,2000.0,8.0,26.907633264467446,29.536950152527602,True,True,3585.666793180033,2004.9261923691997,6.0,1
26,2021.6922442988277,2000.0,8.0,30.83425884158115,29.066976589116127,True,True,2021.671313327932,1905.2507156474894,6.0,1
18,1811.5823808961497,2000.0,8.0,31.374634289078635,33.01244961701541,True,True,1811.5869072855214,2098.6124107207415,6.0,1
20,1860.5402797932732,2000.0,8.0,25.42717170061615,26.00256766905128,True,True,1860.5584237081027,1993.1594907062336,6.0,1
83,3576.5835916471347,2000.0,8.0,45.72663885427899,44.59802932209173,True,True,3576.581094708966,1830.23380249454,8.0,1
78,3439.1211532287302,2000.0,8.0,8.057792836543124,7.684499494937543,True,True,3439.154400377019,2096.011528535737,2.0,1
80,3490.156449483954,2000.0,8.0,32.50583856109166,34.104109550609316,True,True,3490.146669655892,2067.881903256161,6.0,1
16,1746.4418635627596,2000.0,8.0,41.85093232456539,40.235308296733365,True,True,1746.4378309705492,1761.4671691243204,8.0,1
41,2434.3893064945987,2000.0,8.0,37.16994072114881,35.65204083187244,True,True,2434.38660100449,1741.6376749663755,8.0,1
25,1994.8961298217064,2000.0,8.0,31.019347872988437,31.38206884060914,True,True,1994.88624682855,1934.050120129796,6.0,1
51,2701.328759600222,2000.0,8.0,43.01757478421891,39.380942286000156,True,True,2701.33004453276,1767.6512635883626,8.0,1
74,3321.677126446409,2000.0,8.0,36.66409682620523,33.770154276569855,True,True,3321.67577214913,1790.7683554330986,8.0,1
78,3438.901705776641,2000.0,8.0,8.057792836543124,7.925048576939003,True,True,3438.890511488134,2130.545917345838,4.0,1
82,3542.8132387533155,2000.0,8.0,33.772476082570115,34.68543826076884,True,True,3542.817500617502,1869.8623690486136,8.0,1
15,1714.1506496594332,2000.0,8.0,44.615874143378704,46.03154552310236,True,True,1714.1437378392714,1876.6467020670873,8.0,1
79,3477.0772012065554,2000.0,8.0,30.66587725188841,30.536753341779068,True,True,3477.067203388405,1973.0657447499007,6.0,1
23,1946.4300416739193,2000.0,8.0,43.99923518916642,39.41381011613936,True,True,1946.4325343991763,1781.5099688124958,8.0,1
58,2886.5794672977004,2000.0,8.0,38.26916512654866,38.20129161838891,True,True,2886.5753685021423,1995.014261072014,6.0,1
52,2737.609839032478,2000.0,8.0,33.733174642923174,34.455703882669106,True,True,2737.6221032806548,1960.8006980526616,6.0,1
85,3633.5242361886253,2000.0,8.0,34.321070066262784,31.845708141129794,True,True,3633.5274226477336,1760.9879017961464,8.0,1
18,1795.7118084880346,2000.0,8.0,31.374634289078635,29.245026171214786,True,True,1795.704962841308,1952.24292788445,6.0,1
52,2724.3999540891764,2000.0,8.0,33.733174642923174,30.66904554710353,True,True,2724.3929366141806,1904.0146135663726,6.0,1
58,2883.4559194049193,2000.0,8.0,38.26916512654866,36.783604392103875,True,True,2883.492035168854,1829.157047830507,6.0,1
20,1843.7209119447573,2000.0,8.0,25.42717170061615,27.20866115172128,True,True,1843.7250903750144,2106.081979236908,6.0,1
26,2029.445060662096,2000.0,8.0,30.83425884158115,30.64945120509941,True,True,2029.4421466611523,1972.1285450702383,6.0,1
22,1926.1922065471776,2000.0,8.0,32.43031158175145,33.789763997933804,True,True,1926.1835244816493,2075.3629588912827,6.0,1
25,1985.462659167649,2000.0,8.0,31.019347872988437,28.551597390951045,True,True,1985.525135717575,1993.6518807715997,3.0,1
41,2440.168422007628,2000.0,8.0,37.16994072114881,36.58958846912474,True,True,2440.1574343377392,2076.0385651829247,6.0,1
18,1792.3688168095598,2000.0,8.0,31.374634289078635,29.691686024906385,True,True,1792.3507961746902,1959.9371497337377,6.0,1
81,3522.7522851745966,2000.0,8.0,45.697802220344194,49.158440038653104,True,True,3522.7412196047535,2001.6113986839841,6.0,1
41,2440.371198133856,2000.0,8.0,37.16994072114881,36.4107979748564,True,True,2440.372712115514,1804.0680077400882,8.0,1
81,3515.0425869787236,2000.0,8.0,45.697802220344194,50.87774371135261,True,True,3515.0398307159767,1768.781828289933,8.0,1
56,2825.554146323238,2000.0,8.0,32.39500189302359,31.80016848053751,True,True,2825.563873594618,1950.9590613909586,6.0,1
40,2407.8185510236217,2000.0,8.0,27.408256727068473,28.991998381649385,True,True,2407.81433118318,1918.2855329915053,8.0,1
23,1954.6885282440335,2000.0,8.0,43.99923518916642,38.07132443872141,True,True,1954.6617010657233,2056.024544744452,4.0,1
85,3618.8508719098277,2000.0,8.0,34.321070066262784,32.11860318766531,True,True,3618.853811536836,1830.6540030219644,8.0,1
50,2672.0740772400704,2000.0,8.0,33.67596118422622,34.223253712599934,True,True,2672.028137298812,2052.514070748456,4.0,1
54,2772.9808817183575,2000.0,8.0,29.52294812016949,27.993837421415275,True,True,2772.9767194087717,1980.5071834412256,6.0,1
50,2683.3478867066715,2000.0,8.0,33.67596118422622,32.770586086963725,True,True,2683.354526187536,1866.776840179865,6.0,1
59,2927.79135575377,2000.0,16.0,52.514565753540204,43.696717138329355,True,True,2927.822106395882,2043.6221069998644,8.0,1
24,1976.9652871715068,2000.0,16.0,63.94436193927871,54.92744608314665,True,True,1976.9552103390686,1811.8162345352173,16.0,1
74,3334.0576856544644,2000.0,16.0,40.208066438536974,38.30572757813175,True,True,3334.029938815617,1893.5856199635327,12.0,1
53,2766.3961562058626,2000.0,16.0,23.127775473054875,24.600736274427543,True,True,2766.3863011916155,2068.437901009924,12.0,1
50,2687.950748541015,2000.0,16.0,48.7524510511254,45.67985133276884,True,True,2687.9586928541357,1758.5329817460215,16.0,1
23,1935.12290051075,2000.0,16.0,63.21760270056444,49.886953712157066,True,True,1935.140867732674,1810.337995342771,16.0,1
55,2812.6043000251725,2000.0,16.0,42.61426943694965,37.220358936372655,True,True,2812.594713311828,1898.3691113314596,12.0,1
77,3400.804266282968,2000.0,16.0,39.03217692398008,35.237642864648194,True,True,3400.8055757714887,2021.7948198478844,12.0,1
82,3541.9257464240327,2000.0,16.0,41.81912962349082,36.105459771886885,True,True,3541.9355561730704,1723.641398508432,16.0,1
55,2822.1625254893775,2000.0,16.0,42.61426943694965,43.79111526732755,True,True,2822.3586022005748,1823.6633511303432,24.0,1
55,2815.802872107321,2000.0,16.0,42.61426943694965,37.88416266887467,True,True,2815.8169355340033,1932.2821770375945,12.0,1
83,3583.76402795438,2000.0,16.0,63.154288775614205,60.46783891258089,True,True,3583.706094708862,1761.8341469385612,16.0,1
54,2780.2781082426277,2000.0,16.0,37.60754142252052,37.4100733876879,True,True,2780.2475527419992,2115.6108252664058,12.0,1
23,1945.0605749183342,2000.0,16.0,63.21760270056444,57.67897718573679,True,True,1945.0575343991964,1774.257040885373,16.0,1
83,3571.601740477426,2000.0,16.0,63.154288775614205,52.1405920608338,True,True,3571.77553915348,1014.4359245862294,24.0,1
41,2422.7213083919078,2000.0,16.0,52.37013698723088,51.09789292369381,True,True,2422.7129898935486,1792.0243072507537,16.0,1
50,2673.114373963435,2000.0,16.0,48.7524510511254,50.12021716803786,True,True,2673.104526187685,1910.221415663012,16.0,1
86,3650.2156720740427,2000.0,16.0,49.66772686042226,40.481130682186226,True,True,3650.093645296336,2028.203387383903,6.0,1
21,1872.2777862445403,2000.0,16.0,50.01823558384724,51.63032323460804,True,True,1872.2458427357055,1997.75027203807,12.0,1
81,3530.768903164031,2000.0,16.0,67.58715263984057,80.69368482400233,True,True,3530.775941826859,1907.291054430024,16.0,1
78,3436.451664429043,2000.0,16.0,11.036236892269851,13.953302201601986,True,True,3436.244678154839,1708.9588302430136,24.0,1
18,1794.909045518262,2000.0,16.0,41.48274785431874,35.29741287550526,True,True,1794.9271850635416,1965.413999560851,12.0,1
77,3419.3458071600876,2000.0,16.0,39.03217692398008,36.650186032407504,True,True,3419.3402979934413,1946.7704532209448,12.0,1
81,3508.7828817115874,2000.0,16.0,67.58715263984057,66.17824763274544,True,True,3508.7689973827346,1779.3458670973062,16.0,1
21,1895.2029165855124,2000.0,16.0,50.01823558384724,50.05463038244592,True,True,1895.190287179816,2087.578403919944,12.0,1
84,3604.694186862601,2000.0,16.0,30.746957427840538,30.427188250821477,True,True,3604.7084598464226,1984.1679549207759,12.0,1
18,1792.3049291990867,2000.0,16.0,41.48274785431874,36.993965735350834,True,True,1792.3299628413572,1913.6696884521498,12.0,1
16,1755.976422451048,2000.0,16.0,64.17672911199455,64.72085169990137,True,True,1755.979497637077,1820.545614342184,16.0,1
81,3523.6606119605744,2000.0,16.0,67.58715263984057,67.95528799904486,True,True,3523.6509418269625,1801.467523306146,16.0,1
25,2003.9629041546025,2000.0,16.0,40.38608188589704,42.50313037191639,True,True,2003.9626357173067,1859.7829697070429,16.0,1
16,1758.8610913565074,2000.0,16.0,64.17672911199455,57.279115034972314,True,True,1758.8753309703682,1792.2958381423696,16.0,1
82,3551.936741485318,2000.0,16.0,41.81912962349082,39.62008919860933,True,True,3551.9077783951475,1966.0397911271873,12.0,1
82,3548.606232170075,2000.0,16.0,41.81912962349082,36.16487364539911,True,True,3548.60222283964,1778.1577644290342,16.0,1
53,2751.765523716244,2000.0,16.0,23.127775473054875,23.380850930982604,True,True,2751.7474123029397,2075.3548819119987,12.0,1
84,3603.8942019839737,2000.0,16.0,30.746957427840538,26.626344104110334,True,True,3603.722348735326,1917.6867888568822,6.0,1
23,1953.9662909616457,2000.0,16.0,63.21760270056444,58.94751922882999,True,True,1953.9742010657333,1791.23407528882,16.0,1
16,1753.7806314979523,2000.0,16.0,64.17672911199455,61.77370052877369,True,True,1753.7919976371088,1818.4060511883963,16.0,1
23,1947.7745088421875,2000.0,16.0,63.21760270056444,57.28653354401218,True,True,1947.779756621379,1807.5992098914955,16.0,1
51,2703.27046297441,2000.0,16.0,62.119162416678975,53.60626101333919,True,True,2703.2606000882874,1760.0773549617102,16.0,1
73,3308.835513425792,2000.0,16.0,51.2996973492236,41.12178726226506,True,True,3308.812118324236,2046.1721838296912,12.0,1
50,2691.467484622676,2000.0,16.0,48.7524510511254,31.4117004874329,True,True,2691.278137298532,1906.913722732581,4.0,1
54,2773.886437224267,2000.0,16.0,37.60754142252052,33.03700057044643,True,True,2773.8656082976477,1997.6044476298277,12.0,1
14,1687.014700338347,2000.0,16.0,30.154454923604312,24.167646951274413,True,True,1687.0216575080897,1744.5882974330345,16.0,1
74,3327.1174074995065,2000.0,16.0,40.208066438536974,37.476428463292535,True,True,3327.0299388157187,1899.586912981535,8.0,1
41,2432.2518246477744,2000.0,16.0,52.37013698723088,40.761203443474365,True,True,2432.2129898934104,2000.3185952595413,8.0,1
81,3522.280066425466,2000.0,16.0,67.58715263984057,72.24573216787444,True,True,3522.282886271427,1814.4239590510824,16.0,1
16,1739.6975343738939,2000.0,16.0,64.17672911199455,60.96116014372548,True,True,1739.6878309706474,1830.7325524245643,16.0,1
53,2753.7322072038187,2000.0,16.0,23.127775473054875,21.192825478052907,True,True,2753.7821345251323,2041.8149283338503,8.0,1
81,3522.5411756118115,2000.0,16.0,67.58715263984057,72.39048679463075,True,True,3522.5189973825345,2028.6629753869254,12.0,1
78,3444.7892882575075,2000.0,16.0,11.036236892269851,8.356632655729882,True,True,3444.8002337102703,1570.5223583745376,16.0,1
41,2437.848996870425,2000.0,16.0,52.37013698723088,48.038868754927876,True,True,2437.851878782217,1817.2811517820974,16.0,1
59,2930.66771629827,2000.0,16.0,52.514565753540204,51.14919013943331,True,True,2930.731828618062,2056.5553093270423,12.0,1
23,1947.2633890004547,2000.0,16.0,63.21760270056444,55.51941207723301,True,True,1947.2658677324976,1793.014064701916,16.0,1
26,2030.1047861750335,2000.0,16.0,46.118125054669996,41.423482164134704,True,True,2030.1088133278092,1739.0109947218648,16.0,1
79,3468.8368445473216,2000.0,16.0,40.30576521562463,36.6359458051335,True,True,3468.8519256107465,2026.6887596480155,12.0,1
85,3623.698019126087,2000.0,16.0,49.69525667619533,43.45327800490306,True,True,3623.562144870101,2352.5396987768013,8.0,1
14,1699.0896577995702,2000.0,16.0,30.154454923604312,26.006498526380348,True,True,1699.0911019523585,2036.9689316175584,12.0,1
78,3436.053045638457,2000.0,16.0,11.036236892269851,19.031446730592588,True,True,3435.855789265956,2383.430668453707,24.0,1
18,1796.4256844934805,2000.0,16.0,41.48274785431874,37.222195697500084,True,True,1796.4480183968528,2020.7340524397107,12.0,1
81,3521.26340722312,2000.0,16.0,67.58715263984057,74.60717563677618,True,True,3521.2689973825527,1800.6591595032476,16.0,1
86,3660.934993320708,2000.0,24.0,51.3191854901179,45.89295002558762,True,True,3660.774200851736,1969.9492924033232,12.0,1
56,2844.0969094974903,2000.0,24.0,39.91982033009194,38.21292477721992,True,True,2844.063873594349,2091.6518662041353,16.0,1
41,2422.292143778555,2000.0,24.0,69.47282453560955,59.37309272893818,True,True,2422.2824343379993,1764.2781895051082,24.0,1
50,2684.027065153436,2000.0,24.0,57.80225434957854,50.50334882014966,True,True,2684.0281372986374,1655.0777555720117,24.0,1
22,1905.387742828088,2000.0,24.0,40.29734139755337,37.040415415575175,True,True,1905.3988022597296,1639.5671206782524,24.0,1
14,1701.3813068878128,2000.0,24.0,36.27359604345951,29.032553918390505,True,True,1701.2924908412153,2029.6540301064254,16.0,1
83,3580.222416405507,2000.0,24.0,104.41529648863563,87.2096194443215,True,True,3580.2199835978017,1752.1021919136333,24.0,1
50,2684.0478988520144,2000.0,24.0,57.80225434957854,50.543972600633694,True,True,2684.062859520859,1659.707569031252,24.0,1
85,3629.0659725886585,2000.0,24.0,60.226812313162526,51.58284498526931,True,True,3629.1385337589086,1729.8165839157143,16.0,1
26,2018.3394347601222,2000.0,24.0,54.054177443336165,48.65534572376847,True,True,2018.3449244390915,1829.064779702912,24.0,1
75,3352.328624010871,2000.0,24.0,20.477849481765045,17.41912845257417,True,True,3352.3188259313943,1753.9118265559348,24.0,2
80,3502.309262402113,2000.0,24.0,49.95621516677168,44.26655346227746,True,True,3502.32722521127,1850.2283999119597,24.0,1
15,1729.319914175251,2000.0,24.0,75.48820957571587,54.76795430235641,True,True,1729.324293394606,1760.1057412684786,24.0,1
49,2650.387624200552,2000.0,24.0,69.98160208150681,39.45720226191484,True,True,2650.111087473093,1850.2320757301168,8.0,1
25,1992.784985497142,2000.0,24.0,45.01440014509973,33.16650228255322,True,True,1992.7820801619139,1796.4450649110104,24.0,1
41,2421.2740934200096,2000.0,24.0,69.47282453560955,70.17055654942871,True,True,2421.2754898935696,1867.3703140918233,24.0,1
78,3436.7891708589273,2000.0,24.0,14.12284438303332,12.675717045884497,True,True,3436.807178154831,1547.0643932717967,24.0,1
49,2644.0916914685345,2000.0,24.0,69.98160208150681,62.91167854876942,True,True,2644.1110874731803,1858.4309154221262,24.0,1
21,1880.212533431907,2000.0,24.0,64.54571448469281,57.411578327156896,True,True,1880.2111205133674,1807.4748417389526,24.0,1
83,3583.0320942284184,2000.0,24.0,104.41529648863563,96.5686745571034,True,True,3583.039428042205,1836.534376765107,24.0,1
50,2678.03391386559,2000.0,24.0,57.80225434957854,43.224833543402,True,True,2677.889248409838,1989.1596420167414,12.0,1
86,3645.579611436911,2000.0,24.0,51.3191854901179,36.47949200036511,True,True,3645.6353119630676,1972.2348784803048,16.0,1
84,3586.766749689888,2000.0,24.0,34.40798615652011,33.266003401605026,True,True,3586.7640154022392,1859.5064476657305,24.0,1
24,1964.4025747001003,2000.0,24.0,76.08791397803763,64.70355931321673,True,True,1964.4135436725844,1690.139375545384,24.0,1
15,1731.0365560265293,2000.0,24.0,75.48820957571587,64.24383156409453,True,True,1731.0187378390258,1991.3532198584219,16.0,1
81,3515.5967528045535,2000.0,24.0,95.55717635053142,98.91990090420067,True,True,3515.609275160413,1696.7218835528797,24.0,1
80,3499.900923910159,2000.0,24.0,49.95621516677168,37.1978802992632,True,True,3499.9105585446387,1707.020802924503,24.0,1
79,3472.456320520885,2000.0,24.0,46.279179827993026,46.80019762587829,True,True,3472.421370055139,2152.2443202832756,16.0,1
58,2886.005867166354,2000.0,24.0,68.23842231981024,58.24470409908384,True,True,2886.0128685021505,1749.8350897919129,24.0,1
84,3602.0692379628576,2000.0,24.0,34.40798615652011,31.671574020193958,True,True,3602.069570957572,1747.8034284078096,24.0,1
83,3583.391811159452,2000.0,24.0,104.41529648863563,101.48308935147273,True,True,3583.3727613755336,1868.2623474535426,24.0,1
22,1909.6850205736323,2000.0,24.0,40.29734139755337,34.9345651156669,True,True,1909.7182467041112,2054.025861327917,16.0,1
23,1930.545050139375,2000.0,24.0,81.5586169544136,79.96275775803149,True,True,1930.52975662163,1868.0347716376896,24.0,1
85,3634.775608790928,2000.0,24.0,60.226812313162526,59.61526621192257,True,True,3634.7635337588267,1874.9812218132781,24.0,1
84,3607.9455189024034,2000.0,24.0,34.40798615652011,30.825367762680347,True,True,3608.01401540193,2064.1619915637625,16.0,1
73,3298.2717082067716,2000.0,24.0,70.29033370926217,77.62995154129744,True,True,3298.277396102167,1874.3816887262883,24.0,1
86,3656.1655916831646,2000.0,24.0,51.3191854901179,43.017951768752916,True,True,3656.378367518467,1953.2279723388835,8.0,1
60,2943.360674709304,2000.0,24.0,71.23962958800881,63.35330142016368,True,True,2943.413476903275,1915.7918412741458,24.0,1
77,3420.3124926575447,2000.0,24.0,56.16734694177619,43.35115061914759,True,True,3420.2986313267606,1760.0302017546114,24.0,1
74,3326.206298339082,2000.0,24.0,46.48654782640575,43.33673206806143,True,True,3326.3354943712843,2100.727165488819,12.0,1
23,1930.1728225284892,2000.0,24.0,81.5586169544136,70.53664445132337,True,True,1930.245034399412,2036.8524128141476,16.0,1
60,2957.1481266897963,2000.0,24.0,71.23962958800881,67.30368107958533,True,True,2957.1356991252974,1776.2282689051149,24.0,1
78,3451.451898337279,2000.0,24.0,14.12284438303332,15.133014667856571,True,True,3451.5224559323947,2452.446333314984,16.0,1
54,2791.7322370997977,2000.0,24.0,43.598120112286416,47.49144675393792,True,True,2791.7197749640545,1914.4586413859502,24.0,1
75,3348.3799746135087,2000.0,24.0,20.477849481765045,17.701721088932473,True,True,3348.3604925981185,1693.509211008166,24.0,2
81,3507.7801072211664,2000.0,24.0,95.55717635053142,83.7299088466205,True,True,3507.7759418271935,1813.044568121587,24.0,1
59,2935.4037938970055,2000.0,24.0,57.56388243548112,46.740295852831544,True,True,2935.384606395772,2035.015994944301,16.0,1
73,3311.6646724272027,2000.0,24.0,70.29033370926217,55.75672205058231,True,True,3311.645451657528,1772.8698516907584,24.0,1
16,1752.6070436610105,2000.0,24.0,90.03551780144123,77.76982978360746,True,True,1752.6739420815695,1738.176850951623,24.0,1
78,3446.026807490809,2000.0,24.0,14.12284438303332,12.458050583595838,True,True,3446.0571781546964,1785.018620237965,24.0,1
82,3545.2784971269816,2000.0,24.0,52.6032876528673,46.188808906016185,True,True,3545.1577783952457,2066.6250100270745,16.0,1
74,3324.231296289651,2000.0,24.0,46.48654782640575,37.247424621648655,True,True,3324.2521610379813,2040.681844225296,8.0,1
82,3536.402190272878,2000.0,24.0,52.6032876528673,44.15025765082019,True,True,3536.4147228398174,1755.320576198751,24.0,1
25,1986.7751768157143,2000.0,24.0,45.01440014509973,35.36015112343451,True,True,1986.8029134953342,1754.6334869691225,24.0,1
74,3320.0535160950317,2000.0,24.0,46.48654782640575,41.60639682999264,True,True,3319.897994371378,2143.711019517545,12.0,1
40,2414.4060510022946,2000.0,24.0,59.4171488240663,46.64246716568035,True,True,2414.4184978497506,1815.1613352126274,24.0,1
49,2643.1708452587745,2000.0,24.0,69.98160208150681,63.424897278516035,True,True,2643.1874763620826,1689.3614078918536,24.0,1
14,1687.4494210907153,2000.0,24.0,36.27359604345951,31.979447133745193,True,True,1687.535546396971,2089.044491355482,16.0,1
83,3573.2947657566297,2000.0,24.0,104.41529648863563,91.18153441702245,True,True,3573.2963724867914,1830.0849920785008,24.0,1
86,3645.286559463934,2000.0,24.0,51.3191854901179,39.33875536927399,True,True,3645.2464230741843,2007.2978149407832,12.0,1
49,2643.506961006362,5000.0,1.0,43.32855080200619,42.46748241521141,True,True,2643.5069208065224,4425.025005839256,1.0,1
50,2683.495111460961,5000.0,1.0,41.13219867573279,40.276009691985735,True,True,2683.493415076423,4414.763835158283,1.0,1
79,3463.4062286459302,5000.0,1.0,40.25281026509917,41.206023424806666,True,True,3463.4074811663813,4625.313141560106,1.0,1
78,3445.7420807833137,5000.0,1.0,16.576958112052534,17.71030292322714,True,True,3445.744678154701,4793.790777679443,1.0,1
26,2033.0020236639398,5000.0,1.0,35.37027823140653,33.1615770855725,True,True,2033.0046466611004,4391.345282766413,1.0,1
52,2724.406898631758,5000.0,1.0,38.90096271109547,36.40924841188294,True,True,2724.4068255030693,4724.286373488647,1.0,1
85,3634.6117219573534,5000.0,1.0,38.89125431272989,39.55353373182393,True,True,3634.610755981051,4553.088882199613,1.0,1
15,1732.6309779613057,5000.0,1.0,43.572753084223045,42.199974778632935,True,True,1732.6298489501135,4372.032588383027,1.0,1
85,3633.2172959701684,5000.0,1.0,38.89125431272989,37.50629552129564,True,True,3633.214922647738,4373.564430315328,1.0,1
25,2001.1517604329622,5000.0,1.0,41.56667221177415,40.47507693823416,True,True,2001.1501357173477,4553.484968288534,1.0,1
55,2814.236223903929,5000.0,1.0,37.07086615807048,36.71494494286713,True,True,2814.233602200693,4473.042258600758,1.0,1
59,2928.71079038204,5000.0,1.0,44.91518247198491,43.92493776903333,True,True,2928.710995284758,4434.785097532519,1.0,1
55,2816.020925163946,5000.0,1.0,37.07086615807048,35.52147205653757,True,True,2816.0183244228892,4332.284368381123,1.0,1
55,2797.5197090609645,5000.0,1.0,37.07086615807048,36.715549974059556,True,True,2797.5183244231584,4489.996134679615,1.0,1
15,1733.66429706018,5000.0,1.0,43.572753084223045,42.66365236650314,True,True,1733.6645711723206,4442.696936403179,1.0,1
83,3574.185026117904,5000.0,1.0,44.07002967004159,43.600210567114665,True,True,3574.1852613756673,4473.153838303727,1.0,1
22,1921.3435133830626,5000.0,1.0,40.73724794748469,39.18632109489145,True,True,1921.343246703942,4329.936315721026,1.0,1
21,1880.3125340318666,5000.0,1.0,41.807155506983214,40.951540508093665,True,True,1880.3152871800326,4437.084211158023,1.0,1
41,2420.30743233115,5000.0,1.0,40.900443921473695,39.86092170551048,True,True,2420.3032676713615,4395.165209159146,1.0,1
79,3466.5007140399557,5000.0,1.0,40.25281026509917,37.88838465595623,True,True,3466.497758944114,4262.548753646512,1.0,1
40,2405.421331696114,5000.0,1.0,34.4990155158966,nan,False,False,nan,nan,nan,0
14,1691.292464254315,5000.0,1.0,35.87606054838533,36.41124409824238,True,True,1691.2924908413609,4611.152322998746,1.0,1
55,2805.7335320499374,5000.0,1.0,37.07086615807048,36.046876688803174,True,True,2805.7336022008167,4391.773942267866,1.0,1
80,3485.884199919959,5000.0,1.0,44.13236936683537,45.50551241446867,True,True,3485.882780767065,4659.00887508003,1.0,1
21,1885.5139574106395,5000.0,1.0,41.807155506983214,40.66627400277846,True,True,1885.5166760688458,4424.18767011828,1.0,1
82,3543.0715699332354,5000.0,1.0,39.383069770212536,39.27021123361022,True,True,3543.0744450619427,4502.8075717224565,1.0,1
15,1733.8851273968721,5000.0,1.0,43.572753084223045,42.655738793382355,True,True,1733.8867933945396,4436.855069490352,1.0,1
52,2724.808293214014,5000.0,1.0,38.90096271109547,37.8596244950435,True,True,2724.809603280841,4391.215247490143,1.0,1
59,2919.3289551428884,5000.0,1.0,44.91518247198491,44.64528178578979,True,True,2919.3290508404502,4508.388646442903,1.0,1
84,3590.655560617221,5000.0,1.0,40.76101427092155,9.899589225272704,False,False,nan,nan,nan,1
56,2840.4178102908536,5000.0,1.0,44.27291653482323,43.96292037881848,True,True,2840.4180402610687,4476.522457405726,1.0,1
24,1969.4929499979853,5000.0,1.0,42.18293345077257,40.26609281788599,True,True,1969.4899325613994,4322.008018107204,1.0,1
20,1860.0083367964428,5000.0,1.0,39.735472399637636,37.65691936542253,True,True,1860.0098125969996,4344.849552240975,1.0,1
78,3451.4435648692383,5000.0,1.0,16.576958112052534,17.213677167129347,True,True,3451.446067043507,4662.59001060035,1.0,1
41,2427.2601778197527,5000.0,1.0,40.900443921473695,39.66499622326614,True,True,2427.2616010045936,4376.235667413601,1.0,1
56,2844.469125292401,5000.0,1.0,44.27291653482323,44.44085648251598,True,True,2844.466651372121,4537.294582509118,1.0,1
86,3636.6325285833823,5000.0,1.0,42.77915956322595,42.373678725998765,True,True,3636.628367518754,4500.092614726198,1.0,1
24,1962.4580957138828,5000.0,1.0,42.18293345077257,40.47691243862074,True,True,1962.462154783724,4329.720123376416,1.0,1
25,1994.9280747924142,5000.0,1.0,41.56667221177415,41.71733366673593,True,True,1994.927913495216,4600.074854389184,1.0,1
82,3534.1744371992813,5000.0,1.0,39.383069770212536,38.93840836636414,True,True,3534.1716672842945,4481.11562871203,1.0,1
80,3496.185641833183,5000.0,1.0,44.13236936683537,42.895844940851305,True,True,3496.1883363224706,4399.004307673516,1.0,1
59,2929.5510598299493,5000.0,1.0,44.91518247198491,45.74931697144604,True,True,2929.5512730625237,4594.761346020064,1.0,1
20,1862.5555538840615,5000.0,1.0,39.735472399637636,38.81333268663523,True,True,1862.5514792636293,4497.071429390424,1.0,1
25,1997.386441671624,5000.0,1.0,41.56667221177415,42.269043749202545,True,True,1997.3862468285135,4565.683156138104,1.0,1
74,3330.5549016080563,5000.0,1.0,40.23491874234904,37.281161828652785,True,True,3330.557716593445,4176.98154138605,1.0,1
40,2401.4643752222905,5000.0,1.0,34.4990155158966,32.7894436416517,True,True,2401.46710896105,4295.069059065278,1.0,1
53,2744.994639511826,5000.0,1.0,31.616844231220956,31.393585863149383,True,True,2744.997412303038,4497.0259658034365,1.0,1
75,3344.0202253176526,5000.0,1.0,22.20491461907143,22.45796203617267,True,True,3344.020214820404,4601.822918481363,1.0,2
52,2736.9070532536152,5000.0,1.0,38.90096271109547,41.35511674621094,True,True,2736.9068255028874,4748.819635825548,1.0,1
16,1762.3832535192098,5000.0,1.0,41.956801376108274,nan,False,False,nan,nan,nan,0
49,2640.6652576831707,5000.0,1.0,43.32855080200619,42.18438802355082,True,True,2640.666643028786,4396.145196079545,1.0,1
73,3298.827259655562,5000.0,1.0,43.10519318175906,10.874653484510604,False,False,nan,nan,nan,1
60,2958.3134047601193,5000.0,1.0,47.793080099448076,46.06445789741025,True,True,2958.3162546808358,4362.301062548222,1.0,1
53,2764.815593013959,5000.0,1.0,31.616844231220956,30.98971728248275,True,True,2764.816856747194,4430.198530118686,1.0,1
49,2655.5404696064616,5000.0,1.0,43.32855080200619,43.39566020176051,True,True,2655.5416430285695,4504.406165318253,1.0,1
21,1887.9459132379318,5000.0,1.0,41.807155506983214,43.54986102853331,True,True,1887.947231624366,4781.018091834186,1.0,1
25,2002.6156661406114,5000.0,1.0,41.56667221177415,39.782899424974566,True,True,2002.6154134951041,4307.56791573999,1.0,1
79,3476.8091426861247,5000.0,1.0,40.25281026509917,40.82946580881488,True,True,3476.810258943964,4567.152590897087,1.0,1
84,3587.107020341225,5000.0,1.0,40.76101427092155,40.31389060563757,True,True,3587.104293180012,4475.370217230917,1.0,1
21,1895.8737572708255,5000.0,1.0,41.807155506983214,39.63193959921552,True,True,1895.8708427353617,4293.891421763653,1.0,1
50,2669.0726370356215,5000.0,2.0,54.19807026863125,54.608234164874474,True,True,2669.0698039655217,5070.2806113349425,1.5,1
26,2031.1867361333468,5000.0,2.0,45.252829699972345,44.81968216157923,True,True,2031.1921466611268,4950.476991837675,1.5,1
49,2641.8388832024684,5000.0,2.0,60.04224025109186,60.71501119057543,True,True,2641.84025413988,4571.545187006256,2.0,1
75,3346.4521826781156,5000.0,2.0,24.758737412213957,11.748593631364747,True,True,3346.4160481537024,2246.542387683342,6.0,2
49,2640.436088339074,5000.0,2.0,60.04224025109186,nan,False,False,nan,nan,nan,0
59,2922.0303169065533,5000.0,2.0,59.07594523701704,59.44909583061396,True,True,2922.0304397293,4990.573945437745,1.5,1
82,3542.0410231828505,5000.0,2.0,49.3979641347798,51.74890634446007,True,True,3542.0397228397355,5002.600730636276,1.5,1
23,1932.9798096027748,5000.0,2.0,57.809532805470745,56.30419921649324,True,True,1932.9811455104832,4909.65277462588,1.5,1
23,1939.9118775745017,5000.0,2.0,57.809532805470745,58.70357755518472,True,True,1939.911701065938,5078.373326202019,1.5,1
18,1799.0186957351423,5000.0,2.0,50.89560427576497,49.197717258528634,True,True,1799.0174628412599,4490.144980901343,2.0,1
81,3527.0036454583687,5000.0,2.0,63.277319763517504,62.84514978877314,True,True,3527.0051084935803,5055.784289977559,1.5,2
60,2960.7495196683853,5000.0,2.0,65.49366974123386,63.121227219814685,True,True,2960.746810236356,4375.83532057091,2.0,1
78,3446.205976997657,5000.0,2.0,17.57315586941297,18.784606608652727,True,True,3446.2030114880276,4982.709595106406,1.5,1
81,3509.4148239411556,5000.0,2.0,63.277319763517504,62.988653536536795,True,True,3509.4148307160585,4979.8586066126545,1.5,1
80,3487.2008742416256,5000.0,2.0,56.891168354489885,56.8582281644761,True,True,3487.2022252114903,4554.83923662227,2.0,1
77,3422.0000265854774,5000.0,2.0,56.02994737408605,57.12819474512781,True,True,3422.0000202156248,5091.501945889874,1.5,1
54,2772.105882162878,5000.0,2.0,48.47755699884518,49.32259005645988,True,True,2772.108663853229,4941.172480630123,1.5,1
49,2648.211199625403,5000.0,2.0,60.04224025109186,58.17773972870719,True,True,2648.2152541397872,4460.957043522846,2.0,1
84,3609.156610998154,5000.0,2.0,50.786092936228656,53.02758866326193,True,True,3609.1598487352467,5095.609776295109,1.5,1
58,2908.8166053134005,5000.0,2.0,58.61090933576854,57.10608071073502,True,True,2908.818424057374,4423.780722918062,2.0,1
52,2729.0625224778123,5000.0,2.0,51.25032936143556,51.68956026032856,True,True,2729.0665477252237,4572.0456797884035,2.0,1
80,3497.3773094243043,5000.0,2.0,56.891168354489885,57.62296429622603,True,True,3497.3758363224533,4586.285255040672,2.0,1
55,2809.1751741512776,5000.0,2.0,50.24814336186719,53.06089187946979,True,True,2809.178046645211,4765.05901895329,2.0,1
75,3361.7259237892754,5000.0,2.0,24.758737412213957,25.981759597585707,True,True,3361.7285481534796,5065.630745416282,1.5,2
54,2770.6850509450883,5000.0,2.0,48.47755699884518,51.68351808505152,True,True,2770.6850527421384,5158.812551833004,1.5,1
18,1793.8271215590873,5000.0,2.0,50.89560427576497,51.11337513379309,True,True,1793.823018396891,4573.463120144159,2.0,1
53,2759.694737774682,5000.0,2.0,37.36409211852817,38.951426510188426,True,True,2759.6918567472685,5014.096833714721,1.5,1
79,3457.264479559013,5000.0,2.0,52.54149695160538,53.79320428433001,True,True,3457.2616478331374,5056.490881282396,1.5,1
79,3469.677129215949,5000.0,2.0,52.54149695160538,51.947033846820794,True,True,3469.6783144996234,4922.568187454898,1.5,1
15,1717.901996196719,5000.0,2.0,57.053023261786116,56.58148501120068,True,True,1717.9006822836611,4924.5178792645675,1.5,1
40,2415.7685513704937,5000.0,2.0,41.95642539738688,41.66270609344986,True,True,2415.7726645163975,4933.119682717336,1.5,1
84,3606.620541101691,5000.0,2.0,50.786092936228656,50.82934810651705,True,True,3606.618182068617,4924.335414279257,1.5,1
55,2811.0043218221585,5000.0,2.0,50.24814336186719,42.8239852637708,True,True,2811.018324422962,5218.667943077889,1.0,1
40,2412.66855064789,5000.0,2.0,41.95642539738688,42.27986399368413,True,True,2412.668497849776,4989.1375495303155,1.5,1
18,1796.3854074352882,5000.0,2.0,50.89560427576497,49.86741403843956,True,True,1796.3855183968537,4494.86023777849,2.0,1
21,1883.3500566962157,5000.0,2.0,54.00702764571333,53.0680425811506,True,True,1883.3500094022106,4442.820772423334,2.0,1
40,2396.0337949712452,5000.0,2.0,41.95642539738688,41.470047009437636,True,True,2396.0296089611293,4894.635064288272,1.5,1
49,2661.6350159977233,5000.0,2.0,60.04224025109186,59.61348347189887,True,True,2661.6319208062587,4526.822722365939,2.0,1
56,2848.2121189978793,5000.0,2.0,56.518064084385905,56.178926025119566,True,True,2848.209706927622,4939.252503851709,1.5,1
83,3582.0209984639528,5000.0,2.0,61.83236891253692,60.657493736286725,True,True,3582.0185947088867,4471.166075432361,2.0,1
41,2443.4628401478208,5000.0,2.0,52.20381789064854,52.01272086516434,True,True,2443.4629898932467,4531.249402956741,2.0,1
83,3583.402922108139,5000.0,2.0,61.83236891253692,62.073479314815906,True,True,3583.400539153311,4541.104541481552,2.0,1
41,2425.8018504599663,5000.0,2.0,52.20381789064854,50.72134685078101,True,True,2425.8032676712814,4406.858565064207,2.0,1
58,2908.3471667719314,5000.0,2.0,58.61090933576854,58.14212783441447,True,True,2908.346201835159,4537.752378209269,2.0,1
83,3573.8391995399984,5000.0,2.0,61.83236891253692,61.23574535107826,True,True,3573.83803915345,4486.947174428042,2.0,1
21,1881.4736527271007,5000.0,2.0,54.00702764571333,54.773670171215585,True,True,1881.475009402238,4625.312520510342,2.0,1
75,3355.207812581058,5000.0,2.0,24.758737412213957,29.932949443544164,True,True,3355.207714820241,5765.991888696709,1.5,2
41,2428.7212830950784,5000.0,2.0,52.20381789064854,50.36372157736024,True,True,2428.7199343379057,4375.228995708065,2.0,1
16,1744.780779653259,5000.0,2.0,53.813857377935875,52.64224296927968,True,True,1744.7850531927954,4858.469845489188,1.5,1
73,3293.880073455701,5000.0,2.0,57.911080176620686,57.49271137509616,True,True,3293.8815627688978,4530.389112477545,2.0,1
86,3643.3129745357837,5000.0,2.0,59.01291705584677,59.16856734886007,True,True,3643.315867518657,4554.592014959653,2.0,1
58,2895.8737587275477,5000.0,2.0,58.61090933576854,58.38455368360055,True,True,2895.873979613118,5006.367889089576,1.5,1
80,3502.877319488049,5000.0,2.0,56.891168354489885,56.059571579503945,True,True,3502.8758363223733,4466.1258261042685,2.0,1
56,2842.7719328900444,5000.0,2.0,56.518064084385905,57.750149148478016,True,True,2842.772206927701,5124.382141813477,1.5,1
74,3326.704908571063,5000.0,2.0,50.35554345718532,50.906333340309644,True,True,3326.7035499268345,4580.270918275597,2.0,1
22,1910.307251892671,5000.0,2.0,51.08250421378618,51.22670013693769,True,True,1910.3085244818803,5033.047297701356,1.5,1
24,1967.6679144022005,5000.0,2.0,58.7923191105222,58.00189372121492,True,True,1967.6704881169815,4542.169309552705,2.0,1
59,2916.7345410876296,5000.0,2.0,59.07594523701704,24.271588114075403,True,True,2916.710995284933,1452.9903418927454,6.0,1
25,2005.3879212224917,5000.0,2.0,56.44202651747043,55.56651858476449,True,True,2005.3862468283971,4449.10015109366,2.0,1
49,2644.1944707170023,5000.0,2.0,60.04224025109186,61.8444979028606,True,True,2644.1944208065124,4643.611279022216,2.0,1
75,3360.866192028739,5000.0,4.0,27.368970150354443,28.314708185998818,True,True,3360.8604925979366,4913.333248676532,3.0,2
80,3499.6009234031108,5000.0,4.0,69.14101335543214,73.00544093698701,True,True,3499.6050029890876,5017.461665347529,3.0,1
86,3656.501699041591,5000.0,4.0,83.49492192306268,79.01877577132178,True,True,3656.503367518465,4323.753820810136,4.0,1
26,2031.818683884275,5000.0,4.0,57.20668407954816,55.87281988805198,True,True,2031.824091105562,4512.77272634822,4.0,1
25,1991.0752377697625,5000.0,4.0,67.23433410298954,70.49979225469977,True,True,1991.0806912730498,4840.753299311009,3.0,1
80,3502.730096856644,5000.0,4.0,69.14101335543214,72.50753019452318,True,True,3502.7369474334864,5020.004533021188,3.0,1
41,2439.6837037534956,5000.0,4.0,67.91218592196478,66.871024027585,True,True,2439.685212115524,4528.439022727839,4.0,1
84,3606.198326247228,5000.0,4.0,59.19976632586807,63.1195200229018,True,True,3606.2015154019564,5136.600311010061,3.0,1
14,1700.1396496839259,5000.0,4.0,50.87151912873135,49.49102856113122,True,True,1700.1397130634543,4875.493814446062,3.0,1
22,1922.8740930957588,5000.0,4.0,64.34452110961884,62.816057744763995,True,True,1922.8710244816975,4995.374471468817,3.0,1
16,1762.3318654399484,5000.0,4.0,75.67074271793555,60.57312963819875,True,True,1762.3058865258738,5067.651739361854,2.0,1
22,1910.1086378443406,5000.0,4.0,64.34452110961884,63.83864093831872,True,True,1910.1071355929944,4536.341937430371,4.0,1
24,1977.5264075781813,5000.0,4.0,75.93988449288189,74.31023744806177,True,True,1977.5246547835047,5013.694322022776,3.0,1
50,2686.828504980128,5000.0,4.0,75.47362267034121,73.3736136552078,True,True,2686.833692854152,4501.016213926491,4.0,1
16,1748.2557240271497,5000.0,4.0,75.67074271793555,74.08923146129672,True,True,1748.2503309705228,4443.852441931304,4.0,1
83,3582.6182115307133,5000.0,4.0,87.1564475594801,85.94411150247755,True,True,3582.6158169311,5049.42026560002,3.0,1
23,1938.7118540624897,5000.0,4.0,82.67308085122187,83.57843782587071,True,True,1938.7103121770665,4562.142302310161,4.0,1
51,2709.749729463129,5000.0,4.0,75.74111974840626,70.09511011011973,True,True,2709.746711199304,5048.6880759901005,3.0,1
55,2799.7891324924026,5000.0,4.0,63.61642405856218,64.2352876762965,True,True,2799.796102200903,5134.990406506989,3.0,1
78,3438.460032809448,5000.0,4.0,18.092253392711775,18.31856664519306,True,True,3438.425233710363,4999.3244356368305,1.5,1
40,2414.517162140459,5000.0,4.0,51.32810153261709,53.35285932295277,True,True,2414.5226645164157,5130.414490776248,3.0,1
74,3323.710461972914,5000.0,4.0,65.51670874308797,63.55113488966381,True,True,3323.7104943713225,4499.300205203263,4.0,1
83,3569.3517704678393,5000.0,4.0,87.1564475594801,86.96431107346652,True,True,3569.3519280424043,4580.006767044894,4.0,1
56,2832.141545650326,5000.0,4.0,66.72756664152705,70.62880191794228,True,True,2832.1472069278557,5089.282338109065,3.0,1
22,1911.7878304146882,5000.0,4.0,64.34452110961884,64.62826549962305,True,True,1911.7946355929698,5094.816041608334,3.0,1
56,2847.745459796893,5000.0,4.0,66.72756664152705,66.54453571808212,True,True,2847.7513735942953,5004.084022396803,3.0,1
50,2689.588280547604,5000.0,4.0,75.47362267034121,72.57402679871186,True,True,2689.5906372985564,4396.206855142586,4.0,1
59,2913.7387490652613,5000.0,4.0,81.55611661353963,79.12996781000292,True,True,2913.738773062754,4467.104919493544,4.0,1
77,3405.979359378137,5000.0,4.0,70.62557603602612,71.23702071470531,True,True,3405.9791868825246,4993.762111361149,3.0,1
50,2677.3394558541195,5000.0,4.0,75.47362267034121,71.84027823542046,True,True,2677.3336928542903,5027.056505504856,3.0,1
40,2408.3379952262508,5000.0,4.0,51.32810153261709,51.61630524478066,True,True,2408.3351645165058,5004.933058273479,3.0,1
56,2837.5984156236414,5000.0,4.0,66.72756664152705,69.60140455388328,True,True,2837.5985958166652,5130.619993576084,3.0,1
26,2019.7700032633156,5000.0,4.0,57.20668407954816,54.60391389640955,True,True,2019.7754799946263,4962.689544873114,3.0,1
54,2781.6447759426396,5000.0,4.0,60.58901422314818,60.57820562225931,True,True,2781.6503305197566,4996.2034601522455,3.0,1
40,2407.4588290258307,5000.0,4.0,51.32810153261709,50.79340856802111,True,True,2407.453220072074,4901.4265705414955,3.0,1
24,1969.5360062214,5000.0,4.0,75.93988449288189,74.95322741607346,True,True,1969.5385436725098,5022.744147970696,3.0,1
20,1854.202800497361,5000.0,4.0,56.54939581388426,60.13861526820301,True,True,1854.2042570415285,4933.6658843031355,3.0,1
79,3472.764656766474,5000.0,4.0,65.80522418009839,66.77970202973111,True,True,3472.768592277356,5029.090656882261,3.0,1
74,3333.891018419736,5000.0,4.0,65.51670874308797,63.56691307836613,True,True,3333.89104992673,4506.875433859098,4.0,1
16,1745.9071499959134,5000.0,4.0,75.67074271793555,72.79805474520316,True,True,1745.9031087483347,4461.334678726414,4.0,1
73,3309.5299556415675,5000.0,4.0,73.32277600388973,77.3274236684403,True,True,3309.5343405464478,4941.380380480076,3.0,1
58,2906.395803181785,5000.0,4.0,74.29155586536625,72.35768244656248,True,True,2906.3948129462983,4503.693702973208,4.0,1
26,2013.918563704278,5000.0,4.0,57.20668407954816,55.676550477584435,True,True,2013.9143688836004,5095.870642822399,3.0,1
18,1805.3852601531532,5000.0,4.0,61.86388197830507,62.66215572022914,True,True,1805.3785739522784,5034.082276974331,3.0,1
73,3294.568956468825,5000.0,4.0,73.32277600388973,77.58496887270714,True,True,3294.5690627688878,5072.451179432178,3.0,1
78,3447.731001747908,5000.0,4.0,18.092253392711775,20.468369191813846,True,True,3447.723844821339,5403.911845684638,2.0,1
49,2644.9736487440127,5000.0,4.0,78.0871764277289,76.88681215572961,True,True,2644.972198584279,5010.628309175913,3.0,1
77,3417.666609029667,5000.0,4.0,70.62557603602612,71.38415138003346,True,True,3417.673631326799,4985.603995874599,3.0,1
22,1906.215530390437,5000.0,4.0,64.34452110961884,67.1729075636564,True,True,1906.218246704162,5225.589418698989,3.0,1
53,2757.21834308511,5000.0,4.0,42.26918219910748,43.614537345987195,True,True,2757.2196345250823,5044.304431186745,3.0,1
22,1925.2866343073797,5000.0,4.0,64.34452110961884,62.91603198086596,True,True,1925.2946355927734,4986.623726959077,3.0,1
50,2675.7644245495494,5000.0,4.0,75.47362267034121,76.13918948170456,True,True,2675.7642484098687,5104.9272214784805,3.0,1
16,1759.8610735903815,5000.0,4.0,75.67074271793555,73.69710321351221,True,True,1759.861442081465,4433.594391384749,4.0,1
24,1981.9500965381517,5000.0,4.0,75.93988449288189,74.62336265735146,True,True,1981.9482658945515,4485.774776437404,4.0,1
54,2793.0183442135335,5000.0,4.0,60.58901422314818,59.63737781466756,True,True,2793.0114416307024,4856.896363505643,3.0,1
22,1904.0488390042256,5000.0,4.0,64.34452110961884,62.87976960736565,True,True,1904.0446355930826,4892.978954620184,3.0,1
79,3472.800768221002,5000.0,4.0,65.80522418009839,66.08640913960566,True,True,3472.7963700551336,4995.077811526275,3.0,1
56,2826.1291365761595,5000.0,4.0,66.72756664152705,67.51162656734772,True,True,2826.1333180390543,5036.941837887428,3.0,1
84,3592.918019019667,5000.0,4.0,59.19976632586807,61.07816028256431,True,True,3592.909848735483,4914.628013245214,3.0,1
84,3607.680245451565,5000.0,4.0,59.19976632586807,60.65080769127032,True,True,3607.673737624157,5014.990235960804,3.0,1
81,3524.9731029016125,5000.0,8.0,114.2445055508605,122.25230946162193,True,True,3524.9634418269434,4960.22078568367,6.0,1
73,3298.436984832579,5000.0,8.0,95.86736661409246,92.3824481274218,True,True,3298.4301738799427,5003.565969278475,6.0,1
14,1690.4146891883584,5000.0,8.0,60.79594719021251,63.16541884001398,True,True,1690.403601952485,5034.710709343879,6.0,1
77,3420.184712361623,5000.0,8.0,79.69280488961061,81.38782863869275,True,True,3420.1944646600955,4958.894232568509,6.0,1
56,2844.9232841932435,5000.0,8.0,80.98750473255897,80.2454197987078,True,True,2844.911095816559,4973.172164711487,6.0,1
14,1695.6410653269202,5000.0,8.0,60.79594719021251,62.53556550011529,True,True,1695.6397130635198,5007.450032039117,6.0,1
54,2793.4558428661926,5000.0,8.0,73.80737030042373,72.80812553132213,True,True,2793.4628305195847,4866.071740291102,6.0,1
40,2396.921298883666,5000.0,8.0,68.52064181767118,67.99143274192984,True,True,2396.9254422944496,4528.876167836776,8.0,1
49,2643.644462924368,5000.0,8.0,100.33346384026748,96.31567580106345,True,True,2643.6458096954093,5014.716579927314,6.0,1
56,2843.1135934418594,5000.0,8.0,80.98750473255897,79.30011645857351,True,True,2843.1055402610295,5074.425702010974,6.0,1
79,3479.1063902375654,5000.0,8.0,76.66469312972103,81.60344381189454,True,True,3479.1088700550417,5058.2668642130975,6.0,1
16,1743.8905167984824,5000.0,8.0,104.62733081141347,101.67175005932465,True,True,1743.8892198594751,4506.858727179471,8.0,1
40,2397.4629679700356,5000.0,8.0,68.52064181767118,63.10542114270152,True,True,2397.4671089611084,4401.156525263079,8.0,1
80,3483.2369642601097,5000.0,8.0,81.26459640272914,80.60248558053424,True,True,3483.230002989326,4959.443967628603,6.0,1
15,1731.8601554378195,5000.0,8.0,111.53968535844676,108.60668580356271,True,True,1731.8659600612357,4991.661536572907,6.0,1
85,3618.334214093305,5000.0,8.0,85.80267516565696,78.9610501226914,True,True,3618.3329782035103,4520.858012384544,8.0,1
41,2433.9254224637966,5000.0,8.0,92.92485180287203,81.69555715712535,True,True,2433.9699343378293,4471.179827157789,6.0,1
55,2824.0333373951103,5000.0,8.0,80.57625801934189,77.1810509564262,True,True,2824.0113799783285,4868.953212700538,6.0,1
50,2665.493418193387,5000.0,8.0,84.18990296056555,nan,False,False,nan,nan,nan,0
51,2709.5913936801053,5000.0,8.0,107.54393696054727,109.13654347143444,True,True,2709.5939334215286,4545.564487872273,8.0,1
55,2811.4987594692284,5000.0,8.0,80.57625801934189,82.85124001802168,True,True,2811.4974910896217,5155.834076360401,6.0,1
84,3606.3774897710496,5000.0,8.0,67.26908316116862,69.65245299890434,True,True,3606.3681820686206,5051.097354843084,6.0,1
25,1992.4933144139197,5000.0,8.0,77.5483696824711,77.87478822782657,True,True,1992.4904134952515,5050.530670588289,6.0,1
73,3296.523108517868,5000.0,8.0,95.86736661409246,88.37836617415876,True,True,3296.513507213304,4936.1604877168475,6.0,1
51,2698.5162086578894,5000.0,8.0,107.54393696054727,99.6928976157688,True,True,2698.517544532801,4525.872965051659,8.0,1
25,2003.603177685877,5000.0,8.0,77.5483696824711,87.56676711003695,True,True,2003.6154134950896,5165.8121378195865,6.0,1
81,3527.395309768071,5000.0,8.0,114.2445055508605,114.38602621406676,True,True,3527.400941826908,4945.491812613709,6.0,2
40,2394.3754545930187,5000.0,8.0,68.52064181767118,66.90239506469447,True,True,2394.362942294487,5061.735228848648,6.0,1
21,1880.727814388627,5000.0,8.0,105.01135478479186,103.36514739045005,True,True,1880.7319538466932,4527.9474290308935,8.0,1
55,2821.172258116687,5000.0,8.0,80.57625801934189,76.98677052289804,True,True,2821.1641577561477,4920.274466320105,6.0,1
83,3559.519982576222,5000.0,8.0,114.31659713569746,64.95119897098537,True,True,3559.6227613758792,4747.932648207168,2.0,1
75,3348.8841455324887,5000.0,8.0,31.32595335955607,30.809229843543516,True,True,3348.895214820333,4772.411444011198,6.0,2
23,1945.432803116765,5000.0,8.0,109.99808797291605,102.53327852129955,True,True,1945.4394788436352,4477.800400203538,8.0,1
15,1717.582555278176,5000.0,8.0,111.53968535844676,102.69821364197928,True,True,1717.5673489503326,5023.272660676033,6.0,1
56,2832.8484802395274,5000.0,8.0,80.98750473255897,83.44619578942707,True,True,2832.8485958167344,5105.384841957664,6.0,1
58,2894.9612731578704,5000.0,8.0,95.67291281637164,99.86266454356048,True,True,2894.9503685020204,5065.537962341817,6.0,1
79,3456.2283561791487,5000.0,8.0,76.66469312972103,82.1073483432456,True,True,3456.2269256109303,4914.846065466713,6.0,1
16,1752.5473226320598,5000.0,8.0,104.62733081141347,100.10725218575006,True,True,1752.5489420815713,4494.791728020816,8.0,1
25,2002.8392798520342,5000.0,8.0,77.5483696824711,79.46592301585868,True,True,2002.8306912728788,4941.022375362564,6.0,1
18,1805.236651752996,5000.0,8.0,78.43658572269659,80.9112647765383,True,True,1805.2396850633916,5135.364247917054,6.0,1
86,3643.4726945118528,5000.0,8.0,98.90384254370774,101.46719510218634,True,True,3643.482534185321,5145.871043553362,6.0,1
40,2414.618551054531,5000.0,8.0,68.52064181767118,69.38823881519927,True,True,2414.6198867386365,4516.571544338729,8.0,1
55,2801.5405072493973,5000.0,8.0,80.57625801934189,77.18059054164463,True,True,2801.532213311989,4510.027806705056,8.0,1
23,1949.9245467797691,5000.0,8.0,109.99808797291605,99.69344606926286,True,True,1949.925589954681,4438.921800946172,8.0,1
81,3515.0731424845985,5000.0,8.0,114.2445055508605,127.74530649794349,True,True,3515.0745529381984,4978.882604411684,6.0,1
53,2763.757254713998,5000.0,8.0,49.22192018533571,49.547973212637196,True,True,2763.747412302765,5055.119880402148,6.0,1
22,1905.0085718195746,5000.0,8.0,81.07577895437862,78.34079890731503,True,True,1905.002968926402,4873.091047138566,6.0,1
78,3437.5586293497195,5000.0,8.0,20.144482091357812,17.298044896279816,True,True,3437.4669003770437,4640.09362691291,2.0,1
78,3443.237876242139,5000.0,8.0,20.144482091357812,19.58374984303588,True,True,3443.2932892658478,5170.4780606573295,4.0,1
86,3636.749193390603,5000.0,8.0,98.90384254370774,101.91012319914368,True,True,3636.7394786298637,5136.2436774402695,6.0,1
85,3618.3161588507096,5000.0,8.0,85.80267516565696,79.10131463452343,True,True,3618.3190893146216,4526.4600722113355,8.0,1
15,1729.3338028611786,5000.0,8.0,111.53968535844676,99.77623295548393,True,True,1729.3312378390503,4995.618126806242,6.0,1
55,2819.762550756596,5000.0,8.0,80.57625801934189,78.21123069559607,True,True,2819.7683244228347,5046.706392319739,6.0,1
20,1844.5542378791254,5000.0,8.0,63.56792925154038,65.82805388705,True,True,1844.5584237083356,5021.271887767579,6.0,1
56,2849.8120938508723,5000.0,8.0,80.98750473255897,84.14003720536539,True,True,2849.8138735942653,5087.187100719136,6.0,1
51,2713.969242541471,5000.0,8.0,107.54393696054727,94.84193470355946,True,True,2713.968933421465,4485.902247581531,8.0,1
83,3581.2390663936108,5000.0,8.0,114.31659713569746,109.48328022570702,True,True,3581.24081693112,4513.134484361354,8.0,1
54,2788.471136947002,5000.0,8.0,73.80737030042373,71.59754201587597,True,True,2788.4628305196575,4910.566360035869,6.0,1
55,2815.607041031285,5000.0,8.0,80.57625801934189,77.45436832417289,True,True,2815.6224910895617,4953.0446288352205,6.0,1
56,2839.9233755186774,5000.0,8.0,80.98750473255897,78.28793668985142,True,True,2839.918040261076,4938.278840837951,6.0,1
52,2736.8667750208406,5000.0,16.0,124.61297605348207,124.86603873129326,True,True,2736.8651588362213,4610.793398267277,16.0,1
77,3422.1028064527377,5000.0,16.0,97.58044230995021,95.74271363755905,True,True,3422.0764091045125,5019.1878726280365,12.0,1
59,2914.392906063045,5000.0,16.0,131.2864143838505,137.60254081797572,True,True,2914.3984952849664,4962.683818967885,12.0,1
58,2891.3599394140797,5000.0,16.0,139.30557370752794,115.26173068385246,True,True,2891.346201835406,4967.736824499423,12.0,1
14,1684.6897084355157,5000.0,16.0,75.38613730901079,58.557358011172234,True,True,1684.6883241747903,4964.023546787561,12.0,1
58,2908.6707738152318,5000.0,16.0,139.30557370752794,129.5998102181191,True,True,2908.672590724043,4531.001265232866,16.0,1
54,2780.983664402276,5000.0,16.0,94.0188535563013,89.61310870849147,True,True,2781.011441630877,5052.044992007044,12.0,1
18,1807.2491161427427,5000.0,16.0,103.70686963579685,86.79267159091438,True,True,1807.2257961744738,5027.079188376333,12.0,1
16,1759.1333087003966,5000.0,16.0,160.44182277998638,148.0494215261119,True,True,1759.1322754148089,4489.718689364545,16.0,1
80,3506.121774505401,5000.0,16.0,101.88376077385277,89.49812685779959,True,True,3506.000836322328,5068.76815286223,8.0,1
26,2014.1171764503054,5000.0,16.0,115.29531263667499,104.98275458136564,True,True,2014.1157577724864,4497.37680970081,16.0,1
40,2413.3949396688195,5000.0,16.0,98.26833169258056,94.72786636719457,True,True,2413.3907200719877,4462.567559198372,16.0,1
24,1979.3917169918172,5000.0,16.0,159.86090484819678,143.63410681443582,True,True,1979.3857658945888,5047.587081293943,12.0,1
21,1871.8013973148063,5000.0,16.0,125.04558895961812,127.4658124392678,True,True,1871.8013982912676,5064.186624697687,12.0,1
24,1975.9972157898299,5000.0,16.0,159.86090484819678,140.4947344386864,True,True,1976.0177103390822,5024.266766563862,12.0,1
59,2920.083113818851,5000.0,16.0,131.2864143838505,119.39549491155188,True,True,2920.072106395995,4960.248740434711,12.0,1
73,3307.153576076724,5000.0,16.0,128.249243373059,112.54192768739232,True,True,3307.152396102038,4457.140377958974,16.0,1
56,2839.624770245948,5000.0,16.0,93.42188520259344,86.61162053677918,True,True,2839.619429149969,4951.793675906872,12.0,1
18,1796.157633743522,5000.0,16.0,103.70686963579685,89.42059751681968,True,True,1796.1771850635234,4962.060977817573,12.0,1
55,2800.5321819023497,5000.0,16.0,106.53567359237411,88.44318087604796,True,True,2800.546102200892,5000.267842918397,12.0,1
53,2746.814095507317,5000.0,16.0,57.819438682637184,55.66548435034116,True,True,2746.816856747456,5159.215172478369,12.0,1
79,3454.6394494106216,5000.0,16.0,100.76441303906158,90.36276367032005,True,True,3454.6366478331756,5067.797976261483,12.0,1
18,1806.4949625446636,5000.0,16.0,103.70686963579685,92.50402464253526,True,True,1806.4966295078177,4439.9828036986455,16.0,1
24,1964.738691930742,5000.0,16.0,159.86090484819678,156.13441235551718,True,True,1964.7329881170242,5009.028319195923,12.0,1
40,2396.5560194868467,5000.0,16.0,98.26833169258056,91.96750615080771,True,True,2396.5573867388994,4460.585123683506,16.0,1
78,3446.8990436731806,5000.0,16.0,27.59059223067463,23.201818732708386,True,True,3446.918289265795,5282.271983945103,12.0,1
24,1974.2777438756634,5000.0,16.0,159.86090484819678,141.79399931995104,True,True,1974.274654783552,4453.358582978331,16.0,1
75,3354.7133652610796,5000.0,16.0,37.61074820572338,35.04483825233096,True,True,3354.7146592646927,4276.090192475501,16.0,2
58,2908.4249435714123,5000.0,16.0,139.30557370752794,122.94533319673413,True,True,2908.4156462796022,4513.882320226372,16.0,1
52,2728.602793326611,5000.0,16.0,124.61297605348207,101.51938331676712,True,True,2728.6012699474527,4497.118350676676,16.0,1
55,2819.723662281007,5000.0,16.0,106.53567359237411,96.28096164584608,True,True,2819.71276886728,5050.6559152630025,12.0,1
75,3343.441056431589,5000.0,16.0,37.61074820572338,37.48875247894629,True,True,3343.5896592648546,5105.638372924493,8.0,2
52,2738.432070749881,5000.0,16.0,124.61297605348207,104.70959788503352,True,True,2738.4276588361986,4526.656314537572,16.0,1
24,1981.9875972541745,5000.0,16.0,159.86090484819678,113.66542286126494,True,True,1981.9343770056628,4926.9905851184885,8.0,1
79,3476.5591399423356,5000.0,16.0,100.76441303906158,81.30449507963456,True,True,3476.6574811661885,4975.639426373546,8.0,1
18,1805.3241501552532,5000.0,16.0,103.70686963579685,96.88011659298787,True,True,1805.3160739522793,4554.423064536141,16.0,1
55,2814.4042774293903,5000.0,16.0,106.53567359237411,100.87062916084427,True,True,2814.400268867357,4536.613773832008,16.0,1
81,3514.9064760935057,5000.0,16.0,168.9678815996014,200.0799045596194,True,True,3514.90094182709,4468.125373235728,16.0,1
55,2815.7417616992257,5000.0,16.0,106.53567359237411,97.23081315877178,True,True,2815.754435534004,4928.719387414341,12.0,1
77,3419.4360866746915,5000.0,16.0,97.58044230995021,92.81450607913398,True,True,3419.4097424378847,4920.487131626629,12.0,1
41,2446.535037968218,5000.0,16.0,130.92534246807722,74.41736564689576,True,True,2446.324101004316,4176.27323010878,6.0,1
14,1696.0716205934598,5000.0,16.0,75.38613730901079,60.91400434957885,True,True,1696.0216575079587,4767.256286988308,8.0,1
59,2913.5498630456227,5000.0,16.0,131.2864143838505,122.27884874911497,True,True,2913.5721063960896,4997.523593499919,12.0,1
52,2735.848708109779,5000.0,16.0,124.61297605348207,103.80237967627231,True,True,2735.830436614014,4870.7455930775795,12.0,1
59,2914.791511473733,5000.0,16.0,131.2864143838505,127.23014507228675,True,True,2914.8082175071827,4953.74605884098,12.0,1
26,2016.1158043340697,5000.0,16.0,115.29531263667499,103.7892126706996,True,True,2016.1018688835686,5009.624886515351,12.0,1
60,2945.5870543211845,5000.0,16.0,149.50041936824874,134.55877916453719,True,True,2945.6079213476874,5016.939240440127,12.0,1
58,2903.1250170056524,5000.0,16.0,139.30557370752794,127.70211559485354,True,True,2903.1587018352343,4914.660926162731,16.0,1
79,3456.2741900446954,5000.0,16.0,100.76441303906158,105.16897101360311,True,True,3456.2755367220407,4416.422298800277,16.0,1
83,3563.658801064097,5000.0,16.0,157.8857219390355,177.6856218781096,True,True,3563.539428042489,3011.304031219431,24.0,1
14,1684.1938768712014,5000.0,16.0,75.38613730901079,66.80944959506537,True,True,1684.1883241747976,4586.614974807131,16.0,1
23,1952.2051448761063,5000.0,16.0,158.0440067514111,142.2048747715342,True,True,1952.21031217687,4525.844417145261,16.0,1
23,1948.3925751027823,5000.0,16.0,158.0440067514111,149.918387553163,True,True,1948.3908677324812,4416.395086341873,16.0,1
51,2696.077278184991,5000.0,16.0,155.29790604169744,142.9661510341291,True,True,2696.0800445328364,4515.3304079381605,16.0,1
52,2719.1401641554485,5000.0,16.0,124.61297605348207,106.40332992814682,True,True,2719.1359921698127,5035.767914599311,12.0,1
53,2758.3600116402904,5000.0,16.0,57.819438682637184,57.73523323468995,True,True,2758.3793567472876,4898.132811767277,12.0,1
55,2804.28215349797,5000.0,16.0,106.53567359237411,90.64543819991586,True,True,2804.303046645282,4974.411241483372,12.0,1
78,3444.993458050459,5000.0,16.0,27.59059223067463,24.54266916493317,True,True,3445.015511488045,4974.461162438954,12.0,1
25,1994.2780642544278,5000.0,16.0,100.96520471474261,94.41228512669232,True,True,1994.282080161892,5097.101043298402,12.0,1
20,1866.8986114380486,5000.0,16.0,78.90574259811115,76.52346769458566,True,True,1866.8987014857883,5053.709543431522,12.0,1
77,3400.6320412700743,5000.0,24.0,140.41836735444048,93.47758526260819,True,True,3400.6389091048245,4522.399770563448,24.0,1
73,3307.631351585195,5000.0,24.0,175.72583427315544,133.06777584237312,True,True,3307.6315627686977,4402.961947540148,24.0,1
59,2913.3943098805535,5000.0,24.0,143.9097060887028,129.83233881090078,True,True,2913.335995284982,5033.367745019281,16.0,1
82,3558.1352784694004,5000.0,24.0,131.50821913216825,127.38250012580808,True,True,3558.150833950612,4412.213652034759,24.0,1
86,3662.5377607493315,5000.0,24.0,128.29796372529478,115.13349435199939,True,True,3662.3228119628247,4860.4231796213435,12.0,1
84,3604.969181759753,5000.0,24.0,86.01996539130027,79.75829224096053,True,True,3605.0070709575293,4964.101869959064,16.0,1
16,1748.5154423330293,5000.0,24.0,225.08879450360308,157.42596549503625,True,True,1748.3406087482992,4576.555011460768,16.0,1
25,1989.526604218696,5000.0,24.0,112.53600036274932,113.59331375148074,True,True,1989.6015246064046,5138.29327726603,16.0,1
80,3501.071759497802,5000.0,24.0,124.89053791692919,110.1903232978254,True,True,3501.0772252112884,4492.239559804221,24.0,1
55,2817.1861898177012,5000.0,24.0,124.04067398666017,106.46990146294408,True,True,2817.184991089539,4480.016486599084,24.0,1
20,1848.0306014215487,5000.0,24.0,89.8639555406131,86.07879729541082,True,True,1848.023701486063,4439.656340629913,24.0,1
81,3517.1578622965812,5000.0,24.0,238.89294087632854,150.71064286228622,True,True,3516.928719604838,4689.885658955186,12.0,2
56,2838.019242802737,5000.0,24.0,99.79955082522984,105.4169770849588,True,True,2838.0708180388806,5145.198517840357,16.0,1
23,1951.2176261347367,5000.0,24.0,203.89654238603399,139.56361051207273,True,True,1951.217256621329,4514.937614341138,24.0,1
78,3446.757374716101,5000.0,24.0,35.3071109575833,22.66562017135446,True,True,3446.8280114880185,5213.923864195487,16.0,1
49,2657.4293878014614,5000.0,24.0,174.95400520376703,170.44821432178185,True,True,2657.4235874729866,4643.145556112617,24.0,1
85,3630.2492857826505,5000.0,24.0,150.56703078290633,139.36126719106608,True,True,3630.3121448700026,5118.108516243027,16.0,1
54,2776.635049591155,5000.0,24.0,108.99530028071605,90.9593393953488,True,True,2776.6294971864963,4546.695257047863,24.0,1
55,2806.544637465307,5000.0,24.0,124.04067398666017,119.15874209097473,True,True,2806.5391577563605,4541.516449230202,24.0,1
59,2913.213757131936,5000.0,24.0,143.9097060887028,136.7262815513733,True,True,2913.1832175072063,5046.615348155419,16.0,1
23,1950.3884441170546,5000.0,24.0,203.89654238603399,153.7643529007177,True,True,1950.370034399119,4558.141036344523,24.0,1
50,2676.7116655535756,5000.0,24.0,144.50563587394635,116.32624095069168,True,True,2676.715637298744,4555.651885659778,24.0,1
56,2837.3525857563823,5000.0,24.0,99.79955082522984,104.06018611872116,True,True,2837.431929150001,5021.446123646609,16.0,1
78,3438.8058711082035,5000.0,24.0,35.3071109575833,29.189738421029837,True,True,3438.807178154802,4521.828460046308,24.0,1
78,3438.172528457799,5000.0,24.0,35.3071109575833,28.495088388329883,True,True,3438.161344821478,4569.834418798603,24.0,1
49,2656.3613153870256,5000.0,24.0,174.95400520376703,166.57608259026654,True,True,2656.3680319174464,4499.859115359361,24.0,1
82,3539.2604937883766,5000.0,24.0,131.50821913216825,91.64879690048164,True,True,3539.255000617554,4366.547831401264,24.0,1
58,2884.843390226988,5000.0,24.0,170.5960557995256,174.11698704365324,True,True,2884.832312946612,4586.555698796742,24.0,1
16,1757.577781396047,5000.0,24.0,225.08879450360308,163.31366378971364,True,True,1757.5836643037203,4505.437572790119,24.0,1
75,3350.6980514950415,5000.0,24.0,51.194623704412614,40.16344496896076,True,True,3350.693825931418,4538.535083965986,24.0,2
60,2946.468996117794,5000.0,24.0,178.09907397002203,154.77708570464836,True,True,2946.4620880143416,4516.123975164681,24.0,1
26,2020.5630663038703,5000.0,24.0,135.1354436083404,128.30381070241648,True,True,2020.5740911057258,4445.072396131888,24.0,1
40,2413.8185508678057,5000.0,24.0,148.54287206016576,121.86884499783952,True,True,2413.821275627537,4461.767386531546,24.0,1
51,2701.221813168242,5000.0,24.0,164.62883318009858,131.33590481703447,True,True,2701.2814334216496,4985.851002671887,16.0,1
55,2817.747294729837,5000.0,24.0,124.04067398666017,103.54766705059788,True,True,2817.7474910895307,4487.161140199985,24.0,1
26,2033.6728608767023,5000.0,24.0,135.1354436083404,135.33820590838175,True,True,2033.6782577722017,4436.404087675263,24.0,1
53,2760.816964166931,5000.0,24.0,69.88791272907282,53.2473917352825,True,True,2760.809912302808,4498.0579326412235,24.0,1
85,3621.7299933134677,5000.0,24.0,150.56703078290633,117.83377837935197,True,True,3621.728811536794,4458.901880668217,24.0,1
23,1949.539817623603,5000.0,24.0,203.89654238603399,159.9739948758553,True,True,1949.5436455102422,4483.828551098708,24.0,1
14,1695.4535655058028,5000.0,24.0,90.68399010864879,64.57771699415407,True,True,1695.6466575079642,5043.4459070114235,8.0,1
86,3648.2518048956076,5000.0,24.0,128.29796372529478,133.83598804377064,True,True,3648.2672564074737,5062.017093509822,16.0,1
74,3326.800741674696,5000.0,24.0,116.21636956601436,112.8692888116105,True,True,3326.731327704612,5043.726197673954,16.0,1
23,1937.0993240887396,5000.0,24.0,203.89654238603399,184.0356472737005,True,True,1937.1061455104232,4442.200424878383,24.0,1
55,2799.746077301216,5000.0,24.0,124.04067398666017,100.60225192288958,True,True,2799.7474910897927,4552.873445560518,24.0,1
51,2702.8773999027626,5000.0,24.0,164.62883318009858,145.75495339490755,True,True,2702.871711199404,5019.779822056363,16.0,1
80,3482.8619625573424,5000.0,24.0,124.89053791692919,119.96667735377873,True,True,3482.86889187822,4470.4355996427175,24.0,1
81,3516.2203631301095,5000.0,24.0,238.89294087632854,217.60880194523685,True,True,3516.220386271515,4406.737608372855,24.0,2
73,3298.8161486343333,5000.0,24.0,175.72583427315544,120.29496194991458,True,True,3298.6871183243834,4699.774681678015,16.0,1
40,2416.9685517463954,5000.0,24.0,148.54287206016576,114.71664574995665,True,True,2416.974053405269,4522.262529659591,24.0,1
24,1956.7121688311963,5000.0,24.0,190.2197849450941,167.28943343568056,True,True,1956.7468770060293,5016.006528267895,16.0,1
77,3406.8140981851416,5000.0,24.0,140.41836735444048,93.28202001625002,True,True,3406.694464660292,5022.70842548091,12.0,1
82,3545.1534981307104,5000.0,24.0,131.50821913216825,116.3600494649115,True,True,3545.0883339508023,5118.790751799581,16.0,1
14,1683.7369340323964,5000.0,24.0,90.68399010864879,68.52161506436875,True,True,1683.8897130636908,5055.384003223049,12.0,1
52,2726.1763684778202,5000.0,24.0,146.73494690601055,117.82274763491897,True,True,2726.1707143919325,4449.073479477888,24.0,1
84,3587.0292441883444,5000.0,24.0,86.01996539130027,82.53532656038902,True,True,3587.0279042911243,4603.47669199417,24.0,1
82,3538.861886670031,5000.0,24.0,131.50821913216825,107.67421460876774,True,True,3538.914722839781,4938.409872273166,24.0,1
20,1849.3208719085762,5000.0,24.0,89.8639555406131,85.22268972900694,True,True,1849.3153681527108,4452.196146500355,24.0,1
21,1880.9292045803313,5000.0,24.0,161.36428621173204,149.71392888626983,True,True,1880.9263982911348,4527.4231942129345,24.0,1
41,2434.5837489541364,5000.0,24.0,173.68206133902387,155.14090646232077,True,True,2434.7199343378184,4091.7752979165984,24.0,1
55,2797.12665750447,5000.0,24.0,124.04067398666017,78.96871068148744,True,True,2797.4349910898263,4449.858825963,8.0,1
