key,tic,t0,tier,rank,snr,depth_ppm,duration_h,tmag,rstar,mstar,ra,dec,is_candidate,is_validation,toi_phase2,lc_status,shape,shape_strict_box,dbic_alt,dbic_box,best_alt,fit_t0,fit_rp,fit_t14_h,fit_b,fit_depth_ppm,grazing,duration,duration_too_long,t_min_h,p_b0_d,duration_note,edge_lc,near_edge,edge_resolved,edge_pixels,edge,pix_status,pixels,pixel_confirm,pixel_snr_ratio,pixel_depth_ratio,centroid,centroid_offset_px,centroid_sigma,diff_snr,centroid_inconclusive,neighbours,neighbours_failing,n_unresolved,ap_snr,asteroid,asteroid_hits,catalogue,known,eb,eb_overridden,toi_fp,tois,toi_disp,ctois,fpp_status,fpp,fpp_value,nfpp_value,p_lo,p_hi,bic_transit,bic_box,bic_ramp,bic_step,bic_flare_decay
159466872_2632.1000,159466872,2632.1,A,777,223.42,1.716e+05,3,12.964,0.49098,0.48907,245.05,82.674,True,False,,ok,True,True,9609.4,3531.4,flare_decay,2632.1,0.41367,5.226,0.38169,1.9537e+05,False,True,False,2.1706,34.901,,True,False,True,True,True,ok,True,True,1.0842,0.82801,True,0.28094,31.917,186.66,False,True,,0,242.22,True,,True,False,False,False,False,,,,ok,False,1,0,21.237,34.901,0,3531.4,32092,22052,9609.4
362104293_2633.7500,362104293,2633.8,A,1798,89.356,30636,1.5,10.11,0.80788,0.84,268.21,68.455,True,False,,ok,True,True,4500.3,1728.8,flare_decay,2633.8,0.43372,3.9196,1.1724,34089,True,True,False,3.025,5.4309,,True,False,True,True,True,ok,True,True,1.1155,0.70489,True,0.071476,7.6188,93.082,False,True,,0,99.676,True,,False,True,True,False,False,,,362104293.01,not run,,,,,,0,1728.8,14670,10883,4500.3
165282032_2616.4500,165282032,2616.4,A,1930,79.578,63274,1.5,12.621,0.76282,0.848,156.44,25.453,True,False,,ok,True,True,1085.8,784.35,flare_decay,2616.4,0.47348,2.8873,1.0572,75152,True,True,False,2.9262,2.3895,grazing,True,False,True,False,True,ok,False,False,-0.023062,-0.015391,True,,,-27.041,True,True,,0,-1.8353,True,,True,False,False,False,False,,,,not run,,,,,,0,784.35,5027.6,4040.6,1085.8
17193496_2630.5400,17193496,2630.5,A,1947,78.644,69405,1.5,12.74,0.60527,0.59237,145.51,39.939,True,False,,ok,True,True,1697.3,745.22,flare_decay,2630.5,0.54016,2.3913,1.0891,90554,True,True,False,2.7351,1.6594,grazing,True,False,True,True,True,ok,True,True,0.862,0.71311,True,0.093358,4.3584,73.221,False,True,,0,67.791,True,,True,False,False,False,False,,,,ok,False,1,0,20.424,30.636,0,745.22,6619.5,5479.9,1697.3
239198203_2628.9100,239198203,2628.9,A,1990,75.85,43540,2,12.415,0.73734,0.761,146.86,27.394,True,False,,ok,True,True,1975.2,570.42,flare_decay,2628.9,0.20814,4.0818,0.65639,45868,False,True,False,2.4041,12.233,,True,False,True,True,True,ok,True,True,1.3772,0.90608,True,0.078061,3.2963,65,False,True,,0,104.46,True,,True,False,False,False,False,,,,ok,True,3.9968e-15,0,18.545,27.818,0,570.42,6609.6,4751.5,1975.2
233211759_2615.0800,233211759,2615.1,A,2005,74.659,49421,2,12.509,0.32291,0.30291,266.77,70.78,True,False,,ok,True,True,1778.3,476.26,flare_decay,2615.1,0.22285,3.4955,0.60147,53997,False,True,False,1.4486,35.131,,True,False,True,True,True,ok,True,True,1.7313,0.9442,True,0.091849,4.3589,63.92,False,True,,0,129.26,True,,False,False,True,False,False,,,,not run,,,,,,0,476.26,6700.1,4717.7,1778.3
139415069_2633.5900,139415069,2633.6,A,2109,69.585,11265,6,11.689,1.0617,1.06,153.91,30.656,True,False,,ok,True,True,380.13,176.77,flare_decay,2633.6,0.13187,5.7699,0.79493,16725,False,True,False,2.9043,19.605,,True,False,True,False,True,ok,False,False,-0.20264,-0.20921,True,,,-61.446,True,True,,0,-14.101,False,"Lucina (V=12.4, 9"")",True,False,False,False,False,,,,not run,,,,,,0,176.77,2135.2,1443.1,380.13
3960185_2631.1500,3960185,2631.2,A,2314,61.346,46402,1,12.134,0.82134,0.7,152.08,24.941,True,False,,ok,True,True,630.03,238.34,flare_decay,2631.2,0.45159,2.4549,1.1279,49115,True,True,False,3.309,0.99688,grazing,False,True,False,False,False,ok,False,False,-0.52729,-0.34525,True,,,-34.008,True,True,,0,-32.347,True,,True,False,False,False,False,,,,not run,,,,,,0,238.34,2804.5,2286,630.03
335964512_2625.7600,335964512,2625.8,A,2487,55.325,15033,8,11.901,1.1571,1.21,265.74,53.57,True,False,,ok,False,False,-23.137,-1.6425,flare_decay,2625.6,0.04634,32.765,0.050359,2601,False,True,False,2.7997,4010,,False,True,False,,False,not run,,,,,,,,,,,,,,,,,,,,,,,,not run,,,,,,0,-1.6425,1.7231,-16.145,-23.137
88004101_2634.7600,88004101,2634.8,A,2509,53.44,18974,1.5,11.486,1.2264,1.22,146.84,23.453,True,False,,ok,True,True,668.11,333.01,flare_decay,2634.8,0.43187,2.1677,1.2163,24843,True,True,False,4.0506,0.31326,grazing,False,True,False,False,False,ok,False,False,-0.065825,-0.084626,True,,,-3.6246,True,True,,0,-3.5177,True,,True,False,False,False,False,,,,not run,,,,,,0,333.01,2784,2187,668.11
230065191_2618.4100,230065191,2618.4,A,2520,52.771,29826,6,12.635,1.1097,1.14,230.23,69.538,True,False,,ok,True,True,1334.9,463.5,flare_decay,2618.4,0.18381,9.4123,0.73821,33922,False,True,False,3.0988,70.107,,True,False,True,True,True,ok,True,True,1.768,0.91608,True,0.099986,4.6193,72.276,False,True,,0,93.299,True,,True,False,False,False,False,,,,ok,False,1,0,17.575,70.107,0,463.5,3701.5,2151.9,1334.9
159290668_2625.6200,159290668,2625.6,A,2562,51.082,22170,1.5,7.9428,0.81444,0.91,229.04,80.423,True,False,,ok,False,False,-23.122,-3.9125,step,2625.6,0.23551,0.44878,1.2113,545.19,True,True,False,2.5586,,grazing,False,True,False,,False,not run,,,,,,,,,,,,,,,,,,,,,,,,not run,,,,,,0,-3.9125,-19.911,-23.122,-17.823
156512187_2621.1600,156512187,2621.2,A,2684,48.251,29834,4,12.909,0.90956,1.02,221.07,77.946,True,True,7018.01,ok,True,True,965.03,179.97,flare_decay,2621.2,0.17323,5.3933,0.091413,36202,False,True,False,2.6122,22.008,,True,False,True,True,True,ok,True,True,1.3628,0.72747,True,0.091423,3.5754,29.302,False,True,,0,65.755,True,,True,True,False,False,False,7018.01,PC,,ok,True,0.4181,0,14.823,22.234,0,179.97,2906.9,1471.2,965.03
156462190_2625.7900,156462190,2625.8,A,2702,47.862,18666,8,12.642,0.8031,0.99,217.12,72.838,True,False,,ok,False,False,-14.735,-6.6726,ramp,2626.6,0.043343,2.9473,0.010977,2276.6,False,True,False,2.0714,7.1943,,True,False,True,,True,not run,,,,,,,,,,,,,,,,,,,,,,,,not run,,,,,,0,-6.6726,-14.735,-11.108,-5.6562
142320810_2634.6500,142320810,2634.7,A,2723,47.123,3969.6,24,11.93,1.8789,1.46,194.46,61.923,True,False,,ok,True,True,174.94,158.28,step,2634.7,0.35769,57.003,1.2729,4966.8,True,True,False,5.5446,2723.8,,False,True,False,False,False,ok,False,False,-0.020392,-0.020574,True,,,-3.4584,True,True,,0,-0.96094,True,,True,False,False,False,False,,,,not run,,,,,,0,158.28,346.16,174.94,305.42
313261580_2634.6900,313261580,2634.7,A,2735,46.672,14537,24,12.747,0.82668,0.96,195.18,71.841,True,False,,ok,True,True,1490.5,885.29,step,2634.7,0.4181,53.351,1.2381,18221,True,True,False,2.9284,15129,,False,True,False,False,False,ok,False,False,0.0085072,0.0047718,True,,,-2.9196,True,True,,0,0.39705,True,,True,False,False,False,False,,,,not run,,,,,,0,885.29,2573.3,1490.5,1819.6
239205079_2615.0200,239205079,2615,A,2754,46.044,23785,6,7.0485,1.0598,1.1,149.26,19.762,True,False,,ok,True,True,1417.2,1961.1,flare_decay,2615,0.41345,15.424,1.2165,21038,True,True,False,3.5762,200.78,,False,True,False,False,False,ok,False,False,-0.30993,-0.10049,True,,,-2.8937,True,True,,0,-14.27,True,,True,False,False,False,False,,,,not run,,,,,,0,1961.1,5508.5,1628.9,1417.2
458419988_2619.9600,458419988,2620,A,2768,45.643,15598,1.5,11.376,0.96677,0.98,170.67,53.614,True,False,,ok,True,True,339.3,127.74,flare_decay,2620,0.16386,2.7117,0.90678,18599,True,True,False,2.7913,2.2732,grazing,True,False,True,True,True,ok,True,True,0.97293,0.78193,True,0.12142,3.1692,25.872,False,True,,0,44.407,True,,True,True,False,False,False,,,458419988.01,ok,False,0.75122,0,16.028,24.042,0,127.74,1381.5,1040.9,339.3
453444539_2618.0900,453444539,2618.1,A,2802,44.688,21986,2,11.634,0.85747,,147.8,52.395,True,False,,ok,True,True,1078,406.75,flare_decay,2618.1,0.16818,5.7018,0.85954,23705,True,True,False,2.598,26.435,,True,False,True,True,True,ok,False,True,1.4153,0.72412,True,0.11404,5.0056,59.506,False,False,453444538,0,63.246,True,,True,True,False,False,False,,,453444539.01,not run,,,,,,0,406.75,3309.5,2132.2,1078
142566413_2634.5900,142566413,2634.6,A,2830,43.921,5358.3,24,9.9888,0.77554,0.95,165.97,72.469,True,False,,ok,True,True,3087.3,2362.1,step,2634.6,0.37212,53.939,1.2733,6481.9,True,True,False,2.6673,20687,,False,True,False,False,False,ok,False,False,0.082722,0.023113,True,0.85101,35.694,3.3897,False,True,,1,3.6332,True,,True,False,False,False,False,,,,not run,,,,,,0,2362.1,6214.6,3087.3,4456.2
1097360_2620.8400,1097360,2620.8,A,2831,43.904,5806.2,2,9.7786,0.95126,1.115,155.07,25.351,True,False,,ok,True,True,487.35,98.152,flare_decay,2620.8,0.40459,5.3014,1.3102,6213.5,True,True,False,3.1753,11.635,,False,True,False,False,False,ok,False,False,-0.12291,-0.28203,True,,,-16.717,True,True,,0,-5.3964,True,,True,False,False,False,False,,,,not run,,,,,,0,98.152,1375.6,879.74,487.35
459969957_2620.4200,459969957,2620.4,A,2866,43.086,11319,4,11.899,0.80494,0.747,254.82,65.747,True,True,1274.01,ok,True,True,455.24,23.821,flare_decay,2620.4,0.10304,4.2977,0.00058604,12857,False,True,False,2.4111,14.155,,True,False,True,True,True,ok,True,True,1.1186,0.98626,True,0.12339,3.2599,32.526,False,True,,0,48.195,True,,True,True,False,False,False,1274.01,PC,,ok,True,0.023769,0,15.564,23.346,0,23.821,1461,883.85,455.24
233060199_2617.3300,233060199,2617.3,A,2886,42.401,8020.2,4,11.316,1.0279,1.05,269.92,62.688,True,False,,ok,True,True,310.2,127,flare_decay,2617.3,0.3887,7.1983,1.2643,9636.3,True,True,False,3.4612,22.5,,True,False,True,True,True,ok,False,True,3.9746,2.392,False,1.7792,199.47,214.71,False,False,233060204,0,168.53,True,,True,False,False,False,False,,,,not run,,,,,,0,127,824.11,537.63,310.2
156213722_2626.1800,156213722,2626.2,A,2898,42.043,21233,6,12.225,0.81584,0.885,184.42,80.481,True,False,,ok,False,False,-15.234,-8.3056,ramp,2625.9,0.051742,11.823,0.0041695,3244.2,False,True,False,2.202,387.06,,False,,,,False,not run,,,,,,,,,,,,,,,,,,,,,,,,not run,,,,,,0,-8.3056,-15.234,-9.456,-4.6916
165430246_2618.9700,165430246,2619,A,2910,41.767,23703,4,12.689,1.1049,1.04,162.04,25.757,True,False,,ok,True,True,520.08,106.01,flare_decay,2619,0.15374,6.3189,0.59583,25953,False,True,False,3.1005,21.168,,True,False,True,True,True,ok,True,True,1.3322,0.9915,True,0.10332,2.8624,45.592,False,True,,0,55.644,True,,True,False,False,False,False,,,,ok,False,0.56569,0,17.017,25.525,0,106.01,1552.1,845.24,520.08
159159589_2619.7000,159159589,2619.7,A,2945,41.026,13177,2,11.492,0.94673,0.919,166.61,54.583,True,False,,ok,True,True,509.27,146.43,flare_decay,2619.7,0.12533,4.1662,0.84527,14185,False,True,False,2.7002,9.1757,,True,False,True,True,True,ok,True,True,0.99441,0.86107,True,0.092444,2.5164,28.484,False,True,,0,40.797,True,,True,False,False,False,False,,,,ok,True,0.13987,0,16.29,24.435,0,146.43,1716,1188.3,509.27
233161762_2632.4800,233161762,2632.5,A,2947,40.989,16291,1.5,11.516,1.4432,1.26,275.28,60.363,True,False,,ok,True,True,446.88,217.04,flare_decay,2632.5,0.42578,2.4911,1.2323,20683,True,True,False,4.6964,0.1456,grazing,True,False,True,True,True,ok,True,True,0.90064,0.6658,True,0.021612,0.60954,35.657,False,True,,0,36.916,True,,True,False,False,False,False,,,,ok,False,1,0,21.668,32.503,0,217.04,1686.6,1366.3,446.88
95436737_2633.9500,95436737,2633.9,A,2961,40.834,12924,4,12.195,1.1353,1.13,155.61,22.381,True,False,,ok,True,True,365.47,140.97,flare_decay,2633.9,0.16727,5.5784,0.92336,17654,True,True,False,3.1353,14.079,,True,False,True,True,True,ok,True,True,0.73613,0.69911,True,0.035916,0.73218,32.547,False,True,,0,30.059,True,,True,False,False,False,False,,,,ok,False,0.99101,0,24.099,36.148,0,140.97,1124.9,730.44,365.47
160603078_2618.1400,160603078,2618.1,A,3043,39.453,9773.5,12,12.595,1.333,1.15,244.65,76.892,True,False,,ok,True,True,390.82,178.89,flare_decay,2618.2,0.40575,16.822,1.2545,13516,True,True,False,4.4086,139.11,,True,False,True,True,True,ok,False,True,3.8068,2.2911,False,1.6073,218.57,273.91,False,True,,0,150.19,True,,True,False,False,False,False,,,,not run,,,,,,0,178.89,1113.4,689.83,390.82
318355088_2618.0700,318355088,2618.1,A,3093,38.745,23615,1.5,12.328,0.93593,1.03,165.55,48.43,True,False,,ok,True,True,205.78,86.529,flare_decay,2618.1,0.4358,2.1881,1.1875,31417,True,True,False,3.2792,0.71496,grazing,True,False,True,False,True,ok,False,False,0.052197,0.037497,True,,,0.1605,True,True,,0,2.0224,True,,True,False,False,False,False,,,,not run,,,,,,0,86.529,761.95,632.65,205.78
229742722_2614.9100,229742722,2614.9,A,3165,37.511,4772.7,4,9.9369,1.4016,1.291,279.83,69.523,True,True,1859.01,ok,True,True,358.52,43.841,flare_decay,2614.9,0.066216,4.7716,2.0845e-08,5312.4,False,True,False,3.3821,7.0028,,True,False,False,True,True,ok,True,True,0.56994,0.75314,True,0.11943,2.353,11.339,False,True,,0,21.379,True,,True,True,False,False,False,1859.01,CP,229742722.01,ok,True,0.0025961,0,21.075,31.612,0,43.841,1285.3,639.6,358.52
239205080_2614.8800,239205080,2614.9,A,3192,36.905,31284,1,7.7478,0.769,1.07,149.26,19.754,True,False,,ok,True,True,333.36,698.44,flare_decay,2614.9,0.9,7.8501,1.7252,22436,True,True,False,3.5205,27.741,,False,True,False,False,False,ok,False,False,-0.22721,-0.16946,True,,,-1.024,True,True,,0,-8.3852,True,,True,False,False,False,False,,,,not run,,,,,,0,698.44,1079.7,563.94,333.36
165412851_2612.5800,165412851,2612.6,A,3264,35.291,17463,6,12.849,1.0829,0.83,159.52,24.059,True,False,,ok,True,True,507.65,251.41,flare_decay,2612.6,0.42105,10.421,1.2197,21973,True,True,False,4.0358,43.088,,True,False,True,True,True,ok,True,True,0.92776,0.71075,True,0.18598,4.1666,30.833,False,True,,0,32.742,True,,True,False,False,False,False,,,,ok,False,1,0,23.406,43.088,0,251.41,1476.3,854.47,507.65
27002835_2633.9800,27002835,2634,A,3281,35,8708.6,4,11.526,1.8846,2.07,151.14,23.493,True,False,,ok,True,True,155.24,82.893,flare_decay,2634,0.40427,2.9094,1.2475,14319,True,True,False,5.1196,0.31214,grazing,True,False,True,False,True,ok,False,False,0.017417,0.024216,True,,,-6.0537,True,True,,0,0.60958,True,,True,False,False,False,False,,,,not run,,,,,,0,82.893,458.95,281.38,155.24
372680354_2612.5500,372680354,2612.6,A,3282,34.981,24225,1.5,12.563,1.2882,1.05,140.99,40.146,True,False,,ok,True,True,69.906,50.649,flare_decay,2612.5,0.16342,2.2322,0.74937,26672,False,False,False,3.6339,0.51442,,False,True,False,,False,not run,,,,,,,,,,,,,,,,,,,,,,,,not run,,,,,,0,50.649,590.79,323.7,69.906
67665621_2630.1000,67665621,2630.1,A,3295,34.688,3180.3,6,10.302,1.1759,1.172,148.68,37.481,True,False,,ok,True,True,177.42,15.804,flare_decay,2630.1,0.06059,8.1446,0.82433,3456.6,False,True,False,2.9149,54.568,,True,False,True,False,True,ok,False,False,0.060438,0.063724,True,,,0.13767,True,True,,0,2.0965,True,,True,False,False,False,False,,,,not run,,,,,,0,15.804,531.2,299.53,177.42
27036287_2632.6300,27036287,2632.6,A,3296,34.671,17652,2,12.098,0.89811,0.85,151.47,23.429,True,False,,ok,True,True,273.97,134.95,flare_decay,2632.6,0.16285,3.1997,0.87598,21131,True,True,False,2.7167,4.0711,,False,True,False,False,False,ok,False,False,0.10147,0.10004,True,,,-0.55185,True,True,,1,3.5181,True,,True,False,False,False,False,,,,not run,,,,,,0,134.95,1264.7,897.27,273.97
259166949_2631.2400,259166949,2631.2,A,3344,33.998,15108,3,12.008,1.1741,1.14,291.98,68.213,True,False,,ok,True,True,482.94,146.76,flare_decay,2631.2,0.13217,6.9391,0.83991,15867,False,True,False,3.1357,27.103,,True,False,True,True,True,ok,True,True,1.4262,0.89872,True,0.097983,2.7196,40.662,False,True,,0,48.487,True,,True,False,False,False,False,,,,ok,False,0.58579,0,19.033,28.55,0,146.76,1381.1,876.55,482.94
139414273_2617.0300,139414273,2617,A,3347,33.956,9400.2,2,11.251,1.6302,1.29,153.75,33.732,True,False,,ok,True,True,317.66,115.78,flare_decay,2617,0.39141,3.4415,1.2543,11340,True,True,False,5.1374,0.66949,grazing,True,False,True,True,True,ok,True,True,0.73616,0.69025,True,0.21623,3.9841,21.671,False,True,,0,24.997,True,,True,False,False,False,False,,,,ok,False,0.99892,0,18.966,28.449,0,115.78,1063.9,780.45,317.66
88047423_2617.2400,88047423,2617.2,A,3354,33.909,27103,2,12.803,0.98874,0.85,147.53,22.596,True,False,,ok,True,True,218.36,111.46,flare_decay,2617.2,0.42598,3.7232,1.1712,32451,True,True,False,3.6682,2.5945,,True,False,True,False,True,ok,False,False,0.051337,0.044811,True,,,-4.9098,True,True,,0,1.7408,True,,True,False,False,False,False,,,,not run,,,,,,0,111.46,966.26,676.81,218.36
414964447_2614.5200,414964447,2614.5,A,3383,33.598,21098,16,9.691,0.61692,0.60168,140.78,22.308,True,False,,ok,True,True,938.48,80.631,step,2614.6,0.14308,14.53,0.11029,24699,False,True,False,2.0581,880.08,,True,False,True,False,True,ok,False,False,0.93688,0.13124,True,0.2922,13.879,4.9746,False,True,,1,31.477,True,,True,False,False,False,False,,,,ok,False,1,1.2832e-65,21.393,880.08,0,80.631,1762.9,938.48,1076.5
405504412_2627.9400,405504412,2627.9,A,3418,33.083,1884.9,24,8.7014,0.72764,0.63,224.57,59.583,True,False,,ok,True,True,776.09,856.36,step,2628,0.30561,57.728,1.2577,1835.7,True,True,False,2.7307,23635,,True,False,False,True,True,ok,True,True,1.0703,0.67684,True,0.71677,44.953,20.094,False,True,,0,35.41,True,,True,False,False,False,False,,,,ok,False,1,0,17.669,23635,0,856.36,3183.2,776.09,1237
171557723_2629.6600,171557723,2629.7,A,3421,33.033,10972,6,12.262,0.88878,0.91,156.21,20.3,True,False,,ok,True,False,155.79,-44.856,flare_decay,2629.7,0.10433,6.2323,1.2864e-09,13178,False,True,False,2.4957,38.946,,True,False,False,False,True,ok,False,False,0.046593,0.04343,True,,,-21.06,True,True,,0,1.5391,True,,True,False,False,False,False,,,,not run,,,,,,0,-44.856,896.69,499.53,155.79
4754338_2634.5900,4754338,2634.6,A,3522,31.321,4069.1,24,11.229,0.71176,0.63,145.81,34.435,True,False,,ok,True,True,699.63,647.94,step,2634.6,0.3693,69.076,1.276,5876.9,True,False,True,2.8015,37502,,False,True,False,,False,not run,,,,,,,,,,,,,,,,,,,,,,,,not run,,,,,,0,647.94,1115.9,699.63,1051
105506417_2617.4400,105506417,2617.4,A,3546,30.999,14212,3,12.544,1.3587,1.01,148.74,43.144,True,False,,ok,False,False,-147.07,-69.83,flare_decay,2617.4,0.10893,4.0528,0.00027941,14366,False,True,False,3.7009,3.2514,,True,False,True,,True,not run,,,,,,,,,,,,,,,,,,,,,,,,not run,,,,,,0,-69.83,682.3,344.77,-147.07
467254810_2628.4800,467254810,2628.5,A,3555,30.851,4862,24,8.24,0.38733,0.37711,307.63,65.45,True,False,,ok,False,False,-294.37,5582,step,2628.8,0.071475,68.922,0.90831,4168.5,True,True,False,1.4153,,,True,False,False,,True,not run,,,,,,,,,,,,,,,,,,,,,,,,not run,,,,,,0,5582,26626,-294.37,8334.2
95341392_2634.6500,95341392,2634.7,A,3562,30.608,3051.5,24,11.559,0.9995,0.639,153.78,23.42,True,False,,ok,True,True,133.11,147.36,step,2634.7,0.35426,68.733,1.2768,4262.5,True,True,False,3.8732,13989,,False,True,False,False,False,ok,False,False,,,True,0.66685,82.307,13.24,False,False,95341393,0,,True,,True,False,False,False,False,,,,not run,,,,,,0,147.36,248.07,133.11,220.06
149367783_2631.5300,149367783,2631.5,A,3572,30.446,7816,6,11.658,0.42977,0.42463,139.03,29.137,True,False,,ok,True,True,130.41,22.199,flare_decay,2631.5,0.09148,7.3124,0.688,8812.1,False,True,False,1.5376,268.95,,True,False,True,False,True,ok,False,False,0.058422,0.042107,True,,,1.3869,True,True,,0,1.7787,True,,True,False,False,False,False,,,,not run,,,,,,0,22.199,608.55,312.83,130.41
88660728_2631.5300,88660728,2631.5,A,3592,30.202,4840.7,2,9.316,2.8696,1.28,157.9,39.006,True,False,,ok,True,True,318.81,128.96,flare_decay,2631.5,0.088572,3.6063,0.93642,5438,True,True,False,7.0981,0.27607,grazing,True,False,True,True,True,ok,True,True,1.1689,0.66088,True,0.067131,1.7151,25.431,False,True,,1,35.302,True,,True,False,False,False,False,,,,ok,False,1,0.27053,21.606,32.41,0,128.96,1305.8,906.75,318.81
23972118_2620.4100,23972118,2620.4,A,3598,30.14,3187.6,2,9.3629,1.8002,1.31,147.68,43.041,True,False,,ok,True,True,128.42,85.527,flare_decay,2620.4,0.33854,4.7796,1.2712,3329.3,True,True,False,5.43,1.6411,grazing,True,False,False,False,True,ok,False,False,0.07634,0.10099,True,,,1.2414,True,True,,0,2.3009,False,"Erminia (V=12.7, 59"")",True,False,False,False,False,,,,not run,,,,,,0,85.527,436.42,232.09,128.42
407587481_2620.4200,407587481,2620.4,A,3653,29.51,1945.3,24,11.034,2.2709,0.94,151.62,33.954,True,False,,ok,True,True,75.058,74.126,step,2620.4,0.32112,66.181,1.262,2632.3,True,True,False,7.5573,1687.2,,False,True,False,False,False,ok,False,False,-1.3189,-4.0772,True,,,-2.1041,True,True,,0,-38.921,True,,True,False,False,False,False,,,,not run,,,,,,0,74.126,150.57,75.058,128.48
230081369_2625.7100,230081369,2625.7,A,3696,29.09,8975.8,6,12.102,0.79015,0.85,245.76,66.141,True,False,,ok,False,False,-7.8934,-3.0492,step,2625.5,0.38448,6.1515,1.3334,2225.4,True,True,False,2.8457,25.263,,False,True,False,,False,not run,,,,,,,,,,,,,,,,,,,,,,,,not run,,,,,,0,-3.0492,-5.3395,-7.8934,-6.6543
357031900_2625.6800,357031900,2625.7,A,3712,28.962,11476,6,11.445,1.696,1.05,273.9,55.248,True,False,,ok,False,False,-13.306,-7.4579,step,2626.5,0.17225,22.323,1.1299,1171.8,True,True,False,4.8222,248.48,,True,False,False,,True,not run,,,,,,,,,,,,,,,,,,,,,,,,not run,,,,,,0,-7.4579,-13.078,-13.306,-10.523
160297980_2626.1200,160297980,2626.1,A,3715,28.945,8881.6,6,11.711,0.84882,0.91,186.81,81.005,True,False,,ok,False,False,-3.3417,3.6517,flare_decay,2626,0.29349,0.63588,1.2309,2783.3,True,True,False,2.7919,,grazing,True,True,True,,True,not run,,,,,,,,,,,,,,,,,,,,,,,,not run,,,,,,0,3.6517,-2.4571,-1.1925,-3.3417
236865152_2629.0900,236865152,2629.1,A,3716,28.919,9731.9,4,8.7798,1.8626,1.58,302.63,62.709,True,False,,ok,True,True,4540.7,1371.8,flare_decay,2629.1,0.10612,9.0903,0.81977,10585,False,True,False,4.3601,22.667,,True,False,True,True,True,ok,True,True,5.4736,0.96564,True,0.062735,4.3595,73.487,False,True,,0,158.29,True,,True,False,False,False,False,,,,ok,False,1,0,18.137,27.206,0,1371.8,10566,6223.4,4540.7
1114721_2619.8800,1114721,2619.9,A,3722,28.822,11040,1.5,11.376,0.89635,0.894,155.41,25.329,True,False,,ok,True,True,175.1,79.397,flare_decay,2619.9,0.40212,2.6928,1.2481,13876,True,True,False,3.215,1.4483,grazing,True,False,True,False,True,ok,False,False,-0.050175,-0.036639,True,,,-19.391,True,True,,0,-1.4462,True,,True,False,False,False,False,,,,not run,,,,,,0,79.397,567.73,431.95,175.1
157264264_2620.2600,157264264,2620.3,A,3725,28.797,3168.1,4,10.242,1.9931,1,197.92,56.785,True,False,,ok,True,True,214,16.69,flare_decay,2620.3,0.054106,5.2693,8.9267e-05,3547.4,False,True,False,5.1797,2.5525,,True,False,True,True,True,ok,True,True,0.73198,0.95624,True,0.10003,1.6273,18.076,False,True,,0,21.079,True,,True,False,False,False,False,,,,ok,True,0.11592,0,15.732,23.599,0,16.69,696.7,353.85,214
166657223_2632.2900,166657223,2632.3,A,3731,28.75,26156,1.5,12.957,1.1821,1.2,166.7,31.689,True,False,,ok,True,True,85.571,37.852,flare_decay,2632.3,0.42932,1.851,1.153,37162,True,True,False,3.9188,0.10792,grazing,False,True,False,False,False,ok,False,False,-0.058236,-0.047749,True,,,0.79528,True,True,,0,-1.6743,True,,True,False,False,False,False,,,,not run,,,,,,0,37.852,340.01,244.01,85.571
236816963_2625.6400,236816963,2625.6,A,3733,28.744,18836,4,12.186,0.78496,0.89,283.79,56.968,True,False,,ok,False,False,-10.109,-8.4904,ramp,2625.4,0.04299,1.8167,0.70755,1927.7,False,False,False,2.0971,1.6096,,False,,,,False,not run,,,,,,,,,,,,,,,,,,,,,,,,not run,,,,,,0,-8.4904,-10.109,-9.7627,-7.7538
233058265_2618.0100,233058265,2618,A,3738,28.65,11191,2,11.733,1.5065,1.09,269.48,64.069,True,False,,ok,True,True,271.75,130.69,flare_decay,2618,0.39237,4.7256,1.2493,12174,True,True,False,5.0247,2.035,grazing,True,False,True,True,True,ok,False,True,1.791,1.1505,False,1.1744,37.685,50.586,False,False,233058260;233058262,0,51.312,True,,False,True,True,False,False,,,233058265.01,not run,,,,,,0,130.69,991.12,651.96,271.75
160489229_2634.5300,160489229,2634.5,A,3745,28.558,2666.7,24,11.077,0.78911,0.858,238.46,75.475,True,False,,ok,True,True,453.62,348.84,step,2634.6,0.34754,66.842,1.2761,3704.8,True,True,False,2.7575,35632,,False,True,False,False,False,ok,False,False,,,True,,,-2.3138,True,True,,0,,True,,True,False,False,False,False,,,,not run,,,,,,0,348.84,662.89,453.62,720.06
88062464_2630.4300,88062464,2630.4,A,3786,27.892,9270.2,4,12.061,0.99572,0.92,147.82,23.034,True,False,,ok,True,True,92.605,86.663,flare_decay,2630.4,0.40329,5.3167,1.2566,12826,True,True,False,3.5406,8.4598,,True,False,True,False,True,ok,False,False,-0.17131,-0.17503,True,,,-57.682,True,True,,0,-4.7781,True,,True,False,False,False,False,,,,not run,,,,,,0,86.663,434.77,318.26,92.605
8768635_2632.8000,8768635,2632.8,A,3799,27.739,9450.8,4,12.168,1.6256,1.33,140.28,31.657,True,False,,ok,True,True,170.32,23.426,flare_decay,2632.8,0.10587,7.4454,0.85266,10070,False,True,False,4.029,15.774,,True,False,True,False,True,ok,False,False,0.11992,0.08036,True,,,-0.95606,True,True,,0,3.3265,True,,True,False,False,False,False,,,,not run,,,,,,0,23.426,377.65,196.26,170.32
88023740_2632.6700,88023740,2632.7,A,3843,26.902,3516.7,8,10.324,1.5245,1.51,147.31,23.293,True,False,,ok,True,True,373.04,138.08,flare_decay,2632.7,0.07941,8.0795,0.89487,5290.9,False,True,False,3.535,29.865,,True,False,True,False,True,ok,False,False,0.027831,0.015971,True,,,-0.34127,True,True,,0,0.74872,True,,True,False,False,False,False,,,,not run,,,,,,0,138.08,1402,927.08,373.04
61109069_2629.7400,61109069,2629.7,A,3844,26.887,11358,3,12.381,1.1278,1.04,154.52,17.464,True,False,,ok,True,True,89.059,32.661,flare_decay,2629.7,0.39418,5.5377,1.2419,13512,True,True,False,3.8248,7.579,,True,False,True,False,True,ok,False,False,0.0022898,0.0010566,True,,,1.8689,True,True,,0,0.061564,True,,True,False,False,False,False,,,,not run,,,,,,0,32.661,338.65,233.3,89.059
459793183_2619.7200,459793183,2619.7,A,3845,26.881,3500.4,6,10.077,1.617,1.09,175.54,49.876,True,False,,ok,True,True,276.13,46.344,flare_decay,2619.7,0.064326,8.6356,0.81612,3931.5,False,True,False,4.1219,22.998,,True,False,True,True,True,ok,True,True,0.83459,0.89824,True,0.12049,2.4851,18.568,False,True,,0,22.435,True,,True,False,False,False,False,,,,ok,True,1.3382e-07,0,16.271,24.407,0,46.344,752.02,419.57,276.13
95432829_2630.6400,95432829,2630.6,A,3852,26.815,16763,1,12.138,1.1599,1.22,155.08,19.87,True,False,,ok,True,True,227.33,84.418,flare_decay,2630.6,0.41825,2.0806,1.2293,19749,True,True,False,3.7943,0.35644,grazing,True,False,False,False,True,ok,False,False,0.10346,0.1186,True,0.61659,2.1364,3.3137,False,True,,0,2.7743,True,,True,False,False,False,False,,,,not run,,,,,,0,84.418,729.12,468.24,227.33
147992356_2634.7600,147992356,2634.8,A,3868,26.576,2520.4,24,11.348,0.75677,0.875,170.2,68.743,True,False,,ok,True,True,104.74,111.03,step,2634.7,0.34069,72,1.2716,3483.6,True,False,True,2.6138,52284,,False,True,False,,False,not run,,,,,,,,,,,,,,,,,,,,,,,,not run,,,,,,0,111.03,206.4,104.74,244.55
88062840_2630.3100,88062840,2630.3,A,3881,26.383,5453.2,8,11.841,0.82873,0.93,147.87,23.071,True,False,,ok,True,True,192.01,2.8466,flare_decay,2630.3,0.071818,8.248,1.4055e-08,6248.7,False,True,False,2.2422,124.49,,True,False,True,False,True,ok,False,False,0.0059014,0.00455,True,,,-6.7138,True,True,,0,0.1557,True,,True,False,False,False,False,,,,not run,,,,,,0,2.8466,480.47,220.65,192.01
159455981_2634.7800,159455981,2634.8,A,3891,26.302,2547,24,12.008,0.90175,0.99,244.27,79.906,True,False,,ok,True,True,48.875,24.597,step,2634.7,0.28806,51.811,1.2214,3062.4,True,True,False,2.8717,14692,,True,False,True,False,True,ok,False,False,0.23637,0.21181,True,,,2.472,True,True,,0,6.2169,True,,True,False,False,False,False,,,,ok,False,0.94087,0,24.274,14692,0,24.597,151.75,48.875,82.118
148672082_2628.0400,148672082,2628,A,3911,26.136,14393,3,12.958,1.2821,0.94,169.78,43.082,True,False,,ok,True,True,92.052,16.167,flare_decay,2628,0.13215,3.5735,0.72092,17926,False,False,False,3.6518,2.3078,,True,False,True,,True,not run,,,,,,,,,,,,,,,,,,,,,,,,not run,,,,,,0,16.167,378.08,262.06,92.052
329440665_2625.6900,329440665,2625.7,A,3928,25.919,4618.6,6,10.933,0.75308,0.897,270.19,51.998,True,False,,ok,False,False,-9.7503,-7.9744,ramp,2626,0.031372,4.236,0.96833,655.96,True,True,False,1.9843,24.324,,True,False,False,,True,not run,,,,,,,,,,,,,,,,,,,,,,,,not run,,,,,,0,-7.9744,-9.7503,-8.0563,-9.0527
4894728_2632.6100,4894728,2632.6,A,3931,25.885,2971.1,8,10.942,0.96633,1.022,147.74,35.335,True,False,,ok,True,False,50.162,-38.157,flare_decay,2632.6,0.052861,8.141,6.3946e-06,3386,False,True,False,2.4888,87.537,,True,False,True,False,True,ok,False,False,-0.028143,-0.031117,True,,,-23.132,True,True,,0,-0.72848,True,,True,False,False,False,False,,,,not run,,,,,,0,-38.157,469.89,234.8,50.162
137934625_2634.7800,137934625,2634.8,A,3940,25.787,9292.4,16,11.831,0.76126,0.91,152.29,58.565,True,False,,ok,True,True,711.04,774.64,step,2634.8,0.39602,49.779,1.2584,11463,True,True,False,2.7023,15637,,False,True,False,False,False,ok,False,False,0.096609,0.025817,False,1.0047,14.513,4.69,False,True,,0,2.4913,True,,True,False,False,False,False,,,,not run,,,,,,0,774.64,714.43,711.04,1091.7
232537366_2625.4400,232537366,2625.4,A,3946,25.712,5520.4,2,9.6037,1.9362,0.887,227.02,69.732,True,False,,ok,True,True,335.13,48.603,flare_decay,2625.4,0.060188,4.8184,0.45852,4179.3,False,False,False,5.2674,1.8179,,False,True,False,,False,not run,,,,,,,,,,,,,,,,,,,,,,,,not run,,,,,,0,48.603,869.13,376.02,335.13
147897190_2634.5700,147897190,2634.6,A,3947,25.71,1318.2,24,8.6855,0.63757,0.61773,164.41,69.597,True,False,,ok,True,True,429.17,834.01,step,2634.9,0.35366,123.22,1.2881,3243.3,True,True,False,2.497,,,False,True,False,False,False,ok,False,False,,,True,0.49458,145.35,70.632,False,True,,0,,True,,True,False,False,False,False,,,,not run,,,,,,0,834.01,500.07,429.17,823.46
147953123_2634.9700,147953123,2635,A,3962,25.579,3847.1,24,11.55,1.4743,1.06,168.79,66.008,True,False,,ok,True,True,75.489,909.11,ramp,2636.3,0.41149,72,1.2586,13842,True,True,False,5.0316,7340.9,,False,,,False,False,ok,False,False,,,True,0.26275,11.457,37.669,False,True,,0,,True,,True,False,False,False,False,,,,not run,,,,,,0,909.11,75.489,902.89,1249
149367758_2620.8400,149367758,2620.8,A,3993,25.291,3714.7,6,11.041,0.8859,0.936,139,29.02,True,False,,ok,True,True,162.48,46.032,flare_decay,2620.8,0.38711,8.0003,1.3,5345.9,True,True,False,3.0957,43.179,,True,False,True,False,True,ok,False,False,0.016654,0.018862,True,0.38922,4.5724,7.9976,False,True,,0,0.42119,True,,True,False,False,False,False,,,,not run,,,,,,0,46.032,378.4,216.92,162.48
166655033_2634.6800,166655033,2634.7,A,4000,25.228,5988.4,24,12.329,0.7602,0.733,166.36,31.419,True,False,,ok,True,True,85.167,91.475,step,2634.6,0.35909,63.396,1.254,7070.7,True,True,False,2.8236,28314,,False,True,False,False,False,ok,False,False,0.57503,0.2746,True,0.80527,15.788,9.5455,False,True,,0,14.507,True,,True,False,False,False,False,,,,not run,,,,,,0,91.475,289.23,85.167,252.62
88023750_2633.0600,88023750,2633.1,A,4007,25.083,9726.7,6,12.553,1.4421,1.27,147.23,23.325,True,False,,ok,True,True,96.492,14.31,flare_decay,2633,0.092492,7.8675,0.32259,10129,False,True,False,3.5854,26.426,,True,False,True,False,True,ok,False,False,-0.11986,-0.11241,True,,,-8.6985,True,True,,0,-3.0063,True,,True,False,False,False,False,,,,not run,,,,,,0,14.31,237.54,115.24,96.492
21019093_2620.5100,21019093,2620.5,A,4014,24.968,2992.9,24,12.091,1.4412,1.05,272.98,52.161,True,False,,ok,True,True,20.72,26.974,step,2620.4,0.33796,63.464,1.2639,3885.7,True,True,False,4.6767,6259,,False,True,False,False,False,ok,False,False,-0.47557,-0.46053,True,,,-22.806,True,False,1551157603,1,-11.874,True,,True,False,False,False,False,,,,not run,,,,,,0,26.974,97.726,20.72,43.112
63217623_2628.6800,63217623,2628.7,A,4024,24.861,6476.3,4,11.759,0.97201,1.13,157.02,17.546,True,False,,ok,True,True,82.789,39.339,flare_decay,2628.7,0.3727,6.7911,1.2614,7894.2,True,True,False,3.1568,24.902,,True,False,True,False,True,ok,False,False,0.069558,0.056424,True,,,-1.86,True,True,,1,1.7293,True,,True,False,False,False,False,,,,not run,,,,,,0,39.339,289.67,209.5,82.789
149927512_2611.8100,149927512,2611.8,A,4025,24.849,22334,4,12.182,0.27131,0.24426,161.86,61.148,True,False,,ok,False,False,-874.14,-479.71,flare_decay,2611.8,0.11763,4.7877,0.52174,15651,False,True,False,1.1951,160.76,,True,False,True,,True,not run,,,,,,,,,,,,,,,,,,,,,,,,not run,,,,,,0,-479.71,-65.914,-847.77,-874.14
26987478_2617.0900,26987478,2617.1,A,4037,24.751,6648.9,4,11.351,0.83359,0.746,150.73,21.587,True,False,,ok,True,True,234.06,92.244,flare_decay,2617.1,0.38772,7.3181,1.2764,8013,True,True,False,3.1432,31.572,,True,False,True,False,True,ok,False,False,0.16984,0.12979,True,0.56362,5.5616,11.345,False,False,26987477,0,4.2038,True,,True,False,False,False,False,,,,not run,,,,,,0,92.244,543.86,377.01,234.06
233692576_2620.3800,233692576,2620.4,A,4041,24.729,1490.7,24,10.956,2.0428,1.25,275.71,60.295,True,False,,ok,True,True,17.534,23.824,step,2620.3,0.29447,54.996,1.2483,1701.7,True,True,False,6.0539,1880.1,,True,False,False,False,True,ok,False,False,0.36166,0.33011,True,,,-18.706,True,False,233692577;233692578,0,8.9435,True,,True,False,False,False,False,,,,not run,,,,,,0,23.824,67.203,17.534,60.234
258799245_2630.2600,258799245,2630.3,A,4067,24.494,2513.6,4,9.5931,2.6675,1.76,286.73,69.378,True,False,,ok,True,True,256.03,83.538,flare_decay,2630.3,0.061496,9.1426,0.93868,2826.3,True,True,False,5.7831,9.8411,,True,False,True,True,True,ok,True,True,1.2441,0.77406,True,0.10495,1.9595,16.405,False,True,,0,30.472,True,,True,True,False,False,False,,,258799245.01,ok,True,0.0012428,0,18.336,27.504,0,83.538,622.31,367.76,256.03
103754198_2627.5300,103754198,2627.5,A,4082,24.373,803.95,24,10.274,2.0113,1.15,157.88,67.873,True,False,,ok,True,True,15.922,5.2379,step,2627.6,0.035737,54.194,0.96395,869.68,True,True,False,4.9018,3385.5,,True,False,True,False,True,ok,False,False,0.60605,2.7774,True,0.98899,23.411,20.006,False,True,,0,14.772,True,,True,False,False,False,False,,,,ok,True,4.1427e-12,0,17.165,3385.5,0,5.2379,71.6,15.922,49.262
149912353_2620.2900,149912353,2620.3,A,4084,24.353,642.08,24,9.5745,1.2381,1.215,159.4,64.546,True,False,,ok,False,False,-5.1224,-9.3014,flare_decay,2620.3,0.022741,29.518,0.046741,626.55,False,True,False,2.9242,2573.3,,True,False,True,,True,not run,,,,,,,,,,,,,,,,,,,,,,,,not run,,,,,,0,-9.3014,151.6,62.299,-5.1224
8991287_2634.7900,8991287,2634.8,A,4141,23.827,1840.8,24,11.7,2.2667,0.93,167.23,33.459,True,False,,ok,True,True,33.556,45.845,step,2634.9,0.35067,83.527,1.2761,3986.8,True,True,False,7.7402,3157.8,,False,True,False,False,False,ok,False,False,,,True,,,-3.012,True,False,8991286,0,,True,,True,False,False,False,False,,,,not run,,,,,,0,45.845,134.91,33.556,62.321
149395840_2615.5100,149395840,2615.5,A,4150,23.75,9042.6,1.5,11.593,1.0765,1.08,139.52,24.817,True,False,,ok,False,False,6.6681,12.572,flare_decay,2615.5,0.11258,1.627,0.8046,12109,False,False,False,2.8766,0.40435,,False,True,False,,False,not run,,,,,,,,,,,,,,,,,,,,,,,,not run,,,,,,0,12.572,318.88,252.63,6.6681
138764031_2634.6300,138764031,2634.6,A,4193,23.115,3129.6,24,12.069,0.88544,0.9,164.34,26.165,True,False,,ok,True,True,53.145,118.31,step,2634.7,0.081368,64.478,0.91747,5237,True,False,True,2.4436,45953,,False,True,False,,False,not run,,,,,,,,,,,,,,,,,,,,,,,,not run,,,,,,0,118.31,209.29,53.145,138.76
257063304_2625.8200,257063304,2625.8,A,4195,23.111,3239.3,8,11.389,0.98584,1.02,228.21,72.097,True,False,,ok,False,False,-5.2699,-4.9681,step,2626,0.047,1.8889,0.94953,1599.8,True,True,False,2.5266,1.0174,grazing,True,False,True,,True,not run,,,,,,,,,,,,,,,,,,,,,,,,not run,,,,,,0,-4.9681,-3.3116,-5.2699,-3.3121
138559117_2634.5900,138559117,2634.6,A,4237,22.843,7996.7,24,12.409,0.8798,0.99,174.47,60.224,True,False,,ok,True,True,344.81,411.05,ramp,2634.3,0.097773,68.028,0.87274,8324.6,False,False,True,2.3877,57844,,True,False,True,False,True,ok,False,False,0.13936,0.11309,True,0.82451,12.726,6.2003,False,True,,0,3.1833,True,,True,False,False,False,False,,,,ok,True,-3.2863e-14,0,23.929,57844,0,411.05,344.81,358.36,598.76
26971759_2620.1300,26971759,2620.1,A,4238,22.824,8426.8,3,11.779,1.4612,1.46,150.02,21.944,True,False,,ok,True,True,151.87,54.211,flare_decay,2620.1,0.39069,7.2722,1.2629,10094,True,True,False,4.4155,11.166,,True,False,True,False,True,ok,False,False,0.1557,0.087438,True,,,-3.6655,True,True,,0,3.5536,True,,True,False,False,False,False,,,,not run,,,,,,0,54.211,402.16,249.64,151.87
27108011_2627.9300,27108011,2627.9,A,4243,22.778,14607,3,12.703,0.9675,0.9,152.75,23.325,True,False,,ok,True,True,59.661,41.651,flare_decay,2627.9,0.40983,4.9295,1.2282,18340,True,True,False,3.4817,7.0882,,True,False,True,False,True,ok,False,False,-0.11939,-0.06007,True,,,-12.364,True,True,,0,-2.7195,True,,True,False,False,False,False,,,,not run,,,,,,0,41.651,351.12,224.36,59.661
26974076_2613.8100,26974076,2613.8,A,4253,22.707,3364.1,8,11.31,1.2712,1.07,150.19,22.364,True,False,,ok,True,True,145.12,9.7248,flare_decay,2613.8,0.065731,9.6286,0.83551,4010,False,True,False,3.264,64.224,,True,False,True,False,True,ok,False,False,-0.01538,-0.017684,True,,,0.18417,True,True,,0,-0.34924,True,,True,False,False,False,False,,,,not run,,,,,,0,9.7248,388.1,196.24,145.12
263634153_2634.7100,263634153,2634.7,A,4265,22.597,3513.1,24,12.263,0.90886,1.04,160.03,72.193,True,False,,ok,True,True,111.53,92.91,step,2634.7,0.36014,62.302,1.2811,4437.5,True,True,False,3.0066,22260,,False,True,False,False,False,ok,False,False,,,True,,,-3.6012,True,True,,0,,True,,True,False,False,False,False,,,,not run,,,,,,0,92.91,193.45,111.53,152.93
219731895_2612.0700,219731895,2612.1,A,4286,22.406,5879,24,12.938,0.88513,0.94,229.6,74.846,True,False,,ok,True,True,248.9,113.64,flare_decay,2611.9,0.10659,67.879,0.91623,8504.7,True,False,True,2.4637,52311,,False,True,False,,False,not run,,,,,,,,,,,,,,,,,,,,,,,,not run,,,,,,0,113.64,387.86,286.47,248.9
88004694_2634.7800,88004694,2634.8,A,4309,22.185,4303.1,24,12.675,1.3777,1.22,146.87,21.685,True,False,,ok,True,True,11.675,4.7803,step,2634.8,0.070293,34.142,0.86986,4358.7,False,True,False,3.4008,2532.2,,True,False,True,False,True,ok,False,False,-0.10429,-0.12636,False,1.0295,14.1,6.6672,False,False,88004696,0,-2.3136,True,,True,False,False,False,False,,,,not run,,,,,,0,4.7803,149.06,11.675,29.323
149927531_2611.8300,149927531,2611.8,A,4315,22.133,28665,3,12.415,0.9578,0.85,161.99,61.241,True,False,,ok,False,False,-795.81,18.516,flare_decay,2611.8,0.4856,4.1802,1.2694,26140,True,True,False,3.7021,3.5845,,True,False,True,,True,not run,,,,,,,,,,,,,,,,,,,,,,,,not run,,,,,,0,18.516,73.335,-725.16,-795.81
1068186_2612.2200,1068186,2612.2,A,4338,21.95,10728,2,12.181,1.4167,1.01,154.66,24.48,True,False,,ok,True,True,121.63,21.74,flare_decay,2612.2,0.12087,3.9626,0.88988,11980,True,True,False,3.9007,2.5824,,False,True,False,False,False,ok,False,False,0.10951,0.11904,True,,,2.9585,True,True,,0,2.4037,True,,True,False,False,False,False,,,,not run,,,,,,0,21.74,325.06,177.39,121.63
237214311_2632.5300,237214311,2632.5,A,4344,21.912,8497.2,6,12.481,1.2061,1.05,294.97,74.687,True,False,,ok,True,True,121.68,26.461,flare_decay,2632.5,0.12008,8.5021,0.91121,10714,True,True,False,3.2755,43.747,,True,False,True,False,True,ok,False,False,3.2049,2.6894,False,1.6845,104.19,115.38,False,True,,0,70.225,True,,True,True,False,False,False,,,237214311.01,not run,,,,,,0,26.461,444.91,199.98,121.68
257060486_2634.7600,257060486,2634.8,A,4374,21.708,3576.2,24,12.516,0.96367,0.91,227.07,72.866,True,False,,ok,False,False,-3.6265,-9.2825,step,2634.7,0.064717,41.676,0.91145,3400.7,True,True,False,2.609,10196,,True,False,True,,True,not run,,,,,,,,,,,,,,,,,,,,,,,,not run,,,,,,0,-9.2825,119.01,-3.6265,24.598
233519477_2621.1300,233519477,2621.1,A,4380,21.662,2486.4,12,11.114,1.0633,0.927,271.22,53.604,True,False,,ok,False,False,-13.247,-8.24,ramp,2622,0.29334,72.201,1.2223,3424.3,True,True,False,3.4758,22431,,False,,,,False,not run,,,,,,,,,,,,,,,,,,,,,,,,not run,,,,,,0,-8.24,-13.247,-5.85,-8.7093
3908305_2632.9400,3908305,2632.9,A,4394,21.568,20841,1.5,12.993,0.73224,0.666,151.53,24.788,True,False,,ok,False,False,-23.549,-11.459,flare_decay,2632.9,0.14409,1.4929,0.0003245,25114,False,False,False,2.3637,0.60552,,False,True,False,,False,not run,,,,,,,,,,,,,,,,,,,,,,,,not run,,,,,,0,-11.459,318.95,223.23,-23.549
357033670_2631.8500,357033670,2631.8,A,4400,21.546,5841.8,4,11.561,1.2396,,274.1,55.554,True,False,,ok,True,True,227.6,87.387,flare_decay,2631.8,0.14887,6.607,1.0078,7334.2,True,True,False,3.2671,20.681,,True,False,True,True,True,ok,True,True,1.1919,0.76969,True,0.16138,2.884,23.961,False,True,,0,25.68,True,,True,True,False,False,False,,,357033670.01,ok,False,0.83333,0.16667,21.417,32.125,0,87.387,678.3,414.26,227.6
309999580_2612.0800,309999580,2612.1,A,4412,21.466,2974.4,24,10.862,1.1905,1.09,211.07,81.632,True,False,,ok,True,True,369.39,268.93,flare_decay,2611.9,0.076558,68.059,0.92792,4471,True,True,False,3.0688,27293,,False,True,False,False,False,ok,False,False,-1.0031,-0.28166,True,,,-10.546,True,False,309999582,0,-21.532,True,,True,False,False,False,False,,,,not run,,,,,,0,268.93,731.8,519.29,369.39
230133616_2633.6500,230133616,2633.7,A,4418,21.413,5910.1,8,12.201,2.527,1.17,252.27,69.606,True,False,,ok,True,True,113.27,7.2009,flare_decay,2633.7,0.076501,9.669,0.56066,6544.7,False,True,False,6.3673,8.705,,True,False,True,True,True,ok,True,True,1.127,0.91986,True,0.0049682,0.087386,21.938,False,True,,0,24.132,True,,True,False,False,False,False,,,,ok,False,0.98709,0,22.703,34.055,0,7.2009,288.76,149.57,113.27
259130905_2627.9100,259130905,2627.9,A,4420,21.397,4162.1,16,12.359,1.4482,0.98,291.66,69.735,True,False,,ok,False,False,-15.669,-9.8606,step,2627.3,0.048187,3.2001,0.22578,2784.3,False,False,False,3.7665,1.4801,,False,True,False,,False,not run,,,,,,,,,,,,,,,,,,,,,,,,not run,,,,,,0,-9.8606,-9.5088,-15.669,-2.0259
367672781_2626.1800,367672781,2626.2,A,4423,21.385,1924,8,10.4,1.2639,1.08,195.88,81.51,True,False,,ok,False,False,-10.548,-11.415,step,2627.1,0.027912,10.593,0.87416,686.76,False,True,False,3.1203,97.875,,True,False,True,,True,not run,,,,,,,,,,,,,,,,,,,,,,,,not run,,,,,,0,-11.415,-9.122,-10.548,-5.3213
219467837_2634.4200,219467837,2634.4,A,4430,21.324,7679.1,6,12.64,1.4492,1.1,210.06,75.084,True,True,5621.01,ok,True,True,102.44,5.5144,flare_decay,2634.4,0.093281,6.5534,0.58294,9642.9,False,True,False,3.7827,12.992,,True,False,True,True,True,ok,True,True,1.0855,0.89907,True,0.16622,2.3648,21.762,False,True,,0,23.147,True,,False,True,False,False,True,5621.01,FP,,ok,True,0.085882,1.0527e-13,23.942,35.913,0,5.5144,458.51,212.62,102.44
4753058_2620.3700,4753058,2620.4,A,4432,21.317,2475.9,24,10.278,1.1592,1.049,145.62,31.28,True,False,,ok,True,True,41.148,47.443,step,2620.3,0.058512,56.734,0.93128,2634.6,True,True,False,2.9758,17337,,True,False,False,False,True,ok,False,False,-0.99188,-3.2433,True,,,2.7327,True,False,4753056;4753057,0,-21.144,True,,True,False,False,False,False,,,,not run,,,,,,0,47.443,237.93,41.148,110.65
232962485_2634.9700,232962485,2635,A,4437,21.287,6023,24,12.429,0.79944,0.75,196.43,69.537,True,False,,ok,True,True,98.801,912.73,ramp,2636.8,0.42404,118.51,1.155,35407,True,True,False,3.0877,,,False,,,False,False,ok,False,False,,,True,0.59243,20.292,23.83,False,True,,0,,True,,True,False,False,False,False,,,,not run,,,,,,0,912.73,98.801,1437.9,1602.3
239196073_2613.1500,239196073,2613.2,A,4442,21.238,13467,1.5,12.283,1.0224,0.99,146.52,27.738,True,False,,ok,True,True,59.734,45.341,flare_decay,2613.2,0.43504,2.5221,1.2693,16155,True,True,False,3.6279,0.80735,grazing,False,True,False,False,False,ok,False,False,0.037632,0.047162,False,1.4104,6.3345,4.4363,False,True,,0,0.79922,True,,True,False,False,False,False,,,,not run,,,,,,0,45.341,348.08,250.69,59.734
229480555_2634.5000,229480555,2634.5,A,4458,21.112,13451,3,12.778,1.5704,1.07,295.46,65.912,True,False,,ok,True,True,108.36,14.151,flare_decay,2634.5,0.12761,3.8146,0.76755,16108,False,False,False,4.2674,1.7307,,True,False,True,,True,not run,,,,,,,,,,,,,,,,,,,,,,,,not run,,,,,,0,14.151,308.71,209.08,108.36
232974935_2634.7800,232974935,2634.8,A,4472,20.943,2355.4,24,12.804,1.3145,1.19,200.32,70.3,True,False,,ok,True,True,21.078,14.683,flare_decay,2634.7,0.37397,51.082,1.3118,3031.6,True,True,False,4.2008,4501.9,,True,False,True,False,True,ok,False,False,0.11768,0.13539,True,,,-2.4586,True,True,,0,2.4646,True,,True,False,False,False,False,,,,not run,,,,,,0,14.683,61.837,31.077,21.078
115811059_2611.9100,115811059,2611.9,A,4474,20.933,4163.3,8,12.028,0.94329,1.12,150.57,43.032,True,False,,ok,True,True,146.21,34.121,flare_decay,2611.9,0.34547,11.761,1.2508,5865,True,True,False,3.0116,149.02,,True,False,True,True,True,ok,True,True,0.76849,0.58708,True,0.57152,11.707,31.585,False,True,,0,16.087,False,"Erminia (V=12.7, 52"")",True,False,False,False,False,,,,not run,,,,,,0,34.121,405.87,204.95,146.21
147939642_2634.5300,147939642,2634.5,A,4476,20.93,5091.8,24,12.851,0.67813,0.75,167,67.636,True,False,,ok,False,False,5.9256,35.152,step,2634.5,0.063919,47.024,0.3859,4788.6,False,True,False,1.9565,34720,,True,False,True,,True,not run,,,,,,,,,,,,,,,,,,,,,,,,not run,,,,,,0,35.152,119.16,5.9256,45.55
313340030_2627.6500,313340030,2627.7,A,4490,20.817,3559.9,16,11.99,0.85798,0.97,179.27,74.75,True,False,,ok,False,False,-2.7347,3.0854,step,2627.3,0.082328,49.956,0.97266,3358.7,True,True,False,2.3114,25251,,False,True,False,,False,not run,,,,,,,,,,,,,,,,,,,,,,,,not run,,,,,,0,3.0854,14.158,-2.7347,8.4291
117508791_2619.7800,117508791,2619.8,A,4500,20.78,17090,1.5,12.475,1.3354,1.04,138.25,25.245,True,False,,ok,True,True,32.321,25.338,flare_decay,2619.8,0.42575,3.5353,1.2448,18509,True,True,False,4.6325,1.0622,grazing,False,True,False,False,False,ok,False,False,-0.35534,-0.28461,True,,,-85.674,True,True,,0,-7.384,False,"Blazhko (V=14.7, 7"")",True,False,False,False,False,,,,not run,,,,,,0,25.338,396.97,304.48,32.321
224298891_2620.6300,224298891,2620.6,A,4502,20.754,4709.6,24,12.098,0.96929,0.97,185.5,56.73,True,False,,ok,True,True,146.11,98.283,step,2620.7,0.39877,78.161,1.3013,6507.7,True,True,False,3.3753,31074,,False,True,False,False,False,ok,False,False,-0.94249,-0.97885,True,,,-10.742,True,True,,0,-19.561,True,,True,False,False,False,False,,,,not run,,,,,,0,98.283,276.07,146.11,185.49
198537783_2614.5500,198537783,2614.6,A,4509,20.702,6401.7,16,11.886,0.38405,0.37337,237.18,60.603,True,False,,ok,True,True,231.04,62.3,flare_decay,2614.6,0.35967,28.219,1.2522,7340.6,True,True,False,1.7867,9852.1,,True,False,True,True,True,ok,True,True,1.4929,0.93849,True,0.19545,5.9441,7.9375,False,True,,0,30.906,True,,True,False,False,False,False,,,,ok,False,1,0,21.418,9852.1,0,62.3,430.21,313.46,231.04
27068699_2618.7500,27068699,2618.8,A,4515,20.683,18239,4,12.942,0.66834,0.687,151.97,18.688,True,False,,ok,True,True,70.044,19.634,step,2618.7,0.13475,5.5641,0.6047,19892,False,True,False,2.1177,45.358,,True,False,False,True,True,ok,True,True,0.51013,0.95187,True,0.48534,8.6459,12.033,False,True,,0,10.551,True,,True,False,False,False,False,,,,ok,True,0.013681,0,17.242,45.358,0,19.634,536,70.044,177.67
82221735_2629.9300,82221735,2629.9,A,4527,20.603,5743.8,6,12.171,1.5296,1.01,150.68,25.397,True,False,,ok,False,False,-16.582,-3.1231,flare_decay,2629.9,0.081519,8.0838,0.80649,6368,False,True,False,4.0638,19.682,,True,False,True,,True,not run,,,,,,,,,,,,,,,,,,,,,,,,not run,,,,,,0,-3.1231,194.77,99.905,-16.582
26984865_2628.1400,26984865,2628.1,A,4541,20.429,10257,1.5,11.495,1.0839,1.16,150.43,23.837,True,False,,ok,True,True,49.241,19.913,flare_decay,2628.1,0.1082,2.2034,0.81053,11120,False,False,False,2.8169,1.1678,,True,False,True,,True,not run,,,,,,,,,,,,,,,,,,,,,,,,not run,,,,,,0,19.913,409.85,275.11,49.241
9376710_2635.1700,9376710,2635.2,A,4565,20.261,4228.8,16,9.4349,0.6308,0.64,166.98,40.205,True,False,,ok,False,False,-120.17,32.37,ramp,2637,0.33891,112.39,1.2589,4417.3,True,True,False,2.4149,,,False,,,,False,not run,,,,,,,,,,,,,,,,,,,,,,,,not run,,,,,,0,32.37,-120.17,246.07,207.32
318231809_2629.1200,318231809,2629.1,A,4572,20.177,5834.5,1,10.73,1.2557,1.05,163.04,52.128,True,False,,ok,True,True,58.442,41.797,flare_decay,2629.1,0.3709,2.3758,1.2739,6283.7,True,True,False,4.1746,0.38838,grazing,True,False,True,False,True,ok,False,False,0.026379,0.024598,True,,,0.53938,True,True,,0,0.53226,True,,True,False,False,False,False,,,,not run,,,,,,0,41.797,286.19,242.91,58.442
8191674_2631.4300,8191674,2631.4,A,4574,20.169,5512.4,1.5,11.037,1.4747,1.18,156.49,36.912,True,False,,ok,True,True,221.68,62.714,flare_decay,2631.4,0.11029,2.2691,0.95239,6977.9,True,True,False,3.8188,0.43265,grazing,True,False,True,True,True,ok,True,True,0.99201,0.73961,True,0.16015,2.1062,17.569,False,True,,0,20.008,True,,True,False,False,False,False,,,,ok,False,0.98266,0,21.491,32.237,0,62.714,720.47,561.81,221.68
149362794_2611.8900,149362794,2611.9,A,4592,20.04,4959.9,1,10.275,1.1324,0.945,138.69,26.454,True,False,,ok,False,False,-0.49259,31.646,flare_decay,2611.9,0.30437,2.2552,1.2123,5319,True,True,False,3.7096,0.50916,grazing,False,True,False,,False,not run,,,,,,,,,,,,,,,,,,,,,,,,not run,,,,,,0,31.646,392.72,293.86,-0.49259
233187772_2616.7700,233187772,2616.8,A,4596,20.011,12071,1.5,12.242,1.8313,1.14,225.2,67.51,True,False,,ok,True,True,180.02,46.26,flare_decay,2616.8,0.40415,2.4846,1.2429,15002,True,True,False,6.0704,0.14746,grazing,True,False,True,True,True,ok,True,True,1.0275,0.66971,True,0.010794,0.15264,20.666,False,True,,0,20.562,True,,True,True,False,False,False,,,233187772.01,ok,False,1,0,19.219,28.828,0,46.26,739.35,611.75,180.02
308073360_2613.3800,308073360,2613.4,A,4599,19.982,6138.6,4,11.366,1.2149,1.03,152.67,24.273,True,True,3837.01,ok,True,True,171.26,37.009,flare_decay,2613.4,0.087216,5.4127,0.80696,7279.7,False,True,False,3.223,11.834,,True,False,True,True,True,ok,True,True,1.1718,1.1737,True,0.18759,3.283,15.995,False,True,,0,23.414,True,,True,True,False,False,False,3837.01,CP,308073360.01,ok,True,0.46564,0,22.607,33.911,0,37.009,667.33,321.87,171.26
91968951_2613.9800,91968951,2614,A,4600,19.981,7729.7,4,12.265,0.94747,1.06,144.35,21.377,True,False,,ok,True,True,33.738,-1.6811,flare_decay,2614,0.090409,6.4136,0.77495,8072.4,False,True,False,2.4967,42.395,,True,False,True,False,True,ok,False,False,-0.10653,-0.14558,True,,,-0.75295,True,True,,0,-2.1286,True,,True,False,False,False,False,,,,not run,,,,,,0,-1.6811,125.37,72.39,33.738
85293053_2618.7100,85293053,2618.7,A,4603,19.956,3571.9,4,9.3523,0.99525,0.99,156.84,34.391,True,False,,ok,True,True,452.53,44.413,flare_decay,2618.7,0.057755,5.5389,0.39378,3904,False,True,False,2.6027,24.1,,True,False,True,True,True,ok,True,True,1.7267,0.90209,True,0.096734,2.2238,19.443,False,True,,0,34.458,True,,True,True,False,False,False,1772.01;1772.02,CP;PC,85293053.02,ok,True,0.026744,3.564e-151,17.28,25.919,0,44.413,1330,711.31,452.53
16813543_2612.0200,16813543,2612,A,4619,19.893,3004.9,24,12.535,0.76987,0.852,142.36,36.895,True,False,,ok,False,False,-168.37,-196.97,flare_decay,2612.1,0.36357,32.995,1.3013,3010.7,True,True,False,2.7286,4423.2,,True,False,True,,True,not run,,,,,,,,,,,,,,,,,,,,,,,,not run,,,,,,0,-196.97,122.06,-62.374,-168.37
341688154_2633.8700,341688154,2633.9,A,4621,19.874,6070.7,1.5,10.907,1.4881,0.99,192.21,68.592,True,False,,ok,True,True,72.332,33.253,flare_decay,2633.9,0.40103,3.6705,1.3045,6422.6,True,True,False,5.1575,0.82862,grazing,True,False,True,True,True,ok,True,True,1.0366,0.47198,True,0.061729,0.76501,11.688,False,True,,0,20.602,True,,True,False,False,False,False,,,,ok,False,0.94115,0.2727,23.412,35.118,0,33.253,271.1,190.01,72.332
92007008_2628.6900,92007008,2628.7,A,4641,19.746,15708,2,12.871,1.0229,0.91,145.27,21.63,True,False,,ok,True,True,27.188,20.011,flare_decay,2628.7,0.41184,3.2495,1.2263,19040,True,True,False,3.6729,1.7065,grazing,True,False,True,False,True,ok,False,False,-0.069014,-0.036569,True,,,-9.5538,True,True,,0,-1.3627,True,,True,False,False,False,False,,,,not run,,,,,,0,20.011,304.46,225.18,27.188
356786818_2628.9800,356786818,2629,A,4673,19.578,1558.8,24,11.314,0.82438,0.779,269.09,77.86,True,False,,ok,False,False,-7.9298,10.511,step,2629,0.044022,50.015,0.94801,1416.1,True,True,False,2.3048,25560,,True,False,True,,True,not run,,,,,,,,,,,,,,,,,,,,,,,,not run,,,,,,0,10.511,143.63,-7.9298,33.276
311234041_2626.1900,311234041,2626.2,A,4678,19.538,7196.9,6,12.354,0.94209,0.933,253.55,68.673,True,False,,ok,False,False,-12.997,-6.9631,ramp,2626.4,0.030751,12.705,0.0045623,1146.1,False,True,False,2.4486,349.38,,True,False,False,,True,not run,,,,,,,,,,,,,,,,,,,,,,,,not run,,,,,,0,-6.9631,-12.997,-8.8413,-7.4524
144294707_2632.4200,144294707,2632.4,A,4683,19.519,11402,3,12.652,1.8625,1.47,169.51,34.696,True,False,,ok,True,True,60.808,38.304,flare_decay,2632.4,0.38036,6.2135,1.2355,12269,True,True,False,5.5753,3.4186,,True,False,True,False,True,ok,False,False,-0.082934,-0.06252,True,,,-0.18325,True,True,,0,-1.6188,False,"1999 CV121 (V=16.7, 46"")",True,False,False,False,False,,,,not run,,,,,,0,38.304,380.53,277.93,60.808
203251985_2628.2200,203251985,2628.2,A,4693,19.464,5488.2,6,10.665,0.70956,0.67,135.7,23.141,True,False,,ok,False,False,-4.1281,-7.1344,flare_decay,2628.1,0.44081,15.558,1.3999,1629.6,True,True,False,2.879,394.82,,False,True,False,,False,not run,,,,,,,,,,,,,,,,,,,,,,,,not run,,,,,,0,-7.1344,0.095574,-3.1245,-4.1281
441741446_2628.0500,441741446,2628.1,A,4701,19.411,9992.9,1.5,12.128,1.0246,0.765,259.84,75.935,True,False,,ok,True,True,88.247,24.33,flare_decay,2628.1,0.38901,2.5559,1.243,12540,True,True,False,3.835,0.69798,grazing,True,False,True,True,True,ok,True,True,0.78243,0.48357,True,0.11177,1.0974,14.755,False,True,,0,15.188,True,,True,False,False,False,False,,,,ok,False,0.7323,0.44795,16.23,24.344,0,24.33,339.27,259.55,88.247
366515778_2626.2300,366515778,2626.2,A,4706,19.376,7049.9,4,11.437,0.77119,0.843,302.27,70.105,True,False,,ok,False,False,-4.6552,-2.8469,step,2626.1,0.32346,0.82235,1.2721,2100.1,True,True,False,2.6623,0.05178,grazing,True,True,True,,True,not run,,,,,,,,,,,,,,,,,,,,,,,,not run,,,,,,0,-2.8469,-3.8275,-4.6552,-2.8338
171646883_2618.7900,171646883,2618.8,A,4714,19.336,12075,1.5,12.301,1.5855,1,158.91,19.027,True,False,,ok,True,True,30.669,17.833,flare_decay,2618.8,0.12386,2.1954,0.83218,14127,False,False,False,4.3922,0.16279,,True,False,True,,True,not run,,,,,,,,,,,,,,,,,,,,,,,,not run,,,,,,0,17.833,303.23,246.3,30.669
149442624_2613.2700,149442624,2613.3,A,4718,19.322,11961,4,12.493,0.52796,0.54,140.86,28.447,True,False,,ok,True,True,189.73,79.028,flare_decay,2613.3,0.1194,8.3051,0.86149,12562,False,True,False,1.7881,250.55,,True,False,True,False,True,ok,False,False,0.17764,0.083102,True,0.5441,3.1384,4.2792,False,False,149442627,0,3.4322,True,,True,False,False,False,False,,,,not run,,,,,,0,79.028,540.49,337.25,189.73
298129602_2625.8000,298129602,2625.8,A,4721,19.295,6567.1,8,11.71,2.0694,1.21,202.8,74.829,True,False,,ok,True,True,18.549,9.5842,step,2625.7,0.36293,24.666,1.2659,6229,True,True,False,6.5287,135.29,,False,True,False,False,False,ok,False,False,0.24459,0.10093,True,0.54803,2.5291,6.5793,False,True,,0,4.7193,True,,True,False,False,False,False,,,,ok,False,0.99827,0.99745,14.846,135.29,0,9.5842,74.357,18.549,34.01
198206622_2626.0800,198206622,2626.1,A,4748,19.132,6855.8,6,12.063,1.7354,0.99,247.04,63.534,True,False,,ok,True,True,218.89,18.713,flare_decay,2626.1,0.092629,7.4576,0.72214,8836.5,False,True,False,4.6899,10.031,,True,False,True,True,True,ok,True,True,1.7266,1.0384,True,0.20233,4.3656,28.364,False,True,,0,33.033,True,,True,False,False,False,False,,,,ok,True,0.36175,1.1218e-23,15.62,23.431,0,18.713,805.63,345.02,218.89
95362682_2620.8800,95362682,2620.9,A,4799,18.834,17825,1.5,12.937,1.4183,1.17,154.39,22.976,True,False,,ok,True,True,18.933,31.462,flare_decay,2620.9,0.41731,2.8141,1.2233,20596,True,True,False,4.7027,0.45516,grazing,True,False,True,False,True,ok,False,False,-0.13693,-0.13056,True,,,-9.6373,True,True,,0,-2.579,True,,True,False,False,False,False,,,,not run,,,,,,0,31.462,244.95,202.51,18.933
147686607_2625.4600,147686607,2625.5,A,4822,18.752,1682.9,6,9.5374,1.396,1.34,189.79,63.913,True,False,,ok,False,False,-11.025,-4.6639,ramp,2625.5,0.014117,5.9698,0.85772,180.32,False,True,False,3.1645,16.782,,True,False,False,,True,not run,,,,,,,,,,,,,,,,,,,,,,,,not run,,,,,,0,-4.6639,-11.025,-9.8039,-6.6379
173004285_2617.4000,173004285,2617.4,A,4825,18.738,4318.6,3,11.223,1.2966,1.27,150.83,33.314,True,False,,ok,True,True,75.03,21.539,flare_decay,2617.4,0.081801,3.9221,0.91315,5359.8,True,True,False,3.1919,4.618,,False,True,False,False,False,ok,False,False,0.066003,0.076502,True,,,2.3371,True,True,,0,1.2368,True,,True,False,False,False,False,,,,not run,,,,,,0,21.539,221.11,131.77,75.03
159452944_2612.1400,159452944,2612.1,A,4826,18.727,2082.8,24,10.164,1.624,1.22,242.65,79.779,True,False,,ok,True,True,534.38,387.18,flare_decay,2611.8,0.066219,73.224,0.91169,3555.9,True,True,False,3.994,15427,,False,True,False,False,False,ok,False,False,0.65142,0.37521,True,0.79574,66.423,4.1054,False,False,159452942,0,12.199,True,,True,False,False,False,False,,,,not run,,,,,,0,387.18,978.44,712.66,534.38
446128951_2612.3400,446128951,2612.3,A,4830,18.706,3518.3,24,10.957,0.84326,0.93,146.28,56.136,True,False,,ok,True,True,246.7,615.84,ramp,2612.2,0.36936,106.88,1.278,5681.9,True,True,False,2.9151,,,False,True,False,True,True,ok,True,True,5.5626,1.3579,True,0.39014,25.881,95.371,False,True,,0,104.05,True,,True,False,False,False,False,,,,ok,False,1,1.0532e-107,23.62,70.859,0,615.84,246.7,837.81,583.08
138686624_2619.3400,138686624,2619.3,A,4833,18.676,3253.2,2,10.202,1.9679,1.39,136.66,28.833,True,False,,ok,True,True,50.448,17.771,flare_decay,2619.3,0.32973,4.018,1.2597,3512.6,True,True,False,5.7818,0.72354,grazing,True,False,True,False,True,ok,False,False,0.049561,0.034204,True,,,0.10883,True,True,,0,0.92558,True,,True,False,False,False,False,,,,not run,,,,,,0,17.771,189.38,118.68,50.448
219811619_2612.8200,219811619,2612.8,A,4839,18.658,1315.9,24,10.521,1.6369,1.022,266.87,60.17,True,False,,ok,True,True,308.87,301.84,flare_decay,2611.8,0.087765,134.23,0.93691,5334.1,True,False,True,4.3572,73205,,False,True,False,,False,not run,,,,,,,,,,,,,,,,,,,,,,,,not run,,,,,,0,301.84,505.97,356.25,308.87
27002839_2633.8400,27002839,2633.8,A,4845,18.642,15889,3,12.896,0.71382,0.641,151.17,23.503,True,False,,ok,True,True,83.554,69.329,flare_decay,2633.8,0.41063,5.4707,1.228,18521,True,True,False,2.8777,17.181,,True,False,True,False,True,ok,False,False,0.016771,0.011078,True,,,-3.3781,True,True,,0,0.31266,True,,True,False,False,False,False,,,,not run,,,,,,0,69.329,505.86,363.33,83.554
357132884_2630.8400,357132884,2630.8,A,4846,18.64,14477,1.5,12.671,1.35,1.07,144.27,42.612,True,False,,ok,True,True,15.937,66.276,flare_decay,2630.8,0.41397,2.5895,1.2355,17894,True,True,False,4.6006,0.35367,grazing,True,False,True,False,True,ok,False,False,-0.073491,-0.03197,True,,,-3.6626,True,True,,0,-1.3699,True,,True,False,False,False,False,,,,not run,,,,,,0,66.276,394.1,293.77,15.937
4821860_2618.7700,4821860,2618.8,A,4867,18.521,4852.8,2,11.179,1.4694,1.02,145.92,30.214,True,False,,ok,True,True,87.239,22.83,flare_decay,2618.8,0.4156,3.534,1.324,5974.5,True,True,False,5.0947,0.76248,grazing,True,False,True,False,True,ok,False,False,0.11734,0.13949,True,0.37097,1.7244,3.794,False,True,,0,2.1732,False,"Helsinki (V=16.0, 32"")",True,False,False,False,False,,,,not run,,,,,,0,22.83,244.99,182.12,87.239
139401548_2627.5900,139401548,2627.6,A,4870,18.508,18288,1,12.336,0.70233,0.602,139.52,31.645,True,False,,ok,True,True,59.882,51.615,flare_decay,2627.6,0.42032,2.0706,1.2267,20590,True,True,False,2.9112,0.8792,grazing,False,True,False,False,False,ok,False,False,-0.023388,-0.019617,True,,,2.9904,True,True,,0,-0.43286,True,,True,False,False,False,False,,,,not run,,,,,,0,51.615,385.73,332.39,59.882
160473243_2612.0500,160473243,2612.1,A,4893,18.395,1943.8,24,11.256,0.88343,0.96,237.72,75.084,True,False,,ok,True,True,120.67,68.629,flare_decay,2611.8,0.066507,72.663,0.94116,3204.9,True,False,True,2.3533,73630,,False,True,False,,False,not run,,,,,,,,,,,,,,,,,,,,,,,,not run,,,,,,0,68.629,262.96,153.31,120.67
160493436_2612.1000,160493436,2612.1,A,4894,18.394,3859.2,24,11.98,1.5146,1.12,239.52,73.921,True,False,,ok,True,True,228.78,157.68,flare_decay,2611.8,0.08911,75.449,0.91655,6218.5,True,True,False,3.915,17917,,False,True,False,False,False,ok,False,False,-2.0928,-0.66964,True,,,-38.638,True,True,,0,-38.495,True,,True,False,False,False,False,,,,not run,,,,,,0,157.68,379.12,302.1,228.78
61036557_2633.5700,61036557,2633.6,A,4911,18.331,5221.6,6,12.096,1.8173,1.08,153.33,17.676,True,False,,ok,True,False,40.765,-11.861,flare_decay,2633.6,0.081585,7.8633,0.86356,5916.9,False,True,False,4.7227,11.522,,True,False,True,False,True,ok,False,False,-0.045608,-0.044559,True,,,-15.472,True,True,,0,-0.83605,True,,True,False,False,False,False,,,,not run,,,,,,0,-11.861,201.86,122.8,40.765
318339567_2620.6100,318339567,2620.6,A,4914,18.316,11518,1.5,12.609,1.2658,0.97,164.93,49.375,True,False,,ok,True,True,22.393,25.12,flare_decay,2620.6,0.40368,2.3126,1.2425,14977,True,True,False,4.4246,0.1373,grazing,True,False,False,False,True,ok,False,False,-0.0194,-0.024177,True,,,-7.2148,True,True,,0,-0.35533,True,,True,False,False,False,False,,,,not run,,,,,,0,25.12,260.99,181.68,22.393
232611696_2621.1300,232611696,2621.1,A,4921,18.284,3540.4,12,12.212,1.5805,1.05,258.8,60.976,True,False,,ok,False,False,-14.462,-4.6388,ramp,2619.8,0.035481,21.466,0.23666,1508.1,False,True,False,3.9687,396.14,,True,False,True,,True,not run,,,,,,,,,,,,,,,,,,,,,,,,not run,,,,,,0,-4.6388,-14.462,-11.855,-6.0652
17258864_2634.5600,17258864,2634.6,A,4934,18.235,1510.6,24,12.311,1.0895,1.12,147.42,37.603,True,False,,ok,True,False,14.815,-7.6825,flare_decay,2634.8,0.071251,8.9377,0.8128,4837.6,False,True,False,2.7692,84.099,,True,False,True,False,True,ok,False,False,0.091686,0.12539,True,,,2.6087,True,True,,0,1.6719,True,,True,False,False,False,False,,,,not run,,,,,,0,-7.6825,269.25,204.13,14.815
147971475_2633.5900,147971475,2633.6,A,4945,18.172,2340.1,24,12.399,2.4432,0.97,169.8,68.269,True,False,,ok,True,True,16.377,53.665,step,2634,0.047525,56.009,0.46508,2602.1,False,True,False,6.377,1699.7,,True,False,True,True,True,ok,True,True,0.42706,0.44032,True,0.76119,22.055,5.2902,False,True,,0,7.7606,True,,True,False,False,False,False,,,,ok,True,1.2117e-12,0,23.576,1699.7,0,53.665,129.79,16.377,66.002
95436256_2616.7900,95436256,2616.8,A,4948,18.165,9143.5,1.5,11.949,0.79231,0.896,155.42,22.703,True,False,,ok,True,True,47.697,29.767,flare_decay,2616.8,0.39099,3.3224,1.2658,9752.3,True,True,False,2.817,4.0926,,True,False,True,False,True,ok,False,False,0.070129,0.06001,True,,,2.2098,True,True,,1,1.2739,True,,True,False,False,False,False,,,,not run,,,,,,0,29.767,222.5,140.03,47.697
159117285_2634.6000,159117285,2634.6,A,4953,18.147,2294.4,24,12.882,1.3425,1.11,191.92,81.476,True,False,,ok,False,False,-0.62621,-1.2407,step,2634.5,0.33178,49.991,1.2757,2450.8,True,True,False,4.2563,4056.8,,True,False,True,,True,not run,,,,,,,,,,,,,,,,,,,,,,,,not run,,,,,,0,-1.2407,22.925,-0.62621,6.8505
258831468_2628.6400,258831468,2628.6,A,4957,18.137,3894.8,24,11.302,1.0177,0.791,287.6,70.827,True,False,,ok,True,True,195.1,228.64,flare_decay,2628.8,0.077083,72,0.92753,4535.8,True,False,True,2.9206,37482,,False,True,False,,False,not run,,,,,,,,,,,,,,,,,,,,,,,,not run,,,,,,0,228.64,267.69,222.37,195.1
328935710_2611.9100,328935710,2611.9,A,4962,18.133,3444.5,24,12.392,1.5385,1.08,225.02,80.183,True,False,,ok,False,False,-7.1768,162.53,flare_decay,2611.8,0.074375,57.453,0.83056,5159.8,False,True,False,3.9708,7582.9,,False,True,False,,False,not run,,,,,,,,,,,,,,,,,,,,,,,,not run,,,,,,0,162.53,216.08,16.163,-7.1768
279826263_2627.8000,279826263,2627.8,A,4965,18.121,2523.8,24,11.479,0.8708,0.945,143.37,44.617,True,False,,ok,True,True,133.07,73.612,step,2627.7,0.34016,75.522,1.2772,2987.9,True,False,True,2.9305,42822,,False,True,False,,False,not run,,,,,,,,,,,,,,,,,,,,,,,,not run,,,,,,0,73.612,168.95,133.07,134.34
353854842_2611.9200,353854842,2611.9,A,4967,18.118,6388.3,24,12.126,2.1244,1.03,271.03,56.506,True,False,,ok,True,True,333.07,312.56,ramp,2612.1,0.088062,69.467,0.8822,6657,False,True,False,5.6437,4674.9,,True,False,True,False,True,ok,False,False,0.26292,0.13156,True,0.51501,7.3154,19.311,False,True,,0,4.7637,True,,True,False,False,False,False,,,,ok,False,0.99519,0.99519,23.864,4674.9,0,312.56,333.07,399.62,368.58
258389327_2620.9700,258389327,2621,A,4973,18.073,8031.1,1.5,11.825,1.6811,1.18,296.71,70.072,True,True,2271.01,ok,True,True,76.551,11.37,flare_decay,2621,0.10264,2.3733,0.87901,9046.7,False,False,False,4.3237,0.17937,,True,False,True,True,True,ok,True,True,0.92523,0.75183,True,0.20962,2.4436,14.901,False,True,,0,16.722,True,,False,True,True,False,False,2271.01,APC,258389327.01,ok,False,0.98813,0,15.016,22.524,0,11.37,293.2,230.9,76.551
91967893_2614.5600,91967893,2614.6,A,4975,18.066,4106.6,3,10.482,1.4478,1.11,144.26,21.529,True,False,,ok,True,True,195.85,36.931,flare_decay,2614.5,0.081629,5.8338,0.92982,4949.5,True,True,False,3.7276,9.5685,,True,False,False,False,True,ok,False,False,0.12807,0.21698,True,,,-5.9745,True,True,,0,2.3137,True,,True,False,False,False,False,,,,ok,False,0.77675,0,21.443,32.165,0,36.931,678.19,371.02,195.85
95469934_2631.3800,95469934,2631.4,A,4980,18.029,16834,1,12.611,0.8221,1.09,155.76,20.499,True,False,,ok,True,True,59.414,30.74,flare_decay,2631.4,0.42247,1.246,1.2074,24517,True,True,False,2.8,0.1791,grazing,False,True,False,False,False,ok,False,False,-0.13686,-0.12772,True,,,2.4415,True,True,,0,-2.4675,True,,True,False,False,False,False,,,,not run,,,,,,0,30.74,286.65,237.53,59.414
341688155_2633.8700,341688155,2633.9,A,4995,17.937,13357,1.5,11.799,1.1983,0.85,192.22,68.593,True,False,,ok,True,True,75.902,40.052,flare_decay,2633.9,0.42744,3.6575,1.2728,14312,True,True,False,4.4512,1.3469,grazing,True,False,True,False,True,ok,False,False,1.1486,0.2118,True,0.26485,3.3104,11.494,False,True,,1,20.602,True,,True,False,False,False,False,,,,ok,False,0.97701,0.34373,23.412,35.118,0,40.052,304.95,218.89,75.902
8900530_2634.9700,8900530,2635,A,5004,17.888,3217.4,24,12.326,2.2591,1.37,143.65,33.959,True,False,,ok,False,False,-44.646,-7.989,flare_decay,2634.9,0.057859,23.713,0.0072745,4056.4,False,True,False,5.3052,223.77,,True,False,True,,True,not run,,,,,,,,,,,,,,,,,,,,,,,,not run,,,,,,0,-7.989,329.92,148.15,-44.646
441739040_2613.9500,441739040,2613.9,A,5009,17.863,9959.2,3,11.936,0.91485,0.913,259.33,72.104,True,False,,ok,True,True,58.093,47.331,flare_decay,2614,0.3867,7.9312,1.2567,10334,True,True,False,3.2226,37.294,,True,False,True,True,True,ok,True,True,1.2345,0.45454,True,0.8338,15.011,25.866,False,True,,0,22.051,True,,True,False,False,False,False,,,,ok,False,0.5107,0.049858,22.017,37.294,0,47.331,323.2,156.89,58.093
142792204_2620.2600,142792204,2620.3,A,5031,17.784,264.82,24,8.6368,1.8415,2.2,162.74,66.539,True,False,,ok,True,True,16.419,-0.35225,step,2620.3,0.019743,49.336,0.97649,249.11,True,True,False,3.5583,6671.1,,True,False,True,False,True,ok,False,False,1.2501,2.6157,True,0.8737,31.547,7.85,False,True,,0,22.232,True,,True,False,False,False,False,,,,ok,True,0.042469,0,15.712,6671.1,0,-0.35225,41.619,16.419,16.468
21499919_2611.8500,21499919,2611.8,A,5032,17.779,3231.3,24,11.904,2.3137,1.3,148.92,38.983,True,False,,ok,False,False,-717.5,-617.95,flare_decay,2611.9,0.35596,34.017,1.3045,2187.4,True,True,False,7.0919,277.06,,True,False,True,,True,not run,,,,,,,,,,,,,,,,,,,,,,,,not run,,,,,,0,-617.95,112.67,-538.16,-717.5
142588959_2634.6900,142588959,2634.7,A,5086,17.532,3174.3,24,12.991,0.52766,0.52471,168.13,76.435,True,False,,ok,False,False,-13.49,-7.1855,step,2634.2,0.05563,65.602,0.74513,3142.4,False,True,False,1.7015,,,True,False,True,,True,not run,,,,,,,,,,,,,,,,,,,,,,,,not run,,,,,,0,-7.1855,-1.7079,-13.49,2.317
318355091_2618.0600,318355091,2618.1,A,5101,17.46,10167,1,11.967,0.96549,1.11,165.52,48.436,True,False,,ok,True,True,17.075,33.348,flare_decay,2618.1,0.40657,1.2515,1.2497,14376,True,True,False,3.2322,0.074144,grazing,False,True,False,False,False,ok,False,False,0.11203,0.10099,True,,,2.3437,True,True,,1,1.9561,True,,True,False,False,False,False,,,,not run,,,,,,0,33.348,288.15,166.75,17.075
219798037_2626.1600,219798037,2626.2,A,5115,17.392,7318,6,12.274,0.7396,0.652,265.49,60.815,True,False,,ok,False,False,-14.553,-11.851,ramp,2626.7,0.058083,7.8756,0.93525,2561.9,True,True,False,2.2236,111.12,,True,False,False,,True,not run,,,,,,,,,,,,,,,,,,,,,,,,not run,,,,,,0,-11.851,-14.553,-9.8229,-5.1643
23992491_2619.0000,23992491,2619,A,5119,17.384,2782.7,6,11.436,1.2258,1.05,148.16,43.069,True,False,,ok,True,True,83.917,24.992,flare_decay,2619,0.35968,7.7807,1.2865,3903.5,True,True,False,4.0416,17.847,,True,False,True,False,True,ok,False,False,0.20299,0.15901,True,,,2.5801,True,True,,0,3.5288,False,"Erminia (V=12.7, 44"")",True,False,False,False,False,,,,not run,,,,,,0,24.992,235.57,127.5,83.917
284186628_2625.6000,284186628,2625.6,A,5124,17.368,4227.3,4,10.612,0.73844,0.66,208.23,61.17,True,False,,ok,False,False,-10.957,-7.1794,ramp,2625.5,0.024017,7.4288,0.53645,651.17,False,True,False,2.1399,104.63,,False,True,False,,False,not run,,,,,,,,,,,,,,,,,,,,,,,,not run,,,,,,0,-7.1794,-10.957,-10.906,-6.0774
224289450_2615.3300,224289450,2615.3,A,5133,17.332,37091,24,10.817,0.25927,0.23096,183.09,54.49,True,False,,ok,False,False,-647.52,51.071,step,2615.5,0.18908,39.605,0.58268,39349,False,False,True,1.2379,81876,,False,True,False,,False,not run,,,,,,,,,,,,,,,,,,,,,,,,not run,,,,,,0,51.071,1318.6,-647.52,-132.58
157332889_2634.8100,157332889,2634.8,A,5137,17.324,922.1,24,10.737,1.8531,1.06,181.98,64.563,True,False,,ok,True,True,16.142,2.5199,step,2634.7,0.041494,43.272,0.97339,995.78,True,True,False,4.6662,1997.4,,True,False,True,False,True,ok,False,False,0.33525,0.3883,True,,,0.64742,True,False,157332891,0,5.808,True,,True,False,False,False,False,,,,not run,,,,,,0,2.5199,65.089,16.142,35.268
148914396_2617.3200,148914396,2617.3,A,5144,17.25,7851,6,12.69,1.0486,1.11,187.17,68.95,True,False,,ok,True,True,107.28,29.496,flare_decay,2617.3,0.10537,8.8057,0.87506,9597,False,True,False,2.7584,81.374,,True,False,True,True,True,ok,False,True,3.3861,1.5462,False,1.7511,123.91,140.08,False,False,148914397,0,58.409,True,,True,False,False,False,False,,,,not run,,,,,,0,29.496,288.24,157.76,107.28
4919207_2621.2200,4919207,2621.2,A,5151,17.209,7170.9,8,12.628,1.5436,1.01,148.39,34.05,True,False,,ok,False,False,-12.64,-7.5156,step,2621.2,0.05993,7.4755,9.806e-05,4351.9,False,True,False,4.0193,16.08,,False,True,False,,False,not run,,,,,,,,,,,,,,,,,,,,,,,,not run,,,,,,0,-7.5156,38.898,-12.64,-6.6931
368414261_2614.6600,368414261,2614.7,A,5156,17.186,9385.1,8,12.146,0.6638,0.785,157.47,30.38,True,False,,ok,True,True,107.01,-5.2505,step,2614.6,0.08953,14.514,0.67576,8502.1,False,True,False,1.9317,1060.8,,True,False,True,False,True,ok,False,False,0.22718,0.10025,True,0.65724,16.379,4.3128,False,True,,0,3.9044,True,,True,False,False,False,False,,,,not run,,,,,,0,-5.2505,188.92,107.01,192.33
117417606_2615.0200,117417606,2615,A,5165,17.15,13558,8,12.878,1.1577,0.99,137.66,26.538,True,False,,ok,True,True,228.48,12.963,flare_decay,2615.1,0.11859,20.134,0.62356,15293,False,True,False,3.2019,622.13,,False,True,False,False,False,ok,False,False,0.026883,0.0097162,True,,,-54.852,True,True,,0,0.46104,True,,True,False,False,False,False,,,,not run,,,,,,0,12.963,421.77,255.75,228.48
371491421_2627.5200,371491421,2627.5,A,5175,17.081,2842.4,24,12.993,1.1224,1.05,149.11,49.984,True,False,,ok,False,False,3.1915,-2.5394,step,2627.6,0.42025,50.742,1.3597,3034.2,True,True,False,3.8654,5662.7,,True,False,True,,True,not run,,,,,,,,,,,,,,,,,,,,,,,,not run,,,,,,0,-2.5394,15.732,3.1915,10.384
420898490_2611.8400,420898490,2611.8,A,5185,17.027,1729.3,24,11.461,1.4601,1.27,273.41,50.196,True,False,,ok,True,True,84.308,42.289,flare_decay,2611.5,0.39101,33.934,1.3199,3846.8,True,True,False,4.6232,990.4,,False,True,False,True,True,ok,False,True,0.75949,0.40619,False,1.2327,30.166,6.3867,False,False,420898487;420898488,0,12.932,True,,True,False,False,False,False,,,,not run,,,,,,0,42.289,279.1,168.48,84.308
91916493_2616.9800,91916493,2617,A,5191,16.992,4801.7,1.5,10.837,1.6134,0.97,143.68,21.939,True,False,,ok,True,True,31.789,43.281,flare_decay,2617,0.36519,3.3352,1.2774,5295.4,True,True,False,5.4863,0.41737,grazing,True,False,True,False,True,ok,False,False,0.10261,0.069939,True,0.22098,0.69236,3.3178,False,True,,0,1.7435,False,"Watsonia (V=13.2, 28"")",True,False,False,False,False,,,,not run,,,,,,0,43.281,258.64,164.76,31.789
320525191_2625.9300,320525191,2625.9,A,5193,16.988,1871.8,12,11.431,0.95615,0.962,264.83,56.034,True,False,,ok,False,False,-14.239,-11.261,ramp,2625.5,0.89997,36,1.862,1801,True,True,False,4.5363,1251.7,,False,True,False,,False,not run,,,,,,,,,,,,,,,,,,,,,,,,not run,,,,,,0,-11.261,-14.239,-7.6311,-9.5703
156816601_2628.4700,156816601,2628.5,A,5213,16.906,9619.4,3,12.748,1.6027,1.39,140.44,36.752,True,False,,ok,True,True,60.604,27.269,flare_decay,2628.5,0.3945,4.9631,1.2515,12193,True,True,False,4.9371,2.5013,,True,False,True,True,True,ok,True,True,1.1674,0.80352,True,0.11889,1.132,14.83,False,True,,0,19.736,True,,True,False,False,False,False,,,,ok,False,0.96791,0,18.271,27.406,0,27.269,233.12,148.44,60.604
357183604_2634.8100,357183604,2634.8,A,5218,16.881,2116,24,12.698,1.1186,1.12,172,72.83,True,False,,ok,False,False,-4.3566,2.4092,step,2634.8,0.27382,53.121,1.2128,2594.5,True,True,False,3.3813,9703.1,,False,True,False,,False,not run,,,,,,,,,,,,,,,,,,,,,,,,not run,,,,,,0,2.4092,20.032,-4.3566,6.21
219794684_2625.7000,219794684,2625.7,A,5221,16.852,4994.4,6,11.936,1.0547,1.1,265.23,61.747,True,False,,ok,False,False,-7.7125,-1.579,step,2625.7,0.04446,0.57346,0.32021,2343.2,False,False,False,2.6294,,,True,False,True,,True,not run,,,,,,,,,,,,,,,,,,,,,,,,not run,,,,,,0,-1.579,-5.3966,-7.7125,-3.3677
288636342_2620.8700,288636342,2620.9,A,5237,16.802,2606.6,6,10.741,1.458,1.357,279.46,78.611,True,True,1692.02,ok,True,True,111.54,21.984,flare_decay,2620.9,0.048697,7.7397,0.0012694,2873.7,False,True,False,3.4034,29.415,,True,False,True,True,True,ok,True,True,0.72845,0.71927,True,0.090514,1.1977,15.564,False,True,,0,12.239,True,,True,True,False,False,False,1692.01;1692.02,PC;PC,288636342.02,ok,True,0.01709,4.5139e-30,15.124,29.415,0,21.984,316.53,155.22,111.54
229583029_2627.9700,229583029,2628,A,5238,16.797,5612.6,16,12.499,0.47181,0.46952,270.56,76.696,True,False,,ok,True,True,49.807,0.035346,step,2627.9,0.059411,27.027,0.71435,3662.7,False,True,False,1.5845,12410,,False,True,False,True,True,ok,True,True,0.44322,0.41658,True,0.76837,8.2768,12.896,False,True,,0,7.4447,True,,True,False,False,False,False,,,,ok,False,1,1.5155e-71,15.9,12410,0,0.035346,106.77,49.807,62.982
9378103_2633.3500,9378103,2633.3,A,5247,16.734,11754,4,12.819,0.7289,0.71,167.21,41.088,True,False,,ok,False,False,9.7747,6.7787,step,2633.3,0.10082,5.9944,0.070516,12297,False,True,False,2.2161,49.492,,True,False,False,,True,not run,,,,,,,,,,,,,,,,,,,,,,,,not run,,,,,,0,6.7787,533.4,9.7747,91.257
165551374_2626.1900,165551374,2626.2,A,5252,16.716,5834,6,11.445,0.94134,0.871,266.82,58.572,True,False,,ok,False,False,-8.4123,-3.576,step,2625.8,0.04863,32.491,1.7045e-05,2865.8,False,True,False,2.5469,5193,,False,,,,False,not run,,,,,,,,,,,,,,,,,,,,,,,,not run,,,,,,0,-3.576,2.4609,-8.4123,-7.0206
239202552_2615.8800,239202552,2615.9,A,5263,16.672,9004.5,3,12.647,1.4684,1.31,148.99,21.372,True,False,,ok,True,True,59.896,24.34,flare_decay,2615.9,0.39387,4.0243,1.2503,12261,True,True,False,4.611,1.6202,grazing,True,False,True,False,True,ok,False,False,-0.015066,-0.011201,True,0.22192,0.62263,3.938,False,True,,0,-0.25118,True,,True,False,False,False,False,,,,not run,,,,,,0,24.34,221.07,151.7,59.896
95341627_2634.5900,95341627,2634.6,A,5274,16.641,3328.6,24,12.964,0.75852,0.689,153.82,22.304,True,False,,ok,True,True,30.986,10.27,step,2634.7,0.35161,72.514,1.2696,4666.7,True,False,True,2.8603,40764,,False,True,False,,False,not run,,,,,,,,,,,,,,,,,,,,,,,,not run,,,,,,0,10.27,57.689,30.986,46.177
415029695_2627.5300,415029695,2627.5,A,5276,16.632,4514.1,16,12.942,1.6818,1.01,183.91,76.672,True,False,,ok,False,False,-9.941,0.11931,step,2626.8,0.17402,90.231,1.0254,8732.3,True,True,False,4.8515,16116,,False,,,,False,not run,,,,,,,,,,,,,,,,,,,,,,,,not run,,,,,,0,0.11931,-3.9904,-9.941,-4.1994
95470750_2626.2200,95470750,2626.2,A,5282,16.606,6276.9,4,10.643,0.86585,0.961,155.79,22.786,True,False,,ok,False,False,-8.9515,-5.7137,flare_decay,2626.3,0.027476,2.2079,0.58621,837.2,False,False,False,2.2213,2.4398,,True,False,False,,True,not run,,,,,,,,,,,,,,,,,,,,,,,,not run,,,,,,0,-5.7137,-1.6087,-3.2701,-8.9515
239203865_2615.4500,239203865,2615.4,A,5287,16.594,5739,2,11.693,1.1793,1.16,149.13,21.402,True,False,,ok,True,True,33.42,15.888,flare_decay,2615.4,0.80797,2.8956,1.7139,7774.7,True,True,False,5.0029,0.43125,grazing,False,True,False,False,False,ok,False,False,0.041149,0.041236,True,,,1.9478,True,True,,0,0.68284,True,,True,False,False,False,False,,,,not run,,,,,,0,15.888,246.68,122.07,33.42
160489416_2634.3500,160489416,2634.3,A,5292,16.569,1843.9,24,12.724,1.3181,1.14,238.54,76.367,True,False,,ok,False,False,6.9939,-4.8551,flare_decay,2634.6,0.042402,43.574,0.80647,1729.6,False,True,False,3.2413,6079.5,,True,False,True,,True,not run,,,,,,,,,,,,,,,,,,,,,,,,not run,,,,,,0,-4.8551,28.43,9.0112,6.9939
258393558_2629.6300,258393558,2629.6,A,5299,16.531,1387.4,6,9.9896,2.5365,2.07,297.53,61.943,True,False,,ok,True,True,55.412,11.49,flare_decay,2629.6,0.048109,9.1317,0.94959,1673.9,True,True,False,5.1429,13.98,,True,False,True,False,True,ok,False,False,0.24674,0.21034,False,1.3203,21.31,15.707,False,True,,0,4.079,True,,True,False,False,False,False,,,,not run,,,,,,0,11.49,185.38,119.25,55.412
239196229_2627.5900,239196229,2627.6,A,5309,16.49,1575,24,11.816,0.7833,0.858,146.58,26.768,True,False,,ok,True,True,19.094,-0.31681,step,2627.6,0.047686,64.758,0.94703,1663.7,True,False,True,2.1279,70489,,True,True,True,False,True,ok,False,False,-1.1494,-1.9621,True,,,-14.437,True,True,,1,-18.954,True,,True,False,False,False,False,,,,not run,,,,,,0,-0.31681,30.755,19.094,27.118
165685135_2618.7000,165685135,2618.7,A,5314,16.474,2729.8,8,11.735,1.1981,1.07,162.93,32.69,True,False,,ok,True,True,13.333,-0.3274,flare_decay,2618.7,0.053168,11.814,0.79932,2737.3,False,True,False,3.0399,146.84,,True,False,True,True,True,ok,True,True,0.73633,0.8632,True,0.24748,2.3939,12.494,False,True,,0,12.13,True,,True,False,False,False,False,,,,ok,True,0.011614,0,17.271,146.84,0,-0.3274,94.67,29.469,13.333
232982879_2625.6900,232982879,2625.7,A,5324,16.422,8031.6,6,12.782,0.92291,0.81,241.79,69.348,True,False,,ok,False,False,-9.5483,-5.5964,step,2625.5,0.048088,2.0565,0.043464,2801.3,False,False,False,2.5569,1.2754,,True,True,True,,True,not run,,,,,,,,,,,,,,,,,,,,,,,,not run,,,,,,0,-5.5964,-9.1737,-9.5483,-6.741
4992057_2617.1200,4992057,2617.1,A,5346,16.354,14774,1.5,12.884,1.1922,1.09,149.69,33.853,True,False,,ok,True,True,86.46,26.176,flare_decay,2617.1,0.415,2.5009,1.2359,18024,True,True,False,4.0402,0.5417,grazing,True,False,False,False,True,ok,False,False,0.19837,0.076837,True,,,2.7366,True,True,,0,3.2443,True,,True,False,False,False,False,,,,not run,,,,,,0,26.176,209.4,104.72,86.46
233191311_2614.5000,233191311,2614.5,A,5354,16.341,9047.1,8,12.609,0.99642,0.85,226.25,68.58,True,False,,ok,False,False,-28.138,49.756,step,2614.4,0.082977,21.28,0.00032937,8340,False,True,False,2.8071,1089.8,,True,False,False,,True,not run,,,,,,,,,,,,,,,,,,,,,,,,not run,,,,,,0,49.756,157.63,-28.138,50.968
91988288_2612.6300,91988288,2612.6,A,5361,16.3,754.81,8,8.4801,1.5753,1.149,144.66,21.152,True,False,,ok,True,True,32.614,-4.0982,flare_decay,2612.6,0.032941,10.291,0.93386,837.72,True,True,False,3.8289,48.575,,False,,,False,False,ok,False,False,-0.22716,-0.41119,True,,,-8.8161,True,True,,0,-3.7029,True,,True,False,False,False,False,,,,not run,,,,,,0,-4.0982,212.71,87.32,32.614
91987217_2631.4200,91987217,2631.4,A,5376,16.25,7325.4,3,12.361,1.4662,1.07,144.48,21.624,True,False,,ok,True,True,46.411,3.548,flare_decay,2631.4,0.09462,5.5882,0.88677,7594.1,False,True,False,3.8674,7.5219,,True,False,True,False,True,ok,False,False,-0.08145,-0.054251,True,,,-10.811,True,True,,0,-1.3236,True,,True,False,False,False,False,,,,not run,,,,,,0,3.548,136.58,78.929,46.411
198510254_2634.5700,198510254,2634.6,A,5382,16.217,3410.9,24,12.728,0.66434,0.682,211.86,72.508,True,False,,ok,True,True,17.389,27.343,step,2634.7,0.086761,60.273,0.94103,5066,True,False,True,2.0209,66349,,False,True,False,,False,not run,,,,,,,,,,,,,,,,,,,,,,,,not run,,,,,,0,27.343,99.968,17.389,93.303
307647967_2635.1400,307647967,2635.1,A,5387,16.205,2195.5,3,9.7608,1.6085,1.47,152.83,17.762,True,False,,ok,True,True,89.249,8.0047,flare_decay,2635.1,0.052716,5.0094,0.9024,2313.8,True,True,False,3.6703,6.3326,,True,False,True,False,True,ok,False,False,0.033032,0.020852,True,,,0.061397,True,False,10002013339;307647968,0,0.53527,False,"Chacornac (V=15.1, 48"")",True,False,False,False,False,,,,not run,,,,,,0,8.0047,351.67,154.59,89.249
88023744_2632.9200,88023744,2632.9,A,5398,16.166,1782.3,2,9.1064,2.8066,1.12,147.27,23.303,True,False,,ok,True,True,35.231,26.585,flare_decay,2632.9,0.38164,3.6537,1.3344,1954.7,True,True,False,9.2212,0.22037,grazing,True,False,True,False,True,ok,False,False,0.1134,0.087134,True,,,2.1504,True,True,,2,1.8333,True,,True,False,False,False,False,,,,not run,,,,,,0,26.585,189.8,121.67,35.231
371521197_2633.8800,371521197,2633.9,A,5402,16.155,2888.7,24,12.755,1.7168,1.05,153.02,48.162,True,False,,ok,False,False,-96.345,-3.5819,step,2634.1,0.059232,15.216,0.00035287,4251.1,False,True,False,4.4102,102.82,,True,False,False,,True,not run,,,,,,,,,,,,,,,,,,,,,,,,not run,,,,,,0,-3.5819,151.57,-96.345,6.2906
285020873_2627.5300,285020873,2627.5,A,5403,16.151,946.78,24,11.014,1.693,1.06,158.63,57.427,True,False,,ok,True,True,27.167,12.02,flare_decay,2627.6,0.040634,48.679,0.96623,1069.1,True,True,False,4.259,3738.7,,True,False,True,False,True,ok,False,False,-0.35516,-0.50446,True,,,-9.7094,True,True,,0,-5.7364,True,,True,False,False,False,False,,,,not run,,,,,,0,12.02,89.966,32.421,27.167
126369004_2620.8100,126369004,2620.8,A,5410,16.119,9928.7,2,12.245,1.4062,1.16,136.08,26.525,True,False,,ok,True,True,19.972,9.0711,flare_decay,2620.8,0.40088,3.0064,1.2541,12807,True,True,False,4.6215,0.62221,grazing,False,True,False,False,False,ok,False,False,-0.079033,-0.052357,True,,,-0.231,True,True,,1,-1.2739,True,,True,False,False,False,False,,,,not run,,,,,,0,9.0711,260.19,196.33,19.972
27069206_2617.5900,27069206,2617.6,A,5421,16.09,6906.2,1.5,11.649,1.029,0.93,152.12,19.676,True,False,,ok,False,False,-5.5528,26.119,flare_decay,2617.6,0.37719,3.0092,1.2695,7504.1,True,True,False,3.5779,1.4608,grazing,True,False,False,,True,not run,,,,,,,,,,,,,,,,,,,,,,,,not run,,,,,,0,26.119,168.83,79.975,-5.5528
166649235_2634.0100,166649235,2634,A,5442,16.033,8715.7,2,12.257,1.2465,1.03,166.26,31.81,True,False,,ok,True,True,81.696,12.157,flare_decay,2634,0.099717,2.9955,0.81336,9429,False,False,False,3.3451,1.7605,,True,False,False,,True,not run,,,,,,,,,,,,,,,,,,,,,,,,not run,,,,,,0,12.157,223.36,135.12,81.696
138710087_2618.9200,138710087,2618.9,A,5445,16.021,8994.7,4,12.983,0.96141,0.93,137.13,28.574,True,False,,ok,True,True,40.494,8.0101,flare_decay,2618.9,0.10931,4.6307,0.78373,11674,False,True,False,2.6923,12.717,,True,False,True,False,True,ok,False,False,0.16474,0.14944,True,,,1.5125,True,True,,0,2.6394,True,,True,False,False,False,False,,,,not run,,,,,,0,8.0101,152.31,94.383,40.494
233631664_2628.8200,233631664,2628.8,A,5464,15.943,558.6,24,8.5353,0.99431,0.99,284.99,64.054,True,False,,ok,True,True,160.11,76.808,step,2628.7,0.030281,71.594,0.96718,616.51,True,False,True,2.5327,56501,,True,False,False,True,True,ok,True,True,1.624,1.076,True,0.69674,45.861,9.3897,False,True,,0,25.892,True,,True,False,False,False,False,,,,not run,,,,,,0,76.808,204.95,160.11,250.06
198181783_2625.6800,198181783,2625.7,A,5465,15.943,4452.9,6,11.493,0.75553,0.853,245.18,60.525,True,False,,ok,False,False,-8.9558,-6.2687,step,2625.5,0.032993,3.4624,0.099187,1316.7,False,True,False,2.0276,12.445,,False,True,False,,False,not run,,,,,,,,,,,,,,,,,,,,,,,,not run,,,,,,0,-6.2687,-8.2687,-8.9558,-4.3897
229798503_2629.1800,229798503,2629.2,A,5477,15.916,2047.2,24,11.75,1.2616,1.25,285.12,70.54,True,False,,ok,False,False,6.9928,13.283,step,2629.3,0.88585,72,1.8414,2319.7,True,True,False,5.4456,5792.9,,False,True,False,,False,not run,,,,,,,,,,,,,,,,,,,,,,,,not run,,,,,,0,13.283,10.788,6.9928,20.474
416500991_2627.8200,416500991,2627.8,A,5479,15.909,2356,24,12.507,1.6131,1.24,156.86,58.423,True,False,,ok,True,True,23.871,6.3434,step,2628,0.42898,52.32,1.375,2533.1,True,True,False,5.29,2424.5,,True,False,True,False,True,ok,False,False,-0.14569,-0.16786,True,,,-12.136,True,True,,0,-2.3178,True,,True,False,False,False,False,,,,not run,,,,,,0,6.3434,40.333,23.871,26.533
171558476_2629.5400,171558476,2629.5,A,5485,15.871,8306.2,6,12.761,0.79088,0.74,156.34,23.382,True,False,,ok,True,True,57.135,6.5144,flare_decay,2629.5,0.10136,8.6031,0.83123,9527.2,False,True,False,2.3728,119.21,,True,False,True,False,True,ok,False,False,0.1497,0.09633,True,,,-0.15858,True,True,,0,2.376,True,,True,False,False,False,False,,,,not run,,,,,,0,6.5144,178.07,103.51,57.135
26974089_2613.9000,26974089,2613.9,A,5511,15.766,8380.2,2,11.972,2.1371,1.07,150.18,22.317,True,False,,ok,True,True,15.438,18.17,step,2613.9,0.39036,3.9851,1.2705,9082.9,True,True,False,7.1675,0.23885,grazing,True,False,True,False,True,ok,False,False,-0.084173,-0.054271,True,,,1.4538,True,True,,0,-1.327,True,,True,False,False,False,False,,,,not run,,,,,,0,18.17,138.9,15.438,41.704
252962624_2614.6600,252962624,2614.7,A,5538,15.656,8934,3,12.514,1.5097,1.05,151.37,32.824,True,False,,ok,True,True,34.169,27.788,flare_decay,2614.6,0.4027,4.9237,1.2641,11680,True,True,False,5.1369,2.1568,grazing,True,False,False,True,True,ok,True,True,0.38335,0.58806,True,0.04757,0.4642,6.0677,False,True,,0,6.0018,True,,True,False,False,False,False,,,,ok,False,0.94793,0,21.341,32.011,0,27.788,218.46,93.839,34.169
349823507_2628.1400,349823507,2628.1,A,5541,15.646,9379.1,4,12.445,0.977,0.99,143.74,27.078,True,False,,ok,True,True,76.227,6.0612,flare_decay,2628.1,0.10156,6.2567,0.76046,10305,False,True,False,2.6608,32.515,,True,False,True,False,True,ok,False,False,0.104,0.049786,True,,,-4.8191,True,True,,0,1.6272,True,,True,False,False,False,False,,,,not run,,,,,,0,6.0612,251.06,157.9,76.227
1068183_2612.5900,1068183,2612.6,A,5550,15.614,6013.5,2,11.764,1.0567,0.98,154.63,24.492,True,False,,ok,True,True,42.026,8.5678,flare_decay,2612.6,0.086409,2.8764,0.86803,6580.1,False,True,False,2.8481,2.5535,,True,False,False,False,True,ok,False,False,0.05392,0.056292,True,,,2.1956,True,True,,0,0.84192,True,,True,False,False,False,False,,,,not run,,,,,,0,8.5678,171.93,116.22,42.026
27002986_2633.7100,27002986,2633.7,A,5552,15.606,1175.3,6,9.5116,1.4326,1.286,151.21,23.504,True,False,,ok,True,True,12.324,-1.2014,flare_decay,2633.7,0.041385,7.6909,0.91773,1379.6,True,True,False,3.381,29.439,,True,False,True,False,True,ok,False,False,0.063634,0.076478,True,0.50037,3.0976,3.4499,False,True,,0,0.99305,True,,True,False,False,False,False,,,,not run,,,,,,0,-1.2014,160.61,80.32,12.324
95362035_2627.6500,95362035,2627.7,A,5555,15.592,10883,3,12.738,0.40244,0.39423,154.39,20.035,True,False,,ok,True,True,19.461,21.4,flare_decay,2627.6,0.39946,4.901,1.2438,14095,True,True,False,1.8924,43.436,,True,False,True,False,True,ok,False,False,0.56834,0.36005,True,0.21143,1.7653,14.036,False,True,,0,8.8618,True,,True,False,False,False,False,,,,ok,False,0.99849,0.99507,17.794,43.436,0,21.4,190.73,119.57,19.461
233508669_2625.5900,233508669,2625.6,A,5556,15.591,7646.4,2,11.571,0.86017,0.919,270.44,52.056,True,False,,ok,False,False,-9.7994,-6.4771,step,2625.5,0.035335,4.7602,0.016095,1513.2,False,True,False,2.257,23.458,,False,True,False,,False,not run,,,,,,,,,,,,,,,,,,,,,,,,not run,,,,,,0,-6.4771,-8.5388,-9.7994,-4.6758
229782015_2628.3800,229782015,2628.4,A,5559,15.576,4502,16,11.284,0.71118,0.694,283.51,68.763,True,False,,ok,True,True,195.75,289.14,ramp,2628.3,0.38085,69.78,1.2778,7012.6,True,False,True,2.7332,41631,,False,True,False,,False,not run,,,,,,,,,,,,,,,,,,,,,,,,not run,,,,,,0,289.14,195.75,358.83,388.36
377367418_2627.5600,377367418,2627.6,A,5562,15.571,2187,24,11.477,1.3809,1.05,149.02,57.318,True,False,,ok,True,True,110.27,72.997,flare_decay,2627.6,0.33495,63.437,1.2683,3261.9,True,True,False,4.4708,7154.3,,False,True,False,False,False,ok,False,False,-1.188,-0.61452,True,,,-20.859,True,True,,0,-18.499,True,,True,False,False,False,False,,,,not run,,,,,,0,72.997,195.02,114.82,110.27
239202396_2611.8000,239202396,2611.8,A,5564,15.563,14222,1.5,12.899,1.4652,1.01,148.89,22.303,True,False,,ok,True,True,66.591,15.531,flare_decay,2611.8,0.41832,2.1889,1.2358,18653,True,True,False,5.1064,0.12861,grazing,True,False,False,False,True,ok,False,False,0.10127,0.090535,True,,,1.6416,True,True,,0,1.5761,True,,True,False,False,False,False,,,,not run,,,,,,0,15.531,189.88,165.71,66.591
424383790_2628.2000,424383790,2628.2,A,5578,15.52,2032.4,12,11.195,0.39619,0.38717,277.4,75.573,True,False,,ok,False,False,6.8577,-4.5727,flare_decay,2628.2,0.02874,14.668,0.0062576,1001.1,False,True,False,1.3777,3017.5,,True,False,True,,True,not run,,,,,,,,,,,,,,,,,,,,,,,,not run,,,,,,0,-4.5727,19.783,12.583,6.8577
171558125_2613.3000,171558125,2613.3,A,5585,15.495,4774.9,4,11.985,1.362,1.06,156.21,22.553,True,False,,ok,True,True,32.442,8.4542,flare_decay,2613.3,0.063277,7.8232,1.8203e-05,4851.4,False,True,False,3.5003,27.924,,True,False,True,False,True,ok,False,False,0.37509,0.36252,True,0.81557,5.6987,8.166,False,True,,0,5.8119,True,,True,False,False,False,False,,,,ok,True,0.00043809,0,22.665,33.997,0,8.4542,92.676,48.09,32.442
147898114_2631.8400,147898114,2631.8,A,5586,15.494,8438.1,3,12.709,1.0514,0.96,164.78,67.101,True,False,,ok,True,True,62.03,8.8815,flare_decay,2631.8,0.087437,4.0226,0.00018619,9259.8,False,True,False,2.8561,6.9729,,True,False,True,True,True,ok,True,True,1.2423,0.89697,True,0.15431,1.6671,16.271,False,True,,0,19.247,True,,True,True,False,False,False,,,147898114.01,ok,True,0.2526,0.053992,21.379,32.069,0,8.8815,179.31,117.47,62.03
149469130_2627.5800,149469130,2627.6,A,5591,15.48,4535.7,4,11.861,1.9321,1.39,141.49,23.881,True,False,,ok,True,True,37.961,10.357,flare_decay,2627.6,0.084109,5.5698,0.91034,5702.4,True,True,False,4.6266,4.3172,,True,False,True,False,True,ok,False,False,0.4578,0.31994,True,0.77468,7.3809,13.205,False,True,,1,7.0867,True,,True,False,False,False,False,,,,ok,False,0.6044,0.083374,17.244,25.866,0,10.357,173.57,109.67,37.961
285003210_2628.4400,285003210,2628.4,A,5605,15.441,4691.8,3,11.533,0.75678,0.903,137.4,29.478,True,False,,ok,True,True,21.833,8.0336,flare_decay,2628.4,0.071878,4.4374,0.80513,4963.9,False,True,False,2.0678,24.709,,True,False,True,False,True,ok,False,False,-0.46709,-0.319,True,,,-20.529,True,True,,0,-7.2123,True,,True,False,False,False,False,,,,not run,,,,,,0,8.0336,182,112.2,21.833
149400421_2613.4500,149400421,2613.4,A,5608,15.416,3059.8,24,12.382,1.8946,0.99,139.97,24.596,True,False,,ok,True,True,45.205,-4.4342,flare_decay,2613.3,0.05594,42.165,0.88065,2717.7,False,True,False,4.9485,1549.8,,True,True,True,False,True,ok,False,False,0.37451,0.36032,True,,,-31.966,True,True,,0,5.7734,True,,True,False,False,False,False,,,,not run,,,,,,0,-4.4342,146.11,47.293,45.205
219738069_2625.6800,219738069,2625.7,A,5619,15.394,6190.7,6,12.588,0.69201,0.685,241.73,63.382,True,False,,ok,False,False,-10.837,-3.9482,flare_decay,2625.4,0.10875,37.038,0.91879,8671.3,True,True,False,2.1446,12883,,False,,,,False,not run,,,,,,,,,,,,,,,,,,,,,,,,not run,,,,,,0,-3.9482,-6.3833,-8.8346,-10.837
142415155_2625.5400,142415155,2625.5,A,5638,15.357,3571.8,8,11.134,0.77343,0.61,200.08,59.997,True,False,,ok,False,False,-17.629,-12.505,step,2625.5,0.025786,9.3808,0.064575,805.21,False,True,False,2.305,168.59,,False,True,False,,False,not run,,,,,,,,,,,,,,,,,,,,,,,,not run,,,,,,0,-12.505,-7.566,-17.629,-12.557
171654207_2613.8600,171654207,2613.9,A,5644,15.34,12284,1,12.351,1.1206,1.1,159.71,20.554,True,False,,ok,True,True,78.5,28.177,flare_decay,2613.8,0.41091,1.5886,1.2477,15402,True,True,False,3.7747,0.093829,grazing,True,False,False,False,True,ok,False,False,-0.15418,-0.11528,True,,,-1.3849,True,True,,0,-2.365,True,,True,False,False,False,False,,,,not run,,,,,,0,28.177,212.83,142.15,78.5
117418089_2615.1800,117418089,2615.2,A,5645,15.339,8915.5,3,12.435,0.87211,0.81,137.64,28.743,True,False,,ok,True,True,106.16,33.552,flare_decay,2615.2,0.11452,4.8815,0.88185,11126,False,True,False,2.5693,17.146,,True,False,True,True,True,ok,False,True,1.3532,0.89211,True,0.2801,6.753,36.935,False,False,117418087,0,20.757,True,,True,False,False,False,False,,,,not run,,,,,,0,33.552,335.63,183.48,106.16
458480787_2614.5100,458480787,2614.5,A,5661,15.301,12774,8,12.592,0.69424,0.75,233.35,60.769,True,False,,ok,False,False,-136.58,8.7651,step,2614.6,0.10845,16.736,0.58834,12996,False,True,False,2.0869,1289.9,,True,False,False,,True,not run,,,,,,,,,,,,,,,,,,,,,,,,not run,,,,,,0,8.7651,369.99,-136.58,77.958
272747822_2625.9500,272747822,2625.9,A,5674,15.257,3424.7,16,11.206,0.79043,0.786,236.4,69.76,True,False,,ok,False,False,-8.5594,-8.6603,ramp,2626.4,0.022724,33.326,0.23544,618.69,False,True,False,2.1583,9207.4,,True,False,False,,True,not run,,,,,,,,,,,,,,,,,,,,,,,,not run,,,,,,0,-8.6603,-8.5594,-6.9071,2.5876
229684206_2625.6800,229684206,2625.7,A,5675,15.252,2932.2,6,10.474,0.40233,0.39411,262.53,54.659,True,False,,ok,False,False,-11.824,-5.4322,ramp,2625.5,0.023079,20.248,0.13472,643.24,False,True,False,1.3832,7844,,False,True,False,,False,not run,,,,,,,,,,,,,,,,,,,,,,,,not run,,,,,,0,-5.4322,-11.824,-10.276,-9.896
462551277_2626.1200,462551277,2626.1,A,5716,15.078,4500.3,6,11.978,1.0673,0.822,224.42,74.968,True,False,,ok,False,False,-10.117,-7.4498,step,2626.5,0.025896,9.7019,0.5406,756.04,False,True,False,2.8802,95.61,,True,False,False,,True,not run,,,,,,,,,,,,,,,,,,,,,,,,not run,,,,,,0,-7.4498,-9.9198,-10.117,-8.1114
356537908_2634.6500,356537908,2634.7,A,5720,15.07,1371.8,24,11.272,0.77605,0.686,152.56,64.645,True,False,,ok,True,True,28.386,18.641,step,2634.7,0.036557,47.467,0.00016852,1619.7,False,True,False,2.2474,23566,,True,False,False,False,True,ok,False,False,0.52448,0.39765,False,1.0835,20.218,5.1618,False,True,,0,7.9038,True,,True,False,False,False,False,,,,not run,,,,,,0,18.641,84.128,28.386,45.419
9379005_2611.8300,9379005,2611.8,A,5726,15.053,1240.3,24,12.085,0.92327,0.653,167.43,37.755,True,False,,ok,False,False,-12.115,34.103,ramp,2611.7,0.057454,102.35,0.95564,2192.9,True,True,False,2.773,,,False,True,False,,False,not run,,,,,,,,,,,,,,,,,,,,,,,,not run,,,,,,0,34.103,-12.115,20.619,6.6594
252795236_2614.5800,252795236,2614.6,A,5729,15.046,6717.4,12,12.061,0.80675,0.993,165.12,47.696,True,False,,ok,True,True,89.581,-2.226,step,2614.6,0.080952,13.918,0.0081233,7938,False,True,False,2.1537,675.01,,True,False,False,True,True,ok,True,True,1.064,0.61043,True,,,2.1205,True,True,,0,16.009,True,,True,False,False,False,False,,,,ok,True,5.8601e-09,0,21.409,675.01,0,-2.226,492.97,89.581,252.43
24024177_2634.7800,24024177,2634.8,A,5731,15.037,462.93,24,10.758,1.2338,1.05,163.59,43.468,True,False,,ok,False,False,4.8966,6.5738,step,2634.9,0.029852,53.792,0.90075,747.89,True,True,False,3.0807,13320,,False,True,False,,False,not run,,,,,,,,,,,,,,,,,,,,,,,,not run,,,,,,0,6.5738,29.829,4.8966,13.977
173004425_2619.9700,173004425,2620,A,5742,14.986,692.21,24,9.7125,1.3354,1.018,150.8,34.248,True,False,,ok,True,True,76.266,47.926,flare_decay,2620.4,0.044653,90.472,0.95001,1444,True,False,True,3.4175,46430,,False,True,False,,False,not run,,,,,,,,,,,,,,,,,,,,,,,,not run,,,,,,0,47.926,145.24,89.234,76.266
286728952_2617.4900,286728952,2617.5,A,5746,14.979,12666,1,12.464,1.5576,1.08,143.05,21.022,True,False,,ok,True,True,23.453,17.907,flare_decay,2617.5,0.40027,2.1243,1.2438,14225,True,True,False,5.2411,0.12642,grazing,True,False,False,False,True,ok,False,False,0.17528,0.15435,True,0.71889,2.0987,3.2873,False,True,,0,2.6255,True,,True,False,False,False,False,,,,not run,,,,,,0,17.907,217.15,125.93,23.453
297960559_2627.6200,297960559,2627.6,A,5770,14.892,2026.3,24,12.607,1.4007,1.08,157.31,55.839,True,False,,ok,True,False,15.624,-6.3726,step,2627.7,0.041142,32.839,0.056615,2050.1,False,True,False,3.503,2061.7,,True,False,True,False,True,ok,False,False,0.21836,0.33434,False,1.2806,7.4128,8.2171,False,True,,0,3.2517,True,,True,False,False,False,False,,,,not run,,,,,,0,-6.3726,56.357,15.624,17.142
335744101_2625.5300,335744101,2625.5,A,5774,14.874,4144.2,6,11.417,0.77035,0.878,223.92,63.117,True,False,,ok,False,False,-14.381,-13.157,flare_decay,2626,0.03145,6.2002,0.00044896,1198.8,False,True,False,2.0445,69.743,,True,False,False,,True,not run,,,,,,,,,,,,,,,,,,,,,,,,not run,,,,,,0,-13.157,-9.6494,-14.169,-14.381
441695632_2625.6000,441695632,2625.6,A,5776,14.871,7592.8,6,12.332,1.0157,0.95,213.53,59.031,True,False,,ok,False,False,-15.283,-5.7848,ramp,2625.4,0.039951,5.8217,0.01469,1934.2,False,True,False,2.6477,26.583,,False,True,False,,False,not run,,,,,,,,,,,,,,,,,,,,,,,,not run,,,,,,0,-5.7848,-15.283,-11.761,-6.7036
289718679_2633.2700,289718679,2633.3,A,5777,14.871,653.88,8,9.0592,1.1307,1.217,159.45,56.92,True,False,,ok,True,False,23.637,-6.5217,flare_decay,2633.3,0.024347,8.4526,0.00012509,718.45,False,True,False,2.673,79.09,,True,False,True,True,True,ok,True,True,0.63636,0.98086,True,0.30685,2.5683,6.7042,False,True,,0,9.4635,True,,True,True,False,False,False,,,289718679.01,ok,True,0.00025804,1.2881e-16,22.857,79.09,0,-6.5217,95.414,48.474,23.637
258801797_2621.1100,258801797,2621.1,A,5779,14.863,1935.7,12,11.628,0.80146,0.793,287.07,67.269,True,False,,ok,False,False,-13.059,-7.5218,step,2621.7,0.031736,44.236,0.0018922,1220.7,False,True,False,2.2012,20300,,False,,,,False,not run,,,,,,,,,,,,,,,,,,,,,,,,not run,,,,,,0,-7.5218,-9.6497,-13.059,-2.7676
229974851_2628.4700,229974851,2628.5,A,5781,14.855,4483,24,11.431,0.80434,0.812,289.96,60.816,True,False,,ok,False,False,-11.064,267.33,step,2628.7,0.073378,70.251,0.91702,4288.7,True,False,True,2.2802,73144,,True,False,False,,True,not run,,,,,,,,,,,,,,,,,,,,,,,,not run,,,,,,0,267.33,1085.2,-11.064,473.12
8866481_2621.0500,8866481,2621.1,A,5784,14.845,15148,1.5,12.678,0.64934,0.74,143.08,30.162,True,False,,ok,True,True,46.663,35.432,flare_decay,2621,0.41682,3.073,1.2425,17262,True,True,False,2.5062,4.6023,,True,False,True,False,True,ok,False,False,0.16547,0.083947,True,,,2.5804,True,True,,0,2.4565,True,,True,False,False,False,False,,,,not run,,,,,,0,35.432,229.69,176.59,46.663
198211976_2625.6800,198211976,2625.7,A,5785,14.845,4226.5,6,11.208,0.52028,0.51774,248.33,63.524,True,False,2283.01,ok,False,False,-9.5837,-4.7474,step,2625.2,0.0396,17.467,0.53606,1770.2,False,True,False,1.6596,2915.5,,False,,,,False,not run,,,,,,,,,,,,,,,,,,,,,,,,not run,,,,,,0,-4.7474,-7.7714,-9.5837,-5.2088
233575173_2631.7100,233575173,2631.7,A,5793,14.818,2179.9,24,12.102,2.1171,1.28,282.1,63.919,True,False,,ok,True,True,79.206,4.5915,flare_decay,2631.8,0.062491,28.976,0.9337,2971.8,True,True,False,5.1076,457.46,,True,False,True,True,True,ok,True,True,0.86274,0.68013,True,0.07023,0.725,14.675,False,True,,0,12.784,True,,True,False,False,False,False,,,,ok,True,0.14255,4.9004e-07,20.799,457.46,0,4.5915,209.45,110.33,79.206
160420647_2612.3900,160420647,2612.4,A,5798,14.809,5015.8,24,10.592,0.98204,1.073,234.77,76.4,True,False,,ok,True,True,821.64,2244.4,ramp,2612.6,0.1093,89.594,0.96187,6310,True,False,True,2.622,99801,,True,False,True,True,True,ok,True,True,3.6112,1.8869,True,0.54867,50.775,86.529,False,True,,0,53.48,True,,True,False,False,False,False,,,,ok,False,1,0,23.407,99801,0,2244.4,821.64,3344.9,2761.9
156496761_2628.0700,156496761,2628.1,A,5801,14.804,2538.2,24,12.63,0.66224,0.628,219.67,76.913,True,False,,ok,False,False,0.65253,48.231,ramp,2628.3,0.057829,84.741,0.92047,2659.4,True,True,False,2.0156,,,True,False,True,,True,not run,,,,,,,,,,,,,,,,,,,,,,,,not run,,,,,,0,48.231,0.65253,53.596,81.436
458481611_2616.5000,458481611,2616.5,A,5806,14.791,6136.7,6,12.945,0.79531,0.8,233.48,64.648,True,True,5722.01,ok,True,True,32.064,-3.2086,flare_decay,2616.5,0.079567,5.9609,0.0012988,7668.9,False,True,False,2.2789,44.757,,True,False,True,True,True,ok,True,True,0.68235,0.81705,True,0.011553,0.11452,12.958,False,True,,0,10.092,True,,True,True,False,False,False,5722.01,PC,458481611.01,ok,True,0.086599,0.00036441,19.493,44.757,0,-3.2086,116.17,67.474,32.064
171651820_2616.5200,171651820,2616.5,A,5815,14.764,6268,2,12.025,1.3965,1.18,159.38,23.937,True,False,,ok,True,True,23.879,13.596,flare_decay,2616.5,0.39274,3.5541,1.2851,7619.1,True,True,False,4.537,1.1544,grazing,True,False,True,False,True,ok,False,False,0.054395,0.0465,True,,,2.9613,True,True,,0,0.80307,True,,True,False,False,False,False,,,,not run,,,,,,0,13.596,170.41,106.78,23.879
298129625_2626.1800,298129625,2626.2,A,5827,14.717,5203.7,6,12.91,0.74413,0.83,202.44,74.943,True,False,,ok,False,False,-10.551,-6.5488,ramp,2626.4,0.3491,0.28068,1.2327,8264.6,True,True,False,2.6322,,grazing,True,False,False,,True,not run,,,,,,,,,,,,,,,,,,,,,,,,not run,,,,,,0,-6.5488,-10.551,-8.5882,-8.6799
376848623_2633.2300,376848623,2633.2,A,5845,14.67,838.23,24,9.5717,3.5678,1.39,275.31,67.215,True,False,,ok,True,True,47.364,48.057,step,2633.2,0.27228,42.828,1.2383,1002.1,True,True,False,10.049,195.15,,True,False,False,True,True,ok,True,True,0.92897,0.58358,True,0.27177,2.9433,7.8019,False,True,,0,13.628,True,,True,False,False,False,False,,,,ok,True,7.8715e-14,8.9029e-14,22.237,195.15,0,48.057,378.42,47.364,162.83
389917377_2612.3000,389917377,2612.3,A,5858,14.647,1652,24,12.28,1.2266,1.02,275.97,58.717,True,False,,ok,True,True,21.792,8.1675,step,2612.1,0.097911,65.788,1.0299,1861.5,True,True,False,3.2969,19882,,True,False,True,False,True,ok,False,False,1.0878,4.2644,True,0.75439,18.332,36.522,False,False,389917375;389917378;1551449905;389917380,0,15.934,True,,True,False,False,False,False,,,,not run,,,,,,0,8.1675,38.739,21.792,27.477
239197344_2612.0000,239197344,2612,A,5878,14.62,4874.3,2,11.574,1.8855,1.3,146.74,27.615,True,False,,ok,True,True,49.472,7.9699,flare_decay,2612,0.086058,2.5053,0.91385,5900.5,True,True,False,4.6251,0.19223,grazing,False,True,False,False,False,ok,False,False,0.15051,0.23477,True,,,2.4262,True,True,,0,2.2005,True,,True,True,False,False,False,,,239197344.01,not run,,,,,,0,7.9699,142.77,95.196,49.472
27064649_2631.1300,27064649,2631.1,A,5884,14.596,9667,3,12.774,1.5971,1.22,151.68,19.547,True,False,,ok,True,True,55.178,10.99,flare_decay,2631.1,0.39106,4.2641,1.247,12291,True,True,False,5.126,1.3827,grazing,True,False,True,False,True,ok,False,False,-0.16168,-0.1223,True,,,-6.7056,True,True,,0,-2.3599,True,,True,False,False,False,False,,,,not run,,,,,,0,10.99,188.08,120.09,55.178
4891464_2620.3400,4891464,2620.3,A,5888,14.592,657.64,24,10.811,1.3868,1.24,147.49,30.403,True,False,,ok,False,False,-2.5232,-7.1048,step,2620.5,0.022098,33.829,0.19274,587.39,False,True,False,3.2514,2818.1,,True,False,True,,True,not run,,,,,,,,,,,,,,,,,,,,,,,,not run,,,,,,0,-7.1048,11.966,-2.5232,5.0514
229867709_2621.1100,229867709,2621.1,A,5890,14.588,4363.6,12,12.964,0.82529,0.82,177.18,74.234,True,False,,ok,False,False,-11.94,1.5778,flare_decay,2621.3,0.062079,1.286,0.57447,4289.8,False,False,False,2.3074,0.40018,,True,False,True,,True,not run,,,,,,,,,,,,,,,,,,,,,,,,not run,,,,,,0,1.5778,-2.9655,0.12805,-11.94
365950339_2621.1200,365950339,2621.1,A,5913,14.537,5401.8,12,12.668,0.70377,0.76,181.18,72.353,True,False,,ok,False,False,-26.378,-9.5387,ramp,2621.5,0.10671,36,0.9948,4177.2,True,True,False,2.1029,12548,,False,True,False,,False,not run,,,,,,,,,,,,,,,,,,,,,,,,not run,,,,,,0,-9.5387,-26.378,-7.6666,-7.4754
158001491_2626.2100,158001491,2626.2,A,5921,14.506,4512.9,6,12.471,0.89642,1.04,214.99,78.998,True,False,,ok,False,False,-7.4343,-6.163,step,2626.1,0.048202,1.95,0.0049932,2815.6,False,False,False,2.2851,1.5347,,True,True,True,,True,not run,,,,,,,,,,,,,,,,,,,,,,,,not run,,,,,,0,-6.163,-5.5613,-7.4343,-1.5496
17238861_2628.4700,17238861,2628.5,A,5936,14.449,4094.2,2,10.448,2.9101,1.02,147.06,36.357,True,False,,ok,True,True,82.738,25.288,flare_decay,2628.5,0.32986,5.7086,1.252,4174.3,True,True,False,9.4958,0.35772,grazing,True,False,True,False,True,ok,False,False,0.36109,0.16457,False,1.5292,25.282,28.687,False,True,,0,5.2173,True,,True,False,False,False,False,,,,not run,,,,,,0,25.288,282.73,203.64,82.738
156806212_2615.2400,156806212,2615.2,A,5945,14.418,7359.7,3,12.687,0.94334,1.04,140.23,40.379,True,False,,ok,True,True,27.637,20.738,flare_decay,2615.2,0.38966,6.5875,1.2724,8753.9,True,True,False,3.1886,22.056,,True,False,True,False,True,ok,False,False,-0.068073,-0.021522,True,,,-3.9143,True,True,,0,-0.98144,True,,True,False,False,False,False,,,,not run,,,,,,0,20.738,139.61,72.618,27.637
330795818_2613.2500,330795818,2613.2,A,5950,14.405,15748,1,12.741,1.1886,0.96,144.35,25.07,True,False,,ok,True,True,15.953,5.9334,flare_decay,2613.2,0.11442,1.5624,2.336e-05,15848,False,False,False,3.3091,0.11683,,False,True,False,,False,not run,,,,,,,,,,,,,,,,,,,,,,,,not run,,,,,,0,5.9334,153.96,95.166,15.953
138664951_2619.1000,138664951,2619.1,A,5953,14.395,4212.6,3,11.447,1.7792,1.13,136.41,25.389,True,False,,ok,True,True,66.312,17.818,flare_decay,2619.1,0.3747,3.9836,1.2824,5812.6,True,True,False,5.7906,0.70546,grazing,True,False,True,False,True,ok,False,False,0.056039,0.036264,True,,,2.6819,True,True,,0,0.80665,False,"Goncharov (V=16.2, 49"")",True,False,False,False,False,,,,not run,,,,,,0,17.818,283.72,150.49,66.312
70681507_2628.9700,70681507,2629,A,5955,14.387,3884.8,4,11.979,1.1917,1.33,156.03,17.273,True,False,,ok,True,False,29.891,-9.6183,flare_decay,2629,0.057318,5.1,0.001454,3980.9,False,True,False,2.8234,14.731,,True,False,True,False,True,ok,False,False,-0.054059,-0.058024,True,,,-4.906,True,True,,0,-0.77772,True,,True,False,False,False,False,,,,not run,,,,,,0,-9.6183,92.448,39.159,29.891
233722502_2626.1100,233722502,2626.1,A,5958,14.375,5699.7,4,12.213,1.2534,0.96,276.61,63.674,True,False,,ok,False,False,-7.1948,-2.5797,step,2626,0.062857,10.818,0.91132,3211.5,True,True,False,3.328,85.938,,False,True,False,,False,not run,,,,,,,,,,,,,,,,,,,,,,,,not run,,,,,,0,-2.5797,-1.6578,-7.1948,-4.2369
156492630_2634.8700,156492630,2634.9,A,5959,14.374,1684.4,24,12.694,0.97809,0.96,218.49,75.477,True,False,,ok,False,False,-4.9232,-8.6632,step,2634.8,0.3447,47.632,1.2959,1980.7,True,True,False,3.2856,7624.4,,True,False,True,,True,not run,,,,,,,,,,,,,,,,,,,,,,,,not run,,,,,,0,-8.6632,20.806,-4.9232,7.6362
53479594_2631.9700,53479594,2632,A,5964,14.367,5077,1.5,11.54,1.8575,1.03,162.17,52.932,True,False,,ok,True,True,64.182,-2.3476,flare_decay,2632,0.068934,1.6697,0.00046707,5757.1,False,False,False,4.8469,0.13017,,False,True,False,,False,not run,,,,,,,,,,,,,,,,,,,,,,,,not run,,,,,,0,-2.3476,234.78,137.56,64.182
233094756_2620.3600,233094756,2620.4,A,5984,14.319,2622.1,16,11.518,1.018,1.05,272.87,62.301,True,False,,ok,True,True,29.397,132.75,ramp,2620.5,0.38432,89.094,1.2872,6379.9,True,False,True,3.4169,44364,,False,True,False,,False,not run,,,,,,,,,,,,,,,,,,,,,,,,not run,,,,,,0,132.75,29.397,189.05,286.88
198189972_2627.6900,198189972,2627.7,A,5990,14.3,5096.5,6,12.654,1.3373,1.03,246.2,60.965,True,True,4117.01,ok,True,True,46.468,8.134,flare_decay,2627.7,0.076949,5.8043,0.57561,6585,False,True,False,3.5145,11.252,,True,False,True,True,True,ok,True,True,0.91748,0.9265,True,0.12915,1.1374,12.09,False,True,,0,13.12,True,,True,True,False,False,False,4117.01,PC,,ok,True,0.075144,0,17.225,25.838,0,8.134,217.13,101.64,46.468
1066472_2613.2700,1066472,2613.3,A,5992,14.296,1985.3,8,10.988,0.70195,0.788,154.45,24.508,True,False,,ok,True,False,73.992,-13.85,step,2613.3,0.042836,9.7961,0.00041909,2223.8,False,True,False,1.9527,315.76,,True,False,True,False,True,ok,False,False,-0.003752,-0.0051296,True,0.52492,2.6493,3.6771,False,True,,0,-0.053638,False,"Ostenia (V=15.4, 55"")",True,False,False,False,False,,,,not run,,,,,,0,-13.85,244.54,73.992,78.572
154182991_2625.8000,154182991,2625.8,A,5999,14.276,5113.2,8,12.83,0.84017,0.72,214.11,71.518,True,False,,ok,False,False,-8.2937,-2.1723,ramp,2625.4,0.099081,42.166,0.94541,6136.9,True,True,False,2.5386,11462,,False,,,,False,not run,,,,,,,,,,,,,,,,,,,,,,,,not run,,,,,,0,-2.1723,-8.2937,-7.8797,-6.6725
21020116_2625.5800,21020116,2625.6,A,6013,14.253,7634,1.5,9.5474,1.1264,1.071,272.99,51.173,True,False,,ok,False,False,-20.925,61.937,ramp,2625.4,0.45882,12.15,1.369,5994.2,True,True,False,3.9584,72.388,,False,,,,False,not run,,,,,,,,,,,,,,,,,,,,,,,,not run,,,,,,0,61.937,-20.925,22.644,24.11
307929545_2627.8900,307929545,2627.9,A,6057,14.136,2391.9,2,9.8121,1.808,0.982,141.52,31.103,True,False,,ok,True,True,40.419,21.937,flare_decay,2627.9,0.058921,2.7105,0.9287,2693.1,True,True,False,4.7484,0.2133,grazing,True,False,False,False,True,ok,False,False,0.28482,0.16712,True,,,1.0375,True,True,,0,4.0261,True,,True,False,False,False,False,,,,not run,,,,,,0,21.937,378.75,204.61,40.419
95838583_2634.7400,95838583,2634.7,A,6070,14.11,936.11,24,11.378,1.7228,1.18,161.96,23.63,True,False,,ok,False,False,8.2609,2.4038,step,2634.6,0.9,42.527,1.8724,1073.8,True,True,False,7.6439,432.65,,True,False,True,,True,not run,,,,,,,,,,,,,,,,,,,,,,,,not run,,,,,,0,2.4038,40.856,8.2609,15.089
148626170_2614.5100,148626170,2614.5,A,6091,14.056,9366.2,8,12.704,0.76866,0.61,154.65,54.718,True,False,,ok,True,True,25.592,19.98,step,2614.4,0.086248,21.586,1.2503e-10,9009.9,False,True,False,2.4258,1762.3,,True,False,False,False,True,ok,False,False,0.77446,0.36511,True,0.45032,7.0382,9.2658,False,True,,0,10.886,True,,True,False,False,False,False,,,,ok,True,0.00032916,0.00013059,21.561,1762.3,0,19.98,305.4,25.592,86.071
27071403_2616.2300,27071403,2616.2,A,6104,14.01,3267.6,6,11.771,1.6167,1.19,152.34,20.164,True,False,,ok,False,False,-20.486,-22.383,flare_decay,2616.2,0.054137,6.2805,1.2885e-08,3551.5,False,True,False,3.9638,9.9277,,True,False,True,,True,not run,,,,,,,,,,,,,,,,,,,,,,,,not run,,,,,,0,-22.383,126.53,38.039,-20.486
87975440_2621.1300,87975440,2621.1,A,6132,13.954,3685.1,12,12.202,0.84287,0.97,146.65,20.013,True,False,,ok,False,False,-0.57287,-7.2214,flare_decay,2621.3,0.054572,6.3432,0.00023387,3608.8,False,True,False,2.2125,58.935,,False,True,False,,False,not run,,,,,,,,,,,,,,,,,,,,,,,,not run,,,,,,0,-7.2214,45.158,14.023,-0.57287
149442628_2613.3200,149442628,2613.3,A,6134,13.952,7731.9,4,12.335,1.9117,1.02,140.84,28.457,True,False,,ok,True,True,67.462,15.503,flare_decay,2613.3,0.37249,7.7396,1.2608,7927.3,True,True,False,6.4288,4.314,,True,False,False,False,True,ok,False,False,0.074149,0.051761,True,,,-1.3889,True,True,,0,1.0345,True,,True,False,False,False,False,,,,not run,,,,,,0,15.503,202.2,79.802,67.462
86118485_2614.5800,86118485,2614.6,A,6139,13.942,1733.5,24,12.159,2.2914,1.11,140.3,21.833,True,False,,ok,False,False,3.2919,-4.9497,step,2614.6,0.26936,27.548,1.2106,2426.5,True,True,False,6.9303,157.64,,True,False,True,,True,not run,,,,,,,,,,,,,,,,,,,,,,,,not run,,,,,,0,-4.9497,45.399,3.2919,9.3097
173003041_2618.0000,173003041,2618,A,6172,13.879,2641.4,3,11.1,1.2678,1.2,150.69,33.367,True,False,,ok,True,True,26.746,13.145,flare_decay,2618,0.34234,4.5388,1.2743,3403.3,True,True,False,3.9471,3.7801,,True,False,True,False,True,ok,False,False,0.058629,0.056754,True,,,1.6829,True,True,,0,0.81373,False,"Tauntonia (V=14.7, 25"")",True,False,False,False,False,,,,not run,,,,,,0,13.145,124.81,68.477,26.746
85321516_2629.1500,85321516,2629.2,A,6178,13.871,7066.7,3,12.648,1.967,1.04,163.25,31.548,True,False,,ok,True,True,17.13,7.8577,flare_decay,2629.2,0.36995,4.5641,1.2498,8919.1,True,True,False,6.5605,0.69002,grazing,True,False,True,True,True,ok,True,True,0.73683,0.65169,True,0.13953,1.1328,10.239,False,True,,0,10.22,True,,True,False,False,False,False,,,,ok,False,0.97004,0,19.248,28.872,0,7.8577,104.65,68.745,17.13
389917695_2625.7100,389917695,2625.7,A,6180,13.866,6980.2,6,12.235,2.2484,0.95,276.04,58.103,True,False,,ok,False,False,-4.8592,-5.1182,flare_decay,2625.8,0.052371,1.38,0.00029477,3323.6,False,False,False,5.9358,0.10928,,True,False,True,,True,not run,,,,,,,,,,,,,,,,,,,,,,,,not run,,,,,,0,-5.1182,0.61842,1.6421,-4.8592
141249539_2628.9600,141249539,2629,A,6182,13.852,237.92,24,7.3308,1.167,1.04,187.67,50.975,True,False,,ok,True,True,59.132,97.047,step,2629.4,0.013947,54.248,0.2551,232.6,False,True,False,2.878,16754,,True,False,True,True,True,ok,False,True,2.1343,2.1439,False,1.0941,53.967,14.808,False,True,,0,29.565,True,,True,False,False,False,False,,,,not run,,,,,,0,97.047,156.78,59.132,102.02
87974065_2616.6300,87974065,2616.6,A,6189,13.834,9321.1,4,12.849,1.4841,1.43,146.52,22.045,True,False,,ok,False,False,0.73527,14.119,flare_decay,2616.6,0.39246,7.9436,1.2616,10514,True,True,False,4.5215,13.559,,True,False,True,,True,not run,,,,,,,,,,,,,,,,,,,,,,,,not run,,,,,,0,14.119,141.09,90.177,0.73527
95341270_2615.5000,95341270,2615.5,A,6194,13.814,10722,2,12.975,1.066,0.99,153.62,23.764,True,False,,ok,True,True,10.707,12.797,flare_decay,2615.5,0.39439,3.3081,1.2445,13168,True,True,False,3.6756,1.7976,grazing,True,False,True,False,True,ok,False,False,0.17349,0.13045,True,,,-0.21947,True,True,,0,2.3967,True,,True,False,False,False,False,,,,ok,False,0.72727,0,20.488,30.733,0,12.797,141.06,109.89,10.707
259237909_2612.4800,259237909,2612.5,A,6196,13.81,1921.2,12,10.819,3.0653,1,292.97,69.822,True,False,,ok,False,False,-9.4781,-3.929,step,2612.7,0.02231,28.834,0.39775,582.33,False,True,False,7.7333,130.19,,True,False,False,,True,not run,,,,,,,,,,,,,,,,,,,,,,,,not run,,,,,,0,-3.929,-5.9256,-9.4781,-1.4
356541801_2627.5800,356541801,2627.6,A,6197,13.81,1252.2,24,10.249,1.6635,1.29,154,60.3,True,False,,ok,True,True,113.6,36.964,flare_decay,2627.6,0.043853,45.886,0.95737,1342.2,True,True,False,3.9314,3980.3,,True,False,True,False,True,ok,False,False,-1.052,-0.84115,True,,,-20.516,True,True,,1,-14.528,True,,True,False,False,False,False,,,,not run,,,,,,0,36.964,254.38,115.7,113.6
318251677_2627.5500,318251677,2627.6,A,6201,13.777,1662.7,24,12.449,1.19,1.08,163.46,51.736,True,False,,ok,False,False,-21.276,-8.107,flare_decay,2627.5,0.044496,40.775,0.94108,1485.4,True,True,False,2.9853,6374.9,,True,True,True,,True,not run,,,,,,,,,,,,,,,,,,,,,,,,not run,,,,,,0,-8.107,9.6628,5.0554,-21.276
198508580_2612.2000,198508580,2612.2,A,6211,13.74,1905.9,24,12.566,1.0173,1.11,210.48,74.628,True,False,,ok,True,True,41.084,45.156,step,2611.8,0.062945,68.854,0.89304,3355.3,False,False,True,2.5734,47913,,False,True,False,,False,not run,,,,,,,,,,,,,,,,,,,,,,,,not run,,,,,,0,45.156,82.964,41.084,44.701
155635064_2631.6400,155635064,2631.6,A,6218,13.719,5694.6,24,9.1213,1.2404,1.198,202.13,80.759,True,False,,ok,True,True,11109,5067.1,step,2631.6,0.10061,62.55,0.94694,6222.1,True,True,False,3.1677,19264,,True,False,True,True,True,ok,True,True,7.2291,0.73771,True,0.42333,35.88,88.92,False,True,,1,99.175,True,,True,False,False,False,False,,,,ok,False,1,0,21.14,19264,0,5067.1,19489,11109,15207
156372726_2620.0500,156372726,2620.1,A,6222,13.712,2435.1,16,12.373,0.84201,0.79,167.84,47.734,True,False,,ok,True,True,19.411,8.8927,flare_decay,2620.3,0.056611,46.176,0.89803,2690.8,False,True,False,2.3714,18468,,True,False,True,True,True,ok,True,True,0.52505,0.42732,True,,,-5.916,True,True,,0,7.1994,True,,True,False,False,False,False,,,,ok,True,0.01818,0,15.699,18468,0,8.8927,31.798,26.177,19.411
87955198_2619.0400,87955198,2619,A,6234,13.677,3129.7,6,10.965,0.91129,0.972,146.04,22.21,True,False,,ok,True,True,20.93,0.20192,flare_decay,2619,0.057967,7.7002,0.83771,3112.9,False,True,False,2.3981,82.794,,True,False,True,False,True,ok,False,False,0.33224,0.27343,True,0.27761,2.154,9.2854,False,True,,0,4.5439,True,,True,False,False,False,False,,,,ok,True,0.017936,0,16.955,82.794,0,0.20192,171.62,72.768,20.93
4841632_2618.7400,4841632,2618.7,A,6241,13.661,6527.5,4,12.105,0.69987,0.744,146.82,31.855,True,False,,ok,False,False,-46.223,59.843,flare_decay,2618.7,0.39606,15.268,1.2739,9420.1,True,True,False,2.6569,474.65,,False,True,False,,False,not run,,,,,,,,,,,,,,,,,,,,,,,,not run,,,,,,0,59.843,243.11,-13.119,-46.223
82204636_2619.8600,82204636,2619.9,A,6250,13.637,7423.8,1,11.807,0.9401,0.93,148.11,25.976,True,False,,ok,True,True,43.279,2.5961,flare_decay,2619.9,0.082577,1.1894,0.00029678,8259.8,False,False,False,2.5692,0.17718,,True,False,False,,True,not run,,,,,,,,,,,,,,,,,,,,,,,,not run,,,,,,0,2.5961,147.16,129.16,43.279
171651840_2615.8800,171651840,2615.9,A,6264,13.592,6033.7,4,12.717,1.1823,1.02,159.53,23.834,True,False,,ok,True,True,15.274,-0.2147,flare_decay,2615.9,0.38198,5.0213,1.2711,7920.9,True,True,False,4.0005,4.9275,,True,False,True,False,True,ok,False,False,-0.2765,-0.24388,True,,,-13.402,True,True,,0,-3.7581,True,,True,False,False,False,False,,,,not run,,,,,,0,-0.2147,60.332,40.412,15.274
88704042_2628.9500,88704042,2628.9,A,6283,13.522,183.34,24,7.0515,1.0452,0.99,167.66,42.426,True,False,,ok,True,True,52.773,12.517,step,2628.8,0.022522,59.71,0.99215,211.54,True,True,False,2.6422,28869,,True,False,True,True,True,ok,True,True,1.0322,1.3403,True,0.78056,50.956,3.5712,False,True,,0,13.957,True,,True,False,False,False,False,,,,ok,True,0.00032901,0,18.543,28869,0,12.517,99.788,52.773,71.962
287287484_2627.5100,287287484,2627.5,A,6284,13.52,2489.1,24,12.391,1.8589,1.1,156.08,62.646,True,False,,ok,True,True,18.25,5.5243,flare_decay,2627.4,0.35273,78.511,1.2689,4842.6,True,True,False,6.0074,5597.7,,False,True,False,False,False,ok,False,False,-2.443,-2.2327,True,,,-25.855,True,True,,0,-33.03,True,,True,False,False,False,False,,,,not run,,,,,,0,5.5243,85.274,25.744,18.25
27065991_2612.6300,27065991,2612.6,A,6287,13.513,1017.3,3,8.9579,1.2658,1.086,151.69,21.034,True,False,,ok,True,True,56.404,16.065,step,2612.6,0.057182,5.0305,0.9954,1142.5,True,True,False,3.2083,9.6261,,True,False,False,False,True,ok,False,False,-0.031545,-0.033741,True,,,2.1194,True,True,,0,-0.42628,True,,True,False,False,False,False,,,,not run,,,,,,0,16.065,148.79,56.404,60.435
274242849_2620.1200,274242849,2620.1,A,6288,13.51,1561.4,24,11.432,0.56423,0.55788,160.81,57.417,True,False,,ok,True,True,101.89,38.341,step,2620.9,0.36286,133.85,1.2561,7286.1,True,True,False,2.3016,,,False,True,False,False,False,ok,True,True,4.7869,0.75472,True,0.8699,122.19,12.505,False,True,,0,64.67,True,,True,False,False,False,False,,,,not run,,,,,,0,38.341,185.12,101.89,120.42
147994132_2635.1600,147994132,2635.2,A,6295,13.494,3983.4,16,10.621,1.2416,1.04,170.6,66.91,True,False,,ok,True,True,434.17,581.59,step,2636.5,0.39143,45.876,1.1946,20530,True,True,False,4.2031,3255.7,,False,,,False,False,ok,False,False,,,True,0.61114,13.889,18.183,False,True,,0,,True,,True,False,False,False,False,,,,not run,,,,,,0,581.59,620.11,434.17,528.85
88047433_2617.0200,88047433,2617,A,6300,13.486,18725,1,12.976,0.93929,0.98,147.58,22.618,True,False,,ok,True,True,38.491,2.8276,flare_decay,2617,0.4185,2.0804,1.2229,20899,True,True,False,3.3057,0.59166,grazing,False,True,False,False,False,ok,False,False,0.027432,0.017203,True,,,-0.80983,True,True,,0,0.36994,True,,True,False,False,False,False,,,,not run,,,,,,0,2.8276,136.51,98.171,38.491
154091253_2625.7700,154091253,2625.8,A,6302,13.482,1758.1,12,10.987,1.2678,1.34,209.64,68.216,True,False,,ok,False,False,2.2406,2.8951,step,2625.1,0.058584,55.3,0.91002,2803,True,True,False,2.9997,15676,,False,,,,False,not run,,,,,,,,,,,,,,,,,,,,,,,,not run,,,,,,0,2.8951,23.294,2.2406,9.6545
4972954_2620.3400,4972954,2620.3,A,6311,13.457,1795.6,24,11.777,0.79713,0.94,149.03,30.276,True,False,,ok,True,True,46.004,29.263,step,2620.5,0.35175,89.344,1.2787,3856,True,False,True,2.7104,89596,,False,True,False,,False,not run,,,,,,,,,,,,,,,,,,,,,,,,not run,,,,,,0,29.263,84.366,46.004,69.966
165280582_2631.3000,165280582,2631.3,A,6322,13.434,5618.1,2,11.568,1.1467,1.06,156.43,26.651,True,False,,ok,True,True,70.086,11.389,flare_decay,2631.3,0.38341,2.6783,1.2759,7539.5,True,True,False,3.8345,0.81235,grazing,True,False,False,False,True,ok,False,False,-0.12307,-0.076776,True,,,-1.7351,True,True,,0,-1.6533,True,,True,False,False,False,False,,,,not run,,,,,,0,11.389,192.87,116.56,70.086
165299860_2627.7900,165299860,2627.8,A,6327,13.431,6654.1,3,12.366,1.8626,0.97,157.24,26.048,True,False,,ok,True,True,64.257,9.6814,flare_decay,2627.8,0.37792,5.8213,1.2696,7591.1,True,True,False,6.3949,1.8055,grazing,True,False,True,False,True,ok,False,False,0.19714,0.11392,True,0.92085,3.0881,3.3812,False,True,,0,2.6478,True,,True,False,False,False,False,,,,not run,,,,,,0,9.6814,189.82,90.061,64.257
237097805_2632.5500,237097805,2632.6,A,6339,13.392,4303.2,3,11.864,0.98607,0.96,240.01,67.193,True,False,,ok,True,True,31.188,3.7672,flare_decay,2632.6,0.36758,4.7405,1.2801,5281.6,True,True,False,3.3688,6.9577,,True,False,True,True,True,ok,True,True,0.78594,0.58344,True,0.39283,3.8647,11.833,False,True,,1,10.525,True,,True,True,False,False,False,,,237097805.01,ok,False,0.86404,0.10283,22.107,33.161,0,3.7672,114.19,74.808,31.188
233630283_2611.8700,233630283,2611.9,A,6356,13.343,1678.2,16,11.681,1.6968,1.44,284.56,65.129,True,False,,ok,False,False,-7.0639,-4.0808,step,2611.8,0.036178,24.035,0.42914,1521,False,True,False,3.8374,615.04,,True,False,True,,True,not run,,,,,,,,,,,,,,,,,,,,,,,,not run,,,,,,0,-4.0808,33.594,-7.0639,-3.5814
142302598_2625.7100,142302598,2625.7,A,6357,13.342,3810.8,12,12.685,0.83565,0.98,192.74,60.131,True,False,,ok,False,False,-10.357,-3.7305,flare_decay,2625,0.049834,58.174,2.6727e-06,3009.5,False,False,True,2.1762,47776,,False,,,,False,not run,,,,,,,,,,,,,,,,,,,,,,,,not run,,,,,,0,-3.7305,-6.9997,-9.2639,-10.357
95361187_2633.1300,95361187,2633.1,A,6367,13.326,7744.2,3,12.72,1.2411,1.17,154.32,19.849,True,False,,ok,True,True,20.479,3.3083,flare_decay,2633.1,0.38293,2.9747,1.2439,11498,True,True,False,4.0145,0.97693,grazing,False,True,False,False,False,ok,False,False,-0.061536,-0.042892,True,,,-4.209,True,True,,1,-0.82005,False,"Jacchia (V=15.8, 47"")",True,False,False,False,False,,,,not run,,,,,,0,3.3083,113.63,47.544,20.479
402659226_2628.2300,402659226,2628.2,A,6377,13.304,1633.2,24,11.292,0.74752,0.801,302.38,68.611,True,False,,ok,True,True,26.186,43.27,ramp,2628.1,0.31915,99.219,1.2675,2106.6,True,True,False,2.6163,,,False,True,False,True,True,ok,False,True,1.3236,2.0937,False,1.5295,63.479,39.19,False,False,402660293,0,17.608,True,,True,False,False,False,False,,,,not run,,,,,,0,43.27,26.186,84.509,79.012
298092113_2614.5700,298092113,2614.6,A,6391,13.263,5109.4,12,11.933,0.87659,0.923,204.66,64.326,True,False,,ok,True,True,36.823,-2.7296,step,2614.5,0.060478,19.667,0.00035886,4431.8,False,True,False,2.3525,1461.4,,True,False,False,True,True,ok,True,True,2.1276,1.741,True,0.11794,6.2809,5.7269,False,True,,0,28.218,True,,True,False,False,False,False,,,,ok,True,8.89e-06,8.5719e-06,21.51,1461.4,0,-2.7296,320.06,36.823,191.76
330754592_2612.4300,330754592,2612.4,A,6393,13.258,2723.8,16,11.477,1.4515,1.47,144.18,25.419,True,False,,ok,False,False,-647.5,-205.46,flare_decay,2612.5,0.321,37.619,1.2651,2400.4,True,True,False,4.1564,1856.3,,True,False,True,,True,not run,,,,,,,,,,,,,,,,,,,,,,,,not run,,,,,,0,-205.46,347.95,-312.99,-647.5
153975382_2635.1400,153975382,2635.1,A,6397,13.248,5006.5,12,11.989,0.87324,0.96,202.92,70.979,True,False,,ok,False,False,-4.2249,32.943,ramp,2636.2,0.37598,65.116,1.2483,9916.8,True,True,False,3.0015,25547,,False,,,,False,not run,,,,,,,,,,,,,,,,,,,,,,,,not run,,,,,,0,32.943,-4.2249,66.761,86.752
95341142_2617.1300,95341142,2617.1,A,6402,13.237,6393,1,11.51,1.9427,1.08,153.6,23.036,True,False,,ok,True,True,15.446,5.547,flare_decay,2617.1,0.076474,1.1651,0.0005298,7084.7,False,False,False,5.025,0.090192,,False,True,False,,False,not run,,,,,,,,,,,,,,,,,,,,,,,,not run,,,,,,0,5.547,164.55,118.35,15.446
229589610_2627.7200,229589610,2627.7,A,6403,13.236,3423.8,12,12.865,0.7157,0.722,272.28,72.638,True,False,,ok,False,False,-10.134,-8.8564,step,2627.7,0.035845,11.274,0.088432,1554.8,False,True,False,2.0361,424.52,,True,False,True,,True,not run,,,,,,,,,,,,,,,,,,,,,,,,not run,,,,,,0,-8.8564,-4.4685,-10.134,-5.1743
92007005_2628.9000,92007005,2628.9,A,6411,13.227,8463.2,3,12.546,2.1287,1.12,145.2,21.618,True,False,,ok,True,True,41.006,6.5876,flare_decay,2628.9,0.40121,2.2127,1.2504,13390,True,True,False,7.086,0.13159,grazing,False,True,False,False,False,ok,False,False,0.15393,0.11003,True,,,0.5417,True,True,,0,2.0361,True,,True,False,False,False,False,,,,not run,,,,,,0,6.5876,142.62,113.51,41.006
165412823_2616.3300,165412823,2616.3,A,6416,13.214,7946.2,4,12.946,0.81597,0.83,159.45,23.926,True,False,,ok,True,True,22.3,10.315,flare_decay,2616.3,0.17855,7.346,1.0249,9328.1,True,True,False,2.5214,61.854,,True,False,True,False,True,ok,False,False,0.06907,0.047089,True,,,1.6364,True,True,,0,0.91268,True,,True,False,False,False,False,,,,not run,,,,,,0,10.315,81.43,49.348,22.3
26958352_2628.4700,26958352,2628.5,A,6422,13.199,15242,1,12.743,0.90311,0.98,149.76,21.513,True,False,,ok,True,True,29.267,15.491,flare_decay,2628.5,0.41013,1.8693,1.2321,17762,True,True,False,3.1595,0.48608,grazing,True,False,True,False,True,ok,False,False,-0.34624,-0.20415,True,,,-17.915,True,True,,0,-4.5699,True,,True,False,False,False,False,,,,not run,,,,,,0,15.491,134.34,89.382,29.267
149366135_2614.9600,149366135,2615,A,6430,13.178,3216.1,2,10.941,1.0294,0.98,139,24.762,True,False,,ok,True,True,35.87,6.3288,flare_decay,2615,0.39402,2.6881,1.3145,4638.1,True,True,False,3.5605,1.046,grazing,True,False,True,False,True,ok,False,False,-0.23344,-0.35034,True,,,-1.4118,True,False,149366125,0,-3.0762,True,,True,False,False,False,False,,,,not run,,,,,,0,6.3288,139.16,91.878,35.87
450303612_2612.1600,450303612,2612.2,A,6444,13.136,1701.3,24,11.883,1.3308,0.99,143.73,38.636,True,False,,ok,False,False,-172.24,-158.31,flare_decay,2612.2,0.050476,39.441,0.95418,1776.4,True,True,False,3.4567,3717.3,,True,False,True,,True,not run,,,,,,,,,,,,,,,,,,,,,,,,not run,,,,,,0,-158.31,100.37,-124.14,-172.24
285003429_2627.6600,285003429,2627.7,A,6456,13.109,2154.9,3,10.336,1.9815,1.33,137.51,29.403,True,False,,ok,True,True,43.26,5.4128,step,2627.7,0.054113,4.4742,0.92709,2288.5,True,True,False,4.682,2.1112,grazing,True,False,False,False,True,ok,False,False,0.25578,0.23967,True,0.74471,3.3806,5.7819,False,True,,1,3.353,False,"Carolina (V=13.3, 50"")",True,False,False,False,False,,,,not run,,,,,,0,5.4128,162.55,43.26,54.423
171556893_2631.3900,171556893,2631.4,A,6478,13.059,4396.4,1,10.925,1.3452,1.03,156.12,20.172,True,False,,ok,True,True,39.626,15.71,flare_decay,2631.4,0.43359,1.6002,1.3468,5550.3,True,True,False,4.7074,0.093021,grazing,False,True,False,False,False,ok,False,False,0.090236,0.046397,True,,,2.7274,True,True,,0,1.1784,True,,True,False,False,False,False,,,,not run,,,,,,0,15.71,176.58,130.07,39.626
241265183_2612.9700,241265183,2613,A,6479,13.059,3213.7,4,11.602,1.5868,1.11,158.84,32.282,True,False,,ok,True,True,19.389,-0.25129,flare_decay,2613,0.052552,4.811,8.1201e-09,3346.6,False,True,False,3.9758,4.3945,,True,False,True,False,True,ok,False,False,0.030504,0.03072,True,,,0.49875,True,True,,0,0.39834,True,,True,False,False,False,False,,,,not run,,,,,,0,-0.25129,118.82,47.723,19.389
95747180_2621.1300,95747180,2621.1,A,6480,13.055,6788.6,4,12.647,1.2184,1.09,160.24,21.071,True,False,,ok,True,True,56.864,5.6644,step,2621.1,0.092134,4.6031,0.75372,8536.7,False,True,False,3.1863,7.5244,,True,False,True,True,True,ok,True,True,1.1125,0.97926,True,0.095024,0.95531,13.089,False,True,,0,14.524,True,,True,False,False,False,False,,,,ok,True,0.27758,0,14.853,22.28,0,5.6644,178.12,56.864,67.984
155893441_2617.3700,155893441,2617.4,A,6497,13.02,5932.8,3,12.514,0.79035,1.02,176.11,76.303,True,False,,ok,True,True,19.397,10.251,flare_decay,2617.4,0.59264,6.641,1.5007,6807.8,True,True,False,3.0814,25.04,,True,False,True,True,True,ok,False,True,3.4321,2.072,False,1.3657,40.202,56.419,False,False,155893443,0,44.687,True,,True,False,False,False,False,,,,not run,,,,,,0,10.251,110.94,55.949,19.397
149363054_2618.3300,149363054,2618.3,A,6530,12.935,3894.9,4,11.661,1.1148,1.08,138.66,27.274,True,False,,ok,True,True,68.857,3.4784,flare_decay,2618.3,0.074718,6.4674,0.90834,4548.1,True,True,False,2.8776,28.392,,True,False,True,False,True,ok,False,False,0.33421,0.14836,True,,,2.2721,True,True,,0,4.323,True,,True,False,False,False,False,,,,not run,,,,,,0,3.4784,145.96,84.648,68.857
149467936_2612.9100,149467936,2612.9,A,6537,12.926,915.55,24,11.237,2.3682,1.05,141.32,29.574,True,False,,ok,False,False,-0.81681,-5.1604,flare_decay,2612.9,0.035017,25.752,0.88905,1052.3,False,True,False,5.947,203.58,,True,False,True,,True,not run,,,,,,,,,,,,,,,,,,,,,,,,not run,,,,,,0,-5.1604,61.173,0.029966,-0.81681
86105949_2614.9300,86105949,2614.9,A,6544,12.914,9535.4,4,12.988,0.27089,0.24379,140.09,23.542,True,False,,ok,False,False,-16.918,-5.2041,flare_decay,2614.9,0.095041,6.3147,0.61878,9858.9,False,True,False,1.1699,393.23,,True,False,False,,True,not run,,,,,,,,,,,,,,,,,,,,,,,,not run,,,,,,0,-5.2041,82.735,-15.373,-16.918
171599184_2628.8500,171599184,2628.8,A,6557,12.885,9859.2,2,12.884,1.1182,1.07,156.77,23.732,True,False,,ok,True,True,22.858,8.7222,flare_decay,2628.9,0.42035,3.0014,1.2803,12076,True,True,False,3.8271,1.1743,grazing,True,False,True,False,True,ok,False,False,-0.007201,-0.005805,True,,,-4.2002,True,True,,0,-0.092785,True,,True,False,False,False,False,,,,not run,,,,,,0,8.7222,120.36,76.337,22.858
91902451_2617.5700,91902451,2617.6,A,6571,12.858,6617.3,6,12.982,1.4047,1.31,143.59,22.091,True,False,,ok,False,False,3.0943,1.214,flare_decay,2617.6,0.091928,8.1367,0.86235,7506.6,False,True,False,3.4546,32.685,,True,False,True,,True,not run,,,,,,,,,,,,,,,,,,,,,,,,not run,,,,,,0,1.214,92.759,36.573,3.0943
258924573_2612.1400,258924573,2612.1,A,6573,12.854,1229.8,16,9.4942,2.0377,2.43,289.2,69.809,True,False,,ok,True,True,40.812,5.8953,flare_decay,2612.2,0.03282,18.585,0.74242,1097.1,False,True,False,3.8581,279.8,,True,False,True,False,True,ok,False,False,-0.17946,-0.14886,True,0.3652,3.9953,3.2851,False,False,258924578,0,-2.3067,True,,True,False,False,False,False,,,,not run,,,,,,0,5.8953,247.1,62.996,40.812
361976939_2627.5200,361976939,2627.5,A,6586,12.829,2993.8,24,12.929,0.94117,0.99,144.05,28.818,True,False,,ok,True,True,14.553,1.3078,flare_decay,2627.5,0.052848,22.588,0.08835,3379.1,False,True,False,2.4498,1960.8,,True,False,True,False,True,ok,False,False,0.074386,0.080073,True,,,-1.76,True,True,,0,0.95434,True,,True,False,False,False,False,,,,not run,,,,,,0,1.3078,70.027,28.244,14.553
252464537_2611.7500,252464537,2611.8,A,6591,12.82,8258.7,4,12.87,1.0128,1.05,149.85,52.062,True,False,,ok,False,False,0.94421,-0.56469,flare_decay,2611.8,0.38374,8.9705,1.2976,5231.3,True,True,False,3.3979,46.038,,True,False,False,,True,not run,,,,,,,,,,,,,,,,,,,,,,,,not run,,,,,,0,-0.56469,23.891,5.111,0.94421
88065220_2629.5400,88065220,2629.5,A,6605,12.784,1919.3,1,7.99,1.799,1.363,148.01,23.003,True,False,,ok,True,True,114.08,27.24,flare_decay,2629.5,0.056015,3.3745,0.96552,1870.3,True,True,False,4.2233,1.2019,grazing,True,False,False,False,True,ok,False,False,0.26659,0.19821,True,0.69846,4.4702,4.4806,False,True,,0,3.408,True,,True,False,False,False,False,,,,ok,True,0.27397,1.0167e-90,19.207,28.811,0,27.24,303.04,177.53,114.08
232616346_2625.7000,232616346,2625.7,A,6606,12.782,2883,6,11.529,1.8988,0.95,259.36,63.454,True,False,,ok,False,False,-13.866,-6.3575,step,2626.2,0.048642,12.589,0.933,1820.4,True,True,False,4.9935,40.116,,True,False,False,,True,not run,,,,,,,,,,,,,,,,,,,,,,,,not run,,,,,,0,-6.3575,-7.2937,-13.866,-6.8093
264171494_2612.1300,264171494,2612.1,A,6614,12.761,5061.9,6,11.831,1.0171,1.14,294.43,67.48,True,False,,ok,False,False,-6.4396,2.7477,step,2611.9,0.15632,0.40483,1.0456,5186,True,True,False,2.7743,,grazing,False,True,False,,False,not run,,,,,,,,,,,,,,,,,,,,,,,,not run,,,,,,0,2.7477,-5.5096,-6.4396,-2.8642
98412829_2614.5200,98412829,2614.5,A,6630,12.73,1312.4,16,10.246,1.7901,1,147.19,28.605,True,False,,ok,True,False,24.472,-10.065,step,2614.5,0.03198,16.133,2.6924e-05,1239.5,False,True,False,4.5538,111.34,,True,False,True,False,True,ok,False,False,3.4767,4.7136,True,0.19951,16.306,4.2344,False,True,,1,44.258,True,,True,False,False,False,False,,,,ok,True,8.6854e-05,3.6114e-05,21.46,111.34,0,-10.065,99.493,24.472,54.053
166655698_2635.2400,166655698,2635.2,A,6639,12.715,5163.6,12,12.225,0.79588,0.83,166.53,32.853,True,False,,ok,False,False,-42.154,134.38,ramp,2636.4,0.41433,75.065,1.1933,25429,True,False,True,2.9515,41155,,False,,,,False,not run,,,,,,,,,,,,,,,,,,,,,,,,not run,,,,,,0,134.38,-42.154,356.69,315.76
138618679_2632.3400,138618679,2632.3,A,6666,12.64,5674.1,3,12.44,0.84607,1.07,176.84,61.537,True,False,,ok,True,True,29.73,5.0016,flare_decay,2632.3,0.36171,4.8595,1.2595,6776.2,True,True,False,2.7756,13.418,,True,False,True,False,True,ok,False,False,0.3526,0.29596,True,0.36,1.7531,7.004,False,True,,0,4.4568,True,,True,False,False,False,False,,,,ok,False,0.88582,0,21.917,32.875,0,5.0016,101.19,63.645,29.73
149369648_2630.9800,149369648,2631,A,6679,12.601,7560.4,1.5,12.057,1.6236,1.24,139.17,26.614,True,False,,ok,True,True,54.346,5.7382,flare_decay,2631,0.10115,2.449,0.89295,8530.1,False,False,False,4.1017,0.41481,,True,False,False,,True,not run,,,,,,,,,,,,,,,,,,,,,,,,not run,,,,,,0,5.7382,153.44,112.02,54.346
357238337_2627.8500,357238337,2627.8,A,6684,12.597,2698.8,12,10.323,0.70949,0.8,155.66,56.845,True,False,,ok,True,True,294.05,377.48,flare_decay,2627.4,0.40829,83.699,1.2616,12891,True,False,True,2.6521,78628,,False,True,False,,False,not run,,,,,,,,,,,,,,,,,,,,,,,,not run,,,,,,0,377.48,298.48,485.64,294.05
230090766_2626.1700,230090766,2626.2,A,6695,12.578,5200.3,6,12.414,0.70465,0.75,247.72,70.199,True,False,,ok,False,False,-13.908,-8.4171,ramp,2625.6,0.56586,45.1,1.4744,6649,True,True,False,2.9926,8563.4,,False,,,,False,not run,,,,,,,,,,,,,,,,,,,,,,,,not run,,,,,,0,-8.4171,-13.908,-12.522,-7.4922
252475336_2631.5700,252475336,2631.6,A,6703,12.563,6927,3,12.693,1.0806,0.99,154.82,52.08,True,False,,ok,True,True,17.994,-0.97844,flare_decay,2631.6,0.096823,3.7898,0.8722,8174.5,False,True,False,2.9304,5.3928,,True,False,True,False,True,ok,False,False,0.13873,0.1317,True,,,2.5427,True,True,,0,1.7429,True,,True,False,False,False,False,,,,not run,,,,,,0,-0.97844,113.17,72.693,17.994
367837149_2613.1800,367837149,2613.2,A,6711,12.545,6983.5,6,11.407,0.79278,0.81,275.79,73.456,True,False,,ok,False,False,-9.6399,-4.8036,step,2613.1,0.032936,12.261,0.24485,1298.4,False,True,False,2.1645,454.55,,False,True,False,,False,not run,,,,,,,,,,,,,,,,,,,,,,,,not run,,,,,,0,-4.8036,-6.8857,-9.6399,-7.043
159397851_2634.5700,159397851,2634.6,A,6713,12.542,2467,24,12.78,0.74241,0.92,237.82,78.101,True,False,,ok,True,True,33.365,35.671,step,2634.6,0.37286,88.879,1.2847,5382.1,True,True,False,2.5822,,,False,True,False,False,False,ok,False,False,,,True,0.56721,7.7731,12.572,False,True,,1,,True,,True,False,False,False,False,,,,not run,,,,,,0,35.671,51.687,33.365,71.018
219101335_2611.8800,219101335,2611.9,A,6723,12.525,5718.9,4,12.497,0.71649,0.797,270.2,69.24,True,False,,ok,False,False,-24.625,12.428,step,2611.9,0.093739,8.2872,0.89462,7328.3,False,True,False,2.0825,157.59,,True,False,False,,True,not run,,,,,,,,,,,,,,,,,,,,,,,,not run,,,,,,0,12.428,257.96,-24.625,-8.8213
91966003_2628.5200,91966003,2628.5,A,6726,12.519,1757.2,24,12.055,1.423,1.16,144.04,23.217,True,False,,ok,False,False,3.3503,-1.5061,step,2628.4,0.064156,60.268,0.98413,1791.3,True,True,False,3.5518,12227,,True,False,True,,True,not run,,,,,,,,,,,,,,,,,,,,,,,,not run,,,,,,0,-1.5061,21.017,3.3503,12.195
156512444_2614.5400,156512444,2614.5,A,6727,12.519,10586,8,12.339,0.61972,0.60389,221.54,76.568,True,False,,ok,True,True,21.761,15.663,step,2614.6,0.10086,17.283,0.80601,9725,False,True,False,1.9886,1641.7,,True,False,False,False,True,ok,False,False,0.84739,0.26706,True,0.69552,11.85,10.185,False,True,,0,10.609,True,,True,False,False,False,False,,,,ok,False,1,0.82385,21.401,1641.7,0,15.663,129.89,21.761,151
63189254_2629.8300,63189254,2629.8,A,6741,12.488,9930.4,1.5,12.345,0.80223,0.93,156.68,17.597,True,False,,ok,True,True,42.166,0.023129,flare_decay,2629.8,0.089422,2.4476,1.9977e-06,9684.6,False,True,False,2.2061,3.4027,,True,False,False,False,True,ok,False,False,0.029564,0.033065,True,,,-8.0852,True,True,,0,0.36919,True,,True,False,False,False,False,,,,not run,,,,,,0,0.023129,107.91,80.913,42.166
233711812_2621.1300,233711812,2621.1,A,6751,12.473,649.13,12,9.9956,0.93792,0.911,275.79,62.361,True,False,,ok,False,False,-9.7134,-4.4882,step,2621.1,0.024192,1.5164,0.65402,629.66,False,False,False,2.4416,0.56475,,True,False,True,,True,not run,,,,,,,,,,,,,,,,,,,,,,,,not run,,,,,,0,-4.4882,-9.5227,-9.7134,-3.2564
148621427_2612.1500,148621427,2612.2,A,6757,12.458,5892.6,4,12.679,1.0838,1.09,153.85,54.225,True,False,,ok,False,False,-12.616,-7.981,step,2612,0.061406,7.6622,1.4789e-05,4568.8,False,True,False,2.7544,53.842,,False,True,False,,False,not run,,,,,,,,,,,,,,,,,,,,,,,,not run,,,,,,0,-7.981,-6.4041,-12.616,-7.5142
16222047_2613.1100,16222047,2613.1,A,6765,12.437,1393.2,12,11.26,1.7765,1.04,153.58,40.981,True,False,,ok,True,True,39.322,-4.5999,flare_decay,2613.1,0.038711,11.219,0.0034708,1816.2,False,True,False,4.4895,39.056,,True,False,True,True,True,ok,True,True,0.54469,0.72221,True,0.21846,1.6595,9.4532,False,True,,0,6.7743,True,,True,False,False,False,False,,,,ok,True,9.8063e-05,1.1966e-06,22.85,39.056,0,-4.5999,102.17,41.644,39.322
414963902_2620.7500,414963902,2620.8,A,6769,12.429,12200,1,12.677,1.7005,1.29,140.7,23.222,True,False,,ok,True,True,10.858,4.6273,flare_decay,2620.7,0.4019,1.9087,1.2465,14086,True,True,False,5.3997,0.11346,grazing,False,True,False,False,False,ok,False,False,-0.017368,-0.014691,True,,,0.63899,True,True,,0,-0.21587,False,"Bittner (V=16.6, 5"")",True,False,False,False,False,,,,not run,,,,,,0,4.6273,84.207,41.995,10.858
207428467_2634.3800,207428467,2634.4,A,6777,12.418,1352,24,12.509,1.7858,1.26,243.19,58.976,True,False,,ok,False,False,2.0863,-4.8647,step,2634.5,0.052846,46.145,0.97254,1530.6,True,True,False,4.2909,3114.3,,True,False,True,,True,not run,,,,,,,,,,,,,,,,,,,,,,,,not run,,,,,,0,-4.8647,15.066,2.0863,8.7735
353808255_2626.1300,353808255,2626.1,A,6803,12.385,5878.5,6,12.415,1.1035,1,270.27,55.903,True,False,,ok,False,False,0.54484,6.9764,step,2625.9,0.21743,29.1,1.0524,11651,True,True,False,3.3107,1699.3,,False,True,False,,False,not run,,,,,,,,,,,,,,,,,,,,,,,,not run,,,,,,0,6.9764,4.233,0.54484,3.7476
243278327_2626.2200,243278327,2626.2,A,6805,12.382,3027.9,3,7.4113,1.0191,1.07,288.51,59.552,True,False,,ok,False,False,-9.3776,-4.6754,ramp,2626.3,0.017173,7.1944,0.85353,268.41,False,True,False,2.4972,59.803,,True,False,False,,True,not run,,,,,,,,,,,,,,,,,,,,,,,,not run,,,,,,0,-4.6754,-9.3776,-7.6983,-3.286
157977696_2618.6200,157977696,2618.6,A,6812,12.363,17377,1.5,12.794,1.0895,1.06,206.8,61.889,True,False,,ok,False,False,-285.54,1128.2,step,2618.6,0.12085,10.525,3.671e-10,17677,False,True,False,2.9513,113.47,,False,True,False,,False,not run,,,,,,,,,,,,,,,,,,,,,,,,not run,,,,,,0,1128.2,762.55,-285.54,-95.76
142349587_2614.5800,142349587,2614.6,A,6820,12.339,4982.3,12,11.913,0.74453,0.9,195.44,60.376,True,False,,ok,False,False,-19.616,8.738,step,2614.4,0.062829,23.226,0.00013493,4782.9,False,True,False,2.0194,3804.9,,True,False,False,,True,not run,,,,,,,,,,,,,,,,,,,,,,,,not run,,,,,,0,8.738,240.99,-19.616,127.05
414966962_2619.3400,414966962,2619.3,A,6824,12.334,5804.4,4,12.822,1.0902,0.97,141.07,23.158,True,False,,ok,True,True,17.208,-2.2655,flare_decay,2619.3,0.077172,3.9261,3.3137e-06,7214.6,False,True,False,2.9232,6.0422,,True,False,True,False,True,ok,False,False,0.1022,0.1003,True,,,-2.5501,True,True,,0,1.2606,True,,True,False,False,False,False,,,,not run,,,,,,0,-2.2655,67.855,28.662,17.208
308027287_2632.4100,308027287,2632.4,A,6834,12.316,9644.9,1.5,12.554,1.8286,1.07,150.07,25.512,True,False,,ok,True,True,11.829,10.739,flare_decay,2632.4,0.14601,3.0154,0.96588,10409,True,True,False,5.0513,0.21927,grazing,True,False,True,False,True,ok,False,False,0.1626,0.096085,True,,,-4.5219,True,True,,0,2.0025,True,,True,False,False,False,False,,,,not run,,,,,,0,10.739,123.38,50.091,11.829
159333051_2612.3500,159333051,2612.3,A,6841,12.309,1780,24,11.601,1.1804,1.215,232.85,80.198,True,False,,ok,True,True,49.439,154.81,flare_decay,2611.6,0.37144,134.35,1.277,6014.2,True,True,False,3.7391,,,False,True,False,True,True,ok,True,True,3.707,1.3458,True,0.37089,33.59,113.56,False,True,,1,45.627,True,,True,False,False,False,False,,,,ok,False,1,0.0030681,24.384,73.152,0,154.81,101.09,107.06,49.439
320525316_2625.6300,320525316,2625.6,A,6846,12.294,4597.7,3,11.346,0.98599,0.972,264.97,56.349,True,False,,ok,False,False,-7.4435,-4.5431,step,2625.6,0.034936,1.4099,0.62895,1329,False,False,False,2.5383,0.38472,,True,True,True,,True,not run,,,,,,,,,,,,,,,,,,,,,,,,not run,,,,,,0,-4.5431,-7.0331,-7.4435,-4.4491
148671665_2620.8100,148671665,2620.8,A,6851,12.28,758.45,3,8.5595,1.5776,1.081,169.33,42.807,True,False,,ok,True,False,49.177,-14.203,flare_decay,2620.8,0.024958,4.2808,0.017829,754.96,False,True,False,3.883,3.3086,,True,False,True,False,True,ok,False,False,0.1771,0.51584,True,,,2.2021,True,True,,0,2.1748,True,,True,False,False,False,False,,,,not run,,,,,,0,-14.203,125.34,69.889,49.177
285005062_2614.5100,285005062,2614.5,A,6852,12.274,928.33,16,8.4154,2.0739,1.647,138.42,25.254,True,False,,ok,False,False,-13.278,-6.6241,ramp,2614.5,0.027832,17.606,0.38058,909.23,False,True,False,4.4494,155.13,,True,False,True,,True,not run,,,,,,,,,,,,,,,,,,,,,,,,not run,,,,,,0,-6.6241,-13.278,-10.342,-5.5103
318355067_2617.8800,318355067,2617.9,A,6856,12.267,10618,1,12.625,0.90062,1.2,165.56,48.306,True,False,,ok,False,False,-13.098,-0.95834,flare_decay,2617.9,0.097074,1.2535,0.012392,11411,False,False,False,2.2909,0.3788,,False,True,False,,False,not run,,,,,,,,,,,,,,,,,,,,,,,,not run,,,,,,0,-0.95834,97.002,82.346,-13.098
154511675_2634.6200,154511675,2634.6,A,6858,12.261,1458.8,24,11.814,0.65821,0.691,187.5,72.288,True,False,,ok,False,False,-25.788,-11.24,step,2634.7,0.033355,31.035,2.5775e-06,1348.4,False,True,False,1.8955,10975,,True,False,True,,True,not run,,,,,,,,,,,,,,,,,,,,,,,,not run,,,,,,0,-11.24,-12.568,-25.788,-7.2373
95429945_2634.9900,95429945,2635,A,6863,12.249,7275.8,24,12.843,0.77297,0.87,154.81,22.35,True,False,,ok,False,False,-82.689,686.08,ramp,2636.1,0.43746,72,1.1904,31221,True,False,True,2.868,39581,,False,,,,False,not run,,,,,,,,,,,,,,,,,,,,,,,,not run,,,,,,0,686.08,-82.689,679.85,970.95
154486130_2627.5300,154486130,2627.5,A,6864,12.249,4839.5,8,10.495,0.58554,0.57612,185.56,74.406,True,False,,ok,False,False,-4.7983,5.856,ramp,2627.6,0.042098,18.28,0.95208,1274.5,True,True,False,1.8067,2589.9,,False,True,False,,False,not run,,,,,,,,,,,,,,,,,,,,,,,,not run,,,,,,0,5.856,-4.7983,10.262,13.266
311068519_2634.5300,311068519,2634.5,A,6865,12.249,1398.8,24,12.219,1.1125,1.07,204.77,61.59,True,False,,ok,False,False,-6.2529,-6.4465,flare_decay,2634.5,0.32754,46.23,1.2821,1729.6,True,True,False,3.5585,5487.3,,True,False,True,,True,not run,,,,,,,,,,,,,,,,,,,,,,,,not run,,,,,,0,-6.4465,31.719,15.208,-6.2529
219433151_2618.1900,219433151,2618.2,A,6868,12.239,3612.4,8,12.653,1.044,0.95,204.67,72.822,True,False,,ok,True,True,22.401,-5.9568,flare_decay,2618.2,0.057624,8.793,0.42302,3862.8,False,True,False,2.7678,80.206,,True,False,True,True,True,ok,False,True,0.83237,0.94688,False,1.4545,40.695,57.626,False,True,,0,10.187,True,,True,False,False,False,False,,,,not run,,,,,,0,-5.9568,73.862,30.997,22.401
399964654_2625.5800,399964654,2625.6,A,6872,12.227,6448.5,6,12.595,0.7917,0.93,193.83,53.741,True,False,,ok,False,False,-7.0251,-5.6766,step,2625.6,0.071506,9.539,0.94162,3622,True,True,False,2.1413,221.09,,False,True,False,,False,not run,,,,,,,,,,,,,,,,,,,,,,,,not run,,,,,,0,-5.6766,7.5789,-7.0251,-6.3086
149397025_2618.2300,149397025,2618.2,A,6874,12.225,6403.1,1.5,12.101,1.6961,1.05,139.63,28.833,True,False,,ok,False,False,-21.618,0.659,flare_decay,2618.2,0.091446,1.9044,0.86522,7393.8,False,False,False,4.4897,0.14541,,False,True,False,,False,not run,,,,,,,,,,,,,,,,,,,,,,,,not run,,,,,,0,0.659,102.49,-0.35674,-21.618
239195600_2619.9700,239195600,2620,A,6888,12.187,8374.8,1.5,12.609,1.6828,1.2,146.37,29.652,True,False,,ok,True,True,15.519,-0.2203,flare_decay,2620,0.091373,1.9454,0.58104,9260.1,False,False,False,4.26,0.14854,,True,False,True,,True,not run,,,,,,,,,,,,,,,,,,,,,,,,not run,,,,,,0,-0.2203,83.142,62.377,15.519
20160931_2616.9000,20160931,2616.9,A,6891,12.172,1592,2,9.915,2.0599,1.16,145.21,43.818,True,False,,ok,True,True,33.935,14.333,flare_decay,2616.9,0.3327,3.3973,1.2833,1995.3,True,True,False,6.4443,0.21243,grazing,True,False,True,False,True,ok,False,False,0.14029,0.089209,False,1.8847,20.852,17.167,False,True,,0,1.7076,True,,True,False,False,False,False,,,,not run,,,,,,0,14.333,104.1,56.366,33.935
171630458_2634.9000,171630458,2634.9,A,6901,12.144,3955.2,4,12.121,1.2107,1.3,158.51,21.015,True,False,,ok,False,False,3.0088,-2.9245,flare_decay,2634.9,0.068959,6.2868,0.88669,4071.4,False,True,False,2.9221,24.904,,True,False,True,,True,not run,,,,,,,,,,,,,,,,,,,,,,,,not run,,,,,,0,-2.9245,60.912,30.585,3.0088
165408510_2617.8500,165408510,2617.8,A,6902,12.133,7555.3,1.5,12.167,1.5217,1.07,159.17,24.201,True,False,,ok,True,True,32.111,3.8157,flare_decay,2617.9,0.089944,2.2474,0.76536,8058.3,False,False,False,3.9966,0.17183,,True,False,True,,True,not run,,,,,,,,,,,,,,,,,,,,,,,,not run,,,,,,0,3.8157,126.82,104.94,32.111
441761546_2627.6900,441761546,2627.7,A,6903,12.132,3533.1,8,10.88,0.58196,0.57312,260.49,77.368,True,False,,ok,True,True,25.725,72.214,ramp,2627.4,0.080267,48.502,0.91053,5203.2,True,False,True,1.8648,44002,,False,True,False,,False,not run,,,,,,,,,,,,,,,,,,,,,,,,not run,,,,,,0,72.214,25.725,133.96,172.75
285009286_2629.8200,285009286,2629.8,A,6906,12.127,5771.6,4,12.735,1.3686,1.19,146.32,27.541,True,False,,ok,False,False,0.1724,-3.6322,flare_decay,2629.8,0.080532,5.6833,0.82803,6062.8,False,True,False,3.4392,11.272,,True,False,True,,True,not run,,,,,,,,,,,,,,,,,,,,,,,,not run,,,,,,0,-3.6322,102.1,39.361,0.1724
95435942_2632.4200,95435942,2632.4,A,6913,12.111,10340,1,12.549,0.70083,1.24,155.41,20.591,True,False,,ok,True,True,17.829,0.84158,flare_decay,2632.4,0.3878,1.8437,1.2472,11776,True,True,False,2.2306,1.4015,grazing,True,False,False,False,True,ok,False,False,-0.037171,-0.033266,True,,,-2.4002,True,True,,0,-0.45016,True,,True,False,False,False,False,,,,not run,,,,,,0,0.84158,73.446,63.001,17.829
166089738_2634.2100,166089738,2634.2,A,6919,12.104,927.49,24,12.243,1.0786,1.04,215.14,64.165,True,False,,ok,False,False,-16.09,-9.0607,step,2634.2,0.027001,27.13,0.0037162,883.64,False,True,False,2.6942,2554.5,,True,False,True,,True,not run,,,,,,,,,,,,,,,,,,,,,,,,not run,,,,,,0,-9.0607,5.2425,-16.09,-4.2594
171630323_2619.7000,171630323,2619.7,A,6923,12.1,3023.4,2,11.191,1.3722,1.33,158.56,21.787,True,False,,ok,False,False,-7.3304,2.4205,flare_decay,2619.7,0.35644,3.0018,1.2807,4120.4,True,True,False,4.1719,0.88372,grazing,True,False,False,,True,not run,,,,,,,,,,,,,,,,,,,,,,,,not run,,,,,,0,2.4205,79.172,40.982,-7.3304
165499510_2614.5700,165499510,2614.6,A,6943,12.066,3951.8,12,11.845,0.9403,1.05,265.1,54.083,True,False,,ok,False,False,-64.615,-2.1026,step,2614.6,0.068837,16.206,0.77863,4674.5,False,True,False,2.4364,736.08,,True,False,False,,True,not run,,,,,,,,,,,,,,,,,,,,,,,,not run,,,,,,0,-2.1026,395.67,-64.615,146.15
160422979_2625.7100,160422979,2625.7,A,6961,12.036,7024.1,6,12.909,0.79634,0.82,235.23,77.345,True,False,,ok,False,False,-10.974,-4.1888,ramp,2625.9,0.052009,16.992,0.14837,3263.1,False,True,False,2.2053,1143.9,,False,True,False,,False,not run,,,,,,,,,,,,,,,,,,,,,,,,not run,,,,,,0,-4.1888,-10.974,-4.9845,1.1973
95435437_2634.6300,95435437,2634.6,A,6966,12.03,5254.6,2,11.966,1.5287,1.24,155.29,17.89,True,False,,ok,True,True,28.253,23.995,flare_decay,2634.6,0.38648,2.2091,1.2723,8344.8,True,True,False,4.8637,0.13278,grazing,True,False,True,False,True,ok,False,False,0.039882,0.018324,True,,,-1.2261,True,True,,0,0.47977,True,,True,False,False,False,False,,,,not run,,,,,,0,23.995,160.71,94.953,28.253
330708980_2617.7100,330708980,2617.7,A,6969,12.022,5882.7,2,12.057,0.92248,1,141.94,28.113,True,False,,ok,True,True,29.755,6.2542,flare_decay,2617.7,0.084164,3.8,0.88519,6053.4,False,True,False,2.4643,9.1599,,True,False,True,False,True,ok,False,False,0.29254,0.23884,True,0.26819,1.1508,5.9441,False,True,,0,3.5169,False,"Andersen (V=16.3, 35"")",True,False,False,False,False,,,,not run,,,,,,0,6.2542,104.01,70.891,29.755
318353275_2619.5600,318353275,2619.6,A,6972,12.016,4675.7,1,11.275,1.4791,1.03,165.17,48.957,True,False,,ok,False,False,9.4873,6.6316,flare_decay,2619.6,0.35079,1.7935,1.2581,5702.9,True,True,False,4.8771,0.11064,grazing,False,True,False,,False,not run,,,,,,,,,,,,,,,,,,,,,,,,not run,,,,,,0,6.6316,117.73,73.558,9.4873
61082056_2632.4300,61082056,2632.4,A,6976,12.01,3328.1,6,12.198,0.86093,0.91,153.69,17.613,True,False,,ok,False,False,-3.4743,2.4286,flare_decay,2632.4,0.38844,7.8491,1.3093,4576.1,True,True,False,3.0397,43.072,,True,False,True,,True,not run,,,,,,,,,,,,,,,,,,,,,,,,not run,,,,,,0,2.4286,68.308,35.352,-3.4743
157861153_2629.7600,157861153,2629.8,A,6978,12.007,5801.5,4,12.411,0.71732,0.612,190.82,53.402,True,False,,ok,False,False,3.1723,-8.2975,flare_decay,2629.8,0.066153,5.2721,0.00022125,5302.2,False,True,False,2.2194,33.516,,True,False,True,,True,not run,,,,,,,,,,,,,,,,,,,,,,,,not run,,,,,,0,-8.2975,88.869,46.876,3.1723
406856666_2621.2500,406856666,2621.2,A,6984,11.996,3338.9,8,12.244,1.1785,1.07,274.62,67.087,True,False,,ok,False,False,-13.622,-5.7189,step,2621.6,0.032978,6.2763,0.11176,1314.8,False,True,False,2.933,24.501,,False,,,,False,not run,,,,,,,,,,,,,,,,,,,,,,,,not run,,,,,,0,-5.7189,-12.868,-13.622,-9.748
91917445_2633.7900,91917445,2633.8,A,6985,11.993,4852.6,1.5,11.579,0.74643,0.848,143.8,21.6,True,False,,ok,False,False,6.8574,10.315,flare_decay,2633.8,0.088461,2.339,0.91769,6103.9,True,True,False,2.1149,3.3712,,True,False,False,,True,not run,,,,,,,,,,,,,,,,,,,,,,,,not run,,,,,,0,10.315,131,66.704,6.8574
233057606_2625.6500,233057606,2625.7,A,7013,11.937,3376.9,4,11.78,0.84504,1.05,269.51,62.531,True,False,,ok,False,False,-12.127,-11.944,step,2625.6,0.028175,3.9571,0.07146,961.15,False,True,False,2.1062,16.577,,False,True,False,,False,not run,,,,,,,,,,,,,,,,,,,,,,,,not run,,,,,,0,-11.944,-7.6793,-12.127,-8.3323
232603514_2626.1900,232603514,2626.2,A,7017,11.933,5594.3,6,12.565,0.79759,0.798,257.8,60.142,True,False,,ok,False,False,-9.9093,-7.4661,step,2626,0.044999,16.996,0.00094535,2453.9,False,True,False,2.2141,1131.2,,False,True,False,,False,not run,,,,,,,,,,,,,,,,,,,,,,,,not run,,,,,,0,-7.4661,-9.5491,-9.9093,-7.0756
99919551_2628.7700,99919551,2628.8,A,7032,11.901,6509.1,3,12.618,0.75105,0.686,169.14,60.015,True,False,,ok,True,True,39.411,-3.4064,flare_decay,2628.8,0.078329,4.0921,0.00048399,7432.4,False,True,False,2.2626,14.787,,True,False,True,True,True,ok,True,True,1.02,0.90878,True,0.066692,0.49353,10.241,False,True,,0,12.139,True,,True,True,False,False,False,,,99919551.01,ok,True,0.03112,0,18.358,27.537,0,-3.4064,113.16,70.875,39.411
95471870_2616.8800,95471870,2616.9,A,7054,11.862,2809.3,4,11.72,1.7526,1.39,156.02,19.349,True,False,,ok,True,True,23.793,-2.9532,flare_decay,2616.9,0.050635,4.2329,8.1676e-06,3107,False,True,False,4.0667,2.7726,,True,False,True,False,True,ok,False,False,0.21215,0.26476,True,,,-0.2844,True,True,,0,2.5166,True,,True,False,False,False,False,,,,not run,,,,,,0,-2.9532,90.301,42.159,23.793
149363047_2618.2500,149363047,2618.2,A,7065,11.849,7251.6,4,12.394,1.5234,1.11,138.67,27.266,True,False,,ok,True,False,35.653,-6.3011,flare_decay,2618.2,0.086268,5.5637,0.74787,7523.7,False,True,False,3.9392,7.0213,,True,False,True,False,True,ok,False,False,0.086928,0.035836,True,,,1.6331,True,True,,0,1.03,True,,True,False,False,False,False,,,,not run,,,,,,0,-6.3011,117.48,68.357,35.653
376974606_2629.6600,376974606,2629.7,A,7072,11.842,8118.2,1,12.104,1.6408,1.32,284.08,56.693,True,False,,ok,True,True,17.727,-5.1524,flare_decay,2629.7,0.08128,1.4195,5.1459e-05,8002.6,False,False,False,3.9863,0.1094,,True,False,True,,True,not run,,,,,,,,,,,,,,,,,,,,,,,,not run,,,,,,0,-5.1524,128.03,103.93,17.727
356631738_2635.1400,356631738,2635.1,A,7090,11.807,4582.2,16,12.758,0.87987,0.88,160.82,69.807,True,False,,ok,False,False,-44.002,103.48,ramp,2636.7,0.41918,95.209,1.191,26933,True,False,True,3.2111,65222,,False,,,,False,not run,,,,,,,,,,,,,,,,,,,,,,,,not run,,,,,,0,103.48,-44.002,228.19,237.08
462538772_2634.3500,462538772,2634.3,A,7096,11.79,1192.6,24,12.406,1.9934,1,202.38,73.185,True,False,,ok,False,False,-1.3388,2.1648,step,2634.6,0.03788,53.455,0.10696,1735,False,True,False,5.1007,2884,,True,False,True,,True,not run,,,,,,,,,,,,,,,,,,,,,,,,not run,,,,,,0,2.1648,-0.62599,-1.3388,12.547
95436413_2634.9900,95436413,2635,A,7100,11.783,9635,1,12.357,1.9494,1.26,155.51,23.739,True,False,,ok,True,True,24.619,14.736,flare_decay,2635,0.39671,2.0759,1.2652,10638,True,True,False,6.2172,0.12385,grazing,True,False,True,True,True,ok,True,True,0.81143,0.51309,True,0.20677,1.5442,10.325,False,True,,1,9.5612,True,,True,False,False,False,False,,,,ok,False,1,0.59657,25.132,37.698,0,14.736,120.62,124.48,24.619
286752452_2614.2100,286752452,2614.2,A,7111,11.771,3212.3,6,12.183,2.1714,1.02,143.49,23.931,True,False,,ok,True,True,21.698,-1.5878,flare_decay,2614.2,0.062403,5.4329,0.0068226,4718.2,False,False,False,5.6509,2.1189,,True,False,True,,True,not run,,,,,,,,,,,,,,,,,,,,,,,,not run,,,,,,0,-1.5878,95.533,24.087,21.698
365938275_2627.5700,365938275,2627.6,A,7133,11.738,2195.8,8,11.103,0.8977,1.03,180.73,73.925,True,False,,ok,False,False,-17.023,-11.887,step,2627.5,0.020652,9.1907,0.30885,506.55,False,True,False,2.2354,173.82,,True,True,True,,True,not run,,,,,,,,,,,,,,,,,,,,,,,,not run,,,,,,0,-11.887,-14.123,-17.023,-11.326
357182922_2634.4500,357182922,2634.4,A,7136,11.734,5524.2,2,11.776,1.0156,1.05,153.05,17.673,True,False,,ok,True,True,46.04,-1.8178,flare_decay,2634.4,0.065169,2.652,3.7081e-07,5145.7,False,True,False,2.6227,2.5652,,True,False,True,False,True,ok,False,False,0.14596,0.11749,True,,,2.8696,True,True,,0,1.7127,True,,True,False,False,False,False,,,,not run,,,,,,0,-1.8178,112.6,55.42,46.04
1120067_2634.1300,1120067,2634.1,A,7156,11.703,9680.9,1.5,12.51,0.79268,0.95,155.77,27.034,True,False,,ok,True,True,32.222,10.692,flare_decay,2634.1,0.11144,2.199,0.83411,11446,False,False,False,2.2082,2.4561,,False,True,False,,False,not run,,,,,,,,,,,,,,,,,,,,,,,,not run,,,,,,0,10.692,186.68,145.34,32.222
171630800_2620.2800,171630800,2620.3,A,7162,11.692,7924.9,1,11.934,1.6578,1.11,158.52,19.204,True,False,,ok,True,True,26.381,22.843,flare_decay,2620.3,0.39277,1.9459,1.2671,9832.4,True,True,False,5.4984,0.11643,grazing,True,False,False,False,True,ok,False,False,-0.0024755,-0.0017254,True,,,-5.5319,True,True,,0,-0.028944,False,"Kundry (V=15.0, 48"")",True,False,False,False,False,,,,not run,,,,,,0,22.843,160.22,131.05,26.381
95433786_2633.2200,95433786,2633.2,A,7163,11.692,2328.5,2,10.571,2.2415,1.05,155.2,20.707,True,False,,ok,False,False,7.1403,5.5971,flare_decay,2633.2,0.31499,3.9404,1.2565,2565.3,True,True,False,7.1547,0.24971,grazing,True,False,True,,True,not run,,,,,,,,,,,,,,,,,,,,,,,,not run,,,,,,0,5.5971,84.368,59.745,7.1403
307930890_2614.8800,307930890,2614.9,A,7166,11.686,3464.2,2,7.438,1.544,1.965,148.5,27.695,True,False,,ok,False,False,-14.274,-4.8161,step,2614.9,0.052638,3.0359,2.4682e-05,3357.6,False,False,False,3.1976,2.1073,,True,False,False,,True,not run,,,,,,,,,,,,,,,,,,,,,,,,not run,,,,,,0,-4.8161,-1.6822,-14.274,-8.2426
252465636_2627.5000,252465636,2627.5,A,7171,11.679,1068.5,24,12.116,2.9377,1.06,150.02,49.079,True,False,,ok,False,False,-1.3872,-8.5009,step,2627.5,0.033471,23.703,0.0041818,1357.8,False,True,False,7.3469,84.29,,True,False,True,,True,not run,,,,,,,,,,,,,,,,,,,,,,,,not run,,,,,,0,-8.5009,17.898,-1.3872,0.94093
88006872_2614.0600,88006872,2614.1,A,7213,11.609,3805.8,2,11.417,1.8689,1.08,147.08,23.443,True,False,,ok,True,True,20.396,1.4618,flare_decay,2614.1,0.066132,2.5537,0.77566,4326.9,False,False,False,4.7876,0.19961,,True,False,True,,True,not run,,,,,,,,,,,,,,,,,,,,,,,,not run,,,,,,0,1.4618,111.55,66.491,20.396
353807936_2613.1400,353807936,2613.1,A,7215,11.604,3915.7,6,12.469,1.1892,1.17,270.22,56.686,True,True,5650.01,ok,True,True,16.429,-3.5005,flare_decay,2613.1,0.059282,7.5836,1.0115e-06,4258.3,False,True,False,2.9459,42.672,,True,False,True,True,True,ok,True,True,0.76874,0.83054,True,0.082416,0.58286,9.7744,False,True,,0,8.9209,True,,True,True,False,False,False,5650.01,PC,,ok,True,0.052098,0.00044758,22.84,42.672,0,-3.5005,121.24,34.454,16.429
330705684_2618.5800,330705684,2618.6,A,7218,11.6,8809.9,2,12.619,1.0002,1.05,141.75,28.226,True,False,,ok,True,True,22.025,7.9618,flare_decay,2618.6,0.39468,3.0324,1.2651,10366,True,True,False,3.3822,1.7806,grazing,True,False,True,False,True,ok,False,False,0.27664,0.19189,True,0.59023,2.714,3.9718,False,True,,0,3.2089,True,,True,False,False,False,False,,,,ok,False,0.74377,0,17.406,26.109,0,7.9618,62.183,42.433,22.025
155207185_2612.7600,155207185,2612.8,A,7237,11.564,2448.3,2,10.932,2.2226,1.28,144.78,33.773,True,False,,ok,True,True,10.431,-1.6397,flare_decay,2612.8,0.32409,3.2741,1.2597,3036.7,True,True,False,6.6859,0.20606,grazing,True,False,True,False,True,ok,False,False,0.29785,0.21978,True,0.95422,2.3458,3.0093,False,True,,1,3.4445,True,,True,False,False,False,False,,,,not run,,,,,,0,-1.6397,59.387,45.625,10.431
219822384_2625.6400,219822384,2625.6,A,7254,11.534,1975.9,4,8.952,1.2145,1.088,268.07,64.238,True,False,,ok,False,False,-9.3428,-2.5362,ramp,2625.6,0.11708,0.25327,1.066,1306.9,True,True,False,3.2506,,grazing,True,False,True,,True,not run,,,,,,,,,,,,,,,,,,,,,,,,not run,,,,,,0,-2.5362,-9.3428,-6.0107,-4.649
313589732_2634.9700,313589732,2635,A,7260,11.526,786.83,24,10.697,0.85842,0.972,199.85,72.946,True,False,,ok,False,False,-12.058,48.708,ramp,2636.8,0.33324,116.64,1.2609,3722,True,True,False,2.847,,,False,,,,False,not run,,,,,,,,,,,,,,,,,,,,,,,,not run,,,,,,0,48.708,-12.058,100.14,145.86
95358635_2613.6500,95358635,2613.7,A,7263,11.522,5873.9,6,12.976,0.91317,0.98,153.99,19.492,True,False,,ok,True,True,32.736,-1.8204,flare_decay,2613.6,0.087091,6.3549,0.75203,7642,False,True,False,2.4626,42.979,,True,False,True,False,True,ok,False,False,0.16131,0.13118,True,,,-0.025271,True,True,,1,1.8587,True,,True,False,False,False,False,,,,not run,,,,,,0,-1.8204,98.661,51.772,32.736
230060106_2625.5900,230060106,2625.6,A,7265,11.52,3477,6,11.645,0.96903,1.06,229.07,66.961,True,False,,ok,False,False,-13.083,-7.6461,flare_decay,2625.5,0.030857,20.22,0.11525,1151,False,True,False,2.414,1469.9,,False,True,False,,False,not run,,,,,,,,,,,,,,,,,,,,,,,,not run,,,,,,0,-7.6461,-9.9235,-10.611,-13.083
356736743_2628.1500,356736743,2628.2,A,7271,11.511,7611.2,4,12.664,1.0519,1.09,177.7,75.203,True,True,3832.01,ok,True,False,31.234,-13.713,flare_decay,2628.2,0.080488,4.2719,1.1013e-06,7847.4,False,True,False,2.7213,9.6633,,True,False,True,True,True,ok,True,True,1.1961,0.78353,True,0.089634,0.74557,11.304,False,True,,0,13.769,True,,True,True,False,False,False,3832.01,PC,,ok,True,0.054255,6.866e-23,16.667,25,0,-13.713,182.54,119.3,31.234
165409748_2627.6500,165409748,2627.7,A,7282,11.495,7064.6,1.5,12.378,1.2007,1.16,159.36,29.378,True,False,,ok,True,True,10.463,2.1122,flare_decay,2627.6,0.37389,1.8691,1.2462,9895.8,True,True,False,3.8695,0.11337,grazing,True,False,True,False,True,ok,False,False,0.0023967,0.0022824,True,,,2.9492,True,True,,0,0.027549,True,,True,False,False,False,False,,,,not run,,,,,,0,2.1122,115.72,88.021,10.463
1101935_2628.1000,1101935,2628.1,A,7291,11.477,9931.3,1,12.289,1.4151,1.08,155.37,24.346,True,False,,ok,False,False,-0.71118,8.3988,flare_decay,2628.1,0.17644,1.4422,0.98166,13296,True,True,False,3.9993,0.10216,grazing,False,True,False,,False,not run,,,,,,,,,,,,,,,,,,,,,,,,not run,,,,,,0,8.3988,80.719,31.265,-0.71118
230119493_2626.1400,230119493,2626.1,A,7312,11.451,7021.6,6,12.889,0.42985,0.42473,249.79,66.571,True,False,,ok,False,False,-7.6653,-3.3279,ramp,2625.9,0.058184,0.87164,0.0026767,4102,False,False,False,1.4909,0.48762,,False,True,False,,False,not run,,,,,,,,,,,,,,,,,,,,,,,,not run,,,,,,0,-3.3279,-7.6653,-5.7081,-4.2753
239199224_2614.5800,239199224,2614.6,A,7313,11.448,969.7,12,9.0267,2.371,1.008,146.89,26.23,True,False,,ok,True,True,27.785,-5.0293,step,2614.6,0.027029,13.114,2.5787e-05,885.45,False,True,False,5.9893,26.267,,True,False,True,False,True,ok,False,False,2.9052,4.2157,True,0.025297,1.1066,3.7336,False,True,,0,33.259,True,,True,False,False,False,False,,,,ok,False,0.94928,0.94928,21.402,32.103,0,-5.0293,116.05,27.785,58.504
154069139_2635.2200,154069139,2635.2,A,7321,11.423,3778.8,12,12.518,0.69055,0.775,207.87,71.865,True,False,,ok,False,False,-14.718,50.37,ramp,2636.6,0.39325,86.513,1.2293,15238,True,False,True,2.5809,94213,,False,,,,False,not run,,,,,,,,,,,,,,,,,,,,,,,,not run,,,,,,0,50.37,-14.718,76.44,82.123
252961619_2615.4800,252961619,2615.5,A,7331,11.408,3348,1,10.737,0.73265,0.7,151.23,33.004,True,False,,ok,True,True,35.445,-1.2119,step,2615.5,0.33464,2.2415,1.266,3419.1,True,True,False,2.7136,1.3924,grazing,False,True,False,False,False,ok,False,False,0.16713,0.40462,False,1.6192,5.5063,3.1422,False,True,,0,1.9066,True,,True,False,False,False,False,,,,not run,,,,,,0,-1.2119,76.833,35.445,35.616
289721854_2625.7600,289721854,2625.8,A,7349,11.387,3326.2,8,12.359,1.5365,1.05,274.11,50.944,True,False,,ok,False,False,-2.1787,-6.0283,step,2625.8,0.04065,8.6264,0.0048012,2002.6,False,True,False,3.8774,27.545,,True,False,True,,True,not run,,,,,,,,,,,,,,,,,,,,,,,,not run,,,,,,0,-6.0283,12.358,-2.1787,2.3303
424731885_2614.7400,424731885,2614.7,A,7355,11.381,5258.3,4,12.237,0.99525,0.943,255.25,59.991,True,False,,ok,True,True,23.05,2.8008,step,2614.8,0.086079,5.7817,0.9071,6017.7,True,True,False,2.7161,24.119,,True,False,False,False,True,ok,False,False,0.35775,0.29654,True,0.13346,1.0822,3.4711,False,True,,0,4.0715,True,,True,False,False,False,False,,,,ok,True,0.37395,0.033156,21.229,31.844,0,2.8008,53.876,23.05,31.505
377159244_2625.6300,377159244,2625.6,A,7366,11.362,3124.2,4,11.324,0.70726,0.738,285.63,57.762,True,False,,ok,False,False,-10.598,-8.1157,ramp,2625.5,0.024051,2.2858,0.60784,635.87,False,True,False,1.9747,3.8676,,False,True,False,,False,not run,,,,,,,,,,,,,,,,,,,,,,,,not run,,,,,,0,-8.1157,-10.598,-9.0705,-10.147
154011858_2625.5200,154011858,2625.5,A,7367,11.361,1080.7,6,10.029,0.61483,0.62,206.12,68.464,True,False,,ok,False,False,-12.96,-5.9289,ramp,2625.2,0.026687,23.997,0.89359,606.57,False,True,False,1.8239,5695.2,,False,,,,False,not run,,,,,,,,,,,,,,,,,,,,,,,,not run,,,,,,0,-5.9289,-12.96,-10.773,-5.8363
307913166_2615.6500,307913166,2615.7,A,7370,11.359,6886,4,12.958,0.88379,0.77,141.11,31.075,True,False,,ok,True,False,13.65,-6.0578,flare_decay,2615.7,0.086593,4.9095,0.72665,7701.8,False,True,False,2.5817,17.192,,True,False,False,False,True,ok,False,False,0.1906,0.15915,True,0.2912,0.73286,3.2325,False,True,,1,2.165,True,,True,False,False,False,False,,,,not run,,,,,,0,-6.0578,96.924,30.358,13.65
67439910_2621.1800,67439910,2621.2,A,7372,11.357,5707.3,8,12.932,1.0879,1.11,155.39,29.955,True,False,,ok,False,False,-13.676,-9.5537,flare_decay,2621.1,0.061648,18.053,0.86477,3386.1,False,True,False,2.7486,708.77,,False,True,False,,False,not run,,,,,,,,,,,,,,,,,,,,,,,,not run,,,,,,0,-9.5537,6.1241,-3.8789,-13.676
224288774_2612.8100,224288774,2612.8,A,7378,11.352,8688.3,2,12.88,1.6897,1.01,183.05,58.365,True,False,,ok,True,True,18.277,10.524,flare_decay,2612.8,0.39703,3.7593,1.2668,10477,True,True,False,5.8019,0.55682,grazing,True,False,True,False,True,ok,False,False,0.14008,0.13607,True,,,0.86727,True,True,,0,1.5902,True,,True,False,False,False,False,,,,not run,,,,,,0,10.524,130.64,89.988,18.277
239196082_2612.6300,239196082,2612.6,A,7401,11.318,6964.1,1.5,12.367,1.5182,1.01,146.59,27.67,True,False,,ok,False,False,6.3601,-1.3137,flare_decay,2612.6,0.082268,2.656,0.69714,7091.5,False,False,False,4.0365,0.62396,,True,False,True,,True,not run,,,,,,,,,,,,,,,,,,,,,,,,not run,,,,,,0,-1.3137,56.587,44.995,6.3601
302728777_2633.4900,302728777,2633.5,A,7408,11.308,3028.7,6,12.316,1.2554,0.98,169.51,54.282,True,False,,ok,True,False,16.442,-6.0867,flare_decay,2633.5,0.055085,5.9389,0.00048056,3676.9,False,True,False,3.2861,14.752,,True,False,True,True,True,ok,True,True,0.90402,0.90872,True,0.13946,0.88947,7.6117,False,True,,0,10.223,True,,True,True,False,False,False,,,302728777.01,ok,True,0.033221,0,23.172,34.758,0,-6.0867,72.061,25.253,16.442
91902492_2635.0700,91902492,2635.1,A,7462,11.211,1617.9,6,10.575,0.68005,0.69,143.64,21.914,True,False,,ok,True,False,28.75,-11.159,flare_decay,2635.1,0.037356,6.7501,0.00095602,1691.2,False,True,False,1.967,101.07,,True,False,True,False,True,ok,False,False,-0.2241,-0.19679,True,,,-2.7691,True,True,,0,-2.5123,False,"Tsurui (V=16.0, 36"")",True,False,False,False,False,,,,not run,,,,,,0,-11.159,135.76,61.276,28.75
142592008_2635.1400,142592008,2635.1,A,7488,11.174,4749.8,16,12.492,0.743,0.694,169.04,72.222,True,False,,ok,False,False,-51.186,157.53,ramp,2636.9,0.41763,110.34,1.1836,28017,True,True,False,2.9316,,,False,,,,False,not run,,,,,,,,,,,,,,,,,,,,,,,,not run,,,,,,0,157.53,-51.186,335.06,233.23
307912636_2612.4500,307912636,2612.4,A,7491,11.172,1338.1,16,11.416,1.0655,1.068,141.13,33.513,True,False,,ok,False,False,-201.87,-74.122,flare_decay,2612.6,0.042259,42.869,0.95993,1227.9,True,True,False,2.6771,10272,,True,False,True,,True,not run,,,,,,,,,,,,,,,,,,,,,,,,not run,,,,,,0,-74.122,74.911,-88.365,-201.87
117506493_2612.0500,117506493,2612.1,A,7520,11.136,4609.3,6,12.573,0.78857,0.84,138.01,24.866,True,False,,ok,True,True,28.638,1.1779,flare_decay,2612,0.081979,8.1868,0.85678,6037.6,False,True,False,2.2281,124.07,,True,False,True,False,True,ok,False,False,0.13285,0.11963,True,,,-0.88526,True,True,,0,1.4794,True,,True,False,False,False,False,,,,not run,,,,,,0,1.1779,86.042,35.589,28.638
101623943_2614.7000,101623943,2614.7,A,7524,11.131,3928.4,6,11.033,0.87464,0.955,163.5,34.215,True,False,,ok,False,False,7.5023,-4.2114,step,2614.7,0.05715,8.9951,0.68345,3455.1,False,True,False,2.3135,147.01,,True,False,False,,True,not run,,,,,,,,,,,,,,,,,,,,,,,,not run,,,,,,0,-4.2114,64.846,7.5023,10.929
85913978_2633.4700,85913978,2633.5,A,7532,11.118,4153.1,3,12.067,1.1263,1.01,137.69,23.807,True,False,,ok,True,True,14.393,1.4641,flare_decay,2633.5,0.1282,4.0494,1.0061,5361.1,True,True,False,3.1209,5.4455,,True,False,True,False,True,ok,False,False,-0.12736,-0.11206,True,,,-4.5954,True,True,,0,-1.416,True,,True,False,False,False,False,,,,not run,,,,,,0,1.4641,44.625,33.479,14.393
4891371_2613.5000,4891371,2613.5,A,7564,11.076,8146.9,2,12.897,0.75743,0.89,147.39,29.961,True,False,,ok,False,False,6.0357,1.8567,flare_decay,2613.5,0.39894,3.3039,1.2695,10389,True,True,False,2.7144,4.5007,,True,False,False,,True,not run,,,,,,,,,,,,,,,,,,,,,,,,not run,,,,,,0,1.8567,78.03,48.29,6.0357
353939465_2611.9300,353939465,2611.9,A,7566,11.075,1368.1,24,12.436,0.96444,0.999,272.24,57.835,True,False,,ok,False,False,-9.7493,-8.2226,step,2612,0.035252,23.613,0.0031131,1506.1,False,True,False,2.461,2209.4,,True,False,True,,True,not run,,,,,,,,,,,,,,,,,,,,,,,,not run,,,,,,0,-8.2226,18.502,-9.7493,2.6031
302350927_2620.3900,302350927,2620.4,A,7574,11.063,2429.4,16,12.852,0.63764,0.706,168.42,59.07,True,False,,ok,False,False,1.5718,1.2914,flare_decay,2620.4,0.31364,53.083,1.2554,2544.9,True,True,False,2.3178,30044,,True,True,True,,True,not run,,,,,,,,,,,,,,,,,,,,,,,,not run,,,,,,0,1.2914,2.4563,7.9654,1.5718
307958752_2635.0100,307958752,2635,A,7591,11.044,7187.8,1,11.831,0.73535,0.795,148.93,29.37,True,False,,ok,True,True,10.67,4.2919,flare_decay,2635,0.091084,0.87537,0.00013795,10048,False,False,False,2.1339,0.066858,,False,True,False,,False,not run,,,,,,,,,,,,,,,,,,,,,,,,not run,,,,,,0,4.2919,132.79,107.96,10.67
233740173_2626.2000,233740173,2626.2,A,7600,11.029,3991.7,4,10.837,0.69241,0.69,278.18,62.864,True,False,,ok,False,False,-14.42,-12.04,step,2626,0.082392,0.57495,1.0191,1504.2,True,True,False,2.0897,,grazing,True,True,True,,True,not run,,,,,,,,,,,,,,,,,,,,,,,,not run,,,,,,0,-12.04,-13.286,-14.42,-12.537
165368097_2612.7600,165368097,2612.8,A,7624,10.996,4030.1,3,11.853,0.76901,0.82,158.49,27.978,True,False,,ok,True,True,19.492,2.8213,flare_decay,2612.8,0.3513,6.0456,1.272,4412.2,True,True,False,2.7357,26.991,,True,False,True,False,True,ok,False,False,0.14618,0.11399,True,0.36694,1.9004,6.7383,False,True,,1,1.6074,True,,True,False,False,False,False,,,,not run,,,,,,0,2.8213,59.698,35.944,19.492
377052490_2625.6800,377052490,2625.7,A,7630,10.982,622.55,4,8.0494,1.5231,1.04,285.01,56.962,True,False,,ok,False,False,-6.3166,-5.2054,ramp,2625.7,0.016379,1.2181,0.18352,322.93,False,False,False,3.7658,0.099871,,True,False,True,,True,not run,,,,,,,,,,,,,,,,,,,,,,,,not run,,,,,,0,-5.2054,-6.3166,-4.027,-3.509
137727398_2634.1000,137727398,2634.1,A,7638,10.972,811.49,24,11.865,0.86137,0.972,173.69,59.9,True,False,,ok,False,False,-19.07,-8.2037,flare_decay,2634,0.031287,17.536,0.088941,1184.5,False,True,False,2.2096,1250.2,,True,False,True,,True,not run,,,,,,,,,,,,,,,,,,,,,,,,not run,,,,,,0,-8.2037,30.107,-14.419,-19.07
459223565_2625.4900,459223565,2625.5,A,7645,10.96,4254.9,2,11.24,2.386,1.06,202,60.322,True,False,,ok,False,False,-10.246,-0.64196,step,2625.4,0.33818,14.219,1.2885,2026.3,True,True,False,7.7279,15.591,,False,True,False,,False,not run,,,,,,,,,,,,,,,,,,,,,,,,not run,,,,,,0,-0.64196,-3.574,-10.246,-7.3578
125530152_2612.5400,125530152,2612.5,A,7663,10.927,1000.3,24,11.089,2.2159,1.04,144.87,26.371,True,False,,ok,False,False,-46.304,-68.793,flare_decay,2612.5,0.049788,33.332,0.97708,1279.8,True,True,False,5.6617,511.54,,True,False,False,,True,not run,,,,,,,,,,,,,,,,,,,,,,,,not run,,,,,,0,-68.793,119.66,25.638,-46.304
356684800_2632.4200,356684800,2632.4,A,7667,10.921,8387,1.5,12.657,2.0783,1.03,169.1,34.213,True,False,,ok,True,True,32.166,1.8376,flare_decay,2632.4,0.41576,3.3595,1.2995,8847.6,True,True,False,7.1882,0.19775,grazing,True,False,True,False,True,ok,False,False,0.22531,0.16551,True,,,1.8984,True,True,,0,2.4606,True,,True,False,False,False,False,,,,ok,False,0.99997,0,22.358,33.537,0,1.8376,118.69,84.62,32.166
27001032_2615.6400,27001032,2615.6,A,7670,10.916,3331.6,6,12.118,1.8687,1.43,151.03,21.347,True,False,,ok,False,False,-2.3088,-5.2149,flare_decay,2615.6,0.06507,9.3867,0.90591,3484,True,True,False,4.3546,25.054,,True,False,True,,True,not run,,,,,,,,,,,,,,,,,,,,,,,,not run,,,,,,0,-5.2149,60.963,19.091,-2.3088
203289537_2611.8000,203289537,2611.8,A,7687,10.886,2360,8,11.628,1.0103,0.885,136.31,23.24,True,False,,ok,False,False,-13.316,-7.9429,ramp,2613,0.21679,30.793,1.1294,4197.4,True,True,False,3.1554,2325.5,,True,False,True,,True,not run,,,,,,,,,,,,,,,,,,,,,,,,not run,,,,,,0,-7.9429,-13.316,-7.3448,-1.6813
233496435_2630.4800,233496435,2630.5,A,7693,10.877,6439.1,3,12.848,1.5257,1.16,249.27,72.288,True,False,,ok,True,True,18.026,-2.0178,flare_decay,2630.5,0.083554,4.0721,0.73469,7130.7,False,True,False,3.8778,2.8559,,True,False,True,True,True,ok,True,True,0.95402,0.73317,True,0.030645,0.2176,9.6543,False,True,,0,10.377,True,,True,True,False,False,False,,,233496435.01,ok,True,0.37581,0.00037604,19.384,29.076,0,-2.0178,113.61,67.015,18.026
229650375_2612.5500,229650375,2612.6,A,7696,10.876,7961.9,6,12.676,0.51066,0.50849,280.89,74.775,True,False,,ok,False,False,-12.503,-12.293,ramp,2612.4,0.34561,5.371,1.2645,4548,True,True,False,2.1212,40.597,,False,True,False,,False,not run,,,,,,,,,,,,,,,,,,,,,,,,not run,,,,,,0,-12.293,-12.503,-8.2537,-2.4227
149418570_2615.4700,149418570,2615.5,A,7698,10.871,7134.7,2,12.081,1.3464,1.27,140.3,28.573,True,False,,ok,True,True,47.402,29.413,flare_decay,2615.5,0.37627,7.5206,1.2729,7016.5,True,True,False,4.2175,14.179,,True,False,True,False,True,ok,False,False,-0.10897,-0.068802,True,,,-4.4067,True,True,,0,-1.1846,False,"Carolina (V=13.3, 15"")",True,False,False,False,False,,,,not run,,,,,,0,29.413,175.05,97.227,47.402
219849568_2625.8000,219849568,2625.8,A,7699,10.866,2543.3,8,11.927,1.2597,1.11,255.93,68.785,True,False,,ok,False,False,-15.391,-12.519,step,2625.5,0.032356,9.1957,0.012357,1268.8,False,True,False,3.0951,65.612,,False,True,False,,False,not run,,,,,,,,,,,,,,,,,,,,,,,,not run,,,,,,0,-12.519,-10.715,-15.391,-13.541
229786007_2616.1400,229786007,2616.1,A,7702,10.864,1508.6,24,12.124,2.1854,1.04,283.64,70.968,True,False,,ok,False,False,-15.88,-12.698,step,2616.1,0.037075,25.166,0.00847,1665.9,False,True,False,5.5159,238.03,,True,False,True,,True,not run,,,,,,,,,,,,,,,,,,,,,,,,not run,,,,,,0,-12.698,98.06,-15.88,-4.5709
142535800_2634.4200,142535800,2634.4,A,7719,10.845,881.26,16,10.896,0.68451,0.65,164.77,75.083,True,False,,ok,False,False,-10.475,15.111,ramp,2635,0.34529,108.22,1.2946,2110.2,True,True,False,2.6194,,,False,True,False,,False,not run,,,,,,,,,,,,,,,,,,,,,,,,not run,,,,,,0,15.111,-10.475,14.337,28.953
232630748_2625.6800,232630748,2625.7,A,7726,10.834,4241.8,6,12.483,0.818,0.971,269.24,55.42,True,False,,ok,False,False,-13.713,-13.246,step,2625.5,0.049777,5.8474,0.11653,2994.4,False,True,False,2.1367,51.255,,False,True,False,,False,not run,,,,,,,,,,,,,,,,,,,,,,,,not run,,,,,,0,-13.246,-10.68,-13.713,-8.2129
359387876_2626.1600,359387876,2626.2,A,7729,10.83,2928.9,6,12.066,0.83351,0.951,267.93,57.391,True,False,,ok,False,False,-9.5352,-3.9887,step,2625.6,0.050667,36,0.28361,3058.4,False,True,False,2.1942,11046,,False,,,,False,not run,,,,,,,,,,,,,,,,,,,,,,,,not run,,,,,,0,-3.9887,-2.3725,-9.5352,-9.4074
407617497_2616.4300,407617497,2616.4,A,7740,10.819,4291.6,6,12.754,0.88746,0.85,161.83,31.433,True,False,,ok,False,False,9.2599,-7.286,step,2616.4,0.06429,6.775,0.00025788,5007.9,False,True,False,2.4568,52.446,,True,False,True,,True,not run,,,,,,,,,,,,,,,,,,,,,,,,not run,,,,,,0,-7.286,63.473,9.2599,20.412
8818014_2617.7300,8818014,2617.7,A,7742,10.817,3199.7,2,11.346,2.1881,1.07,142.31,31.276,True,False,,ok,True,True,27.456,1.054,flare_decay,2617.7,0.083157,2.5895,0.9556,4135.6,True,True,False,5.714,0.19923,grazing,True,False,True,False,True,ok,False,False,0.46592,0.24252,True,,,0.77691,True,True,,0,5.04,True,,True,False,False,False,False,,,,not run,,,,,,0,1.054,87.674,52.81,27.456
117508799_2619.5900,117508799,2619.6,A,7743,10.815,2822.7,2,11.158,1.0599,1.01,138.26,25.21,True,False,,ok,True,True,20.256,6.9771,flare_decay,2619.6,0.33606,2.9338,1.2658,3555.3,True,True,False,3.4782,1.4735,grazing,True,False,True,False,True,ok,False,False,0.071165,0.071734,True,,,-0.26039,True,True,,0,0.76964,True,,True,False,False,False,False,,,,not run,,,,,,0,6.9771,106.18,76.525,20.256
357045189_2614.9500,357045189,2614.9,A,7752,10.807,27680,4,12.795,0.2693,0.24202,274.33,56.076,True,False,,ok,True,True,65.119,-2.9786,step,2614.9,0.17289,5.3906,0.00014693,36121,False,True,False,1.2487,201.16,,False,True,False,False,False,ok,False,False,-0.16246,-0.0155,True,0.41465,2.6954,5.2359,False,True,,1,-1.7558,True,,True,False,False,False,False,,,,not run,,,,,,0,-2.9786,246.25,65.119,66.613
4894726_2632.4100,4894726,2632.4,A,7763,10.789,3573.6,3,12.053,0.7103,0.85,147.76,35.333,True,False,,ok,False,False,2.0861,6.133,flare_decay,2632.4,0.39674,4.5799,1.317,4667.1,True,True,False,2.5807,13.975,,True,False,True,,True,not run,,,,,,,,,,,,,,,,,,,,,,,,not run,,,,,,0,6.133,63.7,36.876,2.0861
1115573_2617.2900,1115573,2617.3,A,7764,10.788,7960.1,1.5,12.486,0.64511,0.62345,155.58,27.692,True,False,,ok,True,True,17.13,1.3219,flare_decay,2617.3,0.10871,2.8287,0.90417,9362.8,True,True,False,2.0629,6.44,,True,False,False,False,True,ok,False,False,0.094294,0.11219,True,,,2.0838,True,True,,0,1.0172,True,,True,False,False,False,False,,,,not run,,,,,,0,1.3219,139.44,36.641,17.13
239206132_2630.0400,239206132,2630,A,7767,10.785,5936.5,2,12.458,1.8599,1.06,149.39,21.738,True,False,,ok,False,False,9.149,-0.042955,flare_decay,2630,0.087089,2.0393,0.74957,7656.7,False,False,False,4.8887,0.15633,,False,True,False,,False,not run,,,,,,,,,,,,,,,,,,,,,,,,not run,,,,,,0,-0.042955,106.32,54.59,9.149
141816678_2615.1900,141816678,2615.2,A,7781,10.769,3475.7,12,8.6325,1.3615,1.237,205.18,59.729,True,False,,ok,False,False,-509.55,94.447,step,2615.3,0.061912,24.631,0.73184,3929.3,False,True,False,3.319,1022.7,,False,True,False,,False,not run,,,,,,,,,,,,,,,,,,,,,,,,not run,,,,,,0,94.447,1198.6,-509.55,-310.76
115861501_2615.4300,115861501,2615.4,A,7788,10.752,2470.1,4,11.539,0.9036,0.886,175.09,43.443,True,False,,ok,True,True,33.454,-5.1387,flare_decay,2615.4,0.057034,6.3034,0.87125,2870.4,False,True,False,2.4504,42.572,,True,False,True,True,True,ok,True,True,1.1037,0.91423,True,0.15021,1.2019,9.0447,False,True,,0,11.867,True,,True,True,False,False,False,,,115861501.01,ok,True,0.048213,0.00012649,20.563,42.572,0,-5.1387,103.12,38.967,33.454
219873323_2625.5900,219873323,2625.6,A,7805,10.719,2444.5,1.5,9.3752,0.92972,0.96,260.11,67.061,True,False,,ok,False,False,-4.7657,-0.8297,step,2625.5,0.25076,6.6463,1.2191,863.44,True,True,False,2.9047,29.961,,False,True,False,,False,not run,,,,,,,,,,,,,,,,,,,,,,,,not run,,,,,,0,-0.8297,3.4671,-4.7657,-0.32086
155207894_2633.8800,155207894,2633.9,A,7808,10.714,6281.5,1.5,12.198,1.2771,1.07,144.92,34.18,True,False,,ok,True,True,52.643,20.289,flare_decay,2633.9,0.39358,2.5679,1.2853,7702.1,True,True,False,4.2891,0.47067,grazing,False,True,False,False,False,ok,False,False,0.11655,0.085516,True,,,1.6309,True,True,,0,1.2487,True,,True,False,False,False,False,,,,not run,,,,,,0,20.289,159.66,79.232,52.643
159992260_2614.9200,159992260,2614.9,A,7811,10.709,8147.9,3,10.531,1.2908,1.32,159.06,30.117,True,False,,ok,False,False,-65.845,-12.361,step,2615,0.080172,6.4004,0.016029,7785.6,False,True,False,3.1321,21.336,,False,True,False,,False,not run,,,,,,,,,,,,,,,,,,,,,,,,not run,,,,,,0,-12.361,106.96,-65.845,-57.74
1101946_2628.1300,1101946,2628.1,A,7816,10.702,1981.5,1,9.7852,1.8199,1.13,155.35,24.415,True,False,,ok,True,True,21.886,7.6839,flare_decay,2628.1,0.19795,1.6937,1.1342,2417.7,True,True,False,5.1605,0.11782,grazing,False,True,False,False,False,ok,False,False,-0.0057672,-0.0051808,True,,,0.68245,True,True,,0,-0.061722,True,,True,False,False,False,False,,,,not run,,,,,,0,7.6839,86.208,75.733,21.886
282856763_2625.6200,282856763,2625.6,A,7837,10.656,4423.8,6,12.482,0.71827,0.79,222.22,62.208,True,False,,ok,False,False,-6.904,-3.5135,step,2626.1,0.34514,7.3763,1.2838,2877.2,True,True,False,2.5753,58.774,,True,False,True,,True,not run,,,,,,,,,,,,,,,,,,,,,,,,not run,,,,,,0,-3.5135,-2.9849,-6.904,-4.986
149442967_2627.8400,149442967,2627.8,A,7846,10.639,2651.4,24,12.933,0.83931,0.68,140.91,29.734,True,False,,ok,False,False,-4.3984,-3.4517,flare_decay,2627.8,0.18012,32.875,1.0917,3908.9,True,True,False,2.7755,4157.2,,True,False,True,,True,not run,,,,,,,,,,,,,,,,,,,,,,,,not run,,,,,,0,-3.4517,100.81,23.017,-4.3984
198538988_2625.6900,198538988,2625.7,A,7847,10.638,2769.1,6,11.694,0.75362,0.699,237.37,64.426,True,False,,ok,False,False,-15.408,-7.9583,step,2626.1,0.050903,0.26024,0.92861,2018.9,True,True,False,2.1988,,grazing,True,False,True,,True,not run,,,,,,,,,,,,,,,,,,,,,,,,not run,,,,,,0,-7.9583,-14.41,-15.408,-10.889
232620850_2625.5900,232620850,2625.6,A,7860,10.616,2025.1,2,9.1265,0.74307,0.74,268.33,56.526,True,False,,ok,False,False,-14.127,-2.3522,flare_decay,2625.5,0.020639,0.76425,0.94657,316.36,True,True,False,2.0659,0.0624,grazing,True,True,True,,True,not run,,,,,,,,,,,,,,,,,,,,,,,,not run,,,,,,0,-2.3522,-8.8195,-6.6054,-14.127
101549815_2611.8600,101549815,2611.9,A,7881,10.589,8936.2,2,12.938,1.1667,1.12,144.05,30.872,True,False,,ok,True,True,14.709,0.63884,flare_decay,2611.9,0.40199,3.293,1.2595,12211,True,True,False,3.8819,1.4961,grazing,True,False,True,False,True,ok,False,False,-0.048163,-0.033216,True,,,-3.5069,True,True,,0,-0.50997,True,,True,False,False,False,False,,,,not run,,,,,,0,0.63884,102.09,58.813,14.709
219872669_2625.7100,219872669,2625.7,A,7887,10.581,4259.4,6,12.73,1.2608,1.27,259.78,66.722,True,False,,ok,False,False,-8.9381,-4.0706,step,2625.5,0.079086,27.208,0.90911,5073.8,True,True,False,3.0958,1698.5,,False,True,False,,False,not run,,,,,,,,,,,,,,,,,,,,,,,,not run,,,,,,0,-4.0706,-3.2582,-8.9381,-5.093
53479915_2631.4300,53479915,2631.4,A,7888,10.579,5622.4,3,12.747,1.135,1.15,162.34,52.752,True,False,,ok,False,False,7.5966,-4.2987,flare_decay,2631.4,0.072503,3.6335,0.00038109,6368.4,False,True,False,2.8631,5.094,,True,False,True,,True,not run,,,,,,,,,,,,,,,,,,,,,,,,not run,,,,,,0,-4.2987,71.054,47.393,7.5966
67393790_2615.1100,67393790,2615.1,A,7907,10.553,6620,1,11.964,0.86405,0.98,154.88,32.429,True,False,,ok,False,False,6.03,0.52703,flare_decay,2615.1,0.076266,1.5633,0.63134,6317.6,False,False,False,2.3068,0.75396,,False,True,False,,False,not run,,,,,,,,,,,,,,,,,,,,,,,,not run,,,,,,0,0.52703,75.523,66.739,6.03
243245841_2628.4000,243245841,2628.4,A,7936,10.518,3583.6,6,12.195,1.7198,1.36,136.81,23.39,True,False,,ok,True,True,11.796,-1.2317,flare_decay,2628.4,0.059741,5.845,8.3395e-05,4324.5,False,True,False,4.0545,7.4656,,True,False,True,False,True,ok,False,False,-0.20392,-0.23372,True,,,-7.1364,True,True,,0,-2.1449,True,,True,False,False,False,False,,,,not run,,,,,,0,-1.2317,61.399,22.003,11.796
288161182_2625.8000,288161182,2625.8,A,7939,10.515,3371,8,11.655,0.7816,0.767,221.13,79.819,True,False,,ok,False,False,8.0237,-7.8256,step,2625.7,0.066776,27.161,0.92669,3463.9,True,True,False,2.2443,4433.3,,False,True,False,,False,not run,,,,,,,,,,,,,,,,,,,,,,,,not run,,,,,,0,-7.8256,29.85,8.0237,16.481
160533720_2634.5300,160533720,2634.5,A,7940,10.514,383.19,24,10.12,1.2895,1.113,241.05,76.527,True,False,,ok,False,False,-9.1996,-6.6196,flare_decay,2634.6,0.019407,31.899,0.35149,444.38,False,True,False,3.1259,2659,,True,False,True,,True,not run,,,,,,,,,,,,,,,,,,,,,,,,not run,,,,,,0,-6.6196,41.652,10.79,-9.1996
287080092_2632.8700,287080092,2632.9,A,7955,10.502,525.52,6,8.8062,1.2684,1.152,243.49,63.534,True,True,1751.01,ok,True,True,12.248,-3.6213,flare_decay,2632.9,0.025835,8.6884,0.87816,584.55,False,True,False,3.0587,57.335,,True,False,True,True,True,ok,True,True,1.1702,1.1892,True,0.34156,2.4589,6.3132,False,True,,0,12.29,True,,True,True,False,False,False,1751.01,CP,,ok,True,0.0014811,0,22.437,57.335,0,-3.6213,66.5,36.119,12.248
236784921_2625.7900,236784921,2625.8,A,7959,10.494,4478.7,8,11.773,0.82275,0.895,283.1,58.355,True,False,,ok,False,False,-9.4871,-5.8797,flare_decay,2625.6,0.069543,36.591,0.94821,3267,True,True,False,2.2499,10759,,False,True,False,,False,not run,,,,,,,,,,,,,,,,,,,,,,,,not run,,,,,,0,-5.8797,-6.9778,-9.2214,-9.4871
258918573_2612.5800,258918573,2612.6,A,8008,10.435,5912.4,3,11.397,0.85339,1.039,288.47,70.018,True,False,,ok,False,False,-6.9101,-4.5588,ramp,2612.5,0.035769,0.94562,0.29614,1522,False,False,False,2.1503,0.16016,,True,True,True,,True,not run,,,,,,,,,,,,,,,,,,,,,,,,not run,,,,,,0,-4.5588,-6.9101,-4.1616,-4.7983
257060831_2625.7000,257060831,2625.7,A,8012,10.432,1341,4,9.1055,1.8029,1.363,227.32,72.455,True,False,,ok,False,False,-12.952,-11.367,step,2625.7,0.021961,4.8248,0.89154,412.55,False,True,False,4.0958,4.0449,,True,False,True,,True,not run,,,,,,,,,,,,,,,,,,,,,,,,not run,,,,,,0,-11.367,-3.349,-12.952,-8.7497
86069772_2634.6900,86069772,2634.7,A,8026,10.416,9028,1.5,12.611,1.725,0.99,139.69,23.518,True,False,,ok,False,False,-14.589,3.2217,flare_decay,2634.7,0.38613,2.2456,1.2464,11628,True,True,False,5.9163,0.135,grazing,True,False,True,,True,not run,,,,,,,,,,,,,,,,,,,,,,,,not run,,,,,,0,3.2217,87.618,61.767,-14.589
117506106_2634.7200,117506106,2634.7,A,8028,10.413,2574.2,6,11.829,2.263,0.99,138.1,26.78,True,False,,ok,True,False,25.8,-10.872,flare_decay,2634.7,0.050182,6.0732,0.0013849,3051.6,False,True,False,5.8802,2.6519,,True,False,True,False,True,ok,False,False,0.19933,0.23635,False,1.0531,3.8652,3.2364,False,True,,0,2.0757,True,,True,False,False,False,False,,,,not run,,,,,,0,-10.872,93.634,47.312,25.8
356107843_2626.1900,356107843,2626.2,A,8045,10.386,2338.6,6,11.539,1.4673,1,261.21,58.65,True,False,,ok,False,False,-9.0008,-9.3624,flare_decay,2626,0.0456,18,0.56309,2325.4,False,True,False,3.7811,270.03,,False,True,False,,False,not run,,,,,,,,,,,,,,,,,,,,,,,,not run,,,,,,0,-9.3624,-0.02005,-5.6425,-9.0008
99271054_2614.8800,99271054,2614.9,A,8054,10.379,5049.6,2,11.24,0.84503,1.08,169.68,38,True,False,,ok,False,False,-72.419,-2.63,step,2614.9,0.06974,2.2271,0.00097251,5892.5,False,True,False,2.1709,2.6864,,True,False,False,,True,not run,,,,,,,,,,,,,,,,,,,,,,,,not run,,,,,,0,-2.63,120.85,-72.419,-62.023
98370692_2617.1500,98370692,2617.2,A,8067,10.366,4258.8,6,12.861,1.0047,1.02,147.06,29.483,True,False,,ok,False,False,-2.4279,-5.8943,flare_decay,2617.1,0.067798,4.4915,3.0732e-05,5569,False,True,False,2.6262,12.503,,True,False,True,,True,not run,,,,,,,,,,,,,,,,,,,,,,,,not run,,,,,,0,-5.8943,53.944,22.273,-2.4279
157834615_2614.8600,157834615,2614.9,A,8088,10.346,3719.1,4,12.216,1.314,1.04,149.62,43.151,True,False,,ok,True,True,17.518,5.5857,step,2614.9,0.3805,5.0992,1.2952,5134.9,True,True,False,4.4132,3.8323,,True,False,False,False,True,ok,False,False,-0.14288,-0.13334,True,,,0.20495,True,True,,0,-1.4782,True,,True,False,False,False,False,,,,not run,,,,,,0,5.5857,66.648,17.518,26.587
198554903_2625.7700,198554903,2625.8,A,8089,10.343,2521.5,8,12.629,0.74074,0.75,237.84,62.279,True,False,,ok,False,False,-9.1545,-6.7783,ramp,2625.8,0.029712,4.5579,0.25481,1055.5,False,True,False,2.0685,26.751,,True,False,True,,True,not run,,,,,,,,,,,,,,,,,,,,,,,,not run,,,,,,0,-6.7783,-9.1545,-7.2271,-7.3701
356644039_2619.2700,356644039,2619.3,A,8096,10.338,3628.2,3,12.103,1.6833,1.36,161.26,31.861,True,False,,ok,True,True,27.454,-4.9363,flare_decay,2619.3,0.068565,5.5033,0.89554,3954,False,True,False,4.0013,6.4778,,True,False,False,False,True,ok,False,False,0.22428,0.16034,True,,,0.5379,True,True,,0,2.3186,False,"1989 KF (V=16.9, 12"")",True,False,False,False,False,,,,not run,,,,,,0,-4.9363,122.1,35.999,27.454
356701658_2611.9300,356701658,2611.9,A,8102,10.323,1251.7,12,11.158,1.0079,1.024,254.92,71.08,True,False,,ok,False,False,-0.076661,-10.793,step,2612,0.029163,13.071,0.0025853,1030.8,False,True,False,2.5358,342.62,,True,False,True,,True,not run,,,,,,,,,,,,,,,,,,,,,,,,not run,,,,,,0,-10.793,54.523,-0.076661,18.881
101576168_2612.8700,101576168,2612.9,A,8135,10.271,1392.2,24,12.434,1.6816,1.26,144.2,31.525,True,False,,ok,False,False,-2.4502,-11.573,step,2612.9,0.034324,24.79,0.00049614,1427.9,False,True,False,3.969,609.98,,True,False,True,,True,not run,,,,,,,,,,,,,,,,,,,,,,,,not run,,,,,,0,-11.573,17.941,-2.4502,1.672
171598518_2628.9300,171598518,2628.9,A,8136,10.266,2581.4,2,11.171,1.1036,1.121,156.76,19.865,True,False,,ok,False,False,3.2384,7.7135,flare_decay,2628.9,0.31864,6.2211,1.2629,2382.8,True,True,False,3.4522,14.632,,True,False,True,,True,not run,,,,,,,,,,,,,,,,,,,,,,,,not run,,,,,,0,7.7135,57.026,19.665,3.2384
233085306_2626.2000,233085306,2626.2,A,8138,10.264,2463.4,8,12.238,1.3699,0.92,272.02,65.025,True,False,,ok,False,False,-12.674,-6.2185,step,2625.6,0.048641,43.103,0.8277,2221.4,False,True,False,3.6401,4155.4,,False,,,,False,not run,,,,,,,,,,,,,,,,,,,,,,,,not run,,,,,,0,-6.2185,-12.326,-12.674,-7.8942
307958740_2634.7200,307958740,2634.7,A,8139,10.263,6108.5,3,12.875,1.3466,1.05,148.99,29.287,True,False,,ok,True,True,21.974,-4.545,flare_decay,2634.7,0.074506,4.031,1.6338e-09,6724.9,False,True,False,3.5083,3.7637,,True,False,True,False,True,ok,False,False,0.1394,0.1172,True,,,-14.765,True,True,,0,1.4307,True,,True,False,False,False,False,,,,not run,,,,,,0,-4.545,97.356,37.451,21.974
198212295_2625.6000,198212295,2625.6,A,8145,10.254,3568,2,10.726,0.84707,0.903,248.24,62.23,True,False,,ok,False,False,-10.776,-5.4345,step,2625.6,0.026223,1.5556,0.094747,831.93,False,False,False,2.216,0.84145,,True,True,True,,True,not run,,,,,,,,,,,,,,,,,,,,,,,,not run,,,,,,0,-5.4345,-8.2068,-10.776,-5.8903
353870475_2625.5900,353870475,2625.6,A,8150,10.245,7900.6,2,11.935,0.80951,0.799,271.31,54.183,True,False,,ok,False,False,-8.9922,-5.0746,ramp,2625.6,0.032544,4.7274,0.088343,1281.6,False,True,False,2.2194,24.161,,False,True,False,,False,not run,,,,,,,,,,,,,,,,,,,,,,,,not run,,,,,,0,-5.0746,-8.9922,-8.8566,-5.355
445808140_2614.8800,445808140,2614.9,A,8151,10.244,3364.4,1.5,10.078,1.9072,1.81,167.71,50.066,True,False,,ok,False,False,-17.885,-7.2997,step,2614.9,0.055106,2.2195,4.2227e-05,3679.7,False,False,False,4.0698,0.1753,,True,False,False,,True,not run,,,,,,,,,,,,,,,,,,,,,,,,not run,,,,,,0,-7.2997,2.645,-17.885,-13.447
233635396_2619.1000,233635396,2619.1,A,8169,10.217,1674.5,4,10.49,1.4611,1.12,145.96,26.196,True,False,,ok,True,True,30.727,-3.6311,step,2619.1,0.045011,5.9863,0.89187,1726.7,False,True,False,3.6234,11.262,,True,False,True,False,True,ok,False,False,0.0085197,0.0090269,True,,,-0.85268,True,True,,0,0.087043,True,,True,False,False,False,False,,,,not run,,,,,,0,-3.6311,94.464,30.727,33.395
139382242_2628.0000,139382242,2628,A,8179,10.204,4609.7,3,12.212,1.186,1.15,139.37,31.669,True,False,,ok,False,False,-0.21875,6.0078,flare_decay,2628,0.37797,3.6598,1.273,7199.7,True,True,False,3.8445,2.1308,grazing,True,False,True,,True,not run,,,,,,,,,,,,,,,,,,,,,,,,not run,,,,,,0,6.0078,74.511,44.956,-0.21875
63307068_2616.1300,63307068,2616.1,A,8186,10.196,7646.5,3,12.992,2.1601,1.15,158.13,16.453,True,False,,ok,True,True,12.043,-2.7843,flare_decay,2616.1,0.084265,3.1814,0.0014796,8600.6,False,False,False,5.5122,0.24451,,True,False,True,,True,not run,,,,,,,,,,,,,,,,,,,,,,,,not run,,,,,,0,-2.7843,86.594,55.096,12.043
232978977_2625.6200,232978977,2625.6,A,8195,10.183,4692.9,8,12.841,0.60112,0.69,218.45,65.009,True,False,,ok,False,False,-11.753,-3.3492,step,2626.4,0.050182,9.4654,0.0042574,3051.6,False,True,False,1.7601,388.88,,True,False,True,,True,not run,,,,,,,,,,,,,,,,,,,,,,,,not run,,,,,,0,-3.3492,-10.213,-11.753,-5.831
203286381_2627.8100,203286381,2627.8,A,8209,10.167,5311.1,12,12.993,1.6898,1.64,136.1,23.736,True,False,,ok,False,False,-13.089,-7.5055,step,2627.8,0.06146,13.984,0.049622,4574.6,False,True,False,3.7485,129.95,,True,False,True,,True,not run,,,,,,,,,,,,,,,,,,,,,,,,not run,,,,,,0,-7.5055,4.7812,-13.089,-4.7588
29190412_2619.9900,29190412,2620,A,8212,10.165,8841.3,1.5,12.585,0.96586,0.98,151.56,46.451,True,False,,ok,True,True,28.148,15.446,flare_decay,2620,0.42368,1.1898,1.1571,34872,True,True,False,3.4116,0.069646,grazing,True,False,False,False,True,ok,False,False,-1.1634,-0.22557,True,,,-40.638,True,True,,0,-11.826,True,,True,False,False,False,False,,,,not run,,,,,,0,15.446,112.88,100.3,28.148
1043379_2626.1700,1043379,2626.2,A,8213,10.163,4160,2,9.8709,0.86969,0.71,154.13,25.289,True,False,,ok,False,False,-6.0088,-4.152,step,2626.1,0.16171,1.6493,1.1141,1371.2,True,True,False,2.7906,0.47882,grazing,True,True,True,,True,not run,,,,,,,,,,,,,,,,,,,,,,,,not run,,,,,,0,-4.152,0.59111,-6.0088,-2.2441
252800905_2615.3300,252800905,2615.3,A,8227,10.136,3864.7,24,12.549,0.97608,0.72,165.99,47.361,True,False,,ok,False,False,-118.32,12.125,step,2615.3,0.064823,27.338,0.58365,4660.5,False,True,False,2.8575,2190.7,,False,True,False,,False,not run,,,,,,,,,,,,,,,,,,,,,,,,not run,,,,,,0,12.125,486.19,-118.32,24.384
27066880_2619.8600,27066880,2619.9,A,8229,10.133,2470.1,4,11.527,1.868,1.27,151.88,19.357,True,False,,ok,False,False,-10.645,-5.0097,flare_decay,2619.9,0.054278,6.6178,0.88193,2553.6,False,True,False,4.4828,8.0152,,True,False,True,,True,not run,,,,,,,,,,,,,,,,,,,,,,,,not run,,,,,,0,-5.0097,35.835,31.543,-10.645
359495941_2620.4100,359495941,2620.4,A,8234,10.127,4918.8,2,12.178,1.3642,1.09,279.17,54.742,True,False,,ok,True,True,25.374,7.2544,flare_decay,2620.4,0.08362,3.439,0.90349,5739.9,True,True,False,3.54,2.2557,grazing,True,False,True,True,True,ok,True,True,0.52371,0.50646,True,0.1249,0.83363,7.7757,False,True,,0,5.3038,True,,True,False,False,False,False,,,,ok,False,0.57867,0.21761,15.581,23.371,0,7.2544,100.52,77.48,25.374
85979212_2631.6200,85979212,2631.6,A,8237,10.125,1723.7,2,10.178,2.5648,1.19,138.1,23.724,True,False,,ok,True,True,24.896,-2.2913,flare_decay,2631.6,0.042901,2.0572,0.64017,1993.1,False,False,False,6.2253,0.16438,,True,False,False,,True,not run,,,,,,,,,,,,,,,,,,,,,,,,not run,,,,,,0,-2.2913,71.44,46.226,24.896
229586790_2628.2400,229586790,2628.2,A,8252,10.1,1310.7,8,11.335,0.397,0.412,271.38,76.163,True,False,,ok,False,False,-8.6838,-4.3878,step,2628.2,0.026452,9.6302,0.099505,846.39,False,True,False,1.3492,909.18,,True,True,True,,True,not run,,,,,,,,,,,,,,,,,,,,,,,,not run,,,,,,0,-4.3878,-1.055,-8.6838,-4.4526
357045320_2618.2100,357045320,2618.2,A,8255,10.095,2223.2,12,11.237,1.9493,1.36,274.45,55.844,True,False,,ok,True,False,28.281,-15.853,step,2618.2,0.041247,14.085,0.015493,2061.8,False,True,False,4.5158,75.966,,True,False,False,False,True,ok,False,False,0.0058026,0.0035727,False,1.618,13.392,12.12,False,True,,0,0.058576,True,,True,False,False,False,False,,,,not run,,,,,,0,-15.853,181.59,28.281,126.72
27072954_2615.9700,27072954,2616,A,8258,10.094,4826.2,1.5,11.349,0.54962,0.54491,152.48,19.359,True,False,,ok,True,True,32.311,64.458,flare_decay,2616,0.06938,7.3309,0.8952,4050.5,False,True,False,1.7729,176.79,,True,False,True,False,True,ok,False,False,0.21701,0.13607,True,0.4521,1.8256,4.8734,False,True,,0,2.1905,True,,True,False,False,False,False,,,,ok,True,0.013599,0,19.975,176.79,0,64.458,125.52,67.884,32.311
307907234_2618.8100,307907234,2618.8,A,8260,10.089,7344.4,2,12.875,1.0002,0.97,140.87,31.628,True,False,,ok,True,True,17.62,1.9126,flare_decay,2618.8,0.10225,3.455,0.90069,8521.6,True,True,False,2.7442,4.9752,,True,False,True,False,True,ok,False,False,-0.040384,-0.043609,True,,,-1.8814,True,True,,0,-0.40744,False,"2000 AQ69 (V=16.9, 14"")",True,False,False,False,False,,,,not run,,,,,,0,1.9126,56.227,41.61,17.62
392572237_2614.8600,392572237,2614.9,A,8263,10.085,2809.2,1,7.321,0.2788,0.25262,280.7,59.627,True,False,,ok,False,False,-30.798,7.3088,step,2614.9,0.043321,4.6768,0.6585,2013.6,False,True,False,1.1336,175.56,,True,False,False,,True,not run,,,,,,,,,,,,,,,,,,,,,,,,not run,,,,,,0,7.3088,96.933,-30.798,-30.2
289752389_2635.1000,289752389,2635.1,A,8276,10.072,3778.5,16,12.399,0.7182,0.618,160.35,56.029,True,False,,ok,False,False,-74.037,141.84,ramp,2636.6,0.41878,105.92,1.2011,24914,True,True,False,2.9479,,,False,,,,False,not run,,,,,,,,,,,,,,,,,,,,,,,,not run,,,,,,0,141.84,-74.037,355.66,337.58
356684770_2631.8400,356684770,2631.8,A,8279,10.071,3582.3,1.5,11.26,1.6481,1.06,169.12,33.982,True,False,,ok,True,True,22.747,3.748,flare_decay,2631.8,0.10276,1.9102,0.97082,5155.9,True,True,False,4.3937,0.14435,grazing,True,False,True,False,True,ok,False,False,0.094066,0.065028,True,,,-5.1591,True,True,,0,0.94731,True,,True,False,False,False,False,,,,not run,,,,,,0,3.748,87.64,83.954,22.747
229537185_2625.5100,229537185,2625.5,A,8284,10.069,3204.9,6,12.254,0.843,0.79,196.02,67.402,True,False,,ok,False,False,-11.081,-10.784,step,2625.2,0.038461,11.742,0.0013441,1792.8,False,True,False,2.3333,318.72,,False,,,,False,not run,,,,,,,,,,,,,,,,,,,,,,,,not run,,,,,,0,-10.784,-10.293,-11.081,-8.1504
198212955_2625.6800,198212955,2625.7,A,8293,10.061,2847.8,6,11.598,0.71161,0.665,248.55,60.196,True,False,1242.01,ok,False,False,-12.398,-5.5777,flare_decay,2625.6,0.022128,3.7475,0.40898,571.55,False,True,False,2.0532,15.2,,True,False,True,,True,not run,,,,,,,,,,,,,,,,,,,,,,,,not run,,,,,,0,-5.5777,-9.8622,-8.1981,-12.398
149362247_2618.4500,149362247,2618.4,A,8300,10.049,9085.4,1,12.126,1.0685,1.13,138.64,25.108,True,False,,ok,True,True,24.055,9.2027,flare_decay,2618.5,0.1196,1.813,0.9046,11014,True,True,False,2.8301,0.62029,grazing,False,True,False,False,False,ok,False,False,-0.26253,-0.18675,True,,,1.4773,True,True,,0,-2.638,True,,True,False,False,False,False,,,,ok,False,0.89625,0.26765,17.53,26.294,0,9.2027,127.92,99.332,24.055
117506689_2627.5800,117506689,2627.6,A,8306,10.037,644.21,24,10.669,2.2245,1.22,138.18,24.085,True,False,,ok,False,False,-3.1881,0.46487,flare_decay,2627.6,0.029027,32.165,0.72199,870.87,False,True,False,5.2819,565.93,,True,False,True,,True,not run,,,,,,,,,,,,,,,,,,,,,,,,not run,,,,,,0,0.46487,80.706,5.423,-3.1881
86118803_2632.2200,86118803,2632.2,A,8315,10.03,2794.6,6,11.892,1.3211,1.25,140.22,23.269,True,False,,ok,True,True,26.966,-0.07698,flare_decay,2632.2,0.066649,8.0698,0.9176,3545.6,True,True,False,3.2237,39.238,,True,False,True,False,True,ok,False,False,0.17507,0.096637,True,,,1.5005,True,True,,1,1.756,True,,True,False,False,False,False,,,,not run,,,,,,0,-0.07698,76.192,42.21,26.966
8153109_2631.1000,8153109,2631.1,A,8316,10.029,4203,1,11.471,1.1083,0.96,155.35,38.78,True,False,,ok,True,True,10.757,2.3868,flare_decay,2631.1,0.35304,2.1654,1.2706,4713.6,True,True,False,3.7463,0.4285,grazing,True,False,True,False,True,ok,False,False,0.16396,0.14674,True,,,0.77857,True,True,,0,1.6444,True,,True,False,False,False,False,,,,not run,,,,,,0,2.3868,58.237,47.284,10.757
286730873_2633.7300,286730873,2633.7,A,8335,10.013,2408.4,3,11.576,1.5714,1.02,143.22,23.208,True,False,,ok,False,False,5.3206,-2.7038,flare_decay,2633.7,0.055233,3.3902,0.87049,2696.2,False,False,False,4.0602,1.3922,,True,False,True,,True,not run,,,,,,,,,,,,,,,,,,,,,,,,not run,,,,,,0,-2.7038,50.776,39.877,5.3206
172518605_2632.3400,172518605,2632.3,A,8356,9.9897,6585.6,1.5,12.327,1.1311,1.01,142.68,27.39,True,False,,ok,False,False,0.75998,6.3598,flare_decay,2632.3,0.38108,2.8535,1.2731,7568.8,True,True,False,3.8374,0.99153,grazing,True,False,True,,True,not run,,,,,,,,,,,,,,,,,,,,,,,,not run,,,,,,0,6.3598,81.391,51.959,0.75998
224600307_2612.0900,224600307,2612.1,A,8359,9.9879,2125.6,12,12.326,1.4177,1.17,255.06,57.833,True,False,,ok,False,False,-35.403,16.504,step,2611.6,0.058156,40.713,0.00025199,4098.1,False,True,False,3.5085,3910.5,,True,False,True,,True,not run,,,,,,,,,,,,,,,,,,,,,,,,not run,,,,,,0,16.504,74.815,-35.403,3.9421
70655619_2627.7600,70655619,2627.8,A,8364,9.9851,1710.1,1,9.7319,2.6378,1.03,155.11,17.324,True,False,,ok,False,False,-1.6017,-3.9467,flare_decay,2627.8,0.039026,1.294,0.00031811,1845.9,False,False,False,6.6944,0.10378,,True,False,True,,True,not run,,,,,,,,,,,,,,,,,,,,,,,,not run,,,,,,0,-3.9467,62.835,39.94,-1.6017
356108689_2626.0900,356108689,2626.1,A,8366,9.9824,5960.1,3,11.797,0.65821,0.63,261.52,58.344,True,False,,ok,False,False,-10.917,-5.468,ramp,2626.1,0.031988,2.7639,0.26382,1222.2,False,True,False,1.9523,7.0876,,True,False,True,,True,not run,,,,,,,,,,,,,,,,,,,,,,,,not run,,,,,,0,-5.468,-10.917,-8.5071,-6.1297
287080121_2625.5900,287080121,2625.6,A,8389,9.951,4328.2,1.5,10.963,0.68486,0.7,243.46,63.432,True,False,,ok,False,False,-13.376,-5.8339,ramp,2625.6,0.072032,0.27713,1.0083,1397.9,True,True,False,2.0373,,grazing,True,False,False,,True,not run,,,,,,,,,,,,,,,,,,,,,,,,not run,,,,,,0,-5.8339,-13.376,-10.417,-7.0936
414966897_2620.9600,414966897,2621,A,8391,9.9505,3844,1.5,11.443,1.085,1.01,141.09,23.456,True,False,,ok,True,True,39.273,5.9837,flare_decay,2621,0.36829,2.3107,1.2828,5091.6,True,True,False,3.6467,0.59395,grazing,True,False,False,False,True,ok,False,False,0.077561,0.055133,True,0.75188,2.2598,3.5562,False,True,,0,0.77176,True,,True,False,False,False,False,,,,not run,,,,,,0,5.9837,110.69,40.153,39.273
430244947_2616.4000,430244947,2616.4,A,8394,9.9458,3441.1,1,11.051,1.6276,1,142.48,23.378,True,False,,ok,False,False,-4.2094,-0.93507,flare_decay,2616.4,0.34907,2.1116,1.2771,3757.7,True,True,False,5.414,0.13043,grazing,True,False,True,,True,not run,,,,,,,,,,,,,,,,,,,,,,,,not run,,,,,,0,-0.93507,70.488,65.046,-4.2094
172518958_2633.1100,172518958,2633.1,A,8408,9.933,3611.2,1.5,11.537,1.8526,1.18,142.68,25.593,True,False,,ok,False,False,4.6378,-2.9211,flare_decay,2633.1,0.054991,1.9537,0.0064922,3664.3,False,False,False,4.5592,0.15432,,True,False,True,,True,not run,,,,,,,,,,,,,,,,,,,,,,,,not run,,,,,,0,-2.9211,61.121,43.511,4.6378
8262964_2628.3400,8262964,2628.3,A,8430,9.9168,1355,24,12.203,0.79986,0.904,162.37,38.485,True,False,,ok,False,False,-62.32,-61.785,step,2628.3,0.038597,23.274,0.0411,1804.9,False,True,False,2.1169,3323.9,,True,False,False,,True,not run,,,,,,,,,,,,,,,,,,,,,,,,not run,,,,,,0,-61.785,94.351,-62.32,-16.374
149400471_2634.0200,149400471,2634,A,8432,9.9161,1731.4,1.5,9.8629,2.6946,1.16,140.03,24.856,True,False,,ok,False,False,7.8259,0.73892,flare_decay,2634,0.058969,2.624,0.97104,1894.3,True,True,False,6.6992,0.20649,grazing,False,True,False,,False,not run,,,,,,,,,,,,,,,,,,,,,,,,not run,,,,,,0,0.73892,74.478,50.607,7.8259
26983320_2615.4300,26983320,2615.4,A,8433,9.9141,6234.8,1.5,12.281,1.5482,1.1,150.27,19.571,True,False,,ok,True,True,35.522,-0.45642,flare_decay,2615.4,0.075185,1.8,0.00017619,6848,False,False,False,3.9746,0.13951,,False,True,False,,False,not run,,,,,,,,,,,,,,,,,,,,,,,,not run,,,,,,0,-0.45642,87.204,42.053,35.522
233070013_2625.6700,233070013,2625.7,A,8437,9.9115,3444.4,4,10.774,0.77994,0.81,270.82,64.834,True,False,,ok,False,False,-19.718,-22.382,step,2625.6,0.022738,4.8571,0.0075484,626.65,False,True,False,2.1084,30.569,,True,True,True,,True,not run,,,,,,,,,,,,,,,,,,,,,,,,not run,,,,,,0,-22.382,-7.0713,-19.718,-14.908
8768512_2635.2200,8768512,2635.2,A,8445,9.9041,2470.7,2,11.083,1.7286,1.23,140.33,32.307,True,False,,ok,True,True,28.394,-1.297,flare_decay,2635.2,0.046856,2.4211,0.29567,2611.5,False,False,False,4.1628,0.19273,,True,False,True,,True,not run,,,,,,,,,,,,,,,,,,,,,,,,not run,,,,,,0,-1.297,94.811,41.743,28.394
88024443_2621.0000,88024443,2621,A,8446,9.9037,7639.3,1.5,12.481,1.373,1.31,147.41,21.524,True,False,,ok,False,False,7.5415,-2.904,flare_decay,2621,0.37579,3.1866,1.2553,9016.9,True,True,False,4.2553,1.0045,grazing,True,False,True,,True,not run,,,,,,,,,,,,,,,,,,,,,,,,not run,,,,,,0,-2.904,96.587,53.427,7.5415
86118797_2632.1700,86118797,2632.2,A,8453,9.8931,5479.6,2,11.441,1.2387,1.27,140.23,23.26,True,False,,ok,True,True,71.618,34.42,flare_decay,2632.2,0.41203,3.6947,1.3127,6802.1,True,True,False,3.9807,1.9716,grazing,True,False,True,False,True,ok,False,False,-0.067272,-0.015794,True,,,-2.1374,True,True,,0,-0.66552,True,,True,False,False,False,False,,,,not run,,,,,,0,34.42,278.52,230.23,71.618
372710238_2613.7200,372710238,2613.7,A,8467,9.8766,3226.8,6,12.484,0.88114,0.99,141.17,40.535,True,False,,ok,False,False,-2.3229,-11.13,flare_decay,2613.7,0.053184,8.3944,7.0231e-05,3427.6,False,True,False,2.2942,122.51,,True,False,True,,True,not run,,,,,,,,,,,,,,,,,,,,,,,,not run,,,,,,0,-11.13,31.957,6.8651,-2.3229
8855625_2616.5100,8855625,2616.5,A,8468,9.8736,3472.2,1.5,11.396,1.3688,1.16,142.71,31.237,True,False,,ok,False,False,-0.57634,-1.7449,flare_decay,2616.5,0.37276,2.8727,1.2992,3992,True,True,False,4.408,0.63024,grazing,True,False,False,,True,not run,,,,,,,,,,,,,,,,,,,,,,,,not run,,,,,,0,-1.7449,80.924,72.507,-0.57634
92007894_2627.6100,92007894,2627.6,A,8471,9.8709,1223.4,24,12.063,2.2281,1.01,145.32,22.015,True,False,,ok,False,False,-6.1538,3.4625,flare_decay,2627.3,0.32246,52.117,1.2753,1823.5,True,True,False,7.2458,934.46,,False,True,False,,False,not run,,,,,,,,,,,,,,,,,,,,,,,,not run,,,,,,0,3.4625,28.887,11.737,-6.1538
172518657_2613.6600,172518657,2613.7,A,8473,9.8667,3854.8,16,12.729,0.71962,0.74,142.74,27.093,True,False,,ok,False,False,8.0148,12.501,ramp,2613.6,0.33949,62.946,1.2681,3663.7,True,True,False,2.6259,34454,,True,False,True,,True,not run,,,,,,,,,,,,,,,,,,,,,,,,not run,,,,,,0,12.501,8.0148,30.752,55.018
386889899_2612.7300,386889899,2612.7,A,8486,9.8545,1504.1,24,12.682,1.6731,0.98,137.01,22.9,True,False,,ok,False,False,-14.092,-13.661,step,2612.8,0.037559,28.145,0.054309,1708.6,False,True,False,4.3078,698.37,,False,True,False,,False,not run,,,,,,,,,,,,,,,,,,,,,,,,not run,,,,,,0,-13.661,17.267,-14.092,-5.2164
95836619_2635.0900,95836619,2635.1,A,8490,9.8484,3626.1,1.5,11.46,1.0365,1.19,161.82,23.282,True,False,,ok,True,True,22.257,-1.7544,flare_decay,2635.1,0.057459,1.5717,0.00035226,4000.6,False,False,False,2.5487,0.55101,,True,False,True,,True,not run,,,,,,,,,,,,,,,,,,,,,,,,not run,,,,,,0,-1.7544,97.655,30.745,22.257
356471623_2612.0300,356471623,2612,A,8503,9.826,2138.6,6,11.852,0.89044,0.98,157.4,30.033,True,False,,ok,False,False,1.4422,-14.17,flare_decay,2612,0.044789,6.3364,4.0904e-05,2431.1,False,True,False,2.3078,51.765,,True,False,True,,True,not run,,,,,,,,,,,,,,,,,,,,,,,,not run,,,,,,0,-14.17,49.312,14.847,1.4422
156510031_2626.1000,156510031,2626.1,A,8507,9.8182,1739.9,6,11.504,0.74411,0.692,220.55,76.677,True,False,,ok,False,False,-10.505,-3.7193,ramp,2626,0.05483,0.38321,0.92894,2335.6,True,True,False,2.1865,,grazing,True,True,True,,True,not run,,,,,,,,,,,,,,,,,,,,,,,,not run,,,,,,0,-3.7193,-10.505,-7.0312,-3.8185
149369649_2630.7300,149369649,2630.7,A,8521,9.7971,6849.4,1.5,12.451,0.85099,0.9,139.3,26.614,True,False,,ok,True,True,18.575,3.496,flare_decay,2630.7,0.10741,1.9576,0.90882,8965.7,True,True,False,2.4051,1.3285,grazing,False,True,False,False,False,ok,False,False,-0.12162,-0.090646,True,,,0.12472,True,True,,0,-1.1915,True,,True,False,False,False,False,,,,not run,,,,,,0,3.496,96.281,68.82,18.575
229501295_2626.1800,229501295,2626.2,A,8525,9.7919,4966.9,2,10.39,1.0765,0.715,296.75,63.745,True,False,,ok,False,False,-11.066,1.5162,ramp,2626,0.02803,4.3616,0.023602,952.15,False,True,False,3.0499,7.2963,,False,True,False,,False,not run,,,,,,,,,,,,,,,,,,,,,,,,not run,,,,,,0,1.5162,-11.066,-8.6354,-3.6212
441795791_2628.2200,441795791,2628.2,A,8526,9.791,810.87,24,12.187,1.1368,1.25,263.85,76.916,True,False,,ok,False,False,-3.6323,-3.6332,step,2628.2,0.029655,23.42,0.16261,1060.1,False,True,False,2.6775,1674,,True,False,True,,True,not run,,,,,,,,,,,,,,,,,,,,,,,,not run,,,,,,0,-3.6332,19.055,-3.6323,0.90345
149467721_2620.0200,149467721,2620,A,8529,9.7842,6784.8,1.5,12.444,0.86482,0.98,141.38,28.344,True,False,,ok,True,True,38.328,14.264,flare_decay,2620,0.40324,2.934,1.2896,8420.3,True,True,False,3.0107,2.2992,grazing,True,False,False,False,True,ok,False,False,0.24892,0.31214,False,1.4613,5.892,3.6624,False,True,,0,2.4355,True,,True,False,False,False,False,,,,not run,,,,,,0,14.264,137.93,40.863,38.328
156462093_2625.7100,156462093,2625.7,A,8536,9.7724,2986.7,6,12.106,0.44547,0.44169,217.34,72.424,True,False,,ok,False,False,-9.1251,-5.2793,step,2625.6,0.043589,6.9195,0.0010831,2302.6,False,True,False,1.504,243.52,,False,True,False,,False,not run,,,,,,,,,,,,,,,,,,,,,,,,not run,,,,,,0,-5.2793,-5.0927,-9.1251,-5.0595
302633886_2632.7400,302633886,2632.7,A,8548,9.7599,2714.8,6,12.355,1.2937,0.99,147.97,37.554,True,False,,ok,True,True,13.55,-3.8784,flare_decay,2632.7,0.060433,6.3483,0.82045,3454.4,False,True,False,3.3921,16.385,,True,False,True,False,True,ok,False,False,0.35864,0.3703,True,0.32199,2.3922,10.645,False,True,,0,3.5003,False,"Marghanna (V=15.0, 52"")",True,False,False,False,False,,,,not run,,,,,,0,-3.8784,49.518,21.125,13.55
239200359_2633.4700,239200359,2633.5,A,8558,9.7475,3039.8,6,12.437,1.3198,1.09,148.67,20.974,True,False,,ok,False,False,-0.86008,-0.56409,flare_decay,2633.5,0.056117,5.5387,6.8566e-05,3816,False,True,False,3.3378,11.413,,True,False,True,,True,not run,,,,,,,,,,,,,,,,,,,,,,,,not run,,,,,,0,-0.56409,42.555,12.05,-0.86008
99937262_2634.7200,99937262,2634.7,A,8572,9.7349,309.51,24,10.432,1.0614,0.987,170.08,65.533,True,False,,ok,False,False,-8.4446,-5.9771,flare_decay,2634.8,0.017224,28.41,0.58555,329.12,False,True,False,2.6719,3007,,True,False,True,,True,not run,,,,,,,,,,,,,,,,,,,,,,,,not run,,,,,,0,-5.9771,-4.5291,-5.1082,-8.4446
85911158_2628.2200,85911158,2628.2,A,8580,9.7287,3236.1,24,12.82,1.113,0.94,137.55,22.651,True,False,,ok,True,True,28.828,5.2262,flare_decay,2628.2,0.34088,30.998,1.2556,4915.6,True,True,False,3.7546,1408.6,,True,False,True,True,True,ok,True,True,1.8588,1.5022,True,0.70059,15.765,38.14,False,True,,0,18.083,True,,True,False,False,False,False,,,,ok,True,0.137,0,17.724,1408.6,0,5.2262,170.17,64.482,28.828
407589461_2614.9000,407589461,2614.9,A,8605,9.7054,1495.5,2,4.3201,1.6291,1.88,151.86,35.245,True,False,,ok,False,False,-27.193,-5.7326,step,2614.9,0.037267,2.5083,0.00042647,1683.2,False,False,False,3.3741,0.97519,,True,False,False,,True,not run,,,,,,,,,,,,,,,,,,,,,,,,not run,,,,,,0,-5.7326,17.83,-27.193,-19.179
117506410_2620.3900,117506410,2620.4,A,8615,9.6951,2881.5,1.5,11.044,0.82342,0.676,138.09,25.315,True,False,,ok,False,False,-4.639,-3.0818,flare_decay,2620.4,0.049353,2.2743,0.21174,2924.4,False,False,False,2.4259,2.0412,,True,False,False,,True,not run,,,,,,,,,,,,,,,,,,,,,,,,not run,,,,,,0,-3.0818,108.36,37.802,-4.639
308027806_2631.4300,308027806,2631.4,A,8621,9.6885,8510.4,1.5,12.956,1.0615,0.91,150.32,25.482,True,False,,ok,True,True,20.988,16.113,flare_decay,2631.4,0.41277,3.0808,1.2941,9129.9,True,True,False,3.8139,1.2872,grazing,True,False,True,False,True,ok,False,False,-0.16588,-0.15169,True,,,-15.89,True,True,,0,-1.6071,True,,True,False,False,False,False,,,,not run,,,,,,0,16.113,96.976,62.862,20.988
224288743_2613.7500,224288743,2613.8,A,8644,9.6574,5619.7,3,12.859,1.0157,1.04,182.98,58.602,True,False,,ok,False,False,-0.27092,1.0627,flare_decay,2613.7,0.36358,4.2334,1.2561,7374.1,True,True,False,3.3687,4.9496,,True,False,True,,True,not run,,,,,,,,,,,,,,,,,,,,,,,,not run,,,,,,0,1.0627,42.687,24.734,-0.27092
239196861_2619.4000,239196861,2619.4,A,8646,9.6546,2678.9,4,11.842,0.95615,1.07,146.65,24.727,True,False,,ok,False,False,8.0554,-8.1421,flare_decay,2619.4,0.049099,5.089,9.6186e-05,2921.4,False,True,False,2.4165,23.353,,True,False,True,,True,not run,,,,,,,,,,,,,,,,,,,,,,,,not run,,,,,,0,-8.1421,52.881,19.933,8.0554
417916571_2634.2700,417916571,2634.3,A,8649,9.6535,474.53,12,10.033,1.525,1.13,168.53,66.306,True,False,,ok,False,False,8.7355,-7.7314,flare_decay,2634.3,0.020569,12.563,0.073314,512.25,False,True,False,3.6827,99.348,,True,False,True,,True,not run,,,,,,,,,,,,,,,,,,,,,,,,not run,,,,,,0,-7.7314,38.429,14.202,8.7355
138708634_2615.5800,138708634,2615.6,A,8658,9.6357,4939.2,1,11.636,1.8538,0.94,136.92,25.384,True,False,,ok,False,False,1.7068,0.93658,flare_decay,2615.6,0.090741,1.2862,0.90616,6683.2,True,True,False,5.089,0.098266,grazing,True,False,False,,True,not run,,,,,,,,,,,,,,,,,,,,,,,,not run,,,,,,0,0.93658,78.793,10.936,1.7068
95338705_2617.6300,95338705,2617.6,A,8659,9.6344,1976.9,1.5,10.475,1.2288,1.33,153.46,23.265,True,False,,ok,True,True,18.956,-2.7449,flare_decay,2617.6,0.045221,1.4093,0.0059611,2478.2,False,False,False,2.8779,0.11236,,False,True,False,,False,not run,,,,,,,,,,,,,,,,,,,,,,,,not run,,,,,,0,-2.7449,76.787,54.816,18.956
27072960_2615.8400,27072960,2615.8,A,8672,9.6132,3852.1,2,11.834,0.96413,1.01,152.5,19.333,True,False,,ok,True,True,20.993,0.84641,flare_decay,2615.8,0.36046,3.5927,1.2815,4426.1,True,True,False,3.2216,3.4529,,True,False,True,False,True,ok,False,False,0.45471,0.34158,True,0.14919,0.78386,7.6968,False,True,,0,4.3712,True,,True,False,False,False,False,,,,ok,False,0.70856,0,20.146,30.219,0,0.84641,64.796,27.501,20.993
87973661_2630.9300,87973661,2630.9,A,8678,9.6098,2369.7,4,11.856,1.4386,1.03,146.47,20.494,True,False,,ok,False,False,-0.35179,-8.0844,flare_decay,2630.9,0.046708,3.9613,0.00018423,2643.8,False,True,False,3.6747,3.0954,,True,False,True,,True,not run,,,,,,,,,,,,,,,,,,,,,,,,not run,,,,,,0,-8.0844,17.664,9.2775,-0.35179
160332951_2616.8000,160332951,2616.8,A,8682,9.6075,3258.3,4,12.312,1.7955,1.09,155.82,34.443,True,False,,ok,True,True,14.561,0.017567,flare_decay,2616.8,0.34708,7.0284,1.2708,4121.5,True,True,False,5.7956,4.4186,,True,False,True,False,True,ok,False,False,0.011536,0.0087772,True,0.064949,0.15768,3.2797,False,True,,0,0.11083,True,,True,False,False,False,False,,,,not run,,,,,,0,0.017567,50.878,19.254,14.561
1120059_2633.8000,1120059,2633.8,A,8695,9.5812,2300,6,11.837,1.4502,1.15,155.83,26.994,True,False,,ok,False,False,-11.471,-14.672,flare_decay,2633.8,0.044779,6.7706,4.6206e-06,2430,False,True,False,3.564,17.137,,False,,,,False,not run,,,,,,,,,,,,,,,,,,,,,,,,not run,,,,,,0,-14.672,18.562,3.7004,-11.471
198185764_2625.6400,198185764,2625.6,A,8703,9.5722,3010.9,4,11.545,0.81188,0.804,245.59,64.763,True,False,,ok,False,False,-8.8423,-2.6558,ramp,2626,0.029091,2.5026,0.73463,867.01,False,True,False,2.2139,3.5987,,True,False,True,,True,not run,,,,,,,,,,,,,,,,,,,,,,,,not run,,,,,,0,-2.6558,-8.8423,-7.4334,-5.3777
39124669_2618.1600,39124669,2618.2,A,8704,9.5666,3243.7,6,12.296,1.0441,1.12,151.84,36.821,True,False,,ok,False,False,6.8911,-5.5285,flare_decay,2618.2,0.051543,6.3925,0.016529,3219.2,False,True,False,2.6052,36.948,,True,False,True,,True,not run,,,,,,,,,,,,,,,,,,,,,,,,not run,,,,,,0,-5.5285,22.652,11.469,6.8911
27035168_2621.1300,27035168,2621.1,A,8743,9.5192,2027.1,12,12.679,0.98155,1.04,151.41,18.168,True,False,,ok,False,False,-8.5121,-6.6699,flare_decay,2621,0.04803,4.8235,0.039212,2794.7,False,True,False,2.5018,17.916,,False,True,False,,False,not run,,,,,,,,,,,,,,,,,,,,,,,,not run,,,,,,0,-6.6699,-0.17991,-3.0077,-8.5121
224289997_2613.0600,224289997,2613.1,A,8747,9.5137,2849.7,2,11.477,0.84094,0.742,183.14,58.437,True,False,,ok,True,True,10.944,4.9494,flare_decay,2613.1,0.41529,3.2217,1.3466,3715.3,True,True,False,3.2397,2.4424,grazing,True,False,True,False,True,ok,False,False,0.1842,0.13645,True,,,2.3139,True,True,,0,1.7524,True,,True,False,False,False,False,,,,not run,,,,,,0,4.9494,51.217,36.712,10.944
359313787_2625.6800,359313787,2625.7,A,8748,9.5124,6926.9,6,11.855,0.74873,0.764,267.99,56.802,True,False,,ok,False,False,-6.4646,-5.3202,step,2625.7,0.037747,2.3242,0.020172,1726.7,False,True,False,2.0941,3.4063,,True,False,False,,True,not run,,,,,,,,,,,,,,,,,,,,,,,,not run,,,,,,0,-5.3202,0.39158,-6.4646,-1.3854
17328169_2628.1800,17328169,2628.2,A,8760,9.4932,1108.6,16,11.715,0.84058,0.99,161.31,36.816,True,False,,ok,False,False,-111.19,-55.308,step,2628.1,0.034434,15.466,0.01514,1436.9,False,True,False,2.1496,931.47,,True,False,False,,True,not run,,,,,,,,,,,,,,,,,,,,,,,,not run,,,,,,0,-55.308,76.547,-111.19,-56.129
202381888_2625.5300,202381888,2625.5,A,8765,9.4909,1453.1,6,10.393,1.1856,1.2,209.79,65.319,True,False,,ok,False,False,-5.2421,-4.0454,step,2625.5,0.023665,9.4019,0.11503,676.97,False,True,False,2.8142,93.283,,False,True,False,,False,not run,,,,,,,,,,,,,,,,,,,,,,,,not run,,,,,,0,-4.0454,-0.03901,-5.2421,-0.95013
420112217_2628.9000,420112217,2628.9,A,8778,9.4736,3785.3,6,12.49,1.2793,1,290.06,73.99,True,True,4163.01,ok,True,True,30.085,-2.5888,flare_decay,2628.9,0.063968,6.2535,4.5955e-07,4957.9,False,True,False,3.3543,16.197,,True,False,True,True,True,ok,True,True,1.0193,0.74004,True,0.10919,0.84944,8.6013,False,True,,0,9.6565,True,,True,True,False,False,False,4163.01,PC,,ok,True,0.018553,0.010417,16.983,25.475,0,-2.5888,114.31,48.367,30.085
148916357_2634.8000,148916357,2634.8,A,8783,9.4638,791.38,24,11.495,0.73638,0.734,187.91,67.629,True,False,,ok,True,True,55.802,285.61,ramp,2636.1,0.39734,72,1.2971,6809.9,True,False,True,2.8109,42045,,False,,,,False,not run,,,,,,,,,,,,,,,,,,,,,,,,not run,,,,,,0,285.61,55.802,279.33,410.65
117417273_2619.0900,117417273,2619.1,A,8790,9.4593,2201.7,4,11.3,0.78955,0.814,137.66,24.935,True,False,,ok,False,False,7.9799,-9.5294,flare_decay,2619.1,0.042103,5.1051,2.7223e-09,2148.3,False,True,False,2.1712,32.503,,True,False,True,,True,not run,,,,,,,,,,,,,,,,,,,,,,,,not run,,,,,,0,-9.5294,49.34,11.303,7.9799
232619213_2614.6400,232619213,2614.6,A,8792,9.4569,5056.8,8,12.12,0.75021,0.851,268.19,54.976,True,False,,ok,True,True,17.307,-3.6759,step,2614.6,0.061006,13.304,0.01182,4509.3,False,True,False,2.0696,664.38,,True,False,True,True,True,ok,True,True,1.3206,0.80997,True,0.20451,4.5094,4.024,False,True,,0,12.489,True,,True,False,False,False,False,,,,ok,False,0.54855,0.0066359,21.402,664.38,0,-3.6759,64.373,17.307,53.948
367836609_2628.3200,367836609,2628.3,A,8794,9.4564,4252.5,3,11.941,0.81836,0.922,275.72,74.736,True,False,,ok,False,False,-6.3799,-4.3257,step,2628.4,0.032322,9.5517,0.21141,1254.5,False,True,False,2.1387,222.81,,False,True,False,,False,not run,,,,,,,,,,,,,,,,,,,,,,,,not run,,,,,,0,-4.3257,-4.5501,-6.3799,-3.8664
171646358_2617.1300,171646358,2617.1,A,8800,9.4532,3497.1,2,11.698,0.98791,0.985,158.72,19.749,True,False,,ok,False,False,-15.138,3.9136,flare_decay,2617.1,0.34308,3.8668,1.2711,3734,True,True,False,3.2863,4.0588,,True,False,True,,True,not run,,,,,,,,,,,,,,,,,,,,,,,,not run,,,,,,0,3.9136,38.666,43.328,-15.138
86069471_2618.2900,86069471,2618.3,A,8804,9.448,3548.7,1.5,11.624,0.72049,0.947,139.54,23.015,True,False,,ok,True,True,10.387,-0.024443,flare_decay,2618.3,0.082342,3.3405,0.96516,3672.9,True,True,False,1.9565,12.439,,True,False,True,False,True,ok,False,False,0.1147,0.089437,True,,,-0.060029,True,True,,0,1.0837,False,"Kikuchi (V=16.3, 45"")",True,False,False,False,False,,,,not run,,,,,,0,-0.024443,47.855,45.072,10.387
95431027_2634.9900,95431027,2635,A,8826,9.4288,3653.6,24,12.766,0.76857,0.673,154.89,18.721,True,False,,ok,False,False,-12.584,175.61,ramp,2636.8,0.41838,115.94,1.2,25046,True,True,False,3.0654,,,False,,,,False,not run,,,,,,,,,,,,,,,,,,,,,,,,not run,,,,,,0,175.61,-12.584,290.88,301.18
229403646_2626.2200,229403646,2626.2,A,8845,9.4016,690.66,4,9.3027,1.365,1.045,292.61,61.873,True,False,,ok,False,False,-15.584,-14.63,ramp,2626.3,0.030384,0.25842,0.90199,772.72,True,True,False,3.4156,,grazing,True,False,False,,True,not run,,,,,,,,,,,,,,,,,,,,,,,,not run,,,,,,0,-14.63,-15.584,-15.396,-10.142
138708687_2621.1700,138708687,2621.2,A,8846,9.4006,6704.3,3,12.883,1.8488,1.11,137,25.058,True,False,,ok,False,False,-2.8187,-6.9012,flare_decay,2621.2,0.077697,4.2013,2.1923e-05,7313,False,False,False,4.7438,1.6594,,True,False,True,,True,not run,,,,,,,,,,,,,,,,,,,,,,,,not run,,,,,,0,-6.9012,94.346,58.749,-2.8187
23969903_2615.3600,23969903,2615.4,A,8847,9.398,303.48,16,7.7068,1.7337,2.108,147.19,43.665,True,False,,ok,False,False,-13.543,-6.4464,ramp,2615.3,0.017287,22.421,0.1334,360.93,False,True,False,3.3899,724.06,,True,False,False,,True,not run,,,,,,,,,,,,,,,,,,,,,,,,not run,,,,,,0,-6.4464,-13.543,-13.284,-6.3393
233432141_2628.9400,233432141,2628.9,A,8856,9.3917,5049.1,2,12.372,0.76191,0.73,145.74,26.622,True,False,,ok,True,True,21.174,3.6051,flare_decay,2628.9,0.38399,3.8187,1.2905,5992.2,True,True,False,2.8858,5.7859,,True,False,False,False,True,ok,False,False,0.12799,0.091023,True,,,1.965,True,True,,0,1.202,True,,True,False,False,False,False,,,,not run,,,,,,0,3.6051,60.766,40.548,21.174
149417523_2612.7800,149417523,2612.8,A,8858,9.3906,1622.7,2,10.289,0.9717,1.008,140.22,24.452,True,False,,ok,False,False,-2.1585,-1.9327,flare_decay,2612.8,0.038073,3.1875,0.72404,1495.7,False,True,False,2.4788,5.3028,,True,False,False,,True,not run,,,,,,,,,,,,,,,,,,,,,,,,not run,,,,,,0,-1.9327,56.968,12.923,-2.1585
4893333_2615.4700,4893333,2615.5,A,8867,9.3819,4578,4,12.609,1.1835,1.01,147.59,31.715,True,False,,ok,True,True,15.171,2.559,flare_decay,2615.4,0.089114,5.4584,0.91992,6113.2,True,True,False,3.1659,12.807,,True,False,True,False,True,ok,False,False,-0.019673,-0.015576,True,,,-2.4024,True,True,,0,-0.18457,True,,True,False,False,False,False,,,,not run,,,,,,0,2.559,64.337,46.882,15.171
235714007_2612.7100,235714007,2612.7,A,8871,9.3735,3206.2,6,11.901,1.5104,1.33,253.22,82.623,True,False,,ok,False,False,-10.214,-9.2557,ramp,2612.9,0.047673,0.35126,0.11845,2746.3,False,False,False,3.5461,,,True,False,True,,True,not run,,,,,,,,,,,,,,,,,,,,,,,,not run,,,,,,0,-9.2557,-10.214,-8.9545,-9.5961
286728640_2619.3400,286728640,2619.3,A,8879,9.3643,2422.3,4,11.865,1.0354,1.05,143.14,22.354,True,False,,ok,False,False,-4.2485,-8.9709,flare_decay,2619.3,0.0494,4.3083,0.0043598,2957.3,False,True,False,2.6341,10.932,,True,False,True,,True,not run,,,,,,,,,,,,,,,,,,,,,,,,not run,,,,,,0,-8.9709,47.732,18.761,-4.2485
219844898_2625.7100,219844898,2625.7,A,8886,9.3527,4526.3,6,12.82,0.50023,0.49828,255,68.392,True,False,,ok,False,False,-8.9679,-2.646,ramp,2626.2,0.074472,0.35594,0.67409,5893.5,False,False,False,1.6704,,,True,False,True,,True,not run,,,,,,,,,,,,,,,,,,,,,,,,not run,,,,,,0,-2.646,-8.9679,-7.816,-4.265
149369271_2619.2200,149369271,2619.2,A,8888,9.3497,2047,1.5,10.395,1.8513,1.32,139.21,24.775,True,False,,ok,False,False,-0.20539,-0.85861,flare_decay,2619.2,0.045158,1.9287,0.5615,2281.8,False,False,False,4.3478,0.15378,,False,True,False,,False,not run,,,,,,,,,,,,,,,,,,,,,,,,not run,,,,,,0,-0.85861,89.237,63.891,-0.20539
70722031_2630.1200,70722031,2630.1,A,8890,9.3447,5440.9,2,12.397,1.5806,1.16,156.62,16.639,True,False,,ok,True,True,14.198,-5.4198,flare_decay,2630.1,0.071528,2.0893,0.085804,6189.1,False,False,False,3.9729,0.16249,,True,False,True,,True,not run,,,,,,,,,,,,,,,,,,,,,,,,not run,,,,,,0,-5.4198,53.91,41.408,14.198
308027799_2631.8100,308027799,2631.8,A,8893,9.3408,5600.7,1,12.005,1.8501,1.09,150.26,25.456,True,False,,ok,False,False,-9.3398,0.49032,flare_decay,2631.8,0.074628,2.2729,0.86083,4980.2,False,False,False,4.7625,0.17625,,True,False,False,,True,not run,,,,,,,,,,,,,,,,,,,,,,,,not run,,,,,,0,0.49032,90.987,51.206,-9.3398
236792182_2633.6300,236792182,2633.6,A,8895,9.3393,3492.3,16,12.203,1.721,1.11,283.49,56.619,True,False,,ok,False,False,-188.27,-25.79,step,2633.4,0.055247,27.77,0.013377,3698.5,False,True,False,4.3234,663.58,,True,False,False,,True,not run,,,,,,,,,,,,,,,,,,,,,,,,not run,,,,,,0,-25.79,361.54,-188.27,-8.2103
27069134_2629.0900,27069134,2629.1,A,8912,9.3208,4503.5,1,11.608,0.74741,0.83,152.07,19.3,True,False,,ok,True,True,21.437,-1.9501,flare_decay,2629.1,0.06157,1.3702,0.00024373,4593.3,False,False,False,2.0802,0.6939,,True,True,True,,True,not run,,,,,,,,,,,,,,,,,,,,,,,,not run,,,,,,0,-1.9501,60.428,31.523,21.437
86019349_2629.2100,86019349,2629.2,A,8913,9.3206,3992.4,1.5,11.51,1.2671,0.95,139.16,23.674,True,False,,ok,True,True,18.575,2.133,flare_decay,2629.2,0.073943,2.7638,0.91033,4433.4,True,True,False,3.4115,1.2857,grazing,True,False,False,False,True,ok,False,False,-0.13795,-0.10577,True,,,-9.1932,True,True,,0,-1.2857,True,,True,False,False,False,False,,,,not run,,,,,,0,2.133,89.677,53.125,18.575
95312806_2618.1300,95312806,2618.1,A,8926,9.3092,4083.7,2,12.032,2.1093,1.35,153.32,23.404,True,False,,ok,True,True,14.222,8.4922,flare_decay,2618.1,0.36738,3.0642,1.2779,5476.7,True,True,False,6.4368,0.18674,grazing,True,False,True,False,True,ok,False,False,-0.071419,-0.057949,True,,,1.7086,True,True,,0,-0.66485,True,,True,False,False,False,False,,,,not run,,,,,,0,8.4922,75.346,43.084,14.222
95338795_2616.4200,95338795,2616.4,A,8932,9.3026,4374.6,6,12.857,0.89093,0.97,153.4,23.771,True,False,,ok,False,False,1.6457,-6.4062,step,2616.4,0.063273,7.1933,5.8252e-06,4850.7,False,True,False,2.3579,71.007,,True,False,True,,True,not run,,,,,,,,,,,,,,,,,,,,,,,,not run,,,,,,0,-6.4062,50.839,1.6457,14.45
172530223_2612.9700,172530223,2613,A,8940,9.2928,896.85,24,12.279,1.8549,1.15,142.84,29.774,True,False,,ok,False,False,-2.5348,-6.448,flare_decay,2613.2,0.037102,14.87,0.44408,1594.3,False,True,False,4.5261,88.785,,True,False,True,,True,not run,,,,,,,,,,,,,,,,,,,,,,,,not run,,,,,,0,-6.448,4.4581,0.37704,-2.5348
27068491_2618.0600,27068491,2618.1,A,8950,9.277,4776.5,2,12.213,1.2058,1.06,152.04,19.752,True,False,,ok,False,False,3.0426,0.074379,flare_decay,2618.1,0.35959,4.0924,1.2717,5274,True,True,False,3.9629,2.7281,,True,False,True,,True,not run,,,,,,,,,,,,,,,,,,,,,,,,not run,,,,,,0,0.074379,56.075,38.257,3.0426
8901872_2631.3300,8901872,2631.3,A,8963,9.2644,8175.8,1.5,12.851,1.3077,0.84,143.77,30.311,True,False,,ok,True,True,34.922,0.56406,flare_decay,2631.3,0.091371,1.4755,0.12893,10077,False,False,False,3.728,0.11266,,True,False,True,,True,not run,,,,,,,,,,,,,,,,,,,,,,,,not run,,,,,,0,0.56406,202.03,126.52,34.922
232524876_2627.6900,232524876,2627.7,A,8973,9.2545,2298.1,12,12.485,0.87976,1.02,194.12,76.271,True,False,,ok,False,False,-6.8113,-6.3111,step,2627.5,0.041801,3.9348,0.049206,2116.5,False,True,False,2.2434,13.486,,True,False,True,,True,not run,,,,,,,,,,,,,,,,,,,,,,,,not run,,,,,,0,-6.3111,-1.4177,-6.8113,-6.406
166150165_2625.5500,166150165,2625.6,A,8974,9.2537,2154.4,3,11.058,0.7507,0.762,216.03,63.849,True,False,,ok,False,False,-6.4665,-4.5016,step,2625.5,0.029635,4.9842,0.29656,1044.7,False,True,False,2.0851,34.156,,False,True,False,,False,not run,,,,,,,,,,,,,,,,,,,,,,,,not run,,,,,,0,-4.5016,-1.7005,-6.4665,-3.3815
171629662_2620.7000,171629662,2620.7,A,8978,9.2499,2620.8,16,12.706,0.98849,0.96,158.33,22.036,True,False,,ok,False,False,1.8906,-3.7712,step,2620.7,0.048952,19.189,0.00030404,2903.9,False,True,False,2.5899,1017.4,,True,True,True,,True,not run,,,,,,,,,,,,,,,,,,,,,,,,not run,,,,,,0,-3.7712,29.817,1.8906,8.4655
239196370_2617.0100,239196370,2617,A,8984,9.2457,5797.2,2,12.363,1.4879,1.09,146.56,25.954,True,False,,ok,True,True,13.846,-2.3432,flare_decay,2617,0.36594,5.2076,1.2731,5807.5,True,True,False,4.8683,3.0246,,True,False,True,False,True,ok,False,False,-0.11435,-0.058115,True,,,-2.5109,True,True,,0,-1.0573,True,,True,False,False,False,False,,,,not run,,,,,,0,-2.3432,55.298,44.965,13.846
233173039_2620.4600,233173039,2620.5,A,8985,9.2435,4373.5,4,12.899,0.8736,1.09,216.21,66.701,True,True,5635.01,ok,False,False,2.1183,-6.5376,flare_decay,2620.5,0.064434,4.8273,9.9124e-08,5030.3,False,True,False,2.2263,25.491,,True,False,True,True,True,ok,True,True,0.91254,0.89359,True,0.14916,0.85284,7.2969,False,True,,0,8.435,True,,True,True,False,False,False,5635.01,PC,,ok,True,0.10121,0,15.524,25.491,0,-6.5376,33.152,7.2703,2.1183
252468694_2611.7700,252468694,2611.8,A,8987,9.2387,3867.6,6,12.868,1.0182,0.97,150.3,52.483,True,False,,ok,False,False,-11.143,-8.7399,flare_decay,2611.7,0.071688,15.121,0.73477,5253.5,False,True,False,2.7163,431.53,,False,True,False,,False,not run,,,,,,,,,,,,,,,,,,,,,,,,not run,,,,,,0,-8.7399,8.4455,-8.6398,-11.143
95342238_2618.0600,95342238,2618.1,A,8993,9.2291,3856.5,2,11.883,1.4603,1.46,153.85,19.326,True,False,,ok,False,False,6.3301,-2.8959,flare_decay,2618.1,0.079059,2.2154,0.9024,5155.9,True,True,False,3.423,0.61663,grazing,True,False,True,,True,not run,,,,,,,,,,,,,,,,,,,,,,,,not run,,,,,,0,-2.8959,69.562,43.779,6.3301
171599551_2631.3200,171599551,2631.3,A,8998,9.2223,7843.4,1,12.551,0.94944,1.07,156.91,22.158,True,False,,ok,True,True,19.976,2.9717,flare_decay,2631.3,0.43784,1.2172,1.3005,11878,True,True,False,3.2891,0.070543,grazing,True,False,True,False,True,ok,False,False,0.36372,0.20686,True,,,0.65926,True,True,,0,3.3543,True,,True,False,False,False,False,,,,not run,,,,,,0,2.9717,56.122,46.567,19.976
63277636_2634.9900,63277636,2635,A,9012,9.2089,2530.4,24,12.871,0.87865,0.94,157.84,16.72,True,False,,ok,False,False,-32.208,78.67,ramp,2636.7,0.41029,119.08,1.2342,17450,True,True,False,3.1173,,,False,,,,False,not run,,,,,,,,,,,,,,,,,,,,,,,,not run,,,,,,0,78.67,-32.208,118.27,90.585
233047501_2625.6700,233047501,2625.7,A,9014,9.2074,3577.8,4,12.159,0.89199,0.98,268.72,61.393,True,False,,ok,False,False,-10.965,-5.7337,step,2625.6,0.031829,4.7334,0.4916,1159.2,False,True,False,2.2831,22.281,,False,True,False,,False,not run,,,,,,,,,,,,,,,,,,,,,,,,not run,,,,,,0,-5.7337,-10.185,-10.965,-8.3369
328901017_2634.0200,328901017,2634,A,9015,9.2061,2947.3,8,10.988,0.90336,1.02,219.46,79.702,True,False,,ok,False,False,-12.317,78.227,ramp,2634,0.377,44.954,1.3182,2778.6,True,True,False,3.0452,8049,,True,False,True,,True,not run,,,,,,,,,,,,,,,,,,,,,,,,not run,,,,,,0,78.227,-12.317,117.86,110.89
239194660_2632.9500,239194660,2632.9,A,9022,9.1899,1169.2,16,11.865,0.79926,1.002,146.38,23.979,True,False,,ok,False,False,-13.257,-7.4751,flare_decay,2632.7,0.042635,8.0704,0.00017788,2202.9,False,True,False,2.0519,152.17,,True,False,True,,True,not run,,,,,,,,,,,,,,,,,,,,,,,,not run,,,,,,0,-7.4751,39.134,19.603,-13.257
172517307_2618.9800,172517307,2619,A,9023,9.1881,7215.1,1.5,12.662,2.0028,1.11,142.58,25.664,True,False,,ok,True,True,13.049,1.7377,step,2619,0.096985,0.87235,0.2492,11242,False,False,False,5.2317,0.066268,,False,True,False,,False,not run,,,,,,,,,,,,,,,,,,,,,,,,not run,,,,,,0,1.7377,44.874,13.049,15.927
321442026_2620.2300,321442026,2620.2,A,9030,9.1799,904.14,16,10.671,2.1159,1.3,164.51,37.693,True,False,,ok,False,False,-20.469,5.4718,flare_decay,2620.3,0.031619,24.155,0.66143,1071.4,False,True,False,4.9305,294.55,,True,False,True,,True,not run,,,,,,,,,,,,,,,,,,,,,,,,not run,,,,,,0,5.4718,113.77,4.637,-20.469
27069201_2617.8300,27069201,2617.8,A,9033,9.1773,4194,1.5,11.655,0.76143,0.93,152.08,19.661,True,False,,ok,True,True,16.043,-1.6824,flare_decay,2617.8,0.064245,1.8782,0.57379,4595.3,False,False,False,2.0455,1.9221,,True,False,True,,True,not run,,,,,,,,,,,,,,,,,,,,,,,,not run,,,,,,0,-1.6824,73.155,33.194,16.043
282856383_2625.5200,282856383,2625.5,A,9035,9.1739,3817.8,6,12.327,2.3649,0.93,222.19,60.076,True,False,,ok,False,False,-11.783,-6.2333,flare_decay,2625.3,0.041492,1.7337,0.1047,2081.8,False,False,False,6.2233,0.13872,,False,True,False,,False,not run,,,,,,,,,,,,,,,,,,,,,,,,not run,,,,,,0,-6.2333,-8.1462,-6.4278,-11.783
27107061_2615.2400,27107061,2615.2,A,9041,9.1718,9608.4,1,12.664,1.3493,1.04,152.63,19.233,True,False,,ok,True,True,13.777,1.5502,flare_decay,2615.2,0.38507,2.4477,1.2529,10603,True,True,False,4.5472,0.2604,grazing,True,False,True,False,True,ok,False,False,0.038453,0.017156,True,,,0.10315,True,True,,0,0.35268,True,,True,False,False,False,False,,,,not run,,,,,,0,1.5502,95.277,74.758,13.777
237224189_2611.8600,237224189,2611.9,A,9043,9.1704,2344.1,8,12.111,0.80925,0.935,296.59,72.219,True,False,,ok,False,False,-5.2554,-5.8949,flare_decay,2611.9,0.30796,11.551,1.2584,1940.9,True,True,False,2.6672,203.19,,True,False,True,,True,not run,,,,,,,,,,,,,,,,,,,,,,,,not run,,,,,,0,-5.8949,9.0268,-1.5372,-5.2554
239204763_2615.2500,239204763,2615.2,A,9049,9.168,9606.6,1.5,12.87,1.259,1.36,149.14,21.375,True,False,,ok,True,True,27.558,10.292,step,2615.3,0.40472,2.3318,1.2562,13110,True,True,False,3.9342,0.46746,grazing,False,True,False,False,False,ok,False,False,-0.027353,-0.019128,True,,,1.4572,True,True,,0,-0.25077,True,,True,False,False,False,False,,,,not run,,,,,,0,10.292,100.78,27.558,35.229
171630912_2620.2200,171630912,2620.2,A,9051,9.1673,2021.9,1,10.313,1.1707,1.17,158.54,18.604,True,False,,ok,True,True,20.238,2.6524,flare_decay,2620.2,0.30554,1.7343,1.2484,2440,True,True,False,3.5746,0.1107,grazing,True,False,False,True,True,ok,True,True,0.41848,0.43612,True,,,2.9629,True,True,,0,3.8363,True,,True,False,False,False,False,,,,ok,False,0.71368,0,15.772,23.658,0,2.6524,76.508,33.446,20.238
95340660_2630.5700,95340660,2630.6,A,9056,9.1615,8352.6,1.5,12.621,1.2776,1.05,153.6,20.422,True,False,,ok,True,True,24.078,-4.4212,flare_decay,2630.6,0.093118,1.5876,0.00015214,10501,False,False,False,3.3862,0.12103,,False,True,False,,False,not run,,,,,,,,,,,,,,,,,,,,,,,,not run,,,,,,0,-4.4212,86.202,59.884,24.078
95342953_2634.4300,95342953,2634.4,A,9061,9.1566,697.2,3,9.2736,1.6721,1.28,153.94,19.849,True,False,,ok,False,False,2.607,-1.9916,flare_decay,2634.5,0.026456,5.4006,0.82222,662.42,False,True,False,3.8961,6.6313,,True,False,True,,True,not run,,,,,,,,,,,,,,,,,,,,,,,,not run,,,,,,0,-1.9916,38.111,19.54,2.607
67648191_2613.2300,67648191,2613.2,A,9072,9.1468,3885.4,6,12.846,1.1868,1,148.13,36.476,True,False,,ok,False,False,2.3914,-5.082,step,2613.2,0.069693,8.2148,0.86926,4289.4,False,True,False,3.1284,45.291,,True,False,True,,True,not run,,,,,,,,,,,,,,,,,,,,,,,,not run,,,,,,0,-5.082,20.836,2.3914,3.816
154088482_2625.7100,154088482,2625.7,A,9076,9.1417,2319.7,6,11.173,0.93552,1.06,208.81,71.235,True,False,,ok,False,False,-7.1469,-2.4999,ramp,2625.6,0.030841,1.2968,0.24905,1138,False,False,False,2.3305,0.3949,,True,True,True,,True,not run,,,,,,,,,,,,,,,,,,,,,,,,not run,,,,,,0,-2.4999,-7.1469,-5.1047,-3.9064
252800420_2614.8800,252800420,2614.9,A,9080,9.1389,6850.8,1.5,9.3739,2.3649,1.54,165.9,44.334,True,False,,ok,False,False,-8.7606,-2.9742,flare_decay,2614.9,0.47946,3.6821,1.3804,7165.5,True,True,False,7.4759,0.2074,grazing,True,False,False,,True,not run,,,,,,,,,,,,,,,,,,,,,,,,not run,,,,,,0,-2.9742,39.254,-4.7637,-8.7606
154998279_2620.7800,154998279,2620.8,A,9090,9.1255,5099.1,1,11.654,1.4334,1.43,142.31,27.103,True,False,,ok,False,False,8.242,6.4896,flare_decay,2620.8,0.14768,2.1818,1.0213,6168,True,True,False,3.5987,0.48965,grazing,True,False,False,,True,not run,,,,,,,,,,,,,,,,,,,,,,,,not run,,,,,,0,6.4896,112.46,58.869,8.242
202510236_2625.4600,202510236,2625.5,A,9100,9.1169,4364.4,3,10.383,0.49594,0.49403,231.89,61.001,True,False,,ok,False,False,-17.106,-2.7625,step,2625.4,0.033105,0.63176,0.8948,930.46,False,False,False,1.5968,0.12635,,True,False,True,,True,not run,,,,,,,,,,,,,,,,,,,,,,,,not run,,,,,,0,-2.7625,-12.224,-17.106,-13.196
149364451_2613.5600,149364451,2613.6,A,9102,9.1156,2623.3,4,11.86,0.96753,0.99,138.78,28.248,True,False,,ok,False,False,2.5597,-7.7661,flare_decay,2613.5,0.04864,5.1524,0.013807,2866.9,False,True,False,2.5084,21.669,,True,False,True,,True,not run,,,,,,,,,,,,,,,,,,,,,,,,not run,,,,,,0,-7.7661,49.67,16.691,2.5597
8717721_2613.6500,8717721,2613.7,A,9105,9.1132,3336.2,3,11.953,0.80315,0.899,138.25,34.164,True,False,,ok,True,True,10.447,-1.042,flare_decay,2613.7,0.10246,4.9499,0.9923,3970.9,True,True,False,2.2605,26.254,,True,False,True,False,True,ok,False,False,0.3598,0.3031,True,0.34487,1.8738,7.6709,False,True,,0,3.279,True,,True,False,False,False,False,,,,ok,True,0.33268,0,22.335,33.503,0,-1.042,53.815,32.729,10.447
229689159_2635.1500,229689159,2635.2,A,9109,9.1049,4457.8,8,11.604,0.93402,0.926,263.27,57.663,True,False,,ok,True,True,403.78,483.78,flare_decay,2635.6,0.39541,27.216,1.266,10349,True,True,False,3.2953,1409.8,,False,True,False,False,False,ok,False,False,,,True,0.20831,6.0541,37.41,False,True,,0,,True,,True,False,False,False,False,,,,not run,,,,,,0,483.78,1002,445.51,403.78
149469280_2617.2700,149469280,2617.3,A,9111,9.1038,1937.3,4,11.273,1.1675,1.16,141.57,24.58,True,False,,ok,True,True,23.234,-1.6562,flare_decay,2617.3,0.042696,5.2495,5.7612e-05,2209.2,False,True,False,2.855,15.537,,True,False,False,False,True,ok,False,False,0.24867,0.23602,True,,,2.5488,True,True,,0,2.2638,True,,True,False,False,False,False,,,,ok,True,0.095706,0,18.699,28.048,0,-1.6562,112.26,27.776,23.234
171557380_2632.4300,171557380,2632.4,A,9112,9.1027,4204.2,4,12.799,0.72088,0.695,156.27,18.333,True,False,,ok,False,False,2.2992,-4.5993,flare_decay,2632.4,0.076054,4.7482,0.87193,5077.7,False,True,False,2.1577,26.646,,True,False,True,,True,not run,,,,,,,,,,,,,,,,,,,,,,,,not run,,,,,,0,-4.5993,19.208,12.038,2.2992
318251687_2628.0200,318251687,2628,A,9115,9.0966,3551.1,1.5,11.691,1.303,1.05,163.43,51.8,True,False,,ok,False,False,-8.8098,-4.1859,flare_decay,2628,0.054857,1.9023,0.0042157,3646.5,False,False,False,3.3325,0.38462,,True,False,False,,True,not run,,,,,,,,,,,,,,,,,,,,,,,,not run,,,,,,0,-4.1859,35.709,23.755,-8.8098
313058285_2634.9700,313058285,2635,A,9119,9.0917,3253.1,24,11.907,0.69699,0.679,201.24,73.079,True,False,,ok,True,True,78.439,705.41,ramp,2636,0.41638,72,1.2576,14792,True,False,True,2.7676,44045,,False,,,,False,not run,,,,,,,,,,,,,,,,,,,,,,,,not run,,,,,,0,705.41,78.439,699.18,905.15
198415205_2625.6100,198415205,2625.6,A,9126,9.0865,2870.7,3,10.378,1.661,0.996,259.55,56.733,True,False,,ok,False,False,-8.9028,-5.3337,step,2625.7,0.023644,1.6983,0.00064935,677.57,False,False,False,4.1965,0.13825,,True,False,True,,True,not run,,,,,,,,,,,,,,,,,,,,,,,,not run,,,,,,0,-5.3337,-4.3811,-8.9028,-3.9985
307930965_2614.5100,307930965,2614.5,A,9150,9.0651,1667.1,8,10.794,1.1118,0.78,148.51,27.315,True,False,,ok,False,False,-6.9729,-6.4208,step,2614.6,0.035834,13.41,0.0021519,1556.3,False,True,False,3.083,205.91,,True,False,False,,True,not run,,,,,,,,,,,,,,,,,,,,,,,,not run,,,,,,0,-6.4208,22.335,-6.9729,13.833
139415057_2628.2100,139415057,2628.2,A,9152,9.0638,2547,6,12.156,1.0023,0.95,153.88,30.607,True,False,,ok,False,False,4.6215,-6.4247,flare_decay,2628.2,0.049502,6.8948,0.00032723,2969.5,False,True,False,2.6367,44.717,,True,False,True,,True,not run,,,,,,,,,,,,,,,,,,,,,,,,not run,,,,,,0,-6.4247,38.723,9.0347,4.6215
26958865_2614.8800,26958865,2614.9,A,9154,9.0626,6022.6,1.5,10.148,0.81457,0.909,149.65,19.01,True,False,,ok,False,False,-135.98,5.0103,flare_decay,2614.9,0.067629,3.8035,0.20143,5495.1,False,True,False,2.212,12.706,,False,True,False,,False,not run,,,,,,,,,,,,,,,,,,,,,,,,not run,,,,,,0,5.0103,216.31,-128.85,-135.98
165691365_2634.4800,165691365,2634.5,A,9157,9.0596,1043.9,6,11.1,0.88704,1.06,163.86,34.511,True,False,,ok,False,False,-0.40124,-3.0057,flare_decay,2634.5,0.031309,6.2964,0.0013809,1188.1,False,True,False,2.2107,57.782,,True,False,True,,True,not run,,,,,,,,,,,,,,,,,,,,,,,,not run,,,,,,0,-3.0057,27.791,15.438,-0.40124
9428250_2612.8700,9428250,2612.9,A,9164,9.0569,5370.2,1,11.7,0.77277,0.638,167.82,37.659,True,False,,ok,False,False,-1.0699,-0.23434,flare_decay,2612.9,0.38182,1.5106,1.2833,6518.7,True,True,False,3.0566,0.25875,grazing,True,False,False,,True,not run,,,,,,,,,,,,,,,,,,,,,,,,not run,,,,,,0,-0.23434,76.401,48.061,-1.0699
318341091_2620.2400,318341091,2620.2,A,9170,9.0536,7182,1.5,12.911,1.0385,1.07,165.02,49.224,True,False,,ok,False,False,7.7181,1.8692,flare_decay,2620.2,0.10324,2.1562,0.88811,8974.9,False,False,False,2.7602,1.164,,True,False,True,,True,not run,,,,,,,,,,,,,,,,,,,,,,,,not run,,,,,,0,1.8692,71.583,29.061,7.7181
285003333_2613.9500,285003333,2613.9,A,9185,9.0326,4035.1,4,12.568,0.7525,0.69,137.52,29.888,True,False,,ok,False,False,3.8466,-2.3159,flare_decay,2614,0.39042,6.584,1.3071,4991.9,True,True,False,2.9177,28.741,,True,False,True,,True,not run,,,,,,,,,,,,,,,,,,,,,,,,not run,,,,,,0,-2.3159,19.098,7.8467,3.8466
88023824_2628.6100,88023824,2628.6,A,9191,9.023,5275.6,3,12.401,0.78508,0.85,147.22,23.679,True,False,,ok,True,True,10.544,-3.4873,flare_decay,2628.6,0.36323,5.5929,1.2692,5922,True,True,False,2.784,20.275,,True,False,True,False,True,ok,False,False,0.054848,0.039902,True,,,0.60026,True,True,,0,0.4949,True,,True,False,False,False,False,,,,not run,,,,,,0,-3.4873,74.908,37.756,10.544
224600369_2625.6300,224600369,2625.6,A,9193,9.0224,8112.9,3,12.615,0.76697,0.74,255.05,58.038,True,False,,ok,False,False,-4.7211,-5.1753,flare_decay,2625.5,0.069002,2.3453,0.83304,4430.9,False,True,False,2.2334,2.8815,,False,True,False,,False,not run,,,,,,,,,,,,,,,,,,,,,,,,not run,,,,,,0,-5.1753,2.1556,-3.7869,-4.7211
172518941_2618.8800,172518941,2618.9,A,9194,9.0217,3239.7,4,11.912,0.78098,0.726,142.64,25.675,True,False,,ok,True,True,18.773,4.8248,flare_decay,2618.9,0.055441,5.1038,0.00036481,3724.6,False,True,False,2.2597,28.809,,True,False,True,False,True,ok,False,False,0.48005,0.30033,True,0.59686,2.3684,6.4903,False,True,,0,4.3309,True,,True,False,False,False,False,,,,ok,False,0.21286,0.21024,17.092,28.809,0,4.8248,56.979,32.543,18.773
4894953_2632.2200,4894953,2632.2,A,9203,9.0129,4823.5,3,12.501,0.87151,0.96,147.84,35.293,True,False,,ok,True,True,15.006,-3.8327,flare_decay,2632.2,0.8711,5.1014,1.7976,5280.4,True,True,False,4.0743,4.9014,,True,False,True,False,True,ok,False,False,0.17981,0.12318,True,,,1.7436,True,True,,0,1.6206,True,,True,False,False,False,False,,,,not run,,,,,,0,-3.8327,34.769,25.782,15.006
335660812_2635.2200,335660812,2635.2,A,9210,9.0069,2537.3,12,11.615,0.79664,0.869,217.02,77.988,True,False,,ok,False,False,-1.1225,66.996,ramp,2636.2,0.3675,62.499,1.2337,10617,True,True,False,2.8131,27435,,False,,,,False,not run,,,,,,,,,,,,,,,,,,,,,,,,not run,,,,,,0,66.996,-1.1225,156.2,175.31
353736449_2625.6800,353736449,2625.7,A,9226,8.9925,1952.8,6,10.965,0.88266,0.984,276.31,56.818,True,False,,ok,False,False,-12.172,-8.7736,step,2625.6,0.19209,8.153,1.1629,676.98,True,True,False,2.6067,76.532,,False,True,False,,False,not run,,,,,,,,,,,,,,,,,,,,,,,,not run,,,,,,0,-8.7736,-8.0675,-12.172,-7.5133
356107848_2626.1900,356107848,2626.2,A,9230,8.9861,3279.2,6,12.153,0.73349,0.802,261.2,58.668,True,False,,ok,False,False,-11.074,-14.854,step,2626,0.045638,18,0.84701,1908.6,False,True,False,2.0339,1733.4,,False,True,False,,False,not run,,,,,,,,,,,,,,,,,,,,,,,,not run,,,,,,0,-14.854,-10.284,-11.074,-11.013
224289983_2612.6500,224289983,2612.7,A,9231,8.9859,8006.9,1.5,12.918,0.91333,1.02,183.12,58.31,True,False,,ok,False,False,8.0386,1.3257,flare_decay,2612.7,0.11726,2.4343,0.92346,9581,True,True,False,2.4978,2.2977,grazing,False,True,False,,False,not run,,,,,,,,,,,,,,,,,,,,,,,,not run,,,,,,0,1.3257,60.327,37.256,8.0386
8885374_2633.9700,8885374,2634,A,9236,8.9825,6134.4,4,12.951,1.0961,1,143.17,30.237,True,False,,ok,False,False,-1.5783,-3.9787,flare_decay,2634,0.081171,5.2562,0.76769,6555.8,False,True,False,2.9203,14.574,,True,False,True,,True,not run,,,,,,,,,,,,,,,,,,,,,,,,not run,,,,,,0,-3.9787,62.181,26.905,-1.5783
414986129_2612.5000,414986129,2612.5,A,9251,8.9654,6795.2,1.5,12.483,1.962,1.07,141.29,22.775,True,False,,ok,False,False,-2.0328,-5.9298,flare_decay,2612.5,0.077877,1.8521,4.2217e-05,7346.9,False,False,False,5.0975,0.14319,,True,False,True,,True,not run,,,,,,,,,,,,,,,,,,,,,,,,not run,,,,,,0,-5.9298,62.276,49.116,-2.0328
61126873_2633.4000,61126873,2633.4,A,9275,8.9458,1321.1,1.5,9.7953,1.4905,1.207,154.71,17.496,True,False,,ok,False,False,-1.5437,-3.0694,flare_decay,2633.4,0.041573,2.2505,0.92051,1382.2,True,True,False,3.5936,0.5334,grazing,True,False,True,,True,not run,,,,,,,,,,,,,,,,,,,,,,,,not run,,,,,,0,-3.0694,57.285,16.151,-1.5437
198457021_2626.0700,198457021,2626.1,A,9285,8.9342,2530,3,11.811,1.2407,0.998,261.75,57.863,True,False,,ok,False,False,-9.4764,-11.624,step,2626.1,0.029119,3.0438,0.1336,1023.9,False,False,False,3.1486,2.2266,,True,True,True,,True,not run,,,,,,,,,,,,,,,,,,,,,,,,not run,,,,,,0,-11.624,-8.0138,-9.4764,-8.3106
199682938_2625.5900,199682938,2625.6,A,9289,8.9296,5973.4,1,11.241,0.74007,0.824,252.49,58.389,True,False,,ok,False,False,1.2048,-5.2567,flare_decay,2625.6,0.037848,2.0841,0.057606,1734.9,False,True,False,2.0186,2.7397,,True,True,True,,True,not run,,,,,,,,,,,,,,,,,,,,,,,,not run,,,,,,0,-5.2567,4.9809,2.6315,1.2048
284993701_2615.2700,284993701,2615.3,A,9292,8.9237,1304.4,3,10.769,1.4162,1.08,137.43,24.611,True,False,,ok,False,False,6.8642,-4.1203,flare_decay,2615.3,0.03694,3.0284,0.48678,1563.4,False,False,False,3.5274,1.5352,,True,False,True,,True,not run,,,,,,,,,,,,,,,,,,,,,,,,not run,,,,,,0,-4.1203,21.291,11.347,6.8642
91990107_2630.8800,91990107,2630.9,A,9294,8.9235,4434.4,4,12.543,1.6876,1.22,144.71,23.217,True,False,,ok,True,False,13.758,-7.4106,flare_decay,2630.9,0.064197,5.008,4.2765e-06,4993.4,False,True,False,4.1427,4.3795,,True,False,True,False,True,ok,False,False,-0.027219,-0.030097,True,,,-1.2521,True,True,,0,-0.24289,True,,True,False,False,False,False,,,,not run,,,,,,0,-7.4106,53.865,18.377,13.758
137957074_2627.5800,137957074,2627.6,A,9301,8.9186,1221.8,12,12.158,1.0871,1.14,153.12,55.475,True,False,,ok,False,False,-10.567,-14.727,step,2627.6,0.035264,12.512,0.053822,1506.3,False,True,False,2.6545,261.98,,True,False,True,,True,not run,,,,,,,,,,,,,,,,,,,,,,,,not run,,,,,,0,-14.727,5.8441,-10.567,-3.5365
198365827_2632.7000,198365827,2632.7,A,9311,8.9103,3988.6,3,12.518,0.60757,0.633,257.29,58.372,True,False,,ok,False,False,-23.481,-4.8983,step,2632.7,0.061414,3.3211,0.0019775,4570,False,True,False,1.8505,14.451,,True,False,True,,True,not run,,,,,,,,,,,,,,,,,,,,,,,,not run,,,,,,0,-4.8983,52.136,-23.481,-19.216
367839314_2612.7600,367839314,2612.8,A,9314,8.9036,2870.7,6,12.203,1.4298,1.36,276.21,75.459,True,False,,ok,False,False,-11.629,-6.7853,step,2612.7,0.052913,10.518,0.002134,3392.7,False,True,False,3.3485,77.555,,False,True,False,,False,not run,,,,,,,,,,,,,,,,,,,,,,,,not run,,,,,,0,-6.7853,10.442,-11.629,-4.9724
172534334_2630.8300,172534334,2630.8,A,9320,8.8983,6197.9,3,12.736,0.79777,0.92,143.32,25.483,True,False,,ok,False,False,2.0784,-9.7044,flare_decay,2630.8,0.07952,4.4332,0.81605,5997.1,False,True,False,2.1817,20.976,,True,False,True,,True,not run,,,,,,,,,,,,,,,,,,,,,,,,not run,,,,,,0,-9.7044,57.012,31.172,2.0784
149441063_2612.6800,149441063,2612.7,A,9323,8.895,2192.4,24,12.874,0.113,0.47,140.67,27.04,True,False,,ok,False,False,-82.837,-106.39,flare_decay,2612.7,0.04312,24.826,0.040767,2252.6,False,True,False,0.37349,,,True,False,True,,True,not run,,,,,,,,,,,,,,,,,,,,,,,,not run,,,,,,0,-106.39,35.513,-32.652,-82.837
55780181_2617.2400,55780181,2617.2,A,9327,8.8912,3546.4,3,12.236,1.1189,1.06,182.49,59.43,True,False,,ok,False,False,3.2895,-3.867,flare_decay,2617.2,0.056658,3.1679,0.0016392,3889.8,False,True,False,2.8574,3.3862,,True,False,True,,True,not run,,,,,,,,,,,,,,,,,,,,,,,,not run,,,,,,0,-3.867,30.564,28.125,3.2895
95361198_2633.3000,95361198,2633.3,A,9332,8.8866,2763.3,1.5,11.154,0.9622,0.97,154.31,19.813,True,False,,ok,False,False,0.20575,-2.0658,flare_decay,2633.3,0.053611,1.4238,0.00031752,3482.7,False,False,False,2.5235,0.40887,,True,False,True,,True,not run,,,,,,,,,,,,,,,,,,,,,,,,not run,,,,,,0,-2.0658,66.992,41.432,0.20575
355206269_2633.3400,355206269,2633.3,A,9338,8.8815,3977.8,4,12.706,0.36457,0.35102,147.47,29.363,True,False,,ok,False,False,5.5652,-4.6043,flare_decay,2633.3,0.060653,4.8455,1.9755e-05,4457.5,False,True,False,1.3505,115.48,,True,False,True,,True,not run,,,,,,,,,,,,,,,,,,,,,,,,not run,,,,,,0,-4.6043,40.722,19.64,5.5652
414969491_2634.8100,414969491,2634.8,A,9351,8.871,2106.7,24,12.605,0.87767,0.96,141.18,23.728,True,False,,ok,True,True,83.059,303.81,ramp,2636.1,0.41852,72,1.2549,15588,True,True,False,3.11,31045,,False,,,False,False,ok,False,False,,,True,,,-15.119,True,True,,0,,True,,True,False,False,False,False,,,,not run,,,,,,0,303.81,83.059,297.54,471.76
235685917_2612.2200,235685917,2612.2,A,9352,8.8695,3176.9,6,12.497,2.3787,1.02,288.3,73.888,True,False,,ok,False,False,-7.8497,-5.2655,step,2612,0.086733,23.998,0.90214,6185.3,True,True,False,6.3338,136.42,,False,True,False,,False,not run,,,,,,,,,,,,,,,,,,,,,,,,not run,,,,,,0,-5.2655,-5.4999,-7.8497,-4.1655
229598693_2613.1200,229598693,2613.1,A,9361,8.8538,4921.9,2,12.22,0.73708,0.89,273.65,75.054,True,False,,ok,False,False,-2.2288,-6.9914,flare_decay,2613.1,0.040863,2.4845,0.00072704,2023.7,False,True,False,1.9652,5.0438,,True,True,True,,True,not run,,,,,,,,,,,,,,,,,,,,,,,,not run,,,,,,0,-6.9914,7.5807,-1.0663,-2.2288
198190057_2625.6200,198190057,2625.6,A,9367,8.8466,4369.4,3,11.657,0.78036,0.96,246.38,60.654,True,False,,ok,False,False,-8.4711,-7.0616,flare_decay,2625.8,0.036032,1.4994,0.73334,1331,False,False,False,2.0193,1.0059,,True,False,True,,True,not run,,,,,,,,,,,,,,,,,,,,,,,,not run,,,,,,0,-7.0616,-7.868,-6.4893,-8.4711
166066436_2625.5800,166066436,2625.6,A,9380,8.8267,5135.8,3,11.893,0.75749,0.811,213.54,63.329,True,False,,ok,False,False,-10.948,-5.7424,step,2625.5,0.03633,6.9231,0.12812,1594.3,False,True,False,2.0741,93.007,,False,True,False,,False,not run,,,,,,,,,,,,,,,,,,,,,,,,not run,,,,,,0,-5.7424,-2.5141,-10.948,-5.6188
142383914_2625.4900,142383914,2625.5,A,9382,8.8214,1132.9,6,10.358,0.77662,1.012,196.97,65.499,True,False,,ok,False,False,-10.929,-6.0535,step,2625.5,0.032963,13.647,0.93688,830.92,True,True,False,1.9687,833.08,,False,True,False,,False,not run,,,,,,,,,,,,,,,,,,,,,,,,not run,,,,,,0,-6.0535,-3.9035,-10.929,-7.539
67439873_2628.2700,67439873,2628.3,A,9384,8.8205,2807.1,2,11.644,1.0412,1.06,155.26,30.116,True,False,,ok,False,False,-4.121,-2.537,step,2628.3,0.060925,3.4301,0.93014,2862.6,True,True,False,2.6695,5.2902,,True,False,True,,True,not run,,,,,,,,,,,,,,,,,,,,,,,,not run,,,,,,0,-2.537,11.762,-4.121,-1.6118
171646040_2618.7000,171646040,2618.7,A,9389,8.8142,8272.9,1.5,12.729,1.3539,1.14,158.79,21.607,True,False,,ok,True,True,20.418,1.3864,flare_decay,2618.7,0.10491,1.8989,0.86386,9711.7,False,False,False,3.5291,0.28093,,False,True,False,,False,not run,,,,,,,,,,,,,,,,,,,,,,,,not run,,,,,,0,1.3864,92.234,80.14,20.418
160324639_2626.1800,160324639,2626.2,A,9391,8.812,3392.8,1.5,10.831,1.2908,1.16,159.77,17.728,True,False,,ok,False,False,-83.829,17.889,flare_decay,2626.1,0.059313,4.4568,4.9926e-05,4262.7,False,True,False,3.2069,6.6933,,False,True,False,,False,not run,,,,,,,,,,,,,,,,,,,,,,,,not run,,,,,,0,17.889,138.03,0.41053,-83.829
86016640_2615.0000,86016640,2615,A,9415,8.7837,5341.8,3,12.838,0.69172,0.7,138.81,22.246,True,False,,ok,False,False,3.6103,-3.6446,flare_decay,2615,0.067559,3.5172,7.8859e-07,5529.9,False,True,False,2.0492,12.639,,True,False,True,,True,not run,,,,,,,,,,,,,,,,,,,,,,,,not run,,,,,,0,-3.6446,31.021,11.627,3.6103
1042868_2614.8800,1042868,2614.9,A,9419,8.7804,1174.2,1.5,5.8706,1.5375,1.05,154.12,28.682,True,False,,ok,False,False,-58.148,-4.9644,step,2614.9,0.028905,3.6466,0.27541,996.56,False,False,False,3.8361,2.0983,,True,False,False,,True,not run,,,,,,,,,,,,,,,,,,,,,,,,not run,,,,,,0,-4.9644,85.989,-58.148,-52.604
82201061_2612.6300,82201061,2612.6,A,9423,8.7774,4689.1,1.5,12.048,2.2743,0.96,147.68,25.365,True,False,,ok,False,False,-3.4246,-4.3697,flare_decay,2612.6,0.063713,1.886,0.00032054,4918.5,False,False,False,6.0478,0.14776,,True,True,True,,True,not run,,,,,,,,,,,,,,,,,,,,,,,,not run,,,,,,0,-4.3697,69.606,11.466,-3.4246
154965942_2632.8400,154965942,2632.8,A,9429,8.7677,8355.1,1.5,12.773,0.78426,0.77,142.02,24.778,True,False,,ok,True,True,18.186,4.1815,flare_decay,2632.8,0.46094,1.8616,1.3256,11820,True,True,False,3.0804,0.5249,grazing,True,False,True,False,True,ok,False,False,0.12204,0.082588,True,,,1.0143,True,True,,0,1.07,False,"1998 XH5 (V=17.1, 10"")",True,False,False,False,False,,,,not run,,,,,,0,4.1815,81.221,57.122,18.186
172518937_2618.9000,172518937,2618.9,A,9434,8.7606,1104.8,6,10.821,1.2039,1.087,142.63,25.684,True,False,,ok,True,True,13.848,-2.4648,flare_decay,2618.9,0.30417,7.4781,1.261,1542,True,True,False,3.7636,19.62,,True,False,True,False,True,ok,False,False,0.55843,0.35528,True,0.18184,1.0384,6.7799,False,False,172517308,0,4.8922,True,,True,False,False,False,False,,,,not run,,,,,,0,-2.4648,53.462,17.562,13.848
241192369_2617.9500,241192369,2617.9,A,9472,8.7272,1669.6,6,11.418,1.1286,1.08,153.03,29.122,True,False,,ok,True,True,13.352,-3.6695,flare_decay,2618,0.039976,5.4371,0.00089315,1936.7,False,True,False,2.8189,17.939,,True,False,True,False,True,ok,False,False,-0.025494,-0.029443,True,,,1.1922,True,True,,0,-0.22249,True,,True,False,False,False,False,,,,not run,,,,,,0,-3.6695,39.696,26.791,13.352
95343060_2627.5200,95343060,2627.5,A,9486,8.7128,1545.3,4,10.852,1.6665,0.97,153.98,20.41,True,False,,ok,True,True,19.327,-1.2318,flare_decay,2627.5,0.045411,5.716,0.90517,1709.6,True,True,False,4.3382,5.6824,,True,False,True,False,True,ok,False,False,0.13857,0.13732,True,,,1.9393,True,True,,0,1.2073,True,,True,False,False,False,False,,,,not run,,,,,,0,-1.2318,33.424,24.707,19.327
91917362_2619.9100,91917362,2619.9,A,9501,8.6955,5041.9,3,12.751,1.2086,1.07,143.8,22.066,True,False,,ok,True,False,12.062,-6.3559,flare_decay,2619.9,0.065197,3.3914,0.0024232,5150,False,True,False,3.1017,3.2439,,True,False,True,False,True,ok,False,False,-0.14622,-0.15425,True,,,-5.5409,True,True,,0,-1.2714,True,,True,False,False,False,False,,,,not run,,,,,,0,-6.3559,28.953,14.581,12.062
157834991_2614.1500,157834991,2614.2,A,9517,8.6838,5187.5,4,12.547,0.75597,0.75,149.85,43.069,True,False,,ok,True,True,16.146,0.55273,flare_decay,2614.1,0.079933,7.7372,0.86231,5693.4,False,True,False,2.214,106.74,,True,False,True,True,True,ok,True,True,0.5662,0.54361,True,0.0067126,0.068568,14.448,False,True,,1,4.9168,True,,True,False,False,False,False,,,,ok,False,0.35172,0.25562,21.841,106.74,0,0.55273,50.598,26.94,16.146
237109179_2611.7700,237109179,2611.8,A,9518,8.6833,1410,3,10.545,1.1998,1.03,257.42,81.944,True,False,,ok,True,True,14.052,-1.5737,step,2611.8,0.034083,5.5583,0.33353,1374.4,False,True,False,3.0273,15.469,,True,False,True,True,True,ok,True,True,1.1046,1.0369,True,0.25234,4.4934,21.464,False,True,,0,9.5916,True,,True,False,False,False,False,,,,ok,True,0.093794,0,24.202,36.302,0,-1.5737,54.219,14.052,16.169
259237984_2628.3500,259237984,2628.3,A,9529,8.674,1433.6,16,10.895,0.79631,0.762,292.89,69.958,True,False,,ok,True,True,25.546,59.167,ramp,2627.8,0.3732,101.6,1.291,4793.9,True,True,False,2.9501,,,False,True,False,False,False,ok,False,False,-0.73209,-0.084149,True,,,-9.3326,True,True,,0,-6.3501,True,,True,False,False,False,False,,,,not run,,,,,,0,59.167,25.546,63.445,77.054
149398188_2635.0400,149398188,2635,A,9538,8.6654,3234.3,16,9.8541,1.8112,1.47,139.71,25.085,True,False,,ok,True,True,5997.3,1950.3,flare_decay,2635.5,0.12795,22.049,0.8956,12902,True,True,False,4.4287,309,,False,True,False,False,False,ok,False,False,,,True,,,-190.83,True,True,,0,,True,,True,False,False,False,False,,,,not run,,,,,,0,1950.3,12705,7613.5,5997.3
165717008_2633.6300,165717008,2633.6,A,9541,8.6641,6112.1,1.5,12.62,1.3448,1.1,164.06,34.456,True,False,,ok,True,True,12.209,-4.457,flare_decay,2633.6,0.074355,1.7101,1.0303e-09,6697.6,False,False,False,3.4493,0.13265,,True,False,True,,True,not run,,,,,,,,,,,,,,,,,,,,,,,,not run,,,,,,0,-4.457,42.917,29.263,12.209
9376757_2614.9000,9376757,2614.9,A,9542,8.6638,4397,2,11.449,1.6955,1.42,166.94,39.783,True,False,,ok,False,False,-46.907,-2.0237,step,2615,0.054726,6.2371,0.10845,3620.5,False,True,False,3.9212,10.044,,False,True,False,,False,not run,,,,,,,,,,,,,,,,,,,,,,,,not run,,,,,,0,-2.0237,66.772,-46.907,-37.582
39126891_2626.2400,39126891,2626.2,A,9543,8.6626,3962.3,1,10.736,1.5899,0.99,152.13,39.094,True,False,,ok,False,False,-14.995,-4.2994,flare_decay,2626.2,0.040405,0.38872,0.00034016,1978.5,False,False,False,4.0908,,,True,False,True,,True,not run,,,,,,,,,,,,,,,,,,,,,,,,not run,,,,,,0,-4.2994,-4.2523,-8.9314,-14.995
171644915_2631.6200,171644915,2631.6,A,9546,8.658,489.57,24,11.554,1.1532,0.99,158.63,19.639,True,False,,ok,False,False,-0.48954,12.34,flare_decay,2631.7,0.053729,5.931,0.93126,2227.8,True,True,False,3.0044,19.234,,True,False,True,,True,not run,,,,,,,,,,,,,,,,,,,,,,,,not run,,,,,,0,12.34,50.072,44.96,-0.48954
8189788_2628.1600,8189788,2628.2,A,9557,8.6349,6082.8,1,12.24,0.88447,0.93,156.22,37.994,True,False,,ok,True,True,11.112,2.1941,flare_decay,2628.2,0.38872,1.2965,1.2764,8145.8,True,True,False,3.1009,0.077799,grazing,True,False,False,False,True,ok,False,False,0.046608,0.029232,True,,,2.6722,True,True,,0,0.40245,True,,True,False,False,False,False,,,,not run,,,,,,0,2.1941,36.203,21.431,11.112
284626500_2614.5500,284626500,2614.6,A,9572,8.6247,11615,8,12.941,0.76882,0.84,178.76,57.012,True,False,,ok,False,False,-140.51,-12.849,step,2614.6,0.1048,13.746,1.1547e-05,13298,False,True,False,2.2181,595.23,,True,False,False,,True,not run,,,,,,,,,,,,,,,,,,,,,,,,not run,,,,,,0,-12.849,347.12,-140.51,-4.6594
149398970_2627.6100,149398970,2627.6,A,9578,8.6191,5375.3,1.5,12.031,0.69257,0.662,139.83,28.907,True,False,,ok,True,True,24.734,-4.2167,flare_decay,2627.6,0.37743,2.9244,1.2854,5797.3,True,True,False,2.6971,3.1765,,True,False,True,False,True,ok,False,False,0.15029,0.15354,True,,,1.4481,True,True,,0,1.2953,True,,True,False,False,False,False,,,,not run,,,,,,0,-4.2167,75.519,54.447,24.734
462537955_2612.1200,462537955,2612.1,A,9579,8.6158,2714.9,6,12.383,1.5235,1.19,202.11,77.435,True,False,,ok,False,False,-9.4835,-1.3636,ramp,2612,0.9,18,1.8351,4333.3,True,True,False,6.7384,47.822,,False,True,False,,False,not run,,,,,,,,,,,,,,,,,,,,,,,,not run,,,,,,0,-1.3636,-9.4835,-8.1035,-3.0087
82221734_2630.1700,82221734,2630.2,A,9590,8.6008,825.23,4,9.4419,0.79212,0.77,150.64,25.387,True,False,,ok,True,True,38.067,-3.0732,step,2630.1,0.025685,6.1654,0.15819,795.52,False,True,False,2.1841,56.253,,True,False,True,False,True,ok,False,False,0.014828,0.013479,True,,,0.53983,True,True,,0,0.12753,True,,True,False,False,False,False,,,,not run,,,,,,0,-3.0732,95.54,38.067,41.759
26984436_2618.7500,26984436,2618.8,A,9591,8.6004,3227.6,4,12.187,1.701,1.07,150.3,21.73,True,False,,ok,True,True,12.876,0.87434,flare_decay,2618.8,0.9,6.2818,1.8384,3980.7,True,True,False,7.7982,1.2351,grazing,True,False,True,False,True,ok,False,False,0.18356,0.14005,True,0.22075,0.93856,5.6038,False,True,,0,1.5787,True,,True,False,False,False,False,,,,ok,False,0.51153,0,17.23,25.846,0,0.87434,42.829,26.711,12.876
229498852_2626.2300,229498852,2626.2,A,9595,8.594,2125.9,4,11.718,1.7473,1.14,296.56,64.465,True,False,,ok,False,False,-10.213,-5.5785,step,2626.2,0.031602,4.3771,0.23036,1197.1,False,True,False,4.253,2.671,,True,True,True,,True,not run,,,,,,,,,,,,,,,,,,,,,,,,not run,,,,,,0,-5.5785,-5.0366,-10.213,-7.2266
98413873_2615.7900,98413873,2615.8,A,9599,8.589,7268.1,1.5,12.695,1.7322,0.96,147.21,24.105,True,False,,ok,True,True,14.836,-3.6075,flare_decay,2615.8,0.080005,1.8168,0.0051907,7753.5,False,False,False,4.6748,0.14018,,True,False,True,,True,not run,,,,,,,,,,,,,,,,,,,,,,,,not run,,,,,,0,-3.6075,38.498,18.158,14.836
372681501_2633.5600,372681501,2633.6,A,9620,8.5609,6946.1,1,12.094,1.6673,1.18,141.22,37.208,True,False,,ok,False,False,3.5164,-3.5415,flare_decay,2633.6,0.10086,0.5199,0.35763,11974,False,False,False,4.2813,,,True,False,True,,True,not run,,,,,,,,,,,,,,,,,,,,,,,,not run,,,,,,0,-3.5415,21.39,16.71,3.5164
95293373_2617.8700,95293373,2617.9,A,9623,8.5589,3995.7,1.5,11.907,1.7569,1.06,153.04,23.756,True,False,,ok,False,False,3.2027,0.67755,flare_decay,2617.9,0.073783,2.2292,0.88646,4656.5,False,False,False,4.5609,0.17301,,True,False,False,,True,not run,,,,,,,,,,,,,,,,,,,,,,,,not run,,,,,,0,0.67755,91.1,23.102,3.2027
8770923_2631.3100,8770923,2631.3,A,9626,8.5574,2865.6,6,12.162,0.18646,0.15584,140.62,31.463,True,False,,ok,False,False,0.51829,-7.3686,flare_decay,2631.3,0.056698,6.7388,0.72346,3315.8,False,True,False,0.90205,1042.4,,True,False,True,,True,not run,,,,,,,,,,,,,,,,,,,,,,,,not run,,,,,,0,-7.3686,43.158,22.808,0.51829
230023734_2619.3700,230023734,2619.4,A,9629,8.5529,959.73,3,9.6518,1.5014,1.32,292,65.449,True,False,,ok,True,True,11.716,-4.4137,flare_decay,2619.4,0.030394,2.9496,0.00017867,1119.6,False,False,False,3.4756,1.4814,,True,False,True,,True,not run,,,,,,,,,,,,,,,,,,,,,,,,not run,,,,,,0,-4.4137,62.211,52.134,11.716
95743157_2626.1900,95743157,2626.2,A,9631,8.5516,5107.8,1.5,11.991,2.0518,1.07,159.97,18.091,True,False,,ok,False,False,-11.518,-2.6682,flare_decay,2626.1,0.072977,4.5295,0.0027938,6451.9,False,False,False,5.3071,1.4481,,False,True,False,,False,not run,,,,,,,,,,,,,,,,,,,,,,,,not run,,,,,,0,-2.6682,69.625,18.679,-11.518
117417259_2612.6900,117417259,2612.7,A,9636,8.5482,7693.8,1.5,12.479,0.96555,1.06,137.61,24.858,True,False,,ok,True,True,15.493,-5.0095,flare_decay,2612.7,0.64311,2.4339,1.5292,9973.1,True,True,False,3.8349,0.60812,grazing,True,False,True,False,True,ok,False,False,0.048931,0.032195,True,,,-1.6803,True,True,,0,0.41828,True,,True,False,False,False,False,,,,not run,,,,,,0,-5.0095,83.532,61.738,15.493
149453895_2619.1500,149453895,2619.2,A,9647,8.5305,2780.4,1,10.823,2.3727,1,141.37,25.967,True,False,,ok,True,True,16.046,8.3098,flare_decay,2619.2,0.33917,2.0034,1.275,3078.8,True,True,False,7.8417,0.12466,grazing,True,False,True,False,True,ok,False,False,-0.25109,-0.14496,True,,,-0.79025,True,True,,0,-2.1419,True,,True,False,False,False,False,,,,not run,,,,,,0,8.3098,109.61,84.387,16.046
85995002_2629.8300,85995002,2629.8,A,9651,8.5278,1373.6,4,10.718,1.3285,1.15,138.56,23.708,True,False,,ok,False,False,-1.116,-5.9227,step,2629.8,0.035096,4.5412,0.00017556,1492.8,False,True,False,3.2345,6.901,,True,False,True,,True,not run,,,,,,,,,,,,,,,,,,,,,,,,not run,,,,,,0,-5.9227,61.93,-1.116,0.67297
166075798_2625.5100,166075798,2625.5,A,9656,8.5236,9009.9,1,11.643,1.2878,0.79,214.01,64.402,True,False,,ok,False,False,-23.302,-4.4316,step,2625.5,0.039848,0.48636,0.30493,1886.5,False,False,False,3.5701,,,True,False,True,,True,not run,,,,,,,,,,,,,,,,,,,,,,,,not run,,,,,,0,-4.4316,-17.919,-23.302,-20.944
286714396_2618.2100,286714396,2618.2,A,9661,8.5203,2937.7,6,12.706,0.93908,0.97,142.83,21.123,True,False,,ok,False,False,-3.5801,-1.9323,flare_decay,2618.1,0.093868,2.1505,0.89966,7259.2,False,False,False,2.557,1.4652,,True,False,True,,True,not run,,,,,,,,,,,,,,,,,,,,,,,,not run,,,,,,0,-1.9323,36.976,15.942,-3.5801
95359505_2628.4000,95359505,2628.4,A,9670,8.515,3060,3,12.136,1.2325,1.21,154.24,20.169,True,False,,ok,False,False,8.0248,-0.91461,flare_decay,2628.4,0.074297,3.2319,0.9217,4333,True,True,False,3.0619,2.9156,,True,False,True,,True,not run,,,,,,,,,,,,,,,,,,,,,,,,not run,,,,,,0,-0.91461,71.068,39.748,8.0248
318232421_2628.5900,318232421,2628.6,A,9679,8.5046,5190.6,1.5,12.281,1.1891,1.1,163.27,51.994,True,False,,ok,False,False,0.71527,4.1997,flare_decay,2628.6,0.39498,1.468,1.2816,8326.1,True,True,False,3.9605,0.087695,grazing,True,False,True,,True,not run,,,,,,,,,,,,,,,,,,,,,,,,not run,,,,,,0,4.1997,53.846,34.255,0.71527
86131527_2614.5900,86131527,2614.6,A,9686,8.4945,4102.2,12,12.847,0.76509,0.62,140.47,22.448,True,False,,ok,False,False,-1.7806,-4.7194,step,2614.6,0.058077,12.95,0.023904,4086.5,False,True,False,2.3392,424.33,,True,False,False,,True,not run,,,,,,,,,,,,,,,,,,,,,,,,not run,,,,,,0,-4.7194,46.943,-1.7806,21.614
16780887_2614.1500,16780887,2614.2,A,9692,8.4872,6335.6,2,11.992,1.8162,1.09,141.7,40.839,True,False,,ok,True,True,64.812,21.134,flare_decay,2614.2,0.34759,9.2141,1.2414,7093.6,True,True,False,5.8645,9.6835,,True,False,True,False,True,ok,False,False,0.53844,0.19351,True,,,0.49835,True,True,,0,4.5699,False,"McGlasson (V=16.2, 36"")",True,False,False,False,False,,,,not run,,,,,,0,21.134,174.13,105.4,64.812
88047680_2627.5400,88047680,2627.5,A,9694,8.4865,2444.8,4,11.692,1.0772,1.12,147.49,23.641,True,False,,ok,False,False,6.8338,-2.4939,flare_decay,2627.5,0.063407,5.69,0.93323,3062.5,True,True,False,2.718,22.941,,True,False,True,,True,not run,,,,,,,,,,,,,,,,,,,,,,,,not run,,,,,,0,-2.4939,23.792,16.959,6.8338
4918677_2629.9100,4918677,2629.9,A,9697,8.4853,4704.8,2,12.352,0.85404,0.96,148.34,35.041,True,False,,ok,True,True,27.649,-2.1687,flare_decay,2629.9,0.069633,2.9799,0.75145,4894.8,False,True,False,2.2817,5.5597,,True,False,True,False,True,ok,False,False,0.52406,0.36772,True,,,2.8384,True,True,,0,4.4468,True,,True,False,False,False,False,,,,ok,False,0.4881,0.12251,19.849,29.774,0,-2.1687,74.934,47.953,27.649
27072155_2619.7500,27072155,2619.8,A,9698,8.4849,2688.3,2,11.425,1.6196,1.41,152.5,23.809,True,False,,ok,False,False,8.6602,-2.7888,flare_decay,2619.7,0.061211,3.1608,0.92292,2954.1,True,True,False,3.7777,1.4112,grazing,True,False,True,,True,not run,,,,,,,,,,,,,,,,,,,,,,,,not run,,,,,,0,-2.7888,33.213,26.035,8.6602
165692263_2632.8400,165692263,2632.8,A,9709,8.4719,4090.7,6,12.982,1.7636,1.05,164.01,31.378,True,False,,ok,False,False,-9.2717,-6.6562,flare_decay,2632.8,0.066949,4.2329,1.5478e-06,5430.4,False,False,False,4.5635,1.9272,,True,False,True,,True,not run,,,,,,,,,,,,,,,,,,,,,,,,not run,,,,,,0,-6.6562,10.343,-0.33074,-9.2717
95469810_2628.6300,95469810,2628.6,A,9712,8.4704,3756.9,1.5,11.727,1.2926,1.17,155.65,19.84,True,False,,ok,False,False,7.6954,-5.2147,flare_decay,2628.6,0.059507,1.5025,9.9617e-05,4290.7,False,False,False,3.2028,0.11818,,True,False,True,,True,not run,,,,,,,,,,,,,,,,,,,,,,,,not run,,,,,,0,-5.2147,55.28,18.28,7.6954
137776677_2634.8100,137776677,2634.8,A,9722,8.4551,1964.3,24,12.158,0.77551,0.754,175.75,54.973,True,False,,ok,False,False,1.7733,96.577,ramp,2635.9,0.39916,72,1.2987,6846.4,True,False,True,2.9377,36834,,False,True,False,,False,not run,,,,,,,,,,,,,,,,,,,,,,,,not run,,,,,,0,96.577,1.7733,90.304,95.271
21123518_2625.5900,21123518,2625.6,A,9734,8.4319,4429.5,2,11.685,0.69731,0.693,274.68,52.594,True,False,,ok,False,False,-5.9432,-4.165,step,2625.5,0.041098,2.904,0.057178,2045.7,False,True,False,2.0213,7.4077,,False,True,False,,False,not run,,,,,,,,,,,,,,,,,,,,,,,,not run,,,,,,0,-4.165,-5.4012,-5.9432,-0.38453
8766946_2619.5900,8766946,2619.6,A,9735,8.4316,1656.8,6,11.537,1.4377,1.05,140.13,31.315,True,False,,ok,False,False,-1.4077,-4.9757,step,2619.6,0.039867,7.4209,8.4494e-05,1926.2,False,True,False,3.625,21.453,,True,False,True,,True,not run,,,,,,,,,,,,,,,,,,,,,,,,not run,,,,,,0,-4.9757,44.748,-1.4077,7.674
154093719_2625.4600,154093719,2625.5,A,9741,8.4235,3429.6,2,11.748,0.89267,0.91,210.8,66.538,True,False,,ok,False,False,-7.4671,-4.4463,step,2625.4,0.037743,4.7947,0.099909,1723,False,True,False,2.3554,21.088,,False,True,False,,False,not run,,,,,,,,,,,,,,,,,,,,,,,,not run,,,,,,0,-4.4463,-5.1367,-7.4671,-3.1512
219857012_2618.6500,219857012,2618.7,A,9742,8.4232,475.43,4,8.2865,1.1585,1.02,257.33,71.876,True,True,1742.01,ok,True,True,15.774,3.0585,flare_decay,2618.6,0.026433,7.4764,0.96146,486.33,True,True,False,2.911,42.374,,True,False,True,True,True,ok,True,True,0.51739,0.65614,True,,,2.9903,True,True,,0,4.3581,True,,True,True,False,False,False,1742.01,CP,,ok,True,0.012185,0,17.335,42.374,0,3.0585,76.496,22.834,15.774
8259420_2614.9000,8259420,2614.9,A,9763,8.4038,3930.9,2,11.607,0.64372,0.65,161.69,40.401,True,False,,ok,False,False,-17.37,-3.1524,step,2614.9,0.058774,3.0297,0.027305,4185,False,True,False,1.9385,9.5392,,True,False,False,,True,not run,,,,,,,,,,,,,,,,,,,,,,,,not run,,,,,,0,-3.1524,50.533,-17.37,-15.91
154565237_2613.6500,154565237,2613.7,A,9770,8.4008,1093.4,4,10.492,0.94737,1.056,189.67,77.575,True,False,,ok,True,True,40.691,-2.6817,flare_decay,2613.7,0.03165,4.4432,2.8878e-06,1214.1,False,True,False,2.3648,16.58,,True,False,True,True,True,ok,True,True,0.9024,0.97551,True,0.31599,1.7001,4.9648,False,True,,1,7.5809,True,,True,False,False,False,False,,,,ok,True,0.026477,0.00043866,22.333,33.5,0,-2.6817,120.93,48.089,40.691
4957056_2621.1300,4957056,2621.1,A,9771,8.3957,2600.7,12,12.907,1.3947,1.17,148.5,33.117,True,False,,ok,False,False,-3.6553,-2.9876,flare_decay,2621.3,0.069051,1.9798,0.62278,5201,False,False,False,3.4872,0.36695,,False,True,False,,False,not run,,,,,,,,,,,,,,,,,,,,,,,,not run,,,,,,0,-2.9876,14.693,4.8545,-3.6553
450303728_2615.3400,450303728,2615.3,A,9781,8.3867,2982.6,1.5,11.526,1.1656,1.32,143.75,39.173,True,False,,ok,False,False,9.0383,-1.2864,flare_decay,2615.3,0.34977,2.3696,1.2781,3731.1,True,True,False,3.5346,0.71606,grazing,True,False,True,,True,not run,,,,,,,,,,,,,,,,,,,,,,,,not run,,,,,,0,-1.2864,53.035,39.304,9.0383
154550273_2612.3200,154550273,2612.3,A,9784,8.3831,7788.9,3,12.84,2.2803,1.38,188.67,75.36,True,False,,ok,False,False,-12.405,-3.1455,ramp,2612.1,0.38542,20.3,1.27,8487.3,True,True,False,7.0005,61.185,,False,,,,False,not run,,,,,,,,,,,,,,,,,,,,,,,,not run,,,,,,0,-3.1455,-12.405,-6.4086,-1.6925
26985141_2612.2700,26985141,2612.3,A,9790,8.3771,6146.3,1,10.382,1.0497,1.155,150.43,22.172,True,False,,ok,True,True,352.29,131.82,flare_decay,2612.3,0.3783,4.2393,1.2789,6584.5,True,True,False,3.3983,4.8413,,True,False,False,False,True,ok,False,False,0.40654,0.063641,True,,,1.9365,True,True,,0,3.4056,True,,True,False,False,False,False,,,,not run,,,,,,0,131.82,911.14,698.87,352.29
9340254_2612.3600,9340254,2612.4,A,9791,8.3742,6155.7,2,12.781,0.90951,0.91,149.83,40.445,True,False,,ok,False,False,9.7869,-4.6553,flare_decay,2612.4,0.08035,2.2139,2.0432e-05,7820.5,False,False,False,2.4984,1.7193,,True,False,False,,True,not run,,,,,,,,,,,,,,,,,,,,,,,,not run,,,,,,0,-4.6553,82.357,31.569,9.7869
171558354_2617.7100,171558354,2617.7,A,9799,8.3689,3813.9,4,12.746,0.61775,0.60233,156.25,23.701,True,False,,ok,False,False,-0.14523,-2.5015,flare_decay,2617.7,0.46908,4.3578,1.3822,5719.9,True,True,False,2.6479,11.144,,True,False,True,,True,not run,,,,,,,,,,,,,,,,,,,,,,,,not run,,,,,,0,-2.5015,19.571,10.502,-0.14523
233724252_2626.0900,233724252,2626.1,A,9800,8.3668,3961.1,2,11.842,0.85861,0.921,276.55,60.16,True,False,,ok,False,False,-8.1957,-3.2135,ramp,2626.1,0.16499,0.25133,1.0471,5895.8,True,True,False,2.5332,,grazing,True,False,True,,True,not run,,,,,,,,,,,,,,,,,,,,,,,,not run,,,,,,0,-3.2135,-8.1957,-7.6612,-4.2323
149437859_2632.6100,149437859,2632.6,A,9802,8.3617,6581.9,1,12.207,1.2603,1,140.28,29.229,True,False,,ok,False,False,9.5089,-1.6788,flare_decay,2632.6,0.077001,1.4979,0.0013072,7182.6,False,False,False,3.345,0.1159,,False,True,False,,False,not run,,,,,,,,,,,,,,,,,,,,,,,,not run,,,,,,0,-1.6788,92.762,46.764,9.5089
8114566_2626.2400,8114566,2626.2,A,9813,8.345,3533.8,1,10.236,0.82345,0.84,154.2,39.804,True,False,,ok,False,False,-12.603,-5.8991,flare_decay,2626.2,0.02065,2.098,0.82976,400.13,False,False,False,2.1947,2.168,,True,True,True,,True,not run,,,,,,,,,,,,,,,,,,,,,,,,not run,,,,,,0,-5.8991,-9.4454,-9.9182,-12.603
87974220_2620.5600,87974220,2620.6,A,9819,8.339,3345.2,6,12.658,1.6063,1.09,146.56,22.752,True,False,,ok,False,False,7.4258,-9.658,flare_decay,2620.6,0.05818,6.1544,0.00039428,4101.5,False,True,False,4.0709,8.6171,,True,False,True,,True,not run,,,,,,,,,,,,,,,,,,,,,,,,not run,,,,,,0,-9.658,25.562,11.453,7.4258
361977348_2634.8100,361977348,2634.8,A,9824,8.3363,3754.6,6,12.789,2.2602,0.93,144.07,26.876,True,False,,ok,False,False,-0.56678,-9.6671,flare_decay,2634.8,0.056648,6.8299,0.024512,3888,False,True,False,6.034,3.5339,,True,False,True,,True,not run,,,,,,,,,,,,,,,,,,,,,,,,not run,,,,,,0,-9.6671,27.863,9.2787,-0.56678
1114909_2627.7400,1114909,2627.7,A,9825,8.3359,5802.6,1,12.265,1.6277,1.07,155.46,24.198,True,False,,ok,False,False,-0.34864,1.2747,flare_decay,2627.7,0.089703,1.5411,0.89754,6679.4,False,False,False,4.2745,0.11785,,False,True,False,,False,not run,,,,,,,,,,,,,,,,,,,,,,,,not run,,,,,,0,1.2747,55.634,32.437,-0.34864
467268151_2612.1600,467268151,2612.2,A,9826,8.3344,4227.3,3,12.151,2.1397,1.71,308.81,63.517,True,False,,ok,False,False,-11.455,-6.2952,ramp,2612,0.040572,1.2816,0.069382,1993,False,False,False,4.5897,0.10264,,True,True,True,,True,not run,,,,,,,,,,,,,,,,,,,,,,,,not run,,,,,,0,-6.2952,-11.455,-10.102,-5.5383
95845411_2612.5200,95845411,2612.5,A,9830,8.3273,3942.7,4,12.642,1.803,1.01,162.08,22.361,True,False,,ok,False,False,-0.59656,-6.8821,flare_decay,2612.5,0.059875,4.5118,0.00010744,4343.9,False,False,False,4.6951,2.149,,True,False,True,,True,not run,,,,,,,,,,,,,,,,,,,,,,,,not run,,,,,,0,-6.8821,16.894,8.8956,-0.59656
229610051_2613.0000,229610051,2613,A,9833,8.3242,1590.4,12,12.486,0.83122,0.749,275.06,76.431,True,False,,ok,False,False,-8.0349,-6.3052,step,2613,0.038406,12.933,0.11402,1782.9,False,True,False,2.3418,421.26,,True,False,True,,True,not run,,,,,,,,,,,,,,,,,,,,,,,,not run,,,,,,0,-6.3052,15.815,-8.0349,3.8957
282925121_2625.4800,282925121,2625.5,A,9834,8.3225,774.61,4,9.3848,1.0718,0.944,225.05,65.108,True,False,,ok,False,False,-7.1421,-3.3941,step,2625.4,0.21603,0.25,1.1718,1389.9,True,True,False,3.2741,,grazing,True,False,False,,True,not run,,,,,,,,,,,,,,,,,,,,,,,,not run,,,,,,0,-3.3941,-6.003,-7.1421,-4.0747
198382901_2616.2500,198382901,2616.2,A,9835,8.3218,3975.8,2,12.364,1.0612,1.1,257.45,58.64,True,False,,ok,True,True,12.327,-1.9537,flare_decay,2616.3,0.058852,2.571,0.0079587,4196.8,False,False,False,2.6821,2.1802,,True,False,True,,True,not run,,,,,,,,,,,,,,,,,,,,,,,,not run,,,,,,0,-1.9537,75.078,44.403,12.327
4956209_2611.8900,4956209,2611.9,A,9847,8.3111,2890.9,4,12.025,2.1761,0.96,148.36,31.169,True,False,,ok,False,False,-9.5882,-5.2653,flare_decay,2611.9,0.047352,5.5003,0.00211,2717.3,False,False,False,5.6972,2.1424,,True,False,True,,True,not run,,,,,,,,,,,,,,,,,,,,,,,,not run,,,,,,0,-5.2653,26.687,2.9985,-9.5882
149441873_2615.0400,149441873,2615,A,9849,8.3096,2711.6,2,11.456,1.4927,1.06,140.82,24.792,True,False,,ok,True,True,25.286,-1.1708,flare_decay,2615,0.050906,2.395,0.011085,3140.2,False,False,False,3.7918,0.54091,,True,False,True,,True,not run,,,,,,,,,,,,,,,,,,,,,,,,not run,,,,,,0,-1.1708,96.763,58.607,25.286
126367310_2614.0900,126367310,2614.1,A,9850,8.309,6141.7,1.5,11.866,1.0878,0.89,135.85,24.972,True,False,,ok,True,True,36.471,11.75,flare_decay,2614.1,0.38049,4.2454,1.277,7060.4,True,True,False,3.8479,3.3374,,True,False,True,False,True,ok,False,False,-0.27936,-0.12613,True,,,-5.4458,True,True,,0,-2.3212,True,,True,False,False,False,False,,,,not run,,,,,,0,11.75,109.18,77.521,36.471
138710598_2619.4800,138710598,2619.5,A,9853,8.3078,3500.3,1,11.395,0.87683,0.958,162.85,24.628,True,False,,ok,True,True,28.048,2.1402,flare_decay,2619.5,0.06231,0.84641,0.0098892,4704.2,False,False,False,2.3282,0.066397,,True,False,False,,True,not run,,,,,,,,,,,,,,,,,,,,,,,,not run,,,,,,0,2.1402,78.55,59.477,28.048
8794778_2612.6000,8794778,2612.6,A,9854,8.3067,2772.5,12,12.469,1.1193,1.12,141.86,31.332,True,False,,ok,False,False,-11.585,3.2135,ramp,2612.5,0.046925,30.849,0.52723,2492.4,False,True,False,2.7804,3416.9,,True,False,True,,True,not run,,,,,,,,,,,,,,,,,,,,,,,,not run,,,,,,0,3.2135,-11.585,16.73,2.1162
349824656_2618.0300,349824656,2618,A,9856,8.3059,2682.4,1.5,11.032,0.84407,1.003,143.89,26.446,True,False,,ok,True,True,22.169,-2.9837,flare_decay,2618,0.049058,3.5947,0.82881,2256.6,False,True,False,2.1796,11.211,,True,False,True,False,True,ok,False,False,0.29928,0.30976,True,,,0.84589,True,True,,1,2.4858,True,,True,False,False,False,False,,,,ok,True,0.091197,1.2781e-05,17.976,26.964,0,-2.9837,61.321,42.436,22.169
138650445_2634.5200,138650445,2634.5,A,9869,8.2922,4697.6,6,12.934,0.69693,0.671,178.53,62.268,True,False,,ok,False,False,-2.3021,-8.0594,flare_decay,2634.5,0.052427,6.0405,0.033578,3330,False,True,False,2.0642,62.662,,True,False,True,,True,not run,,,,,,,,,,,,,,,,,,,,,,,,not run,,,,,,0,-8.0594,0.11974,1.4542,-2.3021
371519666_2612.1300,371519666,2612.1,A,9871,8.288,5552.6,3,11.377,0.75906,0.775,152.48,52.282,True,False,,ok,False,False,-19.865,-11.671,ramp,2612.1,0.12689,0.25,1.0565,2266.7,True,True,False,2.2945,,grazing,True,False,False,,True,not run,,,,,,,,,,,,,,,,,,,,,,,,not run,,,,,,0,-11.671,-19.865,-16.81,-12.265
365931351_2615.4100,365931351,2615.4,A,9877,8.2833,5169,1,12.2,1.1115,0.99,166.74,37.437,True,False,,ok,False,False,9.0735,1.4202,flare_decay,2615.4,0.10679,1.4292,0.94863,6804.4,True,True,False,3.0417,0.10761,grazing,True,False,False,,True,not run,,,,,,,,,,,,,,,,,,,,,,,,not run,,,,,,0,1.4202,47.589,31.615,9.0735
95747137_2626.2200,95747137,2626.2,A,9883,8.2816,8830,1,11.968,1.7589,1.05,160.27,21.32,True,False,,ok,False,False,-8.3654,12.788,step,2626.2,0.3717,6.1062,1.2708,6710.8,True,True,False,5.8535,2.7846,,False,True,False,,False,not run,,,,,,,,,,,,,,,,,,,,,,,,not run,,,,,,0,12.788,94.687,-8.3654,-2.1094
417934025_2629.6900,417934025,2629.7,A,9885,8.2799,6325.1,1.5,12.719,2.4388,1.29,193.63,58.095,True,False,,ok,False,False,8.0669,-2.8493,flare_decay,2629.7,0.078861,1.5837,0.25138,7434,False,False,False,5.9606,0.12233,,True,False,True,,True,not run,,,,,,,,,,,,,,,,,,,,,,,,not run,,,,,,0,-2.8493,38.712,28.137,8.0669
99825617_2635.1400,99825617,2635.1,A,9901,8.2663,2154.7,16,12.501,0.84627,0.93,164.66,64.114,True,False,,ok,False,False,-6.572,46.695,ramp,2636.6,0.3923,86.816,1.223,16048,True,False,True,2.9746,62199,,False,,,,False,not run,,,,,,,,,,,,,,,,,,,,,,,,not run,,,,,,0,46.695,-6.572,93.581,107.35
4753462_2619.3800,4753462,2619.4,A,9908,8.2624,6304.9,1.5,12.682,1.3264,1.13,145.74,30.248,True,False,,ok,False,False,-2.3644,-4.1172,flare_decay,2619.4,0.076634,1.7643,0.0013799,7114.3,False,False,False,3.3788,0.13656,,True,False,True,,True,not run,,,,,,,,,,,,,,,,,,,,,,,,not run,,,,,,0,-4.1172,42.623,28.921,-2.3644
172533606_2616.8700,172533606,2616.9,A,9914,8.2568,748.12,2,9.2534,1.6282,1.207,143.23,25.44,True,False,,ok,False,False,1.7239,-3.8687,flare_decay,2616.9,0.026722,1.8765,0.10391,863.61,False,False,False,3.8698,0.15231,,True,False,True,,True,not run,,,,,,,,,,,,,,,,,,,,,,,,not run,,,,,,0,-3.8687,55.324,2.5871,1.7239
171578341_2632.3400,171578341,2632.3,A,9916,8.2558,2603,3,11.856,1.1669,1.27,156.31,18.325,True,False,,ok,False,False,9.488,-3.3115,flare_decay,2632.4,0.0468,3.8339,0.14551,2642.9,False,True,False,2.7795,6.5478,,True,False,True,,True,not run,,,,,,,,,,,,,,,,,,,,,,,,not run,,,,,,0,-3.3115,43.318,13.104,9.488
239200251_2612.1800,239200251,2612.2,A,9924,8.2444,5947.6,2,12.708,0.9137,0.9,148.68,21.613,True,False,,ok,True,False,15.528,-7.3241,flare_decay,2612.2,0.07316,2.4365,0.00066279,6484.3,False,False,False,2.5025,2.2895,,True,False,True,,True,not run,,,,,,,,,,,,,,,,,,,,,,,,not run,,,,,,0,-7.3241,57.277,37.713,15.528
8886363_2629.3300,8886363,2629.3,A,9930,8.2389,4145,4,12.533,0.58889,0.57893,143.4,35.062,True,False,,ok,False,False,3.209,-1.5054,flare_decay,2629.3,0.39899,9.004,1.3221,4404.8,True,True,False,2.4356,126.36,,True,False,True,,True,not run,,,,,,,,,,,,,,,,,,,,,,,,not run,,,,,,0,-1.5054,56.914,23.407,3.209
148623688_2612.0800,148623688,2612.1,A,9938,8.2333,6042.4,1.5,12.602,1.4735,1.1,154.17,54.689,True,False,,ok,False,False,-8.2237,-4.7501,step,2612.1,0.050535,1.9456,0.0086402,3094.6,False,False,False,3.6958,0.15433,,True,True,True,,True,not run,,,,,,,,,,,,,,,,,,,,,,,,not run,,,,,,0,-4.7501,-5.9053,-8.2237,-3.5971
95340179_2620.7000,95340179,2620.7,A,9963,8.2136,1188.3,1.5,9.7119,3.1859,1.16,153.64,18.33,True,False,,ok,True,True,10.927,-0.95779,flare_decay,2620.7,0.3202,2.3302,1.2779,1523.1,True,True,False,9.8893,0.14708,grazing,True,False,True,False,True,ok,False,False,0.069727,0.080424,True,,,1.0398,True,True,,0,0.57271,False,"Lindstrom (V=16.4, 34"")",True,False,False,False,False,,,,not run,,,,,,0,-0.95779,48.28,36.231,10.927
53481079_2612.8800,53481079,2612.9,A,9964,8.2125,1236.5,4,10.822,0.85663,0.959,162.58,50.797,True,False,5717.01,ok,True,True,20.144,-4.429,flare_decay,2612.9,0.034373,4.0616,8.2151e-05,1432,False,True,False,2.2139,15.434,,True,False,True,True,True,ok,True,True,0.54091,0.75239,True,0.33754,1.3617,3.057,False,True,,0,4.4422,True,,True,True,False,False,False,5717.01,PC,,ok,True,0.023832,0,23.117,34.676,0,-4.429,49.721,30.489,20.144
371545925_2612.3400,371545925,2612.3,A,9977,8.2045,4212.6,3,12.441,1.576,1.09,153.56,50.315,True,False,,ok,False,False,-1.5259,-4.4853,flare_decay,2612.4,0.075318,7.1842,0.93865,4052.1,True,True,False,4.0588,13.856,,True,False,True,,True,not run,,,,,,,,,,,,,,,,,,,,,,,,not run,,,,,,0,-4.4853,26.661,5.8382,-1.5259
8118004_2634.0600,8118004,2634.1,A,9985,8.1878,2649.4,1,10.822,1.7612,1.31,154.75,39.446,True,False,,ok,True,True,11.704,-1.8699,flare_decay,2634.1,0.08033,1.7048,0.97511,3112.6,True,True,False,4.2862,0.1315,grazing,True,False,True,True,True,ok,True,True,0.66903,0.68418,True,0.36205,2.5728,7.348,False,True,,1,5.4779,True,,True,False,False,False,False,,,,ok,False,0.99536,0.065451,24.082,36.123,0,-1.8699,64.686,45.149,11.704
8866485_2621.0400,8866485,2621,A,9991,8.1798,8500.8,1.5,12.647,1.3174,1.06,143.1,30.171,True,False,,ok,False,False,-20.308,-1.0081,flare_decay,2621.1,0.076623,2.9143,0.13045,7087.7,False,False,False,3.4281,1.4948,,False,True,False,,False,not run,,,,,,,,,,,,,,,,,,,,,,,,not run,,,,,,0,-1.0081,-8.5324,3.0848,-20.308
9348527_2617.9700,9348527,2618,A,9993,8.1769,3030.1,8,12.863,1.642,1.04,150.15,36.088,True,False,,ok,False,False,-2.2281,-7.3771,flare_decay,2618,0.051104,9.3159,0.12815,3154.2,False,True,False,4.1988,27.322,,True,False,True,,True,not run,,,,,,,,,,,,,,,,,,,,,,,,not run,,,,,,0,-7.3771,29.748,3.0896,-2.2281
91899339_2617.9300,91899339,2617.9,A,9999,8.1744,2357.6,1.5,10.788,1.8631,1.39,142.32,23.933,True,False,,ok,True,True,29.709,1.885,flare_decay,2617.9,0.085894,2.4521,0.99297,2741.8,True,True,False,4.4686,0.18818,grazing,True,False,False,False,True,ok,False,False,0.19175,0.12789,True,,,0.97993,True,True,,0,1.5674,True,,True,False,False,False,False,,,,not run,,,,,,0,1.885,66.958,43.542,29.709
16220834_2611.9000,16220834,2611.9,A,10004,8.1723,3131.3,1.5,11.505,2.0983,1.13,153.4,36.227,True,False,,ok,False,False,4.4108,-4.7045,flare_decay,2611.9,0.052913,1.52,5.1156e-05,3392.8,False,False,False,5.2296,0.1203,,False,True,False,,False,not run,,,,,,,,,,,,,,,,,,,,,,,,not run,,,,,,0,-4.7045,23.837,17.767,4.4108
256804591_2626.2000,256804591,2626.2,A,10015,8.1577,3053.5,3,11.094,1.1937,0.912,301.39,65.086,True,False,,ok,False,False,-5.7324,-3.0987,ramp,2626.2,0.046267,0.61345,0.84466,1967.7,False,False,False,3.1737,,,True,False,True,,True,not run,,,,,,,,,,,,,,,,,,,,,,,,not run,,,,,,0,-3.0987,-5.7324,-4.1094,-2.4992
85978963_2612.0400,85978963,2612,A,10016,8.1568,3124.1,3,11.847,0.94574,1.03,137.93,23.255,True,False,,ok,False,False,1.3388,-3.9327,flare_decay,2612.1,0.04543,4.6786,0.006334,2501.1,False,True,False,2.4123,18.238,,True,False,True,,True,not run,,,,,,,,,,,,,,,,,,,,,,,,not run,,,,,,0,-3.9327,17.64,9.9285,1.3388
207396719_2625.5900,207396719,2625.6,A,10017,8.1546,6501.3,1,11.546,0.83774,0.91,241.74,59.243,True,False,,ok,False,False,-12.916,-4.8248,flare_decay,2625.6,0.022614,1.3981,0.50917,582.23,False,False,False,2.1782,0.63558,,True,True,True,,True,not run,,,,,,,,,,,,,,,,,,,,,,,,not run,,,,,,0,-4.8248,-12.259,-11.424,-12.916
157982127_2633.7300,157982127,2633.7,A,10026,8.1476,4568.6,3,12.726,1.2165,1.3,212.49,78.376,True,False,,ok,True,True,23.586,5.8257,flare_decay,2633.7,0.42117,4.7306,1.3337,5560.3,True,True,False,3.9042,4.4315,,True,False,True,True,True,ok,False,True,1.1828,0.76615,True,0.49128,3.4644,10.564,False,False,157982126,1,9.6373,True,,True,False,False,False,False,,,,not run,,,,,,0,5.8257,73.365,54.51,23.586
356743654_2635.1400,356743654,2635.1,A,10038,8.142,5242.9,16,12.242,0.94929,1.02,178.23,77.061,True,False,,ok,False,False,-35.975,200.23,ramp,2636.5,0.4175,90.193,1.1957,25657,True,False,True,3.2942,51356,,False,,,,False,not run,,,,,,,,,,,,,,,,,,,,,,,,not run,,,,,,0,200.23,-35.975,480.38,455.04
26958513_2635.1600,26958513,2635.2,A,10043,8.1395,4330.8,2,12.2,1.185,1.11,149.65,20.766,True,False,,ok,True,True,11.889,-0.94734,flare_decay,2635.2,0.9,2.9583,1.8275,5200.8,True,True,False,5.3617,0.35698,grazing,True,False,True,False,True,ok,False,False,0.044637,0.033391,True,,,1.6434,True,True,,0,0.36332,True,,True,False,False,False,False,,,,not run,,,,,,0,-0.94734,52.092,29.215,11.889
229596699_2613.0200,229596699,2613,A,10046,8.1382,3430.1,3,12.128,0.87266,0.969,273.31,74.066,True,False,,ok,False,False,-7.5398,-4.2356,flare_decay,2612.9,0.9,2.1803,1.8452,3285.9,True,True,False,4.1299,0.33241,grazing,False,True,False,,False,not run,,,,,,,,,,,,,,,,,,,,,,,,not run,,,,,,0,-4.2356,-5.5948,-3.3263,-7.5398
450297380_2618.0800,450297380,2618.1,A,10054,8.1363,2207,3,11.617,1.2006,0.99,142.99,39.694,True,False,,ok,False,False,7.2119,-4.3052,flare_decay,2618.1,0.046508,2.9815,0.021471,2621,False,False,False,3.1066,2.1796,,True,False,True,,True,not run,,,,,,,,,,,,,,,,,,,,,,,,not run,,,,,,0,-4.3052,37.292,32.684,7.2119
95435432_2634.5400,95435432,2634.5,A,10058,8.1322,3473.1,2,11.943,2.1208,1.29,155.3,17.938,True,False,,ok,False,False,-7.8033,-3.4426,flare_decay,2634.6,0.0457,6.6209,0.00072463,2531,False,True,False,5.0224,5.6787,,True,False,True,,True,not run,,,,,,,,,,,,,,,,,,,,,,,,not run,,,,,,0,-3.4426,18.895,5.8536,-7.8033
361977971_2612.4500,361977971,2612.4,A,10061,8.1306,5098.1,1,11.961,0.97487,1.04,144.03,23.965,True,False,,ok,False,False,0.96941,0.26159,flare_decay,2612.5,0.35063,1.6661,1.2584,5647.8,True,True,False,3.2026,0.30614,grazing,False,True,False,,False,not run,,,,,,,,,,,,,,,,,,,,,,,,not run,,,,,,0,0.26159,65.997,55.584,0.96941
284992551_2612.6800,284992551,2612.7,A,10064,8.1296,3762.5,2,12.089,1.15,0.96,137.28,28.148,True,False,,ok,False,False,-1.5208,-4.2014,flare_decay,2612.7,0.05979,2.3054,5.3102e-05,4331.7,False,False,False,3.0444,1.047,,False,True,False,,False,not run,,,,,,,,,,,,,,,,,,,,,,,,not run,,,,,,0,-4.2014,35.274,1.2994,-1.5208
239194983_2617.4400,239194983,2617.4,A,10073,8.1258,3508.1,4,12.405,1.1436,1.11,146.43,26,True,False,,ok,True,True,12.569,-4.2513,flare_decay,2617.4,0.05731,5.6482,0.00014941,3979.8,False,True,False,2.8776,18.906,,True,False,True,False,True,ok,False,False,0.19526,0.16069,True,,,-2.9667,True,True,,0,1.5866,True,,True,False,False,False,False,,,,not run,,,,,,0,-4.2513,33.92,14.814,12.569
241192375_2618.1100,241192375,2618.1,A,10078,8.1195,1528.8,6,11.48,1.483,1.05,153,29.132,True,False,,ok,False,False,-8.8012,-7.5495,step,2618.1,0.037465,5.8587,0.00068961,1701.1,False,True,False,3.7308,9.6649,,True,False,True,,True,not run,,,,,,,,,,,,,,,,,,,,,,,,not run,,,,,,0,-7.5495,40.064,-8.8012,-3.4917
95313680_2634.8200,95313680,2634.8,A,10086,8.1109,1272.9,24,11.92,0.75478,0.85,153.22,19.499,True,False,,ok,False,False,-28.835,441.94,ramp,2636.1,0.41394,72,1.2808,11048,True,False,True,2.7761,43642,,False,,,,False,not run,,,,,,,,,,,,,,,,,,,,,,,,not run,,,,,,0,441.94,-28.835,435.67,558.13
149451597_2628.2900,149451597,2628.3,A,10101,8.0925,2757.1,6,12.559,1.5216,1.27,141.16,26.563,True,False,,ok,False,False,-4.5008,-5.4444,flare_decay,2628.3,0.04921,5.8332,0.025077,2934.2,False,True,False,3.6332,10.333,,True,False,True,,True,not run,,,,,,,,,,,,,,,,,,,,,,,,not run,,,,,,0,-5.4444,2.6993,1.6303,-4.5008
288132261_2615.3700,288132261,2615.4,A,10102,8.0907,762.69,4,9.1362,1.4919,1.157,209.49,79.583,True,False,1258.01,ok,True,True,14.845,-4.5627,flare_decay,2615.4,0.026383,4.6187,0.00071915,843.66,False,True,False,3.5948,5.2754,,True,False,True,True,True,ok,True,True,1.2809,1.141,True,0.17834,1.1228,5.7076,False,True,,0,10.364,True,,True,True,False,False,False,1258.01,PC,,ok,True,0.099815,0.0097466,20.617,30.926,0,-4.5627,57.974,19.987,14.845
27001989_2627.8500,27001989,2627.8,A,10105,8.0843,3014.4,1.5,11.455,1.291,1.19,151.16,19.139,True,False,,ok,False,False,7.334,-2.0628,flare_decay,2627.8,0.42003,1.8964,1.35,3858.9,True,True,False,4.2642,0.11129,grazing,False,True,False,,False,not run,,,,,,,,,,,,,,,,,,,,,,,,not run,,,,,,0,-2.0628,35.469,27.703,7.334
165410329_2618.9700,165410329,2619,A,10107,8.0837,4720.7,3,12.755,0.64307,0.62191,159.47,25.417,True,False,,ok,True,True,10.094,-2.3434,step,2619,0.36108,4.9389,1.269,5707.5,True,True,False,2.5267,18.675,,True,False,True,True,True,ok,True,True,0.55491,0.40616,True,0.41356,1.6888,5.3059,False,True,,0,4.4857,True,,True,False,False,False,False,,,,ok,True,0.10944,0,17.008,25.512,0,-2.3434,33.07,10.094,11.821
66696113_2629.0100,66696113,2629,A,10118,8.0689,4545.1,1.5,12.31,1.3348,0.98,156.41,53.974,True,False,,ok,False,False,8.969,-1.0104,flare_decay,2629,0.075059,2.431,0.87715,4901.8,False,False,False,3.5603,0.73421,,True,False,True,,True,not run,,,,,,,,,,,,,,,,,,,,,,,,not run,,,,,,0,-1.0104,42.246,27.415,8.969
233182365_2625.5900,233182365,2625.6,A,10120,8.0675,3940.6,4,12.389,0.76456,0.829,218.87,70.791,True,False,,ok,False,False,-7.1777,-4.4423,step,2625.5,0.05378,10.67,0.93439,2209.2,True,True,False,2.1132,321.97,,False,True,False,,False,not run,,,,,,,,,,,,,,,,,,,,,,,,not run,,,,,,0,-4.4423,-6.1644,-7.1777,-3.2904
416195583_2634.2900,416195583,2634.3,A,10122,8.0659,6473.8,2,12.532,1.787,1.28,287.26,57.72,True,False,,ok,True,True,17.786,-0.64255,flare_decay,2634.3,0.08792,2.6596,0.8157,7324.8,False,False,False,4.4137,0.38378,,True,False,True,,True,not run,,,,,,,,,,,,,,,,,,,,,,,,not run,,,,,,0,-0.64255,79.112,51.365,17.786
27072820_2620.0500,27072820,2620.1,A,10131,8.0533,8388.1,1,12.702,1.0733,1.06,152.52,20.078,True,False,,ok,True,True,10.041,1.4186,flare_decay,2620,0.4036,1.9671,1.2833,9255.4,True,True,False,3.6414,0.34087,grazing,False,True,False,False,False,ok,False,False,0.18709,0.19469,False,1.1956,5.0225,3.6153,False,True,,0,1.5066,True,,True,False,False,False,False,,,,not run,,,,,,0,1.4186,47.505,34.473,10.041
8262713_2632.5800,8262713,2632.6,A,10132,8.0531,1954.4,8,12.498,1.1971,1.05,162.24,36.993,True,False,,ok,False,False,-2.1544,-5.9783,flare_decay,2632.6,0.042468,8.9833,0.0071923,2185.7,False,True,False,3.0256,65.477,,True,False,True,,True,not run,,,,,,,,,,,,,,,,,,,,,,,,not run,,,,,,0,-5.9783,23.707,7.1486,-2.1544
171652549_2613.7300,171652549,2613.7,A,10144,8.0388,4553.5,3,12.384,1.7865,1.21,159.58,19.693,True,False,,ok,True,True,10.328,-3.7775,flare_decay,2613.7,0.071467,5.1661,0.88058,4420.6,False,True,False,4.4278,3.926,,True,False,True,False,True,ok,False,False,0.53236,0.39422,True,0.087386,0.37085,5.328,False,True,,0,4.2796,True,,True,False,False,False,False,,,,not run,,,,,,0,-3.7775,25.615,12.794,10.328
407591168_2628.2000,407591168,2628.2,A,10145,8.0386,2667.2,2,11.544,1.2539,1.09,152.23,34.729,True,False,,ok,False,False,2.7828,-2.4894,step,2628.2,0.33998,3.1076,1.2731,3300.4,True,True,False,4.0241,1.1106,grazing,True,False,True,,True,not run,,,,,,,,,,,,,,,,,,,,,,,,not run,,,,,,0,-2.4894,18.569,2.7828,6.5033
386954297_2612.3400,386954297,2612.3,A,10156,8.0259,5615.6,1.5,12.478,1.2337,1.15,157.85,21.949,True,False,,ok,False,False,-2.9755,-4.3437,flare_decay,2612.3,0.080967,2.4805,0.85067,5944.8,False,False,False,3.1368,1.1989,,True,False,True,,True,not run,,,,,,,,,,,,,,,,,,,,,,,,not run,,,,,,0,-4.3437,54.729,33.659,-2.9755
139382247_2628.3900,139382247,2628.4,A,10159,8.0229,7774.3,1.5,12.8,1.7692,1.15,139.25,31.652,True,False,,ok,False,False,-0.62274,-4.8251,flare_decay,2628.4,0.077178,1.7834,3.4591e-05,7215.6,False,False,False,4.4838,0.13797,,False,True,False,,False,not run,,,,,,,,,,,,,,,,,,,,,,,,not run,,,,,,0,-4.8251,18.112,8.601,-0.62274
1066572_2615.3100,1066572,2615.3,A,10166,8.0106,4034,2,12.18,1.1171,1.1,154.45,25.034,True,False,,ok,True,True,20.464,-3.9167,flare_decay,2615.3,0.06423,1.9726,3.9014e-06,4998.5,False,False,False,2.8379,0.8025,,True,False,True,,True,not run,,,,,,,,,,,,,,,,,,,,,,,,not run,,,,,,0,-3.9167,78.459,26.774,20.464
105577720_2615.3300,105577720,2615.3,A,10181,7.9947,7307.3,1,12.681,1.4613,1.02,153.41,43.218,True,False,,ok,True,True,10.198,-0.41781,flare_decay,2615.3,0.093533,0.82974,0.0012111,10595,False,False,False,3.9125,0.063231,,True,False,False,,True,not run,,,,,,,,,,,,,,,,,,,,,,,,not run,,,,,,0,-0.41781,28.451,32.538,10.198
166127680_2625.5500,166127680,2625.6,A,10182,7.9938,6702.8,2,12.045,0.84799,0.87,215.84,60.781,True,False,,ok,False,False,-10.911,-4.8717,step,2625.5,0.032867,2.423,0.75113,1093,False,True,False,2.2606,3.0641,,True,True,True,,True,not run,,,,,,,,,,,,,,,,,,,,,,,,not run,,,,,,0,-4.8717,-10.863,-10.911,-10.266
229449419_2629.4100,229449419,2629.4,A,10183,7.9937,1269.7,6,11.372,1.0465,1.08,294.08,62.493,True,False,,ok,False,False,-1.2271,-6.1059,step,2629.4,0.034024,6.3153,0.17305,1394.5,False,True,False,2.5987,35.891,,True,False,False,,True,not run,,,,,,,,,,,,,,,,,,,,,,,,not run,,,,,,0,-6.1059,14.892,-1.2271,-0.59808
27064472_2634.4300,27064472,2634.4,A,10186,7.9918,5319.4,1.5,12.42,1.4486,1.03,151.63,18.649,True,False,,ok,False,False,6.618,-1.0492,flare_decay,2634.4,0.14661,2.7974,1.0123,6738.7,True,True,False,4.0536,0.75134,grazing,True,False,True,,True,not run,,,,,,,,,,,,,,,,,,,,,,,,not run,,,,,,0,-1.0492,44.781,38.559,6.618
39077655_2626.2400,39077655,2626.2,A,10189,7.9885,4496.1,1,9.1704,0.7748,0.89,151.19,40.834,True,False,,ok,False,False,-18.319,-5.1883,step,2626.2,0.014652,1.6742,0.8593,193.8,False,False,False,2.0137,1.4207,,False,True,False,,False,not run,,,,,,,,,,,,,,,,,,,,,,,,not run,,,,,,0,-5.1883,-12.066,-18.319,-16.453
26957183_2629.9700,26957183,2630,A,10193,7.9841,8831.4,2,12.916,1.428,1.29,149.56,20.636,True,False,,ok,True,True,22.389,-3.8955,flare_decay,2630,0.09021,2.1862,3.0709e-05,9856.1,False,False,False,3.5244,0.52714,,True,False,True,,True,not run,,,,,,,,,,,,,,,,,,,,,,,,not run,,,,,,0,-3.8955,60.558,52.419,22.389
386940282_2618.1500,386940282,2618.2,A,10198,7.9806,1820.2,1.5,10.599,1.2667,1.33,157.72,20.146,True,False,,ok,False,False,6.8442,-5.4468,flare_decay,2618.1,0.039907,1.5893,4.8088e-07,1930.1,False,False,False,2.9516,0.32063,,True,False,True,,True,not run,,,,,,,,,,,,,,,,,,,,,,,,not run,,,,,,0,-5.4468,51.206,24.899,6.8442
95359772_2633.0600,95359772,2633.1,A,10203,7.9744,4668.4,4,12.993,1.69,1.21,154.19,21.338,True,False,,ok,False,False,9.4083,-2.8581,flare_decay,2633.1,0.068902,4.0343,0.006755,5751.7,False,False,False,4.1785,2.197,,True,False,True,,True,not run,,,,,,,,,,,,,,,,,,,,,,,,not run,,,,,,0,-2.8581,60.754,28.093,9.4083
154011697_2615.1600,154011697,2615.2,A,10210,7.9669,10830,3,9.8875,1.1795,0.857,206.1,69.218,True,False,,ok,True,True,10.998,11.2,ramp,2615.2,0.1511,15.658,0.99434,8682.8,True,True,False,3.5225,219.8,,True,False,False,False,True,ok,False,False,-2.4312,-0.41587,True,,,-3.0561,True,True,,1,-19.369,True,,True,False,False,False,False,,,,not run,,,,,,0,11.2,10.998,20.364,11.256
86102618_2617.5200,86102618,2617.5,A,10215,7.9634,4238.2,2,12.292,1.6836,0.99,139.8,23.025,True,False,,ok,False,False,-0.17897,-5.4719,flare_decay,2617.5,0.059784,2.1825,0.0041575,4330.7,False,False,False,4.4129,0.17161,,True,False,False,,True,not run,,,,,,,,,,,,,,,,,,,,,,,,not run,,,,,,0,-5.4719,34.523,26.607,-0.17897
95341266_2615.4100,95341266,2615.4,A,10221,7.9574,5607.9,3,12.976,0.32293,0.30294,153.69,23.75,True,False,,ok,False,False,-7.2097,-7.1343,flare_decay,2615.4,0.070927,2.9483,0.0023883,6094.7,False,True,False,1.2687,31.38,,False,True,False,,False,not run,,,,,,,,,,,,,,,,,,,,,,,,not run,,,,,,0,-7.1343,36.036,-0.94404,-7.2097
16814153_2620.3200,16814153,2620.3,A,10230,7.948,4988.4,3,12.889,0.5732,0.56566,142.42,40.124,True,False,,ok,False,False,4.7239,-7.4994,flare_decay,2620.3,0.066249,3.4726,0.004261,5317.5,False,True,False,1.8208,17.342,,True,False,True,,True,not run,,,,,,,,,,,,,,,,,,,,,,,,not run,,,,,,0,-7.4994,47.044,15.354,4.7239
149443692_2619.9400,149443692,2619.9,A,10242,7.9326,3195.9,1,11.036,0.67738,0.68,141.03,25.858,True,False,,ok,False,False,-1.2014,1.1398,flare_decay,2619.9,0.075375,1.0755,0.90152,4704,True,True,False,2.041,0.33959,grazing,False,True,False,,False,not run,,,,,,,,,,,,,,,,,,,,,,,,not run,,,,,,0,1.1398,51.217,45.701,-1.2014
229580459_2613.5000,229580459,2613.5,A,10249,7.9202,3464.8,3,12.409,0.67517,0.658,270.27,75.749,True,False,,ok,False,False,0.88387,-6.0821,flare_decay,2613.5,0.04535,4.0134,0.0014363,2492.3,False,True,False,1.9993,20.222,,True,False,True,,True,not run,,,,,,,,,,,,,,,,,,,,,,,,not run,,,,,,0,-6.0821,12.709,5.2296,0.88387
61036583_2629.6300,61036583,2629.6,A,10253,7.9178,7221,1,12.439,0.71391,0.793,153.33,17.516,True,False,,ok,True,True,11.905,-0.40735,flare_decay,2629.6,0.37307,2.1549,1.2594,8165,True,True,False,2.6095,1.3934,grazing,True,False,False,False,True,ok,False,False,0.083047,0.044229,True,,,1.7775,True,True,,0,0.65755,True,,True,False,False,False,False,,,,not run,,,,,,0,-0.40735,59.052,44.072,11.905
88099166_2617.8900,88099166,2617.9,A,10254,7.9165,1933.1,1.5,10.809,1.578,1.04,148.4,21.423,True,False,,ok,False,False,-3.7946,-1.1978,flare_decay,2617.9,0.049975,2.5377,0.91746,2008,True,True,False,4.0306,0.51685,grazing,True,False,True,,True,not run,,,,,,,,,,,,,,,,,,,,,,,,not run,,,,,,0,-1.1978,49.998,29.602,-3.7946
280036787_2612.0200,280036787,2612,A,10256,7.9142,1900.9,12,11.893,1.1286,1.18,297.63,66.066,True,False,,ok,False,False,-8.7832,-6.9742,step,2613.1,0.055186,20.015,0.91932,2432,True,True,False,2.7769,936.73,,True,False,True,,True,not run,,,,,,,,,,,,,,,,,,,,,,,,not run,,,,,,0,-6.9742,9.4638,-8.7832,6.6497
165300420_2611.9400,165300420,2611.9,A,10257,7.9124,5565.1,2,12.619,0.74725,0.732,157.47,24.717,True,False,,ok,False,False,6.7064,-2.6565,flare_decay,2611.9,0.075117,2.2856,0.574,6279.4,False,True,False,2.1964,2.8044,,True,False,True,,True,not run,,,,,,,,,,,,,,,,,,,,,,,,not run,,,,,,0,-2.6565,43.64,31.186,6.7064
252801120_2614.9000,252801120,2614.9,A,10258,7.9123,3996.8,1.5,12.208,1.4171,1.25,166.11,47.076,True,False,,ok,False,False,2.9791,-1.1926,flare_decay,2614.9,0.078376,1.5733,0.87577,5353.1,False,False,False,3.496,0.12158,,False,True,False,,False,not run,,,,,,,,,,,,,,,,,,,,,,,,not run,,,,,,0,-1.1926,40.483,34.417,2.9791
95337305_2612.1900,95337305,2612.2,A,10267,7.9036,3885.1,3,12.438,1.2976,1.3,153.23,18.74,True,False,,ok,False,False,8.1713,-1.5545,step,2612.2,0.066903,2.4074,0.0018429,5423.1,False,False,False,3.126,1.1025,,False,True,False,,False,not run,,,,,,,,,,,,,,,,,,,,,,,,not run,,,,,,0,-1.5545,82.07,8.1713,25.01
172532113_2630.9000,172532113,2630.9,A,10277,7.8901,8097.6,1.5,12.912,1.876,1.31,143.06,27.29,True,False,,ok,False,False,-6.1468,0.74413,flare_decay,2630.9,0.097186,3.0562,0.87422,8204.3,False,False,False,4.6373,0.59146,,True,False,False,,True,not run,,,,,,,,,,,,,,,,,,,,,,,,not run,,,,,,0,0.74413,71.074,24.744,-6.1468
414966958_2619.7200,414966958,2619.7,A,10287,7.8808,2849.1,1.5,11.569,1.5423,1.12,140.98,23.166,True,False,,ok,False,False,-1.022,3.3453,flare_decay,2619.7,0.35277,2.2536,1.2788,3946.7,True,True,False,4.9529,0.13883,grazing,False,True,False,,False,not run,,,,,,,,,,,,,,,,,,,,,,,,not run,,,,,,0,3.3453,47.205,8.9388,-1.022
224288727_2614.1500,224288727,2614.2,A,10294,7.8719,2412.4,1.5,11.239,0.96633,1,182.93,58.691,True,False,,ok,False,False,-2.6579,-6.6022,flare_decay,2614.2,0.044035,2.1705,0.096725,2345.5,False,False,False,2.4859,1.6422,,True,False,False,,True,not run,,,,,,,,,,,,,,,,,,,,,,,,not run,,,,,,0,-6.6022,54.754,34.874,-2.6579
9377565_2614.8800,9377565,2614.9,A,10297,7.8693,2867.2,2,10.944,1.7403,1.09,167.14,38.725,True,False,,ok,False,False,-49.592,-3.0462,step,2614.9,0.047206,4.3499,0.11732,2693,False,False,False,4.3651,2.416,,True,False,False,,True,not run,,,,,,,,,,,,,,,,,,,,,,,,not run,,,,,,0,-3.0462,74.986,-49.592,-43.053
329345334_2634.1900,329345334,2634.2,A,10299,7.8622,4714.5,3,12.533,1.1379,0.72,269.72,51.804,True,False,,ok,False,False,7.8704,-3.1089,flare_decay,2634.2,0.35871,5.5203,1.2679,5564.4,True,True,False,4.2519,5.4534,,True,False,True,,True,not run,,,,,,,,,,,,,,,,,,,,,,,,not run,,,,,,0,-3.1089,24.75,17.233,7.8704
233634383_2616.2000,233634383,2616.2,A,10303,7.8582,3584.9,2,12.145,1.455,1.31,145.84,28.194,True,False,,ok,True,True,11.724,-3.1721,flare_decay,2616.2,0.054663,2.687,0.021888,3620.5,False,False,False,3.4563,1.1252,,True,False,True,,True,not run,,,,,,,,,,,,,,,,,,,,,,,,not run,,,,,,0,-3.1721,51.376,28.669,11.724
88097655_2634.5000,88097655,2634.5,A,10320,7.8253,3735.8,2,12.252,1.1841,0.81,148.32,20.071,True,False,,ok,False,False,3.7461,-5.1184,flare_decay,2634.5,0.060238,2.1442,0.10744,4386.4,False,False,False,3.319,0.61453,,True,False,True,,True,not run,,,,,,,,,,,,,,,,,,,,,,,,not run,,,,,,0,-5.1184,46.032,27.926,3.7461
311627539_2630.1100,311627539,2630.1,A,10323,7.8223,705.77,8,10.346,1.9557,1.07,159.8,48.281,True,False,,ok,False,False,-2.4502,-9.054,step,2630.1,0.025169,9.0707,0.00042242,767.8,False,True,False,4.8323,16.527,,True,False,True,,True,not run,,,,,,,,,,,,,,,,,,,,,,,,not run,,,,,,0,-9.054,44.703,-2.4502,19.648
318219138_2629.2500,318219138,2629.2,A,10325,7.8219,2288.8,2,11.471,1.2123,1.07,162.91,51.597,True,False,,ok,False,False,0.95129,-4.8719,flare_decay,2629.2,0.047654,1.9057,4.4477e-05,2752,False,False,False,3.0599,0.54998,,True,False,True,,True,not run,,,,,,,,,,,,,,,,,,,,,,,,not run,,,,,,0,-4.8719,18.292,15.935,0.95129
148684101_2615.3300,148684101,2615.3,A,10328,7.8192,3370,2,11.986,1.5843,1.07,181.66,46.522,True,False,,ok,True,True,10.137,0.62452,flare_decay,2615.3,0.35825,6.447,1.2898,3496,True,True,False,5.187,4.7706,,True,False,True,False,True,ok,False,False,0.085852,0.04114,True,,,0.54135,True,True,,0,0.67129,True,,True,False,False,False,False,,,,not run,,,,,,0,0.62452,36.751,16.045,10.137
149395076_2615.7500,149395076,2615.8,A,10329,7.8182,5279.2,2,12.557,0.62554,0.60844,139.32,26.937,True,False,,ok,False,False,-0.641,-3.27,flare_decay,2615.7,0.069634,2.2544,0.00327,5874.6,False,True,False,1.9455,3.8813,,False,True,False,,False,not run,,,,,,,,,,,,,,,,,,,,,,,,not run,,,,,,0,-3.27,29.6,9.1742,-0.641
70677051_2630.0300,70677051,2630,A,10336,7.8094,8692.8,1,12.521,0.74252,0.935,155.75,17.325,True,False,,ok,False,False,7.2948,-0.28048,flare_decay,2630,0.9,1.6366,1.7894,10470,True,True,False,3.5556,0.21141,grazing,False,True,False,,False,not run,,,,,,,,,,,,,,,,,,,,,,,,not run,,,,,,0,-0.28048,51.829,33.076,7.2948
446172473_2634.9700,446172473,2635,A,10340,7.8069,2210.1,24,11.011,0.75364,0.798,206.35,72.27,True,False,,ok,False,False,-91.987,632.29,ramp,2636.8,0.39771,119.6,1.2399,14376,True,True,False,2.7984,,,False,,,,False,not run,,,,,,,,,,,,,,,,,,,,,,,,not run,,,,,,0,632.29,-91.987,1153,964.65
356684748_2631.5300,356684748,2631.5,A,10346,7.7968,7639.5,2,12.959,0.8835,0.67,169.16,33.81,True,False,,ok,False,False,-6.7148,-2.1576,flare_decay,2631.5,0.09762,1.9964,0.85038,8611.8,False,False,False,2.7308,0.94701,,False,True,False,,False,not run,,,,,,,,,,,,,,,,,,,,,,,,not run,,,,,,0,-2.1576,30.934,14.027,-6.7148
86069798_2621.0500,86069798,2621.1,A,10356,7.7884,7592.6,1,12.743,1.7466,1.04,139.66,23.422,True,False,,ok,False,False,5.6298,-4.5688,flare_decay,2621.1,0.081743,1.2794,0.003804,8093.8,False,False,False,4.5969,0.098562,,False,True,False,,False,not run,,,,,,,,,,,,,,,,,,,,,,,,not run,,,,,,0,-4.5688,38.859,23.939,5.6298
95777899_2632.5500,95777899,2632.6,A,10361,7.7785,4857.4,1.5,12.417,1.2871,1.33,160.9,22.166,True,False,,ok,False,False,2.6076,-6.4857,flare_decay,2632.5,0.066751,1.5116,0.00010821,5398.4,False,False,False,3.0766,0.11808,,True,False,True,,True,not run,,,,,,,,,,,,,,,,,,,,,,,,not run,,,,,,0,-6.4857,15.157,2.7239,2.6076
173002823_2621.0400,173002823,2621,A,10363,7.7771,948.85,4,10.305,0.79784,0.942,150.6,34.658,True,True,5710.01,ok,False,False,4.6766,-4.355,flare_decay,2621,0.05266,6.7407,0.98203,1292.5,True,True,False,2.111,81.426,,True,False,True,False,True,ok,False,False,0.25098,0.45115,True,,,2.4832,True,True,,0,1.9519,True,,True,True,False,False,False,5710.01,PC,,ok,True,0.028488,0,14.957,81.426,0,-4.355,23.285,8.6403,4.6766
61109239_2629.6300,61109239,2629.6,A,10367,7.7706,1181.5,1.5,9.1933,2.6512,1.29,154.57,17.454,True,False,,ok,True,True,47.356,3.8414,flare_decay,2629.6,0.039334,2.7476,0.91936,1241.8,True,True,False,6.2429,0.2203,grazing,True,False,True,False,True,ok,False,False,-0.3672,-0.2934,True,,,-0.42177,True,True,,0,-2.8533,True,,True,False,False,False,False,,,,not run,,,,,,0,3.8414,160.49,75.765,47.356
8819149_2620.5200,8819149,2620.5,A,10370,7.7683,3375.9,3,12.188,1.2463,1.28,142.4,34.297,True,False,,ok,False,False,8.2863,-5.3327,flare_decay,2620.5,0.050691,4.9776,0.016365,3113.7,False,True,False,2.972,11.738,,True,False,True,,True,not run,,,,,,,,,,,,,,,,,,,,,,,,not run,,,,,,0,-5.3327,33.583,9.948,8.2863
154966945_2633.2400,154966945,2633.2,A,10375,7.7552,4285.8,2,12.295,1.9331,1.02,142.15,28.379,True,False,,ok,False,False,-21.233,-0.48009,flare_decay,2633.3,0.38095,3.8525,1.2999,4727.5,True,True,False,6.5412,0.23248,grazing,True,False,False,,True,not run,,,,,,,,,,,,,,,,,,,,,,,,not run,,,,,,0,-0.48009,48.238,8.5546,-21.233
142414557_2613.8500,142414557,2613.8,A,10384,7.7416,3017.7,1,11.402,0.98333,1.04,199.91,63.523,True,False,,ok,False,False,-0.86546,-1.6915,flare_decay,2613.8,0.34136,2.6135,1.2791,2938.6,True,True,False,3.2082,1.3279,grazing,True,False,True,,True,not run,,,,,,,,,,,,,,,,,,,,,,,,not run,,,,,,0,-1.6915,25.824,16.752,-0.86546
462552296_2634.8000,462552296,2634.8,A,10387,7.7382,2149.2,24,12.319,0.5787,0.57035,224.82,72.906,True,False,,ok,False,False,-66.03,217.03,ramp,2636,0.42449,72,1.3047,9370.5,True,False,True,2.4493,63539,,False,,,,False,not run,,,,,,,,,,,,,,,,,,,,,,,,not run,,,,,,0,217.03,-66.03,210.76,154.85
171600512_2617.1400,171600512,2617.1,A,10392,7.7314,2230.6,2,10.946,2.0784,0.93,156.97,18.6,True,False,,ok,True,True,26.243,-4.7807,flare_decay,2617.1,0.29946,3.5938,1.2421,2437.1,True,True,False,6.8257,0.23046,grazing,True,False,True,False,True,ok,False,False,0.007026,0.0045379,True,,,0.27502,True,True,,0,0.054321,True,,True,False,False,False,False,,,,not run,,,,,,0,-4.7807,71.76,42.798,26.243
17932757_2620.3800,17932757,2620.4,A,10405,7.7229,2138.3,3,10.807,0.67226,0.64356,170.27,41.577,True,True,5718.01,ok,False,False,-5.3796,-9.7532,flare_decay,2620.4,0.045563,5.2385,0.89108,1771.9,False,True,False,2.0059,44.54,,True,False,True,True,True,ok,True,True,0.7475,0.89813,True,0.36313,2.2153,5.2558,False,True,,0,5.7728,True,,True,True,False,False,False,5718.01,PC,17932757.01,ok,True,0.0052223,0,15.603,44.54,0,-9.7532,58.281,32.63,-5.3796
371519654_2612.1000,371519654,2612.1,A,10409,7.7206,1495,2,10.754,1.0667,1.11,152.58,52.206,True,False,,ok,False,False,-10.362,-7.3788,ramp,2612.1,0.022626,2.96,0.45651,591.22,False,True,False,2.596,3.6887,,True,True,True,,True,not run,,,,,,,,,,,,,,,,,,,,,,,,not run,,,,,,0,-7.3788,-10.362,-9.8118,-8.3375
142387023_2632.2400,142387023,2632.2,A,10413,7.7176,1291,3,8.9754,0.82447,0.88,197.73,61.745,True,True,1824.01,ok,True,True,88.539,-1.6034,flare_decay,2632.2,0.030604,4.2222,0.0024075,1135.2,False,True,False,2.1847,18.045,,True,False,True,True,True,ok,True,True,1.476,0.94549,True,0.1126,0.94476,8.6606,False,True,,2,11.391,True,,True,True,False,False,False,1824.01,CP,142387023.01,ok,True,0.0058706,3.5773e-05,21.985,32.978,0,-1.6034,235.12,161.26,88.539
165412815_2616.6500,165412815,2616.7,A,10420,7.7109,1474.5,2,10.557,2.0019,0.94,159.37,23.995,True,False,,ok,False,False,-2.6194,-3.313,flare_decay,2616.7,0.30404,3.2758,1.2563,1819.5,True,True,False,6.5733,0.20934,grazing,True,False,False,,True,not run,,,,,,,,,,,,,,,,,,,,,,,,not run,,,,,,0,-3.313,70.358,11.913,-2.6194
8915242_2635.2400,8915242,2635.2,A,10427,7.7037,2013.3,4,11.567,2.907,1.23,143.89,32.58,True,False,,ok,False,False,-14.58,-8.7276,flare_decay,2635.3,0.042276,5.2441,0.07744,2163.3,False,False,False,6.9764,0.41928,,True,False,True,,True,not run,,,,,,,,,,,,,,,,,,,,,,,,not run,,,,,,0,-8.7276,28.633,-6.241,-14.58
8886801_2616.9700,8886801,2617,A,10434,7.6974,7536.6,1,12.65,0.57765,0.56946,143.55,34.136,True,False,,ok,False,False,5.2538,0.099207,flare_decay,2617,0.38893,1.8501,1.2742,8434.4,True,True,False,2.385,1.1542,grazing,False,True,False,,False,not run,,,,,,,,,,,,,,,,,,,,,,,,not run,,,,,,0,0.099207,48.579,36.683,5.2538
8885190_2620.9700,8885190,2621,A,10443,7.693,3061.4,2,11.676,0.66827,0.822,143.28,31.356,True,False,,ok,False,False,8.962,-2.9763,flare_decay,2621,0.054971,2.2693,0.39429,3536.5,False,True,False,1.8543,4.5749,,True,False,True,,True,not run,,,,,,,,,,,,,,,,,,,,,,,,not run,,,,,,0,-2.9763,31.471,21.678,8.962
307907231_2618.8300,307907231,2618.8,A,10446,7.6911,4031.3,1,11.864,2.127,1.23,140.84,31.636,True,False,,ok,False,False,9.2411,-2.3627,flare_decay,2618.8,0.059217,1.2997,3.6811e-06,4249,False,False,False,5.1842,0.10225,,True,False,True,,True,not run,,,,,,,,,,,,,,,,,,,,,,,,not run,,,,,,0,-2.3627,29.057,21.614,9.2411
21536042_2613.3500,21536042,2613.3,A,10449,7.6849,2732.1,1.5,11.603,1.5671,1.12,164.92,36.817,True,False,,ok,False,False,5.959,-0.49647,flare_decay,2613.3,0.35343,1.7084,1.2758,4277.9,True,True,False,5.0352,0.10519,grazing,True,False,True,,True,not run,,,,,,,,,,,,,,,,,,,,,,,,not run,,,,,,0,-0.49647,36.385,32.967,5.959
311577590_2630.5200,311577590,2630.5,A,10451,7.6844,3269.4,1.5,11.915,2.3125,1.29,159.43,51.933,True,False,,ok,False,False,6.7426,-4.9387,flare_decay,2630.5,0.050487,2.581,0.042656,3087.7,False,False,False,5.5023,0.20474,,True,False,True,,True,not run,,,,,,,,,,,,,,,,,,,,,,,,not run,,,,,,0,-4.9387,35.301,21.614,6.7426
91899343_2618.1100,91899343,2618.1,A,10453,7.6841,3709.4,1,11.511,2.283,1.02,142.31,23.904,True,False,,ok,False,False,1.1114,-1.7826,flare_decay,2618.1,0.35702,1.6522,1.2784,4379.6,True,True,False,7.5948,0.10146,grazing,True,False,False,,True,not run,,,,,,,,,,,,,,,,,,,,,,,,not run,,,,,,0,-1.7826,46.476,15.163,1.1114
157977226_2614.5500,157977226,2614.6,A,10454,7.6835,8779.4,8,12.633,0.78595,0.86,206.62,61.053,True,False,,ok,False,False,-63.092,-2.6436,step,2614.5,0.10361,24.118,0.88605,9079.9,False,True,False,2.2474,3091.1,,True,False,False,,True,not run,,,,,,,,,,,,,,,,,,,,,,,,not run,,,,,,0,-2.6436,159.6,-63.092,40.217
20139664_2614.9700,20139664,2615,A,10455,7.683,3250.4,4,12.413,1.6055,1.3,144.93,42.357,True,False,,ok,False,False,-1.8902,-4.0992,flare_decay,2615,0.068403,5.0135,0.8931,3955.7,False,True,False,3.8736,5.3919,,True,False,False,,True,not run,,,,,,,,,,,,,,,,,,,,,,,,not run,,,,,,0,-4.0992,40.729,29.448,-1.8902
8885367_2633.8400,8885367,2633.8,A,10461,7.6795,2634.1,3,11.399,1.512,1.36,143.22,30.272,True,False,,ok,True,True,24.449,2.8586,flare_decay,2633.9,0.06062,6.9525,0.92246,2902.1,True,True,False,3.5671,18.51,,True,False,True,False,True,ok,False,False,0.31236,0.17631,True,0.22248,1.0448,4.5453,False,True,,0,2.3987,True,,True,False,False,False,False,,,,ok,True,0.42325,0,22.419,33.629,0,2.8586,75.639,36.76,24.449
88062852_2629.8700,88062852,2629.9,A,10466,7.6758,2234.2,2,11.094,1.3277,1.26,147.98,23.032,True,False,,ok,False,False,7.7838,0.20354,flare_decay,2629.8,0.32425,7.1328,1.2747,1982.2,True,True,False,4.0122,14.048,,True,False,True,,True,not run,,,,,,,,,,,,,,,,,,,,,,,,not run,,,,,,0,0.20354,28.641,8.9403,7.7838
149439670_2630.4700,149439670,2630.5,A,10469,7.6727,2353.9,4,11.913,0.85636,0.96,140.61,25.911,True,False,,ok,False,False,-2.646,-3.6596,flare_decay,2630.5,0.35276,6.1744,1.2944,2673.3,True,True,False,2.8937,24.295,,True,False,True,,True,not run,,,,,,,,,,,,,,,,,,,,,,,,not run,,,,,,0,-3.6596,18.332,3.5168,-2.646
349889703_2618.1500,349889703,2618.2,A,10472,7.6677,6353.4,1,12.325,0.9584,1.05,157.67,20.105,True,False,,ok,False,False,8.2645,0.31597,flare_decay,2618.2,0.096281,1.4687,0.89876,7642.8,False,False,False,2.5471,0.44322,,True,False,True,,True,not run,,,,,,,,,,,,,,,,,,,,,,,,not run,,,,,,0,0.31597,48.048,42.78,8.2645
232604745_2616.9800,232604745,2617,A,10478,7.6567,2798.1,2,11.816,0.90502,0.922,257.97,63.522,True,False,,ok,False,False,7.1003,-2.3466,flare_decay,2617,0.37597,3.3044,1.3085,3477.6,True,True,False,3.1529,2.863,,True,False,True,,True,not run,,,,,,,,,,,,,,,,,,,,,,,,not run,,,,,,0,-2.3466,40.176,30.453,7.1003
357517222_2612.5900,357517222,2612.6,A,10493,7.6349,3167.3,3,12.5,1.4071,1.03,267.96,75.902,True,False,,ok,False,False,-4.729,-4.0128,flare_decay,2612.6,0.065424,0.54915,0.42324,4978.4,False,False,False,3.6585,,,True,False,True,,True,not run,,,,,,,,,,,,,,,,,,,,,,,,not run,,,,,,0,-4.0128,-3.63,-2.1707,-4.729
166013651_2632.3500,166013651,2632.3,A,10499,7.6257,1753.3,2,10.519,1.6953,1.27,212.44,60.389,True,False,,ok,True,False,10.034,-6.7899,flare_decay,2632.3,0.055029,4.206,0.96856,1740.9,True,True,False,4.0707,2.7108,,True,False,True,False,True,ok,False,False,0.47295,0.30738,False,1.004,4.9792,4.3842,False,True,,0,3.6066,True,,True,False,False,False,False,,,,not run,,,,,,0,-6.7899,50.276,33.068,10.034
27034633_2612.5400,27034633,2612.5,A,10500,7.6235,3829.2,2,12.192,1.2239,1.02,151.24,20.358,True,False,,ok,False,False,5.6014,-4.6914,step,2612.5,0.056485,2.6589,0.0076667,3866,False,False,False,3.1655,1.4448,,True,False,True,,True,not run,,,,,,,,,,,,,,,,,,,,,,,,not run,,,,,,0,-4.6914,32.702,5.6014,8.507
1101718_2628.6100,1101718,2628.6,A,10506,7.6137,6948.4,1,12.683,1.3364,1.03,155.23,24.61,True,False,,ok,True,True,10.369,2.4791,flare_decay,2628.6,0.39111,1.5179,1.2669,9636.6,True,True,False,4.5379,0.090927,grazing,True,False,False,False,True,ok,False,False,0.17692,0.11524,True,,,-0.17059,True,True,,0,1.347,True,,True,False,False,False,False,,,,not run,,,,,,0,2.4791,40.603,27.123,10.369
219457911_2635.1600,219457911,2635.2,A,10507,7.6134,3716.3,16,11.516,0.89739,0.912,206.72,74.906,True,False,,ok,False,False,-98.163,166.9,ramp,2636.7,0.39899,104.65,1.234,15496,True,False,True,3.1903,88316,,False,,,,False,not run,,,,,,,,,,,,,,,,,,,,,,,,not run,,,,,,0,166.9,-98.163,407.37,326.09
171649004_2615.4500,171649004,2615.4,A,10509,7.6104,7821.8,1.5,12.889,1.2373,0.99,159.14,19.686,True,False,,ok,True,True,16.025,-3.2803,flare_decay,2615.4,0.080302,2.0175,0.0001463,7811.2,False,False,False,3.3052,0.50595,,False,True,False,,False,not run,,,,,,,,,,,,,,,,,,,,,,,,not run,,,,,,0,-3.2803,42.088,29.177,16.025
241195100_2628.8300,241195100,2628.8,A,10512,7.6079,5397.9,1.5,12.593,1.0509,0.99,153.47,26.109,True,False,,ok,False,False,1.5802,-2.3487,flare_decay,2628.8,0.071775,1.517,0.00067436,6241.2,False,False,False,2.7847,0.35152,,False,True,False,,False,not run,,,,,,,,,,,,,,,,,,,,,,,,not run,,,,,,0,-2.3487,42.459,26.739,1.5802
239194986_2617.6100,239194986,2617.6,A,10527,7.5872,2611.9,2,11.529,1.1367,1.2,146.37,26.028,True,False,,ok,False,False,-5.3373,-3.8311,flare_decay,2617.6,0.38679,3.6616,1.3273,2859.1,True,True,False,3.656,2.4903,,True,False,False,,True,not run,,,,,,,,,,,,,,,,,,,,,,,,not run,,,,,,0,-3.8311,12.901,-1.7228,-5.3373
61036588_2629.8500,61036588,2629.8,A,10537,7.5803,5980.4,1.5,12.655,0.96622,1.08,153.3,17.497,True,False,,ok,True,True,14.218,-1.3261,flare_decay,2629.8,0.089346,2.0615,0.85286,7202,False,False,False,2.5278,1.3335,,True,False,True,,True,not run,,,,,,,,,,,,,,,,,,,,,,,,not run,,,,,,0,-1.3261,49.369,27.528,14.218
252488476_2627.6500,252488476,2627.7,A,10539,7.5788,2915.8,1.5,11.513,1.3528,1.07,156.98,53.835,True,False,,ok,False,False,-24.463,-2.4026,step,2627.6,0.063386,2.5514,0.9264,3130.9,True,True,False,3.4661,0.94423,grazing,True,False,False,,True,not run,,,,,,,,,,,,,,,,,,,,,,,,not run,,,,,,0,-2.4026,39.011,-24.463,-15.296
91893057_2634.2900,91893057,2634.3,A,10544,7.5734,2503.4,3,11.989,1.8255,1.04,141.67,22.891,True,False,,ok,True,True,10.398,-3.4753,flare_decay,2634.3,0.33385,4.48,1.265,3429.6,True,True,False,5.9267,0.9783,grazing,True,False,True,False,True,ok,False,False,-0.16879,-0.12582,True,,,-2.018,True,True,,0,-1.2783,True,,True,False,False,False,False,,,,not run,,,,,,0,-3.4753,43.61,25.013,10.398
139399720_2614.9000,139399720,2614.9,A,10548,7.5706,4512.9,2,11.937,0.93091,0.999,139.45,30.933,True,False,,ok,False,False,-13.446,-1.0817,flare_decay,2614.9,0.090603,3.4448,0.93003,5915.2,True,True,False,2.5024,6.5118,,True,False,False,,True,not run,,,,,,,,,,,,,,,,,,,,,,,,not run,,,,,,0,-1.0817,85.773,-6.0063,-13.446
198491659_2612.1800,198491659,2612.2,A,10552,7.566,2571.4,4,12.343,0.49301,0.4911,196.69,77.301,True,False,,ok,False,False,-7.8716,-3.2081,step,2612.2,0.33584,8.271,1.2725,3001.7,True,True,False,2.0567,162.65,,False,True,False,,False,not run,,,,,,,,,,,,,,,,,,,,,,,,not run,,,,,,0,-3.2081,1.8352,-7.8716,-6.7904
149417091_2629.1300,149417091,2629.1,A,10555,7.5591,5513.1,3,12.922,0.81929,0.94,140.12,26.515,True,False,,ok,False,False,4.9594,-6.105,flare_decay,2629.1,0.070265,4.0487,0.0012019,5981.4,False,True,False,2.2055,15.463,,True,False,True,,True,not run,,,,,,,,,,,,,,,,,,,,,,,,not run,,,,,,0,-6.105,40.884,12.198,4.9594
229535665_2635.1600,229535665,2635.2,A,10558,7.5518,1244.3,16,9.8496,1.0433,0.955,195.36,69.437,True,False,,ok,False,False,0.4418,54.4,ramp,2636.8,0.3281,81.257,1.2401,5093.4,True,True,False,3.4677,32200,,False,,,,False,not run,,,,,,,,,,,,,,,,,,,,,,,,not run,,,,,,0,54.4,0.4418,114.07,160.03
450303434_2612.1000,450303434,2612.1,A,10566,7.5388,2459.5,2,11.514,0.80538,0.882,143.67,37.704,True,False,,ok,False,False,-4.1667,-3.6871,flare_decay,2612.1,0.045225,2.6287,0.00019198,2478.6,False,True,False,2.1628,4.4784,,True,False,False,,True,not run,,,,,,,,,,,,,,,,,,,,,,,,not run,,,,,,0,-3.6871,65.397,29.733,-4.1667
171598357_2613.0000,171598357,2613,A,10568,7.5338,2695.5,8,12.632,1.5987,1.01,156.69,18.959,True,False,,ok,False,False,-6.2551,-10.417,step,2613,0.047568,8.7208,0.051378,2740.6,False,True,False,4.1142,23.82,,True,False,True,,True,not run,,,,,,,,,,,,,,,,,,,,,,,,not run,,,,,,0,-10.417,36.226,-6.2551,-0.45161
355175914_2612.4500,355175914,2612.4,A,10569,7.5324,3936.1,2,12.296,0.98483,1.05,139.75,38.318,True,False,,ok,False,False,6.4316,-4.1069,step,2612.4,0.057623,2.7515,0.015063,4023.2,False,True,False,2.5251,3.2183,,True,False,True,,True,not run,,,,,,,,,,,,,,,,,,,,,,,,not run,,,,,,0,-4.1069,31.636,6.4316,12.047
1095400_2630.3500,1095400,2630.3,A,10571,7.5316,3211.2,1.5,11.725,2.7533,1.03,154.78,25.294,True,False,,ok,False,False,5.7094,-4.5237,flare_decay,2630.3,0.054823,1.6206,0.010642,3641.9,False,False,False,7.0948,0.12803,,True,False,True,,True,not run,,,,,,,,,,,,,,,,,,,,,,,,not run,,,,,,0,-4.5237,27.442,29.353,5.7094
173002022_2628.2700,173002022,2628.3,A,10573,7.5281,6043.2,1.5,12.755,0.96686,0.66,150.47,32.313,True,False,,ok,False,False,5.8951,2.6764,flare_decay,2628.3,0.37551,2.2732,1.2632,8031.4,True,True,False,3.7646,0.50191,grazing,True,False,True,,True,not run,,,,,,,,,,,,,,,,,,,,,,,,not run,,,,,,0,2.6764,53.42,32.814,5.8951
23973806_2619.5100,23973806,2619.5,A,10578,7.5182,3290.4,2,11.941,1.0128,0.78,147.99,43.043,True,False,,ok,False,False,0.74207,-2.4397,flare_decay,2619.5,0.35214,4.9942,1.2854,3334.2,True,True,False,3.6666,6.306,,True,False,True,,True,not run,,,,,,,,,,,,,,,,,,,,,,,,not run,,,,,,0,-2.4397,27.946,13.897,0.74207
172516775_2630.9700,172516775,2631,A,10579,7.5105,1883.8,6,11.707,1.3424,1,142.43,24.638,True,False,,ok,False,False,-1.0559,-1.9076,step,2631,0.045359,5.4927,0.00027713,2493.4,False,True,False,3.4584,10.002,,True,False,True,,True,not run,,,,,,,,,,,,,,,,,,,,,,,,not run,,,,,,0,-1.9076,47.019,-1.0559,21.249
154997518_2632.8200,154997518,2632.8,A,10592,7.4861,3858.5,2,12.069,1.1062,1.06,142.2,28.647,True,False,,ok,False,False,-5.0644,-3.3673,flare_decay,2632.8,0.063032,1.4772,0.013255,4813.8,False,False,False,2.8419,0.2864,,True,False,True,,True,not run,,,,,,,,,,,,,,,,,,,,,,,,not run,,,,,,0,-3.3673,23.018,10.688,-5.0644
385452834_2613.8100,385452834,2613.8,A,10594,7.4817,2095.6,1.5,11.174,1.4176,1.04,170.26,48.454,True,False,,ok,False,False,2.3377,-5.7534,flare_decay,2613.8,0.041204,1.988,0.0024273,2057.5,False,False,False,3.5903,0.29123,,True,False,True,,True,not run,,,,,,,,,,,,,,,,,,,,,,,,not run,,,,,,0,-5.7534,10.736,4.3383,2.3377
17993203_2614.8800,17993203,2614.9,A,10596,7.4789,3716.2,2,11.55,1.4932,1.03,171.2,38.549,True,False,,ok,False,False,-37.277,-3.1202,step,2614.9,0.055504,3.7098,0.22938,3692.4,False,False,False,3.8465,2.1969,,True,False,False,,True,not run,,,,,,,,,,,,,,,,,,,,,,,,not run,,,,,,0,-3.1202,85.827,-37.277,-29.219
239207353_2632.7000,239207353,2632.7,A,10603,7.4761,6187.2,2,12.911,0.84691,0.91,157.29,18.049,True,False,,ok,False,False,3.4289,-4.6607,flare_decay,2632.7,0.078689,1.8561,0.00096765,7500.8,False,False,False,2.3229,1.2557,,True,False,True,,True,not run,,,,,,,,,,,,,,,,,,,,,,,,not run,,,,,,0,-4.6607,22.131,24.545,3.4289
95435928_2613.9300,95435928,2613.9,A,10604,7.4748,4149.1,1.5,12.12,1.5586,1.21,155.5,20.505,True,False,,ok,False,False,-0.38424,-3.9846,flare_decay,2613.9,0.34661,4.1771,1.2731,3879.2,True,True,False,4.8555,1.5403,grazing,True,False,True,,True,not run,,,,,,,,,,,,,,,,,,,,,,,,not run,,,,,,0,-3.9846,24.579,11.879,-0.38424
239195591_2619.6200,239195591,2619.6,A,10605,7.4728,1814.7,6,11.77,2.1487,1.09,146.43,29.605,True,False,,ok,False,False,1.15,-6.4327,flare_decay,2619.6,0.043966,5.869,3.415e-05,2342.6,False,True,False,5.3741,3.1777,,True,False,True,,True,not run,,,,,,,,,,,,,,,,,,,,,,,,not run,,,,,,0,-6.4327,45.104,16.422,1.15
91992215_2629.2500,91992215,2629.2,A,10607,7.4719,2426.6,3,11.573,1.763,1.57,144.98,21.194,True,False,,ok,True,True,10.856,-0.91353,flare_decay,2629.2,0.3448,5.0097,1.2795,3188.7,True,True,False,5.0292,2.4268,grazing,True,False,True,False,True,ok,False,False,0.49401,0.3198,True,,,2.8426,True,True,,0,3.6912,True,,True,False,False,False,False,,,,ok,False,0.74759,0.15156,18.905,28.357,0,-0.91353,46.715,25.188,10.856
63239293_2626.2000,63239293,2626.2,A,10609,7.4694,6298,1.5,12.633,1.7944,1.05,157.64,16.073,True,False,,ok,False,False,-0.90628,-0.99875,flare_decay,2626.2,0.094709,2.5393,0.88576,7624.2,False,False,False,4.7642,0.1933,,True,False,True,,True,not run,,,,,,,,,,,,,,,,,,,,,,,,not run,,,,,,0,-0.99875,38.038,12.102,-0.90628
232633245_2626.0100,232633245,2626,A,10613,7.4614,8196.3,1,12.247,0.83197,0.763,269.39,58.407,True,False,,ok,False,False,-16.621,-4.4975,step,2625.9,0.025639,5,0.00014757,796.74,False,True,False,2.3009,25.659,,False,True,False,,False,not run,,,,,,,,,,,,,,,,,,,,,,,,not run,,,,,,0,-4.4975,-16.337,-16.621,-12.138
153935740_2629.1500,153935740,2629.2,A,10615,7.4604,3577.8,1,11.586,1.052,1.1,172.06,69.112,True,False,,ok,False,False,7.1631,-3.0894,flare_decay,2629.1,0.055847,1.4126,0.0021208,3779.3,False,False,False,2.6515,0.32732,,True,False,False,,True,not run,,,,,,,,,,,,,,,,,,,,,,,,not run,,,,,,0,-3.0894,69.444,27.527,7.1631
16183111_2613.4500,16183111,2613.4,A,10618,7.4572,3048.8,1.5,11.751,1.7519,1.13,153.03,36.374,True,False,,ok,False,False,8.6897,-0.66997,step,2613.4,0.3416,3.224,1.2742,3349,True,True,False,5.5642,0.20026,grazing,True,False,True,,True,not run,,,,,,,,,,,,,,,,,,,,,,,,not run,,,,,,0,-0.66997,22.911,8.6897,8.9158
27070978_2628.9000,27070978,2628.9,A,10619,7.4547,2099.4,4,11.793,1.1274,1.1,152.36,18.095,True,False,,ok,False,False,1.7422,-3.8668,flare_decay,2628.9,0.37243,6.3848,1.3166,2545,True,True,False,3.6941,12.909,,True,False,True,,True,not run,,,,,,,,,,,,,,,,,,,,,,,,not run,,,,,,0,-3.8668,18.668,2.379,1.7422
171629176_2633.8800,171629176,2633.9,A,10620,7.4542,1676.1,2,10.803,1.7339,1.16,158.37,19.318,True,False,,ok,False,False,-0.3123,-6.5947,flare_decay,2633.9,0.039779,2.0915,7.3454e-05,1917.7,False,False,False,4.2292,0.16763,,True,False,True,,True,not run,,,,,,,,,,,,,,,,,,,,,,,,not run,,,,,,0,-6.5947,40.131,30.204,-0.3123
95431339_2615.6100,95431339,2615.6,A,10624,7.4515,563.92,16,11.668,1.4627,1.1,154.93,19.999,True,False,,ok,False,False,-33.667,-7.6668,flare_decay,2615.7,0.032298,5.8135,0.035754,1264,False,True,False,3.6049,10.471,,True,False,True,,True,not run,,,,,,,,,,,,,,,,,,,,,,,,not run,,,,,,0,-7.6668,9.1267,1.7567,-33.667
172954375_2628.9300,172954375,2628.9,A,10630,7.441,2099.7,2,11.431,0.96306,0.98,150.3,32.345,True,False,,ok,False,False,5.7469,-3.3133,step,2628.9,0.34852,3.1715,1.29,2675,True,True,False,3.2221,2.3661,grazing,True,False,False,,True,not run,,,,,,,,,,,,,,,,,,,,,,,,not run,,,,,,0,-3.3133,33.222,5.7469,7.6676
154126149_2618.9500,154126149,2618.9,A,10634,7.4364,7713.2,1,12.626,1.4789,1.13,212.49,70.065,True,False,3873.01,ok,False,False,8.612,1.5915,flare_decay,2618.9,0.095957,1.5736,0.84052,8443.4,False,False,False,3.8352,0.11965,,True,False,True,,True,not run,,,,,,,,,,,,,,,,,,,,,,,,not run,,,,,,0,1.5915,80.808,74.058,8.612
27108930_2620.3600,27108930,2620.4,A,10635,7.4351,6560.4,1.5,12.768,1.2,1.08,152.74,18.003,True,False,,ok,False,False,1.7964,-3.4503,flare_decay,2620.4,0.075862,1.5493,0.00062285,6971.8,False,False,False,3.1009,0.12001,,False,True,False,,False,not run,,,,,,,,,,,,,,,,,,,,,,,,not run,,,,,,0,-3.4503,25.104,15.471,1.7964
88006714_2618.8200,88006714,2618.8,A,10640,7.4283,6750.1,1.5,12.887,1.2239,1.16,147.05,22.687,True,False,,ok,False,False,3.7129,-6.1982,flare_decay,2618.8,0.080929,1.6048,2.2064e-05,7933.7,False,False,False,3.1027,0.26103,,False,True,False,,False,not run,,,,,,,,,,,,,,,,,,,,,,,,not run,,,,,,0,-6.1982,26.666,19.249,3.7129
27068558_2629.4700,27068558,2629.5,A,10644,7.4231,1760.3,2,10.668,1.3325,1.12,152.01,19.368,True,False,,ok,False,False,1.5926,-5.1359,flare_decay,2629.5,0.037325,2.9416,7.663e-05,1688.5,False,False,False,3.2801,1.7652,,True,False,False,,True,not run,,,,,,,,,,,,,,,,,,,,,,,,not run,,,,,,0,-5.1359,27.368,18.466,1.5926
86016347_2614.8900,86016347,2614.9,A,10647,7.4216,1248,2,9.0385,1.7507,1.176,138.81,23.38,True,False,,ok,False,False,-31.444,-0.97177,step,2614.9,0.033717,3.7243,0.35988,1339.3,False,False,False,4.2261,1.6443,,False,True,False,,False,not run,,,,,,,,,,,,,,,,,,,,,,,,not run,,,,,,0,-0.97177,91.667,-31.444,-30.324
252479584_2628.7900,252479584,2628.8,A,10652,7.4171,3315.2,1.5,11.821,1.6006,1.16,155.62,51.743,True,False,,ok,False,False,-0.84165,-3.6767,flare_decay,2628.8,0.068539,2.9488,0.92893,3617.3,True,True,False,4.012,0.91985,grazing,False,True,False,,False,not run,,,,,,,,,,,,,,,,,,,,,,,,not run,,,,,,0,-3.6767,36.009,22.16,-0.84165
149368594_2631.2600,149368594,2631.3,A,10659,7.4103,6848.9,1.5,12.93,0.79406,0.75,139.13,26.615,True,False,,ok,False,False,-2.7829,-3.8799,flare_decay,2631.3,0.07624,1.8623,0.0066834,7041.4,False,False,False,2.3176,1.2774,,True,False,True,,True,not run,,,,,,,,,,,,,,,,,,,,,,,,not run,,,,,,0,-3.8799,22.814,9.3653,-2.7829
27065284_2633.9300,27065284,2633.9,A,10667,7.4006,2543.5,6,12.272,2.0905,1.19,151.61,22.69,True,False,,ok,False,False,4.9593,-7.7875,flare_decay,2633.9,0.046427,6.6865,0.012825,2612,False,True,False,5.0894,5.6196,,True,False,True,,True,not run,,,,,,,,,,,,,,,,,,,,,,,,not run,,,,,,0,-7.7875,21.659,6.2897,4.9593
8853361_2631.9900,8853361,2632,A,10670,7.3955,4411.3,1.5,12.094,2.0272,1.14,142.41,30.653,True,False,,ok,False,False,-1.933,1.914,flare_decay,2632,0.46308,3.8632,1.3857,4711.6,True,True,False,7.0046,0.22004,grazing,True,False,True,,True,not run,,,,,,,,,,,,,,,,,,,,,,,,not run,,,,,,0,1.914,50.215,27.421,-1.933
95471842_2631.7700,95471842,2631.8,A,10671,7.3945,2911.7,3,12.28,0.7921,1.02,155.99,19.204,True,False,,ok,False,False,2.0963,-1.7247,flare_decay,2631.8,0.34267,4.4132,1.2681,3954.6,True,True,False,2.6034,12.178,,True,False,True,,True,not run,,,,,,,,,,,,,,,,,,,,,,,,not run,,,,,,0,-1.7247,36.099,15.288,2.0963
82203271_2620.0600,82203271,2620.1,A,10675,7.3891,5936.8,1,12.322,2.2727,1.06,148.06,25.993,True,False,,ok,False,False,-0.40197,-4.751,flare_decay,2620.1,0.079773,0.98284,4.8602e-06,7708.7,False,False,False,5.9353,0.075853,,True,False,True,,True,not run,,,,,,,,,,,,,,,,,,,,,,,,not run,,,,,,0,-4.751,18.84,17.569,-0.40197
414969659_2620.4000,414969659,2620.4,A,10686,7.3741,3510.9,1.5,11.9,0.79207,0.85,141.31,23.444,True,False,,ok,False,False,-0.58299,-3.3049,step,2620.4,0.0611,1.3785,9.622e-05,4523.4,False,False,False,2.1861,0.6026,,False,True,False,,False,not run,,,,,,,,,,,,,,,,,,,,,,,,not run,,,,,,0,-3.3049,31.319,-0.58299,2.2855
85998239_2630.4900,85998239,2630.5,A,10689,7.3732,3909.5,3,12.563,2.3054,1.1,138.71,23.659,True,False,,ok,True,True,13.615,-1.375,flare_decay,2630.5,0.058005,3.9676,4.0472e-06,4077,False,False,False,5.8267,0.3125,,True,False,True,,True,not run,,,,,,,,,,,,,,,,,,,,,,,,not run,,,,,,0,-1.375,47.448,25.34,13.615
165531514_2616.4500,165531514,2616.4,A,10695,7.3675,4152,2,12.088,1.3354,1.08,266.31,56.234,True,False,,ok,False,False,3.4955,-4.3701,flare_decay,2616.5,0.059401,2.9947,0.0063968,4275.4,False,False,False,3.3981,1.6714,,True,False,True,,True,not run,,,,,,,,,,,,,,,,,,,,,,,,not run,,,,,,0,-4.3701,42.917,24.842,3.4955
98369630_2617.7800,98369630,2617.8,A,10697,7.3666,2448.2,3,11.804,0.75806,0.794,147.1,24.644,True,False,,ok,False,False,-8.1518,-9.3263,flare_decay,2617.8,0.045055,3.9817,6.9119e-05,2460,False,True,False,2.1079,16.848,,True,False,True,,True,not run,,,,,,,,,,,,,,,,,,,,,,,,not run,,,,,,0,-9.3263,33.486,16.563,-8.1518
202506196_2632.8200,202506196,2632.8,A,10699,7.3601,972.35,6,8.5482,1.4777,1.379,231.1,63.891,True,False,,ok,True,True,157.62,30.992,flare_decay,2632.8,0.035389,10.284,0.94662,924.92,True,True,False,3.3875,70.013,,True,False,True,True,True,ok,True,True,2.8776,1.1456,True,0.11367,1.8926,12.58,False,True,,1,21.179,True,,True,False,False,False,False,,,,ok,False,0.99962,0.97538,22.482,70.013,0,30.992,305.84,184.37,157.62
95313597_2612.4500,95313597,2612.4,A,10701,7.3551,2767.7,2,11.713,1.0754,1.06,153.31,19.81,True,False,,ok,False,False,2.2814,-3.3644,flare_decay,2612.5,0.33928,5.0643,1.2803,2684.1,True,True,False,3.4812,7.6888,,True,False,True,,True,not run,,,,,,,,,,,,,,,,,,,,,,,,not run,,,,,,0,-3.3644,24.65,8.1428,2.2814
8922794_2630.4100,8922794,2630.4,A,10708,7.3417,3563.2,3,12.667,1.5786,1.26,152.95,31.729,True,False,,ok,False,False,-1.5354,-7.1108,flare_decay,2630.4,0.057098,3.0383,5.7849e-05,3950.5,False,False,False,3.8078,1.2116,,True,False,True,,True,not run,,,,,,,,,,,,,,,,,,,,,,,,not run,,,,,,0,-7.1108,32.426,18.28,-1.5354
27069307_2616.8500,27069307,2616.8,A,10709,7.3379,3540.6,1,11.627,1.633,1.03,152.15,20.222,True,False,,ok,False,False,4.4753,-0.93869,flare_decay,2616.8,0.35222,1.9425,1.2765,4096,True,True,False,5.391,0.11971,grazing,True,False,False,,True,not run,,,,,,,,,,,,,,,,,,,,,,,,not run,,,,,,0,-0.93869,38.707,9.8216,4.4753
239203962_2631.1800,239203962,2631.2,A,10711,7.3366,3989,2,12.306,1.0023,1.03,149.09,21.932,True,False,,ok,False,False,7.0713,-6.6734,flare_decay,2631.2,0.056641,2.8849,0.018955,3887.2,False,True,False,2.5839,3.4628,,True,False,True,,True,not run,,,,,,,,,,,,,,,,,,,,,,,,not run,,,,,,0,-6.6734,32.119,12.138,7.0713
117508027_2634.9400,117508027,2634.9,A,10717,7.33,3072.5,6,12.984,1.3494,1.2,138.31,29.238,True,False,,ok,False,False,-2.3518,-7.4233,step,2634.9,0.055587,7.8441,0.011901,3744,False,True,False,3.3034,33.491,,True,False,True,,True,not run,,,,,,,,,,,,,,,,,,,,,,,,not run,,,,,,0,-7.4233,10.178,-2.3518,3.4833
154998483_2614.8900,154998483,2614.9,A,10718,7.3256,18525,1,12.882,0.15906,0.13041,142.3,25.969,True,False,,ok,False,False,-23.134,3.7829,flare_decay,2614.9,0.38184,4.0599,1.1921,19138,True,True,False,1.0678,137.41,,True,False,False,,True,not run,,,,,,,,,,,,,,,,,,,,,,,,not run,,,,,,0,3.7829,135.29,-17.25,-23.134
138735495_2618.7000,138735495,2618.7,A,10719,7.3254,6166,1,12.423,1.0351,0.95,163.22,24.125,True,False,,ok,True,True,11.707,-4.9175,flare_decay,2618.7,0.089411,0.70418,0.10486,9660.7,False,False,False,2.8265,0.053866,,False,True,False,,False,not run,,,,,,,,,,,,,,,,,,,,,,,,not run,,,,,,0,-4.9175,49.079,29.483,11.707
21101556_2625.9500,21101556,2625.9,A,10721,7.323,2255.7,2,11.386,1.4265,1.34,274.42,52.572,True,True,5200.01,ok,True,True,10.493,-2.871,flare_decay,2625.9,0.050318,2.5865,0.71954,2619.3,False,False,False,3.3492,1.1044,,True,False,True,True,True,ok,True,True,0.94773,0.83651,True,0.073589,0.41465,7.5466,False,True,,0,6.9402,True,,True,True,False,False,False,5200.01,PC,,ok,True,0.39792,0.036615,15.513,23.269,0,-2.871,58.07,35.751,10.493
307913116_2629.4700,307913116,2629.5,A,10722,7.323,4237.6,2,12.257,0.86538,1.05,141.11,31.262,True,False,,ok,False,False,-10.693,-5.4873,flare_decay,2629.5,0.063402,2.1869,0.00091519,4870.5,False,False,False,2.2308,2.3405,,False,True,False,,False,not run,,,,,,,,,,,,,,,,,,,,,,,,not run,,,,,,0,-5.4873,7.0869,1.5145,-10.693
4821856_2618.5500,4821856,2618.6,A,10723,7.3226,4036.3,1,11.562,1.0842,1.1,145.94,30.224,True,False,,ok,True,True,20.972,-1.2513,flare_decay,2618.5,0.075841,1.6699,0.89744,4805.6,False,False,False,2.7842,0.49605,,False,True,False,,False,not run,,,,,,,,,,,,,,,,,,,,,,,,not run,,,,,,0,-1.2513,60.955,47.343,20.972
95435011_2612.8100,95435011,2612.8,A,10727,7.3191,1996.5,6,11.582,0.73435,0.876,155.33,20.149,True,False,,ok,False,False,6.5962,-7.3134,flare_decay,2612.8,0.039681,7.0215,0.056919,1907.1,False,True,False,1.966,113.92,,True,False,True,,True,not run,,,,,,,,,,,,,,,,,,,,,,,,not run,,,,,,0,-7.3134,39.584,19.524,6.5962
308016399_2618.0700,308016399,2618.1,A,10728,7.3171,5386.6,3,12.882,1.25,1.09,149.96,25.326,True,False,,ok,False,False,3.5239,-1.9528,flare_decay,2618.1,0.081923,6.4312,0.90276,5523.8,True,True,False,3.2385,19.581,,True,False,True,,True,not run,,,,,,,,,,,,,,,,,,,,,,,,not run,,,,,,0,-1.9528,15.237,13.512,3.5239
26959554_2617.5400,26959554,2617.5,A,10729,7.3152,865.1,3,10.149,2.3356,1.1,149.81,19.933,True,False,,ok,False,False,-4.1206,-5.9342,flare_decay,2617.5,0.026521,3.2253,0.066406,851.74,False,False,False,5.7272,0.26183,,True,False,True,,True,not run,,,,,,,,,,,,,,,,,,,,,,,,not run,,,,,,0,-5.9342,12.018,-3.0909,-4.1206
139414385_2635.1400,139414385,2635.1,A,10731,7.3135,902.72,6,10.72,1.8304,1.22,153.79,33.129,True,False,,ok,False,False,-12.637,-5.005,step,2635.1,0.028458,7.0412,0.33129,958.55,False,True,False,4.3426,10.637,,True,False,True,,True,not run,,,,,,,,,,,,,,,,,,,,,,,,not run,,,,,,0,-5.005,8.1414,-12.637,-8.9879
95340652_2634.4800,95340652,2634.5,A,10732,7.3114,5038,2,12.293,0.42841,0.42314,153.72,20.37,True,False,,ok,False,False,3.8976,-3.7525,flare_decay,2634.5,0.067161,2.3369,2.5931e-05,5464.9,False,True,False,1.5003,9.4444,,True,False,True,,True,not run,,,,,,,,,,,,,,,,,,,,,,,,not run,,,,,,0,-3.7525,23.548,18.223,3.8976
172531928_2620.7000,172531928,2620.7,A,10736,7.3086,1149.9,1,9.3575,1.1136,1.214,143.09,26.388,True,False,,ok,True,True,10.22,3.4449,flare_decay,2620.7,0.027491,3.3259,0.47101,869.6,False,True,False,2.6429,4.9667,,True,False,True,False,True,ok,False,False,-0.26203,-0.38198,True,,,-0.12516,True,True,,0,-1.9151,True,,True,False,False,False,False,,,,not run,,,,,,0,3.4449,34.878,28.161,10.22
156496125_2611.9700,156496125,2612,A,10737,7.3067,1161.2,24,12.224,0.70978,0.639,219.34,73.483,True,False,,ok,False,False,-24.18,-13.545,flare_decay,2611.4,0.04337,38.867,4.659e-07,2279.6,False,True,False,2.1185,15445,,True,False,True,,True,not run,,,,,,,,,,,,,,,,,,,,,,,,not run,,,,,,0,-13.545,86.755,-7.0805,-24.18
85334020_2630.4000,85334020,2630.4,A,10740,7.2961,1153.8,2,10.37,0.96095,1.062,168.09,33.638,True,False,,ok,False,False,-5.4133,-5.8321,flare_decay,2630.4,0.03042,2.6369,1.6477e-06,1121.6,False,True,False,2.3914,3.3365,,True,False,True,,True,not run,,,,,,,,,,,,,,,,,,,,,,,,not run,,,,,,0,-5.8321,16.801,-2.969,-5.4133
4822757_2617.4000,4822757,2617.4,A,10745,7.293,4254.5,2,12.518,2.0956,1.43,146,33.813,True,False,,ok,False,False,-0.63279,-5.0043,flare_decay,2617.4,0.059384,2.4847,0.0050321,4273,False,False,False,4.8579,0.19545,,True,False,True,,True,not run,,,,,,,,,,,,,,,,,,,,,,,,not run,,,,,,0,-5.0043,25.991,11.789,-0.63279
386954294_2612.0000,386954294,2612,A,10751,7.2858,1906.8,1,10.479,1.4165,1.117,157.88,21.939,True,False,,ok,False,False,6.395,1.2455,step,2612,0.33667,2.1467,1.2852,2140.1,True,True,False,4.4982,0.13383,grazing,False,True,False,,False,not run,,,,,,,,,,,,,,,,,,,,,,,,not run,,,,,,0,1.2455,53.727,6.395,8.6838
63220061_2627.7500,63220061,2627.8,A,10752,7.2832,1243.7,2,9.8025,1.7722,1.44,157.28,17.469,True,False,,ok,True,True,35.494,2.8342,flare_decay,2627.7,0.032743,3.0074,0.53454,1211,False,False,False,3.9946,0.99189,,True,False,True,,True,not run,,,,,,,,,,,,,,,,,,,,,,,,not run,,,,,,0,2.8342,127.52,46.047,35.494
313355544_2612.0300,313355544,2612,A,10754,7.2774,4768.8,1.5,12.624,0.8882,1.06,179.65,75.144,True,False,,ok,False,False,-3.0666,-6.5925,step,2612,0.049325,1.8627,0.041645,2947.3,False,False,False,2.2522,1.3954,,True,True,True,,True,not run,,,,,,,,,,,,,,,,,,,,,,,,not run,,,,,,0,-6.5925,5.2326,-3.0666,-2.8418
243243069_2614.5000,243243069,2614.5,A,10758,7.2621,5157.8,1.5,12.29,0.83059,0.99,136.38,23.113,True,False,,ok,True,True,14.692,-4.836,step,2614.5,0.064925,1.7839,0.0013833,5107.2,False,False,False,2.1867,1.3398,,False,True,False,,False,not run,,,,,,,,,,,,,,,,,,,,,,,,not run,,,,,,0,-4.836,26.115,14.692,15.245
8965530_2634.9900,8965530,2635,A,10759,7.2616,1837.1,24,12.328,0.78877,0.918,166.86,33.536,True,False,,ok,True,True,59.507,146.03,ramp,2636.7,0.39195,116.43,1.2167,16993,True,True,False,2.7837,,,False,,,False,False,ok,False,False,,,True,,,-16.685,True,True,,0,,True,,True,False,False,False,False,,,,not run,,,,,,0,146.03,59.507,278.75,350.39
165429958_2633.8600,165429958,2633.9,A,10764,7.2579,3475.3,2,12.169,2.1983,1.06,162.02,27.686,True,False,,ok,True,True,19.116,-5.451,step,2633.8,0.055987,2.4309,0.012747,3798.2,False,False,False,5.6139,0.19184,,False,True,False,,False,not run,,,,,,,,,,,,,,,,,,,,,,,,not run,,,,,,0,-5.451,58.516,19.116,20.022
91899076_2615.4300,91899076,2615.4,A,10766,7.2559,6242.1,1.5,12.714,0.99307,0.9,142.13,22.877,True,False,,ok,False,False,-4.2756,-2.8415,flare_decay,2615.4,0.41522,2.6362,1.3106,7433.8,True,True,False,3.5874,0.96163,grazing,True,False,True,,True,not run,,,,,,,,,,,,,,,,,,,,,,,,not run,,,,,,0,-2.8415,30.077,7.4318,-4.2756
308015294_2632.2900,308015294,2632.3,A,10768,7.2536,3324.5,3,12.45,1.1499,1.06,149.86,28.529,True,False,,ok,False,False,4.5006,-5.5957,flare_decay,2632.3,0.053835,3.1655,0.042748,3510.7,False,True,False,2.9287,3.1342,,True,False,True,,True,not run,,,,,,,,,,,,,,,,,,,,,,,,not run,,,,,,0,-5.5957,29.626,6.5889,4.5006
4973695_2615.6100,4973695,2615.6,A,10769,7.2529,6124.1,1.5,12.613,1.3529,1.05,149.1,33.561,True,False,,ok,True,True,20.345,-3.0206,flare_decay,2615.6,0.077774,1.7303,0.0029574,7327.4,False,False,False,3.5355,0.13378,,True,False,True,,True,not run,,,,,,,,,,,,,,,,,,,,,,,,not run,,,,,,0,-3.0206,82.102,67.304,20.345
92021851_2615.0600,92021851,2615.1,A,10777,7.2421,2469.1,1.5,11.44,1.2056,1.13,145.33,20.297,True,False,,ok,False,False,4.24,-4.9846,flare_decay,2615,0.041507,2.8531,0.21877,2067.3,False,False,False,2.9707,2.1866,,True,False,True,,True,not run,,,,,,,,,,,,,,,,,,,,,,,,not run,,,,,,0,-4.9846,23.91,9.9101,4.24
63238652_2618.2900,63238652,2618.3,A,10778,7.2409,1132.2,1.5,9.7175,1.9042,0.99,157.58,16.609,True,False,,ok,False,False,-0.43958,-2.5932,flare_decay,2618.3,0.28802,2.3677,1.2465,1420.7,True,True,False,6.0688,0.15319,grazing,True,False,True,,True,not run,,,,,,,,,,,,,,,,,,,,,,,,not run,,,,,,0,-2.5932,42.386,14.006,-0.43958
8688531_2613.6200,8688531,2613.6,A,10784,7.2322,3300.7,2,12.035,2.0629,1.14,137.91,30.818,True,False,,ok,False,False,-1.6436,-4.457,flare_decay,2613.6,0.055788,2.2566,2.5045e-05,3771.4,False,False,False,5.1402,0.17811,,True,False,True,,True,not run,,,,,,,,,,,,,,,,,,,,,,,,not run,,,,,,0,-4.457,37.099,21.062,-1.6436
95857856_2633.0900,95857856,2633.1,A,10786,7.2313,1560.5,2,10.46,1.0098,1.097,162.46,23.371,True,False,,ok,True,True,16.758,4.3831,flare_decay,2633.1,0.38468,2.6962,1.3342,2180.2,True,True,False,3.3413,1.2894,grazing,True,False,True,False,True,ok,False,False,0.18008,0.090922,True,,,0.11338,True,True,,0,1.3022,True,,True,False,False,False,False,,,,not run,,,,,,0,4.3831,72.774,53.184,16.758
149467710_2619.8800,149467710,2619.9,A,10791,7.2223,2774.3,6,12.604,1.6347,1.15,141.43,28.293,True,False,,ok,False,False,4.6063,-6.3046,flare_decay,2619.9,0.054923,7.2424,0.00077346,3655.3,False,True,False,4.057,14.213,,True,False,True,,True,not run,,,,,,,,,,,,,,,,,,,,,,,,not run,,,,,,0,-6.3046,27.141,6.846,4.6063
417917895_2629.0600,417917895,2629.1,A,10792,7.2222,1160.2,2,10.247,2.1017,1.18,183.72,64.607,True,False,,ok,False,False,4.5699,-4.6579,step,2629.1,0.033616,2.2608,0.12951,1364.9,False,False,False,5.0682,0.18227,,True,False,True,,True,not run,,,,,,,,,,,,,,,,,,,,,,,,not run,,,,,,0,-4.6579,21.734,4.5699,7.5092
171654235_2614.2000,171654235,2614.2,A,10797,7.2159,4098.4,2,12.199,1.1295,1.17,159.68,20.622,True,False,,ok,True,False,14.605,-7.3869,flare_decay,2614.2,0.055511,3.3924,0.0003016,3734,False,True,False,2.7879,4.4876,,True,False,True,False,True,ok,False,False,-0.049551,-0.050936,True,,,-0.18037,True,True,,1,-0.35756,True,,True,False,False,False,False,,,,not run,,,,,,0,-7.3869,36.089,18.969,14.605
88047425_2617.2200,88047425,2617.2,A,10804,7.196,7807.1,1,12.758,0.6594,0.668,147.56,22.602,True,False,,ok,False,False,2.1587,1.5328,flare_decay,2617.2,0.40568,1.4162,1.2809,9844.8,True,True,False,2.6127,0.37425,grazing,False,True,False,,False,not run,,,,,,,,,,,,,,,,,,,,,,,,not run,,,,,,0,1.5328,29.159,22.206,2.1587
355176021_2633.1500,355176021,2633.2,A,10805,7.1932,3435.2,1,11.577,1.6002,1.22,139.84,38.059,True,False,,ok,False,False,-3.6242,-3.3857,flare_decay,2633.2,0.064176,2.2227,0.92085,3261.8,True,True,False,3.9278,0.17406,grazing,False,True,False,,False,not run,,,,,,,,,,,,,,,,,,,,,,,,not run,,,,,,0,-3.3857,41.778,5.4776,-3.6242
318219007_2629.5400,318219007,2629.5,A,10809,7.1884,6637.4,1,12.883,0.77895,0.681,162.93,52.279,True,False,,ok,False,False,5.6939,-2.9984,flare_decay,2629.5,0.081202,1.4417,0.7112,6847.4,False,False,False,2.3587,0.54225,,False,True,False,,False,not run,,,,,,,,,,,,,,,,,,,,,,,,not run,,,,,,0,-2.9984,23.526,15.893,5.6939
88023380_2634.5000,88023380,2634.5,A,10811,7.1869,3306.9,1,11.172,1.0245,0.682,147.32,21.581,True,False,,ok,False,False,2.7514,-0.66227,flare_decay,2634.5,0.068719,1.272,0.91402,3802,True,True,False,3.0651,0.099182,grazing,True,False,True,,True,not run,,,,,,,,,,,,,,,,,,,,,,,,not run,,,,,,0,-0.66227,41.886,31.784,2.7514
229458129_2613.7700,229458129,2613.8,A,10814,7.1855,3219.3,1,10.681,2.545,1.36,294.74,62.539,True,False,,ok,True,True,29.272,-0.42094,flare_decay,2613.8,0.054103,1.4735,0.45178,3382.9,False,False,False,5.9713,0.11649,,True,False,True,,True,not run,,,,,,,,,,,,,,,,,,,,,,,,not run,,,,,,0,-0.42094,153.77,102.72,29.272
321318387_2615.5800,321318387,2615.6,A,10817,7.1809,694.49,3,9.7984,1.2532,1.03,162,31.287,True,False,,ok,False,False,8.5183,1.3116,flare_decay,2615.6,0.27963,4.548,1.2461,993.24,True,True,False,3.9136,3.9008,,True,False,True,,True,not run,,,,,,,,,,,,,,,,,,,,,,,,not run,,,,,,0,1.3116,64.594,19.507,8.5183
307930249_2618.4700,307930249,2618.5,A,10819,7.1781,5849.7,2,12.918,1.1778,1.27,141.52,34.621,True,False,,ok,False,False,3.4665,-4.8739,flare_decay,2618.5,0.071524,2.4447,0.00052303,6197.6,False,False,False,2.8717,1.5138,,True,False,True,,True,not run,,,,,,,,,,,,,,,,,,,,,,,,not run,,,,,,0,-4.8739,23.07,18.922,3.4665
349794427_2619.1500,349794427,2619.2,A,10824,7.172,6915.7,1.5,12.969,1.266,1.15,143.56,26.432,True,False,,ok,True,True,12.849,-4.9827,flare_decay,2619.2,0.076683,1.8337,0.0066549,7123.4,False,False,False,3.2061,0.40017,,False,True,False,,False,not run,,,,,,,,,,,,,,,,,,,,,,,,not run,,,,,,0,-4.9827,57.658,39.037,12.849
165426909_2628.0400,165426909,2628,A,10831,7.1597,5616.2,2,12.992,0.70108,0.86,161.96,27.817,True,False,,ok,False,False,3.2108,-3.4752,flare_decay,2628,0.074435,2.1234,0.00025883,6712.1,False,True,False,1.9516,3.2104,,True,False,True,,True,not run,,,,,,,,,,,,,,,,,,,,,,,,not run,,,,,,0,-3.4752,35.011,23.491,3.2108
149397469_2629.4100,149397469,2629.4,A,10832,7.1593,8224.8,1,12.891,1.5483,1.07,139.68,26.512,True,False,,ok,True,True,10.012,-0.67776,flare_decay,2629.4,0.38568,1.6644,1.2534,10621,True,True,False,5.1716,0.1001,grazing,False,True,False,False,False,ok,False,False,-0.15785,-0.083044,True,,,-1.4224,True,True,,0,-1.1301,True,,True,False,False,False,False,,,,not run,,,,,,0,-0.67776,48.882,32.956,10.012
1066037_2631.7400,1066037,2631.7,A,10834,7.1509,6458.8,1,12.547,2.2474,1.69,154.32,25.837,True,False,,ok,True,True,24.087,-2.345,flare_decay,2631.7,0.077626,1.1217,0.00017877,7299.5,False,False,False,5.0127,0.086738,,True,False,False,,True,not run,,,,,,,,,,,,,,,,,,,,,,,,not run,,,,,,0,-2.345,68.863,50.958,24.087
149400504_2618.1500,149400504,2618.2,A,10840,7.1404,4515.1,2,12.576,0.88207,0.68,139.99,25.007,True,False,,ok,False,False,-2.103,-4.4551,flare_decay,2618.1,0.061243,2.3769,0.0060639,4544.6,False,False,False,2.623,1.8378,,True,False,True,,True,not run,,,,,,,,,,,,,,,,,,,,,,,,not run,,,,,,0,-4.4551,9.2722,0.093844,-2.103
172503963_2631.1300,172503963,2631.1,A,10842,7.1287,4058.2,1.5,12.25,1.3471,1,142.39,29.839,True,False,,ok,False,False,-5.4417,-5.331,flare_decay,2631.1,0.059182,1.6587,2.0561e-05,4244,False,False,False,3.5164,0.1305,,True,False,True,,True,not run,,,,,,,,,,,,,,,,,,,,,,,,not run,,,,,,0,-5.331,23.761,23.405,-5.4417
155580524_2616.6800,155580524,2616.7,A,10844,7.1274,5086.9,1.5,12.449,0.94038,0.628,158.83,17.349,True,False,,ok,False,False,1.774,-5.716,flare_decay,2616.7,0.068079,1.8038,0.0015742,5615.3,False,False,False,2.8902,0.5628,,True,False,True,,True,not run,,,,,,,,,,,,,,,,,,,,,,,,not run,,,,,,0,-5.716,65.739,29.157,1.774
82247379_2632.4700,82247379,2632.5,A,10851,7.1137,5201.6,1,12.212,0.76534,0.84,151.06,24.76,True,False,,ok,False,False,-1.9183,-3.7466,flare_decay,2632.5,0.9,1.7682,1.8236,5674.6,True,True,False,3.7983,0.21456,grazing,True,False,True,,True,not run,,,,,,,,,,,,,,,,,,,,,,,,not run,,,,,,0,-3.7466,36.97,19.672,-1.9183
47578291_2621.0000,47578291,2621,A,10862,7.0896,1637.5,3,11.088,2.3176,1.02,278.47,53.494,True,False,,ok,True,True,15.644,2.2768,flare_decay,2621,0.86437,4.9401,1.8235,2012.3,True,True,False,10.609,0.22081,grazing,True,False,True,False,True,ok,False,False,0.533,0.39825,False,1.6288,13.178,14.615,False,False,1551220302;47578295,1,3.7788,True,,True,False,False,False,False,,,,not run,,,,,,0,2.2768,49.441,26.065,15.644
219095755_2616.5400,219095755,2616.5,A,10870,7.0708,2094.9,2,11.029,1.4983,1.1,269.4,70.991,True,False,,ok,True,True,15.789,-2.0858,flare_decay,2616.5,0.046129,2.9352,0.71004,2215.7,False,False,False,3.7423,1.1472,,True,False,True,,True,not run,,,,,,,,,,,,,,,,,,,,,,,,not run,,,,,,0,-2.0858,75.572,39.403,15.789
156409827_2612.8600,156409827,2612.9,A,10875,7.0621,3201.8,1,11.407,1.3383,1.34,154.11,51.961,True,False,,ok,False,False,8.3761,-4.8409,flare_decay,2612.9,0.050857,1.1983,0.015133,3134.2,False,False,False,3.1436,0.095022,,True,False,True,,True,not run,,,,,,,,,,,,,,,,,,,,,,,,not run,,,,,,0,-4.8409,25.764,17.687,8.3761
95860220_2632.0400,95860220,2632,A,10880,7.0474,2852.3,1,11.406,2.0573,0.96,162.82,23.326,True,False,,ok,False,False,-1.9865,-6.0695,flare_decay,2632,0.056205,0.93865,2.906e-08,3827.9,False,False,False,5.4312,0.074058,,True,False,True,,True,not run,,,,,,,,,,,,,,,,,,,,,,,,not run,,,,,,0,-6.0695,36.242,29.124,-1.9865
149453478_2634.8000,149453478,2634.8,A,10888,7.036,901.65,24,11.471,2.4548,0.95,141.28,23.999,True,False,,ok,False,False,-31.02,63.475,ramp,2636.3,0.35838,72,1.2835,4051.7,True,True,False,8.3732,1599.1,,False,,,,False,not run,,,,,,,,,,,,,,,,,,,,,,,,not run,,,,,,0,63.475,-31.02,57.199,96.316
236771723_2619.3000,236771723,2619.3,B,3,1685.9,3.1662e+05,4,11.394,1.8524,1.33,274.32,71.147,True,False,,ok,True,True,1.7418e+05,89115,flare_decay,2619.3,0.63289,9.1284,0.54213,3.7078e+05,True,True,False,6.7851,6.0675,,True,False,True,True,True,ok,True,True,0.81892,0.64188,True,0.044392,44.392,1154.8,False,True,,0,1380.6,True,,True,False,False,False,False,,,,ok,False,1,0,16.674,25.012,0,89115,4.0531e+05,2.7961e+05,1.7418e+05
198239685_2629.1300,198239685,2629.1,B,7,1456.7,2.6358e+05,6,11.278,1.6309,1.1,249.23,60.397,True,False,,ok,True,True,1.762e+05,83832,flare_decay,2629.1,0.52371,12.441,0.41445,3.0343e+05,False,True,False,5.9366,23.053,,True,False,False,True,True,ok,True,True,0.75364,0.59731,True,0.067463,61.763,1267.2,False,True,,0,1097.8,True,,True,False,False,False,False,,,,ok,False,1,0,18.68,28.02,0,83832,3.7547e+05,2.6115e+05,1.762e+05
198382838_2628.0200,198382838,2628,B,11,1392.2,1.9299e+05,4,9.9475,1.32,0.878,257.53,58.408,True,False,,ok,True,True,1.8594e+05,89180,flare_decay,2628,0.5555,9.07,0.75673,2.2174e+05,True,True,False,5.2868,12.631,,True,False,True,True,True,ok,True,True,1.0537,0.67438,True,0.076661,76.661,1301.4,False,True,,0,1467,True,,False,False,True,False,False,,,,not run,,,,,,0,89180,4.3117e+05,2.9567e+05,1.8594e+05
198211503_2626.1200,198211503,2626.1,B,22,1254.9,1.2887e+05,8,10.453,2.0115,1.15,248.16,65.769,True,False,,ok,True,True,2.2354e+05,68894,flare_decay,2626.1,0.34725,12.229,8.689e-07,1.4432e+05,False,True,False,6.3797,17.628,,True,False,True,True,True,ok,True,True,0.88783,0.92467,True,0.052387,48.767,1017.1,False,True,,0,1114.1,True,,True,False,False,False,False,,,,ok,False,1,0,15.674,23.51,0,68894,5.9202e+05,3.4555e+05,2.2354e+05
150395683_2631.9300,150395683,2631.9,B,23,1192.2,2.8118e+05,2,10.34,1.427,0.94,194.15,55.584,True,False,,ok,True,True,4.8004e+05,2.1528e+05,flare_decay,2631.9,0.60865,4.6731,0.60127,3.2494e+05,True,True,False,5.7787,1.2674,grazing,True,False,True,True,True,ok,True,True,1.4337,0.67082,True,0.2377,237.7,1397,False,True,,0,1709.3,True,,True,False,False,False,False,,,,ok,False,1,0,21.678,32.517,0,2.1528e+05,1.5761e+06,1.1561e+06,4.8004e+05
165316140_2632.8400,165316140,2632.8,B,24,1188.2,2.0504e+05,8,11.435,1.0013,0.932,158.01,25.363,True,False,,ok,True,True,1.2152e+05,58657,flare_decay,2632.8,0.57097,15.802,0.71862,2.4744e+05,True,True,False,3.9692,157.95,,True,False,True,True,True,ok,True,True,0.9067,0.67758,True,0.043228,36.834,1171,False,True,,0,1077.3,True,,True,False,False,False,False,,,,ok,False,1,0,22.901,157.95,0,58657,2.7049e+05,1.8761e+05,1.2152e+05
9339921_2634.4300,9339921,2634.4,B,27,1171.2,3.3731e+05,8,11.967,1.6603,1.12,149.89,41.959,True,False,,ok,True,True,2.5783e+05,1.3163e+05,flare_decay,2634.4,0.67265,14.183,0.45148,4.4705e+05,True,True,False,6.596,24.924,,True,False,True,True,True,ok,True,True,1.3516,0.5902,True,0.091306,87.498,1399.7,False,True,,0,1582.9,True,,True,False,False,False,False,,,,ok,False,1,0,24.463,36.695,0,1.3163e+05,6.014e+05,4.1868e+05,2.5783e+05
153949668_2627.6200,153949668,2627.6,B,28,1163.8,1.462e+05,12,11.357,2.3912,1.16,172.74,65.956,True,False,,ok,True,True,1.6924e+05,76246,flare_decay,2627.6,0.56495,17.01,0.81168,2.0539e+05,True,True,False,8.7935,18.158,,True,False,True,True,True,ok,True,True,1.0622,0.60165,True,0.18919,142.58,1093.1,False,True,,0,1236.3,True,,True,False,False,False,False,,,,ok,False,1,0,17.167,25.751,0,76246,4.878e+05,3.2956e+05,1.6924e+05
16220912_2616.4900,16220912,2616.5,B,29,1142.3,2.6395e+05,6,11.655,1.1969,0.98,153.51,36.595,True,False,,ok,True,True,2.6671e+05,1.3181e+05,flare_decay,2616.5,0.64538,8.2584,0.51155,3.952e+05,True,True,False,4.8878,12.065,,True,False,True,True,True,ok,True,True,1.1383,0.63356,True,0.082101,62.93,1073.8,False,True,,0,1300.2,True,,True,False,False,False,False,,,,ok,False,1,0,19.505,29.257,0,1.3181e+05,7.5421e+05,5.1764e+05,2.6671e+05
125527530_2627.5400,125527530,2627.5,B,72,747.53,1.3401e+05,6,10.895,1.4317,0.97,144.6,29.339,True,False,,ok,True,True,1.2347e+05,55933,flare_decay,2627.5,0.54249,8.8209,0.8338,1.8347e+05,True,True,False,5.5006,10.309,,True,False,True,True,True,ok,True,True,1.1342,0.67741,True,0.076641,46.858,782.13,False,True,,0,847.87,True,,True,False,False,False,False,,,,ok,False,1,0,16.591,24.887,0,55933,3.4811e+05,2.3179e+05,1.2347e+05
160268302_2629.6900,160268302,2629.7,B,87,710.2,2.3375e+05,4,12.072,1.4195,1.07,182.47,75.131,True,False,,ok,True,True,66090,30628,flare_decay,2629.7,0.58929,7.6559,0.66095,2.8454e+05,True,True,False,5.4383,6.964,,True,False,False,True,True,ok,True,True,0.87605,0.66086,True,0.069659,33.045,671.06,False,True,,0,622.17,True,,True,False,False,False,False,,,,ok,False,1,0,17.739,26.609,0,30628,1.6749e+05,1.1075e+05,66090
153950598_2632.3700,153950598,2632.4,B,89,683.13,1.9814e+05,12,12.639,1.0563,1.07,173.2,70.983,True,False,,ok,True,True,1.0399e+05,39483,flare_decay,2632.4,0.47949,15.294,0.11956,2.7061e+05,False,True,False,3.7658,167.67,,True,False,True,True,True,ok,True,True,1.349,0.81554,True,0.10591,48.763,694.23,False,True,,0,921.51,True,,True,False,False,False,False,,,,ok,False,1,0,21.262,167.67,0,39483,3.2875e+05,2.2074e+05,1.0399e+05
230396307_2632.8600,230396307,2632.9,B,90,670.86,1.8604e+05,4,11.697,1.3278,1.16,286.61,61.825,True,False,,ok,True,True,54625,24876,flare_decay,2632.9,0.56453,6.9394,0.73629,2.3587e+05,True,True,False,4.8741,7.2061,,True,False,True,True,True,ok,True,True,0.965,0.68317,True,0.048271,19.428,593.91,False,True,,0,647.38,True,,True,False,False,False,False,,,,ok,False,1,0,21.903,32.855,0,24876,1.5332e+05,1.0298e+05,54625
147624281_2634.5200,147624281,2634.5,B,97,623.67,2.427e+05,8,12.791,1.206,0.86,197.42,55.88,True,False,,ok,True,True,52767,26591,flare_decay,2634.5,0.63144,10.777,0.53864,3.7107e+05,True,True,False,5.101,23.613,,True,False,True,True,True,ok,True,True,1.0139,0.59229,True,0.15219,56.016,597.91,False,True,,0,632.36,True,,True,False,False,False,False,,,,ok,False,1,0,24.17,36.254,0,26591,1.5389e+05,1.0771e+05,52767
138665546_2630.7600,138665546,2630.8,B,100,600.49,3.3418e+05,8,11.949,2.8045,1.34,136.62,25.127,True,False,,ok,True,True,2.0295e+05,99772,flare_decay,2630.8,0.59443,17.493,0.37216,3.8911e+05,False,True,False,10.021,13.336,,True,False,True,True,True,ok,True,True,2.3516,0.66673,True,0.25091,216.3,1321.6,False,True,,0,1412.1,True,,True,False,False,False,False,,,,ok,False,1,0,19.811,29.716,0,99772,4.1491e+05,2.9504e+05,2.0295e+05
329351474_2620.4800,329351474,2620.5,B,103,591.3,4.7737e+05,1.5,8.3178,1.0497,0.92,270.08,52.854,True,False,,ok,True,True,7.6147e+05,3.8679e+05,flare_decay,2620.5,0.66834,6.2163,0.30833,4.9114e+05,False,True,False,4.4383,6.8633,,True,False,True,False,True,ok,False,False,1.9361,0.20137,True,0.16107,99.936,697.21,False,True,,1,1144.8,True,,True,False,False,False,False,,,,ok,False,1,1,15.502,23.253,0,3.8679e+05,2.3161e+06,1.6587e+06,7.6147e+05
219433150_2618.2000,219433150,2618.2,B,129,533.77,2.4655e+05,6,12.618,1.6154,1.19,204.73,72.812,True,False,,ok,True,True,50047,20885,flare_decay,2618.2,0.49338,11.226,0.27152,2.8097e+05,False,True,False,5.6134,20.028,,True,False,True,True,True,ok,True,True,1.3286,0.7821,True,0.065642,23.206,551.49,False,True,,0,709.17,True,,True,False,False,False,False,,,,ok,False,1,0,17.788,26.682,0,20885,1.2073e+05,80548,50047
142865103_2634.4500,142865103,2634.4,B,141,525.08,87308,4,10.493,2.2077,1.19,175.66,70.662,True,False,,ok,True,True,38922,17564,flare_decay,2634.5,0.49132,8.8452,0.99946,99556,True,True,False,7.6671,3.7772,,True,False,True,True,True,ok,True,True,0.87546,0.69127,True,0.10502,43.722,461.52,False,True,,0,459.68,True,,False,False,True,False,False,,,,not run,,,,,,0,17564,91002,60600,38922
53566790_2633.0100,53566790,2633,B,150,512.96,46400,6,10.236,0.96,,182.29,50.223,True,False,,ok,True,True,36854,12117,flare_decay,2633,0.21779,10.188,0.64606,50443,False,True,False,2.9203,106.21,,True,False,True,True,True,ok,True,True,1.0994,0.91815,True,0.050876,17.095,407.53,False,True,,0,563.94,True,,True,False,False,False,False,,,,ok,False,0.8,0,22.637,106.21,0,12117,92642,57798,36854
232521510_2620.3900,232521510,2620.4,B,153,510.3,53053,16,11.195,1.6681,1.18,192.88,71.995,True,False,,ok,True,True,47417,13945,flare_decay,2620.4,0.24334,19.4,0.50918,66615,False,True,False,4.8384,161.48,,True,False,True,True,True,ok,True,True,0.87995,0.93597,True,0.11755,40.845,336.76,False,True,,0,449.04,True,,True,False,False,False,False,,,,ok,False,1,0,15.583,161.48,0,13945,1.4461e+05,83032,47417
258393574_2629.6500,258393574,2629.7,B,154,509.97,1.3775e+05,4,10.796,2.5457,1.14,297.57,61.926,True,False,,ok,True,True,1.2113e+05,39510,flare_decay,2629.6,0.35134,8.2724,0.25567,1.4533e+05,False,True,False,8.1283,2.5191,,True,False,True,True,True,ok,True,True,2.2175,0.88156,True,0.14069,86.571,737.53,False,True,,0,1130.8,True,,True,False,False,False,False,,,,ok,False,1,0,18.683,28.024,0,39510,2.8713e+05,1.8037e+05,1.2113e+05
288525633_2613.2100,288525633,2613.2,B,155,508.15,1.3306e+05,6,10.899,2.3194,1.3,275.12,78.644,True,False,,ok,True,True,80538,27482,flare_decay,2613.2,0.3562,11.127,0.42411,1.4445e+05,False,True,False,7.1108,9.5609,,True,False,True,True,True,ok,True,True,1.7085,0.82814,True,0.14644,91.832,747.55,False,True,,0,868.21,True,,True,False,False,False,False,,,,ok,False,1,0,22.773,34.159,0,27482,2.2183e+05,1.3696e+05,80538
252791409_2632.5900,252791409,2632.6,B,157,504.16,1.7134e+05,1.5,7.545,1.4921,1.23,164.42,47.758,True,False,,ok,True,True,1.4411e+06,4.8382e+05,flare_decay,2632.6,0.3878,4.6323,0.29575,1.7534e+05,False,False,False,4.7645,2.2594,,True,False,True,,True,not run,,,,,,,,,,,,,,,,,,,,,,,,not run,,,,,,0,4.8382e+05,5.0429e+06,3.5489e+06,1.4411e+06
236773041_2627.1300,236773041,2627.1,B,198,476.86,2.9912e+05,4,12.213,1.188,1,274.37,67.546,True,False,,ok,True,True,47242,18074,flare_decay,2627.1,0.52342,9.756,0.19447,3.1833e+05,False,True,False,4.4611,26.179,,True,False,True,True,True,ok,True,True,1.886,0.7568,True,0.043797,21.114,698.85,False,True,,0,899.34,True,,True,False,False,False,False,,,,ok,False,1,0,16.178,26.179,0,18074,1.0789e+05,69694,47242
148914403_2617.3300,148914403,2617.3,B,265,407.18,1.285e+05,3,7.9938,2.098,1.159,187.18,68.92,True,False,,ok,True,True,2.4642e+05,1.1656e+05,flare_decay,2617.3,0.52659,11.284,0.94137,1.35e+05,True,True,False,7.5238,8.4181,,True,False,True,True,True,ok,True,True,4.006,0.71842,True,0.084087,84.087,946.39,False,True,,0,1631.2,True,,False,False,True,False,False,,,,not run,,,,,,0,1.1656e+05,4.449e+05,3.3191e+05,2.4642e+05
356340346_2634.2000,356340346,2634.2,B,280,400.4,3.863e+05,1,8.1517,4.2321,1.5,268.36,52.385,True,False,,ok,True,True,6.3278e+05,9.506e+05,flare_decay,2634.2,0.9,8.2251,0.8781,3.9788e+05,True,True,False,17.457,0.36075,grazing,True,False,True,True,True,ok,True,True,10.415,0.72785,True,0.04693,46.93,2915,False,True,,0,4170.2,True,,False,False,True,False,False,,,,not run,,,,,,0,9.506e+05,1.3841e+06,9.7285e+05,6.3278e+05
310995456_2611.7400,310995456,2611.7,B,288,396.1,2.1115e+05,1,11.264,1.0123,0.73,203.62,60.277,True,False,,ok,True,True,65769,28133,flare_decay,2611.7,0.56239,2.7993,0.74268,2.3186e+05,True,True,False,4.3298,0.6314,grazing,True,False,True,True,True,ok,True,True,0.80632,0.64796,True,0.15459,57.852,495.82,False,True,,0,319.38,True,,True,False,False,False,False,,,,ok,False,1,0,24.253,36.38,0,28133,2.4854e+05,2.0004e+05,65769
166151015_2611.9400,166151015,2611.9,B,314,380.53,3.7651e+05,1.5,12.625,1.2659,1.01,216.12,63.398,True,False,,ok,True,True,63689,34130,flare_decay,2611.9,0.66714,3.636,0.46186,4.372e+05,True,True,False,5.186,0.81157,grazing,True,False,True,True,True,ok,True,True,1.1479,0.6516,True,0.1428,40.924,448.98,False,True,,0,436.82,True,,True,False,False,False,False,,,,ok,False,1,0,24.041,36.061,0,34130,2.3767e+05,1.846e+05,63689
159162060_2615.9700,159162060,2616,B,316,380.06,3.89e+05,2,12.73,1.3644,0.99,199.62,57.802,True,False,,ok,True,True,30872,15902,flare_decay,2616,0.66725,5.4885,0.46122,4.3759e+05,True,True,False,5.6282,2.2837,grazing,True,False,True,True,True,ok,True,True,1.263,0.61629,True,0.12292,41.038,534.92,False,True,,0,480.03,True,,True,False,False,False,False,,,,ok,False,1,0,20.019,30.029,0,15902,96530,68632,30872
288525509_2627.4200,288525509,2627.4,B,409,351.13,1.9185e+05,4,12.487,2.7013,1.22,274.97,78.316,True,False,,ok,True,True,28448,13343,flare_decay,2627.4,0.57353,8.0918,0.76232,2.31e+05,True,True,False,9.827,1.2007,grazing,True,False,False,True,True,ok,True,True,1.067,0.6767,True,0.093467,23.701,395.73,False,True,,0,374.67,True,,True,False,False,False,False,,,,ok,False,1,0,16.256,24.384,0,13343,71795,47019,28448
229674420_2613.4300,229674420,2613.4,B,439,328.39,1.0744e+05,4,11.884,1.5092,1.02,252.73,74.311,True,False,,ok,True,True,22439,9380.4,flare_decay,2613.4,0.9,6.8267,1.3823,1.3558e+05,True,True,False,7.0278,2.2514,grazing,True,False,True,True,True,ok,True,True,1.1819,0.73195,True,0.12287,30.915,322.23,False,True,,0,388.13,True,,True,False,False,False,False,,,,ok,False,1,0,22.555,33.832,0,9380.4,61807,40983,22439
307761357_2629.4900,307761357,2629.5,B,445,325.79,52260,3,9.8519,2.7616,1.07,159.76,34.904,True,False,,ok,True,True,30605,13517,flare_decay,2629.5,0.47353,5.7313,1.0983,63630,True,True,False,9.8285,0.32413,grazing,True,False,True,True,True,ok,True,True,0.9514,0.63535,True,0.054962,14.461,264.08,False,True,,0,309.96,True,,True,False,False,False,False,,,,ok,False,1,0,19.594,29.391,0,13517,85293,60113,30605
154069246_2629.0100,154069246,2629,B,463,319.91,3.0374e+05,2,12.874,1.0588,0.88,208.11,71.228,True,False,,ok,True,True,24144,10972,flare_decay,2629,0.61077,5.2019,0.5637,3.4277e+05,True,True,False,4.3867,4.1541,,True,False,True,True,True,ok,True,True,1.7631,0.59394,True,0.14175,33.224,355.58,False,True,,0,564.02,True,,True,False,False,False,False,,,,ok,False,1,0,18.553,27.829,0,10972,77386,54505,24144
424439457_2613.6100,424439457,2613.6,B,497,304.96,2.0903e+05,1,11.082,0.86683,0.794,279.43,61.971,True,False,,ok,True,True,61077,25979,flare_decay,2613.6,0.84212,4.0545,1.1383,2.1798e+05,True,True,False,4.2505,2.1539,grazing,True,False,True,True,True,ok,True,True,1.6705,0.70783,True,0.10781,44.563,414.67,False,True,,0,509.45,True,,False,False,True,False,False,,,,not run,,,,,,0,25979,2.1847e+05,1.6314e+05,61077
147938894_2630.1500,147938894,2630.2,B,503,303.31,1.8471e+05,3,12.398,3.1142,1.26,166.67,68.296,True,False,,ok,True,True,35916,16779,flare_decay,2630.2,0.54397,8.1234,0.78471,2.0347e+05,True,True,False,11.005,0.43845,grazing,True,False,True,True,True,ok,True,True,1.5606,0.70335,True,0.18889,51.979,417.52,False,True,,0,473.34,True,,True,False,False,False,False,,,,ok,False,1,0,19.697,29.546,0,16779,90821,61106,35916
1102119_2620.1700,1102119,2620.2,B,508,302.18,3.9878e+05,1,12.663,1.5593,1.24,155.3,25.368,True,False,,ok,True,True,21057,14214,flare_decay,2620.2,0.70191,2.0002,0.39283,5.021e+05,True,True,False,6.092,0.097937,grazing,False,True,False,False,False,ok,False,False,-0.31933,-0.17887,True,,,-89.636,True,True,,0,-96.498,True,,True,False,False,False,False,,,,not run,,,,,,0,14214,1.1498e+05,94187,21057
287270568_2619.0900,287270568,2619.1,B,621,271.44,3.1486e+05,2,12.882,0.59075,0.58048,155.49,61.106,True,False,,ok,True,True,22407,11033,flare_decay,2619.1,0.64905,3.415,0.46448,4.1891e+05,True,True,False,2.8777,4.1722,,True,False,True,True,True,ok,True,True,1.5883,0.45878,True,0.11268,19.437,278.8,False,True,,0,431.13,True,,True,False,False,False,False,,,,ok,False,1,0,16.895,25.343,0,11033,85008,66709,22407
105513126_2633.9500,105513126,2633.9,B,627,263.97,1.1089e+05,4,11.363,2.4789,1.31,152.64,45.302,True,False,,ok,True,True,45269,14162,flare_decay,2634,0.32017,6.9919,0.3043,1.2018e+05,False,False,False,7.3797,2.0127,,True,False,True,,True,not run,,,,,,,,,,,,,,,,,,,,,,,,not run,,,,,,0,14162,1.321e+05,82441,45269
148967558_2634.8500,148967558,2634.8,B,697,241.66,2.2404e+05,2,12.702,1.7054,1.09,191.44,66.287,True,False,,ok,True,True,15001,7344.4,flare_decay,2634.8,0.56943,5.8633,0.72478,2.4385e+05,True,True,False,6.4146,1.8501,grazing,True,False,True,True,True,ok,True,True,1.4066,0.60596,True,0.089995,18.751,302.86,False,True,,0,339.92,True,,True,False,False,False,False,,,,ok,False,1,0,24.498,36.748,0,7344.4,56357,38794,15001
8246778_2632.5600,8246778,2632.6,B,928,198.08,1.1682e+05,2,12.384,1.6662,1.13,161.51,38.776,True,False,,ok,True,True,4206.8,1609.8,flare_decay,2632.6,0.51643,3.8119,0.92249,1.3678e+05,True,True,False,5.9822,0.53609,grazing,True,False,True,True,True,ok,True,True,0.91559,0.72102,True,0.071875,8.7024,189.68,False,True,,0,181.36,True,,True,False,False,False,False,,,,ok,False,1,0,22.663,33.994,0,1609.8,19921,15401,4206.8
233637676_2635.0000,233637676,2635,B,974,194.14,90869,4,11.498,1.0468,1,156.37,35.532,True,False,,ok,True,True,23454,6671.7,flare_decay,2635,0.28354,8.7052,0.29077,94734,False,True,False,3.311,45.47,,True,False,True,True,True,ok,True,True,2.5031,0.94837,True,0.043989,12.694,384.9,False,True,,0,485.95,True,,True,False,False,False,False,,,,ok,False,1,0,25.105,45.47,0,6671.7,56102,33506,23454
95836684_2615.9900,95836684,2616,B,979,192.85,83146,3,11.386,1.0514,1.01,161.82,22.918,True,False,,ok,True,True,18611,4585.2,flare_decay,2616,0.27688,5.1282,0.36619,89225,False,True,False,3.2974,9.3984,,True,False,True,True,True,ok,True,True,1.6994,0.92579,True,0.19584,40.841,296.82,False,True,,0,327.73,True,,True,False,False,False,False,,,,ok,False,1,0,20.003,30.004,0,4585.2,64171,42131,18611
141150175_2619.9900,141150175,2620,B,981,192.67,1.2334e+05,3,12.231,1.3427,0.91,179.08,44.563,True,False,,ok,True,True,15246,6390.4,flare_decay,2620,0.5188,5.25,0.86195,1.5981e+05,True,True,False,5.1882,2.5559,,True,False,True,True,True,ok,True,True,1.9821,0.6707,True,0.025103,3.2273,217.56,False,True,,0,381.89,True,,True,False,False,False,False,,,,ok,False,1,0,16.002,24.002,0,6390.4,45681,32645,15246
237214300_2632.5200,237214300,2632.5,B,989,189.94,1.093e+05,3,11.537,1.0124,1.026,295.01,74.673,True,False,,ok,True,True,24809,7441.3,flare_decay,2632.5,0.30618,8.2335,0.12393,1.1214e+05,False,True,False,3.2309,41.401,,True,False,True,True,True,ok,True,True,2.117,0.78681,True,0.10165,26.292,392.97,False,True,,0,402.12,True,,True,False,False,False,False,,,,ok,False,1,0,21.135,41.401,0,7441.3,65079,39379,24809
321415900_2611.1800,321415900,2611.2,B,1020,185.48,71273,1,7.021,2.2543,1.47,163.69,36.759,True,False,,ok,True,True,6.5448e+05,3.636e+05,flare_decay,2611.2,0.53569,4.6032,0.902,1.5389e+05,True,True,False,7.5129,0.24979,grazing,False,True,False,True,True,ok,True,True,10.301,0.70471,True,0.14201,121.46,916.81,False,True,,0,1910.6,True,,True,False,False,False,False,,,,ok,False,1,0,24.756,37.134,0,3.636e+05,1.7397e+06,9.2187e+05,6.5448e+05
307988813_2629.7200,307988813,2629.7,B,1044,180.84,91632,3,11.891,0.9422,0.74,149.5,29.552,True,False,,ok,True,True,10965,4878.8,flare_decay,2629.7,0.4753,5.9806,0.95011,1.0846e+05,True,True,False,3.7875,9.8406,,True,False,True,True,True,ok,True,True,1.7191,0.69442,True,0.062346,10.125,205.89,False,True,,0,310.9,True,,True,False,False,False,False,,,,ok,False,1,0,19.398,29.097,0,4878.8,33255,22690,10965
219752760_2621.4300,219752760,2621.4,B,1059,177.22,1.4298e+05,1.5,11.895,1.536,1.24,261.24,62.308,True,False,,ok,True,True,10963,4017.7,step,2621.4,0.35991,6.0307,1.9622e-07,1.5488e+05,False,True,False,4.7931,4.9553,,False,True,False,True,True,ok,True,True,2.3616,0.86632,True,0.06706,15.149,320.17,False,True,,0,418.53,True,,True,False,False,False,False,,,,ok,False,1,0,14.591,21.886,0,4017.7,21328,10963,11973
17238865_2628.4800,17238865,2628.5,B,1089,172.05,1.0855e+05,2,11.803,1.3633,1.11,147.06,36.341,True,False,,ok,True,True,14125,6038,flare_decay,2628.5,0.80838,5.2925,1.3186,1.1996e+05,True,True,False,5.8718,1.7947,grazing,True,False,True,True,True,ok,True,True,1.8541,0.51166,True,0.050201,6.9652,225.87,False,True,,0,319,True,,True,False,False,False,False,,,,ok,False,1,0,18.141,27.212,0,6038,45131,30850,14125
219113068_2630.3500,219113068,2630.3,B,1103,169.74,1.9159e+05,1,12.62,1.5697,0.99,271.93,69.971,True,False,,ok,True,True,14128,7511.6,flare_decay,2630.4,0.54448,3.9878,0.79991,1.9782e+05,True,True,False,5.9988,0.63997,grazing,True,False,False,True,True,ok,True,True,1.4115,0.65264,True,0.030479,4.4616,208.67,False,True,,0,239.58,True,,True,False,False,False,False,,,,ok,False,1,0,19.252,28.878,0,7511.6,63927,49593,14128
297906975_2616.2000,297906975,2616.2,B,1137,166.75,1.1407e+05,4,12.537,1.6378,1,148.54,53.528,True,False,,ok,True,True,6896.6,2940.7,flare_decay,2616.2,0.40028,7.0604,0.71958,1.4108e+05,True,True,False,5.6552,4.833,,True,False,True,True,True,ok,True,True,1.4169,0.71915,True,0.13688,19.072,212.33,False,True,,0,236.26,True,,True,False,False,False,False,,,,ok,False,1,0,19.78,29.671,0,2940.7,19239,12801,6896.6
147993277_2617.4000,147993277,2617.4,B,1201,160.25,26088,6,10.344,2.2042,1.28,170.31,69.679,True,False,,ok,True,True,11888,2065.3,flare_decay,2617.4,0.1527,7.792,8.7128e-05,28195,False,True,False,5.7705,6.1084,,True,False,True,True,True,ok,True,True,1.4526,0.90501,True,0.12633,21.936,223.92,False,True,,0,232.78,True,,True,False,False,False,False,,,,ok,False,1,0,18.588,27.882,0,2065.3,35817,20759,11888
356541551_2634.9900,356541551,2635,B,1239,153.92,1.8286e+05,4,12.796,1.4346,1.06,153.76,60.632,True,False,,ok,True,True,13087,5299.6,flare_decay,2635,0.41299,9.3254,0.40327,1.9367e+05,False,True,False,4.9013,17.233,,True,False,True,True,True,ok,True,True,2.1051,0.70022,True,0.13208,24.26,313.49,False,True,,0,324.02,True,,True,False,False,False,False,,,,ok,False,1,0,24.031,36.046,0,5299.6,30367,19804,13087
159296456_2631.3000,159296456,2631.3,B,1285,149.81,85364,1.5,11.689,1.1353,0.904,228.95,82.681,True,False,,ok,True,True,5786.1,2472.2,flare_decay,2631.3,0.49796,3.431,1.0155,97186,True,True,False,4.3353,1.2032,grazing,True,False,True,True,True,ok,True,True,1.6266,0.70728,True,0.099614,14.619,199.15,False,True,,0,243.67,True,,True,False,False,False,False,,,,ok,False,1,0,20.81,31.215,0,2472.2,28752,22785,5786.1
136950041_2633.8500,136950041,2633.8,B,1306,147.31,36658,6,11.539,1.9141,1.13,173.92,49.742,True,False,,ok,True,True,7342.1,3288.9,flare_decay,2633.8,0.45353,8.8644,1.1315,48799,True,True,False,6.5886,6.0582,,True,False,True,True,True,ok,True,True,1.189,0.69068,True,0.14236,18.702,169.88,False,True,,0,175.14,True,,True,False,False,False,False,,,,ok,False,1,0,23.54,35.309,0,3288.9,20005,13326,7342.1
82223359_2634.9100,82223359,2634.9,B,1317,143.55,1.365e+05,1,12.511,1.3955,1.09,150.84,24.674,True,False,,ok,True,True,5145.1,2615.9,flare_decay,2634.9,0.52053,1.8547,0.84232,1.6796e+05,True,True,False,5.0832,0.10165,grazing,False,True,False,False,False,ok,False,False,-0.23248,-0.19474,True,,,-30.158,True,True,,0,-33.373,True,,True,False,False,False,False,,,,not run,,,,,,0,2615.9,20986,16959,5145.1
258954036_2633.8000,258954036,2633.8,B,1318,143.33,1.213e+05,3,12.276,0.94522,1.02,289.06,68.47,True,False,,ok,True,True,16870,5298.6,flare_decay,2633.8,0.32564,7.1046,0.24986,1.2523e+05,False,True,False,3.0674,31.08,,True,False,True,True,True,ok,True,True,3.1001,0.88077,True,0.056847,10.515,279.91,False,True,,0,444.34,True,,True,False,False,False,False,,,,ok,False,1,0,21.459,32.188,0,5298.6,49020,30472,16870
357128110_2611.2000,357128110,2611.2,B,1336,141.01,1.2629e+05,1,11.259,2.1917,1.15,275.42,56.839,True,False,,ok,True,True,42740,43386,flare_decay,2611.2,0.34399,5.7306,0.43034,1.3471e+05,False,False,False,6.936,1.2882,,False,True,False,,False,not run,,,,,,,,,,,,,,,,,,,,,,,,not run,,,,,,0,43386,1.714e+05,78844,42740
232540248_2620.5200,232540248,2620.5,B,1338,140.93,1.0604e+05,3,12.155,2.8953,1.17,228,71.94,True,False,,ok,True,True,10349,4803.7,flare_decay,2620.5,0.49697,8.0444,0.95454,1.1663e+05,True,True,False,10.163,0.94053,grazing,True,False,True,True,True,ok,True,True,2.1736,0.5224,True,0.10188,18.995,267.37,False,True,,0,306.33,True,,True,False,False,False,False,,,,ok,False,1,0,15.469,23.204,0,4803.7,26537,17689,10349
224289728_2618.6500,224289728,2618.7,B,1358,136.82,2.1955e+05,1.5,12.875,1.4303,1.26,183.08,56.546,True,False,,ok,True,True,11068,3768.3,flare_decay,2618.7,0.43852,3.4979,8.2206e-06,2.2826e+05,False,False,False,4.696,0.98203,,True,False,True,,True,not run,,,,,,,,,,,,,,,,,,,,,,,,not run,,,,,,0,3768.3,43109,32584,11068
99817011_2610.6900,99817011,2610.7,B,1361,135.94,2.3392e+05,3,11.881,2.1506,1.39,163.82,62.766,True,False,,ok,False,False,-5292.6,-5401.9,flare_decay,2610.7,0.39251,6.6754,8.5914e-06,1.8369e+05,False,True,False,6.619,2.4937,,False,True,False,,False,not run,,,,,,,,,,,,,,,,,,,,,,,,not run,,,,,,0,-5401.9,-1554.1,-5049.2,-5292.6
354034874_2627.9800,354034874,2628,B,1367,133.75,1.0982e+05,4,12.927,1.5211,1.09,189.54,53.361,True,False,,ok,True,True,6440.8,2769.7,flare_decay,2628,0.39187,8.4679,0.75054,1.284e+05,True,True,False,5.072,11.632,,True,False,True,True,True,ok,True,True,1.4698,0.67115,True,0.018983,1.9754,170.25,False,True,,0,196.58,True,,True,False,False,False,False,,,,ok,False,1,0,17.632,26.449,0,2769.7,16005,10488,6440.8
8853239_2629.0600,8853239,2629.1,B,1389,131.21,59241,4,11.011,1.5765,1.01,142.37,31.282,True,False,,ok,True,True,16302,3739.5,flare_decay,2629.1,0.22699,7.2779,1.4692e-06,62124,False,True,False,4.7527,8.9608,,True,False,True,True,True,ok,True,True,2.4099,0.93409,True,0.11316,24.933,274.61,False,True,,0,316.2,True,,True,False,False,False,False,,,,ok,False,1,0,17.915,26.872,0,3739.5,43722,25059,16302
219892238_2616.1800,219892238,2616.2,B,1416,127.22,50688,4,11.861,0.92398,1.008,262.59,66.167,True,False,,ok,True,True,5992.9,1339.8,flare_decay,2616.2,0.2107,7.3588,0.12104,53401,False,True,False,2.7492,47.97,,True,False,True,True,True,ok,True,True,1.5905,0.91497,True,0.065747,8.6039,171.59,False,True,,0,202.34,True,,True,False,False,False,False,,,,ok,False,1,0,19.806,47.97,0,1339.8,15394,8970.2,5992.9
453426743_2630.7900,453426743,2630.8,B,1418,126.69,62252,3,12.256,2.0087,1.23,146.28,50.734,True,False,,ok,True,True,3226.9,1474.6,flare_decay,2630.8,0.47359,5.628,1.0589,74689,True,True,False,6.8149,1.3146,grazing,True,False,True,True,True,ok,True,True,1.3279,0.71883,True,0.15979,13.277,130.19,False,True,,0,168.23,True,,True,False,False,False,False,,,,ok,False,1,0,19.93,29.895,0,1474.6,10403,7017.7,3226.9
235717325_2617.8900,235717325,2617.9,B,1551,114.99,43029,2,11.333,1.5578,1.11,255.04,78.037,True,False,,ok,True,True,4150.2,1762.5,flare_decay,2617.9,0.45936,4.0895,1.1331,50118,True,True,False,5.4138,1.0112,grazing,True,False,True,True,True,ok,True,True,1.8425,0.71931,True,0.054327,5.631,126.41,False,True,,0,211.87,True,,True,False,False,False,False,,,,ok,False,1,0,18.092,27.138,0,1762.5,14590,10716,4150.2
1102117_2620.2700,1102117,2620.3,B,1626,107.56,88929,1,12.253,1.1626,1.11,155.26,25.363,True,False,,ok,True,True,2215.9,1503.6,flare_decay,2620.3,0.50949,1.3755,0.94347,1.2613e+05,True,True,False,4.1777,0.075939,grazing,False,True,False,False,False,ok,False,False,-1.7685,-0.78248,True,,,-26.795,True,True,,0,-190.22,True,,True,False,False,False,False,,,,not run,,,,,,0,1503.6,12827,10611,2215.9
1095341_2618.6100,1095341,2618.6,B,1631,107.41,34184,2,10.866,2.0788,1.02,154.84,24.854,True,False,,ok,True,True,5113.7,2029.7,flare_decay,2618.6,0.25466,5.165,0.92123,37580,True,True,False,6.3907,1.1957,grazing,True,False,True,True,True,ok,True,True,1.2424,0.71298,True,0.12798,12.458,100.92,False,True,,0,133.44,True,,True,False,False,False,False,,,,ok,False,1,0,17.377,26.066,0,2029.7,16033,11003,5113.7
51271205_2627.8500,51271205,2627.8,B,1687,103.43,88026,4,12.372,1.5624,1.01,192.72,53.403,True,False,,ok,True,True,9055.3,2467.7,flare_decay,2627.8,0.27952,9.932,2.7122e-07,93941,False,True,False,4.9121,20.684,,True,False,True,True,True,ok,True,True,2.8358,0.94273,True,0.21497,33.865,250.7,False,True,,0,293.3,True,,True,False,False,False,False,,,,ok,False,1,0,17.546,26.319,0,2467.7,19220,11565,9055.3
3908295_2632.6000,3908295,2632.6,B,1708,101.51,50532,1,11.281,2.117,0.94,151.65,24.848,True,False,,ok,True,True,1409.5,1350.3,flare_decay,2632.6,0.46189,1.7427,1.0901,62015,True,True,False,7.7967,0.099343,grazing,False,True,False,False,False,ok,False,False,0.017424,0.025745,True,,,1.7018,True,True,,0,1.7688,True,,True,False,False,False,False,,,,ok,False,1,0,22.607,33.91,0,1350.3,11170,9102.8,1409.5
115809615_2612.4400,115809615,2612.4,B,1711,101.07,33438,6,11.671,0.85642,0.942,150.38,43.071,True,False,,ok,True,True,4541.2,3175.7,flare_decay,2612.4,0.48893,2.2,0.99542,99843,True,True,False,3.2056,0.78458,grazing,False,True,False,False,False,ok,False,False,0.051824,0.35288,False,1.2305,5.787,4.7984,False,True,,0,5.238,True,,True,False,False,False,False,,,,not run,,,,,,0,3175.7,22198,17437,4541.2
219088686_2617.6400,219088686,2617.6,B,1712,101.01,66834,2,12.566,1.8473,1.33,268.46,67.716,True,False,,ok,True,True,2415.9,920.31,flare_decay,2617.6,0.38582,3.9616,0.92645,78821,True,True,False,5.7402,0.7188,grazing,True,False,True,True,True,ok,True,True,1.1779,0.59961,True,0.029175,1.6424,90.075,False,True,,0,118.98,True,,True,False,False,False,False,,,,ok,False,1,0.0011275,18.347,27.52,0,920.31,8288.3,6164.3,2415.9
138689000_2611.5000,138689000,2611.5,B,1715,99.324,71187,3,12.276,1.2457,1.33,136.87,28.933,True,False,,ok,True,True,837.18,721.84,flare_decay,2611.5,0.47588,2.5604,0.9772,1.0015e+05,True,True,False,4.1207,0.55149,grazing,False,True,False,False,False,ok,False,False,0.051872,2.7054,True,0.80998,3.9206,5.3398,False,True,,0,5.1521,True,,True,False,False,False,False,,,,ok,False,1,0,24.463,36.695,0,721.84,7299.4,5109.3,837.18
154492133_2613.7300,154492133,2613.7,B,1736,96.58,10716,2,9.3054,2.1602,1.21,186.64,73.73,True,False,,ok,True,True,2095.6,818.93,flare_decay,2613.7,0.17391,3.9996,0.98594,12489,True,True,False,5.8685,0.59765,grazing,True,False,True,True,True,ok,True,True,0.52346,0.77506,True,0.053013,2.1303,33.617,False,True,,0,50.555,True,,True,False,False,False,False,,,,ok,False,1,0,22.255,33.382,0,818.93,7181.8,5170.5,2095.6
105506409_2617.4300,105506409,2617.4,B,1737,96.498,58305,1.5,12.525,0.94391,0.74,148.75,43.108,True,False,,ok,True,True,451,528.4,flare_decay,2617.4,0.48012,1.9556,1.0336,84549,True,True,False,3.8068,0.27953,grazing,False,True,False,False,False,ok,False,False,-0.22545,-0.21078,True,,,-4.9949,True,True,,0,-21.756,True,,True,False,False,False,False,,,,not run,,,,,,0,528.4,3949.8,3216.5,451
417734853_2613.4800,417734853,2613.5,B,1774,91.753,1.2696e+05,1,8.852,2.8435,1.259,299.51,67.861,True,False,,ok,True,True,3.1133e+05,3.0002e+05,flare_decay,2613.5,0.35701,7.0014,0.64225,1.3122e+05,False,False,False,8.8231,0.99537,,True,False,True,,True,not run,,,,,,,,,,,,,,,,,,,,,,,,not run,,,,,,0,3.0002e+05,8.6325e+05,5.6093e+05,3.1133e+05
199572139_2619.6000,199572139,2619.6,B,1790,90.294,61741,2,11.99,2.0732,1.06,241.54,60.668,True,False,,ok,True,True,4914.3,2053.2,flare_decay,2619.6,0.33935,6.3733,0.90752,66450,True,True,False,6.7177,2.0458,grazing,True,False,True,True,True,ok,True,True,2.3279,0.72951,True,0.085691,8.6364,146.42,False,True,,0,210.2,True,,True,False,False,False,False,,,,ok,False,1,0,16.386,24.579,0,2053.2,14223,9402.1,4914.3
241191716_2628.0200,241191716,2628,B,1800,89.227,86178,2,12.756,0.82754,0.99,153.08,25.067,True,False,,ok,True,True,4540.2,549.85,flare_decay,2628,0.28376,3.6855,0.45935,91586,False,True,False,2.6265,6.9009,,True,False,True,False,True,ok,False,False,-0.30807,-0.19851,True,,,-128.93,True,True,,0,-27.488,True,,True,False,False,False,False,,,,not run,,,,,,0,549.85,11066,8057.5,4540.2
441658804_2619.9700,441658804,2620,B,1811,88.142,58938,1,11.554,1.4831,1.12,210.16,58.56,True,False,,ok,True,True,5946.8,2500.8,flare_decay,2620,0.47019,3.8365,1.0986,62470,True,True,False,5.1766,0.9568,grazing,True,False,True,True,True,ok,True,True,1.4215,0.68188,True,0.16445,17.427,142.77,False,True,,0,125.3,True,,True,False,False,False,False,,,,ok,False,1,0,16.022,24.033,0,2500.8,21410,15909,5946.8
166150853_2611.2500,166150853,2611.2,B,1830,85.754,58656,1.5,11.192,1.7671,1.02,216.21,64.286,True,False,,ok,True,True,14019,5285.4,flare_decay,2611.2,0.27748,4.3895,0.80414,64689,True,True,False,5.5296,1.1631,grazing,True,False,True,True,True,ok,True,True,2.7602,0.80605,True,0.12732,19.276,204.25,False,True,,0,236.7,True,,True,False,False,False,False,,,,ok,False,1,0,24.736,37.103,0,5285.4,46317,32041,14019
259231975_2618.1100,259231975,2618.1,B,1844,84.566,40078,2,12.014,1.8919,1.05,292.77,71.073,True,False,,ok,True,True,1665,629.41,flare_decay,2618.1,0.26049,4.7707,0.88608,45047,True,True,False,5.7857,1.3078,grazing,True,False,True,True,True,ok,True,True,1.3646,0.75656,True,0.12439,8.1449,93.694,False,True,,0,115.4,True,,True,False,False,False,False,,,,ok,False,1,0,17.858,26.787,0,629.41,5652.5,3920.6,1665
117418233_2626.9500,117418233,2626.9,B,1851,83.436,30661,6,12.604,0.99825,0.99,137.69,29.355,True,False,,ok,True,True,1141.9,455.99,flare_decay,2627,0.19578,9.0622,0.77626,36971,False,True,False,2.9513,72.421,,True,False,True,False,True,ok,False,False,0.049603,0.037907,True,,,0.75509,True,True,,0,4.1387,False,"Carolina (V=13.3, 46"")",True,False,False,False,False,,,,not run,,,,,,0,455.99,3415.9,2135.2,1141.9
26971124_2611.1500,26971124,2611.2,B,1898,80.37,73037,3,12.784,1.597,1.23,149.9,22.734,True,False,,ok,True,True,3250.2,1297.2,flare_decay,2611.1,0.31706,6.012,0.76953,87471,True,True,False,4.8395,4.7649,,True,False,True,True,True,ok,True,True,1.6261,0.73953,True,0.28757,15.813,95.168,False,True,,0,130.69,True,,True,False,False,False,False,,,,ok,False,1,0,24.842,37.263,0,1297.2,10053,6483,3250.2
3902872_2629.7700,3902872,2629.8,B,1904,80.299,56808,1,11.52,1.0748,0.96,151.29,28.295,True,False,,ok,True,True,2759.5,1017.6,flare_decay,2629.8,0.47948,2.4201,1.1041,64030,True,True,False,3.9728,0.51957,grazing,True,False,True,True,True,ok,True,True,1.4464,0.61327,True,0.024423,1.8814,91.929,False,True,,0,116.15,True,,True,False,False,False,False,,,,ok,False,1,0,19.829,29.743,0,1017.6,12218,10129,2759.5
105483271_2632.1100,105483271,2632.1,B,1953,77.949,49637,1,12.085,1.0579,1.08,143.83,42.498,True,False,,ok,True,True,763.52,514.01,flare_decay,2632.1,0.44109,1.9723,1.0828,57225,True,True,False,3.662,0.33987,grazing,True,False,True,False,True,ok,False,False,-0.030973,-0.028462,True,,,-7.8685,True,True,,0,-2.4143,True,,True,False,False,False,False,,,,not run,,,,,,0,514.01,5098.3,4177.1,763.52
230114503_2633.6600,230114503,2633.7,B,1962,77.463,48088,3,11.245,2.3286,1.04,248.78,69.94,True,False,,ok,True,True,5856.9,2252.6,flare_decay,2633.7,0.23562,7.8758,0.784,51606,True,True,False,7.0061,3.4643,,True,False,True,True,True,ok,True,True,2.8047,0.73447,True,0.034765,5.1112,183.43,False,True,,0,217.26,True,,False,False,True,False,False,,,,not run,,,,,,0,2252.6,14649,9563.1,5856.9
202351301_2613.5200,202351301,2613.5,B,1965,77.373,80692,3,12.665,1.0458,0.7,234.92,63.027,True,False,,ok,True,True,4703.2,2216.2,flare_decay,2613.5,0.482,9.5627,1.0261,87540,True,True,False,4.3027,27.475,,True,False,True,True,True,ok,True,True,2.4732,0.61198,True,0.081784,7.9362,147.11,False,True,,0,191.36,True,,True,False,False,False,False,,,,ok,False,1,0,22.469,33.703,0,2216.2,9794.6,6794.5,4703.2
417851290_2610.6700,417851290,2610.7,B,1973,76.87,1.5102e+05,3,11.729,1.8297,1.07,161.19,60.529,True,False,,ok,False,False,-2878.9,-1693.7,flare_decay,2610.6,0.25088,9.15,1.4508e-15,75801,False,True,False,5.5177,11.39,,False,True,False,,False,not run,,,,,,,,,,,,,,,,,,,,,,,,not run,,,,,,0,-1693.7,-1788,-2173.5,-2878.9
154106090_2626.9600,154106090,2627,B,1983,76.133,11549,24,12.585,0.5169,0.51451,211,71.435,True,False,,ok,True,True,611.7,739.15,flare_decay,2626.9,0.41047,65.201,1.2473,15389,True,False,True,2.2418,61529,,False,True,False,,False,not run,,,,,,,,,,,,,,,,,,,,,,,,not run,,,,,,0,739.15,1179.6,709.71,611.7
366514799_2633.1100,366514799,2633.1,B,2008,74.282,26279,2,11.619,2.7968,1.29,302.09,68.706,True,False,,ok,True,True,1130.9,353.17,flare_decay,2633.1,0.18905,3.8134,0.84962,29880,True,True,False,7.5383,0.26726,grazing,True,False,True,True,True,ok,True,True,1.1573,0.72243,True,0.078436,3.393,62.471,False,True,,0,85.966,True,,True,False,False,False,False,,,,ok,False,1,0,22.156,33.234,0,353.17,4020,3010.2,1130.9
126369442_2635.0000,126369442,2635,B,2032,73.004,47194,3,11.308,1.3147,1.1,136.07,24.426,True,False,,ok,True,True,8574.4,3591.7,flare_decay,2635,0.27025,7.827,0.8622,52170,True,True,False,3.9873,18.919,,True,False,True,True,True,ok,True,True,2.9331,0.76396,True,0.043376,5.5752,187.17,False,True,,0,214.13,True,,True,False,False,False,False,,,,ok,False,1,0,22.129,33.194,0,3591.7,22369,14327,8574.4
165368786_2611.9400,165368786,2611.9,B,2099,70.403,68127,1.5,12.808,1.1879,1.08,158.62,27.832,True,False,,ok,True,True,763.9,523.67,flare_decay,2611.9,0.28024,2.4381,0.6753,80900,False,False,False,3.6531,0.69793,,True,False,True,,True,not run,,,,,,,,,,,,,,,,,,,,,,,,not run,,,,,,0,523.67,5233.2,4125.3,763.9
159397467_2611.3000,159397467,2611.3,B,2144,68.093,38765,4,11.527,1.6534,1.02,237.17,82.226,True,False,,ok,True,True,7488.8,1367.1,flare_decay,2611.3,0.18876,7.3244,1.0489e-06,43034,False,True,False,4.8135,8.7884,,True,False,True,True,True,ok,True,True,3.5968,0.80794,True,0.06565,7.0978,167.91,False,True,,0,244.92,True,,True,False,False,False,False,,,,ok,False,1,2.6554e-47,24.68,37.021,0,1367.1,19167,9945.6,7488.8
56939500_2629.5800,56939500,2629.6,B,2164,67.092,76866,2,10.911,2.3731,1.02,172.66,42.814,True,False,,ok,True,True,45824,10934,flare_decay,2629.6,0.26209,7.1235,0.21872,81784,False,False,False,7.3414,2.1642,,True,False,True,,True,not run,,,,,,,,,,,,,,,,,,,,,,,,not run,,,,,,0,10934,1.3368e+05,74745,45824
241195276_2627.0800,241195276,2627.1,B,2230,64.937,61705,1.5,12.649,0.81383,1.01,153.39,25.151,True,False,,ok,True,True,29.357,320.05,flare_decay,2627.1,0.47682,2.3247,1.0612,75209,True,True,False,2.9519,1.2042,grazing,False,True,False,False,False,ok,False,False,0.0040421,0.011256,True,,,-0.24981,True,True,,1,0.26248,True,,True,False,False,False,False,,,,not run,,,,,,0,320.05,2703.8,1795.4,29.357
160333759_2620.1100,160333759,2620.1,B,2239,64.659,43675,3,12.494,1.3027,1.06,155.93,30.278,True,False,,ok,True,True,1700.4,264.56,flare_decay,2620.1,0.19882,4.8334,2.3136e-06,47724,False,True,False,3.7749,5.2274,,True,False,True,True,True,ok,True,True,1.2455,0.96368,True,0.10872,5.7041,73.237,False,True,,0,80.532,True,,True,False,False,False,False,,,,ok,False,1,0,15.887,23.831,0,264.56,5228.9,3197.9,1700.4
27069388_2610.5100,27069388,2610.5,B,2240,64.507,26873,2,12.012,1.7241,1.17,152.07,20.732,True,False,,ok,True,True,452.67,350.14,flare_decay,2610.5,0.43532,2.8831,1.1641,36279,True,True,False,5.7911,0.16739,grazing,False,True,False,False,False,ok,False,False,-0.029896,-0.03306,True,,,1.0255,True,True,,0,-1.9285,True,,True,False,False,False,False,,,,not run,,,,,,0,350.14,2694.3,1871.9,452.67
302666461_2620.1500,302666461,2620.2,B,2241,64.495,36278,4,11.736,2.3401,1.17,162.92,55.531,True,False,,ok,True,True,2706.4,509.2,flare_decay,2620.1,0.1809,7.0401,0.13164,39392,False,True,False,6.4686,3.1356,,True,False,True,True,True,ok,True,True,2.06,0.95577,True,0.019511,1.9556,121.1,False,True,,0,132.86,True,,True,False,False,False,False,,,,ok,False,1,0,15.845,23.767,0,509.2,7251.9,4169.7,2706.4
105508235_2616.4300,105508235,2616.4,B,2280,62.818,14210,1,10.5,1.6375,1.39,149.05,43.114,True,False,,ok,True,True,395.17,134.77,flare_decay,2616.4,0.12855,1.3275,0.76756,16342,False,False,False,4.0813,0.098025,,False,True,False,,False,not run,,,,,,,,,,,,,,,,,,,,,,,,not run,,,,,,0,134.77,1817.4,1517.5,395.17
105505964_2617.9500,105505964,2617.9,B,2295,62.221,53474,3,12.766,1.1265,1.01,148.57,43.117,True,False,,ok,True,True,772.24,766.6,flare_decay,2618,0.48482,1.7167,0.98663,1.0091e+05,True,True,False,4.109,0.096349,grazing,False,True,False,False,False,ok,False,False,0.056524,0.34186,False,1.1397,4.4137,3.0479,False,True,,0,3.517,True,,True,False,False,False,False,,,,not run,,,,,,0,766.6,6521,5193.6,772.24
1096885_2621.1700,1096885,2621.2,B,2320,61.196,70877,1.5,12.96,1.827,0.92,154.97,25.346,True,False,,ok,True,True,1398.5,783.61,flare_decay,2621.2,0.47503,4.5464,1.0552,76292,True,True,False,6.8353,0.57509,grazing,True,False,True,False,True,ok,False,False,0.0049982,0.0035456,True,,,-85.685,True,True,,0,0.30587,True,,True,False,False,False,False,,,,not run,,,,,,0,783.61,4982.3,3381.5,1398.5
149918366_2610.7600,149918366,2610.8,B,2325,61.115,41580,6,12.042,1.0911,1.21,160.96,60.333,True,False,,ok,False,False,-196.03,25.311,flare_decay,2610.5,0.22884,24,0.00010388,63138,False,True,False,3.1005,1160.4,,False,,,,False,not run,,,,,,,,,,,,,,,,,,,,,,,,not run,,,,,,0,25.311,1043,82.408,-196.03
99817973_2610.8100,99817973,2610.8,B,2357,60.181,1.9537e+05,6,12.093,0.96317,1.16,164.06,62.936,True,False,,ok,True,True,2986.4,8306.1,step,2610.4,0.9,8.2111,1.5645e-07,8.6463e+05,False,True,False,4.293,17.511,,False,,,False,False,ok,False,False,0.031175,0.00089152,True,,,-21.535,True,True,,0,1.8761,True,,True,False,False,False,False,,,,not run,,,,,,0,8306.1,7219.1,2986.4,3559
82247390_2634.3800,82247390,2634.4,B,2441,57.091,77693,1,12.367,0.91981,1.05,151.01,24.709,True,False,,ok,True,True,859.24,930.01,flare_decay,2634.4,0.29457,5,0.59846,93406,False,True,False,2.8869,12.988,,False,,,False,False,ok,False,False,-6.4884,-1.2252,True,,,-1303.7,True,True,,0,-370.43,True,,True,False,False,False,False,,,,not run,,,,,,0,930.01,5886.4,4806.1,859.24
165288640_2614.6500,165288640,2614.7,B,2446,56.902,42345,4,12.779,1.2442,1.02,156.92,25.434,True,False,,ok,True,True,919.91,1044.1,flare_decay,2614.7,0.4708,8.4714,0.8747,1.3089e+05,True,True,False,4.481,16.904,,False,,,False,False,ok,False,False,-3.4092,-0.88307,True,,,-2507.2,True,True,,0,-193.99,True,,True,False,False,False,False,,,,not run,,,,,,0,1044.1,3742.1,2647,919.91
1097359_2621.0900,1097359,2621.1,B,2465,56.014,54729,1.5,12.447,0.73121,0.62,155.03,25.332,True,False,,ok,False,False,-35.166,427.28,flare_decay,2621.1,0.46436,3.9401,1.1134,56648,True,True,False,3.0944,5.153,,False,True,False,,False,not run,,,,,,,,,,,,,,,,,,,,,,,,not run,,,,,,0,427.28,3219.1,2345.6,-35.166
105487579_2630.7900,105487579,2630.8,B,2474,55.77,67605,1.5,12.91,0.98191,0.91,144.32,42.595,True,False,,ok,True,True,448.84,360.45,flare_decay,2630.8,0.50889,1.2325,0.99535,1.0833e+05,True,True,False,3.7681,0.06807,grazing,False,True,False,False,False,ok,False,False,0.059544,3.3732,True,0.69839,2.2419,3.7137,False,True,,0,3.3208,True,,True,False,False,False,False,,,,ok,False,1,0,20.821,31.231,0,360.45,2642.5,2213.6,448.84
159189161_2613.3300,159189161,2613.3,B,2488,55.281,31312,1,12.038,1.2692,0.97,200.95,59.783,True,False,,ok,True,True,448.1,172.19,flare_decay,2613.3,0.23971,2.1218,0.90743,35807,True,True,False,3.9174,0.29843,grazing,True,False,True,True,True,ok,True,True,1.2299,0.78599,True,0.085225,2.9844,48.973,False,True,,0,67.992,True,,True,False,False,False,False,,,,ok,False,1,0,22.659,33.988,0,172.19,1893.8,1550.7,448.1
230128439_2614.7400,230128439,2614.7,B,2492,55.026,50082,4,12.178,1.911,1.07,251.6,69.162,True,False,,ok,False,False,-2023.7,502.57,flare_decay,2614.8,0.20977,9.1352,0.69434,45459,False,True,False,5.5733,10.994,,False,True,False,,False,not run,,,,,,,,,,,,,,,,,,,,,,,,not run,,,,,,0,502.57,7558.9,121.13,-2023.7
157999789_2615.3700,157999789,2615.4,B,2519,52.784,34637,1,9.2419,1.2961,1.173,213.51,81.821,True,False,,ok,True,True,7016.4,3170,flare_decay,2615.4,0.43811,3.8759,1.1668,36386,True,True,False,4.3564,1.727,grazing,True,False,True,True,True,ok,True,True,3.9164,0.64381,True,0.064196,9.332,169.8,False,True,,0,206.72,True,,False,True,True,False,False,,,157999789.01,not run,,,,,,0,3170,25707,19690,7016.4
21499327_2629.2600,21499327,2629.3,B,2525,52.337,53256,3,11.696,1.314,1.03,148.77,36.064,True,False,,ok,True,True,7646.8,2091.6,flare_decay,2629.3,0.22769,4.6578,0.4648,59197,False,True,False,3.937,4.1151,,True,False,True,True,True,ok,True,True,3.0727,0.91685,True,0.037043,4.2056,139.93,False,True,,1,160.82,True,,False,False,True,False,False,,,,not run,,,,,,0,2091.6,28121,17966,7646.8
286713983_2614.5900,286713983,2614.6,B,2585,50.542,1.7184e+05,6,12.746,1.1339,1.01,142.89,22.868,True,False,,ok,True,True,339.23,95.128,step,2614.7,0.40761,13.454,0.41337,1.8829e+05,False,True,False,3.9207,101.13,,False,True,False,False,False,ok,False,False,0.35763,0.0015537,True,,,-8.195,True,False,286713981,0,18.075,True,,True,False,False,False,False,,,,not run,,,,,,0,95.128,631.96,339.23,553.44
14900161_2635.8300,14900161,2635.8,B,2602,50.147,25431,1.5,8.731,0.86713,1.03,159.87,31.705,True,False,,ok,False,False,3.1197,59.797,ramp,2636,0.35487,9.3824,1.2772,4282.8,True,True,False,2.8667,87.708,,False,True,False,,False,not run,,,,,,,,,,,,,,,,,,,,,,,,not run,,,,,,0,59.797,3.1197,18.229,26.144
95472370_2614.5500,95472370,2614.6,B,2630,49.431,29036,8,12.209,1.6236,1.16,155.99,22.583,True,False,,ok,True,True,1166,994.42,ramp,2614.6,0.24638,31.819,0.93746,32871,True,True,False,4.7477,754.05,,True,True,True,False,True,ok,False,False,0.2677,0.081075,True,,,-236.54,True,True,,0,13.233,True,,True,False,False,False,False,,,,not run,,,,,,0,994.42,1166,1975.9,1989.9
17238959_2626.9600,17238959,2627,B,2666,48.483,11562,3,10.977,2.5595,1.09,147.15,35.992,True,False,,ok,True,True,933.01,455.09,flare_decay,2627,0.1344,4.9748,0.88803,14509,True,True,False,6.9602,0.36545,grazing,True,False,True,True,True,ok,True,True,1.6259,0.81585,True,0.053869,2.1685,50.054,False,True,,0,78.83,True,,True,False,False,False,False,,,,ok,False,1,0,16.678,25.017,0,455.09,3743.4,2372.8,933.01
87974611_2635.5900,87974611,2635.6,B,2680,48.297,19774,4,11.78,0.90653,1.02,146.63,23.527,True,False,,ok,True,True,580.73,290.27,flare_decay,2635.6,0.15283,7.4579,0.7734,22864,False,True,False,2.5582,61.973,,True,False,True,False,True,ok,False,False,-0.37526,-0.20434,True,,,-128.29,True,False,87974607,0,-18.124,False,"Gratia (V=13.4, 25"")",True,False,False,False,False,,,,not run,,,,,,0,290.27,2274.6,1398.6,580.73
149441570_2631.0800,149441570,2631.1,B,2710,47.568,56911,1.5,12.739,0.56739,0.56063,140.69,24.427,True,False,,ok,True,True,562.84,268.44,flare_decay,2631.1,0.4668,1.9359,1.0445,76383,True,True,False,2.487,1.1669,grazing,False,True,False,False,False,ok,False,False,0.10492,0.2183,True,,,1.7878,True,True,,0,4.9908,True,,True,False,False,False,False,,,,ok,False,0.8,0,20.743,31.115,0,268.44,2608.4,2033.3,562.84
286752112_2617.8400,286752112,2617.8,B,2719,47.23,54172,1,12.663,1.5931,1.02,143.53,22.1,True,False,,ok,True,True,126.63,100.71,flare_decay,2617.8,0.23783,1.7535,0.68546,58460,False,False,False,4.8293,0.11805,,False,True,False,,False,not run,,,,,,,,,,,,,,,,,,,,,,,,not run,,,,,,0,100.71,1712.3,1248.2,126.63
307929248_2635.7200,307929248,2635.7,B,2726,47.037,27856,6,12.502,0.72595,0.92,141.42,30.184,True,False,,ok,False,False,-14.362,74.902,ramp,2635.7,0.156,7.9593,0.73328,24664,False,True,False,2.126,131.24,,False,True,False,,False,not run,,,,,,,,,,,,,,,,,,,,,,,,not run,,,,,,0,74.902,-14.362,70.183,199.45
149928913_2610.6500,149928913,2610.7,B,2752,46.114,34596,3,11.36,0.91007,0.87,162.14,61.404,True,False,,ok,False,False,-666.37,360.4,flare_decay,2610.5,0.41471,4.3011,1.2412,17105,True,True,False,3.3236,5.4087,,False,True,False,,False,not run,,,,,,,,,,,,,,,,,,,,,,,,not run,,,,,,0,360.4,-85.229,-52.135,-666.37
23971753_2620.9500,23971753,2620.9,B,2767,45.667,36994,3,12.874,2.334,1.05,147.49,43.054,True,False,,ok,True,True,184.05,328.77,flare_decay,2621,0.46914,1.7924,1.0716,69517,True,True,False,8.3277,0.10167,grazing,False,True,False,False,False,ok,False,False,0.11279,1.3105,True,0.98845,3.9526,3.3928,False,True,,0,5.1507,False,"Erminia (V=12.7, 33"")",True,False,False,False,False,,,,not run,,,,,,0,328.77,2781.9,2203.9,184.05
87974614_2635.4700,87974614,2635.5,B,2771,45.535,28707,8,12.669,0.66596,0.84,146.6,23.525,True,False,,ok,True,True,135.38,121.77,step,2635.5,0.43015,13.913,1.2053,26572,True,True,False,2.4872,437.84,,True,True,True,False,True,ok,False,False,-0.1152,-0.060913,True,,,-254.15,True,True,,0,-5.2457,False,"Gratia (V=13.4, 20"")",True,False,False,False,False,,,,not run,,,,,,0,121.77,892.01,135.38,257.05
288299452_2615.1800,288299452,2615.2,B,2821,44.105,1.1712e+05,1.5,11.764,1.3751,1.14,261.65,79.37,True,False,,ok,True,True,4873.1,4241.4,flare_decay,2615.2,0.9,10.621,1.4081,1.2473e+05,True,True,False,6.168,12.784,,False,True,False,True,True,ok,True,True,10.131,0.79799,True,0.08029,25.15,386.56,False,True,,0,446.85,True,,True,False,False,False,False,,,,ok,False,1,0,20.801,31.201,0,4241.4,10834,5833.9,4873.1
287186001_2610.7000,287186001,2610.7,B,2841,43.637,1.9702e+05,3,12.834,0.85494,0.84,149.99,61.246,True,False,,ok,True,True,233.29,538.76,flare_decay,2610.5,0.9,24.3,0.96619,3.4666e+05,True,True,False,4.2435,470.17,,False,,,False,False,ok,False,False,0.2435,0.32315,True,,,-13.62,True,True,,0,10.626,True,,True,False,False,False,False,,,,ok,False,1,0,25.481,470.17,0,538.76,343.2,236.35,233.29
285004462_2635.6200,285004462,2635.6,B,2845,43.56,35186,3,12.878,0.95381,1.09,137.51,24.987,True,False,,ok,True,True,427.05,170.63,flare_decay,2635.6,0.25132,4.7889,0.87367,44336,True,True,False,2.8577,11.763,,True,False,True,True,True,ok,False,True,1.4441,0.79427,False,1.0741,48.831,67.557,False,False,285004459,0,62.907,True,,True,False,False,False,False,,,,not run,,,,,,0,170.63,1325.2,843.64,427.05
172953163_2621.3800,172953163,2621.4,B,2850,43.352,31258,6,12.76,1.3351,1.17,150.02,33.849,True,False,,ok,True,True,36.712,11.427,flare_decay,2621.4,0.10286,6.9323,0.00016706,12812,False,True,False,3.4437,20.398,,False,True,False,False,False,ok,False,False,0.54127,3.3785,True,0.8756,5.3879,5.6898,False,True,,0,23.465,False,"Tauntonia (V=14.7, 27"")",True,False,False,False,False,,,,not run,,,,,,0,11.427,180.94,119.92,36.712
241195749_2626.3700,241195749,2626.4,B,2897,42.069,28380,1,12.098,1.3313,1.02,153.59,25.13,True,False,,ok,True,True,264.51,264.15,flare_decay,2626.4,0.43365,2.9343,1.1838,31689,True,True,False,4.6742,0.54972,grazing,True,False,True,False,True,ok,False,False,0.045301,0.031285,True,0.79075,4.599,3.8551,False,True,,0,1.9057,True,,True,False,False,False,False,,,,not run,,,,,,0,264.15,1835.2,1415.4,264.51
307647966_2635.0600,307647966,2635.1,B,2901,42.003,24880,4,12.781,1.819,1.23,152.86,17.757,True,False,,ok,True,False,223.54,-30.537,flare_decay,2635.1,0.14775,5.1327,8.3224e-08,26403,False,True,False,4.8036,2.9982,,True,False,True,False,True,ok,False,False,-0.069126,-0.043796,True,,,-14.065,True,True,,0,-2.9035,False,"Chacornac (V=15.1, 46"")",True,False,False,False,False,,,,not run,,,,,,0,-30.537,848.01,503.62,223.54
445810368_2610.3800,445810368,2610.4,B,2921,41.518,81123,1,11.554,1.1999,1.04,170.48,49.936,True,False,,ok,True,True,282.24,10782,ramp,2610.3,0.9,7.7251,1.2757,1.8364e+05,True,True,False,5.5482,6.745,,False,True,False,False,False,ok,False,False,-0.17038,-0.093799,True,,,-13.042,True,True,,0,-7.0737,True,,True,False,False,False,False,,,,not run,,,,,,0,10782,282.24,2996.4,2715.4
27002438_2615.1200,27002438,2615.1,B,2924,41.465,35811,1.5,12.516,1.2378,1.11,151.14,21.343,True,False,,ok,True,True,273.37,135.14,flare_decay,2615.1,0.41983,2.7909,1.1206,41868,True,True,False,4.1838,0.69356,grazing,False,True,False,False,False,ok,False,False,0.033719,0.068693,True,,,-4.6102,True,True,,0,1.3981,True,,True,False,False,False,False,,,,not run,,,,,,0,135.14,1424.4,999.71,273.37
287186494_2626.4900,287186494,2626.5,B,2935,41.229,21653,6,12.637,0.76769,0.85,150.3,61.332,True,False,,ok,False,False,-14.656,-6.0705,ramp,2626,0.39459,43.1,1.2703,9677.9,True,True,False,2.785,9272.1,,False,,,,False,not run,,,,,,,,,,,,,,,,,,,,,,,,not run,,,,,,0,-6.0705,-14.656,-8.05,-3.1807
26987488_2616.8500,26987488,2616.8,B,2966,40.767,18382,1,11.451,1.7551,1.31,150.78,21.501,True,False,,ok,True,True,178.83,181.28,flare_decay,2616.8,0.41822,2.0935,1.225,20472,True,True,False,5.6092,0.12301,grazing,False,True,False,False,False,ok,False,False,-0.012583,-0.0082451,True,,,2.3425,True,True,,0,-0.51298,True,,True,False,False,False,False,,,,not run,,,,,,0,181.28,1112.8,864.01,178.83
368294281_2627.3800,368294281,2627.4,B,2970,40.723,4744.5,24,12.399,0.942,1.01,155.03,47.499,True,False,,ok,True,True,65.398,71.659,step,2627.4,0.37691,72,1.2785,6470.5,True,True,False,3.1857,28887,,False,True,False,True,True,ok,True,True,0.48282,0.55577,True,0.66944,7.0276,8.0305,False,True,,0,19.662,True,,True,False,False,False,False,,,,ok,False,1,5.4119e-06,16.436,28887,0,71.659,180.36,65.398,69.746
82223367_2635.0400,82223367,2635,B,2985,40.411,38655,1,12.246,1.0453,1.19,150.84,24.641,True,False,,ok,True,True,48.371,208.33,flare_decay,2635,0.44214,2.8222,1.167,37386,True,True,False,3.5058,1.2797,grazing,False,True,False,False,False,ok,False,False,-0.55483,-0.32151,True,,,-20.495,True,True,,0,-22.421,False,"Ianthe (V=11.6, 26"")",True,False,False,False,False,,,,not run,,,,,,0,208.33,1069.8,459.09,48.371
95310239_2626.6200,95310239,2626.6,B,3000,40.171,47483,1.5,12.976,1.2319,1.02,153.06,23.268,True,False,,ok,True,True,383.11,373.36,flare_decay,2626.6,0.45152,6.4892,1.1345,47482,True,True,False,4.3785,8.1306,,True,False,True,False,True,ok,False,False,-0.10351,-0.064042,True,,,-34.28,True,True,,0,-4.1581,True,,True,False,False,False,False,,,,not run,,,,,,0,373.36,1910.8,1048.5,383.11
257002457_2626.8800,257002457,2626.9,B,3034,39.561,3270.9,24,11.219,0.70634,0.64,223.86,77.801,True,False,,ok,True,True,263.31,293.75,flare_decay,2626.8,0.3534,65.444,1.2741,4426,True,True,False,2.7334,34332,,False,True,False,False,False,ok,False,False,0.031207,0.018958,True,,,-5.6983,True,True,,0,1.2346,True,,True,False,False,False,False,,,,not run,,,,,,0,293.75,523.13,312.62,263.31
355979795_2626.4600,355979795,2626.5,B,3038,39.511,20430,6,12.58,0.67533,0.85,190.09,79.941,True,False,,ok,False,False,-11.058,-5.3838,ramp,2626.3,0.041911,4.3701,0.028168,2128.4,False,True,False,1.8301,34.044,,False,True,False,,False,not run,,,,,,,,,,,,,,,,,,,,,,,,not run,,,,,,0,-5.3838,-11.058,-11.025,-6.6065
331944152_2626.5400,331944152,2626.5,B,3089,38.906,14814,6,12.02,0.72005,0.67,148.63,57.792,True,False,,ok,False,False,-14.596,-7.7053,ramp,2626.1,0.088766,27.033,0.95918,4470.1,True,True,False,2.2075,4593.2,,False,,,,False,not run,,,,,,,,,,,,,,,,,,,,,,,,not run,,,,,,0,-7.7053,-14.596,-5.2874,-0.69055
241193692_2627.2500,241193692,2627.2,B,3096,38.633,19657,3,12.248,0.82618,0.72,153.3,25.159,True,False,,ok,True,True,435.22,208.92,flare_decay,2627.2,0.4138,5.5605,1.2007,23945,True,True,False,3.2115,12.978,,True,False,True,False,True,ok,False,False,0.010487,0.0041198,True,,,-16.275,True,True,,0,0.40512,True,,True,False,False,False,False,,,,not run,,,,,,0,208.92,1404.5,964.69,435.22
241259099_2635.7400,241259099,2635.7,B,3105,38.384,16178,6,11.911,0.51526,0.51294,158.05,32.953,True,False,,ok,False,False,-12.592,-7.7553,step,2635.9,0.04754,13.1,0.0023281,2738.9,False,True,False,1.6613,1226,,False,True,False,,False,not run,,,,,,,,,,,,,,,,,,,,,,,,not run,,,,,,0,-7.7553,3.0088,-12.592,-5.9661
235681475_2615.0200,235681475,2615,B,3153,37.645,16651,1.5,10.864,2.4469,1.08,287.09,76.381,True,False,,ok,True,True,1052.3,435.67,flare_decay,2615,0.42497,4.0674,1.248,17836,True,True,False,8.3893,0.23787,grazing,True,False,True,True,True,ok,True,True,1.1357,0.6732,True,0.12422,4.0893,38.011,False,True,,0,42.754,True,,True,False,False,False,False,,,,ok,False,1,6.5966e-120,20.965,31.447,0,435.67,3575.3,2462.9,1052.3
159344473_2626.8900,159344473,2626.9,B,3189,37.032,1575.8,24,7.763,0.9834,0.92,235.37,83.289,True,False,,ok,True,True,1767.8,1456.8,flare_decay,2626.8,0.3182,55.826,1.2688,1956.4,True,True,False,3.2846,12286,,True,False,False,False,True,ok,False,False,-0.32159,-0.30183,True,,,0.21526,True,True,,1,-11.909,True,,True,False,False,False,False,,,,not run,,,,,,0,1456.8,3796.2,2236.9,1767.8
232623913_2615.3400,232623913,2615.3,B,3193,36.886,18041,4,12.509,1.5652,1.19,268.54,55.819,True,False,,ok,True,True,326.18,227.39,flare_decay,2615.3,0.4219,6.7125,1.2175,22537,True,True,False,5.1779,5.4238,,True,False,True,True,True,ok,False,True,0.92728,0.62526,False,1.5254,71.726,89.854,False,True,,1,34.204,True,,True,False,False,False,False,,,,not run,,,,,,0,227.39,1143.2,694.25,326.18
307930260_2632.3100,307930260,2632.3,B,3214,36.377,21736,6,12.963,2.3639,0.98,141.48,34.669,True,False,,ok,True,True,467.38,198.19,flare_decay,2632.3,0.17681,11.267,0.8709,24762,True,True,False,6.909,10.813,,True,False,True,True,True,ok,True,True,1.3543,0.78373,True,0.093848,2.1767,36.951,False,True,,0,49.267,True,,True,False,False,False,False,,,,ok,False,1,0,21.828,32.743,0,198.19,1070.5,707.13,467.38
157834616_2614.7900,157834616,2614.8,B,3241,35.833,23381,1.5,11.777,2.084,1.25,149.65,43.142,True,False,,ok,True,True,212.52,697.59,flare_decay,2614.8,0.15565,5.9628,0.75177,24180,False,True,False,5.5126,3.0976,,False,True,False,False,False,ok,False,False,-0.00081985,-0.00045389,True,,,-1.6522,True,True,,0,-0.029378,True,,True,False,False,False,False,,,,not run,,,,,,0,697.59,2809.6,1718.3,212.52
173004066_2627.1300,173004066,2627.1,B,3242,35.812,5512.9,24,12.65,0.76667,0.74,150.76,32.124,True,False,,ok,False,False,-36.882,-30.665,step,2627.2,0.072614,41.019,0.80253,5079.5,False,True,False,2.2401,15356,,True,False,False,,True,not run,,,,,,,,,,,,,,,,,,,,,,,,not run,,,,,,0,-30.665,169.57,-36.882,-21.229
27001584_2628.6700,27001584,2628.7,B,3263,35.314,22716,3,12.893,1.5462,1.07,150.97,18.645,True,False,,ok,True,True,207.62,65.872,flare_decay,2628.7,0.16344,4.8538,0.78136,25872,False,True,False,4.3353,3.4709,,True,False,True,True,True,ok,True,True,1.0659,0.87915,True,0.12161,2.1895,28.231,False,True,,0,37.64,True,,True,False,False,False,False,,,,ok,False,1,0,18.819,28.228,0,65.872,758.52,488.18,207.62
27068308_2610.4900,27068308,2610.5,B,3272,35.147,19391,4,12.828,1.7352,1.18,152.04,20.703,True,False,,ok,True,True,229.04,117.21,flare_decay,2610.5,0.42417,6.8945,1.2109,24214,True,True,False,5.7668,4.2367,,True,False,True,False,True,ok,False,False,-0.41698,-0.30678,True,,,-74.789,True,True,,0,-14.655,True,,True,False,False,False,False,,,,not run,,,,,,0,117.21,589.69,392.63,229.04
233087104_2626.6900,233087104,2626.7,B,3273,35.142,7620.3,24,12.5,0.89113,0.94,272.29,62.299,True,False,,ok,True,True,163.24,316.03,flare_decay,2626.7,0.39316,61.168,1.2676,9832.8,True,True,False,3.1231,18799,,False,True,False,False,False,ok,False,False,0.24095,0.14264,True,,,-6.567,True,True,,0,8.4673,True,,True,False,False,False,False,,,,not run,,,,,,0,316.03,640.71,309.5,163.24
137728034_2627.4900,137728034,2627.5,B,3288,34.813,7002.1,24,10.233,0.74787,0.8,173.69,56.03,True,False,,ok,True,True,3511.7,3199.4,flare_decay,2627.4,0.38077,79.94,1.2548,9748.2,True,False,True,2.741,62054,,False,True,False,,False,not run,,,,,,,,,,,,,,,,,,,,,,,,not run,,,,,,0,3199.4,6972.7,5451.1,3511.7
298664029_2626.6800,298664029,2626.7,B,3310,34.383,5238.4,24,11.034,2.4065,1.5,277.97,56.962,True,False,,ok,True,True,512.3,678.75,flare_decay,2626.7,0.37557,66.417,1.2712,7117.3,True,True,False,7.1345,2025.7,,False,True,False,False,False,ok,False,False,0.38106,0.12421,True,0.19919,2.3499,4.6791,False,False,298664034,0,13.102,True,,True,False,False,False,False,,,,not run,,,,,,0,678.75,1474.6,672.48,512.3
149397036_2618.1100,149397036,2618.1,B,3314,34.276,11896,2,11.332,1.5853,1.39,139.69,28.784,True,False,,ok,True,True,57.315,85.568,flare_decay,2618.1,0.39714,3.181,1.2382,14549,True,True,False,4.8927,0.61051,grazing,False,True,False,False,False,ok,False,False,0.01891,0.018498,True,,,2.2316,True,True,,0,0.64817,True,,True,False,False,False,False,,,,not run,,,,,,0,85.568,663.28,479.2,57.315
335661035_2627.0800,335661035,2627.1,B,3316,34.24,7465.5,24,12.859,0.68695,0.66,217.09,78.944,True,False,,ok,True,True,107.79,125.08,flare_decay,2627.1,0.38637,60.438,1.2636,9408.4,True,True,False,2.6953,28204,,False,True,False,True,True,ok,True,True,0.61998,0.94821,True,0.67839,21.358,55.641,False,True,,0,21.228,True,,True,False,False,False,False,,,,ok,True,0.00032483,0,16.217,28204,0,125.08,336.59,118.81,107.79
8260891_2627.3300,8260891,2627.3,B,3322,34.167,6909.4,24,12.612,1.4654,1.09,161.93,37.853,True,False,,ok,True,True,229.94,212.18,flare_decay,2627.4,0.39485,60.399,1.2726,9419.1,True,True,False,4.8963,4702.3,,False,True,False,False,False,ok,False,False,-0.091605,-0.063578,True,0.20477,1.5054,3.4796,False,True,,0,-3.1299,True,,True,False,False,False,False,,,,ok,False,1,0,17.501,4702.3,0,212.18,496.76,324.03,229.94
321441912_2610.2800,321441912,2610.3,B,3356,33.844,15337,6,9.4945,0.72423,0.71,164.6,37.031,True,False,,ok,False,False,-127.18,-122.33,step,2610.3,0.10329,11.863,0.39605,12468,False,True,False,2.2069,388.45,,False,True,False,,False,not run,,,,,,,,,,,,,,,,,,,,,,,,not run,,,,,,0,-122.33,832.77,-127.18,-115.54
229487023_2615.9500,229487023,2615.9,B,3361,33.827,8128.8,6,11.203,2.6045,1.09,296.09,61.748,True,False,,ok,True,True,879.3,309.21,flare_decay,2616,0.10075,15.953,0.89161,8491.7,False,True,False,6.8722,31.343,,True,False,True,True,True,ok,False,True,1.8718,0.8304,False,1.6364,103.64,76.451,False,True,,0,63.317,True,,True,False,False,False,False,,,,not run,,,,,,0,309.21,1149.3,959.22,879.3
233682361_2625.6800,233682361,2625.7,B,3367,33.745,14030,4,12.048,0.86362,0.924,260.56,62.572,True,False,,ok,False,False,-13.876,-9.0765,step,2625.8,0.25542,3.6286,0.34899,76311,False,True,False,2.7429,5.7791,,False,,,,False,not run,,,,,,,,,,,,,,,,,,,,,,,,not run,,,,,,0,-9.0765,-9.1761,-13.876,-11.119
341543558_2627.2900,341543558,2627.3,B,3380,33.614,5742.8,24,11.017,0.86531,0.952,167.31,55.636,True,False,,ok,True,True,599.83,506.58,flare_decay,2627.3,0.36927,50.442,1.2653,7027.6,True,True,False,2.968,12282,,False,True,False,False,False,ok,False,False,0.095807,0.039122,True,,,-3.9616,True,False,341543561,0,3.2205,True,,True,False,False,False,False,,,,not run,,,,,,0,506.58,1762.7,620.69,599.83
91898778_2621.0900,91898778,2621.1,B,3408,33.252,25235,6,12.938,1.0496,1.01,142.22,21.635,True,False,,ok,True,True,123.71,73.214,step,2621.2,0.14287,21.201,0.77819,19930,False,True,False,2.9462,932.19,,False,,,False,False,ok,False,False,,,True,,,-198.34,True,True,,0,,True,,True,False,False,False,False,,,,not run,,,,,,0,73.214,156.47,123.71,142.74
430245214_2620.1200,430245214,2620.1,B,3415,33.153,21774,1.5,12.419,1.46,1.09,142.5,21.458,True,False,,ok,True,True,144.41,65.859,flare_decay,2620.1,0.15315,2.3941,0.72727,23892,False,False,False,4.0321,0.42665,,True,False,False,,True,not run,,,,,,,,,,,,,,,,,,,,,,,,not run,,,,,,0,65.859,1199.7,805.32,144.41
17238617_2627.2200,17238617,2627.2,B,3424,33.002,7334.6,24,11.592,0.86912,0.781,147,38,True,False,,ok,True,True,393.79,795.27,flare_decay,2627.3,0.3856,61.112,1.2612,9606.6,True,True,False,3.2225,17066,,False,True,False,False,False,ok,False,False,0.60069,0.26412,True,0.42248,10.592,30.681,False,True,,0,19.824,True,,True,False,False,False,False,,,,ok,True,-3.1308e-14,0,17.023,17066,0,795.27,1673.5,789.02,393.79
150387572_2634.3500,150387572,2634.3,B,3443,32.579,21103,2,12.322,1.8878,1.03,193.43,56.296,True,False,,ok,True,True,353.9,122.25,flare_decay,2634.3,0.18943,4.3532,0.90122,24473,True,True,False,5.4821,1.1501,grazing,True,False,True,True,True,ok,True,True,1.235,0.79993,True,0.16142,4.4132,40.474,False,True,,0,40.234,True,,True,False,False,False,False,,,,ok,False,1,0,24.105,36.157,0,122.25,1145.4,777.46,353.9
287179665_2626.4600,287179665,2626.5,B,3449,32.497,17033,4,11.701,1.5624,0.97,149.86,61.136,True,False,,ok,False,False,-9.1289,-4.4942,step,2626.4,0.028428,4.8906,0.20462,971.09,False,True,False,4.0008,4.5297,,False,True,False,,False,not run,,,,,,,,,,,,,,,,,,,,,,,,not run,,,,,,0,-4.4942,-8.71,-9.1289,-5.7692
188511457_2635.6500,188511457,2635.7,B,3455,32.427,18843,8,12.98,0.74432,0.88,143.55,38.063,True,False,,ok,False,False,1.0011,-7.7392,step,2635.7,0.048067,8.6298,0.00045243,2799.9,False,True,False,2.0057,199.19,,True,False,False,,True,not run,,,,,,,,,,,,,,,,,,,,,,,,not run,,,,,,0,-7.7392,13.416,1.0011,1.1647
115825501_2611.3400,115825501,2611.3,B,3482,31.901,39435,1.5,12.761,1.3961,1,150.78,43.056,True,False,,ok,False,False,-76.814,33.528,flare_decay,2611.4,0.42622,3.2591,1.1659,33622,True,True,False,4.9088,0.66143,grazing,False,True,False,,False,not run,,,,,,,,,,,,,,,,,,,,,,,,not run,,,,,,0,33.528,270.1,41.87,-76.814
16780067_2635.8300,16780067,2635.8,B,3489,31.808,17233,1.5,9.9173,0.73853,0.81,141.83,36.486,True,False,,ok,False,False,-458.73,1906.8,ramp,2636,0.47003,11.775,1.2782,21198,True,True,False,2.8699,172.77,,False,True,False,,False,not run,,,,,,,,,,,,,,,,,,,,,,,,not run,,,,,,0,1906.8,-458.73,1091.6,1141.5
165302382_2612.5200,165302382,2612.5,B,3493,31.793,12019,6,12.367,1.9575,0.95,157.52,25.454,True,False,,ok,False,False,-29.507,136.89,flare_decay,2612.5,0.43165,2.848,1.2044,27067,True,True,False,7.0333,0.16578,grazing,False,True,False,,False,not run,,,,,,,,,,,,,,,,,,,,,,,,not run,,,,,,0,136.89,1150,789.35,-29.507
331946601_2627.3500,331946601,2627.3,B,3494,31.788,6766.9,24,12.214,0.93476,1.02,162.03,54.513,True,False,,ok,True,True,129.24,235.07,flare_decay,2627.4,0.38677,72,1.264,9412.9,True,True,False,3.1734,29223,,False,True,False,True,True,ok,False,True,1.1848,0.85776,True,0.28327,7.0845,46.571,False,False,331946603,0,37.663,True,,True,False,False,False,False,,,,not run,,,,,,0,235.07,479.45,228.82,129.24
202509016_2621.3500,202509016,2621.3,B,3498,31.664,26248,1,10.821,0.86662,,231.42,61.292,True,False,,ok,True,True,669.44,288.58,flare_decay,2621.3,0.4526,3.3021,1.2192,28836,True,True,False,3.2538,2.5982,,True,False,True,False,True,ok,False,False,1.9154,0.38572,True,0.035671,1.3548,48.998,False,True,,1,60.648,True,,False,False,True,False,False,,,,not run,,,,,,0,288.58,2423.3,1661.7,669.44
142384613_2635.7400,142384613,2635.7,B,3516,31.427,17436,6,12.668,0.81806,0.84,197.06,61.266,True,False,,ok,False,False,-9.4561,-5.0845,step,2635.8,0.035933,7.9269,0.13217,1559.3,False,True,False,2.213,114.94,,False,True,False,,False,not run,,,,,,,,,,,,,,,,,,,,,,,,not run,,,,,,0,-5.0845,-9.0124,-9.4561,-7.6703
67957776_2627.3500,67957776,2627.3,B,3521,31.328,7889.6,24,12.297,0.63284,0.707,143.1,43.445,True,False,,ok,True,True,245.44,359.48,flare_decay,2627.4,0.40954,72,1.2703,11835,True,False,True,2.4672,62163,,False,True,False,,False,not run,,,,,,,,,,,,,,,,,,,,,,,,not run,,,,,,0,359.48,751.59,353.23,245.44
318274229_2626.3600,318274229,2626.4,B,3526,31.267,17162,2,12.309,1.3077,1,163.83,51.224,True,False,,ok,False,False,-253.17,170.71,flare_decay,2626.2,0.4394,12,1.1974,30233,True,True,False,4.6401,43.309,,False,True,False,,False,not run,,,,,,,,,,,,,,,,,,,,,,,,not run,,,,,,0,170.71,196.16,463.46,-253.17
39124353_2627.2500,39124353,2627.2,B,3531,31.201,3963.2,24,9.7569,0.76631,0.73,151.61,37.035,True,False,,ok,True,True,456.84,1008.9,flare_decay,2627.4,0.073519,66.861,0.91182,4366.6,True,False,True,2.2511,65529,,False,True,False,,False,not run,,,,,,,,,,,,,,,,,,,,,,,,not run,,,,,,0,1008.9,1614.2,1002.7,456.84
462547264_2626.8200,462547264,2626.8,B,3557,30.695,3510.1,24,11.726,2.4329,0.93,218.95,81.466,True,False,,ok,True,True,254.09,188.44,flare_decay,2626.8,0.37356,64.108,1.2891,5012,True,True,False,8.4515,1097.8,,False,True,False,False,False,ok,False,False,0.35031,0.21887,False,1.0382,46.639,12.629,False,False,462547267,1,10.753,True,,True,False,False,False,False,,,,not run,,,,,,0,188.44,462.11,288.89,254.09
99937052_2626.4500,99937052,2626.4,B,3589,30.223,9200.9,6,11.664,0.7949,0.854,170.01,64.927,True,False,,ok,False,False,-4.226,-5.3705,step,2626.4,0.029466,4.5779,0.0090659,1052.3,False,True,False,2.1252,24.992,,True,False,False,,True,not run,,,,,,,,,,,,,,,,,,,,,,,,not run,,,,,,0,-5.3705,-3.6981,-4.226,-3.2166
376977108_2626.8600,376977108,2626.9,B,3613,29.927,7482.3,24,11.889,0.63419,0.61514,284.4,59.137,True,False,,ok,False,False,-62.919,56.251,flare_decay,2626.9,0.39253,72,1.2704,9376.6,True,False,True,2.5587,55736,,False,True,False,,False,not run,,,,,,,,,,,,,,,,,,,,,,,,not run,,,,,,0,56.251,713.87,50.027,-62.919
138578255_2627.4300,138578255,2627.4,B,3615,29.913,6266.2,24,11.064,1.6155,1.14,175.52,62.776,True,False,,ok,True,True,147.04,700.22,flare_decay,2627.5,0.6418,72,1.5393,8369.6,True,True,False,6.262,3813,,False,True,False,False,False,ok,False,False,1.4116,0.37518,True,0.65983,9.8333,23.586,False,True,,0,42.227,True,,True,False,False,False,False,,,,ok,False,1,0,17.125,3813,0,700.22,1063,693.95,147.04
87974612_2635.3900,87974612,2635.4,B,3619,29.893,12378,2,11.653,1.3834,1.11,146.66,23.526,True,False,,ok,True,True,347.42,182.52,flare_decay,2635.4,0.40724,4.7028,1.2476,14797,True,True,False,4.6349,2.5788,,True,False,True,False,True,ok,False,False,0.05376,0.02666,True,,,-4.2802,True,True,,0,1.607,True,,True,False,False,False,False,,,,not run,,,,,,0,182.52,1138.6,735.79,347.42
8244455_2627.1600,8244455,2627.2,B,3636,29.803,1667.5,24,9.7638,0.99977,1.059,157.4,37.958,True,False,,ok,False,False,7.918,22.864,flare_decay,2627.1,0.048017,39.54,0.94372,1709.1,True,True,False,2.5329,9515.7,,True,False,False,,True,not run,,,,,,,,,,,,,,,,,,,,,,,,not run,,,,,,0,22.864,212.05,16.645,7.918
286714389_2618.4700,286714389,2618.5,B,3639,29.777,32161,1,12.788,1.3144,1.06,142.86,21.167,True,False,,ok,True,True,163.88,67.015,flare_decay,2618.5,0.44353,1.2954,1.1262,47193,True,True,False,4.5872,0.074782,grazing,False,True,False,False,False,ok,False,False,0.021766,0.01639,True,,,1.8554,True,True,,0,0.64815,True,,True,False,False,False,False,,,,not run,,,,,,0,67.015,858.92,712.35,163.88
172953453_2627.1900,172953453,2627.2,B,3649,29.619,10265,16,12.862,0.82173,0.78,150.04,32.163,True,False,,ok,True,True,167.71,322.82,flare_decay,2626.8,0.44821,95.1,1.185,34969,True,False,True,3.1859,66555,,False,True,False,,False,not run,,,,,,,,,,,,,,,,,,,,,,,,not run,,,,,,0,322.82,232.78,333.07,167.71
154570928_2631.0000,154570928,2631,B,3668,29.388,12834,1,8.1726,2.44,,192.17,72.148,True,False,,ok,True,True,8591.3,6285.5,flare_decay,2631,0.13316,5.8019,0.90708,13055,True,True,False,5.0633,3.7085,,True,False,True,True,True,ok,True,True,4.767,0.75846,True,0.10542,8.4101,68.461,False,True,,0,140.09,True,,False,False,True,False,False,,,,not run,,,,,,0,6285.5,26814,17625,8591.3
4823810_2626.4500,4823810,2626.4,B,3674,29.325,7177.3,6,11.418,0.80738,0.663,146.24,33.274,True,False,,ok,False,False,-9.6598,-5.7241,ramp,2626.3,0.032135,4.1782,0.0013043,1251.6,False,True,False,2.3547,13.962,,False,True,False,,False,not run,,,,,,,,,,,,,,,,,,,,,,,,not run,,,,,,0,-5.7241,-9.6598,-7.6453,-4.214
376993662_2611.4500,376993662,2611.4,B,3678,29.255,34171,1,11.911,1.9075,1.11,284.59,57.273,True,False,,ok,True,True,605.18,235.25,flare_decay,2611.5,0.21022,3.0454,0.84454,36310,True,True,False,5.4976,0.2097,grazing,True,False,True,True,True,ok,True,True,2.5665,0.72434,True,0.19387,8.1156,58.451,False,True,,0,75.082,True,,True,False,False,False,False,,,,ok,False,1,9.4458e-119,24.525,36.787,0,235.25,2494.8,1879.9,605.18
91844990_2610.8400,91844990,2610.8,B,3734,28.742,9563,8,10.597,2.0255,1.18,141.52,22.66,True,False,,ok,True,True,326.83,248.65,flare_decay,2610.8,0.10435,16.231,0.86373,9612.2,False,True,False,5.219,75.348,,False,True,False,False,False,ok,False,False,-0.3991,-0.17654,True,,,1.0703,True,True,,0,-11.471,False,"Kikuchi (V=16.3, 17"")",True,False,False,False,False,,,,not run,,,,,,0,248.65,1091.7,366.52,326.83
17303811_2627.1600,17303811,2627.2,B,3754,28.31,5502.2,24,12.275,0.73568,0.648,160.92,36.594,True,False,,ok,False,False,-20.469,92.618,flare_decay,2627.5,0.084561,71.627,0.89078,6040.1,False,False,True,2.2719,78382,,False,True,False,,False,not run,,,,,,,,,,,,,,,,,,,,,,,,not run,,,,,,0,92.618,86.133,86.399,-20.469
87974628_2635.3400,87974628,2635.3,B,3784,27.903,9418.1,6,12.282,1.9031,0.92,146.67,23.47,True,False,,ok,True,True,140.31,1.1406,flare_decay,2635.3,0.1056,9.3351,0.79741,10751,False,True,False,5.3338,13.389,,True,False,False,False,True,ok,False,False,-0.31774,-0.21666,True,,,-85.534,True,True,,0,-8.8659,True,,True,False,False,False,False,,,,not run,,,,,,0,1.1406,503.89,160.26,140.31
154088594_2626.7800,154088594,2626.8,B,3787,27.863,7838.1,16,12.847,0.47606,0.4739,208.9,71.836,True,False,,ok,True,True,141.62,216.68,ramp,2626.8,0.39711,56.453,1.2588,11574,True,False,True,2.1019,48453,,False,True,False,,False,not run,,,,,,,,,,,,,,,,,,,,,,,,not run,,,,,,0,216.68,141.62,296.69,231.92
149443233_2613.0400,149443233,2613,B,3791,27.803,22698,3,12.328,0.9193,0.98,140.91,28.384,True,False,,ok,False,False,-22.04,39.277,flare_decay,2613.1,0.16809,2.4487,0.73622,28505,False,False,False,2.6639,1.9234,,False,True,False,,False,not run,,,,,,,,,,,,,,,,,,,,,,,,not run,,,,,,0,39.277,805.45,493.56,-22.04
16247025_2626.3500,16247025,2626.3,B,3802,27.671,2753,6,9.026,0.54946,0.54477,153.8,39.538,True,False,,ok,False,False,-6.5408,-3.9294,step,2626.3,0.01592,5.1861,0.70329,265.24,False,True,False,1.684,73.042,,False,True,False,,False,not run,,,,,,,,,,,,,,,,,,,,,,,,not run,,,,,,0,-3.9294,-2.0616,-6.5408,-2.5986
233204257_2627.4400,233204257,2627.4,B,3806,27.534,7389.5,24,12.533,1.2252,1.03,265.93,70.934,True,False,,ok,True,True,209.56,237.27,flare_decay,2627.4,0.38642,72,1.2629,9502.7,True,True,False,4.1458,13115,,False,True,False,False,False,ok,False,False,0.27304,0.12019,True,0.90468,14.891,8.6858,False,True,,0,7.518,True,,True,False,False,False,False,,,,ok,True,5.6621e-15,0,16.346,13115,0,237.27,465.49,230.98,209.56
173032801_2610.2700,173032801,2610.3,B,3832,27.16,11970,2,11.62,1.3978,1.26,165.32,35.006,True,False,,ok,False,False,-48.219,78.852,ramp,2610.1,0.49743,11.7,1.3653,11687,True,True,False,4.7772,36.786,,False,True,False,,False,not run,,,,,,,,,,,,,,,,,,,,,,,,not run,,,,,,0,78.852,-48.219,74.277,69.731
298663873_2611.4300,298663873,2611.4,B,3837,27.022,1998.4,24,8.5685,1.6276,1.025,277.94,56.651,True,True,2180.01,ok,True,True,2047.4,571.21,flare_decay,2611.2,0.045956,23.266,1.5745e-11,2559.4,False,True,False,4.1617,437.44,,False,True,False,True,True,ok,True,True,4.1805,1.7392,True,0.29511,19.881,72.498,False,True,,1,112.97,True,,True,True,False,False,False,2180.01,CP,298663873.01,ok,True,9.77e-15,0,24.75,437.44,0,571.21,7678.2,3038.2,2047.4
297961458_2610.6800,297961458,2610.7,B,3838,26.996,3952.9,6,8.1689,0.63981,0.63,157.93,57.116,True,False,,ok,False,False,-851.12,-263.44,ramp,2611.2,0.077005,9.6304,0.87595,5167.7,False,True,False,1.9805,287.54,,True,False,False,,True,not run,,,,,,,,,,,,,,,,,,,,,,,,not run,,,,,,0,-263.44,-851.12,364.42,54.615
103750177_2627.2200,103750177,2627.2,B,3857,26.743,3918.7,24,11.736,0.465,0.496,157.08,66.405,True,False,,ok,False,False,-14.218,49.976,flare_decay,2627.3,0.072516,48.093,0.8664,4662.9,False,False,True,1.5522,74369,,False,True,False,,False,not run,,,,,,,,,,,,,,,,,,,,,,,,not run,,,,,,0,49.976,262.83,52.914,-14.218
331946274_2627.2100,331946274,2627.2,B,3862,26.625,6032.2,24,12.891,0.79208,0.66,162.06,56.675,True,False,,ok,True,True,32.734,38.953,step,2627.3,0.38728,72,1.2781,7756.6,True,True,False,3.1101,31044,,False,True,False,False,False,ok,False,False,-0.088338,-0.053831,False,1.0024,6.8398,4.067,False,True,,0,-2.352,True,,True,False,False,False,False,,,,not run,,,,,,0,38.953,160.78,32.734,40.345
27036282_2632.6200,27036282,2632.6,B,3864,26.619,32129,1.5,12.976,0.99105,1.04,151.48,23.45,True,False,,ok,True,True,94.265,60.719,flare_decay,2632.6,0.43531,2.5358,1.1482,39794,True,True,False,3.46,0.95673,grazing,False,True,False,False,False,ok,False,False,0.24215,0.93704,True,,,1.8852,True,True,,0,6.446,True,,True,False,False,False,False,,,,ok,False,0.99625,0,22.633,33.949,0,60.719,780.66,558.67,94.265
219458685_2626.8300,219458685,2626.8,B,3873,26.507,3935.6,24,12.09,2.3258,1.03,206.9,72.937,True,False,,ok,True,True,129.65,139.01,flare_decay,2626.8,0.36221,66.701,1.2755,5176,True,True,False,7.742,1606.9,,False,True,False,False,False,ok,False,False,-0.41086,-0.24941,True,,,-18.786,True,False,219458686,0,-10.891,True,,True,False,False,False,False,,,,not run,,,,,,0,139.01,200.29,147.76,129.65
157983717_2627.1500,157983717,2627.2,B,3876,26.446,3551.6,24,11.852,0.83938,0.913,213.25,80.224,True,False,,ok,True,True,163.56,113.39,step,2627.1,0.35859,58.722,1.279,4479.8,True,True,False,2.8967,20843,,False,True,False,False,False,ok,False,False,-0.39159,-0.22465,True,,,-15.05,True,True,,0,-10.356,True,,True,False,False,False,False,,,,not run,,,,,,0,113.39,360.42,163.56,181.17
115856654_2627.4900,115856654,2627.5,B,3926,25.953,3184.1,24,11.36,0.61752,0.64,157.38,47.02,True,False,,ok,True,True,270.31,212.49,step,2627.4,0.36443,85.651,1.2744,5519.9,True,True,False,2.4091,,,False,True,False,False,False,ok,False,False,-0.9443,-0.27437,True,,,-12.213,True,False,115856653,0,-24.508,True,,True,False,False,False,False,,,,not run,,,,,,0,212.49,451.03,270.31,272.15
307929539_2627.3100,307929539,2627.3,B,3932,25.877,4957,16,11.748,0.77329,0.815,141.52,31.075,True,False,,ok,True,True,238.31,117.06,step,2627.4,0.36281,49.987,1.2749,5291.7,True,True,False,2.7801,14542,,True,True,True,False,True,ok,False,False,-0.056722,-0.033195,True,,,-5.5421,True,True,,0,-1.4678,True,,True,False,False,False,False,,,,not run,,,,,,0,117.06,249.61,238.31,288.21
420898647_2626.7000,420898647,2626.7,B,3938,25.796,1484.6,24,8.826,1.9483,1.398,273.38,50.527,True,False,,ok,True,True,614.59,573.79,flare_decay,2626.6,0.32196,74.369,1.2673,2316.6,True,True,False,5.6799,5627.1,,False,True,False,False,False,ok,False,False,-1.1469,-0.54829,True,,,-45.989,True,True,,0,-29.586,True,,True,False,False,False,False,,,,ok,False,1,1.14e-226,16.217,5627.1,0,573.79,1381.3,753.38,614.59
103741294_2610.6700,103741294,2610.7,B,3941,25.756,95820,3,12.891,1.3437,1.18,156.06,67.734,True,False,,ok,False,False,-159.85,-44.444,ramp,2610.4,0.54715,24.55,0.7701,2.1117e+05,True,True,False,4.8497,324.94,,False,,,,False,not run,,,,,,,,,,,,,,,,,,,,,,,,not run,,,,,,0,-44.444,-159.85,100.79,177.91
142878493_2626.7400,142878493,2626.7,B,3942,25.755,16024,1,10.887,1.7423,1.26,177.04,68.846,True,False,,ok,True,True,425.39,182.76,flare_decay,2626.7,0.14796,2.5216,0.90123,16077,True,True,False,4.5648,0.18305,grazing,True,False,True,True,True,ok,True,True,1.1306,0.56568,True,0.098345,3.1037,36.821,False,True,,0,29.119,True,,True,False,False,False,False,,,,ok,False,1,0.99813,15.799,23.699,0,182.76,1776.2,1430.9,425.39
142302596_2626.3300,142302596,2626.3,B,3948,25.706,3197.3,24,12.626,0.84597,1.03,192.71,60.135,True,False,,ok,True,True,19.879,22.064,flare_decay,2626.4,0.085424,59.214,0.95554,4335.4,True,False,True,2.2403,46184,,False,True,False,,False,not run,,,,,,,,,,,,,,,,,,,,,,,,not run,,,,,,0,22.064,82.102,21.97,19.879
8197788_2626.3500,8197788,2626.3,B,3975,25.471,8260,6,12.273,0.6593,0.687,156.4,41.742,True,False,,ok,False,False,-12.419,-8.2094,ramp,2625.8,0.36315,32.457,1.2806,4775.3,True,True,False,2.5097,5410.5,,False,,,,False,not run,,,,,,,,,,,,,,,,,,,,,,,,not run,,,,,,0,-8.2094,-12.419,-6.8566,-9.1943
16222291_2627.2100,16222291,2627.2,B,3981,25.375,2010,24,10.882,0.76376,0.795,153.57,39.619,True,False,,ok,True,True,53.75,53.351,step,2627.3,0.31317,65.559,1.2558,2485.3,True,False,True,2.6677,37125,,False,True,False,,False,not run,,,,,,,,,,,,,,,,,,,,,,,,not run,,,,,,0,53.351,160.3,53.75,65.172
153990213_2626.7900,153990213,2626.8,B,3985,25.339,5424.9,24,12.714,0.92732,1,204.48,71.054,True,False,,ok,True,True,99.736,106.35,step,2626.8,0.36048,62.769,1.2563,6978.6,True,True,False,3.1089,20592,,False,True,False,False,False,ok,False,False,0.14597,0.090857,False,1.004,9.0876,6.4131,False,True,,0,3.6988,True,,True,False,False,False,False,,,,not run,,,,,,0,106.35,297.46,99.736,175.98
467179487_2611.5300,467179487,2611.5,B,4001,25.224,9028.6,24,11.155,0.78907,0.787,208.98,59.826,True,False,,ok,True,True,81.627,453.42,flare_decay,2611.6,0.39709,72,1.2476,13154,True,False,True,2.9423,36659,,False,True,False,,False,not run,,,,,,,,,,,,,,,,,,,,,,,,not run,,,,,,0,453.42,1105.7,447.18,81.627
229794069_2611.8400,229794069,2611.8,B,4005,25.137,8343,3,9.9388,2.8251,1.46,284.7,67.491,True,False,,ok,True,True,3251.8,1655.9,flare_decay,2611.8,0.15483,13.579,0.98169,10233,True,True,False,7.095,17.535,,True,False,False,True,True,ok,True,True,4.7393,0.88034,True,0.072946,6.5655,87.125,False,True,,0,119.13,True,,True,False,False,False,False,,,,ok,False,1,0,24.134,36.201,0,1655.9,4161.5,3864.5,3251.8
82203007_2610.5000,82203007,2610.5,B,4006,25.094,3336.3,2,5.0736,1.5983,1.73,147.97,24.395,True,False,,ok,False,False,-126.15,274.38,ramp,2610.3,0.43294,12.075,1.3594,4224.4,True,True,False,4.7031,42.377,,False,True,False,,False,not run,,,,,,,,,,,,,,,,,,,,,,,,not run,,,,,,0,274.38,-126.15,236.32,240.88
232644050_2621.3800,232644050,2621.4,B,4011,25.042,12088,6,12.201,0.75219,0.81,281.71,55.152,True,False,,ok,False,False,-12.706,-7.0017,ramp,2621.5,0.031267,11.769,0.25891,1168.4,False,True,False,2.0503,472.99,,False,True,False,,False,not run,,,,,,,,,,,,,,,,,,,,,,,,not run,,,,,,0,-7.0017,-12.706,-10.522,-9.3948
91844695_2627.3000,91844695,2627.3,B,4017,24.922,4160.6,24,10.658,0.86865,0.949,141.51,23.802,True,False,,ok,True,True,930.61,486.66,flare_decay,2627.3,0.36134,52.536,1.2784,4802.1,True,True,False,2.9653,13913,,False,,,False,False,ok,False,False,0.59818,0.21417,True,,,-4.188,True,True,,0,14.908,True,,True,False,False,False,False,,,,ok,True,5.6843e-13,0,17.015,13913,0,486.66,1866.3,1040.7,930.61
313109078_2620.8200,313109078,2620.8,B,4022,24.871,5074.2,4,10.458,3.257,1.07,201.15,77.35,True,False,,ok,True,True,569.41,155.76,flare_decay,2620.8,0.081643,7.5305,0.881,5747.5,False,False,False,8.5029,1.4167,,True,False,True,,True,not run,,,,,,,,,,,,,,,,,,,,,,,,not run,,,,,,0,155.76,1456.2,772.24,569.41
372681117_2614.3800,372681117,2614.4,B,4034,24.772,16266,1,11.65,1.1135,0.96,141.03,36.486,True,False,,ok,True,False,39.221,-46.655,flare_decay,2614.4,0.11824,1.1888,0.0003908,16923,False,False,False,3.1103,0.088593,,True,False,True,,True,not run,,,,,,,,,,,,,,,,,,,,,,,,not run,,,,,,0,-46.655,357.38,258.43,39.221
252803322_2610.8800,252803322,2610.9,B,4040,24.73,6635,16,11.665,1.9492,1.01,166.44,45.284,True,False,,ok,True,True,582.82,277.12,flare_decay,2610.8,0.37614,31.153,1.2503,9695.7,True,True,False,6.5946,264.53,,False,,,False,False,ok,False,False,-0.23346,-0.082542,True,,,-20.632,True,True,,0,-5.7736,True,,True,False,False,False,False,,,,not run,,,,,,0,277.12,1512,788.5,582.82
383648114_2626.2700,383648114,2626.3,B,4061,24.575,10897,6,12.147,0.91365,1.044,279.05,65.813,True,False,,ok,False,False,-11.295,-6.4511,step,2626.1,0.037124,2.7791,0.016682,1670.2,False,True,False,2.3015,4.3897,,False,True,False,,False,not run,,,,,,,,,,,,,,,,,,,,,,,,not run,,,,,,0,-6.4511,-6.6163,-11.295,-6.989
239204613_2610.2100,239204613,2610.2,B,4064,24.564,13166,3,12.403,0.89478,1.03,149.2,22.181,True,False,,ok,True,True,60.051,8.8853,flare_decay,2610.2,0.42354,2.9433,1.2884,11419,True,True,False,3.1081,2.1073,grazing,False,True,False,True,True,ok,False,True,0.3683,2.4756,False,1.0066,7.1203,7.96,False,True,,0,9.0469,True,,True,False,False,False,False,,,,not run,,,,,,0,8.8853,103.08,83.841,60.051
233636164_2635.6500,233636164,2635.7,B,4073,24.432,10436,8,10.979,0.92267,0.98,146.2,28.304,True,False,,ok,True,True,98.597,59.67,flare_decay,2635.7,0.35857,24.956,1.2596,6402.9,True,True,False,3.1099,1293.1,,False,True,False,False,False,ok,False,False,,,True,0.79191,61.363,19.636,False,False,285009110,1,,True,,True,False,False,False,False,,,,not run,,,,,,0,59.67,237.62,100.47,98.597
159289938_2626.8600,159289938,2626.9,B,4075,24.425,1517.3,16,10.119,0.68425,0.62,228.24,83.035,True,False,,ok,True,True,53.324,109.81,ramp,2626.8,0.30917,67.281,1.262,1796.6,True,False,True,2.5886,43920,,False,True,False,,False,not run,,,,,,,,,,,,,,,,,,,,,,,,not run,,,,,,0,109.81,53.324,158.76,177.17
459979623_2626.6100,459979623,2626.6,B,4091,24.318,5933.7,24,12.387,0.7538,0.852,255.75,62.864,True,False,,ok,True,True,137.16,134.44,step,2626.5,0.38285,68.294,1.2707,8075.9,True,False,True,2.7094,40061,,False,True,False,,False,not run,,,,,,,,,,,,,,,,,,,,,,,,not run,,,,,,0,134.44,516.29,137.16,177.26
149441757_2630.1400,149441757,2630.1,B,4104,24.211,30956,1,12.972,2.2295,1.12,140.89,24.269,True,False,,ok,True,True,156.79,75.685,flare_decay,2630.1,0.43784,1.7969,1.165,36730,True,True,False,7.6172,0.10414,grazing,True,False,True,False,True,ok,False,False,-0.16831,-0.11277,True,,,-72.549,True,True,,0,-4.075,True,,True,False,False,False,False,,,,not run,,,,,,0,75.685,661,543.27,156.79
9360742_2627.2700,9360742,2627.3,B,4133,23.927,3403.8,24,12.321,0.69002,0.673,150.43,40.582,True,False,,ok,True,True,14.521,25.724,flare_decay,2627.3,0.35702,72,1.2751,4685.1,True,False,True,2.6329,51156,,False,True,False,,False,not run,,,,,,,,,,,,,,,,,,,,,,,,not run,,,,,,0,25.724,84.503,19.459,14.521
420898553_2635.6500,420898553,2635.7,B,4136,23.907,3541.1,8,10.591,0.95817,1.034,273.34,50.32,True,False,,ok,False,False,-3.0461,-4.7488,step,2635.6,0.023142,12.162,0.038715,648.9,False,True,False,2.3888,330.11,,False,True,False,,False,not run,,,,,,,,,,,,,,,,,,,,,,,,not run,,,,,,0,-4.7488,2.0216,-3.0461,-0.24897
4993992_2621.2900,4993992,2621.3,B,4155,23.662,14619,4,11.744,1.7986,0.98,149.96,33.877,True,False,,ok,False,False,-162.56,97.184,step,2621.2,0.39881,14.954,1.261,11523,True,True,False,6.2471,34.38,,False,True,False,,False,not run,,,,,,,,,,,,,,,,,,,,,,,,not run,,,,,,0,97.184,136.16,-162.56,-102.27
26958925_2626.2500,26958925,2626.2,B,4156,23.658,4883.4,6,11.104,1.0449,1.05,149.7,18.748,True,False,,ok,False,False,-5.9913,-5.554,step,2626.2,0.025549,4.877,0.0011794,791.14,False,True,False,2.5978,16.54,,False,True,False,,False,not run,,,,,,,,,,,,,,,,,,,,,,,,not run,,,,,,0,-5.554,-4.3359,-5.9913,-4.4518
27069382_2610.5300,27069382,2610.5,B,4159,23.63,22646,8,11.927,0.7818,0.75,152.08,20.7,True,False,,ok,False,False,-881.11,846.32,flare_decay,2610.3,0.18152,18.516,0.73079,33303,False,True,False,2.5051,1010.1,,False,,,,False,not run,,,,,,,,,,,,,,,,,,,,,,,,not run,,,,,,0,846.32,4914.8,452.34,-881.11
61126804_2626.7700,61126804,2626.8,B,4162,23.588,5312.6,3,10.91,1.6608,1.14,154.69,17.185,True,False,,ok,True,True,268.88,112.41,flare_decay,2626.8,0.36468,5.3574,1.2661,6408.4,True,True,False,5.3492,2.4633,,True,False,True,True,True,ok,False,True,0.6533,0.40256,False,1.3673,28.725,27.399,False,True,,0,15.41,True,,True,False,False,False,False,,,,not run,,,,,,0,112.41,1027.2,622.22,268.88
103754726_2635.4800,103754726,2635.5,B,4164,23.549,7485.4,12,12.534,0.95167,0.88,158.23,67,True,False,,ok,False,False,-2.2689,-0.90804,step,2636.1,0.079113,45.738,0.85209,5666,False,True,False,2.6407,12999,,False,,,,False,not run,,,,,,,,,,,,,,,,,,,,,,,,not run,,,,,,0,-0.90804,-0.16154,-2.2689,9.9633
16780412_2614.3800,16780412,2614.4,B,4171,23.487,12923,1,11.512,1.2518,1.14,141.69,38.286,True,False,,ok,True,False,70.475,-44.535,flare_decay,2614.4,0.1061,1.1751,0.00076905,13630,False,False,False,3.2662,0.08853,,True,False,True,,True,not run,,,,,,,,,,,,,,,,,,,,,,,,not run,,,,,,0,-44.535,382.19,297.31,70.475
358617224_2635.7700,358617224,2635.8,B,4172,23.478,12012,4,11.518,0.88624,1.012,177.41,79.083,True,False,,ok,False,False,-8.7468,-4.1188,step,2635.5,0.029187,2.3445,0.59911,939.77,False,True,False,2.2385,2.8581,,True,False,True,,True,not run,,,,,,,,,,,,,,,,,,,,,,,,not run,,,,,,0,-4.1188,-6.148,-8.7468,-7.7931
166649237_2634.2900,166649237,2634.3,B,4178,23.418,8795.6,1.5,11.462,1.7727,1.35,166.24,31.819,True,False,,ok,True,True,60.25,15.66,flare_decay,2634.3,0.10153,2.2052,0.85566,9229.5,False,False,False,4.355,0.16683,,False,True,False,,False,not run,,,,,,,,,,,,,,,,,,,,,,,,not run,,,,,,0,15.66,308.18,179.3,60.25
173002128_2627.1500,173002128,2627.2,B,4183,23.276,2340.8,24,11.956,1.1665,1.05,150.52,32.918,True,False,,ok,False,False,-15.965,-9.7324,step,2627.2,0.055292,53.733,0.93742,2308.3,True,True,False,2.9846,14600,,False,True,False,,False,not run,,,,,,,,,,,,,,,,,,,,,,,,not run,,,,,,0,-9.7324,52.641,-15.965,1.7312
233073451_2635.7400,233073451,2635.7,B,4185,23.255,10398,6,12.703,0.55635,0.55093,271.11,62.562,True,False,,ok,False,False,-10.106,-4.2319,ramp,2635.6,0.049097,17.99,0.63742,2613.3,False,True,False,1.7542,2697.2,,False,True,False,,False,not run,,,,,,,,,,,,,,,,,,,,,,,,not run,,,,,,0,-4.2319,-10.106,-9.0602,-3.9616
287186540_2627.3800,287186540,2627.4,B,4190,23.155,3148.6,24,8.2309,1.41,1.18,150.24,61.606,True,False,,ok,True,True,732.44,664.29,flare_decay,2627.5,0.072545,56.326,0.94249,3687.3,True,True,False,3.527,10194,,False,True,False,False,False,ok,False,False,-1.9721,-0.57441,True,,,-34.073,True,True,,0,-45.664,True,,True,False,False,False,False,,,,not run,,,,,,0,664.29,1778.6,748.83,732.44
141129534_2626.5400,141129534,2626.5,B,4199,23.057,8164.7,8,12.92,0.77332,0.84,165.66,57.97,True,False,,ok,False,False,-9.7541,-7.342,flare_decay,2626.6,0.034502,4.3081,0.17623,1433.6,False,True,False,2.0891,21.926,,True,False,True,,True,not run,,,,,,,,,,,,,,,,,,,,,,,,not run,,,,,,0,-7.342,-9.6507,-8.9324,-9.7541
17188695_2627.4200,17188695,2627.4,B,4206,23.011,8563.5,24,12.905,0.59064,0.58038,144.92,41.776,True,False,,ok,True,True,101.31,163.15,flare_decay,2627.5,0.19271,72,1.0193,11770,True,True,False,2.0808,,,False,True,False,False,False,ok,False,False,-0.75833,-0.35441,True,,,-0.55533,True,True,,0,-17.45,True,,True,False,False,False,False,,,,ok,False,1,4.6163e-66,17.491,52.473,0,163.15,269.43,156.87,101.31
26973401_2619.6100,26973401,2619.6,B,4229,22.886,6281.8,1.5,10.711,1.5252,1.139,150.11,21.882,True,False,,ok,True,True,139.58,20.067,flare_decay,2619.6,0.11942,2.3481,0.96615,7131.4,True,True,False,4.0294,0.37953,grazing,False,True,False,False,False,ok,False,False,0.12456,0.16773,False,1.5335,6.6077,4.2603,False,True,,0,2.8507,True,,True,False,False,False,False,,,,not run,,,,,,0,20.067,349.43,264.44,139.58
26972931_2635.7500,26972931,2635.8,B,4233,22.856,7893.4,6,10.566,0.75097,0.72,150.13,19.568,True,False,,ok,False,False,0.65619,-5.4432,flare_decay,2635.6,0.025993,6.7557,0.028732,818.77,False,True,False,2.1181,81.145,,True,False,False,,True,not run,,,,,,,,,,,,,,,,,,,,,,,,not run,,,,,,0,-5.4432,2.0939,0.722,0.65619
11893806_2627.3700,11893806,2627.4,B,4241,22.799,5767.7,16,12.636,0.69631,0.615,178.09,53.392,True,False,,ok,True,True,52.612,134.57,ramp,2627.1,0.44506,84.418,1.3125,11281,True,False,True,2.9156,60724,,False,True,False,,False,not run,,,,,,,,,,,,,,,,,,,,,,,,not run,,,,,,0,134.57,52.612,176.36,100.18
39140837_2610.3600,39140837,2610.4,B,4261,22.663,7893.4,1.5,10.012,1.5859,1.036,168.27,40.178,True,False,,ok,False,False,-251.84,760.4,ramp,2610.2,0.44987,11.775,1.2801,17032,True,True,False,5.6033,23.239,,False,True,False,,False,not run,,,,,,,,,,,,,,,,,,,,,,,,not run,,,,,,0,760.4,-251.84,684.59,677.11
288632530_2614.7500,288632530,2614.8,B,4275,22.52,13318,12,11.874,1.781,1.17,278.3,79.196,True,False,,ok,True,True,4065.7,1739.7,flare_decay,2614.5,0.2548,4.4021,0.77869,59651,True,True,False,5.229,1.4185,grazing,False,True,False,True,True,ok,True,True,4.2413,0.97906,True,0.13342,11.3,106.16,False,True,,0,95.515,True,,True,False,False,False,False,,,,ok,False,1,0,21.443,32.165,0,1739.7,19515,14571,4065.7
366122822_2626.7100,366122822,2626.7,B,4276,22.498,5026.3,24,11.606,0.78464,0.874,273.98,50.464,True,False,,ok,True,True,176.9,233.38,flare_decay,2626.7,0.37116,69.66,1.2719,6524.2,True,False,True,2.7728,39668,,False,True,False,,False,not run,,,,,,,,,,,,,,,,,,,,,,,,not run,,,,,,0,233.38,515.93,227.08,176.9
284899920_2635.7900,284899920,2635.8,B,4288,22.402,8794.1,3,11.201,1.7953,1.03,260.99,58.566,True,False,,ok,False,False,-2.0195,-3.3087,step,2635.8,0.049201,13.221,0.89949,2029.9,False,True,False,4.5978,59.522,,False,True,False,,False,not run,,,,,,,,,,,,,,,,,,,,,,,,not run,,,,,,0,-3.3087,2.1564,-2.0195,2.0612
159343946_2626.9800,159343946,2627,B,4290,22.382,4856.2,24,12.642,0.55686,0.55138,235.16,81.046,True,False,,ok,True,True,117.92,134.33,step,2627,0.37755,81.643,1.275,6930.1,True,True,False,2.305,,,False,True,False,False,False,ok,False,False,0.64887,0.33184,True,0.70696,21.818,4.4758,False,True,,0,14.523,True,,True,False,False,False,False,,,,ok,False,1,0,16.505,49.516,0,134.33,151.76,117.92,152.1
310782264_2635.7700,310782264,2635.8,B,4304,22.206,5776.8,4,10.877,0.79305,0.82,156.58,62.466,True,False,,ok,False,False,-18.178,-6.3292,ramp,2635.7,0.02964,7.4864,0.18552,1057.3,False,True,False,2.1495,105.66,,False,True,False,,False,not run,,,,,,,,,,,,,,,,,,,,,,,,not run,,,,,,0,-6.3292,-18.178,-13.438,-7.7423
91990910_2611.3400,91990910,2611.3,B,4306,22.203,13654,3,11.829,1.6809,1,144.89,20.923,True,False,,ok,True,True,12.302,10.95,ramp,2611.3,0.3984,9.933,1.2751,9585.5,True,True,False,5.7964,12.583,,False,True,False,False,False,ok,False,False,-0.023646,-0.010748,True,,,-376.91,True,True,,0,-0.52502,True,,True,False,False,False,False,,,,not run,,,,,,0,10.95,12.302,97.838,160.16
160491359_2635.7100,160491359,2635.7,B,4307,22.2,2422.7,6,10.337,0.79972,0.8,239.02,73.074,True,False,,ok,False,False,-14.074,-10.72,step,2635.7,0.017411,4.9708,0.31798,359.56,False,True,False,2.1595,30.494,,True,False,False,,True,not run,,,,,,,,,,,,,,,,,,,,,,,,not run,,,,,,0,-10.72,-11.429,-14.074,-9.9226
105508231_2616.7900,105508231,2616.8,B,4321,22.096,13445,3,12.611,0.9154,0.98,148.99,43.129,True,False,,ok,False,False,-150.48,-0.83537,flare_decay,2616.8,0.1375,1.095,1.8248e-05,22875,False,False,False,2.5831,0.080223,,False,True,False,,False,not run,,,,,,,,,,,,,,,,,,,,,,,,not run,,,,,,0,-0.83537,324.81,173.36,-150.48
198237613_2610.9600,198237613,2611,B,4337,21.959,6116.6,12,11.302,1.7548,1.07,248.93,63.296,True,False,,ok,False,False,-3.2937,11.406,ramp,2611.2,0.048758,33.981,0.94291,1766.8,True,True,False,4.4354,1126.1,,False,True,False,,False,not run,,,,,,,,,,,,,,,,,,,,,,,,not run,,,,,,0,11.406,-3.2937,19.858,19.188
356540194_2610.5600,356540194,2610.6,B,4342,21.918,40197,1,12.219,1.2329,1.17,153.05,64.956,True,False,,ok,True,True,66.941,642.49,step,2610.4,0.47526,5.2195,1.0228,85912,True,True,False,4.2545,4.6001,,False,True,False,False,False,ok,False,False,0.37129,0.065615,True,,,-28.177,True,True,,0,8.1379,True,,True,False,False,False,False,,,,ok,False,1,0,25.538,38.308,0,642.49,182.97,66.941,87.144
88047852_2626.6900,88047852,2626.7,B,4357,21.812,3588,12,11.513,2.2917,1.1,147.63,23.527,True,False,,ok,False,False,8.7465,3.2433,flare_decay,2626.7,0.065065,13.269,0.88252,3656.9,False,True,False,5.8309,29.5,,False,,,,False,not run,,,,,,,,,,,,,,,,,,,,,,,,not run,,,,,,0,3.2433,220.96,98.199,8.7465
149438764_2626.5000,149438764,2626.5,B,4379,21.664,9796,8,12.654,1.3254,1.06,140.48,26.319,True,False,,ok,False,False,-7.44,-14.552,flare_decay,2626.6,0.10069,7.8355,0.73001,10374,False,True,False,3.5261,27.444,,False,,,,False,not run,,,,,,,,,,,,,,,,,,,,,,,,not run,,,,,,0,-14.552,195.51,124.54,-7.44
16849005_2614.3800,16849005,2614.4,B,4384,21.628,9001.5,1,10.953,1.4081,1.08,142.59,40.571,True,False,,ok,True,False,54.586,-32.379,flare_decay,2614.4,0.087595,1.1662,0.0076528,9293.2,False,False,False,3.6786,0.089355,,True,False,True,,True,not run,,,,,,,,,,,,,,,,,,,,,,,,not run,,,,,,0,-32.379,268.78,194.74,54.586
20139870_2628.4100,20139870,2628.4,B,4417,21.417,4592.4,12,11.837,1.4346,0.93,145.11,42.752,True,False,,ok,True,False,289.49,-18.851,flare_decay,2628.3,0.11168,7.1731,0.00021552,15098,False,True,False,4.0272,14.122,,False,,,False,False,ok,False,False,-12.066,-3.5268,True,,,-1553.4,True,True,,1,-258.41,True,,True,False,False,False,False,,,,not run,,,,,,0,-18.851,1066.6,765.57,289.49
3906921_2626.5200,3906921,2626.5,B,4429,21.329,8119.2,12,12.861,0.91087,0.87,151.46,26.509,True,False,,ok,False,False,-25.203,3.1488,flare_decay,2626.6,0.089971,24.885,0.8914,6812.7,False,True,False,2.5626,2290.7,,False,True,False,,False,not run,,,,,,,,,,,,,,,,,,,,,,,,not run,,,,,,0,3.1488,65.317,27.263,-25.203
88006318_2627.3100,88006318,2627.3,B,4433,21.296,3017.8,24,11.664,1.4012,1.2,146.97,20.968,True,False,,ok,True,True,24.293,30.556,step,2627.4,0.33424,55.723,1.2653,3437.2,True,True,False,4.3364,5313.2,,True,False,True,False,True,ok,False,False,0.31239,0.20773,True,,,-2.9075,True,True,,1,6.6527,False,"Vorontsova (V=18.1, 20"")",True,False,False,False,False,,,,not run,,,,,,0,30.556,157.95,24.293,84.57
148655881_2627.2900,148655881,2627.3,B,4438,21.274,1346.5,24,11.421,1.1347,1.14,158.14,50.48,True,False,,ok,False,False,3.9345,0.8257,step,2627.2,0.033754,38.677,0.0038695,1380.9,False,True,False,2.767,6832,,True,False,True,,True,not run,,,,,,,,,,,,,,,,,,,,,,,,not run,,,,,,0,0.8257,62.705,3.9345,7.3774
39072296_2635.6500,39072296,2635.7,B,4439,21.265,10500,8,12.514,1.4328,1.01,139.26,36.871,True,False,,ok,False,False,2.5938,0.66385,flare_decay,2635.6,0.49482,19.936,1.4344,3207.9,True,True,False,5.2631,136.18,,False,True,False,,False,not run,,,,,,,,,,,,,,,,,,,,,,,,not run,,,,,,0,0.66385,18.002,11.294,2.5938
67666124_2635.6500,67666124,2635.7,B,4450,21.18,8151.6,8,11.237,1.8709,1.05,148.63,40.539,True,False,,ok,False,False,-2.3372,-3.0903,step,2635.6,0.029953,13.885,0.40529,1048,False,True,False,4.6736,65.65,,True,False,False,,True,not run,,,,,,,,,,,,,,,,,,,,,,,,not run,,,,,,0,-3.0903,1.136,-2.3372,2.0812
86102953_2633.9200,86102953,2633.9,B,4451,21.165,4350.7,16,12.574,1.9725,1.13,139.89,23.438,True,False,,ok,True,True,51.225,-3.0465,flare_decay,2633.8,0.10285,9.9847,0.72697,10847,False,True,False,5.149,18.232,,False,,,False,False,ok,False,False,-0.78905,-0.47897,True,,,-171.99,True,True,,0,-16.7,True,,True,False,False,False,False,,,,not run,,,,,,0,-3.0465,401.99,208.95,51.225
8770220_2614.3800,8770220,2614.4,B,4452,21.159,27364,1,12.735,1.2001,1.26,140.6,35.244,True,False,,ok,True,False,36.676,-24.271,flare_decay,2614.4,0.15363,1.2056,0.00090964,28542,False,False,False,3.1589,0.087091,,True,False,True,,True,not run,,,,,,,,,,,,,,,,,,,,,,,,not run,,,,,,0,-24.271,170.47,126.05,36.676
87955069_2626.5000,87955069,2626.5,B,4457,21.113,6030.2,6,11.503,1.3095,1.08,145.98,21.587,True,False,,ok,False,False,-39.803,-110.64,flare_decay,2626.4,0.055193,1.977,0.19225,3663.3,False,False,False,3.319,0.45743,,False,True,False,,False,not run,,,,,,,,,,,,,,,,,,,,,,,,not run,,,,,,0,-110.64,65.18,-12.525,-39.803
279979391_2635.1100,279979391,2635.1,B,4459,21.078,41912,16,10.054,1.3144,1.202,297.01,70.32,True,False,,ok,False,False,-6.28,-5.7321,flare_decay,2634.9,0.17053,5.0615,0.76065,28705,False,True,False,3.5662,7.1325,,True,False,False,,True,not run,,,,,,,,,,,,,,,,,,,,,,,,not run,,,,,,0,-5.7321,-5.7182,-5.3352,-6.28
156200806_2635.4600,156200806,2635.5,B,4482,20.86,6392.7,12,12.853,0.67908,0.722,184.14,79.422,True,False,,ok,False,False,-11.544,-5.1346,step,2636.1,0.18501,69.074,1.0597,6910.6,True,False,True,2.2102,76349,,False,,,,False,not run,,,,,,,,,,,,,,,,,,,,,,,,not run,,,,,,0,-5.1346,-8.8395,-11.544,-7.6803
157879083_2627.0100,157879083,2627,B,4493,20.813,8634,1.5,11.73,1.5693,1.05,191.67,52.699,True,False,,ok,True,True,43.24,21.625,flare_decay,2627,0.10813,2.2814,0.86285,10324,False,False,False,4.2171,0.17156,,True,False,True,,True,not run,,,,,,,,,,,,,,,,,,,,,,,,not run,,,,,,0,21.625,360.58,267.66,43.24
138507190_2627.4400,138507190,2627.4,B,4512,20.696,3746.1,24,12.876,0.90645,1.09,158.02,61.21,True,False,,ok,True,True,15.803,9.4374,step,2627.6,0.073022,57.069,0.92509,4144.2,True,False,True,2.3287,36814,,True,False,True,False,True,ok,False,False,-0.14797,-0.20163,False,1.7412,38.552,11.263,False,True,,0,-3.0624,True,,True,False,False,False,False,,,,not run,,,,,,0,9.4374,74.778,15.803,44.281
91990847_2629.7800,91990847,2629.8,B,4517,20.67,11986,1,11.965,1.9336,1.23,144.86,21.216,True,False,,ok,True,True,85.729,35.548,flare_decay,2629.8,0.40081,1.9694,1.2456,14042,True,True,False,6.2349,0.11716,grazing,True,False,False,False,True,ok,False,False,0.14429,0.10433,True,0.91348,3.1991,4.2747,False,True,,0,2.9825,True,,True,False,False,False,False,,,,not run,,,,,,0,35.548,416.11,341.89,85.729
356631074_2627.3300,356631074,2627.3,B,4519,20.663,1851.7,24,12.039,1.1292,1.09,160.8,66.544,True,False,,ok,True,True,28.808,9.1505,flare_decay,2627.1,0.37002,95.244,1.2876,4798.8,True,False,True,3.7048,42528,,False,True,False,,False,not run,,,,,,,,,,,,,,,,,,,,,,,,not run,,,,,,0,9.1505,67.638,33.377,28.808
39139273_2626.3600,39139273,2626.4,B,4520,20.662,4562.5,6,10.982,0.67424,0.64501,152.1,41.428,True,False,,ok,False,False,-16.305,-8.5027,ramp,2626.1,0.033288,17.722,9.944e-05,1343,False,True,False,1.9867,1775,,False,True,False,,False,not run,,,,,,,,,,,,,,,,,,,,,,,,not run,,,,,,0,-8.5027,-16.305,-11.954,-6.8732
95429676_2610.3400,95429676,2610.3,B,4521,20.627,12515,12,12.94,1.2408,1.02,154.83,23.64,True,False,,ok,True,True,29.551,9.3937,flare_decay,2610.3,0.11745,20.015,0.85104,12378,False,True,False,3.3943,513.09,,False,,,False,False,ok,False,False,0.098326,0.077479,True,,,-48.739,True,True,,0,2.0282,False,"1992 SX17 (V=15.9, 48"")",True,False,False,False,False,,,,not run,,,,,,0,9.3937,188.02,45.487,29.551
233431456_2610.8300,233431456,2610.8,B,4530,20.582,9564.9,2,11.706,0.77022,0.789,145.64,28.626,True,False,,ok,False,False,-25.571,-0.23127,flare_decay,2610.9,0.065589,4.9042,5.3464e-06,5212.2,False,True,False,2.1885,28.139,,False,True,False,,False,not run,,,,,,,,,,,,,,,,,,,,,,,,not run,,,,,,0,-0.23127,3.4202,35.134,-25.571
256979740_2627.1000,256979740,2627.1,B,4531,20.567,3424.8,24,12.834,0.74483,0.83,223.11,76.429,True,False,,ok,True,True,17.556,3.0805,step,2627.1,0.058178,39.25,0.77768,3344.7,False,True,False,2.0664,17140,,True,False,True,False,True,ok,False,False,-0.031574,-0.038325,True,,,-1.912,True,False,1102620407,0,-0.64938,True,,True,False,False,False,False,,,,not run,,,,,,0,3.0805,98.69,17.556,41.254
252962686_2610.1300,252962686,2610.1,B,4538,20.457,6154.1,1,10.042,1.6814,1.28,151.37,33.172,True,False,,ok,False,False,-402.55,1401.3,ramp,2610,0.12409,7.8501,0.93784,9595.3,True,True,False,4.2907,15.307,,False,True,False,,False,not run,,,,,,,,,,,,,,,,,,,,,,,,not run,,,,,,0,1401.3,-402.55,361.18,314.42
232606500_2626.6100,232606500,2626.6,B,4540,20.444,2268.2,24,12.193,1.2311,1.07,258.23,62.736,True,False,,ok,True,True,27.591,1.6031,step,2626.5,0.053978,43.781,0.89323,2472.1,False,True,False,3.1263,6871.8,,True,True,True,False,True,ok,False,False,-0.4252,-0.52346,True,,,-12.193,True,True,,1,-8.6927,True,,True,False,False,False,False,,,,not run,,,,,,0,1.6031,105.88,27.591,44.303
310097980_2626.3000,310097980,2626.3,B,4545,20.411,5749.9,24,12.986,0.92803,1.02,230.49,61.853,True,False,,ok,False,False,8.7057,14.938,step,2626.4,0.082998,52.21,0.90228,5673.3,True,True,False,2.4602,23907,,False,True,False,,False,not run,,,,,,,,,,,,,,,,,,,,,,,,not run,,,,,,0,14.938,93.427,8.7057,16.098
202380134_2626.4300,202380134,2626.4,B,4546,20.409,4279.8,24,12.511,2.9093,1.02,209.31,65.378,True,False,,ok,False,False,-5.2883,35.304,flare_decay,2626.5,0.073147,58.662,0.91839,4245.5,True,True,False,7.6537,1131.3,,False,True,False,,False,not run,,,,,,,,,,,,,,,,,,,,,,,,not run,,,,,,0,35.304,119.64,29.05,-5.2883
14900066_2627.3100,14900066,2627.3,B,4549,20.381,1510,24,11.408,0.46619,0.46367,159.92,32.452,True,False,,ok,False,False,-7.2075,21.773,flare_decay,2627.6,0.046187,67.725,0.91322,1735.4,True,True,False,1.5525,,,False,True,False,,False,not run,,,,,,,,,,,,,,,,,,,,,,,,not run,,,,,,0,21.773,34.156,15.529,-7.2075
156512630_2635.7300,156512630,2635.7,B,4556,20.314,2622.6,6,9.9462,0.76096,0.84,221.64,75.657,True,False,,ok,False,False,-12.133,-7.9844,step,2635.8,0.044065,0.32612,0.97987,980.79,True,True,False,2.0747,,grazing,True,False,True,,True,not run,,,,,,,,,,,,,,,,,,,,,,,,not run,,,,,,0,-7.9844,-11.697,-12.133,-8.2447
233744223_2635.5800,233744223,2635.6,B,4557,20.302,5219.3,8,11.766,1.8905,1.09,278.42,64.755,True,False,,ok,True,True,12.159,105.74,step,2636,0.10843,2.6712,0.88224,10001,False,False,False,5.0199,0.20082,,False,True,False,,False,not run,,,,,,,,,,,,,,,,,,,,,,,,not run,,,,,,0,105.74,400.09,12.159,19.43
414986192_2626.3100,414986192,2626.3,B,4563,20.284,4777.5,2,10.736,1.9705,1.27,141.33,22.465,True,False,,ok,True,True,22.223,-0.34162,step,2626.3,0.054458,2.8276,0.76662,2959.9,False,False,False,4.7298,0.22346,,False,True,False,,False,not run,,,,,,,,,,,,,,,,,,,,,,,,not run,,,,,,0,-0.34162,34.066,22.223,26.861
219898294_2627.3800,219898294,2627.4,B,4569,20.21,9277.8,2,11.738,0.87729,,263.46,69.077,True,False,,ok,True,True,208.31,74.601,flare_decay,2627.4,0.32267,4.5052,1.1855,10472,True,True,False,2.9869,8.5733,,True,False,True,True,True,ok,False,True,1.4181,0.80416,True,0.49796,10.867,29.057,False,False,219898296;219898298,0,28.66,True,,True,True,False,False,False,,,219898294.01,not run,,,,,,0,74.601,761.98,485.06,208.31
53579999_2627.3700,53579999,2627.4,B,4582,20.139,5749.7,16,10.872,2.7666,0.98,183.69,51.91,True,False,,ok,True,True,347.42,872.81,ramp,2626.8,0.47985,114.6,1.2921,20628,True,True,False,10.184,3593.8,,False,True,False,False,False,ok,False,False,-1.7189,-0.6333,True,,,-19.829,True,True,,0,-34.616,True,,True,False,False,False,False,,,,not run,,,,,,0,872.81,347.42,1212.3,483.36
357128249_2621.3800,357128249,2621.4,B,4604,19.953,7456.7,6,12.408,0.91019,0.914,275.34,57.103,True,False,,ok,False,False,-6.8989,-6.3237,step,2621.5,0.031946,3.2589,0.28741,1215.5,False,True,False,2.3848,6.3694,,True,True,True,,True,not run,,,,,,,,,,,,,,,,,,,,,,,,not run,,,,,,0,-6.3237,-6.2097,-6.8989,-5.8622
149438303_2615.2400,149438303,2615.2,B,4608,19.933,41634,6,12.771,0.78606,0.85,140.41,28.564,True,False,,ok,True,True,324.97,481.09,flare_decay,2615.1,0.20922,24,0.68159,45619,False,True,False,2.4725,2287.8,,False,True,False,False,False,ok,False,False,-0.46354,-0.068361,True,,,-615.69,True,True,,0,-9.2395,True,,True,False,False,False,False,,,,not run,,,,,,0,481.09,668.88,702.72,324.97
289715164_2635.6500,289715164,2635.7,B,4626,19.858,4689.2,8,11.749,0.84858,0.99,145.52,30.999,True,False,,ok,False,False,-4.8489,-7.327,step,2635.7,0.030251,9.0421,0.030944,1108.9,False,True,False,2.1613,183.13,,False,True,False,,False,not run,,,,,,,,,,,,,,,,,,,,,,,,not run,,,,,,0,-7.327,2.2023,-4.8489,-3.7216
88115150_2635.6600,88115150,2635.7,B,4627,19.851,7126.7,8,10.429,0.40316,0.39504,148.56,20.426,True,False,,ok,False,False,-4.0289,-4.658,step,2635.6,0.02815,17.172,0.016798,960.37,False,True,False,1.3918,4696,,False,True,False,,False,not run,,,,,,,,,,,,,,,,,,,,,,,,not run,,,,,,0,-4.658,4.8501,-4.0289,2.5127
154007247_2614.4200,154007247,2614.4,B,4638,19.754,2939,24,8.6952,0.87652,1.03,205.06,68.738,True,False,,ok,True,True,26.156,2.1492,step,2614.4,0.059047,30.645,0.86793,3092.1,False,True,False,2.2648,6196.3,,True,False,False,True,True,ok,True,True,4.3557,1.3872,True,0.54479,33.23,16.752,False,True,,0,86.04,True,,True,False,False,False,False,,,,ok,False,0.99993,0.99503,21.612,6196.3,0,2.1492,147.39,26.156,89.455
26985028_2635.2800,26985028,2635.3,B,4648,19.723,8513.1,16,11.617,0.84705,0.858,150.53,22.865,True,False,,ok,False,False,-46.531,212.12,ramp,2636.7,0.38577,90.903,1.2095,17029,True,False,True,3.0441,66629,,False,,,,False,not run,,,,,,,,,,,,,,,,,,,,,,,,not run,,,,,,0,212.12,-46.531,407.81,465.18
149344975_2612.3000,149344975,2612.3,B,4652,19.684,5613.5,2,10.273,0.76626,0.916,138.59,26.476,True,False,,ok,True,True,25.282,55.059,flare_decay,2612.3,0.31214,2.436,1.2066,6720.5,True,True,False,2.551,2.1643,grazing,False,True,False,True,True,ok,False,True,0.39443,0.74114,False,1.355,5.3962,3.8813,False,True,,0,7.7639,True,,True,False,False,False,False,,,,not run,,,,,,0,55.059,591.49,404.46,25.282
17104287_2626.4600,17104287,2626.5,B,4655,19.673,1838.3,6,9.619,2.6176,1.28,144.07,41.06,True,False,,ok,False,False,-9.5128,-7.3798,step,2626.3,0.023811,6.1127,0.83539,528.3,False,True,False,6.0871,2.4091,,False,True,False,,False,not run,,,,,,,,,,,,,,,,,,,,,,,,not run,,,,,,0,-7.3798,-4.6357,-9.5128,-4.7513
414963845_2629.8400,414963845,2629.8,B,4657,19.668,6997.6,8,11.99,1.6392,1.11,140.67,22.941,True,False,,ok,True,False,132.77,-6.3488,flare_decay,2629.8,0.094708,8.3805,0.61017,9827.5,False,True,False,4.2718,18.88,,False,,,False,False,ok,False,False,-2.0181,-0.96974,True,,,-175.1,True,True,,0,-39.691,True,,True,False,False,False,False,,,,not run,,,,,,0,-6.3488,447.13,331.23,132.77
165299057_2627.3400,165299057,2627.3,B,4658,19.665,3327.1,24,12.471,1.8171,0.98,157.28,29.664,True,False,,ok,True,True,53.085,3.1457,flare_decay,2627.4,0.061073,28.566,0.88382,3217.2,False,True,False,4.7852,532.88,,True,False,True,False,True,ok,False,False,0.0394,0.04856,True,0.89913,2.6056,3.1803,False,True,,0,0.77481,True,,True,False,False,False,False,,,,ok,True,0.00047077,0,17.53,532.88,0,3.1457,108.67,70.222,53.085
115809681_2610.1400,115809681,2610.1,B,4661,19.65,7478,1.5,10.97,1.5447,1.27,150.46,43.466,True,False,,ok,False,False,-157.93,875.95,ramp,2610,0.43436,12.4,1.2665,16493,True,True,False,5.044,37.207,,False,,,,False,not run,,,,,,,,,,,,,,,,,,,,,,,,not run,,,,,,0,875.95,-157.93,327.19,298.64
91966316_2621.3800,91966316,2621.4,B,4665,19.616,10323,6,12.353,0.74972,0.618,144.08,21.713,True,False,,ok,False,False,-11.337,-6.0298,ramp,2621.5,0.054065,0.50169,0.62699,3184,False,False,False,2.286,,,False,True,False,,False,not run,,,,,,,,,,,,,,,,,,,,,,,,not run,,,,,,0,-6.0298,-11.337,-8.7757,-6.8387
199685440_2627.0200,199685440,2627,B,4691,19.468,4504,24,12.36,0.74468,0.636,252.64,58.288,True,False,,ok,True,True,93.824,100.17,flare_decay,2626.9,0.34971,85.636,1.2523,6170.9,True,False,True,2.88,65772,,False,True,False,,False,not run,,,,,,,,,,,,,,,,,,,,,,,,not run,,,,,,0,100.17,131.27,153.81,93.824
219817840_2621.4200,219817840,2621.4,B,4704,19.385,15732,4,12.264,1.0608,0.827,267.65,64.014,True,False,,ok,False,False,-9.287,-5.8896,ramp,2621.4,0.028707,3.857,0.39615,964.43,False,True,False,2.8649,6.0848,,True,False,False,,True,not run,,,,,,,,,,,,,,,,,,,,,,,,not run,,,,,,0,-5.8896,-9.287,-8.7803,-5.6747
330705598_2635.6800,330705598,2635.7,B,4728,19.254,6053,6,11.951,1.1728,1.12,141.73,28.458,True,False,,ok,True,True,34.204,11.155,flare_decay,2635.7,0.066052,10.842,0.60888,4788.8,False,True,False,2.9667,122.11,,False,True,False,False,False,ok,False,False,,,True,0.78758,29.717,51.72,False,True,,0,,False,"Nininger (V=16.0, 5"")",True,False,False,False,False,,,,not run,,,,,,0,11.155,59.365,58.806,34.204
8864960_2626.7200,8864960,2626.7,B,4736,19.228,7708.4,12,12.976,1.2319,0.94,142.88,34.124,True,False,,ok,False,False,-12.944,-6.7016,step,2626.7,0.0484,3.8511,0.043259,2837.7,False,True,False,3.249,4.1391,,True,False,True,,True,not run,,,,,,,,,,,,,,,,,,,,,,,,not run,,,,,,0,-6.7016,-8.3343,-12.944,-11.76
366123495_2635.6600,366123495,2635.7,B,4741,19.187,2307.1,8,7.6608,1.3961,1.02,273.92,51.63,True,False,,ok,True,True,29.707,10.15,step,2635.6,0.029907,24.197,0.98261,471.49,True,True,False,3.5203,812.68,,False,True,False,False,False,ok,False,False,,,True,,,2.3779,True,True,,0,,True,,True,False,False,False,False,,,,not run,,,,,,0,10.15,29.831,29.707,38.45
198207865_2626.6900,198207865,2626.7,B,4772,19.008,3847.6,24,12.69,0.64161,0.736,247.2,62.664,True,False,,ok,True,True,22.651,28.945,step,2626.8,0.35123,66.215,1.2676,4814.9,True,False,True,2.366,54827,,False,True,False,,False,not run,,,,,,,,,,,,,,,,,,,,,,,,not run,,,,,,0,28.945,97.009,22.651,51.784
355175872_2627.2600,355175872,2627.3,B,4774,18.999,3723.8,24,12.517,1.2388,1,139.8,38.451,True,False,,ok,False,False,9.5172,7.4747,step,2627.3,0.068633,51.035,0.92344,3692.3,True,True,False,3.2624,9578.9,,False,True,False,,False,not run,,,,,,,,,,,,,,,,,,,,,,,,not run,,,,,,0,7.4747,105.17,9.5172,9.6166
149367754_2621.2900,149367754,2621.3,B,4779,18.975,7127.7,4,11.797,0.94969,1.01,138.91,29.006,True,False,,ok,False,False,-25.72,9.5334,flare_decay,2621.3,0.091893,2.1191,0.00036392,10227,False,False,False,2.5467,1.4183,,False,True,False,,False,not run,,,,,,,,,,,,,,,,,,,,,,,,not run,,,,,,0,9.5334,462.52,206.33,-25.72
383645790_2621.4400,383645790,2621.4,B,4781,18.952,5683.1,3,10.867,0.98162,1.03,278.88,60.878,True,False,,ok,False,False,-10.56,-2.0008,ramp,2621.6,0.9,12,1.8611,1876.6,True,True,False,4.5524,45.863,,False,True,False,,False,not run,,,,,,,,,,,,,,,,,,,,,,,,not run,,,,,,0,-2.0008,-10.56,-6.7171,-2.9883
105483463_2614.3800,105483463,2614.4,B,4782,18.951,8791.7,1,11.412,0.95432,1.03,143.82,43.393,True,False,,ok,True,False,35.429,-20.757,flare_decay,2614.4,0.087082,1.1701,0.026837,9183.4,False,False,False,2.5312,0.18197,,True,False,True,,True,not run,,,,,,,,,,,,,,,,,,,,,,,,not run,,,,,,0,-20.757,157.19,89.277,35.429
383675374_2611.1300,383675374,2611.1,B,4790,18.893,8614.5,6,12.064,0.9279,1,279.33,60.675,True,False,,ok,False,False,-3.6164,6.2919,step,2610.8,0.45765,34.725,1.3313,10525,True,True,False,3.3332,2829.4,,False,,,,False,not run,,,,,,,,,,,,,,,,,,,,,,,,not run,,,,,,0,6.2919,4.7585,-3.6164,3.2093
117420476_2614.3200,117420476,2614.3,B,4793,18.851,9167.9,2,12.041,2.4454,1.06,137.88,28.692,True,False,,ok,False,False,7.5232,0.88704,flare_decay,2614.3,0.085306,2.4944,0.051291,8809.6,False,False,False,6.4201,0.19153,,False,True,False,,False,not run,,,,,,,,,,,,,,,,,,,,,,,,not run,,,,,,0,0.88704,113.85,68.123,7.5232
138710182_2635.7900,138710182,2635.8,B,4796,18.842,9445.8,3,11.849,0.73484,0.88,137.13,28.933,True,False,,ok,False,False,-11.827,-5.0466,ramp,2635.9,0.070374,0.28753,0.90246,4099.8,True,True,False,2.0223,,grazing,True,True,True,,True,not run,,,,,,,,,,,,,,,,,,,,,,,,not run,,,,,,0,-5.0466,-11.827,-10.159,-8.1763
155878645_2635.8300,155878645,2635.8,B,4804,18.823,11326,2,11.444,0.87028,0.91,196.97,56.038,True,False,,ok,False,False,-43.658,32.228,ramp,2636,0.9,9.7,1.8309,4805.6,True,True,False,4.2058,30.709,,False,True,False,,False,not run,,,,,,,,,,,,,,,,,,,,,,,,not run,,,,,,0,32.228,-43.658,22.645,32.61
8941409_2627.1600,8941409,2627.2,B,4807,18.803,4850.4,24,12.914,0.52461,0.52185,153.1,35.285,True,False,,ok,False,False,0.2761,26.224,flare_decay,2627.3,0.07942,50.075,0.85828,5656.8,False,False,True,1.7329,60334,,False,True,False,,False,not run,,,,,,,,,,,,,,,,,,,,,,,,not run,,,,,,0,26.224,138.78,20.008,0.2761
219777008_2621.3800,219777008,2621.4,B,4812,18.786,2293.5,6,9.9294,1.0268,0.972,263.77,60.549,True,False,,ok,False,False,-10.603,-4.9746,ramp,2621.1,0.016507,2.6717,0.61009,299.26,False,True,False,2.5963,2.7037,,True,False,True,,True,not run,,,,,,,,,,,,,,,,,,,,,,,,not run,,,,,,0,-4.9746,-10.603,-7.6757,-7.6641
198361391_2627.0200,198361391,2627,B,4817,18.765,1385.9,24,11.038,1.7948,1.069,256.82,59.927,True,False,,ok,False,False,-26.123,-7.5378,flare_decay,2627.3,0.039667,66.727,0.93514,1207.1,True,True,False,4.4986,8172.6,,False,True,False,,False,not run,,,,,,,,,,,,,,,,,,,,,,,,not run,,,,,,0,-7.5378,19.146,-13.782,-26.123
27068436_2626.2500,27068436,2626.2,B,4818,18.764,8173.6,6,12.132,0.92141,0.99,151.99,20.035,True,False,,ok,False,False,-9.739,-3.6956,ramp,2626,0.044151,1.3535,0.00090952,2362.3,False,False,False,2.3785,0.42549,,False,True,False,,False,not run,,,,,,,,,,,,,,,,,,,,,,,,not run,,,,,,0,-3.6956,-9.739,-8.5318,-4.6769
166178900_2626.3800,166178900,2626.4,B,4828,18.707,3258,24,11.431,0.86335,1.01,217.68,63.106,True,False,,ok,False,False,-11.832,88.973,flare_decay,2626.5,0.062105,56.777,0.92,3065.2,True,False,True,2.2519,40089,,False,True,False,,False,not run,,,,,,,,,,,,,,,,,,,,,,,,not run,,,,,,0,88.973,214.89,82.751,-11.832
402442869_2611.6200,402442869,2611.6,B,4837,18.661,758.47,16,9.3461,0.89031,0.97,294.27,71.571,True,False,,ok,False,False,7.8354,-2.3282,flare_decay,2611.5,0.020495,24.691,0.43764,487.27,False,True,False,2.2615,3255.2,,False,True,False,,False,not run,,,,,,,,,,,,,,,,,,,,,,,,not run,,,,,,0,-2.3282,30.725,11.152,7.8354
307958358_2635.6500,307958358,2635.7,B,4851,18.631,8234.1,8,12.84,0.71982,0.72,148.96,27.043,True,False,,ok,False,False,-10.731,-6.755,step,2635.6,0.033984,13.924,0.13425,1394.6,False,True,False,2.046,788.21,,False,True,False,,False,not run,,,,,,,,,,,,,,,,,,,,,,,,not run,,,,,,0,-6.755,-5.9695,-10.731,-5.4268
256324377_2627.0600,256324377,2627.1,B,4864,18.525,4506.9,24,9.6877,0.58378,0.57465,297.8,62.287,True,False,,ok,True,True,1796.3,1530.3,flare_decay,2627,0.38308,78.518,1.2748,7623.2,True,False,True,2.393,88361,,False,True,False,,False,not run,,,,,,,,,,,,,,,,,,,,,,,,not run,,,,,,0,1530.3,4724.4,2187.3,1796.3
356542441_2626.5600,356542441,2626.6,B,4868,18.509,2152.9,8,10.456,2.6466,1.48,154.23,63.277,True,False,,ok,False,False,-16.182,-10.939,step,2627.1,0.021047,3.4218,0.71103,461.26,False,False,False,5.8476,0.27928,,True,False,True,,True,not run,,,,,,,,,,,,,,,,,,,,,,,,not run,,,,,,0,-10.939,-9.8353,-16.182,-12.202
202442937_2626.4900,202442937,2626.5,B,4878,18.485,6162.3,24,12.701,0.66575,0.78,227.91,63.481,True,False,,ok,True,True,77.051,103.44,flare_decay,2626.4,0.37946,75.575,1.26,8921.4,True,False,True,2.4583,72679,,False,True,False,,False,not run,,,,,,,,,,,,,,,,,,,,,,,,not run,,,,,,0,103.44,286.74,108.07,77.051
357183520_2621.4100,357183520,2621.4,B,4889,18.402,4551.7,4,10.886,1.1562,0.99,172.16,72.467,True,False,,ok,False,False,-11.481,-5.3602,ramp,2621.6,0.024693,13.577,0.0089714,739.04,False,True,False,2.9292,249.12,,False,True,False,,False,not run,,,,,,,,,,,,,,,,,,,,,,,,not run,,,,,,0,-5.3602,-11.481,-9.9949,-6.5709
229405771_2627.3400,229405771,2627.3,B,4899,18.38,2822,8,11.677,1.2914,1.28,292.66,65.007,True,False,,ok,False,False,-65.955,-0.23249,step,2627.3,0.049398,10.36,0.033513,2956.4,False,True,False,3.0757,95.609,,True,False,False,,True,not run,,,,,,,,,,,,,,,,,,,,,,,,not run,,,,,,0,-0.23249,190.11,-65.955,-14.586
4995072_2627.4100,4995072,2627.4,B,4901,18.373,12622,24,11.791,0.76317,0.726,160.77,31,True,False,,ok,True,True,1311,1715.2,flare_decay,2627.4,0.41299,85.149,1.2308,18491,True,False,True,2.9566,59763,,False,True,False,,False,not run,,,,,,,,,,,,,,,,,,,,,,,,not run,,,,,,0,1715.2,3312,2094.1,1311
202509019_2621.3500,202509019,2621.3,B,4904,18.362,9986.2,1,10.368,1.0275,1.002,231.43,61.286,True,False,,ok,True,True,63.724,29.111,flare_decay,2621.3,0.39445,2.9635,1.2828,8108.9,True,True,False,3.5287,1.4556,grazing,True,False,True,True,True,ok,False,True,2.3712,0.94559,False,1.3271,40.656,44.559,False,False,202509017;202509016,0,43.541,True,,True,False,False,False,False,,,,not run,,,,,,0,29.111,410.1,284.93,63.724
356976182_2621.3800,356976182,2621.4,B,4913,18.323,4688.8,6,11.18,0.96522,1.001,273.55,54.41,True,False,,ok,False,False,-10.533,-5.0136,ramp,2621.3,0.024894,1.4225,0.17406,746.5,False,False,False,2.4367,0.46008,,True,False,True,,True,not run,,,,,,,,,,,,,,,,,,,,,,,,not run,,,,,,0,-5.0136,-10.533,-8.1087,-8.0528
229940491_2635.5400,229940491,2635.5,B,4919,18.287,5190.4,1.5,11.117,1.4958,1.023,288.05,63.657,True,True,1642.01,ok,True,True,120.42,37.432,flare_decay,2635.5,0.095294,2.679,0.93241,6342.1,True,True,False,4.0077,0.66541,grazing,True,False,True,True,True,ok,True,True,0.76724,0.65008,True,0.12747,1.5745,13.979,False,True,,0,14.03,True,,False,True,True,False,False,1642.01,APC,,ok,False,0.99621,0.38091,24.374,36.561,0,37.432,443.83,325.59,120.42
233498887_2626.4600,233498887,2626.5,B,4930,18.247,6017.8,6,12.341,0.77902,0.678,249.75,73.11,True,False,,ok,False,False,-12.826,-5.3523,ramp,2626.5,0.026188,3.2979,0.71312,713.11,False,True,False,2.2421,7.9475,,True,False,False,,True,not run,,,,,,,,,,,,,,,,,,,,,,,,not run,,,,,,0,-5.3523,-12.826,-10.163,-7.6994
450296997_2614.7200,450296997,2614.7,B,4936,18.228,1.5928e+05,1,11.424,1.8682,1.11,142.98,41.683,True,False,,ok,False,False,-0.1633,618.41,flare_decay,2614.7,0.9,1.0719,5.3178e-05,8.6463e+05,False,False,False,8.4632,,,True,False,False,,True,not run,,,,,,,,,,,,,,,,,,,,,,,,not run,,,,,,0,618.41,1405.1,1290.6,-0.1633
219775505_2626.5100,219775505,2626.5,B,4937,18.219,1217.8,24,11.39,0.87803,0.802,263.62,63.491,True,False,,ok,False,False,-11.162,-4.9239,step,2626.6,0.03991,54.01,0.94171,1195.1,True,True,False,2.4215,27754,,False,True,False,,False,not run,,,,,,,,,,,,,,,,,,,,,,,,not run,,,,,,0,-4.9239,21.799,-11.162,-8.5627
359482631_2621.3800,359482631,2621.4,B,4941,18.191,8269.7,6,12.246,0.78785,0.759,278.96,58.92,True,False,,ok,False,False,-13.598,-6.6444,step,2621.6,0.055684,1.9123,0.94691,2242.2,True,True,False,2.2466,1.5239,grazing,False,,,,False,not run,,,,,,,,,,,,,,,,,,,,,,,,not run,,,,,,0,-6.6444,-11.974,-13.598,-12.57
8922360_2627.2500,8922360,2627.2,B,4947,18.165,2608.2,24,12.78,0.77736,0.91,152.89,34.344,True,False,,ok,False,False,6.8383,3.2724,step,2627.3,0.074235,63.985,0.9554,3407.7,True,False,True,2.1232,68447,,False,True,False,,False,not run,,,,,,,,,,,,,,,,,,,,,,,,not run,,,,,,0,3.2724,20.123,6.8383,12.791
308015303_2632.0800,308015303,2632.1,B,4964,18.121,10484,2,12.668,2.1665,0.92,149.93,28.457,True,False,,ok,True,True,27.967,2.3199,flare_decay,2632.1,0.1084,3.3454,0.83212,10867,False,False,False,6.0891,0.25152,,True,False,True,,True,not run,,,,,,,,,,,,,,,,,,,,,,,,not run,,,,,,0,2.3199,145.16,108.26,27.967
462575574_2610.6600,462575574,2610.7,B,4966,18.119,1815.2,8,10.221,0.81302,1,232.68,68.53,True,False,,ok,False,False,-7.4677,-0.74525,ramp,2610.9,0.1313,0.37237,1.0664,2029.1,True,True,False,2.2663,,grazing,True,False,True,,True,not run,,,,,,,,,,,,,,,,,,,,,,,,not run,,,,,,0,-0.74525,-7.4677,-4.1858,-2.7389
207493758_2626.7100,207493758,2626.7,B,4970,18.105,3041.4,24,12.376,0.70102,0.666,246.64,59.684,True,False,,ok,True,True,24.529,30.828,step,2626.9,0.062898,63.982,0.92195,3125.3,True,False,True,2.1022,70506,,True,False,True,False,True,ok,False,False,0.293,0.20437,True,0.78285,12.611,8.0595,False,False,207493753;207493760,0,5.3047,True,,True,False,False,False,False,,,,not run,,,,,,0,30.828,53.835,24.529,55.902
115856645_2627.3100,115856645,2627.3,B,4971,18.104,1806,24,10.954,1.3078,1.24,157.53,46.961,True,False,,ok,True,True,45.435,51.683,step,2627.4,0.31581,72,1.2607,2334.6,True,True,False,3.9478,15187,,False,True,False,True,True,ok,False,True,1.3054,1.9718,False,1.2354,34.302,31.914,False,False,840937382,0,23.633,True,,True,False,False,False,False,,,,not run,,,,,,0,51.683,120.21,45.435,70.874
138688994_2611.5600,138688994,2611.6,B,4977,18.053,11417,4,12.903,0.8337,0.85,136.84,28.912,True,False,,ok,True,True,55.862,17.223,flare_decay,2611.6,0.13178,6.3325,0.86401,15136,False,True,False,2.4544,42.953,,True,False,True,False,True,ok,False,False,0.38054,0.25431,True,0.70491,5.5005,8.4611,False,True,,0,6.87,True,,True,False,False,False,False,,,,ok,False,0.682,0,24.435,42.953,0,17.223,200.52,116.71,55.862
142905733_2627.0300,142905733,2627,B,4981,18.021,2349.7,24,12.45,0.60727,0.59398,177.91,68.935,True,False,,ok,True,True,10.513,-4.4123,step,2627,0.044651,34.412,1.7367e-05,2416.2,False,True,False,1.8594,15852,,True,False,True,True,True,ok,True,True,0.41455,0.5524,True,0.22054,1.7643,10.702,False,True,,0,7.4704,True,,True,False,False,False,False,,,,ok,True,4.7735e-08,0,16.032,15852,0,-4.4123,48.319,10.513,20.349
293631919_2626.4700,293631919,2626.5,B,4988,17.982,6734.9,6,11.941,0.59501,0.584,160.53,58.751,True,False,,ok,False,False,-10.404,-6.2019,ramp,2626.6,0.032773,1.9376,0.060063,1300.8,False,True,False,1.8113,3.0512,,True,False,True,,True,not run,,,,,,,,,,,,,,,,,,,,,,,,not run,,,,,,0,-6.2019,-10.404,-9.275,-7.4386
198317274_2626.4100,198317274,2626.4,B,4990,17.969,2132.2,24,12.044,1.0444,1.17,234.42,61.681,True,False,,ok,False,False,-1.2294,-1.1282,step,2626.3,0.051144,47.775,0.93138,2020.5,True,True,False,2.5671,16124,,False,True,False,,False,not run,,,,,,,,,,,,,,,,,,,,,,,,not run,,,,,,0,-1.1282,46.887,-1.2294,-0.12916
230073588_2610.8300,230073588,2610.8,B,4999,17.93,2908.4,8,8.4282,0.45848,0.45557,244.19,67.256,True,False,,ok,True,True,319.81,292.8,flare_decay,2610.9,0.32662,24.984,1.261,3143.7,True,True,False,1.9476,5279.5,,False,True,False,False,False,ok,False,False,-0.42327,-0.087931,True,,,-5.0118,True,True,,0,-7.5891,True,,True,False,False,False,False,,,,not run,,,,,,0,292.8,533.13,344.35,319.81
288469701_2627.4600,288469701,2627.5,B,5006,17.869,4858.9,24,12.323,0.71652,0.793,271.02,79.161,True,False,,ok,True,True,189.27,122.58,flare_decay,2627.3,0.36734,75.964,1.2643,6907.4,True,False,True,2.6081,61805,,False,True,False,,False,not run,,,,,,,,,,,,,,,,,,,,,,,,not run,,,,,,0,122.58,384.61,259.26,189.27
53451086_2626.4400,53451086,2626.4,B,5010,17.855,5829.1,6,12.716,0.90431,0.92,161.5,50.97,True,False,,ok,False,False,-4.7157,-5.5716,flare_decay,2626.5,0.050129,1.8903,2.4033e-05,3045.2,False,False,False,2.4059,1.1896,,True,False,True,,True,not run,,,,,,,,,,,,,,,,,,,,,,,,not run,,,,,,0,-5.5716,-1.8741,-1.4683,-4.7157
139400957_2627.4300,139400957,2627.4,B,5011,17.855,8194,24,10.317,0.87033,0.798,139.6,34.707,True,False,,ok,True,True,2890.7,4274.6,flare_decay,2627.5,0.11853,72,0.91536,10241,True,False,True,2.5861,53982,,False,True,False,,False,not run,,,,,,,,,,,,,,,,,,,,,,,,not run,,,,,,0,4274.6,5761.6,4268.3,2890.7
328999121_2626.6800,328999121,2626.7,B,5020,17.825,7173.9,6,12.504,1.5879,1.2,249.4,82.706,True,False,,ok,False,False,-12.004,-21.28,flare_decay,2626.8,0.042395,1.6996,0.010829,2178.2,False,False,False,3.8389,0.13587,,True,False,True,,True,not run,,,,,,,,,,,,,,,,,,,,,,,,not run,,,,,,0,-21.28,-5.4873,-10.922,-12.004
219793483_2626.9900,219793483,2627,B,5035,17.757,2889.5,24,11.635,0.82967,0.95,264.93,61.153,True,False,,ok,True,True,27.478,49.618,flare_decay,2627,0.33974,73.567,1.2667,3810.6,True,False,True,2.7862,46051,,False,True,False,,False,not run,,,,,,,,,,,,,,,,,,,,,,,,not run,,,,,,0,49.618,137.94,52.601,27.478
91990911_2611.5400,91990911,2611.5,B,5036,17.757,9189.2,2,12.162,1.1199,1.12,144.84,20.923,True,False,,ok,True,True,59.968,22.802,flare_decay,2611.5,0.40244,3.0704,1.2571,12615,True,True,False,3.7273,1.3687,grazing,True,False,True,False,True,ok,False,False,-0.4689,-0.24073,True,,,-18.396,True,True,,0,-8.326,True,,True,False,False,False,False,,,,not run,,,,,,0,22.802,226.88,158.39,59.968
4753670_2611.0200,4753670,2611,B,5044,17.71,14519,3,12.953,1.1492,1.07,145.74,31.263,True,False,,ok,False,False,-9.3036,-4.6984,step,2610.7,0.076146,18,0.42454,6740.4,False,True,False,2.9796,551.57,,False,,,,False,not run,,,,,,,,,,,,,,,,,,,,,,,,not run,,,,,,0,-4.6984,-6.8424,-9.3036,-4.9677
202439632_2626.5900,202439632,2626.6,B,5047,17.699,3742.1,24,12.852,0.32362,0.30373,227.03,60.756,True,False,,ok,False,False,-12.608,24.905,flare_decay,2626.6,0.077146,72,0.91681,4731.8,True,True,False,1.2776,,,False,True,False,,False,not run,,,,,,,,,,,,,,,,,,,,,,,,not run,,,,,,0,24.905,30.734,13.312,-12.608
153971633_2610.5000,153971633,2610.5,B,5050,17.686,4741.2,6,10.796,2.2197,1.11,202.13,68.444,True,False,,ok,False,False,-9.3081,-5.0679,ramp,2610.1,0.041777,17.743,0.0002821,2115.2,False,True,False,5.5069,83.809,,False,,,,False,not run,,,,,,,,,,,,,,,,,,,,,,,,not run,,,,,,0,-5.0679,-9.3081,-7.8103,-3.8977
252465620_2621.3700,252465620,2621.4,B,5052,17.676,4023.3,6,10.661,0.70426,0.67,149.96,48.97,True,False,,ok,False,False,8.9773,4.153,step,2621.4,0.049481,12.294,0.96152,1590.7,True,True,False,2.0812,515.48,,False,True,False,,False,not run,,,,,,,,,,,,,,,,,,,,,,,,not run,,,,,,0,4.153,40.39,8.9773,15.988
285003241_2635.3100,285003241,2635.3,B,5072,17.58,4320.4,16,12.389,0.93048,0.83,137.33,29.619,True,False,,ok,False,False,-14.539,-9.5125,ramp,2635.7,0.032135,19.724,0.39697,1208.3,False,True,False,2.5181,1202.2,,False,True,False,,False,not run,,,,,,,,,,,,,,,,,,,,,,,,not run,,,,,,0,-9.5125,-14.539,-14.343,-7.611
233182438_2610.7100,233182438,2610.7,B,5091,17.492,5736.2,8,12.403,1.7714,0.98,219.12,70.389,True,False,,ok,False,False,-10.439,-4.598,step,2610.4,0.053133,3.1296,0.0052105,3421,False,False,False,4.6299,0.64262,,False,,,,False,not run,,,,,,,,,,,,,,,,,,,,,,,,not run,,,,,,0,-4.598,-5.4712,-10.439,-5.733
288133315_2627.2600,288133315,2627.3,B,5092,17.49,983.87,24,11.293,1.325,1.05,210.15,79.242,True,False,,ok,False,False,-0.11662,-7.9814,step,2627.3,0.2597,48.69,1.2232,1105.7,True,True,False,4.0475,4358.2,,True,False,True,,True,not run,,,,,,,,,,,,,,,,,,,,,,,,not run,,,,,,0,-7.9814,39.915,-0.11662,0.57817
453443319_2611.5600,453443319,2611.6,B,5095,17.483,1587.9,16,10.61,0.74206,0.67,147.62,50.718,True,False,,ok,True,True,59.286,20.18,flare_decay,2611.5,0.045362,27.865,0.91352,1673.2,True,True,False,2.1843,5192.7,,False,True,False,False,False,ok,False,False,-0.012587,-0.0097175,True,,,-1.41,True,False,453443321,0,-0.22005,True,,True,False,False,False,False,,,,not run,,,,,,0,20.18,185.72,66.202,59.286
393853333_2635.7300,393853333,2635.7,B,5096,17.48,6094.6,6,11.405,0.80459,0.899,146.77,44.375,True,False,,ok,False,False,-8.7961,-3.0767,flare_decay,2636.1,0.045995,36,0.86418,1891,False,True,False,2.1485,11765,,False,,,,False,not run,,,,,,,,,,,,,,,,,,,,,,,,not run,,,,,,0,-3.0767,-0.44543,-7.9287,-8.7961
141119610_2635.6400,141119610,2635.6,B,5106,17.435,9659,8,12.542,1.8307,1.03,165.45,59.913,True,False,,ok,False,False,7.2535,-1.3521,step,2635.7,0.067077,15.945,0.88443,3870.8,False,True,False,4.7684,93.641,,False,True,False,,False,not run,,,,,,,,,,,,,,,,,,,,,,,,not run,,,,,,0,-1.3521,35.434,7.2535,9.6017
313262090_2626.4700,313262090,2626.5,B,5113,17.402,3600,24,12.904,2.2322,0.94,205.31,63.424,True,False,,ok,False,False,-19.834,28.862,flare_decay,2626.7,0.079346,72,0.93986,4390.2,True,True,False,6.0656,4194.5,,False,True,False,,False,not run,,,,,,,,,,,,,,,,,,,,,,,,not run,,,,,,0,28.862,2.0219,22.585,-19.834
285003200_2628.4100,285003200,2628.4,B,5122,17.375,12442,1.5,12.162,0.84306,0.911,137.36,29.442,True,False,,ok,True,True,61.702,7.2637,flare_decay,2628.4,0.1125,1.8256,0.66189,13507,False,False,False,2.3839,1.1021,,False,True,False,,False,not run,,,,,,,,,,,,,,,,,,,,,,,,not run,,,,,,0,7.2637,276.8,205.28,61.702
239207051_2626.3400,239207051,2626.3,B,5125,17.368,9627.6,6,12.471,1.2753,1.4,157.14,19.905,True,False,,ok,False,False,-15.693,0.53565,flare_decay,2626.1,0.088302,1.6213,4.8489e-08,9443.7,False,False,False,3.0574,0.30198,,False,True,False,,False,not run,,,,,,,,,,,,,,,,,,,,,,,,not run,,,,,,0,0.53565,72.426,20.491,-15.693
149365111_2635.7300,149365111,2635.7,B,5130,17.34,11294,6,12.029,0.79153,0.815,138.8,26.136,True,False,,ok,True,True,10.992,2.1952,step,2635.8,0.9,24.15,1.8149,6775.4,True,True,False,3.9682,564.25,,False,True,False,False,False,ok,False,False,,,True,,,-1.027,True,True,,0,,True,,True,False,False,False,False,,,,not run,,,,,,0,2.1952,29.614,10.992,12.702
39730300_2635.8300,39730300,2635.8,B,5136,17.327,9877,1.5,10.391,0.87131,0.94,153.59,45.553,True,False,,ok,False,False,-208.69,1501.5,ramp,2636,0.43917,12.4,1.2483,20472,True,True,False,3.1545,151.96,,False,,,,False,not run,,,,,,,,,,,,,,,,,,,,,,,,not run,,,,,,0,1501.5,-208.69,658.39,743.57
147936815_2621.2800,147936815,2621.3,B,5140,17.312,4460.6,8,11.614,1.7916,1.07,166.16,67.35,True,False,,ok,False,False,-11.065,-5.5888,ramp,2621.9,0.033299,47.999,0.0093648,1343.8,False,True,False,4.4615,3118.4,,False,,,,False,not run,,,,,,,,,,,,,,,,,,,,,,,,not run,,,,,,0,-5.5888,-11.065,-10.725,-7.3209
17237400_2627.3600,17237400,2627.4,B,5143,17.256,7102.4,24,12.44,0.71992,0.711,146.89,38.362,True,False,,ok,True,True,179.01,508.48,flare_decay,2627.5,0.11207,72,0.88617,10566,False,False,True,2.2101,86469,,False,True,False,,False,not run,,,,,,,,,,,,,,,,,,,,,,,,not run,,,,,,0,508.48,532.55,417.52,179.01
66683324_2635.8300,66683324,2635.8,B,5148,17.229,5827.7,1.5,9.067,2.2229,1.31,155.19,58.606,True,False,,ok,False,False,-126.43,1284.2,ramp,2636,0.41534,12.525,1.2976,9024.9,True,True,False,7.0937,13.771,,False,,,,False,not run,,,,,,,,,,,,,,,,,,,,,,,,not run,,,,,,0,1284.2,-126.43,546.65,618.37
232966768_2610.4500,232966768,2610.4,B,5149,17.225,6565.8,4,10.039,0.90602,0.79,197.76,66.516,True,False,,ok,False,False,-13.9,9.9235,ramp,2610.1,0.3853,22.149,1.2633,9303.3,True,True,False,3.3459,725.91,,False,,,,False,not run,,,,,,,,,,,,,,,,,,,,,,,,not run,,,,,,0,9.9235,-13.9,14.392,17.275
441723289_2626.5700,441723289,2626.6,B,5150,17.213,9908.3,6,12.259,0.98576,0.98,255.54,75.565,True,False,,ok,False,False,-17.272,-15.567,step,2626.8,0.28346,6.9203,1.2426,1372.1,True,True,False,3.1388,26.806,,True,False,False,,True,not run,,,,,,,,,,,,,,,,,,,,,,,,not run,,,,,,0,-15.567,-5.5067,-17.272,-10.061
233716383_2626.9500,233716383,2626.9,B,5152,17.202,1059.2,24,11.456,1.1083,1.109,276.21,63.857,True,False,,ok,True,True,23.285,-3.5256,step,2626.8,0.042975,44.003,0.91531,1496.1,True,True,False,2.7517,10229,,False,True,False,False,False,ok,False,False,-0.28959,-0.30298,True,,,-8.7675,True,True,,1,-4.9815,True,,True,False,False,False,False,,,,not run,,,,,,0,-3.5256,80.657,23.285,35.329
232681415_2626.8900,232681415,2626.9,B,5164,17.151,3877.7,24,11.576,0.76179,0.849,282.55,57.876,True,False,,ok,True,True,110.48,447.82,flare_decay,2626.4,0.41426,132.48,1.2552,14817,True,True,False,2.8036,,,False,True,False,False,False,ok,False,False,2.6659,0.23272,True,,,-15.899,True,True,,0,45.723,True,,True,False,False,False,False,,,,ok,False,1,1,15.935,47.805,0,447.82,424.78,441.75,110.48
284541850_2627.4400,284541850,2627.4,B,5171,17.106,4279.9,24,12.72,0.82923,0.84,148.93,59.795,True,False,,ok,True,True,90.092,32.414,step,2627.4,0.48171,51.178,1.3917,6124.2,True,True,False,3.209,10149,,False,True,False,False,False,ok,False,False,1.1552,2.6767,True,0.4767,8.1618,29,False,True,,0,19.761,True,,True,False,False,False,False,,,,ok,False,0.40561,0.40344,16.568,10149,0,32.414,216.5,90.092,97.794
407613300_2627.3400,407613300,2627.3,B,5179,17.064,2800.5,24,12.782,1.0492,1.06,157.79,30.544,True,False,,ok,True,True,35.141,-5.1085,flare_decay,2627.4,0.31742,34.859,1.2427,3845.3,True,True,False,3.3407,2843.1,,True,False,True,False,True,ok,False,False,0.21936,0.21048,True,0.22996,1.4184,8.3104,False,True,,0,3.743,True,,True,False,False,False,False,,,,ok,False,0.25445,0.18854,17.501,2843.1,0,-5.1085,96.689,49.092,35.141
357049223_2610.6900,357049223,2610.7,B,5180,17.054,3956.6,6,10.658,2.2511,0.92,274.7,58.995,True,False,,ok,False,False,-8.3079,-3.5097,ramp,2610.4,0.062561,33.611,0.95818,2468.5,True,True,False,6.0653,426.73,,False,,,,False,not run,,,,,,,,,,,,,,,,,,,,,,,,not run,,,,,,0,-3.5097,-8.3079,-8.3055,-6.556
407583402_2611.0700,407583402,2611.1,B,5187,17.008,9442.7,4,12.306,0.96541,0.92,145.39,30.291,True,False,,ok,False,False,-23.002,-0.73166,ramp,2610.7,0.41425,28.525,1.2611,13916,True,True,False,3.4596,1402.8,,False,,,,False,not run,,,,,,,,,,,,,,,,,,,,,,,,not run,,,,,,0,-0.73166,-23.002,2.9362,8.34
105485078_2614.3800,105485078,2614.4,B,5188,17.004,11786,1,12.05,0.89222,1.03,143.95,43.669,True,False,,ok,True,False,25.538,-19.976,flare_decay,2614.4,0.1006,1.185,0.0012213,12254,False,False,False,2.3959,0.26126,,True,False,True,,True,not run,,,,,,,,,,,,,,,,,,,,,,,,not run,,,,,,0,-19.976,135.24,88.052,25.538
56937804_2626.3500,56937804,2626.3,B,5189,17.003,3759.3,4,8.6794,0.96968,1.1,172.35,43.45,True,False,,ok,False,False,-10.391,-3.1314,ramp,2626.3,0.020576,23.719,0.4445,490.36,False,True,False,2.3622,2532.1,,False,True,False,,False,not run,,,,,,,,,,,,,,,,,,,,,,,,not run,,,,,,0,-3.1314,-10.391,-9.0608,-4.1207
233181893_2626.3500,233181893,2626.3,B,5190,17,2847.3,24,10.625,1.2514,1.2,218.73,70.201,True,False,,ok,True,True,96.977,44.087,flare_decay,2626.1,0.056385,40.689,0.56991,3545.6,False,True,False,3.0655,5850.7,,False,True,False,False,False,ok,False,False,0.59804,0.14935,True,0.7365,10.597,9.4276,False,True,,1,10.167,True,,True,False,False,False,False,,,,ok,False,0.86313,0.86313,15.816,5850.7,0,44.087,228.32,102.48,96.977
199661358_2610.7000,199661358,2610.7,B,5194,16.981,5597,6,12.231,0.49685,0.63,251.29,58.815,True,False,,ok,False,False,-13.397,-5.7795,ramp,2610.4,0.051128,4.6305,0.77074,2600.4,False,True,False,1.5009,73.421,,False,,,,False,not run,,,,,,,,,,,,,,,,,,,,,,,,not run,,,,,,0,-5.7795,-13.397,-9.9343,-4.5777
88047652_2627.0000,88047652,2627,B,5196,16.97,7113.8,8,12.804,0.91872,0.97,147.56,23.542,True,False,,ok,True,True,15.844,-2.9508,flare_decay,2627,0.085312,10.275,0.60425,7998.3,False,True,False,2.4819,177.46,,True,False,True,False,True,ok,False,False,0.38641,0.34423,True,0.61523,4.0004,8.833,False,True,,0,6.5574,False,"Fatme (V=14.4, 31"")",True,False,False,False,False,,,,not run,,,,,,0,-2.9508,203.13,77.37,15.844
385453026_2610.3800,385453026,2610.4,B,5197,16.97,10157,1,11.363,0.93798,0.921,170.35,49.832,True,False,,ok,True,True,191.77,2109.4,ramp,2610.3,0.9,7.7251,1.7029,27418,True,True,False,4.5152,12.531,,False,True,False,False,False,ok,False,False,-0.088054,-0.010326,True,,,-11.475,True,True,,1,-1.4943,True,,True,False,False,False,False,,,,not run,,,,,,0,2109.4,191.77,602.97,531.66
8716905_2614.3800,8716905,2614.4,B,5202,16.953,1939.3,24,11.342,1.531,1.1,138.1,30.003,True,False,,ok,True,True,95.345,34.513,step,2614.4,0.32922,29.936,1.2667,2915,True,True,False,4.8601,585.41,,True,True,True,True,True,ok,True,True,1.5253,1.0445,True,,,-13.616,True,True,,0,25.859,True,,True,False,False,False,False,,,,ok,False,0.99971,0,21.549,585.41,0,34.513,333.94,95.345,128.63
355917709_2630.3300,355917709,2630.3,B,5204,16.945,23596,6,12.558,2.4072,1,205.83,61.21,True,False,,ok,True,True,1648,357.64,flare_decay,2630.3,0.14983,11.253,0.46185,25794,False,True,False,6.8281,11.162,,True,False,True,True,True,ok,True,True,4.5691,0.94759,True,0.13897,6.7705,75.781,False,True,,0,77.423,True,,True,False,False,False,False,,,,ok,False,1,0,19.914,29.87,0,357.64,3568.7,2107.4,1648
284168277_2635.6600,284168277,2635.7,B,5205,16.942,7713.9,8,12.373,0.71747,0.779,275.41,53.316,True,False,,ok,True,True,11.877,-2.8121,step,2635.6,0.049701,14.253,0.74909,2501.5,False,True,False,2.0167,882.83,,False,True,False,False,False,ok,False,False,0.11398,0.20115,True,,,0.57546,True,True,,0,1.931,True,,True,False,False,False,False,,,,not run,,,,,,0,-2.8121,31.729,11.877,12.074
450299011_2627.2200,450299011,2627.2,B,5208,16.929,1474.2,24,12.115,1.5506,1.38,143.18,39.954,True,False,,ok,False,False,-6.867,-4.372,flare_decay,2627.1,0.30812,42.115,1.2638,1622.4,True,True,False,4.4909,2065.5,,False,True,False,,False,not run,,,,,,,,,,,,,,,,,,,,,,,,not run,,,,,,0,-4.372,28.343,3.0721,-6.867
165528287_2621.2900,165528287,2621.3,B,5210,16.921,4934.5,8,12.492,0.79056,0.855,266.07,54.997,True,False,,ok,False,False,-10.606,-2.704,ramp,2621.3,0.058205,0.76893,0.76433,3387,False,False,False,2.1717,0.060553,,True,False,True,,True,not run,,,,,,,,,,,,,,,,,,,,,,,,not run,,,,,,0,-2.704,-10.606,-7.0821,-4.2716
229951289_2611.1400,229951289,2611.1,B,5214,16.901,5928.4,3,10.257,0.98476,1.111,288.68,60.671,True,True,1609.01,ok,False,False,-10.578,-9.8979,ramp,2611,0.02128,2.3136,0.47855,520.02,False,False,False,2.3926,2.2418,,False,True,False,False,False,ok,False,False,0.18477,0.90593,True,0.32617,1.106,3.3619,False,True,,0,3.1227,True,,False,True,False,False,True,1609.01,FA,,ok,False,1,1,24.936,37.404,0,-9.8979,-10.578,-10.243,-9.0494
367738603_2626.6800,367738603,2626.7,B,5223,16.851,7176.2,8,12.654,1.1957,1.044,249.62,82.726,True,False,,ok,False,False,-16.665,-11.523,step,2626.8,0.050637,19.545,0.7445,2605.6,False,True,False,3.0515,657.41,,False,True,False,,False,not run,,,,,,,,,,,,,,,,,,,,,,,,not run,,,,,,0,-11.523,-6.5414,-16.665,-10.336
298554256_2621.4200,298554256,2621.4,B,5228,16.842,2516.4,4,9.1074,0.88488,0.93,271.87,50.903,True,False,,ok,False,False,-6.9413,-2.9552,ramp,2621.4,0.022032,1.0843,0.89119,415.51,False,False,False,2.2829,0.21826,,True,False,True,,True,not run,,,,,,,,,,,,,,,,,,,,,,,,not run,,,,,,0,-2.9552,-6.9413,-6.4261,-4.249
252805898_2635.8300,252805898,2635.8,B,5235,16.803,8199.4,1.5,10.565,1.1266,0.969,166.9,43.492,True,False,,ok,False,False,-86.617,980.39,ramp,2636,0.45401,12.15,1.2369,25643,True,True,False,4.0802,66.094,,False,,,,False,not run,,,,,,,,,,,,,,,,,,,,,,,,not run,,,,,,0,980.39,-86.617,560.9,501.68
219803922_2621.2900,219803922,2621.3,B,5242,16.777,2495.6,8,11.368,1.5086,1.137,266.12,62.555,True,False,,ok,False,False,-11.991,-6.5302,ramp,2621.3,0.024303,2.4444,0.65653,634.64,False,False,False,3.6489,0.6757,,True,False,True,,True,not run,,,,,,,,,,,,,,,,,,,,,,,,not run,,,,,,0,-6.5302,-11.991,-9.1125,-9.5515
142492500_2635.7700,142492500,2635.8,B,5256,16.696,7963.4,4,11.253,0.7485,0.734,162.34,73.859,True,False,,ok,False,False,-14.486,-5.7621,ramp,2636,0.058825,0.44381,0.84433,3177.5,False,False,False,2.1648,,,False,True,False,,False,not run,,,,,,,,,,,,,,,,,,,,,,,,not run,,,,,,0,-5.7621,-14.486,-6.4292,-2.6285
420898926_2635.4900,420898926,2635.5,B,5260,16.688,2668.5,12,11.787,1.6138,1.14,273.48,51.155,True,False,,ok,False,False,-16.955,-8.5548,ramp,2635.9,0.031509,17.967,0.19025,1194.4,False,True,False,3.9276,239.65,,False,True,False,,False,not run,,,,,,,,,,,,,,,,,,,,,,,,not run,,,,,,0,-8.5548,-16.955,-14.08,-7.4731
407582699_2627.2300,407582699,2627.2,B,5269,16.655,4914.3,24,12.961,0.6981,0.69,145.33,34.322,True,False,,ok,False,False,3.3075,6.4178,step,2627.2,0.070562,44.608,0.92298,3903.3,True,True,False,2.0839,24532,,False,True,False,,False,not run,,,,,,,,,,,,,,,,,,,,,,,,not run,,,,,,0,6.4178,67.018,3.3075,7.1268
329350004_2621.3800,329350004,2621.4,B,5270,16.652,7388.2,6,11.687,0.4938,0.4919,269.98,52.28,True,False,,ok,False,False,-14.57,-6.955,step,2621.7,0.038547,16.722,0.91194,1214.8,True,True,False,1.6006,2851.5,,False,,,,False,not run,,,,,,,,,,,,,,,,,,,,,,,,not run,,,,,,0,-6.955,-12.579,-14.57,-8.7387
165313195_2610.4400,165313195,2610.4,B,5272,16.642,9302.8,1.5,10.578,1.2824,1.38,185.33,50.971,True,False,,ok,False,False,-104.99,336.14,ramp,2610.3,0.4795,12.15,1.3209,15592,True,True,False,4.2005,60.588,,False,True,False,,False,not run,,,,,,,,,,,,,,,,,,,,,,,,not run,,,,,,0,336.14,-104.99,293.07,274.87
409276882_2627.2500,409276882,2627.2,B,5275,16.633,2401.2,24,12.279,0.80644,0.96,147.04,46.067,True,False,,ok,False,False,-14.412,-8.1755,step,2627.4,0.042494,45.483,0.37683,2120.7,False,True,False,2.0998,25416,,True,False,True,,True,not run,,,,,,,,,,,,,,,,,,,,,,,,not run,,,,,,0,-8.1755,14.654,-14.412,-3.2136
150230313_2627.2900,150230313,2627.3,B,5279,16.628,1340.4,24,11.771,1.898,1.48,155.34,45.824,True,False,,ok,False,False,7.8308,6.0581,step,2627.3,0.27152,66.336,1.2203,1948.2,True,True,False,5.2212,5139,,False,True,False,,False,not run,,,,,,,,,,,,,,,,,,,,,,,,not run,,,,,,0,6.0581,24.446,7.8308,8.135
105576710_2610.6400,105576710,2610.6,B,5281,16.622,10969,1.5,10.701,0.79044,0.968,153.25,47.168,True,False,,ok,False,False,-166.68,879.23,ramp,2610.5,0.45589,12.4,1.2589,21892,True,True,False,2.8666,202.48,,False,,,,False,not run,,,,,,,,,,,,,,,,,,,,,,,,not run,,,,,,0,879.23,-166.68,415.86,407.58
219858727_2626.8600,219858727,2626.9,B,5289,16.577,1019.4,24,10.152,0.85115,0.937,257.66,66.12,True,False,,ok,True,True,41.505,52.143,flare_decay,2626.5,0.33525,124.98,1.2764,2658.5,True,True,False,2.8619,,,False,True,False,False,False,ok,False,False,-2.4362,-2.4087,True,,,0.081786,True,False,219858729,0,-40.384,True,,True,False,False,False,False,,,,not run,,,,,,0,52.143,48.706,78.22,41.505
359588507_2621.3800,359588507,2621.4,B,5295,16.543,3251,6,11.06,0.92661,1.1,279.88,55.189,True,False,,ok,False,False,-12.776,-6.945,step,2621.1,0.019571,8.2142,0.31647,454.37,False,True,False,2.255,120.88,,True,False,False,,True,not run,,,,,,,,,,,,,,,,,,,,,,,,not run,,,,,,0,-6.945,-9.8932,-12.776,-7.7129
288602183_2611.3100,288602183,2611.3,B,5296,16.537,2681.6,4,9.4711,1.7743,1.161,276.31,80.462,True,False,,ok,False,False,-11.952,-7.9573,ramp,2611.1,0.024652,12.877,0.24778,727.2,False,True,False,4.2637,68.963,,False,,,,False,not run,,,,,,,,,,,,,,,,,,,,,,,,not run,,,,,,0,-7.9573,-11.952,-8.7695,-5.8332
17258583_2610.4000,17258583,2610.4,B,5322,16.428,5835.6,2,10.576,1.5496,1.37,147.32,36.304,True,False,,ok,False,False,-64.097,161.22,ramp,2610.2,0.629,13.2,1.5227,8823,True,True,False,5.6042,32.739,,False,,,,False,not run,,,,,,,,,,,,,,,,,,,,,,,,not run,,,,,,0,161.22,-64.097,123.48,134.35
149416650_2626.4400,149416650,2626.4,B,5323,16.423,21240,1,12.959,0.81302,0.72,140.12,28.804,True,False,,ok,False,False,-1.4574,11.203,flare_decay,2626.4,0.43932,2.1076,1.2574,18921,True,True,False,3.2174,0.67547,grazing,False,True,False,,False,not run,,,,,,,,,,,,,,,,,,,,,,,,not run,,,,,,0,11.203,125.14,52.158,-1.4574
393884426_2626.4000,393884426,2626.4,B,5325,16.419,8866.8,6,12.823,0.74262,0.93,174.76,43.655,True,False,,ok,False,False,-8.7095,-5.4355,step,2626.2,0.051754,1.6948,0.109,3237.9,False,False,False,1.9715,1.5744,,False,True,False,,False,not run,,,,,,,,,,,,,,,,,,,,,,,,not run,,,,,,0,-5.4355,-8.3794,-8.7095,-4.4597
233073887_2610.9600,233073887,2611,B,5326,16.417,2786.1,12,10.745,0.66783,0.63,271.05,63.557,True,False,,ok,False,False,-11.437,-10.78,ramp,2612,0.031392,17.914,0.96381,674.97,True,True,False,1.9797,1852.9,,True,False,False,,True,not run,,,,,,,,,,,,,,,,,,,,,,,,not run,,,,,,0,-10.78,-11.437,-11.253,-6.1806
149397743_2635.6500,149397743,2635.7,B,5329,16.414,3675.8,8,11.366,0.53997,0.66,139.58,25.136,True,False,,ok,False,False,-8.2982,-6.478,step,2635.6,0.026431,15.763,0.018748,846.67,False,True,False,1.5684,2538.6,,False,True,False,,False,not run,,,,,,,,,,,,,,,,,,,,,,,,not run,,,,,,0,-6.478,-5.7579,-8.2982,-3.1461
349825107_2635.4800,349825107,2635.5,B,5330,16.414,3075.6,12,11.792,1.0151,1,143.88,28.68,True,False,,ok,False,False,-3.0713,-7.6184,flare_decay,2635.5,0.027779,9.2404,0.18794,928.56,False,True,False,2.5708,116.15,,True,False,True,,True,not run,,,,,,,,,,,,,,,,,,,,,,,,not run,,,,,,0,-7.6184,11.309,1.5002,-3.0713
331944688_2635.4700,331944688,2635.5,B,5342,16.371,5206.4,12,12.007,0.71213,0.672,148.62,54.905,True,False,,ok,False,False,-14.964,-10.483,ramp,2636.4,0.34879,58.229,1.2807,3432.1,True,True,False,2.7021,25033,,False,,,,False,not run,,,,,,,,,,,,,,,,,,,,,,,,not run,,,,,,0,-10.483,-14.964,-10.674,-3.8782
153937416_2626.8500,153937416,2626.8,B,5343,16.363,1754.7,16,11.778,1.5596,1.04,172.77,71.098,True,False,,ok,False,False,-9.3727,-4.8701,step,2626.7,0.046957,36.121,0.93041,1711.6,True,True,False,3.9722,1882.4,,False,True,False,,False,not run,,,,,,,,,,,,,,,,,,,,,,,,not run,,,,,,0,-4.8701,5.4435,-9.3727,-0.76023
233204833_2627.3700,233204833,2627.4,B,5344,16.361,7049.9,24,11.721,1.2212,0.785,265.82,69.105,True,False,,ok,True,True,614.64,325.92,flare_decay,2627.3,0.36683,72.526,1.2445,9157.8,True,True,False,4.4602,10767,,False,True,False,False,False,ok,False,False,1.8481,0.26967,True,0.30544,9.7567,41.685,False,True,,0,30.237,True,,True,False,False,False,False,,,,ok,False,1,4.9705e-142,16.244,10767,0,325.92,1217.1,630.78,614.64
224596574_2626.9300,224596574,2626.9,B,5371,16.267,2423.2,24,11.344,0.73417,0.875,254.62,58.609,True,False,,ok,True,True,135.77,299.05,flare_decay,2626.4,0.41505,133.98,1.2922,9678.8,True,True,False,2.6764,,,False,True,False,True,True,ok,True,True,2.8917,0.4202,True,0.96216,148.27,10.199,False,True,,0,47.038,True,,True,False,False,False,False,,,,ok,False,1,0,15.525,46.576,0,299.05,296.47,286.3,135.77
235687052_2627.3000,235687052,2627.3,B,5379,16.231,2702.4,24,11.292,2.0917,0.948,289.89,77.213,True,False,,ok,True,True,100.08,106.32,step,2627.4,0.061682,59.401,0.93152,2919.2,True,True,False,5.5741,3033.6,,False,True,False,False,False,ok,False,False,0.12404,0.052199,True,,,2.8452,True,False,235687050,0,2.0133,True,,True,False,False,False,False,,,,not run,,,,,,0,106.32,341.77,100.08,171.97
219802852_2626.2600,219802852,2626.3,B,5380,16.227,5010.9,8,11.534,0.71143,0.767,265.93,60.063,True,False,,ok,False,False,-5.7173,-5.6489,step,2626.3,0.026937,7.6561,0.54367,817.2,False,True,False,1.9665,147.58,,True,False,False,,True,not run,,,,,,,,,,,,,,,,,,,,,,,,not run,,,,,,0,-5.6489,-0.19242,-5.7173,-2.8067
125552886_2611.0000,125552886,2611,B,5391,16.188,9896,3,12.368,1.7577,1.06,145.4,26.906,True,False,,ok,False,False,-9.609,-2.7527,ramp,2610.8,0.12985,18,0.97369,7789.8,True,True,False,4.8016,131.95,,False,,,,False,not run,,,,,,,,,,,,,,,,,,,,,,,,not run,,,,,,0,-2.7527,-9.609,-0.38884,4.1573
237235847_2626.5800,237235847,2626.6,B,5393,16.185,9250.8,2,10.587,0.82013,1.157,297.94,72.032,True,False,,ok,False,False,-25.614,4.4098,ramp,2626.4,0.47524,12.075,1.4283,2093.9,True,True,False,2.8399,192.3,,False,True,False,,False,not run,,,,,,,,,,,,,,,,,,,,,,,,not run,,,,,,0,4.4098,-25.614,-18.574,-11.955
165450421_2635.7400,165450421,2635.7,B,5397,16.167,5970.5,6,11.68,0.74491,0.71,162.42,24.049,True,False,,ok,False,False,-5.0892,-7.071,ramp,2635.6,0.035315,15.327,0.13729,1505.8,False,True,False,2.13,931.87,,False,True,False,,False,not run,,,,,,,,,,,,,,,,,,,,,,,,not run,,,,,,0,-7.071,-5.0892,-3.4244,2.5017
21124479_2621.3800,21124479,2621.4,B,5408,16.127,5808.9,6,12.453,0.92754,0.72,274.88,53.428,True,False,,ok,False,False,-16.362,-10.58,step,2621.5,0.035409,1.3874,0.71551,1301.3,False,False,False,2.6403,0.30814,,True,True,True,,True,not run,,,,,,,,,,,,,,,,,,,,,,,,not run,,,,,,0,-10.58,-11.48,-16.362,-13.207
149452048_2635.7700,149452048,2635.8,B,5413,16.114,11275,4,11.276,0.78227,0.933,141.08,28.856,True,False,,ok,False,False,-11.684,-7.0396,step,2635.8,0.026455,4.11,0.11182,846.11,False,True,False,2.0247,20.914,,False,True,False,,False,not run,,,,,,,,,,,,,,,,,,,,,,,,not run,,,,,,0,-7.0396,-10.026,-11.684,-7.0304
219856027_2621.3800,219856027,2621.4,B,5419,16.096,9054.5,6,12.643,0.6892,0.759,257.03,68.232,True,False,,ok,False,False,-12.2,-7.0781,ramp,2620.8,0.040322,3.1861,6.7342e-07,1970.4,False,True,False,1.9366,11.129,,True,False,True,,True,not run,,,,,,,,,,,,,,,,,,,,,,,,not run,,,,,,0,-7.0781,-12.2,-9.7554,-4.6282
441794430_2611.3200,441794430,2611.3,B,5424,16.085,3365.8,4,9.4594,0.91273,0.94,263.36,74.234,True,False,,ok,False,False,-12.313,-2.7649,ramp,2611,0.032136,9.2326,0.00092602,1251.7,False,True,False,2.3696,147.94,,False,,,,False,not run,,,,,,,,,,,,,,,,,,,,,,,,not run,,,,,,0,-2.7649,-12.313,-7.4093,-2.7268
286728805_2635.6800,286728805,2635.7,B,5428,16.071,5891.8,4,11.714,0.72823,0.643,143.17,21.561,True,False,,ok,False,False,-45.416,-79.033,flare_decay,2636,0.06082,3.8638,0.7489,3744,False,True,False,2.2053,13.443,,False,True,False,,False,not run,,,,,,,,,,,,,,,,,,,,,,,,not run,,,,,,0,-79.033,25.037,-7.0412,-45.416
286728627_2619.6400,286728627,2619.6,B,5434,16.053,20698,1,12.216,1.7429,0.87,143.1,22.418,True,False,,ok,True,True,29.51,27.55,flare_decay,2619.6,0.14296,1.5441,0.76976,20118,False,False,False,5.1447,0.11258,,False,True,False,,False,not run,,,,,,,,,,,,,,,,,,,,,,,,not run,,,,,,0,27.55,288.52,268.33,29.51
138709816_2614.3600,138709816,2614.4,B,5436,16.048,2234.9,24,7.7191,0.93503,1.1,137.1,27.535,True,False,,ok,True,True,71.44,26.816,step,2614.3,0.32805,38.608,1.2647,2970.1,True,True,False,2.9643,5527.7,,True,False,False,False,True,ok,False,False,0.21599,0.056216,True,,,-8.054,True,True,,0,3.4663,True,,True,False,False,False,False,,,,ok,True,6.8316e-06,2.2615e-06,21.666,5527.7,0,26.816,666.73,71.44,360.02
99906080_2626.5300,99906080,2626.5,B,5443,16.03,3202.3,8,11.872,0.82746,0.832,168.99,65.129,True,False,,ok,False,False,-10.749,-3.1194,step,2627.2,0.043226,8.9807,0.9115,1527.5,True,True,False,2.2614,156.64,,True,False,True,,True,not run,,,,,,,,,,,,,,,,,,,,,,,,not run,,,,,,0,-3.1194,-7.6767,-10.749,-7.6322
39075032_2627.2300,39075032,2627.2,B,5448,16.012,3330,24,12.793,0.91992,1.05,139.68,37.124,True,False,,ok,True,True,10.499,16.731,step,2627.4,0.070378,53.981,0.88881,4221.4,False,True,False,2.3871,28927,,False,True,False,False,False,ok,False,False,-1.3634,-1.3359,True,,,-21.475,True,True,,0,-21.83,True,,True,False,False,False,False,,,,not run,,,,,,0,16.731,58.062,10.499,14.862
172517745_2615.1800,172517745,2615.2,B,5455,15.983,15408,1.5,12.843,1.4693,1.46,142.52,27.903,True,False,,ok,True,True,45.65,16.113,flare_decay,2615.2,0.9,2.5006,1.7447,18425,True,True,False,6.069,0.10967,grazing,False,True,False,False,False,ok,False,False,0.11026,0.10282,False,1.5882,7.021,3.8086,False,True,,0,1.7624,True,,True,False,False,False,False,,,,not run,,,,,,0,16.113,214.34,150.57,45.65
88698837_2621.2900,88698837,2621.3,B,5469,15.939,4095.6,8,12.106,1.1145,0.77,164.24,44.049,True,False,,ok,False,False,-8.4305,-6.5651,step,2621.3,0.031005,13.637,0.42435,1118.4,False,True,False,3.0895,215.18,,False,True,False,,False,not run,,,,,,,,,,,,,,,,,,,,,,,,not run,,,,,,0,-6.5651,-5.9273,-8.4305,-6.0553
268052425_2611.1700,268052425,2611.2,B,5480,15.895,10358,4,10.496,0.95064,0.982,297.97,61.302,True,False,,ok,False,False,-16.795,-6.7968,ramp,2611,0.9,16.925,1.8308,4815.2,True,True,False,4.4794,135.08,,False,True,False,,False,not run,,,,,,,,,,,,,,,,,,,,,,,,not run,,,,,,0,-6.7968,-16.795,-8.6786,-4.3797
198158741_2627.1100,198158741,2627.1,B,5504,15.791,1577.4,24,11.829,0.98056,0.98,243.17,60.062,True,False,,ok,False,False,-10.774,-4.4902,step,2627.2,0.32885,72,1.2799,1952,True,True,False,3.2328,27644,,False,True,False,,False,not run,,,,,,,,,,,,,,,,,,,,,,,,not run,,,,,,0,-4.4902,33.817,-10.774,-8.7322
63279975_2616.3400,63279975,2616.3,B,5506,15.775,6858.3,1,11.292,1.0078,0.983,158.06,16.508,True,False,,ok,True,True,61.565,12.68,flare_decay,2616.3,0.37465,1.6753,1.2643,7797.4,True,True,False,3.4338,0.22511,grazing,False,True,False,False,False,ok,False,False,0.07465,0.062331,True,,,2.3213,True,True,,0,1.1776,True,,True,False,False,False,False,,,,not run,,,,,,0,12.68,176.6,120.8,61.565
159312994_2635.6400,159312994,2635.6,B,5519,15.738,4505.6,8,11.603,1.3042,1.26,230.37,82.836,True,False,,ok,False,False,-2.183,-6.0018,step,2635.6,0.037439,12.968,0.00013325,1698.7,False,True,False,3.0869,185.49,,True,True,True,,True,not run,,,,,,,,,,,,,,,,,,,,,,,,not run,,,,,,0,-6.0018,15.531,-2.183,7.1889
149416211_2626.7800,149416211,2626.8,B,5523,15.729,6891.5,2,11.694,1.4215,1.17,140.05,28.843,True,False,,ok,True,True,54.554,21.932,flare_decay,2626.8,0.38992,3.1103,1.2724,8788.1,True,True,False,4.6222,0.6985,grazing,True,False,True,False,True,ok,False,False,0.070732,0.046431,True,0.31845,1.0429,4.0426,False,True,,0,1.1126,True,,True,False,False,False,False,,,,not run,,,,,,0,21.932,204.27,176.12,54.554
154548472_2635.7100,154548472,2635.7,B,5527,15.713,5659.4,6,11.366,1.7744,0.97,187.94,73.586,True,False,,ok,False,False,8.7597,2.1948,step,2635.6,0.047472,13.221,0.84005,2083.9,False,True,False,4.6285,58.352,,False,True,False,,False,not run,,,,,,,,,,,,,,,,,,,,,,,,not run,,,,,,0,2.1948,10.756,8.7597,17.494
233573160_2635.8000,233573160,2635.8,B,5530,15.702,13584,3,11.969,0.7468,0.75,282.14,60.393,True,False,,ok,False,False,-4.4132,-0.90521,ramp,2635.8,0.13746,0.36809,1.0229,5078.3,True,True,False,2.3037,,grazing,True,False,True,,True,not run,,,,,,,,,,,,,,,,,,,,,,,,not run,,,,,,0,-0.90521,-4.4132,-2.7156,-2.4192
53569611_2610.5000,53569611,2610.5,B,5534,15.69,3717.3,4,10.548,1.631,1.187,182.77,51.855,True,False,,ok,False,False,-13.604,-3.5716,ramp,2610.3,0.41426,12,1.3707,1764.6,True,True,False,5.3716,27.919,,False,True,False,,False,not run,,,,,,,,,,,,,,,,,,,,,,,,not run,,,,,,0,-3.5716,-13.604,-6.4266,-6.1923
272749394_2610.6700,272749394,2610.7,B,5547,15.616,2527.7,8,11.462,1.1576,1.05,236.5,69.629,True,False,,ok,False,False,-8.907,-2.5822,ramp,2610.8,0.067155,1.0826,0.99757,1517.9,True,True,False,2.995,0.084542,grazing,True,False,True,,True,not run,,,,,,,,,,,,,,,,,,,,,,,,not run,,,,,,0,-2.5822,-8.907,-8.8783,-6.7436
416857540_2614.3800,416857540,2614.4,B,5549,15.615,11690,1,11.943,0.70609,0.627,142.85,41.164,True,False,,ok,True,True,27.631,-1.328,flare_decay,2614.4,0.12946,0.50619,7.7344e-05,20281,False,False,False,2.2959,,,True,False,True,,True,not run,,,,,,,,,,,,,,,,,,,,,,,,not run,,,,,,0,-1.328,97.516,79.926,27.631
9361553_2635.6500,9361553,2635.7,B,5554,15.594,2669.4,8,11.079,1.0632,1.08,150.55,36.795,True,False,,ok,False,False,-11.826,-4.5365,flare_decay,2636.1,0.030629,48.641,0.71793,972.3,False,True,False,2.6316,15796,,False,,,,False,not run,,,,,,,,,,,,,,,,,,,,,,,,not run,,,,,,0,-4.5365,-8.8072,-10.335,-11.826
219433637_2626.3100,219433637,2626.3,B,5561,15.573,6280.5,6,12.218,0.83615,0.82,204.74,75.578,True,False,,ok,False,False,-13.254,-8.4177,step,2626.3,0.032039,6.7604,0.31509,1218,False,True,False,2.2717,65.916,,True,False,False,,True,not run,,,,,,,,,,,,,,,,,,,,,,,,not run,,,,,,0,-8.4177,-2.874,-13.254,-6.679
27066022_2612.0900,27066022,2612.1,B,5563,15.566,4998.1,3,11.145,1.6654,1.04,151.77,20.905,True,False,,ok,True,True,87.841,52.133,flare_decay,2612.1,0.43007,3.654,1.33,7001.7,True,True,False,5.7968,0.50064,grazing,False,True,False,True,True,ok,False,True,0.4268,0.43021,False,1.6984,6.8933,3.6547,False,True,,0,6.6437,True,,True,False,False,False,False,,,,not run,,,,,,0,52.133,440.91,278.97,87.841
229715383_2627.4300,229715383,2627.4,B,5568,15.552,3734.5,24,11.615,0.74422,0.689,278.87,69.175,True,False,,ok,True,True,267.83,169.13,flare_decay,2627.2,0.38431,76.062,1.2724,8053.6,True,False,True,2.8743,46363,,False,True,False,,False,not run,,,,,,,,,,,,,,,,,,,,,,,,not run,,,,,,0,169.13,667.79,353.77,267.83
21102866_2621.3800,21102866,2621.4,B,5570,15.545,3238.9,6,11.353,1.2244,1.12,274.58,50.88,True,False,,ok,False,False,-5.1989,-4.9302,step,2621.4,0.026203,8.3862,0.32506,813.5,False,True,False,2.9815,55.666,,False,True,False,,False,not run,,,,,,,,,,,,,,,,,,,,,,,,not run,,,,,,0,-4.9302,-4.1391,-5.1989,-4.4996
148910071_2635.7300,148910071,2635.7,B,5571,15.541,7695.8,6,12.156,0.88784,0.88,185.9,71.282,True,False,,ok,False,False,-10.06,-5.8841,step,2635.8,0.02846,9.3374,0.11548,979.05,False,True,False,2.3478,157.33,,False,True,False,,False,not run,,,,,,,,,,,,,,,,,,,,,,,,not run,,,,,,0,-5.8841,-9.4709,-10.06,-6.2315
173007530_2614.4700,173007530,2614.5,B,5579,15.52,11402,12,12.941,1.0862,0.71,164.68,30.97,True,False,,ok,False,False,1.8033,31.264,step,2614.5,0.10158,20.48,0.059777,12486,False,True,False,3.3054,595.26,,True,False,False,,True,not run,,,,,,,,,,,,,,,,,,,,,,,,not run,,,,,,0,31.264,568.39,1.8033,236.01
219733672_2635.7700,219733672,2635.8,B,5580,15.515,9513.8,4,12.292,0.88962,0.98,230.55,72.16,True,False,,ok,False,False,-8.0897,0.84836,step,2636,0.050047,1.3271,0.24055,2998.8,False,False,False,2.3173,0.43726,,False,True,False,,False,not run,,,,,,,,,,,,,,,,,,,,,,,,not run,,,,,,0,0.84836,-8.0807,-8.0897,-4.4119
149363354_2635.4000,149363354,2635.4,B,5584,15.495,3798.6,12,12.473,0.97114,1.01,138.65,28.166,True,False,,ok,True,False,11.609,-12.619,step,2635.6,0.066048,16.661,0.67742,4628.8,False,True,False,2.5425,703.83,,False,True,False,False,False,ok,False,False,,,True,,,-28.792,True,True,,0,,False,"Dante (V=16.3, 33"")",True,False,False,False,False,,,,not run,,,,,,0,-12.619,75.848,11.609,18.48
166086387_2610.5100,166086387,2610.5,B,5588,15.491,3059.4,3,9.5357,1.9552,1.073,214.46,62.687,True,False,,ok,False,False,-11.998,-3.0301,ramp,2610.2,0.43714,25.111,1.3855,2377.6,True,True,False,6.7707,128.01,,False,,,,False,not run,,,,,,,,,,,,,,,,,,,,,,,,not run,,,,,,0,-3.0301,-11.998,-5.0142,1.2222
219778250_2610.7000,219778250,2610.7,B,5595,15.469,5056.8,6,12.061,1.5249,1.23,263.78,64.139,True,False,,ok,False,False,-10.679,-7.0261,ramp,2610.9,0.048535,0.47796,0.0081869,2854.7,False,False,False,3.6777,,,True,False,True,,True,not run,,,,,,,,,,,,,,,,,,,,,,,,not run,,,,,,0,-7.0261,-10.679,-8.6421,-7.0287
171556432_2613.8800,171556432,2613.9,B,5601,15.455,13686,2,12.742,1.2941,1,156.05,22.552,True,False,,ok,True,True,86.037,6.0621,flare_decay,2613.9,0.11491,2.6251,0.72411,13551,False,False,False,3.5559,0.95578,,False,True,False,,False,not run,,,,,,,,,,,,,,,,,,,,,,,,not run,,,,,,0,6.0621,231.43,103.09,86.037
4988960_2626.3500,4988960,2626.3,B,5609,15.414,3707.9,6,11.125,0.45963,0.45678,149.24,32.038,True,False,,ok,False,False,-12.039,-3.9184,ramp,2626.2,0.31505,14.743,1.2735,1474.4,True,True,False,1.9337,1108.3,,False,True,False,,False,not run,,,,,,,,,,,,,,,,,,,,,,,,not run,,,,,,0,-3.9184,-12.039,-8.7705,-5.2282
224299927_2610.5000,224299927,2610.5,B,5611,15.412,3711.3,4,9.6546,1.0589,1.221,185.58,58.086,True,False,,ok,False,False,-9.2459,-4.6112,step,2610.6,0.048408,0.47959,0.89177,1996.3,False,False,False,2.5593,,,True,False,True,,True,not run,,,,,,,,,,,,,,,,,,,,,,,,not run,,,,,,0,-4.6112,-3.6573,-9.2459,-5.4591
229970818_2611.1500,229970818,2611.2,B,5637,15.361,7577.5,3,9.414,1.5147,1.361,289.71,65.259,True,False,,ok,False,False,-42.378,23.286,ramp,2611,0.45633,12,1.3789,4690,True,True,False,4.9073,36.615,,False,True,False,,False,not run,,,,,,,,,,,,,,,,,,,,,,,,not run,,,,,,0,23.286,-42.378,17.493,22.423
392536022_2611.0000,392536022,2611,B,5643,15.348,6371,3,10.903,1.1582,1.092,280.3,59.551,True,False,,ok,False,False,-6.654,-1.333,ramp,2611.1,0.040652,0.48282,0.72756,1700.9,False,False,False,2.8842,,,True,False,True,,True,not run,,,,,,,,,,,,,,,,,,,,,,,,not run,,,,,,0,-1.333,-6.654,-5.6549,-2.9769
285004801_2611.1200,285004801,2611.1,B,5646,15.335,16339,2,12.869,1.7871,1.09,138.44,24.262,True,False,,ok,True,True,59.401,27.227,flare_decay,2611.1,0.14353,4.2902,0.83405,18797,False,False,False,4.8955,1.6091,,True,False,True,,True,not run,,,,,,,,,,,,,,,,,,,,,,,,not run,,,,,,0,27.227,359.97,185.41,59.401
239199220_2610.6000,239199220,2610.6,B,5647,15.333,14627,1.5,12.002,1.2071,1.07,146.89,26.214,True,False,,ok,False,False,-68.703,797.38,ramp,2610.4,0.4566,12.275,1.1804,38131,True,True,False,4.2373,60.864,,False,,,,False,not run,,,,,,,,,,,,,,,,,,,,,,,,not run,,,,,,0,797.38,-68.703,355.57,359.26
165528864_2626.7900,165528864,2626.8,B,5651,15.325,6116.8,4,12.324,1.6129,1.23,266.19,56.366,True,False,,ok,True,True,46.52,16.623,flare_decay,2626.8,0.38355,8.4265,1.2755,7596.2,True,True,False,5.1348,11.045,,True,False,True,True,True,ok,False,True,1.3794,0.95341,False,1.3175,21.326,26.747,False,False,165528868,0,21.14,True,,True,False,False,False,False,,,,not run,,,,,,0,16.623,112.7,59.338,46.52
26959847_2612.9500,26959847,2612.9,B,5652,15.323,10862,1,11.826,1.9986,0.93,149.84,21.328,True,False,,ok,True,True,17.925,5.4128,flare_decay,2612.9,0.098328,1.707,0.60844,10599,False,False,False,5.5451,0.12952,,False,True,False,,False,not run,,,,,,,,,,,,,,,,,,,,,,,,not run,,,,,,0,5.4128,194.15,136.5,17.925
287286649_2626.5000,287286649,2626.5,B,5653,15.317,9982.5,6,12.743,0.68739,0.72,155.9,61.873,True,False,,ok,False,False,-5.5886,-5.6236,step,2626.5,0.046957,4.1076,0.59038,2440.3,False,True,False,1.9784,22.378,,True,False,False,,True,not run,,,,,,,,,,,,,,,,,,,,,,,,not run,,,,,,0,-5.6236,-3.395,-5.5886,-4.5042
138634088_2635.6500,138634088,2635.7,B,5654,15.317,6988.6,8,12.628,0.80226,0.8,178,61.939,True,False,,ok,False,False,-8.3442,-3.2143,step,2635.9,0.33926,35.38,1.258,4528,True,True,False,2.852,4776,,False,True,False,,False,not run,,,,,,,,,,,,,,,,,,,,,,,,not run,,,,,,0,-3.2143,-7.7893,-8.3442,-3.5865
147898667_2621.3700,147898667,2621.4,B,5655,15.311,4140.6,6,11.487,1.9579,0.96,164.66,69.834,True,False,,ok,False,False,-1.3845,-7.4139,step,2621.4,0.029573,5.931,0.18463,1052.6,False,True,False,5.0377,4.0171,,False,True,False,,False,not run,,,,,,,,,,,,,,,,,,,,,,,,not run,,,,,,0,-7.4139,9.362,-1.3845,-0.56174
441798524_2626.4500,441798524,2626.4,B,5658,15.309,1259.9,6,9.83,2.0037,1.297,264.49,75.483,True,False,,ok,False,False,-11.389,-9.2183,step,2626.3,0.020682,11.069,0.50933,486.98,False,True,False,4.6228,34.357,,False,True,False,,False,not run,,,,,,,,,,,,,,,,,,,,,,,,not run,,,,,,0,-9.2183,-8.1674,-11.389,-10.02
20139430_2626.4800,20139430,2626.5,B,5663,15.295,3458.5,6,10.664,0.97642,1.03,144.84,43.793,True,False,,ok,False,False,-9.5953,-5.4296,ramp,2626.6,0.021296,2.7845,0.49175,518.96,False,True,False,2.433,3.7323,,True,False,True,,True,not run,,,,,,,,,,,,,,,,,,,,,,,,not run,,,,,,0,-5.4296,-9.5953,-9.1533,-7.6325
219010222_2610.7600,219010222,2610.8,B,5666,15.288,4428.1,8,11.532,0.84877,1.06,221.83,71.029,True,False,,ok,False,False,-7.5084,-1.0437,step,2610.4,0.054846,0.54514,0.34601,3551.1,False,False,False,2.1636,,,False,True,False,,False,not run,,,,,,,,,,,,,,,,,,,,,,,,not run,,,,,,0,-1.0437,-5.6035,-7.5084,-1.4694
287287376_2626.5800,287287376,2626.6,B,5667,15.285,3831.5,8,11.706,1.0311,1.07,156,61.959,True,False,,ok,False,False,-11.731,-8.8967,step,2626.5,0.027292,12.249,0.084907,901.49,False,True,False,2.5517,276.69,,False,True,False,,False,not run,,,,,,,,,,,,,,,,,,,,,,,,not run,,,,,,0,-8.8967,-9.888,-11.731,-8.046
198159096_2635.7800,198159096,2635.8,B,5670,15.268,7362.1,4,11.585,0.69237,0.686,243.23,61.475,True,False,,ok,False,False,-15.373,-8.6903,ramp,2635.6,0.056638,0.46543,0.95662,2117.9,True,True,False,2.0438,,grazing,True,False,True,,True,not run,,,,,,,,,,,,,,,,,,,,,,,,not run,,,,,,0,-8.6903,-15.373,-14.803,-10.098
70634369_2610.0600,70634369,2610.1,B,5672,15.262,10496,4,12.98,1.5743,1.21,154.95,17.007,True,False,,ok,False,False,-10.347,-3.2885,step,2609.8,0.075697,18.927,0.00015439,6941.6,False,True,False,3.9169,282.45,,False,,,,False,not run,,,,,,,,,,,,,,,,,,,,,,,,not run,,,,,,0,-3.2885,-7.3453,-10.347,-5.765
91965810_2635.5700,91965810,2635.6,B,5676,15.25,4364.5,8,12.412,0.88117,0.9,144.01,23.861,True,False,,ok,False,False,-5.244,-5.0393,step,2635.6,0.065376,18.532,0.94373,3050.6,True,True,False,2.3958,1157.5,,False,True,False,,False,not run,,,,,,,,,,,,,,,,,,,,,,,,not run,,,,,,0,-5.0393,3.0664,-5.244,2.5495
233129821_2635.7800,233129821,2635.8,B,5681,15.231,7766.3,4,12.332,1.3206,0.95,274.11,62.593,True,False,,ok,False,False,-13.689,16.717,ramp,2636.1,0.38563,25.923,1.2488,11234,True,True,False,4.5886,451.56,,False,,,,False,not run,,,,,,,,,,,,,,,,,,,,,,,,not run,,,,,,0,16.717,-13.689,30.029,30.899
149919331_2611.7400,149919331,2611.7,B,5687,15.201,1.393e+05,1.5,12.993,1.2653,1.02,161.36,60.691,True,False,,ok,False,False,-740.86,11.538,flare_decay,2611.8,0.24011,3.9703,0.00016952,69470,False,True,False,3.8418,2.7304,,True,False,False,,True,not run,,,,,,,,,,,,,,,,,,,,,,,,not run,,,,,,0,11.538,-187,-704.46,-740.86
252467487_2627.2400,252467487,2627.2,B,5692,15.189,2854.3,24,12.98,1.2367,1.19,150.2,49.544,True,False,,ok,False,False,-0.0017615,-6.4069,step,2627,0.076622,60.573,0.92086,4612.4,True,True,False,3.0961,18737,,False,True,False,,False,not run,,,,,,,,,,,,,,,,,,,,,,,,not run,,,,,,0,-6.4069,31.123,-0.0017615,7.1071
27000489_2634.9600,27000489,2635,B,5694,15.186,4189.6,3,11.296,0.68599,0.65348,150.83,23.481,True,False,,ok,True,True,35.104,1.3099,flare_decay,2635,0.35533,3.5815,1.2642,5567.2,True,True,False,2.64,6.236,,False,True,False,False,False,ok,False,False,0.15917,0.14382,True,,,2.3316,True,True,,0,2.4172,False,"Oppavia (V=13.9, 52"")",True,False,False,False,False,,,,not run,,,,,,0,1.3099,124.33,65.089,35.104
237214711_2635.7900,237214711,2635.8,B,5704,15.153,5583.2,3,11.583,1.861,0.91,295.06,75.664,True,False,,ok,False,False,-2.0582,-6.3413,step,2635.8,0.033371,4.4039,0.1728,1341.5,False,False,False,4.8923,1.735,,False,True,False,,False,not run,,,,,,,,,,,,,,,,,,,,,,,,not run,,,,,,0,-6.3413,5.8026,-2.0582,1.5479
101615695_2626.4000,101615695,2626.4,B,5705,15.145,1793.7,6,10.789,1.3052,1.229,160.36,35.232,True,False,,ok,False,False,-9.3643,-6.9618,ramp,2626.3,0.025063,6.5682,0.065794,760.68,False,True,False,3.0779,24.301,,False,True,False,,False,not run,,,,,,,,,,,,,,,,,,,,,,,,not run,,,,,,0,-6.9618,-9.3643,-9.0066,-4.5757
318275785_2610.3600,318275785,2610.4,B,5706,15.136,5099.9,1,9.0203,0.8529,1.02,164.05,48.018,True,False,,ok,False,False,-615.06,1134.3,ramp,2610.3,0.083374,5.8584,0.85406,6268.7,False,True,False,2.2617,43.459,,False,True,False,,False,not run,,,,,,,,,,,,,,,,,,,,,,,,not run,,,,,,0,1134.3,-615.06,77.026,77.561
115892356_2635.7400,115892356,2635.7,B,5718,15.075,6062,4,11.166,0.8623,0.988,176.05,45.084,True,False,,ok,False,False,-10.972,27.594,ramp,2635.7,0.86552,24,1.7981,4563.1,True,True,False,3.9808,548.59,,False,True,False,,False,not run,,,,,,,,,,,,,,,,,,,,,,,,not run,,,,,,0,27.594,-10.972,16.771,24.835
297907056_2635.8100,297907056,2635.8,B,5722,15.065,5961.6,2,10.827,0.86718,1.034,148.51,53.317,True,False,,ok,False,False,-10.798,29.231,ramp,2636,0.39985,16.575,1.3135,5338.9,True,True,False,2.9582,440.06,,False,,,,False,not run,,,,,,,,,,,,,,,,,,,,,,,,not run,,,,,,0,29.231,-10.798,18.761,24.659
467179485_2610.3900,467179485,2610.4,B,5724,15.058,6839.1,1.5,10.53,0.88267,0.906,208.99,59.821,True,False,,ok,False,False,-18.032,16.854,ramp,2610.3,0.063912,9.0251,0.96197,2451.6,True,True,False,2.3913,134.46,,False,True,False,,False,not run,,,,,,,,,,,,,,,,,,,,,,,,not run,,,,,,0,16.854,-18.032,-2.3297,0.84833
125550499_2611.0900,125550499,2611.1,B,5728,15.048,7566.2,6,12.803,0.86592,0.87,145.05,28.81,True,False,,ok,False,False,-8.438,10.414,ramp,2610.6,0.9,36.1,1.7244,22621,True,True,False,4.248,1536.7,,False,,,,False,not run,,,,,,,,,,,,,,,,,,,,,,,,not run,,,,,,0,10.414,-8.438,21.052,32.58
4894066_2614.4700,4894066,2614.5,B,5733,15.034,5325.9,16,12.447,0.817,1.02,147.66,31.777,True,False,,ok,True,True,62.057,5.1444,step,2614.5,0.06565,20.361,2.0228e-05,5221.9,False,True,False,2.131,2181.4,,True,False,False,True,True,ok,True,True,2.0668,1.3561,True,,,2.2491,True,True,,0,31.071,True,,True,False,False,False,False,,,,ok,False,0.99368,0.99368,21.534,2181.4,0,5.1444,122.78,62.057,126.18
99269663_2635.7400,99269663,2635.7,B,5737,15.027,3492.3,6,11.416,0.83184,0.878,169.57,37.115,True,False,,ok,False,False,-7.0784,-7.2567,ramp,2636,0.26838,0.25,1.1825,4491.8,True,True,False,2.7151,,grazing,False,True,False,,False,not run,,,,,,,,,,,,,,,,,,,,,,,,not run,,,,,,0,-7.2567,-7.0784,-5.6785,-4.7605
16780019_2635.6500,16780019,2635.7,B,5757,14.93,2233.6,8,10.805,1.1031,1.1,141.75,36.236,True,False,,ok,False,False,-2.7277,-4.1687,step,2635.7,0.044965,24.776,0.951,1457.4,True,True,False,2.7517,1826,,False,True,False,,False,not run,,,,,,,,,,,,,,,,,,,,,,,,not run,,,,,,0,-4.1687,8.9692,-2.7277,-1.5744
8793843_2614.2900,8793843,2614.3,B,5762,14.906,13168,12,12.953,1.1478,1.06,140.75,35.765,True,False,,ok,True,True,15.405,14.922,step,2614.4,0.098466,21.437,4.5588e-05,11741,False,True,False,3.0472,871.16,,False,True,False,False,False,ok,False,False,-1.1234,-0.026988,True,,,-39.343,True,True,,0,-16.744,True,,True,False,False,False,False,,,,not run,,,,,,0,14.922,143.21,15.405,64.263
95337604_2610.8200,95337604,2610.8,B,5792,14.819,6411.8,3,11.944,1.1279,0.91,153.43,18.492,True,False,,ok,True,True,97.74,35.574,flare_decay,2610.8,0.40904,2.538,1.2756,11028,True,True,False,4.0423,0.56825,grazing,False,True,False,True,True,ok,True,True,0.74238,1.122,True,0.89641,3.8756,4.7538,False,True,,1,11.002,True,,True,False,False,False,False,,,,ok,False,0.91672,0.40357,25.177,37.766,0,35.574,233.41,190.41,97.74
219845585_2610.7000,219845585,2610.7,B,5796,14.812,10650,6,12.67,0.50777,0.50568,255.32,66.29,True,False,,ok,False,False,-13.517,-6.8043,ramp,2611.3,0.068816,4.6583,0.87724,4126.2,False,True,False,1.6783,53.465,,True,False,True,,True,not run,,,,,,,,,,,,,,,,,,,,,,,,not run,,,,,,0,-6.8043,-13.517,-9.3242,-5.7294
198211903_2627.0600,198211903,2627.1,B,5811,14.777,1420.6,24,11.779,1.823,0.96,248.33,63.895,True,False,,ok,False,False,-4.8582,15.647,step,2627.4,0.042294,53.617,0.91551,1448.6,True,True,False,4.7483,3606.2,,True,False,True,,True,not run,,,,,,,,,,,,,,,,,,,,,,,,not run,,,,,,0,15.647,19.596,-4.8582,-1.8664
252484950_2635.8100,252484950,2635.8,B,5818,14.736,9228.5,2,11.073,0.28973,0.26494,156.51,50.456,True,False,,ok,False,False,-49.409,581.29,ramp,2636,0.44737,16.575,1.2082,29870,True,True,False,1.6086,2735.4,,False,,,,False,not run,,,,,,,,,,,,,,,,,,,,,,,,not run,,,,,,0,581.29,-49.409,436.37,488.84
125529930_2620.1900,125529930,2620.2,B,5825,14.721,7967.7,2,12.036,2.355,1.37,144.75,27.501,True,False,,ok,True,True,84.5,22.06,flare_decay,2620.2,0.4457,3.0593,1.3215,10137,True,True,False,7.5645,0.17635,grazing,False,True,False,False,False,ok,False,False,0.15899,0.18782,False,1.4272,6.9344,4.3871,False,True,,0,2.3406,False,"Nininger (V=15.8, 45"")",True,False,False,False,False,,,,not run,,,,,,0,22.06,247.96,128.42,84.5
70676778_2610.3500,70676778,2610.3,B,5826,14.72,7728.2,8,12.879,0.8549,0.86,155.53,17.068,True,False,,ok,False,False,7.9585,-1.1599,flare_decay,2610.3,0.09135,14.111,0.85926,7450.7,False,True,False,2.4174,497.44,,False,,,,False,not run,,,,,,,,,,,,,,,,,,,,,,,,not run,,,,,,0,-1.1599,97.506,35.966,7.9585
253038416_2635.7900,253038416,2635.8,B,5829,14.712,9743.6,4,12.45,0.77523,0.81,158.96,41.901,True,False,,ok,False,False,-11.626,-12.473,flare_decay,2635.8,0.041281,0.96775,0.36992,2003.9,False,False,False,2.1337,0.18923,,True,True,True,,True,not run,,,,,,,,,,,,,,,,,,,,,,,,not run,,,,,,0,-12.473,-10.061,-8.5315,-11.626
219776976_2611.5800,219776976,2611.6,B,5840,14.684,3215,16,12.441,0.85887,0.906,263.77,60.463,True,False,,ok,True,True,21.876,0.53069,step,2611.5,0.053155,24.087,1.1579e-06,3423.8,False,True,False,2.3033,2860.5,,False,True,False,True,True,ok,False,True,0.89916,0.8966,True,0.34592,6.8908,33.477,False,False,219776975;219776977,0,13.203,True,,True,False,False,False,False,,,,not run,,,,,,0,0.53069,60.39,21.876,25.241
230119293_2627.0600,230119293,2627.1,B,5856,14.651,1049.8,24,11.519,1.2165,1.147,249.73,67.272,True,False,,ok,False,False,-3.4583,2.7993,step,2627,0.028641,20.706,0.0017177,994.24,False,True,False,2.9458,868.8,,True,False,True,,True,not run,,,,,,,,,,,,,,,,,,,,,,,,not run,,,,,,0,2.7993,19.03,-3.4583,0.0050357
357099320_2626.8400,357099320,2626.8,B,5868,14.633,1622.1,24,9.0311,1.2035,1.114,275,55.747,True,False,,ok,True,True,504.31,800.45,flare_decay,2626.8,0.33212,78.755,1.2714,2787,True,True,False,3.8117,22077,,False,True,False,False,False,ok,False,False,0.6451,0.10159,True,,,1.2448,True,True,,1,9.4399,True,,True,False,False,False,False,,,,ok,False,1,1,16.375,22077,0,800.45,1330,979.71,504.31
307914527_2626.4100,307914527,2626.4,B,5871,14.629,8414.1,4,12.68,0.96723,1.01,141.24,35.486,True,False,,ok,False,False,-7.5842,-4.3308,step,2626.2,0.064252,15.946,5.2328e-05,5001.9,False,True,False,2.528,627.79,,False,,,,False,not run,,,,,,,,,,,,,,,,,,,,,,,,not run,,,,,,0,-4.3308,1.6715,-7.5842,-6.7305
237254856_2611.4600,237254856,2611.5,B,5875,14.626,1146.8,12,10.076,1.9788,1.17,298.66,73.583,True,False,,ok,False,False,2.0118,4.7984,step,2611.5,0.040258,21.395,0.96713,1039.7,True,True,False,4.8158,219.64,,False,True,False,,False,not run,,,,,,,,,,,,,,,,,,,,,,,,not run,,,,,,0,4.7984,45.902,2.0118,4.8861
207399489_2626.6400,207399489,2626.6,B,5880,14.609,2804.3,24,12.533,0.75315,0.747,242.1,59.476,True,False,,ok,False,False,-36.449,-5.594,step,2626.5,0.04506,35.296,1.1121e-05,2460.6,False,True,False,2.1373,11263,,True,False,False,,True,not run,,,,,,,,,,,,,,,,,,,,,,,,not run,,,,,,0,-5.594,16.556,-36.449,-20.072
307907546_2611.0400,307907546,2611,B,5886,14.594,6530.4,2,10.084,2.4031,0.98,140.78,30.128,True,False,,ok,False,False,-110.54,227.55,ramp,2610.9,0.9,12.075,1.8173,6462.1,True,True,False,11.366,2.9092,,False,True,False,,False,not run,,,,,,,,,,,,,,,,,,,,,,,,not run,,,,,,0,227.55,-110.54,93.959,125.24
224604372_2627.0600,224604372,2627.1,B,5894,14.583,2791.7,24,12.342,0.90997,1,255.43,58.582,True,False,,ok,False,False,-6.6771,-0.41182,step,2627.4,0.053873,66.333,0.90699,2391,True,False,True,2.3629,55332,,True,False,True,,True,not run,,,,,,,,,,,,,,,,,,,,,,,,not run,,,,,,0,-0.41182,12.618,-6.6771,-5.7401
142826717_2614.4600,142826717,2614.5,B,5895,14.576,1405.9,24,11.016,1.1432,1.17,173.67,70.99,True,False,,ok,False,False,-37.897,55.93,flare_decay,2614.4,0.47691,96.725,1.4406,1377.9,True,False,True,3.9492,36781,,True,False,True,,True,not run,,,,,,,,,,,,,,,,,,,,,,,,not run,,,,,,0,55.93,3.3583,120.14,-37.897
159166260_2635.7400,159166260,2635.7,B,5897,14.572,591.7,6,7.3913,1.8186,1.07,200.03,59.862,True,False,,ok,False,False,-8.2632,-4.6742,ramp,2635.9,0.01351,2.5472,0.017931,221.2,False,False,False,4.442,0.20944,,False,True,False,,False,not run,,,,,,,,,,,,,,,,,,,,,,,,not run,,,,,,0,-4.6742,-8.2632,-5.3346,-4.4814
349854796_2626.2200,349854796,2626.2,B,5905,14.554,4355.1,2,11.151,1.1909,1.079,157.33,23.224,True,False,,ok,True,True,10.138,-3.1844,flare_decay,2626.2,0.047102,2.5427,0.0014372,2688.6,False,False,False,2.9959,1.4954,,False,True,False,,False,not run,,,,,,,,,,,,,,,,,,,,,,,,not run,,,,,,0,-3.1844,41.229,13.286,10.138
11893761_2610.4600,11893761,2610.5,B,5907,14.55,5764.3,2,10.392,2.2545,1.35,178.06,53.681,True,False,,ok,False,False,-95.328,213.83,ramp,2610.3,0.52777,11.325,1.4043,10668,True,True,False,7.6907,7.9644,,False,True,False,,False,not run,,,,,,,,,,,,,,,,,,,,,,,,not run,,,,,,0,213.83,-95.328,151.66,159.94
233533303_2621.4200,233533303,2621.4,B,5908,14.548,3610.2,4,10.197,2.6817,0.96,280.47,61.36,True,False,,ok,False,False,-12.397,-4.8989,ramp,2621.3,0.017733,1.9618,0.86708,280.53,False,False,False,6.825,0.16063,,True,False,True,,True,not run,,,,,,,,,,,,,,,,,,,,,,,,not run,,,,,,0,-4.8989,-12.397,-8.9904,-8.1058
105483997_2626.9700,105483997,2627,B,5909,14.548,6062.7,12,12.591,1.1396,1.2,143.73,46.102,True,False,,ok,False,False,-0.22328,5.2148,step,2626.8,0.13599,32.774,0.9962,6829.4,True,True,False,3.002,3255.7,,False,,,,False,not run,,,,,,,,,,,,,,,,,,,,,,,,not run,,,,,,0,5.2148,32.19,-0.22328,5.3619
8260361_2627.3300,8260361,2627.3,B,5912,14.539,2742.4,24,12.849,0.96402,0.95,161.79,37.525,True,False,,ok,True,False,19.477,-8.3437,step,2627.3,0.049166,27.765,6.5958e-05,2929.3,False,True,False,2.5351,3286,,True,False,True,False,True,ok,False,False,-0.1223,-0.1687,True,,,-5.9736,True,True,,0,-1.7781,True,,True,False,False,False,False,,,,not run,,,,,,0,-8.3437,68.774,19.477,34.699
386954468_2610.1300,386954468,2610.1,B,5915,14.532,8299.2,6,12.972,0.93955,1.01,157.86,22.945,True,False,,ok,False,False,-14.978,8.4905,ramp,2610.8,0.39613,18.486,1.2326,15227,True,True,False,3.2218,472.69,,True,False,True,,True,not run,,,,,,,,,,,,,,,,,,,,,,,,not run,,,,,,0,8.4905,-14.978,17.739,28.138
158436231_2635.5500,158436231,2635.6,B,5920,14.509,3591.1,8,10.543,0.91811,1.06,202.41,61.25,True,False,,ok,True,True,173.76,148.58,step,2635.6,0.36449,24,1.2703,5944.9,True,True,False,3.0277,1246.2,,False,True,False,False,False,ok,False,False,,,True,,,-50.507,True,True,,0,,True,,True,False,False,False,False,,,,not run,,,,,,0,148.58,302.32,173.76,213.15
356199472_2621.3800,356199472,2621.4,B,5922,14.504,4352.2,6,11.473,0.87236,0.941,267.02,53.734,True,False,,ok,False,False,-11.355,-6.4023,ramp,2621.4,0.031431,1.7246,0.1542,1191.6,False,False,False,2.2624,1.0854,,True,False,True,,True,not run,,,,,,,,,,,,,,,,,,,,,,,,not run,,,,,,0,-6.4023,-11.355,-10.234,-5.7223
233533434_2621.4200,233533434,2621.4,B,5926,14.47,7081.6,4,12.307,0.86242,0.997,280.48,61.133,True,False,,ok,False,False,-6.5086,-1.2878,flare_decay,2621.4,0.066748,0.46276,0.69024,4692.1,False,False,False,2.2691,,,True,False,True,,True,not run,,,,,,,,,,,,,,,,,,,,,,,,not run,,,,,,0,-1.2878,-3.6515,-5.896,-6.5086
99937960_2635.6500,99937960,2635.7,B,5928,14.468,4236.6,8,12.218,0.90224,0.97,170.23,61.077,True,False,,ok,False,False,-9.4949,-6.3153,step,2635.8,0.077066,33.514,0.96683,3203.6,True,True,False,2.4189,6652.6,,False,True,False,,False,not run,,,,,,,,,,,,,,,,,,,,,,,,not run,,,,,,0,-6.3153,-9.0934,-9.4949,-8.5492
99330046_2614.4900,99330046,2614.5,B,5933,14.454,7465.7,16,11.796,0.74962,0.827,189.68,59.427,True,False,,ok,False,False,-57.304,71.258,step,2614.4,0.079516,23.345,0.57796,7024.6,False,True,False,2.1242,3320,,True,False,False,,True,not run,,,,,,,,,,,,,,,,,,,,,,,,not run,,,,,,0,71.258,479.46,-57.304,383.15
159549504_2635.7400,159549504,2635.7,B,5937,14.445,9292.6,6,12.443,0.77671,0.818,191.86,64.995,True,False,,ok,False,False,-12.625,-5.5524,ramp,2635.7,0.030735,4.746,0.83753,877.54,False,True,False,2.1092,28.488,,True,False,False,,True,not run,,,,,,,,,,,,,,,,,,,,,,,,not run,,,,,,0,-5.5524,-12.625,-10.379,-5.7494
3940776_2627.2500,3940776,2627.2,B,5941,14.432,1557,24,12.279,1.3695,1.16,151.7,28.508,True,False,,ok,False,False,9.8152,-7.1078,step,2627.1,0.034998,34.489,0.0012516,1484.5,False,True,False,3.3245,2793.9,,True,False,True,,True,not run,,,,,,,,,,,,,,,,,,,,,,,,not run,,,,,,0,-7.1078,40.162,9.8152,13.788
137888007_2626.8800,137888007,2626.9,B,5947,14.413,7119.9,6,12.535,0.82182,0.86,151.24,55.797,True,False,,ok,False,False,-1.9869,-5.1954,step,2626.9,0.049355,5.5506,0.052584,2950.3,False,True,False,2.2344,38.335,,False,True,False,,False,not run,,,,,,,,,,,,,,,,,,,,,,,,not run,,,,,,0,-5.1954,8.067,-1.9869,-0.66718
188511144_2610.1400,188511144,2610.1,B,5956,14.384,6115.9,1,8.3112,1.4706,1.397,143.55,36.354,True,False,,ok,False,False,-354.95,823.88,ramp,2610,0.096903,7.475,0.93968,6184.2,True,True,False,3.5562,23.226,,False,True,False,,False,not run,,,,,,,,,,,,,,,,,,,,,,,,not run,,,,,,0,823.88,-354.95,190.9,170.73
8942161_2635.4900,8942161,2635.5,B,5963,14.368,783.35,12,9.9921,0.73038,0.88,153.11,31.562,True,False,,ok,True,True,22.617,4.4658,step,2635.6,0.025059,10.62,0.2426,751.85,False,True,False,1.925,419.97,,True,False,True,True,True,ok,True,True,0.93844,1.3126,True,,,1.3746,True,True,,0,13.484,True,,True,False,False,False,False,,,,ok,False,0.99787,0.60006,25.694,419.97,0,4.4658,72.28,22.617,26.055
233178724_2610.6600,233178724,2610.7,B,5971,14.353,3394.8,8,11.288,1.2067,1.32,217.78,68.07,True,False,,ok,False,False,-4.2755,5.0073,step,2610.2,0.084005,48.204,0.93634,4971,True,True,False,2.9385,11044,,False,,,,False,not run,,,,,,,,,,,,,,,,,,,,,,,,not run,,,,,,0,5.0073,3.075,-4.2755,-1.5521
99786416_2610.8700,99786416,2610.9,B,5974,14.343,1616.3,16,11.628,1.1757,1.21,141.61,43.002,True,False,,ok,True,True,27.981,8.4578,flare_decay,2610.8,0.29715,36.776,1.2353,2750.3,True,True,False,3.527,2837.1,,False,True,False,False,False,ok,False,False,-1.3617,-1.7069,True,,,-36.881,True,False,99786414,1,-19.53,True,,True,False,False,False,False,,,,not run,,,,,,0,8.4578,88.4,30.612,27.981
26971635_2614.6100,26971635,2614.6,B,5979,14.329,12417,12,12.661,1.8446,0.96,149.99,22.425,True,False,,ok,False,False,-37.702,-11.444,step,2614.6,0.10067,13.174,0.028388,12270,False,True,False,5.0742,43.816,,False,True,False,,False,not run,,,,,,,,,,,,,,,,,,,,,,,,not run,,,,,,0,-11.444,225.1,-37.702,52.432
8677954_2635.5900,8677954,2635.6,B,5980,14.328,6645.6,8,10.538,2.0839,1.13,137.67,30.93,True,False,,ok,True,True,260.84,149.05,step,2635.6,0.39386,20.371,1.2408,13617,True,True,False,6.8796,65.141,,False,True,False,False,False,ok,False,False,,,False,1.4379,513.59,24.494,False,True,,0,,True,,True,False,False,False,False,,,,not run,,,,,,0,149.05,717.47,260.84,293.93
8769475_2610.6900,8769475,2610.7,B,5985,14.311,9489.9,4,12.482,1.7562,1.24,140.44,32.452,True,False,,ok,False,False,-8.6194,30.469,ramp,2610.2,0.40987,25.224,1.1661,29715,True,True,False,5.683,219.19,,False,,,,False,not run,,,,,,,,,,,,,,,,,,,,,,,,not run,,,,,,0,30.469,-8.6194,50.789,54.025
92005227_2626.4800,92005227,2626.5,B,5995,14.278,5377.9,8,12.449,1.7512,1.1,145.12,23.059,True,False,,ok,False,False,-4.8683,0.16867,step,2626.5,0.067603,9.2421,0.0021628,5537.1,False,True,False,4.4643,22.19,,False,True,False,,False,not run,,,,,,,,,,,,,,,,,,,,,,,,not run,,,,,,0,0.16867,33.905,-4.8683,1.9911
224299081_2626.8900,224299081,2626.9,B,6001,14.273,2610.3,4,10.713,1.3756,1.05,185.5,55.56,True,True,5619.01,ok,True,True,143.35,9.6001,flare_decay,2626.9,0.048353,5.9938,4.5263e-05,2833.3,False,True,False,3.4966,12.583,,True,False,True,True,True,ok,True,True,1.6917,1.0172,True,0.099824,1.4467,19.178,False,True,,0,24.145,True,,True,True,False,False,False,5619.01,PC,224299081.01;224299081.02,ok,True,0.03107,8.6795e-25,16.61,24.915,0,9.6001,428.78,193.9,143.35
16778823_2635.8300,16778823,2635.8,B,6003,14.269,9667.1,1.5,11.824,0.58539,0.576,141.62,41.629,True,False,,ok,False,False,-200.36,1400.7,ramp,2636,0.45784,12.4,1.2446,24985,True,True,False,2.5273,295.41,,False,True,False,,False,not run,,,,,,,,,,,,,,,,,,,,,,,,not run,,,,,,0,1400.7,-200.36,638.57,701.34
233165908_2614.2600,233165908,2614.3,B,6007,14.264,4645.9,16,11.969,0.80329,0.953,187.25,55.136,True,False,,ok,True,True,75.682,35.106,step,2614.2,0.35489,52.013,1.2731,4663.2,True,True,False,2.7252,17392,,True,False,True,True,True,ok,True,True,2.3096,1.4201,True,0.062413,3.6637,39.919,False,True,,0,32.943,True,,True,False,False,False,False,,,,ok,False,1,0,21.755,17392,0,35.106,185.16,75.682,301.4
233634965_2610.8100,233634965,2610.8,B,6012,14.254,1569.5,6,7.9675,3.9657,1.204,145.85,24.605,True,False,,ok,True,True,320.6,247.41,flare_decay,2610.8,0.32203,18.749,1.2643,2534.4,True,True,False,12.193,9.0128,,False,True,False,False,False,ok,False,False,-0.75268,-0.29163,True,,,-0.14781,True,True,,0,-10.729,True,,True,False,False,False,False,,,,not run,,,,,,0,247.41,636.2,359.25,320.6
233071436_2626.9100,233071436,2626.9,B,6017,14.243,1346.7,24,9.9535,0.78893,0.78,270.8,61.585,True,False,,ok,True,True,155.65,209.66,flare_decay,2626.8,0.30511,78.517,1.2517,2184,True,False,True,2.7562,57831,,False,True,False,,False,not run,,,,,,,,,,,,,,,,,,,,,,,,not run,,,,,,0,209.66,376.41,284.46,155.65
402897539_2635.4800,402897539,2635.5,B,6022,14.227,3401,12,12.563,0.52207,0.51944,302.91,66.75,True,False,,ok,False,False,-8.9091,-6.5734,step,2635.6,0.040426,11.173,0.33396,1933.4,False,True,False,1.6648,755.93,,True,False,True,,True,not run,,,,,,,,,,,,,,,,,,,,,,,,not run,,,,,,0,-6.5734,0.9548,-8.9091,-4.121
8884654_2626.7400,8884654,2626.7,B,6023,14.224,3388.9,12,11.925,2.587,0.95,143.21,34.19,True,False,,ok,False,False,-10.695,-6.3473,step,2626.9,0.029803,6.0518,0.11314,1073.7,False,False,False,6.6849,1.6742,,True,False,True,,True,not run,,,,,,,,,,,,,,,,,,,,,,,,not run,,,,,,0,-6.3473,-3.5638,-10.695,-4.6183
207441301_2626.8000,207441301,2626.8,B,6030,14.203,5156.2,24,12.737,0.69233,0.665,244.93,58.749,True,False,,ok,True,True,100.06,245.59,flare_decay,2626.3,0.43273,129.6,1.2394,20775,True,True,False,2.8003,,,False,True,False,False,False,ok,False,False,0.47317,0.035303,True,0.91151,111.45,3.3024,False,False,207441304,0,6.7204,True,,True,False,False,False,False,,,,not run,,,,,,0,245.59,291.19,251.38,100.06
26984342_2610.6200,26984342,2610.6,B,6036,14.19,12644,1.5,12.922,1.5055,1.08,150.39,21.264,True,False,,ok,True,True,29.051,3.5185,flare_decay,2610.6,0.27614,2.191,1.0845,16743,True,True,False,4.6159,0.14307,grazing,False,True,False,False,False,ok,False,False,0.064955,0.070894,True,,,2.6197,True,True,,0,0.92169,True,,True,False,False,False,False,,,,not run,,,,,,0,3.5185,82.48,43.434,29.051
298734193_2626.8400,298734193,2626.8,B,6037,14.185,2717.2,24,11.638,0.88729,0.929,278.59,57.61,True,False,,ok,True,True,61.433,177.73,flare_decay,2626.6,0.37588,106.1,1.2778,6433.9,True,True,False,3.0831,,,False,True,False,False,False,ok,False,False,-2.0604,-0.5507,False,1.0388,74.411,4.7288,False,False,298734195,0,-29.226,True,,True,False,False,False,False,,,,not run,,,,,,0,177.73,174.96,151.48,61.433
95742805_2635.8100,95742805,2635.8,B,6041,14.181,3131.9,3,10.235,1.7209,1.17,159.79,19.531,True,False,,ok,False,False,-30.4,38.05,ramp,2636,0.39886,12,1.324,4216.3,True,True,False,5.6333,24.205,,False,True,False,,False,not run,,,,,,,,,,,,,,,,,,,,,,,,not run,,,,,,0,38.05,-30.4,33.465,46.705
160270470_2635.7200,160270470,2635.7,B,6043,14.178,5212.9,6,11.456,0.29666,0.27281,183.24,74.28,True,False,,ok,False,False,-8.519,-6.0758,flare_decay,2635.9,0.04149,0.94734,0.76568,1720.7,False,False,False,1.1737,1.3094,,True,True,True,,True,not run,,,,,,,,,,,,,,,,,,,,,,,,not run,,,,,,0,-6.0758,-8.2316,-8.4696,-8.519
4753661_2626.5300,4753661,2626.5,B,6049,14.157,9707.5,8,11.107,0.78505,0.65,145.79,31.218,True,False,,ok,True,True,17.533,-1.0067,step,2626.6,0.068802,21.71,0.92443,3698.7,True,True,False,2.3867,1882.4,,False,True,False,False,False,ok,False,False,-0.42497,-0.19431,True,,,2.8208,True,True,,0,-6.0164,True,,True,False,False,False,False,,,,not run,,,,,,0,-1.0067,40.752,17.533,28.396
154565844_2621.4300,154565844,2621.4,B,6054,14.151,6940.1,3,11.668,0.87298,0.906,190.07,74.949,True,False,,ok,False,False,-13.88,-4.0735,ramp,2621.7,0.34313,22.675,1.2717,3685.8,True,True,False,2.986,1095.5,,False,,,,False,not run,,,,,,,,,,,,,,,,,,,,,,,,not run,,,,,,0,-4.0735,-13.88,-3.3579,-0.2375
166074052_2610.4900,166074052,2610.5,B,6058,14.134,4241.1,2,10.298,1.7981,1.08,213.75,63.263,True,False,,ok,False,False,-17.464,14.437,ramp,2610.3,0.9,15.575,1.842,3601.2,True,True,False,8.2191,17.077,,False,,,,False,not run,,,,,,,,,,,,,,,,,,,,,,,,not run,,,,,,0,14.437,-17.464,-3.4628,2.9337
441695667_2635.8200,441695667,2635.8,B,6069,14.11,3974,2,9.0585,1.8934,1.29,213.55,59.243,True,False,,ok,False,False,-29.251,39.718,ramp,2636,0.48147,12,1.4157,3655.8,True,True,False,6.3554,16.854,,False,True,False,,False,not run,,,,,,,,,,,,,,,,,,,,,,,,not run,,,,,,0,39.718,-29.251,23.653,26.937
160035394_2610.6900,160035394,2610.7,B,6071,14.107,4147.3,8,12.539,1.0418,1,203.96,58.99,True,False,,ok,False,False,-11.63,-6.5061,step,2610.4,0.076533,28.402,0.95502,3604.7,True,True,False,2.7636,2715.7,,False,True,False,,False,not run,,,,,,,,,,,,,,,,,,,,,,,,not run,,,,,,0,-6.5061,-9.9908,-11.63,-6.8229
67439879_2628.0400,67439879,2628,B,6100,14.025,18915,3,11.855,1.1536,1.16,155.25,30.08,True,False,,ok,True,True,168.33,23.705,flare_decay,2628,0.11231,2.2797,0.001129,15268,False,False,False,3.0094,1.0528,,False,True,False,,False,not run,,,,,,,,,,,,,,,,,,,,,,,,not run,,,,,,0,23.705,448.03,246.99,168.33
159508950_2627.4100,159508950,2627.4,B,6101,14.022,874.33,24,10.52,1.5838,1.03,247.13,81.88,True,False,,ok,False,False,6.1222,163.35,flare_decay,2627.4,0.047749,72.545,0.94276,1696.6,True,True,False,4.05,14388,,False,True,False,,False,not run,,,,,,,,,,,,,,,,,,,,,,,,not run,,,,,,0,163.35,85.818,44.577,6.1222
39776274_2611.4000,39776274,2611.4,B,6105,14.006,3797.8,12,12.654,0.93811,0.96,154.55,46.032,True,False,,ok,True,True,47.365,49.428,flare_decay,2611,0.43604,72.45,1.2009,28761,True,True,False,3.3654,24967,,False,True,False,False,False,ok,False,False,2.0954,5.9609,True,0.38032,17.318,67.79,False,True,,0,29.348,True,,True,False,False,False,False,,,,ok,True,0.17803,0,24.956,24967,0,49.428,106.75,62.482,47.365
105439525_2611.3500,105439525,2611.3,B,6112,13.998,2558.9,24,12.867,0.84758,0.94,142.28,44.113,True,False,,ok,True,True,57.015,8.545,step,2611,0.064139,31.347,0.00025884,4984.3,False,True,False,2.2686,6598.4,,False,True,False,True,True,ok,False,True,1.2657,1.5637,False,1.0152,29.583,13.235,False,False,840825029,0,17.717,True,,True,False,False,False,False,,,,not run,,,,,,0,8.545,138.59,57.015,65
232968744_2610.5000,232968744,2610.5,B,6115,13.99,8216.7,6,12.035,0.71997,0.8,198.3,67.549,True,False,,ok,False,False,-7.2243,-2.3722,step,2610,0.35847,18,1.2385,8785,True,True,False,2.5961,833.77,,False,,,,False,not run,,,,,,,,,,,,,,,,,,,,,,,,not run,,,,,,0,-2.3722,-2.9465,-7.2243,-5.7528
117420469_2614.0600,117420469,2614.1,B,6126,13.959,3831.9,2,11.028,1.4246,1.139,137.94,28.659,True,False,,ok,True,True,14.464,-3.1381,flare_decay,2614,0.056087,2.3063,0.03654,3810.8,False,False,False,3.5505,0.61527,,False,True,False,,False,not run,,,,,,,,,,,,,,,,,,,,,,,,not run,,,,,,0,-3.1381,113.98,51.568,14.464
85286194_2635.6500,85286194,2635.7,B,6127,13.957,2970.4,8,11.331,0.77191,0.8,155.52,31.898,True,False,,ok,False,False,-12.315,-6.1628,ramp,2635.9,0.024833,3.0535,0.10793,745.67,False,True,False,2.0996,7.6822,,False,True,False,,False,not run,,,,,,,,,,,,,,,,,,,,,,,,not run,,,,,,0,-6.1628,-12.315,-10.062,-6.481
95781004_2635.2100,95781004,2635.2,B,6128,13.957,11059,1,12.249,1.2183,1.17,161.34,21.408,True,False,,ok,True,True,26.32,19.271,flare_decay,2635.2,0.41631,1.1585,1.2465,16532,True,True,False,4.036,0.068163,grazing,False,True,False,False,False,ok,False,False,0.27293,0.2291,True,,,2.9951,True,True,,0,3.8093,False,"Felix (V=14.2, 17"")",True,False,False,False,False,,,,not run,,,,,,0,19.271,145.89,119.82,26.32
138755493_2626.6800,138755493,2626.7,B,6142,13.94,2155.7,12,11.556,0.56279,0.55661,163.61,27.976,True,False,,ok,False,False,-12.933,-6.5268,ramp,2626.4,0.027592,16.347,0.08272,921.44,False,True,False,1.7321,2101.9,,False,True,False,,False,not run,,,,,,,,,,,,,,,,,,,,,,,,not run,,,,,,0,-6.5268,-12.933,-12.06,-6.2897
154566199_2635.7700,154566199,2635.8,B,6147,13.931,3107.2,4,10.79,1.0591,0.705,190.3,73.043,True,False,,ok,False,False,-16.953,-5.517,ramp,2636.1,0.33109,24.333,1.265,3197.8,True,True,False,3.9039,606.21,,False,,,,False,not run,,,,,,,,,,,,,,,,,,,,,,,,not run,,,,,,0,-5.517,-16.953,-5.8022,-1.2226
8865387_2610.3800,8865387,2610.4,B,6149,13.926,4857.6,1,9.5266,1.3815,1.18,143.02,35.524,True,False,,ok,False,False,-41.38,101.56,ramp,2610.3,0.49916,8.1,1.4432,2836.9,True,True,False,4.8316,11.782,,False,True,False,,False,not run,,,,,,,,,,,,,,,,,,,,,,,,not run,,,,,,0,101.56,-41.38,23.188,38.254
230136289_2610.7000,230136289,2610.7,B,6158,13.91,2413.7,6,10.067,0.83762,0.84,252.98,67.236,True,False,,ok,False,False,-8.5286,-6.3456,flare_decay,2610.5,0.32402,9.5981,1.2901,1068.5,True,True,False,2.8964,91.04,,False,True,False,,False,not run,,,,,,,,,,,,,,,,,,,,,,,,not run,,,,,,0,-6.3456,-4.047,-8.1876,-8.5286
142942093_2635.6500,142942093,2635.7,B,6159,13.908,2924.1,8,11.784,0.76382,0.692,180.07,69.029,True,False,,ok,False,False,-7.8349,-6.5876,step,2635.7,0.025742,10.379,0.013982,803.1,False,True,False,2.1825,268.97,,False,True,False,,False,not run,,,,,,,,,,,,,,,,,,,,,,,,not run,,,,,,0,-6.5876,-6.658,-7.8349,-4.0407
459968843_2635.6600,459968843,2635.7,B,6162,13.901,5436.6,8,11.942,0.91502,0.971,254.7,61.819,True,False,,ok,False,False,-11.86,-6.7425,step,2635.6,0.052314,11.854,0.96139,1752.6,True,True,False,2.3959,302.91,,True,False,True,,True,not run,,,,,,,,,,,,,,,,,,,,,,,,not run,,,,,,0,-6.7425,-3.7087,-11.86,-6.7895
165654284_2635.7400,165654284,2635.7,B,6167,13.893,5199.9,6,12.414,0.75572,0.606,162.61,33.353,True,False,,ok,False,False,-12.507,-4.9835,ramp,2635.8,0.12467,0.36507,1.0216,4070,True,True,False,2.4748,,grazing,True,False,True,,True,not run,,,,,,,,,,,,,,,,,,,,,,,,not run,,,,,,0,-4.9835,-12.507,-9.0517,-6.8279
241260972_2626.4500,241260972,2626.4,B,6171,13.882,4292,6,11.964,1.1005,1.3,158.19,31.338,True,False,,ok,False,False,-2.9321,3.83,flare_decay,2626.5,0.18286,0.41117,1.0814,4910.5,True,True,False,2.9392,,grazing,True,False,True,,True,not run,,,,,,,,,,,,,,,,,,,,,,,,not run,,,,,,0,3.83,0.1021,-2.0004,-2.9321
87976752_2635.6500,87976752,2635.7,B,6177,13.871,3048.2,8,11.184,0.87738,0.924,146.83,21.594,True,False,,ok,False,False,-2.9005,-7.5808,step,2635.6,0.032605,8.8763,0.00068806,1288.5,False,True,False,2.2919,145.29,,True,False,True,,True,not run,,,,,,,,,,,,,,,,,,,,,,,,not run,,,,,,0,-7.5808,10.114,-2.9005,0.63826
82204149_2614.3300,82204149,2614.3,B,6187,13.835,1411.4,24,8.9296,1.6161,1.228,148.09,28.566,True,False,,ok,True,True,143.93,61.683,step,2614.1,0.034027,39.955,5.1651e-10,1403.2,False,True,False,3.8461,2806.5,,True,False,True,False,True,ok,False,False,7.2874,3.601,True,0.12463,16.52,21.222,False,False,82204151,0,100.82,True,,True,False,False,False,False,,,,not run,,,,,,0,61.683,555.09,143.93,458.33
241193319_2618.7800,241193319,2618.8,B,6191,13.826,11155,2,12.59,0.9604,0.96,153.19,24.872,True,False,,ok,True,True,53.704,4.5663,flare_decay,2618.8,0.099247,2.3245,2.4917e-05,11928,False,False,False,2.637,1.6905,,False,True,False,,False,not run,,,,,,,,,,,,,,,,,,,,,,,,not run,,,,,,0,4.5663,131.6,103.25,53.704
233603044_2635.4800,233603044,2635.5,B,6203,13.773,2393.5,12,12.294,1.0293,1.14,282.7,64.817,True,False,,ok,False,False,-4.2593,-5.6159,step,2635.5,0.036126,13.871,0.000126,1581.7,False,True,False,2.5157,419.35,,True,False,True,,True,not run,,,,,,,,,,,,,,,,,,,,,,,,not run,,,,,,0,-5.6159,9.9584,-4.2593,1.0831
8768475_2610.5800,8768475,2610.6,B,6205,13.758,5225.8,4,9.5521,0.8948,0.99,140.23,32.478,True,False,,ok,False,False,-13.764,-5.9526,flare_decay,2610.6,0.058125,0.25934,0.94631,2432.1,True,True,False,2.3407,,grazing,True,False,True,,True,not run,,,,,,,,,,,,,,,,,,,,,,,,not run,,,,,,0,-5.9526,-10.576,-13.671,-13.764
453445856_2635.8300,453445856,2635.8,B,6207,13.755,4838.7,1.5,10.288,1.7844,1.5,148.15,48.21,True,False,,ok,False,False,-146.7,751.34,ramp,2636,0.53307,11.65,1.4005,12051,True,True,False,5.8933,19.344,,False,True,False,,False,not run,,,,,,,,,,,,,,,,,,,,,,,,not run,,,,,,0,751.34,-146.7,427.35,477.58
287269396_2610.6500,287269396,2610.7,B,6209,13.749,6095.8,4,11.226,0.8734,0.99,155.25,65.082,True,False,,ok,False,False,-9.2843,-5.3594,step,2610.7,0.022216,4.8887,0.0032479,598.21,False,True,False,2.2072,27.169,,True,False,False,,True,not run,,,,,,,,,,,,,,,,,,,,,,,,not run,,,,,,0,-5.3594,-8.8115,-9.2843,-5.8573
99919332_2626.5100,99919332,2626.5,B,6214,13.732,4110.2,6,12.506,1.0024,0.93,169.13,61.35,True,False,,ok,False,False,6.2144,-7.5177,flare_decay,2626.5,0.048382,6.5726,3.4613e-07,2836.7,False,True,False,2.6529,38.033,,True,False,True,,True,not run,,,,,,,,,,,,,,,,,,,,,,,,not run,,,,,,0,-7.5177,31.817,8.6519,6.2144
159465268_2635.6400,159465268,2635.6,B,6216,13.725,8115,8,12.828,0.44794,0.44435,244.81,81.922,True,False,,ok,False,False,-10.528,-5.3921,step,2635.4,0.18921,4.2915,1.135,1819.2,True,True,False,1.7199,38.843,,True,False,True,,True,not run,,,,,,,,,,,,,,,,,,,,,,,,not run,,,,,,0,-5.3921,-10.338,-10.528,-7.7567
230012877_2635.7700,230012877,2635.8,B,6219,13.718,10059,4,12.173,0.85599,0.818,291.11,63.772,True,False,,ok,False,False,-7.9346,-1.2385,ramp,2635.7,0.06477,16.392,0.91505,3374.7,True,True,False,2.4013,795.59,,False,True,False,,False,not run,,,,,,,,,,,,,,,,,,,,,,,,not run,,,,,,0,-1.2385,-7.9346,1.0431,4.2225
372680351_2612.8500,372680351,2612.8,B,6220,13.716,2306.8,3,9.5508,0.84201,0.97,140.96,40.155,True,False,,ok,True,True,62.462,27.771,flare_decay,2612.9,0.1005,2.8803,1.0011,3365.4,True,True,False,2.3065,4.8587,,False,True,False,False,False,ok,False,False,0.14247,0.12259,False,1.4401,6.1975,4.8432,False,True,,0,1.9542,True,,True,False,False,False,False,,,,not run,,,,,,0,27.771,285.17,198.9,62.462
258955723_2635.7300,258955723,2635.7,B,6221,13.713,5922.5,6,11.692,0.67161,0.664,289.41,66.291,True,False,,ok,False,False,-12.259,-6.2319,ramp,2635.6,0.02095,14.157,0.36913,516.27,False,True,False,1.9365,977.09,,False,True,False,,False,not run,,,,,,,,,,,,,,,,,,,,,,,,not run,,,,,,0,-6.2319,-12.259,-11.578,-8.3472
21499931_2627.5100,21499931,2627.5,B,6226,13.699,6867.5,24,12.631,2.5003,1.09,149,39.029,True,False,,ok,True,True,340.64,299.46,flare_decay,2627,0.42665,134.22,1.2149,24001,True,True,False,8.5566,9710.7,,False,True,False,False,False,ok,False,False,-0.96104,-0.10111,True,,,0.75924,True,False,21499928,0,-13.166,True,,True,False,False,False,False,,,,not run,,,,,,0,299.46,420.99,427.34,340.64
409272974_2627.3500,409272974,2627.3,B,6238,13.665,1326.7,24,12.267,1.2802,1.08,142.96,42.913,True,False,,ok,False,False,1.0778,-7.0065,step,2627.4,0.052964,51.354,0.96115,1795,True,True,False,3.2379,9983,,True,False,True,,True,not run,,,,,,,,,,,,,,,,,,,,,,,,not run,,,,,,0,-7.0065,23.928,1.0778,9.537
86102755_2626.4500,86102755,2626.4,B,6239,13.661,11699,1.5,12.733,1.3984,1.13,139.8,23.6,True,False,,ok,True,True,36.076,12.027,flare_decay,2626.4,0.41917,2.5771,1.267,13830,True,True,False,4.697,0.30053,grazing,False,True,False,True,True,ok,True,True,1.104,0.57551,True,0.67458,4.693,7.7313,False,True,,0,15.081,True,,True,False,False,False,False,,,,ok,False,0.98023,8.647e-05,16.123,24.184,0,12.027,114.34,79.839,36.076
237049658_2635.7200,237049658,2635.7,B,6242,13.66,6616.8,6,11.959,0.83236,0.943,306.97,64.473,True,False,,ok,False,False,-6.7045,8.6229,ramp,2636.2,0.39754,31.151,1.2738,9640.8,True,True,False,2.9231,3028,,False,,,,False,not run,,,,,,,,,,,,,,,,,,,,,,,,not run,,,,,,0,8.6229,-6.7045,21.798,18.207
241263019_2626.5300,241263019,2626.5,B,6243,13.659,2598.2,8,11.733,1.2122,1.18,158.46,31.841,True,False,,ok,False,False,-10.851,-7.2812,ramp,2626.2,0.031352,1.2749,0.27366,1172.7,False,False,False,2.9154,0.10301,,False,True,False,,False,not run,,,,,,,,,,,,,,,,,,,,,,,,not run,,,,,,0,-7.2812,-10.851,-10.428,-10.72
358767316_2635.6600,358767316,2635.7,B,6247,13.651,4849.9,8,12.843,0.73686,0.817,209.3,61.333,True,False,,ok,False,False,-18.015,-16.883,step,2635.7,0.034713,9.4525,0.10984,1456.9,False,True,False,2.0095,260.31,,True,False,True,,True,not run,,,,,,,,,,,,,,,,,,,,,,,,not run,,,,,,0,-16.883,-17.234,-18.015,-12.984
148684171_2610.7100,148684171,2610.7,B,6251,13.637,3842.5,6,11.746,0.8356,0.92,181.62,46.142,True,False,,ok,True,True,55.119,43.075,step,2610.6,0.42582,36.101,1.2247,22039,True,True,False,3.0186,4279.4,,False,True,False,False,False,ok,False,False,-0.28634,-0.023021,True,,,-2.4693,True,True,,0,-3.9048,True,,True,False,False,False,False,,,,not run,,,,,,0,43.075,76.275,55.119,64.718
67937198_2626.7700,67937198,2626.8,B,6257,13.619,7732.8,8,12.878,0.64034,1.01,142.51,45.604,True,False,,ok,False,False,-7.0002,-5.8111,ramp,2626.8,0.048292,6.2219,0.011142,2826.1,False,True,False,1.6484,134.48,,True,False,False,,True,not run,,,,,,,,,,,,,,,,,,,,,,,,not run,,,,,,0,-5.8111,-7.0002,-6.9776,-3.152
105533052_2611.5300,105533052,2611.5,B,6258,13.614,3007.5,16,12.728,1.6054,0.99,152.57,46.53,True,False,,ok,True,True,31.391,18.097,flare_decay,2611.4,0.38739,47.193,1.2772,7884.6,True,True,False,5.5103,1574.6,,False,True,False,False,False,ok,False,False,1.4921,4.3998,True,0.64125,10.774,24.168,False,True,,0,20.313,True,,True,False,False,False,False,,,,ok,False,0.26331,0.15308,24.542,1574.6,0,18.097,91.955,31.88,31.391
199526579_2610.7000,199526579,2610.7,B,6259,13.611,2975,6,11.274,2.5185,1.02,240.42,65.455,True,False,,ok,False,False,-12.354,-9.1928,ramp,2610.5,0.028993,15.353,0.073888,1017.7,False,True,False,6.3498,35.408,,False,True,False,,False,not run,,,,,,,,,,,,,,,,,,,,,,,,not run,,,,,,0,-9.1928,-12.354,-9.8158,-8.1959
298783302_2635.4900,298783302,2635.5,B,6261,13.598,1851.1,12,11.781,2.4529,1.29,278.65,54.767,True,False,,ok,False,False,-12.726,-6.4891,step,2636.3,0.051304,72,0.91915,2105.9,True,True,False,5.8416,4694.8,,False,,,,False,not run,,,,,,,,,,,,,,,,,,,,,,,,not run,,,,,,0,-6.4891,-9.6285,-12.726,-8.465
8768720_2611.0400,8768720,2611,B,6280,13.526,11183,3,12.997,1.6057,1.03,140.3,31.249,True,False,,ok,False,False,-16.488,0.24794,ramp,2610.8,0.39491,17.788,1.2449,13192,True,True,False,5.4685,86.247,,False,,,,False,not run,,,,,,,,,,,,,,,,,,,,,,,,not run,,,,,,0,0.24794,-16.488,-6.7932,-3.3739
406758569_2635.4900,406758569,2635.5,B,6289,13.507,2251.3,12,12.173,0.99687,1.06,161.44,43.934,True,False,,ok,False,False,-15.23,-18.94,step,2635.5,0.042521,13.895,0.010777,2191.2,False,True,False,2.5115,423.62,,True,False,True,,True,not run,,,,,,,,,,,,,,,,,,,,,,,,not run,,,,,,0,-18.94,28.163,-15.23,-10.682
141246958_2626.3500,141246958,2626.3,B,6293,13.499,6028.4,4,11.877,0.80526,0.85,187.06,50.816,True,False,,ok,False,False,-17.375,-7.1849,ramp,2626,0.37522,30.15,1.2772,6423.2,True,True,False,2.8808,2868.2,,False,,,,False,not run,,,,,,,,,,,,,,,,,,,,,,,,not run,,,,,,0,-7.1849,-17.375,-4.6316,-4.1594
173003737_2614.4900,173003737,2614.5,B,6296,13.493,23042,16,12.724,0.38982,0.37994,150.74,30.345,True,False,,ok,True,True,125.39,36.121,step,2614.5,0.42072,31.657,1.1968,26143,True,True,False,1.884,11865,,True,False,True,False,True,ok,False,False,2.179,0.17439,True,,,2.7447,True,False,173003739,0,29.402,True,,True,False,False,False,False,,,,not run,,,,,,0,36.121,298.43,125.39,275.43
403114052_2635.3100,403114052,2635.3,B,6299,13.487,1910,16,10.644,1.11,0.847,303.54,66.694,True,False,,ok,False,False,-13.894,-7.1868,ramp,2635.9,0.89995,61.05,1.8603,1933.2,True,True,False,5.4958,3435.6,,False,True,False,,False,not run,,,,,,,,,,,,,,,,,,,,,,,,not run,,,,,,0,-7.1868,-13.894,-6.1859,-12.124
229605578_2611.3500,229605578,2611.3,B,6305,13.473,1608.3,6,10.031,1.2054,1.147,273.66,77.864,True,False,,ok,False,False,-27.484,-23.941,flare_decay,2611.3,0.016838,29.59,0.11294,342.76,False,True,False,2.8854,2698.1,,False,True,False,,False,not run,,,,,,,,,,,,,,,,,,,,,,,,not run,,,,,,0,-23.941,-11.122,-25.969,-27.484
203236035_2627.0900,203236035,2627.1,B,6306,13.466,3054.3,16,10.939,1.6792,1.32,135.49,23.855,True,False,,ok,True,True,173.3,152.3,step,2626.9,0.40865,48,1.3129,6384.6,True,True,False,5.3165,1844.4,,False,True,False,False,False,ok,False,False,23.381,5.4266,True,0.054513,1.1706,36.637,False,True,,0,314.86,True,,True,False,False,False,False,,,,ok,False,0.99999,0,15.467,1844.4,0,152.3,446.65,173.3,223.83
233170789_2626.5100,233170789,2626.5,B,6309,13.46,2140.2,24,12.134,0.7771,0.68,215.32,67.111,True,False,,ok,True,True,14.121,27.158,step,2626.8,0.05136,68.465,0.91791,2117.4,True,False,True,2.2892,66906,,True,False,True,False,True,ok,False,False,-0.29022,-0.21083,True,,,-9.5603,True,True,,0,-3.9062,True,,True,False,False,False,False,,,,not run,,,,,,0,27.158,19.925,14.121,20.956
349888677_2635.6600,349888677,2635.7,B,6312,13.454,3747.3,8,12.311,0.42686,0.42144,157.52,20.732,True,False,,ok,False,False,-9.9877,-6.6375,step,2635.7,0.031406,9.2281,0.070646,1194.3,False,True,False,1.4468,648.89,,False,True,False,,False,not run,,,,,,,,,,,,,,,,,,,,,,,,not run,,,,,,0,-6.6375,-8.5603,-9.9877,-6.4595
4956652_2610.8800,4956652,2610.9,B,6314,13.449,5103.4,12,12.797,1.281,0.99,148.56,31.051,True,False,,ok,False,False,1.3313,12.414,flare_decay,2610.9,0.098312,25.748,0.9005,7921.6,True,True,False,3.479,1014.4,,False,True,False,,False,not run,,,,,,,,,,,,,,,,,,,,,,,,not run,,,,,,0,12.414,95.567,6.9086,1.3313
376504628_2621.3000,376504628,2621.3,B,6319,13.44,11122,8,12.929,0.17436,0.14441,182.28,47.593,True,False,,ok,False,False,-3.9524,-6.7981,step,2621.3,0.052311,9.113,0.032242,3315.2,False,True,False,0.8616,2958.2,,False,True,False,,False,not run,,,,,,,,,,,,,,,,,,,,,,,,not run,,,,,,0,-6.7981,13.694,-3.9524,-3.7487
353783916_2635.7300,353783916,2635.7,B,6325,13.432,9579.7,6,12.905,0.9517,0.95,276.86,58.451,True,False,,ok,False,False,-13.302,-6.3964,ramp,2635.9,0.046884,10.229,0.050212,2662.4,False,True,False,2.4973,171.92,,False,True,False,,False,not run,,,,,,,,,,,,,,,,,,,,,,,,not run,,,,,,0,-6.3964,-13.302,-11.241,-7.6471
233722500_2635.4900,233722500,2635.5,B,6330,13.425,2337,12,12.05,0.97686,1.14,276.7,63.683,True,False,,ok,False,False,-2.1233,-5.6116,step,2635.5,0.031638,11.843,0.33444,1184.2,False,True,False,2.377,309.36,,True,False,True,,True,not run,,,,,,,,,,,,,,,,,,,,,,,,not run,,,,,,0,-5.6116,5.8519,-2.1233,1.1046
126369482_2635.7300,126369482,2635.7,B,6346,13.374,7316.9,6,12.284,1.4022,1.01,136.12,24.215,True,False,,ok,False,False,-5.2374,19.516,ramp,2636.4,0.42936,39.49,1.2692,15190,True,True,False,4.9247,1291.7,,False,,,,False,not run,,,,,,,,,,,,,,,,,,,,,,,,not run,,,,,,0,19.516,-5.2374,21.478,23.024
219854909_2610.9500,219854909,2610.9,B,6361,13.339,1215.3,12,9.6482,0.7402,0.82,256.89,67.5,True,False,,ok,False,False,-4.5059,-4.8716,step,2611,0.020293,21.198,0.76963,410.59,False,True,False,1.988,3031.9,,True,False,False,,True,not run,,,,,,,,,,,,,,,,,,,,,,,,not run,,,,,,0,-4.8716,11.673,-4.5059,-0.19097
1114541_2635.4700,1114541,2635.5,B,6362,13.335,2474.8,12,12.231,0.69374,0.83,155.37,26.55,True,False,,ok,False,False,-7.7935,-2.2522,step,2635.6,0.052986,18.414,0.95487,1921.9,True,True,False,1.9152,2222.7,,False,True,False,,False,not run,,,,,,,,,,,,,,,,,,,,,,,,not run,,,,,,0,-2.2522,18.523,-7.7935,-1.8812
313484522_2610.6700,313484522,2610.7,B,6363,13.331,7095.8,4,12.386,0.69546,0.81,199.04,72.742,True,False,,ok,False,False,-29.343,12.485,step,2610.4,0.085338,24.65,0.75277,7334.2,False,True,False,1.9951,4717.1,,False,,,,False,not run,,,,,,,,,,,,,,,,,,,,,,,,not run,,,,,,0,12.485,-15.089,-29.343,-22.628
353939959_2610.6400,353939959,2610.6,B,6371,13.322,5102,4,11.367,2.0792,1.13,272.38,57.259,True,False,,ok,False,False,-5.6981,-5.5071,ramp,2610.7,0.031257,2.0744,0.0063838,1184.1,False,False,False,5.0753,0.16763,,True,False,True,,True,not run,,,,,,,,,,,,,,,,,,,,,,,,not run,,,,,,0,-5.5071,-5.6981,-4.0336,-2.5495
8172112_2635.7300,8172112,2635.7,B,6374,13.314,25252,6,12.078,1.7349,0.99,155.54,41.531,True,False,,ok,False,False,-9.1893,-4.3373,step,2636,0.41684,18,1.2253,20162,True,True,False,6.0823,64.98,,False,,,,False,not run,,,,,,,,,,,,,,,,,,,,,,,,not run,,,,,,0,-4.3373,-7.4512,-9.1893,-2.3215
288344998_2611.3500,288344998,2611.3,B,6383,13.295,10300,6,12.679,0.44622,0.4425,263.81,81.318,True,False,,ok,False,False,-12.933,-5.4862,ramp,2612,0.11786,16.363,0.9181,9983.1,True,True,False,1.6127,2611.8,,True,False,False,,True,not run,,,,,,,,,,,,,,,,,,,,,,,,not run,,,,,,0,-5.4862,-12.933,-6.4845,4.8522
8793576_2635.7200,8793576,2635.7,B,6385,13.289,7193.1,6,12.716,0.83035,0.97,140.65,34.343,True,False,,ok,False,False,-14.754,-10.313,ramp,2635,0.080774,20.133,0.93364,4738.5,True,True,False,2.2338,1831.3,,True,False,False,,True,not run,,,,,,,,,,,,,,,,,,,,,,,,not run,,,,,,0,-10.313,-14.754,-7.3714,-4.5364
330705592_2635.7600,330705592,2635.8,B,6386,13.283,5927.5,3,11.964,1.2027,1.05,141.69,28.467,True,False,,ok,False,False,-0.058055,0.69357,flare_decay,2635.8,0.07922,4.8632,0.88669,5356.4,False,True,False,3.1471,9.2139,,False,True,False,,False,not run,,,,,,,,,,,,,,,,,,,,,,,,not run,,,,,,0,0.69357,57.19,28.535,-0.058055
8854363_2626.7400,8854363,2626.7,B,6399,13.247,3476.1,12,12.715,1.3005,1,142.47,34.365,True,False,,ok,False,False,-8.816,-8.523,step,2626.8,0.033258,16.558,0.10255,1337.8,False,True,False,3.3115,312.83,,True,False,True,,True,not run,,,,,,,,,,,,,,,,,,,,,,,,not run,,,,,,0,-8.523,-3.8886,-8.816,-8.1243
85321355_2635.8300,85321355,2635.8,B,6401,13.243,2054.2,1.5,9.0355,1.6205,,163.2,32.99,True,False,,ok,False,False,-34.548,188.79,ramp,2636,0.42722,12.275,1.3592,3700.5,True,True,False,4.8542,40.489,,False,True,False,,False,not run,,,,,,,,,,,,,,,,,,,,,,,,not run,,,,,,0,188.79,-34.548,80.972,98.13
101549800_2635.6500,101549800,2635.7,B,6406,13.232,5804,8,12.975,1.3705,0.95,144.07,30.793,True,False,,ok,False,False,-10.08,-7.2108,ramp,2635.3,0.033819,5.4822,0.49097,1308.9,False,True,False,3.5521,9.1744,,True,False,True,,True,not run,,,,,,,,,,,,,,,,,,,,,,,,not run,,,,,,0,-7.2108,-10.08,-9.8274,-5.6059
9428072_2621.3800,9428072,2621.4,B,6409,13.229,3865.3,6,11.835,1.237,0.622,167.89,39.11,True,False,,ok,False,False,-10.385,-5.1637,ramp,2621.6,0.3378,14.801,1.2923,1750.3,True,True,False,4.779,74.394,,False,True,False,,False,not run,,,,,,,,,,,,,,,,,,,,,,,,not run,,,,,,0,-5.1637,-10.385,-7.5632,-6.855
219095076_2611.2900,219095076,2611.3,B,6427,13.18,8866.6,3,10.934,2.157,1.18,269.37,69.156,True,False,,ok,False,False,-8.7419,-2.6726,ramp,2611.1,0.076148,14.429,0.94631,3879.7,True,True,False,5.4162,47.357,,False,True,False,,False,not run,,,,,,,,,,,,,,,,,,,,,,,,not run,,,,,,0,-2.6726,-8.7419,-7.2778,-3.1629
219820410_2611.5200,219820410,2611.5,B,6431,13.173,1579.1,16,11.659,0.82409,0.683,267.95,60.805,True,False,,ok,False,False,-9.3982,-9.3951,step,2611.4,0.026888,16.63,0.08981,874.83,False,True,False,2.3677,866.63,,True,False,False,,True,not run,,,,,,,,,,,,,,,,,,,,,,,,not run,,,,,,0,-9.3951,3.8675,-9.3982,-1.6896
289729220_2611.0800,289729220,2611.1,B,6433,13.167,1.6469e+05,1,12.188,2.3843,1.34,159.76,59.136,True,False,,ok,False,False,-288.73,636.5,ramp,2611,0.36862,7.85,0.56438,1.4647e+05,False,True,False,7.3031,3.0241,,False,True,False,,False,not run,,,,,,,,,,,,,,,,,,,,,,,,not run,,,,,,0,636.5,-288.73,-40.76,14.416
335661486_2610.8200,335661486,2610.8,B,6438,13.157,4750.4,8,11.888,1.5106,1.13,217.36,80.68,True,False,,ok,False,False,-11.656,-6.5514,ramp,2611.6,0.069426,11.958,0.98705,1979.8,True,True,False,3.8225,76.621,,True,False,False,,True,not run,,,,,,,,,,,,,,,,,,,,,,,,not run,,,,,,0,-6.5514,-11.656,-10.646,-3.8104
445854133_2626.3700,445854133,2626.4,B,6440,13.15,4476.6,6,11.605,0.67543,,197.93,80.464,True,False,,ok,False,False,-17.95,-16.243,flare_decay,2626.1,0.032251,16.631,0.53504,1174.7,False,True,False,1.9579,1532.9,,False,,,,False,not run,,,,,,,,,,,,,,,,,,,,,,,,not run,,,,,,0,-16.243,-10.412,-10.38,-17.95
39142111_2626.4000,39142111,2626.4,B,6442,13.14,3966.9,6,11.233,0.87607,1.031,168.6,37.127,True,False,,ok,False,False,-4.7176,-4.7457,step,2626.5,0.14377,0.41674,1.0632,3001.8,True,True,False,2.444,,grazing,True,False,True,,True,not run,,,,,,,,,,,,,,,,,,,,,,,,not run,,,,,,0,-4.7457,-2.7657,-4.7176,-0.37192
149400418_2613.7000,149400418,2613.7,B,6450,13.121,5750.4,1,10.653,1.1498,1.16,140.03,24.586,True,False,,ok,True,True,20.403,6.7391,flare_decay,2613.7,0.073327,1.8755,0.85078,4882.2,False,False,False,2.8944,0.63817,,False,True,False,,False,not run,,,,,,,,,,,,,,,,,,,,,,,,not run,,,,,,0,6.7391,154.88,110.45,20.403
445829892_2635.6600,445829892,2635.7,B,6453,13.116,7384.3,8,12.777,0.7032,0.72,172.94,50.432,True,False,,ok,False,False,-14.236,-11.754,step,2635.5,0.16514,0.25055,1.0316,7169.2,True,True,False,2.2524,,grazing,True,False,False,,True,not run,,,,,,,,,,,,,,,,,,,,,,,,not run,,,,,,0,-11.754,-11.731,-14.236,-11.643
233682614_2611.1100,233682614,2611.1,B,6467,13.085,5318.1,4,11.271,0.95462,1.067,260.69,61.803,True,False,,ok,False,False,-8.4836,-6.0284,step,2611.2,0.022894,6.168,0.59379,579.53,False,True,False,2.3546,44.955,,True,False,False,,True,not run,,,,,,,,,,,,,,,,,,,,,,,,not run,,,,,,0,-6.0284,-7.8968,-8.4836,-6.856
149929403_2610.6900,149929403,2610.7,B,6469,13.083,850.35,6,8.5368,0.98098,0.91,162.48,61.717,True,False,,ok,False,False,-34.654,-15.577,ramp,2611.2,0.045455,9.7932,0.93769,1567.8,True,True,False,2.6078,132.48,,True,False,False,,True,not run,,,,,,,,,,,,,,,,,,,,,,,,not run,,,,,,0,-15.577,-34.654,8.2605,23.696
8280078_2635.7200,8280078,2635.7,B,6471,13.081,909.46,4,8.5361,2.6568,1.585,162.87,36.784,True,False,,ok,False,False,-12.782,-7.1884,ramp,2635.6,0.010942,11.025,0.5374,135.14,False,True,False,5.6803,18.277,,True,False,False,,True,not run,,,,,,,,,,,,,,,,,,,,,,,,not run,,,,,,0,-7.1884,-12.782,-11.359,-7.0323
159343744_2635.7300,159343744,2635.7,B,6474,13.072,2600.3,6,11.122,1.1966,0.96,235.03,80.223,True,False,,ok,False,False,-11.426,-8.5923,flare_decay,2635.6,0.21196,0.38184,1.1562,2007.2,True,True,False,3.6232,,grazing,True,False,True,,True,not run,,,,,,,,,,,,,,,,,,,,,,,,not run,,,,,,0,-8.5923,-10.464,-10.195,-11.426
159298763_2635.6200,159298763,2635.6,B,6487,13.037,2392.7,8,10.634,0.53538,0.53191,230.01,80.614,True,False,,ok,False,False,-2.4168,-7.818,step,2635.5,0.02738,12.067,0.12383,905.79,False,True,False,1.6725,939.05,,True,False,False,,True,not run,,,,,,,,,,,,,,,,,,,,,,,,not run,,,,,,0,-7.818,13.611,-2.4168,3.4276
302351016_2626.5400,302351016,2626.5,B,6491,13.029,1697.2,8,11.476,2.376,1.17,168.56,58.524,True,False,,ok,False,False,-16.335,-4.8252,step,2625.9,0.040538,45.651,0.86462,1468.9,False,True,False,5.7858,1231.6,,False,,,,False,not run,,,,,,,,,,,,,,,,,,,,,,,,not run,,,,,,0,-4.8252,-9.2599,-16.335,-11.472
160488131_2635.4800,160488131,2635.5,B,6495,13.022,2245.9,12,11.849,0.72584,0.702,238.08,72.743,True,False,,ok,False,False,-16.334,-5.2523,ramp,2634.2,0.047925,31.257,0.96561,1430.9,True,True,False,2.1087,8145,,True,False,False,,True,not run,,,,,,,,,,,,,,,,,,,,,,,,not run,,,,,,0,-5.2523,-16.334,-10.306,-4.8858
86102736_2634.4000,86102736,2634.4,B,6498,13.016,2585.3,24,12.856,1.0432,1.06,139.75,23.516,True,False,,ok,False,False,5.8372,21.723,step,2634.6,0.04854,42.599,0.021677,2854.9,False,True,False,2.6435,10468,,False,,,,False,not run,,,,,,,,,,,,,,,,,,,,,,,,not run,,,,,,0,21.723,64.735,5.8372,6.595
302667897_2626.4600,302667897,2626.5,B,6499,13.015,6842.5,6,12.766,1.7492,1.23,163.12,55.402,True,False,,ok,False,False,-7.4401,-7.1189,ramp,2626.6,0.060034,1.0021,0.71132,3747.3,False,False,False,4.2656,0.078778,,True,False,True,,True,not run,,,,,,,,,,,,,,,,,,,,,,,,not run,,,,,,0,-7.1189,-7.4401,-5.1839,-6.2865
149912035_2621.4100,149912035,2621.4,B,6500,13.014,2248.9,4,10.537,0.47581,0.47365,159.43,62.481,True,False,,ok,False,False,-8.3446,-6.7382,ramp,2621.3,0.11095,0.28561,1.0292,2658,True,True,False,1.6708,,grazing,True,False,True,,True,not run,,,,,,,,,,,,,,,,,,,,,,,,not run,,,,,,0,-6.7382,-8.3446,-6.4143,-5.3169
88648617_2635.5600,88648617,2635.6,B,6518,12.961,2704.5,8,11.211,0.58686,0.57723,141.45,39.684,True,False,,ok,True,True,44.243,14.346,step,2635.6,0.062219,17.557,0.93535,2929.1,True,True,False,1.8446,2156.4,,False,True,False,False,False,ok,False,False,,,True,,,-3.648,True,False,88648616,0,,True,,True,False,False,False,False,,,,not run,,,,,,0,14.346,96.471,44.243,58.016
229740498_2611.1400,229740498,2611.1,B,6519,12.958,3693,3,9.5883,1.6501,1.115,279.46,68.816,True,False,,ok,False,False,-10.395,-2.7671,ramp,2611,0.31012,10.492,1.2739,1169.3,True,True,False,5.14,21.285,,False,True,False,,False,not run,,,,,,,,,,,,,,,,,,,,,,,,not run,,,,,,0,-2.7671,-10.395,-7.3622,-2.4706
165413249_2626.2600,165413249,2626.3,B,6520,12.954,2506.3,3,10.065,1.1231,0.941,159.52,26.461,True,False,,ok,False,False,-11.332,-5.302,ramp,2626.4,0.063012,0.26261,0.96686,2251,True,True,False,3.0022,,grazing,True,False,True,,True,not run,,,,,,,,,,,,,,,,,,,,,,,,not run,,,,,,0,-5.302,-11.332,-10.337,-5.2119
287087321_2626.9300,287087321,2626.9,B,6523,12.941,1194.1,24,11.409,1.8617,1.41,252.5,60.324,True,False,,ok,False,False,-17.492,-11.252,step,2626.9,0.048157,38.273,0.97913,1163.1,True,True,False,4.2893,1778.9,,True,False,True,,True,not run,,,,,,,,,,,,,,,,,,,,,,,,not run,,,,,,0,-11.252,8.2304,-17.492,-4.003
367613745_2635.4800,367613745,2635.5,B,6524,12.941,665.58,12,9.2985,3.2025,1.76,215.04,73.523,True,False,,ok,False,False,-11.519,-5.9678,ramp,2635.6,0.011714,15.682,0.23797,164.38,False,True,False,6.6193,33.306,,False,True,False,,False,not run,,,,,,,,,,,,,,,,,,,,,,,,not run,,,,,,0,-5.9678,-11.519,-11.501,-8.8932
165691225_2635.5800,165691225,2635.6,B,6525,12.941,2778.6,8,12.104,1.0698,0.87,163.81,33.441,True,False,,ok,False,False,-10.066,-4.9359,ramp,2635.7,0.040821,1.5251,0.093605,2015.9,False,False,False,2.8743,0.30645,,True,False,True,,True,not run,,,,,,,,,,,,,,,,,,,,,,,,not run,,,,,,0,-4.9359,-10.066,-9.8185,-4.6937
285009231_2635.6000,285009231,2635.6,B,6532,12.934,899.4,4,7.3899,1.7619,1.894,146.29,27.741,True,False,,ok,False,False,-11.205,3.6774,ramp,2635.7,0.34738,28.275,1.2853,2946.1,True,True,False,4.7299,535.06,,False,True,False,,False,not run,,,,,,,,,,,,,,,,,,,,,,,,not run,,,,,,0,3.6774,-11.205,-0.94476,6.5424
139366205_2616.1500,139366205,2616.2,B,6535,12.928,7437.6,2,12.552,1.8276,1.01,138.72,34.087,True,False,,ok,True,True,35.562,0.57815,step,2616.2,0.081974,2.1479,0.00024442,8139.7,False,False,False,4.8587,0.16543,,False,True,False,,False,not run,,,,,,,,,,,,,,,,,,,,,,,,not run,,,,,,0,0.57815,95.416,35.562,39.733
407613306_2626.4400,407613306,2626.4,B,6540,12.922,2579.5,6,11.543,1.1643,1.01,157.74,30.507,True,False,,ok,False,False,-8.2311,-5.5493,ramp,2626.4,0.02976,2.1214,0.17113,1067,False,False,False,2.9447,0.89373,,True,False,True,,True,not run,,,,,,,,,,,,,,,,,,,,,,,,not run,,,,,,0,-5.5493,-8.2311,-6.6948,-3.7413
11895653_2610.4500,11895653,2610.4,B,6545,12.911,807.02,1.5,7.7443,,,178.46,53.695,True,False,,ok,False,False,8.7364,385.57,ramp,2610.3,0.3439,12.525,1.3073,1241.4,True,True,False,,,no stellar radius,False,,,,False,not run,,,,,,,,,,,,,,,,,,,,,,,,not run,,,,,,0,385.57,8.7364,163.61,166.18
172530436_2635.7200,172530436,2635.7,B,6547,12.911,8973.5,6,12.902,1.5257,1.01,142.92,28.866,True,False,,ok,False,False,-32.75,8.4293,flare_decay,2635.5,0.12382,0.2867,0.87579,13102,False,False,False,4.2122,,,True,False,True,,True,not run,,,,,,,,,,,,,,,,,,,,,,,,not run,,,,,,0,8.4293,18.785,13.12,-32.75
367603467_2635.4800,367603467,2635.5,B,6548,12.91,1454.6,12,10.397,2.4007,0.94,214.4,77.553,True,False,,ok,False,False,-5.4025,0.13091,step,2635.6,0.032,23.655,0.92034,821.24,True,True,False,6.2378,136.77,,False,True,False,,False,not run,,,,,,,,,,,,,,,,,,,,,,,,not run,,,,,,0,0.13091,18.427,-5.4025,4.7135
353855262_2621.2900,353855262,2621.3,B,6552,12.9,3009.9,8,11.494,0.86866,0.984,271.13,55.544,True,False,,ok,False,False,-10.019,-6.6519,step,2621.2,0.021533,11.163,0.62342,506.23,False,True,False,2.1982,327.5,,True,False,False,,True,not run,,,,,,,,,,,,,,,,,,,,,,,,not run,,,,,,0,-6.6519,-8.2294,-10.019,-9.4694
230086473_2627.0900,230086473,2627.1,B,6556,12.891,2607.3,24,12.313,1.2636,1.1,246.73,67.314,True,False,,ok,False,False,-25.086,-12.827,flare_decay,2627,0.33339,41.267,1.2736,2724.7,True,True,False,4.023,2702.2,,True,False,True,,True,not run,,,,,,,,,,,,,,,,,,,,,,,,not run,,,,,,0,-12.827,33.727,-19.1,-25.086
159297705_2610.7100,159297705,2610.7,B,6562,12.88,5863.2,6,11.889,0.82495,0.924,229.15,82.076,True,False,,ok,False,False,-10.625,-5.7807,step,2610.8,0.3242,2.7594,1.2705,2258.5,True,True,False,2.7637,2.4751,grazing,True,False,True,,True,not run,,,,,,,,,,,,,,,,,,,,,,,,not run,,,,,,0,-5.7807,3.3042,-10.625,-4.9109
142962957_2626.6000,142962957,2626.6,B,6563,12.879,2741.6,16,12.999,1.0787,1.05,181.47,68.184,True,False,,ok,False,False,-1.9895,-4.9364,step,2626.6,0.045562,18.443,0.00014209,2515.7,False,True,False,2.7343,767.6,,True,False,True,,True,not run,,,,,,,,,,,,,,,,,,,,,,,,not run,,,,,,0,-4.9364,19.98,-1.9895,-1.4384
285009764_2621.3800,285009764,2621.4,B,6567,12.87,3423.8,6,12.076,0.98247,0.96,146.21,24.968,True,False,,ok,False,False,-14.213,-5.1873,flare_decay,2621.4,0.028396,3.0023,0.47248,927.43,False,True,False,2.5237,4.1938,,True,False,True,,True,not run,,,,,,,,,,,,,,,,,,,,,,,,not run,,,,,,0,-5.1873,-11.591,-8.8293,-14.213
153975515_2621.4500,153975515,2621.4,B,6569,12.864,8250.7,2,9.5241,1.0182,1.137,203.02,71.719,True,False,,ok,False,False,-13.487,-0.72654,ramp,2621.6,0.89991,10.575,1.8168,6526.6,True,True,False,4.5689,31.045,,False,True,False,,False,not run,,,,,,,,,,,,,,,,,,,,,,,,not run,,,,,,0,-0.72654,-13.487,-5.0233,-0.97476
27109927_2627.4200,27109927,2627.4,B,6570,12.859,2169.1,4,9.3529,0.96962,1.205,152.84,23.277,True,False,,ok,True,True,73.596,19.83,flare_decay,2627.4,0.059813,2.8971,0.95123,2453.5,True,True,False,2.3794,4.5002,,False,True,False,False,False,ok,False,False,0.78346,3.2344,True,0.75713,3.8025,6.7672,False,True,,1,10.075,True,,True,False,False,False,False,,,,ok,False,0.9997,0,17.519,26.278,0,19.83,237.81,101.92,73.596
198413262_2635.6600,198413262,2635.7,B,6572,12.855,7571.7,8,11.626,0.70017,0.691,259.41,56.669,True,False,,ok,False,False,-5.5866,-7.2044,step,2635.6,0.033158,9.5626,1.0339e-06,1332.6,False,True,False,2.016,266.89,,True,False,False,,True,not run,,,,,,,,,,,,,,,,,,,,,,,,not run,,,,,,0,-7.2044,7.7634,-5.5866,-0.28942
4823808_2610.6100,4823808,2610.6,B,6574,12.852,14560,1,11.526,1.2302,1.3,146.19,33.283,True,False,,ok,False,False,-262.94,1197.8,ramp,2610.5,0.54245,7.7251,1.3286,26769,True,True,False,4.2854,14.652,,False,True,False,,False,not run,,,,,,,,,,,,,,,,,,,,,,,,not run,,,,,,0,1197.8,-262.94,336.07,313.58
99936446_2635.4800,99936446,2635.5,B,6575,12.85,2925.5,12,12.29,0.74515,0.693,169.93,61.643,True,False,,ok,False,False,2.6956,-5.7753,step,2635.5,0.04038,14.398,0.00035273,1976.1,False,True,False,2.1585,742.36,,True,False,True,,True,not run,,,,,,,,,,,,,,,,,,,,,,,,not run,,,,,,0,-5.7753,19.895,2.6956,7.3467
224604766_2627.0200,224604766,2627,B,6585,12.83,1040.4,24,11.425,1.2211,1.11,255.36,59.953,True,False,,ok,False,False,-9.7207,-4.437,step,2626.9,0.027248,36.209,0.14518,896.06,False,True,False,2.9853,4464.1,,True,False,True,,True,not run,,,,,,,,,,,,,,,,,,,,,,,,not run,,,,,,0,-4.437,21.035,-9.7207,1.4182
233192468_2610.5700,233192468,2610.6,B,6588,12.829,3954.3,6,11.105,0.67929,0.64866,226.52,69.497,True,False,,ok,False,False,-15.913,-8.6158,ramp,2610.2,0.040012,13.705,0.049139,1939.3,False,True,False,2.0108,791.8,,False,,,,False,not run,,,,,,,,,,,,,,,,,,,,,,,,not run,,,,,,0,-8.6158,-15.913,-9.1078,-4.6095
285003041_2616.3700,285003041,2616.4,B,6590,12.822,2543.1,24,12.003,1.843,0.96,137.41,28.742,True,False,,ok,False,False,-15.084,12.327,flare_decay,2616.1,0.078934,13.523,0.89719,5202,False,True,False,4.9694,50.464,,False,,,,False,not run,,,,,,,,,,,,,,,,,,,,,,,,not run,,,,,,0,12.327,93.089,93.184,-15.084
377390122_2635.4500,377390122,2635.4,B,6611,12.773,1757.5,12,11.785,0.3534,0.33814,161.42,56.469,True,False,,ok,False,False,-7.3928,-6.7158,flare_decay,2635.6,0.030324,4.1299,0.2612,1098.7,False,True,False,1.2876,82.495,,True,False,True,,True,not run,,,,,,,,,,,,,,,,,,,,,,,,not run,,,,,,0,-6.7158,-4.456,-3.6269,-7.3928
138710148_2635.6800,138710148,2635.7,B,6618,12.755,2226.6,6,10.667,1.0879,1,137.05,28.821,True,False,,ok,False,False,-14.085,-7.2722,flare_decay,2635.8,0.034955,0.59253,0.81728,1162.3,False,False,False,2.7745,,,True,False,True,,True,not run,,,,,,,,,,,,,,,,,,,,,,,,not run,,,,,,0,-7.2722,-7.5667,-7.6238,-14.085
415761281_2635.7400,415761281,2635.7,B,6620,12.753,3539.1,6,11.305,0.58244,0.57352,162.43,44.939,True,False,,ok,False,False,-10.244,-5.3327,ramp,2635.7,0.027026,1.7586,0.4764,839.24,False,False,False,1.7739,2.4261,,True,False,True,,True,not run,,,,,,,,,,,,,,,,,,,,,,,,not run,,,,,,0,-5.3327,-10.244,-6.8128,-9.2907
82201419_2635.4800,82201419,2635.5,B,6624,12.743,2643.6,12,11.505,2.3869,1.93,147.79,27.31,True,False,,ok,False,False,-7.0154,-4.469,step,2635.5,0.086458,21.205,0.91468,5934.7,True,True,False,5.1352,176.4,,False,True,False,,False,not run,,,,,,,,,,,,,,,,,,,,,,,,not run,,,,,,0,-4.469,2.8753,-7.0154,-0.82718
270493110_2635.7400,270493110,2635.7,B,6632,12.729,1884.5,6,10.524,0.99643,0.935,232.99,70.212,True,False,,ok,False,False,-13.937,-13.433,step,2636,0.095153,15.944,1.0464,1090.7,True,True,False,2.7499,487.57,,False,,,,False,not run,,,,,,,,,,,,,,,,,,,,,,,,not run,,,,,,0,-13.433,-9.71,-13.937,-11.517
459968497_2611.0200,459968497,2611,B,6634,12.725,6936.8,2,10.56,0.77706,0.875,254.69,60.579,True,False,,ok,False,False,-4.2964,-5.6629,step,2611,0.025732,1.8883,0.23231,793.62,False,False,False,2.0532,1.9303,,True,False,True,,True,not run,,,,,,,,,,,,,,,,,,,,,,,,not run,,,,,,0,-5.6629,-1.1364,-4.2964,-3.5779
233712781_2635.7800,233712781,2635.8,B,6635,12.723,4928.4,4,11.346,0.8388,0.944,275.82,63.358,True,False,,ok,False,False,-10.152,-6.0114,ramp,2635.8,0.024684,8.3935,0.28257,726.16,False,True,False,2.1588,146.99,,False,True,False,,False,not run,,,,,,,,,,,,,,,,,,,,,,,,not run,,,,,,0,-6.0114,-10.152,-9.9069,-5.2558
63238817_2626.5400,63238817,2626.5,B,6637,12.722,3113,2,10.865,1.589,1.15,157.52,17.378,True,False,,ok,False,False,-18.529,0.57211,step,2626.5,0.051149,1.9144,2.7622e-05,3170.3,False,False,False,3.9293,0.15177,,False,True,False,,False,not run,,,,,,,,,,,,,,,,,,,,,,,,not run,,,,,,0,0.57211,40.03,-18.529,10.122
416538300_2611.4700,416538300,2611.5,B,6638,12.717,2641.7,16,12.502,0.7065,0.83,183.83,48.874,True,False,,ok,False,False,2.3884,6.5057,flare_decay,2611.4,0.32867,31.027,1.2529,3988.7,True,True,False,2.4612,5011.2,,False,True,False,,False,not run,,,,,,,,,,,,,,,,,,,,,,,,not run,,,,,,0,6.5057,58.263,6.5854,2.3884
219852882_2635.8200,219852882,2635.8,B,6641,12.71,4717.8,2,10.726,0.78411,0.819,256.62,68.843,True,False,,ok,False,False,-23.442,67.139,ramp,2636,0.46335,10.575,1.3691,6512.9,True,True,False,3.0221,107.19,,False,True,False,,False,not run,,,,,,,,,,,,,,,,,,,,,,,,not run,,,,,,0,67.139,-23.442,61.97,74.271
285005630_2635.6500,285005630,2635.7,B,6644,12.694,7866.1,8,12.906,0.77893,0.73,138.5,27.421,True,False,,ok,False,False,-7.5004,-4.7091,step,2635.7,0.047793,10.363,0.014758,2768,False,True,False,2.2334,249.87,,True,True,True,,True,not run,,,,,,,,,,,,,,,,,,,,,,,,not run,,,,,,0,-4.7091,1.0772,-7.5004,-3.5593
29191025_2626.4300,29191025,2626.4,B,6645,12.693,901.77,8,9.3257,1.4875,1.395,151.55,42.242,True,False,,ok,False,False,-7.2561,-1.2538,ramp,2626.3,0.023332,0.59791,0.71329,566.02,False,False,False,3.3573,,,True,False,True,,True,not run,,,,,,,,,,,,,,,,,,,,,,,,not run,,,,,,0,-1.2538,-7.2561,-5.2643,-5.0424
8795559_2626.6500,8795559,2626.7,B,6647,12.688,9061.8,4,11.249,1.2307,1.07,141.96,32.495,True,False,,ok,True,True,94.377,45.3,step,2626.6,0.086612,11.124,0.51073,8525.5,False,True,False,3.222,102.96,,False,True,False,False,False,ok,False,False,0.81811,11.321,False,1.5056,25,14.754,False,True,,0,10.38,True,,True,False,False,False,False,,,,not run,,,,,,0,45.3,407.4,94.377,130.24
318355189_2635.6600,318355189,2635.7,B,6651,12.683,6640.7,8,12.674,0.69547,0.83,165.62,49.144,True,False,,ok,False,False,-2.847,-3.0724,step,2635.6,0.37324,24,1.2861,5281,True,True,False,2.504,2202.3,,False,True,False,,False,not run,,,,,,,,,,,,,,,,,,,,,,,,not run,,,,,,0,-3.0724,32.884,-2.847,5.9943
4994553_2626.4000,4994553,2626.4,B,6653,12.674,1822.8,6,10.96,0.8098,0.801,160.78,34.529,True,False,,ok,False,False,-4.7175,-6.5908,flare_decay,2626.3,0.031237,6.4024,0.012334,1182.6,False,True,False,2.2156,60.346,,False,True,False,,False,not run,,,,,,,,,,,,,,,,,,,,,,,,not run,,,,,,0,-6.5908,2.3304,-0.9793,-4.7175
99867946_2626.4700,99867946,2626.5,B,6655,12.672,2995.4,6,11.973,0.85829,1.03,166.61,65.195,True,False,,ok,False,False,-9.1384,-5.7011,ramp,2626.4,0.030215,8.5122,0.036785,1106.2,False,True,False,2.1573,153.64,,False,True,False,,False,not run,,,,,,,,,,,,,,,,,,,,,,,,not run,,,,,,0,-5.7011,-9.1384,-7.8501,-8.8474
95339589_2635.3200,95339589,2635.3,B,6658,12.667,675.54,16,10.101,1.3426,1.14,153.52,20.23,True,False,,ok,False,False,-13.557,-0.5367,step,2636.2,0.031251,67.937,0.92405,775.74,True,True,False,3.2662,22518,,False,,,,False,not run,,,,,,,,,,,,,,,,,,,,,,,,not run,,,,,,0,-0.5367,-6.3052,-13.557,-5.2759
156817598_2627.4100,156817598,2627.4,B,6661,12.659,744.13,24,9.9122,1.42,1.33,140.52,39.967,True,False,,ok,True,True,23.332,55.566,flare_decay,2627.5,0.043791,72,0.96942,1162.5,True,True,False,3.3215,25489,,False,True,False,False,False,ok,False,False,-0.68961,-0.37033,True,0.83649,52.054,13.567,False,True,,1,-8.73,True,,True,False,False,False,False,,,,not run,,,,,,0,55.566,66.575,47.742,23.332
232614119_2626.9800,232614119,2627,B,6663,12.65,1338.8,24,11.46,1.4983,1.18,259.23,63.23,True,False,,ok,False,False,-14.275,0.65476,flare_decay,2626.9,0.049501,26.843,0.95421,1715.5,True,True,False,3.6674,981.42,,True,False,True,,True,not run,,,,,,,,,,,,,,,,,,,,,,,,not run,,,,,,0,0.65476,13.72,12.534,-14.275
233161885_2627.0400,233161885,2627,B,6671,12.627,7044.5,12,12.406,0.82604,0.876,275.13,60.152,True,False,,ok,True,True,28.369,175.89,ramp,2626.9,0.4011,64.469,1.2689,10777,True,True,False,2.9807,25316,,False,True,False,False,False,ok,False,False,0.068346,0.010549,True,,,-20.902,True,True,,0,0.86297,True,,True,False,False,False,False,,,,not run,,,,,,0,175.89,28.369,236.5,179.07
66682670_2626.8000,66682670,2626.8,B,6673,12.616,4940.2,8,12.566,1.0464,1.05,155.11,54.057,True,False,,ok,False,False,-5.4617,-4.06,step,2626.6,0.10917,36.1,0.92349,8482.7,True,True,False,2.8139,5282.5,,False,True,False,,False,not run,,,,,,,,,,,,,,,,,,,,,,,,not run,,,,,,0,-4.06,9.0969,-5.4617,-1.2143
198412866_2611.5400,198412866,2611.5,B,6675,12.613,2716.1,16,12.549,1.0894,1.11,259.38,57.775,True,False,,ok,False,False,-1.8986,-9.7995,flare_decay,2611.5,0.040455,19.42,0.0016042,1983.4,False,True,False,2.6976,933.4,,True,False,True,,True,not run,,,,,,,,,,,,,,,,,,,,,,,,not run,,,,,,0,-9.7995,26.387,0.77467,-1.8986
8992668_2635.4900,8992668,2635.5,B,6683,12.599,676.53,12,9.8299,0.77871,0.71,167.27,35.514,True,False,,ok,False,False,-14.892,-9.3626,step,2635.5,0.016619,14.843,0.21718,331.54,False,True,False,2.1865,782.39,,True,False,True,,True,not run,,,,,,,,,,,,,,,,,,,,,,,,not run,,,,,,0,-9.3626,-1.2032,-14.892,-9.1648
165408598_2617.1900,165408598,2617.2,B,6698,12.573,4114.1,2,11.528,1.3651,1.04,159.26,24.097,True,False,,ok,True,True,23.188,11.063,flare_decay,2617.2,0.40607,2.3976,1.3162,5738.9,True,True,False,4.6701,0.1421,grazing,False,True,False,False,False,ok,False,False,0.053721,0.059816,False,1.341,5.3273,3.8851,False,True,,0,0.67545,True,,True,False,False,False,False,,,,not run,,,,,,0,11.063,64.829,55.367,23.188
232605784_2635.6100,232605784,2635.6,B,6700,12.567,8626.2,8,12.48,0.84825,0.97,258.28,64.78,True,False,,ok,False,False,-8.1742,-6.6657,flare_decay,2635.6,0.035058,6.5357,0.012188,1489.6,False,True,False,2.1854,66.895,,True,False,False,,True,not run,,,,,,,,,,,,,,,,,,,,,,,,not run,,,,,,0,-6.6657,-6.6523,-6.2512,-8.1742
142870588_2627.0900,142870588,2627.1,B,6718,12.531,1253.8,24,12.459,1.6177,1.17,175.68,70.146,True,False,,ok,False,False,-3.57,-10.692,flare_decay,2626.8,0.036556,17.071,0.01744,1619.5,False,True,False,3.9222,206.38,,True,False,True,,True,not run,,,,,,,,,,,,,,,,,,,,,,,,not run,,,,,,0,-10.692,23.908,4.6347,-3.57
233157246_2626.8200,233157246,2626.8,B,6733,12.508,2201.5,12,11.537,0.84544,0.92,274.91,62.384,True,False,,ok,False,False,-12.389,47.043,ramp,2626.4,0.44082,93.7,1.3576,5216.3,True,False,True,3.0864,70012,,False,True,False,,False,not run,,,,,,,,,,,,,,,,,,,,,,,,not run,,,,,,0,47.043,-12.389,67.853,49.973
29174085_2635.7200,29174085,2635.7,B,6734,12.502,7256,6,12.956,1.0687,0.78,151.18,43.192,True,False,,ok,False,False,-9.82,-6.0209,step,2636.4,0.39449,28.882,1.2565,11493,True,True,False,3.9901,949.38,,False,,,,False,not run,,,,,,,,,,,,,,,,,,,,,,,,not run,,,,,,0,-6.0209,-7.7455,-9.82,-4.9911
252962647_2610.1400,252962647,2610.1,B,6735,12.502,3178.4,1.5,10.166,1.3455,1.088,151.41,32.923,True,False,,ok,False,False,-51.078,348.27,ramp,2610,0.9,12.4,1.818,6377.8,True,True,False,6.13,20.743,,False,,,,False,not run,,,,,,,,,,,,,,,,,,,,,,,,not run,,,,,,0,348.27,-51.078,156.54,124.82
99938036_2635.6300,99938036,2635.6,B,6740,12.488,2143.4,8,11.572,1.0174,1.02,170.24,60.641,True,False,,ok,False,False,-8.7063,-5.1387,ramp,2635.6,0.036388,0.98515,0.68773,1398.2,False,False,False,2.581,0.079214,,True,False,True,,True,not run,,,,,,,,,,,,,,,,,,,,,,,,not run,,,,,,0,-5.1387,-8.7063,-8.4482,-7.4097
144304147_2635.7400,144304147,2635.7,B,6747,12.479,6817.4,6,12.732,0.74653,0.81,170.08,35.697,True,False,,ok,False,False,-9.7062,-5.7946,step,2635.7,0.35101,0.25,1.214,10828,True,True,False,2.6661,,grazing,True,False,False,,True,not run,,,,,,,,,,,,,,,,,,,,,,,,not run,,,,,,0,-5.7946,-9.3109,-9.7062,-6.0795
150388053_2610.7400,150388053,2610.7,B,6772,12.424,5183.7,12,11.796,1.7914,0.92,193.98,59.261,True,False,,ok,False,False,-27.494,-21.965,step,2610.8,0.085843,23.984,0.95584,4359.5,True,True,False,4.9306,288.34,,False,True,False,,False,not run,,,,,,,,,,,,,,,,,,,,,,,,not run,,,,,,0,-21.965,123.84,-27.494,-0.17891
188506574_2614.3900,188506574,2614.4,B,6781,12.412,1742.5,24,11.476,1.8656,1.18,143.34,41.886,True,False,,ok,True,True,13.469,-4.0701,step,2614.4,0.039181,23.84,0.0054021,1860.5,False,True,False,4.5225,366.83,,True,False,True,True,True,ok,True,True,1.7797,1.4405,True,0.23198,6.8138,10.765,False,True,,0,22.089,True,,True,False,False,False,False,,,,ok,True,0.013023,0.013018,21.574,366.83,0,-4.0701,35.871,13.469,30.092
318362467_2635.6600,318362467,2635.7,B,6783,12.41,4162.3,8,11.648,1.1306,0.89,166.84,50.107,True,False,,ok,False,False,-9.4275,-7.4581,step,2635.6,0.27204,17.872,1.232,1306.3,True,True,False,3.6848,285.56,,False,True,False,,False,not run,,,,,,,,,,,,,,,,,,,,,,,,not run,,,,,,0,-7.4581,-0.18675,-9.4275,-2.8926
258510666_2635.5000,258510666,2635.5,B,6784,12.409,1101.5,8,10.38,1.4562,1.59,304.72,66.377,True,False,,ok,True,True,20.139,20.892,step,2635.9,0.38753,56.175,1.2769,7934.3,True,True,False,4.2669,5713.4,,False,True,False,False,False,ok,False,False,,,True,,,-3.7531,True,True,,0,,True,,True,False,False,False,False,,,,not run,,,,,,0,20.892,29.509,20.139,26.201
99903172_2626.4500,99903172,2626.4,B,6793,12.395,2855,6,12.039,1.7797,0.96,168.23,61.48,True,False,,ok,False,False,-8.4544,-4.8244,step,2626.6,0.033536,11.472,0.74332,1144.7,False,True,False,4.5962,38.913,,False,True,False,,False,not run,,,,,,,,,,,,,,,,,,,,,,,,not run,,,,,,0,-4.8244,-5.8087,-8.4544,-2.9135
371490575_2635.7300,371490575,2635.7,B,6800,12.388,7232.9,6,12.338,1.4346,1.13,140.03,36.384,True,False,,ok,False,False,-10.352,-5.5002,step,2635.9,0.038233,6.6168,0.0026725,1771.6,False,True,False,3.5242,16.542,,False,True,False,,False,not run,,,,,,,,,,,,,,,,,,,,,,,,not run,,,,,,0,-5.5002,-8.7794,-10.352,-5.5712
316385112_2610.4800,316385112,2610.5,B,6811,12.368,7353.3,3,12.18,0.45933,0.45647,188.4,55.858,True,False,,ok,False,False,-12.525,7.892,ramp,2610.1,0.3884,24.63,1.2258,14966,True,True,False,2.0407,4396.6,,False,,,,False,not run,,,,,,,,,,,,,,,,,,,,,,,,not run,,,,,,0,7.892,-12.525,11.509,13.111
91919155_2615.8000,91919155,2615.8,B,6815,12.352,5782.1,2,11.581,1.3914,1.02,143.99,21.719,True,False,,ok,False,False,-10.585,3.6226,flare_decay,2615.8,0.39063,4.1899,1.2954,6212.2,True,True,False,4.7385,1.6847,grazing,False,True,False,,False,not run,,,,,,,,,,,,,,,,,,,,,,,,not run,,,,,,0,3.6226,73.44,21.916,-10.585
394121709_2627.4400,394121709,2627.4,B,6821,12.337,8061.1,4,12.27,1.15,1.03,288.66,71.967,True,False,,ok,False,False,-16.498,-11.111,ramp,2627.4,0.037344,3.2766,0.94798,1023.5,True,True,False,2.9108,3.5444,,False,True,False,,False,not run,,,,,,,,,,,,,,,,,,,,,,,,not run,,,,,,0,-11.111,-16.498,-14.976,-12.397
252479914_2635.5800,252479914,2635.6,B,6822,12.336,4631.8,8,12.217,0.78969,0.839,155.69,53.562,True,False,,ok,False,False,3.2459,1.2073,step,2635.6,0.043815,11.319,0.045958,2325.5,False,True,False,2.1534,363.26,,True,False,True,,True,not run,,,,,,,,,,,,,,,,,,,,,,,,not run,,,,,,0,1.2073,17.834,3.2459,7.2169
199613728_2635.7800,199613728,2635.8,B,6830,12.327,5936,4,12.127,0.82968,0.89,249.5,58.934,True,False,,ok,False,False,-11.592,-4.3404,ramp,2636,0.057582,2.7313,0.0080186,4017.6,False,True,False,2.2476,4.4752,,False,True,False,,False,not run,,,,,,,,,,,,,,,,,,,,,,,,not run,,,,,,0,-4.3404,-11.592,-8.9653,-4.0529
233183985_2610.7100,233183985,2610.7,B,6836,12.312,2722.2,8,12.213,1.8557,1.06,219.39,70.368,True,False,,ok,False,False,-10.657,-6.6822,step,2610.4,0.046747,24,0.61616,2392.5,False,True,False,4.6962,334.31,,False,True,False,,False,not run,,,,,,,,,,,,,,,,,,,,,,,,not run,,,,,,0,-6.6822,-9.3827,-10.657,-8.1982
233712352_2621.4200,233712352,2621.4,B,6837,12.311,4984.4,3,12.11,0.72248,0.794,275.93,62.896,True,False,,ok,False,False,-13.677,-11.691,step,2621.4,0.044023,0.84841,0.75194,1958.7,False,False,False,2.007,0.14181,,True,False,True,,True,not run,,,,,,,,,,,,,,,,,,,,,,,,not run,,,,,,0,-11.691,-13.495,-13.677,-11.108
154569850_2635.4800,154569850,2635.5,B,6859,12.259,1855.6,12,11.793,0.84219,1.04,191.55,77.698,True,False,,ok,False,False,-3.7438,-5.5892,step,2635.5,0.029116,11.44,0.14136,1023.3,False,True,False,2.1077,399.83,,True,False,True,,True,not run,,,,,,,,,,,,,,,,,,,,,,,,not run,,,,,,0,-5.5892,5.3453,-3.7438,-0.95034
202420764_2610.5700,202420764,2610.6,B,6861,12.257,3763.5,6,12.107,1.5035,1.13,225.15,61.586,True,False,,ok,False,False,-12.234,-7.5978,ramp,2611.3,0.34172,18.233,1.2871,2375.1,True,True,False,4.7744,139.5,,True,False,False,,True,not run,,,,,,,,,,,,,,,,,,,,,,,,not run,,,,,,0,-7.5978,-12.234,-10.273,-7.2556
377367781_2626.6500,377367781,2626.7,B,6870,12.231,6222.7,6,12.454,1.2191,1.14,149.18,55.113,True,False,,ok,False,False,-10.447,-6.8241,step,2626.5,0.11872,0.29685,0.94383,8504.2,True,True,False,3.2173,,grazing,True,False,True,,True,not run,,,,,,,,,,,,,,,,,,,,,,,,not run,,,,,,0,-6.8241,-7.3573,-10.447,-7.084
368436199_2635.8300,368436199,2635.8,B,6873,12.226,5877.4,2,10.692,1.0955,1.117,159.56,33.947,True,False,,ok,False,False,-24.98,-8.4689,ramp,2635.8,0.01921,4.0835,0.4328,428.56,False,True,False,2.6516,9.1213,,False,True,False,,False,not run,,,,,,,,,,,,,,,,,,,,,,,,not run,,,,,,0,-8.4689,-24.98,-20.297,-17.081
98413514_2614.4500,98413514,2614.4,B,6875,12.223,4449.9,3,12.037,1.1907,1.05,147.23,25.645,True,False,,ok,True,True,13.56,-0.16218,flare_decay,2614.4,0.079807,4.0778,0.87689,5537,False,True,False,3.1174,5.5786,,True,False,True,False,True,ok,False,False,0.12754,0.17546,True,,,0.32205,True,True,,0,1.5589,True,,True,False,False,False,False,,,,ok,False,0.57855,0.015975,21.551,32.326,0,-0.16218,76.22,38.378,13.56
409286698_2627.3700,409286698,2627.4,B,6877,12.218,6006.8,16,12.159,0.77849,0.825,147.01,43.302,True,False,,ok,True,True,91.398,354.38,ramp,2626.9,0.4318,110.1,1.24,20496,True,True,False,2.9286,,,False,True,False,False,False,ok,False,False,5.6134,0.27686,True,,,2.9934,True,True,,0,68.583,True,,True,False,False,False,False,,,,not run,,,,,,0,354.38,91.398,534.41,390.16
236716355_2635.5700,236716355,2635.6,B,6878,12.212,2580,8,10.028,2.2564,1.05,239.52,63.191,True,False,,ok,False,False,2.8215,8.0145,step,2635.6,0.33584,19.666,1.2751,2803.6,True,True,False,7.3172,48.72,,False,True,False,,False,not run,,,,,,,,,,,,,,,,,,,,,,,,not run,,,,,,0,8.0145,27.043,2.8215,14.405
92023388_2635.8300,92023388,2635.8,B,6880,12.21,9995.6,1.5,10.204,1.1479,1.128,145.47,22.9,True,False,,ok,False,False,-206.04,1354.4,ramp,2636,0.45078,12.275,1.2522,22071,True,True,False,3.9429,75.52,,False,,,,False,not run,,,,,,,,,,,,,,,,,,,,,,,,not run,,,,,,0,1354.4,-206.04,642.86,686.49
229783125_2611.1200,229783125,2611.1,B,6882,12.207,8015.1,1.5,10.929,1.1574,0.987,283.54,66.572,True,False,,ok,False,False,-21.438,53.378,ramp,2611,0.9,12.15,1.8129,7049,True,True,False,5.4457,27.823,,False,True,False,,False,not run,,,,,,,,,,,,,,,,,,,,,,,,not run,,,,,,0,53.378,-21.438,21.991,21.612
279979088_2635.5900,279979088,2635.6,B,6885,12.193,2139,8,11.512,0.79563,0.944,297.14,70.899,True,False,,ok,False,False,-8.2583,-6.9995,step,2635.6,0.027268,6.8741,0.042974,900.85,False,True,False,2.0528,93.898,,True,False,True,,True,not run,,,,,,,,,,,,,,,,,,,,,,,,not run,,,,,,0,-6.9995,-4.6443,-8.2583,-2.8505
198487837_2627.4800,198487837,2627.5,B,6904,12.131,3097,12,10.45,1.0173,1.16,195.04,77.696,True,False,,ok,False,False,-3.2783,2.2629,step,2627.6,0.038199,24.844,0.88813,1253.9,False,True,False,2.4767,2524.6,,False,True,False,,False,not run,,,,,,,,,,,,,,,,,,,,,,,,not run,,,,,,0,2.2629,54.885,-3.2783,7.7523
453428734_2611.1100,453428734,2611.1,B,6912,12.111,5983.9,6,12.562,0.85715,0.98,146.73,50.723,True,False,,ok,False,False,-16.961,-6.8751,ramp,2610.9,0.9,18,1.8356,4282.1,True,True,False,4.0411,221.23,,False,True,False,,False,not run,,,,,,,,,,,,,,,,,,,,,,,,not run,,,,,,0,-6.8751,-16.961,-13.757,-8.9829
165402782_2610.9500,165402782,2610.9,B,6914,12.11,25137,6,12.402,1.3357,0.99,158.76,27.646,True,False,,ok,True,True,326.27,276.15,flare_decay,2610.8,0.42064,17.744,1.1844,28539,True,True,False,4.6936,135.31,,False,,,False,False,ok,False,False,-1.1123,-0.096131,True,,,-1434.8,True,True,,0,-13.47,True,,True,False,False,False,False,,,,not run,,,,,,0,276.15,639.33,738.47,326.27
285019966_2621.2900,285019966,2621.3,B,6916,12.108,2816.4,8,11.935,1.8382,1.06,158.46,55.639,True,False,,ok,False,False,-14.588,-10.013,ramp,2621.2,0.02352,2.8666,0.53772,624.28,False,False,False,4.5487,0.4373,,True,False,True,,True,not run,,,,,,,,,,,,,,,,,,,,,,,,not run,,,,,,0,-10.013,-14.588,-11.958,-9.4751
219762297_2610.7000,219762297,2610.7,B,6920,12.104,3747.4,6,11.408,1.1639,1.04,262.52,63.704,True,False,,ok,False,False,-8.1441,-4.1154,flare_decay,2610.8,0.29629,0.25,1.2133,4431.3,True,True,False,3.6699,,grazing,True,False,False,,True,not run,,,,,,,,,,,,,,,,,,,,,,,,not run,,,,,,0,-4.1154,-3.9604,-6.7536,-8.1441
39065007_2610.5200,39065007,2610.5,B,6926,12.094,1535.2,12,11.587,1.6255,1.05,139.14,36.328,True,False,,ok,True,True,21.915,-1.4634,flare_decay,2610.5,0.043482,14.742,2.6619e-07,2291.3,False,True,False,4.1132,115.26,,False,,,False,False,ok,False,False,0.31696,0.301,True,0.64172,9.9816,3.7201,False,True,,0,3.8332,True,,True,False,False,False,False,,,,ok,True,3.9726e-09,0,25.492,115.26,0,-1.4634,102.72,26.689,21.915
233636046_2635.7900,233636046,2635.8,B,6928,12.091,5701.9,3,11.125,0.88564,0.958,146.09,29.146,True,False,,ok,False,False,-11.413,5.6271,ramp,2636.1,0.58702,18,1.5299,3102.4,True,True,False,3.5137,336.44,,False,,,,False,not run,,,,,,,,,,,,,,,,,,,,,,,,not run,,,,,,0,5.6271,-11.413,1.012,9.8412
105440807_2635.7300,105440807,2635.7,B,6930,12.089,8252.4,6,12.764,1.9072,0.91,143.59,45.124,True,False,,ok,False,False,-16.06,-9.4383,flare_decay,2635.8,0.051468,7.6566,0.18055,3188.7,False,True,False,5.102,8.414,,False,True,False,,False,not run,,,,,,,,,,,,,,,,,,,,,,,,not run,,,,,,0,-9.4383,0.51205,-14.29,-16.06
233127162_2635.7400,233127162,2635.7,B,6931,12.082,3014.4,6,11.125,1.7677,1.47,273.86,63.44,True,False,,ok,False,False,-8.2534,-4.5568,step,2635.2,0.050311,11.131,0.92774,1977.9,True,True,False,4.0246,52.945,,True,False,True,,True,not run,,,,,,,,,,,,,,,,,,,,,,,,not run,,,,,,0,-4.5568,-8.1385,-8.2534,-5.6011
95428978_2610.2900,95428978,2610.3,B,6932,12.079,4655.5,1.5,11.502,0.77605,0.703,154.72,20.706,True,False,,ok,True,True,27.629,11.331,flare_decay,2610.3,0.38668,2.7545,1.2959,5722.4,True,True,False,2.9823,1.9538,grazing,True,False,True,False,True,ok,False,False,0.0049363,0.0046997,True,,,1.4862,True,True,,0,0.059628,True,,True,False,False,False,False,,,,not run,,,,,,0,11.331,108.71,78.559,27.629
17190960_2635.4500,17190960,2635.4,B,6933,12.079,1904.3,12,11.834,1.2656,1.18,145.2,41.577,True,False,,ok,True,True,21.081,-3.4442,flare_decay,2635.5,0.039502,17.123,0.043739,1890.3,False,True,False,3.0679,435.03,,False,True,False,False,False,ok,False,False,-0.030953,-0.033576,True,,,-0.31803,True,True,,0,-0.37388,True,,True,False,False,False,False,,,,not run,,,,,,0,-3.4442,56.815,21.512,21.081
230115459_2610.7000,230115459,2610.7,B,6941,12.067,3086.6,6,10.505,1.2362,1.18,249.19,69.775,True,False,,ok,False,False,-8.2386,-5.0897,ramp,2610.5,0.032092,2.5398,0.48815,1179.6,False,False,False,2.9751,1.522,,False,True,False,,False,not run,,,,,,,,,,,,,,,,,,,,,,,,not run,,,,,,0,-5.0897,-8.2386,-8.123,-2.5896
219733146_2635.7600,219733146,2635.8,B,6944,12.066,9244.6,4,12.804,0.78577,0.85,230.08,74.357,True,False,,ok,False,False,-20.31,-16.997,flare_decay,2635.6,0.034959,1.8593,9.6654e-05,1481.2,False,False,False,2.1153,1.6818,,True,False,True,,True,not run,,,,,,,,,,,,,,,,,,,,,,,,not run,,,,,,0,-16.997,-10.859,-14.006,-20.31
229701846_2627.2100,229701846,2627.2,B,6947,12.059,8391.9,3,12.294,0.922,1.01,277.56,70.365,True,False,,ok,False,False,-7.4694,-6.0785,step,2627.2,0.038209,2.5779,0.028445,1769,False,True,False,2.3508,3.2824,,True,False,True,,True,not run,,,,,,,,,,,,,,,,,,,,,,,,not run,,,,,,0,-6.0785,-6.9394,-7.4694,-3.602
159348388_2635.6400,159348388,2635.6,B,6950,12.053,1931.5,8,11.222,1.0623,1.187,237.14,80.777,True,False,,ok,False,False,-13.343,-9.8673,flare_decay,2635.6,0.024269,10.806,0.055804,713.45,False,True,False,2.5323,194.37,,True,True,True,,True,not run,,,,,,,,,,,,,,,,,,,,,,,,not run,,,,,,0,-9.8673,-8.3617,-13.072,-13.343
138664848_2627.4600,138664848,2627.5,B,6951,12.052,2592.4,8,10.316,1.8098,1.13,136.49,25.933,True,False,,ok,False,False,-10.217,56.615,ramp,2627.5,0.35143,44.3,1.2894,2952.6,True,True,False,5.7906,1122.6,,True,True,True,,True,not run,,,,,,,,,,,,,,,,,,,,,,,,not run,,,,,,0,56.615,-10.217,120.1,88.36
219804949_2635.4800,219804949,2635.5,B,6953,12.048,2064.8,12,12.236,1.0423,1.11,266.21,65.395,True,False,,ok,False,False,3.2602,-7.6183,step,2635.5,0.036844,12.795,0.012479,1645.2,False,True,False,2.5718,308.03,,True,False,True,,True,not run,,,,,,,,,,,,,,,,,,,,,,,,not run,,,,,,0,-7.6183,19.813,3.2602,4.8147
355917477_2610.6000,355917477,2610.6,B,6956,12.044,3922.6,6,12.127,1.5663,1.31,201.33,60.168,True,False,,ok,False,False,-15.752,-5.7558,ramp,2610.1,0.35183,35.75,1.2686,4786.3,True,True,False,4.7703,1054.3,,False,,,,False,not run,,,,,,,,,,,,,,,,,,,,,,,,not run,,,,,,0,-5.7558,-15.752,-8.0634,-4.4298
26987643_2635.7500,26987643,2635.8,B,6960,12.038,7097.1,6,11.577,0.96001,0.81,150.77,20.613,True,False,,ok,False,False,-12.912,-5.5342,ramp,2635.7,0.02401,12.677,0.38918,675.57,False,True,False,2.5986,290.4,,False,True,False,,False,not run,,,,,,,,,,,,,,,,,,,,,,,,not run,,,,,,0,-5.5342,-12.912,-10.036,-5.1025
156170511_2635.6400,156170511,2635.6,B,6962,12.035,1247.1,8,10.987,0.71948,0.69,178.68,79.578,True,False,,ok,False,False,-8.1391,-5.7587,flare_decay,2635.7,0.022617,6.951,0.4473,592.08,False,True,False,2.0515,97.275,,True,False,True,,True,not run,,,,,,,,,,,,,,,,,,,,,,,,not run,,,,,,0,-5.7587,-4.0517,-7.5642,-8.1391
198357385_2635.7300,198357385,2635.7,B,6967,12.024,3111.5,3,11.378,1.8029,0.95,256.26,59.44,True,False,,ok,True,False,31.381,-6.9633,flare_decay,2635.7,0.05769,3.0399,0.0040205,4032.8,False,False,False,4.782,0.44933,,True,False,True,,True,not run,,,,,,,,,,,,,,,,,,,,,,,,not run,,,,,,0,-6.9633,197.35,105.09,31.381
139381489_2635.4700,139381489,2635.5,B,6973,12.016,4116.6,12,12.834,0.76417,0.89,139.34,35.481,True,False,,ok,False,False,-10.082,-4.5408,step,2635.8,0.077478,46.501,0.90639,4907.6,True,True,False,2.1091,26805,,False,True,False,,False,not run,,,,,,,,,,,,,,,,,,,,,,,,not run,,,,,,0,-4.5408,-1.2743,-10.082,-2.6152
233657440_2611.0500,233657440,2611.1,B,6977,12.008,6874.7,6,12.82,0.77843,0.85,259.55,63.192,True,False,,ok,False,False,-14.388,-7.2708,ramp,2610.9,0.061985,18,0.95885,2411.6,True,True,False,2.1503,1467.1,,False,True,False,,False,not run,,,,,,,,,,,,,,,,,,,,,,,,not run,,,,,,0,-7.2708,-14.388,-13.795,-9.7584
402656261_2635.7300,402656261,2635.7,B,6982,11.999,2054.3,6,11.376,2.8375,1.11,294.08,68.435,True,False,,ok,False,False,-13.704,-9.6893,ramp,2635,0.096452,21.719,1.0183,2281,True,True,False,7.4142,63.09,,True,False,True,,True,not run,,,,,,,,,,,,,,,,,,,,,,,,not run,,,,,,0,-9.6893,-13.704,-7.9053,-9.1219
24004377_2635.3300,24004377,2635.3,B,6986,11.993,2220.3,16,12.803,1.4247,1.17,163.1,43.805,True,False,,ok,False,False,-5.5357,-4.7746,step,2635.4,0.041812,21.331,0.08217,2115.8,False,True,False,3.4714,580.67,,True,False,True,,True,not run,,,,,,,,,,,,,,,,,,,,,,,,not run,,,,,,0,-4.7746,14.534,-5.5357,1.3501
241194098_2635.4900,241194098,2635.5,B,6990,11.986,965.73,12,10.009,1.8847,1.32,153.25,27.635,True,False,,ok,False,False,-7.1803,-6.9052,step,2635.6,0.027079,12.99,0.70105,768.31,False,True,False,4.3498,66.674,,True,False,True,,True,not run,,,,,,,,,,,,,,,,,,,,,,,,not run,,,,,,0,-6.9052,37.11,-7.1803,0.67529
353819519_2611.2100,353819519,2611.2,B,6991,11.976,3501.9,8,12.096,1.2684,1.15,270.57,58.178,True,False,,ok,False,False,-16.002,-10.855,step,2611.2,0.040197,9.7204,0.064802,1956.6,False,True,False,3.1034,76.876,,True,False,True,,True,not run,,,,,,,,,,,,,,,,,,,,,,,,not run,,,,,,0,-10.855,12.65,-16.002,-11.645
393857987_2621.3000,393857987,2621.3,B,6997,11.969,3505.9,8,12.245,0.46649,0.46399,173.75,45.515,True,False,,ok,False,False,-11.51,-6.3922,step,2621.2,0.028612,7.5337,0.71134,852.13,False,True,False,1.5271,300.25,,True,False,False,,True,not run,,,,,,,,,,,,,,,,,,,,,,,,not run,,,,,,0,-6.3922,-9.0552,-11.51,-6.4831
258701880_2635.4800,258701880,2635.5,B,6999,11.966,2405,12,12.249,1.3408,1.04,285.93,70.654,True,False,,ok,False,False,-6.2052,-6.3099,step,2635.5,0.031586,9.2629,0.16344,1202.6,False,True,False,3.3644,52.214,,True,False,True,,True,not run,,,,,,,,,,,,,,,,,,,,,,,,not run,,,,,,0,-6.3099,-1.7499,-6.2052,-2.7868
229763092_2635.6400,229763092,2635.6,B,7015,11.935,1487.2,8,11.164,1.5338,1.33,281.46,69.509,True,False,,ok,False,False,-15.514,-11.195,ramp,2635.6,0.018483,10.296,0.70977,356.02,False,True,False,3.5007,63.651,,True,False,True,,True,not run,,,,,,,,,,,,,,,,,,,,,,,,not run,,,,,,0,-11.195,-15.514,-12.938,-9.6377
8153102_2610.1400,8153102,2610.1,B,7016,11.934,12529,1.5,12.865,0.93323,0.93,155.43,38.821,True,False,,ok,False,False,-56.556,259.52,ramp,2610,0.9,12.4,1.7276,21923,True,True,False,4.4778,53.177,,False,True,False,,False,not run,,,,,,,,,,,,,,,,,,,,,,,,not run,,,,,,0,259.52,-56.556,74.015,62.089
150229843_2635.7900,150229843,2635.8,B,7018,11.931,6380.1,3,12.325,0.81433,0.93,155.36,43.194,True,False,,ok,False,False,-55.237,51.715,ramp,2636,0.46893,10.575,1.3429,10581,True,True,False,3.0199,107.43,,False,True,False,,False,not run,,,,,,,,,,,,,,,,,,,,,,,,not run,,,,,,0,51.715,-55.237,26.173,36.176
302749848_2626.4700,302749848,2626.5,B,7025,11.917,1324.1,6,9.3293,1.7275,1.437,169.46,59.024,True,False,,ok,False,False,-9.8015,-6.2458,ramp,2626.5,0.015377,4.2077,0.71277,245.95,False,True,False,3.8309,3.2714,,True,False,False,,True,not run,,,,,,,,,,,,,,,,,,,,,,,,not run,,,,,,0,-6.2458,-9.8015,-8.1626,-4.9354
101593741_2635.4900,101593741,2635.5,B,7026,11.917,1276.5,12,11.353,0.83772,0.814,159.47,35.694,True,False,,ok,False,False,-3.241,-5.4503,step,2635.5,0.042151,16.714,0.98656,783.19,True,True,False,2.3039,955.05,,True,True,True,,True,not run,,,,,,,,,,,,,,,,,,,,,,,,not run,,,,,,0,-5.4503,0.45126,-3.241,-1.6504
142381532_2610.4000,142381532,2610.4,B,7028,11.912,3353,1.5,9.7722,0.82237,0.77,196.22,63.754,True,False,,ok,False,False,-14.429,-4.1441,flare_decay,2610.4,0.021601,1.3195,0.24721,558.38,False,False,False,2.2585,0.46697,,True,True,True,,True,not run,,,,,,,,,,,,,,,,,,,,,,,,not run,,,,,,0,-4.1441,-9.0421,-11.013,-14.429
453426206_2610.6300,453426206,2610.6,B,7034,11.899,6815.9,1.5,10.055,1.4287,1.182,146.14,48.482,True,False,,ok,False,False,-84.3,296.82,ramp,2610.5,0.48343,12.525,1.3464,12285,True,True,False,4.9417,40.776,,False,True,False,,False,not run,,,,,,,,,,,,,,,,,,,,,,,,not run,,,,,,0,296.82,-84.3,233.34,235.99
407578769_2611.0600,407578769,2611.1,B,7035,11.899,10997,1.5,12.225,1.7826,1.02,145.24,30.335,True,False,,ok,False,False,-58.754,68.555,ramp,2610.9,0.11329,9.025,0.93405,8422.7,True,True,False,4.8601,16.005,,False,True,False,,False,not run,,,,,,,,,,,,,,,,,,,,,,,,not run,,,,,,0,68.555,-58.754,5.1358,2.8803
21123949_2621.4200,21123949,2621.4,B,7041,11.879,4897.1,4,11.39,0.69596,0.718,274.73,53.399,True,False,,ok,False,False,-13.875,-7.0197,step,2621.1,0.23992,0.47323,1.173,2852.2,True,True,False,2.3745,,grazing,True,False,False,,True,not run,,,,,,,,,,,,,,,,,,,,,,,,not run,,,,,,0,-7.0197,-5.6823,-13.875,-8.4398
252796014_2635.8300,252796014,2635.8,B,7046,11.872,5925.6,1.5,11.313,0.64546,0.66,165.06,42.565,True,False,,ok,False,False,-38.603,376.54,ramp,2636,0.40689,12.325,1.2549,13651,True,True,False,2.57,275.92,,False,,,,False,not run,,,,,,,,,,,,,,,,,,,,,,,,not run,,,,,,0,376.54,-38.603,171.36,204.08
357184190_2626.5900,357184190,2626.6,B,7049,11.868,5319.1,6,12.649,1.6272,1.09,171.84,75.567,True,False,,ok,False,False,-1.3512,2.8757,ramp,2626.5,0.066306,0.97692,0.68447,4646.2,False,False,False,4.1555,0.076347,,True,True,True,,True,not run,,,,,,,,,,,,,,,,,,,,,,,,not run,,,,,,0,2.8757,-1.3512,-1.1052,0.26937
166150760_2635.7400,166150760,2635.7,B,7051,11.863,2450.6,6,11.358,0.64516,0.67,216.13,64.89,True,False,,ok,False,False,-10.76,-4.0035,step,2635.2,0.034298,6.8481,0.35112,1387.9,False,True,False,1.8789,121.08,,True,False,True,,True,not run,,,,,,,,,,,,,,,,,,,,,,,,not run,,,,,,0,-4.0035,-10.202,-10.76,-6.1953
416195760_2610.6800,416195760,2610.7,B,7053,11.862,1930.6,6,8.9273,3.309,1.26,287.16,57.485,True,False,,ok,False,False,-7.366,-4.7496,step,2610.8,0.023104,9.6755,0.97403,345.95,True,True,False,7.7352,4.7536,,False,True,False,,False,not run,,,,,,,,,,,,,,,,,,,,,,,,not run,,,,,,0,-4.7496,-0.29466,-7.366,-2.1575
237277975_2611.6200,237277975,2611.6,B,7058,11.858,1955.7,12,11.789,1.5534,1.2,299.19,73.25,True,False,,ok,False,False,-20.518,-14.988,step,2611.7,0.043647,26.555,0.95631,1340.2,True,True,False,3.7599,881.83,,False,True,False,,False,not run,,,,,,,,,,,,,,,,,,,,,,,,not run,,,,,,0,-14.988,-10.649,-20.518,-13.392
202490021_2610.5900,202490021,2610.6,B,7061,11.853,4233,6,11.903,2.0253,1.28,229.48,60.585,True,False,,ok,False,False,-7.2581,-3.3462,step,2610.4,0.33828,7.6659,1.2777,2797.4,True,True,False,6.1566,4.7826,,False,True,False,,False,not run,,,,,,,,,,,,,,,,,,,,,,,,not run,,,,,,0,-3.3462,-7.1996,-7.2581,-6.1656
307952755_2635.4000,307952755,2635.4,B,7062,11.852,4258.4,12,12.639,0.79378,0.92,148.83,29.461,True,False,,ok,True,True,31.24,8.4752,step,2635.5,0.083427,24.619,0.89663,5807.2,False,True,False,2.1787,3608.5,,False,True,False,False,False,ok,False,False,,,True,,,-48.526,True,True,,0,,True,,True,False,False,False,False,,,,not run,,,,,,0,8.4752,101.85,31.24,40.014
154563125_2635.6400,154563125,2635.6,B,7063,11.852,1851.6,8,11.272,0.92905,1.028,189.27,77.682,True,False,,ok,False,False,-11.642,-5.2776,ramp,2635.9,0.03007,3.0287,0.034781,1095.6,False,True,False,2.3364,5.4351,,False,True,False,,False,not run,,,,,,,,,,,,,,,,,,,,,,,,not run,,,,,,0,-5.2776,-11.642,-9.5824,-4.8454
252488484_2611.1300,252488484,2611.1,B,7064,11.851,2415.3,6,11.021,0.64962,0.59,156.97,53.852,True,False,,ok,False,False,-8.401,-5.4143,step,2611.1,0.021384,7.2806,0.19121,550.11,False,True,False,1.9491,130.33,,True,False,False,,True,not run,,,,,,,,,,,,,,,,,,,,,,,,not run,,,,,,0,-5.4143,-6.5117,-8.401,-8.0875
229675723_2635.4800,229675723,2635.5,B,7069,11.844,1728.2,12,12.59,0.96892,0.88,253.4,74.738,True,False,,ok,False,False,-11.431,-5.8975,step,2635.5,0.035692,9.0186,0.30071,1514.5,False,True,False,2.5803,106.8,,True,False,True,,True,not run,,,,,,,,,,,,,,,,,,,,,,,,not run,,,,,,0,-5.8975,-2.4574,-11.431,-7.0522
198317764_2610.6700,198317764,2610.7,B,7070,11.844,3111.8,8,11.937,1.4415,1.13,234.61,60.608,True,False,,ok,False,False,-13.947,-6.7194,ramp,2610.1,0.9,48.175,1.8355,4288.6,True,True,False,6.4859,1028.2,,False,,,,False,not run,,,,,,,,,,,,,,,,,,,,,,,,not run,,,,,,0,-6.7194,-13.947,-13.14,-6.1845
105483181_2635.7300,105483181,2635.7,B,7077,11.837,1197.7,6,10.258,0.95048,1.011,143.82,42.07,True,False,,ok,False,False,-15.368,-9.3831,step,2635.9,0.023686,7.5789,0.27629,669.16,False,True,False,2.3887,79.883,,False,True,False,,False,not run,,,,,,,,,,,,,,,,,,,,,,,,not run,,,,,,0,-9.3831,-11.844,-15.368,-11.677
141248554_2610.7600,141248554,2610.8,B,7083,11.823,1177.5,6,10.857,1.1781,1.21,187.56,50.163,True,False,,ok,True,True,30.496,24.259,ramp,2610.6,0.38071,35.1,1.2867,6030.2,True,True,False,3.7622,2032.7,,False,True,False,False,False,ok,False,False,-0.81081,-0.13279,True,0.77393,5.7008,8.1377,False,True,,0,-9.5858,True,,True,False,False,False,False,,,,ok,True,0.051246,0.023658,25.426,2032.7,0,24.259,30.496,30.873,30.787
98369723_2635.7300,98369723,2635.7,B,7086,11.817,4248.8,6,11.942,0.7962,0.656,147.05,25.118,True,False,,ok,False,False,-10.368,-5.5159,step,2636,0.037192,1.685,0.50025,1578.8,False,False,False,2.3418,0.90647,,False,True,False,,False,not run,,,,,,,,,,,,,,,,,,,,,,,,not run,,,,,,0,-5.5159,-9.1712,-10.368,-6.4023
39141024_2635.4900,39141024,2635.5,B,7087,11.815,3365,12,12.569,0.83161,0.88,168.26,41.364,True,False,,ok,False,False,0.064722,-1.0271,step,2635.6,0.068302,18.849,0.93035,3575.1,True,True,False,2.2843,1405.2,,False,True,False,,False,not run,,,,,,,,,,,,,,,,,,,,,,,,not run,,,,,,0,-1.0271,39.531,0.064722,7.7956
356539037_2621.2900,356539037,2621.3,B,7092,11.8,3861.4,8,9.0882,0.83057,0.73,153.16,59.979,True,False,,ok,False,False,-6.5175,-5.3083,step,2621.3,0.02226,9.5626,0.056422,600.22,False,True,False,2.3234,174.37,,True,False,True,,True,not run,,,,,,,,,,,,,,,,,,,,,,,,not run,,,,,,0,-5.3083,2.3999,-6.5175,-1.1095
4840482_2614.2500,4840482,2614.2,B,7093,11.8,9536.3,2,12.944,0.82339,1.01,146.67,33.416,True,False,,ok,True,True,39.739,4.3796,step,2614.3,0.11596,2.6923,0.89072,11097,True,True,False,2.2566,4.2358,,False,True,False,False,False,ok,False,False,0.1489,0.14054,False,1.4655,5.6905,3.7715,False,True,,0,1.757,True,,True,False,False,False,False,,,,not run,,,,,,0,4.3796,154.66,39.739,40.145
63306831_2611.1500,63306831,2611.2,B,7104,11.78,6541.8,4,12.845,1.5196,1.13,158.24,17.803,True,False,,ok,False,False,0.34365,5.3432,flare_decay,2611.1,0.42231,5.398,1.3055,8965.7,True,True,False,5.1161,2.9001,,True,False,True,,True,not run,,,,,,,,,,,,,,,,,,,,,,,,not run,,,,,,0,5.3432,74.769,50.186,0.34365
349794435_2635.7300,349794435,2635.7,B,7107,11.78,8466.5,6,12.705,0.717,0.688,143.65,26.464,True,False,,ok,False,False,-6.6307,-5.5342,ramp,2635.8,0.039662,2.424,0.17892,1894,False,True,False,2.0805,3.9438,,True,True,True,,True,not run,,,,,,,,,,,,,,,,,,,,,,,,not run,,,,,,0,-5.5342,-6.6307,-5.0232,-2.7455
117506841_2611.5600,117506841,2611.6,B,7110,11.771,2571,1.5,10.368,1.5409,1.25,138.12,24.787,True,False,,ok,False,False,6.4713,-1.8487,flare_decay,2611.6,0.33381,2.5747,1.2756,2605.6,True,True,False,4.7033,0.16086,grazing,False,True,False,,False,not run,,,,,,,,,,,,,,,,,,,,,,,,not run,,,,,,0,-1.8487,49.417,33.746,6.4713
219106134_2626.3700,219106134,2626.4,B,7115,11.765,9416.1,3,12.094,0.84386,0.889,270.99,68.108,True,False,,ok,False,False,-7.5697,-5.7555,step,2626.5,0.037726,1.2888,0.74561,1445.9,False,False,False,2.244,0.44287,,True,False,True,,True,not run,,,,,,,,,,,,,,,,,,,,,,,,not run,,,,,,0,-5.7555,-7.5653,-7.5697,-5.7229
155558218_2619.5500,155558218,2619.6,B,7117,11.764,11129,1.5,12.477,1.0579,0.67,159.14,16.771,True,False,,ok,False,False,-14.954,-2.409,flare_decay,2619.6,0.09036,2.0895,0.00016781,9888.9,False,False,False,3.2485,0.61201,,False,True,False,,False,not run,,,,,,,,,,,,,,,,,,,,,,,,not run,,,,,,0,-2.409,69.767,14.723,-14.954
329174248_2635.4900,329174248,2635.5,B,7119,11.759,1832.1,12,11.464,0.94444,0.999,263.97,59.589,True,False,,ok,False,False,-12.678,-7.1526,step,2635.7,0.034775,24.975,0.16485,1457.5,False,True,False,2.4088,2787.8,,False,True,False,,False,not run,,,,,,,,,,,,,,,,,,,,,,,,not run,,,,,,0,-7.1526,5.6121,-12.678,-3.3394
309764211_2627.1700,309764211,2627.2,B,7120,11.753,3808.8,6,11.777,0.76839,0.78,155.5,57.354,True,False,,ok,False,False,-8.3121,-5.9908,ramp,2627.4,0.035038,1.5843,0.082649,1485.8,False,False,False,2.1288,1.0108,,True,False,True,,True,not run,,,,,,,,,,,,,,,,,,,,,,,,not run,,,,,,0,-5.9908,-8.3121,-7.33,-7.2912
459970135_2610.7000,459970135,2610.7,B,7121,11.752,3319.2,6,11.29,1.2986,1.205,254.91,65.451,True,False,,ok,False,False,-1.118,3.9445,ramp,2611.1,0.32541,0.25,1.2182,7016.4,True,True,False,3.9865,,grazing,True,False,False,,True,not run,,,,,,,,,,,,,,,,,,,,,,,,not run,,,,,,0,3.9445,-1.118,0.28671,5.2672
8886628_2626.5900,8886628,2626.6,B,7128,11.741,4419.5,8,12.351,1.2758,1.3,143.54,35.201,True,False,,ok,False,False,-13.248,-5.3768,flare_decay,2626.7,0.041751,2.2104,0.82081,1650.9,False,False,False,3.0008,0.95868,,True,False,True,,True,not run,,,,,,,,,,,,,,,,,,,,,,,,not run,,,,,,0,-5.3768,-10.148,-10.702,-13.248
287165672_2627.4800,287165672,2627.5,B,7129,11.741,7272.8,12,11.452,0.74236,0.733,149.28,60.25,True,False,,ok,True,True,463.47,888.7,ramp,2627.4,0.9,50.013,1.7986,9070.1,True,True,False,3.8555,5463.9,,True,False,True,True,True,ok,True,True,1.7716,1.737,True,,,-19.603,True,True,,0,20.8,True,,True,False,False,False,False,,,,ok,False,1,0,16.609,5463.9,0,888.7,463.47,1514.9,714.4
95311103_2610.2100,95311103,2610.2,B,7137,11.734,3521.3,8,12.32,0.66524,0.71,153.06,19.312,True,False,,ok,True,True,12.008,-5.4561,step,2610.2,0.0621,12.836,0.34319,4554.2,False,True,False,1.9514,711.71,,False,True,False,False,False,ok,False,False,0.26467,0.17211,True,,,-3.4147,True,True,,0,3.1056,True,,True,False,False,False,False,,,,not run,,,,,,0,-5.4561,43.018,12.008,15.967
172533080_2614.3400,172533080,2614.3,B,7144,11.726,4066.1,16,12.134,0.79858,0.7,143.26,27.821,True,False,,ok,False,False,-52.342,22.698,step,2614.2,0.057324,30.761,0.074356,3977.3,False,True,False,2.3431,5659.3,,True,False,False,,True,not run,,,,,,,,,,,,,,,,,,,,,,,,not run,,,,,,0,22.698,213.84,-52.342,137.77
377388421_2626.7900,377388421,2626.8,B,7148,11.721,4110.2,8,12.583,1.225,1.16,150.05,55.039,True,False,,ok,False,False,-9.97,-4.8401,step,2626.7,0.051928,16.548,0.0087527,3267.6,False,True,False,3.0222,410.74,,False,True,False,,False,not run,,,,,,,,,,,,,,,,,,,,,,,,not run,,,,,,0,-4.8401,3.1707,-9.97,-4.5178
171558651_2612.5300,171558651,2612.5,B,7155,11.705,6765.1,4,11.101,1.6865,1.5,156.33,22.476,True,False,,ok,True,True,165.19,22.487,flare_decay,2612.5,0.078608,2.7825,0.0008413,7485.2,False,False,False,3.9166,0.8251,,False,True,False,,False,not run,,,,,,,,,,,,,,,,,,,,,,,,not run,,,,,,0,22.487,383.75,209.38,165.19
219796019_2635.4800,219796019,2635.5,B,7157,11.703,2795.9,12,12.347,1.7709,1.95,265.14,65.454,True,False,,ok,False,False,-9.8848,-6.5722,step,2635.6,0.044969,8.7731,0.013219,2450.6,False,True,False,3.6506,34.721,,True,False,True,,True,not run,,,,,,,,,,,,,,,,,,,,,,,,not run,,,,,,0,-6.5722,-9.8387,-9.8848,-5.9545
403114002_2611.1600,403114002,2611.2,B,7159,11.699,10231,4,12.036,0.83285,0.905,303.36,66.445,True,False,,ok,False,False,-15.018,-5.9902,step,2611,0.03627,4.5668,0.075388,1592.5,False,True,False,2.1985,22.411,,False,True,False,,False,not run,,,,,,,,,,,,,,,,,,,,,,,,not run,,,,,,0,-5.9902,-13.917,-15.018,-12.086
160490234_2635.4700,160490234,2635.5,B,7165,11.686,2963,12,12.681,0.96605,1.05,238.96,75.345,True,False,,ok,False,False,-8.0187,-5.1756,step,2635.6,0.036945,13.702,0.078571,1652.2,False,True,False,2.4285,449.31,,True,True,True,,True,not run,,,,,,,,,,,,,,,,,,,,,,,,not run,,,,,,0,-5.1756,0.16698,-8.0187,-2.5114
160488648_2635.6400,160488648,2635.6,B,7175,11.675,1448.2,8,10.959,0.94831,1.07,238.57,73.002,True,False,,ok,False,False,-12.638,-8.9784,ramp,2634.9,0.028462,13.026,0.92036,650.05,True,True,False,2.3495,426.2,,True,False,True,,True,not run,,,,,,,,,,,,,,,,,,,,,,,,not run,,,,,,0,-8.9784,-12.638,-12.183,-6.7218
8191371_2626.4000,8191371,2626.4,B,7176,11.675,3303.3,6,12.038,0.57925,0.657,156.38,36.463,True,False,,ok,False,False,-10.203,-7.6412,step,2626.2,0.038433,4.2176,0.01425,1790.1,False,True,False,1.7047,37.865,,False,True,False,,False,not run,,,,,,,,,,,,,,,,,,,,,,,,not run,,,,,,0,-7.6412,-9.0809,-10.203,-5.6406
357132525_2635.6500,357132525,2635.7,B,7178,11.67,1539.8,8,11.45,2.3007,0.94,144.23,44.728,True,False,,ok,False,False,-5.0208,-4.0734,step,2635.7,0.031962,11.539,0.18611,1229.4,False,True,False,5.9771,17.985,,False,True,False,,False,not run,,,,,,,,,,,,,,,,,,,,,,,,not run,,,,,,0,-4.0734,12.544,-5.0208,0.18306
252484953_2635.5100,252484953,2635.5,B,7181,11.668,2858.5,8,10.907,0.30568,0.2831,156.51,50.452,True,False,,ok,True,True,134.87,50.974,step,2635.5,0.07848,17.168,0.91395,4933,True,True,False,1.2369,6685.2,,False,True,False,False,False,ok,False,False,0.23557,0.052298,True,,,1.7869,True,True,,0,2.7486,True,,True,False,False,False,False,,,,not run,,,,,,0,50.974,325.1,134.87,142.3
219856738_2611.3000,219856738,2611.3,B,7186,11.647,2971.1,3,9.5552,1.6708,1.069,257.14,71.008,True,False,,ok,False,False,-14.359,-1.6059,ramp,2611.7,0.030835,7.739,0.88173,827.25,False,True,False,4.1518,16.186,,True,False,False,,True,not run,,,,,,,,,,,,,,,,,,,,,,,,not run,,,,,,0,-1.6059,-14.359,-9.7983,-4.1938
354007719_2626.8100,354007719,2626.8,B,7188,11.645,3449.8,8,12.35,1.1556,1.05,149.44,52.333,True,False,,ok,False,False,-10.901,-5.7655,step,2626.6,0.33407,28.882,1.2334,6401.9,True,True,False,3.7383,1154.3,,False,True,False,,False,not run,,,,,,,,,,,,,,,,,,,,,,,,not run,,,,,,0,-5.7655,9.825,-10.901,-2.8779
232608947_2635.8400,232608947,2635.8,B,7192,11.642,3509.7,1,10.004,1.5476,2.31,258.39,64.578,True,False,,ok,False,False,-162.59,352.76,ramp,2635.9,0.073665,7.975,0.936,3974.3,True,True,False,3.0975,42.693,,False,True,False,,False,not run,,,,,,,,,,,,,,,,,,,,,,,,not run,,,,,,0,352.76,-162.59,-2.9473,-21.653
258774868_2627.2100,258774868,2627.2,B,7198,11.63,8392.5,3,12.167,1.4129,1.15,286.34,67.329,True,False,,ok,False,False,-6.2915,-4.9989,step,2627.2,0.03601,5.1025,0.16423,1562.9,False,True,False,3.4431,8.1193,,False,True,False,,False,not run,,,,,,,,,,,,,,,,,,,,,,,,not run,,,,,,0,-4.9989,-3.1971,-6.2915,-4.6927
70676809_2626.3300,70676809,2626.3,B,7200,11.628,2839.6,4,10.309,0.61929,0.60355,155.54,17.204,True,False,,ok,False,False,-30.503,-5.6184,flare_decay,2626.3,0.028636,7.4599,0.057803,993.19,False,True,False,1.8572,162.06,,False,True,False,,False,not run,,,,,,,,,,,,,,,,,,,,,,,,not run,,,,,,0,-5.6184,27.233,-14.218,-30.503
21499469_2626.3800,21499469,2626.4,B,7201,11.626,4978,6,12.444,0.7443,0.74,148.95,36.398,True,False,,ok,False,False,-10.029,-3.3289,ramp,2626.6,0.039264,1.5556,0.61038,1692.4,False,False,False,2.1071,0.98668,,True,False,True,,True,not run,,,,,,,,,,,,,,,,,,,,,,,,not run,,,,,,0,-3.3289,-10.029,-8.0153,-6.2567
149418497_2611.1300,149418497,2611.1,B,7203,11.622,6356,4,12.72,0.97915,1.1,140.33,28.262,True,False,,ok,False,False,-28.67,-3.7519,step,2611,0.06628,12,0.3179,5207.8,False,True,False,2.4921,279.26,,False,True,False,,False,not run,,,,,,,,,,,,,,,,,,,,,,,,not run,,,,,,0,-3.7519,-17.153,-28.67,-24.048
155634504_2635.6400,155634504,2635.6,B,7207,11.617,3286.3,8,12.302,0.61603,0.60097,201.91,78.521,True,False,,ok,False,False,-11.923,-4.9625,ramp,2635.6,0.20905,0.72223,1.1369,3022.8,True,True,False,2.1746,,grazing,True,False,True,,True,not run,,,,,,,,,,,,,,,,,,,,,,,,not run,,,,,,0,-4.9625,-11.923,-10.098,-8.8908
158014380_2610.7100,158014380,2610.7,B,7208,11.616,4416.8,6,11.042,1.5259,1.11,215.4,82.761,True,False,,ok,False,False,-10.983,-3.8925,ramp,2611.5,0.19268,14.578,1.1309,2268.6,True,True,False,4.3325,95.387,,True,False,False,,True,not run,,,,,,,,,,,,,,,,,,,,,,,,not run,,,,,,0,-3.8925,-10.983,-10.736,-5.8931
377054093_2610.9700,377054093,2611,B,7214,11.605,2269.3,12,12.427,1.4457,1.24,284.84,59.241,True,False,,ok,False,False,-5.6485,-5.0806,flare_decay,2610.9,0.050315,5.1077,0.00092279,3067.8,False,True,False,3.4831,7.8657,,True,False,True,,True,not run,,,,,,,,,,,,,,,,,,,,,,,,not run,,,,,,0,-5.0806,18.816,5.7756,-5.6485
329172359_2635.7400,329172359,2635.7,B,7226,11.58,12026,6,12.102,0.73258,0.825,263.69,55.548,True,False,,ok,False,False,-3.5139,-4.6686,step,2635.6,0.03924,10.931,0.0058808,1866.1,False,True,False,2,408.25,,False,True,False,,False,not run,,,,,,,,,,,,,,,,,,,,,,,,not run,,,,,,0,-4.6686,4.1453,-3.5139,-2.8918
233615219_2626.2800,233615219,2626.3,B,7230,11.576,6387.5,6,10.212,0.73775,0.82,283.72,62.289,True,False,,ok,False,False,-3.0717,-1.645,ramp,2626.3,0.034437,14.774,0.20357,1425.1,False,True,False,2.0089,994.69,,False,True,False,,False,not run,,,,,,,,,,,,,,,,,,,,,,,,not run,,,,,,0,-1.645,-3.0717,-3.0644,1.342
286714123_2635.7900,286714123,2635.8,B,7232,11.574,8223.2,3,12.467,0.76105,0.86,142.83,22.331,True,False,,ok,False,False,-10.501,-13.017,step,2636,0.051373,1.6931,0.62297,2880.3,False,False,False,2.0731,1.3457,,False,,,,False,not run,,,,,,,,,,,,,,,,,,,,,,,,not run,,,,,,0,-13.017,-6.5918,-10.501,-7.0286
157979184_2635.7300,157979184,2635.7,B,7236,11.571,2766.4,6,11.855,0.72773,0.742,212.68,78.058,True,False,,ok,False,False,-9.7449,-5.3992,ramp,2635.7,0.11307,1.1032,1.0531,1657.6,True,True,False,2.2045,0.28163,grazing,True,False,True,,True,not run,,,,,,,,,,,,,,,,,,,,,,,,not run,,,,,,0,-5.3992,-9.7449,-8.4181,-6.4726
155640192_2635.6400,155640192,2635.6,B,7238,11.559,4606.5,8,12.361,1.21,1,204.25,81.529,True,False,,ok,False,False,-3.1725,0.96651,flare_decay,2635.9,0.12812,46.675,0.97356,7600.5,True,True,False,3.364,6684.1,,False,True,False,,False,not run,,,,,,,,,,,,,,,,,,,,,,,,not run,,,,,,0,0.96651,7.4075,-0.20631,-3.1725
307912971_2621.4200,307912971,2621.4,B,7253,11.534,6845.8,3,11.934,0.55779,0.55221,141.16,31.935,True,False,,ok,False,False,-7.1266,-1.6599,ramp,2621.4,0.29414,0.255,1.1964,5775.6,True,True,False,2.1679,,grazing,True,False,True,,True,not run,,,,,,,,,,,,,,,,,,,,,,,,not run,,,,,,0,-1.6599,-7.1266,-4.1114,-4.1527
142412625_2610.4900,142412625,2610.5,B,7255,11.532,1892.7,6,10.534,2.024,1.31,199.38,64.116,True,False,,ok,False,False,-12.895,-7.3663,ramp,2610.2,0.24537,23.648,1.2098,1033,True,True,False,5.6805,180.84,,False,,,,False,not run,,,,,,,,,,,,,,,,,,,,,,,,not run,,,,,,0,-7.3663,-12.895,-10.938,-6.3374
229590352_2635.5500,229590352,2635.6,B,7256,11.531,5210.6,8,12.358,1.1444,0.98,272.08,74.61,True,False,,ok,False,False,7.7168,11.927,step,2635.6,0.3758,28.974,1.2763,6586.6,True,True,False,3.9068,1021.1,,False,True,False,,False,not run,,,,,,,,,,,,,,,,,,,,,,,,not run,,,,,,0,11.927,25.775,7.7168,18.59
39775631_2635.8300,39775631,2635.8,B,7257,11.53,4896.2,1.5,11.029,0.73656,0.886,154.29,45.225,True,False,,ok,False,False,-62.15,477.8,ramp,2636,0.44184,12.4,1.3004,12519,True,True,False,2.7246,235.8,,False,,,,False,not run,,,,,,,,,,,,,,,,,,,,,,,,not run,,,,,,0,477.8,-62.15,238.54,266.29
376928585_2610.7600,376928585,2610.8,B,7261,11.525,3621.1,8,11.933,1.6967,1.06,283.87,56.455,True,False,,ok,False,False,-11.906,-4.8477,step,2610.3,0.08456,43.842,0.92879,5296.2,True,True,False,4.4489,2396.6,,False,,,,False,not run,,,,,,,,,,,,,,,,,,,,,,,,not run,,,,,,0,-4.8477,-7.1147,-11.906,-7.5725
219101608_2611.2700,219101608,2611.3,B,7264,11.522,9662.3,2,10.836,0.66168,0.63,270.15,68.548,True,False,,ok,False,False,-21.991,5.7011,ramp,2611.2,0.9,11.65,1.8347,4381.6,True,True,False,3.6142,83.818,,False,True,False,,False,not run,,,,,,,,,,,,,,,,,,,,,,,,not run,,,,,,0,5.7011,-21.991,-10.407,-3.3358
156493528_2626.9700,156493528,2627,B,7269,11.515,1396.1,24,10.184,0.82602,0.77,218.65,72.636,True,False,,ok,True,True,40.178,445.77,flare_decay,2626.7,0.3724,120.1,1.2909,4728.3,True,True,False,3.0478,,,False,True,False,True,True,ok,True,True,5.5769,0.63305,True,,,1.4944,True,True,,0,64.22,True,,True,False,False,False,False,,,,ok,False,1,0,16.196,48.587,0,445.77,299.71,313.25,40.178
17303024_2635.4900,17303024,2635.5,B,7273,11.51,3633.9,12,11.931,0.63556,0.61619,161.02,41.607,True,False,,ok,True,True,27.723,19.739,step,2635.6,0.059397,14.251,7.4662e-08,4274.9,False,True,False,1.9495,976.98,,True,True,True,False,True,ok,False,False,0.28294,0.15067,True,,,0.14784,True,True,,0,3.2566,True,,True,False,False,False,False,,,,not run,,,,,,0,19.739,280.74,27.723,40.003
353778590_2635.7300,353778590,2635.7,B,7278,11.504,3277.6,6,11.914,1.6841,1.19,276.46,54.116,True,False,,ok,False,False,-9.7403,-3.2881,ramp,2635.7,0.046001,0.88456,0.79374,2061.6,False,False,False,4.0973,0.070471,,True,False,True,,True,not run,,,,,,,,,,,,,,,,,,,,,,,,not run,,,,,,0,-3.2881,-9.7403,-8.6022,-5.6961
389958887_2635.7300,389958887,2635.7,B,7279,11.504,5131.1,6,12.433,1.1718,1.04,276.15,56.17,True,False,,ok,False,False,-12.058,-7.0744,ramp,2635.6,0.027563,16.081,0.42003,884.73,False,True,False,2.9287,414.18,,False,True,False,,False,not run,,,,,,,,,,,,,,,,,,,,,,,,not run,,,,,,0,-7.0744,-12.058,-9.5015,-8.2208
229910322_2635.7900,229910322,2635.8,B,7280,11.5,4184.8,3,11.171,0.84013,0.935,287.17,61.201,True,False,,ok,False,False,-22.036,43.027,ramp,2636.1,0.36451,21.618,1.254,7722.2,True,True,False,2.8888,1048.5,,False,,,,False,not run,,,,,,,,,,,,,,,,,,,,,,,,not run,,,,,,0,43.027,-22.036,51.172,56.314
399789887_2635.7400,399789887,2635.7,B,7281,11.497,4866.2,6,12.027,1.2282,1.17,278.15,54.567,True,False,,ok,False,False,-13.184,-10.039,step,2635.3,0.048408,10.78,0.89375,1988.5,False,True,False,3.0112,114.79,,True,False,True,,True,not run,,,,,,,,,,,,,,,,,,,,,,,,not run,,,,,,0,-10.039,-10.29,-13.184,-8.8691
24024968_2635.7300,24024968,2635.7,B,7283,11.495,1885.2,6,10.637,0.43532,0.4307,163.77,47.242,True,False,,ok,False,False,-12.462,-5.6205,ramp,2636,0.02017,4.9447,0.57291,453.51,False,True,False,1.4488,99.401,,False,True,False,,False,not run,,,,,,,,,,,,,,,,,,,,,,,,not run,,,,,,0,-5.6205,-12.462,-10.473,-7.9736
353807283_2611.5300,353807283,2611.5,B,7285,11.484,34212,6,12.534,1.5563,1.09,270.32,58.407,True,False,,ok,True,True,137.22,14.563,ramp,2611.4,0.17698,16.814,0.56525,34759,False,True,False,4.3873,140.94,,False,True,False,False,False,ok,False,False,0.29593,0.049305,True,,,-1.1318,True,True,,0,3.3985,True,,True,False,False,False,False,,,,ok,False,1,5.0197e-149,24.559,140.94,0,14.563,137.22,145.25,155.87
367738598_2626.5700,367738598,2626.6,B,7287,11.482,6174,6,12.461,1.1517,1.047,249.67,82.708,True,False,,ok,False,False,-9.0815,-4.2452,step,2626.6,0.075479,13.468,0.9305,4295.9,True,True,False,3.006,224.99,,False,True,False,,False,not run,,,,,,,,,,,,,,,,,,,,,,,,not run,,,,,,0,-4.2452,9.2785,-9.0815,-2.8371
125550473_2611.0600,125550473,2611.1,B,7293,11.473,6743.4,4,12.848,1.8663,1.32,145.05,28.933,True,False,,ok,False,False,-14.377,-3.5761,ramp,2610.9,0.37833,2.9076,1.2798,6496,True,True,False,5.7825,0.17579,grazing,False,True,False,,False,not run,,,,,,,,,,,,,,,,,,,,,,,,not run,,,,,,0,-3.5761,-14.377,-7.8742,-6.993
154358481_2610.5700,154358481,2610.6,B,7299,11.463,5363,6,12.84,1.0281,1.13,214.24,58.496,True,False,,ok,False,False,-13.603,-5.0767,ramp,2610.2,0.073347,34.324,0.93837,3878.7,True,True,False,2.6105,5686.4,,False,,,,False,not run,,,,,,,,,,,,,,,,,,,,,,,,not run,,,,,,0,-5.0767,-13.603,-11.645,-10.524
99899077_2626.5300,99899077,2626.5,B,7300,11.462,4663.1,8,12.559,0.62543,0.76,167.26,61.571,True,False,,ok,False,False,-8.2049,-5.5803,step,2626.5,0.27817,16.307,1.2253,2067.4,True,True,False,2.1583,1078.6,,False,True,False,,False,not run,,,,,,,,,,,,,,,,,,,,,,,,not run,,,,,,0,-5.5803,-7.4302,-8.2049,-5.3308
165529731_2611.4200,165529731,2611.4,B,7305,11.455,1506.1,12,11.324,1.3094,1.098,266.1,58.492,True,False,,ok,False,False,0.14748,1.388,step,2611.3,0.10073,37.914,1.0202,2452.6,True,True,False,3.4429,3342.1,,False,True,False,,False,not run,,,,,,,,,,,,,,,,,,,,,,,,not run,,,,,,0,1.388,16.283,0.14748,4.6845
353970864_2610.6700,353970864,2610.7,B,7306,11.453,3511.9,6,10.906,0.8034,0.84,166.14,40.674,True,False,,ok,True,True,46.252,16.974,step,2610.7,0.092228,13.231,0.94078,5634.4,True,True,False,2.2915,481.41,,False,True,False,False,False,ok,False,False,-0.27201,-0.052956,True,,,-2.5471,True,True,,0,-3.1154,True,,True,False,False,False,False,,,,not run,,,,,,0,16.974,126.32,46.252,48.356
233692218_2610.9700,233692218,2611,B,7308,11.453,1819,12,11.611,0.64806,0.784,275.65,60.979,True,False,,ok,False,False,-13.378,-6.0911,ramp,2610.5,0.033215,35.727,0.38586,1293.6,False,True,False,1.7891,19912,,False,True,False,,False,not run,,,,,,,,,,,,,,,,,,,,,,,,not run,,,,,,0,-6.0911,-13.378,-8.7455,-7.4561
154166217_2610.6700,154166217,2610.7,B,7310,11.451,4188,8,12.242,1.0233,1.05,213.56,67.754,True,False,,ok,False,False,-26.541,-5.7628,step,2610.7,0.045713,2.2028,0.94635,1535.4,True,True,False,2.5942,1.5059,grazing,True,False,True,,True,not run,,,,,,,,,,,,,,,,,,,,,,,,not run,,,,,,0,-5.7628,-15.554,-26.541,-24.585
165312931_2627.3300,165312931,2627.3,B,7317,11.43,3586.8,12,11.764,0.5247,0.52193,185.24,53.149,True,False,,ok,False,False,-1.6998,129.04,ramp,2627.1,0.39287,72.339,1.2979,6205.9,True,False,True,2.2366,84623,,False,True,False,,False,not run,,,,,,,,,,,,,,,,,,,,,,,,not run,,,,,,0,129.04,-1.6998,212.52,116.8
141864030_2610.9600,141864030,2611,B,7328,11.414,4326.4,16,10.705,1.1832,1.18,207.34,58.154,True,False,,ok,True,True,290.88,769.66,flare_decay,2609.8,0.40925,48,1.2025,22679,True,True,False,3.8892,4706,,False,,,False,False,ok,False,False,1.0598,0.030569,True,0.94187,36.551,14.861,False,True,,0,12.096,True,,True,False,False,False,False,,,,ok,False,1,2.9218e-215,26.146,4706,0,769.66,586.46,763.81,290.88
232967226_2635.3000,232967226,2635.3,B,7332,11.406,1407.2,16,12.161,0.83977,1.03,197.91,69.488,True,False,,ok,False,False,-17.194,-6.506,ramp,2636.6,0.31659,86.466,1.2539,2878.1,True,False,True,2.6977,82372,,False,,,,False,not run,,,,,,,,,,,,,,,,,,,,,,,,not run,,,,,,0,-6.506,-17.194,-13.041,-4.1731
233680805_2610.6600,233680805,2610.7,B,7334,11.403,2069.3,4,10.113,1.7972,1.062,260.43,63.776,True,False,,ok,False,False,-10.34,-5.7057,step,2610.5,0.02306,4.1724,0.029014,644.43,False,False,False,4.4422,2.0024,,False,True,False,,False,not run,,,,,,,,,,,,,,,,,,,,,,,,not run,,,,,,0,-5.7057,-10.01,-10.34,-5.3474
309998306_2635.8200,309998306,2635.8,B,7335,11.403,9518.2,1.5,12.665,0.89587,1.05,213.97,74.422,True,False,,ok,False,False,-2.509,-3.9007,step,2635.9,0.0679,0.64562,0.054385,5582.4,False,False,False,2.3193,0.050381,,True,True,True,,True,not run,,,,,,,,,,,,,,,,,,,,,,,,not run,,,,,,0,-3.9007,-2.3131,-2.509,-2.3513
8744073_2635.7000,8744073,2635.7,B,7341,11.399,3446.3,6,10.692,1.0942,0.697,138.48,32.033,True,False,,ok,False,False,-6.588,-4.377,ramp,2635.6,0.026588,13.623,0.199,849.88,False,True,False,3.1219,207.92,,True,False,False,,True,not run,,,,,,,,,,,,,,,,,,,,,,,,not run,,,,,,0,-4.377,-6.588,-0.0004958,5.9091
219777120_2635.7800,219777120,2635.8,B,7346,11.393,2271.1,4,10.471,0.95441,0.976,263.73,60.82,True,False,,ok,False,False,-8.6938,-8.0067,ramp,2636.1,0.29109,14.077,1.2488,1464.6,True,True,False,3.0612,243.27,,False,,,,False,not run,,,,,,,,,,,,,,,,,,,,,,,,not run,,,,,,0,-8.0067,-8.6938,-8.4905,-3.7424
39140665_2635.6900,39140665,2635.7,B,7351,11.385,5121,4,11.35,1.0546,1.06,168.28,39.006,True,False,,ok,False,False,-20.551,-3.9424,ramp,2635.7,0.029038,4.8899,0.02453,1021.8,False,True,False,2.6225,16.204,,True,False,True,,True,not run,,,,,,,,,,,,,,,,,,,,,,,,not run,,,,,,0,-3.9424,-20.551,-13.729,-7.6232
307908139_2635.4800,307908139,2635.5,B,7360,11.372,3642.2,12,12.845,0.51822,0.51577,141.02,32.705,True,False,,ok,False,False,-11.62,-7.64,step,2635.7,0.041625,12.29,0.11338,2094.4,False,True,False,1.6583,1017.9,,False,True,False,,False,not run,,,,,,,,,,,,,,,,,,,,,,,,not run,,,,,,0,-7.64,-10.786,-11.62,-7.9652
259269551_2627.4500,259269551,2627.4,B,7363,11.367,7098.2,6,12.299,0.86581,0.91,293.52,68.414,True,False,,ok,False,False,-11.859,-5.5531,ramp,2627.2,0.032985,2.3737,0.11956,1314.9,False,True,False,2.274,2.8286,,False,,,,False,not run,,,,,,,,,,,,,,,,,,,,,,,,not run,,,,,,0,-5.5531,-11.859,-10.397,-8.1337
156197796_2610.7100,156197796,2610.7,B,7369,11.36,4343.6,6,10.893,1.5204,1.16,180.52,80.315,True,False,,ok,False,False,-9.6538,-5.2234,ramp,2610.5,0.034299,0.71923,0.030668,1425.5,False,False,False,3.6886,0.057948,,True,True,True,,True,not run,,,,,,,,,,,,,,,,,,,,,,,,not run,,,,,,0,-5.2234,-9.6538,-7.1037,-4.8966
8768717_2611.0600,8768717,2611.1,B,7371,11.358,8051.7,3,12.476,2.0259,1.26,140.33,31.259,True,False,,ok,False,False,-10.767,11.058,ramp,2610.8,0.44761,23.675,1.2808,16519,True,True,False,6.6977,110.82,,False,,,,False,not run,,,,,,,,,,,,,,,,,,,,,,,,not run,,,,,,0,11.058,-10.767,2.085,7.9773
356868487_2611.5700,356868487,2611.6,B,7373,11.357,8065.6,4,11.717,1.3901,,275.84,69.862,True,False,,ok,False,False,-11.339,-5.0541,ramp,2611.4,0.040151,1.9843,0.0065229,1953.7,False,False,False,3.1927,0.53922,,False,True,False,,False,not run,,,,,,,,,,,,,,,,,,,,,,,,not run,,,,,,0,-5.0541,-11.339,-8.2462,-3.4686
284993804_2614.3500,284993804,2614.3,B,7374,11.357,6279.5,12,12.644,1.1583,0.94,137.43,25.067,True,False,,ok,True,True,24.503,4.6709,step,2614.4,0.082943,25.712,0.75861,6896.8,False,True,False,3.1555,1353.6,,True,True,True,True,True,ok,True,True,1.0105,0.43646,True,,,-28.031,True,True,,0,11.475,True,,True,False,False,False,False,,,,ok,True,1.0339e-05,1.0338e-05,21.551,1353.6,0,4.6709,153.65,24.503,113.28
229742574_2635.6400,229742574,2635.6,B,7377,11.352,1931.4,8,11.884,2.0671,1.02,279.77,69.859,True,False,,ok,False,False,-7.9711,-5.8159,ramp,2635.6,0.026768,7.9453,0.2059,860.87,False,True,False,5.1984,8.8885,,True,False,True,,True,not run,,,,,,,,,,,,,,,,,,,,,,,,not run,,,,,,0,-5.8159,-7.9711,-7.8498,-4.6692
219763766_2635.7300,219763766,2635.7,B,7384,11.348,5817.8,6,12.297,0.6561,0.644,262.72,60.496,True,False,,ok,False,False,-17.697,-13.205,step,2635.7,0.03697,6.7162,0.086255,1654,False,True,False,1.9411,103.58,,True,True,True,,True,not run,,,,,,,,,,,,,,,,,,,,,,,,not run,,,,,,0,-13.205,-7.3222,-17.697,-14.402
117508412_2635.4800,117508412,2635.5,B,7387,11.341,1282.8,12,11.428,1.5886,1.25,138.29,27.222,True,False,,ok,False,False,-5.3817,-5.7742,step,2635.6,0.03068,16.36,0.13462,1136.6,False,True,False,3.746,208.51,,False,True,False,,False,not run,,,,,,,,,,,,,,,,,,,,,,,,not run,,,,,,0,-5.7742,18.398,-5.3817,0.8097
147992127_2635.4800,147992127,2635.5,B,7390,11.335,1428.9,12,11.556,1.2338,1.2,170.16,67.318,True,False,,ok,False,False,-6.5482,-6.1159,step,2635.6,0.042584,20.743,0.91743,1461.4,True,True,False,2.9829,841.29,,False,True,False,,False,not run,,,,,,,,,,,,,,,,,,,,,,,,not run,,,,,,0,-6.1159,14.184,-6.5482,-2.6039
446168403_2627.4000,446168403,2627.4,B,7392,11.332,826.98,24,11.865,1.0725,1.19,201.63,79.605,True,False,,ok,False,False,-4.6129,-9.2717,step,2627.1,0.030309,13.237,0.10751,1110.8,False,True,False,2.5693,342.08,,True,False,True,,True,not run,,,,,,,,,,,,,,,,,,,,,,,,not run,,,,,,0,-9.2717,23.076,-4.6129,-3.0185
27069786_2630.0000,27069786,2630,B,7393,11.331,16543,1,12.684,1.5786,1.11,152.18,23.366,True,False,,ok,True,True,54.225,3.5035,flare_decay,2630,0.1037,2.6215,2.469e-05,13021,False,False,False,4.1475,0.53182,,False,True,False,,False,not run,,,,,,,,,,,,,,,,,,,,,,,,not run,,,,,,0,3.5035,143.58,121.78,54.225
367738619_2611.1400,367738619,2611.1,B,7395,11.33,7201.9,1.5,11.302,2.3883,0.96,249.71,82.816,True,False,,ok,False,False,-2.8825,227.82,ramp,2611,0.37577,10.552,1.2561,8922.2,True,True,False,8.2216,5.2178,,False,,,,False,not run,,,,,,,,,,,,,,,,,,,,,,,,not run,,,,,,0,227.82,-2.8825,53.031,66.068
414986189_2610.7500,414986189,2610.8,B,7396,11.327,7550.2,8,12.747,0.69849,0.66242,141.28,22.468,True,False,,ok,True,True,50.769,29.329,step,2610.8,0.11421,19.878,0.86935,11355,False,True,False,2.1998,1845.5,,False,True,False,False,False,ok,False,False,-0.86703,-0.29115,True,,,-3.589,True,True,,1,-9.821,True,,True,False,False,False,False,,,,not run,,,,,,0,29.329,135.25,50.769,60.369
330708151_2612.3800,330708151,2612.4,B,7403,11.315,4288.1,16,11.376,3.3135,1.61,141.88,25.926,True,False,,ok,True,True,119.56,66.065,flare_decay,2612.4,0.07627,38.088,0.9158,4641.3,True,True,False,7.5081,327.94,,True,False,False,False,True,ok,False,False,-1.3742,-0.28836,True,,,1.9808,True,True,,1,-15.548,True,,True,False,False,False,False,,,,not run,,,,,,0,66.065,269.95,188.17,119.56
16849684_2627.3300,16849684,2627.3,B,7409,11.307,3994.2,16,11.588,0.68032,0.737,158.48,39.252,True,False,,ok,True,True,153.57,315.58,ramp,2626.9,0.41668,97.6,1.2652,13693,True,True,False,2.6291,,,False,True,False,False,False,ok,False,False,-1.8942,-0.33962,True,,,-5.1235,True,True,,0,-21.418,True,,True,False,False,False,False,,,,not run,,,,,,0,315.58,153.57,377.78,310.29
320501660_2611.5300,320501660,2611.5,B,7413,11.299,2365.5,16,12.351,0.77995,0.606,264.55,56.967,True,False,,ok,False,False,2.0295,-5.715,flare_decay,2611.5,0.045099,17.904,0.69471,2138.3,False,True,False,2.3734,1073.6,,True,False,False,,True,not run,,,,,,,,,,,,,,,,,,,,,,,,not run,,,,,,0,-5.715,36.624,12.181,2.0295
17201939_2635.4800,17201939,2635.5,B,7416,11.293,1933.9,12,12.255,1.6569,1.12,145.7,41.786,True,False,,ok,False,False,7.7978,-5.0166,step,2635.5,0.051099,17.828,0.799,2529.7,False,True,False,4.1336,200.84,,False,True,False,,False,not run,,,,,,,,,,,,,,,,,,,,,,,,not run,,,,,,0,-5.0166,50.055,7.7978,14.134
82202892_2610.6900,82202892,2610.7,B,7428,11.262,6406.6,8,10.156,1.1619,1.272,147.87,24.145,True,False,,ok,False,False,3.0972,25.274,step,2610,0.41519,19.94,0.96022,80931,True,True,False,3.7403,379.27,,False,,,,False,not run,,,,,,,,,,,,,,,,,,,,,,,,not run,,,,,,0,25.274,78.427,3.0972,15.831
313262041_2610.5500,313262041,2610.6,B,7429,11.26,3477.5,4,11.175,1.8438,1.04,205.17,63.69,True,False,,ok,False,False,-10.128,-5.234,ramp,2611,0.339,14.711,1.2837,2413.6,True,True,False,6.0094,36.758,,True,False,False,,True,not run,,,,,,,,,,,,,,,,,,,,,,,,not run,,,,,,0,-5.234,-10.128,-7.6085,-3.7299
87950945_2621.3800,87950945,2621.4,B,7433,11.252,6305.2,6,12.819,1.6485,0.99,145.62,20.586,True,False,,ok,False,False,-17.488,-5.4506,flare_decay,2621.5,0.034676,3.9606,0.19323,1446.1,False,False,False,4.2182,2.0088,,False,True,False,,False,not run,,,,,,,,,,,,,,,,,,,,,,,,not run,,,,,,0,-5.4506,-11.985,-11.378,-17.488
377388791_2626.8300,377388791,2626.8,B,7436,11.248,3832.9,8,12.552,1.4998,1.01,150.42,55.123,True,False,,ok,False,False,-10.263,-5.1334,step,2626.8,0.048068,14.377,0.013138,2799.9,False,True,False,3.8613,129.21,,False,True,False,,False,not run,,,,,,,,,,,,,,,,,,,,,,,,not run,,,,,,0,-5.1334,-5.0364,-10.263,-4.832
219879481_2610.7000,219879481,2610.7,B,7443,11.239,2156.1,6,10.309,1.146,1.188,261.12,67.463,True,False,,ok,False,False,-10.387,-6.4145,ramp,2610.7,0.019155,8.4726,0.77053,365.54,False,True,False,2.7172,75.828,,False,True,False,,False,not run,,,,,,,,,,,,,,,,,,,,,,,,not run,,,,,,0,-6.4145,-10.387,-10.081,-6.4373
8293606_2635.5800,8293606,2635.6,B,7455,11.215,343.14,8,7.1806,1.6401,1.21,163.15,38.334,True,False,,ok,False,False,2.6593,2.9775,step,2635.6,0.020293,15.596,0.97062,273.69,True,True,False,3.8703,163.77,,False,True,False,,False,not run,,,,,,,,,,,,,,,,,,,,,,,,not run,,,,,,0,2.9775,37.942,2.6593,11.324
165471095_2611.6000,165471095,2611.6,B,7466,11.207,1141.4,16,10.817,1.8423,1.44,265.12,59.22,True,False,,ok,True,True,33.778,7.6948,step,2611.6,0.045056,29.95,0.92235,1613.9,True,True,False,4.2024,906.32,,False,True,False,False,False,ok,False,False,0.54439,0.34262,True,0.67404,12.894,10.53,False,False,165471094,1,6.1007,True,,True,False,False,False,False,,,,not run,,,,,,0,7.6948,113.59,33.778,34.99
56937285_2626.4900,56937285,2626.5,B,7468,11.199,3844.4,8,10.563,1.2114,1.05,172.38,47.315,True,False,,ok,False,False,-10.475,-6.7335,ramp,2626.4,0.027536,0.85856,0.75845,762.85,False,False,False,3.0179,0.069629,,True,False,True,,True,not run,,,,,,,,,,,,,,,,,,,,,,,,not run,,,,,,0,-6.7335,-10.475,-8.6307,-8.0379
309999582_2611.1200,309999582,2611.1,B,7470,11.198,4287.1,6,11.25,1.3848,1.08,211.15,81.635,True,False,,ok,False,False,-9.4994,-4.175,ramp,2611,0.041234,0.76155,0.89697,1435.5,False,False,False,3.4634,0.060949,,True,True,True,,True,not run,,,,,,,,,,,,,,,,,,,,,,,,not run,,,,,,0,-4.175,-9.4994,-8.3186,-4.4014
165527270_2635.7400,165527270,2635.7,B,7472,11.197,1300.4,6,10.636,1.2793,1.26,265.91,55.349,True,False,,ok,False,False,-6.2709,-8.4216,step,2635.7,0.0219,7.3004,0.02476,581.24,False,True,False,2.9827,36.674,,False,True,False,,False,not run,,,,,,,,,,,,,,,,,,,,,,,,not run,,,,,,0,-8.4216,0.47199,-6.2709,-2.3765
8114533_2635.5800,8114533,2635.6,B,7477,11.188,1488.9,8,11.123,0.7887,0.795,154.14,40.004,True,False,,ok,True,True,16.632,10.719,step,2635.6,0.32819,26.786,1.2667,2835.5,True,True,False,2.7864,2222.3,,False,True,False,False,False,ok,False,False,,,True,,,1.0132,True,False,840725214,0,,True,,True,False,False,False,False,,,,not run,,,,,,0,10.719,40.585,16.632,23.906
318339724_2635.5200,318339724,2635.5,B,7479,11.186,989.27,8,10.233,1.318,1.027,164.92,50.173,True,False,,ok,True,True,59.462,44.166,step,2635.6,0.08887,20.62,1.0101,2193.4,True,True,False,3.5054,509.36,,False,True,False,False,False,ok,False,False,,,True,,,1.7307,True,False,318339725;318339723,0,,True,,True,False,False,False,False,,,,not run,,,,,,0,44.166,129.17,59.462,77.044
232628671_2635.7400,232628671,2635.7,B,7482,11.181,5853.6,6,12.329,0.756,0.75,269.05,56.915,True,False,,ok,False,False,-9.6384,-4.2642,step,2635.7,0.036048,15.137,0.51291,1477.7,False,True,False,2.1241,905.17,,False,True,False,,False,not run,,,,,,,,,,,,,,,,,,,,,,,,not run,,,,,,0,-4.2642,-7.9481,-9.6384,-4.829
149915491_2621.4300,149915491,2621.4,B,7489,11.173,4714,3,9.7464,0.69227,0.55,159.94,65.756,True,False,,ok,False,False,-6.8098,3.9797,ramp,2621.3,0.47912,10.638,1.4499,968.78,True,True,False,3.0797,103.1,,False,True,False,,False,not run,,,,,,,,,,,,,,,,,,,,,,,,not run,,,,,,0,3.9797,-6.8098,2.407,3.7054
4895700_2621.4200,4895700,2621.4,B,7492,11.17,3349.7,4,9.7735,1.1058,0.923,147.92,31.466,True,False,,ok,False,False,-5.6844,-5.0681,flare_decay,2621.4,0.023075,5.2251,0.82259,503.78,False,True,False,2.8631,15.192,,False,True,False,,False,not run,,,,,,,,,,,,,,,,,,,,,,,,not run,,,,,,0,-5.0681,0.43014,-3.8892,-5.6844
160603130_2635.4800,160603130,2635.5,B,7493,11.17,1575.7,12,12.222,1.1902,1.06,244.55,77.111,True,False,,ok,False,False,-2.453,-5.71,step,2635.6,0.30432,16.439,1.2611,1548.8,True,True,False,3.7523,210.45,,False,True,False,,False,not run,,,,,,,,,,,,,,,,,,,,,,,,not run,,,,,,0,-5.71,3.3045,-2.453,0.40276
298289997_2610.7000,298289997,2610.7,B,7501,11.161,3908,6,11.312,1.489,1.03,251.72,57.79,True,False,,ok,False,False,-4.2097,-6.5292,step,2610.5,0.065654,0.56959,0.93324,3276.8,True,True,False,3.8724,,grazing,False,True,False,,False,not run,,,,,,,,,,,,,,,,,,,,,,,,not run,,,,,,0,-6.5292,-1.3819,-4.2097,-1.2877
149397683_2635.4700,149397683,2635.5,B,7503,11.161,3055.9,12,12.014,1.4219,0.98,139.67,25.38,True,False,,ok,False,False,-8.0768,-3.2637,flare_decay,2635.5,0.21772,1.2358,1.1512,2706.1,True,True,False,4.2968,0.08457,grazing,True,False,True,,True,not run,,,,,,,,,,,,,,,,,,,,,,,,not run,,,,,,0,-3.2637,-4.5313,-7.2185,-8.0768
17300041_2610.0800,17300041,2610.1,B,7504,11.159,5431.4,2,11.13,0.70403,0.895,160.41,37.353,True,False,,ok,False,False,-22.78,25.19,ramp,2609.9,0.22398,11.075,1.084,9112,True,True,False,2.2032,317.69,,False,True,False,,False,not run,,,,,,,,,,,,,,,,,,,,,,,,not run,,,,,,0,25.19,-22.78,20.625,16.764
288527192_2635.4800,288527192,2635.5,B,7507,11.155,2002.9,12,11.845,0.75448,0.812,275.42,77.958,True,False,,ok,False,False,4.1279,2.5906,step,2635.5,0.22302,20.448,1.1598,2517.7,True,True,False,2.4371,1477.3,,False,True,False,,False,not run,,,,,,,,,,,,,,,,,,,,,,,,not run,,,,,,0,2.5906,39.735,4.1279,8.8189
453445465_2635.6400,453445465,2635.6,B,7508,11.154,1876.7,8,11.454,0.98296,0.93,147.93,49.792,True,False,,ok,False,False,-8.9295,-6.3518,flare_decay,2635.2,0.048814,0.4684,0.86476,2127.3,False,False,False,2.6025,,,True,False,True,,True,not run,,,,,,,,,,,,,,,,,,,,,,,,not run,,,,,,0,-6.3518,-7.1632,-8.0349,-8.9295
286166908_2614.4700,286166908,2614.5,B,7509,11.152,5557.3,12,11.761,1.1567,1.04,200.43,76.477,True,False,,ok,False,False,-15.29,23.58,step,2614.5,0.070766,20.79,0.60645,5501.6,False,True,False,3.0124,822.43,,True,False,False,,True,not run,,,,,,,,,,,,,,,,,,,,,,,,not run,,,,,,0,23.58,271.94,-15.29,99.542
288672812_2635.4800,288672812,2635.5,B,7519,11.137,833.35,12,11.009,1.2652,1.393,280.65,79.448,True,False,,ok,False,False,-8.5184,-6.2214,step,2635.7,0.2014,8.377,1.1703,763.84,True,True,False,3.354,38.978,,True,False,True,,True,not run,,,,,,,,,,,,,,,,,,,,,,,,not run,,,,,,0,-6.2214,-1.5522,-8.5184,-4.4024
95342186_2610.1800,95342186,2610.2,B,7522,11.131,9257.2,1.5,12.631,0.98791,1,153.77,19.578,True,False,,ok,True,True,25.117,10.116,step,2610.2,0.39269,2.5708,1.261,10621,True,True,False,3.3906,1.0629,grazing,True,False,False,False,True,ok,False,False,0.31689,0.35975,True,,,2.9882,True,True,,0,3.5273,True,,True,False,False,False,False,,,,ok,False,0.81435,0,25.805,38.708,0,10.116,136.34,25.117,37.603
8794426_2611.0900,8794426,2611.1,B,7525,11.13,6296.2,3,12.476,0.8778,0.88,141.77,33.052,True,False,,ok,False,False,-28.661,13.438,ramp,2610.9,0.12853,12,0.96698,8116.8,True,True,False,2.5472,261.54,,False,True,False,,False,not run,,,,,,,,,,,,,,,,,,,,,,,,not run,,,,,,0,13.438,-28.661,-12.56,-3.9141
272757845_2610.8200,272757845,2610.8,B,7531,11.119,956.99,12,10.991,1.3063,1.12,237.22,69.756,True,False,,ok,False,False,-12.539,-6.2886,ramp,2610.4,0.023287,23.14,0.075321,656.55,False,True,False,3.1719,971.5,,False,True,False,,False,not run,,,,,,,,,,,,,,,,,,,,,,,,not run,,,,,,0,-6.2886,-12.539,-11.818,-6.2705
233064353_2635.7900,233064353,2635.8,B,7537,11.105,4544.9,3,11.059,0.87887,0.925,270.41,65.376,True,False,,ok,False,False,-7.4383,-6.5402,ramp,2636,0.091713,0.25116,0.98117,3688.5,True,True,False,2.4264,,grazing,False,True,False,,False,not run,,,,,,,,,,,,,,,,,,,,,,,,not run,,,,,,0,-6.5402,-7.4383,-5.0124,-6.44
155877220_2635.6500,155877220,2635.7,B,7549,11.094,6022.3,8,11.873,1.266,0.99,196.31,59.73,True,False,,ok,False,False,-16.68,-6.1001,flare_decay,2635.5,0.028232,2.1383,0.78419,784.3,False,False,False,3.2186,0.6763,,True,False,True,,True,not run,,,,,,,,,,,,,,,,,,,,,,,,not run,,,,,,0,-6.1001,-13.411,-13.345,-16.68
253035419_2611.3300,253035419,2611.3,B,7550,11.092,5090.4,12,12.575,1.0833,1.15,158.65,46.233,True,False,,ok,True,True,14.22,19.753,step,2611.4,0.088136,29.179,0.90752,6293.1,True,True,False,2.7723,2916.7,,False,True,False,False,False,ok,False,False,0.4624,0.15322,True,,,1.4225,True,True,,0,5.129,True,,True,False,False,False,False,,,,ok,False,0.95002,0.80554,24.595,2916.7,0,19.753,70.073,14.22,22.432
85322032_2635.6600,85322032,2635.7,B,7552,11.091,6315.3,8,12.917,0.72063,0.85,163.44,32.518,True,False,,ok,False,False,-14.631,-6.1353,flare_decay,2635.9,0.035158,4.3384,0.17378,1488.8,False,True,False,1.9403,27.952,,False,True,False,,False,not run,,,,,,,,,,,,,,,,,,,,,,,,not run,,,,,,0,-6.1353,-11.031,-11.225,-14.631
159213459_2611.2300,159213459,2611.2,B,7553,11.09,1253.8,16,11.204,0.82047,0.796,220.64,80.112,True,False,,ok,False,False,-79.05,-73.198,step,2611.2,0.039456,29.17,0.89192,1327.9,False,True,False,2.2674,5325.1,,False,True,False,,False,not run,,,,,,,,,,,,,,,,,,,,,,,,not run,,,,,,0,-73.198,-15.161,-79.05,-68.91
232633414_2635.6600,232633414,2635.7,B,7561,11.077,3098.6,8,11.655,1.3234,1.05,269.45,57.969,True,False,,ok,False,False,-9.042,-3.924,step,2635.6,0.027889,10.119,0.40889,907.89,False,True,False,3.2983,72.25,,True,False,False,,True,not run,,,,,,,,,,,,,,,,,,,,,,,,not run,,,,,,0,-3.924,-2.1425,-9.042,-5.1125
155873261_2625.6700,155873261,2625.7,B,7565,11.075,4434.8,2,10.221,2.4014,1.01,196.25,55.448,True,False,,ok,True,True,344.83,355.39,step,2625.6,0.07793,9.9178,0.88234,5229.4,False,True,False,6.3634,9.4203,,False,True,False,True,True,ok,True,True,2.1244,0.79905,True,0.014363,0.34205,29.803,False,True,,0,23.527,True,,True,False,False,False,False,,,,ok,True,0.0041723,0,15.345,23.018,0,355.39,1295.4,344.83,648.61
17188854_2611.1100,17188854,2611.1,B,7571,11.069,969.26,24,11.55,1.1256,0.94,144.93,40.841,True,False,,ok,True,True,79.103,162.28,step,2609.7,0.14447,26.395,0.93542,12716,True,True,False,3.2406,1352.1,,False,,,False,False,ok,False,False,-0.42691,-0.053214,False,1.3536,21.25,18.622,False,True,,0,-4.7254,True,,True,False,False,False,False,,,,not run,,,,,,0,162.28,510.85,79.103,105.39
356786657_2626.6100,356786657,2626.6,B,7576,11.061,6350.8,3,12.341,0.83563,0.95,268.61,77.488,True,False,,ok,False,False,-10.653,-6.0667,ramp,2626.5,0.054985,8.2987,0.92456,2379.6,True,True,False,2.2096,132.5,,False,True,False,,False,not run,,,,,,,,,,,,,,,,,,,,,,,,not run,,,,,,0,-6.0667,-10.653,-9.3807,-4.5893
86019027_2621.4300,86019027,2621.4,B,7583,11.053,2382.2,3,11.229,1.7332,1.27,138.93,23.043,True,False,,ok,True,True,11.159,-0.56077,flare_decay,2621.4,0.072501,4.3593,0.96231,3035.6,True,True,False,4.231,2.6853,,True,True,True,False,True,ok,False,False,-0.10852,-0.14025,True,,,-0.32302,True,True,,0,-1.1994,False,"Dhruviyer (V=17.3, 39"")",True,False,False,False,False,,,,not run,,,,,,0,-0.56077,78.137,39.888,11.159
445830151_2635.6400,445830151,2635.6,B,7587,11.051,9142,8,12.458,0.78483,0.92,173.08,52.261,True,False,,ok,True,True,49.313,39.122,step,2635.7,0.41295,34.1,1.2559,14480,True,True,False,2.8095,4472.8,,False,True,False,False,False,ok,False,False,,,True,0.68005,14.312,11.924,False,True,,0,,True,,True,False,False,False,False,,,,not run,,,,,,0,39.122,89.34,49.313,67.109
353933051_2635.8300,353933051,2635.8,B,7609,11.018,4682.6,1.5,11.072,1.1013,0.818,157.66,39.519,True,False,,ok,False,False,-44.179,286.33,ramp,2636,0.43738,12.4,1.3007,11789,True,True,False,4.1718,65.736,,False,,,,False,not run,,,,,,,,,,,,,,,,,,,,,,,,not run,,,,,,0,286.33,-44.179,122.3,143.62
253036233_2610.3600,253036233,2610.4,B,7610,11.016,9385.9,1,10.38,1.4307,1.56,158.8,41.89,True,False,,ok,False,False,-538.12,2547.3,ramp,2610.3,0.1449,7.7251,0.90527,15207,True,True,False,3.4806,27.346,,False,True,False,,False,not run,,,,,,,,,,,,,,,,,,,,,,,,not run,,,,,,0,2547.3,-538.12,683.54,609.9
103701020_2610.7200,103701020,2610.7,B,7614,11.008,9180.3,6,12.885,1.1898,1.08,155.84,68.174,True,False,,ok,False,False,-19.05,-1.4531,ramp,2610.2,0.51906,20.067,1.2501,38435,True,True,False,4.3422,247.14,,False,,,,False,not run,,,,,,,,,,,,,,,,,,,,,,,,not run,,,,,,0,-1.4531,-19.05,4.7957,16.137
20162851_2626.8600,20162851,2626.9,B,7616,11.008,3318.2,4,12.105,1.0904,1.02,145.58,42.856,True,False,,ok,True,True,15.984,2.8694,flare_decay,2626.9,0.42002,6.2964,1.3442,4393.4,True,True,False,3.7909,11.454,,True,False,True,False,True,ok,False,False,0.23629,0.18959,True,,,2.4783,True,True,,0,2.601,True,,True,False,False,False,False,,,,ok,False,0.61096,0,16.878,25.317,0,2.8694,88.7,38.818,15.984
241186205_2627.3400,241186205,2627.3,B,7625,10.987,26854,1,12.786,0.22225,0.19148,141.65,31.019,True,False,,ok,True,True,107.16,44.319,flare_decay,2627.3,0.4347,2.7605,1.1993,28767,True,True,False,1.363,20.773,,False,True,False,True,True,ok,True,True,0.8422,0.9355,True,0.82297,4.1291,4.3625,False,True,,0,9.2532,True,,True,False,False,False,False,,,,ok,False,0.99263,0.47768,16.308,24.462,0,44.319,489.22,310.56,107.16
229712437_2626.2700,229712437,2626.3,B,7627,10.985,879.76,6,9.5777,1.1889,1.058,278.6,69.066,True,False,,ok,False,False,-15.08,-5.9028,step,2626.1,0.027527,17.258,0.94244,569.87,True,True,False,2.9543,498.69,,False,True,False,,False,not run,,,,,,,,,,,,,,,,,,,,,,,,not run,,,,,,0,-5.9028,-11.644,-15.08,-10.184
66683055_2626.6600,66683055,2626.7,B,7631,10.982,1164,8,8.5682,0.81804,0.84,155.02,56.609,True,False,,ok,False,False,-7.4006,-1.4338,step,2626.8,0.016733,29.213,0.90108,235.15,True,True,False,2.1719,6085.9,,False,True,False,,False,not run,,,,,,,,,,,,,,,,,,,,,,,,not run,,,,,,0,-1.4338,-6.8826,-7.4006,-1.8303
141119430_2626.5400,141119430,2626.5,B,7636,10.979,549.9,8,9.7211,2.0039,1.17,165.22,58.847,True,False,,ok,False,False,-13.285,-5.4204,step,2626.5,0.013633,10.934,0.246,222.45,False,True,False,4.7519,30.48,,False,True,False,,False,not run,,,,,,,,,,,,,,,,,,,,,,,,not run,,,,,,0,-5.4204,-11.947,-13.285,-8.9746
284186915_2626.5300,284186915,2626.5,B,7643,10.964,1552.1,24,12.223,0.5468,0.54237,208.47,60.332,True,False,,ok,False,False,-8.3692,13.404,flare_decay,2626.7,0.10705,71.215,1.0221,2760.1,True,True,False,1.8288,,,False,True,False,,False,not run,,,,,,,,,,,,,,,,,,,,,,,,not run,,,,,,0,13.404,1.4092,7.141,-8.3692
3906404_2633.5000,3906404,2633.5,B,7647,10.959,15006,2,12.831,1.1215,1.05,151.29,24.771,True,False,,ok,False,False,-2.264,13.132,flare_decay,2633.5,0.40718,2.8119,1.2346,16819,True,True,False,3.8267,0.95665,grazing,False,True,False,,False,not run,,,,,,,,,,,,,,,,,,,,,,,,not run,,,,,,0,13.132,158.96,87.661,-2.264
147560653_2626.4800,147560653,2626.5,B,7650,10.954,2112.4,6,11.235,1.3051,1.31,163.58,62.029,True,False,,ok,False,False,-15.231,-10.379,step,2626.5,0.025395,11.046,0.48279,739.72,False,True,False,3.0139,123.16,,False,True,False,,False,not run,,,,,,,,,,,,,,,,,,,,,,,,not run,,,,,,0,-10.379,-4.9488,-15.231,-10.685
330708123_2621.3100,330708123,2621.3,B,7660,10.933,4509.9,1,11.341,1.2024,1.07,141.85,25.877,True,False,,ok,True,True,18.708,3.8848,flare_decay,2621.3,0.34467,2.1415,1.262,4694.8,True,True,False,3.8961,0.34588,grazing,False,True,False,False,False,ok,False,False,0.12538,0.1734,True,0.92036,2.8117,3.4144,False,True,,0,1.3707,True,,True,False,False,False,False,,,,ok,False,0.66138,0,14.676,22.014,0,3.8848,78.006,21.938,18.708
219860722_2626.3700,219860722,2626.4,B,7664,10.924,5564.5,3,11.783,0.73852,0.662,257.95,70.49,True,False,,ok,False,False,-11.216,-4.1461,ramp,2626.2,0.53144,18,1.4823,2344.9,True,True,False,3.1979,446.2,,False,True,False,,False,not run,,,,,,,,,,,,,,,,,,,,,,,,not run,,,,,,0,-4.1461,-11.216,-10.077,-5.4776
171630910_2620.5500,171630910,2620.6,B,7668,10.92,6454.5,1.5,11.884,1.9974,0.99,158.49,18.612,True,False,,ok,False,False,-1.9339,0.49796,flare_decay,2620.6,0.37713,2.6676,1.2801,6326.1,True,True,False,6.8083,0.16142,grazing,False,True,False,,False,not run,,,,,,,,,,,,,,,,,,,,,,,,not run,,,,,,0,0.49796,47.67,16.51,-1.9339
357517055_2614.5000,357517055,2614.5,B,7669,10.92,6604.4,8,11.232,0.98108,1.07,267.93,75.363,True,False,,ok,True,True,12.98,53.062,step,2614.5,0.30824,26.204,1.1972,7263.1,True,True,False,3.0923,1522.4,,True,False,True,False,True,ok,False,False,-0.11926,-0.013344,True,,,-5.1217,True,True,,0,-1.3023,True,,True,False,False,False,False,,,,not run,,,,,,0,53.062,288.66,12.98,179.92
353853523_2621.4200,353853523,2621.4,B,7685,10.891,3975.1,4,10.871,1.3547,1.006,271.09,59.919,True,False,,ok,False,False,-4.6746,-0.54799,step,2621.4,0.081935,0.30639,0.97259,3332.5,True,True,False,3.605,,grazing,True,False,True,,True,not run,,,,,,,,,,,,,,,,,,,,,,,,not run,,,,,,0,-0.54799,-3.4056,-4.6746,-1.9333
99936035_2626.4000,99936035,2626.4,B,7686,10.888,4963.7,3,11.381,1.1975,0.966,169.68,60.548,True,False,,ok,False,False,-9.5013,-5.233,step,2626.4,0.025994,7.8035,0.40966,788.61,False,True,False,3.0629,41.368,,False,True,False,,False,not run,,,,,,,,,,,,,,,,,,,,,,,,not run,,,,,,0,-5.233,-6.7411,-9.5013,-5.4277
229539379_2626.8400,229539379,2626.8,B,7690,10.88,4974.5,8,12.831,1.8802,0.99,222.19,74.045,True,False,,ok,True,True,28.444,-4.1711,step,2626.8,0.073733,8.5094,0.00038702,6586.2,False,True,False,4.9938,12.352,,True,False,True,True,True,ok,True,True,1.9281,1.1903,True,0.096569,0.83978,15.687,False,True,,0,20.978,True,,True,True,False,False,False,,,229539379.01,ok,True,0.33244,0.00017266,16.383,24.575,0,-4.1711,146.31,28.444,38.566
233501351_2635.5800,233501351,2635.6,B,7692,10.878,782.11,8,10.828,1.0447,1.008,250.61,74.638,True,False,,ok,False,False,-6.8404,-7.2569,step,2635.6,0.021827,8.8564,0.0045817,577.46,False,True,False,2.6235,96.23,,True,False,True,,True,not run,,,,,,,,,,,,,,,,,,,,,,,,not run,,,,,,0,-7.2569,-4.9155,-6.8404,-3.5681
154491600_2626.4900,154491600,2626.5,B,7694,10.877,1024.7,6,10.248,1.1278,1.157,186.03,72.624,True,False,,ok,False,False,-5.6913,-5.8839,step,2626.5,0.018813,5.9879,0.13861,427.31,False,True,False,2.6969,27.37,,True,False,True,,True,not run,,,,,,,,,,,,,,,,,,,,,,,,not run,,,,,,0,-5.8839,-4.5842,-5.6913,-3.6838
105439335_2635.8100,105439335,2635.8,B,7695,10.877,3387.1,2,10.033,0.78699,0.79,142.35,43.208,True,False,,ok,False,False,-8.5791,1.8389,step,2635.9,0.02836,2.5775,0.73981,820.91,False,True,False,2.1571,4.2542,,False,True,False,,False,not run,,,,,,,,,,,,,,,,,,,,,,,,not run,,,,,,0,1.8389,-7.8288,-8.5791,-3.981
232622617_2611.5200,232622617,2611.5,B,7703,10.864,19313,6,11.984,1.0518,0.929,268.65,59.044,True,False,,ok,True,True,220.28,55.771,ramp,2611.4,0.14022,17.58,0.70654,20367,False,True,False,3.0289,489.24,,True,False,False,False,True,ok,False,False,-0.2204,-0.023418,True,,,-5.9933,True,True,,0,-2.3945,True,,True,False,False,False,False,,,,not run,,,,,,0,55.771,220.28,250.82,247.8
103689631_2611.3100,103689631,2611.3,B,7704,10.863,13535,2,11.03,2.1151,0.95,154.24,66.154,True,False,,ok,True,True,280.52,145.8,step,2611.3,0.40296,9.4614,1.2619,12014,True,True,False,7.4482,5.0714,,False,True,False,False,False,ok,False,False,0.19648,0.054931,True,,,-14.5,True,True,,0,2.1345,True,,True,False,False,False,False,,,,ok,False,1,0,24.693,37.04,0,145.8,740.58,280.52,359.38
233498939_2635.6200,233498939,2635.6,B,7707,10.857,2302,8,12.226,2.1728,1.04,249.88,72.939,True,False,,ok,False,False,-2.3892,-8.3059,flare_decay,2635.6,0.03626,8.1578,0.083753,1591.3,False,True,False,5.4797,8.205,,True,False,True,,True,not run,,,,,,,,,,,,,,,,,,,,,,,,not run,,,,,,0,-8.3059,10.655,-1.0206,-2.3892
53478662_2611.0000,53478662,2611,B,7708,10.857,1486.6,12,10.99,1.2085,1.2,161.92,48.889,True,False,,ok,False,False,6.9008,9.6241,step,2611,0.32033,26.113,1.2718,1904.6,True,True,False,3.7004,879.56,,False,True,False,,False,not run,,,,,,,,,,,,,,,,,,,,,,,,not run,,,,,,0,9.6241,44.305,6.9008,8.6852
154070025_2610.6000,154070025,2610.6,B,7712,10.857,7312.6,6,12.933,1.0769,1.01,207.98,66.946,True,False,,ok,False,False,-10.278,-5.442,step,2610.4,0.076413,2.4952,0.85478,5267.7,False,False,False,2.847,1.6561,,False,True,False,,False,not run,,,,,,,,,,,,,,,,,,,,,,,,not run,,,,,,0,-5.442,-5.8657,-10.278,-4.1523
219777074_2611.1100,219777074,2611.1,B,7718,10.849,5245.2,4,12.208,0.76993,0.79,263.79,60.718,True,False,,ok,False,False,-3.6244,-0.78876,ramp,2611,0.052175,0.98062,0.76479,2721.6,False,False,False,2.1592,0.19016,,True,True,True,,True,not run,,,,,,,,,,,,,,,,,,,,,,,,not run,,,,,,0,-0.78876,-3.6244,-3.3891,-2.2121
376504642_2610.7800,376504642,2610.8,B,7727,10.833,2932.1,8,11.721,0.91501,1.01,182.33,47.522,True,False,,ok,True,True,49.894,31.619,flare_decay,2610.8,0.080047,15.851,0.89723,5346.8,False,True,False,2.427,696.79,,False,True,False,False,False,ok,False,False,0.0183,0.006194,True,0.14628,0.72153,4.0387,False,True,,1,0.19824,True,,True,False,False,False,False,,,,not run,,,,,,0,31.619,180.56,55.831,49.894
284678893_2621.4400,284678893,2621.4,B,7733,10.825,9022.7,3,12.831,1.5476,1.1,195.33,57.525,True,False,,ok,False,False,-6.8372,-6.3644,step,2621.5,0.041721,4.5029,0.020143,2109.4,False,True,False,3.8492,3.9668,,False,True,False,,False,not run,,,,,,,,,,,,,,,,,,,,,,,,not run,,,,,,0,-6.3644,-4.6043,-6.8372,-3.3431
233537786_2635.7900,233537786,2635.8,B,7734,10.824,2632.8,3,10.473,0.96184,1.06,281.04,64.476,True,False,,ok,False,False,-9.284,-7.7195,step,2635.9,0.034652,8.7428,0.95771,846.35,True,True,False,2.4049,120.17,,False,True,False,,False,not run,,,,,,,,,,,,,,,,,,,,,,,,not run,,,,,,0,-7.7195,-7.8896,-9.284,-5.8171
23973329_2635.8300,23973329,2635.8,B,7737,10.822,4692.1,1.5,11.656,1.9271,1.02,147.88,44.395,True,False,,ok,False,False,-4.2358,122.84,ramp,2636,0.54326,12.15,1.4359,8541.6,True,True,False,7.2896,11.582,,False,True,False,,False,not run,,,,,,,,,,,,,,,,,,,,,,,,not run,,,,,,0,122.84,-4.2358,58.746,72.708
87974569_2614.3600,87974569,2614.4,B,7739,10.82,2443.6,24,12.445,1.2091,1.4,146.6,23.719,True,False,,ok,False,False,-0.40716,-8.7832,step,2614.4,0.047818,24.144,0.04326,2770,False,True,False,2.7907,1620,,True,False,False,,True,not run,,,,,,,,,,,,,,,,,,,,,,,,not run,,,,,,0,-8.7832,78.866,-0.40716,53.731
138711757_2626.5200,138711757,2626.5,B,7748,10.81,1879.9,8,11.667,0.81281,0.845,162.96,28.854,True,False,,ok,False,False,-13.51,-8.3797,step,2626.4,0.034133,13.51,0.04726,1411.4,False,True,False,2.1907,586.61,,False,True,False,,False,not run,,,,,,,,,,,,,,,,,,,,,,,,not run,,,,,,0,-8.3797,-5.8381,-13.51,-7.6085
115858003_2610.6300,115858003,2610.6,B,7750,10.808,2569.8,1.5,9.5544,1.9532,1.22,157.83,43.592,True,False,,ok,False,False,-42.222,416.83,ramp,2610.5,0.39298,11.775,1.3144,4540.3,True,True,False,6.2799,16.499,,False,,,,False,not run,,,,,,,,,,,,,,,,,,,,,,,,not run,,,,,,0,416.83,-42.222,145.97,116.5
16221628_2635.4700,16221628,2635.5,B,7753,10.807,2676.1,12,12.846,1.2124,0.93,153.39,40.59,True,False,,ok,False,False,3.713,-1.8794,flare_decay,2635.5,0.046989,11.773,0.050514,2674.4,False,True,False,3.2046,124.07,,True,False,True,,True,not run,,,,,,,,,,,,,,,,,,,,,,,,not run,,,,,,0,-1.8794,24.515,7.5436,3.713
219895251_2635.6600,219895251,2635.7,B,7754,10.807,2142.5,8,11.556,1.054,1.083,262.99,67.389,True,False,,ok,False,False,-7.3947,-3.6605,step,2635.6,0.025213,7.3327,0.16605,766.15,False,True,False,2.5928,56.577,,True,False,False,,True,not run,,,,,,,,,,,,,,,,,,,,,,,,not run,,,,,,0,-3.6605,-5.3125,-7.3947,-5.3404
165409207_2610.2000,165409207,2610.2,B,7756,10.805,5512.1,4,12.658,0.7156,0.9,159.34,27.532,True,False,,ok,False,False,-16.92,-6.4106,ramp,2610,0.9,19.675,1.8024,8510.8,True,True,False,3.4705,456,,False,True,False,,False,not run,,,,,,,,,,,,,,,,,,,,,,,,not run,,,,,,0,-6.4106,-16.92,-7.6348,-2.1851
416520362_2611.3100,416520362,2611.3,B,7758,10.798,15960,1,11.906,2.2549,1,157.79,56.99,True,False,,ok,False,False,-322.89,706.09,ramp,2611.2,0.16209,7.725,0.78964,25229,False,True,False,6.4634,4.1923,,False,True,False,,False,not run,,,,,,,,,,,,,,,,,,,,,,,,not run,,,,,,0,706.09,-322.89,193.5,141.4
424426940_2635.6400,424426940,2635.6,B,7770,10.781,2527.9,8,12.11,0.8414,0.85,281.57,77.596,True,False,,ok,False,False,-7.5048,-0.015932,ramp,2635.2,0.062655,0.37334,0.70751,4091.2,False,False,False,2.3257,,,True,False,True,,True,not run,,,,,,,,,,,,,,,,,,,,,,,,not run,,,,,,0,-0.015932,-7.5048,-5.0305,-3.3149
392368104_2635.6600,392368104,2635.7,B,7783,10.762,1454.9,8,10.569,0.4912,0.48929,170.84,44.811,True,False,,ok,False,False,-6.3318,-6.8456,step,2635.7,0.022113,12.464,0.44201,566.65,False,True,False,1.5698,1251.9,,False,True,False,,False,not run,,,,,,,,,,,,,,,,,,,,,,,,not run,,,,,,0,-6.8456,6.7388,-6.3318,-1.3646
229977510_2611.1200,229977510,2611.1,B,7791,10.747,13754,2,11.925,0.73216,0.653,290.11,62.252,True,False,,ok,False,False,-10.963,4.0096,ramp,2611,0.13753,16.2,0.95264,10331,True,True,False,2.3654,803.51,,False,True,False,,False,not run,,,,,,,,,,,,,,,,,,,,,,,,not run,,,,,,0,4.0096,-10.963,-9.1511,-3.0944
27066683_2635.8400,27066683,2635.8,B,7792,10.745,9991.2,1.5,12.227,1.1402,0.98,151.82,18.424,True,False,,ok,False,False,-27.035,34.49,ramp,2636,0.45608,11.4,1.3036,14341,True,True,False,4.1198,53.036,,False,True,False,,False,not run,,,,,,,,,,,,,,,,,,,,,,,,not run,,,,,,0,34.49,-27.035,29.947,43.901
356538125_2635.7300,356538125,2635.7,B,7798,10.728,5499.5,6,12.839,0.98526,1.08,152.67,63.694,True,False,,ok,False,False,-7.9237,-4.6584,step,2635.8,0.23819,1.4418,1.1513,4345.7,True,True,False,2.93,0.24505,grazing,True,False,True,,True,not run,,,,,,,,,,,,,,,,,,,,,,,,not run,,,,,,0,-4.6584,-7.9067,-7.9237,-5.4668
232611387_2626.4700,232611387,2626.5,B,7801,10.724,4583.4,12,12.698,0.55372,0.54859,258.87,60.098,True,False,,ok,False,False,-4.1491,-0.94575,flare_decay,2626.4,0.37021,20.698,1.3044,3317.9,True,True,False,2.2836,1862.3,,False,True,False,,False,not run,,,,,,,,,,,,,,,,,,,,,,,,not run,,,,,,0,-0.94575,26.881,1.5802,-4.1491
233123113_2635.7800,233123113,2635.8,B,7803,10.719,7695.7,4,12.295,2.3696,1.07,273.77,64.266,True,False,,ok,False,False,-11.234,-4.3416,ramp,2635.8,0.046539,0.67778,0.84924,1978.5,False,False,False,5.9793,0.05397,,True,False,True,,True,not run,,,,,,,,,,,,,,,,,,,,,,,,not run,,,,,,0,-4.3416,-11.234,-8.1624,-4.6842
414969526_2621.4500,414969526,2621.4,B,7804,10.719,14403,1.5,12.991,0.77425,0.878,141.18,23.843,True,False,,ok,True,True,163.56,81.065,flare_decay,2621.6,0.14174,2.5683,1.0636e-05,24302,False,True,False,2.2747,3.5882,,False,True,False,False,False,ok,False,False,,,True,,,-7.1187,True,True,,0,,True,,True,False,False,False,False,,,,not run,,,,,,0,81.065,195.57,191.12,163.56
101624385_2626.5400,101624385,2626.5,B,7806,10.719,573.11,8,9.2918,1.1539,1.156,163.59,30.483,True,False,,ok,False,False,-10.649,-6.9222,step,2626.5,0.016052,17.139,0.0579,312.09,False,True,False,2.7528,603.71,,False,True,False,,False,not run,,,,,,,,,,,,,,,,,,,,,,,,not run,,,,,,0,-6.9222,-5.2691,-10.649,-5.8329
70655827_2610.0500,70655827,2610.1,B,7813,10.708,7062,4,12.956,1.9515,1.07,155.16,17.457,True,False,,ok,False,False,-11.588,-8.899,step,2609.9,0.33358,0.25,1.1776,13101,True,True,False,6.2756,,grazing,False,True,False,,False,not run,,,,,,,,,,,,,,,,,,,,,,,,not run,,,,,,0,-8.899,-5.9831,-11.588,-8.0481
8150045_2626.3500,8150045,2626.3,B,7822,10.684,4598.8,6,12.201,0.62442,0.60757,155,38.207,True,False,,ok,False,False,-11.546,-5.5159,ramp,2626.4,0.027458,2.9797,0.67997,799.89,False,True,False,1.8663,10.17,,True,False,True,,True,not run,,,,,,,,,,,,,,,,,,,,,,,,not run,,,,,,0,-5.5159,-11.546,-10.368,-7.2342
367681643_2627.2800,367681643,2627.3,B,7827,10.674,1980.4,16,11.914,1.2263,0.957,247.07,72.679,True,False,,ok,False,False,-7.5778,16.015,ramp,2627.3,0.9,75.377,1.8451,3291.3,True,True,False,5.8302,5418.5,,False,True,False,,False,not run,,,,,,,,,,,,,,,,,,,,,,,,not run,,,,,,0,16.015,-7.5778,33.734,35.685
236875481_2611.1600,236875481,2611.2,B,7828,10.674,10246,4,12.214,0.73213,0.749,303.04,65.551,True,False,,ok,False,False,-12.719,-4.9075,step,2611,0.37074,0.71519,1.2919,4461.7,True,True,False,2.723,,grazing,True,True,True,,True,not run,,,,,,,,,,,,,,,,,,,,,,,,not run,,,,,,0,-4.9075,-5.389,-12.719,-8.4222
147970397_2611.0400,147970397,2611,B,7830,10.668,3261.7,6,11.956,0.73169,0.781,169.44,69.728,True,False,,ok,False,False,-12.129,-4.8943,step,2610.8,0.12736,3.3678,1.0559,2327.4,True,True,False,2.207,8.8784,,False,True,False,,False,not run,,,,,,,,,,,,,,,,,,,,,,,,not run,,,,,,0,-4.8943,-7.8508,-12.129,-7.2701
88723394_2627.4900,88723394,2627.5,B,7833,10.664,955.69,24,11.668,1.1406,1.17,151.09,50.695,True,False,,ok,True,True,12,-5.6414,flare_decay,2627.5,0.038095,32.022,0.023566,1758.6,False,True,False,2.769,3869.3,,True,False,True,False,True,ok,False,False,0.52631,0.39908,True,0.69147,2.814,4.3676,False,True,,0,5.6123,True,,True,False,False,False,False,,,,ok,False,0.38072,0.38005,16.009,3869.3,0,-5.6414,101.11,14.724,12
166074048_2635.7300,166074048,2635.7,B,7835,10.66,871.36,6,9.0108,1.2295,1.272,213.74,63.275,True,False,,ok,False,False,-10.946,-4.7163,flare_decay,2635.5,0.015711,1.5094,0.50692,281.24,False,False,False,2.8402,0.30591,,True,False,True,,True,not run,,,,,,,,,,,,,,,,,,,,,,,,not run,,,,,,0,-4.7163,-10.885,-9.7397,-10.946
450330601_2610.3600,450330601,2610.4,B,7841,10.649,2657.1,1.5,10.63,1.348,1.09,164.35,41.762,True,False,,ok,False,False,-42.272,69.292,ramp,2610.2,0.69974,11.775,1.6132,6493.6,True,True,False,5.4894,24.723,,False,True,False,,False,not run,,,,,,,,,,,,,,,,,,,,,,,,not run,,,,,,0,69.292,-42.272,64.749,60.975
414967351_2621.3800,414967351,2621.4,B,7842,10.647,8931.4,6,12.951,1.9278,1.04,140.99,21.558,True,False,,ok,False,False,-8.9942,-4.1579,step,2621.6,0.37625,27.524,1.2694,7402.6,True,True,False,6.4588,194.14,,False,True,False,,False,not run,,,,,,,,,,,,,,,,,,,,,,,,not run,,,,,,0,-4.1579,-7.5734,-8.9942,-5.8695
105440519_2611.6600,105440519,2611.7,B,7844,10.646,3805.8,16,12.665,1.4955,1.13,143.63,46.533,True,False,,ok,True,True,27.747,10.889,flare_decay,2611.6,0.37013,36.372,1.258,7965.9,True,True,False,4.8497,1056.7,,False,True,False,True,True,ok,False,True,1.4514,1.1902,True,0.89546,24.463,39.642,False,False,105440518,0,15.451,True,,True,False,False,False,False,,,,not run,,,,,,0,10.889,146.03,43.95,27.747
229739389_2611.1600,229739389,2611.2,B,7848,10.636,2856,4,10.746,0.97037,1.015,279.57,66.51,True,False,,ok,False,False,-9.7209,-4.826,step,2611.1,0.025084,2.157,0.2131,755.51,False,False,False,2.4388,1.708,,True,True,True,,True,not run,,,,,,,,,,,,,,,,,,,,,,,,not run,,,,,,0,-4.826,-8.0382,-9.7209,-6.168
117417119_2621.3600,117417119,2621.4,B,7849,10.629,1404.8,6,10.56,1.4903,1.33,137.7,24.176,True,False,,ok,False,False,-5.6044,-4.5898,step,2621.4,0.021702,5.5296,0.34733,556.07,False,True,False,3.4122,10.626,,False,True,False,,False,not run,,,,,,,,,,,,,,,,,,,,,,,,not run,,,,,,0,-4.5898,-2.2573,-5.6044,-3.0198
17326899_2621.3800,17326899,2621.4,B,7850,10.629,4648.2,4,11.106,1.574,1.05,161.28,40.978,True,False,,ok,False,False,-8.9267,-1.5775,ramp,2621.3,0.044753,10.354,0.022848,2427,False,True,False,3.9876,43.798,,True,False,False,,True,not run,,,,,,,,,,,,,,,,,,,,,,,,not run,,,,,,0,-1.5775,-8.9267,-6.2596,0.38707
142981260_2626.5700,142981260,2626.6,B,7859,10.62,2824,8,12.688,0.94073,0.97,182.14,71.682,True,False,,ok,False,False,-10.09,-6.5827,ramp,2626.5,0.038108,3.1316,0.10381,1756.2,False,True,False,2.4308,5.3335,,True,False,True,,True,not run,,,,,,,,,,,,,,,,,,,,,,,,not run,,,,,,0,-6.5827,-10.09,-9.1664,-5.7476
362217885_2635.4800,362217885,2635.5,B,7862,10.614,1770.1,12,12.227,1.276,1.2,285.63,78.727,True,False,,ok,False,False,-4.4547,-4.9466,flare_decay,2635.6,0.032976,7.6754,0.011571,1317.9,False,True,False,3.0564,39.61,,True,False,True,,True,not run,,,,,,,,,,,,,,,,,,,,,,,,not run,,,,,,0,-4.9466,-0.9852,-2.4211,-4.4547
88691886_2610.4300,88691886,2610.4,B,7864,10.606,3243.2,6,11.944,0.59793,0.5864,149.2,42.546,True,False,,ok,True,True,84.332,67.583,flare_decay,2610.3,0.42271,32.65,1.2307,20355,True,True,False,2.5043,5543.5,,False,True,False,False,False,ok,False,False,1.4332,0.13224,True,0.95076,35.608,13.456,False,True,,0,15.2,True,,True,False,False,False,False,,,,ok,True,0.092169,0.09186,25.698,5543.5,0,67.583,176.08,91.881,84.332
219017764_2635.8300,219017764,2635.8,B,7865,10.606,4927.6,1.5,10.309,1.9408,2.69,223.8,70.455,True,False,,ok,False,False,5.3046,-4.5225,step,2635.8,0.029305,2.1842,0.44972,993.34,False,False,False,3.54,0.50435,,True,True,True,,True,not run,,,,,,,,,,,,,,,,,,,,,,,,not run,,,,,,0,-4.5225,14.288,5.3046,5.4248
230120156_2610.6400,230120156,2610.6,B,7866,10.603,1630.5,3,9.1897,1.8056,2.195,249.97,67.634,True,False,,ok,False,False,-8.2063,-3.6333,ramp,2610.4,0.59279,12.982,1.5683,782.66,True,True,False,5.4565,33.736,,False,,,,False,not run,,,,,,,,,,,,,,,,,,,,,,,,not run,,,,,,0,-3.6333,-8.2063,-6.8345,-2.3114
199682573_2610.7000,199682573,2610.7,B,7867,10.601,3794.1,6,11.994,0.84387,0.933,252.46,59.831,True,False,,ok,False,False,-12.314,-7.0903,ramp,2610.4,0.26097,15.353,1.2048,2224.5,True,True,False,2.6833,468.53,,False,,,,False,not run,,,,,,,,,,,,,,,,,,,,,,,,not run,,,,,,0,-7.0903,-12.314,-10.082,-4.8836
389958927_2635.6500,389958927,2635.7,B,7868,10.601,2450.1,8,12.388,0.93975,0.94,275.96,56.104,True,False,,ok,False,False,-9.1103,-6.8661,flare_decay,2635.6,0.033833,4.1803,0.11565,1383.6,False,True,False,2.4438,12.509,,True,False,True,,True,not run,,,,,,,,,,,,,,,,,,,,,,,,not run,,,,,,0,-6.8661,-8.6207,-7.5295,-9.1103
166125977_2610.6600,166125977,2610.7,B,7870,10.598,3620.7,6,11.842,2.2569,1.24,215.52,62.605,True,False,,ok,False,False,-9.3725,-8.5249,ramp,2610.9,0.096369,0.26016,0.95183,5534.6,True,True,False,5.6794,,grazing,True,False,True,,True,not run,,,,,,,,,,,,,,,,,,,,,,,,not run,,,,,,0,-8.5249,-9.3725,-6.1031,-7.0067
18018141_2635.8300,18018141,2635.8,B,7873,10.595,5588.3,1.5,10.963,1.2233,1.272,171.9,40.171,True,False,,ok,False,False,-31.006,274.84,ramp,2636,0.43562,12.4,1.2912,12879,True,True,False,3.9949,74.858,,False,,,,False,not run,,,,,,,,,,,,,,,,,,,,,,,,not run,,,,,,0,274.84,-31.006,120.91,132.96
17192419_2635.7700,17192419,2635.8,B,7883,10.587,5746.1,4,12.537,1.6363,1.11,145.35,38.077,True,False,,ok,False,False,-6.1433,-1.4989,step,2636,0.062935,9.9917,7.7285e-05,4799.1,False,True,False,4.1404,35.164,,False,,,,False,not run,,,,,,,,,,,,,,,,,,,,,,,,not run,,,,,,0,-1.4989,-4.2478,-6.1433,1.084
239204095_2618.9200,239204095,2618.9,B,7884,10.585,4974,3,11.306,1.0841,1.27,149.12,22.83,True,False,,ok,True,True,20.669,13.812,flare_decay,2618.9,0.081599,3.5518,0.87515,5803.5,False,True,False,2.668,5.8862,,False,True,False,False,False,ok,False,False,0.22898,0.13388,False,1.4726,6.5239,3.7173,False,True,,0,2.4237,False,"Fatme (V=14.5, 5"")",True,False,False,False,False,,,,not run,,,,,,0,13.812,110.22,74.642,20.669
445808607_2621.3000,445808607,2621.3,B,7894,10.569,1620.3,8,11.463,2.0093,1.07,167.78,52.579,True,False,,ok,False,False,-9.9424,-6.5036,step,2621.3,0.024407,7.2412,0.25722,712.08,False,True,False,4.9614,7.7335,,True,False,True,,True,not run,,,,,,,,,,,,,,,,,,,,,,,,not run,,,,,,0,-6.5036,-5.3067,-9.9424,-4.6798
233635059_2610.7900,233635059,2610.8,B,7899,10.562,3351.3,8,11.989,0.77565,0.724,145.91,23.994,True,False,,ok,True,True,58.561,40.864,step,2610.8,0.37685,19.745,1.2785,6462.7,True,True,False,2.9308,765.05,,False,True,False,False,False,ok,False,False,0.37767,0.10384,True,0.55333,6.9752,6.9311,False,False,233635060;233635061;233635058,0,3.9891,True,,True,False,False,False,False,,,,not run,,,,,,0,40.864,133.74,58.561,67.429
286730531_2621.3800,286730531,2621.4,B,7901,10.562,3009.7,6,12.276,2.4701,1.27,143.2,21.73,True,False,,ok,False,False,-9.087,-7.9548,ramp,2621.5,0.043033,7.3839,0.91846,1488.3,True,True,False,5.8669,4.9103,,False,True,False,,False,not run,,,,,,,,,,,,,,,,,,,,,,,,not run,,,,,,0,-7.9548,-9.087,-9.0663,-4.6188
284567259_2635.7100,284567259,2635.7,B,7903,10.56,3863,6,11.341,0.85415,0.952,171.74,55.109,True,False,,ok,False,False,-8.2121,-9.522,step,2635.6,0.03622,12.466,0.0052274,1590,False,True,False,2.2168,444.78,,False,True,False,,False,not run,,,,,,,,,,,,,,,,,,,,,,,,not run,,,,,,0,-9.522,3.9998,-8.2121,-2.1666
159511772_2635.6400,159511772,2635.6,B,7906,10.555,4077.8,8,11.994,0.6811,0.746,248.06,80.664,True,False,,ok,False,False,-10.122,-4.9865,step,2635.6,0.036967,11.664,0.0063292,1656.2,False,True,False,1.9187,561.85,,True,False,True,,True,not run,,,,,,,,,,,,,,,,,,,,,,,,not run,,,,,,0,-4.9865,5.0596,-10.122,-3.6952
138659876_2611.5400,138659876,2611.5,B,7911,10.547,8329,8,12.935,1.2483,1.08,136.18,26.144,True,False,,ok,True,True,52.974,55.193,ramp,2611.5,0.4011,27.339,1.2516,13197,True,True,False,4.2017,689.7,,False,True,False,False,False,ok,False,False,-0.99534,-0.43571,True,,,-27.062,True,True,,0,-10.498,True,,True,False,False,False,False,,,,not run,,,,,,0,55.193,52.974,63.927,64.18
356917894_2635.7400,356917894,2635.7,B,7917,10.544,1769.6,6,10.614,1.3349,1.24,273.32,58.181,True,False,,ok,False,False,-11.875,-6.5509,ramp,2635.9,0.30691,13.587,1.2689,1259.9,True,True,False,4.0024,97.925,,False,True,False,,False,not run,,,,,,,,,,,,,,,,,,,,,,,,not run,,,,,,0,-6.5509,-11.875,-8.9154,-5.2511
159244568_2610.6600,159244568,2610.7,B,7918,10.544,2750.9,4,11.037,0.80074,0.896,227.18,82.447,True,False,,ok,False,False,-13.986,-5.7938,flare_decay,2610.6,0.023556,2.4542,0.31332,658.56,False,True,False,2.0947,4.0101,,True,True,True,,True,not run,,,,,,,,,,,,,,,,,,,,,,,,not run,,,,,,0,-5.7938,-9.2577,-9.7654,-13.986
117505940_2635.6400,117505940,2635.6,B,7921,10.542,4307.1,8,12.66,1.1434,0.69,138.09,27.542,True,False,,ok,False,False,-10.001,-5.8512,step,2635.6,0.03425,8.1435,0.21565,1408.1,False,True,False,3.2979,37.663,,True,False,True,,True,not run,,,,,,,,,,,,,,,,,,,,,,,,not run,,,,,,0,-5.8512,-8.3933,-10.001,-6.0075
229595368_2611.3500,229595368,2611.3,B,7923,10.538,2422.7,6,10.467,1.0676,1.102,272.87,77.548,True,False,,ok,False,False,-19.5,-9.9134,ramp,2611.1,0.03254,18.05,0.76947,1055.4,False,True,False,2.6297,808.9,,False,,,,False,not run,,,,,,,,,,,,,,,,,,,,,,,,not run,,,,,,0,-9.9134,-19.5,-13.063,-10.422
165550663_2610.6200,165550663,2610.6,B,7924,10.538,3810.2,3,9.9694,1.6311,1.33,266.52,59.403,True,False,,ok,False,False,-10.606,-5.0417,ramp,2610.7,0.024011,3.0934,0.4894,660.15,False,False,False,3.7431,1.3536,,True,False,False,,True,not run,,,,,,,,,,,,,,,,,,,,,,,,not run,,,,,,0,-5.0417,-10.606,-7.1934,-4.9055
453430138_2635.7700,453430138,2635.8,B,7927,10.528,4741.5,4,11.753,0.78748,0.786,146.83,48.538,True,False,,ok,False,False,-14.062,-4.0361,ramp,2636.1,0.9,22.525,1.8281,5132.7,True,True,False,3.9959,448.39,,False,,,,False,not run,,,,,,,,,,,,,,,,,,,,,,,,not run,,,,,,0,-4.0361,-14.062,-5.3658,-1.5519
252467354_2626.7800,252467354,2626.8,B,7930,10.527,4920.5,8,12.737,0.78364,0.92,150.14,50.264,True,False,,ok,False,False,-10.561,-6.7966,step,2626.5,0.070934,24,1.3787e-07,6095.8,False,True,False,2.1261,3597.6,,False,True,False,,False,not run,,,,,,,,,,,,,,,,,,,,,,,,not run,,,,,,0,-6.7966,12.057,-10.561,-6.7532
367853279_2635.4800,367853279,2635.5,B,7933,10.525,2117.2,12,12.241,1.2852,1.08,276.6,76.773,True,False,,ok,True,True,11.259,-3.4851,step,2635.6,0.053552,19.803,0.93161,2210.9,True,True,False,3.2523,564.86,,False,True,False,False,False,ok,False,False,,,True,0.50711,3.3402,3.3405,False,True,,0,,True,,True,False,False,False,False,,,,not run,,,,,,0,-3.4851,42.375,11.259,11.316
88692888_2635.8100,88692888,2635.8,B,7937,10.516,3483.2,2,8.3089,1.035,1.1,149.31,45.903,True,False,,ok,False,False,-5.8577,0.63081,ramp,2635.8,0.029592,0.57828,0.86832,779.11,False,False,False,2.5435,,,True,False,True,,True,not run,,,,,,,,,,,,,,,,,,,,,,,,not run,,,,,,0,0.63081,-5.8577,-3.9881,-1.488
148932246_2611.1700,148932246,2611.2,B,7941,10.514,618.62,16,10.683,1.756,1.1,188.75,71.169,True,False,,ok,False,False,4.1169,-8.6955,flare_decay,2611.2,0.024525,14.87,0.017265,728.96,False,True,False,4.2959,103.83,,True,False,True,,True,not run,,,,,,,,,,,,,,,,,,,,,,,,not run,,,,,,0,-8.6955,28.81,10.114,4.1169
198317515_2635.7400,198317515,2635.7,B,7944,10.511,3438.8,6,11.647,1.2326,1.17,234.41,60.498,True,False,,ok,False,False,-7.6877,-5.831,ramp,2636,0.093597,1.4771,0.82579,8193.7,False,False,False,3.1524,0.11256,,False,,,,False,not run,,,,,,,,,,,,,,,,,,,,,,,,not run,,,,,,0,-5.831,-7.6877,-7.2431,-5.8988
88023282_2610.9300,88023282,2610.9,B,7952,10.504,1971.9,12,12.223,1.204,1.02,147.29,21.069,True,False,,ok,False,False,2.1793,-6.7665,step,2610.9,0.04821,17.942,0.84898,2123.5,False,True,False,3.0896,490,,True,False,True,,True,not run,,,,,,,,,,,,,,,,,,,,,,,,not run,,,,,,0,-6.7665,22.849,2.1793,9.6083
95339936_2635.3300,95339936,2635.3,B,7954,10.502,3580.6,16,9.2873,0.9932,1,153.49,18.88,True,False,,ok,True,True,419.5,368.16,step,2635.8,0.091129,80.574,0.93523,5759.1,True,False,True,2.6704,68721,,False,True,False,,False,not run,,,,,,,,,,,,,,,,,,,,,,,,not run,,,,,,0,368.16,855.73,419.5,477.08
27065973_2627.4100,27065973,2627.4,B,7958,10.499,1194.5,4,10.209,0.97349,1.075,151.69,21.118,True,False,,ok,False,False,0.81704,-0.66613,flare_decay,2627.4,0.032613,4.5004,0.04398,1288.6,False,True,False,2.4179,16.119,,True,False,True,,True,not run,,,,,,,,,,,,,,,,,,,,,,,,not run,,,,,,0,-0.66613,81.535,34.798,0.81704
236786350_2626.9700,236786350,2627,B,7961,10.494,2728.9,16,12.468,1.5564,1.11,283.25,59.066,True,False,,ok,False,False,-12.609,12.919,ramp,2626.7,0.36791,94.514,1.2847,4865.4,True,True,False,5.0693,16238,,False,True,False,,False,not run,,,,,,,,,,,,,,,,,,,,,,,,not run,,,,,,0,12.919,-12.609,24.667,17.227
95361534_2635.8100,95361534,2635.8,B,7967,10.488,5045.7,3,12.112,2.3817,1.26,154.35,18.158,True,False,,ok,False,False,-3.3148,44.008,ramp,2636,0.12786,18,0.91545,11642,True,True,False,6.1336,63.355,,False,,,,False,not run,,,,,,,,,,,,,,,,,,,,,,,,not run,,,,,,0,44.008,-3.3148,39.423,43.58
1551345500_2614.4700,1551345500,2614.5,B,7977,10.471,5014.9,8,11.202,0.61561,0.69,277.29,55.313,True,False,,ok,False,False,9.5499,11.346,step,2614.5,0.065557,20.739,0.78354,4221.6,False,True,False,1.829,3645.8,,True,False,False,,True,not run,,,,,,,,,,,,,,,,,,,,,,,,not run,,,,,,0,11.346,72.187,9.5499,53.642
105575606_2635.4800,105575606,2635.5,B,7986,10.46,1960.3,12,12.568,1.1218,1.07,153.03,42.904,True,False,,ok,False,False,-3.5728,-5.632,step,2635.6,0.05042,14.246,0.91924,2034.2,True,True,False,2.8389,316.13,,True,False,True,,True,not run,,,,,,,,,,,,,,,,,,,,,,,,not run,,,,,,0,-5.632,8.3649,-3.5728,2.3529
236813634_2621.3700,236813634,2621.4,B,7987,10.458,1698.9,6,11.253,1.4607,1.03,283.4,57.675,True,False,,ok,False,False,-11.101,-5.7473,ramp,2621.4,0.021986,5.729,0.005566,585.87,False,True,False,3.6431,9.7057,,True,True,True,,True,not run,,,,,,,,,,,,,,,,,,,,,,,,not run,,,,,,0,-5.7473,-11.101,-9.9938,-5.0796
441642765_2610.5500,441642765,2610.6,B,7989,10.456,5874.1,3,11.451,1.2968,1.13,210.1,58.724,True,False,,ok,False,False,-8.8655,-2.1605,step,2610.4,0.049278,0.82576,0.52502,2750.5,False,False,False,3.2192,0.065582,,False,True,False,,False,not run,,,,,,,,,,,,,,,,,,,,,,,,not run,,,,,,0,-2.1605,-7.4609,-8.8655,-5.0131
138504178_2610.7400,138504178,2610.7,B,7994,10.452,3415.6,6,12.535,0.80885,0.84,157.33,62.398,True,False,,ok,False,False,-22.767,-19.661,flare_decay,2610.5,0.044934,4.273,0.74244,2055.5,False,True,False,2.2071,18.142,,False,True,False,,False,not run,,,,,,,,,,,,,,,,,,,,,,,,not run,,,,,,0,-19.661,-22.597,-22.675,-22.767
459799428_2635.5600,459799428,2635.6,B,7995,10.452,1911,8,12.137,0.80673,0.97,176.61,50.447,True,False,,ok,False,False,-3.5474,-6.2068,flare_decay,2635.6,0.040119,7.9885,0.021937,1950.4,False,True,False,2.0885,139.94,,True,False,True,,True,not run,,,,,,,,,,,,,,,,,,,,,,,,not run,,,,,,0,-6.2068,14.594,1.8939,-3.5474
8279060_2635.5300,8279060,2635.5,B,7996,10.449,3368.5,6,11.689,1.1731,1.07,162.78,41.461,True,False,,ok,True,True,67.797,37.515,step,2635.5,0.088033,14.414,0.90356,6344.8,True,True,False,3.0752,257.62,,False,True,False,False,False,ok,False,False,0.48906,0.19684,True,0.57526,5.6434,4.847,False,True,,0,5.1103,True,,True,False,False,False,False,,,,ok,False,0.65949,0.57816,25.332,257.62,0,37.515,173.53,67.797,82.244
165730561_2610.7400,165730561,2610.7,B,7997,10.446,3736.5,12,12.962,1.0435,1.06,164.45,35.586,True,False,,ok,True,True,47.734,25.427,flare_decay,2610.7,0.08986,25.828,0.8635,7163.3,False,True,False,2.7485,2075.9,,False,True,False,False,False,ok,False,False,-0.94308,-0.43751,True,,,-11.017,True,False,165730458,0,-9.8517,True,,True,False,False,False,False,,,,not run,,,,,,0,25.427,144.88,53.628,47.734
160228265_2635.7700,160228265,2635.8,B,7998,10.446,7075.1,4,12.653,0.82464,0.95,181.79,75.509,True,False,,ok,False,False,-10.035,-5.4465,ramp,2635.4,0.34897,10.936,1.2804,3470,True,True,False,2.7884,150.93,,True,False,False,,True,not run,,,,,,,,,,,,,,,,,,,,,,,,not run,,,,,,0,-5.4465,-10.035,-7.9217,-7.0888
233055558_2621.3800,233055558,2621.4,B,8007,10.435,2831.4,6,12.011,0.60771,0.59434,269.26,61.966,True,False,,ok,False,False,-11.133,-6.7095,ramp,2621.3,0.28425,0.25,1.2052,4026.5,True,True,False,2.2872,,grazing,True,False,False,,True,not run,,,,,,,,,,,,,,,,,,,,,,,,not run,,,,,,0,-6.7095,-11.133,-10.845,-8.4421
219879716_2635.7100,219879716,2635.7,B,8009,10.435,3099,6,11.43,0.623,0.68,261.14,66.761,True,False,,ok,False,False,-9.9894,-5.1667,step,2635.9,0.030143,3.0712,0.0070227,1101.2,False,True,False,1.7981,12.454,,False,True,False,,False,not run,,,,,,,,,,,,,,,,,,,,,,,,not run,,,,,,0,-5.1667,-9.0913,-9.9894,-5.3995
23993668_2621.3800,23993668,2621.4,B,8011,10.433,3048.5,6,11.69,1.3098,1.16,163.07,46.722,True,False,,ok,False,False,-6.046,-5.598,step,2621.3,0.032478,3.7303,0.15068,1272.5,False,True,False,3.1717,4.0429,,True,False,True,,True,not run,,,,,,,,,,,,,,,,,,,,,,,,not run,,,,,,0,-5.598,-3.4377,-6.046,-4.1232
171599677_2621.4100,171599677,2621.4,B,8013,10.429,2811.6,1,10.528,1.7272,1.09,156.87,21.541,True,False,,ok,True,True,23.494,16.877,flare_decay,2621.4,0.35893,2.6912,1.2934,3260.8,True,True,False,5.6238,0.16503,grazing,True,False,True,False,True,ok,False,False,0.12903,0.16796,True,,,1.1555,True,True,,0,1.3457,False,"Bambery (V=15.4, 40"")",True,False,False,False,False,,,,not run,,,,,,0,16.877,113.32,57.469,23.494
232609445_2635.6400,232609445,2635.6,B,8014,10.428,1293.3,8,11.424,0.77833,0.822,258.63,65.714,True,False,,ok,False,False,-10.705,-9.1394,step,2635.6,0.026169,12.595,0.49967,781.86,False,True,False,2.1008,538.95,,True,True,True,,True,not run,,,,,,,,,,,,,,,,,,,,,,,,not run,,,,,,0,-9.1394,-7.3266,-10.705,-6.144
229591704_2635.4400,229591704,2635.4,B,8017,10.426,2153.6,12,12.54,1.005,0.95,272.63,77.115,True,False,,ok,False,False,3.4379,-6.9799,flare_decay,2635.5,0.040846,9.2913,0.011458,2021.9,False,True,False,2.6221,111.29,,True,False,True,,True,not run,,,,,,,,,,,,,,,,,,,,,,,,not run,,,,,,0,-6.9799,21.189,6.445,3.4379
233072305_2610.7000,233072305,2610.7,B,8021,10.421,2743.5,6,11.608,0.90577,1.057,271.02,60.228,True,False,,ok,False,False,-10.591,-7.1587,step,2610.4,0.042324,19.925,0.6622,1918.4,False,True,False,2.2836,1661.3,,False,,,,False,not run,,,,,,,,,,,,,,,,,,,,,,,,not run,,,,,,0,-7.1587,-8.4332,-10.591,-6.4273
53482184_2635.7400,53482184,2635.7,B,8033,10.408,3144.2,6,11.217,1.1027,0.775,180.43,50.273,True,False,,ok,False,False,-9.1553,-8.2052,flare_decay,2635.9,0.040802,17.998,0.91807,1340.1,True,True,False,3.0791,499.72,,False,True,False,,False,not run,,,,,,,,,,,,,,,,,,,,,,,,not run,,,,,,0,-8.2052,-7.4961,-8.4256,-9.1553
87975095_2621.2900,87975095,2621.3,B,8037,10.4,4739.3,8,12.637,1.8986,0.9,146.66,21.564,True,False,,ok,False,False,-2.129,-5.9625,step,2621.3,0.063842,15.075,0.88236,3522.7,False,True,False,5.1577,62.538,,False,True,False,,False,not run,,,,,,,,,,,,,,,,,,,,,,,,not run,,,,,,0,-5.9625,14.617,-2.129,4.097
302652954_2610.4800,302652954,2610.5,B,8040,10.396,5391.8,4,12.502,1.1385,0.95,152.05,33.352,True,False,,ok,True,True,58.025,39.583,ramp,2610.4,0.3921,16.468,1.2709,9260.4,True,True,False,3.9736,178.19,,False,True,False,True,True,ok,False,True,1.4196,0.91419,True,0.2179,6.1682,45.014,False,False,302652956;302652958,0,14.758,True,,True,False,False,False,False,,,,not run,,,,,,0,39.583,58.025,82.204,74.546
353935991_2610.6600,353935991,2610.7,B,8041,10.396,2284.2,4,11.187,2.2401,1.24,272.03,57.812,True,False,,ok,False,False,-3.0193,-1.2953,step,2610.9,0.027809,2.3906,0.47712,888.39,False,False,False,5.2839,0.19383,,True,False,True,,True,not run,,,,,,,,,,,,,,,,,,,,,,,,not run,,,,,,0,-1.2953,-2.978,-3.0193,-2.7371
147643985_2635.7400,147643985,2635.7,B,8043,10.391,3237.7,6,12.178,2.1458,1.14,185.31,60.36,True,False,,ok,False,False,-8.6726,-7.4811,ramp,2635.4,0.036986,2.1502,0.68069,1450.4,False,False,False,5.2518,0.17279,,True,False,True,,True,not run,,,,,,,,,,,,,,,,,,,,,,,,not run,,,,,,0,-7.4811,-8.6726,-8.4453,-7.2363
258826571_2635.6400,258826571,2635.6,B,8047,10.386,3034.7,8,11.971,1.0516,1.03,287.4,70.329,True,False,,ok,False,False,-7.4167,-5.6824,ramp,2635.6,0.027592,8.0693,0.17071,917.29,False,True,False,2.6366,71.699,,True,False,True,,True,not run,,,,,,,,,,,,,,,,,,,,,,,,not run,,,,,,0,-5.6824,-7.4167,-7.3611,-4.7007
16163788_2610.1400,16163788,2610.1,B,8049,10.385,5518.5,1.5,12.177,1.2287,1.05,152.74,36.628,True,False,,ok,False,False,-29.295,141.25,ramp,2610,0.42761,12.4,1.2929,11402,True,True,False,4.2538,62.014,,False,,,,False,not run,,,,,,,,,,,,,,,,,,,,,,,,not run,,,,,,0,141.25,-29.295,51.391,40.9
4993349_2635.7700,4993349,2635.8,B,8053,10.38,4132.8,4,11.46,0.79773,0.87,149.86,30.102,True,False,,ok,False,False,-9.8805,-5.6637,ramp,2635.8,0.029284,1.7536,0.69703,900.69,False,False,False,2.1192,1.399,,True,False,True,,True,not run,,,,,,,,,,,,,,,,,,,,,,,,not run,,,,,,0,-5.6637,-9.8805,-9.0487,-5.0824
229539384_2635.4800,229539384,2635.5,B,8058,10.373,1105.1,12,11.143,0.72203,0.779,222.2,74.061,True,False,,ok,False,False,-11.274,-5.7402,step,2635.6,0.024754,15.163,0.40699,715.55,False,True,False,1.9813,1121,,False,True,False,,False,not run,,,,,,,,,,,,,,,,,,,,,,,,not run,,,,,,0,-5.7402,-0.83325,-11.274,-5.2382
16815711_2635.8300,16815711,2635.8,B,8060,10.373,6354.9,1.5,11.447,1.0668,0.735,142.69,37.168,True,False,,ok,False,False,-62.433,379.38,ramp,2636,0.4463,12.4,1.2875,15217,True,True,False,4.214,63.78,,False,True,False,,False,not run,,,,,,,,,,,,,,,,,,,,,,,,not run,,,,,,0,379.38,-62.433,172.74,194.78
148679356_2610.4600,148679356,2610.5,B,8066,10.367,1853.3,6,10.501,1.7443,1.5,172.07,47.424,True,False,,ok,False,False,-30.966,2.7728,ramp,2609.9,0.35593,37.524,1.2543,6668.4,True,True,False,5.094,1001.5,,False,,,,False,not run,,,,,,,,,,,,,,,,,,,,,,,,not run,,,,,,0,2.7728,-30.966,32.842,38.55
453445852_2610.6300,453445852,2610.6,B,8073,10.36,1339.7,1.5,8.8783,1.2665,1.047,148.14,48.195,True,False,,ok,False,False,-45.177,194.97,ramp,2610.5,0.37567,11.775,1.3204,2505.9,True,True,False,4.229,54.035,,False,True,False,,False,not run,,,,,,,,,,,,,,,,,,,,,,,,not run,,,,,,0,194.97,-45.177,67.252,63.919
67958778_2635.7300,67958778,2635.7,B,8075,10.358,2694.2,6,11.386,1.0144,1,143.26,46.794,True,False,,ok,False,False,-9.4349,-7.2818,step,2635.6,0.028239,16.005,0.049473,966.03,False,True,False,2.5702,604.07,,False,True,False,,False,not run,,,,,,,,,,,,,,,,,,,,,,,,not run,,,,,,0,-7.2818,-6.6702,-9.4349,-4.6336
154087068_2635.8000,154087068,2635.8,B,8076,10.356,3886.2,3,11.098,0.74378,0.829,208.69,68.563,True,False,,ok,False,False,-15.587,1.6042,ramp,2636.1,0.36244,19.425,1.2993,3080,True,True,False,2.658,976.32,,False,,,,False,not run,,,,,,,,,,,,,,,,,,,,,,,,not run,,,,,,0,1.6042,-15.587,0.29919,2.2533
160005674_2635.4800,160005674,2635.5,B,8077,10.354,1363.4,12,11.642,1.568,1.02,162.64,43.818,True,False,,ok,False,False,1.6103,2.8263,step,2635.5,0.057438,21.075,0.93335,2523,True,True,False,4.0599,350.21,,False,True,False,,False,not run,,,,,,,,,,,,,,,,,,,,,,,,not run,,,,,,0,2.8263,63.396,1.6103,14.963
148839381_2626.5400,148839381,2626.5,B,8080,10.351,4854.6,8,12.989,0.8581,0.82,163.42,65.3,True,False,,ok,False,False,-9.6478,-6.675,step,2626.5,0.045758,9.0444,0.046216,2536.3,False,True,False,2.3623,140.37,,True,False,False,,True,not run,,,,,,,,,,,,,,,,,,,,,,,,not run,,,,,,0,-6.675,-1.2014,-9.6478,-3.8004
105484087_2611.6300,105484087,2611.6,B,8082,10.35,2500.2,16,12.054,1.7075,0.99,143.72,46.677,True,False,,ok,True,True,89.709,37.79,flare_decay,2611.5,0.086941,30.637,0.92784,5590.2,True,True,False,4.5904,744.58,,False,True,False,False,False,ok,False,False,-1.2468,-0.49794,True,,,-24.264,True,True,,0,-12.904,True,,True,False,False,False,False,,,,not run,,,,,,0,37.79,268.43,104.07,89.709
386883962_2611.0800,386883962,2611.1,B,8083,10.348,11519,1.5,12.649,1.9593,1.13,136.96,23.54,True,False,,ok,False,False,-19.046,46.784,ramp,2611,0.13361,12.275,0.89937,13647,True,True,False,5.2576,31.859,,False,True,False,,False,not run,,,,,,,,,,,,,,,,,,,,,,,,not run,,,,,,0,46.784,-19.046,4.0568,0.12535
95361305_2635.7400,95361305,2635.7,B,8086,10.347,3803.5,6,12.392,1.2523,1.16,154.34,19.377,True,False,,ok,False,False,-6.9324,-10.342,step,2636,0.37812,0.76862,1.23,12696,True,True,False,4.0484,,grazing,False,,,,False,not run,,,,,,,,,,,,,,,,,,,,,,,,not run,,,,,,0,-10.342,-6.1777,-6.9324,-5.3953
372729710_2635.8300,372729710,2635.8,B,8087,10.346,2082.6,1.5,9.9507,1.4431,1.28,152.29,36.29,True,False,,ok,False,False,-49.786,342.64,ramp,2636,0.44411,12.4,1.3622,5090.9,True,True,False,4.7316,45.068,,False,,,,False,not run,,,,,,,,,,,,,,,,,,,,,,,,not run,,,,,,0,342.64,-49.786,156.33,182.76
445856324_2621.3900,445856324,2621.4,B,8092,10.34,3759.5,4,10.397,1.4587,1.098,200.45,79.047,True,False,,ok,False,False,-19.169,-0.25325,ramp,2621.8,0.35355,26.512,1.2469,7200,True,True,False,4.718,444.42,,False,,,,False,not run,,,,,,,,,,,,,,,,,,,,,,,,not run,,,,,,0,-0.25325,-19.169,6.7735,13.109
424461526_2635.7400,424461526,2635.7,B,8094,10.34,2854.4,6,10.839,0.71591,0.816,279.82,60.299,True,False,,ok,False,False,-12.912,-9.0021,ramp,2635.6,0.12178,0.25108,1.0638,1631.4,True,True,False,2.1175,,grazing,True,False,False,,True,not run,,,,,,,,,,,,,,,,,,,,,,,,not run,,,,,,0,-9.0021,-12.912,-9.92,-7.651
285004803_2610.7600,285004803,2610.8,B,8103,10.322,9479.2,2,12.949,1.2733,1.09,138.51,24.268,True,False,,ok,True,True,15.995,-0.96332,flare_decay,2610.8,0.1092,2.2682,0.88411,10097,False,False,False,3.3819,0.70178,,False,True,False,,False,not run,,,,,,,,,,,,,,,,,,,,,,,,not run,,,,,,0,-0.96332,48.425,27.713,15.995
171603683_2635.8100,171603683,2635.8,B,8104,10.319,6447.7,3,12.282,1.1427,1.05,158.23,23.173,True,False,,ok,False,False,-22.059,22.912,ramp,2636,0.407,12,1.2753,10773,True,True,False,3.8987,72.988,,False,,,,False,not run,,,,,,,,,,,,,,,,,,,,,,,,not run,,,,,,0,22.912,-22.059,16.009,22.999
232977322_2610.5800,232977322,2610.6,B,8107,10.312,4192.6,6,12.252,1.2374,1.3,218.05,64.874,True,False,,ok,False,False,-11.068,-5.6962,ramp,2610.4,0.040288,4.2026,0.073152,1965,False,True,False,2.9064,7.5451,,False,True,False,,False,not run,,,,,,,,,,,,,,,,,,,,,,,,not run,,,,,,0,-5.6962,-11.068,-8.8215,-4.8526
4893609_2614.3400,4893609,2614.3,B,8110,10.307,1298.1,24,12.28,1.4552,1.03,147.54,30.331,True,False,,ok,False,False,-4.2275,-4.0228,step,2614.2,0.033782,30.715,0.41843,1329.4,False,True,False,3.6712,1465.8,,True,False,True,,True,not run,,,,,,,,,,,,,,,,,,,,,,,,not run,,,,,,0,-4.0228,2.3293,-4.2275,10.464
219807052_2614.4900,219807052,2614.5,B,8112,10.305,4493.9,16,11.923,0.34345,0.32663,266.55,60.406,True,False,,ok,False,False,6.9309,15.185,step,2614.5,0.063044,20.364,0.51438,4515.2,False,True,False,1.3061,9476.6,,True,False,False,,True,not run,,,,,,,,,,,,,,,,,,,,,,,,not run,,,,,,0,15.185,366.63,6.9309,255.19
149416676_2616.1400,149416676,2616.1,B,8115,10.301,4751.9,3,10.722,0.81903,0.97,140.18,28.655,True,False,,ok,True,True,19.562,8.858,flare_decay,2616.2,0.071049,2.1737,0.82987,4715,False,False,False,2.1835,2.4531,,False,True,False,,False,not run,,,,,,,,,,,,,,,,,,,,,,,,not run,,,,,,0,8.858,207.35,105.59,19.562
173007564_2635.8300,173007564,2635.8,B,8118,10.296,2317.8,2,10.335,1.608,1.47,164.72,30.783,True,False,,ok,False,False,-46.727,50.551,ramp,2636,0.9,10.825,1.8371,4122.3,True,True,False,6.6279,10.907,,False,True,False,,False,not run,,,,,,,,,,,,,,,,,,,,,,,,not run,,,,,,0,50.551,-46.727,37.415,43.924
311629301_2626.4300,311629301,2626.4,B,8119,10.295,4029.3,6,12.561,0.5651,0.55863,160.19,49.323,True,False,,ok,False,False,-10.501,-5.9103,ramp,2626.4,0.039329,1.8337,0.13763,1867.3,False,True,False,1.757,2.8333,,True,False,True,,True,not run,,,,,,,,,,,,,,,,,,,,,,,,not run,,,,,,0,-5.9103,-10.501,-8.5522,-4.8952
259238680_2635.7700,259238680,2635.8,B,8120,10.295,2659.4,4,11.857,0.83621,1.076,293.01,71.191,True,False,,ok,False,False,-9.2917,-5.3668,step,2635.8,0.027375,3.6984,0.095568,906.6,False,True,False,2.0657,14.346,,True,False,True,,True,not run,,,,,,,,,,,,,,,,,,,,,,,,not run,,,,,,0,-5.3668,-8.5017,-9.2917,-7.6561
88047662_2627.2100,88047662,2627.2,B,8121,10.292,3640,6,11.37,1.4412,1.26,147.5,23.594,True,False,,ok,False,False,-15.34,-1.4958,ramp,2627.2,0.052381,3.4415,0.048175,3323.3,False,False,False,3.4607,2.423,,False,True,False,,False,not run,,,,,,,,,,,,,,,,,,,,,,,,not run,,,,,,0,-1.4958,-15.34,-12.81,26.904
441813931_2611.6800,441813931,2611.7,B,8122,10.291,4263.4,6,11.521,1.4683,1.18,267.38,77.003,True,False,,ok,False,False,-5.3184,-5.0935,flare_decay,2611.7,0.039291,2.6005,0.026017,1870.7,False,False,False,3.5588,0.91571,,True,False,True,,True,not run,,,,,,,,,,,,,,,,,,,,,,,,not run,,,,,,0,-5.0935,0.24367,-4.9196,-5.3184
289750598_2611.4700,289750598,2611.5,B,8125,10.287,2193.4,12,12.251,0.94289,1.08,160.09,58.822,True,False,,ok,True,True,20.135,4.3657,step,2611.5,0.54366,16.072,1.4803,3579.3,True,True,False,3.4961,243.14,,True,False,True,False,True,ok,False,False,0.41669,0.28761,True,,,2.5845,True,True,,0,4.2863,True,,True,False,False,False,False,,,,ok,False,0.64695,0.07462,24.517,243.14,0,4.3657,59.627,20.135,23.346
117417602_2615.6100,117417602,2615.6,B,8128,10.283,4588.2,2,10.963,1.9766,0.93,137.64,26.529,True,False,,ok,False,False,5.2586,-4.493,flare_decay,2615.6,0.058735,1.8512,0.0025121,4180.2,False,False,False,5.286,0.14571,,False,True,False,,False,not run,,,,,,,,,,,,,,,,,,,,,,,,not run,,,,,,0,-4.493,141.26,71.472,5.2586
173006521_2635.4700,173006521,2635.5,B,8129,10.283,2100.4,12,12.828,1.1766,1.17,151.04,34.634,True,False,,ok,False,False,-1.4955,2.6954,step,2635.5,0.072534,19.509,0.91989,4157.8,True,True,False,2.9512,722.79,,False,True,False,,False,not run,,,,,,,,,,,,,,,,,,,,,,,,not run,,,,,,0,2.6954,37.589,-1.4955,5.1482
289729002_2635.7300,289729002,2635.7,B,8131,10.281,1487.3,6,11.008,0.90978,1.133,159.54,59.263,True,False,,ok,False,False,-12.166,-5.1901,ramp,2635.3,0.083328,0.28183,0.98253,3014.9,True,True,False,2.3294,,grazing,True,False,False,,True,not run,,,,,,,,,,,,,,,,,,,,,,,,not run,,,,,,0,-5.1901,-12.166,-9.6266,-4.9889
198420316_2635.7200,198420316,2635.7,B,8132,10.28,6558.5,3,12.174,0.79421,0.946,261.7,56.446,True,False,,ok,False,False,-8.3227,-4.8263,ramp,2635.7,0.031011,2.956,5.7945e-09,1165.6,False,True,False,2.0552,7.4316,,True,False,True,,True,not run,,,,,,,,,,,,,,,,,,,,,,,,not run,,,,,,0,-4.8263,-8.3227,-7.2129,-5.6441
70666067_2626.5800,70666067,2626.6,B,8141,10.26,2323.5,2,10.778,0.89465,1.019,155.4,17.26,True,False,,ok,False,False,-31.875,-0.090414,flare_decay,2626.6,0.043072,3.0721,0.093355,2244.4,False,True,False,2.2849,6.0666,,True,False,True,,True,not run,,,,,,,,,,,,,,,,,,,,,,,,not run,,,,,,0,-0.090414,83.282,-22.26,-31.875
330755646_2626.7900,330755646,2626.8,B,8142,10.26,5311.8,4,12.813,1.7445,1.22,144.34,25.138,True,False,,ok,False,False,3.6333,-12.364,flare_decay,2626.8,0.072467,4.4229,7.5945e-06,6362.1,False,True,False,4.3158,2.6393,,True,False,True,,True,not run,,,,,,,,,,,,,,,,,,,,,,,,not run,,,,,,0,-12.364,93.955,20.265,3.6333
356583011_2635.7300,356583011,2635.7,B,8144,10.256,3755.9,6,12.535,0.66134,0.685,154.5,60.443,True,False,,ok,False,False,-11.338,-6.4934,step,2635.4,0.029554,3.2626,0.36766,1027.6,False,True,False,1.9031,12.594,,True,False,True,,True,not run,,,,,,,,,,,,,,,,,,,,,,,,not run,,,,,,0,-6.4934,-10.369,-11.338,-8.2476
406759297_2610.3700,406759297,2610.4,B,8146,10.254,3078.8,1.5,10.774,0.86158,1.054,170.14,42.524,True,False,,ok,False,False,-35.37,74.903,ramp,2610.2,0.40178,12.15,1.2958,7497.9,True,True,False,2.9244,179.43,,False,True,False,,False,not run,,,,,,,,,,,,,,,,,,,,,,,,not run,,,,,,0,74.903,-35.37,63.258,59.418
199522744_2611.0100,199522744,2611,B,8149,10.249,1706.7,12,11.385,0.53785,0.53419,239.75,60.161,True,False,,ok,False,False,3.1153,1.9368,flare_decay,2610.9,0.17845,22.372,1.1172,2158.7,True,True,False,1.9246,3927.7,,False,True,False,,False,not run,,,,,,,,,,,,,,,,,,,,,,,,not run,,,,,,0,1.9368,54.192,11.541,3.1153
88659908_2635.8100,88659908,2635.8,B,8153,10.243,4706.1,2,11.704,1.5164,1.06,152.5,39.436,True,False,,ok,False,False,-13.993,90.916,ramp,2636,0.40952,15.45,1.2718,11626,True,True,False,5.1683,66.919,,False,,,,False,not run,,,,,,,,,,,,,,,,,,,,,,,,not run,,,,,,0,90.916,-13.993,67.213,74.879
359589748_2621.3700,359589748,2621.4,B,8154,10.242,893.02,6,9.4178,1.1394,1.051,279.96,57.099,True,False,,ok,False,False,-9.8569,-6.3247,ramp,2621.4,0.013782,3.558,0.20947,228.17,False,True,False,2.7996,5.1146,,True,False,True,,True,not run,,,,,,,,,,,,,,,,,,,,,,,,not run,,,,,,0,-6.3247,-9.8569,-8.9565,-8.7758
155632572_2635.7200,155632572,2635.7,B,8158,10.231,3289.8,6,11.541,0.92145,0.98,198.7,80.297,True,False,,ok,False,False,-10.374,-5.5142,step,2635.9,0.053428,27.521,0.89303,2423.3,False,True,False,2.4079,3734.5,,False,True,False,,False,not run,,,,,,,,,,,,,,,,,,,,,,,,not run,,,,,,0,-5.5142,5.3359,-10.374,-6.4492
87955955_2611.4500,87955955,2611.4,B,8159,10.231,8084.1,1.5,12.672,1.262,1.12,146.1,22.272,True,False,,ok,False,False,9.7926,3.9868,flare_decay,2611.4,0.39897,2.6287,1.2723,10026,True,True,False,4.1905,0.5611,grazing,True,False,True,,True,not run,,,,,,,,,,,,,,,,,,,,,,,,not run,,,,,,0,3.9868,103.52,53.395,9.7926
165989801_2611.0300,165989801,2611,B,8160,10.23,14583,1.5,12.231,0.91196,1.12,210.8,64.909,True,False,,ok,False,False,-110.56,-13.375,step,2611.1,0.27324,0.25,1.1651,6600.7,True,True,False,2.7551,,grazing,True,False,False,,True,not run,,,,,,,,,,,,,,,,,,,,,,,,not run,,,,,,0,-13.375,-108.96,-110.56,-103.84
3907633_2610.0900,3907633,2610.1,B,8161,10.229,4734,1.5,11.09,1.0046,1,151.53,29.024,True,False,,ok,False,False,-13.614,270.03,ramp,2609.9,0.42317,12.15,1.283,12126,True,True,False,3.5236,102.61,,False,,,,False,not run,,,,,,,,,,,,,,,,,,,,,,,,not run,,,,,,0,270.03,-13.614,109.82,116.35
230073755_2635.4900,230073755,2635.5,B,8162,10.229,5702.6,12,12.859,0.92285,1,243.96,67.936,True,False,,ok,False,False,-5.3848,0.14462,step,2635.5,0.071764,21.125,0.8876,4398,False,True,False,2.4371,1629.1,,False,True,False,,False,not run,,,,,,,,,,,,,,,,,,,,,,,,not run,,,,,,0,0.14462,52.152,-5.3848,1.5249
92023534_2621.2900,92023534,2621.3,B,8165,10.227,3092.3,8,12.417,1.2119,1.17,145.46,23.632,True,False,,ok,False,False,-16.631,-11.151,step,2621.7,0.068781,39.168,0.93566,3529,True,True,False,3.0291,5409.1,,False,,,,False,not run,,,,,,,,,,,,,,,,,,,,,,,,not run,,,,,,0,-11.151,-11.499,-16.631,-11.373
417867393_2626.5500,417867393,2626.6,B,8166,10.224,1668.8,8,11.56,2.5159,1.08,161.72,64.616,True,False,,ok,False,False,-5.0589,-2.7389,flare_decay,2626.7,0.039033,1.0241,0.48582,1745.9,False,False,False,6.284,0.082136,,True,False,True,,True,not run,,,,,,,,,,,,,,,,,,,,,,,,not run,,,,,,0,-2.7389,-4.2681,-3.2152,-5.0589
148909652_2611.1900,148909652,2611.2,B,8168,10.217,1302.3,12,11.697,1.6504,1.19,185.66,70.123,True,False,,ok,False,False,3.4573,-6.5066,flare_decay,2611.1,0.04821,17.537,0.93212,1793.6,True,True,False,4.0236,207.27,,True,False,True,,True,not run,,,,,,,,,,,,,,,,,,,,,,,,not run,,,,,,0,-6.5066,25.198,11.165,3.4573
233197765_2611.1100,233197765,2611.1,B,8177,10.206,4695.1,6,12.03,1.5319,1.07,264.75,67.401,True,False,,ok,False,False,-10.263,-5.2407,ramp,2610.9,0.03762,2.8411,0.15853,1706.5,False,False,False,3.8302,0.95123,,False,True,False,,False,not run,,,,,,,,,,,,,,,,,,,,,,,,not run,,,,,,0,-5.2407,-10.263,-10.077,-5.9262
229740499_2635.5000,229740499,2635.5,B,8178,10.205,3227,8,10.333,1.7266,1.239,279.45,68.82,True,False,,ok,True,True,90.901,66.103,step,2635.5,0.37018,21.897,1.2727,6329.3,True,True,False,5.4309,164.26,,False,True,False,False,False,ok,False,False,,,True,,,0.95089,True,True,,0,,True,,True,False,False,False,False,,,,not run,,,,,,0,66.103,165.83,90.901,117.72
237214359_2611.2700,237214359,2611.3,B,8181,10.2,2486.2,2,10.046,2.0236,1.47,295.05,74.791,True,False,,ok,False,False,-11.412,-5.6362,step,2611.2,0.9,12.365,1.8713,1143.8,True,True,False,8.3472,8.1296,,False,True,False,,False,not run,,,,,,,,,,,,,,,,,,,,,,,,not run,,,,,,0,-5.6362,-11.132,-11.412,-6.7557
219878540_2611.3500,219878540,2611.3,B,8184,10.199,1786.1,6,10.448,0.85129,1,261.07,70.62,True,False,,ok,False,False,-15.699,-6.1864,ramp,2611.1,0.030641,2.2585,0.089842,1136.1,False,True,False,2.1618,2.8375,,False,True,False,,False,not run,,,,,,,,,,,,,,,,,,,,,,,,not run,,,,,,0,-6.1864,-15.699,-6.9718,-0.75981
154966533_2635.6900,154966533,2635.7,B,8185,10.198,5571.4,4,11.679,0.70985,0.653,142.19,26.215,True,False,,ok,False,False,-9.8865,3.832,ramp,2635.6,0.053632,16.312,0.93294,2207.8,True,True,False,2.1241,1132.6,,False,True,False,,False,not run,,,,,,,,,,,,,,,,,,,,,,,,not run,,,,,,0,3.832,-9.8865,-2.8495,5.1094
232541466_2635.6300,232541466,2635.6,B,8191,10.19,931.46,8,10.239,1.8043,1.17,228.38,66.076,True,False,,ok,False,False,-11.987,-5.4876,ramp,2635.7,0.016258,10.515,0.17526,318.38,False,True,False,4.2893,36.869,,True,True,True,,True,not run,,,,,,,,,,,,,,,,,,,,,,,,not run,,,,,,0,-5.4876,-11.987,-10.635,-6.0157
264173786_2635.6500,264173786,2635.7,B,8194,10.183,2444.4,6,8.4421,0.88377,0.89,294.47,71.543,True,False,,ok,True,True,19.288,4.7944,step,2635.6,0.031131,15.509,0.96635,654.3,True,True,False,2.3343,733.55,,False,True,False,False,False,ok,False,False,,,True,,,-1.3535,True,True,,0,,True,,True,True,False,False,False,,,264173786.01,not run,,,,,,0,4.7944,24.59,19.288,29.613
137834563_2610.5100,137834563,2610.5,B,8197,10.18,5947.7,3,12.628,0.67951,0.83,226.14,59.89,True,False,,ok,False,False,-12.25,-3.1066,ramp,2610.4,0.35057,0.47525,1.2501,6505.9,True,True,False,2.4062,,grazing,True,True,True,,True,not run,,,,,,,,,,,,,,,,,,,,,,,,not run,,,,,,0,-3.1066,-12.25,-7.7869,-5.1837
219867078_2626.3900,219867078,2626.4,B,8214,10.16,3837.9,4,11.155,0.82217,0.837,259.08,70.439,True,False,,ok,False,False,-12.323,-6.9281,ramp,2626.2,0.030453,2.1779,0.0036069,1124,False,False,False,2.215,2.3612,,False,True,False,,False,not run,,,,,,,,,,,,,,,,,,,,,,,,not run,,,,,,0,-6.9281,-12.323,-10.641,-5.5178
159511794_2635.6400,159511794,2635.6,B,8218,10.149,3193.6,8,12.303,1.4064,1.31,248.28,80.757,True,False,,ok,False,False,-6.184,-5.5702,step,2635.6,0.038944,2.6935,0.077096,1835.9,False,False,False,3.291,1.3277,,True,False,True,,True,not run,,,,,,,,,,,,,,,,,,,,,,,,not run,,,,,,0,-5.5702,-5.5887,-6.184,-5.1818
307907602_2611.1400,307907602,2611.1,B,8220,10.147,12107,2,12.854,1.3558,1.3,141.02,30.005,True,False,,ok,False,False,-19.394,32.909,ramp,2611,0.5125,14.45,1.3433,17788,True,True,False,4.6316,76.048,,False,,,,False,not run,,,,,,,,,,,,,,,,,,,,,,,,not run,,,,,,0,32.909,-19.394,28.355,23.824
239200221_2635.7400,239200221,2635.7,B,8221,10.145,1272.4,6,10.762,1.0882,1.092,148.71,21.822,True,False,,ok,False,False,-11.37,-9.7385,ramp,2635.7,0.017806,12.468,0.24146,379.66,False,True,False,2.6503,260.4,,False,True,False,,False,not run,,,,,,,,,,,,,,,,,,,,,,,,not run,,,,,,0,-9.7385,-11.37,-10.653,-7.116
159634499_2610.5300,159634499,2610.5,B,8230,10.132,981.82,4,7.8951,2.2166,1.783,220.91,62.563,True,False,,ok,False,False,-10.977,-12.285,step,2610.3,0.021418,1.8625,0.35985,540.47,False,False,False,4.6026,0.15195,,False,True,False,,False,not run,,,,,,,,,,,,,,,,,,,,,,,,not run,,,,,,0,-12.285,-10.533,-10.977,-4.2475
424462265_2635.6900,424462265,2635.7,B,8235,10.127,3668.3,6,11.689,0.76405,0.737,279.82,61.609,True,False,,ok,False,False,-8.4434,-5.6639,ramp,2635.6,0.0404,14.098,0.00041328,1978,False,True,False,2.1683,687.43,,False,True,False,,False,not run,,,,,,,,,,,,,,,,,,,,,,,,not run,,,,,,0,-5.6639,-8.4434,-3.1343,2.3996
232620511_2635.8000,232620511,2635.8,B,8247,10.108,4024.2,3,9.6616,0.9163,0.986,268.49,55.732,True,False,,ok,False,False,-63.772,-38.947,ramp,2635.8,0.019403,4.1776,0.50638,428.98,False,True,False,2.3124,14.738,,False,True,False,,False,not run,,,,,,,,,,,,,,,,,,,,,,,,not run,,,,,,0,-38.947,-63.772,-43.542,-37.895
372680430_2614.4600,372680430,2614.5,B,8250,10.103,3486.1,12,10.958,0.79142,0.916,141,39.793,True,False,,ok,False,False,-50.332,28.7,step,2614.4,0.069825,28.173,0.93549,3628.9,True,True,False,2.1481,5642.5,,True,False,False,,True,not run,,,,,,,,,,,,,,,,,,,,,,,,not run,,,,,,0,28.7,284.64,-50.332,119.91
173002464_2626.2500,173002464,2626.2,B,8251,10.102,5819.1,1.5,11.762,0.78109,0.691,150.54,34.968,True,False,,ok,False,False,-8.6489,-5.4237,step,2626.2,0.030386,1.7229,0.085515,1117.4,False,False,False,2.243,1.1116,,True,True,True,,True,not run,,,,,,,,,,,,,,,,,,,,,,,,not run,,,,,,0,-5.4237,-7.9167,-8.6489,-5.6752
87974986_2615.2900,87974986,2615.3,B,8256,10.095,3081.7,16,12.112,2.3828,1.02,146.69,21.955,True,False,,ok,False,False,-0.014701,-22.584,step,2615.3,0.055803,16.774,0.010192,3773.3,False,True,False,6.1636,50.509,,False,True,False,,False,not run,,,,,,,,,,,,,,,,,,,,,,,,not run,,,,,,0,-22.584,247.77,-0.014701,42.423
219096147_2635.5900,219096147,2635.6,B,8259,10.09,3120.6,8,11.607,1.0713,1.15,269.81,71.637,True,False,,ok,True,True,28.849,25.854,step,2635.6,0.36706,27.498,1.2782,5415.5,True,True,False,3.4449,1272.8,,False,True,False,False,False,ok,False,False,,,True,0.70796,4.3004,6.8774,False,True,,0,,True,,True,False,False,False,False,,,,not run,,,,,,0,25.854,63.518,28.849,40.129
219792257_2635.7800,219792257,2635.8,B,8262,10.087,2416.8,4,10.577,1.5303,1.37,264.92,64.668,True,False,,ok,False,False,-12.255,-5.3058,ramp,2635.8,0.017471,2.4632,0.74574,310.24,False,False,False,3.455,0.84506,,True,True,True,,True,not run,,,,,,,,,,,,,,,,,,,,,,,,not run,,,,,,0,-5.3058,-12.255,-9.1403,-7.1807
138664783_2611.5300,138664783,2611.5,B,8265,10.084,1993.5,8,11.373,1.4096,1.31,136.49,26.343,True,False,,ok,True,True,42.327,34.088,flare_decay,2611.3,0.39451,44.238,1.3015,6006.1,True,True,False,4.4283,2496.5,,False,True,False,False,False,ok,False,False,0.10041,0.022399,True,0.56466,10.709,27.994,False,True,,0,1.0126,True,,True,False,False,False,False,,,,ok,True,0.0048694,4.9468e-11,24.707,2496.5,0,34.088,43.746,68.911,42.327
237279678_2611.5800,237279678,2611.6,B,8269,10.08,1467.4,8,11.173,1.3767,1.038,299.46,73.231,True,False,,ok,False,False,-6.0718,-4.6211,step,2611.6,0.027496,10.581,0.01709,916.27,False,True,False,3.443,72.618,,True,False,True,,True,not run,,,,,,,,,,,,,,,,,,,,,,,,not run,,,,,,0,-4.6211,-2.3631,-6.0718,-2.9988
309588542_2635.8300,309588542,2635.8,B,8271,10.078,6258.8,2,12.079,1.6376,1.07,166.52,37.532,True,False,,ok,False,False,-63.252,103,ramp,2636,0.48119,10.825,1.3417,12623,True,True,False,5.8481,15.873,,False,True,False,,False,not run,,,,,,,,,,,,,,,,,,,,,,,,not run,,,,,,0,103,-63.252,73.965,75.622
229497278_2635.7500,229497278,2635.8,B,8272,10.077,3598.9,4,10.626,0.95652,0.985,296.46,62.351,True,False,,ok,False,False,-6.3094,-6.7932,step,2635.7,0.0234,7.0349,0.067338,663.07,False,True,False,2.4242,61.121,,True,False,False,,True,not run,,,,,,,,,,,,,,,,,,,,,,,,not run,,,,,,0,-6.7932,-4.2102,-6.3094,-3.3458
8992785_2610.2600,8992785,2610.3,B,8273,10.077,11062,2,12.873,1.2541,1.5,167.43,35.454,True,False,,ok,False,False,-22.107,97.881,ramp,2610.1,0.45162,16.075,1.2659,19788,True,True,False,3.9197,172.67,,False,,,,False,not run,,,,,,,,,,,,,,,,,,,,,,,,not run,,,,,,0,97.881,-22.107,75.455,62.694
241191582_2610.0900,241191582,2610.1,B,8283,10.069,4936.4,2,12.13,1.5005,1.12,153.11,24.333,True,False,,ok,False,False,-4.2681,12.754,ramp,2609.9,0.39562,15.086,1.282,8361,True,True,False,4.9715,69.994,,False,,,,False,not run,,,,,,,,,,,,,,,,,,,,,,,,not run,,,,,,0,12.754,-4.2681,10.124,9.7366
230090506_2627.0400,230090506,2627,B,8287,10.068,1550.7,24,12.381,1.6044,1.18,247.75,69.073,True,False,,ok,False,False,-20.054,-12.325,flare_decay,2627,0.35735,25.676,1.3089,1984,True,True,False,5.0808,323.35,,True,False,True,,True,not run,,,,,,,,,,,,,,,,,,,,,,,,not run,,,,,,0,-12.325,15.736,-18.575,-20.054
252469754_2611.2500,252469754,2611.2,B,8294,10.055,2549.4,6,12.363,0.71341,0.93,150.54,49.596,True,False,,ok,False,False,-4.6386,-5.2124,step,2611.3,0.056239,5.077,0.86245,2830.6,False,True,False,1.902,47.557,,True,False,True,,True,not run,,,,,,,,,,,,,,,,,,,,,,,,not run,,,,,,0,-5.2124,9.6657,-4.6386,3.4106
400725983_2626.3200,400725983,2626.3,B,8301,10.044,2086.3,6,11.383,0.74501,0.676,161.18,26.613,True,False,,ok,False,False,-10.697,-4.1807,step,2626.3,0.042816,0.8434,0.64996,1975.6,False,False,False,2.1811,0.067398,,True,False,True,,True,not run,,,,,,,,,,,,,,,,,,,,,,,,not run,,,,,,0,-4.1807,-9.2641,-10.697,-5.7551
376503121_2635.5800,376503121,2635.6,B,8302,10.043,7218.7,6,12.524,0.78097,0.699,162.53,46.109,True,False,,ok,True,True,120.13,113.33,ramp,2635.8,0.43464,36.725,1.1999,28631,True,True,False,3.111,4115.8,,False,True,False,False,False,ok,False,False,,,True,,,-0.98364,True,False,376503120,0,,True,,True,False,False,False,False,,,,not run,,,,,,0,113.33,120.13,147.33,172.17
4988535_2610.1500,4988535,2610.2,B,8303,10.039,7578.6,2,12.846,0.68413,0.665,149.21,34.564,True,False,,ok,False,False,-35.1,17.529,ramp,2610,0.18255,12.7,0.99759,12571,True,True,False,2.2838,430.12,,False,True,False,,False,not run,,,,,,,,,,,,,,,,,,,,,,,,not run,,,,,,0,17.529,-35.1,-26.892,-20.125
142981694_2635.7600,142981694,2635.8,B,8313,10.031,3819.5,4,11.373,0.83729,0.89,182.27,69.24,True,False,,ok,False,False,-5.0079,0.64839,flare_decay,2635.7,0.047012,0.8822,0.79676,2146.6,False,False,False,2.2456,0.070215,,True,False,True,,True,not run,,,,,,,,,,,,,,,,,,,,,,,,not run,,,,,,0,0.64839,-3.8038,-1.4605,-5.0079
330708750_2635.2700,330708750,2635.3,B,8321,10.024,9380,1.5,12.801,1.0895,0.97,141.94,27.564,True,False,,ok,False,False,-1.5286,-3.87,flare_decay,2635.3,0.10758,1.8993,0.80692,11039,False,False,False,3.0039,0.58772,,False,True,False,,False,not run,,,,,,,,,,,,,,,,,,,,,,,,not run,,,,,,0,-3.87,50.047,34.755,-1.5286
3943060_2610.1300,3943060,2610.1,B,8322,10.024,5316.1,4,12.835,1.5701,1.33,152.14,29.075,True,False,,ok,False,False,-11.253,0.10385,ramp,2609.9,0.11018,10.175,0.96422,6262.8,True,True,False,3.9066,44.21,,False,True,False,,False,not run,,,,,,,,,,,,,,,,,,,,,,,,not run,,,,,,0,0.10385,-11.253,-4.5309,-0.1967
386892877_2627.0600,386892877,2627.1,B,8325,10.021,4561.5,2,11.845,1.7258,1.02,137.16,23.327,True,False,,ok,False,False,9.6355,0.2335,flare_decay,2627.1,0.36211,5.3795,1.2787,4854.9,True,True,False,5.7585,1.9749,grazing,True,False,True,,True,not run,,,,,,,,,,,,,,,,,,,,,,,,not run,,,,,,0,0.2335,68.874,35.318,9.6355
264298576_2611.4500,264298576,2611.4,B,8326,10.02,607.01,12,9.7928,2.613,1.07,295.97,71.084,True,False,,ok,False,False,-8.0648,-5.4286,step,2611.4,0.022352,14.472,0.46104,576.33,False,True,False,6.4422,28.381,,True,False,True,,True,not run,,,,,,,,,,,,,,,,,,,,,,,,not run,,,,,,0,-5.4286,16.116,-8.0648,-2.171
253042997_2635.4400,253042997,2635.4,B,8327,10.02,2706.5,12,12.757,0.9771,0.99,176.46,43.658,True,False,,ok,False,False,-1.902,-0.32395,step,2635.5,0.37857,19.759,1.3033,4171.6,True,True,False,3.3306,522.43,,False,True,False,,False,not run,,,,,,,,,,,,,,,,,,,,,,,,not run,,,,,,0,-0.32395,21.68,-1.902,5.6789
329247724_2635.7400,329247724,2635.7,B,8328,10.018,2011.1,6,10.751,0.98819,0.991,263.96,55.667,True,False,,ok,False,False,-15.916,-6.7636,ramp,2636.2,0.23507,31.218,1.1803,2041.8,True,True,False,3.0166,2772.8,,False,,,,False,not run,,,,,,,,,,,,,,,,,,,,,,,,not run,,,,,,0,-6.7636,-15.916,-9.043,-4.1029
407617976_2626.3700,407617976,2626.4,B,8329,10.018,4762.6,4,12.597,1.7461,1.18,169.3,33.922,True,False,,ok,False,False,-93.075,-18.26,flare_decay,2626.3,0.08331,6.1392,0.00014333,8406.9,False,True,False,4.4123,6.7041,,False,True,False,,False,not run,,,,,,,,,,,,,,,,,,,,,,,,not run,,,,,,0,-18.26,226.6,-67.5,-93.075
219458881_2610.6800,219458881,2610.7,B,8333,10.015,2743.1,4,9.3881,1.018,1.067,206.78,73.953,True,False,,ok,False,False,-13.169,-9.452,step,2610.6,0.017021,4.8295,0.5068,330.11,False,True,False,2.4965,18.097,,False,True,False,,False,not run,,,,,,,,,,,,,,,,,,,,,,,,not run,,,,,,0,-9.452,-10.125,-13.169,-11.512
353778767_2635.7400,353778767,2635.7,B,8336,10.011,1274.8,6,10.489,2.0899,1.026,276.56,54.414,True,False,,ok,False,False,-8.8491,-6.711,step,2635.6,0.020117,14.15,0.32942,479.16,False,True,False,5.2116,50.122,,False,True,False,,False,not run,,,,,,,,,,,,,,,,,,,,,,,,not run,,,,,,0,-6.711,-4.5558,-8.8491,-5.3996
286727734_2635.7200,286727734,2635.7,B,8339,10.007,5113.6,6,12.392,0.67922,0.72,142.95,21.562,True,False,,ok,False,False,-12.72,-5.5531,ramp,2635.6,0.027707,3.9313,0.19007,923.59,False,True,False,1.9189,21.499,,True,False,True,,True,not run,,,,,,,,,,,,,,,,,,,,,,,,not run,,,,,,0,-5.5531,-12.72,-9.6129,-8.0931
8073016_2635.8100,8073016,2635.8,B,8341,10.005,5161.7,2,11.874,1.6609,1.19,153.86,39.11,True,False,,ok,False,False,-9.5527,145.04,ramp,2636,0.41746,16.45,1.2444,17076,True,True,False,5.4779,67.854,,False,,,,False,not run,,,,,,,,,,,,,,,,,,,,,,,,not run,,,,,,0,145.04,-9.5527,122.79,150.06
166178143_2614.4600,166178143,2614.5,B,8343,10.004,5763.6,12,10.837,0.89199,0.909,217.53,64.476,True,False,,ok,False,False,-43.361,168.24,step,2614.4,0.07659,24.121,0.66993,6247.2,False,True,False,2.4427,2408.6,,True,False,False,,True,not run,,,,,,,,,,,,,,,,,,,,,,,,not run,,,,,,0,168.24,996.38,-43.361,733.49
390020228_2635.7100,390020228,2635.7,B,8345,10.003,4752.1,3,10.679,0.92832,1.011,277.72,53.92,True,False,,ok,False,False,-2.2626,7.2129,ramp,2635.6,0.028719,10.109,0.16003,994.47,False,True,False,2.3445,200.5,,True,False,False,,True,not run,,,,,,,,,,,,,,,,,,,,,,,,not run,,,,,,0,7.2129,-2.2626,1.5599,5.4274
311568941_2621.4600,311568941,2621.5,B,8350,9.9977,3833.7,2,10.96,0.92881,0.939,158.86,50.94,True,False,,ok,False,False,-11.272,-3.931,step,2621.6,0.033651,8.0816,0.0099215,1372.4,False,True,False,2.4157,93.642,,False,True,False,,False,not run,,,,,,,,,,,,,,,,,,,,,,,,not run,,,,,,0,-3.931,-8.236,-11.272,-5.845
95360306_2610.0900,95360306,2610.1,B,8352,9.9952,2925.4,4,11.811,1.358,1.19,154.21,23.727,True,False,,ok,False,False,-10.674,-5.042,ramp,2610.1,0.045591,1.3598,0.95418,1474.8,True,True,False,3.3021,0.10838,grazing,True,False,True,,True,not run,,,,,,,,,,,,,,,,,,,,,,,,not run,,,,,,0,-5.042,-10.674,-8.7859,-8.7718
219108393_2611.4300,219108393,2611.4,B,8357,9.9895,3252.8,8,12.156,1.4826,1.03,271.18,69.643,True,False,,ok,False,False,-12.158,-7.857,ramp,2611.1,0.041666,1.087,0.72931,1784.6,False,False,False,3.7688,0.086957,,False,True,False,,False,not run,,,,,,,,,,,,,,,,,,,,,,,,not run,,,,,,0,-7.857,-12.158,-9.2942,-7.4403
137770092_2610.4600,137770092,2610.5,B,8363,9.9854,1764.3,2,8.3273,1.1206,1.06,175.36,58.924,True,False,,ok,False,False,-10.429,-0.161,ramp,2610.3,0.040931,13.163,0.97252,986.92,True,True,False,2.8191,254.7,,False,True,False,,False,not run,,,,,,,,,,,,,,,,,,,,,,,,not run,,,,,,0,-0.161,-10.429,-6.3822,-4.0639
233155040_2611.1300,233155040,2611.1,B,8367,9.981,1853.7,16,12.281,1.1677,1.05,274.69,61.555,True,False,,ok,False,False,-9.1645,-7.3457,flare_decay,2611,0.42832,26.393,1.3822,1962.3,True,True,False,4.0446,695.61,,False,True,False,,False,not run,,,,,,,,,,,,,,,,,,,,,,,,not run,,,,,,0,-7.3457,12.856,0.86417,-9.1645
99271057_2610.3700,99271057,2610.4,B,8368,9.9784,3502.4,1.5,10.818,0.97125,1.19,169.69,37.991,True,False,,ok,False,False,-65.737,304.55,ramp,2610.2,0.44573,12.15,1.3321,8743.5,True,True,False,3.2654,128.91,,False,True,False,,False,not run,,,,,,,,,,,,,,,,,,,,,,,,not run,,,,,,0,304.55,-65.737,130.84,138.68
318292826_2626.4600,318292826,2626.5,B,8369,9.9773,2895.7,6,11.92,2.116,1.01,164.49,53.938,True,False,,ok,False,False,-10.675,-7.8858,step,2626.5,0.030613,8.2211,0.044661,1135.4,False,True,False,5.3593,8.9856,,True,False,True,,True,not run,,,,,,,,,,,,,,,,,,,,,,,,not run,,,,,,0,-7.8858,-4.892,-10.675,-5.5082
229701402_2635.8100,229701402,2635.8,B,8373,9.9734,3733.7,2,11.455,1.1343,0.907,277.52,71.646,True,False,,ok,False,False,-27.577,41.39,ramp,2636,0.4099,12.7,1.3137,6438.3,True,True,False,4.0721,75.94,,False,,,,False,not run,,,,,,,,,,,,,,,,,,,,,,,,not run,,,,,,0,41.39,-27.577,31.689,38.632
88006433_2635.6300,88006433,2635.6,B,8381,9.9583,1287.9,6,10.613,1.0473,1.01,147.02,21.446,True,False,,ok,False,False,-6.7231,-4.3187,step,2635.6,0.26769,13.013,1.2386,773.03,True,True,False,3.261,159,,True,True,True,,True,not run,,,,,,,,,,,,,,,,,,,,,,,,not run,,,,,,0,-4.3187,-5.0482,-6.7231,-0.92561
88724188_2635.7900,88724188,2635.8,B,8382,9.9579,5780.4,2,11.79,0.49766,0.49573,151.29,52.431,True,False,,ok,False,False,-16.795,-11.211,ramp,2635.8,0.075228,0.4455,0.99374,2065.7,True,True,False,1.6658,,grazing,True,False,True,,True,not run,,,,,,,,,,,,,,,,,,,,,,,,not run,,,,,,0,-11.211,-16.795,-14.176,-12.662
165403832_2626.2500,165403832,2626.2,B,8386,9.9544,756.09,6,9.1201,0.97578,1.05,158.85,26.269,True,False,,ok,False,False,-7.5743,-5.3571,step,2626.6,0.083318,0.25,1.0168,1632.5,True,True,False,2.5627,,grazing,True,False,False,,True,not run,,,,,,,,,,,,,,,,,,,,,,,,not run,,,,,,0,-5.3571,-7.0036,-7.5743,-5.5299
149399320_2627.3200,149399320,2627.3,B,8392,9.9499,3878.8,3,11.916,1.8913,1.28,139.92,28.897,True,False,,ok,True,True,23.468,-2.7709,flare_decay,2627.3,0.055676,4.327,0.0008469,3756.2,False,False,False,4.5329,2.109,,True,False,True,,True,not run,,,,,,,,,,,,,,,,,,,,,,,,not run,,,,,,0,-2.7709,78.869,54.343,23.468
311036792_2610.5600,311036792,2610.6,B,8395,9.944,2120.3,6,11.111,1.5952,1.65,204.44,64.929,True,False,,ok,False,False,-13.651,-6.7517,ramp,2611.3,0.32966,26.317,1.2818,1888.5,True,True,False,4.4244,526.97,,True,False,False,,True,not run,,,,,,,,,,,,,,,,,,,,,,,,not run,,,,,,0,-6.7517,-13.651,-10.496,-5.426
88770052_2626.5600,88770052,2626.6,B,8399,9.9405,1953.8,4,10.581,1.1061,1.095,152.14,49.519,True,False,,ok,False,False,-7.265,-3.4914,step,2626.5,0.029231,7.3148,0.0023908,1035.6,False,True,False,2.7216,48.562,,False,True,False,,False,not run,,,,,,,,,,,,,,,,,,,,,,,,not run,,,,,,0,-3.4914,3.4948,-7.265,-1.664
272670842_2610.7100,272670842,2610.7,B,8404,9.9365,3015.9,8,12.394,1.4177,1.09,234.03,70.474,True,False,,ok,False,False,-9.6819,-6.1547,ramp,2610.4,0.051971,24,0.63415,2932.5,False,True,False,3.5715,759.46,,False,True,False,,False,not run,,,,,,,,,,,,,,,,,,,,,,,,not run,,,,,,0,-6.1547,-9.6819,-9.4148,-7.2895
286211291_2635.7500,286211291,2635.8,B,8407,9.9345,3250.7,4,11.571,0.7629,0.691,240.39,59.606,True,False,,ok,False,False,-11.266,-6.6026,step,2635.9,0.030679,10.826,0.044342,1140.3,False,True,False,2.1914,301.54,,False,True,False,,False,not run,,,,,,,,,,,,,,,,,,,,,,,,not run,,,,,,0,-6.6026,-8.7939,-11.266,-6.3319
232977311_2610.5700,232977311,2610.6,B,8413,9.928,3737.1,6,10.933,2.5516,0.99,218.05,64.903,True,False,,ok,False,False,-8.3447,-5.3676,step,2610.6,0.023686,10.812,0.35095,661.99,False,True,False,6.4644,11.657,,False,True,False,,False,not run,,,,,,,,,,,,,,,,,,,,,,,,not run,,,,,,0,-5.3676,-7.9922,-8.3447,-7.3872
142395762_2614.4900,142395762,2614.5,B,8414,9.9277,4811.4,16,12.429,1.0421,0.739,198.57,62.365,True,False,,ok,False,False,-14.187,18.62,step,2614.4,0.067964,23.456,0.36528,5434,False,True,False,3.0334,1156.8,,True,False,False,,True,not run,,,,,,,,,,,,,,,,,,,,,,,,not run,,,,,,0,18.62,234.94,-14.187,166.85
142380956_2610.4900,142380956,2610.5,B,8416,9.9247,1619.8,6,11.546,0.93819,1.01,196.34,60.458,True,False,,ok,False,False,-10.021,-3.2685,step,2610.9,0.043422,1.8242,0.90883,1551,True,True,False,2.4041,1.0679,grazing,True,False,True,,True,not run,,,,,,,,,,,,,,,,,,,,,,,,not run,,,,,,0,-3.2685,-4.5777,-10.021,-4.921
142936677_2635.7300,142936677,2635.7,B,8417,9.9232,1550.3,6,11.121,2.1089,1.1,179.48,71.363,True,False,,ok,False,False,-13.127,-8.8953,ramp,2635.6,0.020174,13.961,0.86347,365.03,False,True,False,5.1383,50.231,,False,True,False,,False,not run,,,,,,,,,,,,,,,,,,,,,,,,not run,,,,,,0,-8.8953,-13.127,-11.016,-7.4658
159245083_2621.4400,159245083,2621.4,B,8419,9.9225,3796.9,1.5,10.621,2.0796,1.02,227.7,77.978,True,False,,ok,False,False,-6.1849,-4.4749,step,2621.4,0.022713,3.5679,0.29828,613.57,False,False,False,5.2092,0.59794,,True,False,False,,True,not run,,,,,,,,,,,,,,,,,,,,,,,,not run,,,,,,0,-4.4749,-2.4292,-6.1849,-2.1615
4844774_2634.6000,4844774,2634.6,B,8424,9.921,2493.1,4,11.357,2.036,1.34,147.31,35.51,True,False,,ok,False,False,8.1056,2.4502,flare_decay,2634.6,0.35509,2.673,1.278,4232.6,True,True,False,6.1717,0.16438,grazing,False,True,False,,False,not run,,,,,,,,,,,,,,,,,,,,,,,,not run,,,,,,0,2.4502,59.76,15.365,8.1056
352764091_2626.5200,352764091,2626.5,B,8427,9.9195,741.51,4,8.593,1.2104,1.07,308.75,63.475,True,False,1287.01,ok,True,True,42.781,22.965,flare_decay,2626.5,0.2571,10.332,1.2233,969.78,True,True,False,3.6663,55.999,,False,True,False,False,False,ok,False,False,3.9729,2.5061,True,0.43879,14.835,45.482,False,False,352764084;352764088,1,39.409,True,,True,True,False,False,False,1287.01,PC,,not run,,,,,,0,22.965,119.4,53.102,42.781
147952638_2611.1500,147952638,2611.2,B,8435,9.9137,1889.9,16,12.455,1.1778,1.1,168.42,69.382,True,False,,ok,False,False,5.7423,-10.195,flare_decay,2611.1,0.048128,12.765,0.59389,2559.9,False,True,False,2.9468,203.39,,True,False,True,,True,not run,,,,,,,,,,,,,,,,,,,,,,,,not run,,,,,,0,-10.195,37.884,11.277,5.7423
156493567_2610.8000,156493567,2610.8,B,8438,9.9109,1988.8,8,10.995,1.8307,1.13,218.69,72.81,True,False,,ok,False,False,-11.538,-7.8195,step,2610.6,0.025271,7.0703,0.37918,749.79,False,True,False,4.442,10.058,,False,True,False,,False,not run,,,,,,,,,,,,,,,,,,,,,,,,not run,,,,,,0,-7.8195,-8.4195,-11.538,-7.0006
16849073_2614.3800,16849073,2614.4,B,8439,9.9093,2154.6,1,10.065,0.69978,0.71,142.72,40.904,True,False,,ok,False,False,3.2688,-8.6984,flare_decay,2614.4,0.042742,1.0622,0.10227,2209.4,False,False,False,2.0153,0.33877,,True,False,True,,True,not run,,,,,,,,,,,,,,,,,,,,,,,,not run,,,,,,0,-8.6984,20.994,13.503,3.2688
233514077_2635.6600,233514077,2635.7,B,8444,9.9053,3236.8,8,12.423,0.96505,0.97,270.96,52.474,True,False,,ok,False,False,-8.5652,-6.495,step,2635.6,0.035517,3.0177,0.013372,1528.8,False,True,False,2.4875,4.4493,,True,False,True,,True,not run,,,,,,,,,,,,,,,,,,,,,,,,not run,,,,,,0,-6.495,-6.6957,-8.5652,-4.9905
357045188_2614.9700,357045188,2615,B,8447,9.903,23455,4,12.705,0.28005,0.25403,274.33,56.078,True,False,,ok,True,True,11.091,-2.2471,step,2614.9,0.15016,6.1493,0.0014739,27270,False,True,False,1.253,295.53,,False,True,False,False,False,ok,False,False,0.56489,0.075056,False,1.1457,6.9105,4.5179,False,True,,1,5.5941,True,,True,False,False,False,False,,,,not run,,,,,,0,-2.2471,186,11.091,58.779
288407831_2635.7300,288407831,2635.7,B,8454,9.8928,1917.5,6,10.364,1.0416,1.004,268.56,79.696,True,False,,ok,False,False,-12.002,-7.9055,ramp,2635.2,0.03886,11.122,0.95872,1054.9,True,True,False,2.6629,182.24,,True,False,True,,True,not run,,,,,,,,,,,,,,,,,,,,,,,,not run,,,,,,0,-7.9055,-12.002,-11.042,-6.0843
165555512_2635.8200,165555512,2635.8,B,8460,9.8865,3263.8,2,10.53,2.7827,1.91,266.94,59.807,True,False,,ok,False,False,-13.987,0.9818,ramp,2636,0.051493,11.197,0.91498,2144.3,True,True,False,5.8154,17.841,,False,,,,False,not run,,,,,,,,,,,,,,,,,,,,,,,,not run,,,,,,0,0.9818,-13.987,-5.3953,-0.065661
139402180_2635.4900,139402180,2635.5,B,8469,9.8733,3641.3,12,12.99,0.68572,0.64,153.6,31.449,True,False,,ok,False,False,-5.8072,-0.27774,step,2635.5,0.067434,18.213,0.79872,4400.5,False,True,False,2.0927,1648.6,,False,True,False,,False,not run,,,,,,,,,,,,,,,,,,,,,,,,not run,,,,,,0,-0.27774,37.642,-5.8072,3.3546
16805700_2614.3800,16805700,2614.4,B,8474,9.8662,15183,1,12.929,0.42485,0.41923,141.95,39.002,True,False,,ok,False,False,-0.35599,0.25975,flare_decay,2614.4,0.32372,0.28692,0.96205,49457,True,True,False,1.8514,,grazing,True,False,True,,True,not run,,,,,,,,,,,,,,,,,,,,,,,,not run,,,,,,0,0.25975,32.055,20.168,-0.35599
334780804_2611.0900,334780804,2611.1,B,8478,9.8622,2960,6,11.582,0.64355,0.62227,247.5,65.244,True,False,,ok,False,False,-12.772,-4.4731,step,2610.8,0.077905,32.801,0.95689,3646.4,True,True,False,2.0019,11000,,False,,,,False,not run,,,,,,,,,,,,,,,,,,,,,,,,not run,,,,,,0,-4.4731,-8.0515,-12.772,-7.9354
142277206_2610.6800,142277206,2610.7,B,8495,9.8431,3779.2,6,11.176,0.6883,0.66,192.17,59.883,True,False,,ok,True,True,33.789,65.806,ramp,2610.5,0.39674,37.35,1.2934,7157.8,True,True,False,2.7208,6471.3,,False,True,False,False,False,ok,False,False,-0.24002,-0.029238,True,,,-0.8933,True,True,,0,-2.3626,True,,True,False,False,False,False,,,,not run,,,,,,0,65.806,33.789,56.929,45.487
330795737_2611.0000,330795737,2611,B,8497,9.8387,6397.4,2,12.241,2.1709,1,144.48,25.405,True,False,,ok,False,False,-12.971,-3.1725,ramp,2610.8,0.061534,11.841,0.00016466,4587.8,False,True,False,5.6824,22.638,,False,,,,False,not run,,,,,,,,,,,,,,,,,,,,,,,,not run,,,,,,0,-3.1725,-12.971,-7.7575,-4.5806
147687122_2635.7400,147687122,2635.7,B,8498,9.8358,3370.2,6,11.623,0.74522,0.806,190.03,64.515,True,False,,ok,False,False,-11.863,-5.5974,step,2635.2,0.032881,7.9464,0.34335,1277.2,False,True,False,2.0379,148.27,,True,False,True,,True,not run,,,,,,,,,,,,,,,,,,,,,,,,not run,,,,,,0,-5.5974,-10.208,-11.863,-7.447
403117779_2611.1600,403117779,2611.2,B,8499,9.8357,3250.4,4,11.939,0.91463,1.036,303.26,67.644,True,False,,ok,False,False,-16.594,-1.7167,ramp,2610.9,0.39725,24.65,1.2777,9104.9,True,True,False,3.1123,1243,,False,,,,False,not run,,,,,,,,,,,,,,,,,,,,,,,,not run,,,,,,0,-1.7167,-16.594,-1.7922,5.7
17236334_2635.8100,17236334,2635.8,B,8500,9.8322,5608.7,2,12.282,1.2156,0.97,146.71,39.774,True,False,,ok,False,False,-49.115,105.09,ramp,2636,0.43461,13.075,1.2835,13874,True,True,False,4.3423,68.345,,False,,,,False,not run,,,,,,,,,,,,,,,,,,,,,,,,not run,,,,,,0,105.09,-49.115,66.674,74.679
4994906_2621.4700,4994906,2621.5,B,8501,9.8269,3099.7,1.5,9.2861,0.93243,1,160.69,32.068,True,False,,ok,False,False,-19.381,-0.26186,ramp,2621.4,0.017898,6.2701,0.19388,385.28,False,True,False,2.3386,48.199,,False,True,False,,False,not run,,,,,,,,,,,,,,,,,,,,,,,,not run,,,,,,0,-0.26186,-19.381,-14.702,-9.2676
252471421_2626.8300,252471421,2626.8,B,8504,9.824,2136.4,8,11.466,2.5656,0.99,154.26,53.075,True,False,,ok,False,False,-5.9631,-0.83317,step,2626.4,0.064112,46.006,0.89816,3442.7,False,True,False,6.7573,792.08,,False,,,,False,not run,,,,,,,,,,,,,,,,,,,,,,,,not run,,,,,,0,-0.83317,6.0129,-5.9631,-2.5453
166086655_2635.6600,166086655,2635.7,B,8506,9.8212,4012.1,8,11.361,0.75118,0.742,214.51,64.047,True,False,,ok,False,False,-6.8771,-2.3151,step,2635.7,0.050623,24,0.95898,1702.7,True,True,False,2.1479,3489.1,,False,True,False,,False,not run,,,,,,,,,,,,,,,,,,,,,,,,not run,,,,,,0,-2.3151,-0.87657,-6.8771,0.25826
331945249_2613.0900,331945249,2613.1,B,8509,9.8165,8591.2,2,12.622,0.76981,0.866,151.71,32.557,True,False,,ok,False,False,0.16297,-0.35881,flare_decay,2613.1,0.085586,2.1382,1.874e-06,8872.3,False,False,False,2.1602,2.4116,,False,True,False,,False,not run,,,,,,,,,,,,,,,,,,,,,,,,not run,,,,,,0,-0.35881,93.792,60.847,0.16297
233579776_2610.6300,233579776,2610.6,B,8510,9.8161,714.34,4,8.284,1.2736,1.21,282.77,60.381,True,False,,ok,False,False,-12.844,-5.7188,ramp,2610.8,0.010079,6.4803,0.75531,102.5,False,True,False,2.9749,25.846,,True,False,False,,True,not run,,,,,,,,,,,,,,,,,,,,,,,,not run,,,,,,0,-5.7188,-12.844,-11.276,-10.663
458420858_2611.4400,458420858,2611.4,B,8511,9.8148,1015,24,12.648,1.302,1.1,170.69,48.035,True,False,,ok,False,False,-9.0049,-7.2773,step,2611.2,0.032106,16.046,0.46938,1186.5,False,True,False,3.208,313.13,,True,False,True,,True,not run,,,,,,,,,,,,,,,,,,,,,,,,not run,,,,,,0,-7.2773,-1.6665,-9.0049,-8.683
147953008_2611.1100,147953008,2611.1,B,8518,9.8023,4153.2,6,12.763,0.91915,0.99,168.18,71.399,True,False,,ok,False,False,-15.367,-4.9408,ramp,2610.8,0.07979,9.9695,0.94904,4100.6,True,True,False,2.4537,167.76,,False,,,,False,not run,,,,,,,,,,,,,,,,,,,,,,,,not run,,,,,,0,-4.9408,-15.367,-11.26,-6.0557
159510363_2610.7100,159510363,2610.7,B,8522,9.7966,5350.8,6,12.859,0.88178,0.87,247.4,81.17,True,False,,ok,False,False,-13.696,-5.9299,ramp,2611.3,0.37074,22.207,1.2696,6721.2,True,True,False,3.1201,902.13,,True,False,False,,True,not run,,,,,,,,,,,,,,,,,,,,,,,,not run,,,,,,0,-5.9299,-13.696,-7.5359,-1.553
376490682_2626.4300,376490682,2626.4,B,8523,9.7953,488.99,6,8.7705,1.2874,1.105,154.77,44.044,True,False,,ok,False,False,-8.8247,-6.1918,step,2626.3,0.013493,5.9005,0.018728,220.67,False,True,False,3.1102,17.068,,False,True,False,,False,not run,,,,,,,,,,,,,,,,,,,,,,,,not run,,,,,,0,-6.1918,-8.2354,-8.8247,-3.7056
137834559_2635.8000,137834559,2635.8,B,8530,9.7841,2711.1,2,9.0371,1.2651,0.986,226.11,59.881,True,False,,ok,False,False,-3.2461,7.9441,step,2635.8,0.032657,14.784,0.9528,769.5,True,True,False,3.2346,238.88,,False,True,False,,False,not run,,,,,,,,,,,,,,,,,,,,,,,,not run,,,,,,0,7.9441,11.267,-3.2461,1.0904
4972570_2635.8300,4972570,2635.8,B,8534,9.7761,2955.4,1.5,10.884,0.90801,0.832,148.94,32.204,True,False,,ok,False,False,-44.356,265.2,ramp,2636,0.82368,12.275,1.7379,6707.8,True,True,False,4.3398,56.654,,False,True,False,,False,not run,,,,,,,,,,,,,,,,,,,,,,,,not run,,,,,,0,265.2,-44.356,99.541,101.52
138710292_2610.8000,138710292,2610.8,B,8535,9.7728,2858.1,8,12.43,1.0939,1,137.12,29.386,True,False,,ok,False,False,-2.2285,2.9248,step,2610.8,0.08586,16.748,0.91255,5897.4,True,True,False,2.927,468.71,,False,True,False,,False,not run,,,,,,,,,,,,,,,,,,,,,,,,not run,,,,,,0,2.9248,37.62,-2.2285,4.8867
198508694_2621.4500,198508694,2621.4,B,8538,9.7711,5041.3,2,10.446,0.81609,0.831,210.41,74.124,True,False,,ok,False,False,-13.174,6.8403,ramp,2621.6,0.34246,12.075,1.2673,4004.6,True,True,False,2.8715,186.03,,False,,,,False,not run,,,,,,,,,,,,,,,,,,,,,,,,not run,,,,,,0,6.8403,-13.174,-3.7418,1.2359
103807312_2635.7300,103807312,2635.7,B,8541,9.7702,1395.7,6,10.242,1.3875,1.097,159.94,66.4,True,False,,ok,False,False,-14.46,-8.2056,ramp,2636,0.31463,14.971,1.2903,618.8,True,True,False,4.3595,101.39,,False,True,False,,False,not run,,,,,,,,,,,,,,,,,,,,,,,,not run,,,,,,0,-8.2056,-14.46,-9.9664,-8.7326
95435547_2610.0400,95435547,2610,B,8545,9.7659,4646.4,1.5,11.924,2.0538,1.07,155.48,18.546,True,False,,ok,True,True,29.446,4.3751,flare_decay,2610,0.4575,3.3457,1.3699,5747.1,True,True,False,7.2208,0.19129,grazing,False,True,False,False,False,ok,False,False,-0.032007,-0.024613,True,,,2.1091,True,True,,0,-0.31258,True,,True,False,False,False,False,,,,not run,,,,,,0,4.3751,65.1,49.141,29.446
8884495_2611.2400,8884495,2611.2,B,8546,9.7654,2860.6,8,12.534,1.9084,1.06,143.24,35.039,True,False,,ok,False,False,-7.4488,-6.4503,step,2611.2,0.0429,13.853,0.13465,2222.2,False,True,False,4.812,59.743,,False,True,False,,False,not run,,,,,,,,,,,,,,,,,,,,,,,,not run,,,,,,0,-6.4503,0.57246,-7.4488,-2.0644
161745713_2610.7000,161745713,2610.7,B,8549,9.7598,1391.6,6,10.179,1.039,0.908,238.37,59.579,True,False,,ok,False,False,-12.133,-4.2183,ramp,2610.5,0.2243,9.2088,1.1924,832.44,True,True,False,3.2371,57.595,,False,True,False,,False,not run,,,,,,,,,,,,,,,,,,,,,,,,not run,,,,,,0,-4.2183,-12.133,-7.8454,-5.9061
88648342_2635.4800,88648342,2635.5,B,8552,9.7581,2260.3,12,12.741,0.64395,0.98,141.49,41.285,True,False,,ok,False,False,-17.89,-12.352,step,2635.5,0.05116,17.364,0.49309,2992.6,False,True,False,1.679,2766,,False,True,False,,False,not run,,,,,,,,,,,,,,,,,,,,,,,,not run,,,,,,0,-12.352,10.555,-17.89,-11.469
377159225_2635.6200,377159225,2635.6,B,8553,9.7565,2034,8,11.568,1.6984,1.27,285.46,57.78,True,False,,ok,False,False,-8.6384,-5.6877,step,2635.6,0.028856,15.287,0.41204,971.33,False,True,False,3.9769,142.18,,False,True,False,,False,not run,,,,,,,,,,,,,,,,,,,,,,,,not run,,,,,,0,-5.6877,-6.4607,-8.6384,-4.0499
160472086_2635.7900,160472086,2635.8,B,8556,9.7519,2859.8,3,10.745,1.0614,0.854,237.07,73.258,True,False,,ok,False,False,-11.908,-6.1956,ramp,2636,0.029186,0.52653,0.83438,794.48,False,False,False,2.8373,,,False,True,False,,False,not run,,,,,,,,,,,,,,,,,,,,,,,,not run,,,,,,0,-6.1956,-11.908,-11.128,-7.1584
198553498_2621.4400,198553498,2621.4,B,8559,9.7469,5231.8,3,12.089,0.70512,0.755,237.62,63.608,True,False,,ok,False,False,-20.779,0.68552,ramp,2621.6,0.50878,12,1.4385,4151.1,True,True,False,2.879,181.16,,False,True,False,,False,not run,,,,,,,,,,,,,,,,,,,,,,,,not run,,,,,,0,0.68552,-20.779,-9.1322,-4.4927
202382205_2610.7500,202382205,2610.8,B,8561,9.7424,45204,2,11.959,1.2176,1,209.92,64.795,True,False,,ok,False,False,-65.166,5.1266,flare_decay,2610.8,0.16103,4.9723,0.6133,28236,False,True,False,3.484,7.2537,,True,False,False,,True,not run,,,,,,,,,,,,,,,,,,,,,,,,not run,,,,,,0,5.1266,110.71,-39.403,-65.166
453430404_2610.9700,453430404,2611,B,8562,9.742,4381.8,4,12.467,0.76922,0.87,147.15,48.7,True,False,,ok,False,False,3.0829,11.23,flare_decay,2611,0.36362,11.029,1.2632,6593.6,True,True,False,2.7075,169.08,,True,False,False,,True,not run,,,,,,,,,,,,,,,,,,,,,,,,not run,,,,,,0,11.23,13.504,17.389,3.0829
409275586_2635.4700,409275586,2635.5,B,8565,9.7416,2143.5,12,12.579,0.43,0.454,146.55,43.376,True,False,,ok,False,False,-5.6037,-0.06239,step,2635.6,0.28654,18.174,1.2176,3226.4,True,True,False,1.7734,2691.4,,False,True,False,,False,not run,,,,,,,,,,,,,,,,,,,,,,,,not run,,,,,,0,-0.06239,26.985,-5.6037,-0.18246
88004672_2610.8900,88004672,2610.9,B,8567,9.7375,3675,8,12.877,1.0929,1.1,146.88,21.848,True,False,,ok,False,False,9.8381,15.476,flare_decay,2610.8,0.38886,25.949,1.2743,8414.7,True,True,False,3.6237,919.08,,False,True,False,,False,not run,,,,,,,,,,,,,,,,,,,,,,,,not run,,,,,,0,15.476,43.935,18.383,9.8381
239206250_2635.8500,239206250,2635.8,B,8579,9.7297,1799.5,1,9.2114,2.1978,1.27,149.35,22.341,True,False,,ok,False,False,-17.75,27.265,ramp,2636,0.026639,8.0995,0.044195,859.79,False,True,False,5.1369,9.767,,False,,,,False,not run,,,,,,,,,,,,,,,,,,,,,,,,not run,,,,,,0,27.265,-17.75,-5.594,1.9503
171600195_2627.4900,171600195,2627.5,B,8581,9.7285,6268.4,4,12.947,0.7515,0.734,156.83,18.831,True,False,,ok,True,True,11.193,-3.7655,flare_decay,2627.5,0.089998,5.3776,0.8252,7586.2,False,True,False,2.2374,34.718,,True,False,True,False,True,ok,False,False,-0.076294,-0.049706,True,,,-6.7593,True,True,,0,-0.74223,True,,True,False,False,False,False,,,,not run,,,,,,0,-3.7655,61.729,23.055,11.193
172531539_2626.4000,172531539,2626.4,B,8582,9.7247,4487.1,6,12.484,0.69017,0.66,143.07,24.584,True,False,,ok,False,False,-6.759,-6.2337,step,2626.3,0.046051,9.4584,0.055366,2568.4,False,True,False,2.0431,248.15,,False,True,False,,False,not run,,,,,,,,,,,,,,,,,,,,,,,,not run,,,,,,0,-6.2337,4.068,-6.759,-0.38698
202423747_2610.5300,202423747,2610.5,B,8583,9.7225,4535.3,4,12.381,1.9884,1.26,226.02,62.229,True,False,,ok,False,False,-19.264,-8.7273,flare_decay,2610.5,0.079798,0.92714,0.99189,2402.4,True,True,False,4.9006,0.071552,grazing,True,False,True,,True,not run,,,,,,,,,,,,,,,,,,,,,,,,not run,,,,,,0,-8.7273,-15.063,-17.848,-19.264
230089914_2627.0500,230089914,2627.1,B,8585,9.7206,3011.3,16,12.703,1.0093,1.22,247.72,66.765,True,False,,ok,False,False,-8.1891,4.2281,flare_decay,2627,0.065602,23.02,0.9272,3340.5,True,True,False,2.4801,2000.4,,True,False,True,,True,not run,,,,,,,,,,,,,,,,,,,,,,,,not run,,,,,,0,4.2281,48.215,6.2342,-8.1891
393835099_2610.4900,393835099,2610.5,B,8591,9.717,4221.6,8,12.698,1.5132,1.43,146.15,43.964,True,False,,ok,True,True,27.103,7.7992,flare_decay,2610.5,0.091964,13.12,0.80402,8114.2,False,True,False,3.6146,119.69,,False,True,False,False,False,ok,False,False,-0.15464,-0.038418,True,,,-1.5051,True,True,,0,-1.5026,True,,True,False,False,False,False,,,,not run,,,,,,0,7.7992,181.26,40.293,27.103
224601852_2635.8100,224601852,2635.8,B,8592,9.7163,4162.4,2,10.38,1.8372,0.963,255.14,57.058,True,False,,ok,False,False,-14.201,19.513,ramp,2635.9,0.10868,12.2,1.0344,2265.8,True,True,False,5.0852,34.57,,False,True,False,,False,not run,,,,,,,,,,,,,,,,,,,,,,,,not run,,,,,,0,19.513,-14.201,10.023,15.548
376849226_2626.3600,376849226,2626.4,B,8596,9.7134,658.72,8,9.4735,1.5802,1.213,276.36,66.011,True,False,,ok,False,False,-13.51,-6.7953,ramp,2626,0.018492,17.165,0.29469,406.9,False,True,False,3.7194,246.03,,False,,,,False,not run,,,,,,,,,,,,,,,,,,,,,,,,not run,,,,,,0,-6.7953,-13.51,-10.68,-6.5157
141150308_2635.6300,141150308,2635.6,B,8597,9.7133,7194.2,6,12.683,0.6978,0.83,179.05,45.314,True,False,,ok,False,False,-3.8248,1.1311,step,2635.6,0.063861,13.962,0.89418,3444.8,False,True,False,1.9463,923.15,,True,True,True,,True,not run,,,,,,,,,,,,,,,,,,,,,,,,not run,,,,,,0,1.1311,5.0341,-3.8248,6.6162
95858027_2635.8300,95858027,2635.8,B,8598,9.7118,7651.1,2,12.625,1.4935,1.07,162.62,23.563,True,False,,ok,False,False,-15.181,6.0822,ramp,2636,0.14794,12,0.96051,11126,True,True,False,4.1316,61.329,,False,True,False,,False,not run,,,,,,,,,,,,,,,,,,,,,,,,not run,,,,,,0,6.0822,-15.181,1.5283,4.9706
11940228_2610.4400,11940228,2610.4,B,8602,9.709,5424.2,1,10.207,1.0938,0.867,179.43,50.052,True,False,,ok,False,False,-121.74,363.56,ramp,2610.3,0.10158,6.9751,0.95925,5670.8,True,True,False,3.1137,28.114,,False,True,False,,False,not run,,,,,,,,,,,,,,,,,,,,,,,,not run,,,,,,0,363.56,-121.74,65.077,59.655
233050203_2621.4100,233050203,2621.4,B,8609,9.7016,5158.6,4,12.257,0.81504,0.91,268.96,63.317,True,False,,ok,False,False,-8.4725,-3.8377,step,2621.5,0.10173,12.908,1.0057,3222.8,True,True,False,2.2832,451.98,,False,True,False,,False,not run,,,,,,,,,,,,,,,,,,,,,,,,not run,,,,,,0,-3.8377,1.35,-8.4725,-1.745
82202854_2621.3700,82202854,2621.4,B,8616,9.6944,2296,6,9.7462,2.7651,1.35,147.87,24.317,True,False,,ok,False,False,-5.0368,-5.6246,flare_decay,2621.5,0.036164,6.9393,0.87602,1148.4,False,True,False,6.394,3.0793,,False,True,False,,False,not run,,,,,,,,,,,,,,,,,,,,,,,,not run,,,,,,0,-5.6246,-1.755,-4.5693,-5.0368
310097932_2635.6600,310097932,2635.7,B,8617,9.6922,2335.2,8,12.238,1.1546,1.07,230.52,61.572,True,False,,ok,False,False,-11.111,-8.4977,step,2635.7,0.038621,8.3451,0.042164,1807,False,True,False,2.8891,60.286,,True,False,True,,True,not run,,,,,,,,,,,,,,,,,,,,,,,,not run,,,,,,0,-8.4977,-1.8154,-11.111,-5.5584
230084146_2611.3600,230084146,2611.4,B,8622,9.6877,7831.2,1.5,12.73,0.65265,0.642,246.37,66.351,True,True,4109.01,ok,False,False,2.7698,1.8762,flare_decay,2611.4,0.088868,3.0526,0.87338,6890.3,False,True,False,2.0297,8.4998,,True,False,True,True,True,ok,True,True,0.94976,0.90457,True,0.19647,1.1295,7.5618,False,True,,0,9.2009,True,,True,True,False,False,False,4109.01,PC,,ok,False,0.70935,0,24.621,36.932,0,1.8762,68.746,40.062,2.7698
82263469_2610.2000,82263469,2610.2,B,8623,9.6876,2499,6,11.859,1.0281,0.95,160.16,27.124,True,False,,ok,False,False,-22.799,-10.261,flare_decay,2610,0.058684,18,3.2883e-07,4172.9,False,True,False,2.7282,718.49,,False,True,False,,False,not run,,,,,,,,,,,,,,,,,,,,,,,,not run,,,,,,0,-10.261,-6.4773,-20.856,-22.799
159161899_2614.4600,159161899,2614.5,B,8624,9.6872,5495.8,4,11.078,0.79619,0.735,199.65,58.574,True,False,,ok,False,False,-21.919,49.744,step,2614.5,0.064221,19.525,0.64441,4453.8,False,True,False,2.3134,1503.8,,True,False,False,,True,not run,,,,,,,,,,,,,,,,,,,,,,,,not run,,,,,,0,49.744,11.767,-21.919,-15.8
91992122_2611.1100,91992122,2611.1,B,8631,9.6756,2229.4,8,11.158,1.6602,1.11,145.05,20.718,True,False,,ok,True,True,294.57,535.88,flare_decay,2610.6,0.46207,36.725,1.3018,15643,True,True,False,5.781,642.8,,False,True,False,False,False,ok,False,False,1.8472,0.16389,True,,,-21.006,True,True,,0,17.873,False,"2001 FA130 (V=19.0, 15"")",True,False,False,False,False,,,,not run,,,,,,0,535.88,1803.7,980.95,294.57
149915334_2626.4600,149915334,2626.5,B,8632,9.6744,2394.2,6,11.607,1.7225,0.98,159.95,64.651,True,False,,ok,False,False,-11.003,-4.5532,ramp,2626.4,0.041465,0.96566,0.70378,1797.7,False,False,False,4.4519,0.077268,,True,False,True,,True,not run,,,,,,,,,,,,,,,,,,,,,,,,not run,,,,,,0,-4.5532,-11.003,-9.3974,-4.5571
198365739_2634.0200,198365739,2634,B,8634,9.6724,1815.7,3,10.94,1.1715,1.17,257.19,58.65,True,False,,ok,False,False,5.0754,-3.0439,flare_decay,2634,0.063744,2.7257,0.94972,2775.9,True,True,False,2.9142,2.019,grazing,False,True,False,,False,not run,,,,,,,,,,,,,,,,,,,,,,,,not run,,,,,,0,-3.0439,30.916,12.988,5.0754
356918927_2635.6300,356918927,2635.6,B,8635,9.6721,1399.5,6,10.911,0.88979,0.913,273.67,59.544,True,False,,ok,False,False,-16.159,-15.17,step,2635.6,0.025992,5.4791,0.0027648,818.85,False,True,False,2.3187,32.995,,True,False,True,,True,not run,,,,,,,,,,,,,,,,,,,,,,,,not run,,,,,,0,-15.17,-2.9776,-16.159,-10.286
233157075_2610.9900,233157075,2611,B,8639,9.6619,1449.7,12,12.322,2.6437,1.14,274.93,62.044,True,False,,ok,False,False,-6.4728,-6.3744,step,2610.9,0.052901,17.209,0.93827,2110,True,True,False,6.5726,44.991,,True,True,True,,True,not run,,,,,,,,,,,,,,,,,,,,,,,,not run,,,,,,0,-6.3744,9.7713,-6.4728,-5.5085
318291973_2635.4900,318291973,2635.5,B,8640,9.6612,1619.4,12,11.804,1.0405,0.98,164.47,48.783,True,False,,ok,False,False,-27.122,-21.593,step,2635.5,0.062836,18.209,0.93226,3019.2,True,True,False,2.7434,731.46,,False,True,False,,False,not run,,,,,,,,,,,,,,,,,,,,,,,,not run,,,,,,0,-21.593,47.669,-27.122,-17.18
252465775_2611.2400,252465775,2611.2,B,8641,9.6606,2820.3,6,11.997,0.87206,0.94,150.01,49.715,True,False,,ok,False,False,-3.4915,-0.26297,flare_decay,2611.1,0.073609,18,0.76793,5393.8,False,True,False,2.355,1116.9,,False,True,False,,False,not run,,,,,,,,,,,,,,,,,,,,,,,,not run,,,,,,0,-0.26297,15.832,-2.9708,-3.4915
219801699_2621.2900,219801699,2621.3,B,8643,9.6575,1975.4,8,12.243,2.1262,1.11,266.07,63.151,True,False,,ok,False,False,-6.8001,-6.0453,flare_decay,2621.3,0.10824,8.9103,1.0441,1796.2,True,True,False,5.6115,9.9799,,True,False,True,,True,not run,,,,,,,,,,,,,,,,,,,,,,,,not run,,,,,,0,-6.0453,1.835,-3.3655,-6.8001
11893760_2610.7600,11893760,2610.8,B,8647,9.6544,1810.3,6,9.3636,1.2783,1.166,178.05,53.689,True,False,,ok,True,True,165.56,121.39,step,2610.6,0.38812,35.1,1.2714,8665.9,True,True,False,4.1553,1509.1,,False,True,False,False,False,ok,False,False,-0.62598,-0.035276,True,,,-1.5325,True,False,11893761,0,-6.0435,True,,True,False,False,False,False,,,,not run,,,,,,0,121.39,178.4,165.56,165.58
4972006_2635.8100,4972006,2635.8,B,8653,9.6459,7943.8,2,12.313,1.7406,1.29,148.99,35.512,True,False,,ok,False,False,-36.049,244.8,ramp,2636,0.44075,16.7,1.2097,28061,True,True,False,5.6805,63.676,,False,,,,False,not run,,,,,,,,,,,,,,,,,,,,,,,,not run,,,,,,0,244.8,-36.049,180.41,197.48
141872943_2610.6500,141872943,2610.7,B,8655,9.6435,1713.1,6,11.31,1.764,1.01,207.71,59.182,True,False,,ok,False,False,-4.8424,0.76089,ramp,2610.6,0.14868,0.44283,1.0706,2905.2,True,True,False,4.979,,grazing,True,False,True,,True,not run,,,,,,,,,,,,,,,,,,,,,,,,not run,,,,,,0,0.76089,-4.8424,-2.9528,-3.443
233575319_2635.4800,233575319,2635.5,B,8663,9.6298,1783.1,12,11.395,1.3784,1.11,282.14,64.213,True,False,,ok,True,True,11.909,12.239,step,2635.5,0.071205,22.13,0.98549,2133.7,True,True,False,3.5145,624.86,,False,True,False,False,False,ok,False,False,,,True,,,0.93877,True,True,,0,,True,,True,False,False,False,False,,,,not run,,,,,,0,12.239,93.65,11.909,24.406
264173386_2611.2100,264173386,2611.2,B,8664,9.6297,940.38,6,9.1632,0.69735,0.86,294.31,70.741,True,False,,ok,False,False,-13.64,-11.559,step,2611.3,0.018092,2.7276,0.81559,312.19,False,True,False,1.8394,8.146,,True,False,False,,True,not run,,,,,,,,,,,,,,,,,,,,,,,,not run,,,,,,0,-11.559,-1.2326,-13.64,-7.8402
229464446_2635.8000,229464446,2635.8,B,8666,9.6276,2663.6,2,9.0172,0.87872,0.99,294.97,65.014,True,False,,ok,False,False,-19.674,-7.0818,flare_decay,2635.8,0.011856,1.9261,0.72597,144.93,False,False,False,2.1981,1.6639,,True,False,False,,True,not run,,,,,,,,,,,,,,,,,,,,,,,,not run,,,,,,0,-7.0818,-13.979,-19.318,-19.674
233164954_2635.8300,233164954,2635.8,B,8671,9.6144,1809.6,2,10.263,0.92452,0.987,187.02,59.811,True,False,,ok,False,False,-24.097,43.385,ramp,2636,0.9,12,1.8407,3736.2,True,True,False,4.3488,52.606,,False,True,False,,False,not run,,,,,,,,,,,,,,,,,,,,,,,,not run,,,,,,0,43.385,-24.097,38.831,53.638
207399644_2635.8000,207399644,2635.8,B,8679,9.6092,4282,3,11.479,0.74391,0.64,242.23,59.749,True,False,,ok,False,False,-21.969,-2.3255,ramp,2635.9,0.060771,10.575,0.95341,2469.4,True,True,False,2.2562,257.54,,False,True,False,,False,not run,,,,,,,,,,,,,,,,,,,,,,,,not run,,,,,,0,-2.3255,-21.969,-1.2286,0.27441
286714391_2618.2000,286714391,2618.2,B,8688,9.59,6156.2,1,11.771,1.7243,1.13,142.89,21.164,True,False,,ok,True,True,28.144,-1.9936,flare_decay,2618.2,0.10504,1.4936,0.9217,8031.9,True,True,False,4.5093,0.11264,grazing,False,True,False,True,True,ok,True,True,0.59301,1.732,True,0.4978,1.9832,4.4194,False,True,,0,5.6869,True,,True,False,False,False,False,,,,ok,False,0.9997,0.12162,17.789,26.684,0,-1.9936,75.823,38.182,28.144
137959094_2635.2800,137959094,2635.3,B,8691,9.5859,3323.5,6,11.892,2.1595,0.95,153.43,57.246,True,False,,ok,True,True,125.93,87.16,step,2635.6,0.3898,22.945,1.2619,10092,True,True,False,7.5338,70.937,,False,True,False,False,False,ok,False,False,,,True,0.67988,19.393,26.625,False,True,,1,,True,,True,False,False,False,False,,,,not run,,,,,,0,87.16,370.54,125.93,137.37
407582023_2635.8000,407582023,2635.8,B,8700,9.5753,5374.2,2,12.435,1.3222,1.02,145.25,33.811,True,False,,ok,False,False,-96.824,-55.979,step,2635.8,0.046672,1.9807,0.077738,2636.6,False,False,False,3.3882,0.41888,,False,True,False,,False,not run,,,,,,,,,,,,,,,,,,,,,,,,not run,,,,,,0,-55.979,-25.147,-96.824,-85.547
252801434_2635.7400,252801434,2635.7,B,8702,9.5727,3869,6,11.773,0.7012,0.71,166.09,45.275,True,False,,ok,False,False,-9.5367,-3.0654,ramp,2636,0.31646,0.47104,1.2473,3386.6,True,True,False,2.5496,,grazing,False,True,False,,False,not run,,,,,,,,,,,,,,,,,,,,,,,,not run,,,,,,0,-3.0654,-9.5367,-7.2991,-4.4908
233095515_2621.3800,233095515,2621.4,B,8709,9.5602,662.89,6,9.2983,2.3076,1.173,272.87,64.058,True,False,,ok,False,False,-9.1447,-9.7667,step,2621.2,0.014616,15.999,0.044996,258.82,False,True,False,5.4739,62.542,,False,True,False,,False,not run,,,,,,,,,,,,,,,,,,,,,,,,not run,,,,,,0,-9.7667,-7.2812,-9.1447,-7.2121
236817256_2610.6800,236817256,2610.7,B,8711,9.5592,2472.9,6,11.423,1.0671,0.979,283.76,56.574,True,False,,ok,False,False,-10.336,-7.4503,step,2610.6,0.030898,7.4739,0.38791,1119,False,True,False,2.7298,51.331,,False,True,False,,False,not run,,,,,,,,,,,,,,,,,,,,,,,,not run,,,,,,0,-7.4503,-9.837,-10.336,-6.8402
289718003_2611.1300,289718003,2611.1,B,8712,9.5587,12181,1,9.9351,0.97649,1.083,159.22,58.576,True,False,,ok,True,True,10.814,51.032,ramp,2611,0.39262,7.1804,1.2554,11366,True,True,False,3.2633,26.648,,False,True,False,False,False,ok,False,False,-1.0488,-0.63957,True,,,-28.767,True,True,,0,-10.025,True,,True,False,False,False,False,,,,not run,,,,,,0,51.032,10.814,26.076,26.795
95358516_2610.1000,95358516,2610.1,B,8713,9.5585,3398.1,6,12.413,1.4922,1.44,154.07,19.972,True,False,,ok,False,False,-13.226,-8.5417,ramp,2610.7,0.043797,8.143,0.00051119,2324.6,False,True,False,3.399,34.393,,True,False,False,,True,not run,,,,,,,,,,,,,,,,,,,,,,,,not run,,,,,,0,-8.5417,-13.226,-10.388,-5.1501
27066516_2635.5600,27066516,2635.6,B,8715,9.5567,3569,1.5,11.476,0.96292,0.86,151.76,18.18,True,False,,ok,False,False,5.2068,-2.3377,step,2635.6,0.058584,1.3297,0.34077,4054.9,False,False,False,2.6412,0.26106,,False,True,False,,False,not run,,,,,,,,,,,,,,,,,,,,,,,,not run,,,,,,0,-2.3377,31.615,5.2068,11.184
85335390_2610.2400,85335390,2610.2,B,8719,9.5499,1885.1,6,12.008,1.1094,1.05,168.25,34.634,True,False,,ok,False,False,-10.365,4.8689,ramp,2609.7,0.43117,34.707,1.3176,8636.6,True,True,False,3.8499,1834,,False,,,,False,not run,,,,,,,,,,,,,,,,,,,,,,,,not run,,,,,,0,4.8689,-10.365,8.7616,17.567
386883857_2626.5900,386883857,2626.6,B,8720,9.5473,6324.5,8,12.793,1.8106,1.33,136.71,23.849,True,False,,ok,False,False,9.2117,14.376,step,2626.6,0.083196,12.515,0.74249,7028.7,False,True,False,4.396,57.759,,True,True,True,,True,not run,,,,,,,,,,,,,,,,,,,,,,,,not run,,,,,,0,14.376,51.789,9.2117,11.854
141813110_2610.7100,141813110,2610.7,B,8721,9.5465,1668.8,8,11.07,0.89691,1.07,204.48,56.624,True,False,,ok,True,True,66.264,22.619,flare_decay,2610.7,0.067767,19.179,0.92939,3533,True,True,False,2.3071,1436.9,,False,True,False,False,False,ok,False,False,-0.0017287,-0.00040964,True,,,1.5543,True,True,,0,-0.016503,True,,True,False,False,False,False,,,,ok,False,0.14347,0.14286,25.291,1436.9,0,22.619,177.87,69.166,66.264
95358542_2614.4900,95358542,2614.5,B,8723,9.5457,4200.1,16,10.718,0.75742,0.817,154.08,19.852,True,False,,ok,False,False,-75.159,18.092,step,2614.4,0.063498,22.389,0.0010609,4885.3,False,True,False,2.123,2933.1,,True,False,False,,True,not run,,,,,,,,,,,,,,,,,,,,,,,,not run,,,,,,0,18.092,264.74,-75.159,120.35
160603595_2611.2800,160603595,2611.3,B,8728,9.5395,2704.8,1.5,9.8843,1.0111,1.148,245.13,76.568,True,False,,ok,False,False,-8.1884,-4.4752,flare_decay,2611.3,0.026788,0.74034,0.63818,778.1,False,False,False,2.443,0.060085,,True,False,True,,True,not run,,,,,,,,,,,,,,,,,,,,,,,,not run,,,,,,0,-4.4752,-6.2618,-7.4511,-8.1884
165685786_2626.3300,165685786,2626.3,B,8729,9.5388,1768.8,3,9.6429,0.91888,0.978,163.17,35.221,True,False,,ok,False,False,-13.457,-5.9118,ramp,2626.2,0.020399,3.2272,0.0015961,504.39,False,True,False,2.3275,6.655,,False,True,False,,False,not run,,,,,,,,,,,,,,,,,,,,,,,,not run,,,,,,0,-5.9118,-13.457,-13.028,-12.509
165413687_2610.1000,165413687,2610.1,B,8732,9.5314,4821.1,1.5,11.508,1.4115,1.03,159.52,29.155,True,False,,ok,False,False,-10.747,0.36437,ramp,2609.9,0.062915,12.275,0.47948,4541.7,False,True,False,3.6612,94.319,,False,,,,False,not run,,,,,,,,,,,,,,,,,,,,,,,,not run,,,,,,0,0.36437,-10.747,-6.1999,-2.27
159400374_2611.1400,159400374,2611.1,B,8733,9.53,2640.8,6,11.943,0.95119,1.01,238.12,82.229,True,False,,ok,False,False,-11.233,-2.3376,step,2610.8,0.38517,38.6,1.2861,6594.6,True,True,False,3.2361,4246.3,,False,,,,False,not run,,,,,,,,,,,,,,,,,,,,,,,,not run,,,,,,0,-2.3376,-5.1582,-11.233,-6.2047
8885631_2614.3800,8885631,2614.4,B,8734,9.5299,8958.3,1,12.575,1.5826,1.43,143.34,31.067,True,False,,ok,False,False,0.44138,1.4416,flare_decay,2614.4,0.3959,1.9571,1.2634,10761,True,True,False,4.834,0.11684,grazing,True,False,True,,True,not run,,,,,,,,,,,,,,,,,,,,,,,,not run,,,,,,0,1.4416,55.08,40.436,0.44138
55762489_2610.5600,55762489,2610.6,B,8736,9.5253,2903.3,4,10.225,0.85976,1.001,182.01,54.865,True,False,,ok,False,False,-10.675,-3.3952,step,2610.5,0.026053,8.1655,0.29816,807.25,False,True,False,2.1728,132.73,,False,True,False,,False,not run,,,,,,,,,,,,,,,,,,,,,,,,not run,,,,,,0,-3.3952,6.946,-10.675,-4.5731
377387602_2610.7500,377387602,2610.8,B,8741,9.5208,504.33,6,9.001,1.1349,1.057,149.62,54.01,True,False,,ok,False,False,-14.808,-15.605,ramp,2610.2,0.33893,37.685,1.2919,1852,True,True,False,3.6763,2695.8,,False,,,,False,not run,,,,,,,,,,,,,,,,,,,,,,,,not run,,,,,,0,-15.605,-14.808,-1.6159,11.201
318292476_2610.7300,318292476,2610.7,B,8742,9.5196,4910.8,6,11.613,0.74668,0.945,164.57,51.727,True,False,,ok,False,False,-11.527,-12.466,step,2610.7,0.042122,12.998,0.0012506,2150.2,False,True,False,1.9537,736.44,,False,True,False,,False,not run,,,,,,,,,,,,,,,,,,,,,,,,not run,,,,,,0,-12.466,-0.78247,-11.527,-5.2101
87950409_2621.4500,87950409,2621.4,B,8744,9.5175,4948.1,2,12.068,1.5338,1.07,145.61,23.277,True,False,,ok,True,True,65.226,19.157,step,2621.5,0.10388,5.1051,0.88859,9074,False,True,False,4.08,4.8666,,False,True,False,False,False,ok,False,False,,,True,0.42508,2.8636,3.7054,False,True,,0,,True,,True,False,False,False,False,,,,not run,,,,,,0,19.157,199.78,65.226,70.848
142903881_2635.8300,142903881,2635.8,B,8746,9.5143,4124.3,1,9.9415,1.258,1.132,177.11,71.221,True,False,,ok,False,False,-129.99,342.97,ramp,2635.9,0.11815,8.2249,0.99698,5030,True,True,False,3.3261,37.828,,False,True,False,,False,not run,,,,,,,,,,,,,,,,,,,,,,,,not run,,,,,,0,342.97,-129.99,66.037,68.47
316417839_2610.4400,316417839,2610.4,B,8751,9.5096,7281.8,1.5,12.385,0.43285,0.42801,189.18,55.069,True,False,,ok,False,False,-19.496,7.3803,ramp,2610.3,0.41989,12.15,1.2919,10412,True,True,False,2.0094,552.91,,False,True,False,,False,not run,,,,,,,,,,,,,,,,,,,,,,,,not run,,,,,,0,7.3803,-19.496,2.837,5.7117
377292963_2635.8100,377292963,2635.8,B,8752,9.507,2670.3,2,9.8592,0.73854,0.68,286.65,59.598,True,False,,ok,False,False,-18.174,36.072,flare_decay,2636,0.4009,13.075,1.3504,2215.5,True,True,False,2.8992,229.47,,False,True,False,,False,not run,,,,,,,,,,,,,,,,,,,,,,,,not run,,,,,,0,36.072,-5.5592,15.114,-18.174
330755655_2626.9400,330755655,2626.9,B,8762,9.4924,5377.1,6,12.985,1.6012,1.05,144.31,25.15,True,False,,ok,True,True,14.233,-4.5864,step,2627,0.07828,6.966,0.74345,6220.5,False,True,False,4.1868,11.5,,True,False,True,False,True,ok,False,False,-0.11734,-0.12075,True,,,-3.9935,True,True,,0,-1.1139,True,,True,False,False,False,False,,,,not run,,,,,,0,-4.5864,54.8,14.233,16.28
372680152_2635.6300,372680152,2635.6,B,8767,9.4878,4383.9,8,12.591,0.82106,1,140.96,41.049,True,False,,ok,False,False,2.8192,-4.3725,step,2635.5,0.054312,16.751,0.24461,3530,False,True,False,2.1329,1211.4,,False,True,False,,False,not run,,,,,,,,,,,,,,,,,,,,,,,,not run,,,,,,0,-4.3725,14.237,2.8192,8.9633
171598679_2610.0900,171598679,2610.1,B,8776,9.4751,2781.8,6,12.004,0.88627,0.856,156.74,20.689,True,False,,ok,False,False,-5.878,-2.2799,step,2610,0.050653,1.0165,0.43254,2978.9,False,False,False,2.4164,0.080623,,True,False,True,,True,not run,,,,,,,,,,,,,,,,,,,,,,,,not run,,,,,,0,-2.2799,-2.9396,-5.878,-5.4424
288347689_2626.4400,288347689,2626.4,B,8777,9.4736,3631.4,6,12.468,0.64345,0.642,264.88,79.034,True,False,,ok,False,False,-8.8833,-5.9403,step,2626.5,0.034447,9.1392,0.04428,1437.5,False,True,False,1.901,277.85,,True,False,True,,True,not run,,,,,,,,,,,,,,,,,,,,,,,,not run,,,,,,0,-5.9403,-8.6856,-8.8833,-4.4706
17258580_2610.4300,17258580,2610.4,B,8787,9.4617,732.73,6,9.3582,1.0696,1.086,147.31,36.32,True,False,,ok,True,True,39.728,37.65,step,2610.2,0.38179,38.725,1.2771,7203.1,True,True,False,3.5436,3266.2,,False,True,False,False,False,ok,False,False,-1.9762,-0.45282,True,,,0.14592,True,True,,0,-18.699,True,,True,False,False,False,False,,,,not run,,,,,,0,37.65,107.41,39.728,46.388
165690623_2610.7300,165690623,2610.7,B,8793,9.4566,2389.2,8,12.025,1.5057,1.09,163.71,30.378,True,False,,ok,False,False,-46.743,-8.2872,flare_decay,2610.7,0.040146,7.396,0.010224,1953.2,False,True,False,3.7506,19.171,,True,False,True,,True,not run,,,,,,,,,,,,,,,,,,,,,,,,not run,,,,,,0,-8.2872,32.594,-22.423,-46.743
233431457_2610.8700,233431457,2610.9,B,8796,9.4557,5440.7,2,12.55,1.0882,1.02,145.58,28.644,True,False,,ok,False,False,6.2249,4.2072,flare_decay,2610.9,0.39739,3.3862,1.2915,7452.9,True,True,False,3.7232,1.8556,grazing,True,False,True,,True,not run,,,,,,,,,,,,,,,,,,,,,,,,not run,,,,,,0,4.2072,42.321,53.776,6.2249
8746020_2611.0400,8746020,2611,B,8805,9.4474,3241.8,12,12.811,0.80385,0.98,139.8,32.645,True,False,,ok,False,False,-3.3538,-6.2908,flare_decay,2611.1,0.36854,16.1,1.2927,4183.8,True,True,False,2.7291,513.65,,True,False,True,,True,not run,,,,,,,,,,,,,,,,,,,,,,,,not run,,,,,,0,-6.2908,25.746,10.647,-3.3538
230075971_2635.6600,230075971,2635.7,B,8809,9.4431,2676.5,8,12.082,0.69088,0.664,244.73,65.996,True,False,,ok,False,False,-10.387,-13.551,step,2636,0.040061,11.577,0.001848,1945,False,True,False,2.0294,464.29,,False,,,,False,not run,,,,,,,,,,,,,,,,,,,,,,,,not run,,,,,,0,-13.551,-0.60748,-10.387,-4.2325
66696392_2626.6900,66696392,2626.7,B,8811,9.442,2713.8,4,11.665,0.71634,0.83,156.32,55.935,True,False,,ok,False,False,-8.5354,-7.1855,step,2626.6,0.030108,6.7416,0.29344,1078.7,False,True,False,1.9346,105.82,,False,True,False,,False,not run,,,,,,,,,,,,,,,,,,,,,,,,not run,,,,,,0,-7.1855,-5.5329,-8.5354,-3.7303
157834954_2635.7900,157834954,2635.8,B,8812,9.442,4419,3,12.452,0.97084,0.98,149.78,42.844,True,False,,ok,False,False,-30.501,7.8098,ramp,2635.9,0.9,10.075,1.8176,6424,True,True,False,4.5778,26.689,,False,True,False,,False,not run,,,,,,,,,,,,,,,,,,,,,,,,not run,,,,,,0,7.8098,-30.501,-16.295,-13.07
302671418_2626.4500,302671418,2626.4,B,8822,9.4322,3919.1,6,12.73,1.9396,0.93,163.96,58.019,True,False,,ok,False,False,-6.2394,-3.7195,step,2626.4,0.13791,22.485,1.0177,5479.9,True,True,False,5.5754,164.4,,False,True,False,,False,not run,,,,,,,,,,,,,,,,,,,,,,,,not run,,,,,,0,-3.7195,2.5459,-6.2394,-1.2851
82220286_2611.6800,82220286,2611.7,B,8827,9.4231,7418.6,2,12.961,1.0513,0.98,148.26,29.052,True,False,,ok,True,True,19.725,-1.9668,flare_decay,2611.7,0.092338,3.199,0.7902,8297.5,False,True,False,2.8488,3.5216,,True,False,False,False,True,ok,False,False,0.42473,0.32446,False,1.0664,4.6236,3.6228,False,True,,0,4.0023,True,,True,False,False,False,False,,,,not run,,,,,,0,-1.9668,80.115,22.887,19.725
157871338_2629.0400,157871338,2629,B,8831,9.4168,9283.1,1,12.372,0.95562,0.95,191.06,53.258,True,False,,ok,True,True,21.202,8.7091,flare_decay,2629,0.4229,1.3613,1.2679,14314,True,True,False,3.4088,0.079726,grazing,False,True,False,False,False,ok,False,False,-0.21996,-0.12135,True,,,2.0468,True,True,,0,-2.0713,True,,True,False,False,False,False,,,,not run,,,,,,0,8.7091,93.649,61.34,21.202
289582095_2610.6200,289582095,2610.6,B,8836,9.4113,2178.2,2,9.7713,1.6435,1.153,253.13,64.947,True,False,,ok,False,False,-4.9958,-3.6582,step,2610.6,0.02404,5.4246,0.14873,697.32,False,True,False,3.9558,6.4179,,False,True,False,,False,not run,,,,,,,,,,,,,,,,,,,,,,,,not run,,,,,,0,-3.6582,-2.3741,-4.9958,-3.5992
415761040_2635.5400,415761040,2635.5,B,8838,9.4089,2763.8,4,11.578,0.87297,0.766,162.32,46.643,True,False,,ok,True,True,34.191,41.419,ramp,2635.6,0.35911,16.896,1.2774,4677.4,True,True,False,3.1955,369.91,,False,True,False,False,False,ok,False,False,-2.5778,-0.59917,True,,,2.7118,True,True,,0,-24.254,True,,True,False,False,False,False,,,,not run,,,,,,0,41.419,34.191,61.224,75.928
4990618_2635.8300,4990618,2635.8,B,8839,9.4081,4199.5,1.5,11.471,1.0801,0.95,149.46,34.474,True,False,,ok,False,False,-36.852,167.33,ramp,2636,0.41747,12.275,1.285,10995,True,True,False,3.8383,81.859,,False,,,,False,not run,,,,,,,,,,,,,,,,,,,,,,,,not run,,,,,,0,167.33,-36.852,70.459,80.388
371490927_2635.6500,371490927,2635.7,B,8848,9.3979,1471.6,8,11.125,0.96351,1.01,149.07,52.45,True,False,,ok,False,False,-3.5513,1.5786,step,2635.6,0.39146,17.348,1.3446,1947.6,True,True,False,3.293,365.84,,False,True,False,,False,not run,,,,,,,,,,,,,,,,,,,,,,,,not run,,,,,,0,1.5786,14.749,-3.5513,1.6524
232975610_2610.9900,232975610,2611,B,8854,9.3933,2889.5,6,12.642,1.0565,1.21,200.55,69.516,True,False,,ok,False,False,-1.6477,-5.8891,step,2611,0.064134,7.9026,0.9188,3276.4,True,True,False,2.5996,70.263,,True,False,True,,True,not run,,,,,,,,,,,,,,,,,,,,,,,,not run,,,,,,0,-5.8891,4.5695,-1.6477,1.0704
233011892_2611.3000,233011892,2611.3,B,8872,9.3734,3395.4,3,10.603,1.3445,1.168,248.57,71.932,True,False,,ok,False,False,-15.78,-0.19951,ramp,2611,0.39351,18,1.3486,1820.3,True,True,False,4.3854,173.15,,False,,,,False,not run,,,,,,,,,,,,,,,,,,,,,,,,not run,,,,,,0,-0.19951,-15.78,-11.984,-6.6428
9375314_2635.8100,9375314,2635.8,B,8876,9.369,3564.6,2,11.608,1.1373,1.04,150.7,37.75,True,False,,ok,False,False,-12.238,129.96,ramp,2636,0.41512,13.2,1.2888,10136,True,True,False,3.9151,95.929,,False,,,,False,not run,,,,,,,,,,,,,,,,,,,,,,,,not run,,,,,,0,129.96,-12.238,101.41,120.69
1400807589_2621.4400,1400807589,2621.4,B,8880,9.3638,3696.7,3,7.6389,0.86154,0.94,265.72,58.685,True,False,,ok,False,False,-23.484,-11.851,ramp,2621.4,0.020334,7.0247,0.97836,260.1,True,True,False,2.2111,80.198,,False,True,False,,False,not run,,,,,,,,,,,,,,,,,,,,,,,,not run,,,,,,0,-11.851,-23.484,-16.446,-11.573
233164593_2621.4400,233164593,2621.4,B,8897,9.3371,3988.3,3,11.341,1.1181,1.12,186.88,57.04,True,False,,ok,False,False,-11.682,-5.035,ramp,2621.5,0.020233,2.0192,0.24143,490.23,False,False,False,2.7066,1.0046,,True,True,True,,True,not run,,,,,,,,,,,,,,,,,,,,,,,,not run,,,,,,0,-5.035,-11.682,-8.8332,-6.4393
85286071_2635.5400,85286071,2635.5,B,8900,9.3346,3150.9,8,12.936,1.4137,1.03,155.55,32.899,True,False,,ok,False,False,-6.9994,-4.507,step,2635.6,0.05657,14.577,0.00026405,3877.8,False,True,False,3.6451,160.05,,False,True,False,,False,not run,,,,,,,,,,,,,,,,,,,,,,,,not run,,,,,,0,-4.507,7.9751,-6.9994,-1.4227
441725294_2626.3700,441725294,2626.4,B,8903,9.329,3243.3,2,9.8686,0.91742,0.947,256.11,72.497,True,False,,ok,False,False,-9.4681,-3.9828,step,2626.2,0.023651,1.27,0.78186,551.67,False,False,False,2.3564,0.35175,,False,True,False,,False,not run,,,,,,,,,,,,,,,,,,,,,,,,not run,,,,,,0,-3.9828,-9.4617,-9.4681,-7.9119
286713825_2635.1300,286713825,2635.1,B,8904,9.329,9932.3,1,12.781,1.1404,1.01,142.88,23.177,True,False,,ok,False,False,5.8743,-1.1766,flare_decay,2635.1,0.21477,2.0645,1.047,11885,True,True,False,3.4028,0.5073,grazing,False,True,False,,False,not run,,,,,,,,,,,,,,,,,,,,,,,,not run,,,,,,0,-1.1766,89.349,55.833,5.8743
159500796_2635.7900,159500796,2635.8,B,8906,9.3265,5391.4,3,12.237,0.85642,0.939,245.85,78.271,True,False,,ok,False,False,-23.552,13.82,ramp,2636,0.42978,14.175,1.3328,6646.3,True,True,False,3.0814,243.55,,False,,,,False,not run,,,,,,,,,,,,,,,,,,,,,,,,not run,,,,,,0,13.82,-23.552,-1.4594,4.0828
253051722_2610.4200,253051722,2610.4,B,8911,9.3225,1245.4,4,10.533,1.4252,1.04,177.8,44.159,True,False,,ok,False,False,-11.196,-7.8902,ramp,2610.3,0.040519,12,0.94763,1204.4,True,True,False,3.6073,92.126,,False,True,False,,False,not run,,,,,,,,,,,,,,,,,,,,,,,,not run,,,,,,0,-7.8902,-11.196,-9.3766,-10.681
233537038_2635.6400,233537038,2635.6,B,8916,9.3173,4099.9,8,10.378,2.0684,1,280.73,65.629,True,False,,ok,True,True,11.447,25.714,ramp,2635.8,0.3898,45.3,1.3036,5275.4,True,True,False,7.0922,654.27,,False,True,False,False,False,ok,False,False,,,True,0.076292,1.1685,10.805,False,False,233537036;233537035,0,,True,,True,False,False,False,False,,,,not run,,,,,,0,25.714,11.447,21.835,33.582
63217663_2611.2000,63217663,2611.2,B,8921,9.3138,4371.5,3,12.378,0.81941,0.99,157.09,17.693,True,False,,ok,True,True,17.237,-1.1001,flare_decay,2611.2,0.070857,5.5188,0.90227,4157.4,True,True,False,2.1693,41.177,,True,False,True,False,True,ok,False,False,0.12535,0.13088,True,,,1.015,True,True,,0,1.1675,True,,True,False,False,False,False,,,,not run,,,,,,0,-1.1001,51.36,19.027,17.237
219432423_2626.5400,219432423,2626.5,B,8927,9.3088,2757.3,6,12.286,1.7565,1.11,204.14,75.449,True,False,,ok,False,False,1.5584,3.5885,flare_decay,2626.5,0.34867,15.956,1.2843,3125.1,True,True,False,5.6415,56.696,,True,False,True,,True,not run,,,,,,,,,,,,,,,,,,,,,,,,not run,,,,,,0,3.5885,8.1602,12.299,1.5584
229683562_2626.3800,229683562,2626.4,B,8928,9.3072,1321.6,12,11.953,1.198,1.04,262.49,56.556,True,False,,ok,False,False,-8.8787,-8.1872,flare_decay,2626.4,0.034422,12.978,0.194,1424.9,False,True,False,3.014,199.76,,True,False,True,,True,not run,,,,,,,,,,,,,,,,,,,,,,,,not run,,,,,,0,-8.1872,19.71,-8.4595,-8.8787
298049986_2611.4000,298049986,2611.4,B,8929,9.3053,2926.7,6,11.761,1.6689,1.21,191.5,80.137,True,False,,ok,False,False,-10.346,-5.2572,ramp,2611.3,0.11403,0.33348,1.0122,3785.6,True,True,False,4.3006,,grazing,True,False,True,,True,not run,,,,,,,,,,,,,,,,,,,,,,,,not run,,,,,,0,-5.2572,-10.346,-8.0467,-5.7601
165555117_2611.4500,165555117,2611.4,B,8930,9.3037,1517.9,12,11.613,1.1744,0.859,267.04,58.561,True,False,,ok,True,True,12.897,1.2652,step,2611.4,0.04009,15.785,0.00014755,1947.8,False,True,False,3.1664,310,,True,False,True,True,True,ok,False,True,0.64709,0.47277,True,0.33301,3.6078,14.913,False,False,165555118,0,6.0203,True,,True,False,False,False,False,,,,not run,,,,,,0,1.2652,64.602,12.897,16.656
85292285_2635.7400,85292285,2635.7,B,8931,9.3036,2734.9,6,12.341,0.87114,0.86,156.66,31.655,True,False,,ok,False,False,-8.0649,-7.1242,ramp,2635.9,0.0389,3.2117,0.057548,1832.7,False,True,False,2.3449,6.4137,,False,True,False,,False,not run,,,,,,,,,,,,,,,,,,,,,,,,not run,,,,,,0,-7.1242,-8.0649,-6.3439,-5.5571
219895913_2626.8700,219895913,2626.9,B,8939,9.2934,1597.9,24,12.686,0.85033,0.775,263.2,66.57,True,False,,ok,False,False,-20.426,-0.66212,ramp,2626.9,0.32544,32.511,1.271,2311.8,True,True,False,3.0236,3110.2,,True,False,True,,True,not run,,,,,,,,,,,,,,,,,,,,,,,,not run,,,,,,0,-0.66212,-20.426,-4.1946,-16.756
253045138_2635.8100,253045138,2635.8,B,8953,9.273,3612.5,3,11.773,0.75508,0.635,176.67,44.48,True,False,,ok,False,False,-13.792,33.612,ramp,2636.2,0.40237,23.365,1.2398,15174,True,True,False,3.0359,1140.6,,False,,,,False,not run,,,,,,,,,,,,,,,,,,,,,,,,not run,,,,,,0,33.612,-13.792,54.791,64.465
288130482_2621.4500,288130482,2621.4,B,8955,9.2709,4952.4,2,10.804,1.1651,1.19,208.4,82.606,True,False,,ok,False,False,-21.5,15.865,ramp,2621.6,0.35814,11.95,1.2793,4406.8,True,True,False,3.68,85.692,,False,,,,False,not run,,,,,,,,,,,,,,,,,,,,,,,,not run,,,,,,0,15.865,-21.5,-0.55851,4.532
166012677_2610.5100,166012677,2610.5,B,8957,9.2694,5144.8,2,10.824,0.72419,0.68,212.38,64.969,True,False,,ok,False,False,-6.0577,9.7818,ramp,2610.3,0.092882,16.2,0.99216,3255.2,True,True,False,2.2176,975.06,,False,,,,False,not run,,,,,,,,,,,,,,,,,,,,,,,,not run,,,,,,0,9.7818,-6.0577,0.92384,0.31314
320526395_2610.6800,320526395,2610.7,B,8960,9.2656,1535.4,6,9.35,2.1563,1.72,264.94,59.125,True,False,,ok,False,False,-10.232,-5.3957,step,2610.2,0.02632,35.92,0.85237,631.15,False,True,False,4.5531,1229.6,,False,,,,False,not run,,,,,,,,,,,,,,,,,,,,,,,,not run,,,,,,0,-5.3957,-8.8324,-10.232,-6.7787
24005848_2610.4000,24005848,2610.4,B,8962,9.2647,5906,2,12.936,0.89751,1.04,163.54,43.173,True,False,,ok,False,False,-29.593,78.227,ramp,2610.2,0.48323,12.075,1.3211,16223,True,True,False,3.2379,129.77,,False,True,False,,False,not run,,,,,,,,,,,,,,,,,,,,,,,,not run,,,,,,0,78.227,-29.593,63.921,66.169
331943300_2611.3000,331943300,2611.3,B,8965,9.2612,3280.7,8,12.881,1.1043,0.98,148.58,57.411,True,False,,ok,False,False,3.1403,-5.5028,flare_decay,2611.3,0.058603,4.5021,0.0071372,4161.4,False,True,False,2.9001,9.3432,,True,False,True,,True,not run,,,,,,,,,,,,,,,,,,,,,,,,not run,,,,,,0,-5.5028,18.726,8.5142,3.1403
368413432_2635.5400,368413432,2635.5,B,8966,9.2608,1095,8,10.094,2.2024,0.91,157.19,34.89,True,False,,ok,True,True,11.387,16.511,step,2635.5,0.4224,15.297,1.3724,2225.2,True,True,False,7.9787,17.658,,False,True,False,False,False,ok,False,False,0.58858,0.20446,False,1.4615,16.944,11.046,False,True,,0,5.4508,True,,True,False,False,False,False,,,,not run,,,,,,0,16.511,72.527,11.387,22.17
27066746_2610.1000,27066746,2610.1,B,8967,9.2597,3287.5,6,12.415,1.3888,1.28,151.89,18.777,True,False,,ok,False,False,-7.3396,-3.9053,step,2610.9,0.24502,20.498,1.1363,6335.1,True,True,False,3.925,356.56,,True,False,True,,True,not run,,,,,,,,,,,,,,,,,,,,,,,,not run,,,,,,0,-3.9053,-7.1245,-7.3396,-1.9902
389962746_2610.7100,389962746,2610.7,B,8968,9.2596,3002.5,6,12.367,1.2937,1.24,276.77,58.175,True,False,,ok,False,False,-8.3792,-3.5272,step,2610.5,0.053358,16.727,0.057341,3447.7,False,True,False,3.1259,383.41,,False,True,False,,False,not run,,,,,,,,,,,,,,,,,,,,,,,,not run,,,,,,0,-3.5272,-1.745,-8.3792,-4.335
219898841_2611.0300,219898841,2611,B,8969,9.2592,4371.4,6,12.5,0.52432,0.52157,263.52,67.145,True,False,,ok,False,False,-14.301,-5.0313,ramp,2610.5,0.4049,47.85,1.2622,12278,True,True,False,2.2548,23904,,False,,,,False,not run,,,,,,,,,,,,,,,,,,,,,,,,not run,,,,,,0,-5.0313,-14.301,-8.3599,-3.3362
232646239_2635.8200,232646239,2635.8,B,8981,9.2473,3293.1,1.5,10.268,1.3205,1.342,281.65,58.572,True,False,,ok,False,False,-10.713,-1.816,step,2635.9,0.031311,5.6181,0.1093,1185.4,False,True,False,3.0424,15.738,,False,True,False,,False,not run,,,,,,,,,,,,,,,,,,,,,,,,not run,,,,,,0,-1.816,-9.7946,-10.713,-5.2774
349793852_2610.8600,349793852,2610.9,B,8988,9.238,1492.1,12,11.849,1.3004,1.17,143.47,24.183,True,False,,ok,False,False,9.5248,11.071,step,2610.9,0.10032,25.28,1.0051,3154.4,True,True,False,3.3464,1078.8,,False,True,False,,False,not run,,,,,,,,,,,,,,,,,,,,,,,,not run,,,,,,0,11.071,41.992,9.5248,18.537
8768832_2611.0000,8768832,2611,B,8989,9.2357,4490.5,1,10.589,2.6336,1.03,140.23,30.686,True,False,,ok,False,False,-152.76,237.25,ramp,2610.9,0.067416,6.5999,0.91179,3682.8,True,True,False,6.8669,2.0626,grazing,False,True,False,,False,not run,,,,,,,,,,,,,,,,,,,,,,,,not run,,,,,,0,237.25,-152.76,-14.974,6.9552
142825799_2611.1400,142825799,2611.1,B,8996,9.2261,2644.7,12,12.842,1.8,0.96,173.64,66.53,True,False,,ok,False,False,-26.242,-20.61,step,2611.1,0.053295,13.545,0.0022321,3441.8,False,True,False,4.7378,58.506,,True,False,True,,True,not run,,,,,,,,,,,,,,,,,,,,,,,,not run,,,,,,0,-20.61,32.962,-26.242,-19.564
63308667_2627.3300,63308667,2627.3,B,9005,9.2148,6524,4,12.918,1.5843,1.09,158.3,15.67,True,False,,ok,False,False,-17.135,-5.5137,step,2627.3,0.073479,4.8972,3.3574e-06,6540.9,False,True,False,4.073,4.3099,,True,False,True,,True,not run,,,,,,,,,,,,,,,,,,,,,,,,not run,,,,,,0,-5.5137,24.477,-17.135,-0.12417
21501157_2635.4300,21501157,2635.4,B,9006,9.2123,2566.7,12,12.803,1.7546,1.1,149.05,37.916,True,False,,ok,False,False,0.57609,6.1368,step,2635.5,0.32717,22.877,1.2352,5466.4,True,True,False,5.5622,174.4,,False,True,False,,False,not run,,,,,,,,,,,,,,,,,,,,,,,,not run,,,,,,0,6.1368,72.649,0.57609,11.952
356501075_2610.9000,356501075,2610.9,B,9007,9.2118,2855.5,4,11.298,0.77436,0.896,150.81,61.267,True,False,,ok,False,False,-2.2939,-5.8573,step,2610.9,0.050837,6.5156,0.9444,1906.4,True,True,False,2.0797,76.906,,True,False,False,,True,not run,,,,,,,,,,,,,,,,,,,,,,,,not run,,,,,,0,-5.8573,0.22592,-2.2939,2.1157
149442497_2627.1300,149442497,2627.1,B,9009,9.2105,4122,1,10.912,1.1757,0.969,140.84,27.698,True,False,,ok,True,True,13.4,-1.8594,flare_decay,2627.1,0.055415,1.5418,0.00021281,3721.1,False,False,False,3.09,0.12174,,False,True,False,,False,not run,,,,,,,,,,,,,,,,,,,,,,,,not run,,,,,,0,-1.8594,91.061,60.116,13.4
229747217_2635.6800,229747217,2635.7,B,9010,9.2098,4710.9,6,12.42,1.3726,1.27,280.51,71.765,True,False,,ok,False,False,-1.1291,3.7688,step,2635.6,0.066347,14.167,0.816,4182,False,True,False,3.3307,192.55,,False,True,False,,False,not run,,,,,,,,,,,,,,,,,,,,,,,,not run,,,,,,0,3.7688,7.8315,-1.1291,6.4488
229472674_2611.2000,229472674,2611.2,B,9013,9.2087,3345.5,6,12.228,0.91637,1.02,295.33,63.517,True,False,,ok,False,False,-13.007,-3.8167,ramp,2611,0.081228,5.6307,0.97977,2984.9,True,True,False,2.4253,31.294,,False,True,False,,False,not run,,,,,,,,,,,,,,,,,,,,,,,,not run,,,,,,0,-3.8167,-13.007,-8.653,-3.6243
105533536_2635.5700,105533536,2635.6,B,9026,9.1842,1918.5,8,11.336,2.0166,1.14,152.65,46.775,True,False,,ok,False,False,1.7179,-0.46648,step,2635.6,0.047843,16.074,0.92169,1821.2,True,True,False,4.9869,83.877,,False,True,False,,False,not run,,,,,,,,,,,,,,,,,,,,,,,,not run,,,,,,0,-0.46648,30.351,1.7179,10.427
95312252_2626.2500,95312252,2626.2,B,9027,9.184,2534.9,6,12.141,1.0902,0.96,153.11,21.926,True,False,,ok,False,False,-6.3913,7.8146,step,2626.6,0.054151,1.8642,0.12809,3541.5,False,False,False,2.8707,0.64183,,False,True,False,,False,not run,,,,,,,,,,,,,,,,,,,,,,,,not run,,,,,,0,7.8146,12.485,-6.3913,-5.6648
171557890_2610.0100,171557890,2610,B,9038,9.173,6745.6,2,12.458,0.96373,1.12,156.17,21.28,True,False,,ok,True,True,21.587,134.42,ramp,2609.8,0.41712,9.7873,1.2133,22334,True,True,False,3.2408,68.917,,False,,,False,False,ok,False,False,0.80034,0.12663,True,0.89629,8.3108,10.297,False,True,,0,7.3415,True,,True,False,False,False,False,,,,ok,False,1,0.065994,26.21,68.917,0,134.42,21.587,33.258,45.23
39730301_2610.6300,39730301,2610.6,B,9058,9.1585,5096.6,1.5,10.458,0.86603,0.931,153.59,45.549,True,False,,ok,False,False,-74.335,301.89,ramp,2610.5,0.43632,10.775,1.3186,9197,True,True,False,3.1392,101.18,,False,True,False,,False,not run,,,,,,,,,,,,,,,,,,,,,,,,not run,,,,,,0,301.89,-74.335,90.223,85.576
14899953_2614.3600,14899953,2614.4,B,9063,9.1528,4706.6,3,12.603,1.998,1.47,159.86,33.494,True,False,,ok,True,True,34.206,-0.64476,flare_decay,2614.4,0.08096,3.6301,0.79089,6383.4,False,False,False,4.6824,1.0725,,True,False,True,,True,not run,,,,,,,,,,,,,,,,,,,,,,,,not run,,,,,,0,-0.64476,75.357,38.004,34.206
321601360_2611.3500,321601360,2611.3,B,9064,9.1518,1665.8,6,10.4,2.0445,1.35,269.76,72.639,True,False,,ok,False,False,-13.873,-5.6045,ramp,2611.9,0.021678,8.2236,0.2384,562.88,False,True,False,4.659,13.734,,True,False,True,,True,not run,,,,,,,,,,,,,,,,,,,,,,,,not run,,,,,,0,-5.6045,-13.873,-10.85,-8.7287
149442769_2626.4300,149442769,2626.4,B,9065,9.1516,6276.5,3,12.585,1.0354,1.1,140.78,29.106,True,False,,ok,False,False,-6.3079,-6.7585,step,2626.3,0.051021,4.5009,0.03219,3153.8,False,True,False,2.5977,12.999,,False,True,False,,False,not run,,,,,,,,,,,,,,,,,,,,,,,,not run,,,,,,0,-6.7585,-4.861,-6.3079,-1.6119
441813934_2626.6900,441813934,2626.7,B,9066,9.1509,7696.1,4,12.017,1.0115,1.19,267.35,77.005,True,False,,ok,False,False,-11.31,-2.6439,ramp,2626.7,0.068413,16.637,0.93086,3579.9,True,True,False,2.5128,726.01,,False,True,False,,False,not run,,,,,,,,,,,,,,,,,,,,,,,,not run,,,,,,0,-2.6439,-11.31,-5.4344,-0.50703
202503986_2635.7800,202503986,2635.8,B,9067,9.1509,4563.7,4,11.857,0.72757,0.804,230.19,62.05,True,False,,ok,False,False,-10.31,-3.716,ramp,2635.7,0.15633,0.25012,1.0632,3944.5,True,True,False,2.2293,,grazing,True,False,False,,True,not run,,,,,,,,,,,,,,,,,,,,,,,,not run,,,,,,0,-3.716,-10.31,-9.4051,-7.9928
155208355_2635.7900,155208355,2635.8,B,9068,9.1494,1600.2,3,9.8405,0.43897,0.43467,144.85,31.755,True,False,,ok,False,False,-8.3436,-3.7285,step,2636.1,0.025754,17.743,0.010148,803.91,False,True,False,1.4645,4446.8,,False,,,,False,not run,,,,,,,,,,,,,,,,,,,,,,,,not run,,,,,,0,-3.7285,-7.877,-8.3436,-2.482
18066535_2610.4200,18066535,2610.4,B,9069,9.148,1884.3,4,11.205,1.2052,1.19,173.11,38.572,True,False,,ok,False,False,-12.44,-7.8966,ramp,2610,0.36334,29.44,1.2506,7980.3,True,True,False,3.8216,1144.4,,False,,,,False,not run,,,,,,,,,,,,,,,,,,,,,,,,not run,,,,,,0,-7.8966,-12.44,14.279,22.769
198415281_2635.7800,198415281,2635.8,B,9070,9.1477,3681.4,4,12.05,0.87313,0.821,259.61,56.965,True,False,,ok,False,False,-10.422,-11.048,flare_decay,2635.9,0.036661,10.818,0.72544,1385.6,False,True,False,2.3818,234.33,,False,True,False,,False,not run,,,,,,,,,,,,,,,,,,,,,,,,not run,,,,,,0,-11.048,-8.5306,-9.7762,-10.422
4990162_2635.4800,4990162,2635.5,B,9081,9.1376,1064.2,8,10.604,1.1939,1.2,149.45,34.466,True,False,,ok,True,True,73.602,37.615,step,2635.5,0.058422,19.706,0.94766,2428.8,True,True,False,2.9303,760.88,,False,True,False,False,False,ok,False,False,,,True,,,-2.2471,True,True,,0,,True,,True,False,False,False,False,,,,not run,,,,,,0,37.615,165.89,73.602,92.181
236716189_2621.4800,236716189,2621.5,B,9082,9.1361,5620.6,1,11.024,1.2716,1.25,239.5,62.532,True,False,,ok,False,False,-15.119,20.757,ramp,2621.5,0.053328,6.85,3.0937e-06,3446.2,False,True,False,3.0641,27.942,,False,True,False,,False,not run,,,,,,,,,,,,,,,,,,,,,,,,not run,,,,,,0,20.757,-15.119,-8.3175,-4.4703
459191811_2626.3300,459191811,2626.3,B,9083,9.1345,2959.6,3,9.0334,0.74867,0.73,180.81,47.843,True,False,,ok,False,False,-27.195,-19.228,step,2626.3,0.12827,0.25106,1.0872,970.17,True,True,False,2.3115,,grazing,True,False,False,,True,not run,,,,,,,,,,,,,,,,,,,,,,,,not run,,,,,,0,-19.228,-6.4331,-27.195,-21.484
229616039_2635.6400,229616039,2635.6,B,9096,9.1193,1312.8,8,11.409,1.6655,2.05,277.92,72.447,True,False,,ok,False,False,-6.6789,-6.204,step,2635.6,0.028128,11.751,0.21391,949.91,False,True,False,3.3217,110.78,,True,False,True,,True,not run,,,,,,,,,,,,,,,,,,,,,,,,not run,,,,,,0,-6.204,8.6082,-6.6789,-1.2691
4990622_2635.5600,4990622,2635.6,B,9101,9.1162,2814.2,8,12.861,0.87088,1,149.49,34.432,True,False,,ok,True,True,18.623,18.685,step,2635.6,0.38273,19.541,1.2777,7251.5,True,True,False,2.9674,714.46,,False,True,False,False,False,ok,False,False,,,True,,,2.5594,True,True,,1,,True,,True,False,False,False,False,,,,not run,,,,,,0,18.685,56.635,18.623,30.933
236712342_2621.3000,236712342,2621.3,B,9103,9.1146,2411.5,8,12.732,1.4053,1.04,238.66,62.936,True,False,,ok,False,False,-14.006,-5.6557,ramp,2621.4,0.20811,0.31367,1.0657,9008.5,True,True,False,4.1303,,grazing,True,False,True,,True,not run,,,,,,,,,,,,,,,,,,,,,,,,not run,,,,,,0,-5.6557,-14.006,-10.774,-4.4228
158563017_2610.5700,158563017,2610.6,B,9108,9.1049,1726.7,6,10.236,1.8713,1.11,221.98,59.475,True,False,,ok,False,False,-6.0998,-7.8442,ramp,2610.4,0.31191,6.7372,1.2642,1836.9,True,True,False,5.847,3.7754,,False,True,False,,False,not run,,,,,,,,,,,,,,,,,,,,,,,,not run,,,,,,0,-7.8442,-6.0998,-3.9927,1.0964
8293592_2626.2900,8293592,2626.3,B,9128,9.0836,5511.5,1,10.194,1.9806,1,163.27,38.226,True,False,,ok,False,False,-36.669,-6.1159,step,2626.3,0.024921,1.5503,0.21989,745.26,False,False,False,5.0044,0.12605,,False,True,False,,False,not run,,,,,,,,,,,,,,,,,,,,,,,,not run,,,,,,0,-6.1159,-35.892,-36.669,-33.107
39064831_2610.4700,39064831,2610.5,B,9129,9.0826,1848.1,8,11.636,1.6626,1.03,138.96,36.49,True,False,,ok,False,False,3.2168,8.3701,step,2610.4,0.056993,12.726,0.82414,3060.2,False,True,False,4.2891,65.391,,False,True,False,,False,not run,,,,,,,,,,,,,,,,,,,,,,,,not run,,,,,,0,8.3701,49.227,3.2168,6.6748
287179145_2635.7900,287179145,2635.8,B,9130,9.0813,5764.3,3,12.493,0.98657,1.05,149.59,61.607,True,False,,ok,False,False,-11.26,0.090242,ramp,2636.1,0.9,23.55,1.7915,10140,True,True,False,4.5461,348.12,,False,,,,False,not run,,,,,,,,,,,,,,,,,,,,,,,,not run,,,,,,0,0.090242,-11.26,-4.7701,-6.3868
285009971_2633.0200,285009971,2633,B,9139,9.0777,2331.1,3,10.862,2.5711,0.98,146.32,24.041,True,False,,ok,True,True,48.254,1.5224,flare_decay,2633,0.052271,2.1877,4.155e-05,3310.9,False,False,False,6.7188,0.17325,,False,True,False,,False,not run,,,,,,,,,,,,,,,,,,,,,,,,not run,,,,,,0,1.5224,152.51,71.742,48.254
259234246_2635.5700,259234246,2635.6,B,9147,9.0698,2260.4,8,9.8937,0.69644,0.69,292.58,67.309,True,False,,ok,True,True,108.16,69.101,step,2635.6,0.075876,19.269,0.94931,3753.3,True,True,False,2.0892,1962,,False,True,False,False,False,ok,False,False,,,True,,,2.3028,True,True,,0,,True,,True,False,False,False,False,,,,not run,,,,,,0,69.101,243.96,108.16,135.79
165331707_2610.0900,165331707,2610.1,B,9149,9.0664,4233.5,2,11.516,1.4419,1,158.3,29.045,True,False,,ok,False,False,-28.074,39.659,ramp,2609.9,0.89999,11.075,1.8059,8004.7,True,True,False,6.7578,11.021,,False,True,False,,False,not run,,,,,,,,,,,,,,,,,,,,,,,,not run,,,,,,0,39.659,-28.074,34.93,34.223
198412919_2610.7900,198412919,2610.8,B,9155,9.0616,840.76,8,10.373,1.3136,1.061,259.27,57.629,True,False,,ok,False,False,0.88116,-3.5412,step,2610.8,0.32458,14.312,1.2911,1050.6,True,True,False,4.2049,98.728,,False,True,False,,False,not run,,,,,,,,,,,,,,,,,,,,,,,,not run,,,,,,0,-3.5412,17.868,0.88116,1.6234
95471287_2610.4600,95471287,2610.5,B,9190,9.0232,6906.9,2,12.739,0.64567,0.74,155.81,19.966,True,False,,ok,False,False,-1.1997,-7.6691,flare_decay,2610.5,0.077098,2.2397,0.014,7200.5,False,True,False,1.8944,4.1239,,True,False,True,,True,not run,,,,,,,,,,,,,,,,,,,,,,,,not run,,,,,,0,-7.6691,32.809,18.334,-1.1997
148908357_2611.0700,148908357,2611.1,B,9192,9.023,2336.2,8,12.681,1.2875,1.3,185.39,69.425,True,False,,ok,False,False,0.1937,-9.1481,flare_decay,2611.1,0.048173,7.9667,0.014057,2812.1,False,True,False,3.047,44.707,,True,False,True,,True,not run,,,,,,,,,,,,,,,,,,,,,,,,not run,,,,,,0,-9.1481,12.988,4.5832,0.1937
233721859_2611.2000,233721859,2611.2,B,9195,9.0208,2202.5,6,11.604,0.48252,0.48052,276.56,65.323,True,False,,ok,False,False,-11.77,-7.528,ramp,2610.8,0.8614,36.725,1.7851,5596.1,True,True,False,2.8257,5492.3,,False,,,,False,not run,,,,,,,,,,,,,,,,,,,,,,,,not run,,,,,,0,-7.528,-11.77,-8.8934,-3.2119
91917148_2626.4900,91917148,2626.5,B,9208,9.0077,6287.4,1.5,12.406,0.78281,0.746,143.86,23.014,True,False,,ok,False,False,-0.072892,-3.1174,flare_decay,2626.5,0.07344,1.4036,0.00023118,6534,False,False,False,2.2829,0.5541,,False,True,False,,False,not run,,,,,,,,,,,,,,,,,,,,,,,,not run,,,,,,0,-3.1174,31.646,16.237,-0.072892
199665988_2627.0900,199665988,2627.1,B,9211,9.0066,1754.2,24,12.351,0.88825,1.049,251.87,59.448,True,False,,ok,False,False,-27.465,-3.8615,flare_decay,2627,0.057661,24.956,0.93798,2500.6,True,True,False,2.2782,3287.8,,True,False,True,,True,not run,,,,,,,,,,,,,,,,,,,,,,,,not run,,,,,,0,-3.8615,18.686,-21.112,-27.465
150385994_2610.4100,150385994,2610.4,B,9219,9.0011,7332.7,2,12.931,1.7607,0.97,193.17,55.094,True,False,,ok,False,False,1.2321,22.65,ramp,2610.3,0.14689,10.2,0.93741,12925,True,True,False,5.0292,20.869,,False,True,False,,False,not run,,,,,,,,,,,,,,,,,,,,,,,,not run,,,,,,0,22.65,1.2321,10.856,13.479
156805960_2610.4600,156805960,2610.5,B,9228,8.9906,5433.3,6,12.925,1.8093,1.01,140.21,38.892,True,False,,ok,True,True,109.29,56.488,step,2610.4,0.1335,17.988,0.86921,15333,True,True,False,5.0393,113.93,,False,True,False,True,True,ok,True,True,1.9419,0.93622,True,0.35587,6.0916,14.425,False,True,,0,17.459,True,,True,False,False,False,False,,,,ok,False,0.99969,0,25.594,113.93,0,56.488,190.16,109.29,109.88
159419508_2611.0600,159419508,2611.1,B,9232,8.9855,4301.5,4,12.195,1.1323,1.07,240.25,81.981,True,False,,ok,False,False,-6.9293,-1.3819,ramp,2610.9,0.050289,0.72812,0.6295,2751.9,False,False,False,2.865,0.057771,,True,True,True,,True,not run,,,,,,,,,,,,,,,,,,,,,,,,not run,,,,,,0,-1.3819,-6.9293,-6.0358,-3.6882
1718264579_2614.4400,1718264579,2614.4,B,9255,8.963,7956.8,4,11.533,0.69347,0.726,285.05,74.797,True,False,,ok,False,False,-4.4966,15.692,step,2614.6,0.068093,14.057,0.53933,5225,False,True,False,2.0305,829.72,,True,False,False,,True,not run,,,,,,,,,,,,,,,,,,,,,,,,not run,,,,,,0,15.692,17.641,-4.4966,0.88267
331940537_2635.5300,331940537,2635.5,B,9260,8.9598,3860.3,8,11.892,0.82318,0.91,147.93,54.394,True,False,,ok,True,True,34.602,47.661,step,2635.6,0.090427,17.975,0.90585,6644.1,True,True,False,2.2823,1221.9,,False,True,False,False,False,ok,False,False,,,True,,,-9.2834,True,True,,0,,True,,True,False,False,False,False,,,,not run,,,,,,0,47.661,232.08,34.602,51.569
16814128_2621.3100,16814128,2621.3,B,9263,8.9576,2.4595e+05,1,12.158,1.295,1.13,142.29,40.009,True,False,,ok,False,False,-6.6787,21.132,flare_decay,2621.3,0.9,0.42329,5.8976e-05,8.6463e+05,False,False,False,5.8251,,,True,False,False,,True,not run,,,,,,,,,,,,,,,,,,,,,,,,not run,,,,,,0,21.132,49.677,40.869,-6.6787
467254047_2627.1600,467254047,2627.2,B,9271,8.9472,3356.7,6,12.208,2.3384,1,307.69,64.612,True,False,,ok,False,False,6.2177,-3.124,step,2627.2,0.048856,13.853,0.00010056,2892.5,False,True,False,6.0485,30.078,,True,False,True,,True,not run,,,,,,,,,,,,,,,,,,,,,,,,not run,,,,,,0,-3.124,12.471,6.2177,7.4777
233010423_2626.3900,233010423,2626.4,B,9272,8.9464,3770.3,4,12.437,0.8109,0.89,248.62,77.483,True,False,,ok,False,False,-11.688,-4.726,ramp,2626.2,0.04775,18,0.62963,2481,False,True,False,2.1763,1415.1,,False,,,,False,not run,,,,,,,,,,,,,,,,,,,,,,,,not run,,,,,,0,-4.726,-11.688,-9.5093,-8.6956
17192861_2635.8100,17192861,2635.8,B,9279,8.9411,3993.2,2,11.453,0.71375,0.795,145.42,40.42,True,False,,ok,False,False,-42.44,231.96,ramp,2636,0.4179,16.45,1.2721,12875,True,True,False,2.6919,570.82,,False,,,,False,not run,,,,,,,,,,,,,,,,,,,,,,,,not run,,,,,,0,231.96,-42.44,157,170.4
252480352_2611.5300,252480352,2611.5,B,9280,8.9379,5249.4,6,12.675,0.88294,0.95,155.81,51.814,True,False,,ok,True,True,60.34,18.338,ramp,2611.5,0.37561,16.889,1.2732,6906,True,True,False,3.0446,427.06,,True,False,False,True,True,ok,True,True,1.5768,0.79176,True,0.24826,4.5149,27.957,False,True,,0,14.093,True,,True,False,False,False,False,,,,ok,False,0.99178,3.8779e-24,24.513,427.06,0,18.338,60.34,79.587,65.478
55754320_2635.6100,55754320,2635.6,B,9286,8.932,398.31,8,8.3672,0.6853,0.81,181.45,53.916,True,False,,ok,False,False,-0.7653,4.3995,step,2635.6,0.027746,16.855,0.95646,548.16,True,True,False,1.8616,1856.2,,False,True,False,,False,not run,,,,,,,,,,,,,,,,,,,,,,,,not run,,,,,,0,4.3995,59.151,-0.7653,13.365
236778226_2626.2600,236778226,2626.3,B,9287,8.9313,979.45,8,10.91,1.4126,1.26,282.78,58.923,True,False,,ok,False,False,1.9829,-0.33113,ramp,2626.2,0.29641,23.996,1.2594,1188.4,True,True,False,4.1792,473.95,,True,False,False,,True,not run,,,,,,,,,,,,,,,,,,,,,,,,not run,,,,,,0,-0.33113,1.9829,11.89,9.515
219895569_2610.6400,219895569,2610.6,B,9288,8.9301,3851.1,3,11.195,2.2623,1.32,262.98,66.402,True,False,,ok,False,False,-10.632,-6.6389,ramp,2610.8,0.12258,0.28645,1.0286,3497.8,True,True,False,5.7088,,grazing,True,False,True,,True,not run,,,,,,,,,,,,,,,,,,,,,,,,not run,,,,,,0,-6.6389,-10.632,-9.074,-4.4299
239206575_2610.1400,239206575,2610.1,B,9290,8.9289,2457.9,6,12.296,0.79548,0.813,157.16,23.292,True,False,,ok,False,False,-18.387,-14.637,ramp,2609.8,0.045596,17.596,0.64974,2240.5,False,True,False,2.1958,1287.2,,False,,,,False,not run,,,,,,,,,,,,,,,,,,,,,,,,not run,,,,,,0,-14.637,-18.387,-17.325,-15.31
156804799_2610.5100,156804799,2610.5,B,9296,8.9217,4244,8,12.689,0.96398,1.06,140.13,38.613,True,False,,ok,True,True,66.907,28.034,flare_decay,2610.5,0.11502,16.59,0.91741,9615.9,True,True,False,2.5975,651.67,,False,True,False,True,True,ok,False,True,1.5395,1.3539,True,0.54253,12.909,37.206,False,False,156804797,0,13.735,True,,True,False,False,False,False,,,,not run,,,,,,0,28.034,165.8,78.782,66.907
198278144_2611.0000,198278144,2611,B,9298,8.9196,4866.8,4,12.208,1.2409,1.34,249.98,62.527,True,False,,ok,False,False,-10.889,-4.911,ramp,2611.2,0.037182,0.94903,0.75207,1397.5,False,False,False,2.8768,0.076251,,True,False,True,,True,not run,,,,,,,,,,,,,,,,,,,,,,,,not run,,,,,,0,-4.911,-10.889,-10.58,-7.6202
365936737_2635.8300,365936737,2635.8,B,9299,8.9192,3376.8,1.5,11.421,1.3157,1.05,166.8,41.05,True,False,,ok,False,False,-27.596,94.755,ramp,2636,0.40049,11.65,1.2846,8674.1,True,True,False,4.4687,44.36,,False,,,,False,not run,,,,,,,,,,,,,,,,,,,,,,,,not run,,,,,,0,94.755,-27.596,24.023,34.894
4840053_2635.8100,4840053,2635.8,B,9300,8.9189,5443.7,2,12.006,0.65781,0.62,146.78,35.23,True,False,,ok,False,False,-22.557,118.46,ramp,2636,0.41126,16.7,1.2556,14249,True,True,False,2.6827,603.43,,False,,,,False,not run,,,,,,,,,,,,,,,,,,,,,,,,not run,,,,,,0,118.46,-22.557,97.163,111.9
417848414_2635.5800,417848414,2635.6,B,9305,8.9143,1121.7,8,11.322,1.3713,1.12,151.56,62.014,True,False,,ok,False,False,-4.536,-6.6179,flare_decay,2635.6,0.02963,3.8454,0.41457,1023.6,False,True,False,3.3505,3.751,,True,False,True,,True,not run,,,,,,,,,,,,,,,,,,,,,,,,not run,,,,,,0,-6.6179,-0.77109,-4.4122,-4.536
233005991_2611.3200,233005991,2611.3,B,9313,8.9056,3847.9,4,12.518,1.8413,1.04,247.39,72.226,True,False,,ok,False,False,-15.465,-0.18011,ramp,2611,0.36096,18,1.2695,5644.4,True,True,False,6.0999,64.421,,False,,,,False,not run,,,,,,,,,,,,,,,,,,,,,,,,not run,,,,,,0,-0.18011,-15.465,-4.8245,-1.8173
233539924_2635.7800,233539924,2635.8,B,9316,8.9007,2812,4,10.745,2.1484,1.08,280.92,60.494,True,False,,ok,False,False,-14.149,-6.5198,ramp,2636.1,0.9,22.8,1.8476,3049.6,True,True,False,9.8286,31.429,,False,,,,False,not run,,,,,,,,,,,,,,,,,,,,,,,,not run,,,,,,0,-6.5198,-14.149,-9.6902,-5.3378
233164079_2610.5400,233164079,2610.5,B,9331,8.8871,3297.7,6,12.036,0.92754,1.02,186.66,54.557,True,False,,ok,False,False,-14.035,-5.9292,ramp,2610.3,0.04324,15.341,0.89489,1584.6,False,True,False,2.3686,679.63,,False,,,,False,not run,,,,,,,,,,,,,,,,,,,,,,,,not run,,,,,,0,-5.9292,-14.035,-10.469,-6.1476
85284240_2635.3700,85284240,2635.4,B,9334,8.8857,4997.8,3,12.596,1.0679,1,144.53,34.122,True,False,,ok,True,True,15.572,5.2587,flare_decay,2635.4,0.36185,7.3619,1.2738,5308,True,True,False,3.5843,21.674,,True,False,True,False,True,ok,False,False,0.29342,0.19533,True,,,0.58192,True,True,,1,2.6073,False,"1998 SJ141 (V=16.4, 52"")",True,False,False,False,False,,,,not run,,,,,,0,5.2587,17.331,27.04,15.572
39126237_2610.1500,39126237,2610.2,B,9346,8.8739,3764.1,2,11.688,0.77996,0.696,151.94,37.218,True,False,,ok,False,False,-24.167,43.735,ramp,2610,0.39982,11.45,1.269,10587,True,True,False,3.0359,134.22,,False,,,,False,not run,,,,,,,,,,,,,,,,,,,,,,,,not run,,,,,,0,43.735,-24.167,31.657,35.007
450326462_2635.5900,450326462,2635.6,B,9348,8.8735,980.94,8,10.353,0.9352,0.69,159.72,39.711,True,False,,ok,True,True,41.473,28.108,step,2635.6,0.048787,15.038,0.93952,1791.3,True,True,False,2.7351,415.76,,False,True,False,False,False,ok,False,False,-0.10131,-0.035832,True,,,-0.1261,True,True,,0,-0.89894,True,,True,False,False,False,False,,,,not run,,,,,,0,28.108,137.33,41.473,58.511
99270121_2635.8100,99270121,2635.8,B,9357,8.8593,2357.2,3,11.717,1.0894,1.09,169.48,39.735,True,False,,ok,False,False,-32.831,26.816,ramp,2636,0.44575,9,1.3509,6488.6,True,True,False,3.7718,33.997,,False,True,False,,False,not run,,,,,,,,,,,,,,,,,,,,,,,,not run,,,,,,0,26.816,-32.831,22.231,30.873
445810843_2610.4500,445810843,2610.4,B,9363,8.8519,2061.5,1.5,10.225,1.927,1.8,170.41,52.8,True,False,,ok,False,False,-27.726,42.3,ramp,2610.3,0.11853,12.15,1.0276,3257.3,True,True,False,4.3676,53.891,,False,True,False,,False,not run,,,,,,,,,,,,,,,,,,,,,,,,not run,,,,,,0,42.3,-27.726,-16.086,-5.4761
4971302_2635.6100,4971302,2635.6,B,9366,8.8472,1614.3,6,11.579,0.84301,1.095,148.78,32.931,True,False,,ok,False,False,6.7086,20.587,step,2635.6,0.34606,16.958,1.2739,3762.4,True,True,False,2.7128,611.11,,False,True,False,,False,not run,,,,,,,,,,,,,,,,,,,,,,,,not run,,,,,,0,20.587,48.295,6.7086,23.912
105485212_2610.4900,105485212,2610.5,B,9369,8.8424,4577.3,6,12.89,1.0991,1.22,143.83,42.95,True,False,,ok,True,True,47.654,21.429,flare_decay,2610.4,0.39169,15.89,1.2564,11093,True,True,False,3.5279,228.66,,False,True,False,True,True,ok,True,True,1.5511,0.81889,True,0.49443,12.917,38.183,False,True,,0,13.716,True,,True,False,False,False,False,,,,ok,False,0.66865,0.2389,25.554,228.66,0,21.429,105.68,59,47.654
82262053_2626.3800,82262053,2626.4,B,9370,8.8402,5291.5,3,12.9,0.8241,0.98,159.92,28.737,True,False,,ok,True,True,14.221,-1.2924,flare_decay,2626.4,0.11277,0.69563,1.2068e-05,15396,False,False,False,2.2748,0.052094,,False,True,False,,False,not run,,,,,,,,,,,,,,,,,,,,,,,,not run,,,,,,0,-1.2924,43.335,35.82,14.221
237253009_2611.1300,237253009,2611.1,B,9372,8.8368,4303.7,1.5,10.592,1.3646,1.64,298.27,73.318,True,False,,ok,False,False,-13.249,6.3338,ramp,2611,0.26523,11.9,1.2051,2503.4,True,True,False,3.6083,89.764,,False,True,False,,False,not run,,,,,,,,,,,,,,,,,,,,,,,,not run,,,,,,0,6.3338,-13.249,-7.4385,-2.7931
85334767_2610.1000,85334767,2610.1,B,9374,8.8351,1641.3,4,10.444,1.0171,1.062,168.13,32.076,True,False,,ok,True,True,12.301,12.537,step,2609.6,0.35552,15.4,1.0673,36468,True,True,False,3.3303,247.42,,False,,,False,False,ok,False,False,1.2968,4.0919,True,0.22244,1.8633,14.593,False,True,,0,11.457,True,,True,False,False,False,False,,,,ok,False,1,1.8119e-09,26.348,247.42,0,12.537,29.082,12.301,26.745
3903115_2627.1200,3903115,2627.1,B,9377,8.8301,2431.2,3,11.751,1.2714,1.07,151.37,26.71,True,False,,ok,False,False,-2.1536,-1.7243,flare_decay,2627.1,0.40969,4.5358,1.3486,3055.1,True,True,False,4.3194,2.8684,,True,False,True,,True,not run,,,,,,,,,,,,,,,,,,,,,,,,not run,,,,,,0,-1.7243,33.513,18.643,-2.1536
232611743_2610.7000,232611743,2610.7,B,9378,8.8301,1809.2,6,10.267,1.2533,1.13,258.95,61.089,True,False,,ok,False,False,-7.128,-5.399,ramp,2610.6,0.022901,2.118,0.6145,574.87,False,False,False,3.033,0.80496,,True,True,True,,True,not run,,,,,,,,,,,,,,,,,,,,,,,,not run,,,,,,0,-5.399,-7.128,-6.2338,-5.6235
67646091_2635.5300,67646091,2635.5,B,9386,8.8176,1554.4,8,11.609,1.4005,1.11,147.55,40.593,True,False,,ok,False,False,4.8521,11.407,step,2635.6,0.32641,17.972,1.2679,2609.5,True,True,False,4.4225,168.05,,False,True,False,,False,not run,,,,,,,,,,,,,,,,,,,,,,,,not run,,,,,,0,11.407,33.314,4.8521,13.818
85334067_2610.5200,85334067,2610.5,B,9393,8.8093,2614.5,6,10.6,1.3503,1.29,168.03,33.249,True,False,,ok,True,True,25.668,31.122,step,2610.5,0.073539,19.632,0.92187,4245.2,True,True,False,3.2816,535.73,,False,True,False,False,False,ok,False,False,0.38035,0.045595,True,,,1.9608,True,True,,0,3.3506,True,,True,False,False,False,False,,,,ok,False,0.81424,0.7226,25.493,535.73,0,31.122,48.831,25.668,33.662
371491995_2635.5200,371491995,2635.5,B,9394,8.8084,906.54,8,10.546,1.4302,1.3,149.26,48.743,True,False,,ok,False,False,1.779,5.6877,step,2635.6,0.047778,13.936,0.86618,2033.6,False,True,False,3.3838,174.82,,False,True,False,,False,not run,,,,,,,,,,,,,,,,,,,,,,,,not run,,,,,,0,5.6877,81.977,1.779,12.165
232976566_2635.7400,232976566,2635.7,B,9395,8.8056,2058.6,6,12.312,0.64638,0.711,200.86,68.138,True,False,,ok,False,False,-7.4825,-6.1824,ramp,2635.9,0.032435,4.439,0.00311,1275,False,True,False,1.8422,34.984,,False,True,False,,False,not run,,,,,,,,,,,,,,,,,,,,,,,,not run,,,,,,0,-6.1824,-7.4825,-6.8424,-3.7785
137968271_2621.4300,137968271,2621.4,B,9396,8.8038,1048.9,3,8.6495,2.6378,0.958,153.56,59.879,True,False,,ok,False,False,-9.455,-7.3245,step,2621.5,0.016492,8.5408,0.68944,287.05,False,True,False,6.7095,5.0554,,False,True,False,,False,not run,,,,,,,,,,,,,,,,,,,,,,,,not run,,,,,,0,-7.3245,-6.4552,-9.455,-8.678
157847053_2610.6700,157847053,2610.7,B,9399,8.8023,1486.1,8,11.598,1.0617,0.95,167.22,42.649,True,False,,ok,False,False,8.9949,2.1759,flare_decay,2610.6,0.33985,20.872,1.2553,4844,True,True,False,3.5661,501.76,,False,True,False,,False,not run,,,,,,,,,,,,,,,,,,,,,,,,not run,,,,,,0,2.1759,119.89,10.668,8.9949
233124586_2621.3700,233124586,2621.4,B,9400,8.8015,2676.6,6,11.702,0.85045,0.78,273.65,61.309,True,False,,ok,False,False,-8.8176,-6.6276,ramp,2621.5,0.031724,3.1031,0.00023097,1219.8,False,True,False,2.3487,5.755,,False,True,False,,False,not run,,,,,,,,,,,,,,,,,,,,,,,,not run,,,,,,0,-6.6276,-8.8176,-7.992,-5.3561
88063632_2611.6500,88063632,2611.7,B,9403,8.7974,3002.8,3,11.866,0.66585,0.655,147.87,19.557,True,False,,ok,True,True,10.038,-5.6724,flare_decay,2611.6,0.051343,4.3167,0.00067099,3194.5,False,True,False,1.9861,25.672,,True,False,True,False,True,ok,False,False,0.090093,0.11078,True,,,-4.6739,True,True,,0,0.79259,True,,True,False,False,False,False,,,,not run,,,,,,0,-5.6724,25.635,12.209,10.038
4994918_2635.7900,4994918,2635.8,B,9409,8.7906,3398.1,4,11.704,0.86721,0.92,160.74,31.957,True,False,,ok,False,False,-10.492,-4.115,ramp,2635.9,0.043371,0.46367,0.8096,1803.4,False,False,False,2.2923,,,True,True,True,,True,not run,,,,,,,,,,,,,,,,,,,,,,,,not run,,,,,,0,-4.115,-10.492,-8.3918,-5.7375
232603143_2610.7000,232603143,2610.7,B,9410,8.79,896.93,6,10.08,1.1536,1.181,257.76,61.197,True,False,,ok,False,False,-10.318,-7.5529,step,2610.6,0.018754,5.5888,0.23566,421.4,False,True,False,2.7396,21.225,,False,True,False,,False,not run,,,,,,,,,,,,,,,,,,,,,,,,not run,,,,,,0,-7.5529,-7.1374,-10.318,-4.9233
202294727_2610.7600,202294727,2610.8,B,9413,8.7838,2886.8,8,12.324,1.3923,1.25,174.86,50.619,True,False,,ok,True,True,31.809,32.696,step,2610.7,0.40292,33.365,1.2572,12677,True,True,False,4.4696,1041.7,,False,True,False,False,False,ok,False,False,0.64105,0.069004,True,0.79791,5.1278,9.6545,False,True,,0,5.6309,True,,True,False,False,False,False,,,,ok,True,0.13571,0.084186,25.322,1041.7,0,32.696,111.33,31.809,42.403
67652514_2635.5200,67652514,2635.5,B,9416,8.7828,2733.8,3,10.28,1.4124,1.18,148.21,37.192,True,False,,ok,True,True,69.409,83.352,step,2635.5,0.3509,16.781,1.2684,4710.7,True,True,False,4.4507,134.21,,False,True,False,False,False,ok,False,False,0.0027726,0.00035494,True,,,0.067975,True,True,,0,0.024351,True,,True,False,False,False,False,,,,not run,,,,,,0,83.352,89.046,69.409,87.91
357686605_2635.7800,357686605,2635.8,B,9422,8.7792,2400.4,4,11.646,2.1991,1.22,275.28,57.51,True,False,,ok,False,False,-13.88,-7.2346,step,2635.5,0.035761,0.90141,3.463e-06,1549.9,False,False,False,5.2557,0.072524,,True,False,True,,True,not run,,,,,,,,,,,,,,,,,,,,,,,,not run,,,,,,0,-7.2346,-10.618,-13.88,-8.5292
1097200_2610.2200,1097200,2610.2,B,9424,8.7757,7243.8,2,12.851,1.0843,1,155.03,24.306,True,False,,ok,True,True,12.319,-3.9612,flare_decay,2610.2,0.077703,2.5057,8.6538e-06,7314,False,False,False,2.8796,1.6195,,True,False,True,,True,not run,,,,,,,,,,,,,,,,,,,,,,,,not run,,,,,,0,-3.9612,52.438,36.656,12.319
230376817_2611.1600,230376817,2611.2,B,9426,8.7723,451.24,4,7.8256,1.5432,1.13,285.05,61.423,True,False,,ok,False,False,-13.337,-4.7072,step,2610.8,0.013758,23.33,0.049904,229.31,False,True,False,3.7017,626.59,,False,,,,False,not run,,,,,,,,,,,,,,,,,,,,,,,,not run,,,,,,0,-4.7072,-12.051,-13.337,-8.8648
87953416_2626.5200,87953416,2626.5,B,9432,8.7611,6580.6,2,12.807,1.062,1.07,145.9,21.624,True,False,,ok,False,False,-1.1804,-3.6768,flare_decay,2626.5,0.080303,2.4754,0.0014483,7811.4,False,False,False,2.7639,1.7716,,True,False,True,,True,not run,,,,,,,,,,,,,,,,,,,,,,,,not run,,,,,,0,-3.6768,53.03,25.658,-1.1804
236715114_2621.4400,236715114,2621.4,B,9440,8.7555,4456.2,3,11.659,0.70784,0.686,239.35,62.3,True,False,,ok,False,False,-9.6603,-5.5644,step,2621.5,0.030835,2.0629,0.10879,1149.7,False,True,False,2.0385,2.5786,,False,True,False,,False,not run,,,,,,,,,,,,,,,,,,,,,,,,not run,,,,,,0,-5.5644,-8.6897,-9.6603,-5.5319
26958387_2613.4100,26958387,2613.4,B,9450,8.7494,4232.3,1.5,11.875,1.1552,1.33,149.71,21.343,True,False,,ok,True,True,11.826,0.71184,flare_decay,2613.4,0.059181,1.8142,0.0084863,4243.7,False,False,False,2.7415,0.6873,,False,True,False,,False,not run,,,,,,,,,,,,,,,,,,,,,,,,not run,,,,,,0,0.71184,58.49,20.826,11.826
252791492_2610.3800,252791492,2610.4,B,9451,8.7485,2527.6,2,10.819,0.84766,0.948,164.5,47.228,True,False,,ok,False,False,-22.468,167.58,ramp,2610.2,0.9,12.2,1.8169,6524.7,True,True,False,4.0409,68.893,,False,True,False,,False,not run,,,,,,,,,,,,,,,,,,,,,,,,not run,,,,,,0,167.58,-22.468,163.01,131.09
241192470_2635.8400,241192470,2635.8,B,9455,8.7414,2898.1,1.5,8.9515,0.81037,0.9,153,29.782,True,False,,ok,False,False,-54.607,-5.1762,ramp,2635.8,0.016057,1.8703,0.31494,305.95,False,False,False,2.1012,1.7468,,True,True,True,,True,not run,,,,,,,,,,,,,,,,,,,,,,,,not run,,,,,,0,-5.1762,-54.607,-39.111,-34.806
416536699_2635.7700,416536699,2635.8,B,9458,8.7379,4393.8,4,12.24,0.69341,0.772,167.03,58.114,True,False,,ok,False,False,-9.8131,-4.4636,ramp,2635.8,0.10515,0.47179,1.0122,3130.8,True,True,False,2.0582,,grazing,True,False,True,,True,not run,,,,,,,,,,,,,,,,,,,,,,,,not run,,,,,,0,-4.4636,-9.8131,-7.8771,-5.4653
289536582_2626.9400,289536582,2626.9,B,9473,8.7257,4182.1,6,12.514,0.8504,1.18,251.37,60.995,True,False,,ok,False,False,-5.7998,8.6268,ramp,2626.9,0.35302,23.511,1.2809,3788.5,True,True,False,2.683,1683.2,,True,False,True,,True,not run,,,,,,,,,,,,,,,,,,,,,,,,not run,,,,,,0,8.6268,-5.7998,15.983,8.5203
88003731_2610.5000,88003731,2610.5,B,9477,8.7224,5492,2,12.564,1.4495,1.16,146.72,21.999,True,False,,ok,False,False,-20.298,69.168,ramp,2610.3,0.9,12.575,1.7777,12378,True,True,False,6.465,18.443,,False,True,False,,False,not run,,,,,,,,,,,,,,,,,,,,,,,,not run,,,,,,0,69.168,-20.298,35.377,33.893
16163202_2610.1300,16163202,2610.1,B,9478,8.7222,3658.2,1,10.085,0.67909,0.71,152.67,39.888,True,False,,ok,False,False,-201.05,923.46,ramp,2610,0.15653,7.8501,1.0114,7900.3,True,True,False,2.1691,118.54,,False,True,False,,False,not run,,,,,,,,,,,,,,,,,,,,,,,,not run,,,,,,0,923.46,-201.05,207.82,227.76
459986075_2621.4600,459986075,2621.5,B,9485,8.7148,4670.2,2,10.027,2.0839,1.372,256.43,65.852,True,False,,ok,False,False,-14.007,-2.0347,ramp,2621.6,0.06089,6.2119,0.98402,1627.7,True,True,False,4.9048,5.0302,,False,True,False,,False,not run,,,,,,,,,,,,,,,,,,,,,,,,not run,,,,,,0,-2.0347,-14.007,-9.8711,-5.1721
236982401_2611.1400,236982401,2611.1,B,9487,8.7126,2581,3,10.183,1.6203,1.19,305.17,64.039,True,False,,ok,False,False,-12.638,-5.9478,ramp,2611,0.039835,9,0.94146,1191.8,True,True,False,3.9188,30.303,,False,True,False,,False,not run,,,,,,,,,,,,,,,,,,,,,,,,not run,,,,,,0,-5.9478,-12.638,-9.4412,-4.9734
199660855_2635.8400,199660855,2635.8,B,9490,8.709,5680.2,1,11.315,0.78006,0.809,250.99,59.243,True,False,,ok,False,False,-33.394,35.139,ramp,2635.9,0.047513,6,1.5143e-08,2735.7,False,True,False,2.1607,53.547,,False,True,False,,False,not run,,,,,,,,,,,,,,,,,,,,,,,,not run,,,,,,0,35.139,-33.394,-11.106,-6.9601
252486843_2635.8300,252486843,2635.8,B,9491,8.7083,3938,1.5,10.18,1.7747,1.08,156.93,51.725,True,False,,ok,False,False,-74.253,455.39,ramp,2636,0.4213,12.525,1.2876,11201,True,True,False,6.063,22.078,,False,,,,False,not run,,,,,,,,,,,,,,,,,,,,,,,,not run,,,,,,0,455.39,-74.253,189.83,213.83
288638936_2621.4600,288638936,2621.5,B,9509,8.689,3694.1,1.5,10.138,0.85869,0.945,279.93,80.075,True,False,,ok,False,False,-3.761,1.1105,step,2621.4,0.022308,5.118,0.18623,598.9,False,True,False,2.2041,31.305,,True,False,False,,True,not run,,,,,,,,,,,,,,,,,,,,,,,,not run,,,,,,0,1.1105,-2.7203,-3.761,-3.4358
4993159_2610.9000,4993159,2610.9,B,9510,8.6878,2660.1,12,12.955,1.4133,1.14,149.79,31.067,True,False,,ok,True,True,19.068,12.898,step,2610.9,0.36229,29.251,1.2618,6589.9,True,True,False,4.5433,668.35,,False,True,False,False,False,ok,False,False,0.16116,0.063877,True,,,0.81044,True,True,,1,1.4002,True,,True,False,False,False,False,,,,not run,,,,,,0,12.898,79.899,19.068,19.422
286689945_2619.7100,286689945,2619.7,B,9511,8.6875,8751.4,1.5,12.924,1.7842,1.07,142.58,21.368,True,False,,ok,False,False,-14.789,1.1038,step,2619.7,0.40302,1.0635,1.256,12873,True,True,False,6.0358,0.063169,grazing,False,True,False,,False,not run,,,,,,,,,,,,,,,,,,,,,,,,not run,,,,,,0,1.1038,15.837,-14.789,-9.1007
61127037_2614.4200,61127037,2614.4,B,9515,8.6848,5005.1,2,12.191,0.67607,0.64633,154.87,17.576,True,False,,ok,False,False,-32.197,-0.37353,flare_decay,2614.4,0.078102,2.4656,0.77269,6044.6,False,True,False,2.0771,4.1727,,True,False,True,,True,not run,,,,,,,,,,,,,,,,,,,,,,,,not run,,,,,,0,-0.37353,59.966,-25.732,-32.197
233045220_2635.8000,233045220,2635.8,B,9522,8.6815,1438.2,3,9.684,0.98684,1.092,268.49,64.381,True,False,,ok,False,False,-10.207,-4.2284,ramp,2635.9,0.027453,3.1327,0.0047145,913.44,False,True,False,2.4261,5.37,,False,True,False,,False,not run,,,,,,,,,,,,,,,,,,,,,,,,not run,,,,,,0,-4.2284,-10.207,-8.8236,-4.1618
101616726_2626.4500,101616726,2626.4,B,9524,8.6783,1320.7,6,10.801,1.1847,1.02,160.64,31.036,True,False,,ok,False,False,-16.878,-14.906,step,2626.4,0.024349,6.5306,0.087639,717.47,False,True,False,2.9707,26.566,,False,True,False,,False,not run,,,,,,,,,,,,,,,,,,,,,,,,not run,,,,,,0,-14.906,-1.7305,-16.878,-13.476
82203671_2621.2900,82203671,2621.3,B,9526,8.6763,2225.7,8,10.819,1.3462,1.23,147.99,28.388,True,False,,ok,False,False,-6.3004,-6.9871,step,2621.3,0.026832,9.5635,0.17285,867.29,False,True,False,3.1792,68.096,,True,False,False,,True,not run,,,,,,,,,,,,,,,,,,,,,,,,not run,,,,,,0,-6.9871,-0.13745,-6.3004,-2.6279
148678519_2621.4200,148678519,2621.4,B,9531,8.6694,2355.3,4,10.669,1.0622,0.885,172.05,43.221,True,False,,ok,False,False,-10.028,-4.9375,ramp,2621.6,0.027972,12.366,0.10385,946.26,False,True,False,2.8024,214.93,,False,True,False,,False,not run,,,,,,,,,,,,,,,,,,,,,,,,not run,,,,,,0,-4.9375,-10.028,-9.5625,-3.6833
298664522_2635.2800,298664522,2635.3,B,9540,8.6653,3752.3,2,11.911,2.3922,1.14,277.94,57.856,True,False,,ok,True,True,11.494,-1.0698,flare_decay,2635.3,0.057381,2.7703,0.0014952,3989.7,False,False,False,5.9714,0.21833,,True,False,True,,True,not run,,,,,,,,,,,,,,,,,,,,,,,,not run,,,,,,0,-1.0698,82.134,38.416,11.494
219464448_2610.7100,219464448,2610.7,B,9550,8.6465,2807.4,6,12.374,1.184,0.98,208.92,74.336,True,False,,ok,False,False,-12.611,-5.4806,ramp,2611.3,0.33515,19.667,1.2322,6649.4,True,True,False,3.9226,315.49,,True,False,True,,True,not run,,,,,,,,,,,,,,,,,,,,,,,,not run,,,,,,0,-5.4806,-12.611,-7.1004,0.2293
365936735_2635.4700,365936735,2635.5,B,9562,8.6328,2276.8,8,11.899,1.2906,1.28,166.79,41.047,True,False,,ok,True,True,68.226,60.116,step,2635.5,0.31233,19.671,1.2119,6192.9,True,True,False,3.8445,335.32,,False,True,False,False,False,ok,False,False,0.14578,0.025455,True,,,-0.10277,True,True,,0,1.2585,True,,True,False,False,False,False,,,,not run,,,,,,0,60.116,257.6,68.226,90.279
288130745_2621.4600,288130745,2621.5,B,9568,8.6272,5556.1,1.5,11.485,0.8261,0.959,209.23,78.039,True,False,,ok,False,False,-12.599,16.791,ramp,2621.6,0.11031,12.15,0.9904,4730,True,True,False,2.2918,372.68,,False,True,False,,False,not run,,,,,,,,,,,,,,,,,,,,,,,,not run,,,,,,0,16.791,-12.599,-1.1341,6.451
289704280_2635.4500,289704280,2635.4,B,9571,8.6256,2196,12,12.735,0.93822,1.03,144.98,50.365,True,False,,ok,False,False,-13.946,-8.3967,step,2635.5,0.077635,21.165,0.9189,4760.4,True,True,False,2.4668,1579.7,,False,True,False,,False,not run,,,,,,,,,,,,,,,,,,,,,,,,not run,,,,,,0,-8.3967,39.115,-13.946,-4.6484
105509463_2610.6700,105509463,2610.7,B,9573,8.6245,3626.4,3,12.008,0.83807,0.94,150.87,47.172,True,False,,ok,False,False,-23.533,0.98528,ramp,2610.5,0.38365,7.9407,1.299,5086,True,True,False,2.917,50.463,,False,,,,False,not run,,,,,,,,,,,,,,,,,,,,,,,,not run,,,,,,0,0.98528,-23.533,-15.388,-10.589
219815174_2626.7600,219815174,2626.8,B,9576,8.622,3668.8,24,11.983,0.77133,0.87,267.43,62.691,True,False,,ok,True,True,245.53,185.22,step,2626.7,0.35579,51.931,1.2556,6514.2,True,True,False,2.6993,17813,,True,False,False,True,True,ok,False,True,1.9297,0.68421,False,1.0607,31.815,38.13,False,False,219815173,0,16.638,True,,True,False,False,False,False,,,,not run,,,,,,0,185.22,662.58,245.53,283.24
219112414_2626.7300,219112414,2626.7,B,9580,8.6157,2985.6,4,11.153,0.56905,0.56207,271.68,68.368,True,False,,ok,False,False,-15.743,2.8178,flare_decay,2626.7,0.061086,8.6278,0.91182,3031.3,True,True,False,1.8026,274.17,,False,True,False,,False,not run,,,,,,,,,,,,,,,,,,,,,,,,not run,,,,,,0,2.8178,187.18,-0.39635,-15.743
26983153_2627.4300,26983153,2627.4,B,9585,8.611,3730.5,1,11.302,1.9654,1.57,150.16,20.32,True,False,,ok,False,False,5.7456,0.93033,flare_decay,2627.4,0.36164,1.6757,1.2775,4926.1,True,True,False,5.678,0.10255,grazing,True,False,True,,True,not run,,,,,,,,,,,,,,,,,,,,,,,,not run,,,,,,0,0.93033,78.927,5.8137,5.7456
95360443_2626.8800,95360443,2626.9,B,9596,8.5913,3371.2,3,12.213,1.2127,1.08,154.26,23.331,True,False,,ok,False,False,8.7366,-8.5055,flare_decay,2626.9,0.055811,3.4586,0.0014306,3774.4,False,True,False,3.0752,3.5334,,True,False,True,,True,not run,,,,,,,,,,,,,,,,,,,,,,,,not run,,,,,,0,-8.5055,47.97,24.53,8.7366
237079672_2627.1100,237079672,2627.1,B,9606,8.5829,2500.8,8,12.176,2.5978,1.06,307.22,63.98,True,False,,ok,False,False,-8.8356,-4.4583,flare_decay,2627.1,0.061261,14.422,0.93249,2870.9,True,True,False,6.6697,25.311,,True,False,True,,True,not run,,,,,,,,,,,,,,,,,,,,,,,,not run,,,,,,0,-4.4583,4.0342,11.218,-8.8356
350697363_2611.2800,350697363,2611.3,B,9609,8.572,5540.5,2,12.177,1.3312,1.21,287.68,78.351,True,False,,ok,False,False,-14.343,1.6388,ramp,2611.1,0.042737,10.634,0.041927,2212.7,False,True,False,3.2101,90.946,,False,True,False,,False,not run,,,,,,,,,,,,,,,,,,,,,,,,not run,,,,,,0,1.6388,-14.343,-12.481,-8.3622
141249135_2610.7200,141249135,2610.7,B,9615,8.5651,543.64,8,9.7025,0.82325,0.94,187.7,53.858,True,False,,ok,True,True,11.79,23.076,flare_decay,2610.7,0.30221,20.711,1.2623,1354.6,True,True,False,2.6967,1133.2,,False,True,False,False,False,ok,False,False,0.11675,0.034602,True,,,0.9141,True,False,141249137;141249139;141249138,1,1,True,,True,False,False,False,False,,,,not run,,,,,,0,23.076,66.315,25.475,11.79
198491496_2621.3900,198491496,2621.4,B,9617,8.563,2331.7,4,8.7794,1.3656,1.399,196.61,76.295,True,False,,ok,False,False,-6.5128,3.9429,ramp,2621.7,0.40104,27.65,1.3307,3818.2,True,True,False,4.2165,706,,False,,,,False,not run,,,,,,,,,,,,,,,,,,,,,,,,not run,,,,,,0,3.9429,-6.5128,3.6495,8.454
149441585_2614.3400,149441585,2614.3,B,9621,8.5602,4486.2,2,12.091,1.1675,1.15,140.67,24.376,True,False,,ok,True,True,13.099,0.88721,flare_decay,2614.4,0.067111,3.0343,0.30311,5350.5,False,True,False,2.9303,2.7526,,True,False,True,False,True,ok,False,False,-0.037685,-0.036612,True,,,-4.6699,True,True,,0,-0.3226,True,,True,False,False,False,False,,,,not run,,,,,,0,0.88721,137.09,71.173,13.099
173008746_2610.6900,173008746,2610.7,B,9622,8.5598,3147.4,6,12.644,0.914,1.11,164.9,35.289,True,False,,ok,False,False,-10.444,-5.4808,step,2610.7,0.044688,6.166,5.4579e-05,2420.1,False,True,False,2.2722,49.972,,True,False,True,,True,not run,,,,,,,,,,,,,,,,,,,,,,,,not run,,,,,,0,-5.4808,-4.8282,-10.444,-5.6141
238608641_2635.7900,238608641,2635.8,B,9625,8.5579,6378,3,12.67,0.76569,0.688,137.52,23.562,True,False,,ok,False,False,-6.6732,5.8959,ramp,2636,0.39022,17.428,1.2606,10327,True,True,False,2.9713,504.89,,False,,,,False,not run,,,,,,,,,,,,,,,,,,,,,,,,not run,,,,,,0,5.8959,-6.6732,10.213,13.042
158013828_2611.1000,158013828,2611.1,B,9630,8.552,4562,4,12.476,0.70938,0.731,215.27,79.814,True,False,,ok,False,False,-10.338,-4.0941,ramp,2611.2,0.058969,0.54906,0.59504,3840,False,False,False,2.0547,,,True,False,True,,True,not run,,,,,,,,,,,,,,,,,,,,,,,,not run,,,,,,0,-4.0941,-10.338,-7.4003,-4.5125
232521641_2611.3000,232521641,2611.3,B,9644,8.5377,3955.1,6,12.888,1.0482,1.04,192.75,72.743,True,False,,ok,False,False,-2.9372,-5.7474,step,2611.3,0.050424,5.2025,0.12302,3071.7,False,True,False,2.6778,18.334,,True,False,True,,True,not run,,,,,,,,,,,,,,,,,,,,,,,,not run,,,,,,0,-5.7474,4.8238,-2.9372,0.03164
288673033_2635.5700,288673033,2635.6,B,9645,8.5369,2577,6,11.426,2.1887,1.11,281.03,79.739,True,False,,ok,True,True,18.452,31.587,step,2635.7,0.39742,34.6,1.27,10114,True,True,False,7.2884,268.66,,False,True,False,False,False,ok,False,False,,,True,,,-11.338,True,True,,0,,True,,True,False,False,False,False,,,,not run,,,,,,0,31.587,25.997,18.452,35.037
459800267_2614.4800,459800267,2614.5,B,9650,8.528,8186.5,6,11.714,0.60689,0.59368,176.76,51.417,True,False,,ok,False,False,-38.318,0.15379,step,2614.5,0.084756,20.7,0.66356,7673.4,False,True,False,1.9299,3085.6,,True,False,False,,True,not run,,,,,,,,,,,,,,,,,,,,,,,,not run,,,,,,0,0.15379,12.766,-38.318,-21.127
402894718_2635.8200,402894718,2635.8,B,9657,8.5235,7210.3,1,11.262,1.0898,0.94,302.93,69.666,True,False,,ok,False,False,-6.3474,-0.83701,ramp,2635.8,0.30812,0.25,1.2283,4227.6,True,True,False,3.5867,,grazing,True,False,False,,True,not run,,,,,,,,,,,,,,,,,,,,,,,,not run,,,,,,0,-0.83701,-6.3474,-5.624,-5.2588
159144012_2635.4700,159144012,2635.5,B,9659,8.522,2337.7,12,12.652,0.8037,0.94,193.58,79.696,True,False,,ok,False,False,0.20103,0.6371,step,2635.5,0.24738,20.912,1.1747,3304.3,True,True,False,2.5217,1426.5,,False,True,False,,False,not run,,,,,,,,,,,,,,,,,,,,,,,,not run,,,,,,0,0.6371,20.821,0.20103,7.7942
166177265_2626.7200,166177265,2626.7,B,9660,8.5208,1280.3,12,11.486,1.3895,1.35,217.17,60.408,True,False,,ok,False,False,-6.0793,-6.4018,ramp,2626.7,0.030918,13.44,0.006947,1158.5,False,True,False,3.1941,186.42,,True,False,True,,True,not run,,,,,,,,,,,,,,,,,,,,,,,,not run,,,,,,0,-6.4018,-6.0793,1.0068,-2.3807
232610788_2611.1700,232610788,2611.2,B,9666,8.5171,2866,6,11.679,1.4681,1.03,258.6,61.58,True,False,,ok,False,False,-12.295,-6.909,ramp,2611.1,0.025188,3.0888,0.19534,762.98,False,False,False,3.6729,1.4331,,True,True,True,,True,not run,,,,,,,,,,,,,,,,,,,,,,,,not run,,,,,,0,-6.909,-12.295,-11.903,-10.409
402656371_2611.1600,402656371,2611.2,B,9672,8.5132,679.28,4,8.2532,1.8631,1.701,302.51,70.837,True,False,,ok,False,False,-12.646,-2.4053,step,2610.9,0.43191,26.15,1.3929,1498.5,True,True,False,5.5106,267.83,,False,,,,False,not run,,,,,,,,,,,,,,,,,,,,,,,,not run,,,,,,0,-2.4053,-0.63089,-12.646,-5.8154
91902069_2610.8000,91902069,2610.8,B,9675,8.5118,3498.5,4,12.182,0.74762,0.932,142.44,23.731,True,False,,ok,True,True,22.734,15.805,ramp,2610.7,0.3694,19.615,1.2656,7009.7,True,True,False,2.5826,1096,,False,True,False,False,False,ok,False,False,0.98262,0.34989,True,0.24371,4.2102,20.542,False,True,,0,8.3639,True,,True,False,False,False,False,,,,ok,False,0.68421,0,25.246,1096,0,15.805,22.734,30.23,36.804
88099545_2635.8400,88099545,2635.8,B,9684,8.4967,5541.6,1.5,11.674,0.73485,0.843,148.46,19.963,True,False,,ok,False,False,-16.382,8.2042,ramp,2636,0.39805,11.4,1.3107,5431.2,True,True,False,2.6798,192.57,,False,,,,False,not run,,,,,,,,,,,,,,,,,,,,,,,,not run,,,,,,0,8.2042,-16.382,-1.5575,3.8465
199658044_2635.8000,199658044,2635.8,B,9685,8.4963,1221.6,3,8.6677,0.70132,0.81,250.81,58.524,True,False,,ok,False,False,-35.502,-2.4505,ramp,2636,0.020389,8.9997,0.33383,491.91,False,True,False,1.8915,269.37,,False,,,,False,not run,,,,,,,,,,,,,,,,,,,,,,,,not run,,,,,,0,-2.4505,-35.502,-29.659,-28.455
149344536_2611.1800,149344536,2611.2,B,9687,8.492,2880.9,4,11.813,1.9017,1.25,138.57,28.6,True,False,,ok,False,False,0.36257,-6.4082,flare_decay,2611.2,0.046606,6.1131,0.0031429,2632.3,False,True,False,4.5546,6.0066,,True,False,True,,True,not run,,,,,,,,,,,,,,,,,,,,,,,,not run,,,,,,0,-6.4082,17.72,4.3185,0.36257
257023111_2610.9900,257023111,2611,B,9688,8.4919,1393.4,8,12.038,1.2645,1.21,225.42,73.281,True,False,,ok,False,False,-3.0658,-5.4243,flare_decay,2611,0.037032,7.4683,0.015808,1662,False,True,False,3.0325,37.358,,True,False,True,,True,not run,,,,,,,,,,,,,,,,,,,,,,,,not run,,,,,,0,-5.4243,8.7283,-0.3916,-3.0658
230086863_2610.6200,230086863,2610.6,B,9689,8.4899,2529.6,2,9.428,1.0809,1.047,247.01,66.098,True,False,,ok,False,False,-19.284,-5.1738,flare_decay,2610.5,0.3947,12.231,1.361,1140.3,True,True,False,3.6589,93.492,,False,True,False,,False,not run,,,,,,,,,,,,,,,,,,,,,,,,not run,,,,,,0,-5.1738,-3.6702,-5.9353,-19.284
224289913_2610.6800,224289913,2610.7,B,9690,8.4889,3152.5,6,12.276,0.93908,1.02,183.13,57.895,True,False,,ok,False,False,-6.7496,-8.6942,step,2610.7,0.048223,7.2679,0.072994,2815.1,False,True,False,2.4095,68.637,,False,True,False,,False,not run,,,,,,,,,,,,,,,,,,,,,,,,not run,,,,,,0,-8.6942,6.016,-6.7496,6.8592
198357824_2610.8600,198357824,2610.9,B,9693,8.4867,1362.3,2,7.941,0.87534,0.92,256.47,58.928,True,False,,ok,False,False,-13.29,233.72,ramp,2610.8,0.032281,16.7,0.93617,798.86,True,True,False,2.2892,971.1,,False,True,False,,False,not run,,,,,,,,,,,,,,,,,,,,,,,,not run,,,,,,0,233.72,-13.29,110.88,120.17
173003506_2635.5400,173003506,2635.5,B,9699,8.4825,1107.3,8,11.141,1.5697,1.1,150.65,30.728,True,False,,ok,True,True,13.554,-0.3728,flare_decay,2635.6,0.31789,20.843,1.2668,2065.6,True,True,False,4.9405,188.1,,False,True,False,False,False,ok,False,False,,,True,0.62056,30.192,7.3601,False,False,173003509;173003512,0,,True,,True,False,False,False,False,,,,not run,,,,,,0,-0.3728,41.04,20.07,13.554
459800214_2635.7600,459800214,2635.8,B,9703,8.4786,1583.5,1.5,8.2479,0.71193,0.66,176.76,50.972,True,False,,ok,False,False,-6.9873,-3.9711,step,2635.8,0.015441,3.3804,0.35533,281.14,False,True,False,2.0458,11.274,,True,False,True,,True,not run,,,,,,,,,,,,,,,,,,,,,,,,not run,,,,,,0,-3.9711,0.21852,-6.9873,-1.1481
86102795_2626.7600,86102795,2626.8,B,9715,8.4637,4129.6,3,12.391,1.7742,1.32,139.81,23.725,True,False,,ok,False,False,8.1371,1.6691,flare_decay,2626.8,0.42832,4.059,1.3386,5837.5,True,True,False,5.6964,0.81713,grazing,True,False,True,,True,not run,,,,,,,,,,,,,,,,,,,,,,,,not run,,,,,,0,1.6691,58.771,21.303,8.1371
307906988_2611.0200,307906988,2611,B,9718,8.4618,1880.3,4,10.496,1.885,1.29,140.8,32.825,True,False,,ok,False,False,-25.734,2.3406,ramp,2610.6,0.36803,29.29,1.2727,6079.9,True,True,False,5.8417,316.04,,False,,,,False,not run,,,,,,,,,,,,,,,,,,,,,,,,not run,,,,,,0,2.3406,-25.734,27.665,22.602
453425680_2611.5200,453425680,2611.5,B,9728,8.4438,2404.2,8,11.832,1.0888,0.97,146.13,51.692,True,False,,ok,True,True,26.67,25.613,ramp,2611.4,0.36288,31.866,1.2759,5209.4,True,True,False,3.6945,1606.1,,False,True,False,False,False,ok,False,False,1.6741,3.3214,True,0.18865,5.1807,48.587,False,True,,0,14.136,True,,True,False,False,False,False,,,,ok,True,0.14251,0,24.543,1606.1,0,25.613,26.67,53.58,62.673
157835625_2610.7300,157835625,2610.7,B,9730,8.4383,3518,6,12.473,2.0903,1.2,149.78,46.944,True,False,,ok,False,False,-3.4021,1.4421,step,2610.7,0.085099,14.888,0.81304,6886.1,False,True,False,5.2625,56.715,,False,True,False,,False,not run,,,,,,,,,,,,,,,,,,,,,,,,not run,,,,,,0,1.4421,26.792,-3.4021,2.8259
8174531_2610.4300,8174531,2610.4,B,9737,8.4315,1809.8,8,12.265,1.6451,1.25,156.01,40.122,True,False,,ok,False,False,6.4837,9.1594,flare_decay,2610.4,0.35302,24.035,1.2694,4825.3,True,True,False,5.0942,263.12,,False,True,False,,False,not run,,,,,,,,,,,,,,,,,,,,,,,,not run,,,,,,0,9.1594,24.793,8.2621,6.4837
445809694_2610.3600,445809694,2610.4,B,9748,8.4161,4465.5,1.5,11.795,1.7274,1.04,169.19,49.447,True,False,,ok,False,False,-40.253,69.677,ramp,2610.2,0.42404,12.525,1.3017,9693.6,True,True,False,5.9877,22.925,,False,,,,False,not run,,,,,,,,,,,,,,,,,,,,,,,,not run,,,,,,0,69.677,-40.253,50.947,34.971
232641492_2626.8300,232641492,2626.8,B,9749,8.4158,5674,12,11.861,1.0682,0.83,281.46,56.132,True,False,,ok,True,True,210.23,329.06,ramp,2626.7,0.38972,55.042,1.2631,9926.9,True,True,False,3.8932,7074,,False,True,False,False,False,ok,False,False,0.15609,0.013801,True,,,-16.885,True,True,,0,1.3137,True,,True,False,False,False,False,,,,ok,False,1,0.98238,16.252,7074,0,329.06,210.23,529.88,357.34
159540437_2611.5600,159540437,2611.6,B,9752,8.4125,3043.7,4,11.61,1.8504,1.37,248.73,81.014,True,False,,ok,True,True,139.19,39.239,flare_decay,2611.5,0.078169,11.64,0.92027,4803.5,True,True,False,4.4279,45.467,,True,False,False,True,True,ok,True,True,1.0732,0.47906,True,0.024395,0.26922,16.147,False,True,,0,9.0282,True,,True,False,False,False,False,,,,ok,True,0.11765,0.0091585,24.466,45.467,0,39.239,208.58,140.63,139.19
55762554_2627.0200,55762554,2627,B,9753,8.4122,3597.8,3,12.419,1.8085,0.95,182.02,54.498,True,False,,ok,True,True,13.365,-5.4323,flare_decay,2627,0.057138,3.2826,0.0024642,3956,False,False,False,4.7944,0.66569,,True,False,True,,True,not run,,,,,,,,,,,,,,,,,,,,,,,,not run,,,,,,0,-5.4323,37.687,14.928,13.365
1044084_2610.2500,1044084,2610.2,B,9755,8.4116,2361.8,6,12.145,0.88276,0.86,154.26,26.511,True,False,,ok,False,False,-14.131,-26.116,step,2610.3,0.042852,6.9106,0.068602,2223.3,False,True,False,2.3853,60.818,,False,True,False,,False,not run,,,,,,,,,,,,,,,,,,,,,,,,not run,,,,,,0,-26.116,62.517,-14.131,-4.1219
441790776_2635.5900,441790776,2635.6,B,9758,8.4107,1827.4,8,11.626,1.5974,1.053,262.62,74.566,True,False,,ok,False,False,-1.3422,-1.1022,step,2635.7,0.36993,33.422,1.2926,4322.3,True,True,False,5.3034,627.22,,False,True,False,,False,not run,,,,,,,,,,,,,,,,,,,,,,,,not run,,,,,,0,-1.1022,15.268,-1.3422,6.8368
389916771_2611.5400,389916771,2611.5,B,9762,8.4058,1757.3,6,11.977,1.6881,1.27,276.08,59.915,True,False,,ok,False,False,-2.7957,-4.4723,flare_decay,2611.5,0.042796,5.0631,0.0028263,2219.6,False,True,False,4.0065,5.012,,True,False,True,,True,not run,,,,,,,,,,,,,,,,,,,,,,,,not run,,,,,,0,-4.4723,4.4774,6.2773,-2.7957
172534697_2635.7700,172534697,2635.8,B,9766,8.4022,6304.1,1,10.189,0.84686,0.983,143.39,27.315,True,False,,ok,False,False,-84.173,211.76,ramp,2635.7,0.040314,8.2248,2.2443e-07,1969.7,False,True,False,2.1832,133.73,,True,False,False,,True,not run,,,,,,,,,,,,,,,,,,,,,,,,not run,,,,,,0,211.76,-84.173,43.002,62.732
115810810_2611.0000,115810810,2611,B,9768,8.4015,3421.4,6,12.766,1.6951,1.05,150.57,44.667,True,False,,ok,True,True,11.255,9.4985,flare_decay,2611,0.37061,14.92,1.271,6562.8,True,True,False,5.6365,46.475,,True,False,False,True,True,ok,False,True,0.68802,0.75296,True,0.51073,5.3638,14.743,False,False,115810811,0,5.7804,True,,True,False,False,False,False,,,,not run,,,,,,0,9.4985,41.741,19.572,11.255
17202590_2626.3600,17202590,2626.4,B,9774,8.3909,2827.3,4,11.321,0.74433,0.816,145.79,38.395,True,False,,ok,False,False,-5.8782,-5.4111,ramp,2626.2,0.040801,2.7633,3.6456e-05,2017.5,False,True,False,2.0426,6.1816,,False,True,False,,False,not run,,,,,,,,,,,,,,,,,,,,,,,,not run,,,,,,0,-5.4111,-5.8782,-3.579,-3.4242
16815544_2635.8300,16815544,2635.8,B,9776,8.3906,2521.8,1.5,10.52,2.0209,1.15,142.7,36.152,True,False,,ok,False,False,-33.945,206.15,ramp,2636,0.39705,12.4,1.3044,5977,True,True,False,6.6473,16.247,,False,,,,False,not run,,,,,,,,,,,,,,,,,,,,,,,,not run,,,,,,0,206.15,-33.945,82.211,93.893
165989799_2610.7300,165989799,2610.7,B,9777,8.3904,5495.4,1.5,10.281,1.8786,1.02,210.84,64.914,True,False,,ok,False,False,-1017,-229.05,ramp,2610.8,0.044288,3.1978,0.99538,682.24,True,True,False,4.8045,0.57884,grazing,True,False,False,,True,not run,,,,,,,,,,,,,,,,,,,,,,,,not run,,,,,,0,-229.05,-1017,-978.34,-948.67
154565894_2635.8100,154565894,2635.8,B,9779,8.3882,4105.7,2,9.8891,1.409,1.062,189.94,74.69,True,False,,ok,False,False,-27.246,77.297,ramp,2636,0.42326,15.95,1.3487,4285.5,True,True,False,4.8457,89.32,,False,,,,False,not run,,,,,,,,,,,,,,,,,,,,,,,,not run,,,,,,0,77.297,-27.246,29.033,28.396
147994170_2611.0600,147994170,2611.1,B,9780,8.3871,2749.2,8,11.429,0.92856,0.842,170.81,67.143,True,False,,ok,True,True,21.335,7.5711,step,2610.9,0.38119,25.148,1.322,2824.9,True,True,False,3.3471,1061.4,,False,True,False,False,False,ok,False,False,-0.082654,-0.030157,False,1.0323,20.421,4.3465,False,False,147994169,0,-0.69323,True,,True,False,False,False,False,,,,not run,,,,,,0,7.5711,49.947,21.335,25.891
357097766_2614.4500,357097766,2614.4,B,9783,8.3835,1738,4,9.9866,2.6811,0.97,274.84,54.813,True,False,,ok,False,False,-7.6598,40.454,ramp,2614.5,0.043333,20.403,0.88103,1633.2,False,True,False,6.9713,62.881,,True,False,False,,True,not run,,,,,,,,,,,,,,,,,,,,,,,,not run,,,,,,0,40.454,-7.6598,13.403,19.96
141118530_2610.5800,141118530,2610.6,B,9785,8.3827,3761.4,1.5,10.723,0.82661,0.7,165.2,54.32,True,False,,ok,False,False,-48.337,43.543,ramp,2610.5,0.048351,5.5989,9.3049e-07,2833.1,False,True,False,2.4048,31.558,,False,True,False,,False,not run,,,,,,,,,,,,,,,,,,,,,,,,not run,,,,,,0,43.543,-48.337,-11.47,-12.335
166150791_2610.5700,166150791,2610.6,B,9788,8.3795,1887,3,11.021,2.7833,1.21,216.29,64.697,True,False,,ok,False,False,-7.2335,-5.3655,step,2610.6,0.029775,2.639,0.16853,1068.3,False,False,False,6.6346,0.21356,,True,False,True,,True,not run,,,,,,,,,,,,,,,,,,,,,,,,not run,,,,,,0,-5.3655,10.769,-7.2335,-1.0838
105576711_2610.9000,105576711,2610.9,B,9789,8.3774,943.79,6,9.4741,0.99011,1.358,153.25,47.176,True,False,,ok,True,True,28.525,29.721,flare_decay,2610.9,0.34333,22.038,1.2812,2934.8,True,True,False,2.9597,1033,,False,True,False,False,False,ok,False,False,-0.66984,-0.10622,True,,,1.3799,True,False,105576710,0,-5.6115,True,,True,False,False,False,False,,,,not run,,,,,,0,29.721,118.81,36.508,28.525
142873059_2611.1600,142873059,2611.2,B,9792,8.3741,5130.3,3,12.13,0.79668,0.918,176.28,69.836,True,False,,ok,False,False,-13.857,-5.3447,ramp,2611.1,0.030768,4.8635,0.1711,1140.5,False,True,False,2.0819,31.879,,False,True,False,,False,not run,,,,,,,,,,,,,,,,,,,,,,,,not run,,,,,,0,-5.3447,-13.857,-13.186,-8.4479
3943018_2610.0900,3943018,2610.1,B,9793,8.3736,5812.6,2,12.344,1.6321,1.3,152.05,29.34,True,False,,ok,False,False,-24.865,27.872,ramp,2609.9,0.9,14.575,1.7759,12681,True,True,False,7.0098,22.546,,False,True,False,,False,not run,,,,,,,,,,,,,,,,,,,,,,,,not run,,,,,,0,27.872,-24.865,20.541,22.269
27072099_2620.4400,27072099,2620.4,B,9798,8.3694,2438,8,11.986,1.0034,1.11,152.4,23.789,True,False,,ok,False,False,-7.2971,6.3446,ramp,2620.4,0.36303,38.565,1.2982,3217.7,True,True,False,3.2553,4160.3,,False,True,False,,False,not run,,,,,,,,,,,,,,,,,,,,,,,,not run,,,,,,0,6.3446,-7.2971,37.175,1.1829
148970798_2635.2600,148970798,2635.3,B,9805,8.3558,3640.7,16,11.583,0.72265,0.756,193.02,68.754,True,False,,ok,False,False,-32.482,159.9,ramp,2636.6,0.40055,97.1,1.2412,14661,True,True,False,2.7376,,,False,,,,False,not run,,,,,,,,,,,,,,,,,,,,,,,,not run,,,,,,0,159.9,-32.482,353.02,365.03
4988957_2610.4900,4988957,2610.5,B,9806,8.3551,2972.4,4,11.442,0.71711,0.744,149.26,32.046,True,False,,ok,True,True,65.781,31.068,step,2610.5,0.089017,14.908,0.95707,4588.2,True,True,False,2.1235,865.46,,False,True,False,False,False,ok,False,False,-0.08794,-0.020726,True,,,-3.4705,True,True,,0,-0.73475,True,,True,False,False,False,False,,,,not run,,,,,,0,31.068,73.363,65.781,74.271
233528075_2635.8000,233528075,2635.8,B,9810,8.3499,3638.5,3,12.18,0.8014,0.92,280.25,60.273,True,False,,ok,False,False,-1.5661,-7.528,flare_decay,2635.8,0.035405,3.5436,0.0049915,1519.2,False,True,False,2.1021,11.972,,True,True,True,,True,not run,,,,,,,,,,,,,,,,,,,,,,,,not run,,,,,,0,-7.528,2.3999,-1.5262,-1.5661
8117299_2610.1500,8117299,2610.2,B,9814,8.3437,3201.6,2,11.812,0.98876,0.97,154.69,39.361,True,False,,ok,False,False,-17.134,3.2387,ramp,2610,0.098001,13.2,0.95653,5459.3,True,True,False,2.7025,291.52,,False,,,,False,not run,,,,,,,,,,,,,,,,,,,,,,,,not run,,,,,,0,3.2387,-17.134,-1.336,1.1224
82204151_2635.8300,82204151,2635.8,B,9816,8.3406,5016.4,1.5,10.852,0.81776,0.976,148.1,28.561,True,False,,ok,False,False,-32.336,134.97,ramp,2636,0.52821,12.275,1.4145,9312.5,True,True,False,3.1047,154.63,,False,True,False,,False,not run,,,,,,,,,,,,,,,,,,,,,,,,not run,,,,,,0,134.97,-32.336,44.58,48.328
286728088_2635.3800,286728088,2635.4,B,9817,8.3403,5023.5,3,12.766,1.3503,0.99,142.99,23.029,True,False,,ok,False,False,0.44085,-0.58538,flare_decay,2635.4,0.12082,7.6825,0.99166,5613.2,True,True,False,3.7426,21.631,,True,False,True,,True,not run,,,,,,,,,,,,,,,,,,,,,,,,not run,,,,,,0,-0.58538,18.43,6.1094,0.44085
88728842_2626.7900,88728842,2626.8,B,9821,8.3383,1435.7,8,11.526,1.1409,1.12,151.26,49.899,True,False,,ok,False,False,-7.2853,-6.3033,step,2626.8,0.032415,6.0399,0.18469,1264.6,False,True,False,2.7949,25.236,,True,False,True,,True,not run,,,,,,,,,,,,,,,,,,,,,,,,not run,,,,,,0,-6.3033,7.9057,-7.2853,1.9802
307988943_2610.8100,307988943,2610.8,B,9822,8.3381,2819.1,3,10.431,1.5231,1.4,149.66,29.568,True,False,,ok,True,True,54.305,144.83,ramp,2610.7,0.39504,25.175,1.2896,7382.8,True,True,False,4.6822,389.32,,False,True,False,False,False,ok,False,False,1.6488,0.31899,True,0.60399,16.41,5.1865,False,True,,0,13.748,True,,True,False,False,False,False,,,,ok,False,1,1,25.104,389.32,0,144.83,54.305,153.33,112.58
198509993_2635.7700,198509993,2635.8,B,9831,8.327,4442.5,4,12.632,1.0323,1.09,210.72,77.001,True,False,,ok,False,False,-9.3378,-5.0558,ramp,2635.9,0.040857,2.5215,0.73692,1706.6,False,False,False,2.5726,2.3336,,True,True,True,,True,not run,,,,,,,,,,,,,,,,,,,,,,,,not run,,,,,,0,-5.0558,-9.3378,-8.9861,-8.8455
1097027_2611.0600,1097027,2611.1,B,9838,8.3207,2414.6,3,11.431,1.0145,1.21,154.92,24.379,True,False,,ok,True,True,29.183,1.976,flare_decay,2611.1,0.065156,2.427,0.90614,3491.3,True,True,False,2.4986,2.2727,grazing,False,True,False,True,True,ok,False,True,0.50673,0.61389,False,1.249,5.7412,5.5024,False,True,,0,4.2163,True,,True,False,False,False,False,,,,not run,,,,,,0,1.976,93.855,47.555,29.183
155638359_2621.4600,155638359,2621.5,B,9839,8.3196,5179.2,1.5,10.768,0.83774,0.99,203.83,78.553,True,False,,ok,False,False,-12.732,8.2823,ramp,2621.6,0.71276,11.65,1.6437,4495,True,True,False,3.548,88.593,,False,True,False,,False,not run,,,,,,,,,,,,,,,,,,,,,,,,not run,,,,,,0,8.2823,-12.732,-2.7957,1.1365
318275039_2610.9900,318275039,2611,B,9841,8.319,2609,6,11.557,1.9119,1.46,163.95,51.949,True,False,,ok,True,True,22.534,9.1964,ramp,2610.9,0.41229,19.471,1.3519,3006.1,True,True,False,5.8696,91.514,,False,True,False,True,True,ok,True,True,1.1032,1.0707,True,0.54021,7.7439,21.61,False,True,,0,9.1776,True,,True,False,False,False,False,,,,ok,False,0.56815,0.55818,25.016,91.514,0,9.1964,22.534,25.463,27.325
171556860_2630.0100,171556860,2630,B,9842,8.3171,1690.7,1.5,10.417,2.5793,1.23,156.1,20.373,True,False,,ok,True,True,18.198,-3.5009,flare_decay,2630,0.32167,3.2242,1.2745,1824.7,True,True,False,7.8522,0.20329,grazing,False,True,False,False,False,ok,False,False,0.32994,0.10388,False,1.238,4.5677,3.3979,False,True,,0,2.7441,True,,True,False,False,False,False,,,,not run,,,,,,0,-3.5009,87.224,53.913,18.198
259266829_2635.8200,259266829,2635.8,B,9844,8.3149,7348.3,1,12.033,1.952,0.95,293.18,67.098,True,False,,ok,False,False,-60.213,-3.8708,ramp,2635.8,0.12999,0.25044,1.02,4614,True,True,False,5.5326,,grazing,True,False,True,,True,not run,,,,,,,,,,,,,,,,,,,,,,,,not run,,,,,,0,-3.8708,-60.213,-42.019,-41.173
92004894_2627.1800,92004894,2627.2,B,9855,8.306,7031.2,1.5,12.748,1.2773,1.08,144.98,23.096,True,False,,ok,True,False,14.281,-7.4088,flare_decay,2627.2,0.44789,2.6921,1.3468,7224.9,True,True,False,4.4432,0.49247,grazing,True,False,False,False,True,ok,False,False,-0.18416,-0.17725,True,,,-6.0738,True,True,,0,-1.5296,True,,True,False,False,False,False,,,,not run,,,,,,0,-7.4088,39.344,27.02,14.281
142396584_2610.7100,142396584,2610.7,B,9859,8.3031,4141.6,4,12.427,0.62051,0.60451,198.84,62.215,True,False,,ok,False,False,-18.409,-6.6862,ramp,2610.8,0.043764,6.4243,0.22856,2296.1,False,True,False,1.8872,98.637,,True,False,True,,True,not run,,,,,,,,,,,,,,,,,,,,,,,,not run,,,,,,0,-6.6862,-18.409,-15.022,-6.8859
288638681_2611.3200,288638681,2611.3,B,9868,8.2925,4515.3,3,12.606,0.95851,1,280.28,79.424,True,False,,ok,False,False,-4.6694,7.9771,flare_decay,2611,0.094174,18.55,1.098e-06,10741,False,True,False,2.5842,925.14,,False,,,,False,not run,,,,,,,,,,,,,,,,,,,,,,,,not run,,,,,,0,7.9771,8.5701,-0.49456,-4.6694
376997143_2627.3600,376997143,2627.4,B,9875,8.2852,6041.8,3,12.936,1.0817,1.05,284.66,57.43,True,False,,ok,False,False,5.6527,-4.8798,flare_decay,2627.4,0.087958,3.3285,0.79964,7461.3,False,True,False,2.8531,3.952,,True,False,True,,True,not run,,,,,,,,,,,,,,,,,,,,,,,,not run,,,,,,0,-4.8798,42.819,14.456,5.6527
8769272_2611.0400,8769272,2611,B,9876,8.2842,5936.1,2,12.485,1.9353,0.96,140.47,31.253,True,False,,ok,False,False,-12.639,0.33872,ramp,2610.9,0.78669,12.575,1.6988,6897.1,True,True,False,8.6538,7.6646,,False,True,False,,False,not run,,,,,,,,,,,,,,,,,,,,,,,,not run,,,,,,0,0.33872,-12.639,-6.9606,-2.3217
150326859_2610.4300,150326859,2610.4,B,9884,8.2808,3599.6,3,12.268,1.0102,0.99,191.59,57.663,True,False,,ok,False,False,-16.34,2.8329,ramp,2610.2,0.41703,19.3,1.3056,8265.6,True,True,False,3.5398,405.67,,False,,,,False,not run,,,,,,,,,,,,,,,,,,,,,,,,not run,,,,,,0,2.8329,-16.34,-4.378,0.99262
171557894_2610.0900,171557894,2610.1,B,9886,8.2796,3022.1,6,12.58,1.8537,1.16,156.2,21.303,True,False,,ok,False,False,-18.172,-3.7925,ramp,2609.5,0.9,38.753,1.7819,11687,True,True,False,8.274,258.36,,False,,,,False,not run,,,,,,,,,,,,,,,,,,,,,,,,not run,,,,,,0,-3.7925,-18.172,-6.9772,-2.7131
335745965_2610.5700,335745965,2610.6,B,9894,8.2737,3838.4,6,12.973,1.03,1.2,224.28,60.059,True,False,,ok,False,False,-12.502,-7.1998,ramp,2610,0.53935,34.398,1.4075,11987,True,True,False,3.6773,2048.5,,False,,,,False,not run,,,,,,,,,,,,,,,,,,,,,,,,not run,,,,,,0,-7.1998,-12.502,-2.6495,-0.3585
105576496_2635.4700,105576496,2635.5,B,9910,8.2607,749.02,8,9.928,1.0601,0.995,153.21,46.021,True,False,,ok,True,True,34.787,26.683,step,2635.5,0.30775,20.08,1.2585,1923.7,True,True,False,3.4223,505.48,,False,True,False,False,False,ok,False,False,,,True,,,-5.7397,True,True,,0,,True,,True,False,False,False,False,,,,not run,,,,,,0,26.683,141.97,34.787,44.324
9340247_2635.8300,9340247,2635.8,B,9912,8.2582,4143.4,1.5,11.491,2.0037,1.26,149.9,40.478,True,False,,ok,False,False,-18.203,79.933,ramp,2636,0.3948,12.4,1.2903,7272,True,True,False,6.3821,18.363,,False,,,,False,not run,,,,,,,,,,,,,,,,,,,,,,,,not run,,,,,,0,79.933,-18.203,33.198,36.901
284891357_2611.4700,284891357,2611.5,B,9919,8.2484,1520.7,24,12.053,2.1692,0.96,260.51,55.97,True,False,,ok,False,False,6.2794,83.189,ramp,2610.5,0.38279,72,1.2779,7232.6,True,True,False,7.5029,2220,,False,True,False,,False,not run,,,,,,,,,,,,,,,,,,,,,,,,not run,,,,,,0,83.189,6.2794,76.955,84.534
219760799_2610.5900,219760799,2610.6,B,9920,8.2477,3727.9,1,11.429,1.0504,1.14,262.25,63.606,True,False,,ok,False,False,3.8316,-1.1881,flare_decay,2610.6,0.33874,1.0526,1.2812,2575.8,True,True,False,3.3173,0.065523,grazing,True,True,True,,True,not run,,,,,,,,,,,,,,,,,,,,,,,,not run,,,,,,0,-1.1881,13.386,10.22,3.8316
349794755_2626.7100,349794755,2626.7,B,9925,8.2435,2461.8,6,11.645,1.0989,1.06,143.56,27.946,True,False,,ok,False,False,-142.3,-127.39,flare_decay,2626.6,0.89965,4.1322,1.8311,4738.6,True,True,False,5.0475,1.3442,grazing,False,True,False,,False,not run,,,,,,,,,,,,,,,,,,,,,,,,not run,,,,,,0,-127.39,112.94,-132.23,-142.3
233661037_2611.0500,233661037,2611.1,B,9929,8.2403,6931.2,3,12.654,1.1888,0.84,260.05,62.934,True,False,,ok,False,False,-16.395,-2.9668,step,2610.8,0.058476,18.175,0.74004,3484.9,False,True,False,3.2866,423.15,,False,,,,False,not run,,,,,,,,,,,,,,,,,,,,,,,,not run,,,,,,0,-2.9668,-15.816,-16.395,-11.311
95343711_2614.2700,95343711,2614.3,B,9932,8.2383,4607.8,1.5,12.264,2.0792,0.95,153.96,23.734,True,False,,ok,True,True,13.23,0.338,flare_decay,2614.3,0.38142,3.0913,1.2946,5288.7,True,True,False,7.2088,0.18648,grazing,True,False,True,False,True,ok,False,False,-0.12378,-0.21751,True,,,2.4541,True,True,,0,-1.0197,True,,True,False,False,False,False,,,,not run,,,,,,0,0.338,44.691,33.523,13.23
172503960_2630.7700,172503960,2630.8,B,9939,8.2332,7932.3,2,12.864,1.2216,1.02,142.48,29.847,True,False,,ok,True,True,21.477,-4.2047,flare_decay,2630.8,0.098927,2.9711,0.85789,8738.6,False,False,False,3.2866,1.8138,,False,True,False,,False,not run,,,,,,,,,,,,,,,,,,,,,,,,not run,,,,,,0,-4.2047,90.623,62.84,21.477
286689473_2610.4900,286689473,2610.5,B,9943,8.2288,4607.9,1.5,12.262,1.27,1.1,142.59,23.539,True,False,,ok,False,False,-12.968,21.36,ramp,2610.4,0.063965,6.1,0.045319,4955.3,False,True,False,3.2258,16.903,,False,True,False,,False,not run,,,,,,,,,,,,,,,,,,,,,,,,not run,,,,,,0,21.36,-12.968,-6.845,-4.4997
155877397_2610.4300,155877397,2610.4,B,9945,8.228,3919.3,1.5,11.099,1.108,1.003,196.5,58.92,True,False,,ok,False,False,-3.7303,-5.7833,flare_decay,2610.4,0.033802,1.6361,0.00010779,1384.8,False,False,False,2.8196,0.43628,,True,False,True,,True,not run,,,,,,,,,,,,,,,,,,,,,,,,not run,,,,,,0,-5.7833,-1.6944,-2.1913,-3.7303
219089178_2611.0700,219089178,2611.1,B,9949,8.2246,4501.5,2,11.809,1.2374,1.24,268.52,66.325,True,False,,ok,False,False,-11.415,-8.1439,ramp,2611,0.031596,4.3612,0.93268,773.8,True,True,False,2.9278,8.2505,,False,True,False,,False,not run,,,,,,,,,,,,,,,,,,,,,,,,not run,,,,,,0,-8.1439,-11.415,-10.021,-11.116
417849320_2635.7900,417849320,2635.8,B,9950,8.2244,3337,3,11.994,1.6114,1,152.25,62.403,True,False,,ok,False,False,-23.292,3.8892,ramp,2636,0.41874,10.325,1.3421,4468.9,True,True,False,5.6372,15.373,,False,True,False,,False,not run,,,,,,,,,,,,,,,,,,,,,,,,not run,,,,,,0,3.8892,-23.292,-10.217,-5.3688
150317498_2610.4900,150317498,2610.5,B,9953,8.2227,2063.1,6,11.986,1.6379,1.22,190.97,57.411,True,False,,ok,False,False,-10.416,-6.4648,step,2611,0.040573,5.7393,0.35772,1939.9,False,True,False,3.9312,7.7559,,True,False,True,,True,not run,,,,,,,,,,,,,,,,,,,,,,,,not run,,,,,,0,-6.4648,-5.9735,-10.416,-5.6025
376504609_2635.5600,376504609,2635.6,B,9955,8.2222,1075.1,8,11.513,2.0741,1.24,182.32,47.69,True,False,,ok,False,False,-6.2183,-3.4935,step,2635.6,0.030553,9.592,0.00053243,1131.4,False,True,False,4.9049,18.696,,True,False,True,,True,not run,,,,,,,,,,,,,,,,,,,,,,,,not run,,,,,,0,-3.4935,4.3174,-6.2183,0.81646
330757434_2616.4300,330757434,2616.4,B,9956,8.2218,4907.3,1.5,11.613,1.768,1.22,144.31,29.517,True,False,,ok,False,False,9.062,6.1168,flare_decay,2616.4,0.076414,2.237,0.90675,4772,True,True,False,4.3902,0.17318,grazing,False,True,False,,False,not run,,,,,,,,,,,,,,,,,,,,,,,,not run,,,,,,0,6.1168,112.82,49.114,9.062
415759892_2635.6100,415759892,2635.6,B,9965,8.212,1121.3,8,10.704,1.9055,1.29,162.08,41.883,True,False,,ok,True,True,15.656,4.4517,step,2635.6,0.054006,14.424,0.92309,2306.3,True,True,False,4.548,79.868,,False,True,False,False,False,ok,False,False,0.14292,0.050155,True,,,0.29299,True,True,,0,1.1737,True,,True,False,False,False,False,,,,not run,,,,,,0,4.4517,89.72,15.656,27.219
20162076_2635.8300,20162076,2635.8,B,9970,8.2103,3583.6,1.5,11.422,0.87898,0.958,145.41,47.724,True,False,,ok,False,False,-29.181,162.87,ramp,2636,0.40799,12.4,1.2904,8945.9,True,True,False,3.0937,161.1,,False,,,,False,not run,,,,,,,,,,,,,,,,,,,,,,,,not run,,,,,,0,162.87,-29.181,73.751,76.869
219467270_2610.6200,219467270,2610.6,B,9973,8.2064,3303.3,1.5,10.402,0.99109,1.04,210.21,72.166,True,False,,ok,False,False,-34.154,80.982,ramp,2610.5,0.11296,12.525,1.0004,4373.5,True,True,False,2.6827,254.58,,False,True,False,,False,not run,,,,,,,,,,,,,,,,,,,,,,,,not run,,,,,,0,80.982,-34.154,30.333,25.586
148894032_2610.6600,148894032,2610.7,B,9988,8.1807,2029.7,3,8.8016,0.72554,0.73,184.37,69.257,True,False,,ok,False,False,-11.059,-8.3717,step,2610.6,0.01507,2.2126,0.7895,222.46,False,True,False,2.0153,3.2972,,False,True,False,,False,not run,,,,,,,,,,,,,,,,,,,,,,,,not run,,,,,,0,-8.3717,-8.1192,-11.059,-8.3223
198178519_2610.6700,198178519,2610.7,B,9989,8.1805,3941.3,3,12.255,0.90377,0.99,244.43,61.336,True,False,,ok,False,False,-9.5659,-5.3617,step,2610.6,0.044496,1.0998,0.053064,2398.1,False,False,False,2.3337,0.21069,,True,False,True,,True,not run,,,,,,,,,,,,,,,,,,,,,,,,not run,,,,,,0,-5.3617,-9.1364,-9.5659,-5.6752
172531489_2610.5500,172531489,2610.6,B,9992,8.1777,8162.8,2,12.574,0.95974,1.02,143.09,24.381,True,False,,ok,False,False,1.0874,130.98,ramp,2610.3,0.4347,16.103,1.2038,27879,True,True,False,3.371,272.77,,False,,,,False,not run,,,,,,,,,,,,,,,,,,,,,,,,not run,,,,,,0,130.98,1.0874,89.765,89.941
56937873_2635.8300,56937873,2635.8,B,10003,8.1733,5031.6,2,12.372,1.8925,0.96,172.24,42.815,True,False,,ok,False,False,-60.576,89.141,ramp,2636,0.59007,10.7,1.4617,11819,True,True,False,7.5272,7.1615,,False,True,False,,False,not run,,,,,,,,,,,,,,,,,,,,,,,,not run,,,,,,0,89.141,-60.576,83.293,67.569
138559526_2635.6700,138559526,2635.7,B,10005,8.1679,2236,1.5,10.911,1.4107,1.16,174.66,61.655,True,False,,ok,False,False,3.6089,-2.3489,step,2635.7,0.045551,1.9303,0.00045233,2514.5,False,False,False,3.4596,0.33179,,True,False,True,,True,not run,,,,,,,,,,,,,,,,,,,,,,,,not run,,,,,,0,-2.3489,48.518,3.6089,6.6156
229588763_2611.3800,229588763,2611.4,B,10008,8.1655,1106.3,4,10.254,2.1417,1.36,271.75,73.527,True,False,,ok,False,False,-11.761,-1.6772,ramp,2611.2,0.9,18.175,1.8639,1658.7,True,True,False,9.0697,20.222,,False,,,,False,not run,,,,,,,,,,,,,,,,,,,,,,,,not run,,,,,,0,-1.6772,-11.761,-3.9526,-0.38194
139401550_2627.4300,139401550,2627.4,B,10011,8.1619,1439,24,12.111,1.3862,1.2,139.55,31.64,True,False,,ok,False,False,-11.315,-5.0595,step,2627.4,0.055746,39.271,0.83787,2879.1,False,True,False,3.3939,3877,,False,True,False,,False,not run,,,,,,,,,,,,,,,,,,,,,,,,not run,,,,,,0,-5.0595,92.963,-11.315,15.788
172535144_2627.0300,172535144,2627,B,10019,8.1528,2430.5,8,12.005,1.4644,1.44,143.36,29.451,True,False,,ok,False,False,-13.049,-3.7119,flare_decay,2627.1,0.072631,3.3968,0.88413,4534.1,False,False,False,3.428,2.3987,,False,True,False,,False,not run,,,,,,,,,,,,,,,,,,,,,,,,not run,,,,,,0,-3.7119,57.426,30.82,-13.049
229748126_2621.4200,229748126,2621.4,B,10021,8.1507,1876.7,3,11.207,1.7226,1.45,280.5,69.668,True,False,,ok,False,False,-10.438,-5.9888,step,2621.4,0.03009,1.0934,0.12884,1093.7,False,False,False,3.8638,0.088458,,True,False,True,,True,not run,,,,,,,,,,,,,,,,,,,,,,,,not run,,,,,,0,-5.9888,-10.427,-10.438,-7.4052
138652016_2610.4500,138652016,2610.4,B,10025,8.1483,1571.4,1.5,9.8673,1.2491,1.192,179.05,60.665,True,False,,ok,False,False,-17.322,51.914,ramp,2610.3,0.9,11.9,1.8409,3718.2,True,True,False,5.5191,25.113,,False,True,False,,False,not run,,,,,,,,,,,,,,,,,,,,,,,,not run,,,,,,0,51.914,-17.322,23.645,23.311
233007230_2635.8300,233007230,2635.8,B,10031,8.1452,8939.5,1,12.281,0.85455,0.965,247.67,77.422,True,False,,ok,False,False,-43.715,-5.9878,ramp,2635.9,0.051917,4.9997,0.88177,2338,False,True,False,2.2413,27.754,,False,True,False,,False,not run,,,,,,,,,,,,,,,,,,,,,,,,not run,,,,,,0,-5.9878,-43.715,-34.556,-28.384
293630845_2635.7900,293630845,2635.8,B,10033,8.1447,2831.8,2,10.246,0.5762,0.56823,149.69,55.551,True,False,,ok,False,False,-23.051,-3.7059,step,2635.8,0.18866,0.25,1.141,1475.8,True,True,False,2.0374,,grazing,True,False,False,,True,not run,,,,,,,,,,,,,,,,,,,,,,,,not run,,,,,,0,-3.7059,-22.219,-23.051,-19.905
100011351_2614.4000,100011351,2614.4,B,10042,8.1404,624.25,1,5.2094,1.6792,1.17,173.09,61.082,True,False,,ok,False,False,3.7437,-0.28803,flare_decay,2614.4,0.029807,0.52866,0.5093,1011.5,False,False,False,4.0449,,,True,False,True,,True,not run,,,,,,,,,,,,,,,,,,,,,,,,not run,,,,,,0,-0.28803,29.663,17.556,3.7437
219898718_2611.0000,219898718,2611,B,10050,8.1374,7550.1,2,12.52,1.051,1.07,263.4,67.548,True,False,,ok,False,False,-12.043,5.6399,step,2610.9,0.071909,2.8276,0.91162,4183,True,True,False,2.714,2.8075,,False,True,False,,False,not run,,,,,,,,,,,,,,,,,,,,,,,,not run,,,,,,0,5.6399,-8.806,-12.043,-5.1636
165718852_2610.2600,165718852,2610.3,B,10056,8.1354,4721.9,1.5,12.254,1.8581,1.08,164.36,34.932,True,False,,ok,False,False,-19.039,4.3069,step,2610.2,0.40475,12.525,1.318,5404.2,True,True,False,6.2747,19.917,,False,True,False,,False,not run,,,,,,,,,,,,,,,,,,,,,,,,not run,,,,,,0,4.3069,-15.235,-19.039,-13.864
85995153_2621.3300,85995153,2621.3,B,10062,8.1305,2942.7,2,11.426,1.7485,1.28,138.58,23.167,True,False,,ok,True,True,11.781,-2.707,flare_decay,2621.3,0.050961,3.3646,0.0007484,3147.1,False,False,False,4.1717,1.2404,,True,False,True,,True,not run,,,,,,,,,,,,,,,,,,,,,,,,not run,,,,,,0,-2.707,66.54,33.059,11.781
144294971_2610.2600,144294971,2610.3,B,10066,8.1287,4917.9,2,12.299,1.0938,1,169.75,35.444,True,False,,ok,False,False,-20.542,13.067,ramp,2610.1,0.58783,16.075,1.4726,9871.9,True,True,False,4.2811,132.56,,False,True,False,,False,not run,,,,,,,,,,,,,,,,,,,,,,,,not run,,,,,,0,13.067,-20.542,-7.3481,-1.0973
311629725_2635.8300,311629725,2635.8,B,10071,8.1278,6870,1.5,12.518,0.72181,0.627,160.3,49.058,True,False,,ok,False,False,-20.448,-5.0122,ramp,2635.8,0.038055,2.1847,0.069781,1753.4,False,True,False,2.157,2.5839,,True,True,True,,True,not run,,,,,,,,,,,,,,,,,,,,,,,,not run,,,,,,0,-5.0122,-20.448,-18.067,-13.691
159311906_2635.8100,159311906,2635.8,B,10075,8.1215,5191,2,12.676,0.68848,0.65527,230.65,78.376,True,False,,ok,False,False,-13.386,0.082955,ramp,2636,0.063314,10.474,0.81652,3807.5,False,True,False,2.0767,320.84,,False,True,False,,False,not run,,,,,,,,,,,,,,,,,,,,,,,,not run,,,,,,0,0.082955,-13.386,-8.782,-3.3881
233008738_2611.3200,233008738,2611.3,B,10076,8.1211,4247.6,4,12.891,0.81803,0.96,247.65,72.302,True,False,,ok,False,False,-8.9084,13.808,ramp,2611.1,0.9,24,1.7617,15199,True,True,False,3.8832,590.97,,False,,,,False,not run,,,,,,,,,,,,,,,,,,,,,,,,not run,,,,,,0,13.808,-8.9084,-1.7169,-0.55029
29235065_2610.4900,29235065,2610.5,B,10077,8.1201,1986.9,8,12.153,1.7019,1.3,152.21,43.527,True,False,,ok,True,True,51.237,22.205,flare_decay,2610.4,0.35817,18.653,1.2728,5020.9,True,True,False,5.2216,114.21,,False,True,False,True,True,ok,True,True,1.8915,1.3326,True,0.22126,4.2264,32.81,False,True,,0,15.359,True,,True,False,False,False,False,,,,ok,True,0.22719,0,25.542,114.21,0,22.205,139.05,85.539,51.237
117418756_2610.8900,117418756,2610.9,B,10079,8.1186,5717.4,1.5,12.322,1.465,0.98,137.72,27.938,True,False,,ok,False,False,-1.1231,-1.4365,flare_decay,2610.9,0.30529,2.1464,1.2066,5968.2,True,True,False,4.7458,0.13703,grazing,False,True,False,,False,not run,,,,,,,,,,,,,,,,,,,,,,,,not run,,,,,,0,-1.4365,35.886,9.2472,-1.1231
149438265_2626.4500,149438265,2626.4,B,10090,8.1083,4920.5,4,12.953,1.3351,1.24,140.4,28.727,True,False,,ok,False,False,-6.8462,-5.0812,step,2626.5,0.054803,3.0172,0.001539,3639.3,False,False,False,3.2304,2.0035,,True,False,True,,True,not run,,,,,,,,,,,,,,,,,,,,,,,,not run,,,,,,0,-5.0812,-4.465,-6.8462,-4.2917
199633392_2610.6600,199633392,2610.7,B,10096,8.1012,1789.7,4,11.137,0.83512,0.985,250.46,58.13,True,False,,ok,False,False,-15.478,-4.3595,ramp,2610.4,0.46156,24,1.4129,2200,True,True,False,3.023,1252,,False,,,,False,not run,,,,,,,,,,,,,,,,,,,,,,,,not run,,,,,,0,-4.3595,-15.478,-13.061,-8.1381
82249132_2610.1300,82249132,2610.1,B,10103,8.0901,6363.6,1.5,11.604,1.1122,1.06,152.31,24.831,True,False,,ok,False,False,-50.409,471.44,ramp,2610,0.44216,11.9,1.2636,18395,True,True,False,3.8773,72.366,,False,,,,False,not run,,,,,,,,,,,,,,,,,,,,,,,,not run,,,,,,0,471.44,-50.409,211.39,211.77
4840284_2627.7200,4840284,2627.7,B,10111,8.0785,6569.8,1.5,12.651,1.3588,1.04,146.71,34.227,True,False,,ok,True,True,19.817,-2.4496,flare_decay,2627.7,0.079974,2.4198,0.88169,5510.7,False,False,False,3.5696,0.71662,,False,True,False,,False,not run,,,,,,,,,,,,,,,,,,,,,,,,not run,,,,,,0,-2.4496,34.726,28.823,19.817
88021717_2610.5000,88021717,2610.5,B,10112,8.0759,3593.5,2,12.013,1.5147,1.01,147.14,21.085,True,False,,ok,False,False,-19.732,33.445,ramp,2610.3,0.40504,14.575,1.2923,8326.3,True,True,False,5.2297,54.23,,False,,,,False,not run,,,,,,,,,,,,,,,,,,,,,,,,not run,,,,,,0,33.445,-19.732,12.477,12.795
334637137_2635.7700,334637137,2635.8,B,10116,8.0696,2578.9,3,11.224,1.1999,0.94,235.6,64.981,True,False,,ok,False,False,-6.8014,-3.3787,ramp,2635.9,0.035197,1.6896,0.69766,1300.5,False,False,False,3.1248,0.31141,,False,True,False,,False,not run,,,,,,,,,,,,,,,,,,,,,,,,not run,,,,,,0,-3.3787,-6.8014,-6.6414,-3.4844
4917919_2612.7400,4917919,2612.7,B,10117,8.0695,1958.9,1.5,10.254,0.64635,0.62438,148.22,31.292,True,False,,ok,False,False,-6.3827,-4.6399,flare_decay,2612.7,0.32781,3.1494,1.2791,1939.5,True,True,False,2.4742,5.1498,,False,True,False,,False,not run,,,,,,,,,,,,,,,,,,,,,,,,not run,,,,,,0,-4.6399,25.589,-5.8589,-6.3827
359587078_2611.2700,359587078,2611.3,B,10124,8.0638,2930.4,16,10.352,1.1665,0.958,279.8,54.783,True,False,,ok,True,True,94.135,26.02,step,2610.7,0.073272,49.459,0.95472,3355.4,True,True,False,3.1296,9875.7,,False,True,False,False,False,ok,False,False,-3.1423,-1.121,True,,,-19.659,True,False,359587076,1,-25.338,True,,True,False,False,False,False,,,,not run,,,,,,0,26.02,146.34,94.135,94.41
252803339_2611.4200,252803339,2611.4,B,10125,8.0635,2463,24,12.747,1.8035,1,166.45,45.177,True,False,,ok,True,True,161.76,173.4,ramp,2610.6,0.40251,37.917,1.2573,12601,True,True,False,6.2382,563.24,,False,,,False,False,ok,False,False,-2.005,-0.30717,True,,,-27.167,True,True,,0,-16.167,True,,True,False,False,False,False,,,,not run,,,,,,0,173.4,161.76,167.13,223.9
462546433_2626.6500,462546433,2626.7,B,10129,8.0605,6853.4,1,12.838,0.84583,0.92,218.71,78.334,True,False,,ok,True,True,14.769,-1.3409,flare_decay,2626.7,0.084522,1.0049,0.0013034,8653.1,False,False,False,2.3239,0.077214,,True,False,True,,True,not run,,,,,,,,,,,,,,,,,,,,,,,,not run,,,,,,0,-1.3409,53.608,45.16,14.769
165288672_2610.4800,165288672,2610.5,B,10133,8.053,1203,8,11.798,1.8283,1.03,156.86,25.61,True,False,,ok,False,False,7.9242,7.7132,step,2610.4,0.064511,14.305,0.93272,3172.9,True,True,False,4.7507,68.369,,True,False,False,,True,not run,,,,,,,,,,,,,,,,,,,,,,,,not run,,,,,,0,7.7132,37.303,7.9242,11.29
166012928_2635.8500,166012928,2635.8,B,10134,8.0485,3333.4,1,11.137,0.81083,0.85,212.3,63.695,True,False,,ok,False,False,-57.656,-8.7912,ramp,2635.8,0.18678,0.25,1.1191,2590.5,True,True,False,2.5031,,grazing,True,False,False,,True,not run,,,,,,,,,,,,,,,,,,,,,,,,not run,,,,,,0,-8.7912,-57.656,-37.069,-33.618
252803603_2614.3800,252803603,2614.4,B,10140,8.0402,2066.6,1,6.905,0.3949,0.38571,166.37,43.527,True,False,,ok,False,False,-0.24507,-4.5988,flare_decay,2614.4,0.048946,0.84504,0.00073759,2903.2,False,False,False,1.402,0.53708,,True,False,True,,True,not run,,,,,,,,,,,,,,,,,,,,,,,,not run,,,,,,0,-4.5988,0.65712,2.7518,-0.24507
149368158_2635.8300,149368158,2635.8,B,10146,8.033,8654.2,1.5,12.682,0.364,0.35036,139.05,28.807,True,False,,ok,False,False,-88.969,42.573,ramp,2635.9,0.088601,5.2376,3.4165e-05,9507.9,False,True,False,1.3848,135.28,,False,True,False,,False,not run,,,,,,,,,,,,,,,,,,,,,,,,not run,,,,,,0,42.573,-88.969,-39.826,-22.433
4989739_2610.4000,4989739,2610.4,B,10147,8.0323,2709.4,6,12.727,0.95006,0.94,149.33,32.025,True,False,,ok,False,False,2.626,4.1845,flare_decay,2610.4,0.9,18,1.8278,5165.6,True,True,False,4.5424,155.83,,False,True,False,,False,not run,,,,,,,,,,,,,,,,,,,,,,,,not run,,,,,,0,4.1845,3.9766,10.72,2.626
376504644_2610.4900,376504644,2610.5,B,10150,8.0301,1891.4,2,10.771,1.2737,1.17,182.35,47.515,True,False,,ok,False,False,-13.661,-4.8066,step,2610.5,0.024834,2.8578,0.19304,741.83,False,False,False,3.0526,2.0196,,False,True,False,,False,not run,,,,,,,,,,,,,,,,,,,,,,,,not run,,,,,,0,-4.8066,-8.1955,-13.661,-8.8827
154068411_2635.8300,154068411,2635.8,B,10151,8.0299,1940.2,1.5,7.8345,2.174,1.223,207.8,68.326,True,False,,ok,False,False,-47.068,110.26,ramp,2636,0.9,10.775,1.8601,1950.2,True,True,False,9.5405,3.5511,,False,True,False,,False,not run,,,,,,,,,,,,,,,,,,,,,,,,not run,,,,,,0,110.26,-47.068,21.549,16.878
233605079_2626.3500,233605079,2626.3,B,10157,8.0257,7532.9,1.5,11.778,0.74201,0.83,282.88,63.075,True,False,,ok,False,False,-11.915,-2.6697,ramp,2626.3,0.049538,6.3576,0.91361,1992.6,True,True,False,2.0418,75.498,,False,True,False,,False,not run,,,,,,,,,,,,,,,,,,,,,,,,not run,,,,,,0,-2.6697,-11.915,-9.5199,-5.6777
171650198_2610.9900,171650198,2611,B,10164,8.0111,3976.1,6,12.926,1.0364,1.02,159.33,21.321,True,False,,ok,False,False,2.197,-5.861,flare_decay,2611,0.057198,7.7285,0.022888,3963.9,False,True,False,2.682,59.848,,True,False,True,,True,not run,,,,,,,,,,,,,,,,,,,,,,,,not run,,,,,,0,-5.861,10.91,6.3055,2.197
148680454_2610.3900,148680454,2610.4,B,10168,8.0101,2942.6,1,10.922,1.0428,0.989,172.12,42.931,True,False,,ok,False,False,-13.966,237.26,ramp,2610.3,0.10662,8.2252,0.95658,6335.2,True,True,False,2.8541,59.872,,False,True,False,,False,not run,,,,,,,,,,,,,,,,,,,,,,,,not run,,,,,,0,237.26,-13.966,47.623,37.645
233054183_2611.0400,233054183,2611,B,10171,8.0036,3207.1,1.5,11.069,1.2037,0.892,269.27,65.429,True,False,,ok,False,False,-33.087,-5.3768,ramp,2611,0.024938,0.6793,0.77703,615.96,False,False,False,3.1584,0.055231,,True,False,True,,True,not run,,,,,,,,,,,,,,,,,,,,,,,,not run,,,,,,0,-5.3768,-33.087,-32.229,-30.888
287139818_2621.4100,287139818,2621.4,B,10172,8.0035,3845.5,4,12.734,1.1509,1.07,253.48,60.529,True,False,,ok,False,False,-14.236,-10.03,step,2621.7,0.38468,24.525,1.2782,7425.8,True,True,False,3.8402,652,,False,,,,False,not run,,,,,,,,,,,,,,,,,,,,,,,,not run,,,,,,0,-10.03,-9.7699,-14.236,-9.3222
67958009_2621.3100,67958009,2621.3,B,10176,7.9977,1.3664e+05,1,12.791,0.69913,0.76,143.14,42.05,True,False,,ok,False,False,-5.0389,20.788,flare_decay,2621.3,0.85907,0.27155,0.16847,7.7968e+05,True,True,False,3.51,,grazing,True,False,True,,True,not run,,,,,,,,,,,,,,,,,,,,,,,,not run,,,,,,0,20.788,45.283,33.766,-5.0389
153937545_2611.1700,153937545,2611.2,B,10179,7.9957,5309.7,3,12.801,1.0124,1.02,172.83,70.346,True,False,,ok,False,False,-10.412,-4.8616,step,2611.2,0.058795,0.88457,0.0041225,4188.6,False,False,False,2.624,0.069621,,True,False,True,,True,not run,,,,,,,,,,,,,,,,,,,,,,,,not run,,,,,,0,-4.8616,-7.0466,-10.412,-8.3122
371492696_2611.5500,371492696,2611.6,B,10190,7.988,590.74,8,9.177,0.92407,0.91,149.21,52.011,True,False,,ok,True,True,61.673,58.892,ramp,2611.5,0.28973,29.666,1.2536,1135.7,True,True,False,3.0307,2346.5,,False,True,False,True,True,ok,True,True,1.3655,0.54089,True,0.84178,28.192,16.106,False,True,,1,10.907,True,,True,False,False,False,False,,,,ok,False,0.81231,0.10747,24.505,2346.5,0,58.892,61.673,73.213,64.235
3942383_2610.0900,3942383,2610.1,B,10194,7.9836,3863.3,2,11.911,1.6638,1.12,152.02,26.492,True,False,,ok,False,False,3.4903,25.543,ramp,2610,0.11657,10.221,0.94459,8190,True,True,False,4.4094,31.167,,False,True,False,,False,not run,,,,,,,,,,,,,,,,,,,,,,,,not run,,,,,,0,25.543,3.4903,20.968,14.201
259005576_2627.2800,259005576,2627.3,B,10195,7.9835,2470.5,1.5,10.297,0.93845,1.072,290.42,71.623,True,False,,ok,False,False,-48.288,-10.555,ramp,2627.2,0.02954,0.87718,0.80003,845.62,False,False,False,2.3261,0.071001,,False,True,False,,False,not run,,,,,,,,,,,,,,,,,,,,,,,,not run,,,,,,0,-10.555,-48.288,-33.677,-29.359
4895962_2635.7700,4895962,2635.8,B,10197,7.9826,2903.1,4,12.173,1.9419,1.35,147.84,30.193,True,False,,ok,False,False,-14.205,-3.5163,ramp,2636,0.075403,16.7,0.95849,3389.2,True,True,False,4.6579,115.41,,False,True,False,,False,not run,,,,,,,,,,,,,,,,,,,,,,,,not run,,,,,,0,-3.5163,-14.205,-6.7947,-2.6813
148968385_2611.3000,148968385,2611.3,B,10202,7.9761,1349.9,8,11.813,1.2727,1.1,191.45,71.236,True,False,,ok,False,False,-0.42305,-5.9724,step,2611.3,0.034425,8.4407,0.00012814,1436.3,False,True,False,3.1428,48.46,,True,False,True,,True,not run,,,,,,,,,,,,,,,,,,,,,,,,not run,,,,,,0,-5.9724,-0.22761,-0.42305,2.9807
377387795_2635.8300,377387795,2635.8,B,10206,7.971,3628.3,1.5,10.231,1.391,1.072,150.06,58.723,True,False,,ok,False,False,-32.202,235.48,ramp,2636,0.40182,12.525,1.2902,8166.6,True,True,False,4.6969,47.48,,False,,,,False,not run,,,,,,,,,,,,,,,,,,,,,,,,not run,,,,,,0,235.48,-32.202,91.305,109.47
4988818_2635.8400,4988818,2635.8,B,10207,7.9707,9562.3,1,12.918,1.0257,1,149.22,32.834,True,False,,ok,False,False,-76.692,145.96,ramp,2635.9,0.10879,5.9416,0.67789,12520,False,True,False,2.8025,23.831,,False,True,False,,False,not run,,,,,,,,,,,,,,,,,,,,,,,,not run,,,,,,0,145.96,-76.692,-0.76862,5.7003
17192266_2635.8300,17192266,2635.8,B,10217,7.9614,7378.4,1.5,12.942,1.3012,1.06,145.36,37.307,True,False,,ok,False,False,-5.0753,-4.4058,step,2635.8,0.065793,1.8418,4.89e-05,5244.7,False,False,False,3.3518,0.32416,,True,True,True,,True,not run,,,,,,,,,,,,,,,,,,,,,,,,not run,,,,,,0,-4.4058,0.67701,-5.0753,-4.8096
53497052_2610.5500,53497052,2610.6,B,10231,7.9468,1887.1,3,11.028,1.7044,1.18,180.61,51.338,True,False,,ok,False,False,-12.726,2.7346,ramp,2610.2,0.33426,24.561,1.2598,3902.9,True,True,False,5.3059,248.56,,False,,,,False,not run,,,,,,,,,,,,,,,,,,,,,,,,not run,,,,,,0,2.7346,-12.726,2.8556,9.5336
311630198_2635.6300,311630198,2635.6,B,10232,7.9466,3705.5,1.5,12.054,1.6203,1.14,160.23,51.91,True,False,,ok,False,False,5.1804,-0.40253,flare_decay,2635.6,0.077396,1.9504,0.94322,4095.2,True,True,False,4.1188,0.15085,grazing,False,True,False,,False,not run,,,,,,,,,,,,,,,,,,,,,,,,not run,,,,,,0,-0.40253,29.966,18.034,5.1804
173003577_2635.6300,173003577,2635.6,B,10239,7.9359,644.33,8,10.402,0.73262,0.76,150.71,30.404,True,False,,ok,False,False,0.12914,-2.2902,step,2635.6,0.34556,13.177,1.312,1079.7,True,True,False,2.6617,303.51,,False,True,False,,False,not run,,,,,,,,,,,,,,,,,,,,,,,,not run,,,,,,0,-2.2902,14.675,0.12914,6.8169
26988727_2621.4200,26988727,2621.4,B,10244,7.9305,9385.6,1,12.74,0.92821,0.83,150.88,20.579,True,False,,ok,False,False,-4.817,0.63538,flare_decay,2621.4,0.12116,1.5803,0.91572,10608,True,True,False,2.7286,0.44583,grazing,True,False,True,,True,not run,,,,,,,,,,,,,,,,,,,,,,,,not run,,,,,,0,0.63538,34.475,-4.5479,-4.817
392347123_2610.4500,392347123,2610.4,B,10245,7.9289,2846,3,12.143,1.3039,1,155.7,42.18,True,False,,ok,False,False,-0.45229,16.599,ramp,2610.4,0.9,18,1.8417,3633.6,True,True,False,6.1097,64.123,,False,True,False,,False,not run,,,,,,,,,,,,,,,,,,,,,,,,not run,,,,,,0,16.599,-0.45229,13.855,17.32
165369352_2610.1900,165369352,2610.2,B,10250,7.9198,2320.9,6,12.023,0.665,0.721,158.65,24.708,True,False,,ok,False,False,8.5757,-1.1976,step,2610.2,0.065882,9.5468,0.8695,3834.7,False,True,False,1.9476,294.54,,False,True,False,,False,not run,,,,,,,,,,,,,,,,,,,,,,,,not run,,,,,,0,-1.1976,65.244,8.5757,22.438
3906310_2627.4000,3906310,2627.4,B,10261,7.9081,4742.7,4,12.689,1.3062,0.99,151.3,25.345,True,False,,ok,False,False,-0.032967,-5.6388,flare_decay,2627.4,0.060619,4.3732,0.21736,4409.1,False,True,False,3.4256,5.1786,,True,False,True,,True,not run,,,,,,,,,,,,,,,,,,,,,,,,not run,,,,,,0,-5.6388,7.4225,5.6981,-0.032967
233725157_2610.6300,233725157,2610.6,B,10264,7.9056,1954.8,4,9.9072,1.7319,1.044,276.75,61.391,True,False,,ok,False,False,-14.337,-2.6931,ramp,2610.4,0.37244,24.15,1.3266,1843.9,True,True,False,5.7779,183.06,,False,,,,False,not run,,,,,,,,,,,,,,,,,,,,,,,,not run,,,,,,0,-2.6931,-14.337,-11.628,-6.8944
393835945_2635.5100,393835945,2635.5,B,10276,7.8906,1715.9,3,10.3,1.5057,1.46,146.39,44.41,True,False,,ok,True,True,23.065,40.332,ramp,2635.6,0.37054,25.049,1.2861,4999,True,True,False,4.4839,436.61,,False,True,False,False,False,ok,False,False,,,True,,,-15.943,True,False,393835943,0,,True,,True,False,False,False,False,,,,not run,,,,,,0,40.332,23.065,36.837,49.148
237047635_2611.1200,237047635,2611.1,B,10278,7.8894,1335.5,2,10.152,1.9548,1.234,306.75,65.202,True,False,,ok,False,False,-12.301,-5.2185,flare_decay,2611.1,0.021555,2.0203,0.42349,540.7,False,False,False,4.5895,0.16481,,True,False,True,,True,not run,,,,,,,,,,,,,,,,,,,,,,,,not run,,,,,,0,-5.2185,-7.0495,-11.356,-12.301
43215459_2610.3700,43215459,2610.4,B,10284,7.8819,3190.1,1.5,10.613,1.0357,1.15,168.94,42.438,True,False,,ok,False,False,-26.049,78.37,ramp,2610.2,0.09289,9.6501,0.96025,4791,True,True,False,2.662,119.16,,False,True,False,,False,not run,,,,,,,,,,,,,,,,,,,,,,,,not run,,,,,,0,78.37,-26.049,8.6607,13.038
8716939_2614.4100,8716939,2614.4,B,10286,7.8811,5394.3,2,12.497,1.2835,1.06,138.14,30.015,True,False,,ok,True,True,23.83,-1.0904,flare_decay,2614.4,0.068199,4.0709,0.0015863,5635.1,False,True,False,3.3137,4.6125,,True,False,True,False,True,ok,False,False,-0.23394,-0.21768,True,,,-5.08,True,True,,0,-1.8437,True,,True,False,False,False,False,,,,not run,,,,,,0,-1.0904,105.17,57.776,23.83
55779787_2610.9900,55779787,2611,B,10291,7.8747,2208.3,8,12.495,0.96335,1.05,182.5,57.226,True,False,,ok,True,True,10.417,2.9793,flare_decay,2611,0.39071,10.319,1.313,4455.1,True,True,False,3.2483,80.224,,True,False,True,True,True,ok,True,True,0.63034,0.53168,True,0.2227,1.6288,10.936,False,True,,0,4.9638,True,,True,False,False,False,False,,,,ok,True,0.19404,0,25.017,80.224,0,2.9793,20.482,14.817,10.417
3906115_2626.9300,3906115,2626.9,B,10293,7.8723,2664.2,3,12.008,0.92594,0.96,151.38,26.67,True,False,,ok,False,False,3.0925,-3.8236,step,2627,0.059936,1.1161,0.00029297,4352.8,False,False,False,2.4514,0.16549,,False,True,False,,False,not run,,,,,,,,,,,,,,,,,,,,,,,,not run,,,,,,0,-3.8236,5.0716,3.0925,5.5415
173003739_2635.8100,173003739,2635.8,B,10296,7.8705,4430,2,11.506,1.6789,1.24,150.74,30.348,True,False,,ok,False,False,-14.509,22.832,ramp,2636,0.38163,16.2,1.2933,5439.8,True,True,False,5.3234,70.609,,False,,,,False,not run,,,,,,,,,,,,,,,,,,,,,,,,not run,,,,,,0,22.832,-14.509,10.063,16.215
335744974_2635.8300,335744974,2635.8,B,10298,7.8666,5620.4,1.5,12.467,0.69822,0.657,224.19,64.618,True,False,,ok,False,False,-6.8626,-1.1054,ramp,2636,0.078455,12.401,0.93237,4544.3,True,True,False,2.1342,490.66,,False,True,False,,False,not run,,,,,,,,,,,,,,,,,,,,,,,,not run,,,,,,0,-1.1054,-6.8626,-6.0644,-0.14192
165368801_2611.1500,165368801,2611.2,B,10302,7.8583,1423.2,8,11.211,1.9634,1,158.69,27.733,True,False,,ok,False,False,-4.4689,-4.5764,step,2611.1,0.045608,3.4463,0.0017442,2520.8,False,False,False,5.0614,0.61671,,False,True,False,,False,not run,,,,,,,,,,,,,,,,,,,,,,,,not run,,,,,,0,-4.5764,48.422,-4.4689,13.017
239197173_2610.5900,239197173,2610.6,B,10305,7.8575,8501.1,1.5,12.649,0.87425,0.99,146.66,26.47,True,False,,ok,False,False,-15.506,322.7,ramp,2610.4,0.42884,12.15,1.2162,24213,True,True,False,3.0886,152.32,,False,,,,False,not run,,,,,,,,,,,,,,,,,,,,,,,,not run,,,,,,0,322.7,-15.506,122.23,119.07
141820410_2611.2500,141820410,2611.2,B,10306,7.8531,1067.7,24,11.057,0.92187,1.035,206.01,57.155,True,False,,ok,False,False,-94.137,400.54,ramp,2610,0.3845,72,1.2866,6465.2,True,True,False,3.1094,31066,,False,,,,False,not run,,,,,,,,,,,,,,,,,,,,,,,,not run,,,,,,0,400.54,-94.137,394.31,48.377
17303016_2610.5600,17303016,2610.6,B,10310,7.8435,3680.2,4,12.285,1.5098,1.34,160.93,41.636,True,False,,ok,True,True,18.257,11.058,step,2610.5,0.094047,9.652,0.92469,6527,True,True,False,3.6925,44.69,,False,True,False,True,True,ok,False,True,1.4777,0.61455,True,0.309,3.6537,18.132,False,False,17303018;17303019,0,11.59,True,,True,False,False,False,False,,,,not run,,,,,,0,11.058,54.376,18.257,21.796
105489350_2614.3800,105489350,2614.4,B,10312,7.8424,3553.8,1,11.021,2.9469,1.2,144.74,45.266,True,False,,ok,False,False,7.658,-2.4973,flare_decay,2614.4,0.076228,0.45974,0.0051105,7039.2,False,False,False,7.364,,,True,False,True,,True,not run,,,,,,,,,,,,,,,,,,,,,,,,not run,,,,,,0,-2.4973,45.061,31.387,7.658
308073799_2611.3100,308073799,2611.3,B,10313,7.8419,1906.5,3,11.531,1.4148,1.13,152.59,27.13,True,False,,ok,False,False,2.5886,-2.9714,flare_decay,2611.3,0.33284,3.2799,1.2709,2882.3,True,True,False,4.4625,0.93703,grazing,True,False,True,,True,not run,,,,,,,,,,,,,,,,,,,,,,,,not run,,,,,,0,-2.9714,12.673,10.156,2.5886
335746326_2610.5200,335746326,2610.5,B,10315,7.8334,2470.4,3,11.768,1.0679,1.19,224.39,61.426,True,False,,ok,False,False,-6.9271,-5.7205,step,2610.5,0.036459,5.471,0.072143,1609.3,False,True,False,2.5737,24.016,,False,True,False,,False,not run,,,,,,,,,,,,,,,,,,,,,,,,not run,,,,,,0,-5.7205,-5.217,-6.9271,-4.1909
142302664_2610.4500,142302664,2610.4,B,10324,7.822,5998.8,4,12.964,1.6596,1.23,192.95,60.068,True,False,,ok,False,False,-8.8232,-7.5038,step,2610.3,0.060384,2.6073,0.45665,4208.5,False,False,False,4.0483,0.56892,,False,True,False,,False,not run,,,,,,,,,,,,,,,,,,,,,,,,not run,,,,,,0,-7.5038,-8.5257,-8.8232,-4.8021
173004030_2610.1300,173004030,2610.1,B,10337,7.8092,6399.6,1,12.561,2.1261,0.91,150.82,31.952,True,False,,ok,False,False,-31.384,56.463,ramp,2610,0.07807,5.2695,1.0066e-05,7383.2,False,False,False,5.8327,1.7255,,False,True,False,,False,not run,,,,,,,,,,,,,,,,,,,,,,,,not run,,,,,,0,56.463,-31.384,-6.3811,-4.7389
148679712_2610.3800,148679712,2610.4,B,10339,7.8073,1287.3,2,10.134,1.0603,0.946,172.17,46.481,True,False,,ok,False,False,5.1551,42.233,ramp,2610.2,0.076076,16.7,0.96492,3203.1,True,True,False,2.864,496,,False,,,,False,not run,,,,,,,,,,,,,,,,,,,,,,,,not run,,,,,,0,42.233,5.1551,13.643,7.2042
235717530_2635.8200,235717530,2635.8,B,10343,7.8036,2729.9,1.5,10.888,0.92755,1.077,255.28,78.711,True,False,,ok,False,False,-10.444,43.116,ramp,2636,0.069577,10.035,0.93801,3547,True,True,False,2.3848,186.37,,False,True,False,,False,not run,,,,,,,,,,,,,,,,,,,,,,,,not run,,,,,,0,43.116,-10.444,3.5255,9.9439
166174623_2635.8000,166174623,2635.8,B,10349,7.7952,4582.6,2,11.964,0.71175,0.769,216.66,62.693,True,False,,ok,False,False,-14.179,-5.4764,step,2635.7,0.26764,0.25,1.1827,4407.4,True,True,False,2.4265,,grazing,True,False,False,,True,not run,,,,,,,,,,,,,,,,,,,,,,,,not run,,,,,,0,-5.4764,-9.5,-14.179,-12.055
23992063_2610.9900,23992063,2611,B,10352,7.7929,2253.8,8,12.327,1.464,1.11,148.21,46.051,True,False,,ok,False,False,6.3009,13.342,step,2611,0.066314,11.122,8.3821e-05,5328,False,True,False,3.7158,67.114,,True,False,False,,True,not run,,,,,,,,,,,,,,,,,,,,,,,,not run,,,,,,0,13.342,82.793,6.3009,9.0897
165552252_2611.6300,165552252,2611.6,B,10359,7.7823,4740.3,1.5,12.133,2.323,0.95,266.77,56.249,True,False,,ok,False,False,-0.046767,1.9705,flare_decay,2611.6,0.39237,2.2945,1.3082,5086.3,True,True,False,8.1211,0.13733,grazing,True,False,True,,True,not run,,,,,,,,,,,,,,,,,,,,,,,,not run,,,,,,0,1.9705,39.901,30.17,-0.046767
441766827_2626.3700,441766827,2626.4,B,10365,7.7707,4843.6,2,10.875,0.68939,0.71,261.36,73.094,True,False,,ok,False,False,-12.935,-3.8981,ramp,2626.5,0.025403,1.7929,0.84951,590.3,False,False,False,1.9523,1.9231,,True,False,False,,True,not run,,,,,,,,,,,,,,,,,,,,,,,,not run,,,,,,0,-3.8981,-12.935,-9.1156,-6.1445
233177615_2635.7900,233177615,2635.8,B,10369,7.7684,4145.2,3,12.765,0.75187,0.652,217.5,69.022,True,False,,ok,False,False,-8.8506,-6.4996,step,2635.9,0.055684,6.8541,0.091534,3751,False,True,False,2.2554,70.191,,False,True,False,,False,not run,,,,,,,,,,,,,,,,,,,,,,,,not run,,,,,,0,-6.4996,-0.10199,-8.8506,-3.1844
367753856_2626.3600,367753856,2626.4,B,10373,7.7645,10806,2,12.516,0.91861,1.01,255.81,79.498,True,False,,ok,False,False,-15.896,-4.5327,ramp,2626.4,0.02809,2.5505,0.30261,937.86,False,True,False,2.3193,3.3102,,True,False,False,,True,not run,,,,,,,,,,,,,,,,,,,,,,,,not run,,,,,,0,-4.5327,-15.896,-13.149,-9.5895
115858251_2635.8300,115858251,2635.8,B,10377,7.7502,1014.1,1.5,7.492,0.66146,0.67,157.85,45.526,True,False,,ok,False,False,-48.648,-8.716,ramp,2635.8,0.014589,0.43452,0.79502,207.38,False,False,False,1.8896,,,True,False,True,,True,not run,,,,,,,,,,,,,,,,,,,,,,,,not run,,,,,,0,-8.716,-48.648,-34.767,-33.995
101616811_2610.0600,101616811,2610.1,B,10378,7.7491,3484.6,2,10.138,1.3035,1.061,160.55,31.666,True,False,,ok,True,True,25.314,128.57,step,2609.8,0.38651,6.151,1.1743,23094,True,True,False,4.3677,6.9695,,False,,,False,False,ok,False,False,-0.46613,-0.0056974,True,,,0.46871,True,True,,0,-3.6121,True,,True,False,False,False,False,,,,not run,,,,,,0,128.57,43.509,25.314,39.75
29173672_2610.6500,29173672,2610.7,B,10383,7.7418,3625.3,2,11.774,0.92983,1.22,151.19,46.155,True,False,,ok,False,False,-23.693,88.736,ramp,2610.4,0.41136,16.7,1.2649,12886,True,True,False,3.0265,420.37,,False,,,,False,not run,,,,,,,,,,,,,,,,,,,,,,,,not run,,,,,,0,88.736,-23.693,57.842,57.706
101593200_2610.0600,101593200,2610.1,B,10389,7.7376,2734.1,2,11.768,2.2984,1.02,159.45,31.885,True,False,,ok,True,True,17.22,-4.5394,flare_decay,2610,0.050911,2.1476,0.0027652,3140.9,False,False,False,5.9174,0.1703,,True,True,True,,True,not run,,,,,,,,,,,,,,,,,,,,,,,,not run,,,,,,0,-4.5394,72.509,30.748,17.22
4754562_2635.8400,4754562,2635.8,B,10390,7.7329,5828.9,1,11.154,0.81005,0.665,145.71,35.51,True,False,,ok,False,False,-122.56,439.68,ramp,2635.9,0.12918,7.8498,0.92178,11416,True,True,False,2.5822,70.273,,False,True,False,,False,not run,,,,,,,,,,,,,,,,,,,,,,,,not run,,,,,,0,439.68,-122.56,99.092,127.15
198312154_2611.1700,198312154,2611.2,B,10391,7.7325,3194.8,16,12.583,1.323,1.03,232.96,62.84,True,False,,ok,False,False,-27.114,29.79,ramp,2609.7,0.3915,83.762,1.221,16230,True,True,False,4.4933,16222,,False,,,,False,not run,,,,,,,,,,,,,,,,,,,,,,,,not run,,,,,,0,29.79,-27.114,72.409,56.644
149344564_2626.5400,149344564,2626.5,B,10395,7.7286,6042,2,12.818,2.5508,1.08,138.6,28.454,True,False,,ok,False,False,6.843,-3.3518,flare_decay,2626.5,0.069933,2.4486,0.00014884,5925.2,False,False,False,6.5614,0.19071,,False,True,False,,False,not run,,,,,,,,,,,,,,,,,,,,,,,,not run,,,,,,0,-3.3518,38.965,14.06,6.843
4896063_2610.5200,4896063,2610.5,B,10397,7.7281,2079.6,3,11.536,1.7627,1.45,148.04,30.162,True,False,,ok,False,False,-7.1275,22.113,ramp,2610.2,0.42827,25.175,1.3086,9380.5,True,True,False,5.4844,242.42,,False,,,,False,not run,,,,,,,,,,,,,,,,,,,,,,,,not run,,,,,,0,22.113,-7.1275,20.685,34.07
138561025_2635.4300,138561025,2635.4,B,10402,7.7254,4655.6,1,11.892,2.7362,1.13,174.89,61.668,True,False,,ok,False,False,9.8814,-3.2269,flare_decay,2635.4,0.06635,1.0856,0.00023405,5333.8,False,False,False,6.9105,0.084835,,False,True,False,,False,not run,,,,,,,,,,,,,,,,,,,,,,,,not run,,,,,,0,-3.2269,42.577,21.919,9.8814
224296243_2610.5400,224296243,2610.5,B,10410,7.7184,2506.2,6,12.231,2.0473,0.99,184.77,56.365,True,False,,ok,False,False,-11.941,-7.1043,step,2610.4,0.041773,2.3979,0.44023,2022.7,False,False,False,5.2762,0.19181,,True,True,True,,True,not run,,,,,,,,,,,,,,,,,,,,,,,,not run,,,,,,0,-7.1043,-10.191,-11.941,-6.309
188532475_2635.8300,188532475,2635.8,B,10417,7.7139,5651.2,2,12.766,1.2013,1.25,159.31,36.193,True,False,,ok,False,False,-15.428,29.625,ramp,2636,0.57437,12,1.4492,11237,True,True,False,4.3278,53.369,,False,,,,False,not run,,,,,,,,,,,,,,,,,,,,,,,,not run,,,,,,0,29.625,-15.428,16.132,21.066
137750109_2635.4700,137750109,2635.5,B,10421,7.7091,2175.5,12,12.903,2.3858,1.25,174.78,56.169,True,False,,ok,False,False,-0.96161,-6.8604,step,2635.6,0.061966,12.415,0.34333,4534.4,False,True,False,5.7999,24.54,,True,False,False,,True,not run,,,,,,,,,,,,,,,,,,,,,,,,not run,,,,,,0,-6.8604,50.628,-0.96161,6.4555
9346195_2610.3600,9346195,2610.4,B,10440,7.6954,2709.4,3,10.914,1.2487,1.05,149.8,38.926,True,False,,ok,False,False,-16.909,-1.8842,ramp,2610.1,0.9,18,1.8611,1874.7,True,True,False,5.7558,76.667,,False,,,,False,not run,,,,,,,,,,,,,,,,,,,,,,,,not run,,,,,,0,-1.8842,-16.909,-11.161,-6.4383
67949950_2635.7700,67949950,2635.8,B,10445,7.6912,2771.7,4,11.851,1.7461,1.07,142.75,46.889,True,False,,ok,False,False,-19.274,7.5586,ramp,2636,0.37145,18,1.2829,5412.6,True,True,False,5.7736,75.954,,False,,,,False,not run,,,,,,,,,,,,,,,,,,,,,,,,not run,,,,,,0,7.5586,-19.274,0.66731,5.9152
285019815_2626.4000,285019815,2626.4,B,10457,7.6819,4600,2,12.403,0.96381,1.05,158.33,56.442,True,False,,ok,False,False,-8.8078,-4.7542,step,2626.4,0.038934,3.2581,0.04871,1836.2,False,True,False,2.4275,6.0336,,True,True,True,,True,not run,,,,,,,,,,,,,,,,,,,,,,,,not run,,,,,,0,-4.7542,-3.6136,-8.8078,-6.9113
82204972_2610.4800,82204972,2610.5,B,10468,7.6738,5623.8,1.5,12.55,1.3951,1.03,148.19,24.145,True,False,,ok,False,False,-21.577,32.166,ramp,2610.3,0.9,11.65,1.7945,9682.9,True,True,False,6.474,14.599,,False,True,False,,False,not run,,,,,,,,,,,,,,,,,,,,,,,,not run,,,,,,0,32.166,-21.577,4.5975,5.8905
8263172_2635.8100,8263172,2635.8,B,10470,7.6717,1738,3,11.203,1.3659,1.05,162.31,39.828,True,False,,ok,False,False,-8.7071,16.213,ramp,2636.1,0.42958,19.675,1.3406,5763.7,True,True,False,4.7361,179.57,,False,,,,False,not run,,,,,,,,,,,,,,,,,,,,,,,,not run,,,,,,0,16.213,-8.7071,32.113,23.504
441717722_2626.3400,441717722,2626.3,B,10480,7.6551,5143.7,1,11.564,0.81551,0.842,254.58,76.113,True,False,,ok,False,False,-23.484,-9.7635,ramp,2626.3,0.035905,0.27403,0.9224,1027.4,True,True,False,2.2043,,grazing,True,False,True,,True,not run,,,,,,,,,,,,,,,,,,,,,,,,not run,,,,,,0,-9.7635,-23.484,-19.229,-15.352
355175972_2610.1400,355175972,2610.1,B,10481,7.6536,3602,1,11.569,1.3529,1.19,139.82,38.207,True,False,,ok,False,False,-83.664,-4.0814,ramp,2610.1,0.038651,5.15,0.0008919,1810.5,False,True,False,3.2679,9.7727,,False,True,False,,False,not run,,,,,,,,,,,,,,,,,,,,,,,,not run,,,,,,0,-4.0814,-83.664,-48.695,-49.277
288107160_2611.3800,288107160,2611.4,B,10483,7.6521,1880,2,10.977,1.4243,1.15,207.29,79.36,True,False,,ok,False,False,-5.5745,-7.5608,step,2611.3,0.026648,4.4701,0.0051615,860.71,False,True,False,3.4395,5.4639,,False,True,False,,False,not run,,,,,,,,,,,,,,,,,,,,,,,,not run,,,,,,0,-7.5608,-3.1181,-5.5745,-4.9406
154163921_2610.8500,154163921,2610.8,B,10487,7.6457,2880.8,4,12.098,0.73427,0.658,212.58,71.507,True,False,,ok,False,False,-12.78,12.2,ramp,2610.9,0.36902,23.32,1.2965,3883.3,True,True,False,2.8479,1373.5,,False,True,False,,False,not run,,,,,,,,,,,,,,,,,,,,,,,,not run,,,,,,0,12.2,-12.78,7.3369,11.067
361977324_2627.1500,361977324,2627.2,B,10489,7.6438,4058.7,2,12.093,0.94418,1.02,144.01,26.983,True,False,,ok,False,False,-3.513,-3.9671,step,2627.2,0.055713,2.9779,0.00035653,3761.2,False,True,False,2.4399,4.5322,,True,False,True,,True,not run,,,,,,,,,,,,,,,,,,,,,,,,not run,,,,,,0,-3.9671,4.3376,-3.513,-1.6476
63309052_2610.0200,63309052,2610,B,10491,7.6407,3000.6,2,11.213,1.1655,0.98,158.27,17.456,True,False,,ok,False,False,-11.422,27.622,step,2609.8,0.35831,4.177,1.2819,4189.8,True,True,False,3.9283,2.9822,,False,,,,False,not run,,,,,,,,,,,,,,,,,,,,,,,,not run,,,,,,0,27.622,-4.09,-11.422,-5.0725
95471299_2628.3200,95471299,2628.3,B,10511,7.6083,7803.9,1.5,12.869,0.76619,1,155.8,19.868,True,False,,ok,False,False,-2.5694,-5.619,flare_decay,2628.3,0.082279,1.9769,0.00098606,8200.3,False,False,False,2.0431,2.2526,,False,True,False,,False,not run,,,,,,,,,,,,,,,,,,,,,,,,not run,,,,,,0,-5.619,46.678,12.944,-2.5694
462616422_2611.3000,462616422,2611.3,B,10517,7.5999,2670.5,12,12.328,0.61286,0.706,251.1,63.808,True,False,,ok,False,False,-11.048,32.785,ramp,2610,0.075024,31.094,0.48808,6441.1,False,True,False,1.823,12409,,False,,,,False,not run,,,,,,,,,,,,,,,,,,,,,,,,not run,,,,,,0,32.785,-11.048,-9.3371,-3.5222
286730839_2634.0400,286730839,2634,B,10521,7.5942,1979.7,3,11.48,1.2156,1.05,143.25,23.035,True,False,,ok,False,False,-4.8231,-6.5232,flare_decay,2634,0.039108,3.3056,0.099704,1849.8,False,True,False,3.0625,3.1186,,False,True,False,,False,not run,,,,,,,,,,,,,,,,,,,,,,,,not run,,,,,,0,-6.5232,19.835,0.98261,-4.8231
459224768_2610.4300,459224768,2610.4,B,10523,7.5929,5799.1,2,10.366,1.1612,1.108,203.76,65.54,True,False,,ok,False,False,-7.6568,12.74,step,2610.6,0.027989,11.575,0.26664,935.43,False,True,False,2.8426,168.88,,False,True,False,,False,not run,,,,,,,,,,,,,,,,,,,,,,,,not run,,,,,,0,12.74,-6.3784,-7.6568,-3.5709
156462250_2614.4900,156462250,2614.5,B,10525,7.5895,9637.5,1,9.8349,1.5925,1.71,217.12,73.052,True,False,,ok,False,False,-15.425,-3.811,ramp,2614.5,0.11845,0.70796,0.58878,15490,False,False,False,3.6709,0.052749,,True,False,False,,True,not run,,,,,,,,,,,,,,,,,,,,,,,,not run,,,,,,0,-3.811,-15.425,-12.581,-7.4049
445834033_2635.6000,445834033,2635.6,B,10538,7.5796,4193.4,1,11.225,0.80408,0.952,173.45,53.111,True,False,,ok,False,False,-84.425,96.535,ramp,2635.6,0.050203,7.5999,4.3205e-06,3054.2,False,True,False,2.115,116.03,,True,False,False,,True,not run,,,,,,,,,,,,,,,,,,,,,,,,not run,,,,,,0,96.535,-84.425,-32.262,-16.676
138661419_2626.3500,138661419,2626.3,B,10542,7.5758,3194.2,3,12.389,2.0072,1.43,179.69,60.862,True,False,,ok,False,False,-12.46,-2.2006,flare_decay,2626.3,0.064855,3.3453,0.0087989,5096.1,False,False,False,4.6768,0.80308,,True,False,True,,True,not run,,,,,,,,,,,,,,,,,,,,,,,,not run,,,,,,0,-2.2006,15.927,-12.177,-12.46
117508544_2613.3800,117508544,2613.4,B,10550,7.5687,3543.1,1,10.826,0.80875,0.906,138.28,26.516,True,False,,ok,False,False,-22.215,1.7589,flare_decay,2613.4,0.050057,1.8183,0.00034362,3036.4,False,False,False,2.1624,1.4693,,False,True,False,,False,not run,,,,,,,,,,,,,,,,,,,,,,,,not run,,,,,,0,1.7589,99.857,54.01,-22.215
67950689_2635.4100,67950689,2635.4,B,10551,7.5673,1995.6,6,12.242,1.1128,1.01,142.78,42.128,True,False,,ok,False,False,-7.5605,-3.7201,step,2635.4,0.04765,5.5634,0.0016616,2751.6,False,True,False,2.8632,18.34,,True,False,True,,True,not run,,,,,,,,,,,,,,,,,,,,,,,,not run,,,,,,0,-3.7201,27.943,-7.5605,0.50824
284555892_2635.8300,284555892,2635.8,B,10554,7.5604,1286.2,1.5,9.3295,1.3106,1.31,170.84,58.596,True,False,,ok,False,False,-52.764,137.73,ramp,2636,0.40713,12.525,1.3422,3362.2,True,True,False,4.1541,68.611,,False,True,False,,False,not run,,,,,,,,,,,,,,,,,,,,,,,,not run,,,,,,0,137.73,-52.764,87.125,90.132
137770089_2635.8300,137770089,2635.8,B,10561,7.5473,3434.9,1.5,8.7856,1.139,0.99,175.36,58.932,True,False,,ok,False,False,-25.808,212.93,ramp,2636,0.44183,12.525,1.3189,9930.9,True,True,False,4.0613,73.42,,False,,,,False,not run,,,,,,,,,,,,,,,,,,,,,,,,not run,,,,,,0,212.93,-25.808,97.125,112.69
253055632_2635.8300,253055632,2635.8,B,10572,7.5301,3485.7,1.5,11.589,1.0937,1.1,178.46,43.852,True,False,,ok,False,False,-20.233,75.496,ramp,2636,0.40446,12.4,1.3012,7198.1,True,True,False,3.6671,96.761,,False,,,,False,not run,,,,,,,,,,,,,,,,,,,,,,,,not run,,,,,,0,75.496,-20.233,22.204,29.087
450325122_2635.8300,450325122,2635.8,B,10575,7.5271,3336.3,2,11.89,0.81845,0.972,159.53,40.486,True,False,,ok,False,False,-10.284,1.4042,ramp,2636,0.07745,13.575,0.93479,4371.9,True,True,False,2.1934,592.85,,False,True,False,,False,not run,,,,,,,,,,,,,,,,,,,,,,,,not run,,,,,,0,1.4042,-10.284,-3.1497,3.8526
8865400_2621.4700,8865400,2621.5,B,10576,7.5235,7230,1,12.663,0.67763,0.749,142.9,35.446,True,False,,ok,False,False,-2.2087,-5.215,flare_decay,2621.5,0.071801,1.374,0.00058656,6245.7,False,False,False,1.9704,0.83074,,False,True,False,,False,not run,,,,,,,,,,,,,,,,,,,,,,,,not run,,,,,,0,-5.215,20.933,16.382,-2.2087
1044891_2610.0400,1044891,2610,B,10583,7.5002,2131.1,2,10.91,1.3143,1.2,154.37,28.508,True,False,,ok,False,False,-8.2798,14.157,ramp,2609.9,0.43006,12,1.3619,3719.2,True,True,False,4.3598,52.204,,False,,,,False,not run,,,,,,,,,,,,,,,,,,,,,,,,not run,,,,,,0,14.157,-8.2798,8.0809,10.838
95818878_2635.3800,95818878,2635.4,B,10586,7.495,5609,1,12.303,1.6865,1.21,161.54,20.883,True,False,,ok,False,False,3.9183,0.65884,flare_decay,2635.4,0.37473,1.9588,1.2728,6836.9,True,True,False,5.3646,0.11874,grazing,True,False,True,,True,not run,,,,,,,,,,,,,,,,,,,,,,,,not run,,,,,,0,0.65884,53.201,37.204,3.9183
156511630_2621.4400,156511630,2621.4,B,10587,7.4925,1286.7,2,9.9555,1.9387,1.22,221.24,74.892,True,False,,ok,False,False,-38.618,-14.35,ramp,2621.4,0.037935,0.29145,0.90785,1187.8,True,True,False,4.6422,,grazing,True,False,True,,True,not run,,,,,,,,,,,,,,,,,,,,,,,,not run,,,,,,0,-14.35,-38.618,-28.301,-23.714
8992503_2610.2100,8992503,2610.2,B,10590,7.4904,5039.2,2,12.39,0.78176,0.99,167.31,34.265,True,False,,ok,False,False,-27.732,17.884,ramp,2610.1,0.56807,11.575,1.4611,8627.3,True,True,False,3.0309,139.35,,False,True,False,,False,not run,,,,,,,,,,,,,,,,,,,,,,,,not run,,,,,,0,17.884,-27.732,1.7104,8.5137
82261993_2610.0600,82261993,2610.1,B,10597,7.4785,1834.9,1.5,9.9568,1.3227,1.399,159.93,28.349,True,False,,ok,False,False,-0.48055,53.904,ramp,2609.9,0.087647,10.9,0.99824,2627.1,True,True,False,3.1697,101.75,,False,True,False,,False,not run,,,,,,,,,,,,,,,,,,,,,,,,not run,,,,,,0,53.904,-0.48055,18.172,14.878
198313215_2635.8400,198313215,2635.8,B,10600,7.4778,2400.5,1,9.2873,0.9623,0.99,233.8,61.979,True,False,,ok,False,False,-17.588,14.848,ramp,2636,0.021556,7.1,5.8541e-05,563.21,False,True,False,2.4304,62.357,,False,True,False,,False,not run,,,,,,,,,,,,,,,,,,,,,,,,not run,,,,,,0,14.848,-17.588,-7.5864,-1.889
17194105_2610.3200,17194105,2610.3,B,10602,7.4768,1541,1,9.7832,1.262,1.2,145.53,36.749,True,False,,ok,False,False,-97.656,1.4366,ramp,2610.3,0.022969,5,3.4886e-15,639.45,False,True,False,2.9938,11.638,,False,True,False,,False,not run,,,,,,,,,,,,,,,,,,,,,,,,not run,,,,,,0,1.4366,-97.656,-64.548,-66.416
91968607_2635.8400,91968607,2635.8,B,10608,7.4707,3159.1,1,11.126,1.0806,1.15,144.39,23.024,True,False,,ok,False,False,-58.855,-10.111,ramp,2635.8,0.25534,0.25,1.2083,1651.3,True,True,False,3.1907,,grazing,True,False,False,,True,not run,,,,,,,,,,,,,,,,,,,,,,,,not run,,,,,,0,-10.111,-58.855,-46.85,-42.435
27071206_2627.4300,27071206,2627.4,B,10616,7.4591,2689.7,6,12.35,2.2677,1.53,152.41,19.094,True,False,,ok,False,False,-7.6322,-3.727,flare_decay,2627.3,0.07414,3.3812,0.88611,4704.4,False,False,False,5.2119,0.26232,,True,False,True,,True,not run,,,,,,,,,,,,,,,,,,,,,,,,not run,,,,,,0,-3.727,13.811,-0.28089,-7.6322
8966423_2635.3600,8966423,2635.4,B,10628,7.4421,3582.8,12,11.69,0.7564,0.815,167.08,32.088,True,False,,ok,True,True,52.548,114.95,ramp,2636,0.36144,41.147,1.2355,9550.7,True,True,False,2.7166,8693.1,,False,True,False,False,False,ok,False,False,,,True,0.89388,53.93,10.719,False,True,,0,,True,,True,False,False,False,False,,,,not run,,,,,,0,114.95,52.548,163.66,217.72
224295707_2610.4400,224295707,2610.4,B,10633,7.4372,3058.6,1.5,10.812,0.94636,1.009,184.7,55.183,True,False,,ok,False,False,-42.235,143.01,ramp,2610.3,0.45354,11.4,1.3471,7908.6,True,True,False,3.3798,96.026,,False,True,False,,False,not run,,,,,,,,,,,,,,,,,,,,,,,,not run,,,,,,0,143.01,-42.235,122.44,119.77
17994354_2614.4200,17994354,2614.4,B,10646,7.4221,5430.2,2,11.614,0.74873,0.886,171.3,37.835,True,False,,ok,False,False,-49.147,180.96,step,2614.6,0.06728,13.225,0.042198,5482.3,False,True,False,2.0499,671.54,,True,False,False,,True,not run,,,,,,,,,,,,,,,,,,,,,,,,not run,,,,,,0,180.96,73.707,-49.147,-43.916
88021436_2610.4800,88021436,2610.5,B,10651,7.4179,2562,1.5,11.267,1.3011,1.1,147.16,22.394,True,False,,ok,False,False,-1.0025,29.734,ramp,2610.4,0.9,12.15,1.8306,4843.5,True,True,False,5.9055,21.822,,False,True,False,,False,not run,,,,,,,,,,,,,,,,,,,,,,,,not run,,,,,,0,29.734,-1.0025,10.495,12.046
27034914_2627.4800,27034914,2627.5,B,10664,7.4046,7605,1,12.559,1.5758,1.1,151.21,19.113,True,False,,ok,True,True,16.431,-1.4005,flare_decay,2627.5,0.079145,1.3185,0.083667,7577.2,False,False,False,4.0602,0.10182,,False,True,False,,False,not run,,,,,,,,,,,,,,,,,,,,,,,,not run,,,,,,0,-1.4005,42.971,26.048,16.431
417920041_2610.4200,417920041,2610.4,B,10669,7.3972,2594.1,2,10.368,1.2366,1.068,185.93,64.46,True,False,,ok,False,False,-15.507,8.956,ramp,2610.2,0.39004,15.575,1.3395,2199.8,True,True,False,4.145,132.82,,False,,,,False,not run,,,,,,,,,,,,,,,,,,,,,,,,not run,,,,,,0,8.956,-15.507,-6.9726,-1.7716
26988616_2635.0000,26988616,2635,B,10674,7.3891,7100.4,1.5,12.855,0.86682,0.89,150.85,19.936,True,False,,ok,True,True,15.197,-3.7117,flare_decay,2635,0.085883,2.1918,0.74343,7482.9,False,False,False,2.4111,1.8599,,False,True,False,,False,not run,,,,,,,,,,,,,,,,,,,,,,,,not run,,,,,,0,-3.7117,47.532,21.723,15.197
160518870_2621.4600,160518870,2621.5,B,10678,7.3866,2242.7,1,9.143,1.4983,1.049,240,76.256,True,False,,ok,False,False,-28.032,13.665,ramp,2621.5,0.032753,4.3836,2.5274e-05,1300.2,False,True,False,3.7534,3.9481,,False,True,False,,False,not run,,,,,,,,,,,,,,,,,,,,,,,,not run,,,,,,0,13.665,-28.032,-18.071,-13.862
157982999_2635.3900,157982999,2635.4,B,10683,7.3793,2715,12,9.2702,0.69746,0.69,212.16,82.604,True,False,,ok,True,True,31.441,234.48,ramp,2636.5,0.35971,72.992,1.2648,5980.8,True,False,True,2.6445,52602,,False,,,,False,not run,,,,,,,,,,,,,,,,,,,,,,,,not run,,,,,,0,234.48,31.441,507.52,446.47
288469403_2611.3200,288469403,2611.3,B,10687,7.374,4925.3,2,12.457,1.667,1.22,270.88,78.323,True,False,,ok,False,False,4.2731,32.55,ramp,2611.2,0.13964,16.575,0.9135,13671,True,True,False,4.3825,135.46,,False,True,False,,False,not run,,,,,,,,,,,,,,,,,,,,,,,,not run,,,,,,0,32.55,4.2731,24.058,11.445
3959871_2610.0800,3959871,2610.1,B,10690,7.3731,2268.1,1.5,11.236,0.95484,0.983,152.09,27.001,True,False,,ok,False,False,-16.22,32.873,ramp,2610,0.06286,8.025,0.93412,3001.5,True,True,False,2.515,81.26,,False,True,False,,False,not run,,,,,,,,,,,,,,,,,,,,,,,,not run,,,,,,0,32.873,-16.22,-3.9121,-0.52398
160489724_2621.4600,160489724,2621.5,B,10693,7.3717,1990.3,1.5,9.6668,0.99361,1.105,238.33,77.913,True,False,,ok,False,False,-15.196,8.3133,ramp,2621.6,0.33277,11.851,1.2793,2265.6,True,True,False,3.1565,132.41,,False,True,False,,False,not run,,,,,,,,,,,,,,,,,,,,,,,,not run,,,,,,0,8.3133,-15.196,1.0203,7.3763
87959255_2611.3500,87959255,2611.3,B,10694,7.3685,1839.5,1,10.421,1.2032,1.253,146.4,20.308,True,False,,ok,False,False,-4.4561,-1.62,flare_decay,2611.3,0.87958,2.2809,1.842,1761.4,True,True,False,5.1717,0.10112,grazing,False,True,False,,False,not run,,,,,,,,,,,,,,,,,,,,,,,,not run,,,,,,0,-1.62,30.815,0.77175,-4.4561
166646294_2635.8300,166646294,2635.8,B,10696,7.3674,4245,1.5,11.752,1.7989,1.35,165.81,35.344,True,False,,ok,False,False,-21.985,47.697,ramp,2636,0.43152,11.775,1.3271,7513.8,True,True,False,5.7456,21.552,,False,True,False,,False,not run,,,,,,,,,,,,,,,,,,,,,,,,not run,,,,,,0,47.697,-21.985,27.898,42.789
8115668_2610.9000,8115668,2610.9,B,10698,7.3633,2630.9,8,12.579,1.4344,1.32,154.31,39.891,True,False,,ok,False,False,-80.007,-43.348,flare_decay,2611,0.041929,17.836,0.28605,2094,False,True,False,3.3575,375.14,,True,False,True,,True,not run,,,,,,,,,,,,,,,,,,,,,,,,not run,,,,,,0,-43.348,27.237,-56.724,-80.007
329153618_2635.8100,329153618,2635.8,B,10702,7.3549,2486.8,2,10.742,0.79915,0.805,268.31,77.061,True,False,,ok,False,False,-17.252,14.877,ramp,2636,0.34186,16.575,1.2768,3158.7,True,True,False,2.8406,497.01,,False,,,,False,not run,,,,,,,,,,,,,,,,,,,,,,,,not run,,,,,,0,14.877,-17.252,0.078757,6.9192
264298314_2627.1800,264298314,2627.2,B,10704,7.3499,1506,4,10.906,2.4113,1.5,296.07,71.517,True,False,,ok,False,False,-11.748,-7.5146,ramp,2626.9,0.36786,23.15,1.3128,2474.9,True,True,False,7.1087,86.685,,False,,,,False,not run,,,,,,,,,,,,,,,,,,,,,,,,not run,,,,,,0,-7.5146,-11.748,-10.04,-5.2287
26957347_2613.4500,26957347,2613.4,B,10710,7.3367,3368.6,2,11.475,1.5698,1.38,149.65,21.343,True,False,,ok,True,True,14.9,-2.6996,flare_decay,2613.4,0.053994,1.9549,0.00067678,3532.8,False,False,False,3.6626,0.15456,,False,True,False,,False,not run,,,,,,,,,,,,,,,,,,,,,,,,not run,,,,,,0,-2.6996,62.744,19.36,14.9
349793598_2616.3700,349793598,2616.4,B,10712,7.3365,1287.9,1,9.5653,1.5032,1.04,143.44,25.389,True,False,,ok,False,False,-13.269,-2.9997,flare_decay,2616.4,0.034239,1.2544,4.5343e-05,1420.8,False,False,False,3.782,0.10107,,False,True,False,,False,not run,,,,,,,,,,,,,,,,,,,,,,,,not run,,,,,,0,-2.9997,105.33,67.793,-13.269
165302702_2635.8300,165302702,2635.8,B,10714,7.3352,1601.2,2,10.191,1.6773,0.97,157.64,24.099,True,False,,ok,False,False,-27.653,49.155,ramp,2636,0.32516,10.825,1.2616,2979.3,True,True,False,5.5365,18.704,,False,,,,False,not run,,,,,,,,,,,,,,,,,,,,,,,,not run,,,,,,0,49.155,-27.653,4.1339,5.6192
105439444_2635.8300,105439444,2635.8,B,10715,7.333,2108.9,1.5,10.164,1.3607,1.074,142.24,43.753,True,False,,ok,False,False,-7.5883,68.435,ramp,2635.9,0.067577,12.15,0.93833,3361.9,True,True,False,3.4958,105.05,,False,True,False,,False,not run,,,,,,,,,,,,,,,,,,,,,,,,not run,,,,,,0,68.435,-7.5883,0.066375,2.8054
252802330_2635.8300,252802330,2635.8,B,10720,7.3243,3654.2,2,12.085,3.6903,1.65,166.35,44.061,True,False,,ok,False,False,-20.923,67.749,ramp,2636,0.84337,12,1.7256,11421,True,True,False,14.265,1.1379,grazing,False,True,False,,False,not run,,,,,,,,,,,,,,,,,,,,,,,,not run,,,,,,0,67.749,-20.923,63.195,80.852
417920310_2635.8300,417920310,2635.8,B,10724,7.3216,3913.4,1.5,11.69,1.5156,1.17,185.98,62.841,True,False,,ok,False,False,-19.052,66.928,ramp,2636,0.9,11.65,1.8115,7232.8,True,True,False,6.7413,12.928,,False,True,False,,False,not run,,,,,,,,,,,,,,,,,,,,,,,,not run,,,,,,0,66.928,-19.052,15.236,25.386
55762408_2614.3700,55762408,2614.4,B,10726,7.32,3031,1,7.3219,1.2142,1.12,182.03,55.464,True,False,,ok,False,False,-8.304,-4.1943,ramp,2614.4,0.064614,0.45447,0.62594,4548.2,False,False,False,3.0674,,,True,False,False,,True,not run,,,,,,,,,,,,,,,,,,,,,,,,not run,,,,,,0,-4.1943,-8.304,-6.7372,-1.4347
39077010_2620.0200,39077010,2620,B,10742,7.2942,1806.5,3,10.583,1.2603,1.06,151.27,36.936,True,False,,ok,True,True,35.2,2.0341,flare_decay,2620,0.051654,2.0638,0.8889,2284.1,False,False,False,3.2033,0.61251,,False,True,False,,False,not run,,,,,,,,,,,,,,,,,,,,,,,,not run,,,,,,0,2.0341,89.384,61.527,35.2
66682004_2626.5500,66682004,2626.6,B,10746,7.2927,4206.7,1,9.7227,0.84032,0.83,154.94,57.861,True,False,,ok,False,False,-22.819,-4.7518,ramp,2626.5,0.01828,1.4744,0.35929,393.73,False,False,False,2.2435,0.6831,,False,True,False,,False,not run,,,,,,,,,,,,,,,,,,,,,,,,not run,,,,,,0,-4.7518,-22.819,-21.122,-16.79
172533879_2627.2000,172533879,2627.2,B,10747,7.2919,1918.5,1,10.216,0.93919,0.65,143.18,24.203,True,False,,ok,False,False,-5.3661,-0.33527,step,2627.2,0.047893,2.0034,0.88342,1985.1,False,False,False,2.7996,0.88029,,True,False,True,,True,not run,,,,,,,,,,,,,,,,,,,,,,,,not run,,,,,,0,-0.33527,114.96,-5.3661,14.625
371490157_2610.1400,371490157,2610.1,B,10761,7.2587,5577.9,1.5,12.608,0.86197,1,139.91,38.167,True,False,,ok,False,False,-27.089,78.983,ramp,2610,0.40927,11.456,1.2476,15146,True,True,False,2.9934,140.22,,False,,,,False,not run,,,,,,,,,,,,,,,,,,,,,,,,not run,,,,,,0,78.983,-27.089,22.435,25.936
318252407_2627.4900,318252407,2627.5,B,10762,7.2587,1038.2,24,12.643,1.2026,1.25,163.49,51.713,True,False,,ok,False,False,-2.3075,-4.9226,flare_decay,2627.6,0.36133,19.796,1.3107,2142.4,True,True,False,3.7455,369.54,,True,False,True,,True,not run,,,,,,,,,,,,,,,,,,,,,,,,not run,,,,,,0,-4.9226,25.571,0.026661,-2.3075
149453821_2611.0500,149453821,2611.1,B,10771,7.2494,3420.9,2,12.177,2.7455,1.33,141.42,25.636,True,False,,ok,False,False,5.1549,-2.7633,flare_decay,2611.1,0.052909,2.9583,6.4798e-05,3392.2,False,False,False,6.4836,0.23414,,True,False,True,,True,not run,,,,,,,,,,,,,,,,,,,,,,,,not run,,,,,,0,-2.7633,25.347,13.287,5.1549
149468227_2627.2900,149468227,2627.3,B,10775,7.2453,2526,1,10.176,0.88264,0.914,141.55,28.645,True,False,,ok,False,False,-1.9705,-2.274,step,2627.3,0.35587,2.4473,1.2997,2519.9,True,True,False,3.0388,1.285,grazing,True,False,True,,True,not run,,,,,,,,,,,,,,,,,,,,,,,,not run,,,,,,0,-2.274,44.749,-1.9705,0.85527
4990968_2610.1300,4990968,2610.1,B,10779,7.2404,5733.9,1,12.433,0.88027,1,149.51,32.487,True,False,,ok,False,False,-103.75,-9.7491,ramp,2610.1,0.041144,0.76519,0.11238,2046.4,False,False,False,2.2582,0.061246,,True,False,True,,True,not run,,,,,,,,,,,,,,,,,,,,,,,,not run,,,,,,0,-9.7491,-103.75,-68.09,-62.522
160410396_2611.6300,160410396,2611.6,B,10798,7.2108,581.29,24,10.739,1.1308,1.19,234.08,76.037,True,False,,ok,False,False,0.93361,81.634,ramp,2610.3,0.41425,93.6,1.3456,3709.4,True,False,True,3.7193,39894,,False,,,,False,not run,,,,,,,,,,,,,,,,,,,,,,,,not run,,,,,,0,81.634,0.93361,116.29,111.76
232980528_2635.8500,232980528,2635.8,B,10799,7.2088,8641.7,1,12.482,0.53656,0.53301,218.89,62.635,True,False,,ok,False,False,-66.425,-3.6375,ramp,2635.9,0.053813,1.6451,0.0016716,3509,False,False,False,1.7182,2.1854,,False,True,False,,False,not run,,,,,,,,,,,,,,,,,,,,,,,,not run,,,,,,0,-3.6375,-66.425,-49.676,-42.486
173004991_2635.8400,173004991,2635.8,B,10802,7.2057,6445.7,1,12.422,1.6202,1.05,150.92,34.198,True,False,,ok,False,False,-196.32,16.618,ramp,2635.9,0.063859,5.0167,2.9045e-05,4941,False,True,False,4.18,4.2834,,False,True,False,,False,not run,,,,,,,,,,,,,,,,,,,,,,,,not run,,,,,,0,16.618,-196.32,-107.48,-97.809
8865384_2635.8400,8865384,2635.8,B,10806,7.193,8560.4,1,10.479,1.6563,1.07,143.02,35.535,True,False,,ok,False,False,-425.18,1742.7,ramp,2635.9,0.9,7.8498,1.7706,13596,True,True,False,7.5925,2.7222,,False,True,False,,False,not run,,,,,,,,,,,,,,,,,,,,,,,,not run,,,,,,0,1742.7,-425.18,479.61,568.35
353968330_2635.8500,353968330,2635.8,B,10807,7.1918,4150.5,1,11.806,0.77769,0.88,157.85,37.065,True,False,,ok,False,False,-16.271,37.667,ramp,2635.9,0.072881,6.0999,0.9071,4344.3,True,True,False,2.1453,57.489,,False,True,False,,False,not run,,,,,,,,,,,,,,,,,,,,,,,,not run,,,,,,0,37.667,-16.271,-3.5257,3.8586
233008894_2635.8300,233008894,2635.8,B,10808,7.1886,4622.5,1,10.592,0.99411,1.043,248.29,72.205,True,False,,ok,False,False,-34.453,32.04,ramp,2635.9,0.050608,6.9595,0.94586,1878.3,True,True,False,2.5376,51.589,,False,True,False,,False,not run,,,,,,,,,,,,,,,,,,,,,,,,not run,,,,,,0,32.04,-34.453,-14.735,-10.496
165280578_2631.5600,165280578,2631.6,B,10816,7.182,4320.6,1.5,12.323,1.3645,1,156.4,26.642,True,False,,ok,False,False,6.6305,-5.3571,flare_decay,2631.6,0.062549,1.6782,0.00012736,4740.4,False,False,False,3.5731,0.13161,,False,True,False,,False,not run,,,,,,,,,,,,,,,,,,,,,,,,not run,,,,,,0,-5.3571,42.011,10.416,6.6305
8865379_2635.8400,8865379,2635.8,B,10823,7.1726,8984.5,1,12.977,1.2685,1.01,143,35.553,True,False,,ok,False,False,-46.215,7.4507,ramp,2635.9,0.066052,5.2291,0.0013481,5286.1,False,True,False,3.3215,9.7429,,False,True,False,,False,not run,,,,,,,,,,,,,,,,,,,,,,,,not run,,,,,,0,7.4507,-46.215,-27.722,-24.915
149469597_2626.6900,149469597,2626.7,B,10846,7.1244,5065.2,1,11.957,0.74383,0.98,141.62,26.095,True,False,,ok,False,False,-3.5197,4.7787,flare_decay,2626.7,0.37783,2.6229,1.2899,5388,True,True,False,2.5424,2.7352,,True,False,True,,True,not run,,,,,,,,,,,,,,,,,,,,,,,,not run,,,,,,0,4.7787,32.991,27.413,-3.5197
10152455_2635.8300,10152455,2635.8,B,10854,7.1069,2521.9,1.5,9.8302,1.7074,1.293,175.09,40.849,True,False,,ok,False,False,-79.037,171.22,ramp,2636,0.36565,11.775,1.2938,3818.1,True,True,False,5.277,27.819,,False,True,False,,False,not run,,,,,,,,,,,,,,,,,,,,,,,,not run,,,,,,0,171.22,-79.037,79.236,89.778
233431995_2627.1000,233431995,2627.1,B,10857,7.1037,3070.6,1.5,11.912,0.96502,0.877,145.77,27.757,True,False,,ok,False,False,8.6434,-3.166,flare_decay,2627.1,0.10656,2.2064,1.0018,3784,True,True,False,2.749,1.2663,grazing,True,False,True,,True,not run,,,,,,,,,,,,,,,,,,,,,,,,not run,,,,,,0,-3.166,21.909,24.752,8.6434
103687163_2611.3300,103687163,2611.3,B,10902,7.0179,25754,2,12.887,2.0657,1.07,154.1,66.03,True,False,,ok,True,True,41.029,66.838,step,2611.3,0.16295,9.939,0.78628,25586,False,True,False,5.7919,12.62,,False,True,False,False,False,ok,False,False,0.1584,0.033393,True,,,-11.83,True,True,,0,1.1116,True,,True,False,False,False,False,,,,not run,,,,,,0,66.838,399.04,41.029,72.034
269701147_2612.0300,269701147,2612,,5863,14.638,842.16,4,8.2929,0.92044,0.95,302.02,66.851,False,True,1339.02,ok,True,False,22.339,-51.348,flare_decay,2612.1,0.025322,10.013,2.1629e-05,777.17,False,True,False,2.3655,189.68,,True,False,True,True,True,ok,True,True,1.1728,1.1323,True,0.21004,2.514,12.057,False,True,,0,17.167,True,,True,True,True,True,False,1339.01;1339.02;1339.03,CP;CP;CP,,ok,True,7.0944e-07,6.3107e-30,23.84,189.68,0,-51.348,191.92,48.33,22.339
142276270_2612.4500,142276270,2612.4,,8543,9.7682,2764.2,1.5,8.9361,0.97773,1.03,192.18,64.855,False,True,1136.01,ok,True,True,208.85,22.99,flare_decay,2612.5,0.045074,4.3446,0.57816,2259.3,False,True,False,2.493,13.227,,True,False,True,True,True,ok,True,True,2.2523,0.97668,True,0.1703,2.6075,14.158,False,True,,0,22.001,True,,True,True,False,False,False,1136.01;1136.02;1136.03;1136.04,CP;CP;CP;CP,142276270.04;142276270.05;142276270.06,ok,True,0.42186,0,23.519,35.279,0,22.99,675.73,399.43,208.85
270494650_2610.8500,270494650,2610.8,,8686,9.5975,2080.4,4,11.652,1.0641,1,231.26,72.471,False,True,7357.01,ok,False,False,9.0402,-2.9994,flare_decay,2610.8,0.049995,6.1811,0.71771,2589.1,False,True,False,2.7531,28.299,,True,False,True,True,True,ok,True,True,1.0873,0.98767,True,0.21951,1.7971,12.08,False,True,,0,10.435,True,,True,True,False,False,False,7357.01,PC,,ok,True,0.066383,0,25.157,37.736,0,-2.9994,37.118,12.855,9.0402
288636342_2618.6400,288636342,2618.6,,10531,7.5828,1176.4,6,10.741,1.458,1.357,279.46,78.611,False,True,1692.01,ok,True,True,26.559,-3.9907,flare_decay,2618.6,0.037412,9.2535,0.87467,1231.6,False,True,False,3.3668,51.944,,True,False,True,True,True,ok,True,True,0.9779,0.7811,True,0.12176,0.815,7.8881,False,True,,0,7.4152,True,,True,True,False,False,False,1692.01;1692.02,PC;PC,288636342.02,ok,True,0.031497,0.00027085,17.37,51.944,0,-3.9907,73.83,27.312,26.559
